,Background...Insectivore.Rho,Background...Insectivore.P,Background...Insectivore.p.adj
ARF5,-0.374105840161421,0.708325573849646,0.888435287977165
M6PR,-0.787077736081577,0.431236361575327,0.731489353314467
FKBP4,-0.520329230209088,0.602834126213746,0.838957529990437
CYP26B1,0.913019163875542,0.361232462657607,0.67596901137227
NDUFAF7,1.14976854174865,0.250239215259368,0.575374932565104
FUCA2,0.183625814975281,0.85430701004762,0.950008289901106
DBNDD1,-1.63344225240592,0.102376016724938,0.376369438669659
HS3ST1,0.0272989264998103,0.978221313079748,0.993508098558048
SEMA3F,1.02470827862229,0.305500855640814,0.631072402437464
CFTR,0,1,1
CYP51A1,-2.32679433369726,0.0199762141426659,0.165119248966169
USP28,-1.83952523241947,0.0658379701192051,0.30221856551954
SLC7A2,-0.0504480494254762,0.959765347200928,0.986420424372573
HSPB6,0.804357902901861,0.421190306010027,0.72328357560298
PDK4,-0.326367817723537,0.744146083374376,0.904973449141284
USH1C,-0.12523732536461,0.900335668481612,0.968196502322227
RALA,-0.108767067571806,0.913387245079726,0.971935125256526
BAIAP2L1,-1.05066335267211,0.29341323309933,0.619908119826256
CACNG3,-3.08452652884397,0.00203876426794608,0.0496297795019535
TMEM132A,-0.416305073389199,0.6771867806011,0.874414126245777
DVL2,1.71540451889077,0.0862710874846504,0.34476530005885
RPAP3,0.51261052593526,0.608223788726572,0.842551866632681
HOXA11,-0.695359481509246,0.486830046366865,0.771286112946977
TRAPPC6A,-0.167820125611967,0.866724789097016,0.954527932224048
SPATA20,1.5201473105245,0.128473956335581,0.416775079381297
CD79B,0.148998818935156,0.881554564915418,0.961065236932608
RHBDD2,2.35780041227757,0.0183835739785877,0.158499654584536
RPUSD1,-1.98821313067575,0.0467881233771576,0.255780334509392
TSR3,1.97801340940849,0.0479271939378582,0.259718559778852
NDUFAB1,1.55874142017877,0.119057594052389,0.402292765273249
YBX2,-1.19942538326764,0.23036258250223,0.555151219116658
ITGA3,-1.74573819194764,0.0808564554109026,0.333092600786304
KRT33A,-0.073877008487216,0.941108250415725,0.978600438220971
LRRC23,1.15667533504964,0.247405030459848,0.571905130717245
TFAP2D,-0.925836632717182,0.35453088645829,0.671801629483566
CRY1,0.667602081252417,0.504387628839486,0.780590507250213
PGLYRP1,-0.376477188585271,0.70656217108011,0.887832840227308
STARD3NL,-0.781298943904344,0.434626691129424,0.73406940049149
CD74,0.753011094827648,0.451443246960427,0.745764736035626
RPS20,-1.69786266604152,0.0895336850481731,0.352157706871504
MGST1,1.20419665760917,0.228513577549151,0.55274982517448
CPA1,1.02059291188332,0.307447349069947,0.632734139293394
SYPL1,-0.0683155166146283,0.945534472513053,0.980498257626772
RANBP9,1.30674632047941,0.191298881447522,0.508321896620146
CD4,-0.519004996494357,0.603757256963914,0.839928318453747
PLEKHG6,-1.92945967254953,0.0536738218626651,0.272306472191751
QPCTL,1.38677227022818,0.165511215244688,0.470744216160931
PPP5C,0.64626432813228,0.518108185530721,0.789435568647062
UBR7,-0.0855020009155793,0.931862304797968,0.976177871349043
MAP4K5,0.762303160891126,0.445879087806757,0.741803791705495
ERCC1,2.33134353975127,0.0197352521028976,0.164432478044312
GPRC5A,0.568101103629042,0.569966318430525,0.821445080464319
HEBP1,-0.469573816707001,0.638659534984126,0.858092871564796
COX15,0.459866548415232,0.645612012396797,0.86037936707424
MS4A12,-0.912987626189544,0.361249049408858,0.67596901137227
XYLT2,-0.838708598048433,0.401632852279528,0.708768948120531
FTSJ1,3.07234368907775,0.00212385034137046,0.0507945608241323
SCTR,-0.773091581172743,0.439468183157264,0.736904522916742
RALBP1,3.26317572735498,0.00110171183554922,0.0360067352436856
SYT13,-0.451719312933862,0.651471203302433,0.8630863845811
SNAI2,-0.337027586200212,0.736096104633504,0.901029284619109
SLC7A9,1.7949149290329,0.0726672549747856,0.316318625733367
RTF2,-0.0574566263582297,0.954181456149712,0.984176087987953
RB1CC1,-0.346445087174148,0.729008245879458,0.897568906757322
AKAP11,0.115056120961918,0.908400639256935,0.970665672585868
B4GALT7,0.081248195075202,0.935244572049976,0.977346067906343
FAM13B,3.25264812836335,0.001143349849285,0.0367390408474189
CHPF2,0.0759637532200642,0.939447935582667,0.978191789545798
GABARAPL2,-1.64533159414053,0.0999014478447504,0.371570116593749
MYOC,0.218324956619515,0.827175930867086,0.937928972607527
FAM136A,1.03940349424164,0.298617119627203,0.624875405633531
NSMAF,-0.951659810537821,0.341269537785159,0.662241572352062
OTC,1.25020479633142,0.211224745183895,0.534542060060227
TTC17,0.0902357613683493,0.928099866769465,0.975498759076853
HOXC8,0.0284095494863564,0.977335507887855,0.992962987144831
MRI1,1.78622071925263,0.07406352762132,0.319705917234082
TARBP1,2.57557044503181,0.0100074885515047,0.114961999951339
RTN4R,-1.01710075828521,0.309105499616579,0.633862475458872
PSMA4,0.89984433105479,0.368203098917027,0.683329978285561
ZPBP,-1.06226499893387,0.288115399255374,0.61391645938351
LCP2,0.626741728948373,0.530828545729135,0.796925433665074
DCN,-1.40274224674771,0.160693714480527,0.463879682638443
TNFRSF17,0.440273638502153,0.659738931160596,0.867151178655701
MRPS10,1.2965727342724,0.194778238956837,0.513192534988844
GRN,1.42780518353924,0.153347940449833,0.452341540810071
THAP3,0.352054168049989,0.724797639314446,0.895055763163688
VAMP3,-0.789879132356719,0.429598359314576,0.73043036477935
RCN1,-0.23125499410014,0.81711670853916,0.934498322776494
RFC2,2.49007871460323,0.0127714806259301,0.13035889072957
PPP1R3F,2.53281196966702,0.0113151631453778,0.122459801341161
NFE2L3,3.79459608970376,0.000147884002072972,0.0126698090886048
CBLN4,-1.91198188388202,0.0558785177420667,0.277245136847088
CLDN11,-0.896061596565576,0.370219866306286,0.68516471134754
FAM168A,-0.43227819340819,0.665539234230204,0.869556990386133
RELT,-0.624671576573017,0.532186631717377,0.797792470399807
PKP2,-0.683835847390966,0.494078827558726,0.775643943428513
YIPF1,2.05013407136946,0.0403513493837224,0.236519047903616
ADCK2,0.858892585517264,0.390399780436074,0.70069649441793
INPP4A,-0.117498947271158,0.906464678222075,0.970403934304313
SLC2A3,0.00529493485231644,0.995775272971866,0.998300432929303
STYK1,0.454576729981216,0.649413778923971,0.861755869224612
GNA11,1.58631916339514,0.112666927336128,0.392816524038872
CREB3L3,2.4782291151849,0.0132036328537567,0.132354783504355
HDAC7,0.79639789807571,0.425800799564043,0.727731459313957
MRPS35,2.47250843892835,0.0134168545926559,0.133256002507573
APPBP2,1.80500046967492,0.0710746085366781,0.312708891982679
CA11,0.516034424522805,0.605830366289771,0.841218228634232
ISOC2,0.294742029707802,0.768190953574276,0.914752216168486
CD22,1.66884097630875,0.0951488995527665,0.362375120500656
GSC2,0.918773697748536,0.358213952655663,0.674186290514155
KCNQ1,-1.234152110782,0.217146228524373,0.542350301973486
TRIB2,-1.62401818127624,0.10437192830513,0.379213956733441
OTUD5,0.583822358379773,0.559339834063831,0.814476268769411
GPKOW,2.09404145809084,0.0362562872827853,0.225227079683956
AQR,-0.564082633413148,0.572697896460693,0.822365361776344
LMCD1,-0.117616147933059,0.906371809557791,0.970403934304313
PSMC4,0.0540198959504026,0.956919312708495,0.984869206914216
FNDC8,-0.464346248447645,0.642399694010567,0.859677013279956
ACAP1,0.378437869228902,0.705105340708979,0.887690824471088
DERL2,-1.3473244848429,0.177875749677153,0.490338099747785
NOX3,1.60057439793702,0.109471216545267,0.388233478409036
ANO8,1.24720368109521,0.21232282351938,0.535862418936787
ICAM3,1.68302270693678,0.0923706957732041,0.357130516246042
CTTNBP2,-0.330324409927841,0.741154850663041,0.903174382907929
ACTL6B,0.404107628121833,0.686133575817705,0.878409219684795
KIF22,1.02781618050675,0.30403630355806,0.629711786911909
PRSS22,1.06393117465541,0.287359879308471,0.613791842514178
YTHDC2,-2.53513784756044,0.0112403084914348,0.122360080817775
TMEM161A,2.33248400230782,0.0196752435451872,0.164432478044312
FOXJ2,2.03073981459694,0.0422813952045066,0.242850307117275
GOLGA5,0.977097431311843,0.328520919330895,0.65074707919882
PPP2R5B,-0.0969753084629902,0.922746003004432,0.974300164637596
PYGM,-1.74384532599957,0.0811860644247876,0.333221510765744
BCL3,2.51711624680782,0.0118319784027962,0.125299695228781
PRLH,-0.957874202312522,0.338126196483757,0.659053520660049
FSTL3,0.756691862135246,0.449234491393226,0.744135160642542
EPHA8,0.561720417731158,0.574306520937635,0.823435152399657
TRIP13,-0.614783757797436,0.538697537087517,0.799927352125469
VASH1,-0.393658520282855,0.693833169576962,0.881927685513878
KRT14,-2.05556544967558,0.0398244209494985,0.234988729221122
KRT20,-3.08067786918824,0.00206529956899155,0.0501144322062635
HSD17B10,2.01280147617218,0.044135518571232,0.247718524493564
FGF4,0.849218717038071,0.395759600173924,0.70446599596081
ST6GAL1,1.21789185544278,0.223265071643971,0.548359957012757
TIMM21,1.15735718009449,0.247126460907077,0.57187485588078
BPIFB2,2.36398360741331,0.018079612547657,0.156880321084032
REXO1,-0.486969325205957,0.626280069186711,0.851768219621363
MKRN2,1.46065374445388,0.144110489061268,0.438088319053656
GPATCH1,0.194843404589564,0.84551554147472,0.946160468265511
KEAP1,1.64171699161995,0.10064866862589,0.373492277874784
P2RY10,-1.01543539474674,0.30989832814716,0.634876390411694
TNS1,-0.3194877861291,0.749356651746051,0.906374298048783
NGFR,0.767594602769895,0.442728069908098,0.739888574609791
NTN1,0.343862659482469,0.730949574756453,0.898672036723105
ISOC1,1.40715915192355,0.159380201162277,0.462085371805712
MNT,-0.0977551656112397,0.922126709457963,0.974300164637596
AP3M2,0.671626843617976,0.501821284679336,0.778990239992392
LAPTM4A,-0.343340939565626,0.731341985232674,0.898738351095923
PTPN18,0.633557782017074,0.526369460236621,0.793877952145239
STK10,1.30221339561225,0.192843447185719,0.510751541737469
TBX21,1.46275611187617,0.143534126136015,0.437156078643118
MRPS34,0.575300858975096,0.565087840688209,0.818178544860668
MAP2K5,-0.0708600352653475,0.943509150622053,0.979526024622613
TIGAR,0.403367814480529,0.686677660484847,0.878620003062747
FGF20,1.75982047446085,0.078438250428086,0.328104671274541
MTMR7,-1.00400437346422,0.315376505558012,0.639769951443119
CPB2,0.0747203222080079,0.940437238088078,0.978400267694593
FAM107B,1.59818320973558,0.110002209321069,0.388890542984001
CDK13,0.828679457471709,0.407285812927255,0.712464465976461
TSPAN32,1.35664859242162,0.174892894052857,0.485916852880145
TRAM2,2.90483723890131,0.00367444121763219,0.0683800432796788
CLDN18,-1.04484813213808,0.296093165170313,0.622165160113729
NDUFB4,2.97043226159855,0.00297380980690577,0.0608548776545219
HEATR6,3.59147056974114,0.000328817313169371,0.0189672591785136
ERLEC1,0.920878612523612,0.357113805971098,0.673531691948525
TMEM131,-1.17690551962413,0.239233218763888,0.564937535393918
TMEM38A,0.689725541800479,0.490366800383253,0.772965815286507
ACTR6,-1.50736473656082,0.131717192425323,0.420856292533425
FAP,0.00954254193991487,0.992386268666701,0.997062606750959
DMRT3,-0.238929398257158,0.811160329129947,0.932158651178115
GAL3ST2,0.383469540173995,0.701371650757561,0.886046353804356
UHRF1BP1,1.50578134835439,0.132123312910997,0.421237734082052
OSTM1,0.298829364350155,0.765070244577609,0.91365384177105
SLC13A1,-1.1908300060862,0.233720326718477,0.559086891348847
HSPB11,1.57298904383859,0.115721355142956,0.396286728687731
STRADB,1.97774782009911,0.0479571626514963,0.259718559778852
DLG3,-1.82658769664395,0.0677617846348747,0.305917669141775
PLOD1,-1.0139160325274,0.310622820481819,0.635520927713145
OXCT1,1.59321111909906,0.111112837656033,0.390516365777936
FAM234B,0.288359824930706,0.773071317230601,0.915997366890178
RRN3,3.90260347019288,9.51635356124725e-05,0.00976269461229473
MOGAT2,-0.375293047689768,0.707442536080027,0.887877357129009
CHERP,0.245637906981771,0.805962542547872,0.929825260676463
AQP2,0.907979613876414,0.363888992472045,0.678566070706026
DIMT1,-1.29799394725079,0.194289414877974,0.512492503647638
EIF2AK1,0.861480954632688,0.388973206205376,0.699438067481323
NME8,1.49624700879001,0.13458929855604,0.424140554126009
EPDR1,-0.24602534143664,0.805662615661305,0.929825260676463
HBQ1,-0.292880110398525,0.769613792167176,0.914766441096851
RBM22,-0.690932631828587,0.489607878161003,0.772440538944102
HSD17B2,0.775284623111278,0.438171493562175,0.736178467893311
ZW10,-0.545079093437854,0.585699120856431,0.829728152174906
ITGB4,-2.9463449042245,0.00321553630858989,0.0638469226809499
TRIP6,0.459121392259377,0.6461469954533,0.860562298167274
ADAM11,-0.264146687333402,0.791666889729018,0.924971427637689
SLC22A4,0.91898204923037,0.358104961488477,0.674160664432838
TFAP2C,0.227062848034656,0.820374872512237,0.93564249717431
SULT2B1,1.31586815875701,0.188218297559977,0.504186148595219
EPS8L1,0.760042175883621,0.447229374863638,0.742672546935965
REM1,0.0855695062269223,0.931808640027332,0.976177871349043
PDRG1,0.979197036398558,0.327482632676455,0.649952980660299
PPP1R13B,-1.6835602856356,0.0922666793601622,0.357130516246042
TGM6,1.06762655230492,0.285689001392507,0.612692911295469
RALGAPA2,-0.785045884710291,0.432426666340752,0.732315646148871
RPL6,0.539254907389522,0.589710978459673,0.832221950170474
ESF1,-0.028735019875503,0.977075926070242,0.992962987144831
SLC8B1,1.22739950442758,0.21967247258352,0.545111927144256
SIRT4,-0.440473856348787,0.659593943283277,0.867030916120237
TRMT6,0.386320084946627,0.69925962729514,0.885113907023953
HAUS5,2.21309160221786,0.0268913309612029,0.192170229612702
UQCRC1,1.62514781237732,0.10413106726339,0.379213956733441
GMIP,1.51873876199182,0.128828265624446,0.417118386763173
LAG3,0.983788943148357,0.32521929692258,0.648232931253719
OTUB2,-0.401142655425458,0.688315097519875,0.879251090036801
TFAP4,0.078109745679831,0.937740754950332,0.9776702834624
PDCD7,-0.844139463923079,0.398591477415651,0.706944879902647
SPG21,-0.441178761154131,0.659083587815156,0.866852148238872
CHRD,3.97583532863981,7.01326440011038e-05,0.0085986272722409
GNPTG,0.0771131280513449,0.938533549424501,0.977679325361294
EFNB1,-1.77741951185482,0.0754992428196946,0.322453473645487
GLG1,2.35954661644439,0.0182972818385229,0.158092026290308
DLL3,-0.354706122181939,0.722809763966633,0.894705403448028
NAT14,-1.80264528692856,0.0714439399141061,0.313490747717311
AASDH,2.74511451401306,0.00604897861293169,0.0886508990388877
DLD,0.00800501805079421,0.993612987902019,0.997563419999537
ABCC6,2.13221141828824,0.0329894702119425,0.215095061410047
CMTM6,-1.68311903956377,0.0923520493949266,0.357130516246042
APOH,-0.250543990067214,0.802166690030114,0.92893619194814
SPAG7,0.239379058814789,0.81081166668467,0.931890115953472
RGS17,-0.183214885446417,0.854629415159205,0.950063611306272
CCDC80,0.521340493360973,0.602129597129836,0.83826493514365
HAUS4,-1.5047292674987,0.132393695292282,0.421582708407153
CEBPE,-1.04748425503219,0.294876290216244,0.621114038631705
OSGEP,0.860375596901425,0.389582033224449,0.699926310855142
TGM1,-1.94892548696533,0.0513043238624575,0.268099786514171
TEKT2,2.53654137170393,0.0111953513587752,0.122334545149015
XYLB,-0.50776378502871,0.6116190100761,0.844152974652886
ADH7,0.563654251291055,0.572989457808106,0.822628787871355
KRT23,-1.1497691654051,0.250238958324121,0.575374932565104
CDC6,1.9661807977058,0.0492777297776667,0.262140702975451
AAAS,0.21812412761598,0.827332398862617,0.938012910415313
CBX5,-0.285373447261748,0.775358048132516,0.917382012491344
KLHL20,-1.56472420041419,0.117647591534193,0.399863663488725
FMO2,2.10480205570311,0.0353085421649599,0.221816175699684
RAB26,1.33816692699645,0.180842027682837,0.494910226765098
PSMD5,-0.208422564100957,0.834899039559391,0.942335389751283
NANS,-1.43429711501442,0.151487493255423,0.450004377587638
SEMA4G,2.10798806514378,0.0350320217976732,0.221093050259879
MAPK13,0.748494284775935,0.454162071085043,0.748051937494956
TMEM14A,0.208720938728603,0.834666093390335,0.942138071571305
PRRT1,-0.719911009769203,0.471579788823236,0.762086092094625
ZNF184,0.984325642594322,0.32495542535033,0.648232931253719
VCL,-0.865398122949003,0.386820310898513,0.697911717843156
SIRT1,0.439063665920031,0.660615405401382,0.867459098035565
TGFBR3,0.692813451085581,0.488426629726324,0.772023998897636
TMED1,0.812994056106041,0.416221466048411,0.719707034689427
OCEL1,2.49969005702831,0.0124302004091778,0.128402998274601
PSMD8,-0.0167853151352175,0.986607885072616,0.995496740686607
STX1B,-0.980021572301358,0.327075470270527,0.64969206931002
EFNA2,-0.25558282541118,0.798272981372541,0.92740874104555
FGF22,0.982990894889334,0.325611919917369,0.64856015977353
MARCHF2,0.386734991290382,0.698952408651164,0.884826584803712
NDUFB7,0.631496539014967,0.52771591149878,0.794592561077777
TIMM13,-1.46554584793026,0.142772053222348,0.436146289235024
CDC34,-0.938315455553108,0.348082319337826,0.667128480086683
GADD45B,0.260516006693619,0.794465769912931,0.926219916762656
MAPK12,-0.917582818816848,0.358837316203595,0.67472286626974
SERPIND1,1.06705163236715,0.285948521211306,0.612925096576839
SNAP29,-0.938403008605507,0.348037340390376,0.667128480086683
THAP7,0.0205340298803408,0.983617365875239,0.995023322998978
MMP11,0.55460346587377,0.579165917866989,0.825800422229539
MIF,1.07271659425332,0.283398292618656,0.610364459879856
SF3A1,-0.789588201507172,0.429768300876097,0.73043036477935
USP18,-0.362173771348693,0.717222178415628,0.892970432449811
SEC14L3,-0.767606512245368,0.442720992288184,0.739888574609791
SNRPD3,-0.180393998429303,0.856843265598554,0.950330266389413
MAPK1,-0.98906524814298,0.322631219092381,0.646339071841354
TCN2,2.22244615869074,0.0262531688409624,0.189043808859689
CRYBB3,-3.70546606635117,0.000211002379144836,0.0150666853020205
SLC25A1,0.787604539565636,0.430928058536124,0.731481087109858
PLA2G3,1.6575857749613,0.0974011028214096,0.367413189581622
LGALS2,0.200884316396746,0.840789031436387,0.944427959902316
PDXP,-0.237088355724028,0.812588245655375,0.932577619100159
ASPHD2,0.992249030682373,0.321076060042495,0.644498062814711
LGALS1,1.52702319208953,0.126755244454032,0.413895196888681
PIK3IP1,0.652606963307264,0.514009695281556,0.786889228449069
SRRD,1.66975433132712,0.0949679793556551,0.361941212644207
ANKRD54,-0.68636936517546,0.492480217592537,0.774671556065623
MICALL1,1.39957303811802,0.161641212524995,0.465574777819119
CENPM,-0.908744985817479,0.363484752164275,0.678301214348462
DMC1,0.18025997943517,0.856948472749455,0.950330266389413
HSCB,1.09259852245641,0.274570111745313,0.600284184148879
CBY1,-1.57343809625305,0.115617411609081,0.396225510189814
TOMM22,-1.49079492627092,0.136015344272309,0.426188423605229
RSPH14,1.50030481990262,0.133535461505614,0.422997126352257
RTCB,-0.508542945653597,0.61107262940887,0.843919060373904
JOSD1,-0.806539305550558,0.419931953998629,0.722290118336115
GTPBP1,0.116872005564177,0.906961482418875,0.9704919162293
PPP6R2,0.352671878769347,0.724334443893965,0.895025168312958
DNAL4,-1.41029157998968,0.158453603737006,0.460162083442077
C22orf31,1.93021840461374,0.0535797820662525,0.272163800536474
MIOX,2.10606347212668,0.035198839262233,0.221345422649456
RHBDD3,0.716494449404056,0.473686093628875,0.762902868607983
RASL10A,-1.25568737245567,0.209229339256436,0.531567141067019
HMGXB4,1.11346717917463,0.265507836686952,0.591517122791588
BIK,1.32459058031785,0.185306981859093,0.500273536848361
HMOX1,0.62052791430707,0.534910281982493,0.798350727555552
NIPSNAP1,0.859531277954159,0.390047471274452,0.700427992469254
MCM5,0.107805709731175,0.914149813579911,0.972111996832641
ARSA,-0.780559347445307,0.435061709466766,0.734421500598502
RASD2,0.599070158463384,0.549126100461197,0.807877191994225
TTLL12,-2.62632458211552,0.00863124682384628,0.106204979421618
CBX7,2.18553049139195,0.0288499727975305,0.199756176452444
CABP7,-2.02761681451996,0.0425993715453242,0.243780680335466
RPL3,0.1958783962423,0.844705347005427,0.946025631839354
TAB1,0.667327859611821,0.504562734679105,0.780759653118245
PNPLA5,-2.61664695345431,0.00887981320180353,0.107972196936237
MYH9,-0.787068179458245,0.431241955612185,0.731489353314467
TXN2,0.0637049196581934,0.949205187385726,0.981966675869277
EIF3D,-0.189944861795859,0.849352337711957,0.948427569630002
PVALB,-0.367913409446873,0.712937801180646,0.890731736057193
UPK3A,1.61094751741152,0.10719116194122,0.384964878449882
FAM118A,-2.79284800875379,0.00522462344006134,0.0822193411067518
ST13,-0.579760775033621,0.562075952709429,0.815785200346269
IL2RB,1.50742309262041,0.131702243287266,0.420856292533425
RBX1,0.215326756746516,0.829512570003798,0.939316088442252
L3MBTL2,0.636896868625537,0.524192022594632,0.792614791756495
CHADL,-1.02199804834461,0.306781824122057,0.631926113507996
PHF5A,-0.640806900839009,0.521648148844523,0.791045485722129
PMM1,-1.71041478545579,0.0871891988377632,0.347112743324218
CERK,-0.273242590724742,0.784666742512265,0.921034866099801
ZBED4,-0.448838315175284,0.653548296768805,0.864131874092215
HDAC10,1.25942639000069,0.207876362432417,0.530422166862997
RIPK3,-1.08095377421827,0.279717676581531,0.606547668188633
PAPOLA,-2.87790773673801,0.00400322202562865,0.0711896122424534
HSP90AA1,-0.371569321062412,0.710213534439426,0.889311373934458
SNAPC1,1.29240241459086,0.196217820954332,0.514726437910465
SUPT16H,0.290756994422164,0.771237178427064,0.915554667139613
FKBP3,1.67220889072059,0.0944831379319402,0.361027152932301
COCH,0.115463270423584,0.908077931677118,0.970617045713334
AP4S1,0.0915621927664388,0.927045891022469,0.975498759076853
POLE2,-0.587443251877579,0.556906052577033,0.813160094245665
SOS2,2.10917372689837,0.0349295888421541,0.220738913144451
PYGL,1.26259802625409,0.20673367758452,0.529041076723631
GNPNAT1,-0.746816229357563,0.455174497699523,0.749332056998941
CGRRF1,1.29208510476997,0.196327673649389,0.514841414892308
ATP6V1D,-0.0232217085803272,0.981473422332475,0.99454255455033
CCDC198,1.71526268378325,0.0862970768943362,0.34478036530189
PLEK2,-1.89307055803545,0.058348486904047,0.28311232234707
PIGH,-0.296110046131991,0.767146042140605,0.914179546909062
PSMA3,-0.994950667480152,0.319760258360257,0.643288492486481
TMED8,-0.871557494275806,0.383449827681691,0.695305767635365
AHSA1,-0.365253419462345,0.714922245727768,0.891973301759303
SPTLC2,-0.0951655834292537,0.924183306327416,0.974713539422955
RIN3,-0.427853101766786,0.668758073244315,0.870880665778027
ALKBH1,0.628037688954249,0.529979250640233,0.796295297889094
DHRS7,2.54541892532714,0.0109146706338714,0.120844191464769
SIX4,3.07964951970856,0.00207244315704095,0.0501376584066818
SLC10A1,2.29358901544426,0.0218141169428858,0.172553802407683
EIF5,0.31092263806543,0.755859434167451,0.908686704835547
ZFYVE21,-0.48209382923496,0.629739293239428,0.8538221835314
BDKRB1,-1.39567017998266,0.162813838094733,0.467343151089989
VRK1,-3.26218901752012,0.00110555400403155,0.0360067352436856
PABPN1,-1.5556349186104,0.119794930425919,0.403439856071829
EFS,1.86775938705132,0.0617956167061919,0.292197002600894
CINP,-0.69196656999464,0.488958323103637,0.772142201261677
PCK2,1.20824789136887,0.226951925389546,0.551406281027723
NFKBIA,-1.75728914552255,0.0788685369909632,0.328463544729322
EMC9,-0.494364313424883,0.621048912295022,0.849168863706442
BRMS1L,0.39620290784653,0.69195534632126,0.880922416629069
PNN,1.548820922855,0.121424774436754,0.406312674906804
RABGGTA,-0.307971316985295,0.758104157995376,0.909758665650926
CYP24A1,1.18523659174379,0.235923915993177,0.561375624535144
ZFP64,0.556640411970456,0.577773137054551,0.825554374053877
PYGB,-1.31286704696325,0.189227752619887,0.505303565439167
PROCR,-0.31851280691922,0.750095981593817,0.906659639496956
MYBL2,-0.912857466920353,0.361317509687788,0.67596901137227
R3HDML,-0.0182121971807505,0.985469572307657,0.995090779913159
PABPC1L,-0.522775607186102,0.60113041634638,0.837737332865487
SALL4,2.32101128112971,0.0202862350066501,0.166490928214072
CSTF1,-0.984118547058586,0.325057228627253,0.648232931253719
TPD52L2,-1.15114935451568,0.249670796531663,0.574845730253087
CTSZ,-0.316347590649126,0.751738692315519,0.906813203269147
TUBB1,0.0799455007390423,0.936280601258609,0.977346067906343
SLCO4A1,0.453085645730065,0.65048707111726,0.862474023373388
UBOX5,3.83221694209115,0.000126993675735415,0.0118301177585939
EEF1A2,-1.55475147094712,0.120005270960166,0.403728816312439
SRMS,-0.95968700891029,0.337212763472416,0.658692960299217
C20orf27,0.268841068204529,0.78805198849155,0.923076649910358
SLC52A3,0.153814159960195,0.87775626867225,0.959284304019716
RSPO4,2.36962409850374,0.0178061783711865,0.155506651518622
PROKR2,1.55004480480942,0.12113076241672,0.405998454924032
FERMT1,-1.25224783406669,0.210479570873306,0.533219361357221
TLDC2,-0.227164974201808,0.820295462277223,0.93564249717431
SNTA1,0.546352886019763,0.584823389263268,0.829271482509693
OXT,-0.180907350420955,0.856440299249602,0.950330266389413
CHMP4B,-0.764087165458531,0.444815300195197,0.741068602706024
LBP,1.42312890477376,0.154698790550801,0.454506560818912
SLC32A1,-1.60364231378791,0.108792918080947,0.387565804214082
AHCY,0.414893241508603,0.678220057612314,0.874824937481181
ACOT8,1.60856052279008,0.107712472212921,0.385410918785705
APMAP,-2.09929920809136,0.0357905332007752,0.223728790069944
RNF125,0.770507896014097,0.440998673014847,0.738413729874797
IDH3G,-0.954371909020511,0.339895420311337,0.660833017611427
SLC25A43,0.190744900264834,0.848725459145781,0.948104132825221
MXRA5,-2.40568840671659,0.0161420260684619,0.147782670197352
VSIG1,-0.574419330441872,0.565684075120019,0.818603086654798
PSMD10,-0.153846695069148,0.877730614748598,0.959284304019716
PGRMC1,-0.129823997587931,0.896705676259683,0.967324789360891
NXT2,0.0734309127036146,0.94146321920801,0.978779988343364
GUCY2F,-0.641196355322465,0.521395117316006,0.790906051947792
ATP1B4,0.564504335483375,0.572410950432215,0.822244691204872
TLR8,-2.51786123988739,0.0118069825752316,0.125299695228781
GLRA2,-0.96675345610862,0.333667297044999,0.65596279172861
STAG2,-0.154037079962209,0.877580498892559,0.959284304019716
F9,-0.0664247344189648,0.947039678467669,0.980973943870226
ABCD1,0.158884914329405,0.873759546330666,0.958190072948674
BCORL1,0.895928865292713,0.370290756456564,0.68516471134754
KCND1,1.53184279519512,0.125561232670488,0.412557862029783
PCSK1N,-0.517413311998321,0.604867668936865,0.840344565509355
GPR50,-2.83609710401383,0.00456685584896985,0.076483589744322
RP2,1.05966651270609,0.289296342608136,0.61524170468832
USP11,-4.05110889184536,5.09754761326041e-05,0.00724482432093445
TIMP1,-1.1265085511842,0.259950323124258,0.585844681556815
GLA,-1.01235686308776,0.311367455706426,0.635756148830315
ATP12A,1.23814239008792,0.215663268339294,0.540375006417006
MLNR,0.172434904580895,0.863095633248003,0.952342894439543
ACP5,1.2982071225964,0.194216171254311,0.512492503647638
SGCG,0.801905998647111,0.422607335911937,0.724642156754109
OLFM4,0.0655346374921916,0.947748328869245,0.981246964294523
NTHL1,0.600340773228318,0.548279150673298,0.807616761805366
ZNF263,-0.180238562071476,0.856965285973598,0.950330266389413
MMP2,-2.92353994934118,0.0034607581343888,0.0667918295878006
ORC6,-0.225464762189211,0.821617735349244,0.936241939395388
C16orf70,-1.06678610258515,0.286068435559214,0.613019998939622
CORO1A,0.650074774185464,0.51564392279528,0.787902747415978
NUTF2,-0.974564210849915,0.329776473622921,0.652110145291439
CBLN1,-0.969326793209078,0.332382165185085,0.654786401979222
ARL2BP,-0.793449189745111,0.427516161353117,0.729475399646698
PLLP,-1.76512070651576,0.0775434813209167,0.32690878828861
CCL22,-0.222865071815262,0.823640521362982,0.936819265165029
DHODH,0.488541365614787,0.625166433195876,0.85132510423187
POLR2C,-0.823907298798765,0.409992232924859,0.714269572600929
PARD6A,-0.264976522283375,0.79102754804716,0.92469450628657
MMP15,1.2467821832683,0.212477375052253,0.536038252485909
USB1,1.22469478159377,0.220690241042155,0.546160367510656
CCDC113,-1.36007405815932,0.173806489400894,0.483974224855704
PRSS54,-0.280544240000708,0.779059988944442,0.918389784617283
NME3,-0.841070930440907,0.400308199192959,0.707685433207869
PSMD7,1.6983809914056,0.0894358773823222,0.352157706871504
SETD6,-0.0161301420315927,0.987130566776556,0.995653354688577
SLC38A7,1.28236350311718,0.199715160870996,0.519818130483458
SMPD3,-2.35699036528715,0.018423724865145,0.158508575551558
SLC7A6,-0.322321051077396,0.747209486970081,0.905195708094024
PLA2G15,-1.60888488292969,0.107641515591286,0.385397418029163
FA2H,0.699530663376643,0.484220457001711,0.769571333936043
MPG,-0.0918380734510631,0.926826693630475,0.975498759076853
HSDL1,0.75072854841884,0.452816038249532,0.74696673763349
USP10,2.08317030037646,0.0372357032325739,0.227570750525863
TSC2,-1.20486323313223,0.228256104279594,0.552539306192942
NME4,0.120202671627685,0.904322601469796,0.969992984773755
DECR2,1.2149948705846,0.224368047752345,0.548825339390343
STUB1,-0.703405513219436,0.481803071700669,0.768615310302362
RHBDL1,-1.33698459188344,0.181227666378113,0.495449358124952
MEFV,2.14468945680197,0.031977684430342,0.211044905102367
CRYM,-0.463771251575939,0.642811642359609,0.859677013279956
CAPN15,-1.12905492217433,0.258874665624348,0.584503327346303
AQP8,-1.4228654037993,0.154775176996331,0.454648576283712
USP31,-2.05585992075376,0.0397960202967586,0.234988729221122
TOX3,-0.832765631104657,0.40497692163545,0.710495824525274
MAZ,-0.33519554521581,0.737477582257561,0.901571750027106
SLC6A2,-3.12127263166892,0.00180071241013816,0.045927403362107
KNOP1,-0.866159120109837,0.386402907992172,0.697555091688484
MGA,2.0757232553477,0.0379195538305973,0.229943153026619
AQP9,1.57789176080489,0.114590478145832,0.394938775306355
CSK,-0.274516588671283,0.78368765718698,0.920836295049116
MTFMT,1.84113299984114,0.0656020708053924,0.301914811381205
RASL12,0.611637430931581,0.54077766725354,0.801645703863379
CTSH,-0.713229032060469,0.475704044051288,0.765000644052469
CEMIP,-1.10083219068361,0.270969698738497,0.59627312609996
EHD4,-0.249400331007523,0.803051129129889,0.929127939730341
GABPB1,-0.0730148204839196,0.941794323949125,0.978937039687788
SCG3,3.14197869731286,0.0016781024474716,0.0443002647737251
DNAJC17,1.86021000862756,0.0628558195781111,0.294811547989125
RHOV,0.242896512396672,0.80808556738478,0.930668610199956
VPS18,-1.52152456112021,0.128128252567001,0.416129146572505
OIP5,-0.744626998743745,0.456497241690663,0.749910184510384
EXTL3,-0.332614786834124,0.739425080065069,0.902393639247122
AGO2,-1.19515726327528,0.232025592425827,0.557372611405534
PAG1,-0.199227110903741,0.842085093051166,0.94472295634457
TG,-0.753548186411091,0.451120566624834,0.745535610157212
BRF2,1.03751228204458,0.299497174748087,0.62521999768211
ZFAND1,0.317170305322361,0.751114380495017,0.906735233763768
RP1,0.336754834556635,0.736301723121447,0.901120577211738
RIPK2,0.412160028600642,0.680222132440545,0.875821792416299
CPQ,3.16141750622462,0.00157003282921561,0.0430603420114313
DECR1,0.388323847769649,0.697776391310862,0.884034116672622
SFRP1,2.85903810431234,0.00424927739524416,0.073981243071442
PLAT,-0.0916565381729898,0.926970929489029,0.975498759076853
DKK4,3.73580947783239,0.000187112300453134,0.014276218969325
EIF3E,-0.0411503018219009,0.967176073483366,0.989420948534785
EMC2,-0.292098161476154,0.77021157234962,0.915129560611091
CHRAC1,-1.09109500201838,0.275231081832747,0.600999677411692
GML,1.12858560457313,0.259072686168508,0.58478055564759
UBR5,1.9088546814134,0.0562808405710784,0.277572354669655
PYCR3,-1.30814754519511,0.190823269685977,0.507722127218911
MTMR9,-0.583278735724107,0.559705674904496,0.814499448101161
DCTN6,-0.0389801254209934,0.968906234185759,0.990104579462413
GSR,-0.834382730414765,0.404065345671034,0.709974936232051
PPP2CB,-1.38955427877136,0.16466426770907,0.469653900280893
KCTD9,-1.63073608660692,0.102946018630629,0.377805374037322
CNOT3,0.0782412697965194,0.937636134067821,0.9776702834624
EXOSC5,0.667163018689206,0.504668010241078,0.780773482676113
PAF1,0.496947044899025,0.619226394932968,0.848654349765034
MAN2B1,3.34707365994708,0.000816695060798638,0.031168585538291
TULP2,0.864650528890537,0.387230630030387,0.698178118149338
DHDH,4.90404752850365,9.38817577666422e-07,0.000749366876415265
ECH1,3.00802008169128,0.00262955761365327,0.0569819510156494
HNRNPL,0.462202937966786,0.643935796580934,0.859803281095682
KCNA7,0.668945132653059,0.503530478552147,0.780055961660303
RELB,-0.448810188666885,0.653568588217157,0.864131874092215
CLASRP,1.8216577446259,0.0685069332550638,0.307768536898927
LIN7B,-0.781575158578359,0.434464290698471,0.733948065443618
PPP1R37,2.09576567302922,0.0361029828486084,0.224814924699613
FCGRT,1.19327316309368,0.232762409273995,0.558098980405235
CKM,-0.5887746611903,0.556012445810013,0.812953791641214
PEX11G,0.401398885869724,0.688126469534905,0.879224495088387
SLC17A7,-2.04594555027914,0.040761728102623,0.238006790639559
RNASEH2A,1.57900742472946,0.114334354038574,0.394415772677127
SF3A2,0.638738055515163,0.522993351624094,0.791932722875502
AMH,1.23830203441555,0.215604089743857,0.540375006417006
DKKL1,-2.64809040272001,0.00809478754080403,0.103313709644797
RETN,0.672238549616832,0.501431843188684,0.778739939278085
RSPH6A,-1.76509553546001,0.0775477108897659,0.32690878828861
TBC1D17,1.87738798693732,0.0604649367623512,0.288838134576799
TLE5,0.306433847172455,0.759274340743419,0.910294854923719
SGTA,0.838736166390753,0.401617378466282,0.708768948120531
C19orf44,0.935299375695787,0.349634036961452,0.668170490136747
SLC1A6,-0.382300727378129,0.702238315221897,0.886145736713363
FBL,-0.470817306984967,0.637771204261618,0.85759850583831
EBI3,0.564999651010235,0.572074001554405,0.822244691204872
TBCB,0.573753497346468,0.566134621066265,0.818743404074151
FSD1,1.2375021202505,0.215900727676539,0.540714746971699
POLR2I,0.237949042232503,0.811920617484242,0.932448832190131
APLP1,-0.367968337870517,0.712896843090457,0.890731736057193
TGFB1,-1.64695501068867,0.0995672934530244,0.371093644419423
DMAC2,2.7743772432309,0.00553075026284261,0.0849461483524298
PLIN3,1.86716970078084,0.0618778933622152,0.292233437508119
CD79A,0.407898946070947,0.6833478665503,0.876990147974173
LIM2,-0.62262011174788,0.533534191727956,0.798350727555552
NKG7,-3.44305708968158,0.000575177880637037,0.0251295371084791
ICAM5,-0.0931123059914454,0.925814341142809,0.975326399073845
CDC37,-0.893693383775126,0.371485966311189,0.686132900080955
RABAC1,1.28742732585026,0.197945385005886,0.517165819722825
CNFN,-1.94006242932739,0.0523721032830838,0.269965340518626
DBP,1.88682559379027,0.0591837875031631,0.285169444601299
EPOR,1.28648118543659,0.198275180923157,0.517568730260402
RASIP1,0.784991006360718,0.432458841689,0.732315646148871
WDR83OS,-1.00762716319083,0.313633483632601,0.637852589234733
GCDH,3.19215509794646,0.00141215482803726,0.041168376992187
DNASE2,1.92569104714426,0.0541429624439292,0.273186101444423
LENG1,0.141769315812268,0.887262221657817,0.962897035239032
RPL18A,0.84692518072254,0.397036826047394,0.705422548876709
SLC5A5,1.53243132696874,0.125416031872823,0.412430200979221
KCNN1,1.06405347233868,0.28730447668683,0.613791842514178
ARRDC2,2.97605217576656,0.00291985180564685,0.0604442885283906
PIK3R2,1.75297863431351,0.0796056745767477,0.330345207172172
COMP,0.271095859822149,0.786317305774213,0.921847028144187
TMEM147,1.45896244933563,0.144575443211404,0.438867670269976
FKBP8,-0.173205080756888,0.862490230135922,0.951912629749322
ERF,0.335030090097497,0.737602387980987,0.901571750027106
GSK3A,-0.338721122027618,0.734819827244502,0.900619627962657
SIPA1L3,1.50745808771884,0.131693279183894,0.420856292533425
CADM4,-0.938323361767952,0.348078257497593,0.667128480086683
PON1,0.497055330566969,0.619150033606854,0.848654349765034
HGF,-0.0637264637013099,0.949188032583296,0.981966675869277
UBE2D4,-0.243142331162057,0.807895139424146,0.930668610199956
WNT16,0.447362208663494,0.654613557448063,0.864131874092215
CPA2,1.06683312222478,0.286047198820253,0.613019998939622
CPA4,0.272846377868488,0.784971307222828,0.921063539094716
GTPBP10,-0.330294284201764,0.741177611377701,0.903174382907929
BET1,-1.57818551370538,0.114522997244016,0.394874125149597
NAMPT,0.410551744723537,0.681401253647008,0.876365382874265
ITGB8,1.98003050300969,0.0477001012766753,0.259018740902389
SP4,1.90401529486742,0.0569081922539542,0.279522693407377
CBLL1,-0.132492787761048,0.89459452726874,0.966742659908043
MPP6,-1.14564926784973,0.251940303038096,0.577622212142945
NPVF,0.683525056493399,0.494275122728765,0.775708371571417
CAV2,-1.07323254487389,0.28316679201065,0.610109069746195
HOXA2,1.60064698113037,0.109455130297092,0.388233478409036
LFNG,-2.80726334647422,0.00499643768519433,0.0802142374630797
HOXA5,-0.761590033971664,0.446304724752145,0.741964439334104
HOXA6,-0.792877330305593,0.427849296378641,0.729623710524652
TSPAN12,-0.564689070093983,0.572285269779692,0.822244691204872
CHN2,0.230614631310869,0.817614199835329,0.934703027098712
ABHD11,3.69078152738485,0.000223566097642176,0.0155276175903615
FKBP14,0.681983569920138,0.495249340054226,0.776115840343594
STX1A,0.41651899381838,0.677030271638941,0.874315961293845
NOD1,-1.64102126668815,0.100793000703876,0.373618090686832
SNX8,-2.51075604065039,0.0120472921421243,0.126391299891063
WASL,0.155559815963604,0.876380001468412,0.959165661296522
HYAL4,-0.837745971505306,0.402173388515441,0.709429191542663
AIMP2,0.0711049568877333,0.943314223133033,0.979449121950121
MOSPD3,-0.833991439186745,0.404285807972227,0.709974936232051
PCOLCE,1.45298435519184,0.146228097826892,0.441462327747456
RBM28,0.628110733968877,0.529931401845483,0.796295297889094
SERPINE1,0.670116918049718,0.502783260860753,0.779391666093692
PLOD3,0.644552586470311,0.51921716911468,0.789989967398241
RPA3,1.2147604272639,0.224457477972079,0.548918415879515
FIS1,-0.0577061810381126,0.953982670146619,0.984033670638064
GLCCI1,-0.56130590663861,0.574589015658241,0.823621626707147
ZNF862,-0.115031683538256,0.908420008895381,0.970665672585868
MEST,0.0473665466715678,0.962221090968945,0.987816939864185
RARRES2,1.67713589868768,0.093515910329532,0.359028608616192
YAE1,1.62852238511795,0.103414166655134,0.378301287478773
GIMAP2,1.28998911485032,0.197054437498919,0.515505252964452
PSMA2,1.5670123272954,0.117111810231601,0.398879035941168
MRPL32,-0.13107429280896,0.895716537056842,0.967008748445074
COA1,2.17505669187247,0.029625868312711,0.203103682979288
AEBP1,-1.29416218797769,0.195609404563446,0.513874763112914
MYL7,-1.13658825264205,0.255710453217654,0.581759780797021
BCL7B,2.11482366924603,0.0344449787567735,0.21912035348059
YKT6,-3.30295555272567,0.000956715507365342,0.033762097166233
CLIP2,2.68030881180183,0.00735542686062171,0.0983697310097502
ZNF688,-0.205439811244845,0.837228518671684,0.942929542460087
CHMP5,-2.11087443314346,0.0347831061709258,0.220403131938334
FKTN,2.84396346692908,0.00445561563609928,0.0756241610947993
SEC61B,0.313315396512331,0.754041053878251,0.908006366679338
C5,1.20890850814817,0.226697997091504,0.551084175562588
TNFSF8,-0.16713433009864,0.867264354396893,0.954797793956343
AK1,1.18606044917702,0.235598428203378,0.560848130819291
PLGRKT,2.56979738252806,0.0101758011863434,0.116282983231669
EDF1,-1.57142633047486,0.116083653917846,0.39689668381932
SETX,-2.44115623514884,0.0146403194508107,0.139591139987171
VIM,-2.71214472667558,0.00668493985555695,0.0936527140179106
BLNK,0.303153434466588,0.761772934055457,0.911865998678451
CYP26A1,1.23152686859732,0.218125873880417,0.543019857122972
ATE1,-1.66523637923251,0.0958656056922794,0.363737266541703
CDH23,0.461921611685864,0.644137535223233,0.859803281095682
ACTA2,0.0891311809721587,0.928977657172577,0.975498759076853
SFXN3,0.458224549948196,0.646791123943084,0.861020805039347
FBXL15,1.093835868196,0.274026969866085,0.599824868947923
PITRM1,2.70182331118013,0.00689603979869524,0.0950993044953206
PPIF,-1.7837666704055,0.0744615875150937,0.320485361665468
TBC1D12,1.90046709630156,0.0573718490177566,0.281033635759691
MPO,2.46879394683665,0.0135569256929289,0.133990371071149
ST6GALNAC2,-0.0511080800996535,0.959239397420722,0.986334664598836
DHX33,1.10611366555565,0.268677324560824,0.593970370131806
UTP18,1.2362048939003,0.216382412050081,0.541423667323212
P2RX5,-1.11612183754923,0.2643699858019,0.590895352987176
CRYBA1,-3.08016427980917,0.00206886446832261,0.050125895615906
NUFIP2,0.112999440530073,0.910030998765972,0.971162468097235
RPL19,0.528811509654109,0.596936212656083,0.836712129967351
CSF3,2.06082035603832,0.039320181717261,0.233813309146927
SUPT4H1,-0.936005445865709,0.349270383803267,0.668170490136747
WNT3,-1.09151063994345,0.275048252660105,0.600886159219729
SHPK,-0.371207238306914,0.710483182278397,0.889420906823489
TAX1BP3,0.415299953419048,0.677922335319977,0.874824937481181
P2RX1,-0.692793903500455,0.488438898679454,0.772023998897636
KRT37,0.372691768011318,0.709377863946654,0.888860992324622
RPS6KB1,0.337023655649417,0.736099067612205,0.901029284619109
CBX1,1.34687005940295,0.178022085915426,0.490658049753978
PIGL,-0.293188913271152,0.769377757862841,0.91476044045812
GALK1,-0.44821187604662,0.654000292557283,0.864131874092215
PFN1,-1.53491947038409,0.124803610246676,0.411585293690413
SLC25A11,0.959519295308115,0.337297203987098,0.658692960299217
RASD1,-1.42688479498174,0.153613104250503,0.452711783053893
C1QBP,3.06196092598579,0.0021989215481725,0.0518811053483668
CPD,0.297706743007903,0.76592699649383,0.914050793446994
GOSR1,1.07550571415969,0.282148375290427,0.608967112527634
CCDC47,-0.418245739846652,0.675767456768302,0.873861872268363
MED31,-0.856633254456078,0.3916476013442,0.701072995051148
DRG2,-1.48547139279058,0.137418995978321,0.428021619103115
AKAP10,-0.998116708915551,0.318222768696987,0.641870689125119
ALDH3A1,1.6221129927017,0.104779156708884,0.379707838011552
SYNGR2,-2.23697662363226,0.0252878679113549,0.185219634421668
DDX5,-1.58181163715713,0.113692577610983,0.394074787292077
C17orf75,0.105285320866287,0.916149410486108,0.972111996832641
ASIC2,-1.08074243589467,0.279811700820774,0.606563926054634
CCL1,0.031755367441499,0.974667140290824,0.991806768427706
PEX12,-0.389838710377453,0.696655817155935,0.883509001851341
KRT32,1.0889405776984,0.276180090681239,0.602179592393355
KAT2A,1.1804849933407,0.237807375526229,0.563376169234821
NAGLU,4.13935757587547,3.48279740122332e-05,0.005880485737128
HSD17B1,1.25443838393704,0.209682708358363,0.531968542773628
ABI3,1.50601058589559,0.132064456187102,0.421141250847096
COL1A1,0.0806415989713891,0.935726982721157,0.977346067906343
MRPL27,0.939385659895927,0.347532772866403,0.66699608515469
LRRC59,-0.957793391160819,0.338166952392475,0.659053520660049
HDAC5,1.87812169171184,0.0603645195310676,0.288549741827755
PPY,1.41284945856668,0.157699992401047,0.459505886179249
DUSP3,1.25843193107883,0.208235590024175,0.5306021717704
CACNG1,-1.25987717104055,0.207713675276029,0.53012611597373
HLF,-2.85459013183642,0.00430924021780431,0.0743860220344942
EFNB3,1.06272771990658,0.287905446272768,0.613791842514178
RANGRF,0.651919013946041,0.514453418224468,0.787203358897477
RCVRN,-2.20373794095417,0.0275427792389955,0.194626133884638
MYH1,-1.66528123160697,0.0958566611662139,0.363737266541703
VTN,-1.2634076623103,0.206442711880491,0.528419090270058
TNFAIP1,0.413437096253032,0.679286400453698,0.875242707865978
TMEM97,-0.549990536330734,0.582325864608027,0.827609377273729
CD38,0.233529617980733,0.815350173429323,0.933597835625593
IBSP,2.19741178276183,0.0279910505274477,0.19666533940156
LAP3,-1.11661858428031,0.264157442077992,0.590560152395189
CXCL6,-0.156433519914102,0.875691317334201,0.958929912354416
JADE1,-1.46351666507044,0.143326056942625,0.436932867591312
AFM,1.74383557844621,0.081187764606614,0.333221510765744
AFP,1.87045451805824,0.0614207272888989,0.291407608191095
PHOX2B,-1.80903415899039,0.0704456966922016,0.310962499369253
GNRHR,1.11104687217665,0.266548174260503,0.592262431282452
CWH43,0.483948174337113,0.628422650019434,0.853178887190301
SULT1E1,2.88733875774199,0.00388515682907001,0.0702056934697835
LAMTOR3,0.257312711202562,0.796937380621086,0.927114483223259
PF4V1,-0.617290323101835,0.537043248468921,0.798894303847326
NFKB1,1.2678122866404,0.204864993400915,0.526169652675556
IL2,0.271529802890387,0.785983580987918,0.921586217030756
FRG1,-0.168347393134497,0.866309991528864,0.95426562369632
CD82,-2.12623611601918,0.0334836043146713,0.216201957921127
SPI1,0.661651002073132,0.508194913248188,0.783761308167449
CTSC,0.648162320615651,0.516879969473762,0.788761806109332
ZPR1,0.131753775694493,0.895179049370466,0.966956185429899
CRTAM,-2.66204905858465,0.00776665578967991,0.100873176037598
JHY,3.17256815056809,0.00151097091991993,0.0425196660433718
DTX4,1.91719891503381,0.0552126658605222,0.275621219874716
UNC93B1,-0.498218168951632,0.618330277704164,0.848354125677763
PUS3,2.01421168763421,0.0439873131240275,0.247656663947865
CCND1,-2.16893696182136,0.030087470108611,0.204309930033714
PRPF19,-2.94937412970027,0.00318418249300522,0.0634839040948605
TMEM109,-2.24754195043654,0.0246054127087906,0.182727969878497
PANX1,-1.41672747297208,0.156562621530478,0.457811163884845
IL10RA,1.51589126484705,0.129546849441945,0.418026349091248
GALNT18,-0.646602703604349,0.517889107791071,0.78922029410931
BIRC2,0.127597211480374,0.898467738010684,0.968173352307883
PDHX,-0.95600347462443,0.339070479037679,0.660100095450604
SLC15A3,0.185498217795788,0.852838278002689,0.949924939531099
DGAT2,1.44897768968495,0.147343813182749,0.443097563613947
C11orf58,0.343891992909476,0.730927513773769,0.898672036723105
YBX3,0.856968411691169,0.391462342391158,0.701051055995832
SART3,-0.411368048865633,0.680802678776217,0.876151696727567
RPLP0,1.06423553985134,0.287222010821874,0.613787946395748
SLC25A3,-0.189754742364053,0.849501321818888,0.948454633087704
POLR3B,0.0484042418647072,0.961394078750384,0.987170167328287
CD69,1.98316116179406,0.0473494305941304,0.25745955065423
PRDM4,-1.25809197945841,0.208358493634314,0.5306021717704
ASIC1,1.73969310005809,0.0819129215658505,0.334915972684379
DAO,1.50285556183311,0.132876294449579,0.422312128771219
KCTD10,-0.0436435780471979,0.965188514513838,0.988609202638534
MLEC,1.21694430804515,0.223625405951334,0.548621795832477
MVK,-0.332855952925515,0.739243019737187,0.902393639247122
CSRNP2,1.1806221489429,0.237752860774213,0.563376169234821
IL23A,0.980285974159075,0.326944976163121,0.64969206931002
SYT10,-0.100908635937262,0.919622987617322,0.973495885990672
CYP27B1,1.77531136099898,0.0758464905464637,0.323355014536462
MYF6,1.31008856224873,0.190165877293358,0.506890101142583
MYF5,1.03484573073771,0.300740962291495,0.626006197223943
GLI1,2.59245917575453,0.00952924902772902,0.11171600708629
PPM1H,-1.6873328131962,0.0915393748853996,0.356387529594232
LTA4H,-2.41088814157738,0.0159137283034278,0.14639365611252
ELK3,2.18909217423061,0.0285901412221939,0.198891673420833
ITFG2,0.976669127842976,0.328732983764329,0.650840715016003
PARP11,0.19524960086772,0.845197550322831,0.946119274391075
ARPC3,-1.55903429423087,0.118988263503008,0.402292765273249
FGF6,-0.0308416468604941,0.975395826813137,0.99204310452495
MYL2,0.404634581105169,0.685746135440594,0.878082209013288
RAD51AP1,2.53699993297899,0.0111806975549446,0.122286050383331
CREBL2,0.0925088775778592,0.92629373818113,0.975498759076853
GPRC5D,0.0568523928660482,0.954662777922576,0.984354693990018
LTBR,0.285544405040428,0.775227089451064,0.917382012491344
OGFOD2,1.91608969609476,0.0553536796206951,0.275994798181331
OAS3,0.952536393737976,0.340825017864719,0.661944411396375
ART4,3.33042203396356,0.000867144439441715,0.0322339921802464
ARHGDIB,-0.26337546759581,0.792261197315456,0.925271861602805
RERGL,3.54903237348814,0.000386649541657484,0.0204376441279919
VDR,2.12038836531044,0.0339733070687526,0.21782964172366
FZD10,-3.0487583829474,0.00229789212661036,0.0532854556226427
IL26,0.185019904727108,0.853213423390536,0.949925834056598
IFNG,0.189649627292213,0.84958369590181,0.948454633087704
NUP107,0.638170750870931,0.523362534853623,0.791932722875502
CNOT2,-0.132620844329972,0.894493246646417,0.966742659908043
KRR1,0.928350525168911,0.353225773379007,0.670975806949529
MRPL51,2.28832116169039,0.0221188250376652,0.173367521777328
ACRBP,-1.56318964495653,0.118007995011866,0.40034971322575
GNB3,-2.45447212857872,0.0141091601449182,0.137519769566433
CHPT1,-0.47128752748108,0.637435421242255,0.85759850583831
USP5,-1.09546220983817,0.273314192736754,0.59897655295873
TPI1,-0.301682515383815,0.762894098335891,0.912668864117386
C12orf57,-0.485387088614647,0.627401789334628,0.852420189826607
APOBEC1,1.26224640750766,0.206860134442384,0.529281123784784
GOLT1B,-0.00566441184037161,0.995480477415121,0.998154127415021
CMAS,-0.0169286701753231,0.986493520549463,0.995483829664984
HCFC2,1.99836160110376,0.0456774714751657,0.252605300286919
AICDA,1.39972664258258,0.161595192358756,0.465569938311957
RAB35,1.11824897461646,0.263460672834902,0.589698181546131
COX6A1,-0.288364258373162,0.773067923911004,0.915997366890178
SRSF9,0.0169145667331604,0.986504771857247,0.995483829664984
FGFR1OP2,0.285197100297737,0.775493141782738,0.917382012491344
RSPH4A,2.42205964064004,0.0154328174743695,0.1435996202308
ADTRP,0.51385467813069,0.607353596308525,0.841967874060849
ASF1A,0.241675566919823,0.809031563199627,0.931435981192298
HINT3,1.44181722089855,0.149353943439059,0.446327077655552
SLC44A4,1.04423726867442,0.296375628120652,0.622354263014334
FBXO5,0.530546419794447,0.595733133451511,0.83611034376271
FANCE,3.48996737262452,0.00048307952266119,0.0226199101678722
TULP1,-1.78476700396073,0.0742991175029873,0.320211219251774
MAPK14,-0.909361431611133,0.363159373322892,0.677928167936285
STK38,0.115155604556675,0.908321786938122,0.970665672585868
HLA-DOA,2.15125944639731,0.031455727251156,0.209023619000208
SAYSD1,1.80476528997303,0.0711114180916869,0.312708891982679
CAP2,0.0672671970912841,0.946368990648387,0.980673505269128
GPR63,-0.437596729509418,0.661678642419526,0.868222222535263
GPLD1,1.36591334890258,0.171966162371052,0.481452013990279
ACOT13,3.3809580584888,0.000722335676558204,0.0289810370825048
RPS12,-0.69233038868813,0.488729870324186,0.772107453029701
B3GAT2,0.879606482935546,0.379072525653724,0.691599648933512
SNX3,-0.653520070427683,0.513421054658065,0.786433743616762
ZBTB24,-0.869081392649549,0.384802613475293,0.696278807972876
UNC93A,1.60567709401313,0.108344876684469,0.386734663329344
C6orf118,-0.24154056992846,0.809136176835924,0.931483543347549
BYSL,-0.888342824781155,0.374356370381045,0.68814643855969
TBP,-1.69799881840741,0.0895079848464209,0.352157706871504
GUCA1B,-1.45179616708433,0.146558289992282,0.442011061336356
PRPH2,-3.1460004901355,0.00165519728294236,0.0438860010475772
PTK7,1.80620973180004,0.07088558537922,0.312393815500755
EXOC2,-1.35420037779413,0.175672458531818,0.486914309224049
TMEM30A,1.5624828157981,0.118174290978048,0.400645698068015
LAMA4,-0.450967835068562,0.652012731356116,0.8630863845811
PRSS16,3.61139775512676,0.000304551151502445,0.0184977638198322
MTREX,-0.744002237446224,0.456875121495172,0.749998870195994
ISL1,-1.2193024824853,0.222729406757899,0.548249195768989
NUDT12,1.62520171698996,0.104119584716835,0.379213956733441
TENT4A,-1.16690035318962,0.243250613277044,0.568878247668419
DAP,-1.01829542193955,0.308537583394155,0.6333695148475
HBEGF,0.949564564657681,0.342333550962794,0.663186868358543
LOX,1.82504799724237,0.067993786626294,0.306199930126149
GZMK,0.961741043785954,0.336179699616357,0.657869944595138
CDH9,0.208884467891106,0.834538429532344,0.942059572692371
SPARC,2.2827847754165,0.0224430491966974,0.174223100049197
HAND1,0.119488029849811,0.904888722890561,0.970008421695433
THG1L,2.63959646891652,0.00830047958405166,0.104528374486312
IL12B,0.840559699379758,0.400594643781648,0.707941406569639
TTC1,0.854747585338406,0.392690900844811,0.702049934488996
LNPEP,-0.330243566463119,0.741215930367472,0.903174382907929
AGXT2,1.73459333849566,0.0828128602360763,0.33655852512856
IL4,0.0399376461039457,0.968142837782215,0.989938133815083
IL5,1.07331443597599,0.283130060279286,0.610109069746195
ST8SIA4,0.943963518077627,0.345188291350426,0.664902794355205
PCDH12,1.25350526956443,0.210021882536819,0.532573559461776
NUP155,-0.952009561977079,0.341092132521505,0.662127230663602
C5orf15,1.738104749767,0.0821923581365492,0.335498011651685
TRIM23,-1.56000128000075,0.118759578707035,0.402026332073755
RARS1,2.84115030526556,0.0044951120718479,0.0758181806166313
CDX1,0.278692606689636,0.780480736818398,0.918948951174401
BNIP1,0.17807839716104,0.858661407424424,0.950880833021964
SLC7A14,-0.338805827562801,0.734756010905732,0.900609511552557
SEMA3G,1.65367967837776,0.0981926137839263,0.368988262329913
ZMYND10,0.459709069981857,0.64572505838936,0.860382858317561
MLH1,3.03458264182364,0.00240868754195,0.0549989520815426
EHHADH,3.54293234791514,0.000395704200216384,0.0205703979040752
CRBN,-2.19859226142274,0.0279069277216236,0.196244421448936
RBP2,-1.3285991438722,0.18398025466497,0.499472775551019
RBP1,0.796147149633364,0.425946511829864,0.727903743832395
PFKFB4,-0.881242347300205,0.378186663235874,0.691009366955618
HES1,1.68563173949221,0.0918667519327867,0.357119980480507
GNAT1,-3.47427800377142,0.000512230025416791,0.02332229348871
TUSC2,0.526653294615955,0.598434375028517,0.836788297058378
NPRL2,-1.29493774884267,0.195341705000395,0.513874763112914
CYB561D2,-1.33137301768586,0.18306630315526,0.497956319490453
GNB4,-0.0153743086521023,0.987733559730493,0.995710773982209
MORC1,1.90892320753477,0.0562719987297231,0.277572354669655
UMPS,-0.469069772982799,0.639019764071983,0.858279249061595
ABTB1,-0.718627869254922,0.472370237104884,0.762177154034082
KLHL18,-3.03126577276389,0.00243530784892593,0.0551311521274307
RRP9,0.86496244671773,0.387059400781675,0.698102350870165
EIF1B,0.159011264935906,0.873659998620032,0.958190072948674
ZBTB47,1.49357352711323,0.135287123002101,0.425469339685884
TNNC1,-1.9246525484848,0.0542728406189533,0.273218725984143
NEK4,1.98509161703243,0.0471342793014216,0.256965982716058
WDFY1,-0.341531425116232,0.732703551639535,0.899185761182992
EIF2AK2,0.379034293736567,0.704662397839174,0.887480404551296
DAZAP1,-1.82739169460248,0.0676408972067588,0.305794372420509
HEATR5B,0.107045488027835,0.914752892821028,0.972111996832641
MAPRE3,-1.23430586638274,0.217088950766231,0.542350301973486
MSH2,0.33759249839214,0.73567029605042,0.900998329056618
NCK2,-1.95558030857737,0.0505146144291323,0.265668846619664
TFPI,2.01169655381119,0.0442519341195778,0.248107782824018
SLC11A1,0.722307698189971,0.470105320977542,0.76085243611832
APOB,-0.5230728442056,0.600923562262119,0.837729182682981
INO80B,-0.168498913073183,0.86619079868812,0.954207216258545
TTL,-0.528644061004454,0.597052388953892,0.836788297058378
FAHD2A,2.30392788938511,0.021226691838267,0.169786551188002
SF3B6,-0.423219326672869,0.672135247263667,0.872187471217573
SLC30A3,-1.27649488001939,0.201780635560033,0.522303149439888
SNX17,0.557163137375647,0.577415973027963,0.825554374053877
TTC31,0.635681853793966,0.524983806175432,0.792785621386678
PCGF1,1.20910926118339,0.226620871675304,0.551084175562588
TLX2,0.618336382836949,0.536353623655705,0.798580422826457
DOK1,-0.475381004329931,0.634515431404123,0.856643397270485
ACADL,-0.0641744502999526,0.948831321156439,0.981844157598615
EVA1A,-3.23689603046552,0.0012083742807777,0.0375723085742417
FANCL,0.667195057620266,0.504647547689326,0.780773482676113
IGFBP2,-1.37970682499498,0.167676930670983,0.47399291406452
IGFBP5,-0.680222757833972,0.496363424489601,0.776429210236021
KCNJ13,1.1429396962827,0.253063629501721,0.57914918100357
GGCX,-0.25126992506132,0.80160542571353,0.928598549548607
NEU2,0.105145476431939,0.916260374297876,0.972111996832641
HSPE1,-1.3990682981351,0.161792503187345,0.465724504379982
WNT6,-0.20708866827228,0.835940611687501,0.942749605660051
IL1RL1,0.385822114605057,0.699628415943654,0.885346724470833
SLC9A2,0.312818760419473,0.754418361448353,0.908092025896061
AZU1,-0.0798652302097503,0.936344443736048,0.977346067906343
PROC,2.11425950518359,0.0344931089997384,0.219197561588025
ID2,-2.62095755337643,0.00876831784711412,0.107183758660538
ODC1,-0.149451976329909,0.88119700103085,0.960987832626154
GORASP2,1.09784593826882,0.272271768032796,0.597839757253263
CEBPZ,1.54792826359006,0.121639568924304,0.406596355687828
PRKD3,0.799485314872404,0.424009058421258,0.726236827761752
RMDN2,-1.18446423687939,0.236229345045974,0.561542528549413
DLX2,-0.320269715309569,0.748763878707578,0.906088925813298
SLC1A4,-2.89564053374073,0.00378385562012625,0.0692240584047701
ORC2,0.811361880651476,0.417157883265658,0.72040427255051
PLEK,0.19232291517355,0.847489269726996,0.947376108483095
PRTN3,2.45905862668666,0.0139301867660848,0.136596731573786
KISS1R,1.96108383359089,0.0498692442634589,0.263654985729843
GRIN3B,1.64971482884862,0.0990012758033637,0.369664058856651
VAX2,-3.90891884446341,9.271009952312e-05,0.00970692478620872
ATP6V1B1,-0.0974630124085116,0.922358706172076,0.974300164637596
MSH6,3.541924117107,0.000397219726323373,0.0205703979040752
PLEKHA3,0.583014448161805,0.559883573986251,0.814499448101161
SPR,1.11027990754775,0.266878428491371,0.592498623122398
ENO1,-0.101693871903084,0.918999666442148,0.973316967106375
CDC7,-0.389762132468412,0.696712447508411,0.883509001851341
CLCA1,2.18315951970496,0.0290240646632335,0.200547484139033
BCL9,-1.85454823974835,0.0636607653887822,0.297073732170784
ANGPTL1,0.482306443912291,0.629588270312254,0.853688829972505
TMEM59,-0.375842069506857,0.70703430992538,0.887832840227308
OPRD1,-0.181557051537425,0.855930356475728,0.950330266389413
WDR77,0.46323696380406,0.643194523729322,0.859677013279956
C1orf21,0.237222920140003,0.812483856033631,0.932577619100159
MIIP,1.14615505155038,0.251731002357812,0.577538261460407
SLC35D1,1.03841627345631,0.299076296502452,0.62521999768211
PRDM2,1.09640401263349,0.272902008729785,0.598655929016253
RGS2,-0.835248574200979,0.403577765583983,0.709968219675439
WARS2,-0.491218177155894,0.623272143972779,0.850317160310982
NT5C1A,-0.287341177704987,0.773851096139118,0.916710693365414
P3H1,1.18253021229424,0.236995384946239,0.56254115768198
SLC19A2,2.95529041631057,0.00312374853019081,0.0627420569093715
VAMP4,0.0505060934166726,0.959719093759438,0.986420424372573
SYF2,1.25904080518672,0.208015593540902,0.530424106619846
SLC5A9,1.5232498120059,0.127696218174332,0.415294542613915
CTSD,-1.10629747273498,0.268597785316689,0.593970370131806
A4GNT,0.0343333003103988,0.972611370707517,0.991450707993091
MMP8,0.459567936669611,0.645826377980566,0.86044712811828
APOA1,-2.56896539929791,0.0102002641607924,0.116282983231669
SLC8A2,-0.611438511600884,0.540909313539008,0.801645703863379
EEF1B2,-0.589032274922633,0.555839623095102,0.812921090927412
ATIC,0.0919163695925682,0.926764485465637,0.975498759076853
DOP1A,-0.2814060803297,0.778398955048153,0.918389784617283
FILIP1,2.54783392731096,0.0108394058543253,0.120401029525898
SGIP1,2.19097573518327,0.028453548422463,0.198462307727905
TBPL1,0.118101283910948,0.905987406159467,0.970403934304313
ZC2HC1B,-1.94112238443718,0.0522434345463892,0.269777548697662
FBXO30,0.127042470257126,0.898906784455531,0.968196502322227
ADAT2,-0.0797108899898255,0.936467198056727,0.977411256490759
TCF21,-1.14244320234672,0.253269842178173,0.579267569003525
MED28,-1.77236826458818,0.0763334462145812,0.324423908329469
RNF103,-0.827719886536847,0.407829154151758,0.712799521203995
RPN2,2.28440534864353,0.0223477195248334,0.174146316920637
SOGA1,2.19579117373963,0.0281068937023624,0.197203825817153
PKD2,2.50505750780544,0.0122431485220978,0.127702184295163
STBD1,0.753692802379789,0.451033704815321,0.745468065805193
CCNI,1.310342436421,0.190080017549336,0.506827932958907
RARRES1,1.53330431700833,0.125200891447333,0.412224507306483
FGF23,1.0854616447249,0.277717242508114,0.603933591314334
ELL2,-0.753894728856792,0.450912435989533,0.745442390107568
NDUFB3,1.37612492411237,0.168782960288155,0.475791826662732
GDA,0.09475579515979,0.924508799173943,0.974713539422955
ECRG4,-1.65133870510078,0.0986694331732158,0.369532743073221
YWHAQ,-1.33071735485075,0.183282030367484,0.498292255992377
CPSF3,-0.964788870499451,0.334650571500139,0.65670110332273
DDX55,-1.68031621780211,0.0928958072971782,0.357956038170816
CCDC92,-2.17068757542049,0.029954797021088,0.204002121643342
VPS4B,-0.22010642568653,0.825788270549299,0.937197089682016
SERPINB10,0.105709424685116,0.915812902435579,0.972111996832641
GSC,-0.273426412972957,0.784525451452063,0.92100191468491
ADCK1,0.0439117310040912,0.964974764332704,0.988607218601641
PGF,2.14477259383161,0.0319710334566166,0.211044905102367
NEK9,-0.894328064761601,0.37114638835352,0.686132900080955
IFT43,2.0043604684144,0.0450314607494549,0.250657605524696
IRF2BPL,0.0993782745623445,0.920837931750981,0.974018665867374
ACOT2,1.08353166423021,0.278572504079312,0.605116821042826
FLVCR2,-0.732629658985976,0.463784336550253,0.755888469351866
PAPOLG,-0.56563355415654,0.571642913064484,0.822175725571826
RHOQ,0.962852903763454,0.335621347130492,0.657383919681164
TMEM214,0.860714491049935,0.389395309974828,0.699823547996673
ATAD2B,2.98916995443995,0.0027973648406775,0.0587337910654685
FAM98A,-1.63048319986219,0.102999413063475,0.377805374037322
YIPF4,1.04980156855157,0.293809353948341,0.620090699146453
AFTPH,0.508946233051844,0.610789912077746,0.843878531041176
LGALSL,-1.84770063381546,0.0646456622433284,0.299855337611683
CRIPT,-0.406998145107873,0.684009350544488,0.877352818151112
MFSD13A,1.59573676431151,0.110547576797763,0.389842654028828
PPP1R3C,0.962961854654582,0.335566666443401,0.657383919681164
PRLHR,-1.56434925390585,0.117735571087781,0.399994942729373
HOXB8,-0.178695902249079,0.858176486928005,0.950730386607362
HOXB5,0.591880132882834,0.553930858389829,0.811447382163645
HOXB7,0.0778558278710151,0.937942736956384,0.977679325361294
HOXB1,0.18608489287404,0.852378188740137,0.94982799816368
DUSP1,0.190786931776353,0.848692527553749,0.948104132825221
PANK3,-1.23673653206286,0.21618491140434,0.541180112579607
MSX2,0.815634858384698,0.414709006302575,0.718394601171148
LRP11,0.101256629361967,0.919346743936389,0.973316967106375
CCDC170,0.0262509089534598,0.979057210381676,0.99389605580739
ARAP3,2.11877933205441,0.0341091202119406,0.218268744380318
SLC25A2,-0.5631074855136,0.573361694586686,0.822881149951797
PRRX1,-0.654971127937112,0.512486343245867,0.785723827223485
TNN,-1.20065046742533,0.22988681562311,0.554334334191458
PDZD11,-1.24633082174894,0.21264296684972,0.536122235132543
NUDCD1,0.996953029944413,0.318787309425937,0.64260956329872
CCDC77,2.68848555420661,0.0071776941263533,0.0969527034117172
CCDC169,-0.947348279486167,0.34346133680926,0.663705866516606
UFM1,-2.09342781103147,0.036310981953736,0.225227079683956
ELF1,1.79420863345757,0.0727798746585662,0.316623369379736
ALG5,0.248245424461675,0.803944522412491,0.929335099399805
FAM53C,1.44760646946399,0.147727140812665,0.443898983823638
MYOT,0.854563259205262,0.392792974774637,0.702049934488996
EGR1,0.183943191525579,0.854058020928737,0.950008289901106
MTERF2,2.1871637264353,0.0287305738670768,0.199440630326102
NFYB,-0.622044163356477,0.533912828762079,0.798350727555552
WASHC3,1.5684894852598,0.116766941949151,0.398206472134187
DUSP4,-0.110542090172289,0.911979471253805,0.97170102893589
SORBS3,1.98987335265236,0.0466048884523736,0.255467919149315
TARDBP,0.140265314560129,0.88845036832608,0.963399363344107
RDH10,-0.224605790651154,0.822285959697596,0.936380014102735
DLX4,2.2414563559484,0.0249965295537899,0.184150056889731
COIL,0.716234880586582,0.473846328605114,0.762902868607983
TBX2,-0.659082056736874,0.50984307727175,0.784391799791513
TBX4,0.186930815528875,0.851714877740485,0.949545804614865
TEX14,-0.885557589050789,0.37585597390572,0.689354654671928
FAM117A,0.847907181557278,0.396489664713322,0.705068675297668
NCAPH,1.62095334655858,0.105027644575308,0.380083297816736
MND1,1.59510132821097,0.110689578528021,0.389859916180649
TSHZ3,-3.17863259634223,0.00147971520807595,0.0420644291004341
PLBD1,1.90639441274656,0.0565990530854443,0.278595217571202
KLRK1,-0.913940211192011,0.360748262930081,0.67596901137227
TAS2R10,1.2213661869,0.221947403664443,0.5467955462338
PYROXD1,0.703583211192327,0.481692369710734,0.768615310302362
TAS2R7,0.925508434595032,0.354701498340797,0.672046357288835
NAA50,-0.72052203465764,0.471203637915694,0.761869303438951
MAPK8IP1,0.0468140837949282,0.962661404095603,0.987850034606325
PEX16,2.75459165998932,0.00587654269180023,0.0869095624921441
DEPDC7,2.47215701831815,0.0134300514396747,0.133305391173109
CAT,1.1689843438467,0.242409939262627,0.568299494577368
GJA3,-2.00287894415993,0.0451902836419608,0.251196607528307
GHSR,0.559541714252242,0.575792070650983,0.824599762307784
TNFSF10,0.0423967207446517,0.966182442467299,0.989064747376055
SLITRK3,-0.740637541714244,0.458913238946754,0.751442033547625
CPXM2,-1.21045304611595,0.226105097538527,0.550718653425942
ADORA3,1.5446417230293,0.122432948228172,0.407916887529381
ACVR2A,-0.417046710613594,0.676644241891686,0.874061724324381
POLK,3.22888738061259,0.00124272823007102,0.0382227360174974
FLT3,-2.51571625398588,0.0118790776066988,0.125520188348749
RASL11A,2.087285084488,0.0368623722448484,0.226584069668846
FYTTD1,-0.20549285053186,0.837187083364659,0.942929542460087
MYOG,2.02119692551499,0.0432593838562664,0.245773344874245
AHR,1.95305695871298,0.0508128463206807,0.266501308758338
BBS9,1.39294673568097,0.163635898227786,0.468534583001976
EEPD1,-0.674561677318347,0.499954287600104,0.77807940590872
NPY,-1.64731620247514,0.099493069279553,0.370987614435766
HOXA7,0.096191486448977,0.923368492290651,0.974528837526458
INHBA,-0.105362006286698,0.916088562804752,0.972111996832641
MRM2,-0.615750452500704,0.538059233158243,0.799541814288775
SLC25A51,-0.273157840106256,0.784731886662622,0.921034866099801
CLTA,0.564255391061055,0.572580335731705,0.822342252514195
PHF24,0.0880142109148418,0.929865381299561,0.975549863482734
AKR1D1,-0.982240600390355,0.325981330083319,0.648608677647344
NEUROG3,0.512499243909429,0.608301649334039,0.842587714412531
SRGN,1.62280009742649,0.104632144920362,0.379669227001151
FAM149B1,-1.60705855059824,0.108041524728967,0.385906803510759
UNG,1.49687539238721,0.134425684267639,0.424140554126009
ACADS,1.31288968117013,0.189220124463505,0.505303565439167
HVCN1,0.803670048854864,0.421587556118357,0.723659080495864
RNF11,0.798503389601663,0.424578426921184,0.726743736790983
BHLHE41,0.996463394736705,0.319025044199813,0.642769041819114
SSPN,-0.0373639278188492,0.970194834005772,0.990295218161181
DDX39A,-0.292153637492002,0.770169157833833,0.915129560611091
TRIR,0.105534407363243,0.915951769291455,0.972111996832641
KLHL24,-0.300429482294399,0.76384957810785,0.913019290296562
CCDC70,1.06831391633693,0.285378933129099,0.612676440674115
EBPL,0.746105226472666,0.455603852370475,0.749658191358545
ATP7B,0.31346152053142,0.753930050771404,0.908006366679338
ZC3H13,-0.888603888489715,0.374216000539365,0.688107447843739
NEUROD4,-1.01699416701782,0.309156204258634,0.633862475458872
ORMDL2,0.11204513623586,0.910787618326052,0.97125497409081
PDE1B,-0.775745049472043,0.437899534936126,0.736163958486335
HOXC13,0.0242765968546569,0.980631980633404,0.994268145870035
LRP1,0.0322602840631834,0.974264481433186,0.991806768427706
HOXC11,0.661379225709226,0.508369145128807,0.783880847925498
HOXC12,1.59562605108074,0.110572307671758,0.389842654028828
HOXC6,-0.535475319831799,0.592321219274547,0.834211021220014
FAAH,1.76365635224429,0.0777898539269835,0.327335343276863
RSRP1,-0.661465246596358,0.508313994998948,0.783870378169342
SEC61A1,0.467037892053941,0.64047276823245,0.858754556582263
RAB9B,0.232563056823948,0.816100717135945,0.933815365210433
NRK,2.37284441067459,0.0176516978084204,0.154908700474654
TTC21B,0.756752849348163,0.449197945877009,0.744135160642542
NMI,-0.327933024570887,0.742962303214711,0.904172683595409
TNFAIP6,0.767471119316575,0.442801458057228,0.739934931304083
ACVR1C,0.359335192484768,0.719344350185577,0.89340576780703
BATF3,0.135441349004666,0.89226293353126,0.965724485150119
KCNJ2,0.471393504773105,0.637359753454042,0.85759850583831
EXOSC9,-1.35507527619022,0.175393574897452,0.486474068362901
PLA2G12A,0.0176359907650713,0.985929244658083,0.995324310330273
SNRPA,-1.07457502511171,0.282565038389105,0.609363270848337
B9D2,2.3993354561689,0.0164248598891517,0.149148769716112
RAB38,-0.554696251255676,0.579102440747426,0.825800422229539
GPR83,0.501235553605223,0.61620535518056,0.846813237883496
HAUS3,0.102186199233605,0.918608881826477,0.973236023287892
CHPF,0.994672175239451,0.319895731577658,0.643288492486481
INHA,1.46716770705444,0.142330439286664,0.435618219485939
ENKD1,2.07121228579586,0.0383389619737702,0.23068243672776
ACTR5,-0.14833608032322,0.882077542333853,0.961247471002382
MC3R,-1.76212461311395,0.0780482455833531,0.327516279285729
SYS1,-1.27333439133046,0.202899407842343,0.523797220172047
WFDC3,-1.54899187719473,0.121383672730605,0.406312674906804
PLCG1,1.08100690639115,0.279694041501835,0.606547668188633
SRSF6,-0.0945274206804271,0.924690201409802,0.974713539422955
RAB22A,-0.0871233522298411,0.930573463564944,0.975783754103
PTGIS,1.82616070608992,0.0678260582492172,0.305917669141775
SNAI1,0.625742324829181,0.531483967074707,0.797447340767743
MOCS3,0.762415009591506,0.445812350772954,0.741803791705495
RNF114,0.144410354779238,0.885176440585692,0.962006607741205
PEPD,0.830654145742529,0.406169037283074,0.71147689344016
IL9R,1.16233544942288,0.245099232439791,0.570634603015153
MCEE,0.704531877045362,0.481101605631821,0.767914911441278
PAIP2B,0.867400848146417,0.385722417311419,0.69700943837244
MPHOSPH10,-1.29542865689525,0.195172397644968,0.513813447040325
IL17C,-0.275081680821438,0.78325348544777,0.920595301235215
LIPE,1.85400294988749,0.0637387379663226,0.297283852423207
IRGC,-0.906046869638342,0.364911045101922,0.679762100141856
LYPD3,1.53655435060869,0.124402478590511,0.411309380467001
RNF39,1.3649473852404,0.172269587489697,0.481849481211475
FBXO9,0.295010077368538,0.767986181504787,0.91460750369127
RRP36,4.05008874128341,5.11982138030323e-05,0.00724482432093445
BTN1A1,1.83506225146678,0.0664964662653318,0.303993755212436
SLC17A1,1.86099054326607,0.062745512164706,0.294709361540921
H1-3,-1.89651082411189,0.0578925300720326,0.281904482952316
UNC5CL,0.153065213837288,0.878346847904381,0.959439588764884
AARS2,1.41572192368072,0.156856936853949,0.458114218713716
H1-1,-1.40481541601322,0.160076173717698,0.46299283770987
ZNF391,2.52613219636617,0.01153260761437,0.123468980727426
APOBEC2,-0.200498222274414,0.841090948189846,0.944427959902316
TREM1,-0.790306014705449,0.429349075029465,0.73043036477935
COL21A1,1.1553907566413,0.247930445406796,0.57278692726646
SOX4,1.59247528582943,0.111277951880758,0.390561711937668
CPNE5,-2.6136961836875,0.00895686446471346,0.108344638886971
EREG,-0.927364266551496,0.35373743708135,0.671082644856228
EMC3,-0.273608767345866,0.784385295659513,0.920944796311174
SH3TC1,-1.31813284619055,0.187459180744595,0.503317187458859
BBS2,0.230505024160904,0.81769935987783,0.934703027098712
GOT2,2.31376820559951,0.0206804402836674,0.16752086784506
PIWIL1,-3.98080145537218,6.86833004142566e-05,0.00856375089549758
RAP2A,-1.2568649392563,0.208802546159176,0.53113934875534
SLC10A2,2.0281517517093,0.0425447624369699,0.243649214759845
IRF1,1.07201650612742,0.283712618366819,0.610711306233771
BMP4,2.06053790083237,0.0393471464386922,0.233813309146927
PTGER2,-0.843296738573716,0.399062506397679,0.707104366635075
SOX9,-0.497970685956879,0.618504703861976,0.848354125677763
MYH2,-2.56451344680534,0.0103320575773511,0.116949945021847
ARMC7,1.93402929978573,0.0531095255124667,0.271391014827104
NUP85,-0.954977961603991,0.339588841981909,0.660587395281067
NT5C,0.09398457790143,0.925121407556799,0.974986534140972
MSTO1,2.23599644673382,0.0253520039133926,0.185521729766221
MBOAT7,-0.57869666075755,0.562793869540835,0.81645942838707
ZBTB46,-3.49173900955158,0.000479886904484779,0.0226118803337029
SLC35F5,0.794690569369798,0.426793519470888,0.728673403486752
PSD4,0.574232351247868,0.565810580003157,0.818636397001571
PSPN,2.19336005363536,0.0282814480085433,0.197858887180968
ALKBH7,-1.77251934789552,0.0763083865011241,0.324423908329469
CLPP,1.62396119819844,0.104384090005922,0.379213956733441
THOC2,-0.655313608151964,0.512265861088522,0.785703760634354
CD70,1.09525289264406,0.273405859085596,0.59897655295873
C3,-0.764514912849266,0.44456045318178,0.740812211948543
SH2D3A,1.41701037130695,0.156479895238467,0.457811163884845
RTN2,0.963449068396797,0.335322211945584,0.657320954413696
VASP,1.13166459265522,0.257775472819783,0.583614129556852
SYMPK,-2.91421692280181,0.0035658203610801,0.0676796044879945
CFAP61,2.42540068109221,0.0152914992131957,0.143015294938186
CDC25B,-0.889796876623051,0.373574964005817,0.687620242301003
CD93,0.473357827428074,0.635957912109504,0.85759850583831
CST8,3.05834018126592,0.00222566761741525,0.0521327260269998
TMX4,1.61118627069344,0.10713912930673,0.384964878449882
DSTN,1.90430397425769,0.0568706069397064,0.279422754739528
LAMP5,0.697701017560523,0.485364191672226,0.770243605131693
SNRPB2,-1.34108950024073,0.179891395888688,0.493598980534492
TCF15,0.130026880079479,0.896545159992932,0.967296171098669
OTOR,-0.297311659037835,0.766228581253674,0.91408790968241
SCRT2,-0.322917534707116,0.746757696356925,0.905130054127545
DEFB129,1.53608741252192,0.124516943053339,0.411309380467001
TLE6,5.1403447123567,2.74234888142201e-07,0.000467920349541442
S1PR4,2.57329481788373,0.0100735357184562,0.115312104844955
NCLN,-0.900723228057385,0.36773549532353,0.682853092415981
PITHD1,-2.59983821644657,0.0093267719739563,0.110834051998429
FNTB,-0.190329467299336,0.849050964105238,0.94830211908648
ARMCX5,2.29162433549358,0.0219273299749886,0.172553802407683
MMP24,-0.0376054355802244,0.970002274022804,0.990285750433686
NECAB3,0.444580950334857,0.656622616593797,0.865514030605837
RALY,2.9946713669319,0.00274740676287284,0.0583313332580169
PLAGL2,0.857934945290656,0.390928386620683,0.701051055995832
UROD,1.3950000585348,0.163015821911461,0.467343151089989
KLC1,1.12981202057928,0.258555441988771,0.5843945418208
SLURP1,-2.17494595196038,0.0296341668360797,0.203103682979288
LRFN3,-1.85721146207809,0.0632810748953092,0.295906489123923
IGFLR1,-0.128647514727995,0.897636567350604,0.967856789741631
PDCD2L,0.594506140179653,0.552173636716468,0.809971264935495
FFAR1,1.21093300804224,0.225921080817348,0.550504329369873
KRT13,-1.93505329240082,0.0529837563292506,0.271058089152271
CCR7,-1.14958623009129,0.250314332284129,0.575428309742368
NR1D1,0.132899065620896,0.894273205876074,0.966738321598324
ARL2,1.06838151131471,0.285348453489221,0.612676440674115
RRAS,-0.843684979349081,0.398845463301616,0.707104366635075
PRRG2,2.53133906451623,0.0113627948187492,0.122459801341161
TSKS,-2.76202164838378,0.00574446694148476,0.0859760523125821
NOP53,1.87971622867785,0.0601467626196109,0.287926425074209
FLRT1,-1.66748671591808,0.0954176637008252,0.362972286065871
SBDS,-0.940988124975518,0.346710944695039,0.666649860697332
MLX,-3.22057821358469,0.0012793227874797,0.0386948071044811
WNK4,2.44229128265644,0.0145943658944427,0.139434807367806
TRAP1,0.204514054921738,0.837951809860328,0.943105348574864
SUGP1,-0.307553573013566,0.758422052161526,0.909938049110745
DDX49,1.3865615702656,0.165575493488426,0.470844416483141
GDF1,2.01050812399389,0.044377437256206,0.24849094717199
SDF2,0.933372387477506,0.350627732054604,0.669176853297871
NSRP1,0.794488982395542,0.426910820451214,0.728706559466484
ATG14,0.932537644296571,0.351058741593797,0.669176853297871
DLGAP5,4.28614108926392,1.81803547897908e-05,0.00398223474037459
L3HYPDH,2.3490727256271,0.0188202304745202,0.159715767414396
TBPL2,0.699517958750616,0.484228393782078,0.769571333936043
SGPP1,1.16986800467326,0.242054091438394,0.568040360232364
PLEKHG3,0.880936787506131,0.378352034778895,0.691009366955618
EVI2A,2.10787823889513,0.0350415229883169,0.221093050259879
OMG,-0.375736648418849,0.707112689433556,0.887832840227308
AIF1L,-0.501004992391253,0.616367609386729,0.846813237883496
CANX,-0.569839657763978,0.568786454963365,0.820455606345215
PYCARD,-1.53960407131493,0.12365689247545,0.410190130945027
PHPT1,-0.923011165668981,0.356001386495045,0.672804011803185
TRAF2,-3.33353435178989,0.000857500821001478,0.0320063888036391
ABHD8,1.02006199112559,0.307699061521733,0.632930721853524
HELB,0.0201992037900113,0.983884463040445,0.995023322998978
YEATS4,-0.870473880514316,0.384041487170526,0.695945031184719
TAS2R3,-2.9097190773954,0.00361753753434882,0.06802397435529
TAS2R4,-2.31686620995453,0.0205110209456563,0.167066903772936
TAS2R5,-1.78065825777883,0.07496829625214,0.321452441869546
ZNF777,2.1951464720292,0.0281530925466684,0.197203825817153
IDUA,1.42395868970206,0.154458430803014,0.453964951021951
ZNF317,1.89707379475983,0.0578181992542468,0.281904482952316
PIN1,0.938990599042893,0.347735571044243,0.66699608515469
FBXL12,-3.61061290813608,0.000305474284452406,0.0184977638198322
KIF17,-1.83291936061014,0.0668145641106903,0.304555673227809
KLF2,2.33552825324728,0.0195158417201835,0.163563742731362
F2RL3,1.21043774578223,0.226110965423508,0.550718653425942
JPT2,-1.11955652805829,0.262902789395712,0.589150761492924
GFER,0.77958656331879,0.435634267396619,0.734831221468685
SYNGR3,0.121358062905699,0.903407432258629,0.969947563406211
WDR24,-0.138207234504642,0.890076637661788,0.964197549649157
MON1B,0.489384435218672,0.624569553375451,0.85098345895373
METTL25,1.56978222160521,0.116465785005996,0.39759770622624
EIF3K,0.143750257816781,0.885697683301887,0.962023302864055
EMC6,-0.962800922314683,0.335647437798835,0.657383919681164
CACTIN,2.04625423277636,0.0407313640475923,0.237915199945018
TUBA4A,-2.08733266373438,0.0368580741316063,0.226584069668846
VIL1,-1.07925642929091,0.280473430375404,0.607376624846768
AAMP,0.499524064849323,0.617410237845077,0.847698178934671
FGL2,1.58351541286966,0.113304036498717,0.393562452264135
STYXL1,0.662086854454227,0.507915560024903,0.783491093569053
PEX1,2.79939303700499,0.0051198776023289,0.0812811910442205
LRFN1,0.385470989280342,0.699888496189607,0.885458369867105
RASL11B,0.537259816832134,0.591088157835743,0.833037108812801
TUBGCP6,0.358197956857205,0.72019517613368,0.8934082912762
DGCR6L,0.11146475773436,0.911247810664383,0.971418333644129
CYTH4,1.04466584791495,0.296177434434478,0.622165160113729
SGSM3,-0.894060370235879,0.371289591395684,0.686132900080955
SEZ6L,0.207485204296091,0.835630946524133,0.942701977464482
VPREB3,1.71170066188172,0.0869518465884648,0.346375640538812
SDF2L1,-1.85308849088858,0.0638696761715154,0.297575044858894
YWHAH,-0.917463421851129,0.35889985193507,0.67472286626974
MCHR1,-2.56921755686391,0.0101928443963911,0.116282983231669
GALR3,0.0394268609689823,0.968550064598398,0.989987892361926
CCDC117,0.446706893738159,0.655086703732537,0.864279451713892
RAC2,-0.0864208068444889,0.931131907335842,0.976055173394711
LIF,-1.70023638819539,0.0890864702671318,0.351681099990244
PMPCB,0.19093484521679,0.848576639815609,0.948104132825221
TAS2R16,0.281081213508081,0.778648109992042,0.918389784617283
LSM8,0.160065980184493,0.872829099477192,0.957826247321515
VGF,-0.92287846127255,0.356070546252534,0.672831369107872
STRIP2,0.448398831958689,0.6538653846165,0.864131874092215
DNAJB9,0.530655779840007,0.595657334421759,0.83611034376271
LRRC4,-1.94042659777666,0.0523278667578872,0.269863949181862
SMO,-0.368996753523604,0.712130144607328,0.890382406197176
OPN1SW,0.530796502172181,0.595559804209256,0.836084260040518
SIRT2,1.55286610798459,0.120455125197894,0.404735759796449
MTX2,-1.37311612166472,0.169716249947264,0.477177917674796
HOXD9,0.467995689841115,0.639787671995589,0.858524618499997
HOXD10,-2.28737179427057,0.0221741311781509,0.173590292340441
HOXD11,0.47155168760919,0.637246817938549,0.85759850583831
PIAS1,-0.339222987658448,0.734441753212886,0.900292397929946
SNAP23,0.0103986141428726,0.991703255844709,0.997062606750959
TMOD2,1.29761478771169,0.194419738092099,0.512655413751351
DLL4,-0.46248946931645,0.643730352354736,0.859803281095682
ALDH1A2,-0.102125588725765,0.918656990332825,0.973236023287892
KNSTRN,0.251631929519885,0.801325576373776,0.928577139281225
CLN6,0.759536560377739,0.447531652285618,0.742752688494727
ISLR,-2.31583718079917,0.0205671603140739,0.167111878818801
ACKR4,-0.284057551237556,0.776366276747091,0.91761127167811
MBD4,2.84910691646399,0.00438421445387436,0.0753592068747078
COPB1,-1.10240830843505,0.270284201092266,0.595506838240604
MYOD1,1.39218601663748,0.163866076063716,0.468640750654013
TPH1,-0.877330607416037,0.38030709219255,0.692209605270092
SOX15,4.1961022539665,2.71547687287703e-05,0.00494010382691214
TXNDC17,-0.205591267267451,0.837110199522096,0.942929542460087
ATP1B2,-0.54766991971181,0.583918570064738,0.828660969714407
FXR2,0.412941082716988,0.679649780499161,0.875502129230779
MPDU1,2.98976345279781,0.00279193566330876,0.0587337910654685
CCN4,-1.61572505077681,0.106153772328712,0.382706071102333
QTRT1,1.6142780161213,0.106467136339129,0.383558206874463
CLEC11A,-0.234781708373247,0.814378165564447,0.933125974541569
KLK12,-0.471622655434702,0.637196152802125,0.85759850583831
DHRS2,1.21677869334753,0.223688428758771,0.548627520000203
BCL2L2,1.03661410724505,0.299915736033006,0.62541286058909
PARP2,1.3330332473397,0.182520893397827,0.497307305611932
FOXA1,0.860596295026609,0.38946042720947,0.699862978341276
EAPP,0.821500855170459,0.411361037183701,0.715347178597855
EGLN3,0.298864448369577,0.765043474101293,0.91365384177105
DAD1,0.290045513524815,0.771781418659236,0.915932421661119
CDO1,1.06507329607754,0.286842762461436,0.613638953055925
RAP1B,0.373120883814825,0.709058476191652,0.888677032995566
AANAT,-0.513915880054874,0.607310804433995,0.841967874060849
ARHGEF6,3.58351752236305,0.000338998011603166,0.0192126530422228
ART1,0.839603206659701,0.401130900709974,0.70857195833438
CHRNA10,0.533214882404498,0.593884840607234,0.835204152240831
DAZL,-2.4029233695837,0.0162645953105554,0.148441906187383
MKNK2,0.0885878422187951,0.929409470597996,0.975549863482734
KLF16,0.646557749420511,0.517918210157365,0.78922029410931
INS,-0.447405600884048,0.654582232568898,0.864131874092215
ABHD17A,-0.305604083915317,0.759906110643345,0.910585250369735
SALL1,-0.41055582977737,0.681398257682115,0.876365382874265
ZC3H14,0.325790802310294,0.744582638106328,0.904973449141284
LMAN1,0.210139799197097,0.83355856363477,0.941285465895933
ANGEL1,-3.12144457776731,0.00179966119167261,0.045927403362107
CDADC1,-0.0144869508539472,0.988441489882721,0.996094541751762
VPS35L,-0.115501523487174,0.9080476129916,0.970617045713334
CORO7,0.514017518300656,0.607239742794502,0.841967874060849
SEC14L5,-3.5201680707575,0.000431273421205861,0.0215756508775487
CLSPN,3.69852181008617,0.000216858718795567,0.0152828824911189
PBX4,-1.05189325451122,0.292848527090278,0.619199292408859
DHX40,1.68815050400147,0.0913823417208444,0.355890527859963
HCN2,0.410307828881936,0.681580149819334,0.87636706789613
IGSF21,-0.298197055247182,0.765552769188031,0.914028052133824
SLX1A,1.41283434042049,0.1577044385721,0.459505886179249
TUBG2,2.21247601688997,0.0269337915440357,0.192170229612702
TUBG1,-0.748785424304243,0.453986546264434,0.748051937494956
MAST1,0.571031524290799,0.567978273923322,0.820019581546551
NCAPG,1.60731769407204,0.107984694767191,0.38588156550881
RABGAP1L,0.012262542181047,0.990216152117601,0.99681076259499
ADAMTS2,-0.843094655794993,0.399175507385913,0.707104366635075
CIAO3,-0.601610234897785,0.547433614430029,0.807255409051705
TRNT1,-2.00385482383524,0.0450856140520107,0.250786794155471
DHX58,0.0433183477770543,0.965447765538848,0.988749784015871
KRT12,-1.77120783675363,0.0765261465581085,0.324528750223543
KRT31,-0.33324915325356,0.7389462175553,0.902197893970613
KRT33B,-1.54659894610867,0.121959984022217,0.406881671666881
ARFGEF3,-0.834429190683105,0.404039173687788,0.709974936232051
SNX4,2.63673949025966,0.00837070887414267,0.104934895700679
ROPN1B,-0.0220810531951793,0.982383300151867,0.99484261602909
SPAG1,1.31543189390554,0.188364792468491,0.504315084030788
RRM2B,-0.56495898854573,0.57210165950554,0.822244691204872
TDRD1,-1.94304206831932,0.0520110756385804,0.269590242958221
SCML2,-2.2949498371675,0.0217359992259389,0.172367324585736
TSG101,-1.73650931550499,0.0824738186712549,0.336256158146502
KIAA0930,-0.495747164836825,0.620072806105015,0.848779481227625
DHX35,0.358545948609775,0.71993478829815,0.8934082912762
TRPC4AP,1.01400772881403,0.310579064375183,0.635520927713145
C20orf194,2.10622225490261,0.0351850508733982,0.221345422649456
FKBP6,-3.73393931483296,0.000188507933386115,0.014276218969325
CUL9,0.310324870235761,0.756313920348964,0.908686704835547
PCDHGA12,0.24961744118736,0.802883209366027,0.929127939730341
PCDHGC5,1.32576964328109,0.184916011077483,0.499883859832375
TMCO6,-0.234296744703249,0.81475461295126,0.933245531858312
NDUFA2,1.5349855068655,0.124787388115785,0.411585293690413
ESS2,1.01288506489212,0.311115062944011,0.635654799472013
KRT5,-2.39445040954124,0.0166452941710538,0.149807647539484
KRT75,0.578342264613139,0.563033065134073,0.81645942838707
DPF2,-0.468059915504023,0.63974174346526,0.858524618499997
GAMT,0.130775912171343,0.895952578626317,0.967070343407737
GALNT8,2.07364568485607,0.0381122290313376,0.230334380375962
PSMG3,-0.572523897706793,0.566967100503001,0.819143393533572
FAM155B,0.900527031134727,0.367839846791096,0.682962589681191
CNN1,-2.165755168515,0.0303299008273285,0.205525653223314
CDC16,0.846260671753428,0.397407342268842,0.705799719876055
NECTIN2,-1.2287802084771,0.219154223921891,0.544388074912409
APOE,0.326447206873163,0.744086026055583,0.904973449141284
TOMM40,0.681982368265404,0.495250099898183,0.776115840343594
APOC2,0.533116783237969,0.593952741868845,0.835204152240831
ALLC,-1.41142492121533,0.158119358961807,0.459971507768099
GADD45G,-1.17432006979904,0.240266847379059,0.56622351398185
XPO7,-0.0386959493665219,0.969132802929585,0.990124227689112
FAM98C,0.654977591919334,0.512482181400756,0.785723827223485
SAFB2,1.99233933537449,0.0463338385788272,0.255013647876341
NCAN,3.64443803342505,0.000267976688281653,0.0174443138166961
PLVAP,1.17326933583838,0.240687814979298,0.566504059457262
SLC27A1,0.776184131716917,0.437640274043352,0.736163958486335
USHBP1,3.71316628908032,0.0002046823017813,0.0148775579801484
COLGALT1,1.53647717504673,0.124421391621503,0.411309380467001
PGLS,1.89633182227301,0.0579161808926353,0.281904482952316
LSM7,1.01326725315476,0.310932524588729,0.635520927713145
RSPH3,-1.61587443698287,0.106121463543468,0.382674705801129
MLLT1,0.973586368493108,0.330261957354232,0.652480499849463
BMP15,1.26454142092355,0.206035763455711,0.527921860552262
ACTN4,2.08033915619177,0.0374944357044722,0.228238525001452
EPO,0.355289017904239,0.722373081939309,0.894563777611297
CACNG6,0.0805902909021333,0.935767787827016,0.977346067906343
ZSWIM6,0.0437225222439204,0.965125586226934,0.988607218601641
PXDN,1.48638868292572,0.137176341515126,0.427676730067067
GDF15,2.35753209590337,0.0183968648888571,0.158508575551558
JUND,0.358104996804249,0.720264739791251,0.8934082912762
TRPM4,-0.2666339744218,0.789750994515816,0.923890298919367
OR11H1,1.82794553067754,0.0675577268373059,0.305794372420509
NUMBL,0.249282932348096,0.803141932691593,0.929127939730341
ATXN10,-1.98891029622613,0.0467111050996336,0.255576777413617
MNX1,-0.633230134538833,0.526583369722087,0.793958383676082
CEP85,0.249770567877803,0.802764781894406,0.929127939730341
GATA5,0.00583829980252305,0.995341737189636,0.998154127415021
RBBP8NL,1.77466816282779,0.0759526951261955,0.323593897624102
LAMA5,-0.257566044730845,0.796741838063354,0.927009949611047
PRDM12,-0.288492023168462,0.772970135674624,0.915997366890178
UBE2M,-0.323686920372574,0.746175074232319,0.905130054127545
TRIM28,-1.51457404775764,0.129880308556947,0.418617999880605
YIPF2,0.70401785073356,0.481421657014659,0.768274454912928
TMEM160,2.07394998329606,0.0380839562694955,0.230334380375962
ZC3H4,0.432987786993669,0.665023642428975,0.869556990386133
MAP3K10,-0.13439694839388,0.893088694573068,0.96610215231813
SESN2,0.844799290118665,0.398222911033065,0.706677815298331
HIP1R,-1.53650858392553,0.124413694133207,0.411309380467001
PPAN,2.90575330218944,0.00366370176570131,0.0682585539313248
EIF3G,-2.26993737351785,0.0232113831079822,0.177127576574501
ANGPTL6,2.68059897630842,0.00734905277814004,0.0983697310097502
SHFL,-1.76430660188519,0.0776803730701079,0.327214440512832
SLC6A8,-0.277132653862713,0.781678249236668,0.919893229787314
SLC7A10,1.62284981008881,0.104621514838346,0.379669227001151
LRP3,0.8232525825321,0.410364372372543,0.714610669508655
C12orf65,0.700118317461976,0.483853417320333,0.769571333936043
GRWD1,1.74862649317581,0.0803556036906482,0.332351104930267
NOL11,-0.423233859200644,0.67212464531623,0.872187471217573
SLC35D2,1.97076570766834,0.0487506808219784,0.260715638408327
PPIL4,-1.05213159875104,0.292739176451444,0.619048833803191
BPIFB1,3.11603080271597,0.0018330312430975,0.0461404339075527
RBM39,0.110278915154853,0.91218817853073,0.97170102893589
ACSS2,-1.60616992369456,0.108236579717719,0.38651833457689
C1QL1,-1.30604856352603,0.191536043188858,0.508618565538695
ATP6V1E1,-0.738164688436782,0.460414377993414,0.753134088650806
CCL25,1.22403050612232,0.22094071968149,0.546160367510656
COX4I1,-0.361977103255088,0.717369140825457,0.892970432449811
EMC8,-0.879705053392223,0.379019111108,0.691599648933512
GSE1,-0.173503717369886,0.862255506157703,0.951912629749322
GINS2,0.582409915959907,0.560290603961779,0.814872175829203
F12,-0.359888691644414,0.718930373980839,0.893367074097738
ABCB7,0.816009959854077,0.414494439286642,0.718330041364057
HAUS8,2.37442935956735,0.017576098998393,0.154663946072179
ADGRE3,-1.01271261576058,0.311197450153915,0.635689914246353
MRPS25,1.80686413806493,0.0707834653173897,0.312113490024366
CAPN7,-0.0751825195902649,0.940069492333565,0.978237030773654
C3orf20,0.336924326974115,0.736173946143315,0.901052895343729
RBSN,-0.931989086331681,0.35134216562157,0.669280193037963
PDLIM4,0.646055554258548,0.518243377942193,0.789514938001606
GFPT2,0.0226093945454323,0.98196184998064,0.994664393596812
PSMC3IP,1.74207910298571,0.0814946036325178,0.33407840927655
VPS25,-0.609262224557021,0.542350641626396,0.802694324788538
AOC2,1.81803498049527,0.0690587864752001,0.30879279171766
G6PC,0.124389592869361,0.901006813039591,0.968457871111277
PCDHAC1,0.269091622127307,0.787859177313976,0.922926399074052
PCDHGA3,-0.228246703561343,0.819454455326394,0.935520566525053
NDFIP1,-1.00913056300393,0.312912022109614,0.636864762226863
EXOC4,-2.0894479146365,0.0366674219006046,0.226157626174619
FLYWCH1,1.12149660124318,0.262076537428619,0.588039672644033
TMEM204,-0.705352764595504,0.480590731660397,0.767628613468996
BARX1,-0.54998189994287,0.582331788245223,0.827609377273729
WDR44,0.490760409125737,0.623595914808757,0.850484663181715
CKMT2,-1.75916018040465,0.0785503055437909,0.328231918927665
TNS4,0.453757935958195,0.650003062308449,0.862085380634017
PPP1R1B,0.760815193316994,0.446767458267991,0.742429129697136
FMO5,-2.10915827831163,0.0349309218468454,0.220738913144451
PRKAB2,-1.92359788754093,0.0544050060573914,0.273611772629307
CHSY1,-1.27254934284009,0.20317800410648,0.524130234932643
SNRPA1,-3.12331980405389,0.00178823327407772,0.045927403362107
NR0B2,0.428050579974812,0.668614295955611,0.870880665778027
THAP1,-0.79726285469042,0.425298388488147,0.727243408818214
RHPN2,0.563336601430552,0.573205699084642,0.822781442829008
ACTR10,-0.784997807724362,0.432454853952942,0.732315646148871
DNAJB1,0.897608823056599,0.369394133553338,0.684458458146579
ZSWIM4,0.513622988462518,0.607515603980233,0.841967874060849
RFX1,2.88691404402036,0.00389040497375562,0.070218243626677
DCAF15,-0.562309425083465,0.573905217871483,0.823005368174721
TRIM21,0.585131513304222,0.55845929079471,0.814254443149361
WDR7,-1.04935012640443,0.294017003362394,0.620202665809499
SMARCC1,-1.58397075340678,0.113200374752739,0.393410136013538
SLC6A11,-1.39237252314499,0.163809620491445,0.468640750654013
NUP210,-1.49766182117305,0.134221135951633,0.423840222015194
HSD17B7,0.619172313941985,0.535802848666881,0.798350727555552
EMILIN2,2.95813527019785,0.00309506271297608,0.0623203372852538
DNHD1,-0.433432265446442,0.66470076436022,0.869426267091497
RRP8,2.07411382479968,0.0380687409314538,0.230334380375962
TIMM10B,1.15040435048458,0.24997736913374,0.575224279130481
EFR3A,-1.36197149870201,0.173206879998181,0.483386762722196
OC90,-1.49367940252716,0.135259434653341,0.425469339685884
PTCD3,4.30654005391785,1.65827913862853e-05,0.00369877189053158
ILKAP,-1.9105796075401,0.0560586270573959,0.277572354669655
PER2,-1.63917136541969,0.101177575567413,0.373930542197915
RAMP1,-0.478351578415298,0.632399991333154,0.855219117314839
PTPRE,-3.40875884225283,0.000652591418359629,0.0269843221943654
RPA1,-0.798402423548196,0.424636997323043,0.726743736790983
SERPINF1,3.16019728814488,0.00157662341595733,0.043168055657521
EEFSEC,-0.0265487574300625,0.978819644481959,0.993717124978584
COQ3,0.220726439418534,0.825305443479291,0.937146406343554
POPDC3,-1.07001570682777,0.284612238816003,0.611759684255218
LANCL2,0.506259741968486,0.612674320504686,0.844818003183037
GRSF1,3.63406902248718,0.000278986174641725,0.0179447893046338
JCHAIN,0.41780064271035,0.676092880944372,0.87404954187302
UTP3,0.525839554677623,0.598999689298495,0.836788297058378
TRIM47,-0.981436913767544,0.326377330155888,0.649030811495129
KDM6B,1.15932869481198,0.246322229585871,0.571437625179967
GUCY2D,-0.404602392363769,0.685769799734667,0.878082209013288
RIDA,1.39532178034443,0.162918826964615,0.467343151089989
MATN2,0.166555838532546,0.867719543962697,0.955063414635376
BRD8,2.82351414719181,0.00475003295596152,0.0780864951147873
REEP2,1.52960559896417,0.126114382731023,0.41326531982544
ERAL1,2.53840620073651,0.0111358649725229,0.122052717240549
NIP7,-1.1181093656513,0.263520286911332,0.589698181546131
TERF2,1.35996711199133,0.173840331523478,0.483974224855704
VPS4A,0.212119548461931,0.832013769238717,0.94025735101376
JAG1,2.29823928045103,0.0215481741832789,0.171465073803028
HSPA12B,1.43098218767629,0.152435320190069,0.450962603570145
SNAP25,-0.463978430329736,0.642663199414342,0.859677013279956
NXT1,-0.362699196336022,0.716829600130555,0.892970432449811
RIN2,-0.0835387335885168,0.933423180061984,0.976686871449532
SSTR4,-1.06088560215961,0.288741893232358,0.614766497754275
CRP,0.17069718549973,0.864461875994892,0.953239854244138
HAPLN2,-0.366306962751805,0.71413603460792,0.89137771330354
APCS,0.925879963073771,0.354508365298131,0.671801629483566
IGHMBP2,-0.553777411772064,0.57973118893146,0.825863721785361
ACY3,3.03643079246209,0.00239397058939006,0.0549053250090577
TESMIN,-3.09719115647355,0.00195363850076997,0.0482057267984497
DPH2,1.00083135866319,0.316908346186573,0.641084565050747
ZSWIM3,-0.105129283382795,0.916273223269746,0.972111996832641
OSER1,-0.566112893367972,0.571317039032814,0.822175725571826
SERINC3,-1.59446560191761,0.110831789210502,0.390104718771369
DMGDH,2.71438928621064,0.00663980902391214,0.0933431608574084
BHMT2,0.689509156211511,0.490502913264773,0.772978775267889
AP3B1,2.22711583900822,0.0259395329019605,0.187786462174131
SYT4,1.92747081555067,0.0539209817333537,0.272641254311354
NMUR2,0.519332395061263,0.603528966481326,0.839708241862301
PDE6A,-0.719769705085027,0.471666800473135,0.762086092094625
ATP8A2,0.789744292457158,0.429677118548108,0.73043036477935
USPL1,1.75730531960639,0.0788657815649478,0.328463544729322
RNF17,1.2056015400263,0.227971165118228,0.552308506077866
MYH4,-0.0505599974685608,0.959676139427551,0.986420424372573
PEMT,-0.635279175598849,0.525246352783475,0.792785621386678
SCO1,1.65415180184195,0.0980966730588316,0.368920875547703
CHI3L1,-0.0835941591567632,0.933379111000627,0.976686871449532
MYBPH,-1.39405116561222,0.163302154434045,0.4679096024786
CCNA1,-2.30086925520205,0.0213990223962142,0.170613258249009
RFXAP,-0.174587430925756,0.861403825562152,0.951535545684279
RNF128,-0.504379057203611,0.613995032044888,0.845448210226074
KMT5C,-1.16085409422281,0.245701240055457,0.570814304150623
PDE6B,-5.72089054661743,1.05967148709034e-08,7.98923420165148e-05
HSPBP1,-1.66634118577275,0.0956454779277636,0.363582915509174
CSNK1G2,-0.0992983703735367,0.920901372277258,0.974018985127802
CEP20,0.386280978693828,0.699288586177354,0.885113907023953
MED10,-1.11381313968948,0.265359358791378,0.591517122791588
CCDC134,0.517788862806628,0.604605589678549,0.84013940672372
SEC14L4,0.157672054959879,0.874715221920594,0.958508587892841
PI4KA,-1.21230628335774,0.225395159556151,0.550194547552232
MKRN1,0.401061911040511,0.688374542759702,0.879251090036801
ACTR3B,-0.358783905594191,0.71975675362934,0.8934082912762
NTS,-0.284603956596749,0.775947579640098,0.917407189524607
BTG1,0.268499448831815,0.788314899068019,0.923150330642954
KRAS,0.143978070930227,0.88551778605967,0.962006607741205
IPO8,-0.42950684004451,0.667554417181771,0.870545346022761
PMP2,-0.870019454248173,0.384289772767423,0.695945031184719
FABP4,0.551942496459174,0.580987751427481,0.826580396988329
CCDC59,2.40474565211647,0.0161837252024474,0.148011247716221
LYVE1,0.723623206275033,0.469297090439781,0.760303502142769
RRAS2,0.296007105038619,0.767224655387632,0.914206016259511
SARAF,0.932218330673013,0.35122370407424,0.669258405956049
RNF122,-1.96157370250096,0.049812136433609,0.263513354912653
DUSP26,-1.02324959170938,0.306189850739366,0.631310385103318
ERG28,-2.33123008966001,0.0197412303210705,0.164432478044312
DGLUCY,-0.775159452081304,0.438245444737698,0.736178467893311
CATSPERB,0.627398552819477,0.530398016138209,0.796629118197204
VRTN,2.67117384464966,0.00755864888736713,0.0994991804238861
SYNJ2BP,0.308673856551822,0.757569632760178,0.909403979379827
TTC9,-1.53122065879482,0.125714866695845,0.412738367736437
EIF2S1,-0.0105030660299105,0.991619919847838,0.997062606750959
ELP3,0.205904632950383,0.836865406423406,0.942899307035889
ADAMDEC1,2.04068006616198,0.0412826379919361,0.23966700544817
MBD2,-0.689476156138024,0.490523673063732,0.772978775267889
MRPS36,0.208137457205333,0.835121640918628,0.942498148137094
CCNB1,0.717378960431393,0.473140298058219,0.762505739053972
CDK7,1.48592090738299,0.137300042741336,0.427810533477117
CD180,0.157550535053612,0.874810983932753,0.958548721595755
IRAK2,2.7726400184365,0.00556035926966056,0.0849461483524298
CAMK1,1.92015633093407,0.0548381557225058,0.274597363641056
VHL,0.987950204918277,0.32317703586228,0.647032679630892
BHLHE40,-0.824837468607706,0.409463871333182,0.713921977382244
ARL8B,0.253513563678916,0.79987138113678,0.92826771796707
EDEM1,-2.34684405159739,0.018933177325878,0.160338490739371
CHL1,-1.42186126217083,0.155066530791409,0.455256909545
DPH6,-0.0915312785510005,0.927070453853572,0.975498759076853
KATNBL1,0.200397878377363,0.841169418645533,0.944427959902316
EMC7,-0.552220010955276,0.580797625817326,0.826580396988329
TSHB,1.26107066080262,0.207283390050657,0.529643796640451
SORT1,-2.73638653109419,0.00621180136081859,0.0903833826369017
NOTCH2,-2.23289569221894,0.0255558237359775,0.186172740196162
TRIM45,-0.857733601647978,0.391039581234067,0.701051055995832
ARF3,1.47324552084367,0.140684844735132,0.433034684449631
SLC38A2,-0.0305835629138897,0.975601650912816,0.992127935230932
KIDINS220,-1.50401030331617,0.132578713823673,0.421779857187029
CMPK2,-0.972445330214086,0.330829049962619,0.652996598982476
FST,0.248323229379657,0.803884327325596,0.929335099399805
CFHR5,1.49937952427542,0.133775202393132,0.423260248992833
ERN2,-0.0784513430058592,0.937469033529101,0.9776702834624
NARS1,2.96706566006444,0.00300656744662395,0.0610410096099784
RELCH,0.586099214720229,0.557808843982855,0.8137452571432
CCNH,1.70874390510649,0.0874983975104255,0.34795425055115
HRH4,-0.4407558316712,0.659389772364083,0.866903140583131
CABLES1,0.83565710371208,0.403347833937285,0.709968219675439
EMP1,2.06669585362639,0.0387628221307522,0.231933032084667
RERG,0.664718329245608,0.506230668082558,0.782295061392905
SLCO1B1,2.36415478622148,0.0180712605083178,0.156880321084032
SPX,-0.401221256596556,0.68825723199598,0.879251090036801
MYBPC3,0.733751567230836,0.463100163632047,0.755505875765942
DDB2,0.489619752494074,0.624402996439718,0.85092888593336
FOLH1,2.26590777331383,0.0234570305870469,0.177919985393282
RAB33A,1.46817764722852,0.142055974347317,0.435187138889119
MTNR1B,-0.879792380073068,0.378971793344076,0.691599648933512
PHC2,4.37080350486233,1.23790155986632e-05,0.00303837889798994
TUT4,0.772184684946158,0.440005050924606,0.737466846286521
PRPF38A,0.450040838892044,0.65268099380303,0.863405388766287
DSG3,-4.1193304571781,3.79974885821513e-05,0.00603824796498128
DSG1,-2.18296355851749,0.0290384937549701,0.200547484139033
DSC1,-0.874518799658085,0.38183578674007,0.693717577685495
DAGLA,-1.10205497682982,0.270437771379424,0.595506838240604
TIMM10,-0.105182914358838,0.916230667878232,0.972111996832641
AHNAK,-0.732570360319049,0.463820514292902,0.755888469351866
CBLIF,1.19465406439744,0.232222216637971,0.557441221469423
TCN1,3.22814234642495,0.00124596956370353,0.0382498497311942
CEP135,1.33149157688634,0.183027314719444,0.497933827507129
PDGFRA,-0.153423580748104,0.878064250277833,0.959309847352314
CARS2,3.26642870831819,0.00108913227623897,0.0360067352436856
ADAMTS8,-1.63664932761741,0.101703762453898,0.37480412975262
KLB,1.78575449485644,0.0741390175955693,0.319776300214631
SEMA6A,0.195587135366315,0.84493333029451,0.9460312290833
APC,2.05175750564561,0.0401932349881479,0.236304731927054
ANXA1,-1.84328484382363,0.0652874328363759,0.301236549628471
CCNJL,1.21821232726226,0.223143296343568,0.548359957012757
USP30,-2.19538062608294,0.0281363056792541,0.197203825817153
SDS,0.212001866306563,0.832105578315339,0.940295546494237
MSI1,0.631701312134904,0.527582070478584,0.794592561077777
TBX3,2.02088058933182,0.0432921277125324,0.245873194846685
OASL,0.014214681074929,0.988658707366423,0.996094541751762
HRK,2.23349144403763,0.0255165539225056,0.186053901273006
DTX1,-1.00142673662948,0.316620543421021,0.641055129303541
TRAFD1,0.372009989252869,0.709885411925668,0.889295982563566
GSAP,3.12685508579005,0.00176686994799575,0.0456632941421702
OCM2,-0.0798729675749392,0.936338289871135,0.977346067906343
UPK3B,0.77524175118405,0.438196821533662,0.736178467893311
TMEM60,1.20709850389021,0.227394210999014,0.551912625498714
PNPLA8,-0.471428931359132,0.637334459714023,0.85759850583831
RINT1,-0.445260588898499,0.656131445503861,0.865190690347194
NT5E,-2.77491658261054,0.00552158682881343,0.084916123844046
MRAP2,-1.81874228024973,0.0689507580221291,0.30879279171766
AKIRIN2,-1.0381452705405,0.29920242796885,0.62521999768211
ORC3,1.1569773080005,0.247281631519266,0.571905130717245
LMO2,-0.786758663050603,0.431423155972783,0.731489353314467
NAT10,0.357941933975276,0.720386768193855,0.8934082912762
PRRG4,0.559484281372888,0.575831255814768,0.824599762307784
PRPH,-0.685104282658466,0.493278117967339,0.775212818899806
AVIL,-0.409890648561931,0.681886165547212,0.87636706789613
AMHR2,1.41973261115081,0.155685540282927,0.45649546353943
GDF11,-1.18770992763104,0.234947711161049,0.56021035734725
FAM186B,1.5314902245021,0.125648280580367,0.412691586611381
RDH5,0.580744955821701,0.561412358033968,0.815410986815791
KRT85,-1.22509457676183,0.220539588295228,0.546160367510656
CDK4,-0.833421095451746,0.404607281369971,0.7102316898122
PPP1R1A,1.06045625748941,0.288937080073794,0.614939749332475
TSPAN31,-0.546976085748609,0.584395161733727,0.829172021756126
TFCP2,2.09937602137978,0.0357837667473098,0.223728790069944
ESPL1,2.79296096336123,0.00522279943083348,0.0822193411067518
ZC3H10,1.74531259759026,0.0809304702714177,0.333092600786304
KRT84,0.178400772297545,0.858408242827981,0.950730386607362
KRT82,-0.109282289947599,0.912978593033489,0.971793407832928
KCNH3,-0.955508371122001,0.339320674081994,0.660349238347346
TAAR5,1.86037491716437,0.0628325008778673,0.294811547989125
NMBR,-0.950082035639243,0.342070570447051,0.662915097605961
SMPD2,-0.0507818526799146,0.959499351680822,0.986334664598836
HTRA2,0.571899763860694,0.567389884028971,0.819541225735179
PRADC1,0.291029054880895,0.771029098226508,0.915499756026108
CCT7,-1.19274007677843,0.232971184794069,0.558118524139382
MRPL53,0.290856040448859,0.771161423075477,0.915531788371084
EMX1,0.455827649615342,0.648513919688586,0.861755869224612
KCNMB4,-1.58588348783183,0.112765742176266,0.392910557810638
MDM2,0.733719603222292,0.463119648442865,0.755505875765942
BCO1,-3.12249983835721,0.00179322203977008,0.045927403362107
MPHOSPH6,0.109789315175022,0.912576465071516,0.971730044079238
KIAA0513,0.735736452795098,0.461891100904729,0.754260815491109
DYNC1LI2,-0.489641661398874,0.624387490352063,0.85092888593336
FBXL8,-0.177908639944275,0.858794725401448,0.950934231939067
FHOD1,0.744073519097879,0.456831998714155,0.749998870195994
CCDC102A,0.836121659371667,0.403086464599713,0.709948912430796
PCNX2,-0.0594524623325209,0.952591728022598,0.983541732126991
URB2,-2.16005220370039,0.0307686285134493,0.207027272550643
TAF5L,-0.54115882569557,0.588398114683308,0.831599161344207
STX6,-0.700826231962965,0.483411465329573,0.769329056605504
RGS8,-0.948717951522001,0.342764081357336,0.663328109177693
LAMC1,-1.04542071676542,0.295828565974817,0.622165160113729
MRPL44,-1.04176814929423,0.297519184348555,0.623543891790242
CHRND,-0.875145620838722,0.381494676998914,0.693700607973458
USP37,1.48452800753445,0.137668898612718,0.428218051598379
HTR2B,1.92577085353561,0.0541329923261742,0.273186101444423
WNT10A,0.0837772961592692,0.933233499588049,0.976686871449532
TMBIM1,-0.143503380932239,0.885892641288574,0.96217058581121
CYP27A1,2.82859406023125,0.00467529600087357,0.0773964071788886
EIF4E2,-0.971536554750572,0.33128115905166,0.653570631337435
CAB39,0.284453331267151,0.776062993663232,0.917407189524607
COX5B,0.869693841786267,0.384467738542915,0.695945031184719
REV1,0.9287137890182,0.353037432766729,0.670753327343931
MFSD9,-0.753864582082274,0.450930539743462,0.745442390107568
TMEM127,0.724967634838599,0.468471886112263,0.759497979795326
MRPS9,2.59451645543637,0.00947240790936719,0.111262338783309
GPR45,-1.83324763217729,0.0667657532755382,0.304555673227809
C2orf49,0.248455778785276,0.803781780921161,0.929335099399805
EPC2,-1.40713300789741,0.159387951987522,0.462085371805712
ALDH1L2,0.189145947039739,0.849978430850353,0.948719211241796
USP44,2.05862834051428,0.0395298556937094,0.234375204827615
PLXNC1,-1.65707602459505,0.0975041057003294,0.367659348049544
DRAM1,0.53249266439431,0.594384821111585,0.835302892786343
SLC41A2,0.221649863003361,0.824586462742652,0.936959128958685
CKAP2,1.80661503888212,0.0708223230006515,0.312199900331129
THSD1,2.01825047687772,0.0435651815399912,0.246645463938927
MED4,-0.550811098605589,0.581763175142944,0.827175377709823
NUDT15,1.52879197481046,0.12631602249347,0.413348554699104
CHST12,-0.942642629996858,0.34586372698849,0.665729147459498
IGF2BP3,-0.412433785633975,0.680021503878534,0.875702594451987
KDELR2,-0.511257083920401,0.609171051702157,0.843097703725491
NUP42,-0.934590919789844,0.349999160315025,0.668528916986359
DDX56,-1.97198073695085,0.0486118055661099,0.260582312492127
HUS1,0.234462270384259,0.814626120761226,0.933224135129282
MYO1G,0.236915729728159,0.812722166785128,0.932631051427975
TTYH3,-3.3131884274696,0.000922388147010062,0.0330774103426683
CIDEB,-0.926341942866611,0.354268305260424,0.671539581331566
TTC5,1.2723124478239,0.203262127570579,0.524130234932643
NKX2-8,0.849752339096922,0.395462792713767,0.704202593984567
ACSBG1,-0.0907773758825377,0.927669487244455,0.975498759076853
MTHFS,1.06521020825747,0.286780815109052,0.613638953055925
ABHD17C,-2.06056233943437,0.0393448127755892,0.233813309146927
IREB2,-1.10319356960121,0.269943113246761,0.595322158551603
ALPK3,1.17537900406346,0.239843119600082,0.565581515759326
CIB2,-2.84238900566316,0.00447768195166112,0.0758181806166313
RSAD1,-0.127483054660658,0.898558084171042,0.968196502322227
CHAD,-0.0288922121860203,0.976950556805851,0.992962987144831
TACO1,1.67804148005541,0.0933390016018553,0.358684655515522
TEX2,-0.806689204242363,0.419845565457009,0.722275182603764
LIMD2,0.127077074690945,0.898879396088198,0.968196502322227
BRIP1,2.65544617109817,0.00792035731317794,0.101970668537968
KAT7,-0.389269331241105,0.697076920805148,0.883665622164951
NDUFB5,3.03452980432085,0.00240910950570024,0.0549989520815426
MARCHF7,0.556293467450214,0.578010252183546,0.825750764819593
CD302,1.01696927562462,0.309168045693688,0.633862475458872
GALNT5,5.2339277983376,1.65945296266678e-07,0.00035358137800783
TANK,0.765133786083831,0.444191883068959,0.740585258016864
BLK,0.392420855423855,0.694747278924212,0.88254691314062
SKIL,0.539855311454097,0.589296818759699,0.832076865684869
KCTD3,1.33557063830109,0.181689652475887,0.49620347034639
CBWD2,1.80798332221052,0.0706090963157228,0.311429344811307
IL36G,-1.74663997143165,0.0806998090826459,0.333022585942306
IL36A,0.810411313961894,0.417703817446033,0.720962749119663
CCDC115,-0.919715310934853,0.357721549416672,0.674082373194475
IMP4,-0.357013351977818,0.721081810122024,0.89353502581674
HS6ST1,-2.83563433327925,0.00457347768899566,0.076483589744322
UGGT1,-2.91327819728598,0.00357655815458604,0.0678040130148364
GAD2,1.5257899806117,0.127062176753855,0.414183159018794
ECPAS,1.96481531604003,0.0494356168551566,0.262721938886962
TOR1B,-0.423016472962767,0.672283242390547,0.872187471217573
RALGPS1,0.819936398083743,0.412252365834308,0.716259273444131
OR1J1,0.454121734711594,0.649741210482127,0.861908116924854
OR13C9,1.92740790231629,0.0539288155822873,0.272641254311354
DAB2IP,-0.668843565482393,0.503595272952257,0.780081783188373
SLC31A2,0.145943893377,0.883965680627928,0.961796641624449
ORM1,-0.172092532513097,0.86336478337356,0.952476573669331
STX17,-1.73825085946213,0.0821666209913981,0.335498011651685
BAAT,-0.309281846077831,0.757107139200433,0.90937626224517
GABBR2,0.197438906435205,0.843484085858548,0.945180519277048
PSMB7,-1.57640328664144,0.114932891433767,0.395394001355786
PDCL,-1.42666783969883,0.153675659776751,0.452731510236525
ENPP2,-0.640164048554225,0.522065952995847,0.791261219873081
DERL1,-1.47375320175381,0.140548052725189,0.432862558040037
CCN3,1.50543808430166,0.132211483930208,0.421273037748131
RANBP6,-0.160057597223648,0.872835702978002,0.957826247321515
RNF38,0.177555426869316,0.859072132415098,0.950964647684026
CCL21,0.380469396375135,0.703597009666867,0.88662895546602
CCL27,-1.34441969247564,0.178812709390136,0.492251223930827
DCTN3,-0.702305732857412,0.482488518835163,0.768690426754389
HINT2,-0.230817529951942,0.817456561996912,0.934703027098712
KLC4,-1.1392850313928,0.25458428958462,0.581193568054003
GMPR,-0.878733138266237,0.379545986467399,0.69202034810462
TMEM63B,0.238048237572508,0.81184368116875,0.932448832190131
TTBK1,0.325025776228183,0.745161563303274,0.904973667022015
TINAG,2.87772935314009,0.00400548623388966,0.0711896122424534
GCM1,0.409163272900387,0.682419845081467,0.876506935804997
RIPK1,-2.72546563398317,0.00642108605622636,0.0922724268734529
TUBB2B,-1.65092750513188,0.0987533786945274,0.36956993063767
PSORS1C2,-0.421654451215501,0.673277255521034,0.87268779566225
MRPS18B,0.75521641721799,0.450119139671156,0.744791867591851
IER3,0.581829698903208,0.560681397416727,0.814938108821449
PGBD1,-0.264694197356286,0.791245047947368,0.924780242645234
GTF2H4,-1.47680789387834,0.139727139962572,0.431325411359483
POU5F1,0.0175059683643744,0.98603297151057,0.995367032148896
CLPS,1.64539596476231,0.0998881811729625,0.371570116593749
RNF144B,1.26895978166204,0.20445540870136,0.525501893919253
NRM,-0.691749185073828,0.489094853134365,0.772142201261677
FAM8A1,1.11830274844918,0.263437713487123,0.589698181546131
THAP12,-1.26058083414308,0.207459907448522,0.52966538871142
LRRC32,0.883947390598115,0.37672461310876,0.690098690248553
MRPL15,-0.736230573462136,0.461590389045032,0.753921666266719
PI15,-0.0118436867141694,0.990550326150511,0.996823135070071
TTPA,-1.49093086615468,0.135979646605988,0.426188423605229
GGH,0.69553298595853,0.486721346653407,0.771286112946977
SLCO5A1,0.328943345117973,0.742198511046047,0.903757179736231
TGS1,0.588185033894291,0.556408101755079,0.813007432897618
USP2,-2.07110354138834,0.0383491209872708,0.23068243672776
HTR3B,-0.322090127998194,0.74738441682928,0.905234941490753
SORL1,-2.04889203371139,0.0404726734936927,0.236830889768688
MMP7,2.19078711779916,0.0284672012750558,0.198462307727905
MMP20,2.80300368768386,0.00506290904371266,0.0806929131657213
MMP27,2.46748764299167,0.0136064917592837,0.134355658323458
DCUN1D5,0.932493594507474,0.351081495492942,0.669176853297871
FDXACB1,1.17184107877356,0.241260866694592,0.567301138638077
FDX1,1.59022731211972,0.11178357623346,0.391355099875569
MMP13,1.15188691275401,0.249367546788455,0.574659416260022
UNC13C,1.79529213626013,0.0726071672830086,0.316318625733367
CTDSPL2,-0.603648642798704,0.546077265500274,0.806274403614479
THBS1,-1.68315178490242,0.0923457118157619,0.357130516246042
NDUFAF1,2.44560584527473,0.0144608995177905,0.139145658004837
KIF23,-1.12587032876391,0.260220410134785,0.585844681556815
HAUS2,2.37952106506934,0.017335152186161,0.153436827689851
RPLP1,0.19955825456832,0.841826079019855,0.94456312576719
TUBGCP4,0.713022331631229,0.47583193847013,0.765000644052469
RMDN3,-0.29310821509223,0.769439437670801,0.91476044045812
ITPKA,-1.04519947441411,0.295930786323303,0.622165160113729
PLCB2,-1.67405801642697,0.0941191978142741,0.360266632927527
TMEM62,1.28673984258257,0.198184980982797,0.517541542895145
ADAM10,-1.7788161020305,0.0752699164208336,0.321843228451002
BCL2L10,-0.709619697019152,0.477940001717615,0.766431486801206
RSL24D1,0.328992258553192,0.742161539416574,0.903757179736231
GCHFR,0.680279219017388,0.496327680171348,0.776429210236021
MNS1,0.199569871633648,0.841816992691496,0.94456312576719
TTLL7,0.110329850646264,0.912147784376524,0.97170102893589
KYAT3,2.87526685637648,0.00403686153111469,0.0714339394736223
ARHGAP29,3.05270419494913,0.00226789374660717,0.0527407313325045
RTCA,-1.84151198694607,0.065546565612617,0.30176084548689
IFT172,-2.58629176876166,0.00970147696027067,0.112718622308677
SELENOI,-1.37048386312638,0.17053590928229,0.478403695665738
CGREF1,1.52123526487626,0.128200808768945,0.416129146572505
KHK,-0.0668944973052313,0.946665693742006,0.980730169363683
DYNC2LI1,-0.525604102631617,0.599163305621251,0.836788297058378
PREB,1.57463547292952,0.115340609961539,0.395860691370735
SLC3A1,0.417539677590412,0.676283708700725,0.87404954187302
SIX3,0.9501863717057,0.342017562160974,0.662903604591407
LRPPRC,3.92361875482897,8.7228736763279e-05,0.00946048548746698
LOXL4,-1.22815919039303,0.2193872149523,0.544737648155919
BTBD16,-3.25017602195569,0.00115333597505108,0.0368726288355088
KIF11,2.94768154449177,0.00320166697441569,0.0636758527463853
ARL3,1.76927943489932,0.0768472536210702,0.325396325481695
EXOC6,1.25374462103497,0.20993484374026,0.532441540007178
DBR1,0.399127145203815,0.689799521657668,0.880087126689357
TOPBP1,1.72330567827741,0.0848332614643491,0.340941689580342
DNAJC13,-2.25547304885846,0.0241036521045792,0.180877822668113
GPR87,1.3583580864094,0.174350087074639,0.484869579989474
BARD1,2.91495165547082,0.00355743644813461,0.0676789758072934
MSTN,0.227045243081463,0.820388561780281,0.93564249717431
ASNSD1,2.16395559559223,0.0304677574781097,0.206029153509671
SSB,-0.178768513567168,0.85811946950703,0.950730386607362
PPIG,-0.217561367759534,0.82777088749949,0.938341024930361
CRYGB,-2.08969523048215,0.0366451857309991,0.226106515231734
CHRNA1,-1.33796352180915,0.180908328310396,0.494910226765098
WDR12,1.61963044809643,0.10531168491311,0.38068624013305
ABI2,-1.1844888389281,0.236219611813743,0.561542528549413
ITGAV,-0.870003388502504,0.384298552431246,0.695945031184719
SLC40A1,-0.5383053005769,0.590366292543461,0.832687716310212
COL8A1,-1.48963971540605,0.136318993462934,0.426605639217009
SLC49A4,1.00001578293019,0.317302869909084,0.641452010271432
GUCA1C,-1.03502348955046,0.300657941467259,0.625991091580277
CCDC54,0.960964774211213,0.336569879856907,0.658236146549301
WBP11,2.580731844078,0.00985911305369689,0.113803119864726
EPYC,0.237140064637828,0.812548131581046,0.932577619100159
TRHDE,0.511114931935547,0.609270580783919,0.84312577160341
OSBPL8,0.0297474859602729,0.976268440341836,0.992619191412673
INTS13,-0.220915703774816,0.825158069649074,0.937136935603774
GYS2,-0.0943863721770267,0.924802240902315,0.974713539422955
ABCC9,-1.43335996044919,0.151754994648581,0.450004377587638
SYT1,-2.70475890251252,0.00683539804284686,0.0947775593468817
ACSS3,1.82496277187356,0.0680066474461185,0.306199930126149
PPP1R12A,0.856804315021693,0.391553040565591,0.701070006127323
HAL,1.14202077952908,0.253445382441812,0.579303305071371
CDK17,0.0142485059332481,0.988631721767147,0.996094541751762
TMCC3,-1.29864309450269,0.194066441418182,0.512492503647638
IRAK3,0.660278525076585,0.509075108541263,0.784286384142073
RXYLT1,2.60434765243145,0.00920493339039286,0.109981742302128
MNAT1,-1.10453479264123,0.269361219542887,0.594833243538237
TRMT5,2.69256764237113,0.00709041509593908,0.0966598303533024
C12orf4,0.765398202300638,0.44403446312044,0.740468581555475
RAB21,0.923335343227703,0.355832474877626,0.672773659779708
FAM189A1,-2.74892840112025,0.00597904451386228,0.087944040403987
LIPG,0.62036907381794,0.535014828379719,0.798350727555552
TGDS,0.838653072844083,0.401664019063939,0.708768948120531
PSMC1,0.0163653189672258,0.986942947497313,0.995603574557129
GALC,1.20625167319145,0.227720465275843,0.552167840495617
PPWD1,-0.635053544225156,0.52539349404255,0.792785621386678
PEBP1,-0.305000906433068,0.76036546195967,0.9107550950943
C12orf49,1.81165490161739,0.0700395360946358,0.310491789899661
MOCOS,3.23941425738246,0.0011977547257642,0.0374795489380538
LMNB1,-1.9753186880218,0.0482319937749495,0.260423846468407
SNCAIP,0.475128454302759,0.634695418376563,0.856815027606039
SNX24,-0.0057807331301604,0.995387667973625,0.998154127415021
HS3ST2,-0.737135436543753,0.461039991212817,0.753402280226691
REXO5,-0.928684465484661,0.35305263371784,0.670753327343931
XYLT1,-0.508123056271078,0.611367046878128,0.844108077713889
DNAH3,-1.53656566664731,0.124399705613757,0.411309380467001
NUP133,-2.25896062247831,0.0238858344345895,0.179993254463162
NUAK1,1.89671458888062,0.0578656171913796,0.281904482952316
VWF,-0.658820067607394,0.510011319269703,0.784391799791513
LPCAT3,0.657664195993337,0.510753933902472,0.784795764017933
HEXB,1.95591189815253,0.0504755334752758,0.265549471632829
UBE2K,-0.127803610616438,0.898304392640296,0.968173352307883
N4BP2,1.87838228824182,0.0603288867249148,0.288549741827755
KLF3,1.37677658356757,0.168581332686096,0.475635863164366
TBC1D1,0.293613214784636,0.76905347671897,0.91476044045812
RSBN1,-0.435102733966571,0.663487859054879,0.869041385827364
CASQ2,-1.47239967996852,0.140912979545358,0.433572225787911
PPP2R5A,-0.322057128417765,0.747409415878262,0.905234941490753
PPP2R3C,0.649184898706739,0.516218871430915,0.788483950906869
PSMA6,-0.964170198131722,0.334960603060496,0.657030145939515
MAN2A1,2.63395221331509,0.0084397365197417,0.105473931571699
EPB41L4A,2.98940634055209,0.00279520128419361,0.0587337910654685
ENOX1,-1.55685675502437,0.119504498723003,0.402880286980272
USP22,-1.04063459609095,0.298045168408832,0.624162032911985
B9D1,0.012304954941722,0.990182314183687,0.99681076259499
MSMO1,0.653391283940066,0.513504056465534,0.786486558749867
ICE2,2.13138691357324,0.0330572800824079,0.215310157663868
GPATCH2L,-0.431403585450022,0.666174943339049,0.87003703622453
POMT2,-0.084770502336303,0.932443844830298,0.976500714042838
MIB1,0.87481337789288,0.381675456949678,0.693717577685495
TMEM260,3.15116569083931,0.0016262020899789,0.0437132830455522
IPO5,2.12775864771089,0.033357099562827,0.216201957921127
PALB2,1.56551042526917,0.117463274845976,0.39948850649988
KIAA0556,-0.469469443936104,0.638734120937179,0.858121953275651
DSG2,-2.65918396134205,0.00783301802769576,0.101321549285822
NOL4,0.470997714867843,0.637642366750365,0.85759850583831
RNF138,0.280187213224202,0.779333876312205,0.918389784617283
LPIN2,-1.92135207593039,0.0546873360124119,0.274180955590839
NDC80,0.879565433578484,0.379094771339494,0.691599648933512
USP14,-0.10769372379266,0.914238648246252,0.972111996832641
HERC2,-3.59230442261328,0.000327766632643543,0.0189672591785136
SLC7A5,0.132441523380038,0.894635073022435,0.966742659908043
CYBA,-1.42998456403085,0.152721449386005,0.451397150455462
UTP20,2.39808440442377,0.0164810670499511,0.149287657115523
COX10,3.36544627755636,0.000764199470044667,0.029992516246862
TTC19,-0.975237196197091,0.329442615369292,0.651847577212019
TNFRSF13B,1.6002353683111,0.109546378731025,0.388372102548378
BFAR,1.91389575340585,0.0556334771223396,0.276649750744188
KPNA3,0.486137152505661,0.626869927045144,0.852131237530354
MPP5,0.415088087556852,0.678077419638178,0.874824937481181
CDK2AP1,-0.416170231794111,0.677285440885141,0.874471858475965
RTRAF,-2.33783521554844,0.0193957980266328,0.162641743514584
UTP6,0.442683551553687,0.657994641421922,0.866515092364245
BLMH,-1.51026527329449,0.130975749034362,0.419987068677818
TAOK1,-0.247393923756113,0.804603376208324,0.929632627055437
BTBD1,-0.821819648022203,0.411179549573915,0.715108296034719
CUX2,2.78970493790869,0.0052756096317374,0.0828608105822011
LHX5,0.29990463129405,0.764249901587484,0.913020887965661
ALDH2,-2.77296315495504,0.00555484097293308,0.0849461483524298
ERP29,-1.45759683123822,0.14495170359151,0.439158523392125
ANKRD13A,-1.90937345767658,0.0562139322654169,0.277572354669655
TRPV4,0.532974943873204,0.594050925045512,0.835204152240831
NAA25,1.2790178836003,0.200890758340638,0.521350567059663
CHRNB4,-0.415036216602683,0.678115390889749,0.874824937481181
VAC14,-1.68608400621093,0.0917796200930567,0.356923191479932
TANGO6,3.2608719334328,0.00111070193237355,0.0360067352436856
ARG2,1.77118397565734,0.0765301130836802,0.324528750223543
TM9SF1,0.457834471289325,0.647071368190254,0.86104423339593
IL17B,0.503217578676263,0.614811307036625,0.846181241042427
NDST1,-1.19485601652087,0.23214328994368,0.557372611405534
CSNK1A1,-0.962351520069081,0.335873057425296,0.657508936104241
PDGFRB,0.350735205128573,0.725787011426952,0.895475890652584
FAT2,-0.392661009300745,0.694569872315007,0.882448899541773
PFDN1,0.878259586782111,0.379802861921605,0.692177264322836
PSMD9,0.545004170884765,0.585750649014215,0.829728152174906
ANAPC5,1.10146369055424,0.270694898894064,0.595830203174074
CYP46A1,1.12499677551791,0.260590400660996,0.586307622819148
GNB5,-2.04725937710018,0.0406326242099729,0.237509630659737
MYO5C,1.06134925561531,0.288531208899597,0.614560100532663
MAPK6,2.72387916405445,0.00645201078464811,0.0924505902886518
SPPL2A,0.958421260258225,0.33785037886676,0.659053520660049
GLCE,0.631492602204986,0.527718484792539,0.794592561077777
CORO2B,-0.537305197722063,0.591056815696596,0.833037108812801
SPG11,4.94940548827778,7.44405147931565e-07,0.00070976841428369
SLC30A4,-1.40497056470583,0.160030031401289,0.462953199889968
EIF3J,-1.56629123624475,0.117280451736553,0.399117959730798
HACD3,1.26739253448285,0.205014967881803,0.52638802699131
APH1B,-0.0429856038496517,0.965713009710343,0.988833997119074
AAGAB,2.5298267032016,0.0114118875895226,0.122530122144415
TIPIN,1.51595409592058,0.12953096011514,0.418026349091248
CILP,-1.45227393761609,0.146425451198077,0.441811269260913
TRIP4,1.47120715746645,0.141235102125584,0.433865596700269
PARP16,-0.331097981737566,0.740570476083393,0.90309260057446
SNX1,2.40460364984307,0.0161900143254279,0.148011247716221
RAB11A,-0.36017209025962,0.718718444804682,0.893367074097738
LACTB,1.48818058957287,0.136703274758593,0.427187850503574
CCNT1,0.311261326046927,0.755601965300598,0.908686704835547
HCN4,-0.902102378845846,0.367002485334466,0.681900958472495
SEMA7A,-0.853165794382519,0.393567369204739,0.70218310263507
LOXL1,0.6000183992838,0.548493973379757,0.807643424283474
FLT4,1.79985360490289,0.0718837571038594,0.314650822408153
FAF2,0.81273844914952,0.416368031751427,0.719806892775052
CNOT6,0.0153081149926238,0.987786368414703,0.995710773982209
TUBGCP3,1.37116537706796,0.170323408577937,0.477973014134311
RBM25,-0.946534522249429,0.343876022857108,0.664093654058792
LTBP2,0.604848099581928,0.545279930740917,0.805398432420223
VSX2,0.765947139746305,0.443707755443986,0.740369770408169
SPAG9,-0.311000191464904,0.755800476076364,0.908686704835547
SGCA,0.0816161209425675,0.934951981405569,0.977346067906343
ATP5F1B,-1.79886045804405,0.0720407568868582,0.314746261018621
RBMS2,1.9209435399384,0.0547388258383843,0.27434007541404
IKZF4,0.0482162076358671,0.961543933384982,0.987246824364172
PTGES3,0.127678842383744,0.898403134366407,0.968173352307883
PIK3C3,-1.47727502800863,0.139601929082962,0.431262618283904
MEOX2,0.339389647458365,0.734316216422491,0.900206591437919
PHF3,2.1612211557695,0.0306782599566093,0.206504948354103
ATF1,-0.712503308694568,0.47615316330531,0.765215806465969
CALCOCO1,0.291484044309234,0.770681145149367,0.915414018083662
TSPAN13,0.404929775439673,0.685529130908429,0.87799849506051
RAB27B,-0.545259183126299,0.585575272368416,0.829684404704515
ZDHHC2,1.52483196001429,0.127301016115317,0.414674873435122
MTUS1,2.24426346288113,0.0248154549078639,0.183417103785484
EFCAB1,-0.381043537831334,0.703170942630045,0.886586576271972
MCM4,-1.76835901220853,0.0770009041929803,0.325451800798962
MYOM2,-2.78921857511029,0.00528353933101538,0.0828798883468405
TWSG1,1.36587254250626,0.171978972237875,0.481452013990279
ANKRD12,3.81359083755931,0.000136962151713323,0.0121312541919194
CEP76,-0.470870321806096,0.637733342820218,0.85759850583831
RBL2,-1.5560456732392,0.119697232027104,0.403316432864963
LPCAT2,0.480705958754812,0.630725495513249,0.854344264552993
CACNG4,-1.66943216131628,0.0950317643038735,0.362099169628934
WIPI1,-1.23863502999975,0.215480689174373,0.540168031368297
WDR59,-1.32662157069548,0.184633896693651,0.49976806298142
MTFR1,-1.03959312910153,0.298528970438025,0.624771605142666
CDH19,-1.09662057487945,0.272807289498171,0.598610174018661
SMAD7,-0.165716695329844,0.86837990675132,0.955182539938392
SMAD2,-0.00581552631499125,0.995359907495263,0.998154127415021
VIPR2,-0.681404345326779,0.495615674101649,0.776115840343594
KCNH2,-0.753188989296233,0.451336354924883,0.745664150135299
RHEB,-0.20423041640916,0.838173443383916,0.943141502520645
SMARCD3,-0.454769204795755,0.649275287250552,0.861755869224612
KMT2C,-1.25454533648783,0.209643857933239,0.531953239392591
PSMB1,-0.876468287129967,0.380775509266687,0.692859253446758
ADNP2,-1.8656046787412,0.062096694553564,0.292670492773236
CRISPLD1,-1.12835342271148,0.259170690127658,0.584905383423704
TRPA1,-2.04412890836715,0.0409408139746387,0.238451187105612
TRAM1,-0.487564010646074,0.625858692647255,0.851673663327153
ARFGEF1,-3.11825426992238,0.00181925776717282,0.0461404339075527
ANXA13,0.759806092811511,0.447370500431311,0.742752688494727
TMED2,-0.94532685991332,0.344492029668624,0.66454597180637
YY1,-1.20976037186108,0.226370856402455,0.551020455237633
RCOR1,-0.336104889698529,0.736791771261501,0.901378680126228
MOB3B,0.113249820080634,0.909832498979864,0.971162468097235
SCPEP1,-0.0608410837819268,0.951485770780783,0.98302204465458
LPO,1.59864675497649,0.109899114679064,0.388889255898862
VMP1,-0.37200434830984,0.709889611844653,0.889295982563566
PRR11,2.16454887546598,0.0304222497990607,0.205929842248305
TRIM37,1.20337383358901,0.228831688922399,0.553038002965353
LMF1,2.10160005409391,0.0355883251270793,0.223275689158955
NUBP2,-0.647755671101159,0.517142990738623,0.788854765375714
PKD1,1.80245390547027,0.0714740206429083,0.313537862138268
RHBDF1,-0.22186118255734,0.824421949289113,0.93683786988413
CLCN7,0.614623829758723,0.538803173404785,0.799927352125469
TELO2,0.941958377683779,0.346213950044288,0.665928790348626
AXIN1,0.752624129781125,0.451675813374426,0.745920861842696
RPE65,1.97030092153221,0.0488038928934956,0.260845404700259
WLS,-0.102356817261691,0.91847345841934,0.973215509074305
SLC1A1,0.763785744028013,0.444994933679957,0.741129789633193
FAM86B2,1.52401917104198,0.127503922262012,0.415002224085333
GLIS2,0.280136264859372,0.779372962768191,0.918389784617283
CREBBP,-1.62456427625133,0.104255434211011,0.379213956733441
MGRN1,-2.31630354610333,0.0205417008647403,0.167111878818801
ALG1,1.50681946945069,0.131856937678448,0.421136769030536
DNAJA3,-0.08297672789241,0.933870044239356,0.976965247649136
UBN1,-1.7573961803049,0.0788503039409652,0.328463544729322
N4BP1,0.273981472429098,0.784098859923612,0.920944796311174
WSB1,2.09142555167975,0.036489933665192,0.225750127778282
TRAF4,1.91558636890528,0.0554177659728842,0.276134819752376
RGS9,-1.01254149419229,0.311279217347008,0.635756148830315
ITGA2B,3.18079823275954,0.00146869880970879,0.0420644291004341
MAPT,0.259944145714802,0.794906858047092,0.926219916762656
DHX8,0.913216088519473,0.361128904031838,0.67596901137227
SLC4A1,2.22172309792853,0.0263020245844659,0.189172810542293
CRISPLD2,0.848567102989789,0.396122218737316,0.704647173344287
FOXF1,-0.389934066043831,0.696585302772694,0.883509001851341
COTL1,0.45463804672742,0.649369658284044,0.861755869224612
ATP2C2,2.07351329562806,0.0381245350563319,0.230334380375962
MLYCD,0.321639758898927,0.747725619821757,0.905353912065872
METTL2B,-0.594807346261827,0.551972256446184,0.809895745879985
SMURF2,0.883395209843361,0.377022777984588,0.690227696530844
GLP2R,-1.41469480690547,0.157157997655094,0.458516750851558
DNAH9,2.44136239884858,0.0146319632352383,0.139591139987171
CHD5,-0.405615053550074,0.685025466332542,0.877900732811418
ERP44,-1.78907977787825,0.073601968391655,0.318468323080177
INVS,0.759379794312004,0.447625396968971,0.742752688494727
GINS1,0.210996730531712,0.83288982258577,0.940881752037929
SLC27A6,2.49110579864897,0.0127346192962857,0.130161782426898
ISM1,0.328690157591156,0.742389894464798,0.90378273404226
GNAO1,-1.17368704704605,0.240520400370976,0.566437467020103
CFAP20,-0.145424558428259,0.884375675944984,0.961796641624449
CSNK2A2,0.206541740643689,0.836367763233381,0.942749605660051
COQ9,0.484428444806613,0.628081835327634,0.852930501744773
NLRC5,1.46517702442663,0.142872626320125,0.436354700062659
SRCAP,1.01842641189664,0.308475355719828,0.6333695148475
SETD1A,-0.854191463873432,0.392998912089862,0.702049934488996
PCSK2,-0.401449964298313,0.688088869682323,0.879224495088387
DZANK1,1.44929192845669,0.14725607423341,0.44298027209761
SPTLC1,0.549695942432342,0.582527940361279,0.827609377273729
ZC3H3,-3.19715015606182,0.00138792656514386,0.0407648872309231
RPL8,-0.922077922077922,0.356487932117771,0.672992416922542
DOK5,-1.30694195959003,0.191232424154247,0.508301016348515
TTPAL,-0.536311688703008,0.591743153619716,0.833614181907003
SLC9A3R1,-0.616342270444607,0.53766864600076,0.799254501378055
ATP4A,-0.693874436000462,0.487760956677941,0.771834174434711
RBM42,-3.23730642605963,0.00120663770003226,0.0375723085742417
VAMP7,0.470607251855942,0.637921228014838,0.85759850583831
CCNE1,0.441523466718784,0.658834076601837,0.866825818063446
BPNT2,-0.439255467271592,0.66047643815153,0.867459098035565
RAB2A,-0.474332487968916,0.635262827730344,0.857364197332732
ANOS1,-1.60391762840926,0.10873221053075,0.387434689050983
CDKN2C,-1.08111377619775,0.279646506123088,0.606547668188633
ACIN1,2.52278261356225,0.0116430351638709,0.123996029547427
AJUBA,0.853406800256007,0.393433751710342,0.70218310263507
TEP1,2.72033533771099,0.00652157431001981,0.0928894534192541
CDH20,-0.774169365571532,0.438830641701479,0.736665010405751
PHLPP1,0.428203244374619,0.668503154433076,0.870880665778027
EFCAB6,-2.79117502457829,0.00525170652950679,0.0825653842257765
PPARA,-1.14202231142046,0.253444745702398,0.579303305071371
PRDX1,0.619951998812577,0.53528938985021,0.798350727555552
PGS1,-2.63884363666206,0.00831893411606778,0.104528374486312
TIMP2,0.385685658786697,0.699729485252062,0.885395411900911
LGALS3BP,-0.0101052544594365,0.991937310705887,0.997062606750959
ELL,1.48171011875908,0.138417443512834,0.42907025088918
MAST3,0.70463287518251,0.481038734157189,0.767914911441278
COPE,0.392245884488909,0.694876544082301,0.882586754931735
MAU2,-0.472145903841347,0.636822649230164,0.85759850583831
TRPC5,-0.0489703586837721,0.960942917931676,0.987004863871398
MID2,1.02170895280411,0.306918672500006,0.631967068413695
AMMECR1,0.370703073405961,0.710858700942029,0.889478823804951
PRKX,-0.701699327732947,0.48286669235907,0.768874961396891
RRAGB,0.862229952031138,0.388560990511875,0.699254479316863
HUWE1,0.110128367644987,0.912307570858179,0.97170102893589
BPI,3.78064023192999,0.000156425581160529,0.0129711878596972
SLA2,2.05637566136422,0.0397463204204695,0.234988729221122
RALGAPB,0.732094426286396,0.464110935565671,0.756221985679677
XRCC1,2.56084373972782,0.0104418309626924,0.11757588219215
MARK4,-0.12172459486753,0.903117134189323,0.969864488452118
HACE1,-0.210072803248924,0.833610851716421,0.941285465895933
ATRN,-0.529913040352781,0.596172224384589,0.836292131981809
CNPY4,-0.516138194740623,0.605757893214436,0.841218228634232
RASA4,1.1143539957579,0.265127351047815,0.591517122791588
ARPC1A,-0.0740765939562007,0.940949439398771,0.978574236401937
MYDGF,1.23123821823175,0.218233781265425,0.543121658303589
MAP2K2,3.76872183545,0.000164085619680479,0.013220616154687
TLE2,2.65078723774617,0.00803044110194636,0.102654116578429
GNA15,0.553645249715346,0.579821651793288,0.825863721785361
DPP9,-0.0846085551406033,0.932572597441144,0.976500714042838
ZFR2,2.91154929201275,0.00359641157621182,0.0678629048181808
YJU2,1.13325317689161,0.257107948652423,0.582989912414209
PIAS4,1.81344672876833,0.0697629478670462,0.310309814175718
ZNF330,-0.737440826304567,0.46085431569613,0.753174793619537
GAB1,1.37856633110587,0.168028503375087,0.474821131660877
UCP1,-3.4358870587901,0.000590617131325485,0.0255288348844128
NOMO3,2.81846821989762,0.00482533875322098,0.0783706571652895
MAPK3,-0.765127191359478,0.444195809639087,0.740585258016864
EEF2K,-2.60574317381626,0.00916751726799673,0.109829329446783
DHTKD1,2.39797922298771,0.016485800324143,0.149287657115523
PHYH,4.89745427929323,9.70862138609449e-07,0.000749366876415265
SORCS1,-2.37129707163926,0.0177257774899705,0.155055114589818
EPC1,1.89057522835103,0.0586810695951943,0.283844063583559
MTPAP,3.2121761794508,0.00131733563191711,0.0393961130216687
SCARF1,1.94070708108139,0.0522938169962978,0.269860069943646
SMG6,2.59656061653056,0.00941622895205598,0.111234460492741
ASPA,-0.701447858121257,0.483023564023465,0.769013746120848
DPH1,0.888784226987964,0.374119054385105,0.688085300411684
ITGAE,-1.87830986310594,0.0603387880646791,0.288549741827755
PLD2,1.38777774528253,0.165204733524705,0.470285129206523
METTL16,1.73502240663823,0.0827368365285928,0.336556017493657
SLC27A5,0.725970469938917,0.467856873778502,0.759192289654163
A1BG,0.43579920676454,0.662982419430288,0.869041385827364
CCDC6,0.603212066318519,0.54636762160534,0.806564005337064
RAB36,0.971149592941697,0.331473790923274,0.653758582393782
CABIN1,-0.402559823640643,0.687272070549974,0.878894910575505
PRKCQ,1.9275115340327,0.0539159120435827,0.272641254311354
SLC17A6,0.64157172082469,0.521151299296426,0.790906051947792
CAPZA1,-0.768316332256873,0.442299273927838,0.739782161912736
PALMD,0.103631099036589,0.917462107067392,0.972788284263588
KIF18A,1.9356643299549,0.0529088258869914,0.270989213601802
BBOX1,1.73939912918056,0.0819645813194829,0.334915972684379
MSH4,3.13067199526064,0.00174406837165243,0.0454495244953605
DGCR2,0.019985105412588,0.984055254352706,0.995023322998978
UFD1,0.178961481661604,0.857967946547184,0.950730386607362
MED15,1.4776461066605,0.139502526526733,0.43119688262239
ARVCF,-0.364097571181812,0.715785150453487,0.892405315260408
HIRA,-1.36040299968489,0.173702429757957,0.483936521819651
PPM1F,0.621440293119643,0.534309967733752,0.798350727555552
UBE2R2,0.524131583263575,0.600187022748203,0.837319607264832
SYP,0.184275504384666,0.85379732951402,0.950008289901106
ACTR3,-0.862856142178458,0.388216566853795,0.69890743167088
DDX18,-0.92134208897657,0.356871853310924,0.67329843134993
ARFGAP3,-1.2093858443488,0.226514644455638,0.551084175562588
PACSIN2,-0.928754530120927,0.35301631377842,0.670753327343931
EP300,-0.402607611830295,0.687236909098535,0.878894910575505
DESI1,-0.471315433665454,0.637415495859566,0.85759850583831
PLEKHA4,0.93772869462462,0.34838385352468,0.667128480086683
FAM83E,0.162004966660678,0.871301942709951,0.956864683915104
MREG,-2.22937761892707,0.0257887900968839,0.187029305897267
GRIN2D,0.821850714236612,0.411161866233265,0.715108296034719
LIG1,1.0597660862771,0.289251029058003,0.61524170468832
OPA3,-1.31948197423778,0.187008032502191,0.50227227818194
EHD2,-0.51209155649919,0.608586933593011,0.842694823732198
HSD17B14,0.622097727990058,0.533877608852153,0.798350727555552
LY9,0.107090064403932,0.914717529295817,0.972111996832641
P2RX3,-2.80478908185543,0.0050349515133845,0.0804847426828889
NOX4,0.172517985765263,0.863030322746698,0.952335659432311
TYR,-0.200276903931198,0.841264024602696,0.944427959902316
IL37,-2.37475789268404,0.017560464203564,0.154663946072179
IL1A,-1.66342678667414,0.0962270348565355,0.364484344074307
IL1B,-1.15139981639975,0.249567789339545,0.574845730253087
TCF25,-2.83608819087402,0.00456698330605804,0.076483589744322
NAPA,-2.71712806271966,0.0065851122559524,0.0931396898400808
ITPKC,1.30141928482545,0.193114976133478,0.511220096055454
KCNK6,0.00988968860074355,0.992109298780771,0.997062606750959
BRD4,0.428801125509168,0.668067959724667,0.870545346022761
IL27RA,2.44352193019952,0.014544685598996,0.139306853589337
ASF1B,1.37760522039178,0.168325208288926,0.47524530589709
ILVBL,0.68923495000903,0.490675426182503,0.772978775267889
FAM32A,-0.813838156706399,0.415737672898834,0.719330907345986
NOTCH3,0.610340660017642,0.541636167817858,0.802085422535448
MED26,1.221894554137,0.221747505144285,0.546647444349579
COMMD9,-1.26889454656523,0.204478677612697,0.525501893919253
LIFR,-0.180836994047406,0.856495524741309,0.950330266389413
C6,0.489734840875145,0.624321544179556,0.85092888593336
PRKCG,-3.55449017532811,0.000378712660614591,0.02030690500625
PPP1R12C,0.523609972668348,0.600549843772429,0.837620614968046
PTPRH,-1.33187079921128,0.182902648003862,0.49768403574253
ALG6,4.24369719388073,2.19866990066251e-05,0.00439978276788132
WDR11,-3.38379203875958,0.000714921313187017,0.0288262675757422
CEP126,2.26378390217618,0.023587409092444,0.178574644549007
PARP12,-2.01362778647389,0.0440486268700493,0.247718524493564
P4HA1,0.607656266714091,0.543415474241962,0.803523209449731
VPS26A,0.731884222198887,0.464239237117281,0.756221985679677
PALD1,2.94416202848695,0.00323830416222175,0.0639338272417202
DDX25,-2.09884801797554,0.0358303004008302,0.223891032843893
FOXRED1,2.83428878668543,0.00459278070307946,0.076545252705235
DCPS,-0.216164509028362,0.828859517205612,0.938991221433018
SIAE,-0.0354360835776186,0.971732012236051,0.991039589954763
BARHL1,-1.77178259865245,0.0764306522266144,0.324433827847833
ARID3A,2.49093051859839,0.012740903303727,0.130161782426898
TANC1,0.0254170499943394,0.979722311572311,0.994151214116162
LY75,1.68885236900669,0.0912477250559464,0.355573568601509
CD81,-2.37206707116613,0.017688879364921,0.154983267905948
OSBPL5,-2.50421922302087,0.0122721968235604,0.12784064158939
CNRIP1,-0.115434290630199,0.908100900625746,0.970617045713334
PNO1,-0.770970349777467,0.440724506448841,0.738214686889456
TAF1B,1.17097821523107,0.241607533788881,0.567561920208359
CNTN3,-3.52235074629934,0.000427737818734886,0.021531684173521
PDZRN3,-1.24268062211613,0.21398554742722,0.538369658968899
CHRDL2,2.87684231077155,0.00401676266442265,0.0712338140346025
SPCS2,0.891599529312567,0.372607622541392,0.686936606935218
ARHGEF17,0.658549984556271,0.510184789356181,0.784391799791513
POLD3,0.435101243357589,0.663488940974106,0.869041385827364
SELP,0.919218993142579,0.357981038635479,0.674153511933295
SNRNP40,-0.00420678343862416,0.996643482343747,0.998738436186077
DNAJC8,-0.699519957950796,0.484227144845501,0.769571333936043
MECR,1.68347813093773,0.0922825694274455,0.357130516246042
TFCP2L1,-1.1124350853649,0.265951126334953,0.591576145494918
PTPN4,-0.914448328762492,0.360481317055023,0.67596901137227
CLASP1,-2.43257581680136,0.014991852500564,0.141611415687078
EPB41L5,-2.75877823765187,0.00580178916401984,0.0861972507420693
LHX4,2.74712129350793,0.00601208957436844,0.0881900089691747
FAM20B,0.125087659131133,0.900454153144655,0.968196502322227
EPAS1,-0.521525775351739,0.602000554691647,0.838229275062014
SRBD1,1.8054927423768,0.070997610197622,0.312547600133964
KAT2B,1.23505491156032,0.216810068383111,0.542184185224834
FNBP4,0.486088494195069,0.626904424254306,0.852131237530354
NDUFS3,2.88567093803318,0.00390580293790521,0.0703435109116728
ACCS,0.673066835681867,0.500904771593723,0.778461413228429
CHMP2B,-0.293711717582581,0.768978199708807,0.91476044045812
WDR76,0.680690715091562,0.496067212636229,0.776209426548957
TYRO3,-1.2242418141385,0.220861019581504,0.546160367510656
OSBP,-2.24995052063289,0.0244520864007017,0.182310887060246
ZC2HC1A,-1.16471730374896,0.244133442353727,0.569539287149045
IL7,0.632016653915467,0.527375994933363,0.794520500522777
CHMP3,0.333420397750532,0.73881696801559,0.902176000795895
POLR1A,-1.11820976571047,0.263477414392377,0.589698181546131
VAMP8,0.778664294024498,0.43617749461028,0.735166187255924
MAP4K3,0.0108529325063341,0.991340782703397,0.997061475976629
RND3,0.0298807152333604,0.97616218599608,0.992573419033339
USE1,0.42724900325327,0.669197972602856,0.870923553367681
STAM2,1.64821829928708,0.0993078830261826,0.370467543376615
GRB14,2.07377632545601,0.0381000888584801,0.230334380375962
STRN,1.08484540799254,0.277990130317958,0.604351470282573
CHIC2,0.742248319734852,0.457936897495542,0.750753430919918
KDR,1.61655485757067,0.10597440292036,0.382617926389832
LNX1,-0.959037115672439,0.337540047690752,0.658796603138204
TNFRSF8,0.592236532730514,0.55369220902608,0.811244419787014
PKP1,-1.99165452351849,0.0464089766191653,0.255013647876341
GTF3C3,-2.7635806418011,0.00571709632951088,0.0857806658521469
COQ10B,-0.413127546966928,0.679513167855183,0.875395719103852
USP13,1.69510940075068,0.0900546692271097,0.353204409784731
PIK3CA,-1.1219567894704,0.261880812772568,0.587766210618023
SLC9A1,-1.51878692266627,0.128816138663308,0.417118386763173
GATB,3.03252766051251,0.00242514870242647,0.0550549514252529
EHBP1,2.7741380495502,0.00553481858033856,0.0849461483524298
SLC7A6OS,-1.67878957856086,0.0931930603718732,0.358463767339272
CKLF,-0.570362940706684,0.56843155952326,0.820357563805406
LCAT,-0.432436408823911,0.665424260953636,0.869556990386133
CDH3,0.671380765168806,0.501977995210103,0.778994774883935
NECTIN1,-0.128900691812766,0.897436229249739,0.96776953229386
SC5D,0.704252383655507,0.481275613958315,0.768117017196764
TREH,-1.67603645757424,0.0937310517073334,0.359401849934097
UPK2,-0.14729350402019,0.882900359598216,0.961576972468164
CBL,-1.04213284029301,0.297350094766236,0.623300240071753
MCAM,-0.398877594201307,0.689983399293334,0.880087126689357
GPC1,-2.83272908186207,0.00461524831464195,0.0767267281354167
FARP2,-0.300916295613871,0.76347832380979,0.91296349322264
SLC5A7,0.639298024161971,0.52262907358988,0.791635796076849
NGEF,-0.540437175598467,0.588895575993254,0.831908988097722
DGKD,-2.31007450602767,0.020884029591635,0.168245146943743
EFHD1,-2.02069232808041,0.0433116245121407,0.245897765925495
DNAJC10,0.0091889576347499,0.992668375750162,0.997097459412182
TUBB4A,-0.494281070511067,0.621107691855946,0.849168863706442
MCOLN1,-1.70669827248288,0.0878781484801119,0.348603985639276
GPR108,0.285346014792632,0.775379062804829,0.917382012491344
DGUOK,0.501014691522099,0.616360783382332,0.846813237883496
LOXL3,0.635432129063099,0.525146619050533,0.792785621386678
HAT1,-0.206537455081353,0.836371110456631,0.942749605660051
ATF2,-0.564514793739318,0.572403835008145,0.822244691204872
LAMC2,0.30820968047262,0.757922786836392,0.909608355681258
OSGEPL1,1.55619310074741,0.11966218147166,0.403316432864963
MCM6,-0.172056549733842,0.863393071560459,0.952476573669331
CCNT2,-0.179342371595889,0.857668878424621,0.950730386607362
RAB3GAP1,0.916089799419906,0.359619797494755,0.675208768399455
ZRANB3,-0.620521350997584,0.534914601649027,0.798350727555552
DARS1,-1.47411852202986,0.140449682356367,0.432849973237219
LCT,3.52734498176109,0.000419749471318943,0.0213414946226008
AGPS,1.13054376641117,0.258247167418575,0.584055858335102
ORC4,1.31103705687308,0.189845244232343,0.506535236833258
KYNU,2.29158081680146,0.0219298434795377,0.172553802407683
ARID4B,0.569370332483306,0.569104845842034,0.820768791374102
NID1,-0.7737208581382,0.439095882577976,0.7367048090991
CYTIP,-0.636754012403961,0.524285085345574,0.792614791756495
MUL1,0.689176745827334,0.490712048707914,0.772978775267889
NMU,-1.02862032981988,0.303658120929398,0.629092317919322
PPAT,-1.31797253987221,0.187512840520667,0.50337787876772
SRD5A3,-0.0335353026088527,0.97324771424426,0.99172394288764
NOA1,2.03027855114131,0.0423282331779005,0.242952666990294
UPK1B,0.052236326551579,0.958340388030051,0.985580822890622
ARHGAP31,1.98507840738322,0.0471357487319915,0.256965982716058
CD80,-0.0544672081276331,0.956562933915125,0.984811472399811
CHST10,1.67969386596962,0.0930168938722608,0.357956038170816
PDCL3,0.493373108187327,0.621748980019069,0.849397575473525
TXNDC9,-1.77087014459422,0.0765822980816244,0.324528750223543
IL1RL2,0.893168682020144,0.37176684676715,0.686250862003044
RPL31,-1.91032513077307,0.0560913639962931,0.277572354669655
IL18RAP,-0.486375749826105,0.626700780874413,0.852131237530354
GFM1,2.40655893023461,0.0161036056895328,0.147554180113984
LXN,3.77344376757316,0.000161009522866747,0.013056733741164
ALS2,-1.5044372998506,0.132468806232616,0.421582708407153
NOP58,-0.166528176834952,0.867741310835658,0.955063414635376
OCIAD1,0.376793604866114,0.706326993656389,0.887832840227308
SLAIN2,-0.0295313845381183,0.976440788609535,0.992669891029349
TXK,-0.531387843358845,0.595150043913701,0.835943419566479
GABRA4,0.158643357518352,0.873949866985643,0.958317777971201
TOP2B,-0.164409273492592,0.86940896372006,0.955911544616963
YWHAE,0.182367537001617,0.855294300297957,0.950203242873858
FAM13A,0.721457261776641,0.470628226666437,0.761470645441832
HERC6,-0.195539680043788,0.844970476989901,0.9460312290833
HERC5,-2.65803224783821,0.00785983718807459,0.101373147201671
PCDH10,-2.09181490346319,0.0364550766524624,0.225620594677267
NDST4,-3.13121677185048,0.00174083612267275,0.0454495244953605
CRYGD,-1.89670572749559,0.0578667873707104,0.281904482952316
PIKFYVE,-0.396578819499666,0.691678074054841,0.880922416629069
BCHE,1.2713263663139,0.203612566127122,0.524532117666007
SI,1.58834379643042,0.112208619064749,0.391980497073387
PRKG2,-1.76165485925282,0.0781276290250203,0.327566150767345
CUL3,-0.36246939922265,0.717001286909287,0.892970432449811
GLRB,-0.282089462678816,0.777874912836654,0.918218817825675
FNIP2,1.81810210496348,0.0690485283441414,0.30879279171766
C2orf42,1.87541965483819,0.0607350132530386,0.289375023462229
ADD2,-0.596146867260097,0.551077117035899,0.809108778180756
MXD1,-0.859008987222747,0.39033555767976,0.70069649441793
SLC30A9,0.474342506850299,0.635255684378817,0.857364197332732
SEC22C,-0.224730601106086,0.822188857211975,0.936335220020298
CDH10,0.112465995175199,0.910453930567652,0.97125497409081
CSTA,-0.991633886717466,0.321376152628797,0.644860863822749
FGF2,-0.705589719247599,0.48044331948299,0.76762008531294
BBS7,1.09860455335967,0.271940590750151,0.597598296565781
KIAA1109,-1.60303161490039,0.108927674383345,0.387851747040699
RBBP5,-0.628821342635158,0.529466025821183,0.79596687187308
IFT57,0.357666333726852,0.720593030396133,0.8934082912762
UBE2S,-0.242916970594224,0.808069718637436,0.930668610199956
GZMM,2.84181009435593,0.00448582034761448,0.0758181806166313
SHC2,1.77749437670053,0.0754869352255234,0.322453473645487
PHRF1,-2.90207825620734,0.00370695925266882,0.0685914412403069
IL11,0.428959979357103,0.667952349550234,0.870545346022761
AGA,0.858062429453636,0.390857991783967,0.701051055995832
NEIL3,-0.345287298095733,0.729878394813134,0.89795817089382
RAB17,-0.933036897040876,0.350800918138479,0.669176853297871
MLPH,-1.45811541714182,0.144808732548739,0.438976013817564
ASB1,-3.35043797799735,0.000806838756716689,0.0309906384066844
CP,2.71490132967461,0.00662955193923359,0.0932945855974037
CNTNAP1,-0.200233772759887,0.841297755137858,0.944427959902316
PSMD3,-0.101420720201209,0.919216488938027,0.973316967106375
CASC3,1.82718925241728,0.0676713192591995,0.305794372420509
KRT24,2.79848550913532,0.00513428731731269,0.0813505993414676
STAT3,1.77229550814385,0.0763455164914583,0.324423908329469
KCNH4,-0.801360483234173,0.422922985208415,0.724972416457143
NNT,-0.401514756124254,0.688041176233036,0.879224495088387
FGF10,-1.7345595004157,0.0828188581861956,0.33655852512856
MTRR,-1.37131517769039,0.170276726331748,0.477945810610818
FASTKD3,-0.141337385943745,0.887603416329075,0.962996236631726
NSUN2,-1.0896896719746,0.275849867155418,0.601540494648482
UFSP2,1.95338932670471,0.0507734799820514,0.266501308758338
KLKB1,-0.87023253185468,0.384173340993004,0.695945031184719
FNDC4,0.248861984573404,0.803467542211265,0.929247619814655
CAD,-1.74768418973689,0.08051872799592,0.33268622535964
DNMT3A,1.03112920141437,0.302480235602452,0.627933163278708
RAB10,-0.809289269164055,0.418348777184579,0.721538128259719
DNAJC27,-0.167176783248187,0.867230951612502,0.954797793956343
KIF3C,0.0392465660564617,0.968693807869743,0.990072383615655
FOSL2,-0.0344365818206292,0.972529012686457,0.991429104819798
GCKR,-1.58405357692767,0.113181527381113,0.393410136013538
GPN1,1.82070254833216,0.0686520846114293,0.30797556299866
GTF3C2,-1.92944962519942,0.0536750680888792,0.272306472191751
TMEM40,-0.588841358503785,0.55596769874369,0.812953791641214
TP63,1.80581245292384,0.0709476396366613,0.312547600133964
CLDN16,3.34042305890715,0.000836508557864667,0.0315824799614583
PLAAT1,-1.25604043235545,0.20910131121547,0.531449451478747
ITGA9,1.06216977068911,0.288158620508621,0.613927849608865
ADD1,-1.89288928629647,0.0583725943169787,0.28311232234707
TMEM175,-1.99212858288374,0.0463569515733823,0.255013647876341
PLPP1,-0.359162294239749,0.719473682097271,0.89340576780703
SLC2A9,1.50959165968426,0.131147650829032,0.420113097290076
PRDM5,-0.125625034053163,0.900028745633875,0.968196502322227
MIER2,2.03344703636432,0.0420073793499686,0.242053896865852
LYL1,1.90128844746592,0.0572642414137328,0.28067616845334
COL5A3,-0.790291807579038,0.429357370139274,0.73043036477935
ICAM1,-0.117777277089964,0.906244134471499,0.970403934304313
OLFM2,0.18081811542571,0.856510343435427,0.950330266389413
KLF1,1.82988793897835,0.0672666973250073,0.305156982071381
C3orf52,1.38729810622786,0.16535088034869,0.470535888267541
PI4K2B,-2.4937266548757,0.0126409849594416,0.129710563521133
TBC1D19,-1.38741896197911,0.16531404623225,0.470513674342149
PPARGC1A,0.224206371050315,0.822596726280149,0.936592048699255
F13A1,-1.38362214739367,0.166474183165705,0.472157486427455
NUP54,-0.463183355554722,0.643232945712833,0.859677013279956
CXCL9,-0.628246163522461,0.529842693304927,0.796295297889094
SCARB2,-0.647997068066491,0.516986846609042,0.788765041103724
USO1,0.0386572279888739,0.969163675019896,0.990124227689112
ANXA3,2.02732323524252,0.0426293667948795,0.243817715729782
ARSB,2.66003269896928,0.00781330655777366,0.101259873757743
RAD18,-1.02365315417876,0.305999129365808,0.631310385103318
SLC12A7,-1.10637541196779,0.268564063401037,0.593970370131806
SDHA,-0.494130791300339,0.621213813271064,0.849168863706442
PDCD6,-0.647046394820694,0.517601917076532,0.789035029990924
CEP72,-2.2322563405285,0.0255980256493263,0.18630024040978
XRN1,-0.958102856962227,0.338010894985561,0.659053520660049
GRK7,-2.72364502954329,0.00645658604894226,0.0924505902886518
GRPEL1,-2.94078832906344,0.00327378161505953,0.0643989395612863
EVC,-0.448276943307785,0.653953338545789,0.864131874092215
ZAP70,-0.429741469712739,0.667383713605616,0.870545346022761
PPP2R3A,2.10113975386424,0.0356287000911085,0.223275689158955
CEP70,-0.109287701227616,0.912974301162743,0.971793407832928
ACAD11,3.0899313266795,0.00200202779294178,0.0489455030102464
CDV3,1.76860836986868,0.0769592530162043,0.325451800798962
MRPL3,0.914257107850857,0.360581762783399,0.67596901137227
GALNT7,-0.917905526645258,0.358668328015215,0.67472286626974
SOX30,-0.539337287230418,0.589654144770762,0.832221950170474
GCNT2,3.43888217613881,0.000584121402370084,0.0253834418525917
FAM184B,-1.38114828603381,0.167233371550935,0.473193258450877
DGKG,0.841357673536042,0.400147589914847,0.707685433207869
DEPDC1B,-0.120458356027075,0.904120066452311,0.969992984773755
ERCC8,0.618299951880537,0.536377633617844,0.798580422826457
MGLL,0.996723462553341,0.318898757862563,0.642711885255926
MCM2,1.21837829895126,0.223080247851947,0.548359957012757
GOLPH3,-1.34536097245571,0.178508692182467,0.491748367026786
CDH6,-1.93956303375393,0.0524328170499092,0.270019044321867
NPR3,-0.0839676134769965,0.933082181506145,0.976686871449532
VCAN,2.10804066525809,0.0350274720823767,0.221093050259879
RASGRF2,0.530813833195057,0.595547793127422,0.836084260040518
MSH3,2.70253428585025,0.00688130870534252,0.095088774769733
CPEB4,0.825222949082875,0.409245026760018,0.713887437026004
STC2,1.01868299669955,0.308353487410468,0.633354773045403
FBXW11,-0.0355119368579466,0.971671528143535,0.991039589954763
THOC3,0.114815123451419,0.90859166155211,0.970757513815711
DNAH5,1.53734564238347,0.124208690003915,0.41129696757374
WDR70,-0.864708999100913,0.387198528923873,0.698178118149338
RAI14,-1.55729095197524,0.119401422638408,0.402706099488449
SLC1A3,-0.937694045531335,0.348401664750063,0.667128480086683
AMBP,1.46668398668115,0.142462040986712,0.435754446905249
ARRDC3,2.24747814181005,0.0246094859796877,0.182727969878497
SLF1,0.357722084052504,0.720551304609369,0.8934082912762
CENPE,2.41869441555597,0.0155763194195414,0.144437392146079
ENPEP,1.22295988389685,0.22134484850716,0.54643285500988
CASP6,-0.409933312300193,0.681854867864193,0.87636706789613
LEF1,-0.237049911517508,0.812618069724884,0.932577619100159
EGF,0.486451570574171,0.626647034215832,0.852131237530354
PAPSS1,0.351899527081054,0.724913613879061,0.895055763163688
SEC24B,-1.81083661711408,0.0701661463092059,0.310491789899661
NME5,1.83209168009673,0.0669377627122627,0.304792225645113
PAIP2,0.0227910190691773,0.98181697191008,0.99465681094543
IPCEF1,-1.72951596710735,0.0837167912983462,0.338448033272253
ANKRD7,2.26247164476554,0.023668278809711,0.178769399453218
IQCG,1.15913611393014,0.246400707324097,0.571437625179967
LSG1,2.89686033662498,0.00376917511593366,0.0691114925952134
PCNP,-1.73624648434363,0.082520261236889,0.336256158146502
RBM27,-2.47378252804033,0.013369104954812,0.133026287423295
SPDL1,3.37410773194991,0.000740553790456042,0.0293487442286112
MINDY4,2.71126100586333,0.00670278415014361,0.0937406628901448
TRPV5,-0.370930750045959,0.710689111167279,0.889478823804951
ABCB6,1.57350158342342,0.115602721964088,0.396225510189814
PECR,1.00296593865987,0.315877295773144,0.640246978515304
VDAC1,-2.53544627331719,0.0112304153977256,0.122334545149015
CDKL3,-0.14934853333812,0.881278620602824,0.960987832626154
UBE2B,-0.41750921613274,0.676305984648406,0.87404954187302
PITX1,0.529301945082495,0.596596006506689,0.836596995368711
FSTL4,2.19276888113276,0.0283240350783341,0.19798331138501
AFF4,3.68029927921668,0.000232960374676573,0.015855062981781
MED20,-1.01349463117513,0.310823959259898,0.635520927713145
XPO5,0.974583740098782,0.329766782360345,0.652110145291439
SRF,1.45665555709183,0.14521148349521,0.439330128635482
SEMA3A,-0.358501739278845,0.719967866511138,0.8934082912762
NRP1,0.489629364134826,0.624396193754049,0.85092888593336
COL6A5,-2.55548150064991,0.0106040997594142,0.118539208965755
APBA1,0.341970434609199,0.732373142128339,0.899184688740967
PIP5K1B,-1.50900068004249,0.131298608997963,0.42034745274501
HIBADH,1.69496275258498,0.0900824868930889,0.353204409784731
STAP1,1.78507155558286,0.0742497110599405,0.320117101627759
ADGRF5,1.5992211062518,0.109771482184441,0.388843547261312
POLB,1.2959512394357,0.194992284474579,0.513506082704866
CALB1,-1.30227964484755,0.192820807382311,0.510751541737469
NBN,0.106627668550116,0.915084367386362,0.972111996832641
ST7,-0.133309056728766,0.893948965297646,0.96664568235554
TFEC,-0.203692593027495,0.838593730760599,0.943305657585494
WNT2,-1.85993597160383,0.0628945852888146,0.294811547989125
NRXN2,-1.24002237321613,0.214967118980447,0.539402567921524
PRDX5,2.7000779035418,0.00693232412136862,0.0953062270426327
POLA2,0.368129977188819,0.712776319443009,0.890731736057193
B3GAT3,-0.556674345643871,0.577749947944687,0.825554374053877
BLVRA,0.261842869085384,0.793442586990447,0.925807350575435
KIF9,0.405405414268697,0.6851795318141,0.877931983959528
USP4,-0.280350364487398,0.779208714034763,0.918389784617283
PTPN23,0.33566452409367,0.73712386081568,0.901513383113994
PRKAR2A,0.234929032074098,0.814263815745577,0.933125974541569
EXOSC7,0.106890942867449,0.914875498568304,0.972111996832641
SCAP,0.420774974393347,0.673919407442889,0.872974353215841
CLCN2,2.40130290917938,0.0163368069316632,0.148611177698213
MCCC1,2.07845975881151,0.0376670335932403,0.228925739599862
LAMP3,3.51901240064057,0.000433156460674529,0.021603178680226
ALDH8A1,-0.921435979593618,0.356822851354353,0.67329843134993
UBXN8,2.00836396067192,0.0446046296755551,0.248986879337994
PON3,1.62057643048925,0.105108510439142,0.380206169539847
SLC25A13,-0.676911429330134,0.498462152013657,0.777218752439069
NPTX2,-1.65227728347275,0.0984780380027471,0.36913947447923
CPT1A,1.49841863255645,0.1340245184008,0.423643565406127
GAL,-1.12318994823875,0.261356830716087,0.587156322810402
FBXO3,2.16363661685801,0.0304922489826746,0.206108783886644
ABCA2,-2.38356285398012,0.017145956198899,0.152693979178208
TCIRG1,-0.0970012408585239,0.922725409035461,0.974300164637596
CHKA,-1.23472213997063,0.216933933121654,0.542217752038378
ADAM2,2.3513624443997,0.0187048041354719,0.159443762011482
ANK1,3.28430825107761,0.00102233038746073,0.0350686024861671
KAT6A,2.90830558287462,0.00363393051445551,0.0681069600819326
PRKAR2B,1.07925363241746,0.280474676844843,0.607376624846768
DUS4L,0.154469065807225,0.877239900361281,0.959284304019716
ABCB4,2.8889131053161,0.00386575882972687,0.0701100450682566
ABCB1,2.03624801147752,0.0417254573768879,0.241402900270422
ADAM22,-0.856426318353525,0.391762012326295,0.70120035973906
DBF4,0.224143679836577,0.822645505418674,0.936592048699255
SRI,0.864146060723728,0.387507658748954,0.698491357154003
ANKIB1,0.227403459996129,0.820110030074105,0.93564249717431
ANLN,1.39880791414923,0.1618705924174,0.465783850966383
EIF4H,1.9717693158004,0.0486359466523168,0.260582312492127
BUD23,-0.24827504247493,0.803921607799986,0.929335099399805
ADAM28,2.89699781210553,0.00376752382857647,0.0691114925952134
SH2D4A,0.797980112705806,0.424882030993276,0.726927680005279
PDLIM2,-0.274333682688007,0.783828201992264,0.920924277043535
FSCN3,0.487047188206809,0.626224890817786,0.851768219621363
ZNF800,-0.194829773820516,0.845526212772282,0.946160468265511
ELMOD1,-0.350695688337023,0.725816660583234,0.895475890652584
EXPH5,0.854562980889784,0.392793128909024,0.702049934488996
ADAP1,-1.40015808869012,0.16146598326831,0.465445869250584
PMS2,-0.252968721508082,0.800292383840395,0.928357492998566
GET4,-2.67715501391389,0.00742502734735016,0.0986494002239334
HNRNPH3,-0.476486251535609,0.633727999809179,0.856275694840308
CCAR1,0.16451550637956,0.869325340733676,0.9558981377079
REXO2,-2.86553834259294,0.00416300855349909,0.0731402176981428
SQLE,-0.611288384927086,0.541008679085969,0.801646373462334
SNX19,-2.13822034574054,0.0324988638390969,0.212838013724413
BRINP1,1.49265813503877,0.135526697330744,0.42576885407058
MAPKAP1,0.376338307082015,0.706665404054917,0.887832840227308
GTF2H1,0.0517497262662348,0.958728114461312,0.985917016070512
SERGEF,1.16689333523573,0.243253447750621,0.568878247668419
PIK3C2A,3.3339462382514,0.000856232055636535,0.0320063888036391
FAM160A2,1.41142747259266,0.158118607112952,0.459971507768099
RNF141,-0.458942054989287,0.646275777550624,0.860562298167274
HPX,-2.62588575582996,0.00864238187779102,0.106204979421618
BTAF1,0.801965105432704,0.422573143489076,0.724642156754109
TCTN3,3.39748035723322,0.00068009470283144,0.0277933941464472
CPEB3,0.00618859989776273,0.995062243206943,0.998154127415021
DAXX,1.90784322815435,0.0564114817325639,0.278038118859598
MLN,1.85071903437718,0.0642099842533661,0.298731238450864
TMEM115,-0.777226024383864,0.437025430736021,0.735773413098549
DOCK3,-1.18959793532849,0.234204457752403,0.559255306819047
ITIH4,2.47858879840077,0.0131903273617258,0.132303227850379
SLIT1,1.59556254007734,0.11058649658983,0.389842654028828
SFRP5,-0.9681529033664,0.33296801200867,0.655462534205554
GID8,-0.126303410031646,0.899491757063189,0.968196502322227
DIDO1,-0.724261737840889,0.468905062387325,0.75989623637634
SLC2A4RG,0.776562495822562,0.43741693569958,0.736001456587674
PRPF6,-1.38800249053534,0.165136286730901,0.470172856423885
TIMP3,-0.6425041364101,0.520545904441715,0.790832617591493
FBXO7,2.20933926679106,0.0271510519113232,0.192937922152844
EIF2B2,0.795159249552236,0.426520872868405,0.728424489339793
TTLL8,-2.42635818028894,0.0152512098211363,0.142729133943879
TTLL1,-0.705371415836021,0.480579127618605,0.767628613468996
MTFP1,1.69406475058916,0.0902529796090011,0.353599209291684
PATZ1,1.13249475879504,0.257426486644669,0.583140763128947
TEF,-2.76566922048923,0.00568061234404569,0.0857806658521469
B4GALNT3,1.02965780668995,0.30317066884507,0.628481055289646
PDE6H,-2.30488203667943,0.0211731809180044,0.169647103064722
ERP27,3.89571424485502,9.79097702810769e-05,0.0099812545062011
ALG10,1.78257030400328,0.0746562774264011,0.320727166924075
ARNTL2,0.222929829765509,0.823590119734426,0.936819265165029
ZCRB1,-0.637394433091834,0.52386795358697,0.792327671894299
TMEM117,-2.34825460973258,0.0188616230806203,0.159889691595385
C1RL,0.984107920516855,0.325062452944022,0.648232931253719
NDUFA9,3.38666451105931,0.000707478451775963,0.0286640406066204
CLSTN3,0.819337094699934,0.412594114099091,0.716564064715377
KLRG1,1.02304162559711,0.306288165121383,0.631310385103318
TAPBPL,2.50886291358257,0.0121120479184995,0.126790585113551
CD27,-0.0882192832037497,0.929702391289516,0.975549863482734
RBP5,2.20856318827979,0.0272050381768046,0.192983135145657
SLC38A4,0.611470747519007,0.540887978482487,0.801645703863379
AMIGO2,-2.20975712336294,0.0271220229120121,0.192816170781054
LLPH,0.53771134773199,0.590776343767681,0.833007095607858
MARCHF9,-0.746523203529011,0.455351420161777,0.749471077315419
INHBE,1.12108577093612,0.26225135481771,0.58818765881282
GLIPR1,-0.00313692012204662,0.997497103971009,0.999088774975208
TMEM19,-0.838973612222909,0.401484117493588,0.708768948120531
LGR5,1.67629181667594,0.0936810470403147,0.359317579620554
CPSF6,0.29340446145766,0.769213015690483,0.91476044045812
SLC6A15,-0.830063944369947,0.40650263117446,0.711555199644366
TMTC3,1.39410582736131,0.163285649730564,0.4679096024786
LUM,-0.046916234314515,0.962579989229783,0.987850034606325
KERA,0.0345225366870382,0.97246047138008,0.991421585043066
TMPO,2.20373091468252,0.0275432736649638,0.194626133884638
SNRPF,-0.558500867412006,0.576502412367254,0.824891774329339
AMDHD1,2.12667710759168,0.0334469208690526,0.216201957921127
ASCL1,-1.69397287307373,0.0902704379078899,0.353599209291684
SLC15A4,-2.56489918208559,0.010320578789769,0.116901650316817
SLC46A3,1.21245936772659,0.225336587261937,0.550194547552232
TARBP2,0.425829205945846,0.670232303658738,0.871262815580261
GPR84,1.92907147513103,0.0537219896197971,0.272374016186203
NPFF,0.576628186181599,0.564190654316511,0.817317572242052
NABP2,0.00234034851039498,0.998132673761288,0.999304046262922
SMARCC2,1.20361279075169,0.228739273407716,0.553038002965353
CSAD,2.70221348739017,0.00688795200939891,0.0950993044953206
LMBR1L,0.385064165423189,0.700189876632567,0.885505047722064
MYG1,0.931312976395161,0.351691691468699,0.66958357453982
ESYT1,0.544563669347942,0.586053647502411,0.829759590694712
ANKRD52,-1.33252975461625,0.182686170694799,0.497590344613007
KRT71,-1.90914360139374,0.0562435694213833,0.277572354669655
RB1,-0.779419111090957,0.435732869679462,0.734831221468685
VPS33A,0.414669669833586,0.678383738524288,0.874824937481181
VPS37B,-0.677217056520991,0.49826824733729,0.777218752439069
RHOF,-3.54358889118357,0.000394720220951911,0.0205703979040752
SRRM4,0.836115154128074,0.403090123893632,0.709948912430796
METTL21C,0.619779392683371,0.535403037650532,0.798350727555552
ZIC5,-0.743620190335979,0.457106284939132,0.750302356716799
RAB20,1.94521361435697,0.0517492739471114,0.268849056127799
ANKRD10,2.54602587067354,0.0108957113027883,0.120775397480328
SSTR1,-1.64925249229399,0.099095918015019,0.369847049298974
REM2,1.3510195566703,0.17668916811481,0.488646088717446
CBLN3,0.152515549026762,0.878780327550104,0.95953627157524
TINF2,0.140998605752084,0.887871043788328,0.963095168549662
NOP9,1.45298976462567,0.146226595872205,0.441462327747456
FITM1,-0.812505320263625,0.416501735021462,0.71985022810651
FANCM,3.78995630843094,0.000150673784946726,0.0127201634385493
L2HGDH,1.45281325089231,0.146275611831057,0.441523536716873
PELI2,2.51432831346544,0.0119259353755288,0.125616646565503
ARMH4,1.12649949645152,0.259954153605932,0.585844681556815
GPR65,-0.678383819427513,0.497528365609181,0.777145348189189
JDP2,0.408342398237751,0.683022316133147,0.876711175340686
AK7,-1.32702320894527,0.18450100537612,0.49976806298142
FAM181A,-1.15871317514441,0.246573118630427,0.571437625179967
ITPK1,-0.300084771100211,0.76411249511493,0.913020887965661
TRIP11,0.943155542408986,0.345601349464793,0.665343291225052
EMC4,0.0722148537355201,0.94243092446541,0.979096452676569
DUOXA1,0.425210032135381,0.670683571563408,0.871285659683641
MFAP1,0.0159719141249982,0.987256798118299,0.995653354688577
SORD,3.60951168960597,0.000306773949992875,0.0184977638198322
LYSMD2,-0.498965488117448,0.617803697275192,0.847995607514065
SLC27A2,2.38552585203632,0.0170547236510196,0.152463596539006
FGF7,-0.567274130549987,0.570527950050616,0.82199876422849
HDC,0.185071507323227,0.853172949395331,0.949925834056598
MYZAP,-0.464419112102692,0.642347499727663,0.859677013279956
RAD51,0.944132255749189,0.34510206802734,0.66481571436358
COMMD4,-0.39624452361345,0.691924648516717,0.880922416629069
UBE2Q2,0.937916387978155,0.348287380578303,0.667128480086683
BCL2A1,1.15829713152453,0.246742801575192,0.571513871210672
TSPAN3,-0.456487422083349,0.648039513537148,0.861625172251959
WDR61,-1.1929367019344,0.23289416394972,0.558098980405235
TLNRD1,-2.55585262306745,0.010592797263393,0.118494583051993
ARRDC4,-1.82744387248064,0.0676330579864051,0.305794372420509
CYP11A1,2.31452190204101,0.0206391112695281,0.167437114398289
BBS4,0.710079235502383,0.477655001997238,0.766261869296638
PML,-0.774884393866167,0.438407974627519,0.736236516860491
ADAMTS17,-0.024445127401284,0.980497552606568,0.994268145870035
SCAMP2,-0.584106112423257,0.559148922682195,0.814476268769411
RHCG,3.33826128081667,0.000843044352342178,0.0316317266368388
RLBP1,-1.30505130777281,0.19187537744203,0.509269361872909
WDR93,0.954470047633908,0.339845763784086,0.660815737185251
TICRR,-1.89240564037905,0.0584369551024054,0.283170285576947
MFGE8,-0.7416313970928,0.458310695255346,0.750986459704195
ZNF710,-0.0591281397462374,0.952850045569549,0.983541732126991
ST8SIA2,0.200301512437037,0.84124477976385,0.944427959902316
FURIN,-1.83377709220519,0.0666870895163894,0.304487615203143
IQGAP1,-2.17727374034699,0.029460149249751,0.202253095802293
CRTC3,-2.54067880226638,0.0110637506794496,0.12178897898329
EFL1,-1.9346085435698,0.0530383508228322,0.271112780979908
SEPTIN12,-1.05609675741891,0.290924011689812,0.616819791429714
PMM2,-2.40967064081472,0.0159669273808211,0.146716511290096
PRSS36,0.689348560078448,0.490603946072667,0.772978775267889
ITGAX,-1.98368982840575,0.0472904281809906,0.257355477218748
UQCRC2,1.3388405926823,0.180622572841402,0.494545824862547
CDR2,-1.21494895947307,0.224385558895663,0.548825339390343
IGSF6,-0.877282765692979,0.38033307079619,0.692209605270092
NKD1,-1.20548016804408,0.228017989513578,0.552308506077866
DHX38,-0.127037354584091,0.898910833366907,0.968196502322227
NUDT7,1.63954624457863,0.101099547879052,0.373930542197915
CDH11,-0.382006396567813,0.702456620035067,0.886145736713363
CDH13,-0.348303890715511,0.727611972205851,0.896801299793949
ADAD2,0.556741914879212,0.577703774748666,0.825554374053877
IRF8,1.05964375817068,0.28930669832404,0.61524170468832
ZNF174,0.433907251276095,0.66435579386877,0.869186278343771
RPL3L,0.67881761757749,0.49725342956356,0.776987873065284
NDUFB10,1.91830695803453,0.0550721006802935,0.275173760766608
DEF8,-0.61657777874184,0.537513255188936,0.79917009295152
CBFA2T3,0.494194743601119,0.621168651645602,0.849168863706442
GALNS,-0.816199256106035,0.414386182231442,0.718330041364057
GAS8,-0.702095876868,0.48261937348867,0.768823334140329
MED9,-0.807147109718912,0.41958173334328,0.721974555813294
NCOR1,0.97345734051084,0.330326052302097,0.652480499849463
COPS3,-1.02844551795479,0.303740306438538,0.629179121669298
GID4,0.205439423027663,0.837228821956048,0.942929542460087
CPNE7,-1.0241238018006,0.305776803425397,0.631072402437464
NEK8,2.94544578377629,0.00322489659812078,0.0639026270891684
GFOD2,0.50691128991347,0.612217063696183,0.844561088559933
NOB1,0.44339994554832,0.657476475283107,0.8662144345171
PRPSAP2,-0.761905239761047,0.446116562498931,0.741803791705495
UNC45B,-1.72669072871703,0.0842232216187327,0.339786151023962
KIF2B,-3.19672282393611,0.00138998422383729,0.0407648872309231
EPN3,1.68049460649761,0.0928611228170878,0.357956038170816
TOB1,-0.0546324390367131,0.956431294727989,0.984811472399811
SGSM2,0.844359443395207,0.398468578239854,0.706804244330246
LRRC46,1.43941510491368,0.150032947242958,0.447448765751813
RHBDL3,0.862612267210878,0.388350683398526,0.699031230117348
SPACA3,-0.290965165950879,0.771077960964182,0.915499756026108
G6PC3,0.895963065199533,0.370272489898123,0.68516471134754
C17orf64,-0.862451978672252,0.388438847809075,0.699112290044114
CDH2,-1.27882266113311,0.200959511994518,0.521350567059663
AFG3L2,2.56072545242334,0.0104453865356713,0.11757588219215
IMPA2,1.68011101771848,0.0929357176304957,0.357956038170816
SLC39A6,0.151859152411978,0.87929802621082,0.960025711090609
GALNT1,-1.0077347685669,0.313581808907137,0.637827524228358
ASXL3,-0.0498651309920285,0.96022986415616,0.9866854641509
MEP1B,0.173661591081083,0.862131424659334,0.951912629749322
GAREM1,0.911820084493663,0.361863435745435,0.676443827701275
ESCO1,2.49084545588235,0.0127439538966924,0.130161782426898
GATA6,2.12340267835377,0.0337201229648706,0.21697875074934
RMC1,-1.38377757019274,0.166426573055497,0.472105061717983
NPC1,0.717751700859825,0.472910398866093,0.762499219657864
ZMYND15,-0.0336681040926296,0.973141813792407,0.99172394288764
SAT2,2.76661622505507,0.00566413905820193,0.0857806658521469
ASGR1,1.4683267553732,0.142015486647044,0.435147263338739
TP53,-0.338215652336134,0.735200681317986,0.900882056507653
ARHGDIA,-1.60177316448593,0.10920577930398,0.388233478409036
TTYH2,-3.97440818883943,7.055447141761e-05,0.0085986272722409
FN3KRP,-0.262853720734708,0.792663327758757,0.925401892800468
TRIM65,-1.52230451848287,0.127932796427784,0.415813654962492
CBX8,-0.297722255448608,0.765915155897262,0.914050793446994
RNF157,-1.67125657816317,0.0946710091739004,0.361308990759811
CEP131,-1.87242462359755,0.0611478810492056,0.290680336365136
ZNF750,0.00617228095930297,0.995075263587311,0.998154127415021
RNF165,-1.89839673386776,0.057643839554096,0.281509395835788
ELAC1,0.542793203264047,0.58727219341194,0.830491623016413
ZCCHC2,-3.14717424841367,0.00164856685594914,0.0438059347017698
CBLN2,-0.187095511354412,0.85158574744003,0.949530468802297
ERBB2,-2.17799388039719,0.02940649235741,0.20222733755675
PNMT,-0.885451916551711,0.375912942149941,0.689354654671928
ARL5C,2.03414146053845,0.0419373347512611,0.241736222966995
IGFBP4,-0.385014473173019,0.700226692539203,0.885505047722064
TXNL4A,0.860245066811214,0.389653966969672,0.69997796194297
AKAP8,0.414014838410728,0.678863239876137,0.874906118720863
SLC39A3,2.08529657719591,0.0370423879352637,0.227149114054473
FEM1A,3.24501716637547,0.00117443543534807,0.037180515569447
CIB3,1.20335899396141,0.228837428952349,0.553038002965353
CALR3,2.19266204149823,0.0283317375176237,0.19798331138501
SH3GL1,1.20462059951091,0.228349800671381,0.552616432572014
PGPEP1,1.85469318507461,0.0636400524976381,0.297073732170784
CCDC97,-0.027266531497567,0.978247150933925,0.993508098558048
SSBP4,3.45681477514814,0.000546600413520533,0.0243288498665163
SMG9,-0.0649019131451878,0.948252097338216,0.981432746679979
HUNK,-0.699280291474754,0.484376881281099,0.769656393361959
LRRC56,-2.66536687024883,0.00769043745163554,0.100446656449283
IFNAR1,1.27622408265608,0.201876317799028,0.522467385470931
SOD1,-2.76386873312897,0.00571205132202927,0.0857806658521469
SIK1,-0.0871582348447783,0.930545736737227,0.975783754103
DNMT3L,1.68012607428625,0.0929327887397221,0.357956038170816
SCYL1,-0.430071349279525,0.667143740580444,0.870545346022761
EMP3,-2.15552930244277,0.0311204381537365,0.208304153347148
DMWD,0.658522384892527,0.510202517923007,0.784391799791513
SAE1,0.568864513017691,0.569448089695636,0.821117701794908
BCAM,-0.532580539270641,0.594323976395913,0.835289806069657
NTN5,1.02695433059301,0.30444196931385,0.63007580433016
GEMIN7,0.397916845622455,0.69069148220437,0.880281352024739
WDR62,1.11313852709327,0.265648939206447,0.591517122791588
SLC6A3,-0.320167689917461,0.74884121476926,0.906088925813298
RNPEPL1,-0.423010453247173,0.672287634363154,0.872187471217573
CACNG8,1.18472755136471,0.236125185479968,0.561524813885682
TIMM29,0.0245349873031473,0.980425876275886,0.994268145870035
ECSIT,3.67940229289381,0.000233781235896456,0.015855062981781
TIMM44,0.36338723083272,0.716315639113644,0.89272337339636
TM4SF5,-1.29511661242239,0.195280004975166,0.513874763112914
SLC47A1,1.57954091271784,0.114212040006521,0.394328021447179
KLHDC4,-0.427403461507008,0.66908548661634,0.870923553367681
PSMB6,2.61461440333731,0.00893282392560361,0.108215353520261
ACP4,-2.75949743632584,0.0057890341349904,0.0861134008297679
RPS11,-0.170436664188304,0.864666740082959,0.953239854244138
PTH2,0.95045163230301,0.341882819293999,0.662868255734023
IGLON5,-1.11278129414048,0.265802371113308,0.591517122791588
RCN3,-2.84527534903992,0.00443730471837881,0.0754941718989884
WRAP73,-0.343558296869354,0.731178491871366,0.898714071321158
PRDM16,-1.98141121606265,0.0475451769678323,0.25835057776453
ARHGEF19,3.74948881709749,0.000177195397885634,0.014010537582089
PGD,-0.701219243550695,0.4831662022812,0.769089754765391
SH3BGRL3,0.0572828355078765,0.954319893180355,0.98419362146468
IL22RA1,-1.13986744034196,0.254341531717331,0.580978281793434
C1orf216,0.615643948755801,0.538129538464318,0.79957298459695
EVA1B,0.860943797487833,0.389268998042022,0.699823547996673
PLK4,2.89772762640408,0.00375876866574521,0.0691114925952134
ITGB3BP,0.916720433146648,0.359289155995241,0.674953950291707
TINAGL1,-1.40030006524488,0.161423481322832,0.465406120377406
MOB3C,-0.771062956820789,0.440669615936969,0.73819902901223
CYP4B1,1.09696971266041,0.272654632206266,0.59843722862984
SLC44A3,1.13938267274412,0.254543579781777,0.581193568054003
CTTNBP2NL,0.498425808489955,0.618183949827955,0.848230224562881
PSMA5,-0.646594437473944,0.517894459041633,0.78922029410931
PROK1,-1.27463023813457,0.202440149501852,0.523258233658988
CELSR2,1.48603503443033,0.137269854404231,0.427810533477117
MPC2,2.2769478444673,0.0227893403227645,0.175566738256507
SFT2D2,-1.13555022322851,0.256144851321574,0.581899354600055
ILDR2,-0.152947179436644,0.878439929763496,0.959476605224832
UAP1,-1.32024850611705,0.186752061842445,0.502083955946955
PRCC,0.581993216489543,0.560571250099144,0.814938108821449
FCRL4,1.06478846335925,0.28697166696053,0.613638953055925
TOR1AIP1,-0.878441871845926,0.379703969719267,0.692074850464365
HMCN1,3.4103519167629,0.00064879105413705,0.0268957907839065
PRUNE1,-1.34458194689706,0.178760276554621,0.492190474379795
SF3B4,-1.15977911072827,0.246138751096247,0.571257591139615
CGN,-0.986699782926072,0.323789836519548,0.647699550801599
S100A11,-1.02617353723143,0.304809792528036,0.630349661270923
SETDB1,-1.02208561265592,0.306740382016537,0.63192105390265
CTSK,-0.829596464882885,0.406766976164389,0.711845925918648
CERS2,0.690521626612893,0.489866214548923,0.772442696927301
POGZ,0.962119039985609,0.335989810921129,0.6576059356878
GOLPH3L,-1.88155790583348,0.0598960661182557,0.287320312432911
KCNH1,-0.953285493595748,0.340445439409719,0.6615849571265
JTB,0.624600316277607,0.532233412052275,0.797792470399807
TPM3,0.497267921178594,0.619000130053458,0.848654349765034
SLC27A3,4.12578952747466,3.69465047834039e-05,0.00598865896034194
CAPN9,-0.126540126612334,0.899304387867915,0.968196502322227
ACP1,0.0992003914694825,0.92097916404542,0.974018985127802
SDE2,1.79906017103797,0.0720091630884011,0.314693050552681
CNIH3,-0.246332319541074,0.805424993213728,0.929825260676463
LEFTY1,0.0649056511348321,0.948249121129239,0.981432746679979
C1orf35,1.6570383386321,0.0975117241819354,0.367659348049544
WNT9A,0.523006802868312,0.600969519170689,0.837729182682981
EPHX1,-1.16607542575672,0.243583951307567,0.56922421533684
REN,1.87658263893764,0.0605753186726909,0.288898939631534
ARL8A,0.104049078930142,0.917130400552083,0.972572238308715
OSR1,-0.422753005224074,0.672475478397563,0.872291535639093
GDF7,-0.28943886968936,0.772245553549308,0.915997366890178
PDIA6,-1.55446567703384,0.120073377668211,0.403867138728728
RHOB,-1.19305664931813,0.232847187740284,0.558098980405235
GALM,1.83377709220519,0.0666870895163894,0.304487615203143
ABCG8,3.00979144377054,0.00261427131641602,0.0569552738814345
CALM2,-0.117938395022894,0.90611647070149,0.970403934304313
WDPCP,2.41845455557265,0.0155865923542454,0.144450014562586
VPS54,-0.184215880391321,0.853844101922917,0.950008289901106
ETAA1,3.2656130738103,0.00109227386621168,0.0360067352436856
SNRPG,-0.15775266631211,0.874651698317514,0.958508587892841
CLEC4F,3.61915485485424,0.00029556673725731,0.0182161264038165
MRPS5,2.3273251132962,0.019947968136075,0.165051871116713
TPRKB,1.03900680461751,0.298801571605301,0.624975468478226
RTKN,-0.0714583448457371,0.943032975766534,0.979345303959492
SFXN5,0.563284074750828,0.573241460538465,0.822781442829008
TEX261,-0.706417367214774,0.479928623688887,0.76747859721519
DUSP11,0.598592227720046,0.54944484025481,0.807969680632434
SULT1C4,1.43652048271035,0.150854292221155,0.449052397572328
MALL,-0.119475878456844,0.904898349340283,0.970008421695433
RALB,0.229624198914821,0.818383801257666,0.935117396990348
C1QL2,-2.49548771417552,0.0125784111005301,0.129367681172901
SLC20A1,-1.63600096273239,0.101839385906985,0.37495725272884
ZC3H8,-0.259176654797556,0.795498942610904,0.92639576185047
UBXN4,-0.930724429749439,0.351996129305635,0.669817475923343
NXPH2,0.650979211717114,0.515059906326785,0.787455765105721
THSD7B,0.658501235863111,0.510216103160966,0.784391799791513
POLR2D,-2.0343189279271,0.0419194499854931,0.241736222966995
AMMECR1L,-1.98590246223022,0.0470441552889285,0.256965982716058
SCRN3,2.04468712798161,0.0408857134589363,0.238451187105612
WIPF1,0.95272266300762,0.340730607538872,0.661944411396375
LNPK,-0.659556390664863,0.509538547368801,0.784362513634864
TMEFF2,-0.994697208165211,0.319883552715754,0.643288492486481
UBR3,-0.0755600870578436,0.939769091558634,0.978237030773654
KLHL23,-0.266804487383575,0.789619699031562,0.923890298919367
PTH2R,1.07038831623901,0.28444455616824,0.611499520141104
CPO,-0.588244032803226,0.556368505702548,0.813007432897618
ABCA12,0.770332413681019,0.441102733613724,0.738466660725557
SUMF1,0.137882526995946,0.890333259935682,0.964408701570266
ACKR3,0.790148260456092,0.429441188171006,0.73043036477935
UBE2F,-1.1914329921324,0.233483647530848,0.558685627816286
HES6,-1.11292954646455,0.265738689188409,0.591517122791588
RAB5A,0.345410926980632,0.729785463573925,0.897911991731421
CTDSP1,0.0548208719862053,0.956281171964825,0.984811472399811
SLC4A3,-1.95672913779595,0.0503793222426074,0.265549471632829
CNOT9,-0.543391741683435,0.586860110473602,0.830126148064108
MARCHF4,-0.91682911098571,0.359232195466098,0.674953950291707
PNKD,0.58046586972363,0.561600496394418,0.815410986815791
DYNC1LI1,1.50320468527485,0.132786269717045,0.42210877541549
CTDSPL,-2.48426213894624,0.0129820203997571,0.131310359878456
STAC,1.88882939585943,0.0589146925129779,0.284507295751612
RPL32,-2.24679306889553,0.0246532549352637,0.182801742564359
ARL6IP5,-0.669084729745171,0.503441430287887,0.779992558166351
LRIG1,-0.853181730384519,0.393558533183058,0.70218310263507
ITIH1,-0.0147998729907266,0.988191840909559,0.995933690810361
LRTM1,1.24891365902277,0.211696655188017,0.535280540922766
CNPY2,0.0122169444356305,0.990252531129577,0.99681076259499
LIMD1,2.33094284691995,0.0197563735613126,0.164474092991945
NXPE3,-0.710540755711817,0.477368866821452,0.766106134882071
ADGRG7,-4.43761846853203,9.09596615631751e-06,0.00261815387312133
MYH15,-1.6829742228082,0.092380081623145,0.357130516246042
ABHD10,-0.623663035807714,0.532848903478322,0.798090996106351
PLA1A,-0.163106797331572,0.870434347973231,0.956484545353182
RABL3,-0.515035607479157,0.606528138053241,0.841720873344132
CFAP91,1.50142277249625,0.133246247506575,0.422618109910142
BOC,0.145141760708297,0.884598947087253,0.961796641624449
ATP6V1A,-0.999607766213583,0.317500363276427,0.641531434621275
EIF2A,-1.84570818771167,0.0649345877280225,0.300463811728095
ALDH1L1,-0.411413514330528,0.680769346023317,0.876151696727567
RNF7,-0.922497005211343,0.356269391722501,0.672956709964091
FTH1,-1.04976048996113,0.293828244759365,0.620090699146453
AMT,2.10106340719416,0.0356354005709307,0.223275689158955
TCTA,0.812470444778335,0.416521738866819,0.71985022810651
ABHD14A,2.73844444287815,0.00617305894292015,0.0899003705353034
NICN1,2.48393019247855,0.0129941277836414,0.131310359878456
UCN2,2.17053121361293,0.0299666266662223,0.204002121643342
STXBP5L,-0.67579437138895,0.499171208834889,0.777688016532556
EAF2,1.20749294643334,0.227242359866252,0.551733285061724
TM4SF19,-0.437358467146731,0.661851399725109,0.868311993729473
SLIT2,-0.548704408506238,0.58320832029398,0.82821304219775
AHSG,0.00594385793017785,0.995257515450815,0.998154127415021
DGKQ,-1.51248870719137,0.130409583335929,0.419189787199754
CENPC,2.02977706316143,0.042379205453536,0.243015692407733
EPHA5,-1.37668306160232,0.168610257865534,0.475635863164366
CORIN,0.224925714067021,0.822037064861234,0.936313914488623
ATP10D,2.87613986778032,0.00402571283463474,0.0713145129361689
SLC10A6,1.13602778928016,0.255944934218665,0.581822127954499
ENOPH1,0.965463093006264,0.334312913094257,0.656594936186212
CABS1,0.0374455632322164,0.970129743920038,0.990295218161181
KLHL8,0.732776034291027,0.463695040628108,0.755835972801791
PYURF,-0.673236419935726,0.500796894563872,0.778461413228429
TBCK,0.933608073416804,0.350506099239403,0.66916740524825
CISD2,1.54823016006597,0.121566892416518,0.406527101166099
DDIT4L,-0.0283508921123459,0.977382290856789,0.992962987144831
AP1AR,-1.82570087204637,0.0678953317669869,0.306123903368871
SPATA5,-0.136987938640085,0.891040328802263,0.964787754813352
FABP2,-0.118229116909935,0.905886119788993,0.970403934304313
CCNA2,-0.638477241265375,0.523163064365048,0.791932722875502
USP53,0.393922536184411,0.69363823139566,0.88183108208486
SETD7,-1.19037447221548,0.233899241905566,0.559184780537952
NAF1,0.543248951221373,0.586958406971782,0.830192741588623
SFRP2,2.2261597603081,0.0260034822341088,0.187829965923649
RPS3A,0.573155116290796,0.56653967145832,0.818965671331175
GLRA3,-2.96701914627781,0.00300702233059211,0.0610410096099784
NDUFS6,2.84627960102571,0.00442333373619334,0.0754941718989884
MARCHF6,-2.19510638006746,0.0281559676669008,0.197203825817153
ADAMTS16,0.919848753275919,0.357651802121827,0.674082373194475
SRD5A1,1.02481708589289,0.305449502940192,0.631072402437464
MYO10,-1.04734173807188,0.294941992433107,0.621114038631705
OTULINL,-1.55436985845767,0.120096218685451,0.403867138728728
RPL37,-1.07458417218161,0.282560941280164,0.609363270848337
OSMR,-1.68967310908095,0.0910905105957999,0.355266142022936
PLK2,-0.0450714766478697,0.964050336647369,0.988392364703649
GZMA,-0.675913599319364,0.499095502913057,0.777644814641714
PELO,-2.54787654694306,0.0108380817443889,0.120401029525898
HAPLN1,-1.22010596482436,0.222424707677238,0.547665515227154
BHMT,2.53319466078034,0.0113028165054666,0.122459801341161
ANKRD31,2.70572509273762,0.00681554410246203,0.0947454154003491
IQGAP2,0.546624563818731,0.584636689742536,0.829271482509693
CRHBP,1.15778201928518,0.24695300287444,0.571837317655971
RASA1,1.983655287846,0.0472942812289654,0.257355477218748
LIX1,1.46001409091608,0.144286201321778,0.438375827033683
GTF2H2,-1.21601850488025,0.22397787288248,0.548637544679542
SPATA9,-0.789044391122883,0.430086061760057,0.730587400447365
FEM1C,-0.487056787394849,0.626218088405184,0.851768219621363
COMMD10,1.49986489615347,0.133649402734721,0.423109993931073
ADAMTS19,3.01277602301221,0.0025886989881796,0.0567636463456124
YIPF5,-0.333464120207553,0.738783968970051,0.902176000795895
ARHGAP26,1.84680734816098,0.0647750665269849,0.300239935183271
LECT2,0.441195410701203,0.659071535356968,0.866852148238872
IL9,0.980812994170027,0.326684969171702,0.649323931980884
RNF145,1.69144868396068,0.0907511408039126,0.354368884917037
GABRA6,-0.278663833545682,0.780502820088715,0.918948951174401
GABRB2,-0.424196763289687,0.671422321135042,0.871832444386597
SPINK7,-1.09893590547418,0.271796023869873,0.597442602509733
PCYOX1L,0.00334572617856948,0.997330501717789,0.999088774975208
N4BP3,1.23442587947126,0.217044250480159,0.542350301973486
NHP2,0.258634668774107,0.795917131316395,0.92639576185047
FGF18,0.147201290565274,0.882973141971507,0.961576972468164
KCNMB1,0.24575905872006,0.805868751579071,0.929825260676463
MYLK4,-1.4060406948823,0.159712040987657,0.46244595790799
CDKAL1,-0.933039917100422,0.350799358888596,0.669176853297871
PSD2,1.42084425684778,0.155362041326496,0.455959320633926
LRRTM2,-1.19303098253333,0.232857239318011,0.558098980405235
ZMAT2,-0.972282831693712,0.330909862457297,0.653047150543154
GFRA3,0.897067929045826,0.369682670721622,0.684664809155253
TRIM7,0.761933241664118,0.446099848934061,0.741803791705495
HIGD2A,1.43361992480392,0.151680754397761,0.450004377587638
RNF44,1.78628473078335,0.0740531679295602,0.319705917234082
MMUT,1.560416170292,0.118661565998276,0.401877418150033
ABT1,2.32569757998181,0.020034689689869,0.165346851664348
HMGCLL1,1.71305742399804,0.0867019757481751,0.345782324405796
SCUBE3,2.81372810145023,0.00489706294644115,0.0792180571844956
FGD2,1.76499860983795,0.0775639993511289,0.32690878828861
ANO7,1.3340855080533,0.182175834691592,0.496823610150293
CRIP3,2.92837770514559,0.00340735845687913,0.0663023688205927
NFKBIE,1.07891140423352,0.280627224467428,0.607463499117593
CYP39A1,1.48217031246681,0.138294983719161,0.428952991776224
PHIP,1.26606451029906,0.205489987287653,0.52707159994997
MMS22L,0.984228812204455,0.325003022301449,0.648232931253719
PM20D2,1.87239162462622,0.061152442902407,0.290680336365136
TBC1D32,1.45755668596062,0.144962775913262,0.439158523392125
CLVS2,0.22542988733133,0.821644863217928,0.936241939395388
TAAR6,0.719410905470297,0.471887779456136,0.762086092094625
TAAR8,-0.346588758055181,0.728900292788142,0.897504166347842
TAAR1,2.54674613121466,0.010873250292225,0.120632795336533
SLC18B1,-0.921077840249459,0.357009788724111,0.673428565742944
SLC2A12,1.25703998256883,0.208739157983085,0.53113934875534
AIG1,0.927511070065501,0.353661246840155,0.671082644856228
SLC22A3,-2.49220791378606,0.0126951699123529,0.130053112509501
VWDE,1.75542866471679,0.079186012563113,0.329024885320559
GNA12,-1.42422989203148,0.154379934500559,0.453816532158062
GGCT,-1.85700294536753,0.0633107350411354,0.295906489123923
FERD3L,0.933510803259545,0.350556295185503,0.66916740524825
EGFR,-1.45984393664593,0.144332970190489,0.438435740970322
IGFBP1,-3.7201167422068,0.000199130711102669,0.0147384004395579
SSC4D,2.99443647460019,0.00274952304179206,0.0583313332580169
CCT6A,-0.33237303877761,0.739607594385713,0.902393639247122
ZC3HAV1L,-1.27844949129626,0.201090983111667,0.521350567059663
TMEM140,-1.06934114943788,0.284915974978306,0.612250170810467
EPHA1,-2.42127302050609,0.0154662563886598,0.143828198395747
TMEM47,-1.15427124746133,0.248388980569361,0.573278796247867
CDK16,-0.0768947094259339,0.938707306353894,0.977734656772283
CHST7,2.53704626402501,0.0111792179460043,0.122286050383331
NDUFB11,1.87052941096694,0.0614103367282671,0.291407608191095
AWAT2,-1.87986539761469,0.0601264248166913,0.287914097445716
SYTL4,3.06735073157077,0.00215965292825583,0.0513281734810832
TBC1D8B,0.256553960999312,0.79752311936789,0.927156605924344
FRMPD3,2.12993255323799,0.0331771821085321,0.215711570315763
HTR2C,-0.865064754122392,0.387003248549456,0.698102350870165
UPF3B,1.07093761044687,0.284197483312818,0.611215514533643
DOCK11,0.730989012470347,0.464785864240319,0.756624894393023
ARHGAP36,1.00861926866976,0.313157262709857,0.637203875378366
GPR119,0.642328843163484,0.520659690435868,0.790832617591493
MFHAS1,0.501863971794064,0.615763209950257,0.846700531903946
DLC1,3.33840814145321,0.000842598847239791,0.0316317266368388
ATP6V1B2,1.87270703592173,0.0611088512511211,0.290680336365136
CHRNA6,1.97688038066216,0.0480551529921323,0.259815201750991
GNRH1,1.79962647851849,0.0719196372160962,0.314650822408153
BIN3,-0.568172175712154,0.569918062745575,0.821445080464319
DOK2,0.558460378716819,0.576530052841263,0.824891774329339
STAR,1.33404193741928,0.182190112822095,0.496823610150293
ST18,-1.32868033484845,0.183953455493275,0.499472775551019
GINS4,1.08614624978915,0.277414293146438,0.603814727757568
ARMC1,-0.493009932008264,0.622005569578628,0.849539669837648
DNAJC5B,1.03804318080322,0.299249952263206,0.62521999768211
CRH,-1.96425825070027,0.0495001506370731,0.26280640081111
MRPS28,-1.31077662892669,0.189933240684702,0.506686619199858
PRDM14,1.23891403479608,0.215377335540033,0.539992456576706
TERF1,0.998141601933223,0.318210699396349,0.641870689125119
PSKH2,0.596132836146685,0.551086489673363,0.809108778180756
LRP12,0.587250063011496,0.557035773953115,0.813276243920559
RSPO2,0.632263841188032,0.527214487004367,0.794457595019742
EIF3H,0.0878796028552183,0.929972368436439,0.975549863482734
NDUFB9,1.58866304916614,0.112136485450275,0.391980497073387
TATDN1,0.225905145048267,0.821275196091143,0.936149764658322
C8orf76,-0.499495845343156,0.617430112931256,0.847698178934671
GSDMC,-2.25208773403686,0.0243167282846916,0.181747448930797
ZNF16,2.26851927476247,0.0232975755720722,0.177127576574501
UHRF2,-1.13394996129919,0.256815538209281,0.582801850708921
PLIN2,2.02808942199396,0.0425511223224713,0.243649214759845
CDKN2B,-2.01713000449407,0.043681948190226,0.246707482875989
IFNK,2.31615820790642,0.020549632104271,0.167111878818801
SIGMAR1,2.31997341669025,0.0203423154378019,0.166613739732861
NTRK2,0.477229822271676,0.633198477267087,0.855898431269318
FAM120A,-1.3318642706525,0.182904793689818,0.49768403574253
OR13C4,-1.48215061252296,0.138300224259519,0.428952991776224
ZNF462,-0.240903442684023,0.809629953834151,0.931654971013613
OR1K1,0.0865249145065016,0.931049151424784,0.976055173394711
ASB6,-1.79945778890676,0.0719462953179468,0.314650822408153
LCN9,-0.0271700047711035,0.97832413959545,0.993508098558048
DPH7,-1.45144458742776,0.146656101682107,0.442095732223409
NACC2,-2.85378265805655,0.0043202076419392,0.0744419286676984
PROSER2,1.21909232251806,0.222809153547465,0.548359957012757
MINDY3,-0.678736632739295,0.497304750634569,0.776987873065284
CCDC7,1.67591181409764,0.0937554672877794,0.359401849934097
NRBF2,2.06959033932479,0.0384907235091002,0.230987092691227
GLUD1,0.266747597086016,0.789663504064938,0.923890298919367
NPFFR1,-1.01200780767035,0.311534320323291,0.635892716872968
FUOM,-1.42940394996443,0.152888163775619,0.451773474985676
PAOX,-1.19311864671949,0.232822909704847,0.558098980405235
BCCIP,-2.3833815492099,0.0171544041016421,0.152693979178208
ADM,1.75344171480437,0.0795262159400532,0.330269135068491
LIN7C,0.114591941825388,0.908768567124621,0.970882527321578
ZNF214,3.07895606602933,0.00207727312781634,0.050179612710544
HSD17B12,-0.984164522470448,0.325034626408058,0.648232931253719
SSRP1,-2.12881721739985,0.0332693858738302,0.216051071966712
TMX2,0.203945811977801,0.838395844575668,0.943305657585494
SLC43A1,1.10551458194866,0.268936679456811,0.59422630296444
HIKESHI,0.10643350078091,0.915238414245792,0.972111996832641
ENDOD1,2.91106012307168,0.00360204698159077,0.0678902087495405
PAK1,0.084273988015693,0.932838593371797,0.976643879886423
RPS3,1.16183591794574,0.245302121168896,0.570814304150623
C11orf52,-0.452695909345071,0.650767725564871,0.862705002345709
NPAT,2.60440782358549,0.00920331729980431,0.109981742302128
ATM,1.93181809663655,0.0533819616560055,0.271945625468144
AASDHPPT,3.51592447166566,0.000438225630068618,0.0216085002027493
LAMTOR1,-0.0437336577674874,0.96511670985512,0.988607218601641
ST14,-1.31385799312063,0.18889399724179,0.504976062824454
OVOL2,1.91750444794563,0.0551738764445065,0.275512434777882
MTA2,-0.0459299006824896,0.963366122020327,0.988106584842834
TMEM138,-1.89723225995843,0.0577972908990873,0.281904482952316
FADS3,-0.683302150996013,0.49441593526457,0.775708371571417
ROM1,-1.25414229621669,0.209790289168118,0.532158184213775
MYRF,0.521581952491948,0.6019614317379,0.838229275062014
FADS2,0.138389666195554,0.889932463615879,0.964197549649157
INCENP,1.47717444293697,0.139628882660664,0.431262618283904
ZP1,-1.13834789898722,0.254975240402953,0.581327246517374
OOSP2,1.20097814350305,0.229759679709044,0.554220893058976
MS4A3,1.13734882670586,0.25539249072774,0.581709320899983
NINL,-1.45884650809458,0.144607358687274,0.438867670269976
MS4A2,-0.311459456441755,0.75545136017144,0.908686704835547
EI24,-1.24968163816925,0.211415867469561,0.53485871637492
CEP164,-1.64706081275969,0.0995455467706452,0.371093644419423
MPZL2,-0.0670195658176699,0.946566126948415,0.980725378408606
SCN2B,-1.65558045223763,0.0978068115235624,0.368172458891181
MPZL3,-1.59521480026309,0.110664210222189,0.389859916180649
COMMD7,1.02861720462888,0.303659590067294,0.629092317919322
MYL9,1.36554609522034,0.172081475657791,0.481572624125886
KIAA1755,3.14861211434392,0.00164047782472098,0.0437343833238526
SLC13A3,-1.00121486681601,0.316722940580427,0.641079188794722
OCSTAMP,1.09647128135386,0.272872584565827,0.598655929016253
PIGT,-0.966015027123311,0.334036661681627,0.656211398521087
SPINT4,2.76611235516048,0.00567289857824654,0.0857806658521469
LSM14B,-0.647564047616443,0.517266956998321,0.788876283343141
CABLES2,-2.77197852553498,0.00557167120815659,0.0849588133706586
AIP,-0.326294233073665,0.744201751020606,0.904973449141284
GPHA2,-0.193311490718172,0.846715027767074,0.946817349327981
NUDT22,0.968426659804091,0.332831330304686,0.655273051488965
FERMT3,0.83153866602358,0.405669394473604,0.711248806384278
PLCB3,-0.379429317644757,0.704369083005236,0.887179925901925
MRPL49,-0.43729584759553,0.661896806379863,0.868311993729473
CDC42EP2,-2.97319997236837,0.00294712374372009,0.0606699869649261
TM7SF2,1.1249288402542,0.260619189657123,0.586307622819148
VPS51,-0.218962034504196,0.826679622193857,0.937628577156269
PPP4C,-0.119971133619191,0.904506014802883,0.969992984773755
MMP10,1.58043386701725,0.114007540814577,0.394102842623902
DUSP6,0.106495080484638,0.915189558418741,0.972111996832641
CTF1,1.75931483771554,0.0785240477693437,0.328231918927665
CWC15,-0.0948571707942742,0.924428275817578,0.974713539422955
ARID5B,1.9900281291997,0.0465878369362614,0.255460841982362
UHRF1BP1L,0.429266258280725,0.667729469037243,0.870545346022761
KIAA1328,3.5625426927723,0.000367280155773751,0.0201844057009369
HNMT,0.745509167076723,0.455963971457172,0.749899558885573
SPOPL,0.120042385633894,0.904449571822532,0.969992984773755
PDCD4,-0.23037575053125,0.817799802694642,0.934751921717611
ADRA2A,0.677083195637792,0.498353170219445,0.777218752439069
GPM6A,-1.66286135582964,0.0963401914415041,0.364599150846449
WDR17,1.15135181599063,0.24958752811595,0.574845730253087
SPATA4,-2.52775106801081,0.0114795712977004,0.122982399976488
CD226,0.757645679029342,0.44866312648415,0.743749296091387
CCDC83,2.26206246527773,0.0236935442247806,0.178876878593139
PRSS23,0.752788390178199,0.45157708442155,0.745890043278519
PPP1R1C,0.32071603264373,0.748425596321191,0.905788881562771
C11orf53,0.213145437751708,0.83121352463776,0.939990986140839
CCT5,-1.19283550031842,0.232933803792658,0.55811145981895
DLAT,0.332619380238594,0.739421612290516,0.902393639247122
PIH1D2,-0.212477888606916,0.831734226293687,0.940138502335054
IL18,-2.28847670614172,0.0221097751226896,0.173367521777328
TEX12,-1.09267721454164,0.274535547406754,0.600284184148879
PTS,0.645541219378546,0.518576515480796,0.789637625267481
FREM2,-0.246300360332733,0.805449731030791,0.929825260676463
CRIM1,-2.07693447490395,0.0378076073281563,0.229435981722982
SEC24D,-0.676821483658865,0.498519225540587,0.777218752439069
DENR,-0.631609785431346,0.527641890777664,0.794592561077777
RILPL2,-0.729686585910142,0.465581782388971,0.757151630061897
TKTL2,1.5514757673484,0.120787710212054,0.405374922423482
PRSS53,-0.308842665785151,0.757441211995759,0.909401494528757
SLC7A11,-1.66748671591808,0.0954176637008252,0.362972286065871
NOCT,-1.65464004046177,0.0979975363302562,0.368633573074292
DCP1B,0.40599773559612,0.684744264210935,0.877739800600637
KCNA6,-1.0723225363157,0.283575187822338,0.610583185362949
THRB,1.66419752827619,0.0960729618722107,0.364097881455848
NGLY1,1.24715257548545,0.212341558197976,0.535862418936787
OXSM,1.06368352142654,0.28747209188845,0.613791842514178
TMEM86A,0.565637583731971,0.571640173229024,0.822175725571826
BTBD11,0.240599070081257,0.809865870982691,0.931728007861341
ANK3,2.44338161200168,0.014550342595271,0.139306853589337
PLBD2,-0.202957912217572,0.839167928700148,0.94366183887225
SLC2A13,0.815431991505038,0.414825078369163,0.718413622717676
EIF4E,0.0932263145114218,0.925723769463944,0.975326399073845
DSC2,-3.14921330122466,0.00163710655651157,0.0437164088541944
AKAP6,0.956481038702321,0.338829259523706,0.659947544775264
FAM177A1,0.826751388267301,0.408377988098734,0.71339000255939
TMEM18,0.66399999582394,0.506690313758859,0.782632294236454
THRSP,-0.609248568596161,0.542359691843055,0.802694324788538
NDUFC2,2.55035608626736,0.0107612943014362,0.119965487848679
NARS2,1.89316930972309,0.0583353573516179,0.28311232234707
MYCN,-0.246418355754488,0.805358398411,0.929825260676463
MSGN1,0.47883885504527,0.632053272580752,0.855099866059712
NUBPL,-0.210060585137639,0.833620387620218,0.941285465895933
ATP6V1G3,1.58877361142941,0.112111512967932,0.391980497073387
FER,0.777196613312085,0.437042780018066,0.735773413098549
CDC123,1.64593018208589,0.0997781341318095,0.371528617047171
SCLT1,-0.279289632917749,0.7800225616124,0.918679597972543
C4orf33,3.05879363809755,0.00222230172536674,0.0521292165940225
SLC25A31,-1.73564259974531,0.082627048650417,0.336423469373175
KHDRBS2,1.68295525807792,0.0923837531383586,0.357130516246042
PTPRO,0.37370918672778,0.708620689750586,0.888501179050184
ACAD8,2.9504494801378,0.00317311932862072,0.0634193479625318
VPS26B,1.99913728739246,0.0455935016740808,0.252602753528748
QDPR,0.554677935710214,0.579114970674385,0.825800422229539
CGNL1,-0.198848811856429,0.842381012001352,0.944897944072929
POU4F2,-2.3179802606396,0.0204503938712706,0.166894419895553
PIGF,1.39255802625386,0.163753483188994,0.468640750654013
ASAP2,0.484713035591518,0.627879918362405,0.852727741662022
BARX2,-1.39110043699273,0.164194972400742,0.468892936512266
TMEM45B,-0.294974969347325,0.768013000971181,0.91460750369127
CENPU,0.280704682251145,0.778936917175845,0.918389784617283
SLC25A4,-0.706013495749036,0.480179744765392,0.767577266558407
AMN1,0.182470397420191,0.855213583781695,0.950203242873858
ZNF385D,1.15399182511831,0.248503520472167,0.573461498196661
GUF1,0.293171116143127,0.769391360565313,0.91476044045812
CCDC175,0.528052840784515,0.597462661286325,0.836788297058378
FBXO4,-0.0603761119985293,0.951856083805304,0.983308177929092
PARP8,-0.997078016309286,0.318726642824632,0.642567183276674
NVL,0.622335014574776,0.533721601884856,0.798350727555552
FBXW7,-0.258927479646931,0.795691195324558,0.92639576185047
RBM46,-0.694994061321975,0.487059023275357,0.771304288510233
KANSL1L,-0.763276627064251,0.445298438195505,0.741493262599474
MCHR2,0.488876495624969,0.62492913703594,0.851243350961806
FARSB,-1.65503064899951,0.0979182810113884,0.368506481753795
KCNE4,-2.27813617889814,0.0227184653020738,0.175369613117704
TNFSF4,-1.06466366677244,0.287028157487335,0.613638953055925
MZT2B,0.0689488991822016,0.945030295182523,0.980414494022883
TMEM163,0.399800075774807,0.68930377491131,0.879896431527596
HSPB8,0.593580558167962,0.552792687688697,0.810365983064673
GEMIN6,0.0809075491297108,0.935515476313344,0.977346067906343
TMEM178A,-0.55135291036404,0.58139177442463,0.826864900557062
OBI1,2.37155702619226,0.0177133130179917,0.155029746602931
GRID2,-1.32563422420864,0.184960884246765,0.499921789687478
ARL11,1.22400159494825,0.220951625856765,0.546160367510656
ARL14EP,0.902083716529332,0.367012398156212,0.681900958472495
EPG5,0.958614092848691,0.337753190309131,0.658960214458439
ATP5F1A,0.626722531293347,0.530841131919415,0.796925433665074
HAUS1,-2.44398995403374,0.0145258310094244,0.139306853589337
SPC25,1.08295635928127,0.278827794065925,0.605509072081267
PDE3B,1.83563136966132,0.0664121944174533,0.303831571919983
TCF7L1,0.854556579951717,0.39279667383398,0.702049934488996
CRYGC,-1.88768034888898,0.0590688760533565,0.28495458688954
KCNK13,-0.777283632210347,0.436991449633967,0.735773413098549
ATG10,0.916586887770666,0.359359157938024,0.674953950291707
FAM151B,3.17061813995018,0.00152114963354067,0.0426593271190918
GUCY1A2,0.663555251706303,0.506975005611372,0.782666335513123
CWF19L2,2.24751489496582,0.0246071397434558,0.182727969878497
XRCC4,1.51392300702316,0.130045368150419,0.418708814443077
MARS2,-0.425956020342626,0.670139893126014,0.871262815580261
USP12,-0.695379487459147,0.486817512065295,0.771286112946977
CAMK4,1.14571712743752,0.25191221470388,0.577622212142945
TRIM36,-0.608254920440223,0.543018414409656,0.803375819566092
ZFP36L2,1.2321193566403,0.21790450172272,0.542552084243251
FLT1,-1.18031670035483,0.237874278404667,0.563452313117236
PLEKHH2,1.18491079368764,0.236052719308099,0.561517247910916
PPM1B,0.0703445431974281,0.94391942994815,0.979704666587666
IGSF10,0.70944414666754,0.478048900274509,0.766431486801206
SPARCL1,1.64977845728932,0.0989882564469407,0.369664058856651
MBNL1,-0.460292338749795,0.645306399533935,0.86037936707424
GRIA4,1.54763374760738,0.121710501437309,0.406596355687828
NIPBL,-0.775508312214786,0.438039355676938,0.736163958486335
GADL1,2.46475150877325,0.0137108300781332,0.135181779036777
GPD1L,-1.25537572958971,0.209342395653547,0.53168769839366
GMCL1,-0.00664702591353274,0.994696479702563,0.998063908868827
CCNO,0.0922323955405839,0.926513399814263,0.975498759076853
TIA1,1.3228987475662,0.185869051893298,0.500969536679226
SLC30A6,-1.6312354939001,0.102840638582425,0.377734854018249
ITGA1,-1.35548983989648,0.175261543480129,0.486357534372437
JADE2,2.56804594456356,0.0102273599670545,0.116333528214727
CATSPER3,-0.0415653684619321,0.966845181333635,0.989420948534785
WASHC2A,0.971962200156856,0.331069353882086,0.653232277184996
TCTEX1D1,1.19837543552309,0.230770891096265,0.555969883141998
BMP3,0.946802236290697,0.343739562037505,0.663994901006877
HHEX,-0.0189815814707859,0.98485579862069,0.995023322998978
ADAMTS18,-0.507995293606232,0.611456643798285,0.844114727583318
RAB3C,-1.24837969281022,0.211892042139315,0.535561844852045
MED21,1.12952069191496,0.258678245753251,0.584503327346303
PLOD2,-0.591390885321103,0.554258546075071,0.811707334055912
STK32B,-2.32426966080388,0.0201110458069427,0.165640214169072
ZIC1,-1.81774470270052,0.0691031618766608,0.308820830123737
CENPH,2.38970007738464,0.0168621365931407,0.151142078719588
TEKT5,-2.00118631031545,0.0453723156916524,0.251949251471735
NUBP1,-0.88180345942284,0.377883100566669,0.690853505197963
RIOK2,0.134247110864856,0.8932071739617,0.966165838021034
SMARCA5,0.00931001577249925,0.992571789462864,0.997062606750959
BMP6,-0.816056646400708,0.414467738059789,0.718330041364057
UXS1,1.38494834491468,0.166068262793482,0.471728219600849
PTPRR,1.12577575276674,0.260260449920477,0.585844681556815
PLA2R1,2.25168847491361,0.0243419654896925,0.18177478625995
ITGB6,2.27248037411031,0.0230575120613665,0.176541905055593
CD96,1.47945177234346,0.139019611877952,0.430196427821635
ATG3,-0.846232085509811,0.397423286032991,0.705799719876055
TRAPPC8,-1.32932362115673,0.183741224467314,0.499122089390095
FAM81B,0.587976752280898,0.55654789718684,0.813007432897618
LPCAT1,0.701925330153043,0.48272573124278,0.768874961396891
UBALD1,0.310356411376139,0.756289937337403,0.908686704835547
UBP1,-0.922985886236481,0.356014560382252,0.672804011803185
RMND5A,-0.81153893341579,0.417056243936628,0.72040427255051
RPIA,-2.30517171402264,0.0211569583735414,0.169600958593834
VILL,1.3066105160163,0.191345023303806,0.508361167469496
HGD,2.2347690706359,0.0254325133800181,0.185872951239933
GTF2E1,-1.76035776543775,0.0783471655660613,0.327892901280735
CFDP1,-1.22130599904582,0.221970182874848,0.5467955462338
C7orf31,-0.295165162962086,0.767867712960581,0.914568870554637
TMPRSS11D,-0.054667227359054,0.956403579081451,0.984811472399811
JAZF1,-1.56893976277582,0.116661975583801,0.398015988684031
FBXO36,-2.16299946890674,0.0305412204644195,0.206149556372595
CEBPG,0.158353510147187,0.874178245007199,0.958377525848203
DDAH1,-0.232388013224726,0.816236658179743,0.933821286874326
DGKE,1.38802678071831,0.165128890366308,0.470172856423885
MSI2,0.290190500044005,0.771670503543616,0.915867847399756
HS3ST3A1,-0.198476837818113,0.842672005011041,0.945119743234429
GDPD1,1.01411777141421,0.310526559050764,0.635520927713145
SEMA3D,0.984059190124571,0.325086410920904,0.648232931253719
ASB17,-0.356045803826579,0.721806263301982,0.894066767680103
GRAP,-1.30252336969192,0.192737534437188,0.510751541737469
THY1,-0.0537676717918256,0.957120266418897,0.984958239943715
JPH3,-1.16875038653988,0.242504214809004,0.56843829614449
ANKH,-0.382557573531804,0.70204783280334,0.886046353804356
UBASH3B,-0.824578370316463,0.409611005454809,0.713921977382244
OTULIN,0.120770120710582,0.903873117059106,0.969992984773755
PANX3,-1.48196167536135,0.138350492723596,0.429026810131389
GPR15,-0.05728427994053,0.954318742579186,0.98419362146468
TOMM70,-0.486073597129427,0.62691498596764,0.852131237530354
CERS3,-0.462867287270063,0.64345949685233,0.859754849122087
ABCA6,-0.509888938784531,0.610129271682092,0.843749284591334
FAM167A,1.07769688458075,0.281169049252025,0.607824635813026
ATP8B4,1.92467105534664,0.0542705238148487,0.273218725984143
WNT3A,0.595721275342209,0.551361442869448,0.80929254980267
TRIM11,2.20302482655567,0.0275929988607609,0.194712633232074
PPP1R3A,2.18873348981635,0.0286162163501356,0.198968378586403
ASZ1,-3.01384030557975,0.00257963551692068,0.0567636463456124
SH3RF1,1.22263878907657,0.221466155687689,0.54643285500988
KLHL41,-1.73252220750265,0.0831806265941778,0.337406100216473
GPR26,-3.62302333437033,0.000291179542991829,0.0181528046629021
DHX32,-2.944509713167,0.00323466793086748,0.0639338272417202
C10orf90,-3.61521285129057,0.000300100949442697,0.0183559859981761
ATP5MC3,0.667989342265044,0.504140395643511,0.780524586166355
PDLIM3,-0.456390369651909,0.648109289653387,0.861632453954794
LY96,0.622474221556169,0.533630089273401,0.798350727555552
CXADR,-0.448587876928425,0.653728980704747,0.864131874092215
C21orf91,0.236451749882985,0.813082143790953,0.932912045636552
TMPRSS15,1.24264203707218,0.213999771983637,0.538369658968899
SEL1L2,0.946787568827022,0.34374703753027,0.663994901006877
ADAMTS1,0.469814464064973,0.63848757961356,0.857953852594662
ADAMTS5,-0.115693787419864,0.907895230109563,0.970617045713334
TSEN2,0.24133919279379,0.80929223698119,0.931530881212051
WNT7A,-2.31751394189353,0.0204757520745641,0.166947417191454
XPC,2.5122272234221,0.0119971813708757,0.126274229117223
MYO5B,-2.02534834752729,0.0428316072992865,0.244715376353237
FLCN,-2.11433898628427,0.0344863247937353,0.219197561588025
ACAA2,2.04524756455985,0.0408304573419293,0.238322248129396
SKA1,1.29282230423043,0.196072524348547,0.514511825670326
USP43,-3.52239089626972,0.00042767303610381,0.021531684173521
RAB6B,-0.445425755579151,0.656012102882697,0.865190690347194
ABCC3,1.15186352994255,0.249377156763094,0.574659416260022
ANKRD40,-1.50143035386398,0.133244287865352,0.422618109910142
VOPP1,-0.58646800732699,0.557561054667042,0.813676702538766
MRPS17,1.31499050546051,0.188513093427956,0.504475603660845
DKK2,-0.353257001867242,0.723895777616644,0.894798719060357
CA2,1.19708154551868,0.23127477222083,0.556485462696663
CA3,1.4358241618238,0.151052382681578,0.449412967385268
ATP6V0D2,-1.84425468702685,0.0651460318570001,0.30084103429348
ODF1,-0.122678819542652,0.902361436712172,0.969276111840132
KLF10,2.22722623189612,0.0259321578057368,0.187786462174131
PIP4P2,-0.175807640120224,0.860445067182432,0.951361125099594
OTUD6B,1.0665839142355,0.286159767437005,0.613134655702103
AGPAT5,1.1800335518341,0.237986870729781,0.563568198393083
MARVELD1,-1.2159256411407,0.224013249386056,0.548637544679542
HSPA13,0.915436598345558,0.359962472513944,0.675382766174154
C16orf87,0.228982149919691,0.818882789870422,0.935330219224133
LONP2,-0.804464063544128,0.421129015588674,0.72328357560298
TRIM74,-1.12488758915246,0.260636671752276,0.586307622819148
OXA1L,1.97323309611938,0.0484690113994929,0.260561760117051
CCDC146,2.41090642260952,0.0159129306971408,0.14639365611252
GEMIN5,-0.146672395068128,0.883390608463544,0.961708534662206
AKR1B1,-1.65069994672194,0.0987998587183291,0.36956993063767
SETD9,-0.366394351859005,0.714070833732968,0.89137771330354
NUP205,-1.8324653460115,0.0668821201448899,0.304691479884351
PDE11A,-0.379973085505869,0.703965394091654,0.886809285212686
PDIA4,-0.766053360178114,0.443644552749412,0.740369770408169
OTOA,1.36005944261846,0.173811114062814,0.483974224855704
CASP10,-0.871078027250047,0.383711550617925,0.695647939273375
C2CD6,0.276354735452176,0.782275619265817,0.920007200928551
FZD7,0.589560398851459,0.555485407935748,0.812774820692692
DEPTOR,1.90702068978278,0.0565179083294708,0.278449476022004
SLC26A2,1.46421008560421,0.1431365553696,0.43668368642685
CSF1R,0.741751061657039,0.458238176281353,0.750943544570262
LSM11,-0.371616203795479,0.710178622897125,0.889311373934458
MED7,0.0415021170836585,0.966895605121216,0.989420948534785
TRIM42,-1.35085115360771,0.176743118011108,0.488648856365272
PXYLP1,-0.218081390291296,0.827365696847907,0.938012910415313
ADCY8,-2.24709306004455,0.0246340803625017,0.182743161828737
RASA2,-0.0751505861616593,0.94009489964595,0.978237030773654
ATP1B3,0.530565398849018,0.595719978478788,0.83611034376271
SMC2,2.06316465856489,0.0390969866682278,0.233213073542258
TMBIM4,0.647589033671116,0.517250791991785,0.788876283343141
VBP1,-2.27571273029817,0.0228632089209035,0.175718233000913
NAT2,0.785472761887001,0.432176434244667,0.732143376115365
GNAQ,-0.342290039872446,0.732132630418969,0.898957488558524
WIF1,2.47307311470073,0.0133956734070843,0.133127204325831
MMP16,-1.69790543991204,0.089525610386801,0.352157706871504
BATF,-0.580081661163032,0.561859550088572,0.81561718138865
ADAMTS3,4.82461261156425,1.40275643734386e-06,0.000947386628871108
C8orf37,-0.94980927535346,0.34220917204394,0.66310441956488
STOM,0.184033841782121,0.853986906409324,0.950008289901106
PPEF2,-0.960319209772065,0.336894584883981,0.658464880308714
CFAP161,-0.382680514219133,0.701956664069949,0.886046353804356
NAAA,-0.255125245949773,0.798626365750244,0.927670066483646
ADAMTSL3,-1.2794608463359,0.200734818916606,0.521300788572301
CXCL13,-1.32627131493114,0.184749844739631,0.49976806298142
WHAMM,1.13583925157065,0.25602384628938,0.581822127954499
CCT8,-0.964894932470486,0.334597439878846,0.65670110332273
NAA11,-3.14733481711696,0.00164766172439415,0.0438059347017698
BACH1,0.0986967432111309,0.921379054782194,0.974018985127802
CLDN17,-0.862815732115029,0.388238788004479,0.69890743167088
TSPAN7,-0.0647451098945992,0.9483769456433,0.981499292040113
TIAM1,-2.62475945326835,0.00867102017963668,0.106395583718191
SCAF4,-2.03488542603653,0.041862402761084,0.241615817428041
ANKRD9,-2.75788931975729,0.00581758918269111,0.086352841632088
PCDH1,-0.641840638252929,0.52097666053686,0.790832617591493
MTERF3,1.41771982421566,0.156272579926561,0.457306778846294
RPL30,-1.0628103182926,0.287867979300925,0.613791842514178
KCNS2,-2.25464088913845,0.0241558787175545,0.181031113148185
TYSND1,1.64464116324899,0.100043832818413,0.371843725327599
CD109,-0.8849198663755,0.376199852390064,0.689565012709549
NODAL,2.27120373584355,0.0231346473840227,0.176798443869695
PRG3,-1.99753789554903,0.0457667820824195,0.25292661806135
KIF6,1.88577940841945,0.0593246868874259,0.285678505572872
UBE2L6,0.159887393566797,0.872969779238741,0.957826247321515
ZDHHC5,-0.4606272965079,0.645066024234283,0.860211862345825
CELF6,0.492640454788903,0.622266658068967,0.849730574887516
ZFAND3,1.52522534175087,0.127202901833208,0.414521880943801
BAG4,-0.554082369579701,0.579522475344624,0.825800422229539
TBC1D31,1.06262734398929,0.28795098163381,0.613808187967178
NTAQ1,1.66803132061878,0.0953095094118199,0.362787030672787
ATAD2,-0.701246868314336,0.483148965296444,0.769089754765391
NSMCE2,1.58109386195974,0.11385657798436,0.394074787292077
FRRS1,1.67688173896893,0.0935656096990057,0.359028608616192
SASS6,0.417757148304503,0.676124684286198,0.87404954187302
COX6A2,-0.114120292967619,0.909142435852464,0.97102594509308
ZIC3,-0.537007314772147,0.591262561377368,0.833154382106039
LHFPL4,-0.803576014368015,0.421641880071468,0.723675691876158
B3GNT7,0.902226027896672,0.366936811155111,0.681900958472495
PDE6D,1.14381979098504,0.252698380412816,0.578692857885185
SST,1.20623230834316,0.227727929774397,0.552167840495617
FANCD2,-0.916623057905585,0.359340197395979,0.674953950291707
TATDN2,1.3415964486626,0.179726878308529,0.493594200356311
EXOG,-1.457295375005,0.145034862964407,0.439158523392125
NTAN1,2.28728188102265,0.0221793753739931,0.173590292340441
NMNAT2,-0.945142518718388,0.344586120696846,0.66454597180637
ZFYVE9,0.614861093809249,0.538646458516393,0.799927352125469
LYZL4,1.96262516676577,0.0496897442274912,0.263381642963834
TMEM171,2.03586325954895,0.0417640880335982,0.241424430433878
KLHL40,-0.489681810201467,0.624359075358274,0.85092888593336
TIMP4,-1.26642293224051,0.205361705030583,0.526861012478747
PPARG,1.75159405566277,0.0798436354457908,0.331056311818425
ABCF2,-0.676343325491972,0.498822691164312,0.777369195373746
ODR4,0.911034036679506,0.36227744015399,0.676749455740005
PRKAG2,-1.43771635063168,0.150514551910423,0.448355556101617
HTR5A,0.0839921051131604,0.933062708795776,0.976686871449532
STEAP2,-1.90779853389042,0.0564172603448218,0.278038118859598
CLDN12,0.230068271597338,0.81803871919828,0.934827241926461
FZD1,0.463811042968995,0.642783130841004,0.859677013279956
HMGCR,-0.069586513693969,0.94452277143137,0.980013417112475
GATAD1,1.46088498964773,0.144047006599772,0.437977477016639
IPPK,-0.654916809620617,0.512521316875434,0.785723827223485
THTPA,0.332090330957419,0.739821051005284,0.902586136967081
PDF,1.21879391735247,0.222922420751345,0.548359957012757
TMED6,3.99455223912723,6.48166298081299e-05,0.00834273645203872
PDPR,0.807265887999628,0.419513312599574,0.721933462567842
ARMC12,0.731388980707325,0.464541594011828,0.756604295185167
MDP1,0.659810216082348,0.509375626549207,0.784286384142073
DHRS1,-1.69763567372476,0.0895765454643229,0.352157706871504
KIT,0.260268709390139,0.794656507353483,0.926219916762656
CACNA1D,-0.480584695395235,0.630811694927938,0.854346594646354
IL17RB,0.0878334310820223,0.930009066276708,0.975549863482734
ZNF19,0.691493645334837,0.489255372803905,0.772142201261677
CCNB2,-0.417181443753144,0.6765456969556,0.87404954187302
ERC2,-1.59912899595171,0.109791943069117,0.388843547261312
FAM81A,-1.48068828671793,0.138689656710485,0.429585447280766
MYO1E,1.51641761893427,0.129413786711782,0.417778942204995
APPL1,-1.41867594288328,0.155993513985417,0.456938303109237
TMEM268,1.27549518493994,0.202134027348564,0.522883889130684
COQ5,0.472939151188455,0.6362565918265,0.85759850583831
FMNL2,0.243779914088766,0.807401277327321,0.93041865418604
DPYSL5,-0.327197301998371,0.743518661379025,0.904544912804361
DRC1,-0.3663118641511,0.714132377626388,0.89137771330354
C12orf43,1.15510768857488,0.248046330097539,0.572814213499219
PEX10,-1.86004790115112,0.0628787491708504,0.294811547989125
WIPI2,-2.09351659948537,0.036303063845412,0.225227079683956
SMAD6,1.05500327719568,0.291423825918983,0.617314270036696
CIB4,-0.427776563712341,0.668813801312796,0.870880665778027
CFAP251,0.0825544600498535,0.934205813224373,0.977045380151696
MRPL17,0.624592306316729,0.532238670491452,0.797792470399807
DUSP2,-0.097568752801017,0.922274737738622,0.974300164637596
PTPDC1,-1.52931790799912,0.126185652261268,0.41326531982544
HPD,1.30275956012811,0.192656860975595,0.510751541737469
RHPN1,-1.25843174549479,0.208235657104524,0.5306021717704
FANCC,2.01551680744465,0.0438505268012072,0.247139495452284
MRAS,-0.50930292564813,0.610539907541974,0.843878531041176
ABHD3,0.79766930648326,0.425062420087344,0.72700609551501
TENT5B,-0.0553801767184247,0.955835588284798,0.984754277665308
ACTR1B,-2.80314684430635,0.00506066218643829,0.0806929131657213
PCDHAC2,-0.000885916148253272,0.999293141275606,0.999724881307017
PCDHA13,-2.3973295909214,0.0165150609139855,0.149335043358953
MITD1,-0.940719381626695,0.346848683969827,0.666669882390735
CNOT11,-0.020811305241003,0.983396179414666,0.995023322998978
CATIP,0.893907628254359,0.371371315995366,0.686132900080955
ACSM3,-1.69739927601713,0.0896211993554799,0.352247822588015
NRG2,0.935194942838829,0.349687844273553,0.668170490136747
SPATA2,0.576799020745711,0.564075231161586,0.817296453195508
NCF1,0.890301955045308,0.373303771649051,0.687600094847668
LRTOMT,0.221051859525852,0.825052053525746,0.937136935603774
SLCO2B1,0.100505526921684,0.919942995208523,0.973617290877078
PKD1L1,0.710781741594704,0.477219496695053,0.766093970677441
SLAMF8,-0.865401094753992,0.386818680344383,0.697911717843156
CDH15,-0.422818246472313,0.672427873925149,0.872291535639093
HTR6,1.34917844791343,0.177279655551644,0.489277360265044
ZSCAN23,1.92491217788455,0.0542403461362896,0.273218725984143
SPATA2L,-2.49553936609237,0.0125765799544562,0.129367681172901
USP21,-0.170468784562289,0.864641481345999,0.953239854244138
FCER1G,-0.775211698349247,0.438214576715409,0.736178467893311
FAM160B2,0.669768300245241,0.503005504288119,0.779391666093692
CHRNB3,-0.841224212548229,0.400222338675387,0.707685433207869
ARHGAP17,1.0821070287597,0.279204972975357,0.606084559656831
C8orf58,0.308442142320751,0.757745919077399,0.909515332950644
WNT9B,-0.00993455478054307,0.992073502507147,0.997062606750959
TMEM141,0.145214165729388,0.884541781849862,0.961796641624449
CELA3A,1.77266033312261,0.0762850077768364,0.324423908329469
MIS18A,0.454488885712874,0.649476989661176,0.861769198216928
CFAP298,1.00071853568213,0.316962903591627,0.641084565050747
KPNB1,-1.60088227191706,0.109402996830498,0.388233478409036
WNT4,1.8307011510335,0.0671451611983461,0.305132356048752
IL10RB,-0.241088922052406,0.80948619850947,0.931555682757543
NCOA5,-1.05717418128637,0.29043210081158,0.616583355868357
STC1,-0.262968127249069,0.792575145517989,0.925401892800468
ARAF,2.99893800068052,0.00270922431270088,0.0578574662510784
HOXB13,-1.81722893553873,0.0691820661139405,0.309003061350472
ATP5PO,3.92612810669491,8.63241920300283e-05,0.00946048548746698
KCNE2,1.31172382452425,0.189613335161574,0.506003489021661
SNF8,0.602428333198919,0.546889054760484,0.806881753425292
IGF2BP1,0.776505325588289,0.437450677572068,0.736001456587674
CBR3,0.207509940590655,0.835611630160242,0.942701977464482
GJD2,-0.361961382996514,0.717380888414321,0.892970432449811
ACTC1,-0.475997296813151,0.634076303724659,0.856478567256083
SIM2,1.69195420100148,0.0906547063512437,0.354216604426148
GFRA4,2.10466648562992,0.0353203497736371,0.221816175699684
CCDC142,1.74884629885676,0.0803175912668726,0.332338257091823
MCAT,0.704971536622541,0.480827949616709,0.767856180821402
PLA2G4D,1.10757883744813,0.26804374714061,0.5936044192636
P3H3,-2.05142228476225,0.0402258407097156,0.236324991686764
RFX5,-0.807718592072181,0.419252598230665,0.721933462567842
M1AP,2.23030703036944,0.0257270667704212,0.186774203626538
PSMB4,-1.16070123943561,0.245763417643826,0.570876932729833
BTG2,0.216252024239643,0.828791303312103,0.938991221433018
IRX6,-1.45880910668718,0.144617655430938,0.438867670269976
CES5A,-0.216156397604986,0.828865839734938,0.938991221433018
HK2,-2.88811850539906,0.003875538304717,0.0701100450682566
CELF3,-1.6308710126004,0.102917539402853,0.377805374037322
AMFR,-0.845523193246476,0.397818788771036,0.706262857433068
UBR1,0.526704338576289,0.59839892228688,0.836788297058378
MED8,0.0020138709801225,0.998393164523645,0.999307355934739
PGLYRP3,-0.526256705649736,0.59870985959412,0.836788297058378
ISL2,-0.125966938092438,0.899758095643336,0.968196502322227
GSTT2B,0.658555339662199,0.510181349556189,0.784391799791513
CPNE2,-0.17889748557436,0.858018197158473,0.950730386607362
GPBP1L1,0.667702154464226,0.504323734485013,0.780590507250213
NAE1,-0.958218285105113,0.337952698730642,0.659053520660049
ACE,-1.20914885785497,0.226605661613499,0.551084175562588
TEPP,-0.313275750262722,0.754071172027205,0.908006366679338
KIAA0895L,-0.352074933116501,0.724782066822771,0.895055763163688
SHF,0.144809782646428,0.884861058209275,0.961891964516062
CHCHD6,-0.972475062094547,0.33081426531799,0.652996598982476
CTBP1,-0.530979479736243,0.595432999122007,0.836051063995895
TPPP3,-2.10074975254064,0.0356629394002433,0.223361895184909
AGRP,0.282207139375725,0.777784684293278,0.918218817825675
ZFYVE28,-1.8232789480628,0.0682611530946356,0.307004725446989
PIP,1.15031865479571,0.2500126501619,0.575224279130481
PSKH1,2.07257945248624,0.0382114349331212,0.230334380375962
DMPK,1.50974346987996,0.131108894595872,0.420074953162534
PTGIR,-1.54380236123971,0.122636219145834,0.408258467064041
SSU72,0.0509797065633314,0.959341691334134,0.986334664598836
TRIM62,-0.532160622166994,0.594614753423141,0.835494567155889
NR2F6,1.48009158735506,0.138848806350047,0.429770553029055
CCDC58,0.0827340303992032,0.934063025274755,0.977041015531654
HAPLN4,0.153687495461913,0.877856144813747,0.959284304019716
TFF2,2.70886559282952,0.00675136840832261,0.0942574767704575
UBASH3A,1.29753297319641,0.194447867465192,0.512655413751351
RSPH1,-1.7407392618048,0.0817292928577989,0.3345328555384
PDE9A,-1.01243276145284,0.311331180584385,0.635756148830315
PKNOX1,-1.01507767832879,0.310068801035924,0.635112650571545
U2AF1,0.183493960854394,0.854410456871021,0.950008289901106
CRYAA,-4.55903787673274,5.13885034059401e-06,0.00193710756210903
HSF2BP,0.130927559129056,0.895832613302751,0.96706965228267
PDXK,2.08057355823313,0.0374729562452302,0.228238525001452
AGPAT3,-0.214712153939912,0.829991746101273,0.939478785792984
TRAPPC10,-1.3484550704354,0.177512061710528,0.489585334059205
PWP2,-1.08859602371531,0.276332071028779,0.602429931312102
GATD3A,0.758710529273335,0.448025736899967,0.743224764037619
AIRE,1.33544494637882,0.18173076249919,0.49620347034639
LRRC3,0.377099917544175,0.706099352476335,0.887832840227308
FAM207A,0.574442833901851,0.565668174298803,0.818603086654798
SPATC1L,-2.83723825580463,0.00455056406970966,0.076483589744322
S100B,-0.175018011015128,0.86106548127137,0.951535545684279
CLDND2,-0.254666996274944,0.798980309074739,0.927954984815753
HIPK4,-1.57520651421381,0.115208784062116,0.395639656962467
PRX,-0.634429875793619,0.525800317361695,0.793177975255069
SHKBP1,1.99879437551074,0.0456306066088698,0.252605300286919
NCR1,-0.188694969759184,0.850331894316803,0.948840601327318
ZER1,1.12204275543625,0.261844261413299,0.587766210618023
PKN3,2.27940918562738,0.0226427527964625,0.175235683929209
TMEM190,-1.2050221193522,0.228194762966228,0.552473325305389
NLRP8,1.2614564286683,0.207144448743864,0.529585902175032
MED27,-0.725240481454306,0.468304512169339,0.759430465519366
TLCD1,2.77271445772613,0.00555908760982477,0.0849461483524298
TMEM199,-0.128905068700049,0.897432765892299,0.96776953229386
PHLDB3,1.3279704949452,0.184187854287992,0.499581815621495
S100A1,-0.658606251095079,0.510148647700404,0.784391799791513
CXCR5,-1.38902046033374,0.164826528479891,0.469868659889299
FLAD1,2.35149497542067,0.018698142154388,0.159443762011482
UBE2Q1,0.0428070181278136,0.96585536946249,0.988917294145506
ANO10,0.495880187488031,0.619978945339186,0.848753270692809
PAQR6,0.748149530561259,0.45436996907954,0.748235581510745
CCR2,0.305878938474769,0.759696822539146,0.910585250369735
CCR5,-1.67826566302216,0.0932952481074978,0.358623517479409
CCDC12,-1.17842665193526,0.238626557698855,0.564351966592757
PPP1R35,1.99062233881737,0.0465224224608088,0.255447813572917
RNF126,0.383155469084415,0.701604493608369,0.886046353804356
GPC2,0.637893994098848,0.5235426875911,0.792131375260351
AZGP1,-1.3628374758755,0.172933737336142,0.483001941800486
FGFR4,1.90510319588474,0.056766658070952,0.279165886126232
NACC1,0.149077763922398,0.881492271627195,0.961065236932608
HK3,1.81334135575533,0.0697791884987476,0.310309814175718
IER2,1.17997529299587,0.238010041677468,0.563568198393083
ATP5MF,1.00140312187863,0.316631955407746,0.641055129303541
CPSF4,-1.07036849309893,0.284453475344804,0.611499520141104
PTCD1,1.19048527978061,0.233855712267016,0.559163186330737
VPS28,0.0643648115071208,0.948679748254389,0.981749986557836
PTGER1,-0.33670349167372,0.736340430943888,0.901120577211738
LRRC14,0.386939654822948,0.698800883077346,0.884703859548599
ZNF333,3.44653176933121,0.000567831796875261,0.0248756367447327
PPP1R16A,0.49670079006402,0.619400065212681,0.848654349765034
ALKBH4,0.329669871885494,0.741649420952227,0.903388852800379
CCDC105,-2.16421897040862,0.0304475480355473,0.205978424919944
MRNIP,1.0106926758666,0.312163543599486,0.636046783640974
LTC4S,2.04426311421592,0.0409275610959348,0.238451187105612
MAML1,0.930198234099859,0.352268456047347,0.670178333811202
PGLYRP2,2.77612170005726,0.0055011612473538,0.0847607629832297
POLR2J,-1.59670442492533,0.110331608843961,0.389340013465845
LRWD1,2.3596990491835,0.0182897659282831,0.158092026290308
CELF5,1.62477130391837,0.104211297654816,0.379213956733441
YDJC,1.96824884385698,0.0490394127978717,0.261545352912813
DCUN1D1,0.337587929267073,0.735673739751561,0.900998329056618
FBXO17,0.185901322129808,0.852522145366491,0.949857812362212
THAP8,2.25515370137846,0.0241236828676167,0.180944366312447
HBE1,-0.268675480790389,0.788179421700853,0.923092503348925
GRIN2C,-0.943763088113979,0.345290726975881,0.664942068854944
ACOX1,1.69895460818992,0.0893277365829018,0.352157706871504
CABP5,-2.78883632175352,0.00528977917550761,0.0828798883468405
TMEM143,-0.124829883129438,0.900658229108172,0.968280774399042
KLHL10,-1.96570385586523,0.0493328291659577,0.262261668727783
STAT5B,-1.05114638144201,0.293191364714381,0.619638032475137
HCRT,0.565177254220026,0.571953206170705,0.822244691204872
ALDH16A1,3.30422500160303,0.000952393616167403,0.033762097166233
PSME3,-0.206687791332667,0.836253692632579,0.942749605660051
NCKAP1L,-0.011851266618568,0.990544278686253,0.996823135070071
ITGA5,1.21195306126748,0.225530348919698,0.550239532192182
CD300LG,1.38387252965042,0.166397489503162,0.472105061717983
NAGS,1.47905741972893,0.139124969137305,0.430358134493622
IZUMO2,0.676561999170101,0.498683896569024,0.777369195373746
ASB16,-0.540790833247868,0.588651761845412,0.831789417465982
SHANK1,-1.18699601413495,0.235229192715188,0.560463028769731
FAM171A2,-0.534391174277993,0.593070923880867,0.834570279644449
SDR9C7,-1.44347322861088,0.148887208674294,0.445589506167214
WNT1,1.64139746753011,0.100714935242829,0.373618090686832
AQP5,-0.487514949418087,0.625893451362668,0.851673663327153
C6orf136,0.866301135752892,0.386325043616194,0.697554041659227
CELA1,3.58890126141009,0.000332074573566826,0.0190799994683249
TAMALIN,1.30875719584684,0.19061661050938,0.50755386979104
SYCE2,-0.837545108354698,0.402286232641948,0.709461162538716
KRT72,0.587862687267117,0.556624463134524,0.813007432897618
IP6K3,0.717981626788009,0.47276861560256,0.762450728537883
LEMD2,-0.306733345767571,0.759046346217409,0.910215449126136
ZNF653,3.38602489064297,0.000709129513434189,0.0286640406066204
MED11,-0.645958238989962,0.518306401090449,0.789514938001606
BCL6B,3.02799449165562,0.00246182574658817,0.0551875872750923
TNFSF12,0.693468426060319,0.488015633724674,0.771854326849036
FGF11,0.180792054558298,0.856530799886001,0.950330266389413
EIF4A1,-1.16595231545374,0.243633725429052,0.56922421533684
CCDC42,-1.10773252857255,0.267977346746341,0.593583597801643
POLR3K,0.720173030283963,0.471418467012896,0.762064618710684
LUC7L,-0.8635710466776,0.387823575051141,0.698547875097672
WDR90,1.72705804792174,0.0841572389363391,0.339752101100653
SOX8,0.580493602596023,0.561581799662892,0.815410986815791
SSTR5,1.61073901873649,0.107236617418227,0.384964878449882
NTN3,0.304087487525232,0.761061239256209,0.911215957091438
FLYWCH2,1.05767249447194,0.29020477930207,0.616422790332769
SLX4,2.16164915634741,0.0306452294276333,0.206368310674079
ADCY9,-2.77697053841527,0.00548681521447133,0.0846630569393858
CLPB,1.04677709514969,0.295202396746036,0.621420214137207
NEU3,1.22091880287672,0.222116764488632,0.546990373077519
MAP4K2,0.228290034778895,0.819420771130662,0.935520566525053
UBXN1,0.159680384071794,0.873132853854563,0.957910811399785
NCKIPSD,0.471696321822251,0.637143562910099,0.85759850583831
TAF6L,1.27848136281996,0.201079752034752,0.521350567059663
STX5,0.235665684728359,0.813692099561327,0.932986682389192
SPINDOC,-0.341128194589714,0.733007076659839,0.899213782303741
SYVN1,0.0399899823404433,0.968101112840042,0.989938133815083
ZFPL1,-1.15877215077435,0.246549072101119,0.571437625179967
CABP2,-3.69145301972345,0.000222976586626383,0.0155276175903615
LRP5,-1.18747626882065,0.235039811805534,0.56021035734725
TPCN2,-0.657077850570917,0.511130860091069,0.784932288045033
FGF19,-0.0153585099282156,0.987746163800197,0.995710773982209
ZYG11B,-0.43666909261281,0.662351347090344,0.868433570257282
CZIB,-0.804989534692725,0.420825718954059,0.723126618084003
USP24,1.48690585298645,0.137039678197004,0.427406325968593
GMEB1,0.706238351477966,0.480039924087683,0.767563205624312
RHCE,2.39307601371161,0.0167077792242876,0.150203213225999
RAVER2,4.59225657075962,4.38478828342068e-06,0.00182238546887092
RBP7,0.347312523669883,0.728356543182073,0.897243593892554
SLC25A34,1.810001736933,0.0702955178122536,0.310807432683802
DISP3,1.44128920088265,0.149502996897316,0.44660782836502
DRAXIN,1.75305576379666,0.0795924356748794,0.330345207172172
LAPTM5,2.08075687144516,0.0374561656148578,0.228238525001452
TMCO4,1.36273281699159,0.172966731256304,0.483001941800486
TM2D1,0.499186770944527,0.617647813328623,0.847876467957268
DOCK6,2.96784591549945,0.00299894625098044,0.0610410096099784
LRRC53,3.51609803101026,0.000437939251109521,0.0216085002027493
LHX8,0.786896994578353,0.431342167015946,0.731489353314467
WDR63,1.5999186368733,0.109616634305864,0.388521527416912
ODF2L,0.205358542913462,0.837292007924774,0.942935187692118
GFI1,2.11404752486543,0.0345112084133901,0.219197561588025
KCNT2,-0.976675575384961,0.328729790757104,0.650840715016003
VCAM1,0.973512840820463,0.330298481408512,0.652480499849463
ZNF281,-2.43816847208331,0.0147618924060422,0.140419902587757
ARPC5,0.282475670664053,0.777578799295983,0.918218817825675
ZNF496,2.81889963518712,0.00481885830074515,0.0783439059145217
NCSTN,0.960777920437041,0.33666384257888,0.658261064458512
C1orf74,2.01604561598868,0.0437952060446839,0.246998338301576
LRRC52,1.4142135623731,0.157299207050285,0.458685510287523
RGSL1,-0.258646228075552,0.795908211711607,0.92639576185047
PPP1R21,-0.9501742060622,0.342023742686035,0.662903604591407
LHCGR,1.41132767674433,0.158148017323192,0.459971507768099
PKDCC,1.20094796578575,0.229771386350566,0.554220893058976
HAAO,2.77843639861063,0.00546212051850599,0.0844833629426782
IL24,2.98373211643695,0.00284755958595539,0.0595459278595216
CAPN2,0.101295404900123,0.919315963792001,0.973316967106375
REL,0.199937477889502,0.841529479056526,0.944491851961448
PEX13,0.839299741961586,0.401301128000161,0.708649088545006
RFTN2,0.219895841521382,0.825952275039028,0.937197089682016
SPRTN,-1.11011811184726,0.26694813349884,0.592538859438604
CAPN13,-1.7554688678753,0.0791791412582504,0.329024885320559
LRRTM1,-0.372872244341108,0.709243530506778,0.888761375027782
MEMO1,-0.252976668787681,0.800286242514048,0.928357492998566
MAIP1,0.274237522446637,0.783902094270416,0.92094433906133
KCNF1,-1.85390917942839,0.0637521544218068,0.297283852423207
SLC66A3,-0.219703299405373,0.826102234895469,0.937218552380666
ARL5A,0.999933882111733,0.317342506107362,0.641452136362918
LRATD1,-3.02899644650277,0.0024536756905428,0.0551875872750923
ARHGAP15,-0.298429992100798,0.765375000967771,0.913883122702512
KCNJ3,-1.93949384432538,0.052441233359568,0.270019044321867
NEUROD1,-0.235649992458207,0.813704277299964,0.932986682389192
FRZB,2.55351593645824,0.0106641398363887,0.119046172595058
NUP35,-1.12198859389238,0.261867289628093,0.587766210618023
WDR92,1.06765755438738,0.285675011525971,0.612692911295469
CCDC138,1.34106146298325,0.179900497952439,0.493598980534492
ZSWIM2,0.691978152905828,0.488951048956229,0.772142201261677
WDCP,2.47723085295702,0.0132406230132988,0.132444938433287
FAM228A,1.0957454827163,0.273190172417048,0.598927630402259
SLC16A14,-1.17066939417875,0.241731691975166,0.567694725474567
TEKT4,0.89652393221433,0.369973004318736,0.684967724386339
EN1,-1.23058218511911,0.218479171554229,0.543565447693399
ZNF514,-0.267118639194271,0.789377816851579,0.923761824658671
SPATA18,-1.46993683051833,0.141578863355244,0.434137683716449
KCNIP3,-1.07862597973342,0.280754495031829,0.607576716952058
INHBB,-1.60079394513985,0.109422565125163,0.388233478409036
BBS5,0.693602123670183,0.487931761570502,0.771854326849036
HPGDS,1.0240117799856,0.3058297109122,0.631087687355296
PDHA2,-0.0357285857291588,0.971498776982785,0.991039589954763
STPG2,-0.559158001797836,0.576053892934583,0.824669097936794
SLC9A4,0.839455527739872,0.401213735183721,0.70857195833438
C1QTNF7,-1.70502741060008,0.0881893123611969,0.349245190340249
CHAC2,2.29631075523639,0.0216581195865546,0.171917953172607
TMOD4,-1.72035842135692,0.085367309993739,0.342482355106289
RNF149,0.655198383328116,0.512340035085736,0.785723827223485
IWS1,-2.65894036593964,0.00783868362048373,0.101321549285822
BMP10,2.81001394016988,0.00495393542051084,0.0798411042470007
TGFA,1.31610585602025,0.188138515744037,0.504186148595219
MERTK,-1.02644463413113,0.304682048331687,0.630324354997871
FZD5,1.8645721007391,0.0622414065123367,0.293106030842088
GNPDA2,-1.07191949262366,0.28375619413126,0.610711306233771
GABRG1,-2.05094412155001,0.0402723887327864,0.236504186953345
GABRB1,0.264348225857733,0.791511602601717,0.924856658489853
NIPAL1,2.17320706926558,0.0297647359684416,0.203225191791268
HELQ,1.82333890222538,0.0682520777510256,0.307004725446989
MRPS18C,-0.654034113553204,0.513089827783651,0.786201421580991
CLDN1,-0.98235940747546,0.325922816843955,0.648604412304931
DCST1,0.288931699589302,0.77263364500543,0.915997366890178
COL6A3,-2.36809921208811,0.0178797405874474,0.155813287732223
TAFA4,-1.91514547062832,0.0554739543290644,0.276244954138189
POGLUT1,2.44358125657388,0.0145422944107366,0.139306853589337
CCKAR,0.377828328582754,0.705558127768748,0.887780755550663
IGFN1,-2.48108978026541,0.0130981377716212,0.131950102635307
ATP1A1,-1.29789668064478,0.194322840854981,0.512492503647638
PROK2,-0.153603650622778,0.877922258323108,0.959284304019716
LRRC58,0.354716788817589,0.722801772140826,0.894705403448028
FSTL1,0.0811555736584561,0.935318230006694,0.977346067906343
RNPEP,-0.945073410898477,0.344621398783876,0.66454597180637
PDCL2,1.99178858570155,0.0463942591521746,0.255013647876341
IGFBP7,1.51913031460113,0.128729697544628,0.417118386763173
CXCR1,-0.492493701330961,0.622370373561885,0.849730574887516
CCT3,0.883883476483184,0.376759117811582,0.690098690248553
TMEM79,-0.353194146308121,0.723942896030447,0.894798719060357
SSR2,-1.10734844435048,0.268143306870073,0.593680489148615
RNF25,0.122834222640243,0.902238373710201,0.969208151598426
STK36,-0.574429190147474,0.565677404696578,0.818603086654798
FEV,0.0781464665164562,0.937711545245941,0.9776702834624
IHH,-0.25270457526329,0.800496512068713,0.928404227276858
CIP2A,0.905054002878154,0.365436778543715,0.680299155095333
RETNLB,-0.904097542068202,0.365943681608732,0.681008167071863
TRAT1,-0.79526222489611,0.426460982352011,0.72839895289186
HDAC11,-0.997956000775439,0.318300694746211,0.641947985708763
GLB1L,1.5814371549302,0.113778117699256,0.394074787292077
TUBA1A,-1.31959106428356,0.186971587877234,0.502257618147512
STT3B,1.39146135546116,0.164085570368079,0.468828311316092
PRKCI,-0.978231976089038,0.327959604872346,0.650608272171577
RETSAT,1.47084983519964,0.14133173164879,0.433865596700269
EIF5A2,0.649557061510216,0.515978376572303,0.78819088736787
EFHB,2.78402385708354,0.00536890849663587,0.0835169268924864
RPL22L1,-0.550613911957692,0.581898370016571,0.82729503373376
FABP1,0.367299759145428,0.71339543372521,0.891095300014247
SPICE1,-0.756781780171818,0.449180610178862,0.744135160642542
CCDC191,3.47158348798344,0.000517398418411372,0.0234916273502239
NKX6-1,0.455025733499564,0.649090725637189,0.861755869224612
CDS1,2.68329543092011,0.00729005597818791,0.0979805284829584
WDFY3,2.19240162444045,0.0283505194460403,0.197989474235617
ALB,0.929414816924344,0.352674151962597,0.670477988407429
C4orf36,0.328506654913153,0.742528613346467,0.90378273404226
THOC7,0.765881479115862,0.443746827041481,0.740369770408169
PRICKLE2,-0.178621609520499,0.858234825428011,0.950730386607362
TIPARP,1.68644548469504,0.0917100268985149,0.356823770042733
CCNL1,-0.46737019568642,0.640235042424741,0.858647692997885
PTX3,1.45174157385241,0.146573474901778,0.442011061336356
SMIM14,2.12777207172804,0.033355986003638,0.216201957921127
ABHD6,-0.232033457508837,0.816512027514131,0.934070396921205
RBM47,-0.261470700443583,0.793729541469956,0.925913072161678
APBB2,-1.05415492388467,0.291811993555979,0.617894265649753
IL17RC,1.10478880533019,0.269251112388195,0.594739618063643
SYN1,0.774138734428038,0.438848753591927,0.736665010405751
PCOLCE2,0.419170763671998,0.675091337284089,0.873517640778942
MTMR14,0.524138527756152,0.600182192978531,0.837319607264832
TTC14,0.715161767999287,0.474509090135601,0.763482017272976
PF4,-0.478969482019348,0.631960339489934,0.855093867537077
SHROOM3,3.73794426900638,0.000185531058102914,0.014276218969325
CPA3,-1.6559656318306,0.0977287789635606,0.368049669660863
HPS3,1.83001222828467,0.0672481103334352,0.305156982071381
TM4SF18,1.34364226480557,0.179064095399262,0.492441452719144
TCF23,-1.87662818208326,0.0605690720256501,0.288898939631534
DNAJC5G,0.322466317794876,0.7470994505628,0.905130054127545
TRIM54,-0.0398751575403213,0.968192656757672,0.989938133815083
UCN,0.481414954906244,0.630221609968743,0.854047494020847
KIAA1143,0.397616929912169,0.690912579059753,0.880355474725221
CDCP1,-2.90256566702196,0.00370119555246053,0.0685914412403069
CLEC3B,0.501117269106099,0.616288593888679,0.846813237883496
LZTFL1,-0.0764589412849476,0.939053978422855,0.977844400376208
CCR1,-1.19050075179014,0.233849634700378,0.559163186330737
RTP3,0.213984751055328,0.83055894866486,0.939661478251464
LRRC2,-2.39742741367133,0.0165106518872314,0.149335043358953
ELP6,1.4329869299037,0.151861572519379,0.450004429427169
ITGB5,1.52010048703679,0.128485722232608,0.416775079381297
SNIP1,2.1305244776019,0.0331283371681717,0.215566927803651
DNALI1,-0.964831852970805,0.334629038825762,0.65670110332273
OSBPL11,0.521795961938815,0.60181240151551,0.83822780578686
KLF15,2.18860286049129,0.0286257177409767,0.198968378586403
LIPH,0.802269508105826,0.422397076601369,0.724511557103873
RPN1,1.15850577747177,0.246657695326018,0.571472664102806
SENP2,0.169206589185108,0.865634147104383,0.953780428958939
IFT122,0.212202709090923,0.831948893320087,0.940249589445356
RHO,-0.183725017089148,0.85422918217391,0.950008289901106
MASP1,-0.0179744838182248,0.985659209085927,0.995113679232251
RFT1,0.249143970285455,0.803249418189973,0.929127939730341
PBRM1,0.652416604821106,0.514132455363347,0.787002830199688
IL17RD,-0.244451274012838,0.806881335044554,0.930341411277363
SLC51A,1.38087736772312,0.167316669820463,0.473239641290332
UBXN7,1.82612976490554,0.0678307176812599,0.305917669141775
PIGX,-0.401475131504102,0.688070343882454,0.879224495088387
RUBCN,1.94743478037638,0.0514826317028385,0.268356585659624
MELTF,2.15363750038375,0.0312686110037573,0.208659084298025
OTOP1,0.222848529387274,0.823653396583118,0.936819265165029
S100P,-0.214028930833037,0.830524496344494,0.939661478251464
EXO5,2.12350180135589,0.0337118247080938,0.21697875074934
CLDN19,-0.0567818249334387,0.954718992178239,0.984354693990018
METAP1,-0.465904012936077,0.641284208609133,0.859064569313496
ADH5,1.20863484927983,0.226803161664799,0.551199673520816
H2AZ1,0.233126202060078,0.815663409076939,0.933668319264216
EMCN,3.23651443650492,0.00120999105902611,0.0375723085742417
SLC9B1,1.88093979076417,0.0599801096340259,0.287471355158058
BDH2,1.1644048162181,0.244259996719488,0.569670544867075
FBXW12,2.1484550334687,0.0316776249056164,0.209557227565665
PLXNB1,0.707779407005096,0.479082256542125,0.766881719957664
SHISA5,-2.02805327764717,0.0425548107215202,0.243649214759845
IHO1,0.420171652907799,0.674360061417466,0.873129022726712
BSN,0.0377701163725336,0.969870971043733,0.990285750433686
HSPA4L,-0.463196165087967,0.643223764806316,0.859677013279956
MFSD8,2.32141937771514,0.0202642207064695,0.166490928214072
MON1A,0.686527921919465,0.492380263069564,0.774639825484549
MST1R,-0.854936902214149,0.392586079940725,0.702049934488996
POC1A,-0.384749993729724,0.700422651451717,0.885581182323002
ETNPPL,1.52108554414873,0.128238371632944,0.41613929245213
WDR82,0.111821228936322,0.910965154831357,0.97125497409081
PRSS12,1.34229182800851,0.17950139206644,0.493309268227351
NDST3,-0.616427720923192,0.53761226228292,0.799243984164345
HMGB2,0.220900674460982,0.825169772248414,0.937136935603774
SAP30,1.10905560993872,0.267406192891665,0.592852919313679
SCRG1,0.861417363393528,0.389008216320817,0.699438067481323
MAD2L1,-0.492263070905486,0.622533382811896,0.849809971534278
ANXA5,-1.27147145441437,0.203560976418845,0.524482573004778
ADAD1,-1.74550174727798,0.0808975685739319,0.333092600786304
HPGD,-1.41047359415628,0.158399888126897,0.460162083442077
ASB5,-0.290489311310452,0.771441926763541,0.915730662095221
TMEM144,1.33810880925914,0.180860969519901,0.494910226765098
NPY1R,0.705386630107562,0.480569662031907,0.767628613468996
NAA15,-1.48246293888979,0.138217157829266,0.428916137397979
HHIP,-0.133168500793145,0.894060121660932,0.966675673375508
ABCE1,-0.0368542303598377,0.970601233814958,0.990522911219962
TMEM184C,1.94317224335542,0.051995350573895,0.269590242958221
ITGA2,-0.390470069999145,0.696188983016478,0.883509001851341
SLC45A2,0.360844685897588,0.718215555640654,0.893094193479268
EDIL3,0.532808195456556,0.594166360105818,0.835213123836198
TMEM161B,-0.0864022570680315,0.931146652761489,0.976055173394711
NDUFAF2,2.76061039837776,0.00576934552233226,0.0860877678009724
ZNF474,2.84523022751661,0.00443793337901393,0.0754941718989884
LMBRD2,-0.183098117354462,0.854721032937823,0.950069527305451
STARD4,-0.494893138679779,0.620675554238403,0.848846613115953
F2RL2,3.02482024938787,0.00248780934512891,0.0552479950176343
ANKRD33B,-0.600803019258302,0.547971192915933,0.807557063395421
CMBL,1.75610460748594,0.0790705485555897,0.328882350920594
C5orf63,0.600226055606932,0.548355591138159,0.807616761805366
RPS23,0.93540874841025,0.349577690103202,0.668170490136747
F2RL1,-2.62859477284474,0.00857384610278334,0.106005699069424
WDR41,2.08289580140337,0.037260722415113,0.227570750525863
NDUFS4,0.705241374382049,0.480660037290276,0.767663665823044
SCGB3A2,-0.490105408573793,0.624059311046444,0.850889752082084
SPINK1,0.388939219878158,0.697321108613573,0.883796844907139
TCERG1,-0.561083607686781,0.574740542377486,0.823638867862201
AFAP1L1,1.14253012391657,0.253233731920332,0.579267569003525
SPZ1,1.16794125142585,0.242830463060001,0.568627416316029
ENPP6,-0.681426121855895,0.495601898789287,0.776115840343594
ERAP1,0.63201584541439,0.527376523235521,0.794520500522777
MAP1B,-0.170428631593733,0.864673056755602,0.953239854244138
TMEM174,0.693820144425985,0.487795007891244,0.771834174434711
CARTPT,-1.17838272276594,0.238644062380931,0.564351966592757
RICTOR,0.0714645918904828,0.94302800405682,0.979345303959492
ANKRA2,0.137146005374374,0.890915388969728,0.964751923049105
UBLCP1,0.831703292507763,0.405576441742524,0.711248806384278
UTP15,2.09800438623245,0.0359047579059431,0.224010862547125
TLR3,0.369715606277065,0.711594402352169,0.890124530616322
GFM2,2.47925216521843,0.0131658190216523,0.132303013342816
CCDC127,-0.643195086213715,0.520097521341087,0.790661915031565
NKD2,1.97923853773665,0.047789155893188,0.259328566412014
RAPGEF6,2.16897408584576,0.0300846513715517,0.204309930033714
TNFRSF21,0.421812208464692,0.673162093893347,0.87268779566225
ADGRF2,2.18112889045335,0.0291738845215679,0.201293904673539
CSF2,-1.89958540049859,0.057487549634129,0.281138464711545
TLX3,0.00575511569395181,0.995408107390461,0.998154127415021
TBXT,-3.09375637600252,0.00197639708129957,0.048538515592098
CREBRF,0.922193792398287,0.35642750046528,0.672956709964091
TMEM200A,0.621424046632041,0.534320654395671,0.798350727555552
SPATA48,-0.133047752095438,0.894155615455549,0.966675673375508
SCIN,-2.22412569247268,0.0261399887267897,0.188396210436876
DAGLB,-1.06763090076018,0.285687039099348,0.612692911295469
KIAA0895,-0.0227343534280503,0.981862172838538,0.99465681094543
TRA2A,-1.04263456432918,0.297117574590966,0.623105028664117
GALNT10,-0.462659760573636,0.643608265677961,0.859803281095682
SAP30L,-1.17585702853399,0.239652012937383,0.565514554913676
MYOZ3,-1.37562517897167,0.168937707180225,0.475979714181169
COG5,-0.913056713293746,0.36121271475294,0.67596901137227
NEUROD6,-1.58705407270362,0.11250039848552,0.392580188759256
BMT2,-1.40097503478149,0.161221538732392,0.464906586250371
GPR85,-1.60110202297612,0.109354324238533,0.388233478409036
SLU7,-0.833423677584954,0.404605825609984,0.7102316898122
CAMLG,2.72569853438509,0.00641655742056485,0.0922724268734529
BMPER,2.22920362453671,0.0258003594933215,0.187029529081954
TEX47,-1.40364785432028,0.160423737533249,0.463358180663289
STEAP1,2.12104593859802,0.0339179367153761,0.217733004443379
FABP5,-1.87425151416641,0.0608957669161034,0.289970471781175
SHH,1.20546338942427,0.228024463117594,0.552308506077866
CHMP4C,-1.51926103951748,0.128696802364845,0.417118386763173
FNDC1,-1.57102794690787,0.116176157426365,0.397110783577382
COL1A2,-1.1632468847175,0.244729349116209,0.570027018224549
CASD1,-0.124060210304994,0.90126760229084,0.968550458498457
PGAM2,-1.92540931079342,0.0541781716863874,0.273186101444423
BRI3,-0.403709012440895,0.686426711453663,0.87857632390654
LMTK2,0.183199998595489,0.854641095468984,0.950063611306272
RGS20,-0.31950291303359,0.749345182778423,0.906374298048783
SOX17,0.53998399998654,0.589208066664392,0.832076865684869
ADCY1,-3.95664616071585,7.60093890914792e-05,0.0089929648743342
C8orf48,2.65316226447412,0.00797415267265003,0.10245151084919
RAD21,-0.264972638342149,0.791030540080793,0.92469450628657
MED30,-1.28652404794743,0.198260231664255,0.517568730260402
TNFRSF11B,-0.245999127485006,0.805682907918853,0.929825260676463
SBSPON,-0.614015453681588,0.539205115310614,0.800094782472399
EN2,-0.696036571885731,0.486405926752469,0.771217222608899
CSMD3,-0.20296028445242,0.839166074515726,0.94366183887225
SPIDR,-0.0208290008279419,0.983382063438873,0.995023322998978
ORC5,0.713716255072817,0.475402652882506,0.764692031415356
DNAAF5,-1.08483112719631,0.277996456439439,0.604351470282573
TMEM74,1.85151174525079,0.0640959666132118,0.298319681824957
TMEM184A,-1.99006838628858,0.046583402729579,0.255460841982362
NOS3,-2.10968421701727,0.0348855648539143,0.220738913144451
ABCB8,-1.13351324082896,0.256998783989347,0.582940566706314
MICALL2,0.304887853039486,0.760451567462907,0.9107550950943
ASIC3,-0.639989908605267,0.522179160070149,0.791261219873081
FASTK,0.403445493488949,0.68662052500758,0.878620003062747
FMC1,-1.4475416885648,0.147745269290897,0.443898983823638
GBX1,-0.771459322173862,0.440434724563496,0.738003476210832
PHAX,-0.359589375699589,0.719154229814537,0.89340576780703
SLC25A32,-0.295330850497263,0.767741151676508,0.914485326831608
DCAF13,1.1450598584837,0.252184362300657,0.577760611806551
DCSTAMP,-0.470658680736894,0.637884495554072,0.85759850583831
VIRMA,-0.968833369794059,0.332628334163436,0.65511211038337
RPP25L,-1.79232044774716,0.0730816496944984,0.317241687171431
C9orf24,-2.11076878953006,0.0347921900017742,0.220403131938334
MYORG,-0.398786639734564,0.69005042217873,0.880087126689357
TMEM65,-0.204802628131503,0.83772633358608,0.943105348574864
HSD3B7,-0.974974013530559,0.329573150385936,0.651946692043646
NFIL3,0.527110625181227,0.598116768651413,0.836788297058378
ZMAT4,1.69280900099981,0.090491828835058,0.353946429690963
CPA6,1.65261116488628,0.0984100243419564,0.36913947447923
TMC1,-1.62503009342853,0.104156146783707,0.379213956733441
ALDH1A1,3.89089368555816,9.98756890633955e-05,0.0101180315251786
CCDC136,-1.2962604531901,0.194885768361824,0.513308972924407
KIF27,1.5044456225368,0.132466664700199,0.421582708407153
SSMEM1,-0.46904923949689,0.639034440713971,0.858279249061595
COL14A1,-0.750165979656977,0.453154745600635,0.747373348742439
ZHX1,-3.26434247475317,0.00109718454967651,0.0360067352436856
METTL27,2.177477133006,0.029444986145135,0.202253095802293
RNF183,0.853358618407738,0.393460462296743,0.70218310263507
VEGFD,-1.12360864070383,0.261179088844398,0.586970450010594
OR1Q1,3.62506776131755,0.000288885695576417,0.0181294016839649
WNK2,-1.78713379643502,0.0739158662935311,0.319323634528743
HDX,0.507311722680568,0.611936114605075,0.844374945231435
AQP3,0.118198536246834,0.905910349734294,0.970403934304313
TRMT10B,1.39590573172022,0.162742884418093,0.467343151089989
ARMC3,-0.0899936835263533,0.928292234277903,0.975498759076853
MELK,2.27670174319771,0.0228040423619349,0.175596542824039
DEUP1,-0.228807878140479,0.819018243343951,0.93541901820477
HECTD2,1.25043408424598,0.211141020170397,0.534413615856023
FBXO33,1.69718719240778,0.0896612757329447,0.352256419048991
LRFN5,0.79988150781243,0.423779452792258,0.725960806416161
WDFY2,-0.9598239844554,0.337143809049587,0.658643365178349
WRN,3.35062233638208,0.000806301852677814,0.0309906384066844
PGM2L1,-0.53788452287978,0.590656774143101,0.832952466685708
FOLR2,0.688217046187023,0.491316110973129,0.77355442863171
INPPL1,3.68901806352494,0.000225121237197542,0.0155276175903615
PHOX2A,0.524876131308569,0.599669303105346,0.837176918271113
CRYL1,0.548186676992119,0.583563729272393,0.828463484498564
HEPACAM,-0.772004581100403,0.44011171422961,0.737569352351917
PCF11,-2.39662790971609,0.0165467171246023,0.149335043358953
PKNOX2,-0.674762885378173,0.499826424067237,0.778035773331973
RPL10L,-1.22570084577841,0.220311271826115,0.546004973879223
LRR1,1.85707748756977,0.0633001305786348,0.295906489123923
RPL36AL,-0.241833510773039,0.808909171613328,0.931420669367083
DEPP1,0.670680682659388,0.502423971468632,0.779160940828077
ZNF22,0.176541846114078,0.859868276466309,0.951112658198608
KLHDC2,-1.43563071137059,0.151107450937733,0.449412967385268
NEMF,0.755091691368581,0.450193968105287,0.74483964775121
ARF6,-1.83924938054316,0.0658785146082004,0.30221856551954
RPUSD4,1.23319469457208,0.217503134310686,0.542350301973486
TMEM63C,-0.234145231789487,0.814872231855332,0.933308057299672
NGB,0.123522897187365,0.901693043799044,0.9688149640023
AKR1E2,2.63436421998828,0.00842950110765858,0.105427302047869
RXFP2,0.0592117649536058,0.952783439007389,0.983541732126991
SEC61A2,-0.571893480303955,0.567394141230192,0.819541225735179
OXGR1,0.641192127700318,0.521397863695001,0.790906051947792
ABRAXAS2,-2.3110377416447,0.0208307703114021,0.168129431153856
PRDX3,-1.21178057311246,0.225596386674714,0.550239532192182
CLEC1B,1.92375722233747,0.0543850217245308,0.273596156776201
FRMD7,-0.754976261475439,0.450263225772322,0.744878202341657
AK8,-0.619014607792936,0.53590673566744,0.798350727555552
HPRT1,2.40153046192122,0.016326649662198,0.148611177698213
KIAA1191,1.24529301679838,0.213024061641001,0.536916034075414
DUSP16,1.61208485167563,0.106943476647047,0.384612117366758
ZMYND19,-1.7465535474089,0.0807148109428381,0.333022585942306
STK32C,-1.6295368268638,0.103199425424296,0.377939332738909
SLC39A2,0.272606461660782,0.78515574433002,0.921063539094716
NDRG2,0.695503281320691,0.486739955537387,0.771286112946977
RNASE7,1.38506686648587,0.166032022173333,0.471728219600849
ARHGEF40,2.38139506824098,0.0172472037067405,0.153182996206727
C12orf50,-0.5863372162285,0.557648926210771,0.81369834859571
PPP1R36,0.788519874172368,0.430392678254042,0.730955042101819
METTL3,0.0813489216819949,0.93516446900225,0.977346067906343
GAS1,0.757871503069086,0.448527911536625,0.743709222723146
TRUB1,-0.457507920428087,0.647306010647216,0.861144380054229
WAPL,1.70321181511208,0.0885284363763401,0.349998098221446
SHLD2,3.35629537562698,0.000789941522513264,0.0306319668383194
ARHGAP42,-0.243796256347058,0.807388619869174,0.93041865418604
TTLL5,-0.905915576558267,0.364980539054511,0.679762100141856
PACSIN3,-2.02210703498031,0.0431652954085409,0.24566933752705
RAPSN,1.61593278343357,0.106108846671821,0.382674705801129
CPSF2,-1.65318750277465,0.0982927091022597,0.369087097095815
CAPRIN2,-2.50158441617666,0.0123638962904188,0.128092253857075
LRRK2,0.683411184761873,0.494347054422025,0.775708371571417
CLMN,-2.61235148967414,0.00899217509527652,0.108690653332839
C1QL3,-2.42288299159291,0.0153978853216257,0.143439266194386
PIWIL4,0.485100030786061,0.627605390228991,0.852497760011875
TCP11L2,0.465591118589538,0.641508201391378,0.859284888550769
SPRED1,-0.678487501707277,0.497462645668197,0.777117581306458
C14orf93,-0.55594386746903,0.578249228451001,0.825800422229539
JAM3,-1.82810716491607,0.0675334698555953,0.305794372420509
VPS35,-0.279360709072514,0.779968020799818,0.918679597972543
SPATA19,1.24209907269596,0.214200010666341,0.538484559657974
AMN,1.69966536532934,0.0891938875871786,0.351933720521076
IKBIP,0.875212091400471,0.381458515362063,0.693700607973458
FOXN4,1.27436193342638,0.202535176573755,0.523316796941933
HIF1AN,-2.91973221537191,0.00350332278170591,0.0672485238309498
ADAMTS15,-1.94896070841827,0.0513001171796564,0.268099786514171
NDUFB8,4.11702836529709,3.83788853127137e-05,0.00603964419450268
PHKB,-1.61621648510714,0.106047515803245,0.382674705801129
AVPR1A,1.05619536492165,0.290878967961977,0.616819791429714
C16orf78,1.00027308362544,0.317178369422394,0.641280303101857
HEATR3,-0.0897457113216582,0.92848929009529,0.975498759076853
LARP6,1.36540148149147,0.17212689852057,0.481616588662164
ZNF319,-0.551221727644023,0.581481687282326,0.826920220140307
HPS6,1.1280176607119,0.259312460678953,0.585077348990138
COPS2,-0.31986839398991,0.749068098044356,0.906295797656264
TBATA,0.709375117631587,0.478091724538651,0.766431486801206
CHODL,1.70747076608106,0.0877345869623476,0.348542469365731
PCBD1,-0.78823843001015,0.430557254155737,0.731127328217308
CCT2,-0.549915172454542,0.582377557104795,0.827609377273729
TMEM132B,-2.01590182627417,0.0438102426193492,0.246998338301576
GNPTAB,2.40861542685627,0.0160131617119917,0.147022897966082
COX11,0.744135233919345,0.456794665361281,0.749998870195994
FAM227B,1.61325907498514,0.10668823378209,0.383893696708988
CLDN10,2.16252733701921,0.0305775522968042,0.206255324668706
CYYR1,0.485755596117207,0.627140460386893,0.852294770052079
C2,-0.478300822578564,0.632436110992274,0.855219117314839
TRIM44,-1.94773491899686,0.0514466895880906,0.268356585659624
CCDC182,-0.887871328085319,0.374609969221463,0.688363336482337
TAF10,-1.93110204135992,0.0534704346252053,0.27212002349763
TPP1,-1.60070939006663,0.109441300412579,0.388233478409036
MSS51,0.211416035687808,0.832562644861275,0.940746455946769
RAG1,0.868450913067715,0.385147533335196,0.696676175759777
DCHS1,0.937958099221083,0.348265943625102,0.667128480086683
OR2D2,0.291140296407359,0.770944022032571,0.915499756026108
NLRP14,2.13994800349416,0.0323589690813551,0.212320494032868
PPFIBP2,-0.543924492152902,0.586493434072886,0.829942723193887
SERPINB2,1.71641846169771,0.0860854799550421,0.344278199997848
IDH3A,-1.97025685701959,0.0488089402465227,0.260845404700259
CRABP1,-3.31664687902504,0.000911046853680153,0.0329286801938689
RNF169,4.35063108469057,1.3574627416711e-05,0.00315276690560152
CHRNA5,-2.08864282310422,0.0367398873173226,0.226346192902501
ATMIN,2.3809440686418,0.017268333644391,0.153182996206727
C16orf46,-0.924167683767916,0.355399018191746,0.67266028559902
LEO1,1.23584825299316,0.216514974945903,0.541671743926245
TMX3,-1.53867461998279,0.123883751362353,0.410782205496073
ALG8,2.73560869589124,0.00622650186837285,0.0905160258156552
HDGFL3,-3.17303622781156,0.00150853699488073,0.0425196660433718
POLR2M,-0.580888937891585,0.561315308329832,0.815410986815791
CLEC4E,-1.28283718641886,0.199549123018468,0.519770606430858
CLEC4D,1.09589897389977,0.273122988183632,0.598897526443248
ZNF407,-2.49165296326754,0.0127150204087242,0.130112225887002
A2ML1,2.22651135373526,0.0259799493413809,0.187829965923649
TMED3,-2.33124857866784,0.0197402559405611,0.164432478044312
SLC38A8,-0.324162740322664,0.745814829173929,0.905129721928738
CPLX4,-2.81555899557722,0.00486924558933777,0.0788467550025734
GALR1,0.317687463713244,0.750722021477405,0.906735233763768
CENPV,0.629116640022702,0.529272697364392,0.795750037248811
CDH16,1.01928643930069,0.308066999984654,0.633125142988622
MC4R,-2.76306591842935,0.00572612008464575,0.0857806658521469
HSP90B1,-1.43399974442432,0.151572335783813,0.450004377587638
SLC9A5,-0.939950338854331,0.347243034588439,0.666915297944446
NCAPH2,0.284430600620208,0.776080411053206,0.917407189524607
PPP1R16B,-1.01122914935765,0.311906767418552,0.636046783640974
CHRFAM7A,-2.65252128680225,0.00798930900816686,0.10245151084919
POLR3E,-0.510061370450672,0.610008467326998,0.843726192243648
MMP3,0.56572798710489,0.57157870676547,0.822175725571826
TVP23A,1.60950113196166,0.107506807687397,0.385166048122432
TMPRSS5,0.90115213005014,0.367507438976879,0.682586006459978
COG1,-1.10226713378002,0.270345553366101,0.595506838240604
GOLM2,0.455669351716074,0.648627764246949,0.861755869224612
BMERB1,-0.427756140974208,0.66882867160656,0.870880665778027
PPIB,2.31810910503391,0.0204433922025792,0.166894419895553
CIAO2A,-0.750284630310854,0.453083297370255,0.747331552566853
PCLAF,0.45590546818213,0.64845795720458,0.861755869224612
LDHD,1.74742817551339,0.0805630936383483,0.332770119464949
PEX11A,1.37088761042426,0.170409994148234,0.478133217093426
ANPEP,-1.07417231105915,0.282745459932775,0.609363270848337
SCNN1G,-0.835507365404098,0.40343210166531,0.709968219675439
RBPMS2,2.07074074967852,0.0383830299126886,0.23068243672776
TERF2IP,0.395699225058736,0.692326927254439,0.88106950403908
DCTN5,-0.314817518981411,0.752900209375517,0.907612635264596
PLK1,-1.05506281062917,0.29139659918527,0.617314270036696
GPR182,1.74520456673135,0.0809492666045751,0.333092600786304
ZBTB39,0.775551013222829,0.438014133893433,0.736163958486335
CACNG2,-0.927996577919092,0.353409344737397,0.671074813004155
CLPX,1.29906655656147,0.193921089090095,0.512431428389986
CHP2,-1.49026058908388,0.136155730759206,0.426463427995355
NEMP1,-0.0936140116373087,0.925415778818948,0.975233363167306
NAB2,0.518734016708647,0.603946236756026,0.839928318453747
ATP23,0.959365705741482,0.337374545247598,0.658692960299217
PATL1,-1.09933298344726,0.271622850530879,0.59717232322358
MRPL16,1.74539612255597,0.0809159401576908,0.333092600786304
SCG5,1.31653849121592,0.187993368095609,0.504161489530882
AGFG2,2.37286489393687,0.0176507189838785,0.154908700474654
NYAP1,-1.78502334760411,0.0742575298982278,0.320117101627759
TSC22D4,-0.857229272539831,0.391318187759803,0.701051055995832
MS4A7,2.28620520657844,0.0222422563195395,0.173713367100477
MS4A5,-0.331181683413335,0.740507254809852,0.903083446934986
EEF1AKMT3,0.892295061171179,0.372234800773425,0.686801808279617
CCNDBP1,2.2699484312932,0.0232107121024587,0.177127576574501
MS4A8,-1.3456855372699,0.17840395255962,0.491543373625511
AKTIP,-1.2565443819204,0.208918665272514,0.53113934875534
MAPRE2,-0.835164720706369,0.403624970344202,0.709968219675439
EVA1C,-1.54688902632911,0.121890007647593,0.406881671666881
CKMT1B,-0.365151388664766,0.714998402724328,0.891973301759303
PDIA3,0.886056465924298,0.375587100429863,0.68921556516915
NUDT21,0.701663633899273,0.482888957185536,0.768874961396891
RUNX1,0.374394607546836,0.70811075427275,0.888435287977165
TPX2,0.0328338831889753,0.973807057894338,0.991806768427706
B4GALNT2,1.39739903663174,0.162293608687459,0.46658692855889
SNRPD1,0.196168227382864,0.844478495746867,0.945902283018517
COQ4,1.0771874826231,0.281396516263915,0.608073074539634
SLC27A4,0.20030938280795,0.841238624838062,0.944427959902316
TRPM2,-0.614123905102085,0.539133452624392,0.800094782472399
TBC1D21,2.38956887066598,0.0168681609231745,0.151142078719588
COL6A2,-2.74749324457264,0.00600527459955775,0.0881698333190504
PRR15L,1.04480373623214,0.296113687740958,0.622165160113729
CRK,-2.71167444518475,0.00669443056471649,0.0937046848216663
TBC1D2B,-0.362831536179979,0.716730732441632,0.892970432449811
NOD2,-0.612161834324613,0.540430689980527,0.801449318746054
HDHD2,1.24010971514649,0.21493481606783,0.539402567921524
GCN1,-0.450937496810211,0.652034597490434,0.8630863845811
RNF214,0.728993528986994,0.466005620816004,0.757393473158189
MED1,1.53626588724718,0.124473182347169,0.411309380467001
PGAP3,-0.500860946953777,0.616468988847534,0.846880739065148
ATP5MG,0.175807640120224,0.860445067182432,0.951361125099594
CD3D,-1.32320007160527,0.185768852212043,0.500936171270172
RRM1,-0.706035699563665,0.480165936913814,0.767577266558407
TRIM68,0.693711064397901,0.487863425833616,0.771854326849036
OR51B5,1.78783170496575,0.0738031640363284,0.319006796230626
FN3K,-0.949424295826946,0.342404858327338,0.663199209845292
ZNF428,0.963158198620456,0.335468139072292,0.657320954413696
PRR14,0.412691268480496,0.679832822865374,0.875598746589181
USP32,1.13923160887379,0.254606565058535,0.581193568054003
CA4,2.07264667647402,0.0382051737051006,0.230334380375962
RAB8A,0.641706208062255,0.521063957626028,0.790891065564219
MIDN,1.80923414714741,0.0704146347418387,0.31091005571519
PCSK4,-0.700843998316416,0.483400376590106,0.769329056605504
KLHL26,1.55728371071985,0.119403141103182,0.402706099488449
MVD,0.188546623023244,0.850448170946178,0.948848762574127
PIEZO1,-0.907322277764103,0.364236396691171,0.679000316729981
TRAPPC2L,0.467891138929158,0.639862440540652,0.858524618499997
ANKRD11,0.906238918906867,0.364809407545093,0.679762100141856
RSKR,0.101199080116828,0.919392426931316,0.973316967106375
LALBA,0.0557304436815388,0.955556546632657,0.984717150764114
CACNB3,0.273847907599157,0.78420150539192,0.920944796311174
TP53I13,0.927605935337006,0.353612017787534,0.671082094388239
WNT10B,1.98576079483022,0.0470598909112214,0.256965982716058
KMT2D,1.41417785216383,0.157309689165793,0.458685510287523
RHEBL1,1.03205119106786,0.302048137139914,0.627660026400381
GPD1,0.184251254530281,0.853816352399693,0.950008289901106
LIN37,0.280872470889881,0.778808216081392,0.918389784617283
PRODH2,1.06019180673871,0.289057347781722,0.615034201915718
AXL,0.888327579059247,0.37436456877163,0.68814643855969
DIP2B,-0.654157031966094,0.513010641035516,0.786201421580991
ANKRD33,0.200701737405432,0.840931801106716,0.944427959902316
CDC42EP5,0.396216479010354,0.691945335518145,0.880922416629069
PPP1R14A,-0.414177336544561,0.678744238223679,0.874906118720863
SPINT2,1.56669567981827,0.117185841090229,0.398944789953207
PSCA,-1.9061877386262,0.0566258524740598,0.278642514496671
LY6D,-0.762917562202649,0.445512561727834,0.741636347236978
CHAF1A,2.70629475833884,0.00680386252063738,0.0946642125296234
UBXN6,-0.766742446679052,0.443234661214886,0.740048477918426
SLC39A4,-0.830831460801612,0.406068847122153,0.71147689344016
ZFP28,-0.373666860682728,0.70865218352525,0.888501179050184
MFSD3,1.35053368007168,0.176844857764158,0.488826449437115
KIFC2,0.44793201137753,0.654202264860059,0.864131874092215
RILP,0.272405149924487,0.785310513312911,0.921063539094716
TSR1,3.21409885866764,0.00130854612474603,0.0392055899002005
TRPV3,-0.411068076844039,0.681022617219861,0.876295594388881
CYB5D2,1.2169526301963,0.22362223938561,0.548621795832477
PELP1,0.808472465179147,0.418818650752752,0.721551927990389
CGB5,0.112893436650859,0.910115039859485,0.971162468097235
ACER1,1.86859007435536,0.0616798677422601,0.292034198390262
SLC25A23,0.958714394304792,0.337702644992462,0.658940914010209
ANGPTL4,1.36386224971348,0.172610923924911,0.48253388625048
NDUFA7,0.358495427932109,0.719972588816539,0.8934082912762
RCOR2,2.16192576304952,0.0306238988247242,0.206368310674079
SPRYD3,1.58611060000337,0.11271422272751,0.392816524038872
IGFBP6,0.700012963323057,0.48391920878565,0.769571333936043
SOAT2,3.69308781267958,0.00022154747775394,0.0155276175903615
CDK2AP2,-0.384114383548862,0.700893671204654,0.885969392229294
PRDX2,0.0026154362436772,0.99791318618055,0.99914601487433
MRPL58,0.37339527551585,0.708854275253714,0.888561145081074
ATP5PD,0.556569129570108,0.577821850431318,0.825554374053877
TMEM88,2.64657547165219,0.00813113588309616,0.103523391109911
TK1,-1.46390935012336,0.143218718305603,0.436751032283007
CYP7A1,0.76621309361864,0.443549518721555,0.740345396865171
KRT16,1.49189393507474,0.135726952877107,0.425991573736835
KRT27,-1.74147549049303,0.0816002658127706,0.334257950103411
METTL26,1.50256102155879,0.132952281147345,0.422387990026914
SOST,2.08974768372284,0.0366404711366282,0.226106515231734
E4F1,0.0924715233957084,0.926323415298975,0.975498759076853
ECI1,0.648569258867718,0.516616830843699,0.788571636796827
ABCA3,-0.92774938618464,0.353537584133597,0.671082094388239
SRRM2,-1.60097510753096,0.109382432610964,0.388233478409036
SDHAF2,0.400352200160255,0.688897125451813,0.879585152142453
VPS37C,-1.25823442426864,0.208306988785515,0.5306021717704
HNRNPUL2,0.681665048466116,0.495450772946098,0.776115840343594
POLR2G,-0.502613892775077,0.615235759725834,0.846420244121594
PLAAT5,-2.23873361351512,0.0251732540527731,0.184714022155455
ENTPD3,-0.437703199841767,0.66160144961261,0.868222222535263
ULK4,0.96701638484913,0.333535842849297,0.655876098743133
FADD,-0.804361118374785,0.421188449523045,0.72328357560298
LTBP3,0.886142894098975,0.37554053138513,0.689213821696284
BATF2,1.63037153629761,0.10302299668363,0.377805374037322
SLC22A11,-1.15961527240792,0.246205480116842,0.571330655291895
MAJIN,-2.29521833621213,0.0217206148794079,0.172329636113716
SCARA3,-0.197426126040666,0.843494086319311,0.945180519277048
PNOC,-0.0214969041886157,0.982849272993121,0.994879402107381
MSANTD4,1.05317217647563,0.29226208795716,0.618271773073622
NXNL1,-0.630797716516399,0.528172796655183,0.794923206725036
TADA3,-1.4781598646347,0.139364993741032,0.4308810155604
LRRC28,-0.405202652001674,0.685328555783378,0.877933340764465
B3GNT2,2.91447916575132,0.00356282588953726,0.0676796044879945
PYGO1,2.53319547610616,0.0113027902136473,0.122459801341161
HSPB3,-0.675089887124572,0.499618658296478,0.777861764703449
IRX1,1.16112232884166,0.245592155439336,0.570814304150623
OGG1,0.316709448455465,0.751464078768684,0.906758077329085
DNAJC18,0.840766887307103,0.400478540807742,0.707820117602399
FGB,0.698248604102003,0.485021735139294,0.770001694894498
SMAD1,0.043850113379869,0.965023880773245,0.988607218601641
LKAAEAR1,1.47126583315903,0.14121923949952,0.433865596700269
ZNF280A,2.84590474586457,0.00442854398741357,0.0754941718989884
NHLH1,-0.430898218506827,0.666542378868852,0.870308803656975
FUT9,-1.83771487852631,0.0661044302806643,0.303079007546358
PCSK9,-0.69146102073455,0.489275868292843,0.772142201261677
MZB1,1.48918333328056,0.13643909839164,0.426605639217009
IRF2BP1,-0.468538177311966,0.639399776226493,0.858375929505982
NUDT9,-2.24636224699176,0.0246808144511576,0.182922414924012
DCLK2,0.677372582429912,0.498169589581843,0.777218752439069
FOXA3,0.703345346847677,0.481840557183633,0.768615310302362
UBB,-0.40646942234853,0.684397719833308,0.877642613985608
RBKS,0.814013762071046,0.415637067075264,0.719237605188489
SDC2,1.46438682042459,0.143088287115077,0.43668368642685
THAP9,1.90889838257764,0.056275201729877,0.277572354669655
DDX19A,-1.2099407375635,0.226301633903753,0.551017452898593
FAM151A,0.428079144567488,0.668593500035547,0.870880665778027
DDI1,-0.956252210706108,0.338944827708445,0.659990489587673
ZNF804A,0.210806847224482,0.833037995298999,0.940890033154587
FNTA,1.42848088222945,0.153153493444829,0.45201474421836
LUZP1,1.61322171226527,0.106696347934727,0.383893696708988
AHSP,-0.681068156807093,0.495828364866598,0.77612158890686
WDR48,1.5845324923912,0.113072593560397,0.393410136013538
MN1,3.80327222177164,0.000142797290782723,0.0125113583043089
ING2,0.144957582371688,0.884744362338504,0.961890225309867
SCN11A,1.21404081462332,0.224732138884629,0.549295798397551
BFSP2,-3.09120468434066,0.0019934616596029,0.0488096979463797
CANT1,-1.55991510897063,0.118779943506769,0.402026332073755
ITGB2,1.58405839387619,0.113180431309416,0.393410136013538
COPRS,1.22336341744879,0.221192464137701,0.54637437537458
GABARAP,0.353990038148329,0.723346348907259,0.894705403448028
TMEM42,-0.247863740151505,0.804239835751132,0.929542513271606
KIF5B,-0.2666059235388,0.789772594350469,0.923890298919367
TMEM256,1.3075566058171,0.191023743486772,0.508007195763262
CKAP2L,1.63768155546573,0.101488140192835,0.37454946821167
PDILT,1.34183783933888,0.179648580243814,0.493570502503616
PTGER4,-1.70096218329108,0.0889500885822682,0.351228254769789
HTRA4,1.82895234887023,0.0674067469975185,0.305687385172565
MTCH2,0.895316809067929,0.370617757270463,0.68561324213615
CDC25A,0.25594290555912,0.79799492386319,0.92740874104555
C1QTNF4,-1.92331970853052,0.0544399109361172,0.273702393413004
SF3B3,-2.20618687670618,0.0273709177557427,0.193735897774163
CXXC5,1.25238697472383,0.210428890204574,0.533219361357221
VAT1L,1.85285160143928,0.0639036317525628,0.297647691688876
MYRIP,0.0753481593804713,0.939937704711561,0.978237030773654
GPR82,0.125667051338877,0.899995484276581,0.968196502322227
DESI2,-1.67823635620607,0.0933009669449483,0.358623517479409
RGPD8,0.204951589813685,0.837609947797352,0.943096668786279
NEUROD2,0.356057050331614,0.721797841028893,0.894066767680103
OR1S2,-0.0338008769212963,0.973035936664466,0.99172394288764
OR6Q1,1.83975612869228,0.0658040489828934,0.30221856551954
CDK5R2,-0.354352318414266,0.723074863562702,0.894705403448028
CALB2,-1.16618722290373,0.24353875734274,0.56922421533684
SCAMP3,-1.41664699410107,0.156586161550841,0.457811163884845
P2RY12,0.902300456872236,0.366897282949208,0.681900958472495
PRSS27,-0.654341681669576,0.512891697597235,0.786201421580991
TRH,1.81787386173409,0.0690834141610547,0.308817722045377
SLC25A33,1.15462124910317,0.248245561137884,0.57311560713117
ALKBH3,-0.328293098822093,0.742690061639731,0.903909236305631
PDHB,-0.923372083692488,0.35581333457231,0.672773659779708
JUNB,-1.3335687115949,0.182345242754185,0.497079387790546
BUB1,0.598489901472236,0.549513095150345,0.807969680632434
CTNNA1,0.0896285329324705,0.928582409652078,0.975498759076853
NUDCD2,-0.254603428328108,0.799029411010764,0.927954984815753
TTC36,1.32980145743186,0.183583695630108,0.498861378452376
LETM1,-2.67808538297097,0.00740443405828225,0.0985147206580551
PALM2AKAP2,1.88876370025797,0.0589234987869801,0.284507295751612
AURKC,1.89951103625369,0.0574973169547024,0.281138464711545
ACOX2,4.450808717331,8.55475163301074e-06,0.00261815387312133
STARD5,-1.68454240550691,0.0920768913670706,0.357130516246042
INSR,-0.436940625720694,0.662154408200134,0.868374126648848
ZCCHC4,2.82173398932589,0.00477647786275633,0.0781901987319967
UBTF,-0.42987297255374,0.667288046933979,0.870545346022761
RPS9,-1.42675036165536,0.15365186363119,0.452731510236525
KCNK3,-0.441852575279119,0.658595890536174,0.866825818063446
ACHE,-0.470968220149312,0.637663429527883,0.85759850583831
GSX1,0.103071149824952,0.917906502150274,0.972886058546641
POLR1D,0.176764896680744,0.859693063192281,0.951112658198608
IL16,-1.16709852694008,0.243170582683984,0.568848603654884
CEBPB,0.666100333310298,0.505346971510513,0.781450969396481
FAM189A2,0.0989155399361253,0.921205330332593,0.974018985127802
DONSON,0.359467319433329,0.719245521568705,0.89340576780703
SIX2,0.0253718500997406,0.979758364243695,0.994151214116162
RFXANK,1.16386352744769,0.244479322317515,0.569816137935856
IL7R,-0.655026331867071,0.512450800676156,0.785723827223485
LMAN2,-0.790501155454514,0.429235147695775,0.73043036477935
SHLD1,2.17760214559909,0.029435669676208,0.202253095802293
MDM1,3.86442639794989,0.000111350558891016,0.0108727783678583
POP7,-1.01019970551934,0.312399620339124,0.636256115520108
NSG2,-1.55741990789517,0.119370822598267,0.402706099488449
PRELID1,-0.887699405624799,0.374702465719296,0.688375985950159
GNB2,0.134579222966572,0.892944569812863,0.966075192370625
NRTN,0.167435847733547,0.867027120870789,0.954731155040395
EMB,0.797550295906853,0.425131504582035,0.7270475372199
GLOD5,1.7803211464183,0.0750234183226907,0.321452441869546
HCN1,1.59178118391461,0.111433879406557,0.390790080333381
EIF2AK3,-0.509061439542645,0.61070915930615,0.843878531041176
RAB24,-0.20509936387405,0.837494493424514,0.943071832081929
TEX37,-0.719884136875183,0.471596335751986,0.762086092094625
HIPK3,1.80929977205824,0.0704044443984599,0.31091005571519
PA2G4,-0.929479221893434,0.352640788426957,0.670477988407429
MMADHC,-0.840760101559348,0.400482343052107,0.707820117602399
ARNT2,-2.34166035756576,0.0191981767613925,0.161905955840485
CES3,2.05402638499215,0.0399731380723135,0.235557059345314
TCTN2,0.278381817586142,0.78071927555451,0.919137037875004
MRC2,-0.620660784057486,0.534822837045657,0.798350727555552
SHCBP1,0.561064621714253,0.574753484754726,0.823638867862201
SCN1A,-1.57424865946231,0.115429973908824,0.396063600145667
BRD3,-2.42959481314798,0.015115710764654,0.142117491754221
TRABD,-1.60512540532113,0.108466209341444,0.386912145073824
ARF4,-0.6209982146327,0.534600797878067,0.798350727555552
HOXC10,-0.402889199598179,0.687029737031257,0.878723665078486
PDS5A,0.131531529767003,0.895354846085901,0.96696706583499
RNF139,-1.22155605056961,0.221875557207313,0.5467955462338
FOS,-2.01280290232418,0.0441353684778701,0.247718524493564
TMED10,0.742066238889249,0.45804720376097,0.750846001387179
PCBP1,-1.58157150361678,0.113747423636645,0.394074787292077
KCNJ4,0.0568480939831168,0.954666202396558,0.984354693990018
THAP11,-1.38683887404155,0.165490900323829,0.470744216160931
CAMTA1,0.0894512285395598,0.928723312120881,0.975498759076853
RFX2,1.70683557730572,0.0878526176838678,0.348603985639276
CHST11,-0.83867533872861,0.401651520853271,0.708768948120531
ANTXR1,0.490747846488855,0.623604801154586,0.850484663181715
FGGY,2.24511257133218,0.0247609067719564,0.183212480794664
KREMEN2,2.5231375992945,0.0116312878756523,0.123996029547427
SDR16C5,0.324042744075183,0.745905673544086,0.905130054127545
CHCHD7,-0.610382672968872,0.541608343346484,0.802085422535448
N6AMT1,0.375460520925945,0.707318002134231,0.887837106443379
PROKR1,-1.28529835243121,0.198688045702502,0.518270764852245
KCNAB3,2.77323992347777,0.00555011844566654,0.0849461483524298
APLF,1.4260116792598,0.153864970829107,0.453042200212352
REPS2,-0.845959979041614,0.397575070694453,0.705991928230323
MCM7,2.28904470003748,0.0220767553485591,0.17328916583283
ATP6V1G2,-0.958822970151301,0.337647935407098,0.65891348242399
COPS6,-0.579651106753557,0.562149921209797,0.815819506928964
GPR37,-1.39794275367887,0.162130258600385,0.466282711436062
HAS2,0.0451667739613537,0.963974377747758,0.988392364703649
ANKK1,-0.296393715195413,0.766929424376424,0.914179546909062
EGLN2,-0.677860976454515,0.497859844730123,0.777218752439069
ARAP2,0.843664727421977,0.398856783232566,0.707104366635075
GPRIN1,1.9629171883586,0.0496557972080572,0.263287804038404
HS1BP3,0.563589401597976,0.573033601323677,0.822628787871355
HINT1,-0.35372114979298,0.723547870797436,0.894705403448028
KBTBD2,-1.48018663839887,0.138823445242499,0.429770553029055
RIOX1,1.66301472568253,0.0963094878532541,0.364568073006398
CPLX1,-1.57581361067936,0.115068764745077,0.39552006470315
CLEC7A,-0.81844932669918,0.41310066562088,0.717064541555884
AFAP1L2,-0.4136867765135,0.679103512617358,0.87514619462671
CAVIN2,-0.859371342616429,0.390135675067226,0.700455156974376
C15orf40,-1.21342624691802,0.224966896419588,0.549666630097243
RAMAC,-1.58269188050423,0.113491709850846,0.393683983990691
FRMD3,0.485321738728697,0.627448137415622,0.852420189826607
H1-4,-3.31191198082935,0.000926606945338091,0.0331553465275609
ADORA2B,0.273571634036359,0.784413835392193,0.920944796311174
HOMER2,-3.19529887923675,0.0013968610209018,0.0408695312054103
GPR25,-0.526700580183937,0.598401532657489,0.836788297058378
ANKS3,-0.0798711062252177,0.936339770283624,0.977346067906343
HSPB2,-2.01046879061881,0.0443815961541681,0.24849094717199
NUDT16L1,0.0273718754007697,0.978163130019912,0.993508098558048
RPAP1,2.43172919282224,0.0150269378112021,0.141611415687078
MACROH2A1,-0.120188721273095,0.904333652128874,0.969992984773755
TIGD4,3.55103765872887,0.000383715508801833,0.0203922776464554
PPP4R4,0.672595801733924,0.501204473345171,0.778461413228429
SPACA5,1.06783674041428,0.285594161881812,0.612692911295469
KMT5B,-0.0987119056657651,0.921367015682537,0.974018985127802
KCTD19,-1.81469122237765,0.0695713747289703,0.309966034333763
DRD5,-2.76009323719027,0.00577848672758702,0.0860877678009724
TMEM154,0.458682472293863,0.64646220266417,0.860728260471786
GPR22,-0.32497548856942,0.745199622990203,0.904973667022015
GPR27,-0.839494687246948,0.401191769253001,0.70857195833438
ARL6IP1,0.308385301875797,0.757789164754053,0.909515332950644
NUDT6,2.69386668570647,0.00706284082522671,0.0965184831708858
ELOVL5,-0.173394724151702,0.862341171813196,0.951912629749322
SLC6A19,0.696367457435304,0.486198737515005,0.770976352965297
UTF1,-0.594721597526308,0.552029582636819,0.809906544619859
MRM3,0.444362528368231,0.656780500485591,0.865649303331513
CDKN2A,-1.36113661070536,0.173470521842123,0.483706122232749
SOX7,1.56531317467099,0.117509495492387,0.399561865415588
CRYGA,-3.24601866417025,0.00117031166561089,0.0371574955656693
TMEM126A,3.21694391213655,0.00129563925061723,0.0389927820282035
RGPD3,0.808277965188631,0.418930584316765,0.721551927990389
C8orf74,-0.105803632823304,0.915738154395234,0.972111996832641
LDB2,-0.877287585603149,0.380330453480364,0.692209605270092
INSL5,2.23416482488524,0.0254722299477921,0.185872951239933
ECEL1,-1.62662219855472,0.103817361715002,0.378842139497297
TM4SF20,-0.143130617054612,0.886187024966627,0.962361348498195
PEX6,3.11653293044566,0.00182991241621525,0.0461404339075527
KNDC1,-0.647180405767739,0.517515191203326,0.788977025415228
KRT78,0.544514047785006,0.586087784195141,0.829759590694712
CTNND2,-0.514130263658055,0.607160919823406,0.84194296769763
COL3A1,-3.86263267009274,0.000112171611263279,0.010887363155488
OR1F1,0.045865269061852,0.963417636304284,0.988106584842834
XPO6,-1.61022742298461,0.107348216779713,0.385101440508163
C1GALT1C1,-0.471960841143757,0.636954739575992,0.85759850583831
RGL1,1.09057855419539,0.275458370409723,0.601172037965693
FAM171B,-1.16857200528345,0.242576112726628,0.568442418850066
VASN,0.982545153089254,0.32583134964052,0.648579660058637
PCNX1,1.42862676650177,0.153111536696509,0.452002897360296
SHE,1.34293370971771,0.179293439882015,0.492988527064901
SRP9,0.390094748802747,0.696466485711776,0.883509001851341
NANP,-3.40470296496409,0.000662360578337003,0.0272492452138693
TMEM208,0.794539962119354,0.426881154202124,0.728706559466484
PGK2,0.282783504206606,0.777342800172137,0.918218817825675
OR1L3,0.355745587526377,0.722031101491662,0.894276925504573
TPST1,0.370752277808006,0.710822048786719,0.889478823804951
HSPA4,-0.732928848514727,0.463601826876905,0.755760033375013
UQCRFS1,1.81339680451437,0.0697706420634561,0.310309814175718
ASL,1.14673221485803,0.251492311936262,0.577357170235708
TPD52L1,-0.757908027660846,0.448506044157697,0.743709222723146
TACR3,-0.233929748077988,0.815039518235354,0.933308057299672
GUSB,2.1285181862817,0.0332941437386774,0.216125260656877
LRATD2,-1.68347820262325,0.0922825555613324,0.357130516246042
IL17D,-0.711921661478253,0.476513287672015,0.765415110482182
OR2C1,0.324230706099414,0.745763376564184,0.905129721928738
HES4,-0.362339098556759,0.71709864392747,0.892970432449811
PPIH,-0.877663796729194,0.380126196819825,0.692209605270092
SIK2,-0.948552689935524,0.342848162620725,0.663328109177693
PRPF8,-0.277919310376073,0.781074300095694,0.919421447367545
CHSY3,1.26944303884056,0.204283094163361,0.525311493346925
P2RY1,-1.60167416827703,0.109227680272307,0.388233478409036
ZNHIT1,-0.327274262855754,0.743460456803704,0.904544912804361
IRS1,-0.759476784884253,0.447567396171257,0.742752688494727
UGT1A6,-0.858554381747753,0.390586415320328,0.700876254392471
NMUR1,-0.450822851478235,0.652117230189466,0.8630863845811
ESCO2,3.42876475590746,0.000606334828051005,0.0260002148885681
C22orf15,-1.41134117258741,0.158144039805471,0.459971507768099
NECAB2,-0.111217366845124,0.911443980317506,0.971563558921902
UGT1A1,0.0791991234838284,0.936874241762761,0.977521376551824
PWWP2B,-1.04455958881088,0.296226564995791,0.622165160113729
ARMC4,0.0401970765114477,0.967936008354,0.989922061922518
TACR1,-1.76206812477562,0.0780577880408967,0.327516279285729
TUB,-0.463778512977917,0.642806439346005,0.859677013279956
HDAC3,0.533001790889026,0.594032340599042,0.835204152240831
HTR1E,1.10238870540059,0.27029271969038,0.595506838240604
S1PR1,-1.21189058439738,0.225554266835776,0.550239532192182
TM4SF4,-0.2883492659004,0.773079399041127,0.915997366890178
TMPRSS11E,1.13775720664513,0.255221878521512,0.581677647490886
TRIM35,-0.789740344866852,0.429679424439969,0.73043036477935
TM4SF1,2.20705039208116,0.0273105389846255,0.193477502797987
MGAT2,-1.1024377123437,0.270271423819682,0.595506838240604
SCG2,0.0169255161925889,0.986496036703094,0.995483829664984
MINAR1,-0.742002190769811,0.458086008249603,0.750846001387179
OR7G3,3.15440044184349,0.00160828241539515,0.0434877154303312
GRM5,-1.90986930037957,0.05615004369273,0.277572354669655
VXN,-1.48283450637268,0.138118385693893,0.428799255643039
OR7G2,-2.10724617890578,0.0350962459711105,0.221266064156255
SEMA4C,1.32223982840884,0.186088302358363,0.501184648824163
WFDC13,-0.618748490957329,0.536082059880055,0.798433713920409
TMEM135,2.22752262840904,0.0259123652011077,0.187757500020006
CNNM3,-0.297774409042473,0.765875347626227,0.914050793446994
SMYD4,3.05318112714025,0.00226429223515856,0.0527326333903521
TWF2,-1.74572642661618,0.0808585007737283,0.333092600786304
SPATA5L1,2.25401882616935,0.0241949836451189,0.181227583134812
IL12A,-0.348732207994273,0.727290361942003,0.896543423584905
CD2BP2,-2.2887947374189,0.022091281394357,0.173319254656889
DEGS2,1.66101266500324,0.0967109031116855,0.365660608476163
TBL2,1.35236819773059,0.176257557734594,0.487951964700261
LCMT2,2.47492230715962,0.013326516263793,0.132765520663688
PATE1,-1.17529209242729,0.239877877043507,0.565581515759326
KRT73,1.19927891431513,0.230419511186827,0.555205865441842
CEP89,3.52675210716457,0.000420690441339581,0.0213414946226008
RNFT1,-2.35606035749581,0.0184699163691834,0.158699107656639
DTYMK,0.00196677086566955,0.998430744903341,0.999307355934739
CYCS,-1.28273202081044,0.199585977484592,0.519770606430858
TSPAN5,-0.193865358641815,0.846281308858004,0.946613327946959
SLC9C1,-0.245450579700387,0.806107569545146,0.929825260676463
PRND,-1.43118254244875,0.152377905514722,0.45087504024975
CENPN,0.380406907531463,0.703643387893387,0.88662895546602
VPS50,1.11378672477539,0.265370693417297,0.591517122791588
BCR,-0.869707409680052,0.384460321908965,0.695945031184719
GTSF1,-1.15657220526614,0.247447183533509,0.571919492071104
KLF11,0.089600283445231,0.928604859157481,0.975498759076853
FEN1,-0.249650573808337,0.802857584366895,0.929127939730341
ONECUT1,1.62924942625907,0.103260227549987,0.378076581964704
PPM1D,0.226808805601527,0.820572416251153,0.93564249717431
RNF187,-0.197906921880413,0.843117888416885,0.945180519277048
MTBP,1.94578516175851,0.051680551755235,0.268849056127799
MMGT1,-0.292037383177722,0.770258041545876,0.915129560611091
ADRB2,-0.706593766759094,0.479818963636361,0.767378942435301
MBOAT2,-1.22470650426142,0.220685822599964,0.546160367510656
MGMT,-2.55829349946797,0.0105187272230787,0.118073441522772
ATOH1,1.06643025294278,0.2862291920008,0.613170916150749
LSM3,0.720337602386131,0.47131715818316,0.761976841910118
PTGDR,2.18382243950631,0.0289752980313096,0.200452669991249
LRP8,1.11074990942994,0.266676012758117,0.592292613153785
ANKRD27,0.943295081303754,0.345529991067344,0.665323785365951
CHRNB1,-1.20673877970665,0.227532759427256,0.552006026874539
TMEM43,0.600531552591088,0.548152039199856,0.807580113014949
KCNG3,0.639441977437285,0.522535448311253,0.791573531916182
TRIM56,-0.0664205694248366,0.947042994329366,0.980973943870226
SOX14,-1.53506691912575,0.124767391125241,0.411585293690413
FSTL5,2.58730249302975,0.0096730632540722,0.112636984400328
HSPBAP1,1.71339016803215,0.086640783880673,0.345731281615418
ALCAM,0.0442303110979086,0.964720820926737,0.988603698368782
TRMT61B,0.913858279156599,0.360791318551419,0.67596901137227
SNX7,0.516737562471098,0.605339371024026,0.840855760127555
QARS1,1.65233629380055,0.0984660145124418,0.36913947447923
CSDC2,-0.81723369334497,0.413794891067193,0.717962041244715
PRKCE,-0.185376138904003,0.852934022452688,0.949924939531099
ZPLD1,0.771295510154118,0.440531793036542,0.7380444272175
USP42,0.329198490156096,0.742005664076413,0.903754869928958
MRPL13,0.551834971529079,0.581061424752099,0.82660486001893
CBR4,1.27028537895553,0.203982994394978,0.525311493346925
STX18,-2.40036818986715,0.0163785882552796,0.148895421777806
CHST14,1.1092391681697,0.267327019788506,0.592763839090546
FOXI1,-0.681247699363383,0.495714770621306,0.776115840343594
IBTK,0.45812658673341,0.646861498956015,0.861020805039347
ATOH8,1.67175523581899,0.0945725972015179,0.361198687096938
REEP4,-0.0952891390020379,0.924085169219773,0.974713539422955
ZNF608,1.98278379051515,0.0473915853821042,0.257602349919023
LGI3,0.75087934118788,0.452725274327797,0.74696673763349
GBX2,-0.524574768226025,0.599878830823725,0.837213122846597
RETREG1,-0.787017013583187,0.43127190663366,0.731489353314467
HOXD4,2.63465247364714,0.00842234667293393,0.105419163877673
MTCL1,0.366500804403303,0.713991412478132,0.89137771330354
C2orf68,0.772981792710098,0.439533156120616,0.736904522916742
ZNF396,1.67160189020188,0.0946028518048525,0.361229122474642
STX8,-2.57451473495234,0.0100380810740954,0.115150216652522
RNF181,-0.877785848567002,0.380059945587248,0.692209605270092
ETV5,1.69857307381781,0.0893996534126526,0.352157706871504
VAMP5,0.513584537965944,0.607542492134968,0.841967874060849
BMP1,1.98432577987228,0.0472195340633335,0.257230997528981
TBCA,1.76859773208549,0.0769610295113194,0.325451800798962
LRG1,3.48585286040552,0.000490570757145775,0.0227851713600669
TMEM37,-1.69055576688575,0.0909216788065547,0.354863749250094
OTP,-1.91566881068549,0.0554072648051208,0.276134819752376
POLR3D,-1.43409861115382,0.15154412419337,0.450004377587638
MAT2A,-0.939980609840565,0.34722750680647,0.666915297944446
PPIC,1.53860327506074,0.123901178522444,0.410782205496073
TMEM192,2.98339055355588,0.0028507397136769,0.0595459278595216
SOCS5,1.79025336783554,0.0734131891644272,0.318169621167433
ROBO4,-0.310652096344485,0.756065118077593,0.908686704835547
PCDHB1,0.257741834276,0.796606157491976,0.926933898548991
ZNF672,0.617690156497315,0.53677960188892,0.798812024147769
PCDHGC4,0.450818506124736,0.6521203622657,0.8630863845811
CXCL10,0.447418223099547,0.654573120695481,0.864131874092215
UBE2E1,-1.72728325385936,0.0841168051923011,0.339673466707027
CYBC1,-2.23198606054725,0.0256158842374847,0.18630024040978
KRT28,0.0985484385672992,0.92149681070143,0.974079940306475
ADRA1B,1.04245725522424,0.297199733248472,0.623196698088549
LRRC45,-0.458973975618043,0.646252854570925,0.860562298167274
CDCA7,-0.367886668149126,0.712957741475083,0.890731736057193
ASPSCR1,0.648922744857226,0.516388312426439,0.788571636796827
AVEN,-0.944963837809668,0.344677338261603,0.664550371818998
RBFA,0.374213070714383,0.708245800282173,0.888435287977165
FASN,-0.515992272508462,0.605859806346846,0.841218228634232
RCAN2,-0.101514968758584,0.919141675591011,0.973316967106375
NPTX1,-3.57061642558449,0.000356142109798076,0.0199747662896782
DUS1L,-0.622037712470451,0.533917070438922,0.798350727555552
RPTOR,-4.53994005472271,5.62702238906928e-06,0.00202685346454275
PAIP1,-0.963336455262089,0.335378704237282,0.657320954413696
B4GALT6,-0.884124190310009,0.376629176091164,0.690098690248553
FAM83B,0.657940094556744,0.510576625591236,0.784633966414826
C5orf34,0.554219905945723,0.579428356784318,0.825800422229539
DCXR,-1.10350664685357,0.269807206646053,0.595169435564218
COG8,0.43432532622793,0.664052215166503,0.869186278343771
RAC3,-2.6158355729443,0.00890094093959258,0.107990532701988
RBMXL2,0.598040259321895,0.549813070449069,0.808044252326499
FEM1B,0.776877412499331,0.437231098728878,0.735937578327765
NTSR2,-2.28950173221559,0.0220502173780921,0.173164715834058
GON7,-0.764026464855503,0.444851471671887,0.741068602706024
CHRM1,-1.01829906439048,0.308535852910743,0.6333695148475
MPLKIP,-1.59313386293509,0.11113016413764,0.390516365777936
ANKMY2,1.05659533954661,0.290696308384974,0.616750475909936
OR10G6,0.897593428294657,0.369402343874778,0.684458458146579
USP38,-0.725097684937785,0.468392104566418,0.759444595670408
IGF1,-0.102926808656006,0.918021060463343,0.972904801800968
OTUD7A,-2.67532101584077,0.00746577255206352,0.0990234159492083
PWWP2A,2.39479021659023,0.016629876976719,0.149768653064342
AXIN2,-1.72389934752698,0.0847260151480419,0.340941689580342
MAP2K1,-1.73635118604959,0.0825017577862213,0.336256158146502
GTPBP2,0.852348596370197,0.394020641325526,0.702527837998619
MYOZ2,1.16602785602189,0.243603183146221,0.56922421533684
SYNPO2,-0.256559127139884,0.797519130833182,0.927156605924344
KLF13,-2.56305024350242,0.0103757032362186,0.117190281576878
MTNR1A,0.672683404737452,0.501148727553963,0.778461413228429
INSM2,0.502543963855353,0.615284935207111,0.846420244121594
TSNARE1,0.435189002804353,0.663425244289132,0.869041385827364
AP000812,0.922332740632091,0.356355041143468,0.672956709964091
ABHD15,2.34840648584375,0.0188539328897698,0.159889691595385
DNAJB7,1.64081066094647,0.100836724562327,0.373618090686832
GIMAP8,0.579508918270469,0.562245830770794,0.815885646460502
HEXIM2,0.80482537902891,0.42092045416883,0.723126618084003
NDUFA10,1.06629529021421,0.286290177890608,0.613170916150749
MRPL39,-1.33686059450307,0.181268145570633,0.495476453887757
SCNN1B,1.88324453914647,0.0596672356385508,0.28669099708129
ANTXR2,0.630393997566917,0.528436837034149,0.795006914298129
HTRA3,-2.18911491653716,0.028588488624523,0.198891673420833
PCDHA10,-1.65192968237758,0.0985488863218384,0.369250785573435
GLB1,3.14027721812398,0.00168788030659308,0.0444859380318167
DDIT4,-0.889791955974908,0.373577606654898,0.687620242301003
TMEM223,2.24883788701675,0.0245228119459014,0.182706779301244
SLCO1A2,4.05222841151719,5.07320994669278e-05,0.00724482432093445
GP9,1.91607452491385,0.0553556103946885,0.275994798181331
CXCL8,0.427709584924753,0.668862570687313,0.870880665778027
MRPL4,0.574587690769082,0.565570178864799,0.818603086654798
MORN4,-0.492988232501776,0.622020902068802,0.849539669837648
CDKL2,0.966977503140928,0.333555280093238,0.655876098743133
CCDC126,0.174854468928377,0.861193987538011,0.951535545684279
AGXT,2.72545322086234,0.00642132750405669,0.0922724268734529
ANKRD2,-1.09617465120071,0.273002350550724,0.5987139899982
CMTM8,0.385811352713012,0.699636386806521,0.885346724470833
PANK1,-0.391932070994366,0.695108405673428,0.882648816886846
MAGI3,-2.59450802000287,0.00947264035541775,0.111262338783309
OR10V1,1.42493895362637,0.15417484823904,0.45344778049496
CAVIN4,-3.28864543713499,0.00100670757241439,0.0347925864419294
GOT1L1,0.0591850686857038,0.952804702256693,0.983541732126991
HOOK3,-0.50576383577421,0.61302244893311,0.844938849894284
ACOT12,3.05319020891344,0.00226422370581519,0.0527326333903521
YWHAG,-0.442319408125343,0.658258088547795,0.866584309862583
C3AR1,2.3449907578206,0.0190275512504151,0.160885538976515
NKIRAS2,-1.2492783216528,0.211563294035734,0.535064664226122
MCRIP2,-1.20397413129747,0.228599577195084,0.552875342696973
BCL2L1,-0.827537420192091,0.407932521568794,0.712903314513054
SEC23A,-1.75748998905361,0.0788343267255357,0.328463544729322
PPID,0.268729761932859,0.788137647247856,0.923092503348925
THOP1,1.84455680249671,0.0651020357269944,0.300723538643161
CYTL1,0.0394536893588475,0.968528675282722,0.989987892361926
ZBTB5,0.28155779837197,0.778282603474066,0.918389784617283
LGALS4,0.404329160881475,0.685970684556662,0.878270049445413
TVP23B,0.191502831691009,0.848131662227207,0.947898097844639
ASCC2,0.874322267842329,0.381942775880981,0.693737164304664
HPCAL1,-0.964003085084248,0.335044379149726,0.657076145388737
HAVCR2,1.40398670877618,0.160322807468018,0.463268073982305
SRP68,-0.834331972189089,0.40409393993793,0.709974936232051
ADCY6,0.0614417598339592,0.951007395624739,0.982903709474042
CTSW,-0.046635901302847,0.96280341804601,0.987914199095257
CYB5B,-0.175400373976521,0.860765046750663,0.951483978189244
ZWILCH,2.90738652134606,0.00364462552844022,0.0681069600819326
ADAT1,3.02758544425469,0.00246516011641252,0.0551875872750923
RPL4,1.51683478316868,0.129308402679136,0.417521892236279
WFDC5,0.462528621048457,0.643702282506027,0.859803281095682
RAD9A,-0.848846971554895,0.395966449305693,0.704551424338119
EFEMP2,1.39231915083712,0.163825774806741,0.468640750654013
SLC16A11,-0.652740489787294,0.51392359463156,0.78683173187711
MRPS12,2.12926776075533,0.0332321135140205,0.215895522223951
PTDSS2,0.367102461560045,0.71354259123273,0.891123497598243
TMEM134,0.37837901728325,0.705149053338554,0.887690824471088
DDX23,-0.185750292724823,0.852640586678898,0.94987788033652
SLC16A13,1.06237482403328,0.288065558354718,0.61391645938351
ZNF471,1.55943139477628,0.118894310504937,0.40216149394293
CHST1,-1.49387451315569,0.135208421139602,0.425469339685884
SLC37A2,-1.34170986148935,0.179690088290873,0.493576790562067
THAP2,0.93660631607665,0.34896110187499,0.667884106776681
C1orf100,0.671040364468078,0.502194815811248,0.779160940828077
MUS81,1.3859136061067,0.165773285636578,0.471076295035639
SSH3,-0.280094969371437,0.779404644160364,0.918389784617283
FAM53A,-0.0187773424073456,0.985018728776321,0.995023322998978
H2AZ2,-1.15842717547572,0.246689754502272,0.571472664102806
PHYKPL,0.835512857339122,0.403429010801101,0.709968219675439
ELF4,1.07529022758136,0.282244810065697,0.609013062613803
PCDHGC3,-0.40189466715364,0.687761547604337,0.879224495088387
PLG,-0.526509686009493,0.598534123945876,0.836788297058378
COQ10A,0.445213241544434,0.656165658364986,0.865190690347194
CCDC63,-1.02691485165719,0.304460560332193,0.63007580433016
RNASE8,1.06801170477486,0.285515232000953,0.612692911295469
RGMB,1.52818544143817,0.126466502398469,0.413535512886178
PPM1E,-0.249166685975518,0.803231847620093,0.929127939730341
KCNG4,-1.28387293851566,0.199186417350442,0.519236513160712
PSMA8,-0.593298755574653,0.552981231449759,0.810422493722345
USP48,1.44353303560811,0.148870373327264,0.445589506167214
FBXO22,-1.62987023504221,0.103128925660744,0.377851888796337
TLCD3A,0.141120822783325,0.887774494065884,0.963095168549662
SEC16B,3.0250975568515,0.00248552940916105,0.0552479950176343
MS4A10,2.17537329748757,0.029602153842735,0.203055993075282
GOLT1A,0.0478269447752764,0.961854162298211,0.987502794317945
PROP1,2.01995882808129,0.0433876583588127,0.246243191294816
GEMIN2,-1.53954220407411,0.123671982844614,0.410190130945027
LEMD3,0.247183254084012,0.804766404571713,0.929754715018026
SNX32,-0.422384878311865,0.672744113546765,0.872500346973877
PIGS,4.36764819656432,1.25591576386776e-05,0.00303837889798994
PLA2G1B,0.689720440261333,0.4903700091672,0.772965815286507
LTBP4,-1.11082309996634,0.266644501293165,0.592292613153785
GMPPB,0.830763439933153,0.406107279911816,0.71147689344016
MAPK7,-0.874590628377196,0.381796688789243,0.693717577685495
RNASEH2C,-0.509904637864655,0.610118272582658,0.843749284591334
AOC3,1.78212351322504,0.0747290921980253,0.320954916650184
TUT1,0.297801310389194,0.7658548143625,0.914050793446994
ATAD1,-0.480344410294414,0.630982515153443,0.854364346180114
RSF1,1.50032204245717,0.133531002355069,0.422997126352257
STOX2,-2.37235168199247,0.0176752579562053,0.154960886511969
CSPG4,-0.745343345443547,0.45606418378435,0.749899558885573
CCAR2,2.60943414878258,0.0090692099424471,0.109243931485093
SNX33,-1.11094402802577,0.266592442520716,0.59226931206391
TMOD3,2.13029825739823,0.0331469973368501,0.215601797685796
GRK2,-1.29431200158637,0.195557672605542,0.513874763112914
EVX2,1.22437903253828,0.22080927527241,0.546160367510656
SNTG2,2.09330974681455,0.0363215131393598,0.225227079683956
APOBEC4,3.03077022609474,0.00243930801232475,0.0551446911740193
MARCHF3,0.0617312603652371,0.950776845263173,0.982790758553075
ABCD2,2.98420613327015,0.00284315160969417,0.0595408842913861
PRKACA,-0.560092584939047,0.575416287928134,0.824224338196105
ZNF622,-2.11586166528856,0.0343565746208958,0.218910761898026
PSMD1,-0.174618740042577,0.861379222402989,0.951535545684279
ISX,-0.255440898671576,0.798382585660443,0.92746960015553
AP1G2,0.662346928647753,0.507748907660904,0.783446172705911
NFYC,3.26308607443269,0.00110206042612126,0.0360067352436856
DHX37,-0.361874057347705,0.717446147197776,0.892970432449811
ALG10B,1.78257030400328,0.0746562774264011,0.320727166924075
NPFFR2,0.707891833177614,0.47901243170519,0.766875164901764
ASPHD1,-2.11072563729874,0.0347959010555577,0.220403131938334
TRMT112,-0.36587408464498,0.71445903504768,0.891712212141976
FBXW10,-1.44073302666003,0.14966012065203,0.446747862918739
MLKL,1.02410989701862,0.305783370272308,0.631072402437464
PCMTD2,0.659518586295275,0.509562814880568,0.784362513634864
RHOD,-1.82730013029366,0.0676546556633579,0.305794372420509
ADCK5,0.178597067776224,0.858254097047387,0.950730386607362
LEP,-0.518563822204517,0.604064943037676,0.840008942211141
TAOK2,0.323406025260885,0.746387767020595,0.905130054127545
TUBB8B,-0.204345995254187,0.838083129179613,0.943105348574864
CYP2W1,-0.929732083062429,0.352509818738396,0.670477988407429
U2AF2,-0.814881353666508,0.415140227436141,0.718803015350822
PHYHD1,1.16015884412654,0.245984139822097,0.571074579107828
NDUFA11,1.63462629185352,0.102127412574102,0.375796420071196
C11orf86,2.94491676466935,0.00323041554422005,0.0639338272417202
CCDC106,0.320875441416451,0.748304785544241,0.905710294869071
TLR10,3.22429737502865,0.00126282188805082,0.0384035271733879
TLR1,2.64634146341463,0.00813676354334178,0.103523391109911
ACAD9,1.48470487569285,0.137622019592428,0.428218051598379
CKS1B,-1.93269480386886,0.0532738056864189,0.271812707777274
BAD,0.921289577709655,0.356899261037609,0.67329843134993
CTBP2,-3.1779794647222,0.00148305254402374,0.0420644291004341
CENPS,0.973092204050149,0.330507478310702,0.652679789953481
LCLAT1,0.815918333609992,0.414546845630028,0.718330041364057
DUS3L,0.768005859916156,0.442483703511181,0.739812245158304
PTMS,0.509471214480708,0.610421970280854,0.843866073883357
MAP3K11,2.07350420067176,0.038125380587194,0.230334380375962
VPS26C,1.44291650213327,0.149043993920026,0.445894074833833
PSME3IP1,-0.782447572379697,0.433951585200992,0.733693673153529
OR6M1,1.68612294606551,0.0917721212072771,0.356923191479932
RORA,1.67204480777471,0.0945154867219431,0.36106564324204
NRIP3,0.359115286322796,0.719508846502126,0.89340576780703
P2RY14,-0.84893350413729,0.395918294432224,0.704551424338119
GPR171,-0.289307050216085,0.772346417607481,0.915997366890178
PPARGC1B,2.58678954124888,0.00968747418496951,0.112675537617722
ETFB,0.384952939457982,0.700272282505581,0.885505047722064
EEF1A1,-1.35807323256924,0.174440447822546,0.484869579989474
PPM1J,0.672768723978118,0.501094438182955,0.778461413228429
XCR1,-0.47193426232278,0.636973711422098,0.85759850583831
EEF2,0.683185305516521,0.494489756765137,0.775708371571417
ZMIZ2,-2.98175042851984,0.00286605534442968,0.059770075102758
PPP1R14B,-1.25208855617658,0.210537597179728,0.533219361357221
ZNRD2,-0.644740707744283,0.519095231345506,0.789974143731039
MRPL38,0.744419666359305,0.456622624856768,0.749964142902357
AKIP1,4.56091494147128,5.09312105419999e-06,0.00193710756210903
MOB1B,-0.994396062648966,0.320030084261254,0.64335453749109
SH3RF3,-0.963107396211679,0.335493630443859,0.657320954413696
VEGFB,2.35832231323725,0.0183577459613718,0.158445529439763
RETREG3,-0.830162430752985,0.406446953291681,0.711555199644366
KLF7,1.6615727930232,0.0965984622657659,0.365405945126208
NWD2,0.289316621024822,0.772339094200255,0.915997366890178
ADORA1,-2.240681159463,0.0250467353602455,0.184286215821253
B4GALT2,1.22290861914259,0.221364212746272,0.54643285500988
SLC26A7,0.709524529302722,0.477999035102326,0.766431486801206
OLR1,2.19154170899712,0.0284126149094592,0.198337672294326
SUSD5,4.71382676777031,2.4310736378349e-06,0.00123849022734394
CHST2,0.738183122269877,0.460403177632285,0.753134088650806
MRPL57,-0.2777848788701,0.781177499447644,0.919476151953152
LRFN4,-0.371658005098792,0.710147495788565,0.889311373934458
RCE1,-1.97694965974629,0.0480473207000837,0.259815201750991
PTPN2,2.33958381092204,0.0193052395109316,0.162303790293358
LMAN1L,-0.259990113737283,0.794871399540507,0.926219916762656
INHBC,1.8345723712091,0.0665690755191805,0.304120108537316
OR10P1,1.57386637839919,0.115518344234007,0.396222927896193
TMEM255A,-1.34036352090309,0.180127189390734,0.493773315209607
GRAMD2A,0.426031088905458,0.670085192494199,0.871262815580261
FAM241A,-1.31180636803419,0.189585475763543,0.506003489021661
RIC3,-1.16154956160578,0.245418480212805,0.570814304150623
RND1,-0.138382584893887,0.889938059833975,0.964197549649157
KLHL3,1.23351497270327,0.217383694047701,0.542350301973486
TOPAZ1,1.68844682046549,0.0913254892042733,0.355754591327101
TMEM234,1.59839020192023,0.109956163846288,0.388889255898862
TRIM59,0.059256787311715,0.9527475793286,0.983541732126991
NARF,1.98913568901564,0.0466862280162818,0.255568074946272
UTP23,0.593739904610782,0.552686088795485,0.810284741589028
GGA2,-1.61011077729237,0.107373674713932,0.385101440508163
GCC2,1.43318130878711,0.151806029776618,0.450004377587638
ABLIM3,0.51785637624806,0.604558480623932,0.84013940672372
TIGD3,1.41068747886628,0.158336784575137,0.460162083442077
TCAP,-2.07906056406071,0.0376117841849667,0.228761504635694
TRMT10C,2.82469088629994,0.00473262488474617,0.0778793063521326
DAW1,-1.76850824067374,0.0769759757769465,0.325451800798962
DAPL1,0.259522983732179,0.795231750883767,0.926329511903446
ACO1,1.64478431109572,0.100014298685443,0.371819212704668
CFLAR,0.891550486712535,0.372633919280908,0.686936606935218
GLE1,-2.85557764253543,0.00429586178032362,0.0743133656320871
NDST2,-1.68703313443266,0.0915969808764431,0.356469498925874
BAALC,0.777082859555947,0.437109885896047,0.735809963702256
TPMT,0.928743297857826,0.353022136173169,0.670753327343931
MAL,0.22288277231812,0.823626744848352,0.936819265165029
MSL2,-0.0569892585370524,0.954553751681445,0.984354693990018
SP3,0.0222750442160069,0.982228555773074,0.994748057514887
ATP6V0A4,-0.736626434094768,0.461349555168866,0.753604246672594
TSPAN17,0.959494646811903,0.337309615167685,0.658692960299217
DSEL,-0.544990986916517,0.585759716536335,0.829728152174906
RBM4B,-0.191343895156905,0.848256172989995,0.947923498464393
HLTF,2.08257863260786,0.0372896485530688,0.227570750525863
CYP2S1,1.92309490154451,0.0544681325371286,0.273759367533122
TADA2B,-2.59552150103727,0.00944474934744929,0.111262338783309
LIPT2,1.13180912783116,0.257714689378946,0.583584437013597
PSMD2,-0.414093531225647,0.678805610060444,0.874906118720863
LGI4,1.95171884300266,0.0509715942059321,0.267118839471049
ATP8B3,0.834136991712343,0.404203791991804,0.709974936232051
KCNE3,-1.58335170376043,0.113341324398111,0.393562452264135
MATK,1.52791729449217,0.12653307368131,0.413548955464323
RBM14,-0.962480323832441,0.335808382312263,0.657508936104241
PSMC5,-0.65977284503027,0.509399611884437,0.784286384142073
KLK6,-0.34291503306764,0.731662381981232,0.898738351095923
FUT1,-1.77537271542567,0.0758363660660493,0.323355014536462
CHRNA9,1.09930231478221,0.271636223032109,0.59717232322358
CYP7B1,0.00284159145384576,0.997732741102085,0.999088774975208
INSM1,-0.36127184050181,0.717896242221858,0.893094193479268
CCDC13,-0.168489633205621,0.866198098588946,0.954207216258545
OR10AD1,0.614625617985089,0.538801992180838,0.799927352125469
ARV1,0.275597634865214,0.782857126445254,0.920435975561498
PDE8A,-2.15209567920012,0.0313898193959968,0.208941458684979
LRCH4,1.19164269340146,0.233401377127624,0.558653709666518
VPS41,-1.60071029615781,0.109441099632017,0.388233478409036
CTSF,0.457345173136385,0.647422965473924,0.861168039027672
EIF4EBP3,2.53212830650272,0.011337249756627,0.122459801341161
NBEA,-3.87359655432108,0.000107240890635643,0.0106642183822892
ARHGAP32,-0.715547772980276,0.474270632254878,0.763249868766811
TBX5,1.77905998103443,0.0752299287734225,0.321843228451002
GPRC6A,0.655731281779163,0.511997037828788,0.785652209595548
XXYLT1,1.61893992794663,0.105460188865513,0.381138060495227
ARL10,-1.00664666224341,0.314104602238424,0.638410219145155
METTL18,1.58858921649141,0.112153164335029,0.391980497073387
CPED1,1.52609133255822,0.126987120337569,0.414151757253855
SNED1,-1.89402032940639,0.0582223115214764,0.282891321178541
AGR3,0.775671201361479,0.437943148034349,0.736163958486335
CLTB,-0.145261165516422,0.884504674883372,0.961796641624449
VCPIP1,-0.524679251905171,0.599806183047801,0.837187498581056
TNKS,1.2045679486919,0.228370136143557,0.552616432572014
ZDHHC24,0.342940756163211,0.731643029935711,0.898738351095923
CASP2,-2.18590206752225,0.0288227709576985,0.19965311728775
GPD2,0.00799044275375094,0.993624616934575,0.997563419999537
PPP1R3B,2.23193438138894,0.0256193001340859,0.18630024040978
RFNG,-0.692556523127785,0.488587902652916,0.772107453029701
MEPCE,0.0418056297771129,0.966653647025217,0.989407963793416
SUGT1,1.35624904927414,0.175019940623122,0.486186498296518
SPSB4,-1.77475324175712,0.075938639974244,0.323593897624102
SLC5A6,0.659382532347993,0.509650156108319,0.784362513634864
ZNHIT2,0.577205985726372,0.563800313995648,0.817224301794899
DCAKD,-0.0435216569686437,0.965285701115869,0.988646273814426
SULT1B1,3.1542179552293,0.0016092884859701,0.0434877154303312
MRPL48,0.193291427328897,0.846730739733982,0.946817349327981
RAB6A,-0.782723207936131,0.433789670729002,0.733653333926042
ADCY4,3.27576993311621,0.00105374362477734,0.0355836050291999
CFAP70,0.142714906073346,0.886515343883865,0.962524429567524
TRAM1L1,-0.275465915074065,0.782958309028437,0.920435975561498
ELMO1,-0.690069369603274,0.49015056439406,0.772770207009368
HAP1,0.130778818255243,0.895950279650508,0.967070343407737
CD164,1.29897669038909,0.193951928753937,0.512431428389986
REP15,0.190477178093842,0.84893522504174,0.948273107484085
MIS18BP1,3.53374389201247,0.00040971788067244,0.0210543301360685
ADAM17,-0.361317842920462,0.717861856698594,0.893094193479268
ZBTB21,0.706179945361993,0.480076240275111,0.767563205624312
CD34,1.48923097744484,0.136426556180787,0.426605639217009
UGT8,-1.50977641278759,0.131100485641805,0.420074953162534
POMZP3,2.45006332211821,0.0142831093788121,0.138631688575549
DTD2,-0.162938632550938,0.870566752890092,0.956484545353182
IQCB1,-1.01008209145954,0.312455961474493,0.636256115520108
MYO1H,-1.91223219526234,0.0558464183319668,0.277245136847088
TBC1D16,-3.01302878908789,0.00258654379001805,0.0567636463456124
SLCO2A1,0.864221546018382,0.387466198310231,0.698491357154003
HDLBP,-1.49840894199576,0.134027034573547,0.423643565406127
CBX2,0.1013680697355,0.919258282542279,0.973316967106375
SLCO4C1,-2.39827062814807,0.0164726897159622,0.149287657115523
CDC20,0.113190151323256,0.909879803593047,0.971162468097235
DPY19L1,3.36879991991543,0.0007549621037106,0.0297018949976823
SFT2D3,-2.36102009832038,0.0182247428783354,0.157717489223138
MRPL11,0.481843689950566,0.629916990195076,0.853920255421258
NPAS4,-1.19705895298593,0.231283577394791,0.556485462696663
MOBP,2.29677962420297,0.0216313444926702,0.171815508651976
PCP2,-1.6559875419804,0.0977243417375449,0.368049669660863
BOD1,-0.695649580175153,0.486648308299215,0.771286112946977
GPR151,-1.45163261289848,0.146603785594234,0.442020230784401
PCSK1,-0.184571644159341,0.853565028461401,0.950008289901106
RPL38,-0.344048783194173,0.730809599250997,0.898672036723105
KMT2E,1.53024564135129,0.125955937835167,0.413032530117382
SLC19A1,0.976198254934204,0.328966227852732,0.651143434761867
HEG1,1.02274844013792,0.306426801829172,0.631515833547241
DENND6A,-0.333508910555588,0.738750164444355,0.902176000795895
PPP2R1B,-2.18769654638392,0.0286917138085161,0.199341615568897
ACOT1,0.28391816393025,0.776473096251654,0.917670610072407
TNS3,-2.28291756449699,0.0224352246490445,0.174223100049197
HOXB9,-1.19301097807122,0.232865073641064,0.558098980405235
PDE12,1.35854224838045,0.174291686199921,0.484869579989474
B4GAT1,0.403948223109022,0.686250794067266,0.878436256325822
KRT17,-2.05304651347464,0.0400680665992465,0.235825450801448
CD84,1.4617244593364,0.143816731817528,0.437737733901696
INTS6,0.0464083295976996,0.962984797608841,0.98797522529538
GPR162,-1.12546286774228,0.260392943610482,0.586046823518788
MAP9,0.429089114563308,0.667858373724004,0.870545346022761
ABCC12,-0.576933025873134,0.563984699512249,0.817258627681143
TTC9B,-0.0963758465246661,0.92322207449456,0.974505509604215
RIN1,-0.182588998956132,0.855120516793362,0.950203242873858
ZNF624,0.6921101616106,0.488868150706006,0.772142201261677
HERPUD2,0.426348836886408,0.669853676662764,0.871261293935704
LSM1,0.474049303691509,0.635464749023689,0.857376616741628
OR52W1,1.77879443293217,0.0752734702361495,0.321843228451002
RFESD,0.46633238479698,0.640977601483811,0.859064569313496
WFIKKN2,-0.0794407942773311,0.936682022010685,0.977521376551824
ZBTB4,3.7984414249729,0.000145608830085572,0.0126212488067221
RNF26,1.37496492754041,0.169142318287688,0.476333316653417
ZMAT3,1.00557311233655,0.314620963273597,0.638978974276624
CNIH2,-1.24775893380988,0.212119351764187,0.535635234887944
PLAC8L1,-0.924566063252082,0.355191672664217,0.672433688854127
COQ2,1.56345522995458,0.117945558198287,0.40034971322575
RAB1B,0.00930954508235138,0.992572165002991,0.997062606750959
HMGA1,0.283476283246047,0.776811759580256,0.917926671717342
METTL2A,-0.245841578374194,0.805804869667603,0.929825260676463
ADGRF3,2.15301699489194,0.0313173429133463,0.208726484902315
RPL13,0.567947117881412,0.570070876541399,0.821504164105577
RPL21,-0.463259377021906,0.643178460061243,0.859677013279956
FGFBP3,-0.294319826300526,0.768513524040558,0.91476044045812
EDN3,-0.357551680832131,0.720678843850341,0.893421291011103
MLC1,-1.97109337866603,0.0487131959635067,0.260677515144431
SH3PXD2B,1.47031560160803,0.141476297493445,0.433987378136119
LSP1,-1.36134697896897,0.173404063277301,0.483706122232749
ANKS4B,-0.812212233515193,0.416669861053672,0.719995431395212
FBXO45,1.57383630635104,0.115525298120637,0.396222927896193
FBXO31,-0.883382209158274,0.377029799807767,0.690227696530844
THAP6,0.352023487790684,0.724820647784412,0.895055763163688
UBQLN3,-1.42929166319118,0.152920421165032,0.451773474985676
ADPGK,0.779035818509576,0.435958615469106,0.735016975050836
UQCRH,2.58449752989444,0.00975210030585257,0.112894277834468
ZNF408,0.820725801553308,0.41180247064607,0.715654148890548
PDP2,1.96652441132713,0.0492380653320058,0.262059715035097
PPP1R8,-1.04308208219167,0.296910278459034,0.622912076565168
OXSR1,-0.159473230186125,0.873296047612363,0.957910811399785
SNX31,3.17887907056113,0.00147845758719617,0.0420644291004341
AQP1,0.10634892509456,0.915305515043474,0.972111996832641
COMMD1,0.523670327867378,0.600507856932441,0.837620614968046
MMP14,-0.782060364621489,0.434179098660932,0.733699336314736
SLC22A13,3.74028031700803,0.000183815141978214,0.014276218969325
PRG2,0.251368795371935,0.801528991001868,0.928598549548607
ISCU,-1.26489797913805,0.205907901883482,0.527761097664351
ERCC4,-0.274023559160408,0.784066516766296,0.920944796311174
F2,-0.0669970563518563,0.946584046627766,0.980725378408606
C12orf66,1.81974823275984,0.0687973544406497,0.308474776799029
TWNK,2.17322958082088,0.029763042466653,0.203225191791268
ZNF507,1.95065562502396,0.0510980254184536,0.267440074426941
TRIB1,0.272664010839205,0.785111501933777,0.921063539094716
MOS,0.280148612614646,0.77936348979287,0.918389784617283
NIPAL4,0.460095082121071,0.64544797389308,0.86037936707424
ABRA,1.61419660514412,0.106484788138385,0.383558206874463
ARHGAP1,0.0491341336560307,0.960812401523757,0.986933347040467
GLS2,0.214471748558969,0.830179195770388,0.93955973915949
GAL3ST3,-0.984669538547788,0.324786420055455,0.648232931253719
ADGRE1,2.6430259799025,0.00821687301915764,0.104014924822406
MED16,2.3670014282762,0.0179328636060355,0.156108370671444
CPT1B,-0.301352287655861,0.763145873069299,0.912683298402913
CST6,0.0783560124454846,0.937544862886117,0.9776702834624
CMKLR1,-0.892321955844012,0.37222038922814,0.686801808279617
KRT25,0.775865528294967,0.437828388109803,0.736163958486335
TMEM70,1.80443339159056,0.0711633923265563,0.312852570171183
MSL3,-0.0652259410173743,0.947994107157991,0.981416394131946
EIF1AD,-1.69006573418966,0.0910153794976504,0.355058552654011
HP1BP3,0.216287052855503,0.828764000554339,0.938991221433018
NAGPA,0.178488096286936,0.858339668882669,0.950730386607362
C9orf131,2.47675968738903,0.0132581136460678,0.132444938433287
FOLR1,0.316215002387617,0.751839321293299,0.906813203269147
OR5J2,2.4279117162064,0.0151860393832405,0.142448213173001
FNDC9,-1.50061684512821,0.133454691851002,0.422906568956578
KCNK10,-1.81330251530245,0.0697851755722576,0.310309814175718
SPEG,-1.19689714440574,0.231346647346572,0.556485462696663
AMZ1,-1.11964113286135,0.262866719849443,0.589150761492924
RACGAP1,2.05031248253526,0.0403339472693289,0.236519047903616
SART1,-2.5603237733035,0.0104574685641482,0.117630192891241
PGA5,1.504455882329,0.13246402476281,0.421582708407153
POLD4,-0.528944304561166,0.596844086526455,0.836712129967351
DNAH7,-1.93496813580012,0.0529942059672742,0.271058089152271
CLCF1,-1.91458575523284,0.0555453531928998,0.276430650876178
FGF5,1.08727965899729,0.276913235327008,0.603291213899929
MRPL46,0.0292931311818376,0.976630805076035,0.992738537531509
HOXC5,-0.00437110700894282,0.996512372310055,0.998738436186077
RMI2,0.429869558077505,0.667290530854344,0.870545346022761
VWC2L,-0.823929075564185,0.40997985850221,0.714269572600929
NR1D2,0.7109007665414,0.477145730976159,0.766051421691023
B3GAT1,-0.749370105859285,0.453634163761845,0.747935729876487
BTN2A1,2.10599918154832,0.0352044234431673,0.221345422649456
CHMP2A,-1.30881868074725,0.190595777528782,0.50755386979104
FOSL1,-0.310555452873422,0.756138597099232,0.908686704835547
CCDC85B,0.683861693577494,0.494062505015964,0.775643943428513
PABPC5,0.681790369344115,0.495371514832717,0.776115840343594
RPS6KB2,0.120374443377198,0.904186535405399,0.969992984773755
FAM174A,1.59436916869728,0.110853373722063,0.390104718771369
HS3ST5,2.14302303725507,0.0321112485793556,0.211667843929555
TMEM168,-0.432850283738396,0.665123540141991,0.869556990386133
RNF152,-0.61751376617673,0.536895904071404,0.798894303847326
RNF166,-1.27593595346839,0.201978160297903,0.522564086236027
LSMEM1,-1.21228908816387,0.225401739365207,0.550194547552232
GJC3,2.44748585473414,0.0143856771845911,0.139123323519528
AGGF1,4.39509291686088,1.10725381459679e-05,0.00289475436787087
ZBTB11,2.58054388811684,0.00986448167129005,0.113803119864726
KCNRG,1.47490851279306,0.140237141364083,0.432477896569714
SIAH2,-0.43250239616736,0.665376311053778,0.869556990386133
PPP1CA,1.48025760972967,0.138804511306203,0.429770553029055
EXD2,1.17873735810236,0.238502774883249,0.564198989796057
BACE1,-0.879394807394681,0.379187246595849,0.691599648933512
SEC16A,-1.62517336070497,0.104125624934675,0.379213956733441
OGFOD3,1.00163524234884,0.316519793344763,0.640988172204556
FOXG1,0.364499206262001,0.715485266403727,0.892237319829052
RHBDF2,-1.58795187830128,0.112297221101382,0.392205485204114
SRSF7,-2.35552241015497,0.0184966813100919,0.158744861680105
VDAC2,-0.0543953439578267,0.956620188348141,0.984811472399811
UTS2R,-1.28562055934071,0.198575517986127,0.518144006928065
DVL3,2.4806225775182,0.0131153160949207,0.131993080274159
HOXD8,-0.109373103793309,0.912906565811255,0.971793407832928
PFN4,0.579413656015103,0.562310091880751,0.815905852591092
FBXL13,0.877314765142638,0.380315694607725,0.692209605270092
PHF21B,0.280280142143713,0.779262584742422,0.918389784617283
TRIP10,0.863842113398678,0.387674629752966,0.698547875097672
DHRS4,4.16417949654897,3.12474223258946e-05,0.00533146808926764
OR4D11,0.79137470377372,0.428725366973967,0.73026581266089
BTF3L4,1.09122477171269,0.275173990346943,0.600955970026084
NEUROG2,-0.358729299634385,0.719797607375732,0.8934082912762
SERTAD2,1.39937141310385,0.161701634749979,0.465628317225512
OSBPL3,1.02452671603671,0.305586558703126,0.631072402437464
TAF7,-0.0723466586946118,0.942326033683132,0.979096452676569
MLXIPL,-0.692459448865867,0.488648843353159,0.772107453029701
ASTN2,-0.35985039947836,0.718959011019441,0.893367074097738
CDK5R1,1.0215405267304,0.306998418534385,0.631970709426447
CD6,-0.112249270639196,0.910625763667224,0.97125497409081
RPA2,1.10503643724458,0.269143800855467,0.594596138485248
NDUFS8,0.161860320858483,0.871415850079072,0.95689855117754
PITPNA,0.131161973575665,0.895647176717001,0.967008748445074
TUFM,1.07777758174072,0.281133026409288,0.607824635813026
DNAJC25,-0.80416948107042,0.421299101712822,0.723393764794823
POC1B,0.784031058493861,0.433021886281537,0.733039347753257
ING5,-0.599520225452298,0.548826026880272,0.807763552271008
AQP11,0.889675959549308,0.373639906240012,0.687620242301003
NFKBIB,2.11650712097746,0.0343017002132554,0.218910761898026
GNAI2,-0.534567939928542,0.592948657844687,0.834514612746768
MRPS23,2.92348607441018,0.00346135707654714,0.0667918295878006
EPSTI1,1.48115733878017,0.13856465139768,0.429362346493022
LAMA3,-0.0503421275927144,0.959849753346157,0.986444626679423
DSCC1,1.59846526688537,0.109939469385465,0.388889255898862
COL26A1,1.61480214354552,0.106353548816778,0.383255818757484
PNMA8A,-0.924671353249177,0.355136884883486,0.672433688854127
ACAD10,1.1965041628174,0.23149987506716,0.556485462696663
EBF1,-0.562942536662412,0.573474013863099,0.822896626301963
ZDHHC7,-0.207871572320535,0.835329246317411,0.942545480097472
OSBPL2,-2.8190036647713,0.00481729681187524,0.0783439059145217
NOS2,0.577256370947689,0.563766281744612,0.817224301794899
FAM20C,-2.31872570504797,0.0204099138304276,0.166830203367323
FUZ,3.55387232954644,0.000379603443574172,0.02030690500625
RCAN1,-0.905992249509713,0.364939954750412,0.679762100141856
FBXO34,2.23070044034308,0.0257009784564291,0.186726651636154
GPR89A,-0.741911476059884,0.458140972237324,0.75086016370018
DRC3,-2.00094986134511,0.0453977934111926,0.251956925078965
STX4,-2.58758174137411,0.00966522605256524,0.112626634856959
AKAP17A,-0.648105422111077,0.51691676730644,0.788761806109332
HNRNPD,-0.466766748631779,0.640666768137677,0.858938597580116
UCP3,0.0446715683891351,0.964369096205265,0.98851948905275
DDX54,1.2610043698945,0.207307272732694,0.529643796640451
CHAF1B,-0.765957259077177,0.443701734074013,0.740369770408169
RELL1,-0.918900916681283,0.358147400420476,0.674162259135466
ZNF541,-0.948763102424493,0.342741111917676,0.663328109177693
STAT2,1.3225434842565,0.185987239388766,0.501108238572558
SLC35C1,-0.720839940514591,0.471007998471633,0.761704943352958
RPL27A,-2.6529745525827,0.00797858857457777,0.10245151084919
CCT6B,-0.514630131474266,0.606811505342549,0.841825205306664
GPR89B,-0.834179467657524,0.404179859510391,0.709974936232051
PRKDC,0.593739070250667,0.552686646935838,0.810284741589028
SLC2A2,-0.684599553774585,0.493596648708301,0.775412684523439
TNS2,2.15520818400084,0.0311455467805907,0.208304153347148
RNF4,-1.75183732165088,0.0798017846768094,0.330989541409008
H2BC4,-1.94242955636842,0.0520851201135923,0.269777548697662
AGTRAP,-0.653887885330975,0.513184039515866,0.786219290785697
KDM3B,2.14929878963668,0.0316107224068958,0.209475960545124
DPM2,1.70678345319421,0.0878623090647477,0.348603985639276
ZHX2,-0.352678234734518,0.724329678345809,0.895025168312958
NEPRO,3.90862392551565,9.28233291296411e-05,0.00970692478620872
FUT7,-0.684287546304346,0.493793609422629,0.775643943428513
UTP4,2.35465642509254,0.0185398386871664,0.158917104854722
ZMYM3,1.51140185643196,0.130686096664636,0.419813783617607
SAMD4B,-0.230676262400717,0.817566316074017,0.934703027098712
TLCD5,1.41025791447313,0.158463540539434,0.460162083442077
BORCS5,0.661270082373217,0.508439124151804,0.783914178957158
CDPF1,-0.487413345252302,0.625965438145881,0.851673663327153
HCLS1,1.02686473552476,0.304484161596529,0.63007580433016
EXOC3L1,4.01593276709747,5.921113544856e-05,0.00806515373517403
ZMYM4,2.15411466034179,0.0312311811215994,0.208567858188007
SUPT6H,-1.77952178282403,0.0751542569091313,0.321672920580964
NSUN3,1.0962502319632,0.272969282434064,0.5987139899982
BVES,-0.395414270600139,0.692537178967642,0.881109508154357
PFAS,1.1897326082864,0.234151504673192,0.559255306819047
SNX14,-0.447472916708251,0.654533638424385,0.864131874092215
SAMD12,-1.5278652385971,0.126546000457488,0.413548955464323
EPN2,-2.9712287581873,0.00296610753959472,0.0607808307323524
ARHGAP33,-1.21803050786121,0.223212379617574,0.548359957012757
LINS1,0.739901353062281,0.459359853361833,0.751820302410955
NEUROG1,1.09024421192546,0.275605582654084,0.601366977801533
SKA3,2.71245864732462,0.00667861138431689,0.0936449930176406
WDR75,-0.219989716787512,0.825879163355821,0.937197089682016
PINX1,1.77760536224252,0.0754686924923277,0.322453473645487
COPG1,-0.982111326194536,0.326045006198443,0.648608677647344
SH2D3C,1.81285464912032,0.0698542425123805,0.310339760003214
IMP3,-0.2600355788324,0.794836329395518,0.926219916762656
TLN1,-1.84596208886027,0.0648977102878183,0.300447540589473
LPCAT4,0.344190789423576,0.73070280860284,0.898672036723105
HNRNPA0,0.460075389530662,0.645462108297835,0.86037936707424
CENPBD1,-0.210965016601699,0.832914569683031,0.940881752037929
DBF4B,1.91021834506717,0.0561051060901971,0.277572354669655
GPR88,-1.3263563645279,0.184721685119979,0.49976806298142
TNIP1,1.12355543904444,0.261201669191586,0.586970450010594
TRIM41,-1.69329758206812,0.0903988381476076,0.353845633309484
RHOT2,0.605765751088613,0.544670315451945,0.804797384596164
STX19,-0.86539042590274,0.386824534092351,0.697911717843156
EDC3,1.11403639733574,0.265263572371321,0.591517122791588
PRSS50,0.260183009699557,0.794722609360729,0.926219916762656
FAM71F1,-0.618907818046586,0.535977087868438,0.798350727555552
SERTM1,-1.57578068941632,0.115076354194587,0.39552006470315
RNASEH1,1.19345475621474,0.232691321279862,0.558098980405235
CALML3,0.439179768668107,0.660531283221544,0.867459098035565
RFFL,1.51446686788861,0.129907470884082,0.418622305280335
CHDH,4.37129870219279,1.23509687419085e-05,0.00303837889798994
SPAST,-0.865639503102618,0.386687885384299,0.697898222268578
IFT22,1.0633663414049,0.287615850489649,0.613791842514178
FZD2,-0.681522684010588,0.4955408183387,0.776115840343594
CLEC1A,0.180313364922964,0.856906563944372,0.950330266389413
ARSJ,-2.49945244114744,0.0124385393471687,0.128402998274601
PLEKHF2,-0.145589578442105,0.884245395518324,0.961796641624449
PLXDC1,1.31750645125891,0.187668920058977,0.503713450113589
OR11H4,0.098195975480712,0.921776678122411,0.974150559709744
TNIP2,-1.41591975565494,0.156799000076076,0.458114218713716
OR2A4,-2.48537511892296,0.0129414984634045,0.131269554814345
GCSH,1.47664576073679,0.139770618414028,0.431367470272844
ZNF354C,1.89387762209527,0.0582412554416627,0.282898564415317
ODF3L2,0.883828069695859,0.376789031322086,0.690098690248553
TUBB3,-0.375635399825354,0.707187969657275,0.887832840227308
AQP6,-1.02498112811436,0.3053720923651,0.631027058279693
CDC42,0.318222913670292,0.750315852887192,0.906691071387539
MRPL1,0.694003859034885,0.487679788826347,0.771802548045914
LDLRAD3,0.932091115618186,0.351289439069287,0.669258405956049
NCAPD2,3.09839681034378,0.00194570715509192,0.0482057267984497
PDS5B,-1.84329759745112,0.0652855717449094,0.301236549628471
RPUSD2,1.35283790485215,0.176107420390469,0.487619606612421
ELMOD3,2.50537040737479,0.0122323215281366,0.127702184295163
TSC22D3,0.104491305302167,0.916779467872964,0.97232731759163
DLGAP1,-1.49828131437439,0.13406017674066,0.423665705749533
DIPK2A,-0.403377327818935,0.686670663013915,0.878620003062747
CD200,-3.04715026542561,0.00231022189203483,0.0534948380685608
ARPC2,0.872364577257755,0.383009518525637,0.694625694459832
LSM10,-0.733421269826482,0.463301530327705,0.755577155333437
ITGA11,-1.69222979293909,0.0906021680592581,0.354180731411812
MDH2,-0.295664749713326,0.767486119844874,0.914332944797625
HEPHL1,-0.514935592692831,0.60659802798501,0.841738501464689
SNAP47,2.60573673000339,0.00916768972431969,0.109829329446783
TCIM,-0.331885881370848,0.739975431765394,0.902667494328241
METAP1D,3.62151408567465,0.000292883855396011,0.0181890973644212
TFE3,0.786319464171248,0.431680352151145,0.731761851915698
ING3,-0.44118302460242,0.659080501534645,0.866852148238872
ROCK2,-1.60719931497526,0.10801065227426,0.38588156550881
SLC41A3,1.08101910796792,0.2796886139983,0.606547668188633
OR4K5,1.52613406369046,0.126976480274508,0.414151757253855
YOD1,-3.27234697059952,0.0010665859414382,0.0357196105883715
LYSMD3,2.48761706496858,0.0128602121331243,0.130854474868683
TRIM55,-0.868040967878921,0.385371905607869,0.696842170682502
OS9,0.882912619063026,0.377283485011806,0.690380222234858
PPP2R2A,0.328510732572372,0.742525530748401,0.90378273404226
KCND3,-1.03183507736237,0.302149383829989,0.627660026400381
SMCO3,0.383776284470003,0.701144266838319,0.886046353804356
EXOSC4,0.289178018662974,0.772445152163526,0.915997366890178
ZFP91,2.18677930982943,0.0287586385888781,0.199464601149818
TDRD6,-1.01088777440404,0.312070146063939,0.636046783640974
RPS4X,-0.131085590179328,0.895707600166791,0.967008748445074
SCAMP4,0.2791834870371,0.780104015454012,0.918679597972543
LCN15,-0.255715132745506,0.798170809343375,0.92740874104555
NDUFAF4,2.10603687325006,0.0352011495081237,0.221345422649456
LARP4B,1.60317852870404,0.108895244453461,0.387845092802932
CYP8B1,2.13984312766789,0.0323674465269429,0.212320494032868
CSH1,1.62530076112163,0.104098489351197,0.379213956733441
AURKB,1.66728813192585,0.0954571253930745,0.363037199787974
PDIA5,1.25187835302809,0.210614193711607,0.533330021226594
KCNG2,-1.40446208218756,0.160181295229519,0.463060213015029
PRKAG1,2.05335575126909,0.0400380874607169,0.235820261501003
CLK4,-1.7444500096891,0.0810806511443075,0.333221510765744
MCM9,2.60042028239877,0.00931096491779108,0.110798724724956
UNCX,-1.38476268659739,0.166125043933547,0.471728219600849
LNX2,-0.6329846039483,0.526743697081258,0.794083759857711
SLC12A4,-1.84763548183051,0.064655093155212,0.299855337611683
CCNG2,2.11617233941118,0.0343301528266339,0.218910761898026
OR2AE1,-1.19126575108218,0.233549274594821,0.5587601759273
C11orf42,-0.00659388835263754,0.994738876412851,0.998063908868827
ICOS,-1.46211425116635,0.143709904104176,0.437527016458413
CCDC89,0.384964647643132,0.700263607897093,0.885505047722064
SIGLECL1,-0.566145811358714,0.571294663305598,0.822175725571826
CLU,-1.69285146617843,0.0904837434674385,0.353946429690963
USF3,3.58399594382768,0.000338377341350107,0.0192126530422228
PDCD6-AHRR,2.06286189555154,0.0391257513162656,0.233217009758984
UGDH,1.09247656230865,0.274623686814909,0.60032034249263
TMEM107,0.574086728070127,0.565909113973879,0.818636397001571
LRRC31,1.46993822111272,0.141578486697464,0.434137683716449
CALR,-0.999127536744393,0.317732913181254,0.641556512318385
TTC9C,-0.285784474379065,0.775043200076484,0.917382012491344
ABHD1,-0.691653233148687,0.48915512290441,0.772142201261677
AACS,-1.7299428158794,0.0836404925475989,0.338272101530335
SLC9A9,-1.43344840389173,0.15172973399089,0.450004377587638
CCDC184,-0.0881329901382688,0.929770976050896,0.975549863482734
PANK2,0.598883122302036,0.549250827057583,0.807877191994225
STK25,0.117858433767414,0.906179828679855,0.970403934304313
HNRNPH2,0.323108931069693,0.746612746720626,0.905130054127545
MBLAC2,-0.143920037918139,0.885563612444106,0.962006607741205
FBN1,-1.8933967917577,0.058305121765941,0.28311232234707
DEF6,0.848366569771182,0.396233854401733,0.704768412816602
IL20RA,0.444578386135324,0.656624470008019,0.865514030605837
SHMT1,-0.244768021615658,0.806636055893339,0.93019093838753
GPM6B,-2.18679226488473,0.0287576924077968,0.199464601149818
BIN1,-3.37481753280022,0.000738646479688283,0.0293487442286112
CCZ1B,-0.799258916005829,0.424140295978779,0.726348659008983
EFCAB11,0.559421887674055,0.575873827061259,0.824599762307784
PUS10,2.35121354372697,0.0187122914522569,0.159443762011482
RHOJ,-0.0487732347399649,0.961100012364387,0.98710366876279
APBA3,2.39960744440351,0.0164126623301255,0.14912154916424
AP3S1,0.970723712880741,0.331685880223723,0.654050660893714
OXTR,0.0226957077334179,0.981892999687694,0.99465681094543
CABP1,-1.58701823620034,0.112508514456031,0.392580188759256
GRB2,0.185407104930909,0.85290973610624,0.949924939531099
ALX1,1.83111761731322,0.0670829895193101,0.305132356048752
PNMA1,-0.538647555099978,0.590130067507708,0.83264434751327
LLGL1,-1.98874865350265,0.0467289528201804,0.255576777413617
RAD23A,1.0833712322769,0.278643679319869,0.605190325351166
TRIM25,0.10776494065803,0.914182154185896,0.972111996832641
TRIT1,0.174486191831373,0.861483381634696,0.951535545684279
SLC7A8,-1.35444484377205,0.175594498995103,0.486864733871301
MAP11,0.587094313484206,0.557140366487906,0.813355687688235
GADD45GIP1,2.34808296153121,0.0188703177260763,0.159889691595385
LYPLA1,-0.953849917975804,0.340159617370443,0.661188060673644
PLAG1,1.24348000185379,0.213691005774086,0.538094999625938
RBM44,-2.12174469300172,0.0338591833166313,0.217541176977363
FOXR1,-0.380807296090789,0.703346244974156,0.88662895546602
ZBED2,1.3343864073606,0.182077252410905,0.496682966059973
NSD3,4.27001837585766,1.95456862978156e-05,0.0041686319631749
OR52N2,0.90561272209948,0.365140872656276,0.679904469257389
MVB12A,1.51570649705563,0.129593584069561,0.418026349091248
SGF29,0.80218459324811,0.422446187138013,0.72451912467676
DAND5,2.47058903739136,0.013489073476872,0.133568548677719
DNAJA2,-1.93510191041725,0.0529777911437294,0.271058089152271
PARL,2.07013412867124,0.0384397856828939,0.230766846716307
LRCH2,0.251194973055974,0.801663370914634,0.928598549548607
MSRA,1.38803769712809,0.165125566399002,0.470172856423885
HOXA3,1.22421614556493,0.220870700025571,0.546160367510656
TOLLIP,-1.89150747396744,0.0585566342380138,0.28343709476465
EGR3,-1.29816455647817,0.194230794669153,0.512492503647638
PVRIG,1.82805545098309,0.0675412299558646,0.305794372420509
PER1,0.420084885705702,0.674423443642507,0.873141341693402
SLC2A4,1.49260747834004,0.135539964649528,0.42576885407058
SPOCK2,-0.384904995401518,0.700307804722632,0.885505047722064
LRRN4CL,-0.851042548019733,0.394745717911379,0.703356418778228
PXMP2,1.02945904996657,0.303264013158369,0.628594167427623
MTG1,-1.32714800856809,0.184459726950762,0.49976806298142
PRSS8,0.818616214048589,0.413005413266724,0.716975981968548
MRPS24,0.117526306104896,0.906442999233913,0.970403934304313
SLURP2,-1.06555867685186,0.286623187593627,0.613559858386834
CERS5,2.47521921466971,0.0133154418021252,0.132736775012699
FRMD8,-0.432335496962,0.665497591505101,0.869556990386133
TTC39C,-0.0508344330634629,0.95945745271991,0.986334664598836
SIX5,2.68521571435798,0.00724830079093523,0.0975811524254727
S100Z,-0.125479933905174,0.900143609897297,0.968196502322227
MAB21L2,0.00961183060136031,0.992330986848858,0.997062606750959
PSMG2,0.346854764549627,0.728700431937307,0.897328110185181
TMEM11,-2.28484067155895,0.0223221718675368,0.174119385852216
CAPZA3,0.239946045611667,0.810372084109955,0.931781308884036
PROM2,1.26931752273279,0.204327839158511,0.525311493346925
CPNE1,1.03638322075279,0.300023395172633,0.625473452734196
FBXO46,1.8604037014096,0.0628284314083415,0.294811547989125
TUBB6,0.743190047599128,0.457366627982312,0.750569867695601
CDHR3,2.30750663424759,0.0210265928219018,0.169057561036809
SLC35C2,-0.807567039143081,0.419339867651017,0.721933462567842
RRH,-0.679954871969337,0.496533035774463,0.776488565062061
IL1RAP,0.335892529039679,0.736951911052826,0.901392508772657
HADHB,-0.0441866570683099,0.964755617783034,0.988603698368782
FJX1,0.391001430619831,0.695796178391876,0.88332812262402
TACC1,3.70587041920111,0.000210665991789902,0.0150666853020205
OR2D3,3.54209773537493,0.000396958365408764,0.0205703979040752
ATG4C,1.42113568689989,0.155277317029549,0.455793196619333
SLC25A5,-0.529072002911712,0.596755502223016,0.836693403322777
MAGEF1,-0.873353315924494,0.382470528360556,0.694151247810577
RECQL5,0.0882407616528991,0.929685320539967,0.975549863482734
TTC27,-0.470386510293979,0.638078900121531,0.857635240928338
L3MBTL4,0.261736395314785,0.793524678977391,0.925807350575435
CA8,-1.78168304100331,0.0748009339925443,0.321008297348465
CC2D1A,1.95950869150674,0.0500532430167698,0.264271340735773
LASP1,2.12633875258372,0.0334750635224366,0.216201957921127
GANC,0.630528155782135,0.52834908738392,0.794951300232614
RNF168,3.79156218686766,0.000149702651661726,0.0127043470198163
MICU3,-0.726316542047621,0.467644740741825,0.759144076382998
CRAT,0.232684008284614,0.816006787954784,0.933815365210433
MAMSTR,1.6888035557742,0.0912570822001529,0.355573568601509
GINS3,1.53362316101447,0.125122387013287,0.412133462934031
EDEM3,0.00844400661841596,0.99326273755048,0.997563419999537
GRHPR,3.16456093211838,0.00155317137017465,0.042670092778239
GREM2,-2.38413178711914,0.0171194704288956,0.152685167279667
OVCH1,2.6833374182722,0.00728914069012218,0.0979805284829584
MYO1D,-0.756648688465149,0.449260363476344,0.744135160642542
PKD2L1,0.223917527176926,0.822821477269912,0.936606045246158
C3orf22,2.40408014452132,0.0162132183542248,0.148139828807006
ALOXE3,1.08975643597974,0.275820448630643,0.601540494648482
SAMD9L,1.54023063545554,0.123504144844209,0.410122460150744
RORC,-0.799448859117268,0.424030189273689,0.726236827761752
PPFIBP1,1.04218370562882,0.297326516075234,0.623300240071753
BBS1,1.2742928108323,0.202559663397723,0.523316796941933
GLTP,-2.32842304676615,0.0198896510552925,0.164748455096143
HTR3C,1.63693313269111,0.101644442037919,0.374784977477848
ANKRD23,0.299893247376796,0.764258585225374,0.913020887965661
SLBP,-3.43436703145121,0.000593939388350659,0.0256041583664251
NDUFV2,-0.0973228822951302,0.922469984812035,0.974300164637596
BOK,-1.26728071626678,0.205054933201423,0.5264072556639
WASHC5,1.12481833404612,0.260666023686172,0.586307622819148
TMC8,1.45175102003007,0.146570847395608,0.442011061336356
SYCN,0.525536302220486,0.599210424082707,0.836788297058378
ZNF366,-0.0740604213947041,0.940962307888247,0.978574236401937
CD276,-0.488015616749608,0.625538779502202,0.851488291428888
SLCO3A1,-1.10375729054452,0.269698436243787,0.595127810633881
PEX7,0.112768908605709,0.910213768409263,0.971162468097235
MBIP,1.29200059319842,0.196356939161222,0.514841414892308
MET,0.021666377501448,0.982714084340394,0.994879402107381
CXCR2,-1.08671922766104,0.277160913814921,0.603565888982743
EML4,-0.186276575029278,0.852227876373686,0.94982799816368
SFTPC,1.29400988028065,0.195662008034829,0.513874763112914
MEOX1,2.58998098774397,0.00959812327130199,0.112086440997503
FKRP,0.905622182728214,0.365135863457359,0.679904469257389
SLC25A42,-1.22405759179538,0.220930502490945,0.546160367510656
A2M,4.90768348331201,9.21584244587879e-07,0.000749366876415265
PABPC1,-0.606500357487247,0.544182545035478,0.804437288871871
FIBIN,-0.340132199138935,0.733756974388459,0.899861299679393
MAP6D1,-0.616749614099188,0.537399890678521,0.799140184968646
CA5B,-1.92535042075164,0.0541855337247098,0.273186101444423
ORAI3,-0.636151284989652,0.524677821371575,0.792771334755805
B3GNT3,1.95858745367792,0.0501611200831096,0.264668488094767
AVL9,-1.04598205756179,0.295569316413687,0.621708155949839
SHOC1,2.01222138843052,0.0441966048290771,0.247883310614017
LRRC75B,0.216962366395399,0.8282376736118,0.938738861028855
PAQR4,0.218794340163792,0.826810255960787,0.937711127824545
SYT9,-0.130023222656301,0.896548053630082,0.967296171098669
C3orf38,-0.583977574142129,0.559235400070867,0.814476268769411
CYC1,0.374762481730764,0.707837119276547,0.888166269264093
SWAP70,-1.59344287476786,0.111060873880255,0.390516365777936
ALS2CL,0.37122173902208,0.710472382706231,0.889420906823489
INTS3,1.06719352047474,0.285884457881443,0.612868823938673
CTXN1,-1.0378208673242,0.299353459927151,0.62521999768211
GEMIN4,1.14548743720683,0.252007296537894,0.577622212142945
TALDO1,-1.71384244761372,0.0865576652584799,0.345484658009037
SLC25A20,0.38724032775656,0.698578297334574,0.884699081563833
NADSYN1,0.765512493787974,0.443966429650184,0.740431305504664
WFIKKN1,0.847358063593691,0.396795571794862,0.705340802809718
C14orf119,-0.412261857752364,0.680147502174053,0.875795270316113
MLXIP,-1.58780363200816,0.112330749935863,0.39223807102766
PSAPL1,-0.467604026700634,0.640067784808003,0.858621189332083
ZBTB34,0.125429522442962,0.900183517137929,0.968196502322227
KLHL11,1.00436051015671,0.315204877087734,0.639523826851306
DNAJB8,-0.21034117311505,0.833401402505064,0.941234903372672
TRO,0.486368537979353,0.626705893201874,0.852131237530354
TMEM39A,0.320939508603406,0.748256232826453,0.905710294869071
F2R,1.26350585939907,0.206407442198658,0.528419090270058
DIS3L,-0.25706739873461,0.797126744047578,0.927140312447417
SHISA3,1.38251674307475,0.166813093169012,0.472705144611278
LURAP1L,-0.204693026335377,0.8378119692279,0.943105348574864
TAC1,-0.724466405423566,0.468779444569269,0.759768624839844
DCTPP1,1.10751269413125,0.268072327041122,0.5936044192636
ZNF771,0.390466383756091,0.696191708330683,0.883509001851341
SERINC4,1.21696379965869,0.223617989472743,0.548621795832477
LRRN1,-1.65283464432025,0.0983645211924692,0.36913947447923
P3H2,2.67506367468419,0.00747150581194903,0.0990234159492083
CHST13,0.292120826935185,0.770194243255915,0.915129560611091
ETV4,1.99037813916404,0.046549296189909,0.255460841982362
STK17A,0.452504395848175,0.650905655174944,0.862745299371226
ELL3,3.0053714408971,0.00265256702167215,0.0571262169315859
IL17RA,-1.36928054707875,0.170911596327415,0.4791259192098
ZDHHC22,-0.106451353282981,0.915224250475411,0.972111996832641
UBE2O,-0.439748803301463,0.660119051547697,0.867439781640585
WDTC1,-0.908652265466734,0.363533708560699,0.67831447934389
KARS1,-0.875755204519911,0.381163127152188,0.693331065874741
SHISA2,-1.86548960866886,0.0621128073995886,0.292670492773236
CCDC93,-0.970488649675727,0.331802979829394,0.654118845644615
PCK1,-0.779489100808883,0.435691655488407,0.734831221468685
RUFY1,0.138219541829845,0.890066911184278,0.964197549649157
OSBPL1A,-0.176421320251371,0.859962956215001,0.951152477467686
SCD5,2.64293871524541,0.00821899102782828,0.104014924822406
NT5DC1,0.927604155321346,0.353612941462764,0.671082094388239
FARP1,1.81325327370699,0.069792766539265,0.310309814175718
ANKDD1A,1.74191091591641,0.0815240335633186,0.334114553736493
HTR1F,-0.326934368414935,0.743717525956989,0.904684231012145
PKM,-1.10419338337469,0.269509259257795,0.594903903936165
TMCO5A,-0.0718212629707773,0.942744151112909,0.979292999980283
PRR15,2.18938228212109,0.028569066343879,0.198891673420833
RBBP6,-0.286663602567647,0.774369909338499,0.916856235242347
FUBP3,2.00361246952308,0.0451115890678453,0.250845196295267
OR4C3,1.21705154026206,0.223584606713192,0.548621795832477
GATD1,-1.96577096792375,0.0493250728257587,0.262261668727783
MACIR,0.938156480434652,0.348163999649014,0.667128480086683
RABGGTB,-0.554295562338724,0.579376586839059,0.825800422229539
C2orf69,0.0821720569474787,0.934509893606753,0.977067075112679
HROB,2.78548365752999,0.00534479341285919,0.0833016888740717
IFT88,1.86377230544092,0.0623536864874209,0.293325797815267
OR4S1,-0.0971096597977284,0.922639309711785,0.974300164637596
CNGB3,-2.91591367144297,0.00354648615547762,0.0676501944118485
ARL4D,0.112121527860272,0.91072704828659,0.97125497409081
OR4X1,1.6937240137981,0.0903177390743509,0.353638999922337
OR2G2,0.766216523779784,0.44354747806148,0.740345396865171
CLIP4,0.0185927909328523,0.985165953845569,0.995023322998978
METRNL,-0.240007111427176,0.810324743594452,0.931781308884036
PRTFDC1,-1.72447773609055,0.0846216347907579,0.340778156105191
ZNF48,1.75997278850911,0.0784124204678152,0.328081291523701
FGF8,-0.342879788075492,0.731688897834289,0.898738351095923
PITPNM2,-0.620322080762654,0.53504576046985,0.798350727555552
ATRIP,1.23264924980157,0.217706653829038,0.542404523441772
RNPS1,-2.05308306213461,0.0400645223879266,0.235825450801448
FOXL1,2.74848791539255,0.00598708418738179,0.0879824547536459
KBTBD11,2.61950775109251,0.00880567715379331,0.107559322521353
ASPRV1,1.78464391168803,0.0743190939937814,0.320212172925359
RRS1,0.555369961122803,0.578641634662782,0.825800422229539
AGPAT4,-0.898880846960165,0.36871613084783,0.683968844691287
HYAL1,2.27431093784435,0.0229472979903406,0.175879649681702
PHF23,2.39007921563398,0.0168447391486535,0.151099267770074
PAGR1,-0.673966283637029,0.50033274954186,0.778375423488244
OLFML3,-2.24041114241551,0.0250642435757503,0.184331363030552
EZH2,-1.36379100455527,0.172633352234347,0.48253388625048
IQCK,-1.17114414399394,0.241540842452075,0.567499458066052
AMIGO3,0.691562596470603,0.48921205771046,0.772142201261677
SLC26A10,0.877694626459639,0.380109461394549,0.692209605270092
GLIPR1L2,-0.357765505785714,0.720518806613662,0.8934082912762
CIDEA,1.33853782723461,0.180721177908984,0.494732236569284
CCDC65,0.786689362389574,0.431463732743619,0.731489353314467
SLC16A8,-2.68248428236471,0.00730775856964318,0.0981370825644957
TMEM270,0.389226584843353,0.697108539121675,0.883665622164951
MBOAT4,4.48557795430134,7.27165536994097e-06,0.00250779280619943
KDF1,2.08313491727215,0.0372389274190998,0.227570750525863
POLE,-2.72762551352003,0.00637919835553424,0.0919932616947105
RAB39A,-0.568082134824272,0.569979197975334,0.821445080464319
PACS1,-0.916105643968874,0.359611487851678,0.675208768399455
CHORDC1,-1.62657190412074,0.103828050489499,0.378842139497297
PIANP,0.399287023483213,0.689681727547627,0.880087126689357
ZNF236,-2.98023820821873,0.00288024311099257,0.0598985074055061
ZNRF1,0.0335488208449082,0.973236934318213,0.99172394288764
NQO1,0.231919465815579,0.81660056514658,0.934100960058366
FAIM2,-2.54055631016922,0.0110676269999622,0.12178897898329
ITFG1,-0.0396670516681221,0.968358569952081,0.989987892361926
IL15,-1.17395147003884,0.240414464609251,0.566324379719713
RBMX,1.57271014703226,0.115785949210364,0.396286728687731
OR6S1,2.11072215500166,0.0347962005447713,0.220403131938334
GLS,-0.443869440445184,0.657136979950571,0.865960804994574
MUC20,4.76216492324138,1.91527050570458e-06,0.00116052284153175
PELI3,-0.0278277002032958,0.977799572946554,0.993303664946772
LRIG3,1.4858272051435,0.137324832234033,0.427810533477117
MAGOHB,0.377211100034093,0.706016731928506,0.887832840227308
ARL14,0.527490842651208,0.597852773961373,0.836788297058378
BLOC1S4,-1.74477246489093,0.0810244836223301,0.333162317360312
KIF1C,2.1949913824643,0.0281642159093403,0.197203825817153
NFATC2IP,1.15127864889605,0.249617618060793,0.574845730253087
DAB2,2.31072669580076,0.0208479557195443,0.168129431153856
AAR2,0.0468451993158502,0.96263660470949,0.987850034606325
SSR4,1.51570820201467,0.129593152762349,0.418026349091248
B3GNTL1,0.0404689186537808,0.967719286054608,0.989762866460067
SMCHD1,0.666512290283003,0.505083710624755,0.781192926098917
RNF144A,-0.67284513220043,0.50104582161495,0.778461413228429
CLPTM1L,-0.875416085894941,0.381347550424274,0.693588694437507
PCSK7,-1.54389761752146,0.122613137373838,0.408258467064041
CRTAP,1.22563642123933,0.220335525581097,0.546004973879223
SPTBN5,1.54484693249631,0.122383292071786,0.407835275738399
RCN2,-1.18990505355036,0.234083712001739,0.559255306819047
ZEB1,2.03283192872215,0.042069506177403,0.24223965386484
IRX5,0.245528078747665,0.806047569711789,0.929825260676463
PITPNB,-0.0892754842031179,0.92886297702988,0.975498759076853
GCFC2,1.97339160856204,0.0484509629293736,0.260561760117051
PRPF31,-1.07815876117114,0.280962912006335,0.607696544765193
ENPP4,1.03623763016813,0.300091295269853,0.625473452734196
TOP3A,-0.921441569307658,0.356819934189891,0.67329843134993
HCCS,-2.06096732599898,0.0393061573665537,0.233813309146927
DNAAF4,1.12738550778711,0.259579523670719,0.585460295017799
RPLP2,1.053257890888,0.292222812545026,0.618271773073622
HACL1,1.62773138604305,0.10358185495713,0.378652388045731
TMTC2,-1.2787112263339,0.200998764915404,0.521350567059663
OR6T1,-1.05704071886659,0.290493004303119,0.616623066287051
OR51V1,2.80121812812135,0.00509100944657458,0.080981523179124
NCBP2,-2.15944451972929,0.0308156971633979,0.207171976491712
D2HGDH,-0.0715359790535141,0.942971190750446,0.979345303959492
NUDC,0.272461844428328,0.785266925573089,0.921063539094716
SGPP2,-0.153290884821057,0.87816888858126,0.959309847352314
ATG16L2,0.980024232891296,0.327074156982309,0.64969206931002
DSCAML1,-1.92729479220457,0.0539429022503864,0.272641254311354
HIGD1A,-0.174855246672364,0.861193376402365,0.951535545684279
SENP3,0.0775750618549243,0.938166080343227,0.977679325361294
FTMT,0.409189769466768,0.682400401615208,0.876506935804997
ME2,-0.598925203311119,0.549222763773732,0.807877191994225
CYBRD1,3.07489875134163,0.00210574025367605,0.0505658426249408
YBX1,0.0181568259800636,0.985513744829782,0.995090779913159
SEPTIN1,0.842969549064257,0.399245474427953,0.707104366635075
RNF151,-2.1268634245186,0.0334314326154888,0.216201957921127
TCP1,0.188875353884047,0.850190510636528,0.948786984022358
GCC1,-0.476061131748083,0.634030826695231,0.856478567256083
AMER3,0.527580431570166,0.597790577795067,0.836788297058378
DUOX1,1.03596199571726,0.300219872890139,0.625483794302861
RAB8B,0.529330337175495,0.59657631413081,0.836596995368711
SFXN1,0.301743626829525,0.762847508032641,0.912668864117386
DNAJC4,0.772546084352651,0.439791063288667,0.737260662410384
SLC25A41,-1.50173972100392,0.133164341292935,0.422564762728502
OR52E2,0.152816278574789,0.878543160071495,0.959486316102602
FBXO39,-1.78098660281832,0.0749146393883067,0.321411167243267
PINK1,-0.190088514719964,0.849239769922109,0.948417213081677
PLD6,-0.983379659393598,0.325420617449792,0.648401080300391
FKBP10,-0.00156351824709366,0.998752493438384,0.999307355934739
TTLL11,-0.566325416266597,0.571172585725692,0.822175725571826
CATSPER2,2.72323286545156,0.00646464731314634,0.0924505902886518
IP6K1,-2.03604864917437,0.0417454703842305,0.241402900270422
GLDC,0.173529009188029,0.862235627719577,0.951912629749322
PHYHIP,-0.682439781650865,0.494960908075948,0.776115840343594
CASKIN2,1.00825732099696,0.313330946161906,0.637397252301497
GJD4,2.28267395289702,0.0224495811888421,0.174223100049197
GPR137C,1.89250089379834,0.0584242746722075,0.283170285576947
STXBP5,-1.19495960581076,0.232102812686956,0.557372611405534
B3GNT8,2.76389393753328,0.00571161013774684,0.0857806658521469
STAB1,2.87957449128916,0.00398212213362504,0.0710079402243435
C14orf39,1.53102029165266,0.125764377706846,0.412738367736437
PHETA2,0.0406391077379935,0.967583606429202,0.989749001426917
MAT2B,-0.76090949983048,0.446711123992478,0.742429129697136
TPPP2,0.812161115890578,0.416699188223733,0.719995431395212
SPACA4,-1.44389218183665,0.148769306168686,0.445483407295072
CA13,0.625262314857958,0.531798909215683,0.797698363823525
SPAG5,3.63219793172702,0.000281017437769,0.0180039986118487
P2RY11,1.68945636870573,0.0911320064845979,0.355342480901816
ULK1,-0.868287204314855,0.385237125259725,0.696676175759777
BHLHE22,0.658374588540287,0.510297459979117,0.784391799791513
TMEM108,-3.26391799846219,0.00109882963421095,0.0360067352436856
BPTF,2.4452587046868,0.014474827069519,0.139145658004837
VARS2,1.79929118760372,0.0719726313469696,0.314650822408153
GLYR1,-0.947646498062349,0.343309446335936,0.663631234207351
ABRAXAS1,2.77379535785572,0.0055406519465969,0.0849461483524298
ATAD5,3.5871569210475,0.000334303155592835,0.0190799994683249
COQ7,0.156212618281067,0.875865430888531,0.958991000356133
CD151,-0.142246313152372,0.886885451084654,0.962770607102217
TM6SF1,-2.54483606139126,0.0109329053183152,0.120926117831899
ROGDI,-1.08822592356693,0.276495383124036,0.602625726078716
EHD3,-0.946472117530716,0.343907837137979,0.664093654058792
PPP2R1A,-1.27004488167696,0.204068643407327,0.525311493346925
NIPSNAP2,-0.0658018164798294,0.947535610030921,0.981246964294523
TRIM72,-2.50148198440528,0.0123674734583455,0.128092253857075
TSPYL5,-1.90668954452524,0.0565608017121497,0.278507531856518
FAM133A,0.345698865700414,0.729569036807245,0.897774123130382
NPEPPS,-0.0507977512708081,0.959486682791511,0.986334664598836
RPP25,-1.84213317421529,0.0654556723323628,0.301583568173755
RPL10A,-1.15068417651155,0.249862188609323,0.575041348171023
SMC1A,-0.570789470676107,0.568142361205979,0.820183428285332
MYPOP,-0.912621379388166,0.361441706146341,0.676123325438667
GPR62,-2.53047490826455,0.0113908231920136,0.122517658566559
UBA6,-1.2293812767193,0.218928886846281,0.544266614553891
SSNA1,0.129572765173472,0.896904451804851,0.967324789360891
WDR33,-2.51663017883127,0.0118483121246924,0.125358545188733
RPRML,0.147589834167169,0.882666478393318,0.961566029187264
ZADH2,-0.882215062838301,0.377660517852998,0.690681347826561
PNKP,3.10675775711272,0.00189151328408176,0.0470960657783122
EEA1,1.1774328191261,0.239022797039736,0.564813004430479
SERTAD3,1.68419447226505,0.0921440912002643,0.357130516246042
ZBTB7A,1.30132628685033,0.193146793135567,0.511220831145395
PRMT9,1.42574546840973,0.153941826746091,0.45312044371352
KCTD2,0.488630755236869,0.6251031351113,0.85132510423187
FAM124A,1.19729327536308,0.231192264576841,0.556485462696663
COL12A1,-3.55273987458108,0.000381241253981025,0.020327432519008
INPP1,0.491841391270865,0.622831473215633,0.849924026218673
SF3B2,-1.1369324278272,0.25556653468412,0.581709320899983
DDX10,1.9664527262745,0.0492463379602015,0.262059715035097
WNT11,0.939305102608957,0.347574119555389,0.66699608515469
PLEKHD1,-0.145607018466006,0.884231627106033,0.961796641624449
MMP19,1.90944961057448,0.05620411614889,0.277572354669655
MFAP3,1.36044066200815,0.173690518368016,0.483936521819651
SH2B1,0.359027049646016,0.719574853799905,0.8934082912762
RUVBL1,-0.0542326144546634,0.956749836333738,0.984869206914216
SUZ12,1.68547834567784,0.0918963192414212,0.357119980480507
EPM2AIP1,-1.26975515100656,0.204171860802056,0.525311493346925
NCL,-1.06363322813939,0.287494883571484,0.613791842514178
ZNF660,1.27004452066338,0.204068771995836,0.525311493346925
ZYX,0.117649314197241,0.906345529165054,0.970403934304313
PLEC,-2.74428138923207,0.00606435309061862,0.0887959342780824
MYLPF,-2.77842519597821,0.00546230886321962,0.0844833629426782
E2F7,-0.2514241549017,0.801486194457061,0.928598549548607
KCNH5,-1.28863234627139,0.197525932606029,0.516486181902102
NAPG,-1.50773399254351,0.131622621864157,0.420802973924285
ZNF335,1.30348588788812,0.192408931181241,0.5102677299602
AMBN,0.631070502294697,0.527994427285188,0.794786559422884
ABITRAM,1.49085877572202,0.135998576574545,0.426188423605229
HIC1,-0.26908174653445,0.787866776728216,0.922926399074052
BANK1,3.27964117325793,0.00103939192955042,0.0352458238202567
UACA,1.28800475694598,0.197744307290835,0.516973786593088
FOXJ1,-1.712452164368,0.0868133728922968,0.346079183770595
RPS15A,0.0203587607158043,0.983757181207119,0.995023322998978
WDR45,0.177090949597979,0.859436950746577,0.951024954577503
RRP7A,2.33382657951123,0.0196048044451485,0.164139604985234
ZNRF2,1.97124632349594,0.0486957076890235,0.260669988748805
DYRK1B,-0.367884888337922,0.71295906864125,0.890731736057193
GPR4,-1.62438282224862,0.1042941308863,0.379213956733441
LRRC61,1.69794068641186,0.0895189571497436,0.352157706871504
TSPEAR,0.681465883468868,0.495576747069667,0.776115840343594
ATP11B,1.3372027280932,0.181156471661971,0.495338267403659
SLC35A4,0.811572895341271,0.417036749342468,0.72040427255051
GCAT,1.94861209759712,0.0513417663152181,0.268099786514171
TMEM102,1.41480855198137,0.157124635997687,0.458516750851558
PRR7,-0.0531665020641517,0.957599245330752,0.985193663444377
TYMS,-0.690952209688038,0.489595574372284,0.772440538944102
MOB4,1.09751121586586,0.272417980535208,0.598079784165676
CLDN22,-1.24434344304633,0.213373188607562,0.537461696059048
GH1,-1.07479070424494,0.282468443210723,0.609363270848337
RPL7A,-0.745595357827737,0.45591188799705,0.749899558885573
SLC17A8,-1.14886457340107,0.250611827656496,0.576030504039159
ANKZF1,1.83291936061014,0.0668145641106903,0.304555673227809
PIPOX,3.71518631725943,0.00020305402094327,0.0148775579801484
NR2C2,-1.34097750289306,0.1799277569483,0.493598980534492
SPHK1,0.498881301096924,0.61786300782104,0.848005206923899
LRRC57,1.3977019204453,0.162202597334244,0.466408000743439
CPT1C,3.62670829423291,0.000287057271508134,0.0181047132835617
MTMR4,1.49135717524214,0.135867745214316,0.426188423605229
SENP5,2.27078553291984,0.0231599641570377,0.176908510377674
POGLUT3,0.15146074981901,0.879612270698037,0.96015562390684
DIRAS1,1.64053658725359,0.100893647632184,0.37370330252736
ACSS1,-0.792165314746894,0.428264290095264,0.72986393419768
RAP2B,-0.45762461674944,0.647222154716287,0.861114026273499
PLEKHO2,0.483205219658131,0.628950029551648,0.853394527791952
MRPS31,1.58977324905774,0.111885925823412,0.391555205442427
ELMOD2,0.0813369547763726,0.93517398567499,0.977346067906343
WIPF2,-1.31982126627732,0.186894699584492,0.502192217855921
PPM1M,0.659804700273694,0.50937916664567,0.784286384142073
WDR97,1.4987328832217,0.133942942411832,0.423625590937247
METAP2,1.22131576134799,0.221966488036645,0.5467955462338
SPEM1,-1.49195107875838,0.135711970702634,0.425991573736835
NUCB2,1.7041346018761,0.0883559435417323,0.34959838288972
DEGS1,0.187929570166597,0.850931862069943,0.949175848127625
ZNF513,0.942057760337112,0.346163068685167,0.665928790348626
ARMC10,0.0893595531149035,0.928796166768754,0.975498759076853
HSF5,-1.20582015982733,0.227886840531988,0.552308506077866
COG4,-0.643514215212184,0.519890493880039,0.790500723495361
GYS1,-1.85320170632977,0.0638534532064807,0.297575044858894
TRIM73,-1.12285710613955,0.261498187337649,0.587392477626933
CPN2,1.68365045832049,0.0922492410123829,0.357130516246042
TSFM,1.54300583564794,0.122829360019394,0.408572846875044
SNRNP200,-1.81457729078018,0.0695888949929399,0.309966034333763
HTR1A,-0.277101590604569,0.781702100505304,0.919893229787314
CD37,-0.147954536867827,0.882378647585267,0.961381696491872
ANAPC2,-1.13759969850612,0.255287672587396,0.581709320899983
MRE11,-0.756490802103444,0.449354985031106,0.744135160642542
STXBP6,-1.96162108342986,0.0498066157798633,0.263513354912653
CSTF3,0.0822760881200097,0.934427168856239,0.977045380151696
ENO3,0.17723937417471,0.859320369103373,0.951024954577503
ST8SIA3,0.305166160983345,0.760239603532781,0.910703106471277
SERPINF2,0.208088924397868,0.835159534930784,0.942498148137094
ZNF687,2.76092116001564,0.00576385885509365,0.0860877678009724
CAPN6,-0.965277376456914,0.334405900158129,0.656697993174596
PLXND1,1.5128947598183,0.130306393197555,0.418991534881803
MAP1S,3.27822634986663,0.00104461594393121,0.0353490184450543
RNF31,-0.588076609970431,0.556480872096902,0.813007432897618
DNMBP,3.20137217702846,0.00136774743931724,0.0405075737102
NLRP12,1.17831288196229,0.238671894070785,0.564351966592757
ZCCHC10,2.44704469572308,0.0144032976389005,0.139131735058962
B3GNT4,2.60446294299149,0.0092018371124576,0.109981742302128
SLC25A36,1.86407142111711,0.0623116752695066,0.293325797815267
GRK3,1.10309336030784,0.26998662394428,0.595322158551603
CRLF3,0.297461579341984,0.766114136398464,0.914050793446994
CNDP2,0.199411857601573,0.841940585725409,0.944626216794017
CIITA,0.110025683412353,0.912389006150684,0.97170102893589
LGALS9B,0.105896266027867,0.915664656688924,0.972111996832641
EDNRA,0.96081954181355,0.336642911073882,0.658261064458512
MYEF2,-0.22902158609357,0.818852138688199,0.935330219224133
FARS2,-1.05309942082661,0.292295428284482,0.618271773073622
FAM71C,-1.75868440693139,0.0786311273407881,0.328231918927665
DCUN1D3,-1.36310505312419,0.172849404473323,0.482971211361506
RNF227,1.25496001841027,0.209493274352302,0.531737626679685
FBXL16,0.570410033547446,0.568399625906764,0.820357563805406
PRMT5,0.385924119756919,0.699552866831554,0.885346724470833
PPIE,-0.894558023935818,0.371023399189157,0.686050453736828
SLC34A1,-0.262033602212089,0.793295536200801,0.925806562479572
DTX2,1.01360397987804,0.31077175785359,0.635520927713145
ACTL9,-1.46911723924719,0.141800992643713,0.434736578354822
RCHY1,0.97223180890489,0.330935239346133,0.653047150543154
SYNE4,1.30537985595934,0.191763534195472,0.509055867306651
MTURN,0.468700310180503,0.639283865206942,0.858375929505982
HSPA5,-0.890998795859838,0.372929816227878,0.687188081536259
COQ8B,-0.153595821060017,0.877928432149923,0.959284304019716
PSEN1,-0.222119697546766,0.824220704415063,0.936819265165029
EEF1AKMT4,2.29200811239426,0.0219051750622224,0.172553802407683
ANO5,1.41634782529844,0.156673691776222,0.457901887847239
MBOAT1,2.13408011787864,0.0328362230904248,0.214182028198268
C12orf40,2.5790539104095,0.00990713240289486,0.114132700155311
CACNB2,-1.81806665184447,0.0690539462234984,0.30879279171766
SLC6A18,1.20226230359858,0.229261917108067,0.553568659973879
NLRC3,0.999607539360046,0.317500473103329,0.641531434621275
CD19,1.31463549449089,0.188632435118536,0.504711644245022
FAM187B,3.59562102087112,0.000323618637988198,0.0189056315418377
SAV1,-1.45048714592327,0.146922721127546,0.442405793564256
RNF40,0.0160395983833492,0.987202800810634,0.995653354688577
TRPM8,-1.03473665789169,0.30079191144833,0.626011489015031
IQUB,1.58163253269903,0.113733482740566,0.394074787292077
SCN4B,-0.836181216315393,0.403052963879881,0.709948912430796
MC5R,0.277221515977267,0.781610019467168,0.919893229787314
TAF7L,-0.573301829409056,0.566440346954197,0.818965671331175
CREG2,-0.183412828924292,0.85447411058475,0.950008289901106
CAMKK2,-1.70579840757962,0.0880456197238716,0.348931894891011
MRPS33,0.155955663760606,0.876067968705825,0.959146409175869
MED14,-0.0185019728465686,0.985238403731785,0.995023322998978
VPS37A,1.00122156099902,0.316719704934312,0.641079188794722
ARID1A,1.7355161954151,0.0826494154224267,0.336430028775016
PRPF3,-0.84780478907173,0.396546695548404,0.70509273674244
YARS2,1.07686656786547,0.281539880798112,0.608145748889604
METTL1,1.6107512857153,0.107233942631424,0.384964878449882
NUPR1,-1.24181934756774,0.214303222627122,0.538484559657974
GRHL1,1.99350847161754,0.0462057968169488,0.2546581980979
CHCHD5,-0.650501803732937,0.515368137010502,0.787704114361454
LIMS2,-2.0707755143044,0.03837977947585,0.23068243672776
VPS37D,1.13711760731046,0.255489124276495,0.581709320899983
DYNC1I1,-0.046466759966789,0.962938227159869,0.98797522529538
AQP10,1.54214162198826,0.123039182504745,0.409095817275777
CRMP1,-2.48945981237098,0.0127937381598215,0.130419967722926
AHCYL2,-0.924477403624479,0.355237810948108,0.672433688854127
NKX2-6,0.194886044866407,0.845482159309256,0.946160468265511
MTSS1,-1.71054461773614,0.0871652101659717,0.347112743324218
PCM1,0.0903201063458322,0.928032842897237,0.975498759076853
SLITRK5,-0.620326579986572,0.535042798920889,0.798350727555552
HMGCS1,-0.197701839711642,0.843278350244682,0.945180519277048
ODF3,-2.86539659828875,0.00416487265934887,0.0731402176981428
VIPR1,-3.00282973250795,0.00267482036741941,0.0573494224014566
ZBTB2,-1.07128922907613,0.284039401323562,0.611095653843061
ENTHD1,0.753917360776376,0.450898845329889,0.745442390107568
CHMP6,-1.65054695655527,0.0988311175956056,0.36956993063767
C14orf28,0.834292879006951,0.404115963615273,0.709974936232051
ANGPT2,-0.744517201473644,0.456563638599869,0.749943252742732
RIC8A,-2.60282051729118,0.00924603441156459,0.110270927562914
CEP295,1.69715769515765,0.0896668508233781,0.352256419048991
CFAP410,1.53827570182704,0.123981218182947,0.410830846812828
WDFY4,-0.335470107350931,0.737270490455088,0.901513383113994
FBXW5,-2.66901881032299,0.00760731897214187,0.0999246622523886
CDK20,1.45473397835713,0.145742922045755,0.440620149515407
HMGB3,-0.0349408976752944,0.972126868880874,0.99126852149535
TCTEX1D2,-0.00370050078102467,0.997047434298177,0.999019710857338
LMNB2,0.116520109725745,0.90724034939376,0.9704919162293
ZNF580,-0.521750069539125,0.601844358303873,0.83822780578686
ZNF784,1.28117671757036,0.200131601992747,0.52052842373242
C5orf22,0.885119769636205,0.376092037889726,0.689523339232503
DIS3L2,-2.0709559760618,0.0383629103501503,0.23068243672776
SOX2,0.446739755622698,0.655062973704678,0.864279451713892
SLC47A2,0.995063997799929,0.319705139299327,0.643288492486481
HASPIN,0.308957628625671,0.757353758432523,0.909401494528757
ZNF579,0.742915615500771,0.457532770964524,0.750569867695601
SCNN1D,1.56295878982436,0.118062288186753,0.40034971322575
PGR,1.10770397339079,0.267989682812785,0.593583597801643
HNRNPM,-0.742776870718789,0.457616780853778,0.750578021190569
MSC,1.48703050908413,0.137006753264765,0.427406325968593
CEP57,0.425146107778345,0.670730167852962,0.871285659683641
CTNNAL1,0.745229057836275,0.456133259347812,0.749910184510384
PGA3,1.76184476897556,0.0780955283755531,0.327516279285729
SHQ1,-0.633186978503191,0.526611548084494,0.793958383676082
P2RY13,1.592879697376,0.111187181693206,0.390516365777936
MARVELD2,0.251826094077076,0.801175487001679,0.928577139281225
PPM1A,0.0131260255108021,0.989527247630618,0.996474102686673
CABP4,-3.02374342985441,0.00249668077349922,0.0553607368777685
YLPM1,-0.337499670410638,0.735740260558541,0.900998329056618
OR52K2,1.60481305016885,0.108534953130521,0.387072179382312
KIAA0319L,3.50742892359879,0.00045245920576135,0.021827116863648
PRKRA,-0.142458107124881,0.886718167489954,0.962680159199241
TUBD1,1.278723978795,0.200994272576077,0.521350567059663
BBX,2.42657612071748,0.0152420524512909,0.142725839504896
MRPS11,1.0058720884174,0.314477104332178,0.638846896117342
DMRTA1,2.04639119619902,0.0407178975596281,0.237915199945018
RMI1,1.93999055656612,0.0523808375551286,0.269965340518626
SNX22,2.50283268542569,0.0123203772547852,0.127906126771052
ASB4,0.939146487520459,0.347655539196925,0.66699608515469
FLNC,-0.484182560636949,0.628256312393528,0.853095967796489
RPRM,0.0732805782436907,0.941582846458022,0.978779988343364
NEU4,1.63007624153019,0.10308538435979,0.377829060595052
MEIOB,-2.43903860682467,0.0147263948707078,0.140246847508403
CCZ1,-0.980066525280693,0.327053281584548,0.64969206931002
VENTX,1.7880473238675,0.073768373086045,0.318941466884957
KLHL38,0.466491000705073,0.640864087694602,0.859064569313496
OAZ2,-2.2535621209456,0.0242237285661434,0.181359083754558
UPB1,1.6927034156787,0.0905119347935739,0.353946429690963
NIM1K,0.363910098242879,0.715925143640823,0.892511202374566
MAF,0.422250739257909,0.67284200991566,0.87255749569749
KIF15,1.72180803282462,0.0851042989748901,0.34170314146247
C11orf16,1.15682748066704,0.247342851926987,0.571905130717245
FAXDC2,1.41582062323943,0.156828029819448,0.458114218713716
EFCAB12,2.06374124058847,0.039042256927763,0.233002924352765
RNF185,1.43203739025722,0.152133120928778,0.45039739856339
GHRHR,1.29217137261836,0.196297803252262,0.514841414892308
HSD11B2,-0.711488340886466,0.476781673201572,0.76561859925939
GTPBP6,0.532122875964088,0.59464089445318,0.835494567155889
NFKBIZ,2.5757684164868,0.0100017609606285,0.114961999951339
TRAF7,-0.857085138232378,0.391397834010681,0.701051055995832
PORCN,0.642133339143083,0.520786610719713,0.790832617591493
ABCF1,-0.806869243836427,0.419741820133609,0.722173353417436
SCMH1,1.48734401347233,0.136923975537181,0.427406325968593
AHCTF1,1.52156277389708,0.128118671097105,0.416129146572505
SLC37A3,-0.179883113951559,0.85724433207122,0.950480428110158
OR10A7,-1.25665681645575,0.208877931511442,0.53113934875534
THOC6,-0.155568893652519,0.876372845633121,0.959165661296522
TLK2,0.624245084973912,0.532466642247135,0.797887751149469
VGLL2,0.215417882960517,0.829441528693604,0.939315149765572
LIN28A,2.1682431575466,0.0301401907572735,0.204582224449182
PIBF1,1.4774599922864,0.139552375033493,0.431262618283904
PTPRCAP,-1.41903474497209,0.155888886701185,0.456843783138584
ACOT4,2.47629048257781,0.0132755517870369,0.132444938433287
CCR8,1.39952929929843,0.161654318561663,0.465574777819119
SGSH,0.414862405673838,0.678242632188446,0.874824937481181
RWDD4,0.792561569930948,0.428033306396379,0.729623710524652
SLC36A4,3.83601325847172,0.000125047659989046,0.01175935774489
RIIAD1,1.8706400288797,0.0613949923819626,0.291407608191095
ITM2C,-0.86314328376372,0.388058692448024,0.698893705098892
ARL6IP6,0.394577881317923,0.693154439891709,0.881618041133452
IFT80,0.914476451908287,0.360466545832752,0.67596901137227
C3orf80,1.40463640652729,0.160129424899841,0.46299283770987
SSH1,1.09322990294824,0.274292870904077,0.600050123412178
VNN2,2.2435478764037,0.0248615061557548,0.183547013913448
B3GNT5,-0.888222544760593,0.374421054008242,0.688172226377095
TNFRSF12A,0.202201870952822,0.839758910532238,0.944049031801283
C4orf17,2.55761770535954,0.0105391883896734,0.118188250900364
VSIG2,0.617747272492829,0.536741945423976,0.798812024147769
ZBTB33,1.9610649999481,0.0498714409431612,0.263654985729843
TNNI3K,4.50556316275822,6.61971443086322e-06,0.00233258589586657
ZNF609,2.1252884061438,0.0335625550931075,0.216378576473662
TMEM150B,1.15229826486061,0.24919852974852,0.574492813069799
ERICH3,1.13060193294468,0.25822267358667,0.584055858335102
PTPMT1,0.616202256022072,0.537761039657938,0.799318541202707
RIT2,-0.133500313152469,0.893797716628021,0.966546613438094
AATK,-1.55401942760027,0.120179782582968,0.403980525899488
ATP13A2,1.81639895864948,0.0693091948331606,0.309230041026893
HARBI1,0.0162438641032835,0.987039841578025,0.995639354791101
IMPDH2,-0.561488998058042,0.574464228358671,0.823539119714156
ZNF518B,1.27931481061867,0.200786219178643,0.521300788572301
APOLD1,-0.394076017250227,0.69352491678206,0.88183108208486
ACAP2,-0.335466506060918,0.737273206648103,0.901513383113994
YME1L1,-0.794676876861675,0.426801486378137,0.728673403486752
CHRNA3,-1.27979632059087,0.200616778248309,0.521121371574813
EDDM3A,-0.0491966113890564,0.960762611718371,0.986933347040467
KLK15,-1.13580289045245,0.25603906710466,0.581822127954499
DCBLD2,1.8748828787507,0.0608088379689238,0.289641626399731
STK11,1.81085661516098,0.0701630498460972,0.310491789899661
GSX2,-0.304903016549343,0.760440018219734,0.9107550950943
NDUFAF3,0.933462673125772,0.350581134269118,0.66916740524825
FLII,-1.40800048657973,0.159130925911725,0.461670516932728
TMEM86B,1.0215832221611,0.306978201890478,0.631970709426447
NOC2L,1.67974860463187,0.0930062386811833,0.357956038170816
CLRN1,1.85313712604151,0.0638627066840479,0.297575044858894
CARM1,-0.978122989741104,0.328013498685059,0.650608272171577
MARCO,0.214174224207378,0.83041119581137,0.939656291655114
NR2F1,-0.455459083992049,0.648778997121239,0.861755869224612
PAK2,-0.585882571384601,0.557954430185527,0.8138111544027
TIMM22,-0.0314581637750359,0.97490415608934,0.991830664557913
ZSCAN2,0.851839354929025,0.394303260076859,0.702871746493941
CETN1,-1.65218715128774,0.098496404906081,0.36913947447923
RUSF1,-0.429115387108393,0.667839254988756,0.870545346022761
ATP10B,0.015658166010051,0.987507101589825,0.995710773982209
GBA,2.28640113935923,0.0222308017446942,0.173713367100477
TMEM151A,-2.46197231986492,0.0138175330192724,0.13590315091589
KHDRBS1,-0.918701625891078,0.358251659168857,0.674186290514155
EXOSC3,-0.589237473412245,0.555701982425068,0.812921090927412
CDCA8,0.822217865184405,0.410952912778187,0.714902980547465
SEPHS1,-0.515180860637158,0.606426642139635,0.841720873344132
SMAD3,0.927685477815008,0.35357074363067,0.671082094388239
XKR4,-0.723319496916587,0.469483617147466,0.760316696677067
IL36B,1.14017853721617,0.254211927309106,0.58076407748461
C11orf87,-1.13374465281152,0.25690167334908,0.582801850708921
PRR14L,4.38287298433539,1.17124405020738e-05,0.00300266806905427
BOLA3,-0.193184874139239,0.846814184293155,0.946817349327981
ADI1,0.17696829165863,0.859533296026405,0.951066639039662
MIPOL1,1.73291997096772,0.083109894105662,0.337288000390254
KPNA7,2.09321784128688,0.0363297128032882,0.225227079683956
SP1,-1.04867120641019,0.294329470796213,0.620506516614926
SLC25A18,0.25865058651397,0.795904848578606,0.92639576185047
FANCF,0.912245460839306,0.361639517490232,0.676332873404685
TNFAIP8L1,1.31038471997923,0.190065720107766,0.506827932958907
DNAH8,-1.51471062742553,0.1298457019009,0.418589694135182
UBALD2,0.335245587503806,0.737439835837398,0.901571750027106
TOB2,1.33930157238901,0.180472517076019,0.494327203440636
DZIP1L,-0.756500209640828,0.449349346761904,0.744135160642542
IFNLR1,0.284775242560709,0.775816340779557,0.917407189524607
TNFAIP8L3,2.12054376213304,0.0339602150540674,0.21782964172366
CCDC60,-0.744691127896395,0.456458463843,0.749910184510384
ATP11C,-0.249419144903177,0.803036577518062,0.929127939730341
MC2R,2.53563451116969,0.0112243812631037,0.122334545149015
EYA2,1.81490478387562,0.0695385432561169,0.309966034333763
FUT10,2.16180646810558,0.0306330967233321,0.206368310674079
SERHL2,1.33227494224696,0.182769858067978,0.497606000373906
RNF123,0.262058014731148,0.793276715248725,0.925806562479572
BTNL9,1.63792206548409,0.10143795234054,0.374449503413304
SIX6,-1.47396388950664,0.140491314035475,0.432849973237219
CFD,1.89821207474757,0.0576681508325645,0.281509395835788
PLB1,1.03717823196488,0.299652800948015,0.62521999768211
NDUFA12,1.80200983794154,0.0715438577472058,0.313649983396715
GAS6,3.45137745849189,0.000557732961596252,0.0245660151481349
GRIK1,-2.01909709112892,0.0434771291500587,0.246492055401644
FAAP100,-2.67640016741027,0.00744177325787857,0.0987909113324764
YAF2,2.30587270399058,0.0211177462495896,0.169454232158217
FFAR3,-2.67115905037262,0.00755898205282949,0.0994991804238861
C16orf72,-1.94178934817092,0.0521626069108934,0.269777548697662
ZNF704,-1.85146198561501,0.0641031187486166,0.298319681824957
FBLN1,-1.04609538201087,0.295516997126595,0.62170692499645
KCNK12,-1.49484141272301,0.134955835473039,0.424757114016018
CXorf38,-1.19528817984634,0.231974456350216,0.557372611405534
TUBB,0.421664041575707,0.673270254410137,0.87268779566225
AFMID,-1.9322631892445,0.0533270294110891,0.271902428349904
PHF7,-1.40363589606033,0.160427300258028,0.463358180663289
OTOL1,2.04182196639806,0.0411691944833713,0.23917973956307
OR6X1,-2.28211047338542,0.0224828188155708,0.174365555110807
ZAR1,1.7081370876822,0.0876109086431204,0.348145432261912
GRID1,-2.43308434711632,0.0149708129836623,0.14157637552636
DDX53,-1.25559073603338,0.209264391851259,0.531572876902845
RIPOR3,2.76415231732898,0.00570708916436704,0.0857806658521469
IGDCC3,3.19775304856862,0.00138502833768424,0.0407648872309231
RAB11B,-0.841131989221964,0.400273995971357,0.707685433207869
SLC24A3,-0.706962320581163,0.479589893598002,0.767239694564747
KLHL15,0.120265603465401,0.904272750760599,0.969992984773755
ZKSCAN2,-0.969016642145386,0.332536885832938,0.655011591015444
SPSB1,-1.23230255091845,0.217836087280238,0.542497397502268
TASOR2,4.97442348920002,6.54421044926512e-07,0.000685462655790748
DNMT3B,0.830228189206948,0.40640978021474,0.711555199644366
LGALS9C,-0.136722715554496,0.891249973725616,0.964950292172768
KRT36,-1.03494395535143,0.30069508538738,0.625991091580277
DENND5A,1.47073912201371,0.141361681770714,0.433865596700269
PLPBP,1.55867328507945,0.119073727858531,0.402292765273249
ZNF662,-0.257170262328605,0.797047339361843,0.927114483223259
LIN9,-1.47057307958307,0.141406608697795,0.433865596700269
OR5BS1P,1.9168700156079,0.0552544472117247,0.275659998416389
KCNA4,-1.2982552898349,0.194199624572187,0.512492503647638
CEP120,0.779721525047806,0.435554806130664,0.734831221468685
ODF4,0.786021969933165,0.431854616136165,0.731927602015143
PAPPA,1.02616994171607,0.304811487017953,0.630349661270923
PHKG2,-0.719991464966696,0.47153025061617,0.762086092094625
LRRC14B,-0.252294515502462,0.800813427049274,0.928430358274922
ST6GALNAC3,3.16577512600154,0.00154670315285625,0.0426593271190918
COL4A5,0.846238698162057,0.397419597841235,0.705799719876055
SLC9A7,-0.444607961892746,0.65660309265435,0.865514030605837
ENPP7,-0.439088344157578,0.660597524439541,0.867459098035565
OR6C76,-0.555400477256921,0.578620766226165,0.825800422229539
COL7A1,-2.4620026700342,0.0138163638195343,0.13590315091589
POU3F2,0.125491161027631,0.900134722201417,0.968196502322227
PTRHD1,-1.21540791996213,0.224210548835792,0.548728489518248
RNF135,3.18174384758912,0.00146391229943939,0.0420644291004341
CATSPERZ,-0.552900344452921,0.580331651567542,0.82637228676608
KCNH8,0.471232655597625,0.637474601252993,0.85759850583831
COA3,1.9273549464017,0.0539354102990462,0.272641254311354
C1QTNF8,1.95615355431006,0.0504470679840239,0.265549471632829
IZUMO1R,2.85616631799631,0.00428790454674997,0.0742549623913144
TTC7B,-1.5331433623497,0.125240535608562,0.412271291973838
BRICD5,-0.0233849661617397,0.981343196992921,0.994497013659256
HSD17B13,0.39383931218842,0.693699678288795,0.88183108208486
NRROS,2.99153124842375,0.00277582127536161,0.0585605299933121
TRMT12,1.30827963506476,0.190778479915725,0.507688126900999
IP6K2,-1.18853420352565,0.234623012701432,0.559841662428604
ZNF26,0.503343408222304,0.614722852279605,0.846181241042427
PRSS55,2.24847879080016,0.024545676020227,0.182727969878497
KCNJ15,1.92170128519441,0.0546433554566454,0.274180955590839
TAF9,-0.0820630727083525,0.934596557754394,0.977094659742064
RHD,2.86761951640298,0.00413572565941131,0.0727860773218219
SIRT7,-1.06833060347471,0.285371408431287,0.612676440674115
ARSI,1.05642657902984,0.29077336817338,0.616750475909936
CCDC34,1.91241241944869,0.055823316269381,0.277245136847088
PPP2R5C,-2.70506842225518,0.00682903216849638,0.0947703616602379
VMO1,2.30349189945618,0.0212511824092814,0.169786551188002
NXPH3,0.463385692394606,0.64308793230532,0.859677013279956
DHX34,3.49340022286222,0.000476911166122152,0.0225371810252885
OTOP3,0.697725573623436,0.485348831690907,0.770243605131693
PAWR,1.16714180465612,0.243153107850345,0.568848603654884
SH2D7,-0.559160862728782,0.576051940599589,0.824669097936794
FES,0.635173250865599,0.52531542698107,0.792785621386678
CLEC4G,-1.05358383495237,0.292073493288409,0.618205700275766
CAPN12,-1.78975436518929,0.0734934083853071,0.318347048775372
KLHL22,-2.61665700045338,0.00887955186653631,0.107972196936237
HCAR2,-1.53967559232939,0.123639449194009,0.410190130945027
OR4F6,0.112760903129065,0.910220115373167,0.971162468097235
TMIGD1,2.59935649128645,0.00933987219686658,0.110908416438835
GKN2,2.56558131263486,0.010300307591929,0.1167536264039
GIMAP6,0.897905357487454,0.369236008201258,0.684384957911286
CDYL,0.830666117658095,0.406162272203275,0.71147689344016
MCF2L2,0.128264516503706,0.897939644842068,0.968054785716334
FOXK1,0.234042312943449,0.81495212974777,0.933308057299672
SHMT2,0.126279737758917,0.899510494777534,0.968196502322227
SYNGR1,-0.672000845752087,0.50158315789794,0.778900307182191
SDR42E1,2.57529847217296,0.0100153618698393,0.114970963561066
GALNT9,-2.50564198524884,0.0122229312309604,0.127702184295163
P2RX7,0.0315159511079122,0.974858071319319,0.991830664557913
OAF,0.337148074809226,0.736005278254458,0.901029284619109
ZGPAT,-0.80842465924156,0.41884616114842,0.721551927990389
GALR2,-1.14634212626028,0.251653618841586,0.577524211780159
NFAM1,1.16291936131412,0.244862221212921,0.570254560867851
NFXL1,2.22667905540178,0.0259687312008779,0.187829965923649
TPO,1.22390976940729,0.220986267806732,0.546160367510656
SPNS2,0.452910813657838,0.650612963932754,0.86257038543972
SULT1C3,0.601190693165446,0.547712982563171,0.807452238754458
BCAN,0.747466549795899,0.454781987024238,0.748761932724822
HGS,-1.54184350220163,0.123111627928021,0.409217420633383
CRIP2,2.73483767884674,0.00624110442092613,0.0906369175450152
PLEKHH1,0.552660505543995,0.580495902121782,0.826460964206585
SPPL2C,-0.938982507845787,0.347739725317344,0.66699608515469
NKX2-5,1.10674742597036,0.268403144413309,0.593970370131806
FAM181B,0.58036692976076,0.56166720141886,0.815410986815791
CCDC137,0.932179709124223,0.351243659908017,0.669258405956049
RBM10,-0.61351922440735,0.53953307527269,0.800337843607123
EEF1G,-4.00464961833685,6.21094708062326e-05,0.00823284148842274
PRSS57,1.12596180239043,0.260181687827482,0.585844681556815
GRPEL2,1.97074990383369,0.0487524893587291,0.260715638408327
NOP56,0.305650751643785,0.759870574245076,0.910585250369735
BLZF1,-1.54813644350541,0.121589449469631,0.406527101166099
PGBD2,0.351710531392514,0.72505536168436,0.895060443608491
OLFML1,-1.81135172307659,0.0700864239364887,0.310491789899661
TPM2,-1.40545077523841,0.159887277131294,0.46270538743459
GPR39,-1.65562207577708,0.0977983767174133,0.368172458891181
PDLIM1,0.659762392327091,0.509406320701323,0.784286384142073
GAST,0.442469606212834,0.658149419478472,0.866584309862583
PMCH,-0.154548496571085,0.877177275777528,0.959284304019716
MARCKSL1,0.564647013260469,0.572313881188027,0.822244691204872
HNRNPH1,-0.430377893124232,0.666920773792678,0.870545346022761
C10orf120,-1.03174034541634,0.302193771733517,0.627660026400381
LMNTD2,0.533695845009597,0.59355198431202,0.835001224936082
CARMIL1,-1.47337857268318,0.140648984706102,0.433006532402887
NPY2R,-1.13754354957152,0.255311129887564,0.581709320899983
ADAT3,-0.132514879331621,0.894577054805227,0.966742659908043
MAPK8IP2,-3.3420226573557,0.000831702714504774,0.0315715908651238
C19orf71,2.28576021034241,0.0222682906490862,0.173782726591737
RGPD6,0.824621365383858,0.409586587674365,0.713921977382244
GNB1L,1.35172528700139,0.17646321259826,0.488187781704248
SNN,-0.00472378273764468,0.996230980702112,0.998572009535621
IL20RB,1.07438503962432,0.282650144825386,0.609363270848337
CSF1,-0.840248567078022,0.400769032587333,0.708172380814137
FAM166C,-0.233172652916873,0.815627340421055,0.933668319264216
PEX26,0.258483494664239,0.796033785570312,0.926400892469068
PDE4B,0.81010827263469,0.417877950096774,0.721186509062885
ACSM2B,0.319237919967815,0.749546104135267,0.906449458055989
MEX3B,-0.85707755763369,0.391402023197372,0.701051055995832
IRX3,-1.28752338683332,0.197911923507332,0.517161755300716
FAM43A,2.89810127614612,0.00375429336548409,0.0691114925952134
FREM3,-1.67115715482431,0.0946906405544869,0.361308990759811
MFSD6L,1.70513586096983,0.0881690887740723,0.349245190340249
ALDH1A3,0.177117976200467,0.859415722189436,0.951024954577503
LPAR5,-0.187023074226631,0.851642541516923,0.949530468802297
CNGA2,-0.956721789586888,0.338707697059512,0.659947544775264
CALHM1,-1.11189973606009,0.266181262214587,0.592004950498934
GDF3,1.66476697684206,0.0959592546917995,0.363837697530473
LRRC36,1.29415380359737,0.195612300060173,0.513874763112914
MOB2,-2.59893156759369,0.00935144136284896,0.110964504429296
B4GALNT4,-1.18256603078609,0.236981181808471,0.56254115768198
SIVA1,1.01217245253958,0.311455605123055,0.635816612523879
GTF3C6,-0.596461968749291,0.550866653178392,0.809005851351686
ADRA2C,-0.881092659445002,0.378267670005209,0.691009366955618
IDH2,-0.672932881729652,0.500989991951194,0.778461413228429
HOXB2,1.74641876605854,0.080738211399546,0.333022585942306
CEND1,-0.409148622278299,0.68243059595651,0.876506935804997
RXFP3,-2.27743654080489,0.0227601701164129,0.175508847486649
EIF4ENIF1,1.39567080997305,0.162813648295823,0.467343151089989
MRPL54,2.18356580194973,0.0289941687879304,0.200497645854763
SKA2,0.586756480844123,0.557367268567842,0.813467139943828
ZNF696,1.57745088852348,0.11469181401907,0.394997460509156
TRAPPC6B,-0.645038840688191,0.518902015730356,0.789828413275739
SLX1B,1.43450782794787,0.151427396844199,0.450004377587638
ZDHHC23,0.301417001403082,0.763096531547658,0.912683298402913
IRF7,-0.185728903875193,0.852657360657435,0.94987788033652
DHRS7C,-1.97189348169591,0.0486217675720864,0.260582312492127
PPP1R27,-2.88447403805104,0.00392068084844505,0.0704548956457271
MRTO4,2.19090616651876,0.028458583413603,0.198462307727905
ACTL10,0.768005714541822,0.442483789878057,0.739812245158304
SMIM10,0.177589308130029,0.859045521944903,0.950964647684026
CTHRC1,0.0390867353402989,0.968821236553392,0.990104579462413
WDR4,-0.245195428326113,0.806305116035392,0.929875462527049
BACE2,0.0974899612893944,0.922337305986679,0.974300164637596
ATP6V0A2,-0.853913272853265,0.393153044790398,0.702139456038735
ACTRT3,0.666952172326726,0.504802684027426,0.780907301527061
CREB3L2,-1.59909586277058,0.109799303832132,0.388843547261312
C1QTNF12,1.20859482215907,0.226818546633589,0.551199673520816
EPHB3,-1.47145994041197,0.1411667735104,0.43385897456012
ATP6V0C,0.230538922975595,0.817673021726576,0.934703027098712
TUBA8,-0.926711597427131,0.354076294451298,0.671487528327244
KPNA2,-0.361394130796378,0.717804834901608,0.893094193479268
ADAMTSL5,-0.639984320076558,0.522182793339701,0.791261219873081
SLC5A2,0.924655294492793,0.355145240732597,0.672433688854127
ZNF397,0.591985307541114,0.553860427013185,0.811417539900282
DDX41,-0.227143573315537,0.820312102809971,0.93564249717431
NOMO2,1.55575282626129,0.119766879584342,0.403429208475187
CD86,0.276396576456933,0.782243485938382,0.920007200928551
KRT79,-0.108736429163952,0.913411546858699,0.971935125256526
CDCA2,3.12975902134723,0.00174949757112611,0.0455178268545477
INTS5,-0.132507894259551,0.894582579369192,0.966742659908043
NOC4L,-1.09357780187745,0.274140189311229,0.599991672771496
ZNF470,0.0327662905520375,0.973860960012783,0.991806768427706
FBXO21,1.32288403237796,0.185873946177362,0.500969536679226
MAPK11,-0.610588856271047,0.541471801955221,0.802085422535448
TLCD2,3.16562231318942,0.00154751584588969,0.0426593271190918
CMTM4,0.365172495369253,0.714982648197153,0.891973301759303
RARB,0.761136096121184,0.446575782551744,0.742338925174979
WDR5B,0.658414194630606,0.510272016742338,0.784391799791513
ZFP41,-0.238848536601854,0.811223032450961,0.932164620232357
HHIPL1,-0.236687292905201,0.812899393688858,0.932768389657561
MX2,2.4553427732134,0.0140750308055442,0.137435044775341
KDELR1,0.289106860662869,0.772499603627204,0.915997366890178
FLRT2,-1.24752270694183,0.2122058996184,0.535770315718792
STING1,-1.67346264880292,0.0942362536347073,0.360429264069763
ALG12,-1.35557883519173,0.175233209678849,0.486357534372437
RAB11FIP1,4.12812581162779,3.65732001691004e-05,0.00598803031859543
RAB28,0.337893787874445,0.73544322908713,0.900998329056618
TMEM89,-1.18065067553883,0.2377415235179,0.563376169234821
SOCS3,-1.15382718380633,0.248571027000978,0.573535626570655
ADSS1,-1.73108940152437,0.0834358203719167,0.337849416040069
SULT4A1,-0.952232675255818,0.34097899309129,0.661986884539073
BEST3,0.273593181499134,0.784397274516073,0.920944796311174
DNAJA1,-1.83075076175004,0.0671377526334192,0.305132356048752
KANK3,1.58134965672146,0.113798111543082,0.394074787292077
PTTG1IP,-0.120881460965547,0.903784926485357,0.969992984773755
SNX20,-0.0853373228586371,0.931993220390637,0.976198908517728
SOX1,-0.131170939231272,0.895640084432084,0.967008748445074
CCR4,-2.37395350427103,0.0175987664494664,0.154695447602712
IL3RA,1.60898340147029,0.107619971127753,0.385397418029163
INPP5J,1.01582807669245,0.309711263414295,0.634653586432656
PRMT3,0.26442713102012,0.79145080776396,0.924852292051476
REC114,0.456258144039742,0.64820435859977,0.861632453954794
CYP2F1,-0.544216457150033,0.586292528255826,0.829867341579707
KCND2,-0.37395014330445,0.708441409348277,0.888501179050184
H2AC21,-1.48531852072018,0.137459468003138,0.428065421107178
NPLOC4,-2.4336718193334,0.014946539774829,0.1415030567219
PDGFB,-0.00189329772755228,0.998489367876679,0.999307355934739
CSTF2T,0.356987260003743,0.72110134324812,0.89353502581674
DUT,0.26727070857507,0.78926073784007,0.923758199122659
FBLN7,1.82742789884259,0.0676354577912777,0.305794372420509
CLN8,2.36498699159978,0.0180307042422822,0.156791676536026
RTN4RL1,-0.88795124447934,0.374566977978858,0.688362374836657
DMTF1,-0.7754956256998,0.438046849256629,0.736163958486335
ACP7,0.239781707116802,0.810499488933074,0.931785758616638
GLTPD2,1.59517902883887,0.110672206941871,0.389859916180649
MORF4L1,-1.20900946543455,0.226659208923495,0.551084175562588
FBXW4,1.45113970782034,0.146740961540553,0.442269290742064
SLC25A21,0.664620177829163,0.506293460064603,0.782307815231451
DDX59,-0.924571742123369,0.35518871752041,0.672433688854127
PURA,-0.874676584723751,0.381749904088437,0.693717577685495
GLRX5,-1.1391543461732,0.254638783520415,0.581193568054003
FILIP1L,0.733271517146203,0.463392843524073,0.755647344132968
IKZF1,0.187387592089771,0.85135675037212,0.949342430295933
HS3ST4,-0.515788433642665,0.606002181717635,0.841343842694745
CPNE8,-1.10979082414262,0.267089174241357,0.592538859438604
H2AC20,0.948058506348546,0.343099670413514,0.663560739497989
RBM43,2.16333882561836,0.0305151289514982,0.206149556372595
OTOP2,-1.51406160300725,0.130010216013522,0.418708814443077
CLCNKA,4.43272248833396,9.3050601261662e-06,0.00261815387312133
TMEM121B,-1.75850890355881,0.0786609579735873,0.328231918927665
H1-5,-1.27940554767704,0.200754281282584,0.521300788572301
DGCR6,-0.147303466531169,0.882892496431844,0.961576972468164
TRAIP,1.80408902522783,0.0712173519203283,0.312920048055462
DRG1,-1.58117650783718,0.113837685213502,0.394074787292077
HOXD1,1.07615480835951,0.281858027022346,0.608616488606186
SMDT1,0.185932952270644,0.852497340582281,0.949857812362212
P4HB,-1.31689865293078,0.187872598097959,0.504078268175861
H3C13,-1.53634018087985,0.124454969624604,0.411309380467001
EFCAB13,1.70883365067927,0.0874817675185926,0.34795425055115
FMNL1,-1.430784057988,0.152492113424193,0.451048296805247
RIMBP3C,1.12195367304905,0.261882137891502,0.587766210618023
SLC25A10,-0.238245684723372,0.811690545750545,0.932437424243131
CROT,-0.173252285230762,0.86245312730646,0.951912629749322
PKP3,-2.66702392513817,0.00765262238772057,0.100114089009332
SLC6A17,-1.16808057766328,0.242774263882903,0.568577957416267
ZNF703,1.29150787654472,0.196527625641041,0.515081306138189
PSMG1,1.06632576126971,0.286276408104057,0.613170916150749
CADM1,-2.61734873125413,0.00886157557724967,0.107916813322043
BGN,-1.68052650593686,0.0928549216394592,0.357956038170816
SYNDIG1L,2.09713792939325,0.0359813672205578,0.22440245528204
PCARE,-2.22639481568318,0.0259877474391434,0.187829965923649
SPAG16,-0.958298586998845,0.337912216131293,0.659053520660049
TBK1,-1.37329561474463,0.169660465331654,0.477175920591107
LIMK2,1.40469257688689,0.160112714075245,0.46299283770987
FAM187A,0.686020564192637,0.492700140791472,0.774671556065623
RSRC2,-0.0328083520196668,0.973827417851059,0.991806768427706
SS18L1,-1.08572901030867,0.277598901898362,0.603933591314334
SETD3,-0.317438934902773,0.75091056789591,0.906735233763768
RNLS,2.0360780429172,0.0417425191794248,0.241402900270422
JAG2,-0.772255703707738,0.439962995401551,0.737466846286521
UPP1,-2.18479926592602,0.0289035679060584,0.2000418156231
SELENOF,-0.607698407817789,0.543387519233604,0.803523209449731
ACSM5,-0.42822549084765,0.668486959339097,0.870880665778027
SLC35D3,0.112935275854268,0.910081869138063,0.971162468097235
DGKA,1.05371626777758,0.292012838719227,0.618158038761911
FBXL6,0.983645364951785,0.325289911650843,0.648232931253719
PTCH1,-0.419356616316274,0.674955525260528,0.873419760491756
PAXBP1,-2.39876247191064,0.0164505819491733,0.149287657115523
SOCS1,-0.630540571160724,0.528340967159688,0.794951300232614
SRPRA,-2.26472852076841,0.0235293441579176,0.178301607973673
SETD4,-0.267492606705938,0.789089905847043,0.923691650456757
KCNH7,-0.285222593086322,0.775473612169707,0.917382012491344
ODF3L1,1.08032774442343,0.279996259121928,0.606745904292424
ROBO2,0.494040036651267,0.62127790454036,0.849168863706442
OR10J3,0.741089944859808,0.458638905919106,0.751144591900858
AP2A2,-3.08446259726221,0.00203920248925295,0.0496297795019535
C2CD4C,-0.780465305882631,0.435117041153523,0.734438417167287
KLHDC3,-1.53108785012139,0.12574768221406,0.412738367736437
CSGALNACT1,1.58559451247069,0.112831321862913,0.39305456610272
GPRASP2,-0.572159404917113,0.56721398680888,0.819427050996893
PIWIL3,1.48777433318328,0.136810416715441,0.427329574255591
CHST6,0.767287446288083,0.442910630679787,0.739939638016763
SNAI3,1.59222867730442,0.11133333187396,0.390574553413687
C6orf120,-2.13590588812913,0.0326870855735778,0.213639100831501
RGS19,-0.712982178065009,0.475856785390062,0.765000644052469
NSMCE3,0.238547253423844,0.811456669984971,0.932366992541745
EMILIN3,1.01957013026081,0.307932377141981,0.63300899189529
MRGPRG,-0.664875310674085,0.506130248347801,0.782214454182829
JRKL,0.985397169894942,0.324429019262678,0.648098345234009
FIGLA,1.50874502640642,0.131363954169523,0.420431469705505
DDX28,-0.380326362145162,0.703703169025173,0.88662895546602
SHC4,2.53311563723378,0.0113053650361997,0.122459801341161
MARCHF11,1.65017169742649,0.0989078237926349,0.369583770912132
CCR10,0.549760825037466,0.582483431532846,0.827609377273729
CYB5D1,1.42547726325291,0.154019287930569,0.45320379802728
SEMA4B,-1.82105294823069,0.0685988086171161,0.307925253080818
HEXIM1,-1.06619545497538,0.286335296296024,0.613186526312888
HOXB4,0.493718477301192,0.621505014070822,0.849397575473525
TRIML1,-1.01855731136917,0.308413179323053,0.633354773045403
PTGDR2,-0.777327989869526,0.436965285438844,0.735773413098549
IL1R2,-0.104930024063647,0.916431334712668,0.972111996832641
LAMP1,1.9994668373073,0.0455578665379266,0.252547010503848
GPR173,0.743231741856901,0.457341388971482,0.750569867695601
OSBP2,-0.58197972741562,0.560580336097072,0.814938108821449
TMED9,-1.59145747130226,0.111506659227744,0.39082052973446
TRAK2,-1.45467645945941,0.145758852594337,0.440620149515407
WDR53,2.01420394129699,0.0439881260722995,0.247656663947865
TMPRSS11B,0.359310287818876,0.7193629789601,0.89340576780703
MXI1,1.39636536928609,0.16260449802858,0.467232105751686
ANXA2,0.619293386741495,0.535723100321089,0.798350727555552
RLIM,3.98507218414245,6.74596153481908e-05,0.00848710140829637
TAS2R60,0.421610851413708,0.673309084405858,0.87268779566225
DBX2,1.88938759327766,0.0588399121050559,0.284273065666424
XPOT,0.347461934488322,0.728244311044217,0.89724171767374
URAD,0.949310591940744,0.342462668048929,0.663199209845292
SIMC1,0.986796780260552,0.323742273476161,0.647694755608064
KLHDC8B,-0.942404296364012,0.345985688427183,0.665884828273119
STAC3,-0.469009276180218,0.639063005547806,0.858279249061595
ASB7,-2.15632131581587,0.0310585839507941,0.208028341842323
AEN,-1.14235445623207,0.253306714115429,0.579267569003525
C11orf88,0.345962535356705,0.729370870576878,0.897774123130382
NOG,0.566448447087146,0.571088968757668,0.822175725571826
ANO9,-0.669859139675107,0.502947589261476,0.779391666093692
PHF12,1.72365924630832,0.0847693762035049,0.340941689580342
NLRP9,2.31189538429774,0.0207834491553648,0.167975082910661
COLEC10,0.447544632173802,0.65448186986424,0.864131874092215
VSTM4,-1.45759457319219,0.144952326357705,0.439158523392125
CYP2U1,-0.368681341947121,0.71236525752517,0.890607671363323
CRADD,0.648075585043261,0.516936064303747,0.788761806109332
SPATA45,1.94539702037104,0.0517272130955801,0.268849056127799
FAM43B,-0.327833141666425,0.743037827444823,0.904196707586571
RFX6,0.984710759907102,0.324766165943057,0.648232931253719
SLIT3,1.2644363134074,0.206073465955121,0.527935010220729
PRKCH,0.681462160188966,0.49557910224933,0.776115840343594
YIPF7,1.65037190263346,0.0988668942130613,0.369583770912132
NR2C1,1.21830489243766,0.223108131577314,0.548359957012757
TNFAIP2,-0.926649459523564,0.35410856633613,0.671487528327244
LYG2,1.36555808465603,0.172077710204329,0.481572624125886
DGAT2L6,1.31318289111344,0.189121327646459,0.505185827261281
NPTXR,-0.129636243217534,0.896854227249037,0.967324789360891
TMEM186,2.95631071027731,0.00311343273158426,0.0626124455908799
MGAT1,0.534693226483947,0.592862006089367,0.834465114336796
LCK,0.124319952030526,0.901061950412065,0.968457871111277
PSMF1,-1.27397170429573,0.202673444347051,0.523502236679532
IQCF2,-0.480384461415262,0.630954041184171,0.854364346180114
FIGN,-1.17403208667234,0.240382173714351,0.566324379719713
MRPL40,1.99689571017266,0.0458365133089064,0.253225645611474
TRIM50,-0.159414470511751,0.873342338877539,0.957910811399785
H2AC14,-1.07817584419195,0.280955289758515,0.607696544765193
ACAA1,0.700002523081691,0.483925728763173,0.769571333936043
TAS1R1,0.619493258541392,0.535591461658717,0.798350727555552
COPB2,-1.74271536054239,0.0813833471632838,0.33370672253217
ZNF804B,2.54454537502164,0.0109420094483388,0.120926117831899
TM2D3,0.79333069450012,0.427585177996236,0.729475399646698
TSEN54,0.932679891329308,0.350985270334216,0.669176853297871
CCDC172,-0.573822993422441,0.566087587455814,0.818743404074151
TSSC4,0.410939363835956,0.681116997466554,0.876326077023197
EFNA5,0.569926878439565,0.568727293724078,0.820455606345215
ANKRD45,0.281780162550857,0.778112082821054,0.918389784617283
INKA1,0.22491345564028,0.822046601373569,0.936313914488623
OLIG2,-0.759040641797427,0.447828245281223,0.742973186055614
SELE,0.880839644353908,0.378404618800902,0.691017692061291
VPS33B,-0.501954025637135,0.615699860889944,0.846685250289734
NPB,1.66572251600743,0.0957686952008445,0.363710117270499
RIOX2,1.85702288381673,0.0633078984297864,0.295906489123923
FAM83F,-0.572891899231546,0.56671788984457,0.819002342768423
ABHD17B,-0.908114251456303,0.363817861659909,0.678532242508971
PIF1,1.80393007807682,0.0712422690419348,0.312944698889084
TMEM179B,-1.57193995376324,0.115964477510669,0.396638154878757
STAC2,1.81186772571258,0.0700066373301599,0.310461719421221
KNTC1,2.01511124405928,0.0438929943629999,0.247292855623867
MAFA,-0.454728557475411,0.649304533264481,0.861755869224612
UBA7,0.290976273024637,0.771069466124793,0.915499756026108
ADGRG3,-0.0672721499578455,0.946365047763914,0.980673505269128
PGP,-1.48388165360475,0.137840319851374,0.428465495157295
BSG,0.797121212424585,0.425380637855851,0.727243408818214
SCN5A,-0.263288437200918,0.792328271162875,0.925277301677164
GALNT17,0.0320791406241656,0.974408938218459,0.991806768427706
PIGA,-2.53136999578695,0.0113617927181072,0.122459801341161
TTC32,-0.602140431639666,0.547080663220677,0.806881753425292
TUBB2A,-2.23710032657487,0.0252797836336791,0.185219634421668
POU6F1,-0.0236472092470439,0.981134015132028,0.994447301855618
HMG20B,1.10614282509784,0.268664705215157,0.593970370131806
MRPL12,0.898070529962343,0.36914794914318,0.684331416614654
ARHGEF37,0.54152371753475,0.588146654556385,0.831510608260309
TCF12,2.66739635403703,0.00764414629260258,0.100083980013566
KCTD11,1.7279616215501,0.0839951052532194,0.339266548978179
H1-10,1.26168382860822,0.207062578191432,0.529464794116567
TRARG1,1.22896804339926,0.219083787791811,0.544317767675883
MBD3L3,1.18771137369734,0.234947141248682,0.56021035734725
EGFL8,3.30254004602982,0.000958134058374883,0.033762097166233
TPH2,2.20915648221962,0.0271637586038005,0.192943629802368
CCDC87,-0.170876006893527,0.864321262898284,0.953239163369264
CASP9,-2.14708337605348,0.0317866445109902,0.210040652620726
PCLO,2.60783297593898,0.00911174022713535,0.109496603234371
NME9,0.677129418049201,0.49832384532052,0.777218752439069
CAAP1,0.472303827597821,0.636709938700539,0.85759850583831
BCDIN3D,0.951226055099915,0.341489634637535,0.662581456528585
CISD1,-0.695761483470019,0.486578214059855,0.771286112946977
ARHGEF25,1.59111745044228,0.111583145993697,0.390829757009434
ACTL7A,-4.01693700824497,5.89594758394551e-05,0.00806515373517403
OIT3,1.59806503327661,0.110028504542207,0.388890542984001
RGS7BP,-0.805593516356726,0.420477265290629,0.722824901166169
F3,2.53842821771091,0.011135164330786,0.122052717240549
GNAL,-1.45470165838003,0.145751873286978,0.440620149515407
RASA3,2.34953294146952,0.0187969807708291,0.159715767414396
TAL2,-0.691465296521594,0.489273182123381,0.772142201261677
HOMER1,1.68212748918096,0.0925441209449292,0.357409496401324
SREK1,-0.496800684744317,0.619329612310427,0.848654349765034
TEX38,1.01965961535866,0.307889920918474,0.63300899189529
C2CD3,1.84509057613616,0.0650243638454888,0.300612423737984
RFTN1,0.077288736754269,0.938393850873339,0.977679325361294
POLR3C,-0.721761084177047,0.470441379298795,0.761320319194706
RGS9BP,-2.31615737511796,0.0205496775579995,0.167111878818801
PPFIA3,1.00611774851427,0.3143589319269,0.638748502614343
EML1,-0.0728141358877581,0.941954022005938,0.978984501697604
RPS6KA4,0.487540685746469,0.625875217681264,0.851673663327153
DLST,-0.19801773887648,0.843031184916075,0.945180519277048
C1QL4,-0.120135255270451,0.904376004956328,0.969992984773755
EDARADD,-0.411739867611998,0.680530100232369,0.876079135467117
KPNA4,-0.702930302332352,0.48209918577539,0.768615310302362
SYNE3,-0.456257998603573,0.648204463170138,0.861632453954794
TAS2R42,0.863927297235196,0.387627830279186,0.698547875097672
TRDN,1.79666357451806,0.0723890449895446,0.315757274013866
TCP11L1,0.39701743172201,0.691354606127392,0.880849458474996
SLC51B,1.88506015518754,0.0594217167042761,0.285975833153091
ANGPTL5,1.11131117583769,0.266434430533431,0.592262431282452
TPGS2,2.43428729753935,0.0149211466105242,0.141436763397653
ADGRA3,0.314410231805891,0.753209486037773,0.907617194727095
PTBP3,-0.213176349166965,0.83118941490988,0.939990986140839
ARID2,0.854444791269906,0.392858587024804,0.702049934488996
USP16,0.00432797859057522,0.996546783483694,0.998738436186077
MEGF8,1.13011532377435,0.258427633540244,0.584219457748091
TRMT11,0.89090140166693,0.372982068281604,0.687188081536259
DEFB128,1.44057726853848,0.149704146165718,0.446796999668592
TMLHE,-0.681940470077046,0.495276593825462,0.776115840343594
PDCD1,-2.05023073087412,0.040341920485507,0.236519047903616
PTPRB,3.02477423826999,0.00248818781929009,0.0552479950176343
CCDC84,-1.75329032095675,0.0795521860733025,0.33029236272084
OR10T2,1.54773129401723,0.121687004353538,0.406596355687828
ABCC5,-3.22052467670193,0.00127956176247775,0.0386948071044811
PDE2A,-1.78282316396305,0.07461509380464,0.320727166924075
TMEM150A,1.30242499081429,0.192771144155993,0.510751541737469
ERCC6L,3.24313684512665,0.00118221414258176,0.0372827574583797
PDZD8,0.01424553458232,0.98863409232158,0.996094541751762
WDR86,0.0211648279787821,0.983114171200768,0.994961138923155
ZMIZ1,-0.0987534151035256,0.921334056978155,0.974018985127802
NUDT17,1.91082648720423,0.056026882648419,0.277572354669655
NDEL1,-0.940985642228838,0.346712217020082,0.666649860697332
BTLA,-1.70697359135833,0.0878269610407417,0.348603985639276
SLX4IP,0.244465164941974,0.806870577957655,0.930341411277363
KCNK18,-1.98361715067282,0.0472985357908971,0.257355477218748
TMEM212,4.09565722377552,4.20972414476104e-05,0.00637939111395434
TAC4,1.7166165219644,0.0860492616787193,0.344278199997848
COQ6,0.438390660990288,0.661103115185751,0.867899178084942
FSD2,-0.993985713326963,0.320229822896517,0.64359642893114
CARMIL2,1.29398316950766,0.195671234371824,0.513874763112914
ZACN,1.55515017916558,0.119910306521672,0.40368745905462
CCKBR,0.0861460984507901,0.93135027853772,0.976118028897252
TRIM46,0.842130482322828,0.399714920592447,0.707321344708386
CYP2R1,3.27381272277075,0.00106106908897008,0.0356084241472382
DHRSX,1.00724077985083,0.313819080516229,0.638149978181854
CHP1,-0.121122763160792,0.903593799517654,0.969947563406211
RPS19BP1,0.496267974966496,0.619705357879765,0.848654349765034
TRAPPC11,-1.81667207133792,0.0692673406183546,0.309213529078191
ENTPD5,0.467541947547624,0.640112187790048,0.858621189332083
FAM91A1,1.06283653518268,0.287856087898049,0.613791842514178
SERPINA11,1.41466429262106,0.15716694846883,0.458516750851558
OR13F1,-0.584018963978506,0.559207553300045,0.814476268769411
C9orf85,2.67871989511977,0.00739041882490389,0.0985147206580551
PRELID2,0.267163478597402,0.789343294266092,0.923761824658671
BTBD7,-2.00761010332808,0.0446847400936933,0.249155470305702
DEFB105A,-0.250171918674257,0.802454400551824,0.929127939730341
NEXN,3.45792026955294,0.000544362459528925,0.0243073584201222
FOXD2,2.03173361327461,0.0421806311056001,0.24262095443246
BCL9L,0.24953249493034,0.802948908359209,0.929127939730341
STARD10,-0.411472140541514,0.680726365462901,0.876151696727567
HPDL,1.96971551422233,0.048870983923927,0.261004869332103
C2orf76,-0.665505588588264,0.505727170253032,0.781728131324911
PGAM1,1.08061355020029,0.279869052499035,0.606563926054634
TMPRSS11A,3.07564343299065,0.0021004887234387,0.0505145722822223
FSCN2,-1.34423186267214,0.178873421246284,0.492266664291435
OR10J5,0.431550687551402,0.666068005331288,0.869967469654701
TMEM216,-0.668408605356552,0.503872803937115,0.780362533825406
RAX,-1.79383302034754,0.0728398247824348,0.316623369379736
RSBN1L,1.67389591459883,0.0941510572602604,0.360267820380444
PARVA,-0.0460781716544228,0.963247944021568,0.988106584842834
EMC10,1.95016274298588,0.0511567248800662,0.267656343957712
NAA20,-0.341453324987004,0.73276233694035,0.899185761182992
CMTM7,-1.34888983162505,0.177372354782846,0.489366552965982
LRRC70,0.127687453887067,0.898396319161993,0.968173352307883
C3orf70,0.813450910160188,0.415959580590556,0.719407686917661
BMP2K,0.107042674089566,0.914755125192479,0.972111996832641
OR13C8,0.0441636787627468,0.964773933938065,0.988603698368782
KDM4D,0.0241334777999818,0.980746139670523,0.994268145870035
RTN4RL2,0.151332802546378,0.879713194561076,0.96015562390684
MARK3,-1.88747566819023,0.0590963760114409,0.285002427482727
CCIN,0.213475052509745,0.830956445855077,0.939914377590017
GATA4,2.30827426474863,0.0209838868789793,0.168881739037426
EXOC7,-1.67702307499521,0.0935379696939607,0.359028608616192
ANKRD37,0.17519540706575,0.860926093151221,0.951535545684279
CDKN3,0.0151524853853801,0.987910528474355,0.995774003858021
CCDC73,2.07490236835887,0.0379955841770507,0.230231934177875
TESC,-2.55953682010229,0.0104811752238921,0.117733450591869
PES1,1.11417105210878,0.265205811628258,0.591517122791588
SLC36A3,1.00669016461306,0.314083690023979,0.638410219145155
SLC36A2,-0.917592321589483,0.358832339295741,0.67472286626974
INTU,3.43665424869239,0.000588946894761904,0.0255247064630901
FOXK2,0.87772959110429,0.380090481945353,0.692209605270092
FAM183A,-0.220403600863728,0.825556841279791,0.937197089682016
ATP4B,1.76821614661201,0.0770247758646754,0.32546782898606
WASF3,-1.11113910690615,0.266508477024348,0.592262431282452
UNC5B,2.36764522478927,0.0179016928121379,0.155920762381485
TCFL5,-2.82524911157865,0.00472438700007144,0.0778793063521326
TBX10,-0.477723801759762,0.632846801167366,0.855648877667819
TMEM17,1.67537598591366,0.0938604852061317,0.359580384000517
NIBAN3,3.24222669754285,0.00118599640822671,0.0372924320781974
KLHDC10,1.40635964102942,0.159617358272063,0.462286131453462
GLDN,2.01302800279778,0.0441116834954043,0.247718524493564
TMEM104,-2.62931298061419,0.00855575774651638,0.105943680147658
MYO18B,2.00814626792401,0.0446277508538469,0.249009023611017
SPATA21,1.41048001717433,0.158397992832188,0.460162083442077
SF3B1,-0.42904541132477,0.667890177387804,0.870545346022761
DEFB105B,-0.436846052201704,0.662222998303807,0.868374126648848
ATP5IF1,-0.55556644007258,0.578507278865454,0.825800422229539
VSTM2B,-1.09848609762332,0.271992285027682,0.597630872714341
PRR30,0.894934750154783,0.370821969212299,0.685756223498249
GHRL,-0.12688160390992,0.899034106905585,0.968196502322227
KRT26,1.15863714720947,0.246604120435182,0.571437625179967
SLITRK2,-1.51392109643717,0.130045852784403,0.418708814443077
AMACR,0.651910136632011,0.514459145336399,0.787203358897477
VWCE,0.57307861810746,0.566591463897082,0.818965671331175
CFAP73,2.08093734749357,0.0374396411107199,0.228228334999495
VSIG10L,-0.65402831091569,0.513093566127873,0.786201421580991
GABRA5,-1.87300841981111,0.0610672223171119,0.290616149893737
DPPA4,-0.295545651646316,0.767577083922364,0.914357092180319
GRK1,-0.303516925295289,0.761495950927951,0.911652459887689
NPAS2,-0.42159677027985,0.673319364091066,0.87268779566225
GGTLC1,1.15563204030243,0.247831696670109,0.572644899690063
SULT1A2,0.491915777420759,0.622778884259225,0.849924026218673
TDP1,-1.62227686036876,0.104744080971344,0.379707838011552
ACTR8,-0.410752439783858,0.681254070498607,0.876326077023197
UNC119,0.381445014798858,0.702873064272153,0.886459894352613
CENPQ,0.872323494381806,0.383031924059595,0.694625694459832
LMO1,0.0587069636307229,0.953185512731569,0.983541732126991
ST6GALNAC4,1.58401490844577,0.113190326497041,0.393410136013538
CDC42EP4,-1.05043197068822,0.293519553098602,0.619961276505186
DACT1,1.97419811242551,0.0483592205579568,0.260561760117051
ZNF212,0.311766458565262,0.755218016584208,0.908649705375106
SLC6A16,-0.240308172099671,0.810091360190543,0.931781308884036
UXT,1.39121869237633,0.164159120638055,0.468873160603036
IQCH,0.364966535364202,0.715136386645322,0.89207678090919
TP53I3,2.58826097846654,0.00964618665249862,0.112566623074406
ZBTB16,-0.586945777476082,0.557240123743176,0.813428058875462
SEZ6,1.2181267025643,0.223175828008903,0.548359957012757
TARS3,-0.473028567732879,0.636192797930795,0.85759850583831
OVOL1,-1.05988962306077,0.289194817068984,0.61524170468832
NCKAP5L,1.05568210832666,0.29111347397892,0.617018731897402
TUBA1B,-2.50322838801904,0.012306610031401,0.127906126771052
PNRC1,-0.516245207801144,0.605683159404545,0.841189129533739
FRMD1,1.0774690702361,0.28127076143921,0.607911874391849
ZNF532,1.45847224603093,0.144710419715701,0.438924250219274
TNNI1,-1.49949342063886,0.133745674282191,0.42324944053886
NME1,0.201298642221658,0.840465064186543,0.944287714276459
IL17F,-1.0538222940323,0.291964284526585,0.618135983266905
THEM6,1.05653241970148,0.290725037372985,0.616750475909936
RAD54B,1.99194856215446,0.0463767019353979,0.255013647876341
HTR7,-0.342738809559774,0.73179496335753,0.898738351095923
STRADA,0.558716502596965,0.576355214924168,0.824891774329339
TRAF5,-1.20667059627856,0.227559027180929,0.552006026874539
CDCA4,-0.0743622892015681,0.940722114549565,0.978512786673548
SLC22A8,0.385565640256725,0.699818384281354,0.885438778457299
LIPA,2.37232018988972,0.0176767647085342,0.154960886511969
MTDH,-0.31707080912886,0.751189873900681,0.906735233763768
SNTB2,1.64387668909795,0.100201676185521,0.37217437426469
SRA1,0.861834754244621,0.388778457078424,0.699438067481323
TMEM39B,1.38474314377687,0.166131021695912,0.471728219600849
HYAL3,-1.18239627047527,0.237048502343568,0.562565032867773
LARP1,1.12476251941364,0.260689680896884,0.586307622819148
SPAG17,-0.758142505503436,0.448365676011133,0.743709222723146
WASHC2C,0.84438427659614,0.39845470574304,0.706804244330246
TESK1,-0.53335826786648,0.593785599937912,0.835184900155642
AP3S2,-0.659413236494426,0.509630444581728,0.784362513634864
SERPINB7,-1.79959831721973,0.0719240869972105,0.314650822408153
GGT7,-1.96457605880045,0.0494633251929554,0.262783034432191
ZFP36L1,0.528371606771706,0.597241440371078,0.836788297058378
EIF5A,-0.398687193135024,0.69012370556247,0.880111340949023
ARHGAP10,-2.11886257540709,0.0341020825513719,0.218268744380318
SCAI,-0.859477129071188,0.390077332841011,0.700427992469254
ZNF576,2.53780248354837,0.0111550922074731,0.122170871345224
DNAJB2,-0.50530300544841,0.613346032220999,0.845051444576996
MMP25,0.122945646299121,0.902150139270331,0.969177598583828
EPHA3,0.564169099409411,0.572639055343623,0.822353720923609
PNPLA2,-1.3248636062574,0.185216393608412,0.500273536848361
SLC39A9,-0.538345407470671,0.590338608400639,0.832687716310212
HLCS,-0.110365486988544,0.912119523276235,0.97170102893589
LRRFIP2,2.99610744968102,0.00273450060113519,0.0582437848144551
ASAP3,3.17412928491824,0.00150286733529771,0.0424389836896176
C2CD2L,-1.87923579869092,0.0602123035695835,0.288155071910062
SEC23B,-0.76081862805956,0.446765406443403,0.742429129697136
HORMAD2,-2.15079303727025,0.0314925389220118,0.209108102578169
SEL1L,2.07863290435012,0.0376511042367069,0.228914759404644
HDHD5,0.91025333770554,0.362688920937087,0.677398610340227
HJV,0.569860923323609,0.568772030396058,0.820455606345215
ZCCHC7,0.982660749117003,0.325774434809307,0.648579660058637
BRIX1,1.01011435895124,0.31244050358207,0.636256115520108
RAB27A,0.748455199183748,0.454185638271507,0.748051937494956
DHX15,-0.985973267395714,0.324146231152371,0.647787025504924
ATG101,-0.549099226611085,0.582937355959552,0.827900780053306
NXN,-0.641427543221127,0.521244942668742,0.790906051947792
GDPD5,-1.82525120626593,0.0679631297115913,0.30617408824213
SKAP1,2.80567698032489,0.00502109992246451,0.0803425554227317
HIP1,2.13132581243754,0.0330623099775043,0.215310157663868
LUZP2,0.813517679514398,0.415921314103395,0.719407686917661
STARD13,-2.86083780479419,0.00422523154113557,0.0736416968282435
AGPAT1,0.441637428841441,0.658751594762754,0.866825818063446
PRR5,-0.395519340545378,0.69245965106363,0.881080028580766
PRELID3A,-0.631613389882544,0.527639534904158,0.794592561077777
SEC62,0.737811427541786,0.460629048069861,0.753134088650806
AGTPBP1,1.56456919687604,0.117683956176829,0.399903405800886
ZNF444,0.3056219133729,0.759892533863018,0.910585250369735
CELA3B,3.73886817249846,0.000184850623665623,0.014276218969325
MRPL35,0.873461672058682,0.382411488568223,0.694121816148077
PKD1L2,-0.727515735459982,0.466910079471622,0.758483210879486
TBC1D22A,-1.91812882820302,0.0550946778991587,0.275201736230343
NUDT4,0.998871157729359,0.317857109766672,0.641556512318385
MXD4,-1.43208952850057,0.152118200900524,0.45039739856339
AZIN1,0.922705049602863,0.356160933636208,0.672923717602203
CXCL14,1.56797202535427,0.116887661109321,0.39845049398969
RBBP9,-0.93741491537744,0.348545171578575,0.667324437292359
CDR2L,-2.92679640708341,0.00342472990242517,0.0664807748364186
P2RX4,-0.500586529463915,0.616662144653184,0.847036057653731
TNPO1,-0.0196600453443866,0.984314563810496,0.995023322998978
STARD7,0.418167472290809,0.675824676192495,0.873861872268363
FAM53B,-1.04871649744293,0.294308619037199,0.620506516614926
BAG5,-1.97785116073767,0.0479454999722145,0.259718559778852
CRYGN,0.883067408100824,0.377199852184973,0.690380222234858
NPHP3,1.72382596434899,0.0847392658714296,0.340941689580342
ABHD12B,1.02356087298672,0.306042733995886,0.631310385103318
LRRC8D,1.16092267442372,0.245673346892495,0.570814304150623
DGKH,0.0997136052862009,0.920571698921199,0.973864160541295
PCID2,1.28051064736373,0.200365602543753,0.520802766457937
NAB1,0.229444580458893,0.818523389999325,0.935117396990348
CLPTM1,-0.219952935107293,0.825907809385582,0.937197089682016
ZNF644,2.42019172334635,0.015512325972657,0.144173905786007
ARHGAP6,-2.42913105480435,0.0151350603340195,0.142134526624636
SERPINA9,1.04493630996913,0.296052406672495,0.622165160113729
LRRC71,-1.27520657816009,0.202236133589832,0.522898871010789
RAD51C,0.726724332349206,0.467394844513041,0.758890417180396
NIPA1,-2.88065606781224,0.00396848424305035,0.0708683087310067
ITPRIP,1.3717040783109,0.170155578304959,0.477832946768031
FIP1L1,-1.69857657290455,0.0893989936450117,0.352157706871504
SIRT6,1.52361962546475,0.12760375775101,0.415243788272659
NRIP2,-0.178754377175742,0.858130569930353,0.950730386607362
RTN4,-0.656126091296054,0.511742998057252,0.785570816887015
PPP2R5E,0.383908994138654,0.701045899889612,0.886046353804356
TSPO,1.08110478834157,0.279650503683824,0.606547668188633
LZTS3,-1.68725707303356,0.0915539313486571,0.356387529594232
AP1S1,0.8936504412303,0.371508949130702,0.686132900080955
CBX3,-0.387451837349774,0.698421734017926,0.884638422028332
CHAT,-0.788704888841581,0.430284509881554,0.73084791162843
PRPF4B,-0.418678225895764,0.675451310969803,0.87370443695711
SINHCAF,-0.82218206480607,0.410973284764099,0.714902980547465
TTC33,0.429450174165763,0.667595646722072,0.870545346022761
AKAP1,-1.0036881721233,0.315528939928078,0.639780909093597
PTPA,0.707047709332897,0.479536829797056,0.767230527507697
TASP1,-0.110420329108174,0.912076031413577,0.97170102893589
MGAT4B,1.550356730083,0.121055918031468,0.405831515071782
SUPT7L,-0.146376842819576,0.883623907149616,0.961796641624449
GALNT16,-0.226044230081497,0.821167019838825,0.936092286698608
SGCD,-0.438803042296183,0.660804255715549,0.867636790675847
SUV39H1,0.4798224586623,0.631353641852572,0.854795454459433
ZC3H15,-1.15641987011323,0.247509457916416,0.571981865321811
ZBTB49,0.323541850464323,0.74628491824177,0.905130054127545
HEY1,2.0350663057423,0.0418442017441948,0.241615817428041
IL21R,-0.530056166795347,0.596072988939479,0.836288995209848
NR1I2,0.809597938319093,0.418171293412507,0.721462319842823
KLHL25,-3.68036892265797,0.000232896754993122,0.015855062981781
STX3,-1.36402574370246,0.172559463489897,0.482493762930437
ZNF420,3.7357756186743,0.000187137481722956,0.014276218969325
CCDC183,-2.59737899323983,0.00939382123346901,0.111223117876771
ZNF385A,0.370365297353879,0.711110326967682,0.889724993424868
MAPK15,-0.286949232199978,0.774151192993175,0.916773763776043
ELAC2,2.27810711657549,0.0227201963589059,0.175369613117704
PLCB1,-1.72547531813463,0.084441848096765,0.340223195575556
FBXO40,0.995277222759592,0.319601452570278,0.643260900287533
LIMS1,0.618944844736717,0.535952694464802,0.798350727555552
RUNDC3B,-0.31752644813856,0.75084417426941,0.906735233763768
CMTR2,0.420744473877968,0.673941681727481,0.872974353215841
TTC8,-0.360629625070863,0.718376339970553,0.893094193479268
GZF1,2.52545892391626,0.0115547288319594,0.12362415817639
ISYNA1,-0.639931704897185,0.522217000677541,0.791261219873081
KPTN,2.45316012969058,0.0141607285578075,0.137773859059725
ENOX2,0.369616104875435,0.711668549674426,0.890148585668089
SPRYD4,-0.791727414036325,0.428519634009255,0.72999209118823
MRPL30,0.631821877211255,0.527503276470801,0.794592561077777
LBR,-0.689060646553457,0.490785103664857,0.773018729501862
PRIM1,-0.527725395762221,0.597689944153734,0.836788297058378
UBQLN2,-0.0369565989667787,0.970519611088406,0.990501975578137
PEAR1,1.4157135354239,0.156859393785004,0.458114218713716
LRFN2,-0.373769132877401,0.708576086139565,0.888501179050184
MFSD2B,0.527292011918896,0.597990820609611,0.836788297058378
ADCY2,-2.27707289812443,0.0227818727991246,0.175566738256507
AURKAIP1,0.310655903711949,0.756062223342246,0.908686704835547
OTUD6A,-0.944349355003594,0.344991152606061,0.66481571436358
TAF13,-0.167297155362606,0.867136242289504,0.954786451414345
FIBP,1.13311870563647,0.257164407043099,0.582989912414209
VSTM1,0.767025505607019,0.443066351094643,0.739939638016763
H1-6,-0.042086924560087,0.966429403625417,0.989255080730305
QPCT,0.544864233714715,0.585846896758883,0.829759590694712
ACACB,2.24013526410601,0.0250821427845071,0.184379343489377
CA7,-2.56420422957381,0.0103412675288915,0.116972508985208
FAIM,-0.155807333515344,0.87618488991715,0.959146409175869
PALM,0.613991208641784,0.539221136635726,0.800094782472399
ARHGEF3,2.04434837865876,0.0409191430883176,0.238451187105612
CHST4,-0.134041617066974,0.893369665697408,0.96627711939739
DUPD1,-1.55879626925541,0.119044607507095,0.402292765273249
DPYSL4,-1.41377309222202,0.157428536467628,0.458949486979097
GJB5,1.32833096287144,0.184068795253924,0.499472775551019
SNX10,0.830853264069358,0.40605652841533,0.71147689344016
TRPV2,-1.76039098331339,0.0783415370950152,0.327892901280735
KLHL17,-0.504466943574321,0.613933285865359,0.845448210226074
GSTO2,-0.996086621313051,0.31920805967443,0.642818168625027
PPP1R32,-1.07438705851388,0.282649240346581,0.609363270848337
OR13H1,1.51728896880504,0.129193742097992,0.417412293637758
SLC25A15,1.48788698671514,0.136780700120839,0.427329574255591
NF2,-0.480793041391437,0.630663596383519,0.854344264552993
ZFP92,3.6623928646893,0.000249870264484035,0.0166711141997202
ANKRD34B,-0.408647239385356,0.682798558057443,0.876711175340686
TEKT1,1.10412244680448,0.26954002532588,0.594903903936165
TRIM2,0.588065235532247,0.55648850649053,0.813007432897618
MAOA,2.43235729052491,0.0150009016263558,0.141611415687078
DCBLD1,1.63898014211762,0.10121739543019,0.373930542197915
PARVB,-1.90288030414908,0.0570561655429376,0.28007976598591
MTSS2,-1.45873661385642,0.144637614571054,0.438867670269976
TNFSF13,0.442698128705772,0.657984096162294,0.866515092364245
IMPDH1,-1.81083328585748,0.070166662126131,0.310491789899661
CRTC1,0.599513402859929,0.5488305751094,0.807763552271008
DNAJB12,0.0216219792737257,0.982749500704086,0.994879402107381
ATP9A,0.699028266246958,0.48453436616619,0.769755713141994
EIF4EBP1,-0.117076132044404,0.906799723514501,0.9704919162293
OLFM3,-1.51328382573349,0.13020757934247,0.418959117212183
TEAD3,1.1809827738315,0.237609566589693,0.563376169234821
HELT,0.621493378317585,0.534275049949928,0.798350727555552
METTL24,3.56310521245718,0.000366493702782902,0.0201844057009369
MAP3K15,-2.39244337797231,0.0167366103065471,0.150379000254336
FAM184A,0.215800331455514,0.829143389941692,0.939174368103766
DFFB,0.806187700173633,0.420134629676321,0.722465755614629
CLEC12B,1.87244233923274,0.0611454321155923,0.290680336365136
KRTDAP,0.00189841633087531,0.998485283829454,0.999307355934739
PSPC1,-0.799114176507151,0.424224210161724,0.726415616153748
ZC3H12B,-1.22901857429235,0.219064842010883,0.544317767675883
PTGES2,1.27886281917546,0.200945367690525,0.521350567059663
TRIM9,-2.08826589335501,0.036773856261223,0.226383378708
RPL14,-0.215193820742512,0.829616208411332,0.939316088442252
LRRC25,3.42523677758464,0.000614263831542243,0.0261328148175019
CFAP36,1.31453418111464,0.188666503183978,0.504719483431111
OSTN,1.80123264944293,0.0716662183040232,0.313956143916193
KLHL7,0.545994247287074,0.58506989158872,0.829390499398446
NOSIP,-0.746346052150803,0.455458398988216,0.749569039544401
CERKL,3.51091556923877,0.000446566207745392,0.0216718313213924
NANOS3,-0.973194255990809,0.330456765087965,0.65265915746446
FOXR2,1.68428316952439,0.0921269564696165,0.357130516246042
ABHD12,-0.374834613912476,0.707783469786468,0.888166269264093
NRN1L,1.56355365651624,0.117922425519611,0.40034971322575
PHF10,-2.82016458876149,0.00479990232649211,0.0782777870681394
FBXL14,1.70672095139178,0.0878739310955371,0.348603985639276
DLGAP4,-0.137551711970182,0.890594720907496,0.964498552227541
SFN,-0.227541870076949,0.820002415335013,0.93564249717431
AMTN,1.1087633181841,0.267532298663214,0.592975663753868
RAP1GDS1,-0.29957204224777,0.764503612312597,0.913111712620653
NEO1,0.177451108071495,0.859154065798216,0.950964647684026
RPGR,-0.889555583205799,0.373704564998272,0.687625916398481
PIK3AP1,0.586296491809748,0.557676288145459,0.81369834859571
TAS1R3,-0.600854197527275,0.547937102163878,0.807557063395421
SDC3,2.30774706912804,0.0210132084587047,0.16903379449486
SRFBP1,2.94307468157281,0.0032497001403726,0.0640807659066904
ANP32B,-1.13333604854297,0.257073158883412,0.582989912414209
YIF1B,0.425609571676141,0.670392364483745,0.871262815580261
LRRC17,0.382048377097131,0.702425481624977,0.886145736713363
ERMP1,1.5488039008858,0.121428867540398,0.406312674906804
SAXO2,-1.99871473144194,0.0456392281713752,0.252605300286919
RPS16,1.86043583599721,0.0628238885303259,0.294811547989125
GJB4,-2.16776142017977,0.0301768435932134,0.20474527325341
VMAC,2.35520756277569,0.0185123619146093,0.158765541943863
RIOK3,0.129731875642347,0.896778562559154,0.967324789360891
PTCHD4,-1.13636541797413,0.255803662652273,0.581759780797021
ZCCHC13,-0.858119389275747,0.390826541915935,0.701051055995832
CLIC5,0.322998167671621,0.746696629742072,0.905130054127545
GRM8,-3.12068758716976,0.00180429339642501,0.045927403362107
ALDH3A2,1.74359185559028,0.0812302844824078,0.333221510765744
ZNF189,2.90310017839543,0.00369488424880869,0.0685914412403069
SERINC1,-0.462940001427196,0.643407373928205,0.859754849122087
GALNT15,-0.133836760256853,0.893531658197815,0.966323368543393
DUSP15,-0.45536149878861,0.648849189185372,0.861755869224612
ANKRD6,-0.212942842268764,0.831371545338068,0.939990986140839
SLC35F4,1.16458503750977,0.244187003253914,0.569582261583349
DNAJB13,-0.0103180550070812,0.991767529287166,0.997062606750959
KSR2,-1.44243205953222,0.149180525107949,0.446220175581241
BORCS7,0.330508072709794,0.741016093889574,0.903174382907929
ELSPBP1,-1.22258632859275,0.221485979386067,0.54643285500988
NCCRP1,-1.55165102669602,0.120745746677137,0.405374922423482
USP54,-0.190770654512036,0.848705280721354,0.948104132825221
NFASC,-0.828266098594391,0.407519817636735,0.712643081678049
ZNF292,2.68815194897672,0.00718486938040315,0.0969688158092879
TSSK4,-0.695170118929801,0.486948696091541,0.771304288510233
ZNF648,1.56896607975941,0.116655842997883,0.398015988684031
CLEC18B,0.471389993463311,0.637362260468748,0.85759850583831
HMX2,-0.655455661854854,0.512174424170641,0.785652209595548
KCNJ11,-1.51303619963167,0.13027046398602,0.418959117212183
MYMK,0.15525603820735,0.876619471720515,0.959284304019716
ABCA9,1.09193460516653,0.274861845943049,0.600759932698339
SLC26A3,2.76520537641778,0.00568869673713506,0.0857806658521469
AIDA,-0.584063870042053,0.559177341599333,0.814476268769411
FPR2,-0.201117327129487,0.840606833711877,0.944371788718867
TRAF3IP2,0.917411251883471,0.3589271787926,0.67472286626974
GLI4,0.396683662721918,0.69160074911124,0.880922416629069
PLCH1,1.27241233127169,0.203226655004663,0.524130234932643
KCTD21,-1.01179753736158,0.311634867699923,0.635942285099843
MIOS,-0.527097432291697,0.598125929761238,0.836788297058378
DOK7,-1.49563654465592,0.134748394479149,0.424351413660876
PLAUR,0.461999668812907,0.64408155794922,0.859803281095682
DOK4,-0.655441125465288,0.512183780541438,0.785652209595548
FGFR3,-1.63618147754635,0.101801611785343,0.37495725272884
RNF133,-1.54985934313025,0.1211752798652,0.406063698849499
ENOSF1,0.645987900908398,0.518287191069653,0.789514938001606
GPT2,-1.44432609214647,0.148647269579708,0.445364804550366
IFITM10,-2.72277302813065,0.00647365167361465,0.0924505902886518
C3orf33,2.582082549289,0.0098206091498835,0.113458484469324
HRH3,-3.82074211723737,0.000133050717152211,0.0120481512531855
ETV7,-1.09807592915803,0.272171335193556,0.597839757253263
MEF2C,0.524966935793004,0.599606176266883,0.837176918271113
NAALADL1,1.01688553756609,0.309207884104713,0.633862475458872
FBXO38,1.2237715061741,0.221038436107712,0.546160367510656
RASSF4,-1.58065452189337,0.113957052167057,0.394074787292077
ZNF326,0.098085860948277,0.921864114713292,0.974150559709744
UBE2V1,-0.518793680417515,0.603904625336982,0.839928318453747
KCNK7,1.27847667301871,0.201081404626068,0.521350567059663
KRTAP24-1,-0.150727567471973,0.880190625972853,0.96041803139643
SOX18,-2.42917212090507,0.0151333460373169,0.142134526624636
XRRA1,-2.29231928457845,0.0218872258206809,0.172553802407683
INSIG1,-0.288489956717713,0.772971717259837,0.915997366890178
XIRP1,2.92457041686188,0.00344932029039254,0.0667184159749077
TMEM201,-2.36643719055315,0.0179602214755492,0.156262603272774
TUBB4B,0.238102583992997,0.811801530630777,0.932448832190131
PRDX6,0.301297430861885,0.763187699830531,0.912683298402913
NUP43,-2.42338966615687,0.0153764233463585,0.143404169172109
LIN54,3.01414616554118,0.00257703617469817,0.0567636463456124
RTL4,2.65260910707895,0.00798723091650333,0.10245151084919
PTAR1,0.783050907846886,0.433597217942969,0.733477072180921
CPSF7,-3.11423584315891,0.0018442201158004,0.0462588167572016
GSPT2,-0.391616567891086,0.695341544384556,0.882875692693817
UPK3BL1,1.90014782332149,0.0574137232607119,0.281068873552667
GFRAL,2.80224283497208,0.00507486584227225,0.0808040279345687
GTF2F2,-1.35082823130278,0.176750462389388,0.488648856365272
UTS2B,1.88960637300417,0.0588106241999311,0.284273065666424
CYB5A,1.04135517054826,0.297710740202454,0.623864691395161
VAPA,2.08595588484371,0.0369826193264921,0.227132486955003
FOXN2,2.52282486972231,0.0116416362593688,0.123996029547427
RANBP3,2.03841710197529,0.0415082374072887,0.240754168698905
SOCS2,2.39797021875623,0.016486205579418,0.149287657115523
PTGES,1.23305356152392,0.217555781567747,0.542350301973486
BRAT1,-0.399260697038473,0.689701123662408,0.880087126689357
IFT27,0.592741686626428,0.553354038563624,0.810862191230726
PAQR9,1.37619277102772,0.168761959583691,0.475791826662732
PDE4D,-0.823300491746779,0.410337134064179,0.714610669508655
RRP1B,0.911188132518313,0.362196255869984,0.676749455740005
NHLRC1,-1.21016045404439,0.226217329389108,0.550894935707339
VWC2,-3.22538778030584,0.00125802144119902,0.0383516350752969
MOCS1,1.78274931467938,0.0746271198118166,0.320727166924075
ADGRL1,0.193250294734305,0.846762951529226,0.946817349327981
DNMT1,4.00982042721518,6.07649420693647e-05,0.00820782455001944
OR1J4,3.56780790038892,0.000359980256254691,0.0200512713870525
PPP1CC,-3.00571747583528,0.00264955051422047,0.0571262169315859
ACSL4,-0.558160814048421,0.576734576487682,0.825009594185109
LRRIQ4,-0.585554770446197,0.558174750396537,0.81398601252159
GPR18,0.483825273306464,0.628509877102537,0.853225845724876
TERB2,0.597281256632473,0.550319616258083,0.80856876902894
IDS,0.775019748505726,0.438327990230017,0.736178467893311
H1-0,0.337921564906987,0.735422296076683,0.900998329056618
HNRNPA1,-1.89295780854703,0.0583634805384916,0.28311232234707
BROX,-0.808653446267101,0.418714513042575,0.721551927990389
KLRG2,1.16628784916973,0.243498084241556,0.56922421533684
MCCC2,1.05092834123381,0.293291502627515,0.619731712435065
EXD3,1.2227300556516,0.221431671024866,0.54643285500988
ACER2,-0.621759009269735,0.534100343518486,0.798350727555552
ADIPOR1,0.288929149184698,0.772635596743449,0.915997366890178
IL1F10,-0.511236157857332,0.609185702832844,0.843097703725491
ANKRD55,-0.251641017366156,0.801318551297056,0.928577139281225
CAV1,-1.62357303627122,0.104466964009304,0.379239646053038
ANAPC1,0.767202771813025,0.442960965159203,0.739939638016763
BSDC1,1.75148281800082,0.0798627783902409,0.331056311818425
BEND7,-1.11346227815735,0.265509940496115,0.591517122791588
RNF19A,1.7933092317134,0.0729234920818879,0.316758505914976
ESR2,-1.05320000463681,0.292249336358144,0.618271773073622
GATA2,1.79487449787404,0.0726736979207153,0.316318625733367
IL4I1,0.505854625930741,0.612958707293659,0.844938849894284
SLC25A40,0.852268325609508,0.394065181840315,0.702529974972466
TMEM221,2.95877314241429,0.00308866384491702,0.0622688460973382
B4GALNT1,-0.222043151569484,0.824280291576461,0.936819265165029
FCF1,2.13846153383287,0.0324793028982537,0.212795885480111
ZNF606,-0.623399648849255,0.53302192867924,0.798203292864172
NBR1,3.18489496718143,0.00144806555159013,0.0417645810066272
TSTD2,2.07798117131173,0.0377110933836813,0.229107613439314
MGAT3,-1.34394833519764,0.178965094309153,0.492336254863725
TOX2,0.954686397116085,0.339736310926844,0.660682167224142
LCN6,1.39515739219648,0.162968382416574,0.467343151089989
SERPINA12,-1.1636866893818,0.244551005547454,0.569857281328159
LIMA1,2.71073219812108,0.00671348242353252,0.0938093418991711
RTL6,-0.35715447135587,0.720976167662248,0.89353502581674
SH2B3,1.33529741477344,0.181779024425743,0.49620347034639
DLK1,-0.712617764499113,0.476082316055386,0.765177814669485
FBXL5,-1.17692658418563,0.239224810331743,0.564937535393918
C2orf80,3.03632052177429,0.00239484636815373,0.0549053250090577
KAT5,0.634977668920726,0.52544297943374,0.792786489215442
KLHL6,1.51067936160547,0.130870163158794,0.419878673332955
RHBDD1,-0.0846798744611319,0.932515896342246,0.976500714042838
NOXA1,1.19691509432672,0.231339650201418,0.556485462696663
CORO1B,-1.3598883613801,0.173865254570594,0.483974224855704
PTMA,0.883452537459717,0.376991815625445,0.690227696530844
NFYA,-0.946733162032855,0.343774767675348,0.663994901006877
CAPRIN1,2.07342551336447,0.0381326965763939,0.230334380375962
FLRT3,-1.90591298008662,0.0566614967062372,0.27873329290179
SGK2,1.39003992145657,0.16451675507827,0.469398359983045
SLC24A5,1.54655171515313,0.1219713805706,0.406881671666881
SYDE2,4.44325268097989,8.86089992906413e-06,0.00261815387312133
LCTL,0.427305194257664,0.669157050003267,0.870923553367681
ATP7A,1.34472652143917,0.178713566643101,0.492185482249323
DCAF5,0.842121182267416,0.399720125703548,0.707321344708386
CDH5,0.442409980746382,0.658192557938106,0.866584309862583
NAPEPLD,1.03042588951548,0.302810125163962,0.6282961237561
ING4,-1.24649054772063,0.212584357248857,0.536122235132543
CFAP65,0.381378529697166,0.70292239016066,0.886459894352613
TMEM248,-0.565964297345598,0.571418051118062,0.822175725571826
SERPINA6,3.18520333221379,0.00144652333011734,0.0417645810066272
CLUAP1,-1.01788266857935,0.308733718986817,0.633611654983201
TMEM202,3.3194441068744,0.000901968588490752,0.0327069549235942
PPA2,2.23408534347548,0.0254774581859937,0.185872951239933
GNA14,-0.297235398018822,0.766286798683325,0.91408790968241
MESP2,-0.439511647780121,0.660290844057797,0.867459098035565
PMEPA1,0.508717289947928,0.610950401379266,0.843878531041176
PRR19,2.51454208617631,0.0119187076107995,0.125616646565503
RAD1,-0.677210181344235,0.498272608840879,0.777218752439069
DNER,-2.79378086169875,0.00520957681526298,0.0822097257235708
JARID2,0.425638289710823,0.670371435058115,0.871262815580261
FAM163A,-1.2031939523384,0.228901274651092,0.553083009537917
TRIM29,-3.63558458516258,0.000277350968427834,0.0179106846503855
DPP8,0.25194713183235,0.801081928424139,0.928577139281225
TAF9B,-0.101359721247636,0.91926490953925,0.973316967106375
TMEM220,0.7621465458001,0.445972545273254,0.741803791705495
CEP97,-0.145221817911228,0.884535740331712,0.961796641624449
MYB,-0.620863773405569,0.534689258555259,0.798350727555552
EPB41L3,2.59679937679572,0.00940968661053368,0.111234460492741
DALRD3,1.93165088063237,0.053402611257024,0.271945625468144
OR2S2,1.57615151553305,0.114990889159798,0.395394001355786
ZNF70,2.50881462791966,0.0121137035911168,0.126790585113551
NADK,-0.83773318939894,0.402180568886762,0.709429191542663
SLC24A2,-2.13145442146007,0.033051723539976,0.215310157663868
IKZF2,1.24170877875745,0.214344029792908,0.538484559657974
CIR1,0.407220640808765,0.683845942992966,0.877352818151112
PPP1R17,1.68120009259632,0.0927240555445256,0.357848622933623
KCNQ5,0.555542212506978,0.578523845312739,0.825800422229539
PEAK3,0.29640016598414,0.76692449858242,0.914179546909062
RASSF6,0.903244317997157,0.366396241570141,0.681537374295434
PDPK1,-2.17738395281198,0.0294519319784215,0.202253095802293
CLDN14,-0.11302762400119,0.910008654755583,0.971162468097235
IFNAR2,0.680295798418235,0.496317184382527,0.776429210236021
DPY30,0.0184714216766891,0.985262775873503,0.995023322998978
DPH5,0.351586214155458,0.725148605433198,0.895060443608491
SSX2IP,0.945921993263683,0.344188374918268,0.664161146693092
CLEC14A,-0.640018695039533,0.522160445354679,0.791261219873081
PKN1,2.62139131318129,0.00875716804305696,0.107152257298712
JPH1,-0.241123121020144,0.809459693386047,0.931555682757543
SP6,-1.8120697599348,0.0699754182207392,0.31040819757525
SMPD1,-0.589084416388952,0.555804646668433,0.812921090927412
CECR2,1.8494253663668,0.06439641542618,0.299255016526076
GJA4,-1.0483429576437,0.294480624443717,0.620679500703896
KCNJ14,-2.67330687474701,0.00751075085765439,0.099299967905155
RBPJ,3.55696015750153,0.000375171030555357,0.0202704907809059
POU2F2,0.932655006325888,0.350998122851786,0.669176853297871
TMEM230,2.81796050066551,0.00483297549645297,0.0784161159379441
LMX1A,-0.0842317304266893,0.932872190592091,0.976643879886423
ASCL4,2.85313137013256,0.00432907212062521,0.0744903715533058
PDE8B,-2.14712283940015,0.0317835034674618,0.210040652620726
ATP13A5,0.961037617829582,0.336533253726648,0.658236146549301
ASTL,0.984108486296598,0.325062174788879,0.648232931253719
BIRC7,-0.77968243054885,0.435577822894795,0.734831221468685
SNRNP48,-0.773872041678531,0.439006464509355,0.7367048090991
RAB5IF,0.94861598010686,0.342815960491577,0.663328109177693
BRWD1,0.867952152323097,0.385420526895201,0.696852350300537
TMPPE,2.21375520672673,0.0268456229543129,0.192030318828975
PODXL2,2.84569730729219,0.00443142964318458,0.0754941718989884
ZNF79,0.872340151301461,0.383022839711276,0.694625694459832
C2orf66,-0.107249096310964,0.91459136678528,0.972111996832641
AGMO,0.404912379611947,0.685541918285262,0.87799849506051
ZBTB42,0.57378832044224,0.566111053228932,0.818743404074151
ZNF207,1.97734620315493,0.0480025104365633,0.259790548135644
TMTC4,-0.257213470592914,0.797013985732257,0.927114483223259
FOXM1,-0.160051080506955,0.872840836390417,0.957826247321515
THEG,-0.463764739932085,0.642816308163796,0.859677013279956
TCAIM,1.57140314644025,0.11608903559673,0.39689668381932
SOX12,0.0726332165106451,0.942097993566097,0.97900156287427
SNRPD2,-0.177676611340393,0.858976954411482,0.950964647684026
MAP2K3,0.0775839006317632,0.938159049210223,0.977679325361294
C15orf61,0.562451064994084,0.573808735445945,0.822939815328555
NPR2,1.47909475765181,0.139114991112866,0.430358134493622
ATP13A4,0.323216852309126,0.746531019002113,0.905130054127545
TP53INP1,0.419646723578204,0.674743550218333,0.873346498881176
CBFA2T2,0.849221930052369,0.395757812651396,0.70446599596081
CDC42BPG,-1.01452685332811,0.310331422575808,0.63536213572455
CARMIL3,-1.48285243482281,0.138113621229569,0.428799255643039
PKLR,0.571119059929221,0.567918939409387,0.820006956074003
TMEM215,0.671607962598185,0.501833307792002,0.778990239992392
SUSD6,0.826106919274847,0.408743442962195,0.713551154224471
AUTS2,-0.111027818095074,0.911594287454141,0.971652557467159
PROZ,2.91190008085047,0.00359237529893346,0.0678629048181808
SYDE1,-0.546160934806603,0.584955316638271,0.829313454682912
ERBB4,-0.731315445717164,0.464586498240358,0.756604295185167
ZDHHC3,2.56836472993441,0.01021795829641,0.116308206479291
FOXD4L3,1.48963725879455,0.136319639744632,0.426605639217009
PRSS3,2.82831285178795,0.00467940520916224,0.0773964071788886
SCGB1C1,-0.524746031607454,0.599759753031861,0.837187498581056
ST3GAL2,-1.25465981137464,0.209602280801088,0.531931011351939
NLRP13,1.63226981896522,0.102622658272433,0.377105116286071
PPCDC,-0.578360393834573,0.563020827834891,0.81645942838707
GSDME,-0.7669288421718,0.443123824185867,0.739939638016763
MAGEH1,0.0186184339726129,0.985145497201086,0.995023322998978
FAM122B,-0.919296744681813,0.357940380071872,0.674153511933295
C3orf62,-0.989352291344854,0.322490808015194,0.646153085133077
SNX18,-1.39504900763395,0.163001061585707,0.467343151089989
TM7SF3,0.638355844869789,0.523242067062239,0.791932722875502
BSX,-0.739083798232883,0.459856114348005,0.752469123044558
CFAP77,-0.379720877507863,0.704152620929137,0.886976207074944
NELFB,-1.23484517855969,0.216888129583361,0.542186874216025
ESPNL,-0.0389772089732818,0.968908559407292,0.990104579462413
EPB41,0.98449980261311,0.324869828458858,0.648232931253719
UBE2D3,0.276771380532404,0.781955658042606,0.919997270461933
PRELP,-2.29433857311366,0.0217710585546395,0.172528620346622
SLC6A13,1.5421903215604,0.123027351294809,0.409095817275777
RTP5,2.91951470282934,0.00350576856296827,0.0672485238309498
DPYSL3,-0.464528192178881,0.642269365906182,0.859677013279956
SLC12A2,-1.48764461767825,0.136844640215216,0.427329574255591
MAFK,-3.16761076677073,0.0015369714713389,0.0426593271190918
CCDC18,1.56602097584254,0.117343706606785,0.399165611834077
CLCN1,-0.909614443250017,0.36302587886222,0.677835096242106
RPS2,-0.463209119616979,0.64321448003318,0.859677013279956
APOD,1.41796836677713,0.156200000477222,0.457216049957365
FERMT2,0.442272745502473,0.658291850659386,0.866584309862583
B3GLCT,-0.398786892097238,0.690050236213366,0.880087126689357
E2F1,-0.325683703332459,0.744663675419202,0.904973449141284
HHIPL2,0.692601356653757,0.488559758712793,0.772107453029701
MBTPS1,0.11274982494771,0.910228898472034,0.971162468097235
FYB2,2.79607960707304,0.00517266574905894,0.0817987698795086
LYAR,-2.30210966717758,0.0213289883922799,0.170306193522397
HOXA9,1.57545433710244,0.115151610590468,0.395610948719986
TCEA2,-2.98828573398001,0.00280547135732828,0.0588277946066418
CASKIN1,-0.66808151194776,0.504081562566153,0.780524586166355
TP53BP2,-0.0981775845256963,0.921791281418956,0.974150559709744
P4HTM,0.543654519294845,0.586679235138229,0.829942723193887
FAM111B,0.642510512672316,0.52054176573694,0.790832617591493
SLC35E4,0.306425042338047,0.759281043776216,0.910294854923719
RASAL3,0.940544146111686,0.346938516347081,0.666669882390735
MEAK7,1.55363115417542,0.120272423594582,0.404208109899353
TMEM203,-0.401188709901438,0.688281192379002,0.879251090036801
H1-2,-2.41970548244838,0.015533082011871,0.144201446924638
NKAPL,-1.57221748969934,0.115900120664196,0.396501700262972
RBPJL,2.69126680985008,0.00711812416190802,0.0967933511244691
NTN4,0.0197505155903168,0.984242393011332,0.995023322998978
MED22,-1.16133936637851,0.245503916317159,0.570814304150623
TSPOAP1,-0.140500009066296,0.888264945327491,0.963327077399525
WNT8B,0.792005203680417,0.428357642054508,0.729869549044625
ACOT11,-1.47428055761487,0.140406067733597,0.432834148325196
ICMT,-0.640312001801736,0.52196977961519,0.791261219873081
PYCR2,-0.761654915275554,0.446265990132799,0.741964439334104
TGIF1,2.45724812428357,0.014000594983702,0.137038432421996
ASH2L,0.744744610954953,0.456426124930191,0.749910184510384
SNTN,1.52765515027291,0.126598181073106,0.413548955464323
CAV3,0.430895836972738,0.666544110592738,0.870308803656975
ZBED6CL,0.428479454999057,0.668302088235396,0.870780429920219
FOXO3,1.39505842378931,0.162998222312569,0.467343151089989
CYP1A2,3.22084845280459,0.00127811713722126,0.0386948071044811
ZC3H6,0.182375391809839,0.855288136427949,0.950203242873858
CPTP,-0.45158488449139,0.651568061290853,0.8630863845811
P2RX2,-3.48520619047718,0.000491757944346668,0.0227851713600669
FGD6,2.42521237469558,0.0152994337357526,0.143015294938186
FAM25A,-0.0313337419874122,0.975003381397112,0.991830664557913
SEPTIN6,-0.0250080289512227,0.980048559435564,0.994247079124131
DIPK1C,-2.06707695520608,0.0387269031841878,0.231809556370749
PPM1G,-1.15447809129896,0.248304215604242,0.573164772248527
SPINT1,1.8670554233223,0.0618938485387978,0.292233437508119
DYRK2,-2.66788853650508,0.00763295763983521,0.100018278402659
COX19,-0.753795243189553,0.450972180726437,0.745442390107568
SPRY4,1.04282828358918,0.297027829418805,0.623030595508586
GRAP2,1.64401009779482,0.10017411658273,0.372157289866943
TRIO,-3.82198040705916,0.000132384210328174,0.0120481512531855
ILDR1,2.38385308740493,0.0171324403588935,0.152685167279667
RNF13,-1.04927827043441,0.294050063961132,0.620202665809499
POU1F1,0.798089283042113,0.424818680142368,0.726896018835389
CCDC38,-1.12086446960825,0.262345556805683,0.588317533240636
TAF3,3.02799862104398,0.00246179210672886,0.0551875872750923
ZMAT5,-2.44728133090378,0.0143938437622462,0.139123323519528
C15orf62,0.817989249592152,0.413363325863039,0.717366825365524
TRPC6,-1.43543570498071,0.15116297759296,0.449468733980857
KPNA1,-0.0527143514355681,0.957959504132843,0.985314144456453
XBP1,2.73881294893789,0.00616614443173916,0.0898804272428598
CA12,0.61041347046694,0.541587947134441,0.802085422535448
EVC2,-2.08156234796881,0.0373824636002557,0.227965520126616
C7orf26,-0.625275683120954,0.531790136806715,0.797698363823525
IYD,1.64107492759386,0.100781862578491,0.373618090686832
SLC35F6,0.240433434345351,0.809994261383409,0.931761777746293
ZNF395,0.77624480974101,0.437604452990601,0.736163958486335
TMEM198,-0.430456874858128,0.666863330646637,0.870545346022761
ABCB10,0.0412042524282081,0.967133063606102,0.989420948534785
DTNBP1,-1.30056264880366,0.193408199023616,0.511662069197616
TPD52L3,-0.718609599078051,0.472381497280917,0.762177154034082
FZD9,2.26299489800939,0.0236360037971357,0.178692157438327
LIPI,2.04915172190151,0.0404472812192734,0.236767779444999
NKX2-3,-0.971102123137597,0.33149742665769,0.653758582393782
SRR,1.70658960684898,0.0878983582767427,0.348603985639276
ECM2,-1.04628234180576,0.295430695652996,0.62170692499645
PLEKHG7,2.47632206437285,0.0132743774037872,0.132444938433287
MRRF,0.439406856690621,0.66036675912467,0.867459098035565
LDLRAD2,0.544239064771419,0.586276972918777,0.829867341579707
ZFAND4,1.87600779683865,0.0606542092821378,0.289075000956828
UNC119B,0.0166520375128249,0.986714210368994,0.995496740686607
MCPH1,0.633418718044956,0.526460244778158,0.793877952145239
MAP3K14,1.53054072727094,0.125882940453719,0.412983966931054
POMGNT2,0.435360171438346,0.663301015380946,0.869041385827364
RGS12,-2.12172054550067,0.0338612122594784,0.217541176977363
SIGLEC1,3.73286020411941,0.000189317679079534,0.014276218969325
FRMD6,1.42020840038091,0.15554701878953,0.456254366188834
BABAM2,0.173288551351614,0.862424622254766,0.951912629749322
FAM166A,-2.8085419425745,0.00497663993224067,0.0800261474818344
LYSMD4,-0.687883290162014,0.491526280061608,0.773810166425661
BSPH1,-0.508761617890328,0.610919325996231,0.843878531041176
MRPL20,-1.36687210699153,0.17166539625889,0.480906396121734
SYNGR4,-0.421347156505841,0.673501600383771,0.87285419689938
PUS7L,1.83984934584543,0.0657903584667116,0.30221856551954
PCDH18,-0.446396810700352,0.655310636193155,0.864485236595983
MIA3,2.2036584356357,0.0275483743306002,0.194626133884638
CPSF4L,-0.78443911698132,0.432782493216642,0.73271061547405
ARHGAP12,-1.18147424863203,0.237414377472335,0.563165446007298
SLC15A5,0.788037883806287,0.430674546845509,0.731127328217308
FAM221A,1.74848867666195,0.0803794446486455,0.332364902630075
GYG1,0.763734677272972,0.445025371244362,0.741129789633193
RSC1A1,2.35595324050209,0.0184752431456646,0.158699107656639
HSPD1,-0.43689409576557,0.662188154020162,0.868374126648848
OR52B6,1.29637265681417,0.194847127680763,0.51329060500203
TRADD,0.118579326458228,0.905608644869972,0.970403934304313
ADRB3,-0.803831603593539,0.421494235135796,0.723575519732696
CORO6,-0.0213186034627393,0.982991503793941,0.99489911239438
RNF41,-0.381021985644091,0.703186934700011,0.886586576271972
THUMPD3,1.16664426611276,0.243354059031906,0.569031440110814
FOXN3,-2.42800952124584,0.0151819447040599,0.142448213173001
ARHGAP5,-0.119647896536539,0.904762076274486,0.970008421695433
PRICKLE1,-0.106181810127571,0.915438102765936,0.972111996832641
IDH1,0.230769964714364,0.817493516147162,0.934703027098712
CCDC78,1.81705014692877,0.0692094352170207,0.309040147502118
SEC24C,0.119783230291166,0.904654866575253,0.970004017484836
RSU1,-0.529990677908111,0.596118394142426,0.836288995209848
SKAP2,1.52765560799644,0.126598067367976,0.413548955464323
NPTN,-1.67134379340845,0.0946537909967073,0.361308990759811
BAX,-0.92361084598366,0.355688964837229,0.672773659779708
LTB4R,-0.741158514126964,0.45859733418286,0.751144591900858
BNC1,-2.6593200486747,0.00782985447751964,0.101321549285822
GIPC1,0.337683221624238,0.735601920011756,0.900998329056618
UBE2G2,-0.249001629701901,0.80335952079217,0.92918898762097
STAT5A,0.780808033670751,0.434915408327229,0.734251000268311
ACTG2,1.11655747873464,0.264183581036308,0.590560152395189
WDR35,-0.645402887329969,0.518666132791862,0.789637625267481
PPL,-1.46596336147168,0.142658268603458,0.435963023339641
MUC4,4.45476752161518,8.39841485520711e-06,0.00261815387312133
GANAB,0.94593592601159,0.34418126806276,0.664161146693092
NFATC3,3.08632989368358,0.00202643857757099,0.0494676850961568
GATA3,-0.496556903430472,0.619501550543439,0.848654349765034
DLEC1,1.61004196135013,0.107388696042969,0.385101440508163
OSTF1,1.76987446502551,0.0767480554651693,0.325146165978811
MTMR2,-1.54557117078334,0.122208168187266,0.407335430423072
CTTN,-1.79713141981484,0.0723147587272999,0.315660697013229
F7,1.9418732565224,0.0521524456819473,0.269777548697662
TBL1Y,-2.44387102529881,0.0145306200733931,0.139306853589337
CLCN6,-1.48760883426278,0.136854082297537,0.427329574255591
FBXO16,2.99625059216721,0.00273321721136868,0.0582437848144551
E2F3,0.716271796747927,0.473823537994027,0.762902868607983
APP,1.15757440951252,0.247037757425832,0.571870181393217
IL36RN,-2.29920586347339,0.0214932522227771,0.171196130358228
IKZF3,1.73715832311831,0.0823592290457529,0.336008241530986
DLG1,0.448374653466747,0.65388283125139,0.864131874092215
RNF175,0.626018792882758,0.531302614931428,0.797396674576252
KCNQ4,1.18399606113298,0.236414622023282,0.561883373662078
ZFYVE26,0.85286247357984,0.393735574140224,0.702322336831765
IL23R,2.30899611608571,0.0209437967664521,0.168642822547155
MKKS,3.40286123360303,0.000666841394544638,0.0273641320612001
CSTL1,1.55751724446973,0.11934772960434,0.402706099488449
CHMP4A,0.617366004388472,0.536993339908381,0.798894303847326
CACNA1C,-0.40183353423346,0.687806540823016,0.879224495088387
CLCN3,-1.4191095420878,0.155867082446987,0.456843783138584
SPOP,-0.225104239060491,0.821898183314629,0.936313914488623
NUP50,0.317029278133944,0.751221386526845,0.906735233763768
SLC28A2,0.568548703603503,0.569662444788719,0.821334749524979
HGH1,2.37454384049264,0.0175706495000311,0.154663946072179
PIDD1,-1.6433120015907,0.100318396427521,0.372437216604143
CD5,-0.433375779648557,0.664741793328702,0.869426267091497
RBM5,-1.97797969038675,0.047930997871093,0.259718559778852
SLC5A11,-0.573251314722545,0.566474544358692,0.818965671331175
SLC22A18,0.74044938574138,0.45902736203617,0.751552980933765
MEF2D,0.138595163714289,0.889770065223147,0.964197549649157
UBE3C,0.490140847120322,0.624034235367254,0.850889752082084
PTN,-0.725866186311297,0.467920807331738,0.759192289654163
WDR54,1.52412969303394,0.127476316576888,0.414995705040124
CACNA1H,0.49205813786163,0.622678244719346,0.849924026218673
BTG3,-0.153861939396669,0.877718594645095,0.959284304019716
GPAM,-0.696355145773587,0.48620644580241,0.770976352965297
STRBP,-0.67816492573455,0.497667128516737,0.777155393358037
CRHR2,-2.01048299072821,0.0443800946736054,0.24849094717199
HELLS,-0.775036299125618,0.438318210635866,0.736178467893311
RPL35,-1.83206429321356,0.0669418423898205,0.304792225645113
SMARCE1,0.011219645755084,0.991048205684052,0.996910727674965
VPS39,1.90208874055689,0.0571595542000375,0.280323741041803
ZDHHC1,0.83308941951194,0.404794300309234,0.710329199275996
CDH26,-1.4932531841171,0.135370925198061,0.425485892996195
ADARB1,-1.05110810933035,0.293208940038515,0.619638032475137
RBMS1,0.438136609731976,0.661287257183924,0.867938248399139
C7orf57,0.460537174420336,0.645130694784846,0.860227330681768
ALDH5A1,1.42533753952715,0.154059653718941,0.45320379802728
ZPBP2,-1.12622588985999,0.260069917586398,0.585844681556815
CKB,-0.420912931827195,0.673818661793519,0.872974353215841
PFKL,-0.808342825790122,0.418893255478414,0.721551927990389
WDR3,-1.5083534038156,0.131464101948592,0.420545022396829
IL22RA2,-1.11455247505311,0.265042245652843,0.591500724189306
HPS5,2.35713150830839,0.0184167234364147,0.158508575551558
MADD,-2.95005756608635,0.00317714726157811,0.0634216502006399
AKT1,-1.03157241676573,0.302272467581266,0.627743039977546
CNBD2,-0.0551656610990926,0.956006485731683,0.984784193437762
NXPH4,1.53597288397942,0.124545030940215,0.411318338734709
UBE2J2,-0.900292350178248,0.367964691021212,0.683043939162028
ADGRG5,-1.11144128305544,0.266378450843327,0.592262431282452
ATP2B3,-2.58429450344095,0.00975784337381021,0.112894277834468
POFUT2,0.426812955901655,0.669515569117157,0.870961304961477
LEPR,2.26855145804117,0.023295616385612,0.177127576574501
BPIFB6,-0.0876781321980575,0.930132500653342,0.975549863482734
KCNMB3,1.75213959586948,0.079749807147869,0.330858618904481
SMARCA2,0.291477267977065,0.770686327009747,0.915414018083662
GALNT14,-1.97797523056884,0.047931501014105,0.259718559778852
CDK5RAP2,1.73451735928264,0.0828263283816291,0.33655852512856
MYNN,1.93057421235251,0.053535729472477,0.272163800536474
SCEL,-1.49183551326824,0.13574227147577,0.425991573736835
NFAT5,1.80487028464114,0.0710949827401781,0.312708891982679
COG3,-0.822750343723781,0.410649979920966,0.714877620506813
TAF1A,2.17812561437928,0.0293966860958098,0.20222733755675
SAMM50,-1.29437774796992,0.19553497296733,0.513874763112914
NASP,1.03714415876613,0.299668677893534,0.62521999768211
BIRC5,-0.297637692915942,0.765979702872423,0.914050793446994
CILK1,-0.54764930372821,0.583932728488985,0.828660969714407
FSIP1,3.16644829715772,0.00154312775396384,0.0426593271190918
SEPTIN7,0.631206916433768,0.527905240220838,0.794786559422884
PDAP1,0.0678343476355876,0.945917501264628,0.980639799390822
GRHL3,0.605509594283632,0.544840451759812,0.804969363100428
PRSS37,-0.809503507404692,0.418225586176778,0.72147919607699
DDT,2.67171518573334,0.00754646699797793,0.0994991804238861
ATR,1.69874566898022,0.0893671145362921,0.352157706871504
TNC,-1.17221117221176,0.241112284019268,0.567061667392386
HINFP,-0.713969889013498,0.475245798993401,0.764515597050818
THBS4,-1.98699497129019,0.0469229541147506,0.256430938383679
FADS1,-0.376640332485843,0.70644091034859,0.887832840227308
SPATA16,-1.51399931052199,0.130026014360805,0.418708814443077
RHOG,-0.966032835789636,0.33402775062574,0.656211398521087
GNAT2,-3.54873194064782,0.000387090921543187,0.0204376441279919
MRPL10,-0.638580288049405,0.523096008085876,0.791932722875502
HABP2,0.812462439864085,0.416526330397369,0.71985022810651
ACP3,-2.18601367386886,0.0288146049457124,0.19965311728775
PLD1,-4.00326633289729,6.24739035767782e-05,0.00823284148842274
FXYD1,-0.442640985186537,0.658025434753007,0.866515092364245
CS,-0.0149376473291889,0.988081925042885,0.995884835407295
DPYS,1.14661776305306,0.25153963182555,0.577357170235708
TOR1A,-0.693145151664583,0.488218464695941,0.771976694396304
FAM114A2,-0.829718602000674,0.406697901558471,0.711820136741308
NKX2-4,-3.16716435710057,0.00153933291655661,0.0426593271190918
MTERF1,2.00088498428693,0.0454047861160871,0.251956925078965
DGCR8,1.33495383174509,0.181891457396831,0.496343204199534
RGN,1.24415428303286,0.213442785806443,0.537553467236893
XRCC3,-0.778204230712348,0.436448623091395,0.735384171693183
CBS,0.82600536227901,0.408801049983018,0.713574867453666
PPOX,0.676469356276196,0.498742695529019,0.777369195373746
MITF,-1.20242512714606,0.229198858755647,0.553498853034906
PROSER1,1.68455075906815,0.0920752784441729,0.357130516246042
CFAP100,1.0548188153275,0.291508197679564,0.617412305787019
IGDCC4,1.97220134096844,0.0485866266636728,0.260582312492127
MPI,1.17049078592395,0.241803519995918,0.567748929099356
PTTG1,2.26869080521741,0.0232871351493803,0.177127576574501
MYL1,-1.71035023042453,0.0872011284358205,0.347112743324218
ASS1,2.26821576755081,0.0233160588870055,0.177127576574501
RIPK4,0.367273527559263,0.713414998351834,0.891095300014247
ACVR2B,-0.115847251264563,0.907773601497347,0.970617045713334
SPTBN4,-1.29027902056944,0.196953798337844,0.515405895585747
ZC3H7B,-0.110242707805165,0.912216892738723,0.97170102893589
CFAP52,-3.0082260594791,0.00262777590148454,0.0569819510156494
ABHD2,-3.00035307065166,0.00269666820893424,0.057665296831946
EIF4G1,-1.0298885844273,0.303062310114555,0.628399313665324
TEX9,1.61485478129077,0.106342146613364,0.383255818757484
RPL7,-0.0197158896466998,0.984270015138604,0.995023322998978
CTSB,0.92889578493246,0.352943097630693,0.670753327343931
KCTD14,-0.566566901634761,0.571008467524999,0.822175725571826
ARPC5L,-0.472174741133302,0.636802067364688,0.85759850583831
ANKS6,1.93045851193252,0.0535500510340053,0.272163800536474
GDE1,-1.65907455714808,0.0971007694548432,0.366706983246401
PARD6G,-2.86810856220493,0.00412933816043678,0.0727526546114345
MFF,-0.853668042323814,0.393288945984516,0.702150074398393
USP15,1.01940320417579,0.308011585610974,0.633091528172492
CDK10,-1.89955909051582,0.0574910051429935,0.281138464711545
SKP1,1.21109065577135,0.225860662229674,0.550439854770829
LMBR1,-0.408517596123528,0.682893714793883,0.876711175340686
SPPL3,-0.956862745098039,0.338636537317118,0.659889352413219
ARFGAP1,-1.19215311406363,0.233201213822501,0.558587036330563
FOSB,0.894954656701359,0.370811327362867,0.685756223498249
CCNB1IP1,-0.899419465245708,0.368429274869148,0.683671450069149
YWHAB,-1.8674981762722,0.0618320512629444,0.292197002600894
CREB3,1.22362872726125,0.221092317491275,0.546210238411229
SLC23A1,2.62650157468855,0.00862675933352397,0.106204979421618
RASGRP2,-0.428864916534031,0.668021533138561,0.870545346022761
SLC13A4,-0.397924569860477,0.690685788270456,0.880281352024739
CWF19L1,0.475419488390216,0.634488006539027,0.856643397270485
C1QTNF1,-1.17658128092658,0.239362672827801,0.565160897868291
SLC12A9,0.316012344197842,0.751993138585571,0.906923867807553
SLC12A6,-0.858954599236349,0.390365564571441,0.70069649441793
DDX21,-0.268463322629307,0.78834270323646,0.923150330642954
PLEKHB1,-0.983895256134344,0.325167016422701,0.648232931253719
TBC1D20,-0.406162356298515,0.684623311191768,0.877739800600637
PRKAA1,-2.27529531198336,0.02288822048482,0.17582709281443
MAGI2,1.3727373262126,0.16983402083565,0.47741221636017
UCKL1,-2.06764091452263,0.0386738017295021,0.231742570141774
REG4,0.869662305631976,0.384484977526632,0.695945031184719
DUSP19,1.31555532864117,0.188323335354831,0.504300833102009
SETDB2,-0.0068125286389376,0.994564430623621,0.998063908868827
NDUFV3,3.37953175893498,0.000726094178109499,0.0290599025505602
TAP1,1.70320034608222,0.0885305819426201,0.349998098221446
EPPIN,2.51721454672823,0.0118286775823761,0.125299695228781
FBXO2,0.184393890372925,0.853704462419532,0.950008289901106
PPTC7,0.401521532699834,0.688036188047943,0.879224495088387
SYT5,-0.782347117242959,0.434010603471868,0.733699336314736
CRKL,-1.32118043342431,0.186441208841674,0.501690853209346
SLC26A5,-1.03787336439096,0.299329015491083,0.62521999768211
GNAS,0.404651256071632,0.685733876576411,0.878082209013288
NRDE2,-1.44414404867739,0.148698459706594,0.445366024670251
COPS8,-0.483332239772538,0.628859852067962,0.853394527791952
KIAA0586,2.96403092795208,0.00303637767980181,0.0612937125987521
ARNT,-1.24035718987958,0.214843307955417,0.539402567921524
APBB3,2.83414224188914,0.00459488746265616,0.076545252705235
C11orf54,0.767295211270035,0.442906014974006,0.739939638016763
FAM78B,-1.37520492080094,0.169067923177458,0.476263810702713
ELP5,1.4979352216933,0.134150081516661,0.423784578309017
LRRIQ3,1.32688765302625,0.184545849274387,0.49976806298142
ATG7,1.08603020913533,0.277465627255232,0.60384537488991
IPO4,2.06462798295093,0.0389582134565753,0.232837790464397
WDR91,-2.20120682953993,0.0277213850404469,0.195533476988949
DDRGK1,-0.131398855183428,0.895459794243203,0.966989194196407
MAK,-0.374795770158219,0.707812360283873,0.888166269264093
PDGFA,-1.94737967266853,0.0514892332285415,0.268356585659624
SMOC2,-0.530259111142286,0.595932292188293,0.836172656170364
ANXA6,-1.53210054895033,0.125497624321122,0.412557862029783
AK5,1.2079658014729,0.227060417057056,0.55142455511385
STYX,0.52574086592508,0.599068265938935,0.836788297058378
TYW5,0.471422256039047,0.637339225701533,0.85759850583831
THRAP3,-1.2657394635182,0.205606374636539,0.52707159994997
ERO1B,0.32343980323305,0.746362189436783,0.905130054127545
HKDC1,-2.80992652796625,0.00495528107054616,0.0798411042470007
OCA2,-0.530451003462487,0.595799271484296,0.836130769825883
FYN,0.158178458826104,0.874316177416768,0.958460091961883
ELOVL2,-0.749053079061214,0.453825213909583,0.748022503516102
HNRNPA2B1,-1.6982602494147,0.0894586536282147,0.352157706871504
BMF,1.23502780864297,0.21682015476756,0.542184185224834
ACAP3,-0.501365441087889,0.616113956950799,0.846813237883496
SND1,-1.66465371786135,0.0959818615978963,0.363837697530473
GPSM1,-2.93182518610471,0.00336976371302467,0.0657286402219215
CRYBA4,-2.70657021039233,0.00679822054750733,0.0946642125296234
PGAP1,-1.03043910605242,0.302803923721469,0.6282961237561
SLC22A17,1.14540125605094,0.252042978268728,0.577622212142945
ALDH9A1,1.16151503432365,0.245432512765257,0.570814304150623
FN1,-2.37771671475551,0.0174202031997657,0.153876879381473
FAR1,-1.87680430075978,0.0605449208081868,0.288898939631534
NKX2-1,0.300664458520063,0.763670373404568,0.912991081465898
GABPA,-1.71652746366928,0.0860655457938594,0.344278199997848
NRDC,-0.933793357543197,0.350410496583663,0.669156896692341
SLC25A26,2.67072386394528,0.00756878829432115,0.0994991804238861
SLC38A6,2.48053086999727,0.0131186903770541,0.131993080274159
EGFLAM,-3.61641664379882,0.00029870944776482,0.0183400812076514
TMEM207,1.00042304898684,0.317105820228815,0.641213602805496
WAC,0.988589804470534,0.322863876524691,0.646645319978835
SCARA5,0.187944250798386,0.850920353665774,0.949175848127625
SUV39H2,3.13551511631059,0.00171552586932902,0.0451108498062465
OR5K4,-0.0250627353558548,0.980004923716867,0.994247079124131
LUC7L2,-0.00953520380110878,0.992392123387993,0.997062606750959
PIP4K2C,-0.762301513170005,0.445880070999025,0.741803791705495
PLSCR4,-1.5748001846192,0.115302573807133,0.395860691370735
FMOD,-0.432909859634332,0.665080256831112,0.869556990386133
PDE5A,-0.0527830275671635,0.957904784687093,0.985314144456453
SEMA4A,-2.31899397304723,0.0203953631222854,0.166795378834069
NET1,3.04098286061304,0.00235807253442523,0.0544472901858954
ASGR2,1.26704208662649,0.20514024155385,0.526542862287625
ATRNL1,-0.333595284912726,0.738684976732316,0.902176000795895
H4C11,-0.144578375344283,0.885043771796115,0.961957654197225
NEIL1,0.595542092742004,0.551481171227482,0.809394993157031
KLHL28,0.170803364058759,0.864378383811552,0.953239163369264
STIMATE,-2.19610294455721,0.0280845758864709,0.197151533366742
C5AR1,0.0306971413201973,0.975511070985642,0.992098064349747
SRGAP1,-1.1691816945083,0.24233043479238,0.568299494577368
GPAA1,-0.95096478420321,0.341622252951941,0.662645860531705
ENTPD2,-3.86905795731162,0.000109256671217697,0.0107329780834403
BLM,1.22940533521259,0.218919870918358,0.544266614553891
ITSN2,0.0854383428251649,0.931912911422981,0.976177871349043
MRPL52,0.0766905633123186,0.938869711817784,0.977778152072376
SPART,-0.159545160606569,0.873239380935718,0.957910811399785
C6orf89,1.13691024412071,0.255575809211613,0.581709320899983
MSRB3,-0.110164131536691,0.912279207976082,0.97170102893589
OCLN,1.82728153215573,0.0676574505015717,0.305794372420509
AP3M1,-0.23507299041983,0.814152081873583,0.933125974541569
KEL,-0.920186440583904,0.357475338843437,0.673914604246716
MINK1,2.60425014296223,0.00920755285976852,0.109981742302128
APCDD1,0.680080223976136,0.496453665608963,0.776439354096456
TDRD7,-4.68542032765706,2.79385965699601e-06,0.00129387631943567
LINGO1,1.24826491148962,0.211934059510007,0.53558452924816
ANO1,-2.15311626053755,0.0313095426285707,0.208726484902315
DNM3,1.11973841069896,0.262825251633853,0.589150761492924
GIT2,-1.00277306757206,0.31597036625301,0.640355547211182
THSD4,1.95646095184205,0.0504108780350851,0.265549471632829
MORN3,0.343885270489769,0.730932569528357,0.898672036723105
WARS1,-2.0178233178971,0.0436096654911056,0.246645463938927
ZFYVE19,0.270009357488221,0.787153054660371,0.922527744607001
ITGB1BP1,-0.560860438079552,0.574892681577846,0.823765512349303
MYH7,-1.7502083705431,0.0800823649790586,0.331474732876803
CD47,0.0106144707156004,0.991531036723992,0.997062606750959
SHTN1,-0.426139493626609,0.670006203703671,0.871262815580261
SYT17,-1.9416642680205,0.0521777570829043,0.269777548697662
MFSD12,1.94318691691746,0.0519935782660204,0.269590242958221
CCDC69,2.6267805022547,0.00861969160444854,0.106204979421618
GFRA1,0.960247677099285,0.336930576672249,0.658464880308714
MFSD10,-1.18250915131789,0.237003736554398,0.56254115768198
NUDCD3,-1.7719252608641,0.0764069645448878,0.324433827847833
ZNF512,-0.858113892500938,0.3908295768451,0.701051055995832
P3H4,1.39134601050551,0.164120527894584,0.468845547522615
VANGL1,-1.54328088270154,0.122762639994892,0.408511523645496
LMX1B,0.607831366245834,0.543299323721706,0.803523209449731
OPHN1,-0.942188556689601,0.346096111581081,0.665928790348626
FCAR,-0.174654670692211,0.861350987741913,0.951535545684279
DPF1,0.482761094653553,0.629265378040351,0.853531807127807
DHCR7,-0.861725585259609,0.388838542853123,0.699438067481323
TBCD,-0.077160769500157,0.938495649968876,0.977679325361294
SPNS3,1.50622082518308,0.13201049512379,0.421141250847096
ZNF536,-0.305405067309983,0.760057662883972,0.910673311995016
HTR3A,-0.153710259665467,0.877838194882988,0.959284304019716
CLK2,-0.276502277609821,0.782162310533636,0.920007200928551
SYNJ2,-1.93730547084936,0.0527080139129886,0.270533311436236
COX7B2,-0.355008603093182,0.722583146156608,0.894687206176186
ANKRD35,-1.12019723074247,0.262629723796278,0.588873314844912
MORC4,0.380096490059033,0.703873791145425,0.886762807451904
KRT39,1.2155116476755,0.224171009076516,0.548728489518248
FBXL3,-1.37036452091287,0.170573141428172,0.478425341652403
UBE2H,0.561464905337814,0.574480648195938,0.823539119714156
TLR4,0.908488544661058,0.363620163308423,0.678397701089576
TASOR,-0.233971716503902,0.815006936243249,0.933308057299672
MRTFA,0.344241734746533,0.730664498287557,0.898672036723105
SORBS2,-0.600996592488063,0.547842255872831,0.807557063395421
VAT1,-1.67459408850563,0.0940138999189935,0.359997945614686
TTC3,-1.67729323072959,0.0934851556307073,0.359028608616192
DNM2,-2.44662087177307,0.0144202436336107,0.139145658004837
MBD6,0.940881071910152,0.346765808527255,0.666669882390735
PRMT2,0.873609196920539,0.382331115971121,0.694121816148077
TTC30A,0.309661577572979,0.756818324102745,0.909157949705877
SFXN4,1.43742745695281,0.150596571727442,0.448469562948761
PCNX3,1.14507364461637,0.252178651935781,0.577760611806551
RET,-0.157288358177074,0.875017594887815,0.958640054930943
NDUFA5,0.418764156627192,0.675388502718671,0.873692916246364
ZC3H7A,0.882180656358983,0.377679120744291,0.690681347826561
PRPF39,0.67420409848237,0.500181564333022,0.77821491421328
SLC17A5,-1.1127738844701,0.26580555421985,0.591517122791588
MLH3,3.02633933420542,0.00247534332900384,0.0551896011276798
COMMD6,0.319184567106225,0.749586559058701,0.906449458055989
UBE2I,-0.447892735747703,0.654230611262396,0.864131874092215
ART3,2.49364876065402,0.0126437590451842,0.129710563521133
SREBF1,-0.795936826720164,0.426068754877271,0.727959149130988
CLEC9A,0.637127946269609,0.524041506500235,0.792516213739719
FAM227A,-0.0557530067732249,0.955538571836963,0.984717150764114
ERCC6,1.18950941856237,0.234239266950121,0.559255306819047
PDLIM7,0.850209704616199,0.395208507208881,0.703971983090997
KHDRBS3,-4.6368181495067,3.53813431617034e-06,0.00154998970623798
PCBP4,0.481509626666437,0.630154339493869,0.85402773318195
SVIL,1.16496377428865,0.244033656704315,0.569516263103235
WDR88,0.87771817572364,0.380096678358906,0.692209605270092
STK31,-1.92930811054699,0.0536926234697316,0.2723103046999
GPR160,1.24737505646132,0.212260008165164,0.535823465558192
PLS3,-0.981836785687885,0.326180262422997,0.648793028873178
GTF2E2,-1.12643754677392,0.259980361623715,0.585844681556815
PRELID3B,-0.486222198095005,0.626809634361322,0.852131237530354
ATP5MC1,2.40721344041789,0.0160747719756782,0.147373291263444
SLC25A46,0.0188907535779005,0.984928255802132,0.995023322998978
TRIM4,0.715678085420546,0.474190145497326,0.763196114424205
TAT,2.39702422233673,0.0165288310146934,0.149335043358953
MBP,-2.8355627320596,0.00457450301563838,0.076483589744322
TCF7L2,-0.459128333149182,0.646142011413296,0.860562298167274
STK39,0.535146836004801,0.592548325366313,0.834268051633588
TRIM13,1.78192318210556,0.074761759565404,0.321008297348465
BTG4,-0.00690401595468794,0.994491436023603,0.998063908868827
MMP23B,0.724091392317602,0.469009628723123,0.759989710284225
JPT1,-1.22263782721155,0.221466519144528,0.54643285500988
HNRNPF,-2.92919941989267,0.00339836316828794,0.066206813214879
MYO9A,1.29102530162305,0.196694904149492,0.51509525119565
ADD3,0.433616457127295,0.664566982051192,0.869337923659735
LAMB3,-0.361400125984403,0.71780035383161,0.893094193479268
COL27A1,3.13089811550618,0.00174272609381119,0.0454495244953605
NCDN,0.741108660830505,0.458627558710608,0.751144591900858
NPEPL1,-0.566487973719333,0.571062106017357,0.822175725571826
ARHGAP8,-3.34623706929519,0.000819163269745941,0.031168585538291
TJP1,-0.995986372425759,0.31925676655294,0.642836388702683
LIPC,1.58675131719099,0.112568978706027,0.392580188759256
ACSL5,2.08409054730783,0.0371519317261071,0.22750119431374
SUOX,0.681615607307698,0.495482043444896,0.776115840343594
PSMD12,-1.85449585354219,0.0636682528213129,0.297073732170784
ST3GAL4,0.243796256347058,0.807388619869174,0.93041865418604
UVRAG,1.43013358266107,0.152678683295746,0.451353050800792
ACMSD,1.38439807073433,0.166236599364878,0.471813874821451
RAC1,0.0170630908197484,0.986386283882012,0.995483829664984
RNF14,0.240824064920917,0.809691477335684,0.931659626331661
SH3YL1,0.601185354400649,0.547716538040919,0.807452238754458
PXK,3.267594393615,0.00108465689568267,0.0360067352436856
KATNAL2,-0.0197995694740415,0.984203261326881,0.995023322998978
FBRS,-0.419435750503446,0.674897701079149,0.873419760491756
SUN5,-0.475437201779312,0.634475383629348,0.856643397270485
GTF3C1,-1.41678220163035,0.156546614964647,0.457811163884845
RNH1,-2.32010374209511,0.0203352659597231,0.166613739732861
CENPL,1.44540547454761,0.148344026587083,0.444702853144077
RBM38,-2.40245811755119,0.0162852993029284,0.148547223635997
CDAN1,-0.722779581178786,0.469815313984364,0.760628627191975
UBA5,1.47093147761805,0.141309648872603,0.433865596700269
AKAP9,2.48647407519303,0.0129015969393572,0.130946765679425
RANGAP1,-0.618495708844433,0.536248625592065,0.798580422826457
CACNA2D1,0.0257615425598117,0.979447536252197,0.994043273127034
SDAD1,0.488585049119953,0.625135499928522,0.85132510423187
AMPH,0.337363171044967,0.735843144197662,0.901029284619109
RBCK1,-0.0495348412553385,0.960493071962336,0.986855489568807
JAML,-0.701808113753547,0.482798838087265,0.768874961396891
TMPRSS11F,-2.76546061244053,0.00568424691521752,0.0857806658521469
NCAPG2,1.9316688939375,0.0534003864629818,0.271945625468144
GALNT6,1.04962153289467,0.293892152983014,0.620111677649267
ZNF770,1.2896678813405,0.197165995894003,0.515711413175067
AREL1,-0.69305276051073,0.488276441720412,0.771993059290495
FAM149A,2.44219852856484,0.0145981163614762,0.139434807367806
SPRED2,0.492810299638865,0.622146632490877,0.849639798301848
CCDC151,-0.0722767775737381,0.942381645164534,0.979096452676569
LSS,-0.145784072198825,0.884091850103749,0.961796641624449
ARIH2,-1.91384016557898,0.0556405816167594,0.276649750744188
PITPNM1,-1.16832732701484,0.242674756537801,0.568538790698632
ACOX3,0.764752887444295,0.444418706707407,0.740728310233457
IGBP1,-0.831580076558364,0.40564601172608,0.711248806384278
RAP1A,-0.434926455122352,0.663615811270789,0.869041385827364
HYLS1,0.582270811435167,0.560384282969246,0.814935298999507
MYOM1,-1.76732690209316,0.0771734969860014,0.326011262091764
ARHGEF26,0.189927339856054,0.849366068279913,0.948427569630002
UBE2C,-1.70210293669393,0.0887360735136704,0.350553988687079
EML6,1.40295978405355,0.160628831618564,0.463774978928627
RPS26,0,1,1
H3C4,-1.70367083999984,0.0884425987954653,0.349820908705636
BCKDHB,0.860826557427846,0.389333575837621,0.699823547996673
STOML2,0.188475056072336,0.850504267471127,0.948848762574127
PIGR,-0.675160313359861,0.499573917867204,0.777861764703449
GMNN,1.41018014803261,0.158486496090228,0.460162083442077
ADAM33,2.01782370820905,0.0436096248268655,0.246645463938927
ENSA,2.15497209104271,0.0311640182532441,0.208304153347148
CCDC25,-0.717957661330529,0.472783392751018,0.762450728537883
LEKR1,1.90197025039318,0.0571750439807638,0.280323741041803
C6orf132,0.915867084141276,0.359736612855195,0.675271656950765
RSPO1,1.82549677587971,0.0679260972815713,0.306124600184628
MAN1A2,-0.164981704426309,0.86895838246806,0.955559458712672
MEGF6,0.197289655019338,0.843600874352585,0.945180519277048
PTGER3,0.65548797140639,0.512153628394502,0.785652209595548
PEX14,-2.48283338775369,0.0130342035886047,0.131551311312387
ABCC11,0.873856988854281,0.382196140467795,0.694041815017084
ARC,-2.55465299885062,0.0106293704055082,0.118739810408603
NRARP,-1.21862214894638,0.222987638464504,0.548359957012757
OSCP1,2.39323195038296,0.0167006794312557,0.150203213225999
ATN1,0.598185756326316,0.549715994411882,0.80797484162334
TMEM259,1.96437227817776,0.0494869352627957,0.26280640081111
PPP4R2,1.63885107029128,0.101244280080657,0.373930542197915
ATP5F1C,0.869312722625872,0.384676105918425,0.696136723154827
BTN2A2,2.24327372277775,0.0248791687887896,0.183553230267406
CNNM1,-2.84229276310735,0.00447903401175737,0.0758181806166313
SIAH1,-0.4569012694875,0.647742011493061,0.861344085745943
SLC39A8,1.12976042330378,0.258577188841926,0.5843945418208
CRB3,3.84358846083394,0.000121248266170594,0.0115606655668186
PIK3R4,0.160694694405654,0.872333868378288,0.957647116325342
PIWIL2,-2.46971878120829,0.0135219305248464,0.133726035312529
CCDC88B,0.81072843778628,0.417521638541738,0.72080181479636
EDRF1,-2.05432335119794,0.0399444061203607,0.235557059345314
ITGAL,0.821158235334474,0.411556142406554,0.715532930630466
HBM,0.524102907160649,0.600206966648145,0.837319607264832
TBC1D9B,-0.460814461871805,0.644931725147055,0.860210814894492
MYLIP,-0.252825842586409,0.800402796820345,0.928404227276858
GOLGA4,4.57821220514866,4.68966816364727e-06,0.00186468945517518
ATP10A,-2.68194838700452,0.00731947515519971,0.0982130569458875
BICD2,-2.5161150301797,0.011865644890141,0.12546003785016
C12orf29,0.337517393559459,0.735726902440797,0.900998329056618
SASH3,-0.0123085211281808,0.990179468994039,0.99681076259499
IL27,0.825146510130925,0.409288417069693,0.713887437026004
ABCD4,1.58057558126436,0.113975112766072,0.394074787292077
SLITRK4,-1.95673215672682,0.0503789671178121,0.265549471632829
ADAM15,2.14148943510386,0.0322345895578468,0.212049700545105
IGF2R,-1.57619699753246,0.114980410271087,0.395394001355786
TXNDC11,1.52448067065935,0.127388681793776,0.414793721011513
ARG1,2.2745622734435,0.022932201431654,0.175879649681702
SPINK14,-0.704593373681051,0.481063323361625,0.767914911441278
CALM1,-0.394893142583416,0.692921751009694,0.881391247125177
SCRIB,-1.01695302357533,0.309175777346584,0.633862475458872
MFNG,1.26211168872115,0.206908599846004,0.529304441877391
GUCA2A,-0.418813214315943,0.67535264662273,0.873692916246364
DMD,0.322497021698387,0.747076193677494,0.905130054127545
CAVIN1,-0.583913986180929,0.559278182884584,0.814476268769411
PEX2,-0.813011486616993,0.416211472456608,0.719707034689427
RASSF1,-0.476345911419846,0.633827961935762,0.856285833890378
RAB4B,-0.275864946350263,0.782651798309551,0.920342643557713
CFAP43,1.48505036420832,0.137530483139778,0.428110716310404
LMO7,-0.332903256457221,0.739207311221662,0.902393639247122
MOB3A,0.522363317817971,0.60141739122279,0.837963819591845
DCTD,-0.587823115808919,0.556651026608536,0.813007432897618
ELAVL4,0.988264146265118,0.323023299849773,0.646804776684986
ATP2A1,-0.430433951019938,0.666880002874931,0.870545346022761
TRIM38,-1.22236980547469,0.221567812310252,0.546452691305161
ADIPOR2,-0.120063853132858,0.904432566227883,0.969992984773755
MCRS1,0.127059600475714,0.898893226388305,0.968196502322227
NELL1,-0.293028655907048,0.769500248343145,0.914765641759739
XPNPEP3,0.382576675689598,0.702033666995716,0.886046353804356
TEX43,-0.174701639426808,0.861314079511325,0.951535545684279
MYBPHL,-0.90976053013282,0.36294881422471,0.67776927762308
GM2A,0.790327260946685,0.429336670167992,0.73043036477935
ZDHHC9,0.0949248898208835,0.924374486565229,0.974713539422955
PWWP3B,2.09494470431398,0.0361759082530892,0.225096083253099
TOP3B,1.27311194110923,0.202978322215842,0.523813982613689
ZMYM6,1.8124272980592,0.0699201980503458,0.310339760003214
BCL11B,-1.01136792482512,0.311840366986254,0.636046783640974
WFDC8,0.0951080913123502,0.92422897127441,0.974713539422955
SFPQ,-2.40127276719973,0.0163381527952505,0.148611177698213
DCHS2,2.76985156913635,0.00560818434547474,0.0853549859678874
RC3H2,-0.583746303772588,0.559391009424151,0.814476268769411
COL9A1,0.516441757683802,0.605545907273783,0.841070575064331
INKA2,-0.913330202320675,0.361068902449461,0.67596901137227
SMARCAL1,0.107307283461801,0.914545206541815,0.972111996832641
PRRC2B,0.283413800047897,0.776859650972823,0.917926671717342
GFPT1,0.289351099525755,0.772312712052121,0.915997366890178
NUDT13,3.33998308422267,0.000837834930188604,0.0315824799614583
ATP13A1,0.673584624481258,0.500575431048336,0.778461413228429
HDGF,1.24217832236625,0.214170775929268,0.538484559657974
DLK2,1.92782765678031,0.0538765664415164,0.272641254311354
ENTR1,-4.23131150608845,2.32332647243723e-05,0.00448319033234941
SMC4,4.99791679302864,5.79529800421953e-07,0.000670971323931388
CCRL2,1.1372199468473,0.255446350367603,0.581709320899983
ERGIC3,0.857813075391939,0.390995688543707,0.701051055995832
GIP,1.73926483076165,0.0819881904874833,0.334915972684379
C7orf50,1.35333400237809,0.175948951168831,0.487430618611447
ACSL3,-0.0188062393739145,0.98499567640346,0.995023322998978
FRMD4A,0.847613536131565,0.396653233372801,0.705204810764476
SMC1B,-1.58282482628597,0.113461396506141,0.393683983990691
HOMEZ,2.32593583594912,0.0200219739248096,0.165326630334814
ECE2,1.66588428258014,0.0957364647219724,0.363710117270499
STRN3,-1.30412970189219,0.192189363363978,0.509935732651288
ARPIN,-0.021352392039014,0.982964550545906,0.99489911239438
ARID5A,1.51872583383621,0.128831521112778,0.417118386763173
POP5,1.13256072443748,0.257398769999479,0.583140763128947
TOR4A,-0.345952484982957,0.729378423806004,0.897774123130382
RIMKLB,1.08243003114051,0.279061490090794,0.605854231567329
TRPM3,-2.61614922359651,0.00889276839471134,0.107972196936237
SYCP2,-2.48924651156311,0.0128014170304877,0.130419967722926
FXR1,0.502089425223232,0.615604618411543,0.846685250289734
CACNA1E,0.964342754614166,0.334874112265807,0.657030145939515
MAP3K6,-1.30259628810142,0.192712625697544,0.510751541737469
SSTR2,-0.71717906880574,0.473263612730796,0.762613569813447
AP1B1,0.30346134693818,0.761538300134451,0.911652459887689
SLC37A4,1.35185968820747,0.176420205439479,0.488152118465094
DNAJC14,0.173931987312939,0.861918913523469,0.951822024070167
BMX,-0.495309569516864,0.620381616974382,0.848802703599034
AGBL2,0.926239957697391,0.354321291306003,0.671561483954514
POT1,1.79924402479662,0.0719800881910933,0.314650822408153
CCR9,-0.572899242597979,0.566712917450843,0.819002342768423
FAM219B,-0.905255752100844,0.365329911933289,0.680178330177657
DENND2D,0.0788976928335979,0.93711399837475,0.977668416540825
BRPF3,-1.09018970638276,0.275629586751362,0.601366977801533
BRCA1,3.3972242628639,0.000680731536562374,0.0277933941464472
ATP2B4,1.91183654681505,0.0558971625156569,0.277245136847088
BCO2,1.50556536655119,0.132178784816188,0.421251656131655
ASB13,-0.0233549683248457,0.981367125268665,0.994497013659256
MYBPC2,-1.79693957207532,0.0723452134901696,0.315660697013229
SAP130,-2.28089323799812,0.0225547651897547,0.174756304474539
CREB5,1.97405449439488,0.0483755468779514,0.260561760117051
NEGR1,2.3045982196535,0.0211890857806344,0.169690657815367
MAFG,-1.20018873189892,0.23006605053765,0.554684012072702
MCTP2,-1.34148727496109,0.17976229848342,0.493598980534492
CHM,1.59294876271148,0.111171685820319,0.390516365777936
GJA9,1.99011585417218,0.046578174730227,0.255460841982362
APOA4,-0.3544580083818,0.72299566825025,0.894705403448028
SGO2,2.62623303240813,0.00863356880446787,0.106204979421618
COPS5,-2.26935511384429,0.0232467394645065,0.177127576574501
STMN1,0.130467502994639,0.896196563206009,0.967158529128925
LVRN,3.42283063429432,0.000619726777925139,0.0262244497189233
SEMA4F,-1.00209308278369,0.316298638419511,0.640940696354777
HMX3,-2.01264545554196,0.0441519413450494,0.247718524493564
RFX4,-0.156509596367698,0.875631355649144,0.958929034775824
CDK5RAP1,0.169613466959238,0.86531413091289,0.953607133940272
SLC8A3,-1.16399003128746,0.24442805166384,0.569816137935856
RHOBTB1,-0.514601500917025,0.606831516070167,0.841825205306664
TLL2,1.28998641937306,0.197055373395505,0.515505252964452
SERTAD1,0.591440792438871,0.55422511499751,0.811707334055912
ERI2,0.643639110680527,0.51980948244479,0.790500723495361
TPM1,0.531576321412561,0.595019468150589,0.83583244295458
PHF8,-0.388386307957639,0.697730175213018,0.884034116672622
ELK4,-0.902115548242315,0.366995490275451,0.681900958472495
ANKLE2,-2.5026760838819,0.0123258294784616,0.127906126771052
DDX47,-1.74498787931663,0.080986978820336,0.333092600786304
C1orf109,1.54915937308095,0.121343413077901,0.406312674906804
RAD23B,0.246731885609914,0.805115728146271,0.929825260676463
TMCC2,0.151049047830599,0.879937025154033,0.960278787545217
SYNE2,1.8919601178962,0.0584962947903949,0.283373114840858
ST7L,-1.24484044512929,0.21319040585256,0.537160758066053
GMFB,-0.598912057128518,0.549231530717903,0.807877191994225
MAGT1,-0.373023548476497,0.709130917690264,0.88868896279894
DAPK1,-1.61608065973405,0.10607687513913,0.382674705801129
ASIC4,-0.584923737613147,0.558598996635429,0.814335446285602
MPPED2,1.07878530716177,0.280683446222408,0.60750406994512
PAX5,1.6854996561581,0.0918922110986562,0.357119980480507
METTL9,-2.31337473266868,0.0207020450613394,0.167612112087538
S1PR3,0.125131417079103,0.900419511529371,0.968196502322227
GRAMD1C,0.630781671237456,0.528183289310176,0.794923206725036
EPHB4,0.560704187691826,0.574999211937905,0.823845330708168
CTSE,0.0535335990647842,0.957306760838349,0.985080325446217
BDH1,0.108932731443414,0.913255845177545,0.971935125256526
GAD1,0.322631746784062,0.746974147946547,0.905130054127545
RABEP2,0.951017268828655,0.341595609671997,0.662645860531705
TES,-0.427221648451261,0.669217894823522,0.870923553367681
DMAC1,-0.154625630918817,0.877116462463592,0.959284304019716
NF1,-0.610718526313445,0.5413859389752,0.802085422535448
HSD17B11,-0.623774565723809,0.532775645369932,0.798055672839961
FAM217B,-0.755911285655639,0.449702387054129,0.744330235041394
PAK4,1.08661319579691,0.277207790787896,0.603565888982743
ZC3HC1,0.73185277127827,0.464258435406161,0.756221985679677
CX3CR1,-0.705887018199239,0.480258401290098,0.76762008531294
SUSD2,-0.95810846810112,0.3380080658276,0.659053520660049
WDR55,1.00168290602738,0.316496765183984,0.640988172204556
HNRNPAB,-1.20910506395642,0.226622483976778,0.551084175562588
FRYL,1.25009060450719,0.211266451547193,0.534564145040344
RHOT1,0.673476169385397,0.500644404610462,0.778461413228429
XAB2,-0.0386674672396951,0.969155511383441,0.990124227689112
MIGA2,-0.646930468128382,0.517676945697999,0.789075193983343
WTAP,-1.37989090826139,0.167620236330959,0.473915299265397
DCAF4,-0.426849390289106,0.669489029747949,0.870961304961477
ATL1,0.232543042380081,0.816116260322721,0.933815365210433
TXNDC15,2.09812567173005,0.0358940453397043,0.224010862547125
COL11A1,-1.35205636760852,0.176357283909679,0.488144674674177
DNA2,2.90390229401026,0.00368543153488619,0.0685059171433145
ITIH2,2.92039465412118,0.003495883668469,0.0672180051983558
EPHA2,-2.04857653287225,0.0405035413045325,0.23692598376224
TRIM33,-0.249644264729485,0.802862463835953,0.929127939730341
STAT4,-0.961168303385694,0.336467550811204,0.658204310984359
CASP8,0.35006928518859,0.726286701082854,0.895783072428244
PPP1CB,-0.399021450083573,0.689877399169025,0.880087126689357
COL6A6,-1.69445136543403,0.0901795459470633,0.353499458344849
PSMB10,0.0589132100274166,0.95302123624748,0.983541732126991
PATE2,0.0915554316196259,0.927051263072876,0.975498759076853
SLC6A20,4.31228102130253,1.61578881454861e-05,0.00368877759084767
AKAP4,0.101197196577085,0.919393922102888,0.973316967106375
ARHGAP19,-1.97176441026556,0.0486365069094086,0.260582312492127
PTPN5,0.70816318742013,0.478843923860726,0.766875164901764
ALKAL1,-0.629192886386658,0.529222785411165,0.795748806004598
VPS13B,0.0558093830237365,0.955493660023961,0.984717150764114
PFN3,-1.32604320155513,0.184825387954945,0.499805591151434
TMA16,1.34128037258162,0.179829439857195,0.493598980534492
ANKRD17,2.44601308824293,0.0144445756766031,0.139145658004837
REX1BD,2.45115431252445,0.0142398891649158,0.138377915751871
WDR5,-1.05832255009832,0.289908415663455,0.616036380373485
PASK,-2.29208613712349,0.0219006731850675,0.172553802407683
MAX,-1.22093539133472,0.222110483142489,0.546990373077519
UBL5,-1.12921506378395,0.258807120612663,0.584503327346303
FCGR2B,-0.976972841702012,0.328582597807651,0.65074707919882
EXT2,0.00312608521061537,0.99750574893717,0.999088774975208
ENTPD4,0.642254298125683,0.520708082841516,0.790832617591493
HELZ,1.02540418933437,0.305172512286813,0.630775472029705
QSOX2,-0.549776839376869,0.582472446097934,0.827609377273729
ZBTB18,-2.04205236898155,0.0411463368963578,0.23917973956307
HMMR,1.88077471881368,0.0600025705804399,0.287471355158058
BDP1,2.85367555982882,0.00432166419127054,0.0744419286676984
H2AC13,-0.495154138292902,0.620491320850031,0.848806470869307
NLGN3,-0.635568733729983,0.525057553790584,0.792785621386678
FUT4,0.352438516936106,0.724509420317638,0.895055763163688
PRRT2,1.46507883401077,0.142899410658717,0.436354700062659
SYN3,-0.948322453804412,0.34296532339991,0.663459234632909
PBLD,2.2578458827102,0.0239552695342751,0.180097849666543
ACADSB,1.68028950245909,0.092901002511307,0.357956038170816
FAM76B,-1.63593547271204,0.101853092958547,0.37495725272884
FAM3D,-0.506185702980028,0.6127262906669,0.844818003183037
GTPBP3,1.7618677716794,0.0780916409323949,0.327516279285729
STIP1,-2.15459380555171,0.0311936342033073,0.208416165210803
MANEA,2.61639339704123,0.00888641080271272,0.107972196936237
CCL20,-1.31836830824698,0.187380384436974,0.503188974708235
CNDP1,-1.86998589847186,0.061485776116344,0.291580732905155
CAMSAP2,-0.604857825769994,0.545273467653433,0.805398432420223
PRDM10,-1.71597439644238,0.0861667286772869,0.344518131507189
REV3L,1.18768952128819,0.234955753654021,0.56021035734725
GK2,-1.18744022376769,0.235054021859377,0.56021035734725
TMC2,1.59020701708356,0.111788149325923,0.391355099875569
TMEM126B,3.32677303285657,0.000878579020723786,0.0322917926748613
FAM114A1,-0.611490971650341,0.540874593535204,0.801645703863379
TFEB,0.918638003757951,0.358284947034914,0.674186290514155
DUS2,1.48908751613697,0.136464324717144,0.426605639217009
FHAD1,0.41421454990497,0.678716987029174,0.874906118720863
VCP,-0.103338623422079,0.917694222634001,0.972788284263588
PELI1,1.11314135711401,0.265647723953278,0.591517122791588
EDC4,0.716201809858939,0.473866745705791,0.762902868607983
MARCHF5,0.0971448561349843,0.922611359247321,0.974300164637596
RAB3GAP2,-1.35121087338914,0.176627892451467,0.488559984427617
GGPS1,-1.73189156324415,0.0832928711767219,0.337607939210674
TGFBR2,-1.18683818591026,0.235291453377494,0.560508064237115
MAP3K5,-2.08791874780361,0.0368051647116589,0.226481168993948
AP2A1,0.741418818741576,0.458439537601705,0.751121648133634
ZNF511,-2.37701809004759,0.0174532321533611,0.154084662295115
KLHL9,-0.369265838876974,0.711929585637797,0.890268990402951
C17orf80,1.39358274706312,0.163443641461486,0.468149493629479
PDE3A,0.913553331418635,0.360951598170374,0.67596901137227
SFTA2,1.5038102003205,0.132630244013135,0.42186099395779
CACNA1G,0.257508962021503,0.796785897833371,0.927009949611047
NOL12,-0.261122364869212,0.793998145157557,0.926093108934219
KCNQ2,-3.3726462875878,0.000744495260892235,0.0294329845946396
WWP2,0.306902881584927,0.758917295667784,0.910196356743599
CD163,0.577119278622731,0.563858881857241,0.817224301794899
NUP98,2.02448964185475,0.042919796674973,0.245046489716322
FRA10AC1,0.637787179843313,0.523612226034097,0.792135820549806
KIRREL1,0.0137212705387054,0.989052353608501,0.996305363224175
B4GALT4,1.12449248128155,0.260804158399487,0.586402358648534
ELAVL3,0.681735604600082,0.495406149491926,0.776115840343594
LYPD2,-0.68688437014168,0.492155597043895,0.774500007037329
SLC25A29,1.4204468151358,0.15547764180221,0.456133411035661
VSIG10,0.694092996366805,0.487623890453418,0.771789438566493
PLAC1,-0.745326451807033,0.456074393947435,0.749899558885573
SNX11,-0.0783560124454846,0.937544862886117,0.9776702834624
PHF2,-1.18755628151559,0.23500827054634,0.56021035734725
MYOF,-2.48008837309043,0.0131349823781044,0.132075018217552
SLC2A10,3.94618992034053,7.94046384197801e-05,0.0091933556010444
CTPS2,-0.708501565086108,0.478633840607933,0.766769709667325
ANXA10,0.198907483622942,0.842335115402273,0.944897944072929
CD2AP,0.645569222273918,0.518558375002945,0.789637625267481
TPGS1,-0.781616346174451,0.434440077452622,0.733948065443618
AADACL3,-1.46655938158481,0.142495956365837,0.435754446905249
CMTM5,1.62822625322136,0.103476920016452,0.378442553372442
XRCC2,1.54450987687733,0.122464860389657,0.407939359238788
MYOZ1,-0.321603773246667,0.747752884953977,0.905353912065872
C1orf112,3.05679570792685,0.00223716692541469,0.0523264627619721
KLHDC1,1.80422108930272,0.0711966545193802,0.312913929800606
CGB2,-0.222305063055468,0.824076410965002,0.936819265165029
SLFNL1,-1.10645423339523,0.268529962744098,0.593970370131806
KLHL14,-2.3182866713564,0.0204337463106715,0.166894419895553
TRPV6,-1.34036485583891,0.180126755601378,0.493773315209607
ARCN1,-2.3140339064145,0.0206658623275647,0.167486481233748
RPE,-0.967819748128077,0.333134399349068,0.655573976815674
BABAM1,3.24896999617866,0.00115823694241642,0.0369564224402122
TMC3,-1.32031327003899,0.186730446863934,0.502083955946955
FGF17,-0.108164399758945,0.913865284108284,0.972111996832641
LDLRAD4,1.14714127209982,0.25132323872827,0.577092842689692
WASF1,-0.89342447464919,0.371629900815867,0.686132900080955
PCBP2,-0.186393499258473,0.85213618994375,0.94982799816368
ZNF33B,0.742971152469247,0.457499145787281,0.750569867695601
MFAP5,0.988407081268949,0.322953320862659,0.646744548784636
PLGLB2,-0.27928492915907,0.780026171114581,0.918679597972543
TCF20,-0.615078103691776,0.53850314169174,0.799834823025879
TECPR2,-2.60934220505724,0.00907164734276852,0.109243931485093
MPZL1,0.637739349996599,0.523643365857929,0.792135820549806
ATP6V1H,-0.0858108966217505,0.931616744180953,0.976177871349043
KCNK5,0.576127209199514,0.564529201397995,0.817588797843112
EMP2,-0.348742685237564,0.727282495504094,0.896543423584905
CPLX2,-1.3595822169327,0.173962168733019,0.484160850445312
HAND2,-1.32677882295579,0.184581857705411,0.49976806298142
PCNT,1.30832222841939,0.190764038773529,0.507688126900999
CLASP2,-0.611876807841186,0.540619267076563,0.801645703863379
LRP10,0.823371581318111,0.410296718774016,0.714610669508655
RYR1,-1.69542021893082,0.0899957330344348,0.353120512407444
ZSWIM5,-1.06475156529986,0.286988368485222,0.613638953055925
OR6K2,0.229266810950701,0.818661547513585,0.93520931874323
CELA2A,3.19005775890609,0.0014224436175771,0.0413938753991153
TYW1,2.38129172104614,0.0172520436578111,0.153182996206727
PGLYRP4,-3.64200448598025,0.000270523357783612,0.0175396524252583
ELF3,-0.0111465533418274,0.991106521345447,0.996910727674965
ZRANB1,-3.50786092123544,0.000451725140687719,0.021827116863648
SUPV3L1,2.67815090353147,0.00740298572382234,0.0985147206580551
SLC6A12,2.56910323839128,0.0101962076345547,0.116282983231669
HIBCH,3.28213217484317,0.00103025300568504,0.0351565704613658
G3BP2,0.83696059655191,0.402614717074497,0.709637372761602
SLC39A14,0.357150275463439,0.720979308645199,0.89353502581674
GRIP1,0.572553351986269,0.566947152129292,0.819143393533572
DSG4,1.65867276349172,0.097181750604952,0.366738015065634
COL18A1,0.944154950963332,0.345090472039679,0.66481571436358
WDSUB1,3.3911278333803,0.000696056268113921,0.0282766317039061
ZDHHC14,-4.09510521419958,4.21976709342746e-05,0.00637939111395434
PTPN22,1.96186384344984,0.0497783383122198,0.263513354912653
MB,-0.0492852251407633,0.960691993838407,0.986933347040467
SIRPB2,1.54000136906563,0.123560019707281,0.410122460150744
PLXNA4,-2.50061093715852,0.0123979296202067,0.12824380422076
RXRG,-0.768708793154643,0.442066203709609,0.739621293964601
TEAD4,1.02988518352425,0.30306390677807,0.628399313665324
DDA1,-0.58046438243104,0.561601499094235,0.815410986815791
CSNK1E,0.455692333040994,0.648611236046199,0.861755869224612
SPINK5,1.09511283899884,0.273467204561255,0.59897655295873
KCTD18,0.00806649126720277,0.99356394095534,0.997563419999537
RBM23,-2.06004412476174,0.0393943227207585,0.233984088303691
PLPPR3,-1.63383644485975,0.102293197588672,0.376150281242013
ART5,1.52852574272376,0.126382057046304,0.413348554699104
SULF2,0.554082369579701,0.579522475344624,0.825800422229539
ATG2B,-0.758029785788783,0.448433151586174,0.743709222723146
FAM3C,0.932536617014069,0.351059272225477,0.669176853297871
PTPRF,0.343239030164167,0.731418644372382,0.898738351095923
CCT8L2,1.48445392308017,0.137688538403518,0.428218051598379
ATP2A3,-2.24876064414546,0.0245277285310325,0.182706779301244
NRAP,0.202554906695322,0.839482938523878,0.943828740412952
SDF4,0.457261384634336,0.647483181666373,0.861168039027672
MCMBP,-0.678146777248227,0.497678634280734,0.777155393358037
DHDDS,-0.108370829214413,0.913701539746601,0.972111996832641
KALRN,-0.10980822851137,0.912561465103597,0.971730044079238
DCAF12L2,-2.77490861129644,0.00552172216247914,0.084916123844046
KCTD8,-2.72854328002051,0.00636147417858282,0.0918193543727952
ENTPD6,-1.41961474495596,0.155719870365439,0.456513542910726
GAL3ST4,-0.0733517643043761,0.941526200647047,0.978779988343364
TPK1,-2.14973310989871,0.0315763318691996,0.209333645508325
RYR2,-2.56283257110702,0.0103822101514219,0.117190281576878
FCER2,0.839595616969383,0.401135157587219,0.70857195833438
XRCC6,-0.0469563416746489,0.962548023416344,0.987850034606325
PYY,-0.0583028253046053,0.953507417077786,0.983668643292632
TFRC,1.19334287862968,0.232735116012987,0.558098980405235
MAK16,0.528523753034683,0.597135865277618,0.836788297058378
AGBL5,-0.583037429224618,0.5598681037251,0.814499448101161
SCNN1A,1.77643163654767,0.0756618005121744,0.322822354435861
CBWD3,1.82186715318313,0.0684751453267623,0.307711014860408
DYNC1H1,-3.62021576258408,0.000294357453174534,0.0182108395362825
KIRREL2,-0.814010736957226,0.415638800067262,0.719237605188489
RTEL1,-0.816891641132879,0.413990355090206,0.717996275525285
OR52M1,1.32682410154481,0.184566875819589,0.49976806298142
CCDC102B,1.09871203439705,0.271893691670124,0.597576250614378
F8,-0.589555202203132,0.555488892814711,0.812774820692692
CUX1,1.35522908901049,0.175344579501204,0.486421408374981
MSN,-1.53628381850061,0.124468786397321,0.411309380467001
ATP2B2,-1.62058817248623,0.105105990494208,0.380206169539847
VPS13A,1.79141837506501,0.073226182400962,0.317698926803317
RAB5B,0.26371542085259,0.791999211943391,0.925109844791802
BAZ1A,2.5926422809996,0.00952417766221755,0.11171600708629
CASS4,-1.06074077711709,0.288807723040462,0.614825897394648
GATAD2A,-0.233088659688398,0.815692560662857,0.933668319264216
C20orf96,1.61983652729747,0.105267397481293,0.380611029617283
MAP2,0.0577569060760424,0.953942264812247,0.984033670638064
PARP9,0.452080405511254,0.651211059055212,0.862985022507013
OR2W3,1.38138831633647,0.167159596341028,0.473193258450877
TIAM2,-4.13574231620508,3.5380904277008e-05,0.00591225853016517
OR5B21,1.09343146328697,0.274204405510656,0.600008427228603
LRRCC1,-0.842886117829017,0.39929213818316,0.707104366635075
STIL,2.20353978086729,0.0275567263412453,0.194626133884638
SLC35F1,-0.663110147886358,0.507260011848767,0.782840858045954
EIF2B3,2.19258320087306,0.0283374225685251,0.19798331138501
NRP2,-0.0914359466305688,0.927146200087247,0.975498759076853
MYH10,0.609346688623147,0.542294666418435,0.802694324788538
DSC3,-2.95169222381167,0.0031603776753567,0.0633208426945077
SIN3A,-0.256428597306505,0.797619908412643,0.927156605924344
SYTL3,-2.97209512311592,0.00295775030349011,0.0606862970497104
PLEKHG4,1.23644696709343,0.216292467094659,0.541334112365078
FABP12,-1.94430095992984,0.0518591689726993,0.269245762292916
COL4A2,-0.361211301459362,0.717941494336322,0.893094193479268
SPOCD1,2.33463801194025,0.0195623390428464,0.163868709842634
DPP4,-2.59508058133756,0.00945687444786696,0.111262338783309
CLIP3,-2.66348550777632,0.00773357430081846,0.100822663864057
TOPORS,1.34374592743465,0.179030560273804,0.492432776425944
PCMTD1,-1.00394499784936,0.315405125669811,0.639769951443119
ETF1,-0.564841817501679,0.572181360909126,0.822244691204872
KRTAP26-1,-1.24668161006116,0.212514264455247,0.536047885551682
MMP17,-1.68230059004022,0.0925105667786059,0.357365056461969
SCAF1,-0.0223189655900195,0.982193520297002,0.994748057514887
RRM2,-1.66498307543922,0.0959161324464953,0.363837697530473
TPPP,-0.706864682755623,0.479650573362464,0.767261042497995
SLC6A9,0.829381965745995,0.40688830301908,0.711845925918648
WDHD1,1.63000999187098,0.103099385218824,0.377829060595052
ANKRD53,0.712272575907951,0.476296002663449,0.765293606975797
PIM3,-2.19675577569987,0.0280378930645972,0.196909102549418
LONP1,2.68586550977299,0.00723422013220674,0.0975536390373869
DCLK1,-3.30161394843256,0.000961302793135739,0.033762097166233
C15orf39,1.55043418236511,0.121037339482307,0.405831515071782
ZNF148,0.91339490575258,0.361034883853566,0.67596901137227
PCED1A,0.278801435019783,0.780397213121733,0.918948951174401
TLR9,0.335135876994461,0.737522590254928,0.901571750027106
PPP3CB,0.679250700594133,0.496979027509212,0.776961135888967
CSNK1G3,-0.135504317277215,0.892213151047415,0.965724485150119
FUT8,0.163241729034643,0.870328111820319,0.956481684486782
HTR4,0.589356411283886,0.555622210272873,0.812896507474772
PPARD,2.81084388456176,0.00494117545965192,0.0798411042470007
DRC7,0.46289403098791,0.643440326230505,0.859754849122087
MYLK,1.92031360320734,0.0548182991310807,0.27458275976999
TRPM6,5.6640206117565,1.47866633382408e-08,7.98923420165148e-05
SDCBP2,-0.0877658815663627,0.930062755653219,0.975549863482734
RBBP8,1.86780576284596,0.0617891499124387,0.292197002600894
UBAP2,2.78248391034198,0.00539445400069477,0.0836734018155613
GTPBP4,-0.0901513093440278,0.928166976216454,0.975498759076853
RRBP1,0.0861022570833773,0.931385129397,0.976118028897252
FAM177B,-0.135250445200115,0.892413863968481,0.965811662410475
SCUBE1,-1.13089929835122,0.258097478667189,0.584055858335102
ANKHD1,3.51421380386213,0.000441057659623996,0.0216085002027493
RGS22,2.6743969211706,0.00748637867247349,0.0991394705082703
DNAJC5,-0.898902642257798,0.36870452046575,0.683968844691287
EIF3B,-2.54765610445979,0.0108449320197304,0.120401029525898
SOX10,1.25919316577854,0.207960569462296,0.530422166862997
NLRC4,2.89324473202062,0.00381284079637853,0.0695033219403354
UBE2Z,-1.5853415463174,0.112888754338126,0.393170137315575
TOMM20L,-0.873770995546942,0.382242978834684,0.694049114364444
HS3ST3B1,0.392409166632393,0.694755914101691,0.88254691314062
MPC1,0.777538296365207,0.436841249237349,0.735773413098549
NCKAP1,-0.279565003924295,0.779811259666356,0.918679597972543
CPZ,-3.72763619249422,0.000193284116903746,0.0144506931667899
ZSCAN12,2.63069003202728,0.00852117153857107,0.105694363606643
TMEM239,-0.999457936310459,0.317572906049293,0.641556512318385
HAO2,3.56249175316512,0.00036735145177225,0.0201844057009369
MPEG1,2.56888413066853,0.0102026565236107,0.116282983231669
UBA3,-2.71910152053367,0.00654595137974827,0.0930730929073155
MATR3,-0.564773078702968,0.572228120468618,0.822244691204872
LAMC3,1.99448292546018,0.0460993041109143,0.25433070807822
RFWD3,0.32996927900323,0.741423175063082,0.903249022517662
RAB25,0.0898585747920401,0.928399600452636,0.975498759076853
NMRK1,1.7227856325188,0.084927297898948,0.341076950357792
CYTH1,-1.14586651432617,0.251850388412056,0.577622212142945
CCL28,-0.644499097994594,0.519251842350599,0.789989967398241
ITPRIPL1,-0.644318616771117,0.519368845868998,0.790093817239848
SMURF1,-0.213561963550111,0.830888663721652,0.939903297526992
LRIG2,-0.0259264928246248,0.979315968927868,0.994041658022845
PPP1R14C,-1.42639085594589,0.153755551679985,0.452802277830826
RASGEF1C,-0.93254591853475,0.351054467643984,0.669176853297871
SMC5,0.913053128695366,0.361214599927541,0.67596901137227
IQGAP3,0.377869279839853,0.705527704543776,0.887780755550663
MVB12B,0.310853771861979,0.755911789220181,0.908686704835547
CAPZA2,0.505626672683433,0.613118753473216,0.844999734295328
PJA2,1.97968558349217,0.0477388694964638,0.259142443291421
SLC26A11,1.76847045701468,0.0769822868648315,0.325451800798962
DUSP27,0.447721504346783,0.654354199935773,0.864131874092215
DST,4.34997182147717,1.36155027078849e-05,0.00315276690560152
ATP1A2,-1.27825414111948,0.201159831766807,0.521445660180422
SERBP1,0.107134316801116,0.914682422957948,0.972111996832641
ARHGEF10L,0.0118864327762546,0.990516222128201,0.996823135070071
RASSF9,2.69351305316395,0.00707033768684569,0.0965184831708858
BTN3A3,1.3060494421769,0.191535744406837,0.508618565538695
AKAP13,0.716859727178878,0.473460653704822,0.762855242137322
CDC42BPB,-2.72330422439264,0.00646325099969585,0.0924505902886518
C8A,0.660050842759481,0.5092212026877,0.784286384142073
SPOUT1,-0.115251247717211,0.908245979461762,0.970665672585868
DCAF12,-1.16572731397101,0.2437247131355,0.56922421533684
HACD1,-2.68927094949301,0.00716082706274502,0.0969527034117172
CNOT7,0.61446076200801,0.538910894269241,0.799927352125469
CHAMP1,2.01334173290908,0.0440786908357518,0.247718524493564
TAF11,0.395765396485139,0.692278106507694,0.88106950403908
MAST2,1.61065204554043,0.107255583241401,0.384964878449882
EGFL6,-0.788167351249124,0.430598823597374,0.731127328217308
GPX7,0.80794708564784,0.419121043917595,0.721794836470495
LRRTM3,0.2361633480135,0.813305919198254,0.932986682389192
CAMK1G,0.944142358121281,0.345096906248395,0.66481571436358
ZSCAN20,3.76770061386131,0.000164758125932924,0.013220616154687
TOP1,-2.02238423784225,0.0431366721523197,0.245627347264647
UBL7,-0.138787726373805,0.889617893050876,0.964149266412253
MAP3K3,0.252304391331229,0.800805794122394,0.928430358274922
FAM189B,-0.388317597642072,0.697781016022551,0.884034116672622
CTR9,0.672638901045034,0.501177046875044,0.778461413228429
KIAA0753,-1.0503354302475,0.293563921062881,0.619961276505186
PHLDB1,-2.54173763457098,0.0110302936712243,0.121543188386727
KIF21A,0.111809155124113,0.910974728305422,0.97125497409081
TOX,-0.515028084339116,0.606533395068139,0.841720873344132
HMGN2,0.0800025601228869,0.936235219815845,0.977346067906343
ZNF318,-0.317379713673723,0.750955498285049,0.906735233763768
DENND10,0.325223058688958,0.745012258150723,0.904973667022015
RPL12,-1.85928193011145,0.0629871869202466,0.295160252324451
NSMCE1,0.760709369432768,0.446830677291804,0.742458067475433
APOBEC3C,2.50456318005564,0.012260270622151,0.127798537951412
MTOR,-0.124833475828922,0.900655384796662,0.968280774399042
TOGARAM1,-0.00215693805818624,0.998279013759213,0.999307355934739
OGA,-0.0268028133709449,0.978617009279875,0.993635874681627
TGM2,-0.437657605509604,0.661634505840731,0.868222222535263
PJA1,1.53051149271694,0.125890170930121,0.412983966931054
MPHOSPH8,0.658712820545484,0.510080198672908,0.784391799791513
LRRC10,1.79586199575673,0.0725164679493247,0.316227987352866
FAM110B,-0.553962071884657,0.579604803058995,0.825845134738331
PNP,-0.93936244534584,0.347544687603948,0.66699608515469
GAB2,-0.0949501748282294,0.924354402761515,0.974713539422955
OPA1,1.49002759335908,0.136216980771412,0.42657284415066
PPEF1,0.181775100804157,0.855759225638271,0.950328945489911
ZNF521,0.412734096892812,0.679801440551257,0.875598746589181
SLC25A47,-1.6847964107362,0.0920278576581109,0.357130516246042
BRINP2,0.0723981961705541,0.942285020276907,0.979096452676569
SELENON,1.57739362413072,0.114704981591499,0.394997460509156
OSTC,1.31262356401969,0.189309825318561,0.50543945949408
IPO9,-1.5269110333152,0.126783135615957,0.413902889264662
KRT19,-1.69767643064216,0.0895688485755714,0.352157706871504
PPT2,-0.363513163690319,0.716221581311232,0.892674787502789
R3HDM4,0.926545416619366,0.354162606124429,0.671487528327244
KIFAP3,-0.461805293582788,0.644220954417363,0.859803281095682
DZIP3,-2.03502201684143,0.0418486576946291,0.241615817428041
C1orf174,0.0950059575051954,0.924310094922991,0.974713539422955
PSMB5,1.05641825539972,0.290777169282728,0.616750475909936
MFAP3L,-1.62115608255509,0.104984168791927,0.380083297816736
ARHGAP11A,1.97153028461837,0.0486632525087094,0.260582312492127
ULK2,-2.07284725800945,0.038186496767444,0.230334380375962
SLC26A1,-1.81905639059313,0.068902827351883,0.308691522539157
TEX45,1.06776142881473,0.285628140973065,0.612692911295469
GRM3,0.221994923189838,0.824317835444285,0.936819265165029
NAA35,-0.825846290086392,0.408891291541016,0.713655534035568
ALPK2,2.21223893871126,0.0269501596683869,0.192170229612702
CALD1,0.113180506343168,0.909887450037557,0.971162468097235
RUNDC1,1.59806503327661,0.110028504542207,0.388890542984001
COMT,1.78949759435615,0.073534714562884,0.318414292595261
ST6GAL2,-0.322615238462123,0.746986651717837,0.905130054127545
UTS2,-0.241459468614951,0.809199026568156,0.931489739481801
OSGIN1,1.21571636866093,0.224092986522015,0.548689307935852
TIFA,1.01478401847499,0.310208793482989,0.63519130034939
GRM1,-1.92946839540131,0.0536727399406091,0.272306472191751
GPATCH3,1.758969432871,0.0785827005698352,0.328231918927665
TBKBP1,0.102301275138538,0.918517543205548,0.973215509074305
DLX1,-0.638181623305595,0.523355458173555,0.791932722875502
CNTNAP2,-2.54899920187754,0.010803254750506,0.120350485395843
E2F2,1.32101137791596,0.186497570469261,0.501690853209346
SFT2D1,-1.14061110780891,0.254031792770689,0.580516189062469
EEF1AKNMT,0.735639856934034,0.461949899973099,0.754280843020446
CYB5R3,-1.03192204308208,0.302108638713955,0.627660026400381
ISLR2,-2.86138373995208,0.0042179617212157,0.0735941243694137
DMAP1,0.62127754388221,0.534417026273942,0.798350727555552
QKI,-2.21314022231277,0.0268879798079262,0.192170229612702
RNF121,2.91751011788808,0.0035283820130999,0.0674428585499249
SBNO2,0.0294316088772909,0.976520363479711,0.992688527541087
CD3E,-0.10151337396997,0.91914294150867,0.973316967106375
SGMS1,-0.391970962972217,0.695079668726165,0.882648816886846
CIPC,-0.300315647468674,0.763936398828347,0.913019290296562
L3MBTL3,0.540876888753668,0.588592441608037,0.831778106889683
CELF4,-0.22670002936948,0.820657004277078,0.93564249717431
ABCG1,-0.167505958697722,0.866971959407267,0.954731155040395
SMC3,0.0823006036438017,0.934407674412228,0.977045380151696
SMG5,-0.0612524628690805,0.951158148805736,0.982934168568198
GRIN3A,-1.21629100315435,0.223874087541559,0.548627520000203
ZNF277,-1.62900530497606,0.103311895921675,0.378180334461252
HORMAD1,-1.5487155474492,0.121450114746342,0.406312674906804
ASTN1,-0.42892311463339,0.667979178145837,0.870545346022761
FCRL5,2.69081936293654,0.0071276776865105,0.0968420181229243
TEDC2,2.1483290065583,0.0316876281549415,0.209557227565665
SPRYD7,0.0286551732871677,0.977139608206685,0.992962987144831
XAF1,-0.128427885861507,0.897810364155087,0.967979791977504
MOK,-0.866800977256668,0.386051066568944,0.69737008113407
COL6A1,-2.50364469888005,0.0122921405215717,0.127904420405929
MSRB1,0.0873105994771439,0.930424629032685,0.975753934523214
DCTN1,-1.43307839525234,0.15183543485016,0.450004429427169
TSC22D2,1.02326552304591,0.306182320185047,0.631310385103318
ILF2,-1.61734687473798,0.105803426320323,0.382232918443813
NOS1AP,-1.16779203936114,0.242890659965309,0.568654496971007
TMEM184B,0.245326308349691,0.806203782920921,0.929825260676463
AGL,-0.394080141018983,0.693521872310408,0.88183108208486
DIO1,1.64659640545261,0.0996410297889636,0.371283092379152
ARHGEF15,-0.517785146658148,0.604608182754335,0.84013940672372
COLGALT2,0.409886561144657,0.681889164063544,0.87636706789613
MINDY1,-0.634735410607529,0.525600994723605,0.792951091164828
ZNF830,-0.676034726045692,0.499018597563803,0.777599735427002
SMOC1,1.60863056905316,0.107697145844712,0.385410918785705
CCDC152,0.287028191167119,0.774090734582545,0.916773763776043
PLXNB3,0.985958897389271,0.324153282982938,0.647787025504924
KIFBP,0.986608219330211,0.323834739283732,0.64770943843164
CNTF,0.738479868034705,0.460222896458473,0.752977988159421
ASB12,0.221435071583469,0.824753686959927,0.93697300852427
PCGF3,-1.89892206433505,0.0575747238171492,0.28143205619788
BRDT,-0.0553911714449819,0.95582682920709,0.984754277665308
GLMP,1.09982706921457,0.271407475755377,0.596912316759688
VEPH1,4.12191258822917,3.75739782865034e-05,0.0060300654856033
SHISA4,-2.23441802496108,0.0254555807911658,0.185872951239933
PTGS1,-0.471129142980209,0.637548514823151,0.85759850583831
MTCP1,-2.43019893258294,0.0150905375319945,0.141963158941439
SLC39A13,0.157858662329582,0.874568172242775,0.958508587892841
SLC9B2,1.22922402529972,0.21898782343315,0.544300212741318
SUCNR1,0.719656461364055,0.471736539319899,0.762086092094625
MRPL21,-0.822815872546288,0.410612709026609,0.714877620506813
NFE2L1,2.29305072307971,0.0218450848845178,0.172553802407683
WHRN,0.234905137716101,0.814282361817175,0.933125974541569
CACNA1S,-1.29082464088876,0.196764491346587,0.515160012960236
NOTCH2NLA,0.364807604613567,0.7152550280973,0.892087469254319
CD247,0.317110523076241,0.751159740390503,0.906735233763768
GP1BB,2.26005939566941,0.0238175647597267,0.179645838618152
SH3BP5L,-1.5464981716454,0.121984301307072,0.406881671666881
OR2T1,0.699861643527883,0.484013713335383,0.769571333936043
TRIM58,1.81140235140186,0.0700785922610054,0.310491789899661
SCCPDH,0.717550106879677,0.473034730555878,0.762505739053972
CNST,-0.293844751015866,0.768876537433234,0.91476044045812
TFB2M,3.95801471907498,7.5575301586851e-05,0.0089929648743342
EFCAB2,-1.05846422130186,0.289843854097937,0.615984029968072
COX20,1.29459399099911,0.19546032638608,0.513874763112914
CATSPERE,2.32905220524042,0.019856300233075,0.164748455096143
ADSS2,0.154859619887931,0.876931988196724,0.959284304019716
SDCCAG8,-0.112107922909773,0.910737835457241,0.97125497409081
CEP170,0.296201296163238,0.767076359035691,0.914179546909062
WDR64,1.03017589577587,0.302927442737186,0.62837866896942
CHML,0.113038448607453,0.910000072967321,0.971162468097235
OPN3,-3.47863034333557,0.000503983273654139,0.0230764544707908
KMO,2.34937194580498,0.0188051112730553,0.159715767414396
FH,-1.13060548852125,0.258221176391441,0.584055858335102
ACTN2,-0.915963936873951,0.359685810148168,0.675254493478302
HEATR1,1.89072354571359,0.058661257642698,0.283832932874774
GPR137B,-1.5007599550909,0.133417659602436,0.422871889811476
B3GALNT2,-0.0424957156685033,0.966103527068227,0.989061880120125
TOMM20,1.0927278041919,0.274513328217965,0.600284184148879
IRF2BP2,1.72564547077129,0.0844112136462591,0.340184326701197
COA6,-1.53629406678255,0.12446627402648,0.411309380467001
SLC35F3,-1.3159601333862,0.18818742380724,0.504186148595219
KCNK1,-0.967139269881509,0.333474416547751,0.655876098743133
MAP3K21,2.13560549044312,0.0327115835298205,0.213642384583851
NTPCR,-0.641990097612741,0.520879612557172,0.790832617591493
TSNAX,1.07743849675559,0.281284413470224,0.607911874391849
EGLN1,-0.934632951711624,0.349977491193324,0.668528916986359
EXOC8,-0.52905399304398,0.59676799529981,0.836693403322777
GNPAT,0.928216355090679,0.353295352310308,0.671029337426504
C1orf131,2.70385188553519,0.00685408332568017,0.0949554159196153
TRIM67,0.442940398017834,0.657808846050726,0.86644105197759
FAM89A,-0.197457639134771,0.843469427856903,0.945180519277048
TTC13,-0.846952684750073,0.397021494872668,0.705422548876709
C1orf198,-1.55276467076127,0.120479365847237,0.404735759796449
AGT,1.0573473722698,0.290353080620073,0.61649634317144
COG2,0.546420494852226,0.584776925251534,0.829271482509693
OTX1,-0.273787698491741,0.7842477777229,0.920944796311174
GALNT2,-1.48178029532897,0.138398763787828,0.42907025088918
ACTA1,-0.0117298522212148,0.990641146625907,0.996852641275102
RAB4A,-1.17901486279621,0.238392257584938,0.564019866179281
RHOU,-1.51743895025201,0.129155896163793,0.417412293637758
H2AW,-2.53445722666269,0.0112621675396437,0.122366544252868
H3-4,-2.2444489346849,0.0248035310155005,0.183412606856865
TRIM17,-0.0398709430756325,0.968196016741965,0.989938133815083
IBA57,2.59792867661112,0.00937879724100945,0.111207698960879
GJC2,0.205639139888392,0.837072801657949,0.942929542460087
DLL1,-2.71290992551485,0.00666952329525814,0.0935985308163109
PRSS38,1.54699992486007,0.121863263766833,0.406881671666881
JMJD4,1.56332156863561,0.117976977617091,0.40034971322575
ERMARD,0.581926803648207,0.560615985285196,0.814938108821449
TCTE3,-1.44412922120662,0.148702629743685,0.445366024670251
COQ8A,-0.523161074685954,0.600862166828826,0.837723624817516
PSEN2,1.328964475706,0.183859690249672,0.49936020765029
STUM,-1.45887761194683,0.144598796111352,0.438867670269976
PARP1,1.01037649568743,0.312314944427685,0.636208738749321
DACT2,-0.679026411658591,0.497121127243967,0.776987873065284
ACBD3,1.10285520026891,0.270090051910986,0.595377885487088
H3-3A,-1.08665949637475,0.277187320513294,0.603565888982743
LEFTY2,1.01959776313011,0.307919266307919,0.63300899189529
GPR31,1.44616939341415,0.148129696002757,0.444224651712985
TMEM63A,-1.62862628220046,0.10339215697669,0.378301287478773
CEP43,-2.54422944096555,0.010951911961085,0.120926117831899
FBXO28,1.73267808445026,0.0831529018885659,0.337378069264522
CAPN8,-1.29124471406217,0.196618834673021,0.515081306138189
PACRG,-1.560839737202,0.118561568982069,0.401790606654894
PRKN,-2.07435163376099,0.0380466657135985,0.230334380375962
DUSP10,0.163254971631317,0.870317685615928,0.956481684486782
HLX,-0.522093343238745,0.601605341084475,0.838038928638558
MTARC1,1.86620125444525,0.0620132136512401,0.292456264205106
MTARC2,1.4418291925031,0.149350565319787,0.446327077655552
MARK1,2.28989206791799,0.0220275741716306,0.173070746363529
IARS2,1.69215957119017,0.090615552666098,0.354180731411812
SLC30A10,-0.290286298275017,0.771597220173989,0.915847930711789
LYPLAL1,1.76896749729882,0.0768992988384766,0.325451800798962
TGFB2,0.396410687946885,0.691802082705524,0.880922416629069
RRP15,0.156248372082223,0.87583724951482,0.958991000356133
SPATA17,-1.58888176970863,0.112087087712991,0.391980497073387
GPATCH2,0.512278338174112,0.608456223432455,0.842657802940589
SLC22A2,1.68366262943395,0.0922468874634731,0.357130516246042
PTPN14,0.992625424547399,0.320892529897778,0.644369055638391
SMYD2,-0.496427585265137,0.619592766709264,0.848654349765034
RPS6KC1,1.47365125350964,0.140575513944275,0.432862558040037
ANGEL2,-0.683859970758452,0.494063593012273,0.775643943428513
SLC22A1,-0.995867222400503,0.319314663055039,0.642873105633974
FLVCR1,0.488001289038504,0.625548928023641,0.851488291428888
NSL1,1.9623129416362,0.0497260614021814,0.263450317461447
ATF3,-0.373381578078045,0.708864468322745,0.888561145081074
NENF,0.48073416092241,0.63070544887243,0.854344264552993
DTL,0.266756485264243,0.789656660201336,0.923890298919367
INTS7,-1.3774986136526,0.168358143118082,0.475255510588817
LPGAT1,-0.1514828121643,0.87959486828078,0.96015562390684
NEK2,-1.82641139295007,0.0677883170287864,0.305917669141775
SLC30A1,-0.863648397929113,0.387781068656455,0.698547875097672
RD3,-0.923436578866676,0.355779736749416,0.672773659779708
SERTAD4,1.95298920857644,0.0508208739201691,0.266501308758338
IRF6,0.363658854056872,0.71611277222476,0.892674787502789
TRAF3IP3,0.458929960924119,0.646284462680624,0.860562298167274
HSD11B1,0.886498413432691,0.375349008725644,0.689018355881536
G0S2,0.623818769543658,0.5327466116267,0.798055672839961
PLXNA2,-1.27084171949967,0.20378496343437,0.524892813015685
MRPL18,1.02336830202032,0.306133740730353,0.631310385103318
ACAT2,0.12966442354492,0.896831930783565,0.967324789360891
CR2,0.544603954996996,0.586025934043244,0.829759590694712
TAGAP,-1.79497472118775,0.0726577275958433,0.316318625733367
C4BPA,0.916506261628136,0.359401424774946,0.674955126193615
EZR,-1.06737852671717,0.285800941024848,0.612851892191
C4BPB,1.55834130063253,0.119152363439742,0.402393775783625
PFKFB2,0.478270078555241,0.632457989959465,0.855219117314839
DYNLT1,-1.05696647110701,0.29052688982875,0.616623066287051
TMEM181,-2.92683395831508,0.00342431644830709,0.0664807748364186
FCMR,0.420853229958507,0.67386225933168,0.872974353215841
TULP4,-3.35407714051241,0.000796301599629198,0.030804788246515
IL20,-1.52337030129072,0.127666087832144,0.415291864200759
MAPKAPK2,0.378293155958537,0.705212829089654,0.887690824471088
DYRK3,2.41630684952581,0.0156788421846345,0.144896767873192
EIF2D,2.33815065154754,0.0193794344325682,0.162588640122929
SRGAP2C,0.0685066892003418,0.945382295376176,0.980465904776533
AVPR1B,1.97269068959734,0.048530813362538,0.260561760117051
FAM72A,1.2693833517898,0.204304370995949,0.525311493346925
SLC26A9,0.753930703124118,0.450890833245568,0.745442390107568
PM20D1,3.00068742470544,0.00269370921809044,0.057665296831946
SLC41A1,-0.773837656629048,0.439026800756052,0.7367048090991
RAB29,-2.14059235169374,0.0323069261096991,0.212181104259365
NUCKS1,0.308654737992276,0.757584177528891,0.909403979379827
SLC45A3,-0.716295695087947,0.473808784403978,0.762902868607983
MFSD4A,-1.73296257212313,0.0831023214236657,0.337288000390254
NUAK2,-0.948536075059483,0.342856616613653,0.663328109177693
DSTYK,0.670801445207088,0.502347026685577,0.779160940828077
CLDN20,-2.59634176722467,0.00942222927117859,0.111234460492741
TFB1M,0.314193977142581,0.753373716787457,0.907710887936363
TMEM81,-0.232716106193722,0.815981861619657,0.933815365210433
LRRN2,0.176100830748606,0.860214728282203,0.95130112101564
MDM4,0.392736897805762,0.694513815393108,0.882448899541773
PIK3C2B,-1.51700509714569,0.129265397125845,0.417466192869661
PPP1R15B,1.46617150319408,0.142601569919679,0.435871930384324
ETNK2,-1.39981106079226,0.161569904728299,0.465569938311957
SOX13,1.76207320179132,0.0780569303523427,0.327516279285729
OPTC,0.371545746181824,0.710231089862518,0.889311373934458
CHIT1,-0.841680669757228,0.399966721095773,0.707603206968063
MTRF1L,-0.619091309378621,0.535856208167241,0.798350727555552
PPFIA4,0.0593400445261188,0.952681266373414,0.983541732126991
TMEM183A,-0.815938426320052,0.414535353112747,0.718330041364057
VIP,-0.398920059833062,0.689952107884104,0.880087126689357
MYCT1,1.52579236072354,0.127061583814541,0.414183159018794
CYB5R1,-0.708580618937176,0.478584766935548,0.766769709667325
SYNE1,-3.29247021777185,0.000993114155507009,0.0346180373045443
KLHL12,-0.760559947422849,0.446919950434511,0.742530286653649
RABIF,0.81375026719914,0.415788030952688,0.719341252397494
KDM5B,-0.641449805729963,0.52123048260093,0.790906051947792
SYT2,-0.651919381502419,0.514453181099796,0.787203358897477
LGR6,0.834072257950207,0.404240266961954,0.709974936232051
PTPN7,-0.949357080872784,0.342439031231795,0.663199209845292
GPR37L1,-0.928656230858693,0.353067270584146,0.670753327343931
TIMM17A,0.329078077732312,0.742096673709314,0.903757179736231
LMOD1,-1.02995082601464,0.303033089783649,0.628399313665324
ARMT1,1.71991507614253,0.0854478796558287,0.342488793605669
NAV1,-2.90600759326478,0.00366072565398314,0.0682585539313248
CSRP1,1.0407653758497,0.297984453147155,0.624115518938136
PHLDA3,-0.88156617116653,0.378011455618135,0.690959078052607
MTHFD1L,1.29974101039,0.193689749484596,0.512094769407941
TMEM9,-2.01767428648541,0.0436251945127324,0.246645463938927
INAVA,-1.8846108443426,0.0594823971312806,0.286097974807397
KIF14,-0.763144294506286,0.445377346121271,0.741493262599474
NR5A2,-0.497137111391481,0.619092365797695,0.848654349765034
NEK7,-0.857278540668928,0.391290965257536,0.701051055995832
LHX9,-1.45382835139557,0.145993901056033,0.441083903488769
C1orf53,2.34442466592936,0.0190564598177101,0.161045963078865
CRB1,0.929486351339433,0.352637095301697,0.670477988407429
ZBTB41,-1.72331789331032,0.0848310537134813,0.340941689580342
ASPM,1.93562320296418,0.0529138664352954,0.270989213601802
KATNA1,1.19978582295256,0.230222531524714,0.554896210183508
F13B,-0.489340654174553,0.62460054359754,0.85098345895373
GINM1,-0.471583912394433,0.637223811906677,0.85759850583831
B3GALT2,-2.22166288926896,0.026306096302198,0.189172810542293
CDC73,-2.32849880689511,0.0198856325273358,0.164748455096143
GLRX2,0.58317954152547,0.559772441979116,0.814499448101161
UCHL5,-1.68075002154414,0.0928114800438092,0.357956038170816
RGS1,-1.77452844695225,0.0759757809785402,0.323593897624102
RGS18,1.94446924154192,0.0518388910898139,0.269226717614481
BRINP3,-2.02260341523975,0.0431140518134739,0.245627347264647
UST,-1.16482845752864,0.244088437274241,0.569516263103235
PLA2G4A,-0.762061288758339,0.446023425693111,0.741803791705495
SASH1,-0.881003479918553,0.378315936483374,0.691009366955618
PTGS2,-0.306755849222775,0.759029216216159,0.910215449126136
SAMD5,-2.28435284662234,0.0223508024114916,0.174146316920637
TPR,1.13483666115681,0.256443762362483,0.582251988252344
RAB32,-2.48791660748973,0.0128493858897103,0.130826442139645
IVNS1ABP,0.272547481943196,0.785201087209857,0.921063539094716
SWT1,1.97570412360235,0.0481882976213068,0.260274613843306
TRMT1L,2.1378744895852,0.0325269312244221,0.212935794917875
RNF2,0.0952972503071209,0.924078726652995,0.974713539422955
NIBAN1,1.24690457447916,0.212432489229073,0.536008439899447
EPM2A,-1.81256175535044,0.069899440977352,0.310339760003214
NCF2,1.14855003972801,0.25074156805892,0.576246997967821
SHCBP1L,1.00852268695664,0.313203602007246,0.637218173080891
DHX9,-2.41370038153755,0.0157914420034189,0.145682119199441
NPL,1.45851385737301,0.144698958366532,0.438924250219274
RGS16,0.35858114707758,0.719908452549203,0.8934082912762
RNASEL,-0.606293519430573,0.544319861218904,0.80456690046482
STX11,-0.733076860797949,0.463511552170085,0.755760033375013
SF3B5,0.22827435497979,0.819432960027837,0.935520566525053
LTV1,-1.0355543195912,0.300410112468725,0.62573641897409
IER5,-0.147786832926332,0.882511001029007,0.96146127273015
KIAA1614,2.70524421323288,0.00682541905824707,0.0947703616602379
XPR1,-0.663755448061203,0.506846844507806,0.782650328915597
PEX3,-2.11259005533994,0.0346358706295789,0.219731047763148
QSOX1,1.049454424743,0.293969020615243,0.620193134863006
HIVEP2,-1.15300319044119,0.248909074980827,0.574152155452429
CEP350,3.00582766928574,0.00264859057783884,0.0571262169315859
ADGRG6,-2.43223512022784,0.0150059627685308,0.141611415687078
NPHS2,0.898038728366329,0.369164902639184,0.684331416614654
AXDND1,-0.183460632503943,0.854436605194788,0.950008289901106
SOAT1,-1.13244639853719,0.257446807387917,0.583140763128947
TOR3A,3.2862356414692,0.00101536030872616,0.0349426225990282
VTA1,1.62851866427408,0.103414954952091,0.378301287478773
RALGPS2,1.07892414098876,0.280621546071453,0.607463499117593
RASAL2,1.88984358934705,0.0587788818748924,0.284232367634287
HECA,1.27758225250145,0.201396761539673,0.521726084033332
ABRACL,0.275506597055922,0.782927058146529,0.920435975561498
PAPPA2,1.7073671659301,0.0877538291986889,0.348542469365731
COP1,0.376949143518406,0.706211399327305,0.887832840227308
TNR,0.635502135290762,0.525100974527891,0.792785621386678
CACYBP,-0.759702003415174,0.447432730957272,0.742752688494727
ECT2L,1.83160402386449,0.0670104368883754,0.304933231758472
GPR52,1.54634268727599,0.122021827748332,0.406881671666881
RC3H1,1.08750195602989,0.276815034588493,0.603171690758851
SERPINC1,2.3318086660933,0.019710758935487,0.164432478044312
ZBTB37,1.08543346482063,0.27772971741977,0.603933591314334
SLC9C2,-1.0340651180506,0.301105721978232,0.626443671870768
FASLG,0.272431236132091,0.785290457690343,0.921063539094716
SUCO,1.70860974130323,0.0875232630246215,0.347967763150868
C1orf105,1.37782666284907,0.168256811846598,0.475134958749392
PIGC,-0.478919237829967,0.631996084465061,0.855093867537077
OLIG3,-0.55370374555157,0.579781611491218,0.825863721785361
IFNGR1,0.43720685787478,0.661961336696595,0.868311993729473
PRRC2C,1.58846686979227,0.112180806899814,0.391980497073387
FMO4,0.452498889230949,0.650909621263188,0.862745299371226
FMO1,0.511661737653131,0.608887769098642,0.842967359866749
FMO3,3.36945536259884,0.000753168890391245,0.0297018949976823
MROH9,-0.310494737743134,0.756184760563117,0.908686704835547
GORAB,2.38515158666985,0.0170720851205068,0.152463596539006
SCYL3,0.195538305982081,0.844971552571999,0.9460312290833
F5,-0.191151475102698,0.848406919784537,0.948009634826111
AHI1,-0.380515754869192,0.703562603841865,0.88662895546602
CCDC181,-1.12868082205531,0.259032502295602,0.584771285474849
NME7,-0.294577713788734,0.768316488917333,0.91476044045812
ATP1B1,-1.64803909185126,0.0993446495791567,0.370519425915451
DPT,-1.7212689500537,0.0852020311084578,0.341991095054175
TBX19,1.06435842003874,0.2871663623615,0.613787946395748
TIPRL,-0.698332877955556,0.484969042523652,0.769993457759416
HBS1L,1.59669286482252,0.110334186924442,0.389340013465845
DCAF6,-0.380488800101946,0.703582608753591,0.88662895546602
ADCY10,-0.226817021452897,0.820566027415865,0.93564249717431
SGK1,-0.733485186694688,0.463262559430853,0.755577155333437
POU2F1,1.60051976447212,0.109483325918175,0.388233478409036
GPA33,-0.725983529324359,0.467848867753275,0.759192289654163
MAEL,-1.67345518882325,0.0942377210887567,0.360429264069763
TADA1,-0.341712857188131,0.732566995320032,0.899185761182992
POGK,0.786767417278565,0.431418030373835,0.731489353314467
UCK2,-4.2498716204005,2.13893070918197e-05,0.00438859846394058
MGST3,2.70690677072281,0.00679133262531948,0.0946523736232188
NUF2,0.135188740536471,0.892462649119878,0.965811662410475
CCDC190,-0.191910117210003,0.847812612359749,0.947606856553522
DDR2,-1.65363108890003,0.0982024919570037,0.368988262329913
VNN3,-0.143929464952219,0.885556168260467,0.962006607741205
VNN1,1.37154332077308,0.170205648709976,0.477890760426122
SH2D1B,1.10977068400893,0.267097855065845,0.592538859438604
TAAR2,0.651053713266795,0.515011814254015,0.787455765105721
SPATA46,-1.70535376564806,0.0881284656921304,0.349174847324307
OLFML2B,-1.11683216645135,0.264066092606203,0.590460380059863
STX7,1.16759229335291,0.242971260295882,0.568654496971007
ATF6,-2.1500998457094,0.0315473178259187,0.20922687178409
DUSP12,-0.141543468519993,0.887440622769501,0.962996236631726
FCRLB,-0.378371415796763,0.705154699458441,0.887690824471088
FCRLA,-0.145895117734726,0.884004185833844,0.961796641624449
MOXD1,0.270891539286383,0.786474452490499,0.921931908457572
FCGR3B,-0.723319496916587,0.469483617147466,0.760316696677067
FCGR3A,-1.53196697473472,0.125530584567174,0.412557862029783
CFAP126,-0.337158103482797,0.735997718634706,0.901029284619109
SDHC,0.996685123969495,0.318917372639485,0.642711885255926
CCN2,0.927930736900132,0.353443499205162,0.671074813004155
NR1I3,0.697101688426295,0.485739157627583,0.77053689626008
TOMM40L,0.80644218657042,0.419987930490338,0.722290118336115
APOA2,-1.65858479031257,0.0971994887236698,0.366738015065634
NDUFS2,2.1569486430955,0.0310096662225552,0.208015410276808
ADAMTS4,-0.527149301086443,0.598089912565729,0.836788297058378
UFC1,-0.600120335473025,0.548426040915027,0.807616761805366
DEDD,0.230901303994542,0.817391477666679,0.934703027098712
NIT1,0.746271495998482,0.455503426461371,0.749569039544401
PFDN2,0.433869746782487,0.664383029873134,0.869186278343771
KLHDC9,2.14171497686836,0.0322164247879027,0.212049700545105
NECTIN4,-0.368161586355711,0.712752751435955,0.890731736057193
ARHGAP30,-0.621554204572807,0.534235041756827,0.798350727555552
USF1,-1.62639033210057,0.103866646179652,0.378842139497297
TSTD1,1.39205984569776,0.163904276356197,0.468640750654013
F11R,0.252989932276032,0.80027599307071,0.928357492998566
CD244,2.12313117221441,0.0337428615255581,0.217038905741179
SLAMF7,0.890003550709103,0.373463979507049,0.687620242301003
SLAMF6,1.9729045486113,0.0485064383040947,0.260561760117051
MED23,-0.174062265222075,0.86181652843537,0.951792154482155
VANGL2,0.426888022008923,0.669460890258815,0.870961304961477
COPA,-0.0441094069422142,0.96481719442876,0.988603698368782
PEX19,-0.354558404321909,0.722920442591308,0.894705403448028
DCAF8,-0.502979396644268,0.614978757877872,0.846278542048738
PEA15,-1.28643530165748,0.19829118483047,0.517568730260402
CASQ1,-1.08392157630598,0.278399572119426,0.60490330623107
ATP1A4,-0.630321674772046,0.528484144707406,0.795006914298129
KCNJ9,-3.21422427673036,0.00130797466199732,0.0392055899002005
PIGM,-1.54167950502519,0.123151494715877,0.409217420633383
SLAMF9,1.19669610682447,0.231425025045043,0.556485462696663
IGSF9,0.235928569015875,0.813488099056996,0.932986682389192
TAGLN2,0.888357465833918,0.374348497255951,0.68814643855969
CFAP45,-2.63762441109567,0.00834889943833583,0.104742500770887
VSIG8,-2.64288409261449,0.00822031702742317,0.104014924822406
FCRL6,0.36777164154731,0.713043516075055,0.890768582047058
DUSP23,-1.6679573161552,0.0953242003600098,0.362787030672787
FCER1A,0.952356371583943,0.340916277767718,0.661944411396375
ACKR1,0.113705954875874,0.909470891833046,0.971162468097235
CADM3,-3.79354112800014,0.000148514018559745,0.0126698090886048
EPB41L2,-0.997588683735174,0.318478850674582,0.642147492298084
OR6K6,0.525902412616766,0.5989560125562,0.836788297058378
ARHGAP18,-1.82619481174296,0.0678209225849659,0.305917669141775
CD1D,1.69147974697891,0.0907452127200286,0.354368884917037
CD5L,2.34036988955625,0.0192646495907775,0.162303790293358
FCRL1,-0.778377540373433,0.436346475347122,0.735288493492203
FCRL3,1.64027119222643,0.100948792604411,0.373750337899703
ETV3,2.77014614656203,0.00560311453361026,0.0853549859678874
ARHGEF11,-0.279421740736212,0.779921188565869,0.918679597972543
INSRR,3.51409085177027,0.00044126186483497,0.0216085002027493
PTPRK,-1.33797969478304,0.180903056013,0.494910226765098
MRPL24,0.256895070711444,0.797259775919859,0.927156605924344
RRNAD1,0.711828517443697,0.476570971256156,0.765431913703035
ISG20L2,-0.730313339463789,0.465198676250808,0.756700819747111
NAXE,-0.194069275168749,0.846121639092921,0.946527261776258
TTC24,1.72681450475877,0.0842009826707235,0.339786151023962
TSACC,-1.62242484999982,0.104712411926163,0.379707838011552
BGLAP,-0.756642999677011,0.449263772580088,0.744135160642542
PMF1,1.05815181958056,0.289986232831183,0.616120965783281
LAMTOR2,1.44451094566504,0.148595303045421,0.445291415615312
UBQLN4,2.31406605979502,0.0206640988062115,0.167486481233748
RSPO3,0.987720143371649,0.32328972650043,0.647098441200972
KHDC4,-0.284836927858203,0.775769079232492,0.917407189524607
RIT1,1.28763345908309,0.197873586467882,0.517144947284408
SYT11,-0.206790663675308,0.836173347868949,0.942749605660051
CENPW,1.32220730795383,0.18609912824678,0.501184648824163
DAP3,2.4162916958866,0.0156794947775667,0.144896767873192
YY1AP1,3.52635216310061,0.00042132631743058,0.0213414946226008
ASH1L,1.16176178476717,0.245332240992547,0.570814304150623
RUSC1,0.342810536826656,0.731740998536307,0.898738351095923
FDPS,-0.77406835498024,0.43889036988638,0.736665010405751
NCOA7,-0.00288573350279901,0.997697520987158,0.999088774975208
HCN3,0.737711113563318,0.460690017210978,0.753134088650806
HEY2,0.991980287526476,0.321207141508994,0.644601529864961
MTX1,0.774435513165831,0.438673289355445,0.736605754393703
THBS3,0.376670681150147,0.706418353776501,0.887832840227308
DPM3,0.597956018455072,0.549869280069135,0.808053595706311
SLC50A1,0.790254056556017,0.429379412268103,0.73043036477935
EFNA1,1.00568670369569,0.314566301188257,0.63894801703765
EFNA3,-0.309969306153498,0.756584297685743,0.908944180343033
NKAIN2,-1.04490444919654,0.296067133265406,0.622165160113729
DCST2,0.666755147647427,0.504928546615506,0.781027465606522
SMPDL3A,-0.525679916114914,0.599110620396925,0.836788297058378
FABP7,1.18955391944176,0.234221766531494,0.559255306819047
PKIB,1.20350890349545,0.228779448030718,0.553038002965353
HSF2,2.25267559905661,0.0242796105646992,0.181693540001482
PYGO2,0.271736520361616,0.785824618325649,0.921466486178142
PBXIP1,2.37918922587152,0.0173507665886107,0.153436827689851
PMVK,-1.70228693269066,0.0887015931893202,0.350503199416307
MAN1A1,1.42572598054168,0.153947454101447,0.45312044371352
CHRNB2,-2.41456344697458,0.0157540789305298,0.145420196688472
TDRD10,-1.68501325545592,0.0919860140930669,0.357130516246042
IL6R,0.982465918448058,0.325870365322817,0.648579660058637
CEP85L,0.849665564517987,0.395511048691224,0.704202593984567
NUS1,1.62035828618542,0.105155335015869,0.380290679444941
GOPC,0.742654333767634,0.45769098411053,0.750578021190569
ROS1,2.63255873833384,0.00847443680195429,0.105500880278707
C1orf43,-1.22394722042034,0.220972138630055,0.546160367510656
C1orf189,-0.495567212032057,0.620199790631824,0.848779481227625
ECHS1,-0.424921747237113,0.67089372068058,0.871285659683641
FAM162B,1.22259067949678,0.221484335223845,0.54643285500988
NUP210L,-1.29962441999505,0.193729725831914,0.512094769407941
TUBGCP2,-0.237113591626391,0.812568668411028,0.932577619100159
KPNA5,-1.50194534588462,0.133111224310697,0.422561659783017
RAB13,1.81845079257706,0.068995261159525,0.30879279171766
ZUP1,4.1102660980943,3.95203425319169e-05,0.0061594733855754
CFAP46,-1.32007955919222,0.186808456629322,0.502152284163296
NKX6-2,1.23293573502548,0.217599741735103,0.542376474517035
INPP5A,-1.73027491625772,0.0835811689252563,0.338184515004862
CALHM4,-1.6592696703083,0.0970614640397601,0.366643968916447
CALHM5,-0.0234975307383341,0.981253408127737,0.994497013659256
TRAPPC3L,-0.18046096853787,0.856790693896679,0.950330266389413
CREB3L4,2.5009826857497,0.0123849233166728,0.128191074099584
LRRC27,1.9250157261874,0.0542273908522577,0.273218725984143
CRTC2,1.83175541240562,0.0669878688876288,0.304916137826334
TCERG1L,-1.03299987160752,0.301603958742838,0.627013559389115
GLRX3,-1.18266229980838,0.236943011150544,0.56254115768198
GATAD2B,1.35312228946043,0.176016565951418,0.487534606545886
TUBE1,0.220235524702187,0.825687731048736,0.937197089682016
CLRN3,-1.79487349418178,0.0726738578710013,0.316318625733367
ADAM12,-2.81981510003599,0.00480513283563445,0.0782777870681394
NPR1,0.377243788148122,0.705992441803205,0.887832840227308
SNAPIN,-0.020095398246631,0.983967271072632,0.995023322998978
CHTOP,-0.891659236349468,0.372575609061727,0.686936606935218
FANK1,-2.64663103035818,0.00812980026458182,0.103523391109911
S100A14,-2.53441421673556,0.0112635501280325,0.122366544252868
S100A16,-0.440656375714591,0.659461782912288,0.866927497098562
S100A2,0.55844020044272,0.576543828205138,0.824891774329339
S100A3,-0.497929597731969,0.618533664947702,0.848354125677763
S100A4,-0.144021852073681,0.885483214068076,0.962006607741205
S100A5,-0.956493487731503,0.338822972942795,0.659947544775264
S100A6,0.514471620526356,0.606922296947905,0.841825205306664
S100A8,0.0540631236202154,0.956884872346168,0.984869206914216
S100A12,1.65113753032051,0.0987104954176897,0.369532743073221
PRR9,0.389999243762754,0.696537106131809,0.883509001851341
UROS,-2.37402448900712,0.017595383453696,0.154695447602712
TCHHL1,1.60579910236089,0.108318057949882,0.386724097204767
MMP21,-2.71607167158031,0.00660616151411246,0.0931934482003906
S100A10,-0.454187889538134,0.649693598797713,0.861908116924854
THEM4,1.74602523029158,0.080806567785245,0.333092600786304
THEM5,1.25751229101599,0.208568191202407,0.531052750738268
LINGO4,0.0676418952426058,0.946070704171767,0.980639799390822
TEX36,1.36290372555827,0.172912854424768,0.483001941800486
MRPL9,2.71850309500742,0.00655780422366331,0.0930813584801319
LHPP,-1.10661326232058,0.268461170824788,0.593970370131806
OAT,-2.37649728838518,0.0174778898583232,0.154218354226217
TUFT1,0.353963386782155,0.723366322265622,0.894705403448028
SLC16A10,0.104966272745248,0.916402571288053,0.972111996832641
BUB3,-0.227149154910435,0.820307762761695,0.93564249717431
PI4KB,0.67943767675616,0.496860584072871,0.776859164733656
PSMD4,-0.355474730964875,0.722233972173224,0.89445984527474
IKZF5,-3.78216160019066,0.000155472372200312,0.0129711878596972
PIP5K1A,-0.544722127667315,0.585944643751611,0.829759590694712
SCNM1,-0.364409362536315,0.715552345131044,0.892252324196407
LYSMD1,0.376148430127845,0.706806551543584,0.887832840227308
TNFAIP8L2,0.0975007097608493,0.922328770609636,0.974300164637596
CDK19,0.120769459836278,0.903873640529061,0.969992984773755
SEMA6C,0.201782745314138,0.840086571330847,0.944049031801283
GABPB2,1.73534399378977,0.0826798937504302,0.336469595229908
SLC22A16,2.74224025074472,0.00610216911091087,0.0892690064248685
MLLT11,-0.700175762533505,0.483817546113989,0.769571333936043
DDO,0.697701625644471,0.485363811308478,0.770243605131693
BNIPL,-0.153718731318604,0.877831514867945,0.959284304019716
CDC40,-1.34263734640398,0.179389431250521,0.493085177402018
ANXA9,-1.35750321456012,0.17462137275077,0.485245642193936
CEP57L1,1.93625884434384,0.0528360066639119,0.270847195450774
AFG1L,-0.0876362331705312,0.930165803050253,0.975549863482734
NR2E1,0.45397103697832,0.649849673107882,0.861981452651855
HTRA1,-1.33276184236096,0.182609971435125,0.497466391091083
CTSS,1.49739481588457,0.134290556407964,0.42389788292438
PLEKHA1,-2.69901098631539,0.00695458804319043,0.0954503959289362
TACC2,-0.15392754140022,0.877666867996831,0.959284304019716
SCML4,0.599607829604802,0.54876762789376,0.807763552271008
NSMCE4A,-0.481200377534679,0.63037409256872,0.854182717475871
PDSS2,1.89515237956197,0.0580722169423127,0.282346742661466
ADAMTSL4,0.95796596695037,0.338079920171408,0.659053520660049
BEND3,0.622484564292028,0.533623290428203,0.798350727555552
QRSL1,2.20874332351694,0.0271924992000105,0.19297864252757
ECM1,-1.17526241160478,0.239889747723201,0.565581515759326
RTN4IP1,1.35828641284549,0.174372819923298,0.484869579989474
TARS2,1.21744023909504,0.223436760932533,0.548574137830269
RPRD2,-1.00937986595751,0.312792490668617,0.636781396790707
SEC23IP,-0.722761770821034,0.469826257970637,0.760628627191975
ATG5,-1.56474438555009,0.117642856644499,0.399863663488725
BAG3,-2.44565088595695,0.0144590933168218,0.139145658004837
TIAL1,1.49624582463102,0.134589607024643,0.424140554126009
CIART,-0.495504938459163,0.620243736903566,0.848779481227625
C1orf54,-0.904482768830792,0.3657394672014,0.680784453820336
RGS10,-0.766936514715124,0.443119262173043,0.739939638016763
APH1A,-0.25394758597911,0.799536051193169,0.92816135218524
PLEKHO1,0.104734269174324,0.916586668624274,0.972186448876512
EIF3A,-3.32470713218897,0.000885114583477228,0.0322917926748613
SV2A,-1.56742723889491,0.117014861216982,0.398632594675505
CACUL1,-0.47767521648583,0.632881386535843,0.855648877667819
BOLA1,1.24122229306296,0.214523641584869,0.538852271261296
H2BC21,1.46091882416266,0.144037719996161,0.437977477016639
ASCC3,-3.00304429842036,0.00267293521198048,0.0573494224014566
H3C10,-0.504771750940903,0.613719159080167,0.845347733686343
H2BC18,-1.58861849852895,0.11214654925554,0.391980497073387
FCGR1A,-0.630189432837712,0.528570652171145,0.795063261046965
FAM204A,0.10637528553482,0.915284601089093,0.972111996832641
RAB11FIP2,-1.52729881549569,0.126686723900669,0.41375480711383
VAX1,0.0183032340095785,0.985396947533028,0.995090779913159
SIM1,1.02761178489078,0.304132478422794,0.629830502460082
PRDM13,0.575471408452528,0.564972522000868,0.818157742259633
CCNC,-0.448125379412982,0.654062712610123,0.864131874092215
PNLIP,2.34991432671528,0.0187777325601548,0.159689542008158
PNLIPRP3,-0.415747690505966,0.677594639821883,0.874731723229763
GJA8,-3.64968201327218,0.000262565139480339,0.0171609610719227
PNISR,0.71870374830343,0.472323473324473,0.762177154034082
FBXL4,2.62513650010594,0.00866142364402592,0.106358345337891
FAM160B1,-0.0355813124543676,0.971616209386662,0.991039589954763
CHD1L,-0.312534978285657,0.754633984562406,0.908216680707754
KLHL32,-0.91350678887939,0.360976064717934,0.67596901137227
UFL1,-0.389584609436847,0.696843734582918,0.883582012802685
CCDC186,-0.0620790643362865,0.950499869075545,0.982629783649818
ADRB1,-0.792685713961971,0.42796095570853,0.729623710524652
NHLRC2,0.381965508101197,0.702486948904543,0.886145736713363
EPHA7,0.0321532982206522,0.974349799524385,0.991806768427706
DCLRE1A,2.56388588468022,0.010350756977509,0.116998200731132
PEX11B,-0.0742255219304186,0.940830938297815,0.978563185245719
RBM8A,0.155048236381081,0.87678328994404,0.959284304019716
PLEKHS1,0.674492168061209,0.499998463319466,0.77807940590872
POLR3GL,0.406496004521629,0.68437819210625,0.877642613985608
CASP7,-2.53045753134074,0.011391387430714,0.122517658566559
MAP3K7,-1.3312331945162,0.183112292200364,0.497997842999278
GJA10,-0.501970264533057,0.615688437819916,0.846685250289734
SCAF11,3.30132006354485,0.000962310376383469,0.033762097166233
FCGR1B,-0.473877201517187,0.63558747774492,0.857376616741628
FAM72B,1.2693833517898,0.204304370995949,0.525311493346925
MDN1,4.13071867364379,3.61630915849665e-05,0.00598130154592573
ADAM30,0.511766315719159,0.608814567529267,0.842938013588612
ZDHHC6,1.93076464630055,0.053512164253948,0.272163800536474
HMGCS2,-2.552373536199,0.010699174303535,0.11935506970819
RRAGD,-0.102897614253019,0.918044231201542,0.972904801800968
TBX15,-2.20649406199258,0.0273494255438166,0.193668343660866
GDAP2,-0.219732966969655,0.826079128141473,0.937218552380666
TENT5C,-2.55954519115356,0.0104809227978451,0.117733450591869
CLIC2,-0.837408046376411,0.402363244418939,0.709499492681965
SHOC2,0.757697358753797,0.448632180565857,0.743749296091387
RAB39B,-0.127349630596442,0.898663680509087,0.968196502322227
VTCN1,0.253729610773948,0.799704456387582,0.928187505612972
TTF2,-0.134851230265367,0.892729499836221,0.965971459468979
CD101,0.552056053573934,0.580909949751644,0.826580396988329
CD2,0.429687779670799,0.667422773993799,0.870545346022761
IGSF3,-0.555472908753719,0.578571235414656,0.825800422229539
RNGTT,-0.641295394403477,0.521330780949877,0.790906051947792
CD58,-0.21907742752827,0.826589733899303,0.937592232104534
FUNDC2,-0.916815018369472,0.359239581406795,0.674953950291707
MAB21L3,-2.29305460488004,0.0218448614278055,0.172553802407683
CNR1,0.567189305231224,0.57058557333938,0.82199876422849
SLC22A15,-1.73810241355335,0.082192769712434,0.335498011651685
NHLH2,0.443586996285736,0.657341208997727,0.866106621414742
TSPAN2,-0.0324101861776087,0.974144939361553,0.991806768427706
RBM20,1.10043225272892,0.271143832269915,0.596494350877179
SYCP1,1.55490917882307,0.119967701014455,0.403728816312439
SIKE1,-0.0836739719826309,0.933315651904978,0.976686871449532
SMIM9,-0.921890798014206,0.356585539478341,0.673098289205128
MPP1,-2.41790106998786,0.0156103202751077,0.144587246479555
NRAS,-0.0246885359939342,0.980303399246459,0.994268145870035
RARS2,2.45511296972471,0.0140840320357248,0.13744014164182
BCAS2,-0.698453890989117,0.484893383989681,0.769993457759416
SYT6,-1.26073463305436,0.207404471644581,0.52966538871142
DKC1,-0.215223155076606,0.829593338778743,0.939316088442252
SLC35A1,0.922578330354015,0.356226992670659,0.672956709964091
CFAP206,0.730405667228172,0.46514225527238,0.756700819747111
AP4B1,-0.760313623177489,0.447067140591044,0.742576791397527
GAB3,-1.25695692239739,0.208769234701411,0.53113934875534
CGA,1.69368986708124,0.0903242309629512,0.353638999922337
DUSP5,-0.382217685681205,0.702299904663349,0.886145736713363
SMNDC1,-1.3921492438934,0.163877208913888,0.468640750654013
PHTF1,-4.2563910118149,2.0775323930615e-05,0.00431727212296587
G6PD,-0.177531570855903,0.859090869114221,0.950964647684026
SYNCRIP,-1.12420696489922,0.260925235423722,0.586593223437325
TAFA3,-1.07282190290652,0.283351031529879,0.61034377010868
RHOC,0.576912294254428,0.5639987049936,0.817258627681143
FAM3A,-0.713377053661955,0.475612468324008,0.764953611734853
UBL4A,-1.25214420407648,0.210517322855441,0.533219361357221
TBX18,1.27165106362246,0.203497125047807,0.524401414928443
CYB5R4,0.707925438116777,0.478991561670481,0.766875164901764
WNT2B,-0.460737798581378,0.644986732909324,0.860210814894492
SORCS3,-2.40221177138351,0.0162962712286057,0.148563700981141
PRSS35,0.681330875250742,0.495662151025662,0.776115840343594
DDX20,-2.64298411875179,0.00821788897410852,0.104014924822406
CFAP58,0.61217601757526,0.540421307023261,0.801449318746054
ME1,1.25932097233572,0.207914421061244,0.530422166862997
GSTO1,2.88813952095886,0.00387527936832669,0.0701100450682566
TMIGD3,0.38986376157551,0.696637291838486,0.883509001851341
ATP5PB,2.82476065754253,0.00473159454073996,0.0778793063521326
RWDD2A,0.202059143981371,0.839870487404449,0.944049031801283
SFR1,2.28284279735995,0.0224396299832768,0.174223100049197
UBE3D,3.02088766942038,0.00252034842520751,0.055809190743427
SLK,2.49989063879601,0.0124231650077749,0.128402998274601
TENT5A,0.0713144143392193,0.943147523454877,0.979359084335952
ATP6AP1,1.21251628212378,0.225314813762245,0.550194547552232
LRIF1,2.466620894885,0.0136394677197007,0.13456003181292
NPBWR2,-1.6242043104243,0.104332211247548,0.379213956733441
KCNA3,-0.430032276748393,0.667172162369118,0.870545346022761
KCNA10,-3.82287314179593,0.000131905650782821,0.0120481512531855
SH3PXD2A,2.75301956524956,0.00590483672347328,0.087168942122749
SLC16A4,-0.426611174371244,0.669662557364304,0.871082609125914
NEURL1,1.03994340598042,0.298366194678213,0.624592231633624
CALHM3,0.0836302021528009,0.933350453199145,0.976686871449532
RBM15,-1.87038935689845,0.0614297688614889,0.291407608191095
KCNC4,-1.07243186858442,0.283526100352888,0.610558597132983
CALHM2,-3.46718014498517,0.000525949277646301,0.0236738489407089
STRIP1,-0.947677282829766,0.343293769297508,0.663631234207351
PDCD11,1.61345146868781,0.106646458917189,0.383884621938424
TTK,1.59672108631543,0.110327893181778,0.389340013465845
AHCYL1,-1.32431134903908,0.185399662893954,0.500273536848361
NEURL1B,-0.194038201662281,0.846145969716699,0.946527261776258
EPS8L3,-2.3554526037665,0.0185001569321808,0.158744861680105
ELOVL4,-2.25833527227592,0.0239247648275551,0.180097849666543
SH3BGRL2,0.123624755089196,0.901612391111759,0.968792525524063
TAF5,1.58271422570094,0.113486614413223,0.393683983990691
EMD,-2.44930856529134,0.0143130771876983,0.138802503529999
PCGF6,0.737054224876846,0.461089374555292,0.753407023403904
INA,-0.673658000368633,0.500528769465782,0.778461413228429
FLNA,0.1606189458773,0.87239353199246,0.957647755659337
GNAI3,-0.699338813117869,0.484340316395285,0.769656393361959
AMIGO1,-1.3398763401267,0.180285551334962,0.494040321485781
ATXN7L2,-0.314425184144293,0.75319813116351,0.907617194727095
SYPL2,0.401504334741199,0.688048847359326,0.879224495088387
CNNM2,0.17266095295212,0.862917937774923,0.952276474223429
AS3MT,2.21175294456048,0.0269837400579005,0.192170229612702
SAMD10,-3.46958117782284,0.000521270516496347,0.0235628492627687
CYP17A1,3.8208239241018,0.000133006587424993,0.0120481512531855
ZNF512B,-2.06455069629347,0.0389655323958597,0.232837790464397
SFXN2,1.11105335530577,0.266545383830374,0.592262431282452
SUFU,0.341614550468982,0.732640985618443,0.899185761182992
ACTR1A,-1.01062446821475,0.312196200299068,0.636046783640974
PSRC1,0.615871940174167,0.53797904228272,0.79949594722294
TKTL1,-2.56200189069109,0.0104070751943339,0.11738920099162
ABHD16B,-1.15233169005394,0.249184799468003,0.574492813069799
SARS1,-1.6296253212835,0.103180709384391,0.377939332738909
OPN1MW2,-2.31582012938904,0.0205680916924861,0.167111878818801
CUEDC2,1.72009978009623,0.0854143057159619,0.342488793605669
ELAPOR1,-2.88203270926836,0.00395118714809669,0.0708460093844019
IRAK1BP1,1.42733094264613,0.153484525674399,0.452497394808355
HTR1B,-0.953732628636858,0.340218999516826,0.661224192226407
C1orf194,-0.249228230552755,0.80318424343374,0.929127939730341
IMPG1,0.373873055795717,0.708498763484223,0.888501179050184
OPN1LW,-1.93796584626745,0.0526273895226535,0.270441253581271
NFKB2,3.56431717415128,0.000364804619088244,0.0201844057009369
TMEM187,2.02283037204622,0.0430906391615309,0.245627347264647
HCFC1,-2.38079130125356,0.0172754961481829,0.153182996206727
TNFRSF6B,-0.1168052679667,0.907014369097646,0.9704919162293
AKNAD1,0.977361299636371,0.328390315279359,0.65074707919882
PITX3,-0.0215694307565434,0.98279141857878,0.994879402107381
ELOVL3,-1.74504581673908,0.0809768940111307,0.333092600786304
STXBP3,-2.12520825432669,0.0335692395901154,0.216378576473662
FNDC7,-0.8909636983878,0.372948645524016,0.687188081536259
PRPF38B,0.293944412920891,0.768800379813063,0.91476044045812
ARHGAP4,1.75614073696144,0.0790643808046521,0.328882350920594
HENMT1,-1.03102675226553,0.302528274657014,0.627952465605781
ARMH3,-0.359250085351447,0.719408011298359,0.89340576780703
FAM102B,-0.159432157293339,0.873328405066874,0.957910811399785
STMN3,-1.29568922882263,0.195082573743977,0.513660402504244
L1CAM,-3.76251819357633,0.00016821106731986,0.0134311979812197
NTNG1,-3.41109241170553,0.000647031580220175,0.0268916279071508
GMEB2,-1.29135433142628,0.196580838812785,0.515081306138189
PRMT6,-0.531994181396009,0.5947300254726,0.835498265114004
AMY1C,1.74802184115155,0.0804602454925937,0.332529352164572
COX7A2,0.685927210706759,0.492759010211505,0.774671556065623
FNDC11,-2.43180572858609,0.015023763088502,0.141611415687078
SRPK3,0.234955476341948,0.814243290633121,0.933125974541569
NPM3,-0.663819910394677,0.506805580828317,0.782650328915597
SLC30A7,0.614507214069175,0.538880207419991,0.799927352125469
EXTL2,-1.20791181714172,0.227081183625452,0.55142455511385
DBT,0.834002127963505,0.404279784718377,0.709974936232051
TRMT13,0.182844385673705,0.8549201208982,0.950069527305451
DPCD,1.04279414201984,0.297043645017604,0.623030595508586
MFSD14A,-0.355068665804691,0.722538150244686,0.894687206176186
SLC35A3,-0.603027807019468,0.54649019081129,0.806594596909943
POLL,1.98515654837689,0.0471270569519717,0.256965982716058
DUSP9,-0.873506329158016,0.382387157968841,0.694121816148077
PPDPF,0.178755326068119,0.858129824823687,0.950730386607362
PLPPR4,-1.8943652367141,0.0581765473630287,0.282753720002198
BTRC,-0.0815633259548249,0.934993965735965,0.977346067906343
DPYD,0.50296849302189,0.614986424010864,0.846278542048738
LBX1,-0.0189774618330021,0.984859085024102,0.995023322998978
TLX1,2.51702569882347,0.0118350196431158,0.125299695228781
PTBP2,-1.95488493052023,0.0505966536200186,0.266013998873461
KAZALD1,0.370822800370008,0.710769517988276,0.889478823804951
RWDD3,-0.0893252659643986,0.92882341499092,0.975498759076853
TLCD4,-1.81477002047153,0.0695592593717328,0.309966034333763
ALG14,-0.0352605687130889,0.971871965373139,0.991070946003977
CNN3,-0.316840270145295,0.751364806055594,0.906758077329085
HAUS7,-0.652928382929669,0.513802449936819,0.786794890035513
ABCD3,-0.11782151875497,0.906209078804263,0.970403934304313
LZTS2,2.31296399742054,0.0207246186654522,0.167711105316183
ABCA4,-3.11387589827318,0.00184647137034422,0.0462588167572016
TREX2,-0.491773630853523,0.622879379636496,0.849924026218673
GCLM,-1.39301568084344,0.163615048898774,0.468534583001976
MRPL43,2.6073202107372,0.00912539786492107,0.109565610364819
BCAR3,0.641873777234496,0.520955141702034,0.790832617591493
ZNF275,-1.96692206291182,0.0491921965512849,0.261943598521609
CHRNA4,-2.8979914133715,0.00375560871763669,0.0691114925952134
SLF2,0.719235312169728,0.471995945372197,0.762086092094625
DR1,0.770854835313189,0.440792980255557,0.738253091233965
NSDHL,-2.40843320848712,0.0160211575388108,0.147022897966082
CETN2,-2.45774876967619,0.0139810941456272,0.136930244716901
TMED5,1.41837096908777,0.156082486732497,0.4569980179637
MTF2,0.982810895826424,0.325700518264948,0.64856015977353
DIPK1A,0.964224290977589,0.334933488457947,0.657030145939515
GABRA3,-0.322473289363075,0.747094169879763,0.905130054127545
NKAIN4,0.561079897231789,0.574743071713414,0.823638867862201
RPL5,-2.09367561100151,0.036288886958544,0.225227079683956
GABRE,-0.631145221416997,0.527945575245687,0.794786559422884
DDX43,-0.527254503912121,0.598016863753087,0.836788297058378
YTHDF1,-0.815724896955077,0.414657496097022,0.718382145600324
SEC31B,2.16925814535815,0.0300630909334659,0.204309930033714
FATE1,-1.76348868165943,0.0778181045606685,0.327369233538509
SLC17A9,0.159964836196081,0.872908774114724,0.957826247321515
SCD,3.00524783000982,0.0026536453416737,0.0571262169315859
GLMN,0.756049736797385,0.449619376075095,0.744330235041394
VMA21,-1.51385162412849,0.130063475891227,0.418708814443077
DPPA5,1.93150539714316,0.053420582523946,0.271951702930478
BLOC1S2,-3.20674767552825,0.00134244688283537,0.0399994880953649
C1orf146,1.04898224799744,0.294186288800238,0.620409257762562
EPHX4,-0.282544180624331,0.777526274684056,0.918218817825675
MTM1,-1.04397585389894,0.296496561246751,0.622527559747225
CHUK,0.214893436764493,0.829850402063298,0.939397834121788
CPN1,-0.489732804681126,0.624322985228709,0.85092888593336
HFM1,3.28959061255903,0.00100333245245807,0.0347698334559756
OGFRL1,0.79372548522652,0.42735526038145,0.729388376910911
BARHL2,-0.165721102840742,0.868376438025323,0.955182539938392
LRRC8C,1.18858221335681,0.234604110485774,0.559841662428604
SMAP1,0.472452590194045,0.636603774200127,0.85759850583831
AFF2,-2.63991813125663,0.00829260569790091,0.104528374486312
FMR1NB,0.464809069422277,0.6420681923711,0.859677013279956
SDHAF4,2.66086184506335,0.00779409301569991,0.101148481738575
FMR1,2.00013757271307,0.0454854105724216,0.252231618189662
CUTC,1.14390212070455,0.25266423146214,0.578692857885185
MRGBP,-0.0130078721446929,0.989621512329225,0.996507118925539
ENTPD7,-2.73093790936249,0.00631543687265516,0.0913990323829175
SLC25A28,-0.145927399887571,0.883978701137373,0.961796641624449
GTF2B,-2.51154219007757,0.0120204916371552,0.126342898547907
NTSR1,-1.93028440781795,0.0535716079166127,0.272163800536474
GOT1,1.77335141018509,0.0761704951471063,0.324139552596337
PKN2,0.0192774900238996,0.984619740950934,0.995023322998978
LDOC1,0.214878210957297,0.829862273230297,0.939397834121788
SOX3,-1.15739575959975,0.247110705719447,0.57187485588078
LMO4,-0.532072406065346,0.5946758480645,0.835494567155889
HS2ST1,0.69691902497777,0.48585347085717,0.770642813301094
HPSE2,-0.587529391512029,0.556848216763563,0.813148895992846
CLCA4,-2.83151617938106,0.00463278896896922,0.0768606718505856
CLCA2,2.21507468572565,0.0267549386407679,0.191466137054396
COL24A1,3.07441514906038,0.00210915708594598,0.0505729692397905
ZNHIT6,0.976409125374801,0.32886176117796,0.651016156196086
PYROXD2,1.83359758753051,0.0667137506082969,0.304523566209486
MCOLN3,-0.15103953832126,0.879944526584559,0.960278787545217
CRTAC1,-0.8824669083295,0.377524367255361,0.690602965557897
ADGRB3,2.3213211822292,0.0202695158437598,0.166490928214072
GOLGA7B,-2.9158177725093,0.00354757636190211,0.0676501944118485
MCOLN2,-0.251853788678677,0.801154079648372,0.928577139281225
LPAR3,-2.43094329194792,0.0150595713801978,0.14177248289552
EYS,0.141348888204758,0.887594330069533,0.962996236631726
AVPI1,1.89621503149856,0.0579316163343529,0.281904482952316
CD40LG,1.60268618766962,0.109003954501325,0.387976525804123
CTBS,1.55823310717997,0.1191779995008,0.402393775783625
PI4K2A,-0.324001865238033,0.745936622087033,0.905130054127545
HOGA1,1.65315036531293,0.0983002651713637,0.369087097095815
BRS3,0.181958092169328,0.855615614404463,0.950265853795262
RPF1,-0.937717320919523,0.348389700067692,0.667128480086683
LGSN,-2.15789369278559,0.0309360979948581,0.207636940951824
UBTD1,0.227876782725036,0.819742032596417,0.935520566525053
DNASE2B,1.00299609761813,0.315862744111521,0.640246978515304
SAMD13,-0.658155042037923,0.510438510259976,0.78453421323762
PRKACB,0.764983360462158,0.444281453037437,0.740596670574729
BAG2,0.0430953259688922,0.965625545176217,0.988833997119074
SLC9A6,-0.441814302285349,0.65862358810877,0.866825818063446
ZNF451,2.2793028472687,0.0226490689019491,0.175235683929209
ADGRL2,3.28993418528234,0.00100210818927855,0.0347698334559756
ADGRL4,0.959289307372079,0.337413020504929,0.658692960299217
BEND6,1.83464160157963,0.0665588103462459,0.304120108537316
IFI44,0.789154253210514,0.430021855827912,0.730554895830063
IFI44L,0.447271356377887,0.654679145756018,0.864131874092215
PTGFR,4.09342009546481,4.25056598375636e-05,0.00637939111395434
GIPC2,-0.491024805648372,0.623408903175447,0.850360591733638
DNAJB4,1.08748808485519,0.276821161549454,0.603171690758851
FUBP1,0.559410092848483,0.575881874842625,0.824599762307784
MOSPD1,-0.855809988833617,0.392102889170751,0.701578069386102
MMS19,-0.446796551882621,0.655021961149947,0.864279451713892
MIGA1,1.06314910514979,0.287714338581807,0.613791842514178
USP33,-0.246149937784133,0.805566167239574,0.929825260676463
ZZZ3,2.11031276456142,0.0348314248389385,0.220540064536857
PIGK,2.11719440412467,0.0342433521306504,0.218696018394686
MTG2,-0.475401981278639,0.634500482555737,0.856643397270485
GPC4,2.07913807582191,0.0376046613106555,0.228761504635694
BMP5,1.90666442400452,0.0565640566889789,0.278507531856518
ACADM,4.8512569379029,1.22681492177752e-06,0.000883735863874082
MBNL3,-2.31207639469695,0.0207734737384236,0.167975082910661
ZDHHC16,-0.640798322375957,0.521653723047926,0.791045485722129
SLC44A5,2.89730359549281,0.00376385326746255,0.0691114925952134
TYW3,0.748684561755567,0.454047350854951,0.748051937494956
PSMA7,-2.44242101666344,0.0145891215873536,0.139434807367806
RAP2C,-0.221451726995956,0.824740719731354,0.93697300852427
LRRC1,0.451431804673064,0.65167836507437,0.8630863845811
FPGT,4.27390304221325,1.92080588704354e-05,0.00415124568307849
EXOSC1,-1.59142084579646,0.111514896046756,0.39082052973446
IGSF1,-4.21018419571386,2.5516256924767e-05,0.00480088739315484
KLHL31,1.6724205274933,0.0944414270573428,0.360952862808882
ZRANB2,1.14292502525831,0.253069721254635,0.57914918100357
CTH,2.56679424302435,0.0102643498773006,0.116590642719808
ANKRD13C,1.01377753103065,0.310688919053049,0.635520927713145
SRSF11,2.2390034952924,0.0251556887335607,0.184668731287267
LRRC40,1.76146336532428,0.0781600083305619,0.327611465030817
GSTA4,1.46228647623734,0.143662722887074,0.437465541100241
DIRAS3,1.72361378744817,0.0847775878624809,0.340941689580342
GADD45A,0.662241362473063,0.507816549714483,0.783475961766806
PPP1R3D,-0.554317771027077,0.579361390352001,0.825800422229539
C1orf141,2.2940387840184,0.0217882710746829,0.172528620346622
PHACTR3,-1.79962364747903,0.0719200845398835,0.314650822408153
FRAT1,-0.643065964413035,0.520181298161306,0.790661915031565
WDR78,1.65292618796003,0.0983458866382863,0.36913947447923
LEPROT,1.29122184720149,0.196626761522659,0.515081306138189
DNAJC6,0.819224209696693,0.412658504713516,0.716564064715377
ROR1,3.01969331139028,0.00253030761690674,0.055953282622703
PGM1,-0.960298543926074,0.336904982686248,0.658464880308714
EFCAB7,2.86285731399263,0.00419839581854569,0.0733653834926621
XPNPEP2,1.16927107697138,0.242294432306889,0.568299494577368
OCRL,0.729543550735282,0.465669237894085,0.757151630061897
FOXD3,1.60229654384357,0.109090049594841,0.388034835155603
PKHD1,3.36275811285138,0.000771679478615618,0.0302129291518854
SMARCA1,-0.919618289284117,0.357772265814798,0.674082373194475
ACTRT1,-2.05769207903222,0.0396197012216637,0.234720664145449
PRR32,-0.332404186452449,0.739584077771695,0.902393639247122
DCAF12L1,0.090137655172951,0.928177826494238,0.975498759076853
ANGPTL3,3.98787101041845,6.66688934604754e-05,0.00848710140829637
SH2D1A,0.156857214125758,0.87535738053515,0.958880255446281
STX16,0.136265534750918,0.891611368984681,0.965212628055346
TM9SF3,-0.851478171139961,0.394503784141219,0.703002620618406
USP1,2.02997991482553,0.042358580940824,0.243015692407733
APCDD1L,-0.171067290564409,0.864170855062821,0.953204858095493
KANK4,3.58076279690922,0.000342592570877539,0.0192815381297015
CRISP3,-0.808492166761069,0.418807313593581,0.721551927990389
C20orf85,-0.227993832598483,0.819651035144309,0.935520566525053
OPALIN,-0.359600431629745,0.719145960750312,0.89340576780703
ZBP1,1.64948326182956,0.0990486695113421,0.369755846179029
DNTT,0.69850101914371,0.484863920735846,0.769993457759416
NFIA,2.48315462397751,0.0130224547334143,0.131514622289042
GLYATL3,-0.383728318840833,0.701179821114244,0.886046353804356
C1orf87,2.23171416913509,0.0256338601731982,0.186322528945009
ENTPD1,-2.34385633318191,0.0190855214386948,0.161123550520731
HOOK1,0.822217939486199,0.41095287049783,0.714902980547465
ADGRF4,2.36008052497126,0.0182709685735489,0.158033153473134
JUN,-1.17933160512151,0.238266157933279,0.563826232506312
ALDH18A1,0.0628298085757087,0.949902028944163,0.982262327729246
TACSTD2,0.84138750465083,0.400130883267253,0.707685433207869
OMA1,1.85448055887251,0.0636704389882968,0.297073732170784
DAB1,0.105017020380017,0.916362303089662,0.972111996832641
C8B,1.38110043125555,0.167248083019623,0.473193258450877
PRKAA2,-0.181975868164633,0.855601664095928,0.950265853795262
PLPP3,0.400563546987929,0.688741488524039,0.879455710373889
ADGRF1,4.8469104338418,1.25399005917107e-06,0.000883735863874082
SPO11,0.493357998852019,0.621759654080657,0.849397575473525
TMEM61,3.30415004635103,0.000952648301203029,0.033762097166233
DHCR24,0.527345942424611,0.5979533756436,0.836788297058378
LEXM,-1.99181726550719,0.0463911111675732,0.255013647876341
TTC22,0.935349416695579,0.349608256021702,0.668170490136747
PARS2,0.447959301559837,0.654182569009012,0.864131874092215
TTC4,1.40393253245577,0.160338941022934,0.463268073982305
MCTS1,0.163923438584708,0.869791415359347,0.956086331992381
SSBP3,-0.273360482464959,0.784576126717826,0.92100191468491
TCEANC2,0.721565819362472,0.470561460265587,0.761438625281512
SLC25A27,-0.94048389338367,0.346969407603692,0.666669882390735
CACNA1B,-3.13068441361663,0.00174399463008736,0.0454495244953605
LDLRAD1,1.55996281678921,0.118768668379653,0.402026332073755
NOC3L,0.388832378593982,0.697400147263492,0.883797387049282
LRRC42,2.74935371443018,0.00597129099710028,0.08790976909355
PLCE1,2.84593786477509,0.00442808343147456,0.0754941718989884
ENPP5,-0.549526830913521,0.582643956659173,0.827701655871037
FAM210B,0.148522131446502,0.881930721277946,0.961247471002382
SLC35G1,0.671352594775096,0.501995936658624,0.778994774883935
NKAP,-0.806478422475617,0.419967044679534,0.722290118336115
LGI1,-1.50274234765948,0.132905497923307,0.422322136020169
PFDN4,-1.56326206918977,0.117990966109082,0.40034971322575
ARRDC1,-3.30144407253085,0.000961885092807565,0.033762097166233
NDC1,0.792688874108594,0.42795911407954,0.729623710524652
RNF113A,1.19165424542417,0.233396845613359,0.558653709666518
MRPL41,0.482852638336168,0.629200372423718,0.853531807127807
PDE6C,-2.07209455657631,0.038256623883606,0.230467156185638
SUPT3H,-0.444591480341232,0.656615005482994,0.865514030605837
RBP4,1.06137633659845,0.288518906492929,0.614560100532663
MAGOH,0.353815185068681,0.723477392651561,0.894705403448028
ZNF217,1.7551771061564,0.0792290185936095,0.329119211272121
NSMF,-0.939285285863827,0.347584291142036,0.66699608515469
CDC5L,0.946110829900438,0.344092060559985,0.664161146693092
FFAR4,0.531174387362258,0.595297939945738,0.836051063995895
CEP55,0.15834908270149,0.874181733584162,0.958377525848203
TSHZ2,0.863743382943654,0.387728875964241,0.698547875097672
TCTE1,1.83974212617549,0.0658061056922507,0.30221856551954
ENTPD8,-1.65050708621663,0.0988392651807205,0.36956993063767
SCP2,0.307721015522042,0.758294627110935,0.909852513941901
NDOR1,0.25955169147512,0.795209604024164,0.926329511903446
ECHDC2,0.874431803931191,0.381883143715343,0.693717577685495
ZYG11A,0.0209615627115788,0.983276317446192,0.995023322998978
COA7,0.376189527354088,0.706776000534115,0.887832840227308
LRRC26,-2.05933957977377,0.0394617193926731,0.234213982569644
GRIN1,-1.61600888966761,0.106092391201635,0.382674705801129
UBE2A,-0.182953476732325,0.854834522585542,0.950069527305451
ORC1,1.82820821521852,0.067518308545181,0.305794372420509
KCNG1,-1.56231647025167,0.118213453865772,0.400694662005498
DPP7,-0.10908470040775,0.913135309774096,0.971896397408124
CC2D1B,1.64831434121742,0.0992881833423356,0.370467543376615
DPM1,0.169584835153625,0.865336649586329,0.953607133940272
MAN1B1,-0.945921477639908,0.344188637930901,0.664161146693092
NPDC1,-0.460033749636387,0.645491995855092,0.86037936707424
BCAS4,1.17753376889115,0.238982527384598,0.564813004430479
PARD6B,0.68716367938908,0.491979589435795,0.774373688003104
KTI12,2.15262332311458,0.0313482940233233,0.208846895940833
PAXX,-0.285740862551299,0.775076605119882,0.917382012491344
PTPN1,1.28442380941801,0.198993706550912,0.518901060084255
PTGDS,-2.44768262256916,0.0143778241589929,0.139123323519528
TXNDC12,-1.22496522123354,0.22058832459695,0.546160367510656
TNKS2,-0.486984542639454,0.626269285040724,0.851768219621363
LONRF3,0.752731736453355,0.451611134847022,0.745890043278519
LCN12,0.333294277698447,0.738912158438506,0.902197893970613
C8G,0.894237271436746,0.371194954352186,0.686132900080955
TMEM189,1.01902282295578,0.308192131508336,0.633224838509107
RAB3B,1.15914862588869,0.246395608101982,0.571437625179967
RABL6,-1.69852481431391,0.0894087533467388,0.352157706871504
IL13RA1,-1.53509556376001,0.124760355844625,0.411585293690413
LCN8,1.53272627588375,0.125343312201301,0.412430200979221
DIPK1B,-2.04360726587849,0.0409923609105851,0.238458601457571
AGPAT2,-0.726195381906856,0.467719002634375,0.759188595403623
ANKRD1,0.175367362907226,0.860790983784754,0.951483978189244
EGFL7,-0.317186419381544,0.751102154068432,0.906735233763768
B4GALT5,0.93896481111491,0.347748811481254,0.66699608515469
INPP5E,-0.665869368385244,0.505494601134233,0.781530140193131
PMPCA,-1.7789384353869,0.075249855850208,0.321843228451002
KIF20B,1.08274551015483,0.27892139762541,0.605631203497691
CARD9,-1.0631278736561,0.287723965494236,0.613791842514178
EPS15,2.44861971594818,0.0143404765202068,0.138938902520043
DNLZ,0.184684940186749,0.853476158966111,0.950008289901106
KCNB1,0.940672173826296,0.346872883023207,0.666669882390735
LHX3,1.29735986963674,0.194507393576765,0.512728954705771
ZNFX1,-2.47322469658906,0.0133899925512669,0.133127204325831
UBAC1,-1.29516761184375,0.195262415048514,0.513874763112914
C1orf185,0.966449447909788,0.333819331038071,0.656111236246483
MRPS2,2.34303215058929,0.0191277347419937,0.161395862796968
SLC16A12,0.221956456128415,0.824347780803801,0.936819265165029
OLFM1,-2.01922883202191,0.0434634409222622,0.246492055401644
IFIT5,0.227939350743001,0.819693390377482,0.935520566525053
IFIT1,-2.06706654020441,0.0387278844254419,0.231809556370749
IFIT3,3.39558032645742,0.000684832756408092,0.0278905883131125
COL5A1,-1.74392411538951,0.0811723229305652,0.333221510765744
BEND5,0.880567321889576,0.378552052153786,0.691141046785393
AGBL4,0.297170918101605,0.766336023485365,0.91408790968241
SPATA6,-1.05230428469433,0.29265996650027,0.618962082072401
VAV2,-0.981760747834282,0.326217729984355,0.648793028873178
CH25H,-0.583861489550623,0.559313504502603,0.814476268769411
STAU1,2.86271170729695,0.00420032549085017,0.0733653834926621
SARDH,0.350198163600952,0.726189984850216,0.89573194311218
CMPK1,0.267846323445054,0.78881761205748,0.923506296413123
TAL1,-0.199755987459665,0.841671424418951,0.944520362670089
PDZK1IP1,-0.785607755183294,0.432097319677574,0.732130463704555
SLC2A6,-0.468421323430715,0.639483322135126,0.858416991179152
CYP4X1,-1.90460378318806,0.0568315944539662,0.279315741208108
AGTR2,-0.363142750836031,0.716498250698646,0.892867815911794
ARFGEF2,-1.79395865938813,0.0728197675352287,0.316623369379736
STAMBPL1,2.70153730966642,0.0069019736147474,0.0950993044953206
ADAMTS13,-0.139347500093563,0.889175556347582,0.963798755706698
ANKRD22,1.30712075306786,0.19117170406823,0.508233910323428
IL13RA2,1.69668549131106,0.0897561371169577,0.352499675264069
LIPJ,0.399276325182111,0.689689609539699,0.880087126689357
PREX1,2.6547291855279,0.00793721015341093,0.102106539187808
REXO4,-0.837574242825613,0.402269863833779,0.709461162538716
MKNK1,0.457143186549541,0.647568130879362,0.861210357189332
PTEN,-0.834309186671292,0.404106776382824,0.709974936232051
DMBX1,0.203596911202511,0.838668507092637,0.943305657585494
STKLD1,0.0983965997022672,0.92161737462375,0.9741438555772
AMOT,-0.95165179462446,0.341273604408463,0.662241572352062
SURF2,-1.48385253554257,0.137848046201222,0.428465495157295
LHFPL1,-0.286910705113654,0.77418069345088,0.916773763776043
SURF1,-1.03661519064301,0.29991523092043,0.62541286058909
LURAP1,0.079397933478998,0.936716112299082,0.977521376551824
SURF4,0.181515906992652,0.855962648563825,0.950330266389413
POMGNT1,0.880274775840655,0.378710473799361,0.691274557411468
MINPP1,0.61901343006933,0.535907511516644,0.798350727555552
NCOA3,0.808299185505226,0.418918371298063,0.721551927990389
TSPAN1,1.80326738722348,0.0713462318365711,0.313316464871032
MRPL14,1.17290472049233,0.240834016363198,0.566653878825821
SNCG,0.730531064717131,0.465065631663901,0.756700819747111
SURF6,-0.538048839596212,0.590543331162775,0.832864948648518
TMEM69,2.78215202359592,0.00539997387907814,0.0836789451299977
MMRN2,0.43387263384865,0.66438093325138,0.869186278343771
BMPR1A,-0.775615575331729,0.43797600121511,0.736163958486335
GBGT1,0.903867765792289,0.366065523282967,0.681156706106488
CHRDL1,0.719257521348499,0.47198226370734,0.762086092094625
VEGFA,0.984402922702279,0.324917441589806,0.648232931253719
AKR1A1,-0.322831998986061,0.746822477766204,0.905130054127545
OPN4,0.383734124378759,0.701175517754305,0.886046353804356
TMEM164,0.523296142341741,0.600768185102245,0.837723624817516
TESK2,0.0135471720983084,0.989191251155408,0.996383357567611
CCSER2,-0.777200512597985,0.437040479847503,0.735773413098549
TOE1,1.3467266604052,0.178068282537304,0.490701936696218
MUTYH,3.62684042214901,0.00028691048366104,0.0181047132835617
KCNE5,1.27682901639124,0.201662618995281,0.522081039976761
LRIT1,-6.21583377241032,5.10528279396456e-10,8.27515288073715e-06
GTF3C5,-1.36058243154652,0.173645686663305,0.483936521819651
IRS4,0.635279175598849,0.525246352783475,0.792785621386678
MRPS18A,2.11839835735116,0.0341413448816504,0.218388736853462
GHITM,-0.892005307936984,0.372390087353718,0.686936606935218
SPACA9,-0.814409829505914,0.415410209429911,0.719148145321952
GTF3C4,-2.83878014828252,0.00452863469490368,0.076304199344796
RSPH9,-0.127635725215436,0.898437257709922,0.968173352307883
MAD2L1BP,-2.23715408194,0.0252762712916413,0.185219634421668
HECTD3,-0.0587382290004959,0.953160609550137,0.983541732126991
RAPGEF1,0.462341664718063,0.643836325497153,0.859803281095682
PTCH2,2.8370367590776,0.00455343692721082,0.076483589744322
DYDC2,0.683977153471501,0.493989592596338,0.775643943428513
PLK3,-0.545875258625813,0.585151686454388,0.829390499398446
DYDC1,1.32436624313139,0.185381440017396,0.500273536848361
BEST4,0.156516553378314,0.87562587233138,0.958929034775824
UCK1,-0.975455450203205,0.329334389765502,0.651712992761449
MAT1A,-0.31117660338566,0.755666368488816,0.908686704835547
KIF2C,-0.0704536177573907,0.943832616432801,0.979704666587666
POMT1,0.0253206217050457,0.979799225461514,0.994151214116162
ATG4A,-0.0989186395209242,0.921202869291378,0.974018985127802
POLH,3.30230719192995,0.000958929880058936,0.033762097166233
TMEM53,2.76027796289915,0.0057752200662888,0.0860877678009724
RNF220,0.22216879699673,0.824182483516595,0.936819265165029
ERI3,0.460984622796103,0.644809637518327,0.860210814894492
PLAC9,2.35422472620627,0.0185613857991564,0.159017707409369
PLPP7,-0.893481597738097,0.371599322599334,0.686132900080955
FAM78A,-2.03205633467304,0.0421479531903289,0.242519053341158
TMEM254,1.57868506702084,0.11440831169693,0.39456262219054
CD40,-2.05860106944743,0.0395324702325066,0.234375204827615
KLF17,3.48402562443892,0.000493932196089477,0.0227851713600669
CCDC24,0.393835130785341,0.69370276560331,0.88183108208486
SFTPA2,0.855490429153692,0.39227970064614,0.701816961122878
MMP9,-1.25526297513905,0.209383311104302,0.531697310853217
ZCCHC24,-0.917133109934462,0.35907289283847,0.6748854962916
FIBCD1,-0.223090603269284,0.823464991581736,0.936819265165029
IPO13,-0.00678644456991062,0.994585242218483,0.998063908868827
ABL1,1.03625483394162,0.30008327129217,0.625473452734196
EXOSC2,0.28822560128092,0.773174052937632,0.916042557127847
POLR3A,-0.691749185073828,0.489094853134365,0.772142201261677
DLG5,0.131539606876802,0.89534845699522,0.96696706583499
KDM4A,1.17628045793697,0.239482822216085,0.565362229143681
NCS1,-0.301326119151899,0.763165825730707,0.912683298402913
PCIF1,0.180147708146023,0.857036609544895,0.950330266389413
USP20,-0.346921169051339,0.728650542571624,0.897328110185181
PLTP,-0.420527948560171,0.674099816667073,0.873038541350981
HYI,1.86672453614002,0.061940065508432,0.292312458501211
LRRC73,0.697771183646002,0.485320303015592,0.770243605131693
TJAP1,1.37246927849718,0.169917396272553,0.47741221636017
C9orf78,0.261345949041151,0.793825735227688,0.925958645819344
DNAAF6,0.135734537841,0.892031143136444,0.965602564384842
ELOVL1,0.316302198821451,0.751773142350381,0.906813203269147
NUP62CL,-0.570301607061216,0.568473151103721,0.820357563805406
PRRX2,1.33303988871322,0.182518714031414,0.497307305611932
MPL,3.79867858974374,0.000145469591343557,0.0126212488067221
TIE1,0.95658207444818,0.33877824008498,0.659947544775264
RBM41,2.25714008520991,0.0239993228145035,0.180345398006624
CTSA,0.58165429635778,0.560799562228814,0.815027356241983
NTMT1,0.28286095186684,0.777283428524663,0.918218817825675
IER5L,-1.05537385570616,0.291254375135956,0.617116623082185
ZNF691,1.88696790842641,0.0591646421634548,0.285161963968909
ERMAP,1.36121191057474,0.173446731270217,0.483706122232749
NEURL2,-0.0324156849282929,0.974140554297354,0.991806768427706
SPATA25,-0.594208033006344,0.552372980628764,0.810117050580134
ZSWIM1,0.302699434422578,0.762118928847205,0.912145441754732
ZNF503,0.00932809880198015,0.992557361919321,0.997062606750959
C1orf50,2.1434969939763,0.0320732122040847,0.211503131251428
ABCC10,4.96795566928759,6.76624251505458e-07,0.000685462655790748
COMTD1,3.0995679598168,0.00193803111171886,0.0481065027409662
DOLPP1,-1.84814434746852,0.064581463776432,0.299685355382819
RADX,-0.955521392111349,0.339314092554084,0.660349238347346
SH3GLB2,1.42197345208515,0.155033958001923,0.455243736458907
TNNC2,-1.33776773131128,0.18097216394882,0.494917832131759
PPCS,0.382570565275393,0.702038198354841,0.886046353804356
SERPINA7,4.47855272329457,7.5150810564671e-06,0.00253774893425573
ZMYND12,-0.690619195708691,0.489804881078591,0.772442696927301
FOXJ3,-1.0155766980758,0.309831005867494,0.634818704854785
NUP188,0.619408060724834,0.535647572267166,0.798350727555552
GUCA2B,2.72310596974282,0.0064671310106314,0.0924505902886518
IL1RAPL2,0.421855457163432,0.673130524000701,0.87268779566225
HIVEP3,1.95300165301376,0.0508193993201311,0.266501308758338
SLC22A7,1.665510709045,0.0958109088921094,0.363737266541703
DOLK,-0.855965277922089,0.392016985608891,0.701531600598904
EDN2,0.489198252076399,0.624701346896303,0.851049263056158
LRRC8A,-0.604015293394599,0.5458334744613,0.806069131518149
GLRA4,-2.85705828582553,0.00427587312112194,0.0741258047275567
DNTTIP1,-1.17252164635483,0.240987686615097,0.566850879748094
CITED4,3.16840072555798,0.00153280087324004,0.0426593271190918
ENDOG,-0.0560975609756098,0.955264086940293,0.984717150764114
TBC1D13,1.32503638594865,0.185159083345035,0.500207263656613
ZDHHC12,-0.669919966458429,0.502908810882526,0.779391666093692
RIMS3,-1.4059333574454,0.159743914852087,0.462455637763435
SET,-0.0318103328724718,0.97462330636708,0.991806768427706
WDR34,0.206282943265376,0.836569901317707,0.942842548356189
DBNDD2,0.639903506542672,0.522235334086139,0.791261219873081
SDC4,0.148814705903989,0.881699846221201,0.961158975546401
COL9A2,1.5333868225069,0.125180573608305,0.412224507306483
MATN4,1.72304245371832,0.0848808480889931,0.340974886412513
ZMPSTE24,0.301867951851515,0.762752727450267,0.912668864117386
PLAU,0.0803098891549381,0.935990793212614,0.977346067906343
TMCO2,-1.57559908802895,0.11511822644987,0.395580100175098
RLF,0.850540786807022,0.395024494233771,0.703775777867134
CAP1,-0.608895578321341,0.542593655257644,0.802893970976004
STK4,0.212477410168556,0.831734599511671,0.940138502335054
GNMT,2.48450412592755,0.01297320047963,0.131310359878456
MFSD2A,1.22520758731946,0.220497016484876,0.546160367510656
TOMM34,-0.359954675652842,0.718881028348699,0.893367074097738
CHCHD1,2.32316715519495,0.020170174478619,0.16604284313049
CNPY3,-0.537418351364185,0.59097866989222,0.833037108812801
CERCAM,2.19498013240058,0.0281650229358202,0.197203825817153
FUT11,1.73207183064257,0.0832607739495286,0.337607939210674
RIMS4,-1.96023078841064,0.0499688214114456,0.263911575841682
HEYL,1.7202726866991,0.0853828858649215,0.342482355106289
PABPC4,0.231455024943137,0.816961321715392,0.934386541326897
KCNK15,3.77329633541621,0.000161104741084139,0.013056733741164
CCN5,1.1353677594917,0.256221262311884,0.581947271577503
ADA,-2.13994463353824,0.0323592414559939,0.212320494032868
TBCC,0.000757984862528453,0.999395215638779,0.999765293482007
TRUB2,0.562566788543562,0.573729912460071,0.822939815328555
UBR2,1.91346990621805,0.0556879225160296,0.276800225716751
TIMM8A,0.38819264438334,0.697873476137753,0.884082155116596
ANXA7,0.648850456702281,0.51643504035466,0.788571636796827
DNM1,-1.58716221610356,0.112475909813585,0.392580188759256
CENPI,1.6740105772441,0.0941285206026328,0.360266632927527
TMEM35A,-0.60792608068261,0.543236501000421,0.803523209449731
MRPS16,0.565786656584723,0.571538818282672,0.822175725571826
DNAJC9,-0.798802072664109,0.424405188539831,0.726648748393591
XKRX,0.816897478674378,0.41398701879818,0.717996275525285
NOX1,1.22646842853844,0.22002244907117,0.545562777572984
NDUFS5,2.05715394075014,0.0396714204442501,0.234855388597827
TAF8,0.558773930992247,0.576316015995719,0.824891774329339
ECD,1.82248818729243,0.0683809444997825,0.307458177363932
JPH2,1.06331324764239,0.287639919432777,0.613791842514178
RHBDL2,0.223364731766719,0.823251650904036,0.936755774622922
CCND3,-1.29046554478992,0.196889067388831,0.515319698579939
C9orf16,-3.34677981332955,0.000817561214688731,0.031168585538291
RRAGC,0.998846395945904,0.317869106695598,0.641556512318385
GTSF1L,-2.06448776545192,0.0389714927219389,0.232837790464397
SRPX2,-0.293138731446732,0.769416113021411,0.91476044045812
POU3F1,-0.0766991685855189,0.938862865966791,0.977778152072376
UTP11,-0.287479787288034,0.773744976462704,0.916651975112115
FHL3,1.83969173613858,0.0658135074901445,0.30221856551954
FRS3,1.16528683936738,0.243902904502374,0.569411231323487
SF3A3,-1.97379745800331,0.048404778014225,0.260561760117051
TSPAN6,-0.184974920686804,0.853248706501019,0.949925834056598
INPP5B,-1.555116766892,0.119918262406564,0.40368745905462
PGC,4.38022273879189,1.18558058127875e-05,0.00300266806905427
IFT52,0.296228277568155,0.767055755041098,0.914179546909062
TNMD,0.440990344975717,0.659219986770393,0.866855043482892
PLA2G12B,0.21561565105067,0.829287354978051,0.939244068975183
PCDH19,1.93786230133351,0.052640024372195,0.270441253581271
MTF1,2.76439914003689,0.00570277342434692,0.0857806658521469
C1orf122,-0.460921943478629,0.64485460777062,0.860210814894492
YRDC,0.974054240380336,0.330029608443511,0.652251935776281
MANEAL,-0.0334674720376033,0.973301804847178,0.99172394288764
EPHA10,2.70293295737447,0.0068730607774466,0.0950558380048054
MDFI,1.07185447535522,0.283785400614027,0.610711306233771
MCU,0.118178575335393,0.905926165389941,0.970403934304313
FOXP4,1.40645858521993,0.159587994216985,0.462286131453462
DIAPH2,0.30172269328964,0.762863467302603,0.912668864117386
GNL2,1.61369200273759,0.106594249471171,0.383781916854335
SLC25A25,-0.33602013574895,0.736855682293341,0.901378680126228
MEAF6,0.79070500708752,0.429116153529299,0.73043036477935
NAIF1,-0.0685304224224827,0.945363403403688,0.980465904776533
ZC3H12A,2.47875653283489,0.0131841265417269,0.132303227850379
GRIK3,-0.791122710141445,0.428872387940587,0.73028601072896
PCDH11X,3.15827525761934,0.00158705627749009,0.0432166849999475
FAM102A,1.57352351710775,0.115597647294958,0.396225510189814
CSF3R,3.32425997039469,0.000886535118780511,0.0322917926748613
TREM2,0.0498188868563254,0.960266715835675,0.9866854641509
CHST3,0.615108497008564,0.538483070982409,0.799834823025879
MRPS15,1.23280038972197,0.2176502459166,0.542404523441772
KLHL4,2.17385126784316,0.0297163068517525,0.203225191791268
DACH2,0.408554644548465,0.682866521140746,0.876711175340686
STK40,-0.00424522256757061,0.9966128126301,0.998738436186077
ST6GALNAC6,0.449413222493093,0.653133594640402,0.863792626919572
POF1B,-0.58150351621905,0.560901149107038,0.815101911948716
MAP7D1,2.39566093775922,0.0165904291951243,0.149565805587682
TSPO2,2.88492591276559,0.00391505784075575,0.0704319340075581
APOOL,1.65361556091826,0.0982056489414057,0.368988262329913
ADPRS,-0.595730224323854,0.551355463567643,0.80929254980267
SLC29A3,2.36147784914235,0.018202259297356,0.157607062473741
AGO3,0.676797640267428,0.498534355549941,0.777218752439069
PTPRT,-0.756152100614231,0.449558007515421,0.744330235041394
SGPL1,0.883995221959685,0.376698792123686,0.690098690248553
ENG,0.220054694946297,0.825828558124518,0.937197089682016
ADAMTS14,1.34041495233297,0.180110477233104,0.493773315209607
PRF1,-1.93057854653113,0.0535351930438799,0.272163800536474
AGO4,1.73144029804611,0.0833732644418467,0.337680470599173
SH3BGRL,1.59489505455871,0.11073570572495,0.389859916180649
EIF4EBP2,0.702607669425689,0.482300281630691,0.768690426754389
LRRC20,2.28363662697953,0.0223928953351413,0.174223100049197
KCNK16,3.42371120925216,0.00061772228294854,0.0262111531002955
KCNK17,1.02600606545297,0.304888725051763,0.630349661270923
PPA1,0.174509195684094,0.861465304540257,0.951535545684279
CHD6,1.32818548468342,0.184116838417999,0.499472775551019
TFAP2E,0.0356350516157852,0.971573358914045,0.991039589954763
PSMB2,0.221411428147349,0.824772094862378,0.93697300852427
SAR1A,-0.68098491761218,0.495881033938093,0.77612158890686
FPGS,-0.390172376801891,0.696409086261595,0.883509001851341
AIFM2,0.632367933419804,0.527146482475326,0.794457595019742
MACROH2A2,0.55489692088581,0.57896516811791,0.825800422229539
GLP1R,1.0686932502631,0.285207913971445,0.612676440674115
LPIN3,2.0918237218804,0.0364542875057059,0.225620594677267
CDK9,-0.352613024330597,0.724378572028642,0.895025168312958
BRWD3,1.50175807231318,0.133159600119361,0.422564762728502
FAM241B,0.502487437971075,0.61532468665616,0.846420244121594
TOR2A,1.52939101478881,0.126167538583005,0.41326531982544
TSPAN15,-1.69660023167892,0.0897722659935885,0.352499675264069
CFAP157,0.00566228320685583,0.995482175791703,0.998154127415021
TBX22,1.32096512902839,0.186512991636715,0.501690853209346
ITM2A,-0.954943898374263,0.339606068534588,0.660587395281067
STXBP1,-1.84153306765867,0.0655434793385316,0.30176084548689
TACR2,-2.27265271082051,0.0230471164941285,0.176541905055593
NIBAN2,-1.47812713200925,0.139373753136108,0.4308810155604
MAFB,-0.603072207342311,0.546460654490113,0.806594596909943
PGK1,-1.22383732568661,0.221013600551112,0.546160367510656
TRAF3IP1,-3.15918465024905,0.0015821121602546,0.0432166849999475
TMEM35B,0.455196594564673,0.648967810238634,0.861755869224612
ATRX,1.18132102281122,0.237475218919112,0.563165446007298
DLGAP3,0.140114729320685,0.888569343080659,0.963399363344107
PBDC1,0.281351087520663,0.778441129900413,0.918389784617283
MAGEE2,1.69632675353643,0.089824016600675,0.352617458241788
GLO1,2.13439335884119,0.0328105947656341,0.214101018742417
GJB3,0.499162955183621,0.617664589650158,0.847876467957268
ZDHHC15,-2.85497574693578,0.00430401155484953,0.0743749715272453
SPP2,1.21613798421012,0.22393236302803,0.548627520000203
SLC2A8,0.144730076833889,0.884923991292709,0.961891964516062
UPRT,0.148113247998335,0.882253394372524,0.961374471891378
GARNL3,-0.525623869172741,0.599149569014673,0.836788297058378
CCDC167,0.352139418466572,0.724733707598596,0.895055763163688
ANGPTL2,1.80565635760508,0.0709720336346212,0.312547600133964
RPRD1B,-0.337755751051586,0.735547257737038,0.900998329056618
AZIN2,0.0371283260393406,0.970382686680941,0.990424593439416
TTI1,1.51905570626352,0.12874847466497,0.417118386763173
CMTR1,2.41547026621315,0.0157149054994505,0.145141255407745
RNF19B,1.21199531086786,0.225514175601997,0.550239532192182
VSTM2L,-0.419674386861137,0.674723338608884,0.873346498881176
TMEM54,1.18444598480798,0.236236566239648,0.561542528549413
HPCA,-0.212973947226001,0.831347283608074,0.939990986140839
FNDC5,1.53786972466568,0.124080471141311,0.411040334504294
S100PBP,-1.57461033732818,0.115346415284347,0.395860691370735
YARS1,0.852604895048582,0.393878447112224,0.702415910366738
RNF8,1.83989649710203,0.0657834344010266,0.30221856551954
PBX3,0.095215743109263,0.924143465606295,0.974713539422955
TBC1D22B,0.645328683330146,0.518714208556837,0.789637625267481
RBBP4,-0.974454887036751,0.32983072825963,0.652137871963935
CHIC1,-0.48261778103909,0.6293671515079,0.853531807127807
PIM1,0.289508140466058,0.772192551301893,0.915997366890178
ZBTB8A,0.574095726854959,0.565903024827963,0.818636397001571
CDX4,-0.956364707618237,0.338888008668133,0.659982666406557
NAP1L2,-1.92820086290427,0.053830146922084,0.272641254311354
PABPC1L2A,-0.485578558473549,0.627266001685545,0.85239391526836
PABPC1L2B,-0.432432510426201,0.665427093778763,0.869556990386133
TSSK3,0.185196063568136,0.853075256506787,0.949925834056598
RABEPK,3.17840506669278,0.00148087704027729,0.0420644291004341
PHKA1,-2.13851636811028,0.0324748571123939,0.212795885480111
HDAC1,-0.473964656939454,0.635525110680188,0.857376616741628
GOLGA1,1.59852268292268,0.109926701401134,0.388889255898862
SRC,0.407011670823509,0.683999416428572,0.877352818151112
HDAC8,0.893424871073891,0.371629688602771,0.686132900080955
OLFML2A,0.833226068911115,0.404717242859099,0.710298481936482
FAM167B,0.376758746670636,0.706352900749019,0.887832840227308
DDX50,-1.80806891622538,0.070595775275125,0.311429344811307
EIF3I,-1.97274555785581,0.0485245586495267,0.260561760117051
NR5A1,1.60731648359089,0.107984960169744,0.38588156550881
NEK6,1.13532839492343,0.25623774922874,0.581947271577503
CCDC28B,2.26815475631829,0.0233197759522479,0.177127576574501
TXLNA,1.44625224965089,0.148106463487992,0.444224651712985
GHRH,1.83596390771153,0.0663629947697264,0.303752560042972
LHX2,-0.0752484591246608,0.940017028810002,0.978237030773654
DENND1A,2.3581157386515,0.0183679651961349,0.158449360225732
KPNA6,0.176635553575403,0.859794665451038,0.951112658198608
MTCH1,1.02014690619289,0.307658793660892,0.632930721853524
CRB2,3.42657367415772,0.000611247919291142,0.0260729408520792
TET1,3.70278511316005,0.000213245497326267,0.0151600713428134
RABGAP1,0.360026801164593,0.718827091181354,0.893367074097738
ADGRB2,1.4600191283894,0.144284816891049,0.438375827033683
ZBTB26,0.473648335647592,0.635750701040501,0.85748888079517
ZBTB6,1.10550752718168,0.268939734625648,0.59422630296444
RBL1,0.0925162739537333,0.92628786192708,0.975498759076853
COL16A1,0.425366999925487,0.670569158631774,0.871285659683641
ATOH7,1.05010926199868,0.293667880869074,0.619961276505186
OR1N2,-0.330161300490291,0.741278086494205,0.903174382907929
CXCR3,0.0285146884199487,0.977251653127965,0.992962987144831
PPIL1,0.144119444450148,0.885406150560816,0.962006607741205
PEF1,-0.390986973436621,0.695806864684033,0.88332812262402
SERINC2,-0.0774008646034467,0.938304652993693,0.977679325361294
FABP3,-0.0414122228847352,0.96696726870416,0.989420948534785
SRSF3,-0.998700454291775,0.317939820540698,0.641619341526913
OGT,-1.13139656050255,0.257888218523289,0.583732737612622
KCTD20,2.97475590264027,0.00293221771201298,0.060545626616584
NKAIN1,0.80581062430974,0.420352051144221,0.722686295820607
PUM1,-0.203652626307592,0.838624964986785,0.943305657585494
DSN1,0.528142560484488,0.597400392802386,0.836788297058378
REEP3,1.48339792803093,0.137968717604782,0.428580863100022
MORN5,-0.0841966679331216,0.932900067387345,0.976643879886423
MATN1,2.05837108642713,0.0395545250634736,0.234420218191533
NDUFA8,2.73164269893268,0.00630194436295352,0.0912852691502355
ADO,2.03315869306554,0.0420364927971036,0.242135576314233
RTKN2,2.43827891967243,0.0147573824727783,0.140419902587757
SRSF4,1.31345607576959,0.189029312556998,0.505106516194589
NDRG3,1.75874232496095,0.0786212849266182,0.328231918927665
GSN,-0.224482355234621,0.822381995081187,0.936423586812151
TAF12,0.465511964281144,0.641564871038678,0.859289786371338
SRPK1,2.69333608365495,0.00707409204806048,0.0965184831708858
ITGB1BP2,0.599417695616719,0.548894379573426,0.807763552271008
TRNAU1AP,0.527058911555908,0.598152678829353,0.836788297058378
PHACTR4,0.276577871085485,0.782104258402503,0.920007200928551
RAB14,0.247716847153431,0.804353495923134,0.929542513271606
NONO,0.123707408443176,0.901546945633622,0.968786425469065
MED18,-0.113158641069873,0.909904784640174,0.971162468097235
CNTRL,3.9332083391056,8.38195278774314e-05,0.00946048548746698
EYA3,1.10210908337864,0.270414250900725,0.595506838240604
TGIF2,0.129983432418562,0.896579534492344,0.967296171098669
PHYHIPL,0.293642310390742,0.769031241284011,0.91476044045812
XKR8,1.44494092171077,0.148474480652096,0.445011622945603
BICC1,0.802644584631534,0.422180190993181,0.724369505219485
SMPDL3B,2.21777356275667,0.0265702755679561,0.190705876906368
UBE2D1,-0.522319308773341,0.601448027461998,0.837963819591845
GMPPA,-0.348232559411796,0.727665537349005,0.896801299793949
THEMIS2,1.57714750480185,0.114761588663781,0.395108451710118
MEGF9,1.6798489197904,0.0929867143093499,0.357956038170816
IPMK,1.24255305136756,0.214032579578974,0.538369658968899
STX12,0.818135918232545,0.413279581291861,0.717298290305148
ZWINT,3.60174309512139,0.000316090653961295,0.0188364463605097
ZNF76,-0.0527452556820761,0.957934880367852,0.985314144456453
FAM76A,-2.17359291984472,0.0297357206156607,0.203225191791268
DES,-2.64207536680407,0.00823997178028445,0.104182295309384
DKK1,1.26929346599097,0.204336415914144,0.525311493346925
PRKG1,1.13020149421655,0.258391330305317,0.584218869147563
SCAND1,-0.00666175901478402,0.994684724648807,0.998063908868827
FGR,1.2349244347748,0.216858628581081,0.542186874216025
PHF20,1.52660029954676,0.126860432505478,0.414060559836327
SNRPC,0.977137925287126,0.328500874278232,0.65074707919882
ILRUN,1.49090372877646,0.135986772274167,0.426188423605229
GPR3,0.415115521924076,0.67805733710585,0.874824937481181
CD164L2,1.61178315860632,0.10700913423715,0.384762878626877
SPDEF,0.703220213154656,0.481918524367821,0.768615310302362
TNFSF15,-0.23300523484083,0.815757340824222,0.933668319264216
ATP6V1G1,0.374147470203947,0.708294603033297,0.888435287977165
AKNA,5.13069173222453,2.88679344525537e-07,0.000467920349541442
ROMO1,-0.635085296108588,0.525372786373702,0.792785621386678
MED12,-0.906109950442412,0.364877659119845,0.679762100141856
NFS1,1.56813002614072,0.116850790429523,0.398408595303354
OGDHL,1.25823887891288,0.208305378234907,0.5306021717704
C10orf53,0.567143122722404,0.57061694707255,0.82199876422849
RBM12,1.88265461992002,0.0597471891011535,0.28669099708129
SLC18A3,-0.180593026659673,0.856687029804326,0.950330266389413
ZNF618,0.0551149426541086,0.956046891722908,0.984784193437762
GPN2,0.369285069221429,0.711915253334826,0.890268990402951
DRGX,-1.92083173727549,0.0547529239289542,0.27434007541404
RGS3,0.674329077497669,0.500102121571876,0.778166006389415
ZDHHC18,1.44578049526843,0.148238778489762,0.444469545050046
C10orf71,-1.02703326575126,0.304404800233195,0.63007580433016
TMEM273,1.13266227664023,0.257356105071625,0.583140763128947
RUFY4,2.0642006929077,0.0389986918539494,0.23291444224785
LRRC18,-0.889950549739276,0.373492439213676,0.687620242301003
POLE3,-0.225163342170569,0.821852205932515,0.936313914488623
HDHD3,1.6022870174269,0.10909215521032,0.388034835155603
BSPRY,2.45778623325513,0.0139796358515171,0.136930244716901
MAPK8,-0.313985290390773,0.753532210801953,0.907726102997306
WDR31,1.9930827114006,0.046252390796053,0.254828348882809
PRPF4,-1.06293391675531,0.287811920666533,0.613791842514178
IL2RG,-0.627772923297978,0.530152706165437,0.79647272136199
CDC26,-0.399006832959697,0.68988816951069,0.880087126689357
SLC31A1,0.354109916193791,0.723256510921321,0.894705403448028
UBXN11,-1.20429168864423,0.2284768579681,0.552743491164916
SLC46A2,-2.6289474312994,0.00856495998763846,0.105976669037887
SNX30,1.16487511208911,0.244069549034567,0.569516263103235
INIP,-0.0636887713856572,0.949218045731582,0.981966675869277
CXorf65,-1.13694052889048,0.255563147863227,0.581709320899983
CNKSR1,0.672759891117601,0.501100058463923,0.778461413228429
FOXO4,0.901064154070365,0.367554210499446,0.682594660630789
ZNF593,-0.267286236427535,0.789248783132963,0.923758199122659
FAM110D,0.728041377799099,0.466588257391703,0.758052611249147
SUSD1,2.86278578349567,0.00419934368555566,0.0733653834926621
TRIM63,1.05318603333343,0.29225573833193,0.618271773073622
SPAG4,-0.590856910014504,0.554616299683198,0.812011164444491
SLC30A2,1.36131317021817,0.173414742697352,0.483706122232749
UGCG,-1.03716576327645,0.299658610865375,0.62521999768211
EXTL1,1.2285745424369,0.219231365182233,0.544434073577265
PAFAH2,1.91836866902005,0.0550642808674062,0.275173760766608
MTFR1L,-0.395677893221988,0.692342665984685,0.88106950403908
NPY4R,1.84901955050644,0.0644549897431986,0.299355566976363
ITPR3,1.35802381120551,0.174456128724697,0.484869579989474
GPRIN2,-0.583486042633841,0.559566150226181,0.814476268769411
SYT15,-0.152502592962517,0.878790545470691,0.95953627157524
MAN1C1,-0.109626288024107,0.912705761479169,0.971730044079238
TEX11,1.92736527033137,0.0539341245845099,0.272641254311354
LDLRAP1,-0.271806655752252,0.785770687281247,0.921466486178142
PTPN20,-0.931036100084179,0.351834890646416,0.669667888972258
MACO1,-0.356572836339365,0.721411615900334,0.893782838961134
C20orf173,1.84148853491188,0.0655499991954679,0.30176084548689
TMEM50A,0.79503118034245,0.426595364833309,0.728474954549422
GDF5,1.87700167142708,0.0605178647819317,0.288898939631534
CLIC4,-1.24279358618439,0.213943906617854,0.538369658968899
GDPD2,-0.752293942821547,0.451874309659099,0.746020644251816
UQCC1,1.46496200618356,0.142931283922137,0.436354700062659
SRRM1,0.0225260268215955,0.982028350863681,0.994669595647654
ALOX5,-1.69849066449075,0.0894151931744366,0.352157706871504
NCMAP,0.256382429641613,0.797655553680978,0.927156605924344
RCAN3,0.860738767266916,0.38938193640139,0.699823547996673
NIPAL3,3.27045976791249,0.00107372814275735,0.0358846586926885
KIF4A,0.926474548290925,0.354199418051572,0.671487528327244
FAM83C,0.574672147577194,0.565513047735927,0.818603086654798
STPG1,0.651285345752503,0.514862306273871,0.787376462156164
MDH1B,3.05476565718861,0.0022523643861201,0.0526060148913843
ADAM23,1.63948731869392,0.101111809589948,0.373930542197915
CXCL12,-0.814106228129096,0.415584098254837,0.719237605188489
OR2K2,1.30987821438721,0.190237038160855,0.506996407686502
LPAR1,-1.01431953275489,0.310430306600762,0.635484319233613
ZNF32,0.674828822290466,0.499784526308462,0.778035773331973
MYOM3,-2.14878554399828,0.0316514038533545,0.209557227565665
MUSK,-0.467032654820656,0.640476515178171,0.858754556582263
EIF6,-0.831555762172708,0.405659740916071,0.711248806384278
RASGEF1A,-2.2631191748081,0.0236283438399035,0.178692157438327
CSGALNACT2,0.881846668139251,0.377859730799879,0.690853505197963
BAK1,1.03061087515254,0.302723334178351,0.628276891638527
CNR2,1.30226549095754,0.192825644123692,0.510751541737469
HMGCL,3.13523639187922,0.00171715678514739,0.0451108498062465
EDEM2,0.107939227528026,0.914043899818585,0.972111996832641
TXNDC8,-1.28788132408484,0.197787277513677,0.517002738464634
LYPLA2,-1.2162869252996,0.22387564040449,0.548627520000203
PHF1,0.893412525680654,0.371636297343584,0.686132900080955
TXN,-0.12607330207202,0.899673900680692,0.968196502322227
BMS1,1.99788816108986,0.0457287864375002,0.252802830615771
P2RY4,-0.731186193306788,0.464665432229972,0.756624894393023
AWAT1,-1.07902177963069,0.280578018669951,0.607463499117593
PTPN3,0.0783164504211534,0.937576332109769,0.9776702834624
RPL11,-1.37251463020629,0.169903287603598,0.47741221636017
EDA,-1.81826812223248,0.0690231625416209,0.30879279171766
ID3,0.166844903563938,0.86749208591355,0.954983647145662
EPB41L4B,-0.418468570529418,0.67560456116844,0.873832934246668
BMPR2,0.619046791062511,0.53588553450774,0.798350727555552
TMEM245,-0.526462645434196,0.598566799438615,0.836788297058378
STARD8,-0.518290085457583,0.604255889341894,0.840070650170921
HNRNPR,0.23736651276591,0.812372466367563,0.932577619100159
WDR46,2.11565063106978,0.0343745322834873,0.218910761898026
HTR1D,0.353407629034863,0.723782867228487,0.894737377585917
C1QC,0.14528132508923,0.884488758706061,0.961796641624449
C1QA,1.75048610902395,0.0800344690324601,0.331474732876803
RING1,0.0621309796907197,0.950458526422712,0.982629783649818
HSD17B8,0.243683554528863,0.807475911066917,0.930431296117413
ACTL7B,-3.05153709393193,0.0022767291529329,0.0528703479081509
KLF4,0.296136233490997,0.767126043965912,0.914179546909062
SLC39A7,1.63109563575315,0.102870141429556,0.377757617225119
RXRB,1.68237191296981,0.0924967442622146,0.357365056461969
TMEM38B,0.300255033183633,0.763982629968322,0.913019290296562
FZD8,-0.525081654266822,0.599526428840906,0.837157467701778
HSPG2,0.195152424058587,0.845273622989448,0.946139089499065
AOX1,1.60966273506829,0.107471504437709,0.385143845993991
CCNY,-1.37232506504701,0.169962266125582,0.4774555236793
COL11A2,-0.100105631378927,0.920260464599098,0.973697401951534
SLC44A1,0.204412383367733,0.838031253958122,0.943105348574864
VSIG4,0.976926796086729,0.328605394733935,0.65074707919882
OXLD1,0.506442432580861,0.612546092878535,0.844785128858009
SLC38A10,-1.31975670925365,0.186916259505508,0.502192217855921
NIPSNAP3B,0.649965169293078,0.515714720577619,0.78793664867967
RAP1GAP,0.375409836065572,0.707355690826689,0.887837106443379
OR13C3,0.684802371763234,0.493468638513011,0.775412684523439
PARD3,1.60121075931223,0.109330246594637,0.388233478409036
PPP3R2,-2.00495449070825,0.0449679124818479,0.250389863764436
TP53INP2,0.296361759357912,0.76695382585279,0.914179546909062
LAS1L,3.31530296269912,0.000915438516032299,0.0329740953474834
BRD2,1.62776304021467,0.103575140264218,0.378652388045731
ZC4H2,-0.761925471835368,0.446104486495144,0.741803791705495
ALPL,1.67888691922512,0.0931740843430154,0.358463767339272
HLA-DMA,0.937268395592012,0.348620515588945,0.667389859121437
DYNLRB1,1.24843366529239,0.211872286808757,0.535561844852045
PGAP4,-1.59250900377874,0.111270381651533,0.390561711937668
MTMR8,-0.712280888685299,0.476290856078663,0.765293606975797
PSMB9,1.88300748379102,0.0596993537646569,0.28669099708129
ITCH,1.66988859570241,0.0949414071014902,0.361925039442158
MRPL50,-1.59108759172074,0.11158986460853,0.390829757009434
COL5A2,-2.6441602224825,0.00818938810981734,0.103948153384518
AMER1,0.149445468016581,0.881202136244865,0.960987832626154
ARHGEF9,-0.84874189939662,0.396024926099365,0.704551424338119
PLPPR1,-0.134665270145181,0.892876533416221,0.966066065692779
TMEFF1,0.664537676502978,0.50634624313169,0.782307815231451
PSMB8,0.506896659157698,0.612227329914196,0.844561088559933
SPIN4,0.073498763393709,0.941409228083989,0.978779988343364
TEX10,1.06275966572929,0.287890955124529,0.613791842514178
EIF2S2,2.59121714042584,0.00956371261079005,0.11197772680155
HLA-DRA,-0.106860340991893,0.914899776280738,0.972111996832641
APEX2,0.144192030383985,0.885348834013662,0.962006607741205
COL15A1,-2.85845225965894,0.00425713161864526,0.0740384618096792
PFKFB1,-0.535044537714431,0.592619060183178,0.834268051633588
GALNT12,0.148622235219756,0.881851726702839,0.961247471002382
NOTCH4,0.907511970256366,0.364136122331302,0.6788914661684
TMEM225,2.90716895265571,0.00364716153686949,0.0681069600819326
GPSM3,1.60982569989491,0.107435913009928,0.385101440508163
PBX2,-0.422384878311865,0.672744113546765,0.872500346973877
AGER,-0.449315744067411,0.653203901931401,0.863815129836508
CDA,-1.88624032982206,0.0592625761057406,0.285464218751248
CORO2A,0.0378815196442948,0.969782147659869,0.990285750433686
VWA5B1,-1.0123164657438,0.311386764486635,0.635756148830315
RNF5,-0.317135164628078,0.75114104346095,0.906735233763768
TRIM14,-0.877929310075463,0.379982081997376,0.692209605270092
UBXN10,0.919619713130689,0.35777152149079,0.674082373194475
PLA2G2F,-1.73408985960821,0.0829021404645021,0.336782154082485
PLA2G2D,1.35352240727854,0.1758887965596,0.487360469871197
PLA2G5,0.629492937698382,0.52902639081252,0.795601110473199
PLA2G2E,-0.463250600252271,0.643184750397145,0.859677013279956
TRMO,1.55113346865896,0.120869702021882,0.405374922423482
OTUD3,1.33201124637744,0.182856492944648,0.49768403574253
RNF186,0.414469374364184,0.678530391388328,0.874824937481181
FOXE1,1.98121803854505,0.0475668271609023,0.258381602362957
XPA,-0.0559786611104152,0.955358806467699,0.984717150764114
FGD1,-1.10996925454345,0.267012275430668,0.592538859438604
NCBP1,-2.8815640245368,0.00395706833225282,0.0708683087310067
TSR2,3.16811979449852,0.00153428285680742,0.0426593271190918
SLC66A1,0.618308570210507,0.536371953625444,0.798580422826457
FKBPL,0.651837068700509,0.514506285653641,0.787203358897477
FAM120C,-1.77550234239898,0.0758149791287523,0.323355014536462
EMC1,0.644618204187933,0.519174634882002,0.789989967398241
ZNF341,2.46738316989105,0.0136104627655696,0.134355658323458
ATF6B,0.178196125266382,0.85856895261498,0.950843410285338
MAP3K20,-0.309146999690409,0.757209708444937,0.909401494528757
PRXL2C,0.265261474824006,0.790808040361826,0.924634460522602
CDC14B,-1.49360490302506,0.135278917173268,0.425469339685884
TMEM94,-1.93596477653362,0.0528720151477815,0.270946093433573
HABP4,0.879197919875433,0.379293972104308,0.691716470953952
UBR4,1.09012293485908,0.27565899469834,0.601366977801533
DCAF17,-0.719438234943734,0.471870945660275,0.762086092094625
ZNF367,-1.03800591947765,0.299267299220257,0.62521999768211
HSD17B3,1.13060715777488,0.258220473498076,0.584055858335102
SP5,0.602201580081167,0.547039964035891,0.806881753425292
UPF3A,3.19675128059723,0.00138984711400456,0.0407648872309231
SIK3,-0.583593180085064,0.559494049651924,0.814476268769411
AOPEP,1.6918821986064,0.0906684367798191,0.354216604426148
LYZL2,1.29989523887571,0.193636877148985,0.512094769407941
RIBC1,-1.84497696848862,0.0650408890153069,0.300612423737984
STK19,-0.163693617780157,0.869972342049578,0.956220362940369
FBP2,-1.22512778366338,0.220527078428417,0.546160367510656
ALDH4A1,3.06570656585511,0.00217156317365998,0.0514657013671813
MFSD14B,-2.01007563051842,0.0444231848500061,0.248563234212857
DXO,0.718873914803844,0.472218610052855,0.762177154034082
TMEM255B,3.03259600559397,0.00242459958193508,0.0550549514252529
G6PC2,1.93637947534891,0.0528212413755361,0.270847195450774
BTBD17,-0.605759604707141,0.544674397496447,0.804797384596164
TFDP1,0.889950154893795,0.373492651237222,0.687620242301003
TAS1R2,0.742706471781287,0.457659410682923,0.750578021190569
PAX7,0.291375697034544,0.77076399952339,0.915414018083662
JCAD,3.85628787269319,0.000115121907576358,0.0111000744883888
SKIV2L,-2.12596667041968,0.0335060348138609,0.216201957921127
KDM5C,-0.361732601142309,0.717551862324095,0.893028112439439
ACTL8,-0.887359132613431,0.374885578603194,0.688401043522684
ADPRHL1,2.1193498258902,0.0340609137192998,0.218265934989576
NELFE,0.41406149920249,0.678829068132953,0.874906118720863
GRTP1,1.50860647350331,0.131399378880038,0.420431469705505
RCC2,0.282600348647944,0.77748321303771,0.918218817825675
SCN2A,-3.01019544145304,0.00261079634038502,0.0569552738814345
CUL4A,1.21652025082385,0.223786801525359,0.548627520000203
TSPYL2,1.04707395872155,0.295065468806659,0.621212648900783
BUD13,-0.40873485178674,0.682734254367372,0.876711175340686
NINJ1,1.45832725698242,0.144750360658887,0.438963254615509
PADI4,-1.03147381156199,0.30231868296465,0.627758587262876
BPIFA3,-0.619580189456136,0.53553421269789,0.798350727555552
PADI3,-2.67851675168068,0.0073949033065903,0.0985147206580551
CARD19,-1.25900983901176,0.208026778072821,0.530424106619846
PADI1,0.725211244795789,0.468322445404812,0.759430465519366
SUSD3,-1.1982589404866,0.230816225910929,0.555996463930784
NXPE4,-0.695799902024949,0.486554150616749,0.771286112946977
FGD3,-1.12464448280879,0.260739715981504,0.586338798049971
BPIFB4,0.47361215654226,0.635776504990829,0.85748888079517
PADI2,0.25376672211103,0.799675783927417,0.928187505612972
RBM7,-1.38941760584155,0.164705799689947,0.469689709214349
BPIFB3,0.345764742478193,0.729519524097424,0.897774123130382
SDHB,0.810004679222842,0.417937486422086,0.721212468584647
LYZL1,0.508975937092427,0.61076909089151,0.843878531041176
ZBTB12,1.59345118761338,0.11105901034772,0.390516365777936
BAMBI,1.3271999272568,0.184442556462817,0.49976806298142
MFAP2,1.08546668733687,0.277715010243451,0.603933591314334
CROCC,0.696519145776365,0.486103771409968,0.770964386573793
ASPN,-2.7561970177609,0.00584777616937424,0.0866422339391107
SDHD,-0.324914857928962,0.745245511481338,0.904973667022015
OMD,2.38380724480585,0.0171345745747248,0.152685167279667
F10,0.931201613225091,0.351749283558922,0.66958357453982
OGN,0.590619800662944,0.554775194773863,0.812170441843347
MAPRE1,0.0584674114447258,0.95337631997169,0.983658610466017
CENPP,-0.297433289073328,0.766135731986604,0.914050793446994
FBXO42,0.402015126103685,0.687672894255411,0.879224495088387
CPLANE2,0.447136903040229,0.654776215534616,0.864131874092215
MCF2L,3.4207412332412,0.000624507223857388,0.0262244497189233
LAYN,-0.98529291691879,0.324480210922699,0.648120731835616
ATP11A,1.97513995292804,0.0482522679518725,0.260446557186781
NEU1,-1.16913261150287,0.24235020660417,0.568299494577368
IARS1,-0.576487821037871,0.564285499534426,0.817381917958312
HSPA1L,-2.23025423974914,0.0257305692330224,0.186774203626538
LSM2,0.0445812970878121,0.964441050597913,0.988530731575918
FAM131C,0.800212015737534,0.423587969248157,0.725786193820652
VARS1,2.42378023076325,0.0153598975912762,0.143332515864707
CLCNKB,4.04064496292635,5.33044039293846e-05,0.0073910928430968
VWA7,1.38635328324896,0.165639054074799,0.470942541220562
MSH5,1.12828362087831,0.259200158500368,0.584905383423704
ROR2,0.207811792008596,0.835375924923208,0.942545480097472
KIF3B,0.0169191614597642,0.986501106320369,0.995483829664984
AUH,0.619155838129656,0.535813701432647,0.798350727555552
MPP7,-1.09317954986324,0.27431497405665,0.600050123412178
ZBTB17,1.21746618967573,0.223426892841049,0.548574137830269
POFUT1,0.870763418370922,0.383883343127241,0.695858321264756
SYK,-0.808868855980089,0.418590584738753,0.721551927990389
DIRAS2,-1.19061013851912,0.233806669646323,0.559163186330737
FBLIM1,1.11103611061782,0.266552806231445,0.592262431282452
ING1,0.979950247823565,0.327110677872729,0.64969206931002
TMEM82,1.34919605115801,0.177274002820788,0.489277360265044
MKX,0.57857700558205,0.562874623938701,0.81645942838707
DDAH2,1.16904161049085,0.242386866996292,0.568299494577368
PLEKHM2,0.237854275267837,0.811994120829722,0.932455735354514
SECISBP2,2.49695792108173,0.0125263819908623,0.129078274437308
LY6G6C,-0.324907050037514,0.745251420974271,0.904973667022015
COL4A1,-1.21621374133264,0.223903510452866,0.548627520000203
LY6G6D,-0.358845071919033,0.719710992660506,0.8934082912762
AGMAT,2.12515772468885,0.0335734542433993,0.216378576473662
LY6G6F,2.69786725342486,0.00697852622633686,0.0955362597995727
SHC3,-2.08552516280153,0.0370216565201504,0.227132486955003
DNAJC16,0.566198625886001,0.571258763946333,0.822175725571826
HCK,1.55128505374117,0.120833387030974,0.405374922423482
NXNL2,0.397664872105517,0.690877234464646,0.880355474725221
SPIN1,1.25518451483477,0.209411785581278,0.531697310853217
LY6G5B,2.38488361077779,0.0170845255449967,0.152490679823156
CSNK2B,-2.02339218954141,0.0430327288120392,0.245604753983924
TNFSF13B,2.30345183708334,0.0212534340403761,0.169786551188002
ACBD5,2.25651149212718,0.0240386164089574,0.180473336439458
ABHD13,0.394107962027159,0.693501332910019,0.88183108208486
GPANK1,0.791207085100802,0.428823157685902,0.73028601072896
CELA2B,2.42392541359518,0.0153537585335976,0.143332515864707
C6orf47,1.7150357642929,0.0863386700450596,0.34478036530189
FAM155A,1.84975140261227,0.0643493881104005,0.299122234551615
APOM,0.656622302496087,0.51142380480016,0.785155304174176
MASTL,0.671674938765669,0.501790659195118,0.778990239992392
CTRC,3.35916092484576,0.000781795267554782,0.0304618257014314
TUT7,-1.99840023106372,0.0456732866135162,0.252605300286919
BAG6,1.71885302112491,0.0856411382178826,0.342932558590261
FOXS1,1.76281823034539,0.0779311516804264,0.327516279285729
EFHD2,-0.655549781825841,0.512113845855471,0.785652209595548
ISCA1,-1.31645173091251,0.188022469258695,0.504161489530882
MYLK2,-1.78878280348783,0.0736498014492337,0.318513775797927
POGLUT2,1.27986340979437,0.200593178181688,0.521121371574813
TEX30,-0.540207825701827,0.58905371638816,0.831994744591816
PRRC2A,0.639035553021188,0.522799803475264,0.791820408758228
AIF1,-0.204356518184209,0.838074906586551,0.943105348574864
TPP2,-1.80208186017672,0.0715325272391013,0.313649983396715
COX4I2,1.684080656218,0.0921660821832158,0.357130516246042
LRRC38,-2.0816765263239,0.0373720261465708,0.227965520126616
CLCN5,-0.564619500834759,0.572332598353386,0.822244691204872
ID1,0.455124306747816,0.649019812059573,0.861755869224612
FGF14,-0.495524816436426,0.620229708927878,0.848779481227625
ABI1,0.461645898794601,0.644335273950845,0.859803281095682
NFKBIL1,0.172107888092073,0.863352711499785,0.952476573669331
ITGBL1,0.440187081186145,0.659801615651909,0.867163252096148
PDSS1,0.639436313255127,0.522539132056459,0.791573531916182
AADACL4,2.036219940525,0.0417282747912416,0.241402900270422
CCDC22,1.53026444090245,0.125951286280982,0.413032530117382
APBB1IP,1.07943658732956,0.280393148116345,0.60736235972442
SLC28A3,1.8081279545526,0.0705865883111636,0.311429344811307
GGACT,-0.784606178252738,0.432684506551989,0.732621243779504
TCF19,1.7951695938262,0.072626683369793,0.316318625733367
TNFRSF1B,1.0818589871218,0.279315191133756,0.606242626283751
CACNA1F,-2.63063377285549,0.00852258209845658,0.105694363606643
HNRNPK,0.375960308870703,0.706946403854169,0.887832840227308
PCCA,2.14063196154902,0.0323037292262826,0.212181104259365
DEFB119,-1.39416985428551,0.163266318882342,0.4679096024786
SHISA7,-2.56589743764481,0.0102909251774551,0.116728905669258
PLP2,0.0931221928908391,0.925806486664742,0.975326399073845
ZIC2,-1.59154281386836,0.111487468146697,0.39082052973446
C9orf64,0.995226046134963,0.319626336659621,0.643260900287533
GPR158,-1.63926084946051,0.101158945920738,0.373930542197915
STXBP4,0.705776556150964,0.480327103502234,0.76762008531294
CLYBL,1.12583685908873,0.260234579401458,0.585844681556815
THNSL1,1.66142630165133,0.0966278590358641,0.365431863535306
ENKUR,0.684617045780129,0.493585607788686,0.775412684523439
GKAP1,-0.0770161279627315,0.938610714816053,0.977696875294223
FLOT1,0.0323380833381783,0.974202438963791,0.991806768427706
UBQLN1,0.778915996698411,0.436029200115456,0.735059522066712
GPR183,-0.0113327969783641,0.990957929809624,0.996910727674965
IDNK,1.57998190302875,0.114111010914916,0.394136446330485
GRIPAP1,1.17178321199103,0.241284104495706,0.567301138638077
DHX16,0.562633919367504,0.573684189874949,0.822939815328555
RASEF,1.54848765694423,0.121504931203474,0.406412181154996
KIAA1217,0.319663383482129,0.749223520164221,0.90635344582253
NPPA,0.693365748226423,0.488080051607542,0.771854326849036
ATAT1,0.901673205124555,0.367230490807443,0.682149785181968
OTUD1,1.17322908430796,0.240703951737999,0.566504059457262
TLE1,-0.447226049060771,0.654711855123081,0.864131874092215
SLC15A1,-3.14568298546151,0.0016569950423294,0.0438860010475772
PTF1A,1.72458109780151,0.084602992319354,0.340778156105191
PIM2,-2.59081132224423,0.00957499718347517,0.11197772680155
MSRB2,0.825338496755792,0.409179441714277,0.713850992438565
PPP1R10,1.34097591665058,0.179928271977017,0.493598980534492
TTYH1,-1.81960736142094,0.0688188198332213,0.308485688793331
TLE4,0.162695064958934,0.870758532811335,0.956565574946725
STK24,-0.282968276282077,0.777201155402303,0.918218817825675
PRR3,-1.19673217514512,0.231410961848433,0.556485462696663
PIP4K2A,-0.759702429329288,0.447432476311708,0.742752688494727
KIAA2013,0.59929792723533,0.54897422986103,0.807763552271008
MTHFR,-2.72223677692026,0.00648416659128533,0.0925192396814647
PSAT1,1.97403567342222,0.0483776867658971,0.260561760117051
LRCOL1,1.87811101132861,0.0603659802910676,0.288549741827755
HDAC6,1.0584600018416,0.289845776825621,0.615984029968072
GNL1,-0.902721608973852,0.366673664864299,0.681896906124991
SPAG6,-1.36850500716941,0.171154055756985,0.479722650832607
PUS1,-2.47009493550706,0.0135077199249001,0.133667052663435
EDAR,-2.53312065324482,0.011305203253324,0.122459801341161
TRIM39,0.591291609434041,0.55432505054245,0.811710997166429
BMI1,0.795736086212071,0.426185447565569,0.728081779046196
GATA1,2.12419996078047,0.0336534265170071,0.216721648952788
MAD2L2,-0.68651593897158,0.492387816766445,0.774639825484549
MBNL2,0.496228847374121,0.619732960351104,0.848654349765034
NUDT8,1.7062368804587,0.087963984688701,0.348693623824689
TRIM15,0.629897452199314,0.528761679933227,0.795276799669451
WAS,1.3669625978095,0.171637029286905,0.480906396121734
HS6ST3,0.285316877176892,0.775401383886691,0.917382012491344
FOXB2,0.396306258040545,0.691879111146813,0.880922416629069
VSX1,-2.21047005548993,0.0270725564990693,0.19256641616605
PRUNE2,3.24025639040092,0.00119422266867531,0.0374413060668436
WDR13,-2.371800707583,0.0177016357980384,0.155011245083957
RFK,0.00267526989985828,0.997865445997114,0.99914601487433
SP2,0.537377623429398,0.5910067967402,0.833037108812801
UGGT2,2.88085299353999,0.00396600572215941,0.0708683087310067
FBXO6,-1.91185334291887,0.0558950075386693,0.277245136847088
RBM3,1.58398445936692,0.113197255645238,0.393410136013538
FBXO44,-0.0385700122845721,0.969233211224822,0.990124227689112
TBC1D25,0.55911545321656,0.576082928986262,0.824669097936794
PPP1R11,-1.08060050046341,0.279874859828651,0.606563926054634
ZNRD1,0.306086596495709,0.759538712930951,0.910536424665172
UBIAD1,-0.786852137774392,0.4313684283623,0.731489353314467
ANGPTL7,-0.963184119882011,0.335455132915461,0.657320954413696
DZIP1,1.73481379611251,0.0827737917608796,0.33655852512856
CARNMT1,1.78419594389257,0.074391831181081,0.320355258133407
COMMD3,0.547976308993185,0.583708170162313,0.828487366914267
C9orf40,0.315042066596904,0.752729714363937,0.907474595769807
SYNDIG1,-0.475405453485209,0.634498008164029,0.856643397270485
NMS,1.41099145425003,0.158247133842285,0.460094671291408
RILPL1,-2.28742252791624,0.0221711726110173,0.173590292340441
MOG,-1.43970547767358,0.149950742975889,0.447285902262825
YIF1A,-0.835433667565688,0.403473580223538,0.709968219675439
EXOSC10,0.417185429256776,0.676542782009516,0.87404954187302
ZNF182,3.77889956538186,0.000157522936967153,0.0129711878596972
SOX21,-0.399695074563585,0.689381120339562,0.879925866570907
SRM,-0.23439565905472,0.814677828365417,0.933224135129282
GPR180,1.22974985054882,0.218790792937017,0.544158370693136
ZFAND5,0.0347897705282029,0.972247377631171,0.991329039694512
DNAJC1,-1.11277276625015,0.265806034596166,0.591517122791588
ELK1,-0.616769360235048,0.537386864379254,0.799140184968646
DRAP1,-0.00885962389922904,0.992931135352396,0.997299589349794
CST11,2.11406889782467,0.0345093831685752,0.219197561588025
CASZ1,-1.41974772828525,0.155681137633932,0.45649546353943
GABBR1,-0.378305661370789,0.70520354023779,0.887690824471088
DFFA,1.82654656003766,0.0677679746238123,0.305917669141775
CEMIP2,0.735180810481152,0.462229384204362,0.754585163517827
GPC6,0.240603039456499,0.809862794235518,0.931728007861341
ZNF41,2.53556509468639,0.0112266061360672,0.122334545149015
GPC5,0.508715573368907,0.610951604773163,0.843878531041176
KDM2B,-1.97001979378237,0.0488361020872198,0.260904541440918
ZNF157,1.09146600591107,0.275067882127854,0.600886159219729
CNNM4,1.39004312224152,0.164515783178885,0.469398359983045
LMAN2L,-1.01889794008004,0.308251421755224,0.63326328203174
SLC25A39,1.11528632137055,0.264727745157721,0.591368801166138
THBD,2.04968847224363,0.0403948406563858,0.236631721069518
SPRY2,0.149314210630587,0.881305702510197,0.960987832626154
NEBL,1.84866302777107,0.0645064855104797,0.299460488123183
KLF9,-0.103141372057543,0.917850769945578,0.972886058546641
NKX2-2,-1.0900257836042,0.275701786506485,0.601379391398683
OR2W1,-0.407643984920726,0.683535067201475,0.877160945631281
ZNF311,3.15664121150333,0.00159597589344741,0.0433319485040017
MAMDC2,-0.00802184918519788,0.993599559030913,0.997563419999537
SPDYC,0.839718299203753,0.40106635135705,0.70857195833438
XRN2,0.665442755256289,0.505767346116623,0.781728131324911
C9orf135,2.37917463962384,0.0173514532146028,0.153436827689851
TRIM27,0.591444166046456,0.554222855168353,0.811707334055912
NMNAT1,-0.0273899322967378,0.978148728101075,0.993508098558048
POU4F1,-0.515053527143955,0.60651561624359,0.841720873344132
EDNRB,0.756680972012464,0.449241017285508,0.744135160642542
LZIC,2.44650748218739,0.0144247803344663,0.139145658004837
SNX15,-0.25367713509263,0.79974499990072,0.928187505612972
PLXDC2,-0.302240835315284,0.762468476875407,0.912429054387115
ARL5B,-2.36416255993541,0.0180708812988098,0.156880321084032
CLSTN1,-2.28286143610989,0.0224385317041798,0.174223100049197
NSUN6,2.59091518422381,0.0095721079669993,0.11197772680155
ARHGAP39,-2.24773138822109,0.024593323248633,0.182727969878497
TMEM252,1.50661714304066,0.131908820664092,0.421141250847096
FOXH1,1.61054438255107,0.107279064467772,0.384964878449882
ZNF165,0.109996413633601,0.912412219162456,0.97170102893589
CRNKL1,-0.460994143963948,0.64480280652188,0.860210814894492
INSYN2B,-0.36186833288366,0.717450425183163,0.892970432449811
SLC39A12,1.24886433418033,0.21171469849194,0.535280540922766
SF1,1.8914675311164,0.0585619612787224,0.28343709476465
CBWD6,1.47399541551498,0.140482825525291,0.432849973237219
CBWD1,1.92714746316269,0.0539612551297876,0.272648997630526
GPR157,-0.4638802764433,0.642733524596276,0.859677013279956
FOXD4L4,2.21715177829079,0.0266127215339094,0.190869735992538
FOXD4L5,1.89259383437425,0.058411904337973,0.283170285576947
SLC2A5,-1.81915476616226,0.0688878216750103,0.308691522539157
SCP2D1,-1.21784767620305,0.223281862933197,0.548359957012757
CA6,0.417371635203393,0.67640659877923,0.87404954187302
DTD1,-2.85801255561879,0.00426303523037768,0.0740616699348252
KCTD12,-1.2759482910568,0.201973798671272,0.522564086236027
ERRFI1,-0.505988506557212,0.612864718187193,0.844936992183058
TMEM236,0.0912379875196031,0.927303491139332,0.975498759076853
STAM,-0.161564805803683,0.871648574020328,0.957089265431209
AUP1,0.804001381996434,0.421396176869347,0.723483807952044
TTC25,0.956195524218594,0.338973460782119,0.659990489587673
HECTD4,-0.411104132420235,0.680996179962317,0.876295594388881
LBX2,-0.399913389990983,0.689220309644631,0.879896431527596
SLC22A12,1.93851577060859,0.0525603286553939,0.270368475813728
DNAJC11,-1.71994642281268,0.0854421809688014,0.342488793605669
UCHL3,-1.75672124242383,0.0789653349444983,0.328782202444226
ST8SIA6,1.13603533861244,0.255941774813059,0.581822127954499
POLR3F,0.38522129958288,0.700073463989705,0.885505047722064
SLC4A5,-2.20071284898105,0.0277563586142227,0.195695005123069
TBC1D4,-0.327590886058496,0.743221013890496,0.904351731412886
PHF13,-0.414944308269788,0.678182672832232,0.874824937481181
KLHL21,-2.0826171233965,0.0372861371326151,0.227570750525863
KLF12,0.918995362146685,0.358097998051004,0.674160664432838
HIF3A,1.10359654671004,0.269768189861411,0.59516436497395
FAM216A,0.754193165557044,0.450733240853145,0.745442390107568
ZBTB48,-0.504326428701038,0.614032008473667,0.845448210226074
KAT14,1.68408324054069,0.0921655828061867,0.357130516246042
KLF5,1.8846192508945,0.0594812613359933,0.286097974807397
IGFBPL1,0.0113049151377495,0.990980174874751,0.996910727674965
ALDH1B1,2.19901969213238,0.0278765221153799,0.196166303604667
NOL9,-0.406629852873725,0.68427986798338,0.877630351332696
SHB,-1.27438812955603,0.202525897103471,0.523316796941933
MGME1,2.07292045314996,0.0381796832129163,0.230334380375962
DCAF10,-0.582501166597657,0.56022915595495,0.814855921471086
H4C8,0.382603635853967,0.702013674011627,0.886046353804356
GPR20,-1.51244862534545,0.130419772771199,0.419189787199754
H4C2,-1.77448852456406,0.0759823785771689,0.323593897624102
FRMPD1,1.54602529269963,0.122098459530995,0.407053461649096
DIS3,-0.0319458410672349,0.974515241393136,0.991806768427706
SNX5,-0.992462523712401,0.320971952144822,0.644448702132469
DPP6,-1.83763091698937,0.0661168098392203,0.303079007546358
TOMM5,0.375772952116554,0.70708569765252,0.887832840227308
TNFRSF25,1.3898180877258,0.164584124111932,0.469507931666721
POLR1E,2.0342853766038,0.0419228307177481,0.241736222966995
NAA40,0.531055260630661,0.595380485892324,0.836051063995895
TRDMT1,-0.0217926004032615,0.98261339680954,0.994879402107381
H4C3,-1.10688714815623,0.26834272306698,0.593963110448798
MZT1,0.413191903402963,0.679466019689094,0.875395719103852
RTN3,1.38380731291209,0.166417463241795,0.472105061717983
CUBN,3.4469243626336,0.00056700730190812,0.0248756367447327
HES2,0.690564564780495,0.489839222431343,0.772442696927301
ZFAT,-3.87374146032381,0.000107177113584565,0.0106642183822892
KLHL1,-1.04650423816035,0.295328289214092,0.621604498100406
SLC17A2,-0.592700952063884,0.55338130417634,0.810862191230726
ACOT7,-0.854089546260519,0.393055375646592,0.702049934488996
PCDH9,-0.52256273165108,0.601278581087139,0.837871777926533
SLC22A6,-0.299679729458095,0.764421461919014,0.913111712620653
BFSP1,-1.67026717317692,0.094866514932799,0.361724615512994
SLC3A2,-1.45720937684009,0.145058593018782,0.439158523392125
GPR153,-3.22658553506702,0.00125276781626094,0.0383516350752969
HES3,-1.41481792692306,0.157121886548079,0.458516750851558
SLC17A4,-2.01712422264454,0.0436825514130477,0.246707482875989
SPINK9,-1.77263547741842,0.0762891290231484,0.324423908329469
PCDH17,0.943114740521638,0.345622216800231,0.665343291225052
LRRC3C,-0.20281930215871,0.839276270539969,0.94366183887225
RNF207,1.9559330515172,0.0504730412119534,0.265549471632829
PCDH8,-0.744342482845018,0.456669306123514,0.749964820968191
LYPD5,-0.838007267043474,0.402026622126939,0.709312018945853
FBXO48,-2.27509675199341,0.0229001264724178,0.175835220270687
GLIPR2,-1.56663920941183,0.117199047495077,0.398944789953207
SCGN,-0.853062745763877,0.393624509386104,0.702207756178666
CNMD,0.182819706315395,0.854939485796613,0.950069527305451
RECK,0.460702349958633,0.645012168809159,0.860210814894492
GRXCR2,2.0968110778182,0.0360103025637864,0.22441022462761
OR13J1,-0.100252431911021,0.920143920997216,0.973665805943588
ACTR2,0.150069492706994,0.880709788672197,0.960790480857965
CEP68,2.41027263245595,0.0159406036555137,0.146557711090313
PTER,1.50783775171096,0.131596057462233,0.420802973924285
CKAP4,-0.480936648283747,0.630561524959957,0.854344264552993
FUNDC1,-1.06055702779962,0.288891260322528,0.61492297289138
VPS36,1.58025960499478,0.114047426631257,0.394136446330485
MAOB,2.49892082790677,0.0124572138297799,0.128447187637978
LRRC10B,-1.44623009381344,0.148112675612122,0.444224651712985
ITGA8,1.33584896039384,0.181598646300476,0.496128848455151
RGP1,0.22029257288355,0.825643304078646,0.937197089682016
FBXO47,-0.847320048285967,0.39681675493996,0.705340802809718
KCNAB2,-1.8124175829029,0.0699216980400849,0.310339760003214
GBA2,1.39513077257954,0.162976408073815,0.467343151089989
NDUFAF5,0.209175542700818,0.834311204198641,0.941934269614527
C12orf42,0.91995900333088,0.357594183368837,0.674060253311488
FAM171A1,1.95314535739919,0.0508023737063701,0.266501308758338
C6orf62,-1.15982603197151,0.246119643075797,0.571257591139615
PPP1R2C,-1.59632102351954,0.110417138632119,0.389499760628514
GPR34,-2.05151541691949,0.0402167798323434,0.236324991686764
PGA4,2.04437335411943,0.0409166775831051,0.238451187105612
NPHP4,-0.683360003230991,0.494379387133414,0.775708371571417
TAF2,0.281260865368953,0.77851032410443,0.918389784617283
NMT2,-0.720747021091618,0.471065176501087,0.761721413198935
MS4A13,-0.854122882341176,0.393036906524743,0.702049934488996
AJAP1,-1.02457390287706,0.305564283546013,0.631072402437464
TDP2,0.70255332104254,0.482334161256848,0.768690426754389
EXT1,-1.98930435631633,0.0466676191408392,0.255568074946272
KIAA0319,0.803168525853071,0.421877334619021,0.724003146303834
NYX,-2.32758705022073,0.0199340417338037,0.165020879705426
OLAH,-0.773252876296565,0.439372738482911,0.736904522916742
SPIRE2,-1.18258986846348,0.236971729766908,0.56254115768198
LRRC47,-0.434831030202482,0.663685079659138,0.869041385827364
DCLRE1C,-0.610045415117002,0.541831723675826,0.802205919716978
TP73,-0.555377877005131,0.578636221358307,0.825800422229539
RCBTB1,-0.165815567709436,0.868302094463076,0.955182539938392
C19orf54,0.930896113925763,0.351907304907067,0.669727075876323
PHF11,-1.93465485720649,0.053032663468419,0.271112780979908
TPRG1L,-2.05684465514811,0.0397011710868798,0.234859956988042
CA9,0.0138803630492417,0.988925428238579,0.996301340438754
APRT,0.872851350065946,0.382744106397839,0.69449224455419
HSPA14,2.27427735589494,0.0229493157552471,0.175879649681702
ARHGEF16,-3.49953747275138,0.000466066090876674,0.0221538570880352
MRS2,0.279387680887389,0.779947324061801,0.918679597972543
ARHGEF39,0.902802260092512,0.366630851437352,0.681895521623411
ANKEF1,-0.294220866033525,0.768589137141027,0.91476044045812
PKHD1L1,1.40235266842168,0.160809959930881,0.464132592685124
ACTRT2,-2.83683636308378,0.00455629572022122,0.076483589744322
CCDC107,2.35273457916527,0.0186359310182386,0.159319517866366
MMEL1,-0.863634876586784,0.387788498758248,0.698547875097672
PAK5,1.32456710443606,0.185314772535448,0.500273536848361
LPAR6,-1.07994122928736,0.280168352017694,0.607037671147548
ATP6AP2,1.41474626353787,0.157142904657288,0.458516750851558
BCOR,0.0470791909069204,0.962450112195221,0.987850034606325
HES5,-0.959944228324188,0.337083284938323,0.658604504045959
DCDC2,3.18143016456221,0.00146549850346057,0.0420644291004341
NUP160,-2.32113896400572,0.0202793450592785,0.166490928214072
PANK4,-2.35068291698298,0.0187389947949826,0.159443762011482
NRSN1,0.62830979633176,0.529801015395269,0.796295297889094
CAMKMT,0.51326055711553,0.607769070688239,0.842137875430472
PLCB4,-0.0373663903010695,0.970192870600315,0.990295218161181
SLC35B4,-2.61138821468167,0.00901754632234231,0.108863010139402
LIG3,1.30090436214239,0.193291192812562,0.511436001354689
MORN1,-1.50327296268886,0.132768669271961,0.42210877541549
SRPX,0.189523070142203,0.849682875381982,0.948454633087704
SKI,0.0964208851210044,0.923186305474999,0.974505509604215
PRPF18,-1.7416100652593,0.0815766989182437,0.33424588290339
DYNLT3,-0.590027839587724,0.555171985265669,0.812529145230071
CYBB,-0.116153661621165,0.907530760759477,0.970614440780545
C11orf49,-1.52120033138203,0.128209572335313,0.416129146572505
XK,1.60098365485148,0.109380539428982,0.388233478409036
PIGO,3.20472788743181,0.00135190223307823,0.0402073087999358
LANCL3,-0.94875630457631,0.34274457009712,0.663328109177693
LRP4,1.14038413314754,0.254126300311116,0.580650296270494
FANCG,3.71094280984364,0.000206488754796488,0.0149418581540012
CFAP47,-2.98000881635757,0.00288240087459404,0.0598985074055061
COX7A2L,-0.145321055514547,0.884457391288268,0.961796641624449
GDF9,2.45457838082302,0.0141049911396311,0.137519769566433
SHROOM1,3.13200419737868,0.00173617393143615,0.0454495244953605
UCMA,-2.77799740703366,0.00546950547000005,0.0845140268476938
GLIPR1L1,-0.509500865820641,0.610401191590676,0.843866073883357
ID4,0.104898308820593,0.916456500931556,0.972111996832641
MCM10,1.02086584750208,0.307318001858156,0.632548252967472
SEPTIN8,0.49962242901595,0.617340961846178,0.847698178934671
ESD,1.43354360215807,0.151702547641592,0.450004377587638
TMEM240,-1.07217526530856,0.283641317939298,0.610644457760404
ZFC3H1,-0.556700594147156,0.577732010917263,0.825554374053877
OPTN,0.82728278389574,0.408076799446481,0.713001707688693
ATAD3A,-0.751478158947064,0.452364940394631,0.746523153300335
ATAD3C,1.54636294356189,0.122016938344928,0.406881671666881
HAO1,1.89525554531206,0.0580585545559247,0.282346742661466
CCL19,1.06779701352273,0.2856120855222,0.612692911295469
CYP4V2,-1.93267785864222,0.0532758944172003,0.271812707777274
RAD50,1.45722229578555,0.145055028017105,0.439158523392125
CCDC3,-0.424984052637367,0.67084830014778,0.871285659683641
BMP2,0.148371524719007,0.882049571302653,0.961247471002382
ACCSL,1.46383343345154,0.143239464964925,0.436751032283007
GALT,-0.328504339220107,0.742530363948471,0.90378273404226
C4orf47,0.415463412676289,0.677802693619944,0.874824937481181
LRRN4,0.636606337988159,0.524381295776492,0.792614791756495
CRLS1,-0.556022255098934,0.578195640931382,0.825800422229539
ALKBH6,3.02684068377874,0.00247124168118311,0.0551875872750923
SDHAF1,0.451028787036605,0.651968801461732,0.8630863845811
DVL1,-1.19177828093794,0.233348194108154,0.558653709666518
DHRS13,1.53454979065112,0.124894453952028,0.411801099289752
ARID3C,0.84464253040484,0.398310455432495,0.706693398999394
NPHS1,3.07672875115687,0.00209285651618301,0.050405811695112
FCSK,0.673808304477965,0.500433194482587,0.778456972108278
PGPEP1L,0.485328550283487,0.627443306389931,0.852420189826607
TAB3,-2.77680580492367,0.00548959669586615,0.0846630569393858
ATL2,-3.26279117526655,0.00110320777956365,0.0360067352436856
CHGB,-1.38621304643666,0.165681858892168,0.470981629390241
CXorf21,-0.734099040985997,0.462888377997256,0.755356661527989
NR0B1,0.483523139379305,0.628724333975989,0.853374035288629
IL1RAPL1,0.145714756281947,0.884146571881553,0.961796641624449
C11orf91,-0.745770424554471,0.455806108749046,0.749838751315669
GPCPD1,-0.0199870126612858,0.984053732892315,0.995023322998978
NRCAM,-1.33675065409126,0.181304041450333,0.495491014646511
PUSL1,-0.239718604435869,0.810548411160133,0.931785758616638
ARX,0.18020582771117,0.856990983479167,0.950330266389413
RBM24,-0.450834817333717,0.652108605382811,0.8630863845811
POLA1,-1.2260242668876,0.220189543178975,0.545810109403274
FABP9,0.505773391756305,0.613015739764381,0.844938849894284
FAM219A,-1.15513019731518,0.248037113900786,0.572814213499219
NGRN,1.65231867492841,0.0984696042754942,0.36913947447923
KCTD4,-2.27592725718368,0.0228503637825146,0.175718233000913
PCYT1B,0.236079335987578,0.813371108277413,0.932986682389192
GPALPP1,0.804965857279704,0.420839382558101,0.723126618084003
CD83,-0.226831246005489,0.820554966104241,0.93564249717431
PCNA,-0.27247407759191,0.785257520588327,0.921063539094716
NUFIP1,1.59840435329712,0.109953016424477,0.388889255898862
ELP4,0.817852006115166,0.413441697972947,0.717426023171342
MCUR1,0.536777101722268,0.591421590477972,0.833306029212226
KIF24,2.9460939424325,0.00321814645137492,0.0638469226809499
B3GALT6,-0.246842771595809,0.805029907537474,0.929825260676463
C4orf46,-0.935497827321339,0.349531802507299,0.668170490136747
LGR4,1.58335462659626,0.113340658581267,0.393562452264135
ECHDC3,0.0640230979420274,0.948951835036631,0.981906179004708
DNAJC15,-1.32947841615202,0.183690182063,0.499067073593559
APOO,-0.566295038688375,0.571193232514224,0.822175725571826
TNFRSF4,-1.9452110125076,0.051749586965188,0.268849056127799
USP6NL,1.23971629839198,0.215080346615281,0.539581696066722
VIT,-1.37493572992195,0.169151370883896,0.476333316653417
FEZ2,-1.82377642026463,0.0681858800766884,0.306912337213407
DNAJC2,1.42049312310927,0.155464169237956,0.456133411035661
TNFRSF18,-0.30413827858409,0.76102254517466,0.911215957091438
SAT1,-0.20000041767954,0.841480254460743,0.944491851961448
GFOD1,-0.664041541621966,0.506663723545153,0.782632294236454
TBC1D7,-0.566995793684274,0.570717039416718,0.822069891753806
ACOT9,0.859612181589669,0.390002857813465,0.700427992469254
VWA8,1.4067017919612,0.159515834164359,0.462208107967483
SLC23A2,-0.513671930676065,0.607481379811666,0.841967874060849
PRDX4,-0.472892521614152,0.636289860590364,0.85759850583831
RGCC,-0.214504530498959,0.83015363435968,0.93955973915949
PTCHD1,0.729542347738624,0.465669973476899,0.757151630061897
AGRN,1.09073977940881,0.275387401480328,0.601172037965693
PHEX,-1.66343491640671,0.0962254086734929,0.364484344074307
EDN1,1.76372018039238,0.0777791017872136,0.327335343276863
E2F4,1.75543616944747,0.0791847298586101,0.329024885320559
LYRM7,0.0859647258560439,0.931494458077777,0.976118028897252
HIVEP1,2.44811045130396,0.0143607625146921,0.13905232951054
RASSF2,1.78941366116998,0.0735482208326644,0.318414292595261
NAA16,2.89587610912065,0.0037810163941167,0.0692240584047701
PLEKHN1,1.28582013286453,0.198505842193237,0.51804559589602
XDH,-1.73638562789451,0.0824956717727043,0.336256158146502
TMEM170B,-1.60991084920507,0.107417320161332,0.385101440508163
NEDD9,-0.917680428273172,0.358786197056461,0.67472286626974
ADRA1D,-0.81634625047695,0.414302128829344,0.718330041364057
ASPH,-0.182073722810097,0.85552487018886,0.950265853795262
MTRF1,2.54777626190338,0.0108411976364408,0.120401029525898
KBTBD7,-0.783452760954387,0.433361283603359,0.733307552555261
MBTPS2,0.835263406417055,0.403569416231911,0.709968219675439
KBTBD6,-0.371436229963807,0.710312644934171,0.889344790803181
WBP4,0.345633691818546,0.729618022333057,0.897774123130382
GCM2,2.09855917650276,0.035855778220714,0.223963895637593
SMPX,1.34936492407724,0.17721978139142,0.489277360265044
KLHL34,-0.0699440024510447,0.944238229975057,0.979843628019572
TOM1L2,-2.63928260439174,0.00830816903652453,0.104528374486312
AQP7,0.657566257208,0.510816882746569,0.784818090278592
CNKSR2,1.32158333053001,0.186306937213801,0.501582157365939
SNX2,0.165348538639215,0.868669656251009,0.9553715876084
YPEL5,-0.116041800125439,0.907619413838653,0.970614440780545
NFX1,-0.45552767977539,0.6487296587252,0.861755869224612
ELF2,1.31500498650021,0.188508226615004,0.504475603660845
INSC,1.6023515242268,0.109077897957202,0.388034835155603
TOGARAM2,0.576236166470069,0.564455562619373,0.817555197435208
FOXO1,-1.19460503153423,0.232241382477822,0.557441221469423
KIN,0.737771326327766,0.460653420368801,0.753134088650806
RPS6KA3,-1.17146740367054,0.241410952704686,0.567434763977706
PAK1IP1,0.694305070949738,0.48749091154713,0.771654314967523
SPDYA,-1.49315206514354,0.135397386394865,0.425485892996195
LHFPL6,-2.21638158386451,0.0266653798654297,0.191078312218722
NHLRC3,0.00513322171549362,0.995904299632965,0.998368037154476
CCDC112,1.20798972356616,0.227051215194215,0.55142455511385
TFAP2A,-1.62234738138503,0.104728988876184,0.379707838011552
STOML3,-1.11500164269188,0.264849717790586,0.591442480480727
REEP5,-1.11326391624654,0.265595098904421,0.591517122791588
MAP7D2,-0.810566428491841,0.417614702569164,0.720885699035526
HGSNAT,0.650303256474001,0.51549635400177,0.787822060052805
TRPC3,-2.11333470488686,0.0345721303039043,0.219412552895844
KATNB1,0.0601886542079709,0.952005381963184,0.983308177929092
ARHGAP44,-1.70481861871124,0.0882282579462405,0.349314077442748
BCLAF3,-3.01350467014735,0.00258249066383828,0.0567636463456124
NDNF,-0.0964082159497402,0.923196367136875,0.974505509604215
BAG1,-1.05568440606906,0.291112423861322,0.617018731897402
EEF1E1,-1.31171968587912,0.189614732082027,0.506003489021661
IPO7,-0.262080064718115,0.79325971580592,0.925806562479572
SPINK4,1.97287892153555,0.0485093586649448,0.260561760117051
B4GALT1,0.815854943725688,0.414583104260642,0.718330041364057
POSTN,-1.89848705935355,0.0576319508645948,0.281509395835788
CENPB,0.0810965825458255,0.935365143471302,0.977346067906343
SPEF1,-0.228089720752546,0.819576491143088,0.935520566525053
TXNDC5,-1.31369359254374,0.188949338085651,0.504976062824454
ADPRM,0.885750081666994,0.375752214471772,0.689354654671928
DSP,-1.27167568386011,0.203488373648987,0.524401414928443
SIN3B,2.20421816675728,0.027509004759597,0.194626133884638
PDHA1,-0.822395610343564,0.410851776864149,0.714902980547465
APTX,1.3887142986208,0.164919644457577,0.469933652174087
SMAD9,-1.55599821259512,0.119708517398565,0.403316432864963
OR10A4,0.843470592572347,0.39896530583484,0.707104366635075
RIOK1,1.88942852536565,0.0588344316313328,0.284273065666424
NDUFB6,3.2642230350981,0.001097647215137,0.0360067352436856
NRBP1,0.0957402514930782,0.923726871648914,0.974713539422955
ADGRG2,0.318185306023074,0.750344378122152,0.906691071387539
SOHLH2,-0.819618657686184,0.412433534008283,0.716443591548629
DDX58,0.405218013456202,0.685317265162621,0.877933340764465
ARIH1,-1.09996078752012,0.271349207309455,0.596865151483098
RBM17,-0.887280722626916,0.374927781616278,0.688401043522684
ADAM32,3.47760441870509,0.000505915955197714,0.0230996949797176
MAB21L1,-2.82638346991354,0.00470768693537105,0.0777055983049178
CNGA4,0.185617838256119,0.85274446376279,0.949909629106663
RREB1,0.142968393449264,0.886315143096667,0.962371526959665
PHKA2,0.0154174374641262,0.98769915199538,0.995710773982209
LY86,-1.29118626411929,0.196639096945099,0.515081306138189
LETM2,1.12169559224478,0.261991891301886,0.58793113195518
IL2RA,1.47368087835595,0.140567533642543,0.432862558040037
IL15RA,2.18099442968922,0.0291838284892848,0.201293904673539
RHOBTB3,3.73279975388549,0.000189363136430679,0.014276218969325
RS1,-2.15114078516809,0.0314650891702453,0.209023619000208
LINGO2,-1.25823932876728,0.208305215593178,0.5306021717704
FBH1,1.51828736763841,0.128941970814849,0.417253025541601
GPR150,1.4466594578036,0.147992324617078,0.444141379322019
ARSK,1.53294166716221,0.125290228234893,0.412351128824239
SKOR1,1.50606410383303,0.132050718385387,0.421141250847096
TEK,0.396892462561481,0.691446762701493,0.88089763236882
CDK14,0.948842157692394,0.342700896814198,0.663328109177693
RPP40,0.63861326612975,0.523074548985095,0.791932722875502
LRRC19,2.61507861119449,0.00892069212697343,0.108149213676973
SLC4A11,0.402288233980877,0.687471912822633,0.879081116672614
EXOC3L4,-0.284740648382739,0.775842846233069,0.917407189524607
RFC3,-2.1504895841229,0.0315165090134164,0.209108102578169
STEAP4,-1.47190488140066,0.141046565247656,0.433653978774518
RBBP7,-0.0589477227004202,0.952993746892519,0.983541732126991
ANKRD16,1.43252397055107,0.151993923035139,0.450314293269341
KL,-0.232433020765606,0.816201704233482,0.933821286874326
ELAVL2,0.85663419113181,0.391647083520348,0.701072995051148
ITPA,1.7232735264467,0.0848390728237094,0.340941689580342
ECI2,3.32514020564312,0.000883740815411157,0.0322917926748613
N4BP2L1,-2.24131763021815,0.025005507755833,0.184150056889731
BRCA2,1.94822870827376,0.0513876031771999,0.268171815807867
SYAP1,1.24265340820853,0.213995579890306,0.538369658968899
ATRAID,1.34897328784244,0.177345546185759,0.489366552965982
ALOX15B,0.729371370614782,0.465774525498399,0.757245665376484
UBQLNL,1.34084307055678,0.179971408963388,0.493598980534492
GDI2,-0.436635814860917,0.662375484551224,0.868433570257282
OR51I1,1.01156259435191,0.311747238412844,0.636046783640974
OR51B6,2.89260946940365,0.00382056017328884,0.0695033219403354
OR51B4,-1.03341422714766,0.301410091299785,0.626835536294356
CCDC85C,-0.86472449599131,0.387190021148418,0.698178118149338
FOCAD,-0.205894129086753,0.836873611512016,0.942899307035889
CNTROB,1.93760571549245,0.0526713446387848,0.270516421181896
FASTKD5,2.8214666572661,0.0047804606665068,0.0781901987319967
PXDC1,-0.0394882827251514,0.968501095262481,0.989987892361926
GRPR,-1.35813798905667,0.174419902832662,0.484869579989474
AP1S2,-1.23363089489061,0.217340475198536,0.542350301973486
AVP,0.434279728934891,0.664085322263034,0.869186278343771
BCL7C,-2.11614729745067,0.0343322819179941,0.218910761898026
EMILIN1,0.945383457320313,0.34446314463392,0.66454597180637
USP3,-0.499636711864583,0.61733090299245,0.847698178934671
MRPS26,0.366452642814702,0.714027344103571,0.89137771330354
CALML5,-0.364629627920586,0.715387895467628,0.892184534710686
MLLT3,-0.700721703358484,0.483476708888744,0.769357350714475
LHFPL2,1.39390963144025,0.163344895455905,0.467949347904696
CHD3,2.05686656347168,0.0396990630696913,0.234859956988042
BPHL,-1.52865566799072,0.126349827832842,0.413348554699104
PTPRA,0.343110384018715,0.731515419477602,0.898738351095923
RPS6,-0.898600192164985,0.368865656327845,0.684089636546686
ZNF768,-0.644747702974345,0.519090697413302,0.789974143731039
TUBAL3,0.0103180550070812,0.991767529287166,0.997062606750959
PIR,0.955859464134292,0.339143240925945,0.66016245852872
UCN3,3.23116494168673,0.00123286773250511,0.038142578036398
VPS16,-0.26802947552403,0.788676630352866,0.923407938557469
SHBG,0.505276262888684,0.613364812477534,0.845051444576996
NQO2,-0.518408744075367,0.604173115159888,0.840027622544744
TEX26,-0.274713402457438,0.783536433519608,0.920781704554436
MEDAG,-2.35664365864262,0.0184409332107165,0.158572459635281
C2CD2,0.0674225152150611,0.946245345419624,0.980670767513215
ASB9,-1.48320609655167,0.138019661936102,0.428656964997562
MOSPD2,0.792072330816366,0.428318502471202,0.729869549044625
TLCD3B,-0.651677082664479,0.514609509669781,0.78728697897475
HAUS6,3.26090683902756,0.00111056521562498,0.0360067352436856
SLTM,-0.511335981087316,0.609115814211848,0.843097703725491
COL2A1,0.170870683088818,0.864325449117603,0.953239163369264
GEMIN8,-0.663136098172568,0.507243393205591,0.782840858045954
CARS1,-1.59845027947468,0.109942802428072,0.388889255898862
RRAGA,0.825037201764963,0.409350470345009,0.713918848054901
SAXO1,0.330243566463119,0.741215930367472,0.903174382907929
ADAMTSL1,1.65118217317257,0.0987013820854212,0.369532743073221
OFD1,-1.11370265840698,0.265406768471793,0.591517122791588
ADRA1A,-0.779376826635267,0.435757770421186,0.734831221468685
IGSF5,0.961362280192754,0.336370043070439,0.658162968146879
C20orf141,0.34052304240078,0.733462673165191,0.89956843744965
BTF3,1.98497111391805,0.047147685396851,0.256965982716058
CPXM1,-0.874105882938336,0.382060594027781,0.693873408246084
SH3GL2,-2.35227988605324,0.018658729324787,0.159430334014482
KATNAL1,0.885507977439759,0.37588271895525,0.689354654671928
B3GALT5,1.10471724008118,0.269282130727933,0.594739618063643
BNIP3L,0.793522093064043,0.427473702600378,0.729475399646698
PTCD2,1.48952193136541,0.136349982574932,0.426605639217009
CNTLN,1.99618609766243,0.0459136701293839,0.253565478407899
TLR7,0.0588717517861931,0.953054257823619,0.983541732126991
PRPS2,0.0876867442828589,0.930125655567711,0.975549863482734
BNC2,-2.44370384468914,0.0145373545147658,0.139306853589337
UBL3,-0.764552851542608,0.444537853764031,0.740812211948543
CCDC171,-0.763138397217612,0.445380862771823,0.741493262599474
PDE4A,2.39098916921466,0.0168030485548369,0.150892306939253
SMN1,2.46236380780824,0.0138024581720022,0.13590315091589
GPS2,0.667574457012592,0.504405267008374,0.780590507250213
PSIP1,-0.231850668698887,0.816654001171393,0.934100960058366
SERPINB1,-0.325429961262568,0.744855682701057,0.904973667022015
SMN2,2.84575378533379,0.00443064381442687,0.0754941718989884
HMGN1,0.546641838140521,0.584624819604608,0.829271482509693
SLC7A1,-1.20274945175874,0.229073291004819,0.553278047071541
ICAM4,2.78752512669075,0.00531123352759126,0.0830982473443308
WRNIP1,-1.73795900730355,0.082218037106289,0.335516657466223
MID1,-2.47622478039041,0.0132779952467204,0.132444938433287
ADAM7,-0.138413316825253,0.88991377301256,0.964197549649157
GMDS,1.33662680718325,0.181344484162431,0.495517994569932
SBF1,-3.67560086514683,0.000237290264522549,0.0160259912401916
AK6,-0.417222507025455,0.676515664038782,0.87404954187302
CENPO,2.01317731709259,0.0440959786241386,0.247718524493564
NOXRED1,0.314533925970517,0.753115553728639,0.907617194727095
POMP,-0.805872404910305,0.420316424001532,0.722686295820607
WWC3,-2.27792083331293,0.0227312947843973,0.175369613117704
NKX3-1,0.0649305374320646,0.948229306533832,0.981432746679979
ESRRB,-0.353626005319109,0.723619182658026,0.894705403448028
CER1,0.0633772900312988,0.949466070818797,0.981993168921466
SHROOM2,-2.18047178227377,0.029222508282681,0.201474962464473
ZDHHC21,-0.00963202229741187,0.992314876952078,0.997062606750959
CEP152,0.697562337276582,0.485450942055464,0.77030585607215
IRF4,1.01757778912402,0.308878647079689,0.633748606394263
PAN3,1.97290358657138,0.0485065479317165,0.260561760117051
NLN,-0.315795527582065,0.75215771301146,0.906987380613209
FKBP1B,-0.950585327248911,0.341814919931976,0.662868255734023
DNM1L,1.32726239730616,0.184421898009443,0.49976806298142
RUFY3,1.99908562284221,0.0455990904327914,0.252602753528748
SGTB,-0.468036899352205,0.639758202428619,0.858524618499997
CDX2,-1.0502058228803,0.293623492968508,0.619961276505186
TTC38,1.08400104938062,0.278364333562018,0.60490330623107
PDX1,0.844838228883142,0.398201166996269,0.706677815298331
PNPLA4,-2.92159459563635,0.00348244505188325,0.0670391352089971
ADAMTS6,-1.92163531318398,0.0546516619263159,0.274180955590839
CWC27,-0.0845959979041636,0.932582580873782,0.976500714042838
PUDP,-1.78324064343422,0.0745471390133147,0.320727166924075
IGFBP3,-2.57785409621131,0.00994159651147486,0.114448393362568
LDAH,0.0632922067607333,0.949533821426705,0.981993168921466
CCM2,-0.477193441705106,0.633224380762642,0.855898431269318
MTIF3,1.46165926243388,0.143834605851791,0.437737733901696
PFKP,1.05141804122336,0.293066633394467,0.619579634888603
ARSH,-1.328223734246,0.184104205865306,0.499472775551019
ARSL,-1.60722372839156,0.108005298632462,0.38588156550881
GTF3A,1.75138766807414,0.0798791557481559,0.331056311818425
SDC1,-1.34991883537169,0.177042019207482,0.489204583930118
SLC5A3,-2.12694032519883,0.0334250417635852,0.216201957921127
ARSD,-1.64626869375467,0.0997084518875888,0.371442024279291
NPC1L1,-1.65375975284358,0.0981763364884147,0.368988262329913
GYG2,-0.885018052305893,0.376146895057263,0.689545919699522
SHISAL1,0.405054085624592,0.68543775522949,0.87799849506051
TH,-0.923083207620637,0.355963844911837,0.672804011803185
PTPRD,-1.94875470568914,0.0513247252607321,0.268099786514171
TECRL,1.24009287497432,0.214941044036787,0.539402567921524
MTHFSD,2.07609029373218,0.0378856007146566,0.22982324176043
ZBED1,-0.139519586362241,0.889039579626467,0.963780266597472
MIER3,-1.58610928968229,0.112714519915158,0.392816524038872
POLR2B,-1.24800726115428,0.212028398085708,0.535615691266664
ASMT,2.05740205740309,0.0396475674135348,0.234799934309823
RDH14,-0.389066831018523,0.697226709220491,0.88374630354668
KLHL42,-0.1934705162894,0.846590494408441,0.946817349327981
MANSC4,3.3592422657207,0.00078156517194729,0.0304618257014314
EXOC1,1.05914410530839,0.289534156067754,0.615563895029148
IL6ST,-1.31045392054558,0.190042322862381,0.506827932958907
KDM4C,0.712745130506984,0.476003484283073,0.765126981033749
ADARB2,0.273953924654675,0.784120030265751,0.920944796311174
ASMTL,2.44150435771442,0.0146262118109888,0.139591139987171
ITSN1,-0.562153321536906,0.57401156155379,0.823085049648388
CYRIA,-0.280118212256838,0.779386812458493,0.918389784617283
TMEM165,1.29483502003768,0.1953771483568,0.513874763112914
THUMPD1,-1.47213114754098,0.140985465847368,0.433630629206828
ITPR2,0.58853746715671,0.556171592949231,0.813007432897618
DDX1,-1.77681077667069,0.0755993781824897,0.322640948120057
IDI1,1.68911868859446,0.0911966870974562,0.355509163338785
RDH11,-0.204752393777742,0.837765583170781,0.943105348574864
GP2,-1.07807932756918,0.280998356211966,0.607696544765193
CDC20B,0.357639332409851,0.720613239567218,0.8934082912762
MBD3L4,1.82366494481419,0.0682027416029793,0.306912337213407
CCP110,3.23675195638328,0.00120898447468018,0.0375723085742417
SLC25A6,0.947827335449308,0.343217362057434,0.663631234207351
ESM1,0.0592254426849182,0.952772544875511,0.983541732126991
HR,3.59511377964595,0.00032424983457529,0.0189056315418377
SGCB,-0.481992831922427,0.629811038347251,0.85384803618021
IL33,-0.78556283629596,0.432123644041056,0.732130463704555
ITPRIPL2,1.23142142989805,0.218165286028347,0.543034570213987
TGM3,-1.05759005178946,0.29024237990127,0.616422790332769
KIAA2026,2.47176232762451,0.0134448868775877,0.133370973928286
MLANA,0.13150017700398,0.895379646561624,0.96696706583499
DENND1C,4.08259924638248,4.45347830571802e-05,0.00662260824379664
STK35,-0.507951801828203,0.611487144875274,0.844114727583318
GREB1,-2.08491875158646,0.0370766762432051,0.227149114054473
TEC,-1.94324109080019,0.0519870354527339,0.269590242958221
MRPL23,0.438305655947072,0.661164726447829,0.867899178084942
E2F6,-3.00522588274284,0.00265383684061226,0.0571262169315859
CDK8,-1.17568633338444,0.239720241844924,0.565581515759326
NPM2,0.526824549963224,0.598315432859311,0.836788297058378
NPSR1,0.854089546260519,0.393055375646592,0.702049934488996
CRYZL1,-0.297865112161927,0.765806116394125,0.914050793446994
MYBBP1A,0.740248017547501,0.459149516408187,0.751677053980436
LZTS1,0.335473105761066,0.737268228973335,0.901513383113994
COMMD8,0.648384755945933,0.51673612743206,0.788679462292492
CD274,0.0676418952426058,0.946070704171767,0.980639799390822
SHOX,-0.756668392186445,0.449248555797254,0.744135160642542
C2orf50,-0.42347392445755,0.671949519410477,0.872167661765249
RNF6,-0.501410297296528,0.616082394259761,0.846813237883496
ZMYND11,3.55905104623131,0.000372197192705728,0.020264373593154
CATSPERD,0.466068866235042,0.641166207627097,0.859064569313496
ZZEF1,0.915652363969019,0.359849257301697,0.675296588319346
INSL6,1.58407405556344,0.113176867631361,0.393410136013538
C5orf51,0.488340674012103,0.6253085558926,0.851338157597812
JAK2,-1.18861870593426,0.23458974351317,0.559841662428604
ATP8A1,-0.324535439321268,0.745532696172577,0.905088087418749
BAIAP2L2,-0.745010232509428,0.456265534047831,0.749910184510384
CARD6,0.233041375122347,0.815729277408635,0.933668319264216
NOL10,-0.874799085667791,0.381683234810681,0.693717577685495
HMG20A,-0.304250122859271,0.760937341113863,0.911202228288609
NUP58,0.131746005137432,0.895185195800839,0.966956185429899
RCL1,-1.340840523508,0.17997223610086,0.493598980534492
GGA1,1.1902390909953,0.233952432850962,0.559229462333173
CAMKK1,0.249875236152355,0.802683834542666,0.929127939730341
CPPED1,-1.44953531554273,0.147188145314463,0.442875932318939
ARRDC5,1.37129110228075,0.170284228285364,0.477945810610818
NSUN7,1.20069867064433,0.229868109989519,0.554334334191458
MTMR6,-0.759361202975737,0.447636515159466,0.742752688494727
AK3,-1.59239279547771,0.111296474023079,0.390561711937668
TEX33,-0.502450741272063,0.615350493968095,0.846420244121594
PLIN5,3.2744197448441,0.0010587920966929,0.0356084241472382
CDC37L1,-1.12598198304338,0.260173145558454,0.585844681556815
SNPH,-0.113260647175241,0.909823915434628,0.971162468097235
CTNS,1.04527160003902,0.295897459606815,0.622165160113729
PLPP6,1.45090988718604,0.146804954388232,0.442374179513908
CENPJ,3.42126797069248,0.000623298850941319,0.0262244497189233
TMEM74B,1.78294060693474,0.0745959720321202,0.320727166924075
RFC1,2.3509227302112,0.0187269222712437,0.159443762011482
TNNI2,-3.0633134917002,0.00218900609420825,0.0517224486603813
TNK2,-0.181632697801462,0.855870986517063,0.950330266389413
METTL22,-1.07975121378244,0.280252981304819,0.607139878905348
ANGPT4,3.25940920381347,0.00111644509944965,0.0361206758821943
TMEM52B,3.15790664645946,0.00158906436300628,0.0432166849999475
KLHL5,2.9504850146902,0.00317275434920085,0.0634193479625318
NADK2,0.067578080464791,0.946121504757397,0.980639799390822
TMEM156,-0.496020425662387,0.61988000000517,0.848753270692809
FAM110A,-0.11906747833912,0.905221895938792,0.970291079967722
SRXN1,0.467203895078479,0.640354007158824,0.858732365519763
PGM2,1.75024234042428,0.0800765056298872,0.331474732876803
SYT8,-1.19485413574193,0.23214402489967,0.557372611405534
GLIS3,2.10107428567953,0.035634445767205,0.223275689158955
C4orf19,0.998860616076867,0.317862217094978,0.641556512318385
PARP4,2.68920998109664,0.00716213513847099,0.0969527034117172
GPNMB,0.503554943021726,0.614574161680492,0.846070374272048
IFNGR2,-0.409903750896356,0.681876553750148,0.87636706789613
DNAJC21,0.623588748143418,0.532897701947007,0.798090996106351
RSAD2,-0.615418701569785,0.538278243935113,0.799647333511525
TP53BP1,1.9404329388224,0.052327096770771,0.269863949181862
SLC34A2,-0.358187179731473,0.720203240729456,0.8934082912762
C1QTNF3,-0.963662869014218,0.335214975895389,0.657320954413696
C1QTNF9,-0.107630017365702,0.914289184883316,0.972111996832641
CLEC6A,-0.11670281940558,0.907095555982979,0.9704919162293
SGCZ,-1.12675006225972,0.259848169562966,0.585844681556815
KCNV2,-3.02676649357468,0.00247184825477926,0.0551875872750923
VLDLR,-1.43130456730016,0.15234294552295,0.450853898846358
SEPSECS,3.32449421747822,0.000885790703621384,0.0322917926748613
TRAPPC12,0.291458954380341,0.770700331466125,0.915414018083662
LGI2,0.431589841600905,0.66603954287051,0.869967469654701
SOD3,0.161996306479089,0.871308762456003,0.956864683915104
EIPR1,0.445228410212084,0.656154697515164,0.865190690347194
C1QTNF9B,-0.496441486344844,0.619582961129993,0.848654349765034
MTMR12,-1.15667372929704,0.247405686753613,0.571905130717245
KCNIP4,-1.76867015997805,0.0769489348140805,0.325451800798962
MIPEP,-0.0417464299742624,0.9667008404341,0.989407963793416
DEFB135,1.3016888191321,0.193022783258104,0.511105192761103
DEFB136,1.91695289830746,0.0552439158226744,0.275659998416389
DCAF16,-0.513012233470551,0.607942763290092,0.842299271331723
DMRT2,0.259773035060403,0.795038851965874,0.926240548516844
ZNF316,-0.099401154916971,0.920819765815645,0.974018665867374
CDH12,-0.153745405739751,0.877810481776731,0.959284304019716
TNFRSF19,0.936348976885543,0.349093539063004,0.668058698308409
DMRT1,-1.91418115734861,0.0555970124988234,0.276602816327019
NRSN2,2.92309398127695,0.00346571892445039,0.0667964780575699
KANK1,-0.284887909070515,0.775730019482401,0.917407189524607
FGFBP1,-0.941737667671175,0.34632696492276,0.666067130331397
BST1,0.0296369482982922,0.976356597766091,0.99264655919153
OLIG1,0.694501130126762,0.487367992332157,0.771535090117387
ONECUT3,2.27800309876642,0.022726392974295,0.175369613117704
FGF9,0.440806852514561,0.659352832222997,0.866903140583131
FSCN1,0.723304444161632,0.469492863041567,0.760316696677067
RNF215,0.331410535971784,0.740334407597983,0.903008534333337
FBXL18,-0.450879248327898,0.652076580605047,0.8630863845811
MICU2,-1.28265788552608,0.199611960603832,0.519770606430858
DEFB132,-0.105808011402577,0.915734680295014,0.972111996832641
DEFB127,0.993464314259327,0.320483732842048,0.644026881432775
CBWD5,1.74356225125727,0.0812354504835351,0.333221510765744
DEAF1,-1.09790406306878,0.272246383594743,0.597839757253263
NOP2,1.59300970442234,0.111158014023618,0.390516365777936
NKX3-2,1.78019073648535,0.0750447509107615,0.321458870907118
MLST8,0.0137646542530881,0.989017741681322,0.996305363224175
WDR1,-0.944710493344851,0.344806698375541,0.6647207152675
TAS2R1,2.3200288129078,0.020339318720737,0.166613739732861
SEMA5A,-2.22020745173135,0.0264046887166591,0.189713474915038
CD9,-1.6647302007722,0.095966594862317,0.363837697530473
KCNA1,-0.234394976191725,0.814678358447735,0.933224135129282
NYNRIN,1.90885294396617,0.0562810647667974,0.277572354669655
DNAJC19,1.32756704337322,0.184321178008678,0.49976806298142
LATS2,-1.28232052392243,0.199730231146337,0.519818130483458
PPP2R2C,-2.04736750284693,0.0406220146300445,0.237509630659737
IRX2,-0.726822532162558,0.467334678167555,0.758868743580234
IFITM5,-0.773199148360012,0.439404530095956,0.736904522916742
PRMT8,-1.27765228482091,0.201372056369341,0.521726084033332
FAHD1,0.411456277713468,0.68073799485579,0.876151696727567
PSME1,0.991212531753419,0.321581812620768,0.645033981038242
DOK6,-0.234987034166419,0.814218796724415,0.933125974541569
MSX1,-0.0583190033075906,0.95349453082529,0.983668643292632
SERPINB11,1.29343414649992,0.195860946528579,0.514206362533484
URB1,-2.11552741777562,0.034385020654721,0.218910761898026
TMEM128,-1.06124444155577,0.288578827386485,0.614580766404879
EEF1AKMT1,-0.00335402440533176,0.997323880727922,0.999088774975208
BET1L,-0.808448593561525,0.418832387776342,0.721551927990389
SERPINB12,0.110936444081464,0.91166674575627,0.971652557467159
SERPINB5,0.116946716960302,0.906902277336637,0.9704919162293
FBXO25,-0.268213561266438,0.788534936932488,0.923308733131453
KRTAP27-1,0.345884153382322,0.729429778237835,0.897774123130382
GJB2,-0.434976412431098,0.663579548700491,0.869041385827364
NLGN4Y,-2.31180687338812,0.020788328479165,0.167975082910661
SLC7A4,2.00777915857653,0.0446667644922905,0.249140944822965
TMEM129,-0.558586480469512,0.576443968840009,0.824891774329339
RNASE13,-1.00165257233374,0.3165114204337,0.640988172204556
RNF212,-2.82268317346684,0.00476236084381023,0.0781901987319967
METTL17,3.00810954607516,0.00262878360924625,0.0569819510156494
CTIF,-0.255599866810042,0.798259821255887,0.92740874104555
SNRNP25,-0.854081910558767,0.393059606113125,0.702049934488996
SEPTIN5,0.150545314704232,0.880334402116874,0.960445603009518
STAG1,0.0649781387343721,0.948191406225991,0.981432746679979
TMEM241,1.54005852472251,0.123546088368412,0.410122460150744
LY6G5C,1.57620979848473,0.114977461113294,0.395394001355786
CHRM5,1.23328660395944,0.217468854020124,0.542350301973486
NEK11,2.00146360758726,0.0453424518638515,0.251909208273442
HMCES,2.6235776304503,0.00870116134955183,0.106684662870564
LRRC30,-0.429908726347136,0.667262037431568,0.870545346022761
ARHGAP28,2.00841552826828,0.044599154154382,0.248986879337994
UROC1,0.77408477012262,0.438880663193748,0.736665010405751
HACD2,1.74638569042951,0.0807439547629874,0.333022585942306
EOGT,0.368002298939802,0.712871519993624,0.890731736057193
CADPS,1.62412829587396,0.104348430116772,0.379213956733441
CSPG5,-1.09505713194657,0.273491607653005,0.59897655295873
TRIM71,1.28694308189579,0.198114127626168,0.517439879905344
ZCWPW2,0.206651115097639,0.836282337707239,0.942749605660051
SH3BP5,0.879428557096512,0.379168953974446,0.691599648933512
CCDC174,1.09164820247167,0.274987760462259,0.600873093735879
SEC13,-0.525567352647129,0.599188845121227,0.836788297058378
CRELD1,0.590304536575949,0.554986498491243,0.812406407842912
CIDEC,0.409933312300193,0.681854867864193,0.87636706789613
RPUSD3,2.25661189056851,0.0240323367228385,0.180473336439458
BRPF1,1.86198311809626,0.062605469861387,0.294228248489543
CPNE9,-0.434480641411576,0.663939449472061,0.869186278343771
SRGAP3,-0.821377141282446,0.411431479853036,0.715392926082156
FAM131A,-0.0912924860639544,0.927260188310335,0.975498759076853
GOLM1,3.2431245304849,0.00118226524360585,0.0372827574583797
PIP5KL1,2.22219625467029,0.0262700454707267,0.189081335273095
MRPL2,2.16289633374921,0.0305491538285503,0.206149556372595
RUFY2,-1.18709384607538,0.235190605464553,0.560453473092463
ADAMTS7,-0.196557090364482,0.844174152385068,0.945757453415093
METTL14,-0.509739306135273,0.610234111821939,0.843750295873225
GPX3,-0.501671137235141,0.615898870515273,0.846813237883496
KRT18,-1.77172748848816,0.0764398043402354,0.324433827847833
NOX5,2.68106286500791,0.00733887276662873,0.0983697310097502
STAB2,2.56615768344404,0.0102832069362998,0.116723040077369
CCDC158,-1.47534082812071,0.14012093501213,0.432284018959195
TYRP1,-0.21862612794195,0.826941297972312,0.93778227482831
C6orf163,-0.299640148798946,0.764451656159728,0.913111712620653
STPG3,-1.67695732454505,0.0935508271914082,0.359028608616192
MAB21L4,2.09302177143096,0.0363472111148552,0.225227079683956
TMEM266,-1.96799163817816,0.0490689998277416,0.261545352912813
LRRK1,-3.25233151906397,0.00114462432154646,0.0367390408474189
HYKK,1.85208518541945,0.0640135914884826,0.298074204089864
FAM83G,-1.40968468276441,0.158632809535566,0.460472637851361
KCNQ3,-3.52032247549864,0.000431022414943074,0.0215756508775487
NCBP3,-0.517460647686442,0.604834632779151,0.840344565509355
BORCS6,1.14660426813226,0.251545211685148,0.577357170235708
STK38L,0.309275110725718,0.757112262261618,0.90937626224517
ALK,-0.247597735841796,0.804445662727616,0.929542513271606
PP2D1,0.983632510211214,0.32529623436472,0.648232931253719
DIAPH1,-0.317912606785482,0.75055122950317,0.906735233763768
DCP2,3.48975707842506,0.0004834598005495,0.0226199101678722
SHISAL2B,0.83437571510433,0.404069297621592,0.709974936232051
DENND5B,-2.84202670060661,0.00448277370633337,0.0758181806166313
RNF180,-0.1804662071494,0.856786581600382,0.950330266389413
RNF20,-1.54111107844002,0.123289754043901,0.409508939200325
LOXL2,-0.742301127707044,0.457904908724625,0.750753430919918
FAM169A,1.19613056812018,0.231645610451747,0.556753217647149
CCDC150,-0.600677182780788,0.548055019281174,0.807557063395421
CCDC154,0.779191029465515,0.435867193575962,0.734939284372493
LTN1,-1.21660479693815,0.223754616748347,0.548627520000203
ITGAD,-0.705649506471072,0.480406129066305,0.76762008531294
ASPDH,1.5212274107987,0.128202779035986,0.416129146572505
UNKL,-1.00876112254817,0.31308921029639,0.637145387281129
PRTG,4.40126816515841,1.07620016579837e-05,0.00285969319465997
CFAP69,1.4966540470386,0.13448329912542,0.424140554126009
FANCA,2.09047988235409,0.0365747137018657,0.225929700607294
SMTNL2,-0.223783699873992,0.822925613951544,0.936606045246158
TRAPPC9,-1.01901964019799,0.308193642482469,0.633224838509107
TM6SF2,3.09409013097953,0.00197417502004114,0.048538515592098
VPS9D1,0.0946557993047147,0.924588227319923,0.974713539422955
DNAH6,-2.66257708175936,0.00775448068276402,0.100873176037598
VWA3A,0.732996687869051,0.463560449515251,0.755760033375013
PTPRN2,1.46808109005211,0.142082197482955,0.435187138889119
ADAMTS20,1.51324987149801,0.130216200625977,0.418959117212183
SIGLEC15,-0.538423991487742,0.590284366811664,0.832687716310212
LRP1B,0.845460544806856,0.397853752778415,0.706262857433068
SMYD5,0.464937163729363,0.64197645572715,0.859677013279956
TANC2,-2.69133770040781,0.00711661161945028,0.0967933511244691
TBR1,-1.11948051948052,0.2629351970288,0.589150761492924
EP400,-4.20796367379767,2.57682277256136e-05,0.00480088739315484
ESYT3,-1.45591454379825,0.145416244642384,0.439830548499423
NXPE2,0.980884180505839,0.326649859467721,0.649323931980884
SHOX2,0.360953822156994,0.718133967680907,0.893094193479268
GPX2,-0.692367378685402,0.488706646406298,0.772107453029701
GXYLT2,-1.58005993979412,0.114093140337187,0.394136446330485
CRYBG3,0.919256102398066,0.357961632753298,0.674153511933295
RTF1,-1.20966564668427,0.226407216999468,0.551026213264922
CC2D2A,-1.13317325800297,0.257141501937608,0.582989912414209
LAMA1,2.00139756219622,0.0453495631897035,0.251909208273442
EPHA6,0.0404709950422178,0.967717630692478,0.989762866460067
FAXC,-2.23995244027041,0.0250940106392777,0.184382963940187
TSN,-0.330914334797568,0.740709193822921,0.903147252944839
HAGHL,-1.20129819298217,0.22963555114867,0.554140635487388
EXOSC8,-0.283588209651936,0.776725973655618,0.917902544982788
ZXDC,0.948163322500019,0.343046315857568,0.663536722402782
TRMT44,0.744744939749002,0.456425926126508,0.749910184510384
GPR149,2.25161614913318,0.0243465396366433,0.18177478625995
TRMT61A,-0.405435638915211,0.685157318686511,0.877931983959528
LYST,-0.616984412365033,0.537245007229513,0.799064445052595
LRCH1,0.288780084700783,0.772749673228157,0.915997366890178
SQSTM1,-0.471304211284461,0.637423508755698,0.85759850583831
TMEM87A,0.647360299716359,0.517398783734929,0.788876283343141
DNAH17,-3.4555446793527,0.000549182164480986,0.0243288498665163
CCDC88C,-1.90879531056192,0.0562885020543622,0.277572354669655
CCNK,-0.243771830347535,0.807407538391069,0.93041865418604
RNF216,2.08263405330054,0.0372845927480286,0.227570750525863
APBB1,-0.778490945338441,0.436279642553312,0.735252310890687
COX16,-0.622535873497168,0.533589562732376,0.798350727555552
FAM168B,-2.45965407988018,0.0139070987275487,0.136452883338279
KIF19,-1.01313203136357,0.310997100291237,0.635520927713145
TMEM95,-0.861614236560803,0.388899834148811,0.699438067481323
IL17REL,1.48818355609961,0.136702492634978,0.427187850503574
ARL4C,-1.72632092801087,0.0842896923486728,0.339786151023962
NLRP5,4.23228390287773,2.31330141668752e-05,0.00448319033234941
COL23A1,0.578667766392654,0.562813369623114,0.81645942838707
PPP2R3B,-0.930624182583581,0.352048000836959,0.669837544966106
KRTAP29-1,0.521248550464237,0.602193636775464,0.838282090217579
BHLHA9,2.35356644459819,0.0185942843737508,0.159215401697901
KRTAP3-3,-2.10740055522987,0.035082873528758,0.221266064156255
KRTAP3-2,-2.0803042348054,0.0374976366264955,0.228238525001452
KRTAP3-1,-1.19305068043095,0.232849525237127,0.558098980405235
ZNF628,1.44377009703918,0.148803656110781,0.445503964148438
TFPT,-0.720852976963026,0.470999976790649,0.761704943352958
CACNG7,-1.22916603178896,0.21900956181744,0.544300212741318
KLK14,-0.177384419238708,0.859206444896821,0.950964647684026
KLK10,-2.36822145975722,0.0178738334224321,0.155813287732223
KLK8,-1.18480162893967,0.236095888397551,0.561524813885682
NLRP3,2.52492041246961,0.0115724494006012,0.123732079376217
AKT1S1,-0.0910174737556588,0.927478706636396,0.975498759076853
PTOV1,0.201898835393845,0.839995812549426,0.944049031801283
RPL13A,0.111507432738176,0.911213971886123,0.971418333644129
PGBD5,-0.114999122805449,0.908445817331583,0.970665672585868
GUK1,-1.09569877834938,0.27321061750844,0.598927630402259
STRN4,0.0907197391811232,0.927715285707794,0.975498759076853
DACT3,2.09057682562608,0.0365660149440841,0.225929700607294
ERCC2,1.76366333715793,0.0777886772277579,0.327335343276863
PPP1R12B,-0.69892361138373,0.484599770785314,0.769784171369968
CAPN10,-1.30610112347745,0.191518170972485,0.508618565538695
OTOS,-0.0593992341071061,0.952634123078107,0.983541732126991
PDC,-1.1638169667044,0.244498194789554,0.569816137935856
LRRFIP1,-1.0648999041133,0.286921228440198,0.613638953055925
TMEM91,0.583569045182145,0.559510291388102,0.814476268769411
HNRNPUL1,-1.26955694582435,0.204242493852792,0.525311493346925
SH3BP4,-0.253187555129455,0.800123282853041,0.928357492998566
ATG16L1,-1.21990601425785,0.222500505647101,0.547768939251802
AKT2,0.403042205473225,0.686917176144881,0.878718373303794
GPR55,-2.53133906451623,0.0113627948187492,0.122459801341161
PID1,1.57027107334406,0.116352060822248,0.397460601447381
SPHKAP,-0.695251246293769,0.486897861858061,0.771304288510233
PAX3,2.75939593801312,0.00579083267965001,0.0861134008297679
CRYBA2,-2.90751036209182,0.00364318274114658,0.0681069600819326
TTLL4,-0.192398348879438,0.84743018564526,0.947375396863509
BCS1L,-0.0186118950167953,0.985150713629088,0.995023322998978
XRCC5,0.690475555478619,0.48989517702589,0.772442696927301
MAP3K4,-1.83699713562098,0.0662103182438784,0.303336079258062
PNLDC1,-4.30553784258451,1.66580509598868e-05,0.00369877189053158
SNX9,-1.13160672166624,0.257799812920418,0.583614129556852
ZBTB32,1.20280943593756,0.229050072483489,0.553278047071541
MAG,-1.31682247743506,0.187898136610436,0.504078268175861
HPN,2.39565405154359,0.0165907408505554,0.149565805587682
FAM117B,0.544512195048152,0.586089058786092,0.829759590694712
SUMO1,0.0896712644748287,0.928548451551133,0.975498759076853
URI1,0.550101043210633,0.58225007120617,0.827609377273729
C19orf12,-1.93929701951171,0.0524651816129498,0.27005656677177
PPIL3,-0.248039293332076,0.804104004856663,0.929453170842305
SH2D2A,2.52108351090667,0.0116994082387047,0.124444915810869
MYO1B,-0.482834434120334,0.629213299097525,0.853531807127807
ZNF84,-0.150898125746123,0.880056078995641,0.960335868078655
ZNF605,3.37423317433463,0.000740216380938895,0.0293487442286112
WDR45B,-0.891573921713638,0.372621353243338,0.686936606935218
MFSD6,-0.76041258249624,0.447008004496955,0.742576791397527
SLC16A3,-1.8974340083776,0.0577706807253953,0.281879880757957
ORMDL1,-1.74412815383017,0.0811367457839584,0.333221510765744
HOMER3,0.296506404511012,0.766843376663787,0.914179546909062
GPS1,-3.16706124778762,0.00153987882533806,0.0426593271190918
CENPX,1.02319743832657,0.306214503885209,0.631310385103318
CALCRL,-0.563754861089009,0.572920975400992,0.82261281692574
STX2,0.0753169913055615,0.939962502772936,0.978237030773654
CRLF1,3.62435304965578,0.000289685670685848,0.0181294016839649
UBE2E3,-0.399861241193314,0.68925872106576,0.879896431527596
CCDC62,-0.260343242229642,0.794599019776409,0.926219916762656
MB21D2,0.505466355761751,0.613231323177585,0.845011180598952
CCDC50,2.53596507459428,0.0112137917209681,0.122334545149015
RNF34,1.08432514872733,0.278220658543988,0.604757765098497
SEC14L1,-0.718647987000325,0.472357838416482,0.762177154034082
RFC4,1.01122742651072,0.311907591814318,0.636046783640974
SRSF2,-0.0467908270895732,0.962679939949504,0.987850034606325
CRYGS,-2.52389597514838,0.0116062267115626,0.123996029547427
OSBPL6,-2.29356000381419,0.0218157850064618,0.172553802407683
DYNLL1,-1.32510614421209,0.18513594855366,0.500207263656613
TMEM121,-2.5356348890335,0.0112243691532339,0.122334545149015
CIT,-0.979403514872972,0.327380641092545,0.649830126312645
TEDC1,1.04972632982337,0.293843954602005,0.620090699146453
HNRNPA3,0.61453603722909,0.538861166897689,0.799927352125469
TAOK3,1.13629726615873,0.25583217456482,0.581759780797021
HOXD13,-0.524838730334005,0.599695304956869,0.837176918271113
RNFT2,1.60083530368372,0.109413402030747,0.388233478409036
LLGL2,-0.415804705629202,0.677552915247191,0.874731723229763
GPR155,0.773265508182764,0.439365264201173,0.736904522916742
NUDT14,-2.17236601992141,0.0298280659211832,0.203571840217456
PDK1,0.302871739302798,0.761987609180114,0.912055616393477
GPR132,0.251611916858489,0.801341046595458,0.928577139281225
THYN1,1.2336802112092,0.217322090647987,0.542350301973486
ADGRA1,-1.18533790121732,0.235883873723197,0.561362752779225
RAB37,1.05850088040515,0.289827149604119,0.615984029968072
CD300E,1.91330277780871,0.0557093023350081,0.276821606851056
CD300LB,-0.317685655315695,0.750723393364718,0.906735233763768
ARMC2,0.820748868360145,0.411789328840529,0.715654148890548
SDK2,-2.76332924345649,0.00572150205862917,0.0857806658521469
KCNJ1,2.93215245308678,0.00336621457146941,0.0657286402219215
ETS1,1.71757989144742,0.0858732707214912,0.343683912376457
RAD9B,0.578325763963767,0.563044203251938,0.81645942838707
ABCA5,0.759339462955216,0.44764951655901,0.742752688494727
CERS6,-2.82209210101728,0.00477114729905773,0.0781901987319967
B3GALT1,-1.4039407766533,0.160336485845078,0.463268073982305
ECT2,1.21854291344533,0.223017727516927,0.548359957012757
CDON,1.94097605172306,0.0522611822389203,0.269777548697662
GALNT3,1.72944312374966,0.0837298175965041,0.338448033272253
STT3A,-0.110736699002451,0.911825143339445,0.97170102893589
PRKAR1A,1.34001151267444,0.180241602070918,0.494003403443949
TRAF3,-0.708515237154759,0.478625353302767,0.766769709667325
PDCD10,-0.867306158627168,0.385774283179094,0.697025454915832
B3GALNT1,-0.166121357670246,0.868061446689993,0.955182539938392
BAZ2B,0.273102188562984,0.784774664427438,0.921034866099801
CUZD1,1.29712293761066,0.194588890421902,0.512860378024163
TECTA,-1.66841789747269,0.0952327978314668,0.362609447979856
RNF208,-1.81841441568205,0.0690008166899267,0.30879279171766
RIC8B,-0.141364381271093,0.887582091279865,0.962996236631726
SMIM8,0.683032710645333,0.494586173154099,0.775708371571417
GRK5,0.982163724718992,0.326019195475602,0.648608677647344
TDG,0.54417833207676,0.586318760921143,0.829867341579707
NT5DC3,-0.350738967273127,0.725784188739155,0.895475890652584
CSH2,-0.999012074548229,0.317788842100176,0.641556512318385
MAP3K19,2.89290988468689,0.00381690791679017,0.0695033219403354
EVL,1.26856720835676,0.204595465988526,0.525643986084645
TAGLN,0.154445603489957,0.877258398603768,0.959284304019716
LCA5,2.53473201563578,0.0112533377856833,0.122366544252868
VWA2,-0.461956578122389,0.644112459418445,0.859803281095682
GK5,2.36473516551179,0.0180429681843931,0.156814193726986
PIAS3,0.203849134407656,0.838471395202058,0.943305657585494
NKAPD1,0.0593538844158797,0.95267024316836,0.983541732126991
DBH,1.94189328538561,0.0521500204486563,0.269777548697662
ADAMTSL2,-0.0801506243906578,0.936117459782595,0.977346067906343
POU2AF1,-0.227962695096403,0.819675241967665,0.935520566525053
VTI1A,-1.49925031605124,0.133808706273945,0.423283629975484
SLC35G2,-0.90700550149073,0.364403887964063,0.679156332069621
MTPN,-1.76204909729457,0.0780610025275694,0.327516279285729
CUL5,1.02520276961941,0.305267521693078,0.630891401137715
STEAP3,-0.726969209826238,0.467244817776238,0.758798842935082
CYREN,-1.21613798421012,0.22393236302803,0.548627520000203
MKS1,0.650741307854541,0.515213493108491,0.787616288766909
MRPL42,1.78738017532826,0.0738760635654956,0.319236767350871
PRIMA1,-1.45012123563732,0.147024714283609,0.442630682359402
CASP5,0.668639238582773,0.503725635875149,0.78020915737222
DPP10,-1.14785476257262,0.251028525761628,0.576742930413924
PDGFD,1.06099326206171,0.288692963285861,0.61474306908835
PTGFRN,-1.58187330013873,0.113678497269176,0.394074787292077
LGMN,1.25809208213892,0.208358456504018,0.5306021717704
LUC7L3,0.792389603642684,0.428133539481824,0.729717827703563
NTNG2,-2.76818531764319,0.00563693928656141,0.0856318171470234
NRF1,-1.01335307396316,0.310891545110811,0.635520927713145
TMCC1,1.97897043343226,0.0478193352298569,0.259405490207748
BCL2L11,-0.147400906122378,0.88281559035299,0.961576972468164
EME1,0.986358871956,0.323957039737843,0.647787025504924
NPHP1,1.203134450471,0.228924295822684,0.553083009537917
DENND2C,1.65947481309302,0.0970201518842208,0.366643968916447
ISY1,-0.679070567530839,0.497093150288657,0.776987873065284
RAB43,1.00097820461747,0.316837345640823,0.641084565050747
BCL2L15,-0.31707725454263,0.751184983327503,0.906735233763768
TSPAN8,-1.17930780775254,0.238275630370056,0.563826232506312
PICALM,-1.76135190289099,0.0781788603084213,0.327611465030817
FHL2,0.450585972429353,0.652287978581377,0.863237740433176
TGFBRAP1,-3.19655989488551,0.00139076948847557,0.0407648872309231
HPF1,-0.154323279358361,0.877354842910253,0.959284304019716
TTLL6,2.7886903417257,0.00529216388666666,0.0828798883468405
PRCP,1.53175820069875,0.125582114334934,0.412557862029783
RGL3,2.84143863423265,0.00449104942938411,0.0758181806166313
LONRF2,-0.180130306651328,0.857050270471987,0.950330266389413
LIPT1,0.804668440063039,0.421011036287703,0.723205583635797
MDFIC,0.376944128198251,0.706215126543114,0.887832840227308
MGAT4A,0.0385826390134689,0.969223144046219,0.990124227689112
AP1G1,-0.620941634229445,0.534638026188939,0.798350727555552
ANKRD39,-1.37444627957353,0.1693031769766,0.476677991247821
SPATA7,-0.390298770590237,0.696315632285299,0.883509001851341
LAMB1,0.0972489179028814,0.922528721243086,0.974300164637596
DBN1,2.34553146528902,0.0189999747970322,0.160736216850258
HYDIN,-0.134450354982837,0.893046465542393,0.96610215231813
HMGA2,0.169556158398406,0.86535920372185,0.953607133940272
SLC10A3,-2.79858603573722,0.00513268935413648,0.0813505993414676
IRF2,-0.334258391945909,0.738184584888464,0.901898333928466
P2RY2,1.50505655996372,0.132309535988894,0.421419781655333
CDKN2D,0.478506488876969,0.63228975696048,0.855219117314839
FAM50A,-0.916745266166632,0.359276139943995,0.674953950291707
ARAP1,-0.653650873517813,0.513336760317697,0.786378938473636
DNASE1L1,0.950919047012794,0.341645472050309,0.662645860531705
SRPK2,0.824568636892457,0.409616533386074,0.713921977382244
TFAP2B,0.272243514066108,0.785434785521831,0.921142640801922
GOLGB1,2.40828912881677,0.0160274823065005,0.147022897966082
FBXO8,-0.609151695259344,0.542423894883332,0.802716051507708
SNCB,-0.652741422412353,0.513922993281923,0.78683173187711
NUMA1,1.94591152934886,0.0516653677771194,0.268849056127799
RENBP,0.138932159838085,0.889503757526652,0.964090030474725
FDX2,1.25496001841027,0.209493274352302,0.531737626679685
DDX60,1.40217106213171,0.160864170754227,0.46419353153655
DRD1,-0.0657934079378506,0.947542304569629,0.981246964294523
PDZD4,-1.15675135228573,0.247373962536824,0.571905130717245
CD8B,0.931380384773985,0.351656833748029,0.66958357453982
LRRC74A,0.398384334532243,0.690346903570465,0.880166579410781
IGSF11,0.907113277376841,0.364346897484895,0.679128203925099
GAP43,-0.26925916237768,0.787730255700331,0.922899870953861
ERGIC1,-1.13711029435021,0.255492180997359,0.581709320899983
UBTD2,0.888639284094699,0.374196971386872,0.688107447843739
ARHGAP9,1.44692918174958,0.147916759046602,0.444141379322019
PPP6R3,-1.43572043084608,0.151081909188494,0.449412967385268
GASK1B,0.245325742895501,0.806204220713617,0.929825260676463
SLC35B2,1.0107792689565,0.312122087498347,0.636046783640974
SFTPB,-1.02335667163998,0.306139237683285,0.631310385103318
NDUFA4L2,0.194835824269704,0.845521475974885,0.946160468265511
ATP6V0A1,0.235839105629813,0.813557522006822,0.932986682389192
SIDT1,-0.496205236615493,0.619749616766531,0.848654349765034
CFAP44,-1.22535405570558,0.220441849663374,0.546160367510656
DPEP2,-0.12540268758754,0.900204760525325,0.968196502322227
SUCLG1,1.46281518193374,0.143517957684938,0.437156078643118
CNP,-1.91902873547386,0.0549806973066919,0.275056210692645
TAGLN3,-1.25688143151125,0.208796573248143,0.53113934875534
ZNF414,0.608381710624565,0.542934338784871,0.803324755578637
CCNG1,-1.79203439489932,0.0731274566193151,0.317355540653943
JUP,0.54621673032146,0.584916967156517,0.829313454682912
SYT12,-1.43537010339987,0.151181660661585,0.449468733980857
WBP1,1.46155447682026,0.143863336884427,0.437737733901696
C1QTNF2,0.607940052622273,0.543227233920293,0.803523209449731
KRT15,0.132196174493618,0.894829126878629,0.966851747494402
FABP6,2.78252783490982,0.00539372383735908,0.0836734018155613
KRT35,-0.17586813696436,0.860397538167449,0.951361125099594
KRT34,0.100461508640128,0.919977939852756,0.973617290877078
BBOF1,0.43481472440521,0.663696916229066,0.869041385827364
CBLB,1.20819672131148,0.226971602629216,0.551406281027723
KRT222,2.46109018941552,0.0138515541117577,0.136155148937222
MTHFD2,0.887621732736154,0.374744259363576,0.688375985950159
RPL24,-2.07330425711828,0.0381439727697322,0.230334380375962
RARA,0.359468473948742,0.719244658032312,0.89340576780703
SENP7,2.48210115362375,0.0130610192795745,0.131739926261745
GAPVD1,0.250817442369192,0.801955255491235,0.928757697646287
THRA,-0.214139310041842,0.83043842173851,0.939656291655114
G3BP1,0.837305354554063,0.40242095023764,0.709499492681965
MED24,0.599354578564846,0.54893645937047,0.807763552271008
NIT2,2.82052439111173,0.00479452284486606,0.0782777870681394
ADGRG4,3.66122413860802,0.000251013038001114,0.0166711141997202
TBC1D23,-0.954141308627024,0.340012118629039,0.660980622554341
ZSCAN25,2.32877361775693,0.019871061743125,0.164748455096143
FHL1,-1.03366387133482,0.301293328582616,0.626673112151369
NR2F2,-2.04155565865571,0.041195627520106,0.239247555167824
CLDND1,-0.116311887976049,0.907405364317926,0.97057763958224
CHD2,0.263874863340231,0.791876345494266,0.925082788044436
ARL13B,3.81761936364656,0.000134745600396899,0.0120737840446901
SV2B,-3.0336216144131,0.0024163729543052,0.0550098163150745
PROS1,-0.621827561910992,0.534055260883542,0.798350727555552
SYNPO,2.1598033177274,0.0307878987073141,0.20707097516467
PRC1,1.46118954179939,0.143963432300477,0.437887647618395
USP49,0.456855425072523,0.647774964849346,0.861344085745943
RCCD1,0.0439520383828472,0.964942634717723,0.988607218601641
FAM122A,-1.66647570512486,0.0956187032075762,0.363566399317758
NDRG4,-1.04512915240515,0.295963282071243,0.622165160113729
ANXA4,-2.51716254988301,0.0118304234866013,0.125299695228781
GPC3,2.82851618100718,0.00467643369763195,0.0773964071788886
CACNB1,0.912878471661916,0.361306461207548,0.67596901137227
ASNS,0.517194437007885,0.605020434998679,0.840484764389235
LHX6,-1.06488921229778,0.286926067338062,0.613638953055925
FAT4,-1.30922507150792,0.190458121961275,0.507418753923456
LIPF,0.68621430348969,0.492577979344503,0.774671556065623
CIAPIN1,2.14066043470533,0.0323014313454196,0.212181104259365
KIF7,0.300695560251871,0.763646654606147,0.912991081465898
PPP2R2B,0.982817675614865,0.325697180863197,0.64856015977353
RSPRY1,-0.200807031529036,0.840849464558297,0.944427959902316
UTP14A,1.96309064748189,0.0496356420864317,0.263267055817726
QRFPR,-0.659770915520191,0.509400850290731,0.784286384142073
LARS1,1.2112270289177,0.225808406443297,0.550439854770829
CCT4,-0.135001133782088,0.892610977910052,0.965907693500503
GTF2F1,-0.261801372601039,0.793474580784396,0.925807350575435
ANKLE1,4.20263447666688,2.63826419833148e-05,0.0048595027716767
KRIT1,1.57920751567549,0.11428846664443,0.394415772677127
TRPT1,0.620386980040468,0.535003042260769,0.798350727555552
DNASE1L3,-1.28707667307504,0.198067565118034,0.517401637872396
EFEMP1,0.265932331072702,0.790291324748573,0.924230309007909
SLFN11,0.857940975691238,0.390925056550714,0.701051055995832
SLC28A1,-0.0451083903617602,0.964020913690122,0.988392364703649
PCDHGA2,1.65490786260308,0.0979431891165986,0.368514659329375
NMB,0.451075634422834,0.65193503797934,0.8630863845811
ELOVL6,0.980940812838988,0.32662192967207,0.649323931980884
CFI,0.098945922096122,0.921181207215494,0.974018985127802
MCUB,-0.0793341033362485,0.936766881236551,0.977521376551824
ACYP2,1.39174459374834,0.16399975331174,0.468828311316092
RPL34,-0.229484240038576,0.818492568446432,0.935117396990348
CCDC66,4.71265979590253,2.44504209235648e-06,0.00123849022734394
SGMS2,0.789334279996561,0.429916656065501,0.730529308959609
BRD7,-2.73457948053832,0.00624600141265852,0.0906369175450152
AIMP1,1.06510866811685,0.286826757145623,0.613638953055925
GPR75,2.31488319853927,0.0206193250904237,0.167413936852571
HSPA2,-0.72580965521974,0.467955467082161,0.759192289654163
PRKCD,1.05013415998291,0.293656435128149,0.619961276505186
SFMBT1,2.57729815619301,0.00995760180934845,0.114551290083555
CXXC4,1.5727950313141,0.115766286534093,0.396286728687731
CCDC121,0.10843892388592,0.913647526366069,0.972111996832641
ALG13,1.00488911710754,0.31495024536136,0.639287870520571
SYNPO2L,0.127939574919796,0.898196792123521,0.968173352307883
KRT80,-2.30047007820141,0.0214216025901468,0.170709319755993
TTC7A,-0.714219041943079,0.475091743932592,0.764343630511502
PPP3CA,0.307068917656283,0.758790915630406,0.910196356743599
DNAJA4,-3.2809265367364,0.00103466689414309,0.0351591523839945
ZP3,3.10125016782486,0.00192705409188757,0.0479073922935669
ANKRD13B,-2.52329918980369,0.0116259439606333,0.123996029547427
TGFB1I1,-0.161089082090276,0.872023239172093,0.95743579785548
GIT1,0.106286033920889,0.915355412137975,0.972111996832641
COL4A6,0.382966411243535,0.701744668912098,0.886046353804356
TRMT10A,3.55879693805334,0.000372557426785113,0.020264373593154
CDC23,1.63657642004918,0.101719005909172,0.37480412975262
KIF20A,3.32518011880145,0.000883614304959448,0.0322917926748613
ADH6,3.47877536714507,0.00050371062742499,0.0230764544707908
TKFC,-1.21234189831846,0.225381531786577,0.550194547552232
FLOT2,-0.520943892588284,0.60240585761689,0.838505499880822
NRG4,1.16103715378339,0.245626790421354,0.570814304150623
FSD1L,0.464411028109131,0.642353290432233,0.859677013279956
PSAP,1.28075509119193,0.200279702536193,0.520662982904435
WDR89,0.723884303080792,0.469136767502491,0.760119738549368
SPOCK1,-0.621623586238172,0.534189408128201,0.798350727555552
BCKDK,0.834314119520501,0.404103997393153,0.709974936232051
VSIR,1.3955902727533,0.162837913315124,0.467343151089989
SMARCD1,-1.62692416152741,0.103753205718251,0.378842139497297
ALAS1,-0.450223901898199,0.652549003367703,0.863312273903327
SP9,-0.842664840617813,0.399415916185501,0.707179210697705
VKORC1,0.34767565401381,0.728083782601647,0.89724171767374
C5orf24,-0.610070415117466,0.541815163526589,0.802205919716978
ZNF646,-1.29306451078182,0.195988748211869,0.514458561905456
MMRN1,1.94115262437448,0.0522397675800136,0.269777548697662
CPLX3,-5.57918259439025,2.41651467670281e-08,9.79232159866894e-05
TCF7,2.96928723209235,0.0029849144276155,0.06085846283927
CDKL4,0.410740858097742,0.681262563795996,0.876326077023197
CYP1A1,3.26618307794804,0.00109007749340128,0.0360067352436856
GRM2,-3.07003728716695,0.00214032048037387,0.0509959570352326
ZBTB9,1.89658662840377,0.0578825167638691,0.281904482952316
CLK3,-1.709043516807,0.0874428889582835,0.34795425055115
MSANTD3,-0.414648625197716,0.678399146468628,0.874824937481181
GRINA,-2.59454935138172,0.00947150148024205,0.111262338783309
LPXN,0.543676856126782,0.586663861420205,0.829942723193887
SPP1,1.24214601013499,0.21418269537378,0.538484559657974
FZR1,3.01197783227356,0.00259551550815683,0.0567755882209367
MEPE,1.3391795479557,0.18051222883368,0.494327203440636
GPR135,-1.23241298595042,0.217794852453229,0.542497397502268
DAAM1,-0.434619775084324,0.663838438731799,0.86915648250434
PFDN6,-0.171886469896241,0.863526783730619,0.952559251224282
CLDN3,0.491699847394902,0.622931546145835,0.849924026218673
AFF1,5.02218672715561,5.10864800769529e-07,0.000636969811974869
TIMM9,-0.893765387586327,0.371447431901863,0.686132900080955
ARID4A,2.80312379248029,0.00506102392621629,0.0806929131657213
DNAJC30,3.2894303117297,0.0010039041308777,0.0347698334559756
ARHGAP24,1.59494044174543,0.110725554877746,0.389859916180649
HERC4,0.380334484999136,0.703697140125017,0.88662895546602
TMOD1,-1.57701684561917,0.114791649007804,0.395128018425887
TBX6,2.0630671834865,0.0391062455356813,0.233213073542258
CDC42SE2,-0.37894918455124,0.704725599225938,0.887491044818058
ZNF365,0.887756479038715,0.374671757922179,0.688375985950159
CALN1,1.29496511904505,0.195332262564784,0.513874763112914
CDK1,-2.51112511374285,0.0120347035364493,0.126342898547907
FAM135B,-3.34136452446484,0.000833676903494305,0.0315725909549981
IZUMO4,1.63726229235739,0.101575676196156,0.374701897010352
KTN1,0.539751339007745,0.589368529516194,0.832076865684869
ALDOC,-1.85022606757541,0.0642809733412538,0.298975694946452
CRCP,-0.143147432451227,0.88617374496603,0.962361348498195
SLC16A9,3.68962992973821,0.000224580506158597,0.0155276175903615
MVP,-0.678928489765616,0.497183173092752,0.776987873065284
PHF20L1,-0.475561606461225,0.634386733399901,0.856643397270485
ZNF169,0.996268762588143,0.319119577043409,0.642818168625027
PAQR5,-0.635757013498253,0.524934809409813,0.792785621386678
CHCHD2,1.40699732091357,0.159428183199157,0.462119352910431
QRICH1,-1.90333218537105,0.0569972136732906,0.279875139785025
LAT,-0.911299528402616,0.362137574847986,0.676730633134384
MAPK1IP1L,0.624304988640777,0.532427308348563,0.797887751149469
PSPH,2.00726885889186,0.0447210431186218,0.249272141647091
SOCS4,2.14583459517952,0.0318861774711131,0.210612490068978
WDR6,0.748410982940845,0.454212299884346,0.748051937494956
REEP6,-0.627707438918619,0.530195611295939,0.79647272136199
A1CF,1.39638822477842,0.162597619078602,0.467232105751686
DHRS7B,-1.00372883985567,0.31550933211278,0.639780909093597
GCH1,-1.04622046408738,0.295459256814384,0.62170692499645
ASAH2,1.56049458163358,0.11864304941475,0.401877418150033
SPECC1,-2.34914459657621,0.0188165979602865,0.159715767414396
COBL,-0.826657757469189,0.408431070624415,0.71339000255939
ATXN2L,2.26187462839076,0.0237051503357105,0.178881183329391
SLC26A6,0.709884089643782,0.477776017533687,0.766380155190849
SUN3,-1.46774004658476,0.142174848309521,0.435276836713935
MFAP4,-0.441655649543847,0.658738407634033,0.866825818063446
RABL2B,-0.997717333969989,0.318416445372048,0.642101538073592
SNTB1,-0.0782337346804146,0.937642127848239,0.9776702834624
SULT1A1,1.723204500825,0.0848515501121043,0.340941689580342
MEGF11,1.03896897144489,0.298819167172944,0.624975468478226
ATP5F1D,-0.719557085349923,0.471797742703222,0.762086092094625
NREP,-1.02448136117209,0.305607970067444,0.631072402437464
SLC5A10,-2.22512727201258,0.0260726954123265,0.18816220834301
CDRT1,-1.65111385077458,0.0987153296012738,0.369532743073221
TRIM16L,-0.200383254154726,0.841180855142118,0.944427959902316
KLHDC7B,2.27578741350267,0.022858736433675,0.175718233000913
TYMP,-0.00165188495733296,0.998681987095737,0.999307355934739
ERO1A,-1.01863854696354,0.308374597113333,0.633354773045403
CCDC51,1.10897644266854,0.267440344624691,0.592852919313679
PURB,-2.06723670956893,0.0387118546984706,0.231809556370749
MIEF2,-2.51476916634353,0.0119110341685078,0.125616646565503
TRPS1,-1.17043781310063,0.241824826115242,0.567748929099356
EHMT2,1.98869280627737,0.0467351205042853,0.255576777413617
BTC,1.72631115268969,0.0842914500134094,0.339786151023962
CAMK2B,-3.46927012906498,0.000521874445390459,0.0235628492627687
MTHFD2L,0.565387812145684,0.571810012612133,0.822244691204872
APIP,-0.675503395606931,0.499355994757315,0.777712296152671
TNRC6A,-1.95634140204171,0.0504249500615799,0.265549471632829
ZNF287,0.246728421719756,0.805118409074379,0.929825260676463
POLM,-0.663512981558761,0.507002068165081,0.782666335513123
CDKL1,3.85499334498258,0.000115732777379093,0.0111000744883888
PANX2,-1.81064192859865,0.070196297403529,0.310538150822544
NCOA1,-0.588861019370544,0.555954508651091,0.812953791641214
VCPKMT,1.45060753703139,0.146889175365751,0.442386964604878
ATP6V1C1,0.945048614155315,0.344634057560883,0.66454597180637
BMP7,0.994545133634404,0.319957543736567,0.643288492486481
PODN,1.95136944013093,0.0510131140718744,0.267250021328704
UBFD1,0.952564535912175,0.340810752967698,0.661944411396375
HECW1,-1.11949979205938,0.26292697955495,0.589150761492924
CLIC1,0.35395601863567,0.723371844215804,0.894705403448028
AURKA,0.851742259156522,0.394357160196336,0.702871746493941
GLI3,0.676802222891029,0.498531447591564,0.777218752439069
TEKT3,0.510816014928487,0.609479893996217,0.843153426853399
PMP22,0.847969852211201,0.39645476069078,0.705068675297668
ABHD16A,-0.807484639048486,0.41938732095919,0.721933462567842
YWHAZ,1.02876399204106,0.303590591079264,0.629092317919322
BCAS1,-0.377957404057597,0.705462237505438,0.887780755550663
FAM172A,2.49203868949103,0.0127012201309482,0.130053112509501
CASC1,1.62129844040394,0.104953649357288,0.380083297816736
SLC5A12,4.65140278617046,3.29684681797602e-06,0.0014844052797937
NFATC2,0.104240095558908,0.91697881561871,0.972475112690635
ST8SIA1,-1.15946463471873,0.246266843895689,0.571391250029375
MOB1A,0.0712898331836471,0.943167086586724,0.979359084335952
EDA2R,2.27201803331222,0.0230854211596747,0.17662312264272
FOXB1,-0.962350585953086,0.335873526494115,0.657508936104241
GTF2A2,0.376500434687117,0.706544892385966,0.887832840227308
GCNT3,1.23383817458004,0.217263211267611,0.542350301973486
ENAM,2.61856028259156,0.00883016882154304,0.107777263876801
ZNF445,0.755925644402138,0.449693777594521,0.744330235041394
ODAM,1.60742194852989,0.107961838521881,0.38588156550881
NDUFAF6,-0.0153355336171109,0.987764494085288,0.995710773982209
JMY,2.29267413292927,0.021866772840392,0.172553802407683
UMOD,-0.519812138103174,0.603194518417819,0.839387014855291
CCK,-0.47927748238024,0.631741239118163,0.855034547834527
CSE1L,0.300449231887631,0.763834515586346,0.913019290296562
PDE1C,0.286902292026514,0.774187135453543,0.916773763776043
GEM,-2.5094481972666,0.0120919950024521,0.126778232208762
UEVLD,0.74925944341871,0.453700847213654,0.747969592400948
PDP1,-0.878571043992022,0.379633901605026,0.692030542245303
RORB,-0.296228696946617,0.767055434789557,0.914179546909062
TMC5,-0.907921444412722,0.36391972685838,0.678566070706026
CCHCR1,0.675415697271579,0.499411695237386,0.777712296152671
VAMP1,-2.75059340749258,0.00594874289558902,0.0877371916238421
MYH11,-0.282096114836684,0.777869812218341,0.918218817825675
SNX16,-0.768398278315624,0.442250602927182,0.739777092141042
CDKN1B,-0.640979352308092,0.521536098026021,0.791015122382686
NDE1,2.63910301109762,0.00831257180760835,0.104528374486312
ETV6,1.34420744571511,0.178881314617015,0.492266664291435
MPV17L,0.731947392313978,0.464200678114819,0.756221985679677
ELMO2,-0.468566429025567,0.639379578053971,0.858375929505982
PGM5,-0.926811361450495,0.3540244849861,0.671487528327244
NAGA,-0.153631995693464,0.877899907512905,0.959284304019716
CYP19A1,-2.10947897549885,0.0349032589109421,0.220738913144451
HNF4G,-2.10932574482805,0.0349164740613622,0.220738913144451
ARHGAP21,1.0302836522827,0.302876870838046,0.628354178857531
USP8,-0.77865463900553,0.436183183591845,0.735166187255924
CEACAM18,-1.9686904357955,0.0489886502645781,0.261460991813812
IPP,1.07417428971248,0.2827445732775,0.609363270848337
CCDC125,3.50628430953303,0.000454409558793329,0.0218561559005373
POLR3H,-0.19820258382592,0.842886565989476,0.945180519277048
ACO2,-0.414521420483157,0.678492282952941,0.874824937481181
OSBPL10,-0.0484544715051553,0.961354048267116,0.987170167328287
ATF7IP2,2.31976090278994,0.0203538151756079,0.166623732414863
GRIN2A,-1.63416888886185,0.102223393140959,0.375978892539551
COL4A3,-1.04004655896495,0.29831827016946,0.624592231633624
TRIM40,-1.24185197367406,0.214291182517813,0.538484559657974
SLC30A5,0.947707248547193,0.343278509796776,0.663631234207351
GNE,-0.405605761387926,0.68503229493484,0.877900732811418
ZNF143,-0.430096059324447,0.66712576646865,0.870545346022761
ADHFE1,0.522802408290004,0.601111763522464,0.837737332865487
COL4A4,0.0961209119373641,0.923424542881663,0.974528837526458
LRRC3B,1.17274359252203,0.240898644462667,0.566723676066091
RPS8,-2.12732211312878,0.0333933286474272,0.216201957921127
SOSTDC1,0.407996950275172,0.683275913900513,0.876967241144463
AP1S3,0.140896303920933,0.887951862064244,0.963116416769227
GATM,1.06232974858137,0.288086013823154,0.61391645938351
ARL4A,-0.698751052358443,0.484707622922835,0.769880045071655
TMEM106B,-2.04942867642997,0.0404202155303878,0.23669482425291
STK33,0.265099588616461,0.790932744240344,0.92469450628657
CENPK,1.17964645378175,0.238140858850288,0.563754225369406
UBE2E2,-0.345699575818819,0.729568503079218,0.897774123130382
ZDHHC4,0.398401760292998,0.69033406055973,0.880166579410781
CYTH3,-1.19169166754346,0.233382166459474,0.558653709666518
ATG9A,-1.59740021616287,0.110176524318998,0.38915913765235
GAPT,0.670870413960561,0.502303085511841,0.779160940828077
TIMM17B,0.370142855802221,0.711276051834233,0.889863655771927
ZNF384,1.09339164910975,0.274221878518693,0.600008427228603
OR12D3,0.578340138764636,0.563034500098979,0.81645942838707
DDX17,-1.57341035787559,0.11562383016829,0.396225510189814
FITM2,-1.96376631958198,0.0495571976234859,0.262937026605265
EAF1,-0.0205798302171015,0.983580830214231,0.995023322998978
MAP4K1,1.83033814652531,0.0671993905779898,0.305132356048752
TIGD7,-1.19779454809605,0.230997010186971,0.556349262722231
IRF9,-0.0803470258153673,0.93596125788922,0.977346067906343
SLC38A9,-0.886878980717211,0.375144059305677,0.688720133343043
ZNF200,-1.18565824212883,0.235757291562718,0.561143897054345
SLC29A4,-0.897754633981789,0.36931637542005,0.684455651633156
CHCHD4,0.748047990027147,0.454431211545628,0.748260413240865
CLDN6,1.78579174567586,0.0741329837184758,0.319776300214631
CARD11,-1.5810801191319,0.113859719821444,0.394074787292077
MOCS2,1.47511878751,0.14018061026759,0.432385825276379
ZSCAN29,2.87778114757692,0.00400482869163139,0.0711896122424534
UBE2G1,0.354323157214495,0.723096715073906,0.894705403448028
GPAT4,0.967800169529636,0.33314417913546,0.655573976815674
CFP,-1.26085034391223,0.207362771513468,0.529647520242955
ITGA4,0.26989388978299,0.787241888050098,0.922527744607001
NUDT1,-0.130091792879156,0.896493803274829,0.967296171098669
UPF2,0.939913925904638,0.347261713532675,0.666915297944446
SLC17A3,-0.539330878869265,0.589658565795846,0.832221950170474
NUDT19,2.71957872711024,0.00653651329733602,0.0930204952032656
NFE2L2,1.13885534716569,0.254763492502811,0.581193948716061
CCNF,-0.0739418909649951,0.941056622891625,0.978600438220971
RAPGEF4,-0.524097425664336,0.600210778999943,0.837319607264832
C1QTNF6,0.518812116867516,0.603891767415143,0.839928318453747
DYNC1I2,0.862956466069564,0.388161402947636,0.69890743167088
TULP3,1.0731284871686,0.283213471087975,0.610128542379716
ITIH5,2.60845277768477,0.00909525600367896,0.109446922467433
NCF4,0.381104337413097,0.703125829069243,0.886586576271972
SMU1,-1.97382314521822,0.0484018561013726,0.260561760117051
CAPN3,-3.66023414204497,0.000251984883640659,0.0166711141997202
DDHD2,2.03536160351086,0.0418145018058335,0.241615817428041
SFMBT2,3.7945994278144,0.000147882012574025,0.0126698090886048
PAXIP1,1.37697225730431,0.1685208252827,0.475549104632188
PAFAH1B1,-0.991214907130626,0.32158065297733,0.645033981038242
FOXRED2,-0.224869931661204,0.822080461311367,0.936313914488623
AGAP3,1.36605605023315,0.17192137145299,0.481452013990279
IL25,-1.62665246401862,0.103810929998848,0.378842139497297
PLA2G4F,1.82885499396486,0.067421333949776,0.305687385172565
ERMN,1.48706928034432,0.136996514006232,0.427406325968593
PLAA,0.126346380872388,0.899457743770112,0.968196502322227
JMJD7,3.83544116769424,0.000125339107570876,0.01175935774489
TNNT3,-1.7264070573885,0.0842742070223411,0.339786151023962
CLDN7,-1.80094132086856,0.0717121292353041,0.314072386591474
MYCL,0.0459778489321933,0.963327905225808,0.988106584842834
DDX51,-1.6256750933867,0.104018791153783,0.379213956733441
HAGH,-1.27380296047902,0.202733255722493,0.523514950136354
CAPSL,-1.90246436038828,0.0571104738785218,0.280261480804408
DUSP8,-0.749438301401407,0.453593072951045,0.747935729876487
AKAP8L,-0.800319045010134,0.423525971469246,0.725756683745112
CRAMP1,-1.39915485178422,0.161766552022654,0.465724504379982
BPIFC,2.59236200184071,0.00953194137826758,0.11171600708629
BLOC1S5,1.45386887061191,0.145982664784282,0.441083903488769
LYPD1,-2.30668854159704,0.0210721894935064,0.169172421743559
BAIAP3,-1.16332053261179,0.244699478068546,0.570027018224549
ARL16,-1.71233050556384,0.0868357779572214,0.34608338453617
TMEM80,-0.458520069986537,0.646578846799199,0.860812856490202
CEP250,2.87709046827462,0.00401360508887808,0.0712338140346025
SMCO1,2.7150147887115,0.00662728109452071,0.0932945855974037
WEE2,0.820979899236612,0.411657717808646,0.715556026590921
CCDC40,-0.440990105295294,0.659220160287974,0.866855043482892
BICDL1,-1.17468942067918,0.240118993417835,0.565957359940336
KDM7A,-1.14719152961239,0.251302471559576,0.577092842689692
MYCBP,-0.765538631346678,0.443950871770154,0.740431305504664
NFIB,0.240066012531477,0.810279081901814,0.931781308884036
RASSF7,0.376542748880154,0.706513440877204,0.887832840227308
TMEM213,0.710152192742687,0.477609763428946,0.766261869296638
FAM98B,0.876182115669175,0.380931037434965,0.693064450082316
TMEM209,-0.262858060499968,0.792659982706564,0.925401892800468
TEN1,-1.43393568923529,0.15159061604733,0.450004377587638
MORC2,-1.1657808987249,0.24370304198482,0.56922421533684
TCTN1,3.00990599207091,0.00261328560281226,0.0569552738814345
HOOK2,0.946327140222512,0.343981754648853,0.664157267552502
ALG3,2.33181814381651,0.0197102601225406,0.164432478044312
CHMP7,-0.0806686259540198,0.935705488335959,0.977346067906343
YBEY,-0.347379725227113,0.728306063021334,0.897243593892554
MCM3AP,-2.92510683565575,0.00344337984904863,0.0666830871842643
MAP1LC3A,-0.233207986381858,0.815599904577536,0.933668319264216
PDCD1LG2,-0.548315955039152,0.583474973862568,0.828446553200628
FTCD,1.31022530354131,0.190119628109439,0.506850173030576
RAB2B,-0.0616091620397098,0.950874080552679,0.982828591485676
RGS11,0.518132510901202,0.604365818472608,0.84013940672372
PPP3CC,2.25829624510999,0.0239271962381499,0.180097849666543
SLC66A2,-1.960685213649,0.0499157549937569,0.263803219006784
MED13,0.789610168688287,0.42975546781444,0.73043036477935
COL8A2,-1.03598909028454,0.300207232222293,0.625483794302861
ROBO3,-1.10210889066724,0.270414334671172,0.595506838240604
CEP83,0.826514302764909,0.408512408009357,0.713455190326868
SH3KBP1,0.923802327450626,0.355589243193331,0.672773659779708
ARHGEF12,-1.61649334374299,0.105987691374566,0.382617926389832
C17orf67,-1.65936325052223,0.0970426168831117,0.366643968916447
PUM3,0.52708477954584,0.598134715856481,0.836788297058378
SUMO3,0.149608725571076,0.881073323660624,0.960987832626154
TTC28,2.07203798654501,0.038261898778182,0.230467156185638
NAV3,-0.0612960137569857,0.951123465395814,0.982934168568198
SOCS6,-1.00694268920122,0.31396231591185,0.638281096025985
ADGB,-2.01317343156205,0.0440963872442568,0.247718524493564
CDH7,-0.166291147003374,0.867927832717692,0.955182539938392
INTS10,0.891526280858825,0.372646898931542,0.686936606935218
MAP2K7,-0.626118402326064,0.531237282754191,0.797372452649567
DIPK2B,1.32217957841574,0.186108359631849,0.501184648824163
SLC35E3,0.31687141262051,0.751341174510285,0.906758077329085
RNASE11,2.43176812653464,0.0150253227572002,0.141611415687078
PIP4P1,-0.562983769338892,0.573445936155098,0.822896626301963
TM9SF4,-2.15192635894367,0.0314031548322078,0.208941458684979
NPS,-2.08867148945566,0.0367373049971138,0.226346192902501
ZCWPW1,3.2517684334069,0.00114689419937601,0.0367391463985883
GRK4,-0.911821892943671,0.361862483592852,0.676443827701275
FGL1,-0.124102941762133,0.901233768978861,0.968550458498457
CTDSP2,1.66303960384545,0.0963045081544918,0.364568073006398
MBLAC1,-0.238249953281107,0.811687235235967,0.932437424243131
BCL2,0.798397229429352,0.424640010558788,0.726743736790983
HP,0.706668681391705,0.479772396547816,0.767378942435301
TMEM123,2.08922295756966,0.0366876577740431,0.226196365484772
HPS4,2.64993433270181,0.00805074171135447,0.102832523561343
RGPD2,0.76193885758994,0.44609649698551,0.741803791705495
KHSRP,0.836752925496723,0.402731462929181,0.709705836336061
HDDC2,1.18772022809635,0.234943651643388,0.56021035734725
HM13,1.1867482188485,0.235326949136253,0.560508064237115
EFCAB9,-0.609471660365795,0.542211851640007,0.802694324788538
APOF,1.57897671646705,0.114341397730262,0.394415772677127
PYM1,-0.186352409421877,0.852168410415346,0.94982799816368
SELENOS,-0.655837317228197,0.511928802968212,0.785644169905952
NSF,-2.36880771697493,0.017845528473393,0.155755663099403
LONRF1,1.39580149832891,0.162774279068917,0.467343151089989
PLPP4,-2.29420991414122,0.0217784441148955,0.172528620346622
CRHR1,-2.97501323682633,0.00292975905531649,0.060545626616584
GNAT3,-2.02717410843282,0.0426446100493791,0.243818865710894
GGT5,0.435443775372995,0.663240341591979,0.869041385827364
SLC37A1,-0.977466018386264,0.328338493106723,0.65074707919882
MPP3,0.0915859827227277,0.927026988805266,0.975498759076853
VGLL3,0.248661489370116,0.803622640303146,0.929294383725026
TMPRSS3,0.580416413092639,0.561633839426981,0.815410986815791
SMAD4,0.400597550507509,0.688716449381659,0.879455710373889
PPME1,0.836040360996522,0.403132197545379,0.709948912430796
HIGD1C,-0.126687754320065,0.899187538375415,0.968196502322227
TMPRSS12,1.06359578407226,0.287511853095234,0.613791842514178
NOTO,3.00466134170995,0.00265876703672886,0.0571564388572124
FGFRL1,-0.260149090188285,0.794748772613575,0.926219916762656
PAX1,1.2334220319007,0.217418349294379,0.542350301973486
KRT40,-1.2158606821884,0.22403799791683,0.548637544679542
MEIS1,0.660647581734915,0.508838347089982,0.784231317674386
CSNK1D,-0.989336530126006,0.32249851679478,0.646153085133077
STK32A,1.10848612828426,0.267651926682598,0.593159704621032
MSL1,0.525808073308407,0.599021564622046,0.836788297058378
FRMD4B,-0.56426799315482,0.572571760517347,0.822342252514195
CFAP53,0.479556292123365,0.631542931789183,0.854855149096809
ARHGEF10,2.00961841043591,0.0444715912001743,0.248587511322205
USP34,1.78033838787187,0.0750205983190302,0.321452441869546
LCP1,-1.81298379125502,0.0698343213178514,0.310339760003214
TMPRSS2,3.53604895535645,0.000406159419254759,0.0209663631423579
PCDHGA11,-0.249735852588472,0.802791630141104,0.929127939730341
MX1,-0.59672066181063,0.550693895430079,0.808898717809348
PCDHGA8,0.387040748579565,0.698726041295604,0.884703859548599
PCDHA12,0.421169904568484,0.673631018887336,0.872952125451297
C2orf73,1.75028912648398,0.0800684362320058,0.331474732876803
PCDHA11,-0.55612092444343,0.578128191702777,0.825800422229539
FAM3B,0.677071116950316,0.498360833456171,0.777218752439069
DOT1L,1.25155480684228,0.210732131034856,0.53354531583005
GXYLT1,1.32155055176965,0.186317858566248,0.501582157365939
ZSWIM8,3.12096479191404,0.00180259584477882,0.045927403362107
SHARPIN,0.332395058413412,0.739590969450971,0.902393639247122
DEFB113,1.92553953159942,0.0541618953175185,0.273186101444423
UBE2D2,-0.259827920984653,0.794996512594022,0.926240548516844
PARP3,0.913318510100293,0.361075049987321,0.67596901137227
CAPN11,0.509766031870962,0.610215385844266,0.843750295873225
C10orf105,0.104900225905318,0.91645497971196,0.972111996832641
TNFSF11,2.43585267078139,0.0148567342334886,0.141156392257103
SLC25A45,-2.0100568080702,0.044425176723712,0.248563234212857
HSDL2,1.59351236868451,0.111045295837597,0.390516365777936
CCDC33,-1.55953905901921,0.118868847437045,0.402159287853696
YPEL3,-0.28101495951126,0.778698925949383,0.918389784617283
SEC24A,2.32658487301914,0.0199873704211038,0.165125018937651
AEBP2,0.923572330690239,0.355709025349726,0.672773659779708
ATL3,-1.16932348023535,0.242273326473559,0.568299494577368
MROH6,1.93337884824398,0.0531895449659814,0.271628649764837
EIF3CL,-1.69502427930667,0.090070815057588,0.353204409784731
MS4A18,-1.49852289476729,0.133997448828133,0.423643565406127
SPTLC3,2.45586611010086,0.0140545510365859,0.137400613843197
GIN1,1.7625494832632,0.07797650358562,0.327516279285729
PLCXD1,1.52171185839737,0.128081294982671,0.416129146572505
RPRD1A,0.206453842316947,0.836436416502192,0.942757657679162
BRCC3,0.297516731913785,0.766072035792845,0.914050793446994
CTNND1,-0.965883580076838,0.334102439567497,0.656261081307508
ZNF24,1.73169168282634,0.083328472286632,0.337667801823505
LCMT1,0.167987798367474,0.866592878160445,0.954447507107607
RAD51AP2,1.17757091832714,0.238967709387304,0.564813004430479
EVPLL,1.25599594294843,0.209117441022361,0.531449451478747
ALKBH5,-0.801182061097697,0.42302625481591,0.724977010394491
DCDC2C,-0.341454229142587,0.732761656381188,0.899185761182992
DOP1B,-0.940567351712754,0.346926619424455,0.666669882390735
AIFM3,-0.48262083816313,0.629364980432619,0.853531807127807
STOX1,4.19041595217811,2.78443542215535e-05,0.00494010382691214
MYO5A,-0.891573049551709,0.372621820898931,0.686936606935218
MDGA2,0.748488801570133,0.454165377216569,0.748051937494956
JMJD1C,2.94170930860855,0.00326406172374117,0.0642857551398792
ZSWIM7,-0.221989669468171,0.824321925281105,0.936819265165029
GPR33,0.350947553984491,0.725627694689854,0.895475890652584
KCNE1,-0.869654320511025,0.38448934260344,0.695945031184719
TMEM26,3.11646253228919,0.00183034938071243,0.0461404339075527
RBM12B,-2.58242077524104,0.00981098850767551,0.113428183110494
MRPS6,-0.215828102374793,0.829121742004648,0.939174368103766
GSG1L2,1.19352552982969,0.232663619807996,0.558098980405235
SDR39U1,1.5660484837514,0.117337267113735,0.399165611834077
N4BP2L2,-0.335994026825952,0.736875370806971,0.901378680126228
OTOG,4.35159053049486,1.35153494420522e-05,0.00315276690560152
RNF222,0.114238144787594,0.909049014655082,0.971015629973228
ABCC1,0.0685371558471089,0.945358043510318,0.980465904776533
ACSM4,-0.343907877827244,0.730915567192447,0.898672036723105
COL28A1,0.376782140532373,0.706335514070115,0.887832840227308
PHB2,-1.04863258666139,0.294347251912652,0.620506516614926
TRAPPC13,1.79835739510566,0.0721203897549885,0.315009269075346
PTPN6,-1.56945301788244,0.116542418611536,0.397775545014609
ANKRD28,0.688448753229864,0.491170231408262,0.773475010288208
USP47,-1.03236401042195,0.301901625004217,0.627455242940551
NEURL4,1.48681665464229,0.137063241556219,0.427406325968593
CABYR,-0.105222635088703,0.916199150217413,0.972111996832641
MAP3K1,-0.376196349111566,0.706770929396281,0.887832840227308
PLA2G4E,-0.078656179875088,0.937306100834106,0.9776702834624
TNRC18,0.293780412102108,0.768925703828618,0.91476044045812
C22orf39,0.15446700115287,0.877241528180621,0.959284304019716
MROH2B,-1.49804840216729,0.134120675403796,0.42377427438989
RADIL,-1.16144531964107,0.245460847870281,0.570814304150623
UBXN2B,-2.59752758445571,0.00938975780983918,0.111223117876771
SRL,1.23935383002427,0.215214491745018,0.539834679154286
TSSK2,-0.252694235882911,0.800504502462914,0.928404227276858
ST3GAL1,-2.76594590161115,0.00567579497183522,0.0857806658521469
PPDPFL,1.03762411036671,0.29944508856969,0.62521999768211
FAM166B,2.3393803532625,0.019315757408862,0.162303790293358
GRXCR1,0.325030899364608,0.745157685946136,0.904973667022015
ENHO,1.24050619304107,0.21478822497511,0.539349703891799
MRAP,-0.23825017855004,0.811687060526912,0.932437424243131
KDM5A,0.67093623647731,0.50226115075546,0.779160940828077
ROCK1,-0.168977741288885,0.865814149496313,0.953913917155094
C5orf49,-0.835444662543379,0.403467391876936,0.709968219675439
UBE2QL1,-1.50332511716981,0.132755226188301,0.42210877541549
WDR19,0.296605125543818,0.766767997265292,0.914179546909062
ADA2,1.88111954683859,0.0599556585846795,0.287471355158058
SEL1L3,-0.0319957341864772,0.974475452783394,0.991806768427706
KCNU1,1.02032028696459,0.307576585011523,0.632919749454333
SEH1L,-1.03770021152337,0.299409646457212,0.62521999768211
CLDN8,-3.16904218833582,0.00152942193298871,0.0426593271190918
RNF212B,0.776734468338457,0.43731544655049,0.736001456587674
RUNX3,2.31948400651452,0.0203688073367559,0.166662290823562
FAM234A,0.141861995193856,0.887189014087597,0.962897035239032
MAP3K7CL,-1.34962810294492,0.177135304997286,0.489277360265044
RPGRIP1,1.16090441606183,0.245680772776079,0.570814304150623
DEFB130A,1.92204560286119,0.0546000198520386,0.274180955590839
ATP5PF,0.0828280603563247,0.933988256845991,0.977025857064645
SNRPN,-1.25870066235987,0.208138472094241,0.5306021717704
FKBP1A,0.242824702165204,0.808141198628193,0.930668610199956
KDM1A,-0.0709805368899394,0.943413245725628,0.97948919420745
USP25,0.415414060462801,0.677838815421096,0.874824937481181
EPHB2,0.760033320758693,0.447234667816765,0.742672546935965
ARGLU1,-1.37930800993359,0.167799807946845,0.474257556584205
NRIP1,2.46046519260997,0.0138757030845798,0.136227299393068
TPTE2,0.452431995085175,0.65095780191931,0.862745299371226
COLEC12,2.4269533331158,0.015226214269783,0.142659946299949
SFI1,2.06081486442483,0.039320705827176,0.233813309146927
PCBP3,-1.36199249751101,0.173200252834662,0.483386762722196
DIAPH3,-0.00799707183066477,0.993619327865442,0.997563419999537
MACC1,1.07091369336744,0.284208238203471,0.611215514533643
SGSM1,-0.434905530729591,0.663630999918429,0.869041385827364
GGT1,0.727178210973897,0.467116792169128,0.758742968661128
MAPK4,0.398121394101344,0.690540704884734,0.880281352024739
SIAH3,-0.974148852724193,0.329982636067329,0.652251935776281
DSCAM,-0.468654894484409,0.639316332625288,0.858375929505982
PCDH11Y,1.99514732112488,0.0460268145280665,0.254026625407658
MORC3,-0.960067945332378,0.337021019932148,0.658562231715513
TXNRD2,-0.323549622308032,0.746279033427694,0.905130054127545
EFCAB8,0.659080533115418,0.509844055614322,0.784391799791513
NCAM2,-0.184926794236603,0.853286454677282,0.949925834056598
PPP4R1,2.67788737102438,0.00740881266470289,0.0985147206580551
RBM11,1.02744119008519,0.30421276436124,0.629916287369869
ZDHHC20,1.33776769619651,0.180972175399157,0.494917832131759
XPO4,0.0254518675790504,0.979694540143312,0.994151214116162
C9orf152,-0.222696670173873,0.823771593106892,0.936819265165029
C20orf202,0.97393337970147,0.330089618679303,0.652251935776281
KLHDC7A,1.74091948037368,0.0816976935382751,0.334532214851419
HMX1,0.488848656087201,0.624948847951477,0.851243350961806
ZG16,2.50511700256292,0.0122410892228185,0.127702184295163
TMEM242,-0.189612042124871,0.849613150151677,0.948454633087704
WDR47,-0.883150261834465,0.377155090843739,0.690379092883813
CCNL2,1.54344534951674,0.122722757695015,0.408462665190657
AFDN,-3.09669689838072,0.00195689852756986,0.0482057267984497
FAM72D,1.2693833517898,0.204304370995949,0.525311493346925
MASP2,-0.76383751407636,0.444964078140052,0.741129789633193
SLC2A7,3.6046009455067,0.000312632920073194,0.0187683963017274
RERE,-0.242845786697923,0.808124864382044,0.930668610199956
CCR6,0.969924105899211,0.332084323336675,0.654279177946295
RO60,-1.46690478090989,0.142401959788934,0.435745665538374
OAZ3,-0.648673889045891,0.516549185014893,0.788571636796827
MIER1,2.19956101159062,0.0278380559409565,0.196166303604667
MMACHC,0.31035315673441,0.756292412066176,0.908686704835547
KIAA1522,2.21203432381633,0.026964293397374,0.192170229612702
SZRD1,1.11764399606717,0.263719070434091,0.590009994846954
TTC34,2.53918108047468,0.0111112296805086,0.122052717240549
CLHC1,1.03866371557381,0.298961161810954,0.62519177806654
AGR2,0.476466719294054,0.633741911926917,0.856275694840308
LBH,0.250337974826773,0.80232599150121,0.929054293202108
CLDN15,-0.443813931339415,0.65717711532101,0.865960804994574
GAREM2,3.16782316737921,0.00153584907338511,0.0426593271190918
LRRC72,1.40720090021727,0.159367824787243,0.462085371805712
MEI1,0.119586854198685,0.904810433815435,0.970008421695433
CD160,-1.4903960597232,0.136120127957871,0.426434316596276
XPO1,-0.40323133622166,0.686778049089287,0.878679090511347
SCFD2,1.98424935339262,0.0472280491483896,0.257230997528981
CHCHD10,-0.857018292340476,0.391434775292535,0.701051055995832
POP1,-0.470018909486798,0.638341507730004,0.857878907121767
CD14,0.389801827383549,0.696683092395126,0.883509001851341
SLC6A4,-0.240053529237633,0.810288759227184,0.931781308884036
SVEP1,1.21790461772068,0.223260221228473,0.548359957012757
ANKMY1,-2.2500071019361,0.0244484944877331,0.182310887060246
GP5,-0.0324202501247453,0.974136913711081,0.991806768427706
PDE7A,-1.93500378070339,0.0529898317417156,0.271058089152271
P4HA2,0.734219205470149,0.462815150181645,0.755313206735228
RBM33,0.4951812443587,0.620472188690598,0.848806470869307
ZFAND2A,-2.0702220397018,0.0384315562649785,0.230766846716307
GGT2,0.710276505403143,0.477532686324014,0.766234133593866
MTMR3,1.8304946641281,0.067176003935565,0.305132356048752
SNU13,-0.153545693660868,0.877967959166666,0.959284304019716
MARK2,-0.258563272831374,0.795972223782559,0.92639576185047
PARG,2.6314109830697,0.00850311393906159,0.105614539339655
IQCE,-1.13878099815595,0.254794509197133,0.581193948716061
SUPT5H,-0.962090357402119,0.336004217370989,0.6576059356878
SOS1,0.494937555873945,0.620644199522062,0.848846613115953
PYCR1,-0.188956341685792,0.850127034591193,0.948786984022358
AGTR1,-1.21223988418355,0.225420568221011,0.550194547552232
RPS27A,-0.990867388613725,0.321750338238892,0.645172152870361
KIAA1841,-0.0880322961704402,0.92985100714748,0.975549863482734
WDR25,-1.03541997706511,0.300472820186691,0.62576949022306
TAFA5,-2.61811784290537,0.00884162653450214,0.107817733321027
SELENOM,0.626768236751966,0.530811167175298,0.796925433665074
RASGRP3,0.527599124202995,0.597777601001652,0.836788297058378
FAM210A,1.2534207863109,0.210052610626142,0.532573559461776
SAR1B,-0.426858980176188,0.66948204439505,0.870961304961477
PDZRN4,2.93264343311668,0.00336089637982024,0.0657138352478966
MEX3D,1.57996655708729,0.114114525425934,0.394136446330485
PAX9,-1.32636295432635,0.184719503393692,0.49976806298142
HERC3,-0.0249714650260476,0.980077724119031,0.994247079124131
CTNNA2,-2.21512681817857,0.0267513611536599,0.191466137054396
CPE,-0.347212057795213,0.728432012879116,0.897268371210395
ETV2,0.258622488628916,0.795926530017122,0.92639576185047
FASTKD2,2.39024825348471,0.0168369876207509,0.151099267770074
LRP5L,0.0902571463300133,0.928082873380481,0.975498759076853
DRP2,-1.16746730215453,0.243021705569357,0.568664476046442
KMT5A,-0.452033068691666,0.651245159806637,0.862985022507013
MIEF1,0.577435398050277,0.563645367482508,0.817184951835776
ELFN2,0.221329188155551,0.824836124620273,0.936980078770061
GABRR2,-2.3589565475539,0.0183264015115163,0.158259265903126
MAGI1,0.898978141325394,0.368664303777512,0.683968844691287
OR6B2,0.113161902041235,0.909902199367104,0.971162468097235
IGSF23,-1.92154555597656,0.0546629648573855,0.274180955590839
SMC6,-0.867091424738073,0.385891918732082,0.697160288757057
DTWD1,2.96652304154519,0.00301187791964947,0.0610410096099784
SLC8A1,-0.186178531391444,0.852304759079533,0.94982799816368
KIF3A,1.42925001592735,0.152932386775643,0.451773474985676
CEP162,1.26399543668359,0.206231664848678,0.528101458201153
INO80D,1.06486290871364,0.286937972038829,0.613638953055925
CARD10,0.306518753804538,0.759209703097684,0.910294854923719
C22orf23,1.63750901152027,0.101524157567568,0.374597102210951
ZGLP1,0.649778684853578,0.515835189243749,0.788046426244292
FBXO11,0.785973288792428,0.431883136096701,0.731927602015143
PUM2,-0.141753947686498,0.887274361054363,0.962897035239032
MYH8,-1.50723290895184,0.131750967694521,0.42088124465126
TBC1D10A,1.38165928425254,0.167076341600733,0.473120269218428
HCRTR1,1.39213378692089,0.163881888641215,0.468640750654013
SDSL,1.32437904462491,0.185377190569604,0.500273536848361
ALKAL2,-0.970355580541077,0.331869281686611,0.654118845644615
BUD31,0.857331713532443,0.391261586532072,0.701051055995832
TRIOBP,-0.341128699442952,0.733006696613912,0.899213782303741
F11,-0.0910951739552672,0.927416967326195,0.975498759076853
EFR3B,-3.1134027826361,0.00184943428537585,0.0462615437216932
PLEKHB2,1.27231126123373,0.203262549002813,0.524130234932643
MTIF2,2.62765755355294,0.00859750176703806,0.1061379776551
GTF2A1L,1.20518001644324,0.228133815160493,0.552408277552499
UBAC2,1.77222384438801,0.0763574070131979,0.324423908329469
R3HDM2,1.25312231055721,0.210161197720591,0.532693434201732
TPST2,0.658723019172925,0.510073648397178,0.784391799791513
KCTD17,-0.785078730461986,0.432407409436745,0.732315646148871
CAPN14,-1.90066864288805,0.0573454282570517,0.280989131384084
KCNS3,-3.34807530316009,0.000813748971107504,0.031168585538291
OTOF,-0.822193094277706,0.410967008446939,0.714902980547465
DGKB,-0.237936193873849,0.811930582857148,0.932448832190131
FAM240C,0.975152948139704,0.32948439761244,0.651850677517398
PICK1,-1.12319943519128,0.261352802422224,0.587156322810402
RSPH10B2,-0.836899908224573,0.402648831963011,0.709637372761602
CUL4B,2.25959235386556,0.023846562588635,0.179780899069388
PSME4,-0.491904540965069,0.622786828000119,0.849924026218673
ZBTB40,2.62765203994635,0.0085976411043955,0.1061379776551
CDCA5,0.501108010771497,0.616295109336155,0.846813237883496
LIPK,-1.54664656610647,0.121948494443024,0.406881671666881
CHEK2,0.209858194134827,0.833778351856852,0.94139825196766
ACY1,4.75638026769723,1.97095047077547e-06,0.00116052284153175
STEAP1B,1.08822398619317,0.276496238191585,0.602625726078716
TNFSF18,0.293420678074257,0.769200621850028,0.91476044045812
LIPN,-1.73152533480549,0.0833581102694091,0.337680470599173
CRELD2,-0.60138251507008,0.547585241762286,0.807405547505221
OBSL1,0.575350841203244,0.565054043546449,0.818178544860668
NRG3,-2.24788628635566,0.0245834418499243,0.182727969878497
DQX1,2.05411325195242,0.0399647317423028,0.235557059345314
KCTD6,-1.07071325113064,0.284298382710009,0.611328268154223
IL6,2.55653508701476,0.0105720408569414,0.118360585230705
VSNL1,-0.648622021146207,0.516582718237201,0.788571636796827
LIPM,1.8208081245605,0.06863602886391,0.30797556299866
BRD1,-1.94104228082423,0.0522531491404348,0.269777548697662
INTS1,-3.01457348632307,0.00257340861157972,0.0567636463456124
KCNMA1,-2.0593374035755,0.0394619277190263,0.234213982569644
MMD2,-0.372399179023609,0.709595665083737,0.88906517240027
DMRTA2,0.25392865163258,0.799550679286971,0.92816135218524
LTBP1,-0.420982761504722,0.6737676697709,0.872974353215841
EMID1,0.414965996008871,0.678166795985941,0.874824937481181
CACNA1I,-1.09728757928298,0.272515698778116,0.598213293810194
ATG4B,-1.16115861868453,0.245577399835396,0.570814304150623
FBLN2,0.205846113425405,0.836911119151418,0.942899307035889
UBXN2A,-1.58494842633523,0.112978052527032,0.393312124873424
FAM161A,3.02712246913791,0.002468939065833,0.0551875872750923
SMS,-0.297536762651218,0.766056745540403,0.914050793446994
ABCB5,0.595856646398463,0.551270997503538,0.80929254980267
VSTM2A,0.797170636583247,0.42535193699316,0.727243408818214
NRXN1,1.9184592519232,0.0550528041767993,0.275173760766608
PAPOLB,0.464068548193575,0.642598634692535,0.859677013279956
SUN2,-0.0111756479733586,0.991083308633997,0.996910727674965
MYH6,-0.852790674680398,0.393775396207482,0.702322336831765
MTA3,0.21964883815224,0.826144652749396,0.937218552380666
KBTBD12,0.832262655754371,0.405260704648652,0.710839818380046
ODF3B,1.16759029153382,0.242972068153254,0.568654496971007
FLACC1,1.17315443242314,0.24073388154786,0.566504059457262
RASSF8,0.121599648192763,0.903216092123766,0.969872781532569
NCOR2,-0.0332644246596837,0.973463723059083,0.991758233002179
SUN1,-1.20179467592066,0.229443088740165,0.553841105791412
EPCAM,0.662075196287665,0.507923031107632,0.783491093569053
TAPT1,-0.0166669753172157,0.986702293379329,0.995496740686607
NUCB1,1.41326333493755,0.157578310317327,0.459303512305978
ABCG5,2.4308963554109,0.0150615223361149,0.14177248289552
ETV1,2.09189995737915,0.0364474659136277,0.225620594677267
ADCY3,-2.12598528174493,0.03350448506638,0.216201957921127
HPSE,2.41128721938924,0.0158963244230273,0.14639365611252
RSPH10B,-0.881460302672471,0.378068731152358,0.690959078052607
ADGRV1,2.76672114667203,0.00566231658513264,0.0857806658521469
RPAIN,1.78176105002744,0.0747882064743265,0.321008297348465
CADM2,1.11260726562713,0.265877138630087,0.591572071387109
PPP1R3G,2.00018226089283,0.0454805865995644,0.252231618189662
MS4A15,-1.15088798920316,0.249778319636192,0.575011615251106
CCDC157,2.24194484565984,0.0249649371626375,0.184018493164707
IMMP2L,2.09601066130876,0.0360812452063945,0.224765912202324
TDRD15,1.68155907436581,0.0926543721803938,0.357664853220291
HMGB1,-1.34947035318073,0.177185936658451,0.489277360265044
CERT1,-0.841789614048224,0.399905726438024,0.707572526998574
BSCL2,1.22781107372582,0.21951789769597,0.544978649678967
TMEM196,-0.622148180097467,0.533844436569066,0.798350727555552
ROPN1,0.0121497923557472,0.990306106760949,0.99681076259499
GPR12,-3.09233197529867,0.00198590623308638,0.0486982664630819
NXPH1,1.2430339954852,0.213855306410873,0.538347512034327
TCHP,0.979604541525167,0.327281362290548,0.649792209868629
LIG4,1.81495580202255,0.0695307019606794,0.309966034333763
ZDHHC8,-1.87378243699541,0.0609604180831371,0.290193073923515
DUSP28,0.496352797941783,0.619645521544572,0.848654349765034
THADA,4.92114406102228,8.60397666050029e-07,0.000749366876415265
BTBD3,1.82856103841359,0.0674653938783965,0.305794372420509
MPV17,0.090696661989612,0.927733623047604,0.975498759076853
MEX3C,-0.809727646397651,0.418096724917108,0.721410454990568
MTA1,-2.27644580899358,0.022819340558901,0.17563090746402
PSTK,0.088273482950475,0.929659314205143,0.975549863482734
CSF2RB,0.432370154124837,0.665472406504869,0.869556990386133
RELA,-0.0883513353507234,0.929597438733968,0.975549863482734
GDPD3,0.306941509520564,0.758887893048369,0.910196356743599
ESRRA,1.31613768234371,0.188127835303081,0.504186148595219
GAL3ST1,2.10563776819283,0.0352358293274797,0.221456982384304
HSPB7,-1.21063812596398,0.226034125520788,0.550696999934835
PNPLA7,-0.293156338513715,0.76940265545827,0.91476044045812
PSD,-0.450301239714792,0.652493245222034,0.863312273903327
SMCR8,-0.625936955972589,0.531356293448339,0.79740340343525
HDAC9,0.0554418655891596,0.955786443192301,0.984754277665308
RMDN1,1.20979497650799,0.226357574324377,0.551020455237633
GPSM2,-0.25577194375408,0.798126939094489,0.92740874104555
HOXD12,2.12732600903336,0.0333930051678475,0.216201957921127
PARD3B,0.360901465588863,0.718173107943083,0.893094193479268
ASB3,0.853744216395911,0.393246728995927,0.702150074398393
C1S,1.7738627230349,0.076085860028776,0.323949489153252
DTNB,-2.11621183766401,0.0343267948768363,0.218910761898026
FSHR,0.177867593470176,0.85882696164822,0.950934231939067
PCNX4,1.87618381324185,0.0606300439727957,0.289044818457366
DERL3,1.81320580209735,0.0698000852911757,0.310309814175718
MAD1L1,-1.00710272659611,0.313885411073943,0.638204795295727
BCL6,1.12913955359316,0.25883896800721,0.584503327346303
HIPK2,-2.29824514034084,0.021547840852243,0.171465073803028
CDCA7L,1.30887352524693,0.190577195935372,0.50755386979104
GRAMD4,-3.06469453441526,0.00217892418045195,0.0515593898407966
SYCE3,-1.64077599538034,0.100843922928922,0.373618090686832
HYPK,0.400772744796516,0.688587447120382,0.879397567788707
CHKB,0.146860812969396,0.883241883189922,0.961611209338088
NLK,-1.86279924995578,0.0624905156152925,0.29385226794554
CRPPA,1.9193588129953,0.054938939608242,0.274966633052552
PPP1R7,-1.74811607432854,0.0804439301092765,0.332529352164572
KIF26B,0.549336526982368,0.5827745245716,0.827814588448082
FAH,0.653144677555501,0.513663011696978,0.786655683729811
PRR16,1.56882123686851,0.116689598540753,0.398026452598287
KREMEN1,1.65008150578826,0.0989262668216417,0.369583770912132
RPS14,-0.198804145003606,0.842415953470165,0.944897944072929
CDK11B,0.222307697537294,0.824074360257008,0.936819265165029
TSPAN9,1.56984498129787,0.116451180000579,0.39759770622624
IFI30,1.41169094817833,0.158040979775047,0.459971507768099
THAP4,-0.828315466559256,0.407491865949432,0.712643081678049
C1D,1.03714355476364,0.2996689593431,0.62521999768211
METTL15,0.936225322789729,0.34915718782989,0.668101624074453
CBX6,0.0752354793863277,0.940027355868841,0.978237030773654
WDR43,-0.0240160661181231,0.980839793494121,0.994273434193009
HIC2,1.41473463719417,0.157146314741236,0.458516750851558
DNASE1,1.92857403283807,0.0537837652913699,0.272601954849223
MATN3,-1.48912547704174,0.136454330102856,0.426605639217009
WDR60,0.326069707868847,0.744371615217896,0.904973449141284
MEIG1,-0.0619240378703246,0.9506233247772,0.98269473669092
CCDC85A,-1.48698963657635,0.137017548089464,0.427406325968593
TBL1X,-2.01688453262557,0.0437075645665317,0.246762770483773
ZCCHC9,-0.854227719218258,0.392978827387514,0.702049934488996
ELAVL1,-0.541595636562423,0.58809709842097,0.831510608260309
CASTOR1,3.17890064088089,0.00147834757273153,0.0420644291004341
TFIP11,-0.642144392470537,0.520779434526886,0.790832617591493
PTGR1,0.467366209863893,0.640237893612958,0.858647692997885
ZFPM2,-0.199851054125886,0.841597071248167,0.944502314468015
ICOSLG,0.874744091720886,0.381713163547128,0.693717577685495
KIF2A,0.5713358637462,0.567771995475065,0.819867819568403
AQP12B,1.65004285494318,0.0989341712621223,0.369583770912132
PRDM6,1.22622590986507,0.220113673586544,0.54570549635428
POLR2F,-0.364879475180925,0.715201376026398,0.892087469254319
FGG,-0.523516302309607,0.600615009342605,0.837620614968046
SETD5,-0.31334760719021,0.754016584600997,0.908006366679338
CHRNA2,-0.422080746487793,0.672966080743718,0.872648576221995
KIF16B,3.14970345418661,0.00163436265117801,0.0437164088541944
RBM34,1.93849847586585,0.0525624365850948,0.270368475813728
POM121L12,-2.7863407255206,0.0053306807462401,0.0832418152368071
NGDN,1.09058872660221,0.275453892299424,0.601172037965693
MCC,0.284938895456021,0.7756909563362,0.917407189524607
PSMB11,0.115697392839617,0.907892372589571,0.970617045713334
ESRRG,-1.38218948093018,0.166913529108213,0.472824430848484
ARMC5,-2.71803632686198,0.00656706276258595,0.0930813584801319
TAS2R41,-0.827954652656898,0.407696181808801,0.71266963357822
RGS14,-0.730225005459968,0.465252660225783,0.756700819747111
XKR9,-1.05661680118786,0.29068650950915,0.616750475909936
TBX20,0.480511133291654,0.630863988606466,0.854346594646354
FOXP2,-1.58074801181847,0.113935665791183,0.394074787292077
TTC30B,0.506565155343571,0.612459962390426,0.844784089590178
TAS2R40,-0.783244715152135,0.43348342132605,0.733361108054894
ZBED8,3.82132194241784,0.000132738234837238,0.0120481512531855
MYO3B,0.795550790563179,0.426293178530941,0.728189074803248
UMODL1,4.46827856864812,7.88515784996767e-06,0.00260837803245155
RBM4,-0.126424232964892,0.89939612091657,0.968196502322227
RGPD4,0.657335130858794,0.510965452187673,0.784897556340977
KDELR3,0.614363390698882,0.538975221893043,0.799949580776883
JAKMIP1,-3.90370336150523,9.47318800345226e-05,0.00976269461229473
SMPD4,0.0603148263185631,0.951904893749629,0.983308177929092
SLC38A11,1.1149076124292,0.26489001424199,0.591442480480727
ANKRD61,0.964879475636331,0.334605182623528,0.65670110332273
AAK1,-0.875755204519911,0.381163127152188,0.693331065874741
SLC39A10,-0.0126301963489154,0.989922829255507,0.996748610970463
TMEM139,0.890090055419902,0.373417532321891,0.687620242301003
SAG,0.87710759036756,0.380428202309872,0.692305010805066
SNRNP27,-0.0215898327192296,0.982775143957571,0.994879402107381
MEIOC,-2.63366452138248,0.00844689019065254,0.105482005470175
WIPF3,2.04352057277654,0.0410009329546703,0.238458601457571
ALDH7A1,1.01366095353768,0.310744561788202,0.635520927713145
NEMP2,-1.12205130938539,0.261840624603242,0.587766210618023
ALAD,0.225537817211417,0.821560909227072,0.936241939395388
CCDC148,2.12793152230882,0.0333427615713201,0.216201957921127
ARHGAP25,-0.825556629008033,0.409055646543938,0.713777814066901
PCDH20,-0.429118746153325,0.667836810601193,0.870545346022761
MCFD2,0.112047865498391,0.910785454316282,0.97125497409081
KLHL30,-3.17764072398299,0.00148478615278783,0.0420644291004341
STK17B,1.26472288200591,0.205970684410101,0.527838549186297
CATSPERG,2.23557859710451,0.0253793878718495,0.185638311378524
GALNT13,-1.44704400411348,0.147884599484748,0.444141379322019
RAD21L1,0.556004762445978,0.578207599093864,0.825800422229539
C4orf48,1.44041813907961,0.14974913480101,0.446848992266121
PTPRN,1.7844809259836,0.0743455514926831,0.320241042823519
STK16,0.353589417665771,0.723646606157298,0.894705403448028
NCKAP5,-0.165403092146238,0.868626720017758,0.9553715876084
TET3,2.32678924495162,0.0199764851146065,0.165119248966169
NLRX1,-1.93817528357971,0.0526018411310395,0.270416505833498
FAM174C,-1.16345604840956,0.244644520538134,0.569993249015756
IPO11,-0.0676930675984627,0.946029967909327,0.980639799390822
PXMP4,3.45360931699622,0.000553138068249138,0.0244300134829708
CAB39L,0.0380335407193707,0.969660939739341,0.990285750433686
PLGLB1,0.735752530862848,0.461881314396161,0.754260815491109
FCHSD2,-0.324397966248381,0.745636759266801,0.905116919864868
TBC1D8,-1.97749120105203,0.0479861341306669,0.259788660028049
DCDC2B,0.174041121281291,0.861833145248602,0.951792154482155
ARHGEF4,-1.74673558348213,0.0806832149626527,0.333022585942306
MRPL19,1.57951208091199,0.114218647707725,0.394328021447179
TONSL,-0.256955503276585,0.797213123189075,0.927156605924344
LYPD6,1.11885892614934,0.263200328093556,0.589581829473252
CAMSAP1,-1.27737924083642,0.201468390076956,0.521744125837936
SPIRE1,-0.0241899474388352,0.980701096567272,0.994268145870035
FAT3,-0.0702669132913149,0.943981216759951,0.979704666587666
CSRNP3,-0.586207042174793,0.557736389886425,0.813712794209636
PTRH2,0.18132453827022,0.856112846507443,0.950330266389413
SCN9A,-1.39206475446808,0.163902790021151,0.468640750654013
CAPS2,3.03374955830146,0.00241534848335813,0.0550098163150745
LYG1,1.95437038836543,0.0506574300178708,0.266240548805637
GIGYF2,-0.733418553890551,0.463303186307547,0.755577155333437
USP39,-0.484875999696677,0.62776430798211,0.852642170947044
MPP4,-2.7137184256341,0.00665326907246104,0.0934513330983718
PGGHG,-1.09949456722699,0.271552402372938,0.597150032568574
ADCYAP1R1,-0.318919698736904,0.749787406273974,0.906586369652189
WNT7B,-0.769948383218326,0.441330511827188,0.738695401301827
CD8A,0.998167748034456,0.318198022865024,0.641870689125119
TSPAN4,-2.38517504847832,0.0170709963157411,0.152463596539006
SNORC,-0.0968478671913294,0.922847210048801,0.974300164637596
RAD54L2,-1.92641454455933,0.0540526327725186,0.273025591963152
AGAP1,-0.986121679172703,0.324073406500324,0.647787025504924
ZNF638,-0.12580253965709,0.89988823139221,0.968196502322227
OLA1,-0.659308444622227,0.509697720779568,0.784362513634864
KDM3A,-1.01598393605937,0.309637036244932,0.634581706978645
NR4A2,-1.76038513169419,0.0783425285755142,0.327892901280735
AFF3,3.11220560933709,0.00185695117664821,0.0463779994180137
DYSF,-0.789982995747592,0.429537699005917,0.73043036477935
PLD3,0.310523485019688,0.756162903071524,0.908686704835547
IL18R1,-1.97399424856882,0.0483823969271276,0.260561760117051
R3HDM1,-2.53024169745274,0.0113983977492979,0.122517658566559
LYPD6B,-0.50474731034871,0.613736327350292,0.845347733686343
WDR81,2.75493092176808,0.00587045282742024,0.0868987852782234
MGAT5,-0.580796882550556,0.561377356395231,0.815410986815791
APOL6,1.35996653478985,0.173840514186884,0.483974224855704
CAPG,-2.02155703394598,0.043222134621544,0.245671797383566
NOTUM,-1.77960294337882,0.0751409641840854,0.321672920580964
PSMD14,-0.480661846364609,0.630756851989985,0.854344264552993
FAM124B,2.55648653212895,0.0105735164053341,0.118360585230705
SAPCD2,-1.13836409597823,0.254968479834728,0.581327246517374
CEP19,0.781856482656098,0.434298922227696,0.733821664796073
STAMBP,-1.29903810567666,0.193930852282411,0.512431428389986
NHEJ1,1.90921177799847,0.0562347775253729,0.277572354669655
MYADML2,-1.35537559520577,0.175297921046632,0.486375214352081
PSTPIP2,0.623866558288505,0.532715224150665,0.798055672839961
ASB18,-0.416585769553463,0.676981419875783,0.874315961293845
PPP3R1,0.663527154189813,0.506992994357992,0.782666335513123
GPATCH11,-0.447715867063371,0.654358268885531,0.864131874092215
RAB1A,-0.187480330607136,0.851284044162594,0.949326664728688
KCMF1,-1.52907413575477,0.126246066376807,0.41326531982544
CNPPD1,1.7981403495199,0.0721547694645645,0.315074530778859
CLEC16A,-0.89656725285309,0.36994987870519,0.684967724386339
CXCR4,0.26303231114983,0.792525675019497,0.925401892800468
GULP1,-0.647402353090057,0.517371573397047,0.788876283343141
CPVL,1.35887991263496,0.174184645105241,0.484696809014739
NPPC,-1.7585023000421,0.0786620805652694,0.328231918927665
EPHA4,-2.33944062196111,0.0193126412509397,0.162303790293358
CCDC74A,-0.493517519593899,0.621646963910903,0.849397575473525
UAP1L1,-0.651554709186792,0.514688473086848,0.78733347114616
RABL2A,-1.23411029114755,0.217161809251188,0.542350301973486
TMEM237,-1.02006585390951,0.307697229662197,0.632930721853524
CHN1,0.730695120502424,0.464965396664257,0.756700819747111
ELOB,-0.209031147961742,0.834423923124112,0.941995916556535
IQCA1,-1.5296349519998,0.126107112882007,0.41326531982544
LRRTM4,-1.15132885341001,0.249596971197154,0.574845730253087
IL1RN,-0.165966611918161,0.868183225553397,0.955182539938392
PREPL,2.43490366779284,0.0148957547419708,0.141361410194734
CCDC74B,-0.446686648946918,0.655101322953721,0.864279451713892
MAP3K2,-1.20706598629563,0.227406732737201,0.551912625498714
TMEM131L,4.04044236249715,5.33504758246854e-05,0.0073910928430968
SERF2,-0.0609510866600006,0.951398163771445,0.982994188970637
UNC50,-0.255069249305079,0.798669614274741,0.927670066483646
VSTM5,0.5568924608715,0.577600905928032,0.825554374053877
ARHGEF33,0.0859817452694277,0.931480928643822,0.976118028897252
AGFG1,-2.71836603959588,0.00656052155619386,0.0930813584801319
TAX1BP1,0.314707785788276,0.752983532222556,0.907617194727095
DPAGT1,-1.17165980149263,0.241333668219298,0.567335377544104
COA5,2.01348778468089,0.0440633387658046,0.247718524493564
C5orf52,1.16392629980537,0.244453880408522,0.569816137935856
FAM243A,-1.2826470155109,0.199615770561546,0.519770606430858
CD207,-0.159959595071288,0.87291290276615,0.957826247321515
HOXD3,1.02183508733321,0.306858959566081,0.631961520462773
COPS7B,-1.34952844998783,0.177167288544036,0.489277360265044
NFU1,-0.19735935605211,0.843546333211348,0.945180519277048
IL1R1,-0.17655681867691,0.859856514828579,0.951112658198608
MEF2B,2.45339241252018,0.0141515865306576,0.13776760725251
CWC22,2.11926255840756,0.0340682840103416,0.218265934989576
ZNF385B,-0.266036670788225,0.790210967135168,0.924203013658556
PRPF40A,0.0185370266427638,0.985210439644864,0.995023322998978
METTL5,0.543847949799353,0.586546109378698,0.829942723193887
IMMT,-0.534043672620284,0.593311319012509,0.834807566829319
METTL21A,0.986786161090337,0.323747480408201,0.647694755608064
GPR137,1.43060801385497,0.152542589415046,0.451115276743017
HJURP,2.60778958808506,0.00911289516707793,0.109496603234371
EPN1,-2.5292724354123,0.0114299267711418,0.122612629406643
NUP214,0.24846144404656,0.803777398085954,0.929335099399805
SMIM26,3.83510904346083,0.000125508599535195,0.01175935774489
ZNF142,3.0124515969624,0.00259146759798588,0.0567636463456124
AP2M1,1.43365392504945,0.15167104670172,0.450004377587638
TOM1,0.570610361297194,0.568263793411039,0.820285673470436
TBXA2R,-0.897196585503064,0.369614026892895,0.684656242949208
TCAF2,0.813517345800797,0.415921505354341,0.719407686917661
PRRT3,1.89172400436787,0.0585277633268146,0.28343709476465
UNC13D,-0.137692192685414,0.890483689960204,0.964498552227541
SNRNP35,1.29445518006533,0.195508241189986,0.513874763112914
PPP4R3C,-0.435446112796174,0.663238645288237,0.869041385827364
PRR29,0.187821638609691,0.851016472480851,0.949175848127625
ADGRA2,3.06139271984312,0.0022030992469203,0.0519041216472836
EIF3L,0.0634541047024234,0.949404904693751,0.981993168921466
ETFBKMT,2.0616428099292,0.0392417551027209,0.233677299213814
BUB1B,2.83449402259089,0.00458983165799365,0.076545252705235
U2AF1L4,1.59756114318146,0.110140679918954,0.38915913765235
TMEM182,-1.4369999552654,0.150718006257766,0.448748744201347
SLC35G6,-0.599341300227251,0.548945312168993,0.807763552271008
ARRB2,2.93591588682134,0.00332564485335045,0.0652607474914739
CDHR4,1.98953198045863,0.0466425155198225,0.255568074946272
PIGZ,2.48986014132793,0.0127793372428458,0.13035889072957
PPP6R1,-1.36261663189236,0.173003364350609,0.483001941800486
PWP1,0.197423884206867,0.843495840522134,0.945180519277048
CBFB,-1.32099580185371,0.186502764025486,0.501690853209346
SGO1,2.66801390205264,0.00763011008507475,0.100018278402659
FAM185A,3.12058726163249,0.0018049081338554,0.045927403362107
MOV10,-2.49926825853582,0.0124450064957368,0.128402998274601
LARGE1,-0.265324901884734,0.790759182807734,0.924634460522602
SDCBP,-0.327159579542808,0.743547190955969,0.904544912804361
RNF10,-1.93736071764118,0.0527012649479816,0.270533311436236
NUGGC,1.60758753802395,0.107925543351045,0.38588156550881
SBK2,-0.481682575692238,0.630031455822504,0.853932591974827
P2RX6,1.46888316897116,0.141864480537922,0.43484897220862
RPP30,0.333580895695945,0.738695836307886,0.902176000795895
PRKCA,-1.11599200451697,0.26442555707405,0.590905668183101
CFAP221,0.99327378348098,0.320576549985792,0.644079637592463
AMDHD2,1.16014584227594,0.245989432496197,0.571074579107828
PPRC1,2.63266739862253,0.00847172636661438,0.105500880278707
PHOSPHO1,-0.147124278937388,0.883033926581174,0.961578563382886
NFATC4,1.18668515050856,0.235351834486878,0.560508064237115
HHAT,1.63022372739395,0.103054220892293,0.377829060595052
SMARCA4,-0.243826570523842,0.807365140969574,0.93041865418604
DENND6B,-2.41976721372257,0.0155304455512902,0.144201446924638
EPGN,0.597139997388139,0.550413915692773,0.808634021523081
EXOC3L2,-0.93364210871659,0.350488536510915,0.66916740524825
GPR6,-0.921687641586121,0.356691528681107,0.673219956729397
CAMTA2,4.23596339646415,2.27573850202735e-05,0.00448319033234941
SPRN,-0.642278781295527,0.520692188845487,0.790832617591493
NDRG1,-0.923525476527202,0.355733430085981,0.672773659779708
EWSR1,1.15003774072137,0.25012832724495,0.575374932565104
RIC1,-1.37783033145863,0.16825567890698,0.475134958749392
ENPP3,1.16565845874366,0.243752562073725,0.56922421533684
LY6H,0.169220980326153,0.865622827854488,0.953780428958939
WDR26,0.32348240276154,0.746329932333055,0.905130054127545
SNRPE,0.313969997654645,0.753543825781667,0.907726102997306
BLCAP,-0.118583809436677,0.905605093030924,0.970403934304313
DPY19L4,-0.712109305224126,0.4763970925553,0.765324280190426
TMEM219,1.6728104829446,0.094364610527467,0.360829434309911
CLGN,0.539873372157819,0.589284362535837,0.832076865684869
ARTN,-0.461646407439636,0.644334909132167,0.859803281095682
FAHD2B,2.46054238443914,0.0138727184932975,0.136227299393068
NUSAP1,2.37311200593171,0.0176389141013246,0.154908700474654
PNPLA6,-0.340022721329261,0.733839417144372,0.89989431929892
TMEM251,-0.439154411182963,0.660549655606862,0.867459098035565
RDH13,0.186113627976276,0.852355655047723,0.94982799816368
SS18,1.37005599421608,0.170669423193959,0.478529783869725
DDOST,0.677515626028916,0.498078859146477,0.777218752439069
CD44,0.734724818053113,0.462507102431427,0.754962499829909
PRKD1,-0.842654574869869,0.399421659197821,0.707179210697705
ASRGL1,0.360698116016107,0.718325133239784,0.893094193479268
TAC3,-1.69044134532669,0.0909435507671597,0.354863749250094
ERBB3,1.38851641887909,0.164979848639839,0.469975108366109
CCDC153,0.0824179886496589,0.934314331839719,0.977045380151696
SCARB1,0.0168990298139898,0.986517166753572,0.995483829664984
MAP2K4,-0.262533219001672,0.792910378166923,0.925556986872221
SLC14A1,0.365581096980903,0.714677682541323,0.89177910364221
FBP1,0.98861272467236,0.322852658059318,0.646645319978835
PTPN12,1.45661135186709,0.145223692345543,0.439330128635482
CSTF2,-1.91495171258585,0.0554986619880092,0.27628311184387
IGFALS,-0.365702521133615,0.714587064666187,0.89177910364221
SAPCD1,0.342944060028541,0.731640544378175,0.898738351095923
CACNA2D3,-0.651156801490355,0.51494527282276,0.787429049734351
TRIM24,-2.01766732047124,0.0436259204832441,0.246645463938927
HNF4A,0.634161908192745,0.525975163973782,0.793367898087756
FNDC3B,1.11938875893245,0.262974324473739,0.589156990379383
IFI35,1.31441984560354,0.1887049555775,0.504739047022391
THAP5,0.094930982459387,0.92436964719676,0.974713539422955
ZNF322,0.469792692815419,0.638503135532692,0.857953852594662
GPI,-0.882135175940123,0.377703711958457,0.690681347826561
SCN1B,1.51727525177339,0.129197203848518,0.417412293637758
MTO1,1.17133435413817,0.241464407701602,0.5674781186654
BAHD1,2.00832825676969,0.0446084210992371,0.248986879337994
SMIM13,0.261748181897494,0.79351559133092,0.925807350575435
E2F5,-0.111826268720932,0.910961158728035,0.97125497409081
PHTF2,1.84546211359224,0.0649703448393752,0.300483439665887
TMEM130,1.07853912446441,0.280793231506157,0.607579427243798
SMCO2,-0.12676936985358,0.899122939423372,0.968196502322227
XKR6,0.0777694104333608,0.938011479668501,0.977679325361294
OCM,-0.0751745577175909,0.94007582706218,0.978237030773654
NOP14,-2.28699617816789,0.022196046170771,0.173636926825303
IQCD,-0.828008609840377,0.40766562392575,0.71266963357822
UNC5D,1.33384618522376,0.182254271208903,0.496914967539968
AOC1,-0.594535132955503,0.552154251166452,0.809971264935495
TBXAS1,0.0555472908753702,0.955702455410187,0.984754277665308
SLC25A19,1.49654305733794,0.134512196260124,0.424140554126009
ZNF740,1.16829599753587,0.242687389280266,0.568538790698632
CCL24,2.28423274914601,0.0223578558524182,0.174146316920637
ERG,0.626871347265161,0.53074357052176,0.796925433665074
GGTLC2,2.25794957964492,0.02394880306584,0.180097849666543
PDZK1,-1.76212668056479,0.0780478963511984,0.327516279285729
RBM18,-0.237338929101964,0.81239386365592,0.932577619100159
RGS21,-0.846936500221061,0.397030516338796,0.705422548876709
FRMD5,1.73574029166562,0.0826097657930354,0.336423469373175
SCAF8,-1.094488931174,0.273740599333391,0.599440877410827
KBTBD8,0.115959178904834,0.907684893995371,0.970617045713334
AASS,-0.992061293454835,0.321167626587316,0.644601529864961
ALKBH8,2.6139553062018,0.00895007435479833,0.108343357144829
GP6,0.28244202947292,0.777604591399737,0.918218817825675
CSF2RA,-1.20382242305609,0.228658221022698,0.552934671722648
FSHB,1.36632732242382,0.171836248944215,0.481301841910625
TEX50,-1.55819761636436,0.119186409867184,0.402393775783625
CLEC17A,1.05945624738183,0.289392045036288,0.61534247120467
IFRD2,-0.991052897159735,0.32165975143083,0.645110481433102
NECAB1,-1.53424240148904,0.124970029858626,0.411966486471114
IK,0.252050415125042,0.801002095772971,0.928577139281225
MPPED1,-2.48662364522268,0.012896174689978,0.130946765679425
SATB1,-1.63881771959114,0.101251227694901,0.373930542197915
CRYZ,3.92231850065591,8.77009537298773e-05,0.00946048548746698
CCDC103,2.35295723159849,0.0186247761201754,0.159319517866366
KLC2,-1.35192474200939,0.176399391623078,0.488152118465094
ARHGAP22,0.0367086455183957,0.970717315163836,0.990579007900442
ARPP21,2.30704335147212,0.0210524034759296,0.169097328018505
ZBTB7B,0.234869749028572,0.814309829627888,0.933125974541569
SLC9A8,-0.142202226701157,0.886920273011926,0.962770607102217
BPGM,0.768437477309566,0.442227322180145,0.739777092141042
HLA-DMB,0.977957410152238,0.328095388883756,0.650652037705236
LAMB2,-2.12059618840644,0.0339557991702282,0.21782964172366
RHOA,0.449560204093263,0.653027588512381,0.863722903484062
PPP1R13L,-1.15212278233112,0.249270622506371,0.574577292406964
LIMK1,1.65611164296245,0.0976992119442107,0.368049669660863
OR6V1,0.315936818953683,0.752050464663887,0.906925525015768
TMEM250,-1.10619360866382,0.268642728634228,0.593970370131806
ELOA,1.63666715979342,0.101700034393826,0.37480412975262
MYH13,-3.12874138969382,0.00175556745151993,0.045530104989318
LETMD1,0.201287545989678,0.840473740136127,0.944287714276459
GNL3,2.01615809521314,0.0437834467515153,0.246998338301576
TMEM253,2.07759705371691,0.0377464877835542,0.229189493352726
SLAIN1,0.381935419263875,0.702509267491314,0.886145736713363
WDR83,1.58074134150323,0.113937191560727,0.394074787292077
FAM126B,-1.19989484654362,0.230180181689769,0.554876645599266
BCAR1,-0.744234685616773,0.456734507321643,0.749995910158698
CNTN4,-3.49537824332248,0.000473390380070401,0.0224362124870208
SP8,1.1507182723729,0.249848156783787,0.575041348171023
ZBTB22,0.702445133714063,0.482401606787067,0.768690426754389
FAM135A,2.02160245727126,0.0432174380064361,0.245671797383566
GCG,-0.111863088015711,0.910931964353036,0.97125497409081
PRR12,1.04723541276328,0.294991016204492,0.621136578547494
COLEC11,-0.282152727821823,0.777826403950293,0.918218817825675
SWI5,2.48486984577568,0.0129598808139542,0.131310359878456
PSMA1,-1.21623747496728,0.223894471896136,0.548627520000203
L3MBTL1,0.770462551184199,0.441025561041268,0.738413729874797
PTRH1,-0.280198187056783,0.779325457504164,0.918389784617283
PSMG4,-0.113334505233596,0.909765362243122,0.971162468097235
RCOR3,0.621383026869068,0.534347636974895,0.798350727555552
BRAP,-0.463584543164697,0.642945430586258,0.859677013279956
DUSP22,-0.195279635348689,0.845174038800827,0.946119274391075
SEMA3C,0.0727546086698743,0.94200139221433,0.978984501697604
HLA-DPA1,0.0883787281625019,0.929575667597157,0.975549863482734
PABPN1L,0.125206521610187,0.900360054378325,0.968196502322227
FOXA2,-0.459852044530785,0.645622423677149,0.86037936707424
PCYT1A,0.390788946786224,0.695953245794581,0.883444761616756
PDCD5,2.08487749781695,0.0370804217279373,0.227149114054473
HTATIP2,1.17089713580112,0.241640126556721,0.567561920208359
PGGT1B,-0.121684948418584,0.903148534067263,0.969864488452118
SFTPA1,1.14197286368653,0.25346529949819,0.579303305071371
ZFHX2,1.4722603239871,0.140950593025768,0.433605648577466
SMYD1,-1.94191764199348,0.0521470713092073,0.269777548697662
RASGRF1,0.360746149288251,0.718289222286326,0.893094193479268
BECN2,0.703167514676334,0.481951361318386,0.768615310302362
STK3,0.71848436636896,0.472458684002585,0.762225819547914
ATXN7L1,0.0771667323942545,0.938490906410932,0.977679325361294
FBXO15,-1.73937977250127,0.0819679838123508,0.334915972684379
GPX1,-0.600157690216543,0.54840114795247,0.807616761805366
PLCH2,-0.674664667663206,0.49988883721178,0.778058206487973
STRAP,-1.0181499700054,0.308606691055688,0.633431158075428
PRXL2B,0.56561899573747,0.571652811844931,0.822175725571826
KMT2B,1.43851122102571,0.150289055978174,0.447965301278085
ASB10,-0.445729049350634,0.655792978196285,0.864980745673659
PTK2B,-2.91849933369776,0.00351720626947739,0.0673086144297036
TSPYL4,-0.624983591278434,0.531981827556547,0.797792470399807
DNAH1,-1.03467493171757,0.300820746988591,0.626011489015031
ATF7,0.792888398168269,0.427842847394095,0.729623710524652
EIF4B,0.22232209080445,0.824063156409689,0.936819265165029
ARHGEF38,-0.887371076978498,0.374879149983444,0.688401043522684
PIK3R3,2.09941428899572,0.0357803961747108,0.223728790069944
GMPR2,-1.28035639524859,0.200419822119635,0.52086017263703
LMOD3,2.8911179058344,0.00383874071272131,0.0697557715386768
NR2C2AP,1.38085720951318,0.167322869037873,0.473239641290332
KANSL2,-1.49109191998071,0.135937363408111,0.426188423605229
RRAD,-0.0133064191603738,0.989383326892714,0.996391074594843
AFAP1,-1.81405703320156,0.0696689456240606,0.31023734604956
PBX1,-1.15255990748048,0.249091067267246,0.57443435933515
PPIP5K1,2.67864711645281,0.00739202516580894,0.0985147206580551
MAP4,0.0030190029174958,0.99759118784225,0.999088774975208
ARRB1,0.902405014387737,0.366841758373678,0.681900958472495
LMLN,-0.0855868305782904,0.931794867718895,0.976177871349043
CORO1C,2.37585920572863,0.0175081419408498,0.154401236517538
TSLP,-0.0679053427367025,0.945860985683886,0.980639799390822
EFHC2,-0.885448150174682,0.375914972709308,0.689354654671928
MROH7,-0.0111178826911859,0.991129395797524,0.996910727674965
CLCN4,-0.857321409974112,0.391267279282639,0.701051055995832
NSG1,-1.47464979468182,0.140306720236908,0.432610163271835
DPEP1,0.506191677300896,0.612722097041621,0.844818003183037
C1orf159,-0.730463675142674,0.465106808907661,0.756700819747111
PITPNM3,-0.166556707808529,0.867718859934723,0.955063414635376
CUL2,2.11770486269773,0.0342000707863438,0.21859185622076
MYADM,-1.95072341138597,0.0510899568596923,0.267440074426941
PERP,-0.180581168171905,0.856696338478534,0.950330266389413
ERLIN1,-0.165912830823289,0.868225549907211,0.955182539938392
ANKRD34C,-0.461727773292919,0.64427655169231,0.859803281095682
IL17RE,4.74596697165174,2.07512573881323e-06,0.00116052284153175
PABPC4L,-0.671878047543824,0.501661336795733,0.77894708383198
MYD88,1.59325728879179,0.111102484052627,0.390516365777936
GRIK2,-0.880988641541014,0.378323967800333,0.691009366955618
DLGAP2,-0.148461497791619,0.881978569494122,0.961247471002382
TMEM235,0.0887194176947983,0.929304900299035,0.975549863482734
RGS4,1.30365079082657,0.192352674743153,0.5102677299602
BIRC6,-0.210837892023462,0.833013769530001,0.940890033154587
MKLN1,-0.671429648349228,0.50194686279539,0.778994774883935
GABARAPL1,0.0197822596906691,0.98421706983126,0.995023322998978
INPP5K,3.92113708188255,8.81321061513674e-05,0.00946048548746698
ZNF697,-0.827396671707012,0.408012266429321,0.712965807088493
AL162231,-2.21043464548528,0.0270750115640958,0.19256641616605
TMEM41A,0.830587725318417,0.406206571301481,0.71147689344016
PROSER3,2.24805326064642,0.0245727939311391,0.182727969878497
DDN,1.12735942989537,0.259590544777156,0.585460295017799
NME6,-0.0655075312951256,0.947769910111361,0.981246964294523
CMSS1,2.2225274580081,0.0262476805195132,0.189043808859689
TBCEL,-1.23999926192026,0.214975667146218,0.539402567921524
TRIB3,3.59698253578299,0.000321930088966262,0.0189056315418377
ICA1,0.87105455772273,0.383724364553227,0.695647939273375
NUP62,-0.00166782760075538,0.998669266724215,0.999307355934739
TMEM132D,-3.94214823371663,8.07550387182298e-05,0.00928339306797011
CLEC2L,-0.0792182578527653,0.936859022562926,0.977521376551824
COL20A1,0.121440142865654,0.903342422741956,0.969944179267644
ITGB7,-0.710547974916215,0.477364391774908,0.766106134882071
ACKR2,-0.107827728402273,0.914132347037223,0.972111996832641
NT5DC2,0.346852743418901,0.728701950420602,0.897328110185181
MCMDC2,1.8265275110151,0.0677708411636384,0.305917669141775
CIAO2B,-0.636285529507119,0.524590334861547,0.792771334755805
KIF21B,-1.57032116380063,0.116340412942124,0.397460601447381
SLC25A12,-1.67969386596962,0.0930168938722608,0.357956038170816
TENM1,-0.0363773043349383,0.970981510716443,0.990786232748053
RPL23A,1.44990867980925,0.147083986557192,0.442726896584128
ENDOU,-0.526026534726404,0.598869770739782,0.836788297058378
RIPOR1,2.34398740814005,0.0190788155024434,0.161123550520731
BTBD18,-1.0779976296139,0.281034813965074,0.607696544765193
KCNK4,-0.434103753980895,0.664213099586714,0.869186278343771
CASP12,-1.22220867453186,0.221628724328468,0.546452691305161
SEMA4D,-1.579153429565,0.114300868927573,0.394415772677127
FNDC10,-0.779638155336206,0.435603890635136,0.734831221468685
KIAA1549,0.206196979739373,0.83663704697682,0.942852665956148
NKX1-1,-0.288382816600455,0.773053719646889,0.915997366890178
ITK,0.80486232792887,0.420899129646172,0.723126618084003
PARVG,-0.5393324897374,0.589657454482442,0.832221950170474
PRDM15,1.91857495857983,0.0550381472524825,0.275173760766608
IRGQ,1.11869812770461,0.263268944223406,0.589654044067595
TXNL4B,1.29881083366533,0.194008855794135,0.512492503647638
ITGB1,1.87059299843254,0.0614015158150272,0.291407608191095
NTF3,-1.13224941977402,0.257529588396973,0.583246765170677
PNPLA3,-2.41141333779887,0.01589082785011,0.14639365611252
IRAG1,2.32512594773335,0.020065226554616,0.165346851664348
KIF26A,-1.73933168067294,0.0819764378296556,0.334915972684379
CAMK2G,0.854548304424101,0.392801256960395,0.702049934488996
ACTBL2,-1.40514853856999,0.159977113102826,0.462882725148824
TOP2A,-1.32504924363403,0.185154819031848,0.500207263656613
SLC25A44,-0.0678057010598388,0.945940305420293,0.980639799390822
RXFP1,-1.14246444568111,0.253261016623553,0.579267569003525
MIDEAS,1.43364908666692,0.15167242812013,0.450004377587638
IL10,0.920735671924688,0.35718844734045,0.673531691948525
DCAF1,-1.37713746954944,0.168469750055895,0.475487755294446
HSD11B1L,0.169912422313509,0.865079011585717,0.953557680978775
PFN2,-0.719267265832627,0.471976260818382,0.762086092094625
NAT8L,-2.75726875739555,0.00582864231415626,0.0864377523057263
TAF1,0.842273140757758,0.399635081768035,0.707321344708386
ATF5,1.08074551343022,0.279810331473741,0.606563926054634
KY,-0.0557665822525634,0.955527756997174,0.984717150764114
ZFYVE27,1.63940904769697,0.101128098599181,0.373930542197915
RNPC3,-1.21141304224909,0.225737143327825,0.550387087274477
CHD7,-1.03764465225947,0.299435521447557,0.62521999768211
ANO6,-0.334851946927571,0.737736772260812,0.901604112310601
CACNA2D2,-0.195499195276756,0.845002167602444,0.9460312290833
CMTM3,1.8124956908145,0.0699096391703067,0.310339760003214
EIF2B1,-0.697131261259999,0.485720651921578,0.77053689626008
TMEM177,2.6358517932753,0.00839263791748538,0.105128491502721
SYBU,-1.09126821207345,0.27515488079762,0.600955970026084
DGKI,-3.91576639994225,9.0117473672312e-05,0.00954715118140199
MAP3K13,1.57014505748541,0.116381368212912,0.397476948454084
TBCCD1,3.93574861787648,8.29377532691883e-05,0.00946048548746698
AK9,-0.102467434853507,0.918385659985776,0.973203004884247
RPL10,1.61309316259934,0.106724269114275,0.3839089387646
ELFN1,-2.1695508769136,0.0300408861732469,0.204250303683791
GPBP1,-0.264577671064294,0.791334823212004,0.924783428222305
PLPP5,0.488387937001811,0.625275084660371,0.851338157597812
GREB1L,2.52095058275631,0.0117038287436718,0.124444915810869
SLC9A3R2,-0.24380895757562,0.807378782507842,0.93041865418604
FAM47E,0.843336249158008,0.399040415053058,0.707104366635075
FKBP7,-1.60941684330589,0.107525224736505,0.385166048122432
SPATA13,0.999150833091731,0.31772162940828,0.641556512318385
CDK6,0.678719388764108,0.497315678714411,0.776987873065284
LHFPL3,-0.258989259701351,0.795643527363468,0.92639576185047
PDZD9,0.32155885390562,0.74778691928792,0.905353912065872
WDR20,0.707330978454291,0.479360818590542,0.767024630654896
HID1,-0.334237847862994,0.738200086139117,0.901898333928466
ALG1L2,0.00727541345843209,0.994195111138487,0.997950740428767
KIAA0232,-2.81001325077965,0.00495394603190059,0.0798411042470007
TRPV1,-0.485254686947026,0.627495694059539,0.852420189826607
SLC4A4,-0.57023836056707,0.568516041349012,0.820357563805406
C19orf81,-0.71882312262769,0.472249908841047,0.762177154034082
COPG2,0.866143094265893,0.386411695247757,0.697555091688484
FUT2,0.908400511537561,0.363666655578507,0.678406355193004
RARG,1.32835004751171,0.184062493372448,0.499472775551019
CFB,0.116854839757021,0.90697508554416,0.9704919162293
ELOVL7,2.66488023031608,0.00770157465802657,0.100511130138448
ZNF821,-0.656936993645409,0.511221430172641,0.784993194549861
TNPO2,0.108810555573965,0.913352751395819,0.971935125256526
EIF4E3,0.881036186720908,0.378298234197913,0.691009366955618
MYOCD,1.14756807554268,0.251146915142571,0.576933155831339
NABP1,-0.178439894698189,0.858377520584087,0.950730386607362
SKOR2,1.93979506576024,0.0524046005597092,0.270001961370733
PLEKHG2,1.86972730522275,0.0615216957181956,0.291591852468485
PVR,0.917916085145126,0.358662799829209,0.67472286626974
NANOS1,-0.842999022453895,0.399228990510522,0.707104366635075
NTM,-0.925210294787578,0.354856529511643,0.672261510852527
TSTA3,-0.537202212941636,0.591127942844398,0.833037108812801
BRMS1,-0.613667696247864,0.539434939152781,0.800265506930938
AC092835,3.72045802416914,0.000198861793805585,0.0147384004395579
FGFR1,2.49505332166863,0.0125938203775013,0.129444029485681
TREML1,0.453170975069347,0.650425630916053,0.862463109581013
TMEM185B,-1.96159230992143,0.0498099683033742,0.263513354912653
ZDHHC17,-0.0143577926962674,0.98854453246533,0.996094541751762
C1orf226,-1.62762522700979,0.103604376641546,0.378652388045731
ATP9B,-2.5208186549332,0.0117082174478114,0.124444915810869
SLC2A1,-1.72811540216421,0.0839675366626149,0.339239731247339
EFTUD2,0.929524447394398,0.35261736157403,0.670477988407429
TMEM233,0.473937201742427,0.63554468952002,0.857376616741628
STAG3,0.985040112684284,0.324604368001552,0.648232931253719
IFT140,-2.26381675009708,0.0235853878727433,0.178574644549007
TAPBP,1.21868951631668,0.222962058525572,0.548359957012757
SELENBP1,0.861543867275465,0.388938571578037,0.699438067481323
RUNDC3A,0.343851956475417,0.730957624292518,0.898672036723105
HIPK1,-0.447338392947772,0.654630750290996,0.864131874092215
TTLL3,-0.451394386058134,0.651705328735138,0.8630863845811
LACTBL1,0.468844309045081,0.639180925821698,0.858366497650697
VWA5B2,0.720899612007985,0.470971281597359,0.761704943352958
NHSL1,-0.552142257281553,0.580850892041906,0.826580396988329
CASP14,1.55696894397285,0.119477858976566,0.402874270054329
SLA,-0.243348443615386,0.807735479449369,0.930664229911488
FTSJ3,-0.796435939060525,0.425778696133613,0.727731459313957
SEPTIN9,-1.79692561324842,0.0723474297861772,0.315660697013229
GK,-1.29260190009575,0.19614878210972,0.51462861916744
TICAM2,2.06383082774372,0.0390337590691471,0.233002924352765
PPP1R14D,1.75576009348404,0.0791293810413741,0.329024885320559
NPNT,0.294461008998721,0.768405653633593,0.91476044045812
NFATC1,0.0815139145939212,0.93503325945753,0.977346067906343
CHEK1,-1.42218781211709,0.154971735980401,0.455143480432383
ACE2,-3.60933439301944,0.000306983679902207,0.0184977638198322
CYTH2,-0.562850994701106,0.573536352394949,0.822913227933941
SH3GL3,-2.27904108354855,0.0226646232233054,0.175272365375266
AARSD1,1.76497793081799,0.0775674748447155,0.32690878828861
DOHH,2.70812923345234,0.0067663668747212,0.0943855771707021
EEF2KMT,1.39053914739922,0.164365220332082,0.469213782381599
EFNA4,1.79105405945848,0.0732846203569145,0.317836138528409
P4HA3,0.344740208205402,0.730289687261098,0.898395988222157
CYLD,-1.75751882255198,0.078829416422646,0.328463544729322
RPL36A,1.18776840527863,0.234924665187464,0.56021035734725
PLEKHM3,-2.16978464929032,0.030023163807427,0.204215468801756
CLTCL1,-1.43139873856205,0.152315969729363,0.450853898846358
FBXO24,-2.03060167998984,0.0422954171751538,0.242850307117275
ACSF2,-0.235967919584256,0.813457563760419,0.932986682389192
ATXN1L,2.14190966704049,0.0322007518100135,0.212049700545105
GDNF,0.677020880816619,0.498392706083613,0.777218752439069
RPP21,1.47069821020868,0.14137275046294,0.433865596700269
TVP23C,0.409229933415436,0.682370929278343,0.876506935804997
DOCK4,-3.26439292575621,0.00109698917515989,0.0360067352436856
SNX13,-0.893424871073891,0.371629688602771,0.686132900080955
POC5,2.13557649549418,0.0327139489504052,0.213642384583851
NSUN5,2.857526287497,0.00426957267165722,0.0740958280887494
ABHD4,-0.314370104059676,0.75323995949589,0.907617194727095
MYO7B,-3.0828727669522,0.00205012787362214,0.0498208736185028
FOXI3,2.37103656936935,0.0177382759343875,0.155080752222485
TMEM51,-1.08714818976473,0.276971323637083,0.603336673139831
SAMD7,0.0202690121075438,0.983828775462628,0.995023322998978
PAX2,0.802555945213628,0.422231440280433,0.72438075947349
SESTD1,0.234913185690974,0.814276115213017,0.933125974541569
NDUFA13,1.7905007038312,0.0733734542043636,0.318082460336595
DERA,-0.276515429760436,0.782152210231232,0.920007200928551
ARHGAP27,-0.752455738385529,0.451777037940596,0.746012022002763
ATP2B1,-1.73584657643256,0.0825909660876629,0.336423469373175
PLCL1,-0.672744121025426,0.501110092934894,0.778461413228429
RELN,-0.383066532133116,0.701670433878483,0.886046353804356
MGAT5B,-1.62127771836245,0.104958091421004,0.380083297816736
HTR3D,0.325196803617302,0.745032127674195,0.904973667022015
EZH1,2.00546409271391,0.0449134557449384,0.250252594912363
LRRC15,0.999261640902201,0.317667962350787,0.641556512318385
FBXO43,2.03835481958479,0.0415144611952272,0.240754168698905
KIFC1,3.51131149901465,0.00044590157027316,0.0216718313213924
UBAP2L,-0.789505152389917,0.42981681955601,0.730436236966174
C4A,0.223636479818584,0.823040175702506,0.936606045246158
LARP4,0.0311877144395585,0.975119837606556,0.991886880939106
PLEKHA5,1.74085785548171,0.0817084976615934,0.334532214851419
AP4M1,0.322675947749297,0.746940669477357,0.905130054127545
LY6E,2.72114325805553,0.00650565614154685,0.0927442219862206
CREM,0.155383795868849,0.876518758033595,0.959252754639562
IL34,-3.71332460329666,0.000204554248064672,0.0148775579801484
ITPKB,0.384153237749873,0.700864874946308,0.885969392229294
PLA2G2C,1.42358840865156,0.154565653227112,0.454197728998961
LTB,-0.107835824935228,0.914125924387634,0.972111996832641
MPST,1.88726196863381,0.0591250990405935,0.285056136332237
PAX8,-2.58606399403002,0.0097078904770753,0.112718622308677
AQP12A,1.38711059068799,0.165408043096135,0.470615933042875
POLR2H,1.91111727056502,0.0559895121933412,0.277572354669655
ABCF3,1.13642349805434,0.255779366081574,0.581759780797021
GBE1,0.143826988832112,0.885637090442052,0.962021954092965
TSEN34,1.77094965545663,0.0765690739758737,0.324528750223543
SNRK,0.459226658455449,0.64607140873402,0.860562298167274
ACTL6A,-0.532891845164816,0.594108450572939,0.835204152240831
ALKBH2,0.926595455928942,0.354136615103001,0.671487528327244
TMEM106C,-0.977248612183639,0.328446086849307,0.65074707919882
CYP20A1,3.07222907360453,0.00212466606445566,0.0507945608241323
NEK10,0.410389865170677,0.681519979616876,0.87636706789613
IRAK1,0.140996313296845,0.887872854811376,0.963095168549662
APLN,1.17697093554025,0.239207107091137,0.564937535393918
TSPAN14,-1.46767676672185,0.14219204456785,0.435276836713935
BOLL,-2.18932141552548,0.0285734868862678,0.198891673420833
GALNT11,0.717363795383938,0.47314965287216,0.762505739053972
FCHO2,0.405637308128843,0.685009112044592,0.877900732811418
RNASE10,2.47749981917678,0.0132306475844593,0.132444938433287
DNAH14,0.154468585784005,0.877240278822201,0.959284304019716
RAD52,1.88798157780964,0.059028423640446,0.284929040734958
GASK1A,2.30416658978239,0.0212132938975922,0.169786551188002
NIPAL2,1.03669793405919,0.299876655137994,0.62541286058909
CPS1,0.149024931969863,0.881533959766716,0.961065236932608
ZNF652,1.04319742242501,0.296856867033345,0.622912076565168
GPR35,-0.790197231995275,0.429412592325101,0.73043036477935
RETREG2,-0.702372157486586,0.482447104107454,0.768690426754389
PLEKHM1,-0.0727297452651854,0.942021177924457,0.978984501697604
PRNP,0.626825382851753,0.530773703092962,0.796925433665074
VGLL4,-0.972818927598789,0.33064330385582,0.652788953982823
ZBTB10,-0.577096630421158,0.563874180472216,0.817224301794899
MRPL55,1.35484972404422,0.175465440542809,0.48659013272171
RANBP1,0.654067689994422,0.513068196468872,0.786201421580991
PLIN1,-1.73194905635377,0.0832826332433933,0.337607939210674
RCBTB2,-0.035375807521095,0.97178007543593,0.991039589954763
AL354761,-0.535760692919766,0.592123951370223,0.834005659346536
HOXC4,-1.77198354210756,0.0763972892302003,0.324433827847833
LBHD1,-0.543109128565259,0.587054667830982,0.830256444539952
LCE6A,1.94635256012067,0.0516124039934736,0.26882566077449
SLC2A14,0.95902252288013,0.337547398918057,0.658796603138204
ORM2,0.611781719186793,0.540682186240088,0.801645703863379
CNTNAP5,-1.83057868187472,0.0671634528841735,0.305132356048752
TTC21A,1.11469846501294,0.264979659032083,0.591442480480727
PSMD13,-2.16495526440394,0.0303911113429288,0.205854376831397
PGAP6,1.11285393449484,0.265771167068157,0.591517122791588
ACBD4,1.16588959219133,0.243659087510501,0.56922421533684
TLK1,0.144736369309137,0.884919022935178,0.961891964516062
RLN3,3.11679151067697,0.00182830821974211,0.0461404339075527
GALNTL5,0.92373657985807,0.355623481897357,0.672773659779708
RIMKLA,-1.43851939861898,0.150286737424943,0.447965301278085
PKMYT1,0.835367927517944,0.403510582139554,0.709968219675439
PIGV,2.70106029975133,0.00691188058294539,0.0951058339295092
MED19,-1.14821476614932,0.250879914976835,0.576483206954851
EBNA1BP2,1.95348229340671,0.0507624733907527,0.266501308758338
WRAP53,1.12124354658649,0.262184208261193,0.58811843782254
PHLDB2,-0.325586898148485,0.744736926281423,0.904973449141284
TMEM225B,0.260385405082293,0.794566499837009,0.926219916762656
GLB1L3,2.02753379756002,0.0426078516497239,0.243780680335466
UBE4A,-1.74876300535727,0.0803319940333002,0.332338257091823
ITPRID2,0.773774370329994,0.439064231396604,0.7367048090991
AP5M1,1.97625967688836,0.0481253740410348,0.260021395943711
C3orf84,0.950470826250173,0.341873070775247,0.662868255734023
DHRS9,0.22564977603921,0.821473823451327,0.936241939395388
DELE1,2.27818002447733,0.0227158539180015,0.175369613117704
DMTN,0.51349190411013,0.607607272502238,0.841985661279711
TMEM191C,-0.0868009220671848,0.930829754688383,0.975989358544796
FAM126A,0.543797246470608,0.586581003860505,0.829942723193887
KBTBD13,-0.438375758203909,0.661113916490413,0.867899178084942
PCED1B,0.80733322699149,0.419474525728993,0.721933462567842
CREB1,0.395919262637142,0.692164590240126,0.88106950403908
RNF32,1.27246433827971,0.203208187042264,0.524130234932643
CHFR,-1.83053786900455,0.0671695495029871,0.305132356048752
HCAR1,1.00109175755804,0.316782449541491,0.641084565050747
FAM229A,-1.20608145848494,0.22778608329728,0.552226237535989
SDHAF3,1.06832826463978,0.285372463069383,0.612676440674115
AKIRIN1,-0.146908797181725,0.883204008119572,0.961611209338088
MAMLD1,-0.318667542314974,0.749978629902975,0.90660907208254
PLCD4,3.4210177344545,0.000623872639043948,0.0262244497189233
FBXO10,0.716082096566845,0.473940657961053,0.762946084505979
DOCK8,-1.27468715043598,0.202419996711348,0.523258233658988
ZNF33A,1.81725229109666,0.0691784914831102,0.309003061350472
PET117,-1.58291215610987,0.113441487656319,0.393683983990691
GAS7,-0.811455718687379,0.41710401256188,0.72040427255051
ZBED5,1.1027814380911,0.270122090805852,0.595377885487088
ARPC4,0.360366126193893,0.7185733546797,0.893270611703601
AMOTL1,-0.424264068711929,0.671373240540873,0.871832444386597
TMEM243,-0.354361777647028,0.723067775475862,0.894705403448028
TERB1,0.406110570541836,0.684661359262429,0.877739800600637
MORF4L2,0.411886302577092,0.680422760911082,0.876010526736118
ERN1,-1.51744594104637,0.129154132334727,0.417412293637758
CTNNA3,-0.0244848117626044,0.980465898541814,0.994268145870035
PCYOX1,2.203217830707,0.0275793991495621,0.194701428926504
PPP1R9A,2.1989185174694,0.0278837166700692,0.196166303604667
SLC13A5,1.42739483331556,0.153466119253367,0.452497394808355
ESRP1,1.18304647538284,0.236790728844945,0.562529814428801
PPT1,-0.0164115357182859,0.986906076816902,0.995603574557129
CTSO,0.900453929375538,0.367878732217069,0.682962589681191
LSM14A,-0.662518679134907,0.507638867785438,0.783350952773625
BLOC1S3,1.25927126201016,0.20793236958665,0.530422166862997
C11orf95,1.76047825646544,0.0783267510105237,0.327892901280735
IFT74,-1.59245973801209,0.111281442756117,0.390561711937668
CHRM4,-1.91055849903359,0.0560613419372642,0.277572354669655
CAPZB,1.72992008391689,0.0836445544409638,0.338272101530335
PRKD2,0.952428260031805,0.340879832972057,0.661944411396375
BZW2,0.247775136658545,0.804308393243013,0.929542513271606
SYNJ1,-2.79991193390245,0.00511165499862101,0.0812302116398509
TPRG1,-0.881474554294649,0.37806102062202,0.690959078052607
SPINK8,1.81646495188232,0.0692990795412669,0.309230041026893
NPC2,-0.425115150948852,0.670752733625261,0.871285659683641
USP19,-0.621256689515317,0.534430745327014,0.798350727555552
IGF2,-1.48124903795626,0.138540223139129,0.429362346493022
ODF2,-0.801263964683066,0.422978847704066,0.724972416457143
KCNIP1,1.27520526479272,0.2022365983322,0.522898871010789
PATL2,2.42213885622386,0.0154294535801093,0.1435996202308
RGS6,1.43644625251078,0.150875399912326,0.449052397572328
TMCO3,3.41733301559218,0.000632378743541757,0.0263501980824379
CLEC12A,1.29283222279423,0.196069093129473,0.514511825670326
PLPP2,-0.52882202897652,0.596928914666905,0.836712129967351
PEX5,-1.07535719199657,0.282214839688442,0.609013062613803
ANKRD63,-0.31704782554695,0.751207313186607,0.906735233763768
HEMK1,1.50781742863641,0.131601260244556,0.420802973924285
MBD3,0.573122581953964,0.566561698274463,0.818965671331175
DENND4C,1.35827753903482,0.174375634601676,0.484869579989474
SCRN1,-1.55263997631627,0.120509169551809,0.404751995289117
CKMT1A,-0.183414900269923,0.854472485456422,0.950008289901106
TAAR9,2.05248881822496,0.0401221806467192,0.236058230890262
TMEM68,1.44093992747438,0.149601654774549,0.446689964908172
LAMP2,2.38079920929971,0.017275125315251,0.153182996206727
GPAT2,-1.84471161519787,0.0650795003367294,0.300705137103206
WDR73,-0.420442729343036,0.674162058768874,0.873038541350981
DLX3,-0.145703618518412,0.884155364693101,0.961796641624449
DCTN2,2.6714375155661,0.00755271325575608,0.0994991804238861
GSPT1,-0.792831090767559,0.427876239687358,0.729623710524652
UBE3B,1.05614027508334,0.290904132321579,0.616819791429714
XIAP,-1.10793620332891,0.26788936894312,0.593523616894346
CFAP300,-0.122212357425313,0.9027308400074,0.969544406684332
CLK1,1.21796226645591,0.223238312261135,0.548359957012757
ACVR1,-1.26336503654784,0.206458023238958,0.528419090270058
RNF148,0.0493125663764937,0.960670205182009,0.986933347040467
C4orf45,0.392719319357011,0.694526800000545,0.882448899541773
OPRM1,-0.328900909950754,0.742230586504332,0.903757179736231
KIF5C,-1.47716945616275,0.139630219060641,0.431262618283904
UBE2J1,-0.0483863100624886,0.961408369513501,0.987170167328287
CLDN4,-0.459378528041364,0.64596236474436,0.860557571311032
INTS11,-0.252384985956865,0.800743504072891,0.928430358274922
SLC22A5,1.71297263822232,0.0867175734906263,0.345782324405796
TMEM132C,-2.61102102464055,0.00902723437493041,0.108870864570868
ABTB2,0.186415676235949,0.852118800036196,0.94982799816368
RPS24,1.00542009389975,0.314694608207466,0.639003799169041
LPAR4,-1.50619783579901,0.132016394861659,0.421141250847096
C4B,-0.869693841786266,0.384467738542916,0.695945031184719
SLC25A17,-0.0902169867512962,0.928114785895986,0.975498759076853
ASXL2,2.30120822165884,0.0213798644000066,0.170613258249009
VRK2,1.1473032680861,0.251256303812687,0.577092842689692
NT5C3B,-1.99413890020666,0.046136877111375,0.254451392003497
PDE1A,2.47697287871321,0.0132501970180236,0.132444938433287
NFE2,0.638741164050105,0.522991329060044,0.791932722875502
EXOSC6,-0.151347615155003,0.879701510384814,0.96015562390684
MTMR10,-2.56693420554048,0.0102602078418415,0.116590642719808
PSMC2,-1.44673576010067,0.147970944856539,0.444141379322019
FCHSD1,0.974819813863264,0.329649646883372,0.652018441285245
CD36,-2.01769832196208,0.0436226897085266,0.246645463938927
OXNAD1,-0.377705563646949,0.705649334267239,0.887826597775182
CHST15,-4.71828886647132,2.3783662635228e-06,0.00123849022734394
TC2N,0.931426538606018,0.351632968283027,0.66958357453982
SLC22A23,-2.90237743472445,0.00370342045904814,0.0685914412403069
EFCC1,0.635882661781661,0.524852904264257,0.792785621386678
DNTTIP2,3.15223047683395,0.00162028326599684,0.0436835548413269
PLEKHF1,-2.03791787735615,0.041558146412677,0.240835178835567
SFRP4,0.549912524400367,0.582379373458666,0.827609377273729
FGF13,-0.126429448539847,0.899391992614891,0.968196502322227
KYAT1,3.12873805627625,0.00175558736617458,0.045530104989318
ZNF683,2.47139535409976,0.0134586934866977,0.133426276896565
AGBL3,-0.84385343970013,0.398751308917024,0.707073620636259
MRO,-0.423853634185331,0.671672560202969,0.872017663462549
ATXN1,-0.125875840930162,0.899830206686931,0.968196502322227
CNGA3,-0.162942829331269,0.870563448501537,0.956484545353182
MSMP,-0.745927767377598,0.455711050464833,0.749758467010199
ZNF385C,1.43360961623085,0.151683697778637,0.450004377587638
RUNX1T1,2.43378441352424,0.0149418915634268,0.1415030567219
C1GALT1,0.00114100868471383,0.999089606984265,0.999582954114434
TNIK,-0.947584871115851,0.343340831023681,0.663631234207351
SESN1,-0.37617739693164,0.70678501804371,0.887832840227308
TLR6,1.66577461731067,0.0957583135545619,0.363710117270499
NEIL2,3.62698917906444,0.00028674530594095,0.0181047132835617
TEX48,1.37640631830456,0.16869587293922,0.475711796185076
GLYCTK,1.62371573024135,0.104436492248632,0.379213956733441
VPS8,-0.0602434234008873,0.951961761624534,0.983308177929092
HK1,0.502639981714186,0.615217413879999,0.846420244121594
CASP1,0.50777710809456,0.611609665556413,0.844152974652886
VEZT,1.29098759994072,0.196707977352155,0.51509525119565
AJM1,-1.36096479361758,0.17352481561874,0.483774292460295
TENT4B,-1.77115169843194,0.0765354789228501,0.324528750223543
PTPN13,3.2167241351278,0.00129663208792656,0.0389927820282035
ERAP2,0.585781105140395,0.558022622737446,0.813837384555628
VPS53,-0.434122386091625,0.664199570146818,0.869186278343771
GCA,0.961158683473808,0.336472386995891,0.658204310984359
C16orf90,-3.50407591684919,0.000458194715792706,0.0219081951276813
TMPRSS4,0.606110108082139,0.544441639224741,0.80460584310764
NKIRAS1,0.786671022565679,0.431474471407219,0.731489353314467
NEFM,-0.330512408140877,0.741012818583948,0.903174382907929
SULT1C2,1.21390989606822,0.224782133533598,0.549297995242891
SPECC1L,-0.0923982428661243,0.926381635447564,0.975498759076853
BNIP5,-0.0944707333958606,0.924735229815886,0.974713539422955
CDC45,0.441501941503101,0.658849656273778,0.866825818063446
NELL2,0.125079795731075,0.900460378339662,0.968196502322227
DEFB130B,2.05210131788819,0.040159816903511,0.236193930402398
IGFL1,0.71059429053401,0.477335682156535,0.766106134882071
APEH,1.04374842128912,0.296601800729409,0.622667865305399
RBFOX2,0.680855079100115,0.495963194391835,0.77612158890686
TTLL13P,-3.04546774949984,0.00232318692376736,0.0537183121930743
HRH1,-0.739874471247659,0.459376166023696,0.751820302410955
ANXA11,-1.03905105257834,0.298780993505834,0.624975468478226
PDZD2,0.0376320875057328,0.969981023904525,0.990285750433686
MSANTD1,-2.63280045878186,0.0084684083538664,0.105500880278707
DDX31,1.32364656682773,0.185620452006924,0.500734502322277
SMIM19,0.554354552700406,0.579336222585443,0.825800422229539
SNRPB,0.282175255204688,0.77780913116819,0.918218817825675
C11orf68,1.32771444869604,0.184272458489059,0.499727669340666
GSKIP,-1.57067429175724,0.11625832365083,0.397307857486042
C4orf51,0.893367105775029,0.371660612172915,0.686132900080955
CXCR6,0.575220275029612,0.56514233224287,0.818184357210136
PAM,1.02304262979984,0.306287690341989,0.631310385103318
LRCH3,0.389536864747654,0.696879045694955,0.883582012802685
CARF,2.28609526540624,0.0222486859214382,0.173713367100477
SLC12A3,1.20202937946333,0.229352145499366,0.55370404027394
BDNF,2.05593095839407,0.0397891715512326,0.234988729221122
GPATCH4,2.63782648986563,0.00834392621368344,0.104742500770887
LYRM1,-1.13847383479297,0.254922678514891,0.581327246517374
S1PR5,0.817098390413189,0.413872202719129,0.717996275525285
EGR2,0.464411757180587,0.642352768184833,0.859677013279956
ACOXL,0.312993723009971,0.754285431049993,0.908066885909784
NSD1,4.0625431034505,4.85409809363996e-05,0.00708977540554521
TRMT2A,1.41667130698448,0.156579049764437,0.457811163884845
GNA13,-0.530358878923839,0.595863130979905,0.836147994983403
DHFR,-0.29564604750261,0.767500403906255,0.914332944797625
ATP6AP1L,0.383199909071874,0.701571545437103,0.886046353804356
DNAJB11,0.254258016715255,0.799296231987136,0.928097927742289
METTL11B,-2.53837763915479,0.0111367739403277,0.122052717240549
CDC42SE1,-1.2605589427396,0.207467798934469,0.52966538871142
SNAP91,-0.710966812946077,0.47710480140485,0.766051421691023
FGF16,-1.9221684027377,0.054584571273516,0.274180955590839
UNC80,0.0309391487017303,0.975318068707288,0.992026266043952
PISD,1.42763998081519,0.153395509679328,0.45239952991125
UBA2,-0.269331118157056,0.787674887774728,0.922899870953861
TMEM120A,1.36343295263919,0.172746101653951,0.482765786501532
RPS18,-0.183418268864104,0.854469842539172,0.950008289901106
DISC1,0.816621478551591,0.414144776754111,0.718184731615212
ARL6IP4,0.811361625719582,0.417158029622992,0.72040427255051
RABGEF1,0.14203173683392,0.887054937430201,0.962852305685805
MTMR11,1.1326871314565,0.257345663613896,0.583140763128947
MRPL22,1.64443262087259,0.100086871536038,0.371918409153518
CCDC188,0.898777150381596,0.368771373259409,0.683993041442014
TMEM125,-0.24015632917268,0.810209067308848,0.931781308884036
HERPUD1,1.37368725221411,0.169538796132068,0.477045628569022
EIF4A2,-0.504272255978424,0.614070070886025,0.845448210226074
MOGAT3,0.375665960307305,0.707165247065421,0.887832840227308
CRACR2A,0.0717493756984836,0.942801361261788,0.979292999980283
DIXDC1,-0.425839236821442,0.67022499390817,0.871262815580261
TDRKH,-2.05080927364171,0.0402855241025471,0.236504186953345
HTR3E,0.114208048144033,0.909072872160142,0.971015629973228
S100A13,1.25049440165397,0.211118999116574,0.534413615856023
PSD3,0.540465460833952,0.58887607423189,0.831908988097722
PHACTR2,-0.313083763574337,0.754217024245291,0.908051975487776
BMPR1B,0.504429126367436,0.613959854701224,0.845448210226074
SLC18A1,1.29167418611102,0.196470000677946,0.515054543261981
RGS7,-1.92156644365527,0.0546603343431152,0.274180955590839
ESR1,-1.29799191202857,0.194290114245308,0.512492503647638
EBF3,-1.01077048990209,0.312126290270832,0.636046783640974
AGBL1,-0.600629818860641,0.54808657254692,0.807557063395421
RFPL4B,4.74584997979486,2.07632564651865e-06,0.00116052284153175
LAMTOR4,0.724701190737795,0.468635364476294,0.759611062279625
TBRG1,1.64616635636097,0.0997295138295684,0.371442024279291
USP46,1.75615071555752,0.0790626774031291,0.328882350920594
FAM237A,-0.395217448516867,0.692682416640205,0.881155963845635
PRMT7,0.989366115502212,0.322484046747335,0.646153085133077
PMS1,0.312864132928029,0.754383888319555,0.908092025896061
PAK6,-1.49201806426196,0.135694409784046,0.425991573736835
RPF2,0.22859510779955,0.819183627309026,0.935520566525053
MICAL3,-2.28131031133648,0.0225300909912599,0.174648610653913
HHATL,-0.125951745783622,0.899770121572356,0.968196502322227
MRGPRF,-2.51467653803812,0.0119141637143839,0.125616646565503
CNBP,-0.541812307321697,0.587947812109985,0.831374516835973
STXBP2,2.17413580127756,0.0296949379755079,0.203225191791268
KDM8,-0.725698993821158,0.468023318755837,0.759226378474116
FAT1,-0.285870172245061,0.774977559900837,0.917382012491344
LACC1,-0.223643742815966,0.823034523791022,0.936606045246158
BCL2L12,1.11034913018054,0.266848609742436,0.592498623122398
SHISA6,-1.28390115031445,0.199176544723586,0.519236513160712
TGFBI,-1.00479978191123,0.314993268927242,0.639287870520571
ABCB9,-2.16655155242455,0.0302690649366273,0.205199194294351
C16orf91,0.970551173856711,0.331771830037157,0.654118845644615
LRRC74B,1.00471126507387,0.315035902183116,0.639287870520571
GMNC,3.56061105489044,0.000369992787052298,0.0202608550180091
FDXR,1.93838869917369,0.0525758181112266,0.270368475813728
GLT1D1,-0.764348758711173,0.444659436024708,0.740900986690428
ZNF410,1.21400098969702,0.224747346225712,0.549295798397551
DOCK9,1.43048090834264,0.152579041456643,0.451140766685649
CCPG1,3.28804482369328,0.00100885775654854,0.0347927135657346
SLC48A1,-0.127172185172265,0.898804119626795,0.968196502322227
NLE1,-0.472345932183311,0.63667988998533,0.85759850583831
ITGA6,-3.15413213654033,0.0016097618149299,0.0434877154303312
PAQR8,-0.715393065989022,0.474366195916112,0.763327873483993
TBC1D9,-1.05550899124109,0.291192599528479,0.61706639374521
POLG,2.29231744877506,0.0218873316771785,0.172553802407683
ELP2,2.17399907852502,0.0297052044040277,0.203225191791268
GCNT1,1.99247646792114,0.0463188046137737,0.255013647876341
ZNF839,0.0634278367612363,0.949425821343872,0.981993168921466
RAF1,-0.60295649556766,0.546537630813863,0.806594596909943
MSLNL,-0.351860410628721,0.724942950659836,0.895055763163688
APOBEC3H,3.12681785691362,0.00176709369041495,0.0456632941421702
FEZF1,-2.66811953027359,0.00762771158342775,0.100018278402659
CA10,-0.568136190277699,0.569942495468018,0.821445080464319
PTPRC,0.723464590874791,0.46939450085778,0.760316696677067
DCC,-0.508760648935821,0.610920005258537,0.843878531041176
LAX1,0.348931185124109,0.727140972475882,0.896495628117561
NRBP2,-0.619394622966686,0.535656422538811,0.798350727555552
NOL8,1.51533664939563,0.129687171588171,0.418161799139182
MEIKIN,3.44223673761621,0.00057692511410527,0.0251381160605708
DNAJB14,-2.08507980386226,0.0370620571757955,0.227149114054473
UBA52,-1.29983887293623,0.19365619919128,0.512094769407941
MYO1A,-1.23551702994487,0.21663814240246,0.541896242315044
CLNK,-0.213322950465158,0.831075073638544,0.939982964804073
WASHC1,1.43223210682157,0.152077405970312,0.45039739856339
OXR1,1.31599676295529,0.188175129149691,0.504186148595219
A3GALT2,-0.672741493803919,0.50111176463984,0.778461413228429
RPSA,0.841051972860554,0.400318818994568,0.707685433207869
METTL6,0.80486232792887,0.420899129646172,0.723126618084003
CISH,-0.708573504980346,0.478589182901179,0.766769709667325
RBM6,-0.655825835783953,0.511936191162111,0.785644169905952
ZNF516,-0.867479394187624,0.385679397212189,0.69700943837244
ZNF276,-0.942014181478754,0.346185379351943,0.665928790348626
FAM131B,-0.91142409313723,0.362071963805675,0.676730633134384
CCDC141,2.21184316295116,0.0269775035734924,0.192170229612702
CROCC2,0.538305564078931,0.590366110656872,0.832687716310212
NECAP2,2.74936855495592,0.0059710206160488,0.08790976909355
RMND1,0.458080786494574,0.646894402108037,0.861020805039347
DDC,2.35284834092863,0.0186302308180833,0.159319517866366
RECQL,2.1630751358379,0.0305354011370268,0.206149556372595
TAMM41,1.11314982294615,0.265644088621392,0.591517122791588
TDRD5,-0.912170627497503,0.361678903490148,0.676332873404685
ADIPOQ,0.457613603282221,0.647230068609417,0.861114026273499
SH2D5,-1.55863821036242,0.119082033918258,0.402292765273249
AP1M1,0.260464494374723,0.794505499733075,0.926219916762656
TMEM238,-0.195592284378027,0.8449292998133,0.9460312290833
ZFAND2B,0.33012410872844,0.741306187316126,0.903174382907929
POM121L2,0.477293071714861,0.633153443808979,0.855898431269318
CCDC122,1.3258030088557,0.184904956123804,0.499883859832375
KIAA0040,-1.38608101580296,0.165722166523787,0.471013606379811
DTNA,-1.23768145303576,0.215834198862463,0.54063615041905
OGDH,-0.862980874431148,0.388147982534101,0.69890743167088
RIF1,3.12575584272391,0.00177348728657234,0.045701836928539
INTS2,0.935266369862816,0.349651042106087,0.668170490136747
RELL2,1.59663168032133,0.110347832800425,0.389340013465845
KCNK2,-0.402949956189798,0.686985039774285,0.878723665078486
GPR146,0.376244021062229,0.706735491526295,0.887832840227308
SLC13A2,1.51888084794888,0.128792490627414,0.417118386763173
RNF224,1.63254751512125,0.102564197429613,0.376975754225985
RPP14,0.722407142948817,0.470044196596103,0.76082947699483
PATE3,-0.333679914185446,0.738621107877137,0.902176000795895
SHANK3,-2.48649550175878,0.0129008200544872,0.130946765679425
CLDN34,-1.3476068893608,0.177784853561805,0.49017089494528
MTMR1,-1.10371933626958,0.269714905109291,0.595127810633881
GRB7,0.868412958089778,0.385168303598193,0.696676175759777
ADAM8,-1.52335556119614,0.127669773540156,0.415291864200759
CLDN9,-0.062274524032628,0.950344215966659,0.982594207858875
JMJD6,-0.783795903578335,0.433159877905246,0.733196372281342
MSR1,-0.1189279734593,0.905332419420068,0.970345380306809
BANF1,-1.21306806670338,0.225103797766475,0.549918230293412
CCDC81,-1.86372409293986,0.0623604601931896,0.293325797815267
MXRA8,-0.660109649479633,0.509183466790633,0.784286384142073
FAM133B,0.651457924163159,0.514750929609342,0.787354705863718
CCDC124,0.338479060752765,0.735002203981337,0.90077504342458
BCAP29,1.83279990823533,0.0668323328231527,0.304555673227809
MAMDC4,1.26115437509269,0.207253233084436,0.529643796640451
CARNS1,-0.853190081872144,0.393553902588686,0.70218310263507
VPS52,0.281716982421985,0.778160531610543,0.918389784617283
CHRM2,-2.35110602281489,0.0187176996605079,0.159443762011482
UGP2,-1.60295328062241,0.108944969108292,0.387851747040699
STPG4,1.45062756981947,0.146883594000922,0.442386964604878
INPP5D,1.3157624764103,0.188253777289657,0.50419786452215
MAPKAPK3,-1.32351800637939,0.185663172247325,0.500734502322277
SERPINI1,1.51025349008809,0.130978754529358,0.419987068677818
DCTN4,-0.507064149462193,0.612109808619657,0.844542721136876
ZDHHC13,-0.343592135468138,0.731153040011755,0.898714071321158
DCT,0.204410351155526,0.838032841904508,0.943105348574864
ZNF300,2.23297104183186,0.0255508540744959,0.186172740196162
MUSTN1,-1.17531899180995,0.23986711914289,0.565581515759326
ANKUB1,1.53243511734748,0.125415097146222,0.412430200979221
FNBP1,1.16987953547273,0.242049450447033,0.568040360232364
DCAF11,2.62305963027183,0.00871440189811221,0.106766243663266
SMG1,-0.885983307154519,0.375626522469262,0.68921556516915
CAMSAP3,-2.60259297864178,0.00925217234163512,0.110270927562914
FKBP15,1.20674007418673,0.227532260748036,0.552006026874539
PRRT4,-0.00163573695822731,0.998694871317504,0.999307355934739
IFTAP,0.569658918177872,0.568909058854976,0.820559435396005
PRPSAP1,0.920734386455497,0.357189118637147,0.673531691948525
TAS2R39,0.882973477439442,0.377250601745652,0.690380222234858
IL5RA,0.40623946606218,0.684566658530374,0.877739800600637
MOGAT1,2.63300353613278,0.00846334661973189,0.105500880278707
CNTN6,-1.13583019266827,0.256027638299875,0.581822127954499
TBC1D5,0.187802231830272,0.851031686152062,0.949175848127625
LRRC34,2.86460662527412,0.00417527562061987,0.0732435525266531
SLC4A10,-1.39862042117371,0.161926839229638,0.465862999125525
CDK12,-0.22671735106745,0.820643534207366,0.93564249717431
HYAL2,-0.0101275688419548,0.991919507315631,0.997062606750959
PIK3R5,-1.30870561300806,0.190634089659316,0.50755386979104
TMEM176B,2.08317733848489,0.0372350619329426,0.227570750525863
SENP6,-0.398010050774179,0.690622777052299,0.880281352024739
SERPINE2,0.0454448436492889,0.963752737825268,0.988387733464712
C7orf25,-1.47874626821681,0.139208141348411,0.430533249974507
CCDC173,-0.316206948572522,0.751845433940037,0.906813203269147
PACS2,-2.4786311095391,0.0131887629570315,0.132303227850379
PTX4,1.32356338319819,0.185648092840332,0.500734502322277
GSG1L,-1.87037838726288,0.0614312910845192,0.291407608191095
PROM1,-0.0449801616977512,0.964123121619433,0.988392364703649
CYB561A3,-0.627454960661318,0.530361050652142,0.796629118197204
CHD9,0.433849913890199,0.664397432826166,0.869186278343771
SS18L2,0.31540069114596,0.752457442136882,0.907281312177097
TTC39A,0.917563034811487,0.358847677863127,0.67472286626974
TECPR1,-1.6595697094398,0.0970010461828884,0.366643968916447
PNCK,1.67829087286556,0.0932903289651091,0.358623517479409
GDI1,-0.305335300398002,0.760110792952462,0.910673311995016
GPR141,-1.9497072541263,0.0512110212124528,0.26785396670947
KASH5,-1.2733124336831,0.202907196339088,0.523797220172047
OSBPL9,-0.785921294631368,0.431913598203149,0.731927602015143
OTUD4,-2.16232000700965,0.0305935186304484,0.206277181148477
PNPT1,1.83003793231148,0.0672442669218145,0.305156982071381
GRIA1,0.410056423753343,0.681764557627316,0.87636706789613
CALCOCO2,-0.0686549564850335,0.945264273074435,0.980465904776533
TAF1D,1.34851079042906,0.177494151972734,0.489585334059205
SHC1,0.508305278742973,0.611239268653649,0.844060087374936
WWC2,0.363581385299926,0.716170629173927,0.892674787502789
SMARCD2,0.667845911391921,0.504231956593215,0.780545868056482
LRRC69,0.824843484086546,0.409460455697242,0.713921977382244
CDK3,-0.432363492804504,0.665477247187864,0.869556990386133
SLC22A14,0.515326770487767,0.606324695007257,0.841719508510845
ARSG,-0.178939613110271,0.857985117970907,0.950730386607362
TBC1D14,-1.27319218043238,0.202949854682104,0.523813982613689
KAT8,2.05914710087042,0.0394801489110679,0.234236359333638
CHTF8,0.508525191587507,0.611085076908416,0.843919060373904
WDR27,0.247568823927095,0.804468034806224,0.929542513271606
MOGS,1.5021637344402,0.133054828178938,0.422527071178164
IFNE,1.97712670228985,0.0480273101681958,0.259815201750991
CLMP,-1.51003925606645,0.131033407665139,0.420074953162534
BBIP1,0.462806109241467,0.643503351813755,0.859754849122087
WBP1L,-0.264655262985148,0.791275043818049,0.924780242645234
CHCHD3,-1.09182595231941,0.274909609612,0.600783317001605
TESPA1,2.88054208766076,0.00396991944769906,0.0708683087310067
ASCL5,-0.0804497567813604,0.935879554924698,0.977346067906343
SKIDA1,-0.524504279735248,0.599927843905437,0.837213122846597
BBC3,1.30784084484336,0.190927297204055,0.507834026974159
C3orf18,-1.09431469118384,0.273816984199439,0.599527150734661
PMEL,0.537679556396665,0.590798295459802,0.833007095607858
TNF,0.194572900372347,0.845727319928883,0.946254858060831
NAPRT,-0.293599605177607,0.769063877513787,0.91476044045812
CFAP97D1,-0.0354005379216352,0.971760355782709,0.991039589954763
FAM200A,2.08308525841254,0.0372434528447748,0.227570750525863
CLEC18A,0.553379820689471,0.580003353808178,0.825977364424245
C11orf94,-2.24346254679683,0.024867002440245,0.183547013913448
B3GNT9,1.03819636274059,0.299178645679218,0.62521999768211
LPIN1,-2.51111981940093,0.0120348840371379,0.126342898547907
PTH1R,-3.18037761514822,0.00147083252147813,0.0420644291004341
TMEM120B,-0.16599547907204,0.868160507993291,0.955182539938392
EOMES,1.16859567755025,0.242566570577497,0.568442418850066
MST1,-0.00833164596016932,0.993352385231225,0.997563419999537
PLEKHA8,-0.694548689979632,0.487338177225489,0.771535090117387
IMPA1,1.37370381876209,0.169533650879718,0.477045628569022
TRIM10,-0.15770070777464,0.874692642749808,0.958508587892841
ACOD1,2.15178806987458,0.0314140498991482,0.208941458684979
QPRT,0.557710280212091,0.577042236644479,0.825240657646935
RAPGEF3,-0.532606682748713,0.594305875156261,0.835289806069657
NBEAL1,1.87730965951111,0.0604756650843307,0.288838134576799
CHID1,-1.01365911758601,0.31074543814522,0.635520927713145
KDM1B,1.27201119783938,0.203369140667853,0.52423829533798
ILF3,0.593738125595235,0.552687278857936,0.810284741589028
ZBTB43,-0.533404571044351,0.593753553969873,0.835184900155642
ITIH3,-1.37363268664212,0.169555743981113,0.477045628569022
ARL13A,-0.310525947376273,0.756161030870606,0.908686704835547
NBEAL2,0.109584108803667,0.912739214085163,0.971730044079238
WEE1,2.64507313953576,0.0081673261425811,0.103830736819684
TRIM32,-0.279202013487706,0.780089798519506,0.918679597972543
CDH17,-0.074709964612104,0.940445479219355,0.978400267694593
LSM5,0.670405939061054,0.502599049675906,0.779357887323903
BTBD19,-0.116488566750966,0.907265346821062,0.9704919162293
COMMD5,1.294471430609,0.195502631376973,0.513874763112914
LANCL1,0.64362761492541,0.519816938709215,0.790500723495361
MINDY2,2.96617375577481,0.00301530081808985,0.0610410096099784
RAB11FIP3,-1.15891387904909,0.246491291000273,0.571437625179967
TCEA3,1.54156543063843,0.1231792315001,0.409225694483524
GJE1,-1.41236220522309,0.157843338967463,0.459745315601726
CDK15,0.955338246388153,0.339406672052251,0.660358029923772
FETUB,0.324503109560427,0.745557168438222,0.905088087418749
REPS1,1.48496442242565,0.137553248845986,0.428110716310404
ADCYAP1,-0.205054292159243,0.837529707126865,0.943071832081929
EFCAB3,-0.568493443965051,0.569699956129887,0.821334749524979
ELAPOR2,0.0807816795957356,0.935615578011095,0.977346067906343
ATCAY,0.683013306629887,0.494598434214979,0.775708371571417
STRC,1.17324280255199,0.240698452035578,0.566504059457262
SMIM34A,0.251035926481954,0.80178633302222,0.928628415288115
USP40,-1.37647675244025,0.168674079891109,0.475711796185076
SEMA5B,-0.223644572023351,0.823033878519896,0.936606045246158
POLDIP3,-1.60464123397707,0.108572781498697,0.387090010618302
LRRN3,-1.64482923231052,0.100005032014789,0.371819212704668
TK2,0.28117946805173,0.77857275177218,0.918389784617283
ZNF219,0.0856451748479707,0.931748486030013,0.976177871349043
TEX22,0.267762898283107,0.788881831047274,0.923514776790789
EIF2B4,-0.387047146652764,0.698721304769294,0.884703859548599
CCN1,1.51076506984537,0.130848317181252,0.419878673332955
TMEM151B,1.2666564058861,0.205278174142051,0.526730081473565
B3GALT4,-1.59121772292829,0.111560585668441,0.390829757009434
ZNF692,1.55142638812944,0.120799535474059,0.405374922423482
PPM1N,1.76656827572079,0.0773005578480569,0.326377895847657
DCUN1D4,1.50973981666244,0.131109827136113,0.420074953162534
NOL7,2.5458562765386,0.0109010060160231,0.120775397480328
ARFIP1,1.38440907471048,0.16623323183771,0.471813874821451
INTS12,-0.258900598300815,0.795711936544062,0.92639576185047
PPP6C,-1.16040745195188,0.24588295418583,0.570990946188843
MTFR2,1.62444968245029,0.104279871028193,0.379213956733441
ASB15,-1.50127114523643,0.133285444991094,0.422618109910142
TMEM159,-0.251143380530174,0.801703257596595,0.928598549548607
SOX5,0.680867880765209,0.495955093309148,0.77612158890686
PENK,-0.970330298205117,0.33188187960894,0.654118845644615
NEURL3,-1.48443554737321,0.137693410138241,0.428218051598379
OSGIN2,-2.27461609176258,0.0229289699376003,0.175879649681702
PPP1R3E,-0.642089981780983,0.520814760272654,0.790832617591493
SRSF12,2.00958127345365,0.0444755248833607,0.248587511322205
DSE,1.41640127892538,0.156658049696458,0.457901887847239
MAPK9,0.246480210747596,0.805310521524688,0.929825260676463
ZBED9,0.90913729009699,0.363277660936094,0.677992815902492
FAM25G,-0.239389788783826,0.810803347228678,0.931890115953472
GLI2,-1.43211005266675,0.152112327952233,0.45039739856339
DYTN,2.2080603707295,0.0272400650513735,0.193147075423322
TMPRSS7,-0.226530079969826,0.820789166773418,0.93572735998244
NCOA2,-0.340695204218641,0.73333304939295,0.899477517791172
TGM7,0.780899048374057,0.434861871831247,0.734247814655534
MYBPC1,-1.01598592007465,0.309636091444283,0.634581706978645
DDX46,-0.893611414496096,0.371529836976174,0.686132900080955
SLC35A2,-1.46845765300537,0.141979950997702,0.435120632581159
KCNMB2,1.64574840078108,0.0998155696338178,0.371528617047171
ZC3H18,-2.04375338108752,0.0409779167614069,0.238458601457571
SLFN12,1.90015446795686,0.0574128515247717,0.281068873552667
BZW1,-0.643454943924101,0.519928941525328,0.790500723495361
WT1,1.620968655086,0.10502436123469,0.380083297816736
CCM2L,1.64086951036732,0.100824505312697,0.373618090686832
RAPH1,-0.802321382614378,0.42236707660798,0.724511557103873
PIGG,-3.91886349843982,8.89674791734182e-05,0.00948732809159168
SLC4A8,-0.517773463206131,0.604616335334209,0.84013940672372
CLDN25,-2.75379067805818,0.00589094318872402,0.0870431159033981
FASTKD1,2.73919697818152,0.00615894607120097,0.0898563068119681
TRIM26,-2.15131654395037,0.0314512233232189,0.209023619000208
URGCP,-1.2826767516357,0.199605348128326,0.519770606430858
UNC5C,-0.867697331931123,0.385560046859874,0.69700943837244
TMEM67,0.552342459799674,0.580713745187768,0.826553310128954
RAB34,0.879452938517864,0.379155739377403,0.691599648933512
TRA2B,-0.220482395036392,0.82549548177217,0.937197089682016
MARCHF8,0.212719156814453,0.831546023741492,0.94008393741193
CEP170B,-2.48459611957182,0.0129698488942434,0.131310359878456
TENT2,1.32103527740709,0.186489601824003,0.501690853209346
HEPACAM2,1.53611631104598,0.124509856531087,0.411309380467001
TCF3,1.48089877148276,0.138633550462084,0.42949373460243
MECP2,-0.96779660667435,0.333145958851916,0.655573976815674
SLC12A5,-2.97007920014321,0.00297722980936738,0.0608548776545219
ATXN7L3,1.84638914054293,0.0648357228649145,0.300381992500273
C2CD4D,-0.53923022056375,0.589728010343517,0.832221950170474
BTNL2,0.648703303888885,0.516530168465695,0.788571636796827
FGF12,-0.416482709651836,0.677056816963436,0.874315961293845
DGKZ,0.258573164733206,0.795964590665329,0.92639576185047
TNRC6B,-3.28312023505772,0.00102664867789956,0.0351074861182995
SLC39A5,2.1393021042889,0.032411209394878,0.212521558689958
GTSE1,-0.913010288145508,0.361237130660302,0.67596901137227
PRMT1,-0.0544465506480472,0.956579391777728,0.984811472399811
SLC4A7,0.255675270511215,0.798201591894142,0.92740874104555
RFC5,-1.35350747967198,0.175893562141187,0.487360469871197
CNOT10,0.23472786097731,0.814419961863136,0.933125974541569
TMEM169,0.613293167290767,0.539682510458794,0.800486256591013
GAS2,-0.254462152467469,0.799138539895592,0.928015230919018
USP41,0.883502309873908,0.376964935064958,0.690227696530844
HS3ST6,1.5417705007738,0.123129372918207,0.409217420633383
MALRD1,3.45546397326057,0.000549346600724594,0.0243288498665163
LTA,1.84621282158759,0.0648613099975913,0.300381992500273
GABRR1,-4.46165001559714,8.13309798955851e-06,0.00261815387312133
NAALADL2,1.49110327818597,0.135934381799267,0.426188423605229
GPR42,-0.315082810406382,0.752698779606413,0.907474595769807
EPS15L1,1.42834142332405,0.15319361041377,0.452050834006336
COG6,-1.09805652683721,0.272179806854746,0.597839757253263
CHTF18,0.410873940623473,0.68116497167945,0.876326077023197
TARS1,-1.54712743201574,0.121832520281225,0.406881671666881
SACS,-1.01994641888922,0.307753873026656,0.632963142734307
ANAPC7,-0.498580094420909,0.618075231148258,0.84815284640045
SLC23A3,0.93900184297258,0.347729798112252,0.66699608515469
PPP2R2D,-0.58037043069908,0.561664841031435,0.815410986815791
RUSC2,0.377941488760794,0.705474060738096,0.887780755550663
PRSS48,1.80304460493866,0.0713812097868955,0.313385165069282
CLEC2A,-2.8333576708327,0.00460618151858805,0.0766546162574884
IFFO2,-1.07577582723861,0.282027525569709,0.608787343449117
GTF2IRD1,3.58106782716197,0.000342192797553241,0.0192815381297015
GLRA1,-0.923863339457767,0.355557472452124,0.672773659779708
TMEM232,2.23916467995222,0.0251452030533263,0.184668731287267
NDUFS1,0.19604304513453,0.844576474494923,0.945946660799351
SLC30A8,1.15722388425069,0.247180901986597,0.57187485588078
TANGO2,0.895938118524153,0.370285814145386,0.68516471134754
TRRAP,-0.381545215037138,0.702798727187156,0.886441877595254
DEPDC1,2.69798802992668,0.006975994899475,0.0955362597995727
CATSPER4,1.93237099338909,0.0533137315914775,0.271902428349904
TM2D2,1.57748728313927,0.114683445933485,0.394997460509156
CAND2,-3.040013484163,0.00236567556883305,0.0545451426674465
GH2,-0.722522269643853,0.469973438692705,0.760790918582848
CAPN5,0.330891118484113,0.740726730868572,0.903147252944839
SYTL5,0.34262049340194,0.731883982757242,0.898738351095923
PAPSS2,2.39474954494355,0.0166317216062567,0.149768653064342
GOLGA3,-2.65193938251545,0.00800309084890378,0.102544528394868
STK11IP,0.596770270559756,0.550660769270713,0.808898717809348
TMED7,0.826219051285146,0.408679843001734,0.713551154224471
TSGA13,0.130462273824557,0.896200700122433,0.967158529128925
BHMG1,-1.88324055300422,0.059667775593977,0.28669099708129
PDCD6IP,-1.58346646168847,0.113315185059062,0.393562452264135
GRID2IP,-2.6986054644201,0.0069630671120512,0.0954859177827732
SATB2,0.369912554661432,0.711447646680713,0.890009639966634
MUC1,-0.815410091316802,0.414837609902591,0.718413622717676
DHX57,-1.09260830626756,0.274565814188693,0.600284184148879
CAPNS2,0.374203494843133,0.708252924067642,0.888435287977165
TMX1,-1.00195356217339,0.316366021611674,0.640988172204556
TMED4,-0.87038309924748,0.384091079626319,0.695945031184719
FGFR2,-1.8571194258807,0.0632941650298048,0.295906489123923
CEP44,0.76496223026934,0.444294035700455,0.740596670574729
MYO16,2.59698134392598,0.00940470319776514,0.111234460492741
MAPKBP1,2.45217375122747,0.0141996078357528,0.138069252195391
SAMD3,1.3322318405075,0.18278401667137,0.497606000373906
TEX264,0.979954720392372,0.327108470025067,0.64969206931002
DHX30,-1.12247501744037,0.261660523925771,0.587675686893838
IGF2BP2,2.08565788453041,0.0370096239479778,0.227132486955003
NLGN1,0.20140898364305,0.840378791214967,0.944287714276459
PLS1,0.00779550427782021,0.99378015048971,0.997595990542374
SMARCAD1,0.637425837573698,0.523847502962381,0.792327671894299
BCKDHA,0.0832442787590546,0.933657305535443,0.976805735843542
MID1IP1,0.75324705665322,0.451301466900957,0.745664150135299
OSR2,0.576692687110581,0.564147073387609,0.817317572242052
TBL1XR1,1.26398285916226,0.206236179308613,0.528101458201153
SNX27,-1.83949855871467,0.0658418897006809,0.30221856551954
CNEP1R1,-0.810945090898666,0.417397204221112,0.720730906297109
SULF1,0.834683935052133,0.403895689206334,0.709974936232051
LMNTD1,0.335981263750814,0.736884995394697,0.901378680126228
CDKN2AIPNL,1.22683432865613,0.219884865401113,0.545392135680928
JAK3,5.22462210575283,1.74511137273283e-07,0.00035358137800783
NOSTRIN,0.116525297335403,0.907236238284433,0.9704919162293
CFAP97,-0.0285954725512859,0.977187222990116,0.992962987144831
CLSTN2,-1.2556883859127,0.209228971671215,0.531567141067019
LRRD1,0.708832532291156,0.478428406889433,0.766743726247856
TRAPPC2,1.71438923082905,0.0864572650258222,0.34516891842452
TMEM64,-1.97468758677573,0.0483036124813307,0.260561760117051
LMOD2,-2.68557251853803,0.00724056602660163,0.0975580504781262
UBE2L3,0.476597633094885,0.633648669178827,0.856275694840308
EXD1,1.2372691155355,0.215987189740799,0.540768668289869
BCAP31,-3.42801486845333,0.000608012158785436,0.0260033485006679
SCFD1,-0.600164528897299,0.548396590759716,0.807616761805366
CD28,-1.10176549107883,0.270563636598265,0.595703067864885
MYO7A,-0.935226727536549,0.349671467174424,0.668170490136747
DDX39B,-1.15788912381979,0.246909286516367,0.571817777560192
ARMH1,1.32742724646251,0.184367391651088,0.49976806298142
TSC22D1,0.932094417362246,0.351287732882354,0.669258405956049
PRICKLE4,-0.313928963073849,0.753574992214797,0.907726102997306
ZNF575,2.1792965506328,0.0293096453113803,0.20185773697479
CDS2,-0.0507989128443451,0.95948575718494,0.986334664598836
SHROOM4,3.22947592591981,0.00124017322139362,0.038216668717812
BAP1,0.569970220327004,0.568697896286376,0.820455606345215
DRD3,2.31694479882643,0.0205067389755838,0.167066903772936
EHMT1,-2.99126154439786,0.0027782742652142,0.0585605299933121
KCNIP2,0.321313202440559,0.747973052350398,0.905444003401613
RNF112,-2.89319213454058,0.00381347939472209,0.0695033219403354
HTD2,2.76922409465867,0.00561899726695982,0.0854393308631817
POR,1.65889013755248,0.0971379323569209,0.366738015065634
C3orf14,3.24194399913918,0.00118717348092725,0.0372924320781974
TFR2,2.30712990111225,0.0210475794809352,0.169097328018505
TKT,-0.483616302796783,0.628658202558403,0.85335573279199
RPS27L,-1.14537782274417,0.252052681009751,0.577622212142945
YIPF6,0.777221668577445,0.437028000155417,0.735773413098549
BORCS8,0.418142978755445,0.675842583179481,0.873861872268363
ADCY5,-0.376528859369262,0.706523764688306,0.887832840227308
CGGBP1,-0.256717529904335,0.797396838058523,0.927156605924344
CYP2E1,0.969948689723742,0.332072068642927,0.654279177946295
PRAP1,0.358188517679007,0.720202239532612,0.8934082912762
ARL6,1.17953564923918,0.238184949992022,0.563776263788068
PLCD1,-1.41425874254364,0.157285945949644,0.458685510287523
LYRM4,0.521606018624938,0.601944671922402,0.838229275062014
ROBO1,0.465946241242,0.641253980982725,0.859064569313496
PIGP,-0.671301519598773,0.502028466804712,0.778994774883935
GPR156,3.31630990631548,0.000912146178483998,0.0329286801938689
PARP15,1.51855466348506,0.128874630199887,0.417118386763173
B3GNT10,2.40558088660377,0.0161467770324826,0.147782670197352
RAB9A,-2.80714754246887,0.00499823430425754,0.0802142374630797
ZC3HAV1,0.165749919468472,0.868353759304192,0.955182539938392
NAA10,0.951676267894987,0.341261188756195,0.662241572352062
TTC26,-0.0133077282674793,0.989382282468842,0.996391074594843
PGAP2,-1.52935457148842,0.12617656789087,0.41326531982544
MRPS22,1.88319508306039,0.0596739351549537,0.28669099708129
ANP32A,-1.19661937416823,0.231454945464046,0.556485462696663
CCNJ,0.930097492068485,0.352320609178886,0.670198891465856
CNIH4,0.309062201688807,0.757274211190935,0.909401494528757
RTL9,1.49637819279222,0.134555129040663,0.424140554126009
MINDY4B,1.79276353929907,0.0730107418068031,0.317018782198358
STIM2,0.995729432593117,0.319381625429199,0.642928063410567
RAB42,0.999409145191353,0.317596531469433,0.641556512318385
CDNF,2.09307922034954,0.0363420833255116,0.225227079683956
SSBP1,1.21113486674887,0.225843720416719,0.550439854770829
TBC1D2,-0.0656024077935166,0.947694372103205,0.981246964294523
WWTR1,-1.33924650863867,0.180490436276325,0.494327203440636
RASA4B,1.24641459948589,0.21261222412155,0.536122235132543
DNAJC24,0.382956531214563,0.70175199465337,0.886046353804356
PCCB,0.270850629091119,0.786505918326319,0.921931908457572
MLF1,2.71655956980271,0.00659643232787378,0.0931579795902291
CPA5,-0.481712804672356,0.630009978590751,0.853932591974827
RWDD1,1.5021569425346,0.133056581825476,0.422527071178164
SRPRB,-0.304683609642272,0.76060713405439,0.91087410682583
CREG1,-0.635830500958401,0.5248869050472,0.792785621386678
MALSU1,1.62699559067909,0.103738034266292,0.378842139497297
CMC1,0.498135080444055,0.618388836134706,0.848354125677763
HELZ2,0.32474378899966,0.745374990412243,0.905002488358954
PEX5L,0.395566879278008,0.692424574743103,0.881080028580766
GPR143,-1.01117875373831,0.311930882711103,0.636046783640974
SSR3,1.18073731982385,0.23770709102951,0.563376169234821
CALML4,0.940050664653934,0.347191573237336,0.666915297944446
BRD9,-0.432719882075909,0.665218283958558,0.869556990386133
RAB23,1.58266533192568,0.113497764031618,0.393683983990691
HBP1,0.707406583590987,0.479313846783214,0.767024630654896
KIF12,2.02910983760637,0.0424471041270379,0.243290350351895
KLF8,0.455476887854379,0.648766191317019,0.861755869224612
DBNL,-2.98145248607091,0.00286884560614138,0.059770075102758
ZBTB8OS,-4.17022838653339,3.04294532007411e-05,0.00524713837160439
PPIA,-0.503248294023553,0.614789714464022,0.846181241042427
ARMC8,1.45359877304302,0.146057577294213,0.441194049638817
EIF1,0.471986717531105,0.63693626935257,0.85759850583831
PUS7,1.54895866959249,0.121391655818425,0.406312674906804
BPNT1,0.751404980426297,0.45240896630694,0.746523153300335
SLC12A8,3.43038688226878,0.000602721216094485,0.0259138148320305
KLHL13,0.179780394219251,0.857324975969986,0.950504824589432
HFE,-0.346917872312436,0.728653019367747,0.897328110185181
KLC3,0.783355002662271,0.433418672213342,0.733328106253242
GOLIM4,1.20569900813585,0.227933567616725,0.552308506077866
LRRC75A,1.01283067969632,0.311141043803501,0.635654799472013
C1orf52,-0.437064105775226,0.662064857696345,0.868374126648848
SELENOT,1.91060267427579,0.0560556604442133,0.277572354669655
ABI3BP,1.41893141409079,0.155919012696689,0.456849471583628
MFN1,-1.22297037435543,0.22134088609516,0.54643285500988
SLC45A1,-1.7150357642929,0.0863386700450596,0.34478036530189
MYSM1,3.94964437621906,7.82673905087093e-05,0.00916683239364729
TAF6,0.996501807982568,0.319006389050615,0.642769041819114
C16orf89,-3.18737206164273,0.00143571958811697,0.0416307313126797
NMD3,-1.17315066631516,0.240735391544304,0.566504059457262
TMEM44,2.30092933215083,0.0213956258262496,0.170613258249009
COMMD2,0.40155472467504,0.688011755886679,0.879224495088387
U2SURP,-1.76260412494732,0.0779672808915881,0.327516279285729
UBN2,-1.16225716053088,0.245131022320594,0.570634603015153
WNT5A,0.636582665964616,0.52439671902905,0.792614791756495
IDH3B,0.274505070530871,0.783696507508332,0.920836295049116
MED12L,-0.332618288991983,0.739422436122828,0.902393639247122
FAM107A,3.81537967460946,0.000135973701926862,0.0121098776622665
SSR1,1.32992099741429,0.183544302395065,0.498841919600759
ATPAF2,-1.30352067133641,0.192397063843521,0.5102677299602
PARP14,1.43793218605381,0.150453296295417,0.448289977877283
NSUN4,1.71187947597607,0.086918881709629,0.346329437962482
LMF2,0.350428506820353,0.726017135676867,0.895588331570712
PTPRG,1.80940177599876,0.0703886074616938,0.31091005571519
SPATA6L,0.263875180582587,0.791876101032322,0.925082788044436
ZNF398,-0.100327011624428,0.920084713500656,0.973665805943588
VAPB,-0.332572444656663,0.739457046392565,0.902393639247122
PURG,-1.04451498435878,0.296247190188029,0.622165160113729
SUPT20H,-0.660702283665654,0.508803258992509,0.784231317674386
TMEM14B,0.79851558640565,0.424571351875537,0.726743736790983
NSFL1C,0.797823975116604,0.42497264623336,0.727005976020742
NDUFB2,2.23428055875826,0.0254646187048507,0.185872951239933
SMIM29,-0.462319441726478,0.643852259594289,0.859803281095682
MRPS14,2.15907117264803,0.030844645708442,0.207280622839194
CCDC39,0.945279637962776,0.344516131031012,0.66454597180637
MRPL47,1.35022181142228,0.176944843819155,0.489019432815803
ALG2,2.0690759797156,0.0385389573790625,0.231190954906448
TRPC1,-1.81094710694429,0.0701490396560206,0.310491789899661
CAMKV,2.05564469393473,0.0398167764412579,0.234988729221122
ST6GALNAC5,0.310500827318815,0.756180130443904,0.908686704835547
FAM162A,1.7211797340038,0.085218214135592,0.341991095054175
TAFA1,0.270490437615727,0.786782972522097,0.92218997769981
DCUN1D2,2.5322091569598,0.0113346357853022,0.122459801341161
AL353579,1.51806665051563,0.128997597321653,0.417287383567875
SYNPR,-0.496971178665985,0.619209375829502,0.848654349765034
ADPRH,0.708872812211803,0.478403408142782,0.766743726247856
SEPHS2,0.50488601584996,0.613638896616337,0.845347733686343
DUSP13,-1.10989014974752,0.267046365638401,0.592538859438604
GLT8D1,1.38269286381578,0.166759060955474,0.472634659735493
RPL23,-0.470346771799504,0.638107286420862,0.857635240928338
NISCH,1.78302873390236,0.0745816260477373,0.320727166924075
GPBAR1,3.59548416882345,0.00032378881941811,0.0189056315418377
CALU,0.121190097082708,0.903540467686682,0.969947563406211
GSTK1,2.02254334620723,0.043120250277666,0.245627347264647
C21orf62,-1.10573193395264,0.268842563704623,0.59422630296444
AZI2,0.401002195847731,0.688418507227901,0.879251090036801
TCAF1,0.650231784585327,0.515542512861997,0.787822060052805
OARD1,0.269937021901082,0.787208704662087,0.922527744607001
JAM2,-1.41210586784809,0.157918791263126,0.459799836102749
LIMS3,-0.23716381954107,0.812529703473428,0.932577619100159
ASB11,1.65062218527717,0.0988157459128745,0.36956993063767
CST7,0.982838459503535,0.325686949976569,0.64856015977353
RSRC1,-0.409941719947673,0.681848700164361,0.87636706789613
DDI2,-0.300190388342013,0.764031936182526,0.913019290296562
TIGIT,0.782063986842449,0.434176970016444,0.733699336314736
STK26,0.712089227203486,0.476409524777679,0.765324280190426
PPP2CA,-0.521384433700511,0.602098993089654,0.83826493514365
BTBD9,0.18283740823631,0.854925595803422,0.950069527305451
RAMP3,-2.44250406078609,0.0145857655225877,0.139434807367806
FSBP,-0.527592102295753,0.59778247573278,0.836788297058378
RBM48,2.8969537806714,0.00376805264076379,0.0691114925952134
RXRA,-1.23431404836937,0.217085903078758,0.542350301973486
NCK1,0.316751408460696,0.751432237395957,0.906758077329085
KNCN,-1.32441563582408,0.185365044541133,0.500273536848361
CFAP20DC,5.26910912020201,1.37087456654056e-07,0.00035358137800783
PLSCR5,0.891691862233522,0.372558116566103,0.686936606935218
SCHIP1,2.26921071079536,0.0232555152345839,0.177127576574501
POLE4,0.356627647575442,0.721370576934901,0.893782838961134
URM1,0.643596282757292,0.519837261354227,0.790500723495361
ABHD14B,1.00093884645794,0.316856374428503,0.641084565050747
TTC12,0.417334739154437,0.676433582163436,0.87404954187302
TREML2,3.5146997458201,0.000440251444979266,0.0216085002027493
KIAA0408,3.97848856870351,6.93547451320283e-05,0.00858145850263394
DNAJC12,1.31705216127025,0.187821140844609,0.504038554958653
HAX1,0.866450138953011,0.386243358397999,0.697554041659227
FXN,0.512945449838992,0.607989479584253,0.842299271331723
HOXB6,0.164262185128678,0.869524749186522,0.955922860795194
FBXL2,2.33919283124669,0.0193254559359727,0.162303790293358
TMEM176A,-0.705633164073068,0.480416294637478,0.76762008531294
QTRT2,0.558211422662555,0.576700021753064,0.825009594185109
NECTIN3,3.75783760230363,0.000171388048559173,0.0136177886230178
PPP2R5D,-0.127963303833684,0.898178013537828,0.968173352307883
EFCAB10,-0.0701511522352883,0.944073353354333,0.979735257348127
SLC4A2,-1.48985684102229,0.136261881720275,0.426605639217009
NDUFA3,0.750775618420612,0.452787705164762,0.74696673763349
CDK5,-1.09515635773872,0.273448141730595,0.59897655295873
GRM7,-2.6886754183698,0.00717361335908394,0.0969527034117172
KLHL29,-2.07752803920735,0.0377528500988203,0.229189493352726
TSPAN33,-0.824266337690231,0.409788241120358,0.714144457619598
RAB11FIP5,1.76534977072384,0.0775049996026983,0.32690878828861
FEZF2,-0.69334438127915,0.488093457351016,0.771854326849036
NR6A1,0.435638674562523,0.66309890620059,0.869041385827364
ADAM9,3.93111244072782,8.45537131911111e-05,0.00946048548746698
ASB14,0.936737594624652,0.348893552902195,0.6678336796164
IVD,1.14197799713109,0.253463165640224,0.579303305071371
TFAM,3.25679107449248,0.00112679336035659,0.0363828557331075
KCNT1,-0.325684510205886,0.744663064881291,0.904973449141284
RAD51B,2.48401765668692,0.0129909366536527,0.131310359878456
CUTA,1.52651152637733,0.126882522099268,0.414060559836327
C1orf94,-0.737512387692914,0.460810812759962,0.753174793619537
CIAO1,-1.44753464572715,0.147747240281851,0.443898983823638
CCDC14,0.983938663927086,0.32514567176814,0.648232931253719
VAMP2,-0.889649558105519,0.373654086876873,0.687620242301003
UHMK1,-1.24181370783158,0.214305303925224,0.538484559657974
OPN5,-0.751410414501041,0.452405696957068,0.746523153300335
REPIN1,1.18260772757417,0.236964648502577,0.56254115768198
TFDP2,-1.01483563402258,0.310184184486366,0.63519130034939
IRF5,-0.938043675143265,0.348221965613363,0.667128480086683
SLC15A2,-0.151418196756196,0.879645836022505,0.96015562390684
LNP1,-0.766321533001543,0.443485008919417,0.740345396865171
LSAMP,-1.18214150850095,0.237149556690455,0.562722465875506
THOC5,-2.49552969733407,0.0125769227100096,0.129367681172901
SMYD3,-1.44921524720871,0.147277480802889,0.44298027209761
KCNAB1,-1.00538389415905,0.314712032128228,0.639003799169041
TUBA4B,-0.0532167503904541,0.957559209644541,0.985193663444377
FAM178B,0.707464333106105,0.479277969972827,0.767024630654896
SLC26A8,-0.68420840729598,0.493843574130124,0.775643943428513
SPATA1,-0.45501634373771,0.649097480796166,0.861755869224612
FLNB,3.21002035003779,0.00132725575396516,0.0396196841915678
ONECUT2,-0.947372961378099,0.343448764051014,0.663705866516606
CPB1,5.44778277919986,5.10015906075302e-08,0.000165336956431491
RPL37A,0.197289916577093,0.843600669681928,0.945180519277048
ERICH6,2.36233657473209,0.0181601463442994,0.157410594703074
SNX21,0.831066919758721,0.405935826125318,0.71147689344016
UTP25,-0.249590091140456,0.802904362241895,0.929127939730341
NUDT5,-0.932965001462063,0.350838038959798,0.669176853297871
ADRM1,-2.53262840385511,0.0113210897183595,0.122459801341161
SRSF10,-2.11487849328902,0.0344403046413143,0.21912035348059
SLC35A5,0.603581820188167,0.546121702590127,0.806274403614479
HADHA,1.13383456776889,0.256863947952661,0.582801850708921
FHIT,0.977010323415241,0.328564041578462,0.65074707919882
SEC22A,-0.95242182566512,0.340883094857338,0.661944411396375
FNDC3A,1.34181080261179,0.179657348681062,0.493570502503616
MME,-1.88067476626435,0.0600161742752973,0.287471355158058
ATP6V1F,0.855935173558546,0.392033637992774,0.701531600598904
PSMD6,-0.587532978714688,0.556845808309929,0.813148895992846
POPDC2,-0.255667271369129,0.798207769056772,0.92740874104555
SUCLG2,0.711702966027449,0.476648730604313,0.765480954559132
RWDD2B,0.193246009315321,0.846766307545204,0.946817349327981
FAM199X,-0.0134303322651302,0.989284467373769,0.996391074594843
PARK7,0.6857346502215,0.492880452229103,0.774738096410157
RPL7L1,-0.455416732075216,0.64880946004973,0.861755869224612
CFAP74,-1.04313204069369,0.296887143029751,0.622912076565168
TBRG4,0.462142960141375,0.643978804387499,0.859803281095682
SMIM40,-1.30114361784808,0.193209300115655,0.511302782950963
CLIC3,0.982845610994671,0.325683429697387,0.64856015977353
TIMMDC1,2.60019929086653,0.00931696352644302,0.110798724724956
SUSD4,-0.39772077916777,0.690836018751738,0.880355474725221
EBP,-0.889485867507656,0.373742015144094,0.687625916398481
SELENOK,0.0663708692626777,0.947082562010313,0.980973943870226
HACD4,-0.525589680253706,0.599173328432531,0.836788297058378
DUSP7,-0.728223772465755,0.466476615878754,0.758006964088093
PHC3,1.8454238545433,0.0649759057331688,0.300483439665887
PIK3CG,-1.49576996898935,0.134713609729634,0.424333795421274
KRBA1,1.7449988830228,0.0809850633947468,0.333092600786304
PRKRIP1,1.28195267072603,0.199859249601788,0.520070408861034
GMPS,2.90824830517961,0.00363459621358905,0.0681069600819326
DENND2A,0.3088294194016,0.757451288872548,0.909401494528757
DHX36,0.0863431867552588,0.93119360857399,0.976055173394711
ZNF639,2.15655586686821,0.0310402863814553,0.208015410276808
EVX1,1.28296620643063,0.199503915754153,0.519770606430858
IL18BP,0.571520548629435,0.567646835266163,0.819760116966254
KRTCAP2,0.994578402518916,0.319941355988674,0.643288492486481
RGL2,0.82393708162458,0.409975309196671,0.714269572600929
IAH1,0.248754427101247,0.803550745029035,0.929277541821891
RRP1,1.53252985269122,0.125391736694086,0.412430200979221
KLF6,2.91511737750632,0.00355554790172133,0.0676789758072934
LCN10,-1.11730069768913,0.263865777287529,0.590256746350201
PPM1L,0.6870875593362,0.492027553380466,0.774373688003104
PROX1,-0.206659552400425,0.836275747939415,0.942749605660051
CASR,0.38031332494876,0.703712845460568,0.88662895546602
HOXB3,0.34260091619358,0.731898712719241,0.898738351095923
KIAA2012,3.96534668037999,7.32893488038154e-05,0.00879960781304476
ADAMTS9,0.392734100720682,0.694515881499556,0.882448899541773
KIF1A,-3.66199368378934,0.000250260031403206,0.0166711141997202
PGAM5,-0.950192439267852,0.342014479677496,0.662903604591407
PLRG1,1.70408734177175,0.0883647710962542,0.34959838288972
TMEM267,1.46781466523881,0.142154572794637,0.435276836713935
GNPDA1,0.0380423546256845,0.969653912345329,0.990285750433686
USP45,2.65796362110909,0.00786143784517864,0.101373147201671
ZCCHC3,0.87061251988313,0.383965758107677,0.695929886298484
DOK3,2.5297409741524,0.0114146760711992,0.122530122144415
ZNF623,0.781083764233849,0.434753230316143,0.734206617023793
AREG,1.43765972010629,0.150530627201246,0.448355556101617
TMEM167A,-0.0944186411259603,0.924776608476966,0.974713539422955
MLIP,2.02283633399191,0.0430900242776581,0.245627347264647
BEND4,0.830905303021308,0.406027127642241,0.71147689344016
CAGE1,3.0299204882309,0.00244618128461096,0.0551875872750923
ACTN3,-1.79543852726512,0.0725838587044699,0.316318625733367
PDGFC,1.35580339443878,0.175161731012762,0.486330335386409
SV2C,-0.245629241214832,0.805969251354934,0.929825260676463
XPNPEP1,-0.291354975656694,0.770779845691025,0.915414018083662
GUCY1B1,-0.478992872298864,0.631943699352509,0.855093867537077
IDO2,4.26202242659927,2.02585106652047e-05,0.00426454804379615
RANBP3L,1.52903247928081,0.126256392360761,0.41326531982544
LIMCH1,2.49365769834758,0.0126434407152809,0.129710563521133
MGAT4D,0.632411028952873,0.527118329029121,0.794457595019742
SAMD14,1.43360178005679,0.151685935250758,0.450004377587638
PDK2,-0.353953398696549,0.723373807694531,0.894705403448028
RPL9,0.4328465611111,0.665126244756658,0.869556990386133
MEGF10,1.53407719683114,0.125010662452952,0.412016638409902
SPCS3,-0.825749676182914,0.408946106336711,0.713674358054668
ZNF827,0.385276725401716,0.700032403523096,0.885505047722064
PACRGL,0.793328828021917,0.427586265164,0.729475399646698
TUSC3,0.222365033860658,0.824029729365412,0.936819265165029
PRIMPOL,0.297044262893002,0.766432716454146,0.914117281779928
TMEM158,1.22871346215291,0.219179257010203,0.544388074912409
GPX8,-1.36066005580276,0.17362114324998,0.483936521819651
ROPN1L,-0.0675360488513459,0.946154964690793,0.980639799390822
CXCL11,1.19655807527086,0.231478849760594,0.556485462696663
ANKRD50,2.18642036435635,0.0287848650727559,0.19956111119089
PCDHA1,-0.826108775320428,0.408742390186966,0.713551154224471
CNOT6L,0.162508089638531,0.870905758343161,0.956662472010321
CDKN2AIP,-1.91531742484957,0.0554520347296438,0.276220661011923
GC,2.81981734317161,0.00480509924803676,0.0782777870681394
DLEU7,1.18137786044081,0.237452649090551,0.563165446007298
TIGD5,0.321867257129007,0.747553259282062,0.90534151073692
NR3C1,0.354860832788734,0.722693852195572,0.894705403448028
FBXL7,-0.0746706492074953,0.940476760996969,0.978400267694593
ADAMTS12,-0.132163055595381,0.894855322099514,0.966851747494402
DCK,0.307869544830287,0.758181600647615,0.909784243773852
TMEM33,0.546737436354444,0.584559130833162,0.829271482509693
ZGRF1,-2.26824679095017,0.023314169006094,0.177127576574501
CRISP1,-0.622799052222472,0.533416581236899,0.798350727555552
MAEA,0.838864001408993,0.401545630725318,0.708768948120531
DDX4,-2.1188724669001,0.0341012463752725,0.218268744380318
PLAC8,-1.4756942232668,0.14002599744437,0.432073366186141
SRP19,-0.782719344752364,0.433791939807958,0.733653333926042
SEC31A,1.1096570198868,0.267146850349099,0.592538859438604
ALYREF,-1.46641137208966,0.142536250076601,0.435754446905249
RHOH,-0.147031112129159,0.883107463255054,0.961594039493562
PALLD,-0.0922017947774727,0.926537712094881,0.975498759076853
THUMPD2,2.66235596503994,0.00775957708766586,0.100873176037598
MIB2,-0.971383127043824,0.331357527606558,0.653641738465948
HADH,-0.424990941189316,0.670843278478737,0.871285659683641
LRP2BP,-1.81467696731551,0.069573566657025,0.309966034333763
ERBIN,0.45432884075672,0.649592160858151,0.861851463972315
SUB1,-0.482881976364582,0.62917953995425,0.853531807127807
FOXL3,-1.8206043745937,0.0686670173778245,0.30797556299866
CEP192,3.50449634528678,0.000457471847060314,0.0219081951276813
GUCY1A1,-0.686055373452612,0.492678190771649,0.774671556065623
AHRR,1.99082207304598,0.0465004517810201,0.255413698040852
YIPF3,-0.00659408656355483,0.994738718266859,0.998063908868827
WDR36,2.97921091287925,0.00288991781368499,0.0599778205403584
PGM3,-0.851688547876233,0.394386978491109,0.702871746493941
PRPS1L1,-0.786959812127544,0.431305392137122,0.731489353314467
WNT8A,2.33966075921495,0.019301262915215,0.162303790293358
ADGRL3,0.333695911561796,0.738609035021867,0.902176000795895
SLCO6A1,1.85844776274395,0.0631054549541803,0.295458208940586
CDK18,0.445945916568035,0.655636313413678,0.864844482757349
GALNTL6,-1.48239426635111,0.138235418703624,0.428916137397979
SLC10A7,1.25651341880203,0.208929883870939,0.53113934875534
GABRA2,-0.424122024815096,0.671476823716442,0.871833373567751
MRPS30,3.03641589564416,0.00239408888399825,0.0549053250090577
NEK1,-0.197516768362745,0.843423160651535,0.945180519277048
SMIM31,1.08657315419541,0.277225494692857,0.603565888982743
SMG7,-0.103383631531572,0.91765850267635,0.972788284263588
ATP2C1,-0.798297158801567,0.424698066424017,0.726766359656555
TLL1,0.903624015691317,0.36619480241146,0.681240853011288
SLC4A9,0.132001741128199,0.894982914579969,0.966925152464621
COX18,1.32307101783701,0.185811761741743,0.500968537270778
DEK,-0.834732781000866,0.403868180265637,0.709974936232051
SERINC5,-1.14331531906775,0.252907696910185,0.579090388362365
LRAT,1.50092592138611,0.133374722830519,0.422818478849966
SORCS2,-3.59403710608997,0.000325593437079,0.01891592839288
CDH18,0.0552429371570558,0.955944922237461,0.984784193437762
FBN2,3.19249533570108,0.00141049222711269,0.041168376992187
HOXC9,-0.0774667096724396,0.938252273498876,0.977679325361294
CPLANE1,0.807390921028135,0.419441295974137,0.721933462567842
NEDD4,4.42357591794414,9.70804957327234e-06,0.00266708094124019
SMUG1,-0.518927502569389,0.603811298082325,0.839928318453747
RNF213,-0.898146277553873,0.369107569897032,0.684331416614654
OCIAD2,0.745101330711619,0.45621046473319,0.749910184510384
CFAP299,0.663208395719056,0.507197095142511,0.782840858045954
GLRX,-1.87136994610635,0.0612938215988438,0.291266946436722
NSD2,-3.30179706834984,0.000960675461370394,0.033762097166233
LYRM9,-0.285425671116843,0.775318042447169,0.917382012491344
PKD2L2,0.527707204372835,0.597702572131022,0.836788297058378
BTN3A2,0.093048421039847,0.925865093623866,0.975326399073845
LARP7,-0.0822739543107199,0.93442886563709,0.977045380151696
ZNF131,-1.17723726840024,0.239100817379464,0.564871760516505
AADAT,1.57791376057738,0.114585423275514,0.394938775306355
CCSER1,2.02662910745254,0.0427003574740494,0.24405151420905
C1QB,1.02567451339946,0.305045031629307,0.630592388429975
AC010255,0.583665948008472,0.559445081400462,0.814476268769411
MAML3,0.196358362827831,0.844329683460026,0.945800956406605
SIL1,-0.947205978174269,0.343533829692306,0.66376681910628
UNC5A,0.704818079028584,0.480923456141713,0.767914911441278
RAD17,0.407416200389654,0.683702330364785,0.877306133065453
INPP4B,0.322090127998194,0.74738441682928,0.905234941490753
TNIP3,0.986125572510055,0.324071496209555,0.647787025504924
ATG12,2.84517938429876,0.00443864185450898,0.0754941718989884
HSD17B4,0.701794826879907,0.48280712537381,0.768874961396891
ANAPC4,2.33197837317781,0.0197018289133138,0.164432478044312
RPS6KA2,-3.7178079649212,0.000200958933913278,0.0148061061809105
LRBA,2.97839837534506,0.00289759100356273,0.0600601695354837
FNIP1,-0.527292613748394,0.597990402742178,0.836788297058378
DIO3,-0.0468811451062384,0.962607955594569,0.987850034606325
SEPTIN11,1.63694460164844,0.101642045396752,0.374784977477848
SHLD3,1.03451005384283,0.30089777913967,0.626091412333107
CCDC110,0.822986630329561,0.410515596391414,0.714797217951277
CDHR2,-0.119910294237788,0.904554209695807,0.969992984773755
DTWD2,1.75631213685192,0.0790351260425241,0.328882350920594
GTF2H2C,-0.360855652814282,0.718207356860408,0.893094193479268
MTTP,0.510978226039277,0.609366303555676,0.84312577160341
CLRN2,2.15849936820563,0.0308890274795417,0.207406895781231
GAK,-0.190294699670905,0.849078206817329,0.94830211908648
USP26,-1.13906742371416,0.254675033480826,0.581193568054003
UVSSA,-1.0556414818878,0.291132041554157,0.617018731897402
SH3RF2,3.56954808320482,0.000357597580133117,0.0199872385392334
UIMC1,1.23399935525176,0.217203144495669,0.542350301973486
DROSHA,-0.14949902602873,0.881159877847994,0.960987832626154
ATPSCKMT,0.874420689895908,0.38188919400874,0.693717577685495
ANKRD13D,-0.500551839407765,0.61668656403058,0.847036057653731
SPOCK3,0.471962640875517,0.63695345494394,0.85759850583831
HGFAC,0.731975467981061,0.464183541315798,0.756221985679677
FHDC1,0.591237644640927,0.554361202950976,0.811710997166429
COPS4,-0.157973114171046,0.874477984451256,0.958507820528159
CAMK2D,-2.89459827730755,0.00379644047484453,0.0693759905938613
TENM3,-1.30258254597472,0.192717319791482,0.510751541737469
SH3BP2,-3.96901461260445,7.21704565642064e-05,0.00872993231678523
ANAPC13,1.04001404028432,0.298333377677602,0.624592231633624
C4orf54,1.1031638815929,0.269956003225926,0.595322158551603
ZNF346,3.59767178104803,0.000321078435256283,0.0189056315418377
POLN,-0.514400335091635,0.606972125018137,0.841825205306664
ETFDH,0.657433598659278,0.510902153718719,0.784874704731941
SH3TC2,2.10148755513507,0.0355981893013654,0.223275689158955
KCNN2,0.495935820080292,0.619939692825136,0.848753270692809
FRAS1,1.39024878174945,0.164453344952368,0.469382685038375
CPNE4,-0.0944616275123288,0.924742462914085,0.974713539422955
DAPP1,0.927369281263206,0.353734834301584,0.671082644856228
KCTD16,0.173636118538539,0.862151444679757,0.951912629749322
MTX3,1.49537452937847,0.134816724079379,0.424484125991191
PAICS,0.0897397419681793,0.928494033809396,0.975498759076853
PRRC1,1.51734817651921,0.12917880074612,0.417412293637758
ABL2,1.83933613971769,0.0658657605961725,0.30221856551954
TTC39B,-0.0913687744441192,0.927199572325141,0.975498759076853
TRIML2,1.21458487700446,0.224524459655656,0.548948389889699
PAQR3,-1.38224166354414,0.166897511348688,0.472824430848484
PCBD2,4.41348220360629,1.0172108339118e-05,0.00274799506781273
UCHL1,-0.443303408881965,0.657546290443976,0.866227087630396
RACK1,0.699062073642555,0.484513239075082,0.769755713141994
EXOC3,-2.5035882604771,0.0122941012395853,0.127904420405929
SPINK13,0.13395898642844,0.893435006137721,0.966283313170503
GRAMD2B,0.473069087356682,0.636163890246689,0.85759850583831
MXD3,1.39587410569771,0.162752409557849,0.467343151089989
TRPC7,1.22749745417251,0.219635678086251,0.545104073817186
KIAA0825,4.19357988141134,2.74586319780275e-05,0.00494010382691214
TET2,2.72690372824598,0.00639316888847152,0.0921127773450976
DDR1,-1.04814734772707,0.294570724622807,0.620735423220369
MCIDAS,1.40632270018854,0.159628322397744,0.462286131453462
ACSL1,-0.865020574645716,0.387027496196762,0.698102350870165
TTC29,0.453714407353211,0.6500343958362,0.862085380634017
TNFAIP8,2.06798816203304,0.0386411362778951,0.231632462251628
CLOCK,1.53839211464632,0.123952769106376,0.410830846812828
SREK1IP1,0.843078386865149,0.399184605510931,0.707104366635075
IGSF22,-0.64776827315594,0.517134838677942,0.788854765375714
MRPS27,1.08569385850349,0.27761445873133,0.603933591314334
CDC25C,1.83501201863098,0.0665039086916712,0.303993755212436
ASTE1,-0.625512802039739,0.531634548812787,0.797599444808078
TTC23L,-2.25202879129533,0.0243204526331606,0.181747448930797
CNGA1,-2.90843895208624,0.00363238088577838,0.0681069600819326
CSRNP1,1.33344266883459,0.182386577818386,0.497108464748314
ZBTB38,1.06608841321768,0.286383676869218,0.613209117354446
NME2,-1.57259410104301,0.115812834461952,0.396286728687731
YJEFN3,3.29991852153623,0.000967129027050188,0.0338578712731242
AMOTL2,1.95064836065828,0.051098890153633,0.267440074426941
MARCHF1,-1.33089791351491,0.183222603888394,0.498214257075488
FAM193B,2.64049691368903,0.00827845466677717,0.104528374486312
CCDC192,2.33170666020612,0.019716128207203,0.164432478044312
KLHL2,0.0314337720136545,0.97492360827914,0.991830664557913
RMND5B,2.02495854020576,0.0428716216437359,0.244857686829921
GSTCD,0.406008135267577,0.684736622942075,0.877739800600637
DAG1,-1.06429925866751,0.287193153723553,0.613787946395748
MCTP1,-2.03753359400026,0.0415965989916165,0.240885771009329
RNF150,-0.830531357735718,0.406238426108254,0.71147689344016
TMEM150C,0.157219620266005,0.875071765855897,0.958640054930943
CCDC160,-1.22702283830134,0.219814007183365,0.54537964831397
PTDSS1,-0.960656507781442,0.336724906120314,0.658301049729124
GFRA2,-0.259451807763515,0.795286660969113,0.926329511903446
SMIM18,2.03479278352508,0.0418717275066547,0.241615817428041
VASH2,2.05003500861058,0.0403610146524401,0.236519047903616
PCDHGA1,2.60330058061751,0.00923309646461674,0.110205641086136
PCDHGA6,0.347563219766488,0.7281682324285,0.89724171767374
CPNE3,-0.937848240406675,0.348322405944668,0.667128480086683
C8orf88,-1.07699438148973,0.281482775770264,0.608145748889604
UBE2W,0.310629062303508,0.756082630894837,0.908686704835547
RALYL,-2.06049603119418,0.0393511448795618,0.233813309146927
NAIP,2.24104059043957,0.0250234458722708,0.184198471454876
NPM1,0.868316102574907,0.38522130935354,0.696676175759777
RBPMS,1.97338887118749,0.0484512745631401,0.260561760117051
SHISAL2A,2.65118481064945,0.00802099385322468,0.102614277321956
CNOT8,0.451067214022706,0.651941106611775,0.8630863845811
SLC45A4,-0.72802506681062,0.46659824186765,0.758052611249147
ADGRB1,-3.55767502448476,0.000374151796762169,0.0202704907809059
ADAM19,0.739068417672747,0.459865453320957,0.752469123044558
FBXO32,-0.077816775412514,0.937973802063588,0.977679325361294
WWP1,-0.667942879588192,0.504170054732663,0.780524586166355
PCDHGA5,2.09299267821553,0.0363498081592467,0.225227079683956
STMN2,2.02278680939981,0.0430951322099187,0.245627347264647
ELOC,0.288354918040797,0.773075072927956,0.915997366890178
ENDOV,1.88778272942273,0.0590551246612806,0.28495458688954
DLX6,-2.03249218628847,0.0421038540102011,0.242351338654599
SBSN,-0.838633347436759,0.401675091457536,0.708768948120531
LEPROTL1,2.8462831087556,0.00442328500719874,0.0754941718989884
PAK3,2.11561018422887,0.0343779749667262,0.218910761898026
POU6F2,-1.27390796472606,0.202696035375455,0.523502236679532
CIBAR1,0.42788895384629,0.668731969639765,0.870880665778027
PCDHGA7,1.50568355116851,0.132148428515469,0.421237734082052
FAM83A,-1.13644992456521,0.255768311641611,0.581759780797021
CNBD1,0.574175085916039,0.565849326839259,0.818636397001571
TFF3,1.56772099740588,0.116946259169345,0.39856642449031
GABRP,0.311837733859495,0.755163845452757,0.908649705375106
SLC10A5,2.32547012084961,0.0200468358018596,0.165346851664348
TRHR,0.396722106457488,0.691572396537328,0.880922416629069
TENM2,-0.562490024708789,0.573782198173654,0.822939815328555
C8orf34,-1.38116439575429,0.167228419335324,0.473193258450877
NKX6-3,1.14382169896571,0.252697588978874,0.578692857885185
ASAP1,-2.83197036338307,0.00462621362996125,0.07683022205742
MPP2,1.99846371503934,0.0456664099677848,0.252605300286919
HDAC2,-0.341576635482336,0.732669522899299,0.899185761182992
CLDN23,2.96401713917425,0.00303651374031698,0.0612937125987521
CYRIB,0.0451604621225068,0.963979408732925,0.988392364703649
ERI1,0.495083090343024,0.620541469541693,0.848806470869307
SPSB2,1.59536985265877,0.110629553457284,0.389859916180649
HEPH,1.68160376686512,0.092645699687353,0.357664853220291
PTK2,-3.80354461142001,0.000142640291733688,0.0125113583043089
PCDHGB4,1.62727086500379,0.103679582872894,0.378841830204405
LRRC6,-1.66540657966722,0.0958316676150962,0.363737266541703
ANKRD46,0.257988753617246,0.79641558681763,0.926778680933804
ERLIN2,2.51429815570928,0.0119269553374242,0.125616646565503
SLC25A30,0.184418095733304,0.853685474936503,0.950008289901106
HMGB4,-0.192475308690354,0.847369907112683,0.947373349730271
RHOBTB2,0.180294373452212,0.85692147262857,0.950330266389413
LYN,1.30805721603611,0.190853903457636,0.507722127218911
DENND3,-2.35716236811167,0.0184151929397873,0.158508575551558
CLVS1,-2.04377390392331,0.0409758883317189,0.238458601457571
ATXN7L3B,-0.0851512778967679,0.932141124436617,0.976290739596351
SLC25A37,-1.09791560363645,0.272241343755942,0.597839757253263
RPL26L1,0.598657637411679,0.549401212078822,0.807969680632434
AMPD1,0.347482504535472,0.728228860006434,0.89724171767374
EBF2,-1.46428059027593,0.143117298258201,0.43668368642685
ANKAR,0.826722994552669,0.408394085039838,0.71339000255939
TSPAN18,0.791750600196354,0.428506111726897,0.72999209118823
CCNE2,-1.41122481116387,0.158178336530651,0.459977154077023
TPD52,-0.259127237764078,0.795537069658985,0.92639576185047
MCF2,0.0115419344365979,0.990791073174811,0.996910727674965
TRIQK,0.620818151071466,0.534719279169189,0.798350727555552
SLC36A1,1.56297629264432,0.118058171136751,0.40034971322575
PCDHGB6,-0.638403848275948,0.523210826534963,0.791932722875502
IKBKB,3.32814257845516,0.000874271097254989,0.0322863791467571
GOLGA7,-0.121058404984065,0.903644774816286,0.969947563406211
DOCK2,-2.22450383380468,0.0261145648539539,0.188300080491576
INTS9,-0.341364143000456,0.732829465377713,0.899200060886249
PPIL6,2.14170053012131,0.0322175880426211,0.212049700545105
WWC1,0.511230055895127,0.609189975077608,0.843097703725491
VDAC3,-0.495407815106527,0.620312279265991,0.848779481227625
SGK3,0.617958766971235,0.536602519094099,0.798758596490319
SERPINE3,1.8254492798568,0.0679332584899812,0.306124600184628
ATOX1,-1.16756479356386,0.24298235832076,0.568654496971007
NUDT16,-0.531011197213642,0.595411019879423,0.836051063995895
HSF4,-3.92144940995257,8.80179293922233e-05,0.00946048548746698
PIK3R1,1.51771377209445,0.129086570671862,0.417412293637758
RNF130,-1.7889856037799,0.0736171340695758,0.318468323080177
EPHX2,0.529662318095676,0.596346078570174,0.83646361955209
TMEM200B,-1.19599284938924,0.231699349520039,0.556799815621989
HS6ST2,0.688591997675688,0.491080058315566,0.773408148585018
ALG11,-0.461388155884064,0.644520147538076,0.859979179407694
LAPTM4B,-0.0185252821447433,0.985219808789671,0.995023322998978
PTP4A3,-0.00976589268001175,0.992208068864557,0.997062606750959
SMIM12,-0.4975418761657,0.618806980140078,0.848510476363296
TCEA1,-0.617232583266537,0.537081326980339,0.798894303847326
RNF217,0.427088997611167,0.669314506366391,0.870961304961477
ENY2,0.365616650320146,0.714651148951738,0.89177910364221
FBXO41,1.04320655399528,0.296852638686405,0.622912076565168
DPYSL2,-0.996151569042274,0.319176506796527,0.642818168625027
RIMS1,-1.13519974484394,0.256291636405946,0.581988110745865
CETN3,-0.53289304830075,0.594107617677449,0.835204152240831
TRNP1,-0.224828898335505,0.822112383922641,0.936313914488623
ATXN7,1.27740530862955,0.201459191546776,0.521744125837936
PCDHA3,-1.381665850807,0.167074324417332,0.473120269218428
PNMA2,2.13664861978852,0.0326265819475508,0.213329675993486
LACTB2,2.49226021262216,0.0126933006059556,0.130053112509501
IDO1,0.843351568093849,0.399031850055274,0.707104366635075
FZD6,1.07419502633503,0.282735281093191,0.609363270848337
ATP6V1E2,-0.228189062533407,0.819499263992064,0.935520566525053
PCDHGB2,-0.296990922765561,0.766473439241841,0.914117281779928
MYBL1,-1.48944730571359,0.136369619480629,0.426605639217009
INSYN2A,-3.67153051637211,0.00024110228287286,0.0162158792659178
STMN4,2.26895094678057,0.023271309048494,0.177127576574501
PPP1R42,1.15530917727263,0.247963839140524,0.57278692726646
FER1L6,-0.49227479709976,0.622525094308166,0.849809971534278
PBK,-2.45079245507161,0.0142542115509221,0.138434101275552
NCALD,1.78078647478058,0.0749473397967802,0.321452441869546
SMIM23,-0.246370343228599,0.805395561479742,0.929825260676463
UBE2V2,-0.466050394589501,0.641179429066916,0.859064569313496
RANBP17,1.00619086100509,0.314323767512034,0.638748502614343
KCNB2,-1.3016383635713,0.193040038872446,0.511105192761103
DNPEP,-0.0611276798336127,0.951257525045374,0.982974195044018
ZNF674,3.00803908472873,0.00262939319075252,0.0569819510156494
LYRM2,-0.746544048233019,0.455338833315383,0.749471077315419
PCDHGB1,1.08618211631756,0.277398427806757,0.603814727757568
TDRP,3.87572370623981,0.000106308259059261,0.0106642183822892
C1orf210,1.40716642238465,0.159378045765538,0.462085371805712
INTS8,-0.459786662077755,0.645669357831517,0.86037936707424
TMEM71,0.323461578025174,0.746345701130017,0.905130054127545
CLINT1,1.30946130144457,0.19037813813061,0.507289041748983
CASP3,-0.889251731377815,0.373867806284257,0.687779284083705
UQCRB,1.13801243515104,0.255115289879233,0.581516486239978
CA1,1.79378201959442,0.0728479679263679,0.316623369379736
MYC,-2.21833672342022,0.0265318820228945,0.190542878027956
SLC6A7,0.767825079772941,0.442591112425201,0.739812245158304
KIF13B,0.844627427723409,0.398318890323799,0.706693398999394
TXNRD3,0.964875768798842,0.334607039495466,0.65670110332273
HMBOX1,-0.20192560505395,0.839974884433059,0.944049031801283
FANCD2OS,-1.86852090254617,0.0616894993699955,0.292034198390262
STAU2,0.143047817399212,0.886252416663063,0.962367885153854
NTRK1,-0.206110396171999,0.836704678150097,0.942863329264107
KCNV1,-2.67075293464665,0.00756813287647255,0.0994991804238861
DNAAF3,1.32086844389924,0.186545233240983,0.501694323146358
TRMT9B,2.7848347966877,0.00535550012749573,0.0833883780658773
GNLY,0.554139381265157,0.579483460372582,0.825800422229539
MAML2,2.42757642843227,0.0152000838321212,0.142497489204658
FUT6,1.8358747419138,0.0663761840750328,0.303752560042972
EMSY,-2.140615814177,0.0323050324365358,0.212181104259365
ARFGAP2,0.822482855728746,0.410802140179559,0.714902980547465
NFRKB,-1.05461077252067,0.291603374921686,0.617533198864071
C8orf82,-0.045885942055528,0.963401158989772,0.988106584842834
CNTN5,0.494084073167064,0.621246805430888,0.849168863706442
ZC2HC1C,0.833698896489567,0.404450680133523,0.710110601633912
C11orf98,1.418382434962,0.156079140993554,0.4569980179637
CFAP54,1.03693362750598,0.299766790705676,0.625343617831185
DBX1,0.872989784665602,0.382668645735025,0.694433058522058
AAMDC,-0.562464169736927,0.573799809131662,0.822939815328555
TRIM3,0.85701606882997,0.391436004115386,0.701051055995832
CRACR2B,-1.31420618146965,0.188776828860798,0.504837581978197
KIRREL3,-1.4871215433435,0.136982712594123,0.427406325968593
ZIC4,-1.95596437068444,0.050469351415668,0.265549471632829
WDR74,0.108084247147853,0.9139288638993,0.972111996832641
CLNS1A,2.01271197828483,0.0441449385124344,0.247718524493564
DKK3,0.175369973006692,0.860788933005402,0.951483978189244
TXNRD1,1.26416051666978,0.206172419207914,0.528101458201153
TYK2,0.861505548287667,0.388959666698891,0.699438067481323
RPS13,0.0412932383533456,0.96706212348686,0.989420948534785
C11orf65,0.147984224772268,0.88235521796879,0.961381696491872
SLC6A5,0.42616210927668,0.669989725334818,0.871262815580261
SOGA3,-0.584499099129696,0.558884571181127,0.814476268769411
SLC35F2,-1.11805543753141,0.263543317115194,0.589698181546131
GJB7,1.18197189869149,0.23721685130306,0.562799757431397
FDFT1,-1.23226778626049,0.217849069056836,0.542497397502268
PCDHA2,1.21174833255557,0.225608731627444,0.550239532192182
DICER1,-2.79684818317603,0.00516037750247943,0.0816841395875869
LGALS8,1.74582849641105,0.0808407576859633,0.333092600786304
PUF60,-1.72917221659018,0.0837782772866643,0.338559485549624
KBTBD3,-0.909518997324071,0.36307623460675,0.677851035100301
CHMP1B,-0.548097539361652,0.583624930077622,0.828463484498564
TRAF6,-0.816092494442911,0.414447236340512,0.718330041364057
VAV3,-2.62601603643787,0.00863907471637362,0.106204979421618
IQANK1,-0.904160521156887,0.365910290597462,0.681008167071863
MYO18A,0.336550192193592,0.736456008666395,0.901193978897297
CREBZF,2.21545958568957,0.0267285353699587,0.191446235002943
ZBTB44,0.313882410287173,0.75361035030136,0.907726102997306
NAV2,1.8093416644183,0.0703979399170322,0.31091005571519
RAB30,-2.16983080632505,0.0300196656889672,0.204215468801756
TEAD1,-1.30718555237578,0.191149701066459,0.508233910323428
RPS25,-0.713162646079947,0.475745117848974,0.765000644052469
GPR61,-0.6644791134927,0.506383712592287,0.782307815231451
FLI1,0.677976349728632,0.497786688702569,0.777218752439069
EID3,-0.837238894259489,0.402458299047159,0.709499492681965
E2F8,0.105863595473952,0.915690578313544,0.972111996832641
RAE1,-1.43817088265616,0.150385574650874,0.448170579061595
CRYAB,-2.36327046504393,0.0181144440925416,0.157098461367579
PAFAH1B2,-1.1113573020107,0.266414583445648,0.592262431282452
LTB4R2,-1.00468378187043,0.315049139966582,0.639287870520571
TMEM41B,-0.200008507159015,0.841473927802696,0.944491851961448
MANF,-0.814009731370985,0.41563937613675,0.719237605188489
CCDC17,4.43125935375607,9.36843263872153e-06,0.00261815387312133
CMTM1,0.398451383988262,0.690297487743909,0.880166579410781
C1QTNF5,0.467842722859788,0.639897066050359,0.858524618499997
SOX6,0.0825284512979116,0.934226494633686,0.977045380151696
GPT,0.611612088001009,0.540794438502392,0.801645703863379
ATG13,1.84630035719628,0.0648486059250036,0.300381992500273
RDX,0.0953811013371693,0.924012126582205,0.974713539422955
ZC3H12C,-0.827928715816867,0.40771087125491,0.71266963357822
DGAT1,0.119871761413039,0.904584734273556,0.969992984773755
AMPD3,-0.34282369772371,0.731731096930485,0.898738351095923
TMEM218,-0.78258558087123,0.433870511569963,0.733693673153529
FAM111A,-1.69798482275542,0.0895106264000652,0.352157706871504
CYB561D1,-0.85018635853647,0.395221484738606,0.703971983090997
GRK6,-1.10434470945532,0.269443635317886,0.594903903936165
HSF1,-2.15397576020778,0.0312420729027381,0.208567858188007
BRSK2,-0.820524658160431,0.411917078211031,0.715776578122062
KIAA0100,-0.266441125829416,0.78989949569498,0.923972066516557
MROH1,-1.37574498872817,0.168900598198132,0.475973070810746
AMBRA1,-0.647357736550695,0.517400442237086,0.788876283343141
KDM2A,-1.61372840896164,0.106586349034098,0.383781916854335
PC,-1.80286367720015,0.0714096267014232,0.313425030924281
CKAP5,-0.366897993258728,0.713695108378358,0.891170480833896
C11orf1,0.996145248383634,0.319179577406528,0.642818168625027
EML3,0.826331564312627,0.408616032854846,0.713551154224471
SAAL1,-0.526354666385256,0.598641807292574,0.836788297058378
GRP,-0.319186534835889,0.749585067011163,0.906449458055989
FXYD6,-0.680166125515131,0.496399278528958,0.776429210236021
LRRC24,-1.18982174014508,0.234116462908856,0.559255306819047
RASSF10,2.54340343614437,0.0109778395698551,0.121118224424559
CLP1,-0.118285073027543,0.905841784362775,0.970403934304313
CCDC180,0.968573175588355,0.332758192472936,0.655271762269893
AP002495,1.18512331364636,0.235968694520422,0.561399760675403
MUC15,0.366902774217852,0.713691542031148,0.891170480833896
CCDC90B,-0.632229777843981,0.527236741910505,0.794457595019742
KCNJ5,-3.21692562051157,0.00129572185581329,0.0389927820282035
OMP,0.978543550832439,0.327805562671631,0.650434614438054
PTH,-0.197978332058462,0.843062016693225,0.945180519277048
PCDHA5,-0.707905389672487,0.479004012510474,0.766875164901764
GALNT4,0.289145501819892,0.772470034535236,0.915997366890178
EID1,0.635161047472028,0.525323385190816,0.792785621386678
CDCP2,-1.00379321959753,0.3154782932654,0.639780909093597
ALDH3B2,-1.22182143294189,0.221775161579544,0.546647444349579
H2AX,-0.546426878636875,0.584772538099175,0.829271482509693
WNK1,-1.13829719558156,0.254996404635605,0.581327246517374
PCDHA4,-0.341712857188133,0.732566995320031,0.899185761182992
FAM89B,-0.378444664529407,0.705100293522161,0.887690824471088
CYHR1,-1.86385136534386,0.0623425801353938,0.293325797815267
ZNF202,1.96948529176433,0.0488973899390606,0.261059879289273
RGS5,-1.1159407163906,0.264447511691049,0.590905668183101
PRR5L,-1.04098360655738,0.297883156674528,0.624064635716352
TMEM262,-1.76705171918507,0.0772195671537979,0.326120886919205
LRRC4C,-1.32669189979547,0.184610621567244,0.49976806298142
OR52B2,2.15651056195597,0.0310438199432166,0.208015410276808
BTBD10,-1.02711866552408,0.304364590480591,0.63007580433016
CAVIN3,-0.84881546823266,0.395983981597654,0.704551424338119
NIN,2.73049953408304,0.00632384225012825,0.0914390357112657
PLEKHA7,-2.47706563656324,0.0132467538610269,0.132444938433287
SAC3D1,0.0546403943099998,0.956424956805108,0.984811472399811
PDZD3,-0.618995274475182,0.535919471952421,0.798350727555552
EIF3M,-2.05021608343401,0.0403433491873385,0.236519047903616
CELF1,-2.11799980877946,0.0341750838793405,0.21851831739654
SIGIRR,0.9593946010299,0.337359993922532,0.658692960299217
CDC27,0.322970333052759,0.746717709848304,0.905130054127545
BCLAF1,-0.368531799431354,0.712476738504053,0.890678347556085
API5,1.05117452745825,0.293178439948299,0.619638032475137
UQCC3,2.48185312955929,0.0130701134097565,0.131749669315139
FZD4,-0.792574000393371,0.428026061647548,0.729623710524652
RPS6KA1,1.15724352980268,0.24717287776496,0.57187485588078
C4orf50,0.842258685817779,0.399643171041628,0.707321344708386
GPR68,-1.29851633394374,0.19410996722207,0.512492503647638
LARGE2,0.601996691884762,0.547176339440146,0.806949439176173
ASCL3,2.94839152338656,0.00319432223486127,0.0636078244531527
EHF,2.6389593363714,0.00831609552948868,0.104528374486312
DPP3,0.897457113216579,0.369475048266981,0.684514922546518
EYA4,0.765726047102929,0.443839325258169,0.740431305504664
RAB3IL1,0.0361153037021507,0.971190419698842,0.990874646748822
OR10S1,-0.72309230801174,0.469623174704167,0.760451752125859
ATXN3,0.212942098858456,0.831372125196809,0.939990986140839
AP5B1,1.1257603186965,0.260266984508028,0.585844681556815
IMMP1L,0.188633753382166,0.850379876333022,0.948840601327318
TATDN3,0.540390994012463,0.588927417354191,0.831908988097722
SLC24A4,-2.62131494498154,0.0087591301697078,0.107152257298712
MEX3A,1.83527565095161,0.066464856944604,0.303986700399291
ACER3,-0.106896228797845,0.914871305032789,0.972111996832641
TSPAN19,0.765631047555718,0.443895865292173,0.740431305504664
PCDHA9,-1.63440285679864,0.102174288793305,0.375883578540781
TSGA10IP,-2.9351267896448,0.00333411421854897,0.0653478323681503
ATP6V0B,1.46490089582846,0.142947958376996,0.436354700062659
SPA17,-0.447877304260101,0.654241748767191,0.864131874092215
EEF1D,-1.96692850463701,0.0491914537988586,0.261943598521609
CD3G,-0.0447490369549526,0.964307346982214,0.988518706503587
CSKMT,1.81224378524765,0.0699485363171615,0.310373891367334
FAM118B,0.0215600531340076,0.982798899099453,0.994879402107381
TRAPPC4,2.38751827354127,0.0169625594609975,0.15173627279432
TRPM5,-3.99952194055154,6.34705636898978e-05,0.00829672876491575
GSDMD,1.35284901199053,0.176103871255388,0.487619606612421
TMEM25,-0.335091818858497,0.73755582407504,0.901571750027106
SPTBN2,0.682741629102746,0.494770119597189,0.775902560811807
CCS,-0.375815800165352,0.707053840623498,0.887832840227308
KBTBD4,-1.36124273583228,0.173436992906196,0.483706122232749
C11orf24,-0.767089982961407,0.443028017221441,0.739939638016763
ANKRD42,0.801310325120249,0.422952014916627,0.724972416457143
ZAR1L,1.83279192656841,0.0668335202462407,0.304555673227809
SLC43A3,1.70827026091174,0.0875862067592489,0.348132620245381
PRKY,-1.08155328255301,0.279451072709668,0.606456344564335
CYB5R2,-1.04458379846354,0.296215370803931,0.622165160113729
SERPINH1,-0.474475176618431,0.635161095504032,0.857364197332732
EIF3F,0.585287800892877,0.558354216118184,0.81417447724538
DDIAS,2.21197379693123,0.0269684755049096,0.192170229612702
OVCH2,0.733939975707129,0.462985321756081,0.755438804141768
SAMD1,0.425507183243534,0.670466986263923,0.871285659683641
CSRP3,-2.82225288869745,0.00476875569427594,0.0781901987319967
CAPN1,1.44153913113953,0.149432430564561,0.446479311893265
FAM86B1,1.55251736827713,0.120538480203087,0.404766568388613
CACNG5,-3.11886989268628,0.00181546108171808,0.0461235245667216
IGSF9B,-1.16106075115745,0.245617194609391,0.570814304150623
TMEM9B,-0.339801093811662,0.734006324135372,0.899962822080956
NAALAD2,0.413508659694189,0.679233979149259,0.875242707865978
INTS4,-2.42475961933335,0.0153185259779828,0.143111232032924
DENND2B,1.12130301896185,0.262158900941114,0.58811843782254
SIPA1,0.782505509869787,0.433917548528336,0.733693673153529
CYB5RL,1.59982926224296,0.109636465322041,0.388521527416912
ZSCAN5C,1.67080045182507,0.0947610992794533,0.361407684287214
SELENOH,1.3915503612899,0.164058599259788,0.468828311316092
KMT2A,0.395677984330018,0.692342598764466,0.88106950403908
FGD4,0.471305938554069,0.637422275464569,0.85759850583831
PNLIPRP1,1.20703575609817,0.227418374095003,0.551912625498714
MAF1,1.96811227655737,0.0490551206201308,0.261545352912813
HSPA8,-1.13470648798471,0.256498317999378,0.582294290819596
MS4A1,-1.12909730284087,0.258856788990405,0.584503327346303
NLRP6,-1.67523909993141,0.0938873288562972,0.359598230962127
CFL1,0.836537574926075,0.402852547383388,0.709842041584666
YPEL4,0,1,1
MFSD5,-0.824660191705469,0.409564538154007,0.713921977382244
PRORP,2.82747182091756,0.00469171444284474,0.0775208964363612
RNF170,1.94747703798458,0.0514775700109037,0.268356585659624
DDX6,-0.457861538249957,0.647051920854745,0.86104423339593
ADGRD1,-1.57274548745256,0.115777762602649,0.396286728687731
TPBG,1.65237696812977,0.0984577277066096,0.36913947447923
PACC1,-0.158402621652169,0.87413954808117,0.958377525848203
TDRD3,-0.754323810514871,0.450654808295918,0.745442390107568
FYCO1,1.4858784809291,0.137311266488061,0.427810533477117
CEP112,0.789620884611948,0.429749207733372,0.73043036477935
NNMT,0.180452279592373,0.856797514704652,0.950330266389413
IST1,-1.67103390749576,0.0947149805681521,0.361316808667728
CUL7,1.74361414478794,0.0812263951594817,0.333221510765744
WSB2,-0.522097810032896,0.601602231193371,0.838038928638558
HTATSF1,0.99011342458033,0.322118682388361,0.645711318678327
ARMC6,2.76062107328896,0.00576915697283704,0.0860877678009724
GPRC5B,0.571811834971833,0.567449458522774,0.819548095268257
SULT6B1,0.358299606445425,0.720119112593856,0.8934082912762
ZNF185,0.636118335700887,0.524699295407507,0.792771334755805
MANSC1,0.636212852814549,0.524637696986911,0.792771334755805
RAB40C,-0.900145462806372,0.368042844746392,0.6831107832926
CHMP1A,-0.874683047702322,0.381746386532025,0.693717577685495
BEAN1,-2.6447645355321,0.00817477804796595,0.103844026159467
C1R,2.32251582153136,0.0202051775036078,0.166162213168939
MYL6,2.45364904522804,0.0141414922137,0.137752071689821
DENND11,-2.95295055399497,0.00314752375007079,0.0631413520605167
SH2B2,0.0969120854249677,0.922796211204805,0.974300164637596
SLC5A8,-1.54936964074766,0.121292887499238,0.406289814729315
KIAA1958,0.799937115746232,0.423747232157473,0.725960806416161
MYT1,-2.67798674328643,0.00740661497157997,0.0985147206580551
NXPE1,-0.352228424299794,0.724666961636719,0.895055763163688
SP7,0.207871790030759,0.83532907632254,0.942545480097472
ZMYND8,2.25227598059519,0.0243048370722356,0.181747448930797
TDO2,0.692822296197226,0.488421078186726,0.772023998897636
BTBD6,-1.20644502294197,0.227645945002978,0.552134239496225
FKBP5,-0.265281153959742,0.790792881532029,0.924634460522602
SESN3,0.89266089871389,0.372038795897445,0.686672735357997
ZNF324,-0.132718315364027,0.894416157439281,0.966742659908043
MYLK3,0.363084573128157,0.716541708271985,0.892867815911794
SEBOX,-0.227001138579205,0.820422856820783,0.93564249717431
PLD5,-1.04107991223096,0.297838461644154,0.624051657806372
TMEM269,0.328639912901769,0.742427876114939,0.90378273404226
ASB8,1.32646162559518,0.184686837952515,0.49976806298142
STMND1,1.2169655185733,0.223617335441263,0.548621795832477
GCSAML,0.659884056830363,0.509328236122227,0.784286384142073
GLOD4,1.16042457722564,0.245875985118846,0.570990946188843
PIK3CD,-0.726405666243666,0.467590118602727,0.759131433536819
FAR2,-0.573595764806197,0.566241378380911,0.818824739243125
CDK5RAP3,0.973950761886907,0.330080987570968,0.652251935776281
RRP12,1.91197550573656,0.0558793358628942,0.277245136847088
SEMA6D,0.814835457254028,0.415166501925744,0.718803015350822
CLEC18C,0.593393516354119,0.552917826975331,0.810422493722345
NUTM1,-0.351812138723816,0.724979154455923,0.895055763163688
WNT5B,1.12655140667942,0.259932194219171,0.585844681556815
RHBG,0.638277352072557,0.523293152090887,0.791932722875502
ZNF835,-1.37378643050021,0.169507995004666,0.477045628569022
KCNS1,-1.9452901455148,0.0517400674986373,0.268849056127799
CMIP,-0.0981426826961689,0.92181899521084,0.974150559709744
ANKRD65,0.815383278858898,0.414852952596548,0.718413622717676
GPR161,-0.28081835232502,0.7788497266832,0.918389784617283
ZNF891,1.83030198779718,0.0672047943176041,0.305132356048752
NUP153,0.38699187570853,0.698762222518955,0.884703859548599
TMEM258,0.351877621709545,0.724930042545196,0.895055763163688
CITED2,-0.0718222648646451,0.942743353776391,0.979292999980283
PHKG1,-1.94543798173676,0.0517222871643272,0.268849056127799
PLA2G7,-1.22224860116896,0.221613629821155,0.546452691305161
PRKAR1B,-0.944545371117264,0.344891028036652,0.664804218509466
PMFBP1,-0.324186869815053,0.745796562124885,0.905129721928738
IQCC,2.68032089802841,0.0073551612619089,0.0983697310097502
RABEP1,1.84237660353927,0.065420081653806,0.301583568173755
SALL3,-0.854084122643657,0.393058380531891,0.702049934488996
ASIC5,3.48932397551573,0.000484243866262672,0.0226199101678722
RNF182,0.741216215742406,0.458562352853835,0.751144591900858
GGA3,-1.2907154274598,0.196802373080407,0.515175979531704
CPNE6,-0.476430612603212,0.633767629773532,0.856275694840308
RAB19,1.76533924463868,0.0775067675948225,0.32690878828861
ILK,-1.36706497251374,0.171604941196156,0.480903266225536
TIFAB,1.52851861194572,0.12638382608975,0.413348554699104
GDAP1L1,0.751720116933155,0.452219390038919,0.746438298690512
FAM216B,-0.536366626646812,0.591705191718584,0.833614181907003
CDH22,-1.63953766961708,0.101101332143474,0.373930542197915
FZD3,0.216200978259486,0.828831091039011,0.938991221433018
OR52E8,-0.607804099505021,0.543317410028539,0.803523209449731
BACH2,2.22449685782916,0.0261150336816005,0.188300080491576
BCL7A,-0.454837660914734,0.649226033845316,0.861755869224612
NLGN4X,-3.12181194011166,0.00179741715601373,0.045927403362107
ST8SIA5,-0.853819162109708,0.393205195464123,0.702150074398393
SOD2,-0.911911544113702,0.36181528403891,0.676443827701275
LRIT2,-0.271092667069058,0.786319761312945,0.921847028144187
CPEB2,-0.316364631535481,0.751725759297353,0.906813203269147
BANP,-0.339570453969771,0.734180031626773,0.900107717467541
SLAMF1,0.624406217297087,0.532360843011174,0.797876736418689
PTHLH,1.82113670874971,0.0685860784158371,0.307925253080818
TENT5D,-2.04473332223574,0.0408811565518802,0.238451187105612
MAFF,-0.155670364323144,0.876292858186123,0.959165661296522
FKBP9,1.37795700563692,0.16821656291319,0.475134958749392
ZNF438,0.0313461805230545,0.974993461754263,0.991830664557913
SLC34A3,-1.38341549170631,0.166537503122279,0.472254441586602
GRM4,-0.554420498647672,0.57929110052335,0.825800422229539
FAM180B,0.835062180548153,0.403682699128985,0.709974936232051
ACTN1,-0.474127342926801,0.635409101337731,0.857376616741628
LTO1,-2.41925886775411,0.0155521680662524,0.144295988658206
IL22,0.403417956431753,0.686640779218143,0.878620003062747
TMUB2,1.79383438635027,0.0728396066869419,0.316623369379736
PCYT2,-0.42041480360232,0.674182455554953,0.873038541350981
SAP25,0.61951219512195,0.535578990578717,0.798350727555552
PAFAH1B3,1.95866025032065,0.0501525885012665,0.264668488094767
NCEH1,-0.222233260674089,0.82413230314621,0.936819265165029
FAM222A,1.14590263589951,0.251835440476448,0.577622212142945
AUNIP,0.24428235368152,0.807012149280137,0.930359881058445
CDCA3,0.737776657394728,0.46065018026679,0.753134088650806
IQSEC3,0.92238112487809,0.356329811698677,0.672956709964091
EVI5L,-2.25461372575246,0.0241575851526636,0.181031113148185
REEP1,-1.42859179598971,0.15312159352245,0.452002897360296
SYT7,0.325281872932388,0.744967748852118,0.904973667022015
HIF1A,0.986801573101178,0.323739923405002,0.647694755608064
POLG2,1.39893701654987,0.161831871016044,0.465755113156793
DRAM2,-0.435847216745746,0.662947583593752,0.869041385827364
MLF2,1.53195828322166,0.125532729484349,0.412557862029783
KLHDC8A,0.736720205531483,0.461292516744402,0.753587019140295
MGP,2.76360356203631,0.00571669480706872,0.0857806658521469
ATP2A2,-3.70161776716616,0.000214229181580628,0.0151634969617485
BCAT1,3.77684636606591,0.00015882663309245,0.013002125736341
ACTR3C,0.680964104827677,0.495894203561786,0.77612158890686
ITGA10,1.0768450075672,0.281549514360023,0.608145748889604
NOVA1,0.914189916901437,0.360617061439388,0.67596901137227
DMXL1,-0.14721936337824,0.882958877356864,0.961576972468164
PIGB,3.06972930468933,0.00214252864093981,0.0509959570352326
ZNF664,-1.44222747954245,0.149238210854387,0.446310361575417
TRIL,0.818812887938718,0.412893176697842,0.716857915712867
ZNF362,0.0910980272822235,0.92741470012749,0.975498759076853
H4-16,-3.22969758678078,0.0012392121994933,0.038216668717812
KLHL35,0.80826945906985,0.418935479938155,0.721551927990389
ZNF668,-0.906047231238714,0.364910853716813,0.679762100141856
PDE10A,-1.84073177533286,0.0656608750345759,0.302013939680885
PTAFR,1.49575841722323,0.134716621089387,0.424333795421274
PDYN,-0.326767580098268,0.743843681840138,0.904769791306228
ADK,-0.912541508368348,0.361483729238596,0.676123905749874
CACNB4,-1.46146767743741,0.143887139627875,0.437737733901696
MDH1,-0.604324249412571,0.545628087252987,0.80583924066366
TRAF1,0.757839307786077,0.448547187447805,0.743709222723146
EVI5,0.432130677438677,0.6656464394294,0.869556990386133
ATP6V0D1,0.768923805841936,0.441938544226298,0.739484036684636
POLDIP2,1.11421117120337,0.26518860404582,0.591517122791588
PLD4,-0.0424767795892858,0.966118622243318,0.989061880120125
LDHA,-0.642762474773446,0.520378235730663,0.790832617591493
LMO3,-1.97314212876894,0.048479371631459,0.260561760117051
TRAPPC1,-0.359820134887599,0.718981644864273,0.893367074097738
CACFD1,-0.218565281951696,0.826988699882526,0.93778227482831
MYPN,2.10669940839895,0.035143643527729,0.221345422649456
ARF1,-1.18080812151667,0.237678957011519,0.563376169234821
SSH2,0.321576612091587,0.747773464267057,0.905353912065872
FHL5,-0.630647580580967,0.528270980750198,0.794951300232614
TRERF1,1.94643029905797,0.0516030729662768,0.26882566077449
ACVR1B,0.742891957942961,0.457547094990452,0.750569867695601
TIMM8B,-0.03346008142056,0.973307698405612,0.99172394288764
KIFC3,-1.03819559617477,0.299179002489337,0.62521999768211
CCDC189,2.03064150337185,0.0422913743212649,0.242850307117275
CNOT4,-2.37924006730096,0.0173483734899355,0.153436827689851
SFSWAP,-3.05968085062886,0.00221572966606611,0.0521240651058452
PDGFRL,0.545413569265068,0.585469110008051,0.82965648172583
TUBA1C,-0.298602138825872,0.765243633316382,0.913793579816211
PARPBP,2.97295577947177,0.00294946941380478,0.0606699869649261
HNF1A,0.00492329496416377,0.996071794829007,0.99847419433416
TMEM14C,-0.716260703190991,0.473830386663942,0.762902868607983
COA4,0.731023470698964,0.464764816958744,0.756624894393023
ENO2,1.44089918375018,0.149613166727526,0.446689964908172
MMAA,-0.488305330235464,0.625333586548186,0.851338157597812
STOML1,1.4851769296266,0.13749696165094,0.428099933038817
PRKAB1,0.50878062968058,0.610905998304637,0.843878531041176
AKAP7,-0.432192658709796,0.665601394561646,0.869556990386133
LDHC,-0.610375707177293,0.541612956623811,0.802085422535448
HES7,0.640163851866244,0.522066080854109,0.791261219873081
CLDN2,0.0586858110095914,0.953202361032939,0.983541732126991
CLDN24,-0.721335707733946,0.470702992511409,0.761515600919995
GABRB3,-3.28402785424215,0.00102334807674484,0.0350686024861671
OPCML,-0.263696680110229,0.792013653906832,0.925109844791802
POLR1B,0.603846564053242,0.545945658223864,0.806161353206761
PDCD2,-1.09510995799641,0.273468466579802,0.59897655295873
SENP8,0.666200671389766,0.505282843857198,0.781426353981617
CYB561,0.460006454217467,0.645511587795602,0.86037936707424
NKRF,0.636705373704862,0.52431677263982,0.792614791756495
TBC1D30,-0.369132337940715,0.712029086186053,0.890324728688555
GTDC1,-0.755946979496815,0.44968098531089,0.744330235041394
TRPM1,-5.05658910756037,4.26821484464113e-07,0.000576529120139901
TMEM50B,-2.51851782640971,0.0117849917801755,0.125178854367539
BBS12,1.95243865944958,0.0508861469558697,0.26675729495721
FBXL17,0.742425984589467,0.457829280847288,0.750728863252776
SLC39A11,0.357123895944644,0.72099905607022,0.89353502581674
OR10G2,-1.13082818257975,0.258127415553645,0.584055858335102
C17orf100,1.88067435968521,0.0600162296165628,0.287471355158058
YTHDF2,0.300231548073761,0.764000542529856,0.913019290296562
MOSMO,-0.725811766981244,0.467954172315508,0.759192289654163
MAP3K8,1.53114142429031,0.125734443841028,0.412738367736437
LPAR2,1.10688362981518,0.268344244420788,0.593963110448798
TBC1D10C,-0.264840113750849,0.791132633592585,0.924747159292003
HTR2A,1.01397974862667,0.310592415673895,0.635520927713145
DND1,-0.590059270186128,0.55515091390427,0.812529145230071
NELFA,-3.18665745421845,0.00143927123228975,0.0416591917931866
USP36,-2.08554112607969,0.0370202091107065,0.227132486955003
PTK6,1.02671764596346,0.304553437714895,0.630138712269688
OTUB1,-1.28080531859879,0.200262055452992,0.520662982904435
NLRP2,1.94104634424788,0.0522526563109238,0.269777548697662
ANAPC15,0.775828592301335,0.437850199358448,0.736163958486335
LRP6,-0.0889229163457049,0.929143171084546,0.975549863482734
FAM186A,1.09098510439485,0.275279437028904,0.601024298868736
RPH3A,-1.80181532908428,0.0715744651491166,0.313649983396715
COPS7A,-0.239735574706908,0.810535254380866,0.931785758616638
HDAC4,-2.64651803595928,0.00813251683041406,0.103523391109911
GPN3,-0.0920613627776834,0.926649286080275,0.975498759076853
RGS13,-0.610317708250826,0.541651368688569,0.802085422535448
GPHN,0.526456535858102,0.598571043353601,0.836788297058378
ACADVL,3.05925710315254,0.00221886636578649,0.0521240651058452
ME3,-2.43468810719798,0.0149046306017101,0.141362877368706
SHD,1.58428011141066,0.113129989683541,0.393410136013538
GTF2H3,1.51076207588277,0.130849080257864,0.419878673332955
DYRK4,0.558095942602645,0.576778871078145,0.825009594185109
POU2F3,-0.878565394432657,0.379636965984653,0.692030542245303
SUDS3,-2.50872900808934,0.0121166399124493,0.126790585113551
PCDH7,1.50435208525416,0.132490734568822,0.421582708407153
LATS1,-0.686107337711353,0.49264542412969,0.774671556065623
FGD5,0.953199230950881,0.340489135988008,0.661590554450926
PRRG1,-1.50909313805903,0.131274982898105,0.42034745274501
GNS,1.10058409746465,0.27107770983823,0.596429835586787
KRTCAP3,1.43995947312823,0.149878865262966,0.447153787418999
RAN,0.364165467137121,0.715734452313159,0.892405315260408
LRTM2,-0.933286851640273,0.350671882013453,0.669176853297871
HSD3B2,0.88077085681161,0.378441856525886,0.691017692061291
SMG8,-0.967219232376126,0.333434449771994,0.655876098743133
SYCP2L,1.84586000331121,0.0649125354521769,0.300447540589473
IZUMO3,1.45306984569962,0.146204362367189,0.441462327747456
IL4R,0.289035696251772,0.772554061117048,0.915997366890178
SCO2,-0.0380195413165198,0.969672101573712,0.990285750433686
C12orf56,1.51700802325872,0.129264658357496,0.417466192869661
TIMM50,1.73938351197762,0.0819673264829489,0.334915972684379
ZNF641,1.60554602365946,0.108373693198869,0.386752354262544
GPR17,-1.28016308168407,0.200487786904849,0.520953276361125
MYCBP2,1.4179225835946,0.156213368169775,0.457216049957365
CHD4,1.40670265609671,0.159515577817187,0.462208107967483
DRD2,-4.09866342135377,4.15542791888104e-05,0.00637939111395434
ZNRF3,0.872446013340053,0.382965107774008,0.694625694459832
ANKRD49,-1.97169451698094,0.0486444899525322,0.260582312492127
ITGAM,-0.116612311535516,0.907167281097762,0.9704919162293
SSUH2,0.362755312537039,0.716787676582476,0.892970432449811
H2AJ,-0.176701583036906,0.859742797360019,0.951112658198608
PAAF1,0.419348020541568,0.674961806398898,0.873419760491756
PHC1,0.202832493674354,0.839265959518759,0.94366183887225
ZHX3,-1.60536705150172,0.108413050974331,0.386807647643171
TCEANC,-0.439400405958994,0.660371432419839,0.867459098035565
EGR4,1.01745960970436,0.308934837173286,0.633783669882519
CCR3,0.549155230802129,0.582898924944447,0.827900780053306
CEPT1,0.138204446402759,0.890078841100644,0.964197549649157
PCSK5,1.37019733612361,0.170625309646229,0.478488865753586
RBM19,-0.213749791260071,0.830742180728321,0.939803183097806
ABLIM2,-3.10682229106767,0.00189110043449926,0.0470960657783122
SMAD5,-0.678694141641481,0.497331678885331,0.776987873065284
AK4,2.13472892495674,0.0327831588750248,0.2140081442631
CCDC91,1.37321312465119,0.16968610070252,0.477175920591107
ARHGEF28,2.88400480184583,0.00392652765998185,0.0704818237437939
MOV10L1,-4.24499053052956,2.18602652624689e-05,0.00439978276788132
TRMT2B,-1.8371385389332,0.0661894460944388,0.303326189353904
ATP1A3,-1.77340188190248,0.0761621373957799,0.324139552596337
BANF2,-0.07735156296422,0.938343872429626,0.977679325361294
C2CD5,1.33571875778305,0.181641215933978,0.496161521583055
SLCO1C1,1.16816300703137,0.242741019155877,0.568577957416267
CAND1,0.619598946628861,0.535521860435257,0.798350727555552
RNF24,1.07802561148392,0.281022326680137,0.607696544765193
DDX11,2.3287614273181,0.0198717078964247,0.164748455096143
MMAB,0.994657173354191,0.319903030346027,0.643288492486481
NR4A1,2.18262215532592,0.029063646838544,0.200635711927581
DAPK3,2.29046801064371,0.0219942009236258,0.172892338880238
SLC25A14,-0.498644584694924,0.618029790095755,0.84815284640045
RAI2,-1.88275039098364,0.0597342029320537,0.28669099708129
MTHFD1,0.867458436544112,0.385690875542225,0.69700943837244
ANHX,-0.545362276680786,0.585504379940882,0.82965648172583
AKAP3,-1.06303114677712,0.287767826731471,0.613791842514178
SLC29A2,1.2363910969396,0.216313223874922,0.541334112365078
TSPAN11,2.19776101361529,0.0279661410375107,0.19657553342455
ANO2,-2.07187329672657,0.0382772588649564,0.230474030067637
MPDZ,1.22655633745395,0.219989388427494,0.545562777572984
SKP2,-0.846620605762692,0.397206624763105,0.705646885224152
ERC1,0.702507457297985,0.482362752746228,0.768690426754389
FAM214A,3.41944193883839,0.000627497222102152,0.0262819185350227
ERFE,-1.06721608774228,0.285874269519142,0.612868823938673
RFLNA,1.69976611792073,0.0891749270511399,0.351933720521076
CPM,1.49317327647076,0.135391835403098,0.425485892996195
C17orf49,2.41694665846999,0.015651310544245,0.144801422723554
RASAL1,0.78008029509932,0.435343614148321,0.73474434003854
VPS29,-0.982602578217693,0.325803075010642,0.648579660058637
CLEC5A,-0.0271142898700977,0.978368577283211,0.993508098558048
TRIAP1,-1.45427304517071,0.145870620482968,0.440875794780613
PRSS58,1.94122961793021,0.0522304321308664,0.269777548697662
OTOGL,1.65619476462618,0.0976823831343,0.368049669660863
TAS2R38,-1.65865217751085,0.0971859011445761,0.366738015065634
CLBA1,1.10085353938914,0.270960405637957,0.59627312609996
SLC16A7,1.29793395148856,0.194310032112855,0.512492503647638
MAP3K12,-0.447186775413429,0.654740209051882,0.864131874092215
RAB5C,2.22984327067803,0.0257578496170164,0.186888533770017
BRF1,-1.84708031379762,0.0647355011739632,0.300142373721044
AGAP2,0.0804805439231222,0.935855069734462,0.977346067906343
GAS2L3,1.18914171692134,0.234383904773485,0.559518219804627
ANKS1B,-1.63184069067868,0.102713050871305,0.377351731997505
TMEM263,0.68930009536927,0.490634437955763,0.772978775267889
TWF1,1.22973079846237,0.218797929666636,0.544158370693136
C12orf54,0.618217724974388,0.536431827564964,0.798587756520986
TEX49,1.78052982799954,0.0749892922820153,0.321452441869546
C19orf67,-0.417133329782073,0.676580887277487,0.87404954187302
METTL7A,-0.13044636849883,0.896213283207875,0.967158529128925
OR6C68,-0.669990515144425,0.502863836561282,0.779391666093692
GLT8D2,-0.935835060327049,0.349358116883939,0.668170490136747
PRPF40B,0.322488866993226,0.747082370493188,0.905130054127545
BLOC1S1,-1.243027471158,0.21385771053051,0.538347512034327
COPZ1,1.49988639621737,0.13364383242266,0.423109993931073
CD63,-2.24212699453621,0.0249531657907301,0.184015406870766
PPHLN1,0.807500907579466,0.419377951840972,0.721933462567842
KRT74,-0.313207364758545,0.754123123464572,0.908006366679338
RNASEK,0.408413597081382,0.682970052596607,0.876711175340686
PPFIA2,-0.726976732418341,0.467240209404603,0.758798842935082
DNAJC22,2.12444196733947,0.0336332038580584,0.216677504505274
KCNC2,-3.63113811696053,0.00028217411602117,0.0180069301046738
SENP1,-0.616030722699239,0.537874243084165,0.799413497721551
DAZAP2,0.912955002087733,0.361266208046025,0.67596901137227
BEST2,-1.85613042899243,0.0634349694549449,0.296401677686711
WSCD2,2.08971341449387,0.0366435512598414,0.226106515231734
RPL18,-1.44683641995994,0.147942743762977,0.444141379322019
ZBED6,1.2947410874603,0.195409560976976,0.513874763112914
ATXN2,-1.70892978521174,0.0874639564717228,0.34795425055115
FRS2,1.75751018515084,0.0788308873334092,0.328463544729322
FMNL3,0.466007121688081,0.641210402933992,0.859064569313496
RAB3IP,1.94863279385463,0.0513392929075643,0.268099786514171
UBE2N,-2.20741542305406,0.0272850498486306,0.193381448621099
ACVRL1,-1.1454576424248,0.252019632123894,0.577622212142945
OR11H12,1.93365804329504,0.0531551856732964,0.271538734503139
TROAP,-0.624566823568671,0.532255399771949,0.797792470399807
TBC1D15,-0.588590822984401,0.556135791514185,0.813007432897618
FKBP11,-0.314647851843549,0.753029042610982,0.907617194727095
TPCN1,0.100063486941798,0.920293922999414,0.973697401951534
NACA,2.90999233175136,0.00361437623974609,0.06802397435529
PFDN5,-0.802973903772183,0.421989818124188,0.724119517465061
DDIT3,2.09801204430524,0.0359040814244779,0.224010862547125
RDH12,2.10626770291994,0.035181105104307,0.221345422649456
ASPG,0.373483561752483,0.708788577523818,0.888561145081074
CNTN1,-1.35581063402947,0.175159426966117,0.486330335386409
SPIC,0.857737139156992,0.391037627433517,0.701051055995832
NR1H4,2.47404927361306,0.0133591270411823,0.133008654920469
MAPKAPK5,-1.36259750876863,0.173009394416289,0.483001941800486
NPAS3,0.103369481519643,0.917669732586393,0.972788284263588
TAFA2,0.483969339093753,0.62840762918824,0.853178887190301
DTX3,0.0381279432751258,0.969585671991916,0.990285750433686
UNC13A,3.31405973231814,0.000919518615999218,0.0330476213896482
TMTC1,1.37572759722463,0.168905984533495,0.475973070810746
APPL2,1.46681699258615,0.142425845889463,0.435745665538374
ARL1,0.693551516883714,0.487963507672045,0.771854326849036
MARF1,0.917377728675608,0.358944739085938,0.67472286626974
GATC,1.03284825129546,0.301674919147301,0.627064473513542
BAZ2A,2.19925230209602,0.0278599872341375,0.196166303604667
KRT4,-0.821010978408572,0.411640014885508,0.715556026590921
APAF1,0.0396266331095074,0.968390793960003,0.989987892361926
MYRFL,4.22502056419969,2.3891895981554e-05,0.00455604402311775
SARNP,0.230168612316046,0.817960750847896,0.934804047838507
SLC38A1,1.78641195504755,0.074032581340717,0.319705917234082
NUP37,-2.70136557014817,0.00690553898395906,0.0950993044953206
CSRP2,0.470645553740961,0.637893871268809,0.85759850583831
INAFM1,0.681694040090281,0.495432436840251,0.776115840343594
TMEM116,1.86111195389155,0.0627283684576058,0.294709361540921
RITA1,1.75836699344321,0.0786850854311088,0.328231918927665
TGFBR1,-0.4351119853328,0.663481144210321,0.869041385827364
FICD,0.487364040867649,0.626000371699655,0.851673663327153
TMBIM6,2.32519619776479,0.0200614715767265,0.165346851664348
NWD1,3.90404223251355,9.4599262127323e-05,0.00976269461229473
LIN7A,-1.82201279900297,0.0684530436429963,0.307697000668144
IFT81,0.677842583413118,0.497871507941225,0.777218752439069
SPATS2,-0.467790714862699,0.639934261257139,0.858524618499997
C12orf45,0.99020858558697,0.322072176938682,0.645697948793952
MYL6B,-0.398333697483669,0.690384224235219,0.880166579410781
PAH,1.31666892132973,0.187949625447952,0.504132960265737
CDK2,0.43565785920581,0.663084984844488,0.869041385827364
ZFP37,2.96605524493003,0.00301646299571798,0.0610410096099784
ATP5MPL,0.589138871047982,0.555768119702011,0.812921090927412
TTC6,0.872457541919832,0.382958820976847,0.694625694459832
EMX2,0.567349815500798,0.570476538310664,0.82199876422849
ALDH6A1,1.72349543048114,0.0847989708067125,0.340941689580342
UNC79,-2.39681534840235,0.0165382556525834,0.149335043358953
G2E3,1.98510466619915,0.0471328277606258,0.256965982716058
SRSF5,-1.95632876128278,0.0504264381786365,0.265549471632829
TIMELESS,2.12207677634347,0.0338312912570011,0.217521380398545
STAT6,1.07153895219942,0.283927166045129,0.610935276042148
HEATR4,2.15664020015129,0.0310337097168791,0.208015410276808
GSTZ1,1.01193037099402,0.311571346622562,0.635892716872968
GTF2A1,-0.256411293786378,0.797633268116607,0.927156605924344
DNAL1,1.13903927426562,0.254686773637336,0.581193568054003
RNASE9,0.181922194366168,0.855643786547094,0.950265853795262
SERPINA5,-0.478936618169651,0.631983719558658,0.855093867537077
C14orf132,0.224059509011467,0.822710998614115,0.936600827120114
OR13A1,2.19333858652093,0.028282993497335,0.197858887180968
PRAF2,0.308804957161309,0.757469898058655,0.909401494528757
ZFYVE1,-1.6690321001145,0.0951110183325123,0.36231598029417
TCL1A,1.83686989077113,0.0662291051372366,0.303336412876368
ZBTB1,1.60399613771651,0.108714903947082,0.387434689050983
DUXA,-0.382644586276677,0.701983306596129,0.886046353804356
DMAC2L,1.21525548977789,0.224268662438041,0.54878785468874
JKAMP,1.15253256542058,0.249102295747225,0.57443435933515
BDKRB2,-0.6655437035292,0.505702800238209,0.781728131324911
SAMD4A,0.878805856003514,0.37950655058721,0.69202034810462
HNRNPC,-1.00605469093715,0.314389262376286,0.638748502614343
VTI1B,-0.702976847406479,0.482070178172557,0.768615310302362
PPP4R3A,-2.06876659021631,0.0385679949928688,0.231279552659789
SERPINA10,-1.71891883905236,0.0856291512927656,0.342932558590261
MAP3K9,1.73981664814024,0.0818912182392773,0.334915972684379
IL11RA,2.01942814659813,0.0434427385304472,0.246469495568785
ASB2,-1.30569870228112,0.191655039478261,0.508851193268328
SERPINA4,2.66329797633525,0.00773788597981904,0.100822663864057
HSD17B6,1.68482306120209,0.0920227142117333,0.357130516246042
NUMB,0.343512981632606,0.731212576401089,0.898714071321158
CEP128,1.33942519256971,0.180432292613993,0.494327203440636
APEX1,0.519578653512931,0.603357279451447,0.839541432108207
MC1R,0.566241631455439,0.571229532774764,0.822175725571826
ACYP1,0.858693574453531,0.39050959644175,0.700815992994278
RAX2,-0.96518724786695,0.334451032963193,0.65670110332273
PTGR2,2.24713668627933,0.0246312929752013,0.182743161828737
SLC7A7,1.25731984864252,0.208637839468981,0.53113934875534
ITGA7,0.970114195958669,0.331989573698266,0.654251550161118
SNW1,0.687088185007547,0.492027159128977,0.774373688003104
SIPA1L1,-2.59577234310853,0.00943785748932221,0.111262338783309
RNASE4,-1.23896989252384,0.215356648075575,0.539992456576706
TMEM30B,-1.2182876551064,0.223114679600471,0.548359957012757
FBLN5,-0.403931511866371,0.686263083092966,0.878436256325822
VIPAS39,-1.43454760439251,0.151416054435794,0.450004377587638
CEP95,1.21153682743384,0.225689729184287,0.55035426814324
PROX2,0.978544480729669,0.327805103001775,0.650434614438054
NAA30,0.368238190837567,0.712695635757774,0.890731736057193
DPF3,-0.340775341712305,0.733272715005485,0.899471578441343
RNASE12,1.12392193056674,0.261046146799394,0.586783662941531
PTPN21,0.534361880462847,0.593091187070418,0.834570279644449
TMEM179,-1.95424207959456,0.0506725950438269,0.266240548805637
TGFB3,-1.52627043045875,0.126942529553866,0.414151757253855
ISCA2,0.829433796753841,0.406858983938811,0.711845925918648
SRP54,-0.206677246844159,0.836261928124709,0.942749605660051
TMEM229B,0.895057011434316,0.370756612495016,0.685756223498249
DIO2,-0.692046329410799,0.488908234826588,0.772142201261677
ERH,-0.584295136679522,0.55902176361398,0.814476268769411
FOXP3,2.56935612385508,0.0101887690933197,0.116282983231669
RGMA,-0.392805841753312,0.694462889688773,0.882448899541773
GNG2,0.105663462179289,0.915849370969649,0.972111996832641
RPS6KL1,1.44862066085159,0.147443548083389,0.443233025015514
SLIRP,1.93188744687594,0.0533733995115376,0.271945625468144
ETFRF1,0.0325196803617296,0.974057621669911,0.991806768427706
RD3L,-0.153330573125385,0.878137591867496,0.959309847352314
NEDD1,0.966199408102082,0.333944409011857,0.656189226048392
CNIH1,-0.4532217720286,0.650389056401786,0.862463109581013
LDLR,0.0702641274423148,0.943983434065406,0.979704666587666
MEF2A,-2.33824124804067,0.0193747368689076,0.162588640122929
ETFA,-0.55672293597512,0.577716743739686,0.825554374053877
PSTPIP1,-0.0891410564562031,0.928969808916508,0.975498759076853
GDPGP1,0.835195484932893,0.403607651446055,0.709968219675439
SEC11A,-0.482488259289291,0.629459136805661,0.853585137495438
SHISA9,-2.2712246671919,0.0231333808935991,0.176798443869695
TTC23,0.730581888036947,0.46503457828681,0.756700819747111
RPL28,-0.419891104865182,0.674565006171491,0.873254866626762
SRP14,2.37514637633315,0.0175419921136869,0.154615633589316
CCDC9B,2.09951006991079,0.035771961076359,0.223728790069944
TRIM69,0.91436911828066,0.360522923106584,0.67596901137227
WDR72,3.68242085391145,0.00023102960464363,0.015855062981781
CERS4,2.23679621981758,0.0252996617349937,0.185222320263105
SECISBP2L,2.58568389419718,0.00971860147000171,0.112762212761101
ITGB3,1.11479700736063,0.26493741919547,0.591442480480727
MAN2A2,1.33502834409072,0.181867069844058,0.496343204199534
CCDC32,-0.168229167358164,0.866402995698713,0.95430321808103
TLE3,-0.423023810163909,0.672277889198211,0.872187471217573
GALK2,0.657231715910995,0.511031935263222,0.784925295051792
ZNF592,-1.19144384337656,0.233479389845624,0.558685627816286
LRRC49,-0.0501608491671213,0.959994210095789,0.986530536451065
AP4E1,3.20100419844439,0.00136949536635138,0.0405075737102
PEAK1,0.276946291039077,0.781821347084912,0.919966766961839
ISG20,-0.730251851434173,0.465236253351028,0.756700819747111
DMXL2,2.72291272828907,0.00647091492553557,0.0924505902886518
NRL,-2.24504624204988,0.0247651641323407,0.183212480794664
APBA2,-2.32879884405797,0.0198697246831769,0.164748455096143
GPR176,1.22967667829065,0.218818203478183,0.544158370693136
RASGRP1,0.583495145864212,0.559560023825903,0.814476268769411
RNF111,1.53823204913139,0.123991887384068,0.410830846812828
MEIS2,-0.451334969717177,0.651748144779467,0.8630863845811
MEIS3,1.86606730378796,0.0620319497406388,0.292459532677724
TLN2,-0.49669233256769,0.61940603020697,0.848654349765034
CDIPT,-0.00179791957238209,0.998565468504488,0.999307355934739
TSNAXIP1,1.68022564173712,0.0929134221673967,0.357956038170816
ZNF423,-0.675680408850604,0.499243577103195,0.777712296152671
TLE7,0.178499076568332,0.858331046342444,0.950730386607362
TMEM170A,-1.1290900361225,0.258859854111831,0.584503327346303
AL845331,0.833198170522503,0.404732974222059,0.710298481936482
ARPP19,1.07612070010528,0.281873279040449,0.608616488606186
FRRS1L,0.0788174436613487,0.937177829174998,0.977668416540825
ZNF598,-1.5020884742,0.133074261112007,0.422527071178164
ADAL,0.832958202068219,0.404868302902396,0.710382152169836
TPBGL,-0.260341853451557,0.794600090938163,0.926219916762656
SCAMP5,-1.82727426558964,0.0676585425117816,0.305794372420509
FBXL19,1.10285893849394,0.270088428267489,0.595377885487088
NETO2,-0.353639567665947,0.723609017378844,0.894705403448028
XKR7,-0.506517765864043,0.612493221103324,0.844784089590178
CENPT,3.74501423641826,0.000180383546728802,0.0141933830530444
SLC22A31,2.29179770083482,0.0219173194191094,0.172553802407683
HAPLN3,0.767935557623911,0.442525471220948,0.739812245158304
CNN2,0.272626694080596,0.785140190063004,0.921063539094716
DYNLRB2,0.753982630859022,0.450859651390475,0.745442390107568
INO80E,1.64555749834939,0.0998548955719063,0.371567493646701
DDX19B,0.325986322017762,0.744434703822307,0.904973449141284
EARS2,-0.203649658859066,0.838627284075365,0.943305657585494
RBM15B,1.01771131453988,0.308815168642835,0.633698578115167
SCAPER,0.145836352145906,0.884050577818523,0.961796641624449
SULT1A3,1.56661395743426,0.117204953405958,0.398944789953207
SNAPC5,1.902012493272,0.0571695213250661,0.280323741041803
TCF24,0.0545564341688805,0.956491847530885,0.984811472399811
PDXDC1,0.370834191699,0.710761032951678,0.889478823804951
C13orf42,0.150546042004616,0.880333828353987,0.960445603009518
PECAM1,0.935218043800742,0.349675941430154,0.668170490136747
STRA6,1.96781476535109,0.0490893546556732,0.261567833535111
PLCG2,-1.1015695430927,0.270648855412663,0.595809764686113
MKRN2OS,0.362623672247163,0.716886024359207,0.892970432449811
KCTD5,-2.58668985609342,0.00969027697199728,0.112675537617722
EIF3C,-1.49773640624551,0.134201749048996,0.423840222015194
DET1,-0.931278908233923,0.351709309375934,0.66958357453982
MINAR2,0.425776387278892,0.670270794460808,0.871262815580261
ZNF106,0.540370313063458,0.588941676748804,0.831908988097722
DOC2A,-0.71744470782002,0.473099741855606,0.762505739053972
KLHL36,0.447536962749553,0.654487406039145,0.864131874092215
SULT1A4,1.63899172662677,0.101214982745787,0.373930542197915
BLOC1S6,0.620871326029624,0.53468428882557,0.798350727555552
AARS1,0.994727541347739,0.31986879561256,0.643288492486481
TMEM249,-0.657903367129364,0.510600226895156,0.784633966414826
ANKRD66,0.99236070825483,0.321021598758024,0.644468552671391
TMEM178B,-0.819882245540007,0.412283239017444,0.716259273444131
ARMH2,1.23061130756625,0.218468274050715,0.543565447693399
SLC25A24,-2.47057705994183,0.0134895252134879,0.133568548677719
HSPB9,-0.0887313290013911,0.929295433785938,0.975549863482734
MAN2C1,0.632235619050681,0.52723292558917,0.794457595019742
ESRP2,1.97154801617219,0.0486612264931395,0.260582312492127
CMC2,0.565999606135805,0.571394048262386,0.822175725571826
SPNS1,2.03815985020207,0.0415339493085254,0.240781038748887
OGFOD1,-1.24176214133858,0.214324334790012,0.538484559657974
SNX29,-0.00314783079026076,0.997488398560274,0.999088774975208
HEXA,-0.643871800033165,0.519658569610105,0.790460374888344
SPSB3,0.686023089233162,0.492698548534026,0.774671556065623
NPW,0.987454506908175,0.323419874593591,0.647279015592977
WWOX,-0.49358536743709,0.621599036876805,0.849397575473525
SNUPN,-2.38122341649657,0.0172552431471634,0.153182996206727
SCX,-0.0971163711081889,0.922633980051978,0.974300164637596
MDFIC2,0.753286210555457,0.451277943318468,0.745664150135299
CDIP1,-0.979638084685798,0.3272647986051,0.649792209868629
INTS14,1.67685276813217,0.0935712761129124,0.359028608616192
TAF1C,2.72906842189468,0.00635135242935115,0.0917549657106531
ABAT,0.752293942821547,0.451874309659099,0.746020644251816
MACF1,2.89941289390955,0.00373862209003774,0.0690984326766497
CTU2,0.261558254760486,0.793662031647751,0.925900955158946
KCTD13,-0.587923691675424,0.556583513389858,0.813007432897618
ZNF747,2.14848052690145,0.0316756017213782,0.209557227565665
METRN,-0.036244335757193,0.971087534373771,0.990832043602194
ASIP,0.628124424340126,0.529922434088762,0.796295297889094
SYT16,2.17670110351408,0.0295028759189701,0.202460675601433
TMEM231,2.26651274200452,0.0234200078977026,0.177805577524057
EME2,2.14160558462372,0.0322252339670925,0.212049700545105
PDK3,0.370718960828467,0.710846866393714,0.889478823804951
TBL3,1.62372863132987,0.104433737617683,0.379213956733441
TUBB8,-0.170205091450931,0.864848847746295,0.95336880937974
SQOR,1.50608558502218,0.132045204577021,0.421141250847096
WFDC1,-3.52914268718814,0.000416908277623554,0.0213175592176662
ULK3,-0.596568203523496,0.550795705334148,0.808974953584741
FUS,-1.74351063959997,0.0812444574339083,0.333221510765744
NUB1,-1.41014309584547,0.158497434256099,0.460162083442077
COX5A,-0.501370607719027,0.616110321458416,0.846813237883496
ADGRG1,0.118394400257145,0.905755162521579,0.970403934304313
PHLPP2,1.75949793196314,0.0784929711958569,0.328231918927665
ZNF865,-0.729128135080471,0.465923285799939,0.757366374144868
HAS3,0.0800674288273928,0.936183627582561,0.977346067906343
CNOT1,-1.01980778434727,0.30781963062788,0.63300899189529
SERTM2,0.0704360725060497,0.943846580825955,0.979704666587666
C15orf41,-0.548075252319117,0.583640232555315,0.828463484498564
CLN3,-0.719086616744512,0.472087552811943,0.762158082024779
SCRT1,-0.70475564455665,0.480962316083451,0.767914911441278
ANTKMT,0.967403268795333,0.333342476612669,0.655876098743133
TMC7,-0.914647815544581,0.360376548095749,0.67596901137227
MRC1,-2.65697117154643,0.00788461851207092,0.10159124122588
BOP1,1.3725315843597,0.169898013484605,0.47741221636017
INSYN1,-0.183938132715713,0.854061989566151,0.950008289901106
C15orf65,1.76382465163161,0.0777615057469562,0.327335343276863
PARP6,-0.849796144150902,0.395438433754599,0.704202593984567
NUP93,-1.93649283213093,0.0528073695982112,0.270847195450774
CDYL2,1.13560178419979,0.256123261818383,0.581899354600055
OBSCN,0.977676455977419,0.328234369885685,0.650727849984964
ZFP90,2.78275470570568,0.00538995395756378,0.0836734018155613
ANKFY1,0.334333853018445,0.738127647704403,0.901898333928466
GPR139,-0.564547153353891,0.572381818947446,0.822244691204872
PRSS33,0.796577474395211,0.425696463964182,0.727706600336999
ALOX15,2.29711448581595,0.0216122396254385,0.17180617561978
GCGR,1.66191237178722,0.0965303457047128,0.365233513895352
RSL1D1,2.66217985709304,0.00776363825552272,0.100873176037598
PDE6G,-1.79326064560633,0.0729312569606201,0.316758505914976
MMP12,-1.0430962293534,0.296903726886032,0.622912076565168
PCDHGA4,0.663781793009773,0.506829980345309,0.782650328915597
MRTFB,-1.20451588779481,0.228390245036703,0.552616432572014
SLC43A2,-0.880372329728966,0.378657641179813,0.691255964172046
RNF167,0.305740676759747,0.759802099773962,0.910585250369735
TOM1L1,-0.745359609319534,0.45605435435691,0.749899558885573
OVCA2,2.41699242519925,0.0156493427855898,0.144801422723554
NLRP1,2.17084420074077,0.0299429514643455,0.204002121643342
MYL4,2.58018799054413,0.00987465436923104,0.113839454246704
OR1R1P,2.23790775613346,0.0252270711449109,0.18502515664609
PIMREG,0.473052544407407,0.636175692321707,0.85759850583831
MCRIP1,-1.09671078769947,0.27276783916925,0.598604644610664
CIC,1.31373363628618,0.188935857381583,0.504976062824454
KANSL1,-0.441367414752375,0.658947028345215,0.866852148238872
DNAH2,0,1,1
SRGAP2,-1.4961946540187,0.134602937283249,0.424140554126009
SPATA22,1.5884471867134,0.1121852545242,0.391980497073387
ACTG1,0.983832653237416,0.32519780137659,0.648232931253719
MYMX,0.465894915856752,0.641290720506712,0.859064569313496
PCDHGA9,-1.51856804458967,0.128871259777875,0.417118386763173
NUP88,0.44323887691967,0.657592961520885,0.866227087630396
CTDNEP1,-0.703095438234577,0.481996274842632,0.768615310302362
MIS12,1.63047892916822,0.103000314965606,0.377805374037322
ACSM2A,0.760283104323681,0.447085378940618,0.742576791397527
ZP2,-0.38352798308678,0.701328326035294,0.886046353804356
SCIMP,-0.330208874615198,0.741242141617214,0.903174382907929
GGT6,1.7189681259559,0.085620175926913,0.342932558590261
PLSCR3,0.0317468316258885,0.974673947454188,0.991806768427706
ABR,0.346089860584532,0.729275183213653,0.897774123130382
CTRL,3.07783198204909,0.00208512441863039,0.0502943180083037
METTL4,3.78011422805802,0.000156756425057215,0.0129711878596972
NMRAL1,0.185138635976101,0.853120298266758,0.949925834056598
USP6,1.3812128089783,0.167213537510326,0.473193258450877
TSPAN10,1.42713668482632,0.153540500201515,0.452580099611994
ZNF213,1.66581318710827,0.0957506287610326,0.363710117270499
WSCD1,0.808603048277575,0.418743510846781,0.721551927990389
HCFC1R1,0.599750415962578,0.548672583036932,0.807763552271008
NAA38,0.197639069428414,0.843327464710325,0.945180519277048
BAIAP2,-2.80921543936837,0.00496624007309143,0.0799382178199991
NLGN2,0.470521500830055,0.637982476632515,0.857609716680746
TMEM100,-0.841572547097857,0.400027261276618,0.707633076288628
LITAF,-1.1863290499096,0.23549237873499,0.56067802099228
NPY4R2,1.84901955050644,0.0644549897431986,0.299355566976363
PAM16,0.0258404247236019,0.979384618337025,0.994041658022845
PCDHGB3,0.495436358051209,0.620292135458724,0.848779481227625
RUNX2,2.71648592934755,0.00659789996727639,0.0931579795902291
ATPAF1,0.910216150211932,0.362708528542343,0.677398610340227
SPON1,-0.636577495186392,0.524400088024965,0.792614791756495
GFY,1.73081984298037,0.083483901622479,0.337875296229404
AIPL1,0.367095843464306,0.71354752762833,0.891123497598243
TNK1,0.145215446440584,0.884540770707723,0.961796641624449
INCA1,0.581309748314115,0.561031711717692,0.815218558066523
CCNQ,-1.86971000137138,0.0615240999100634,0.291591852468485
GOSR2,-0.869303512983118,0.384681141914849,0.696136723154827
ZSCAN10,0.83234658403487,0.405213343332163,0.710833666890805
GRAPL,0.121251987064608,0.903491448112081,0.969947563406211
CDH8,-0.977271810602144,0.328434604925046,0.65074707919882
FBXL20,-1.40209007758366,0.160888349692907,0.46419353153655
RNF43,1.77967411203219,0.0751293095431651,0.321672920580964
SLC25A35,0.725241780421949,0.468303715414995,0.759430465519366
MIEN1,-0.176255404789617,0.860093295303717,0.951231729228845
CUEDC1,0.724826379305084,0.46855855035349,0.759562510519024
HEXD,-0.319658030434772,0.749227578541309,0.90635344582253
YES1,1.01095196981991,0.31203941847364,0.636046783640974
SEC22B,-0.923131303180815,0.355938783356459,0.672804011803185
TAF4B,-1.86904516367817,0.0616165311818632,0.291859250124728
H4C14,0.116087848099568,0.907582919509076,0.970614440780545
NCOA4,0.0916939084140811,0.926941237384522,0.975498759076853
DDX42,-1.74733011320279,0.0805800924733126,0.332770119464949
RAB31,1.84351961067189,0.0652531811550354,0.301236549628471
MRPS7,-0.392060930319995,0.695013194307103,0.882648816886846
ENGASE,-0.357813543267898,0.72048285465519,0.8934082912762
SPATA33,0.617284883362107,0.537046835833637,0.798894303847326
RASSF5,0.859499247359225,0.390065135067283,0.700427992469254
C18orf63,-0.356129697418787,0.721743437952863,0.894066767680103
DNAI2,-0.00984875192828186,0.992141959929035,0.997062606750959
H4C15,0.395320804932887,0.692606147136398,0.88112809347256
POLI,0.409578062473524,0.682115492204245,0.876449465964217
RPL36,0.120342796627637,0.904211603627504,0.969992984773755
YTHDC1,0.849640956319971,0.395524734137547,0.704202593984567
ORMDL3,0.551768546957657,0.581106939349479,0.82660486001893
ICAM2,1.88269503149246,0.059741709169723,0.28669099708129
FOXN1,3.92978169414251,8.50230184007184e-05,0.00946048548746698
TMEM98,-1.13947416824758,0.254505436489655,0.581193568054003
DYNLL2,1.49244090222274,0.135583599091213,0.425823398114604
TIMM23,-0.50901808829837,0.61073954534676,0.843878531041176
KCTD1,-0.0560551854671213,0.955297844586057,0.984717150764114
SLC16A5,3.50100573689391,0.000463505865913465,0.022096960531151
PTPRM,-0.27676470146717,0.781960786918012,0.919997270461933
TSHZ1,-3.12647184259938,0.00176917445377771,0.0456632941421702
PIRT,-2.56087773540993,0.010440809292932,0.11757588219215
RPL17,-0.890697983681823,0.373091216799339,0.687286684066426
GDF10,-1.08137882223625,0.279528638116612,0.606543466563877
ZNF18,1.94542034297638,0.0517244083179651,0.268849056127799
ADAP2,-1.048288092164,0.294505894250951,0.620679500703896
STARD3,-0.805436662362001,0.420567742389738,0.722903768440643
NAT9,-0.679429324621015,0.496865874563132,0.776859164733656
SLC16A6,-2.26877370670995,0.0232820906990728,0.177127576574501
C17orf58,2.30369630069825,0.0212396976520175,0.169786551188002
MYL12A,0.935239567184344,0.349664851670359,0.668170490136747
VEZF1,0.651892063705644,0.514470805009713,0.787203358897477
TEFM,2.99501830050679,0.00274428376238948,0.0583313332580169
STARD6,-2.68852719227514,0.00717679901732982,0.0969527034117172
OTUD7B,-0.0933853564649801,0.925597423526122,0.975326399073845
PITPNC1,0.0339621282228631,0.972907350567465,0.99169005441756
TMEM200C,-0.349571026383183,0.726660658225572,0.896039757259665
FAM222B,2.50298302274667,0.0123151451357508,0.127906126771052
GDF2,0.239091569998314,0.811034578408661,0.93208022415102
CLUL1,1.65629885863643,0.0976613115307003,0.368049669660863
IKBKE,0.694961477801255,0.487079443345718,0.771304288510233
TXNIP,-0.382462719101898,0.702118176630897,0.886066141779057
RNF115,-0.216755929617518,0.828398558464063,0.93878992058617
C19orf47,2.29719192781073,0.0216078234173811,0.17180617561978
RPL26,-0.755412240436038,0.450001671068963,0.744715821679336
KCNH6,-1.14972873408684,0.250255615681657,0.575374932565104
KCNJ12,-2.61130022955785,0.0090198669021665,0.108863010139402
NETO1,-3.73662128509669,0.00018650950703576,0.014276218969325
KLF14,2.18725979874101,0.0287235636960795,0.199440630326102
RBFOX3,-2.31070923573773,0.0208489207612592,0.168129431153856
ACP6,-1.20556414717732,0.227985590267108,0.552308506077866
MYH3,-1.28147322088986,0.200027500092938,0.520341156958181
MARCHF10,0.207151876698868,0.835891248899158,0.942749605660051
CCDC178,0.362263344911575,0.717155247048411,0.892970432449811
ANP32E,-1.85879080179501,0.0630567967644931,0.295401045883141
SCRN2,0.212290233277825,0.83188061450516,0.940237980650871
BAHCC1,-2.26317021554333,0.0236251985038551,0.178692157438327
FAM72C,1.2693833517898,0.204304370995949,0.525311493346925
SAP30BP,-0.949007910131559,0.342616588993566,0.663328109177693
RBP3,-0.537511322636927,0.590914465927036,0.833037108812801
SRSF1,-0.0997940265578338,0.920507850494032,0.973860175488399
ANXA8L1,0.0594266903969209,0.952612254758939,0.983541732126991
IFT20,0.707862176995136,0.479030849813706,0.766875164901764
ZNF488,1.35557329726047,0.175234972713263,0.486357534372437
OVOL3,0.234734562586324,0.814414760051662,0.933125974541569
SARM1,-1.37844734182909,0.168065215294307,0.474842090762668
LINGO3,-0.830749737739715,0.406115022115165,0.71147689344016
KCNJ16,1.90975150181197,0.0561652163793163,0.277572354669655
TSSK6,-0.902567901055618,0.36675526892604,0.681900958472495
POP4,1.10932500224181,0.267290003008865,0.592762848374702
C19orf25,-1.24796049833535,0.212045523527558,0.535615691266664
WDR18,1.27728884135287,0.201500291674099,0.521744125837936
TYROBP,1.17993137857435,0.238027508556916,0.563568198393083
PIAS2,0.284618458698243,0.775936467919653,0.917407189524607
CILP2,2.26269830388199,0.0236542934580449,0.178747059515827
SLC44A2,-0.594925138187177,0.551893512968803,0.809853517265194
MBTD1,-0.288449131820102,0.773002963324553,0.915997366890178
CACNA2D4,-3.46144837604623,0.000537277153035157,0.0240572524131129
SLC14A2,3.48451905128216,0.000493022362436038,0.0227851713600669
ABCA8,0.613763998232953,0.539371290764142,0.80024432512549
TNFRSF11A,-0.307036324882938,0.758815723441783,0.910196356743599
BCL2L14,0.595259068187272,0.551670311964698,0.80959928353425
SEMA6B,2.08380406089173,0.0371779938116605,0.227570750525863
CCDC130,2.08645232854384,0.0369376691369363,0.226960833601441
MFSD11,-1.11279112755595,0.265798146835133,0.591517122791588
EVPL,-1.40931554035736,0.158741885642495,0.460624279337487
ZSCAN5B,2.09687969226915,0.0360042266552504,0.22441022462761
DPY19L3,-0.990826907156325,0.321770108199395,0.645172152870361
SPRED3,-1.51922849034898,0.128704992317709,0.417118386763173
SLC16A2,0.182286094626559,0.855358210744384,0.950209117809315
RAMP2,-2.14408206747967,0.0320263116537902,0.211279806917495
EML2,-0.633490364984998,0.526413470812187,0.793877952145239
SSC5D,-2.02232523052415,0.0431427637523876,0.245627347264647
STX10,2.17944957269138,0.029298286914714,0.20185773697479
RND2,-0.343511626499587,0.731213595692728,0.898714071321158
ZNF581,-1.10964404123231,0.26715244523273,0.592538859438604
PTPRS,1.85823033739681,0.0631363116015101,0.295517318726213
C17orf113,-0.0199018791841827,0.984121646070656,0.995023322998978
CEACAM16,0.606104314308718,0.54444548628568,0.80460584310764
GHDC,2.96939540230228,0.00298386376531629,0.06085846283927
PSENEN,-0.0244047662281693,0.980529746558915,0.994268145870035
CAPNS1,0.577837633604416,0.563373744627071,0.816864212063709
RASGRP4,1.73096812157176,0.0834574503427839,0.337852600550995
SEC11C,0.00386553005868783,0.996915760927805,0.998949528244238
NLRP4,2.27963798845913,0.0226291679437547,0.175235683929209
CIRBP,2.57341751216304,0.0100699647979691,0.115312104844955
TMEM205,0.857245930881426,0.391308983268205,0.701051055995832
MICOS13,0.538982483353932,0.589898941240344,0.832390697185055
FBXW9,2.6516810749793,0.00800921543265486,0.102544528394868
PLEKHJ1,-0.740037122005302,0.459277469801765,0.751810594629046
FARSA,0.194601101851887,0.845705240396578,0.946254858060831
MPPE1,1.78589652935264,0.0741160130408309,0.319776300214631
C10orf82,-0.624092905859242,0.532566572592049,0.797963724823861
CCDC43,0.409617868234662,0.682086287346553,0.876449465964217
C19orf53,1.83594345925192,0.0663660192922593,0.303752560042972
FAAP24,0.762024621773912,0.446045309143427,0.741803791705495
CNTD1,-0.0346103367893948,0.972390458873313,0.991412564340013
BCAS3,0.715714027946668,0.474167947115609,0.763196114424205
POLRMT,3.81747663758641,0.000134823549391628,0.0120737840446901
CAPS,1.7045423946903,0.0882798028345152,0.349432801988927
CCDC159,1.52574490407923,0.127073406737026,0.414183159018794
PODNL1,1.33462229375313,0.18199999769047,0.496555792385932
TNNT1,-2.09117605614727,0.0365122848680551,0.225802222596835
RPL27,-0.316587047821051,0.751556964973839,0.906802653361691
TMEM101,-0.380880590752771,0.703291855242782,0.88662895546602
CYGB,0.068596113095847,0.945311112881014,0.980465904776533
KANK2,2.31016727002091,0.0208788953202011,0.168245146943743
TJP3,2.12598673601815,0.0335043639730056,0.216201957921127
PIP5K1C,-0.84545229050902,0.397858359628684,0.706262857433068
RAB3D,1.58519496222445,0.112922044776065,0.393201594795969
UNK,-0.466477185333223,0.640873974358987,0.859064569313496
SMIM22,-1.54387483713322,0.122618657034073,0.408258467064041
NKPD1,-4.18883243831944,2.80393332146287e-05,0.00494010382691214
KCTD15,0.869835139297616,0.384390505205962,0.695945031184719
RAD51D,2.91261842416336,0.00358412268956257,0.0678103570339872
WTIP,-0.433090612377855,0.664948942478946,0.869556990386133
CBARP,-0.911110072248079,0.362237379937216,0.676749455740005
BECN1,0.429033748675384,0.667898664616625,0.870545346022761
ACLY,-1.62451755361514,0.104265397137151,0.379213956733441
C16orf71,1.38292170588184,0.166688873980397,0.472518355779688
MBD1,2.69920430609084,0.00695054917985526,0.0954503959289362
ARHGAP45,0.986485446023575,0.323894953648438,0.647749944933686
WBP2,-1.03138634688689,0.302359680815291,0.627763297852576
ELANE,1.20889543044203,0.226703021941597,0.551084175562588
TSPAN16,0.49106715773407,0.623378949164465,0.850360591733638
BRSK1,-0.444068589656323,0.656992995004729,0.865858968699215
APC2,-0.944314627052201,0.345008893494753,0.66481571436358
MAP2K6,-1.15461637346508,0.248247558619776,0.57311560713117
FHOD3,1.27212985542441,0.203326985012649,0.524212995080328
GJC1,-1.46649697485522,0.142512944741308,0.435754446905249
ZBTB7C,1.71574312747823,0.0862090674968925,0.344602410618281
GIPR,-0.117420324292187,0.90652697902253,0.970406538302482
AP1M2,0.594031036405837,0.552491354754031,0.810217349969066
TXNL1,0.35160006332425,0.72513821770638,0.895060443608491
COASY,0.586022417616076,0.55786045018904,0.813747303555989
PLEKHH3,0.703161350094266,0.48195520261082,0.768615310302362
GET3,-1.16266755126391,0.244964411779661,0.570410594819211
LSM12,-0.624737284666383,0.532143498088767,0.797792470399807
ACSBG2,-1.28471797387313,0.198890855025854,0.51871631039647
CCDC68,3.15828827701124,0.00158698539439329,0.0432166849999475
HIGD1B,0.882513841936007,0.377498997747074,0.690602965557897
PLPPR2,0.246132634832705,0.805579561053735,0.929825260676463
ELOF1,1.39696213065349,0.162424959260979,0.46688174581685
GPATCH8,2.174134944754,0.0296950022818438,0.203225191791268
PWWP3A,2.73280998326119,0.00627965490413346,0.091043762380232
PTGES3L,0.284236253851198,0.776229334132985,0.917516318599982
TRMT1,3.99442326069161,6.4851921337336e-05,0.00834273645203872
INO80C,0.382588445759943,0.702024938580351,0.886046353804356
ANKRD29,-1.25210187778989,0.210532743557837,0.533219361357221
NFIX,-1.03622080020553,0.300099145037562,0.625473452734196
ZSCAN5A,1.52907130358668,0.126246768405842,0.41326531982544
SPC24,2.05564371929697,0.039816870454718,0.234988729221122
FAM20A,-0.966922584826717,0.333582735396285,0.655876098743133
RPS15,0.192183353510585,0.847598584827788,0.947432967483182
PRKCSH,1.26195354469616,0.206965503050273,0.529304441877391
RNMT,-1.45265896918079,0.146318464493308,0.441570655552416
NMT1,0.660517859451086,0.508921561436636,0.784284996132956
C19orf38,1.2853653233451,0.198664652907131,0.518270764852245
C18orf21,-0.635900401674318,0.524841340857138,0.792785621386678
APOC4,2.51181781184248,0.0120111079763991,0.126338772997699
KIF18B,4.04916474803508,5.14007524774792e-05,0.00724482432093445
KLK5,-2.01740059145948,0.0436537256047478,0.246707482875989
NOTCH2NLB,-1.53993715183953,0.123575673723008,0.410122460150744
NTF4,-0.472756804270374,0.636386694906228,0.85759850583831
GRIK5,-0.957820235470659,0.338153413512071,0.659053520660049
ZIM2,-1.01502897083673,0.310092017806355,0.635112650571545
FGF21,-0.773225502827997,0.439388935603242,0.736904522916742
MED25,0.848830800168699,0.395975448979352,0.704551424338119
LSM4,-1.19497365012977,0.232097325290005,0.557372611405534
C5orf58,0.842206900169785,0.39967215213468,0.707321344708386
TEAD2,2.84410537897219,0.00445363156626918,0.0756241610947993
SYNM,-1.94848246800621,0.0513572606037695,0.268099786514171
ZBTB45,-2.58509406478061,0.00973524337667833,0.112874506360929
USF2,-0.317958493149852,0.750516421924509,0.906735233763768
SLC25A53,0.454996370939281,0.649111849672819,0.861755869224612
KLK9,-0.915603528484539,0.359874879998921,0.675296588319346
ZNF446,0.162126474096846,0.871206258674885,0.956864683915104
MIA,1.9935936357281,0.0461964814457388,0.2546581980979
ZFP36,0.514470848218864,0.60692283677619,0.841825205306664
PDE4C,0.418893420947629,0.675294025458419,0.873692916246364
KLK11,0.025914083142773,0.979325867095766,0.994041658022845
LRIT3,-0.579774351947319,0.562066795749284,0.815785200346269
MYO9B,2.09083243605941,0.0365430873705549,0.225906522955502
RUVBL2,-0.109641743972411,0.912693503307724,0.971730044079238
MAGIX,1.27776803117168,0.201331229591349,0.521723085602905
SCGB1C2,-0.513738202433174,0.607435038861656,0.841967874060849
OPN1MW,-1.62444367814718,0.104281151554967,0.379213956733441
DEDD2,1.19320627216757,0.232788598849753,0.558098980405235
CCDC61,-0.35708975434617,0.721024614381091,0.89353502581674
LRRC63,1.84995393189914,0.0643201896579724,0.299072276008627
C5AR2,2.28260405286895,0.0224537020175688,0.174223100049197
SLC35E1,-0.699866114273783,0.484010921053375,0.769571333936043
KLK13,-2.9125193564147,0.0035852597925922,0.0678103570339872
KLK7,-3.14305235880413,0.0016719593002235,0.0442100951016683
SPIB,2.10250754859522,0.0355088391052819,0.222913544948689
MBD3L1,0.555127107516325,0.578807722534756,0.825800422229539
POLD1,0.870259442748064,0.384158637636941,0.695945031184719
PIH1D1,0.830068591726665,0.406500003754784,0.711555199644366
TECR,-0.877524052467073,0.380202060432037,0.692209605270092
TRAPPC5,-1.11706107530782,0.263968212072753,0.590404408650097
CALM3,-1.92141569978509,0.0546793208175381,0.274180955590839
ADAMTS10,0.390031774252461,0.696513051432064,0.883509001851341
ZNF358,2.68992633796982,0.00714677925317789,0.0969390334014732
DCDC1,2.38056496097406,0.0172861129094491,0.153193331956949
FCHO1,0.206812816616369,0.836156046330341,0.942749605660051
GMFG,1.60879513245838,0.10766114558801,0.385397418029163
ERFL,1.83304913652938,0.0667952641649161,0.304555673227809
BCAT2,2.56868337692287,0.0102085683964875,0.116282983231669
AC099489,4.44362184214497,8.84570244344358e-06,0.00261815387312133
ZNF329,0.252404261159975,0.80072860682365,0.928430358274922
SMIM17,-1.10564799807918,0.26887890615875,0.59422630296444
JOSD2,-0.543983086760329,0.586453111620151,0.829942723193887
SNRNP70,-0.235626134996019,0.813722791593313,0.932986682389192
RPS5,-0.474260999250122,0.635313799380804,0.857364197332732
GABRQ,-1.05043197068822,0.293519553098602,0.619961276505186
SLC6A14,1.03310962180843,0.301552601063448,0.627013559389115
RPS19,-0.655855923964616,0.511916829838592,0.785644169905952
RINL,-0.124613010631109,0.900829927695674,0.968336912130724
SPHK2,0.678179685592553,0.497657771177243,0.777155393358037
CCDC177,-1.96808295352644,0.0490584938738775,0.261545352912813
FFAR2,-1.48252564216059,0.138200485880392,0.428916137397979
PRICKLE3,1.71884157624445,0.0856432227264715,0.342932558590261
CCNP,1.70643646421241,0.0879268463361495,0.348631666404757
SCN8A,-1.3981490257346,0.162068320317583,0.466187294414855
MZF1,1.45662141239017,0.145220913703975,0.439330128635482
OPN1MW3,-2.12727441640418,0.0333972891559147,0.216201957921127
VRK3,-1.44186734968147,0.149339798605864,0.446327077655552
GRAMD1A,0.861785449506045,0.388805593329582,0.699438067481323
ZNF71,3.20167027777183,0.00136633294641872,0.0405075737102
MPV17L2,-1.18051043868347,0.237797261188953,0.563376169234821
EMG1,0.93406288695562,0.35027145468741,0.668970190765668
MPND,0.350426950864646,0.726018303216679,0.895588331570712
ARHGEF1,2.23404260203388,0.0254802700755835,0.185872951239933
UPF1,0.0246246950514243,0.980354321467424,0.994268145870035
AP2S1,0.103342711152987,0.917690978465665,0.972788284263588
SARS2,3.46651416024386,0.000527253961848105,0.0236738489407089
SYT3,0.476875721732098,0.633450621140944,0.856132837327905
ANKRD24,2.86914300610593,0.00411585662110791,0.0725940369657651
ZNF574,2.43780006382855,0.0147769444943734,0.140480641237125
STAP2,0.94971025953789,0.342259495255344,0.663122658211078
SUGP2,1.99513172599706,0.0460285149498606,0.254026625407658
MRPL34,-0.98975947808112,0.322291695490745,0.645978248078334
TMEM185A,-0.640081935731996,0.522119332353322,0.791261219873081
TMEM59L,1.96223434484971,0.0497352070721221,0.263450317461447
ETHE1,-0.156529921597074,0.875615335898588,0.958929034775824
IL12RB1,0.293589779925185,0.769071386238014,0.91476044045812
TAZ,-0.0752888729214416,0.939984874477764,0.978237030773654
SELENOW,0.0540590415200684,0.956888124634806,0.984869206914216
CXCL17,2.31102573048482,0.0208314337035512,0.168129431153856
IRF3,-0.998618081743504,0.317979737477293,0.641620013042381
ARL14EPL,-0.371726071333238,0.71009681167961,0.889311373934458
ANKDD1B,0.215572727144386,0.829320816532347,0.939244068975183
RNF225,-0.278015739305461,0.781000276646164,0.919401080990462
SHANK2,-4.61923414443983,3.85159029199068e-06,0.00164290597481255
KXD1,-1.20154251342557,0.229540825588341,0.553994526795924
HAS1,-1.33224708530686,0.182779008774334,0.497606000373906
VAV1,-0.260016653118896,0.794850927962283,0.926219916762656
TEX101,2.00399009038711,0.0450711219569491,0.250786794155471
NPAS1,-1.26881307873726,0.204507739332633,0.525501893919253
EPHX3,1.46312121142521,0.143434214721022,0.43709817379452
SDR42E2,0.508107187980779,0.611378174616636,0.844108077713889
LAMTOR5,-1.27533140131119,0.202191967773928,0.522898871010789
SBNO1,-0.292339561700965,0.770027013394286,0.915129560611091
DNAJC3,1.94292424658019,0.052025311862133,0.269590242958221
MEI4,0.812846493400102,0.41630607517761,0.719776551739081
H6PD,-1.67548783914135,0.0938385551056064,0.359580384000517
CSMD1,-0.490477803220691,0.623795833043487,0.850673620881868
OAZ1,1.06943971636708,0.284871579105949,0.612235935524839
RANBP10,0.78209560651488,0.434158388567483,0.733699336314736
C16orf74,0.384464525466763,0.700634183841999,0.885779540277276
NELFCD,0.69562424121121,0.486664180934566,0.771286112946977
NCBP2AS2,1.72665947226719,0.0842288382437115,0.339786151023962
RASL10B,-1.37182995792795,0.170116378871194,0.47780564635647
CCL5,-0.0158158437243833,0.987381308553603,0.995673984717267
DUOX2,-0.320170087349442,0.748839397467693,0.906088925813298
TIGD2,0.751912888154832,0.452103447034886,0.746322922190495
ADAM21,-0.57269738980028,0.566849605101165,0.819119662038404
FAM205C,-0.8689116535495,0.384895454973712,0.696369062358398
SMAGP,-1.29369674966231,0.195770188506258,0.514051350315558
COLQ,-0.457952814069322,0.64698634188506,0.86104423339593
CCDC120,0.293664809766297,0.769014046948542,0.91476044045812
LIX1L,0.598257134006821,0.549668374098544,0.80797484162334
SH3D19,0.253135384529804,0.800163596191506,0.928357492998566
KANTR,0.855222749249871,0.392427844394804,0.702004517138879
SETD1B,-2.04003008644911,0.0413473292084884,0.239956626974718
GAS2L2,0.797702593722872,0.425043098338616,0.72700609551501
FNBP1L,-0.263368549607093,0.792266528915129,0.925271861602805
CCN6,3.02868253543728,0.00245622643194974,0.0551875872750923
HEATR9,0.720848169218035,0.471002935118017,0.761704943352958
FAM214B,0.710259598801726,0.477543168459821,0.766234133593866
PPP1R26,0.362128269693564,0.717256179100517,0.892970432449811
MRPL37,3.14957804723141,0.00163506428355944,0.0437164088541944
MMP28,0.993223520543246,0.320601038524154,0.644079637592463
TAF15,-0.589955132890229,0.555220729999893,0.812529145230071
UPP2,0.29422821099406,0.768583524962102,0.91476044045812
RER1,-1.62373924754922,0.104431470893601,0.379213956733441
FRK,-2.7394341043187,0.00615450508677558,0.0898563068119681
SIRT5,2.88863854589677,0.00386913541014414,0.0701100450682566
PRXL2A,2.53090338350672,0.0113769182005939,0.122517658566559
POU5F2,1.40562621011091,0.159835148867205,0.462637129997951
NFKBID,-0.0301177814227255,0.975973119638881,0.992443431381846
MPHOSPH9,0.686756859979032,0.492235959205357,0.774551272959872
TRABD2B,1.12604121646306,0.260148073763927,0.585844681556815
APLNR,0.0411179573490021,0.967201858815083,0.989420948534785
ANKRD34A,-1.52123212043463,0.128201597578001,0.416129146572505
NUDT3,1.41212497446263,0.157913166334541,0.459799836102749
H2BC11,-0.323384835595048,0.746403812544839,0.905130054127545
HEBP2,-0.305590429553209,0.759916508220828,0.910585250369735
SORBS1,-0.935522079692175,0.349519309943268,0.668170490136747
UQCC2,-0.437257812340203,0.661924387090424,0.868311993729473
CSNK1G1,0.683276814779407,0.49443194186633,0.775708371571417
SMIM32,-0.548487451481102,0.5833572432639,0.828351954101143
CHURC1,0.492539230967889,0.622338195468623,0.849730574887516
CNKSR3,-1.91930434945082,0.0549458279016112,0.274966633052552
ASDURF,0.62328617337638,0.533096482192786,0.79824118982567
SCOC,1.5277421209914,0.126576577719115,0.413548955464323
ZBTB25,1.1759480688195,0.239615628637783,0.565514554913676
HNRNPLL,0.31271882681155,0.75449429073988,0.908115984154059
FBXW2,-1.76334025926253,0.0778431190590949,0.327389495804066
PPM1K,1.1104228842966,0.266816841506853,0.592498623122398
ZBTB8B,2.63885092594425,0.00831875525461204,0.104528374486312
CTCFL,-1.45081871663047,0.146830346460906,0.442374179513908
BHLHA15,-0.928015151391464,0.353399710284175,0.671074813004155
JMJD8,1.03915522025237,0.298732552686428,0.624975468478226
GPRIN3,1.73934076393852,0.0819748410367666,0.334915972684379
EBF4,0.247045794374729,0.80487278341367,0.929811342481091
ATP6V1FNB,-1.80953479759493,0.0703679591738905,0.31091005571519
GRIN2B,-1.44633179932316,0.148084160738362,0.444224651712985
LYPD4,1.84294139292369,0.0653375678599169,0.301382082368069
H3-2,-1.43924184059602,0.150082014585823,0.447512762034878
SLC25A16,2.36186825752245,0.0181831026037385,0.157525339446284
RPAP2,2.55747418944942,0.0105435382072877,0.118188250900364
NT5C3A,-2.62995706265398,0.00853956530297961,0.105824016816511
TMEM271,-1.06273786264811,0.287900845305835,0.613791842514178
DCP1A,-0.709740907992595,0.477864819240203,0.766431486801206
RCC1L,1.53553641582533,0.124652119151676,0.411504317582385
ZMYM2,-0.968508954610066,0.33279024905952,0.655271762269893
LENG8,-2.13111659917576,0.0330795375450116,0.215335832958672
AP2B1,-1.01733983207595,0.308991794052608,0.633820297367593
NSA2,1.01344035910227,0.310849870069691,0.635520927713145
POLD2,-2.2654313213011,0.0234862240977352,0.178058094668003
CNTFR,-0.966278921272194,0.3339046306833,0.656189226048392
PAN2,1.4834079363538,0.137966060110841,0.428580863100022
SPRY1,1.02886348516584,0.303543829199453,0.629092317919322
GBA3,-1.47241203084878,0.140909646299765,0.433572225787911
U2AF1L5,0.201843356939832,0.840039185127807,0.944049031801283
ZNF282,0.216865564405069,0.828313114572142,0.938758724241355
CFAP57,-0.0662176686253708,0.947204530118054,0.981037586497351
MCM8,1.57287082468844,0.115748731902614,0.396286728687731
CSDE1,0.47973004508184,0.631419360976563,0.854813031159201
CYP1B1,-0.76819536775726,0.442371125121992,0.739812245158304
MROH2A,-1.81033880009927,0.0702432635841932,0.310661134907554
KCP,2.15233705825491,0.0313708171050776,0.208911082356698
NEK3,1.40166142646561,0.161016374517356,0.464480230388295
NEFL,0.181171772183173,0.856232750469746,0.950330266389413
GNB1,-0.534739138221569,0.59283025367532,0.834465114336796
SSTR3,0.600740484047626,0.548012850151115,0.807557063395421
ZNF787,0.588386396465211,0.556272966559855,0.813007432897618
PRODH,1.13424792690535,0.256690565360346,0.58264912112111
SVOP,-1.50917662277141,0.131253652607983,0.42034745274501
HOXA4,0.105325229275764,0.91611774424664,0.972111996832641
GPR107,0.702885914528688,0.482126849818362,0.768615310302362
FOLR3,1.38870949309958,0.164921106323712,0.469933652174087
RPL15,0.602166228434197,0.547063493205272,0.806881753425292
SEMA3B,-0.554404716641317,0.579301898863476,0.825800422229539
RTN1,0.602614151799907,0.546765403689303,0.806783835084198
RAVER1,1.06329506452737,0.287648162678797,0.613791842514178
SELENOO,-2.10024304180085,0.0357074668761354,0.223554395749432
UBE2U,1.03602547858175,0.30019025622677,0.625483794302861
JADE3,-0.275725421088574,0.782758969002777,0.920401895434603
LRMDA,1.15876316889221,0.246552734238114,0.571437625179967
SRRT,1.16383347124666,0.244491504884317,0.569816137935856
H4C7,0.507361593764794,0.611901128367737,0.844374945231435
TMEM222,-0.211283651079943,0.832665939518152,0.940797589129355
ZNF74,2.93727011409301,0.00331115561347828,0.0650551773804479
ADORA2A,-1.22424578627475,0.22085952158844,0.546160367510656
NATD1,-2.12698476043506,0.0334213494376958,0.216201957921127
ARMC9,-0.223608073822341,0.823062280738248,0.936606045246158
TRIM52,-1.7583297376792,0.0786914206276084,0.328231918927665
NUDT18,1.62492832137676,0.104177832752708,0.379213956733441
CDH1,-2.60684611871973,0.00913804168823415,0.109636208530413
ALG1L,0.769456661665556,0.441622262700158,0.739106223564005
KDM4B,2.88658176058962,0.00389451545563469,0.070218243626677
ERGIC2,-0.339877425864925,0.733948837285076,0.899960413310674
GPAT3,1.39080578195041,0.164284329321778,0.469065473661564
PCSK6,-1.55476974927512,0.120000916134993,0.403728816312439
IFIT2,-0.115593723994574,0.907974537089619,0.970617045713334
MEP1A,1.34275761794542,0.179350470980273,0.493061700155909
SRRM3,0.00943683227251154,0.992470608980527,0.997062606750959
ORAI2,-0.117025889707655,0.906839537418997,0.9704919162293
HECTD1,2.4452419069135,0.0144755013092512,0.139145658004837
ANXA8,0.305272592330641,0.760158548417087,0.910673311995016
PNLIPRP2,1.61731502774613,0.105810297060731,0.382232918443813
CCDC28A,2.15346757380598,0.0312819498538257,0.208662191432371
NPRL3,0.423373500697684,0.672022775667044,0.872187471217573
SLC2A11,3.65704303099785,0.00025514156153377,0.0168113397191093
ZP4,0.780888251353708,0.434868222635149,0.734247814655534
CCL16,0.621275704576803,0.534418236254546,0.798350727555552
CARHSP1,-2.03094859943793,0.0422602090302937,0.242850307117275
CDC42EP3,-0.43011406942841,0.667112666021073,0.870545346022761
DGKK,2.86386848987352,0.0041850172432204,0.0733350751301184
PINLYP,1.89839803428998,0.0576436683773523,0.281509395835788
PCDHGB7,0.755369620047666,0.450027236310019,0.744715821679336
FAM71D,-0.164350178876372,0.86945548166376,0.955911544616963
BNIP2,0.920227455211462,0.35745390980354,0.673914604246716
SRGAP2B,-1.04739158090501,0.294919013107957,0.621114038631705
SBK3,-0.49783011825912,0.618603785629998,0.848354125677763
SYNRG,-0.246092390303017,0.805610713633183,0.929825260676463
TMCO1,-0.30073543704536,0.763616244095926,0.912991081465898
IQCN,1.47679580899624,0.139730380347254,0.431325411359483
TMEM106A,-1.42809075574196,0.153265737939148,0.452181351702885
TWIST2,-1.28156930968749,0.199993771935858,0.5203369260527
PSMC6,-0.619066304364244,0.535872680064669,0.798350727555552
PLP1,-0.913919132784157,0.360759339412025,0.67596901137227
R3HCC1L,1.9764566825052,0.048103077198791,0.259987588634613
NCOA6,0.286988457028566,0.774121158604419,0.916773763776043
PPP1R9B,0.0441762021370999,0.964763951473583,0.988603698368782
PCDHGA10,2.06275741573367,0.0391356818153147,0.233217009758984
TTF1,0.699975442332542,0.483942641034481,0.769571333936043
NDFIP2,-0.260711716123267,0.794314830289666,0.926219916762656
METTL8,1.71323810565643,0.0866687439329415,0.345757733302744
CIB1,-0.163079170983285,0.870456099391257,0.956484545353182
SLC46A1,0.408374977096332,0.682998401421812,0.876711175340686
DAPK2,1.51136713651856,0.130694937492261,0.419813783617607
GPR1,-0.1008289714559,0.919686228136477,0.973499253697131
H2BC15,-1.31535421995887,0.18839088369464,0.504315084030788
TNFAIP3,-0.789928875243811,0.429569306889475,0.73043036477935
JRK,0.963409061894237,0.335342280474661,0.657320954413696
BHLHE23,-1.94408088032532,0.0518856985120759,0.269297242133282
TSKU,0.877822350770827,0.380040133122622,0.692209605270092
SOCS7,-0.553686506472769,0.579793411477052,0.825863721785361
MTUS2,-0.619850306248176,0.53535634507538,0.798350727555552
TMEM191B,1.19744524172465,0.23113305867276,0.556428894701733
CD99L2,1.25311016118127,0.210165618589677,0.532693434201732
SLC4A1AP,0.301471524722971,0.763054960547051,0.912683298402913
SLC6A6,2.2659454650376,0.0234547224575208,0.177919985393282
GGNBP2,0.38261894235841,0.702002323182262,0.886046353804356
CTDP1,-1.1364635437559,0.255762614745006,0.581759780797021
ASXL1,2.60049262979873,0.0093090018640853,0.110798724724956
ST3GAL6,1.05794848992894,0.290078926682739,0.616237132713043
ZFAND6,-1.13020463299098,0.258390008019949,0.584218869147563
PGRMC2,-1.61152648386267,0.107065019611967,0.384793104853742
ZNF302,1.32991657680099,0.183545759053546,0.498841919600759
HPS1,-2.15884456817601,0.0308622275246117,0.207312824677344
HMGXB3,2.16447827806523,0.0304276619276137,0.205929842248305
ANAPC10,1.52507638105762,0.127240047552655,0.41455958407658
CISD3,0.535049089519629,0.592615912725622,0.834268051633588
SIK1B,-0.425335612643395,0.670592036032659,0.871285659683641
SPPL2B,2.40347670687491,0.0162400015877009,0.148300949709884
RIPOR2,-0.730876021538581,0.464854883461975,0.756661257886639
PER3,2.15520753704487,0.0311455973843781,0.208304153347148
HMOX2,-1.69129228495129,0.0907809928112691,0.3544000752596
DOC2B,1.71784825716954,0.0858242967718058,0.343572740522153
TOX4,-0.450362265497618,0.652449248912874,0.863312273903327
DNASE1L2,0.329767140713811,0.741575917669259,0.903367206485873
FIGNL1,-0.450889565356512,0.652069144434039,0.8630863845811
HOXA10,1.73317795040392,0.0830640448401159,0.337270817338036
PPIP5K2,2.69654850445733,0.00700621931139797,0.0958344378214766
MRPL45,0.860502430019188,0.389512144579551,0.699878322967513
IRAK4,1.89512840216803,0.0580753926851334,0.282346742661466
WDR38,0.708206076441142,0.478817293238009,0.766875164901764
FAM170A,-0.252423829541251,0.800713483059588,0.928430358274922
CD48,1.62128199272111,0.10495717513934,0.380083297816736
BORA,2.22060826298396,0.026377505662456,0.18960221254224
NAGK,-0.912932077648226,0.361278265454264,0.67596901137227
H3C1,-1.39976236506495,0.161584491258557,0.465569938311957
FAM243B,-0.908208268324007,0.363768196463212,0.678517686590587
TTI2,0.222194200509124,0.824162708610088,0.936819265165029
MR1,0.896921550537757,0.369760779672135,0.684731232458087
SLC38A3,-0.946129716052829,0.344082428801272,0.664161146693092
DHPS,1.47163141432603,0.14112043763726,0.433798819203936
MRPS21,0.909241209316635,0.363222815994247,0.677968519628139
EBAG9,-0.0228533429195135,0.981767257620713,0.99465681094543
C17orf98,-0.275134495702712,0.783212910151691,0.920595301235215
RIBC2,-0.0632327650021032,0.949581154276949,0.981993168921466
PCGF5,1.31335532755901,0.189063243108023,0.505113912566005
FAM13C,3.32809028784603,0.000874435217806551,0.0322863791467571
FADS6,2.05627275394444,0.0397562329916934,0.234988729221122
GRIFIN,-1.76936964318945,0.0768322081756269,0.325396325481695
LHX1,0.598244708204037,0.54967666394747,0.80797484162334
IGSF8,-0.553479328999393,0.579935231301207,0.825952918386896
BICRA,0.789180118425953,0.430006740410305,0.730554895830063
CACNA1A,0.887466540826092,0.374827772490676,0.688401043522684
ACSF3,0.414527120343901,0.678488109535603,0.874824937481181
ARFIP2,2.12928891920967,0.0332303640051893,0.215895522223951
USH1G,-1.86752683675739,0.0618280527340472,0.292197002600894
SALL2,2.6583904592726,0.00785148696469445,0.101373147201671
H3C8,-0.26086186029041,0.794199037798624,0.926219916762656
PIGW,0.606522354825274,0.544167942399161,0.804437288871871
ALG9,0.643075258549719,0.520175267706215,0.790661915031565
PHB,-3.06567537076493,0.0021717897300976,0.0514657013671813
BICRAL,2.43348318313237,0.0149543300737007,0.1415030567219
DCAF7,1.11813096533086,0.263511063077442,0.589698181546131
CDH4,-2.41319971689071,0.0158131520393099,0.145799420594524
CHD1,1.8672963268353,0.0618602180765274,0.292233437508119
MYO19,1.42655879194225,0.153707109236077,0.452741874179096
DNAI1,-1.53642964338693,0.124433041084907,0.411309380467001
ZSWIM9,0.583874208121142,0.559304946892258,0.814476268769411
INSIG2,1.2604054085959,0.207523151553029,0.529723269846149
METTL7B,1.63042762162957,0.103011150786545,0.377805374037322
ZBTB14,0.427246629641103,0.669199701270934,0.870923553367681
CYSLTR2,2.99134057953916,0.00277755522629429,0.0585605299933121
MRM1,0.607145874884069,0.543754108058039,0.803950591764367
CWC25,2.5389964748364,0.0111170943410957,0.122052717240549
CYSLTR1,0.550999890747883,0.581633749458913,0.827063904288053
CCNI2,3.35341848477952,0.000798199214235073,0.030804788246515
ALDH3B1,-1.60810275396205,0.107812676166637,0.385684323104175
C1orf158,-0.201950926916187,0.839955088287336,0.944049031801283
MAL2,0.0837693323243193,0.933239831551214,0.976686871449532
CEACAM20,1.38865953729496,0.164936303733628,0.469933652174087
RPS6KA5,-1.70228891826733,0.088701221156817,0.350503199416307
C18orf25,1.08423317780671,0.278261424627216,0.604765276452473
BIN2,1.53677089766205,0.124349422455714,0.411309380467001
IQCA1L,-0.717802553860818,0.472879038471367,0.762499219657864
C17orf78,0.583055437888646,0.55985598089994,0.814499448101161
TADA2A,1.49103767637376,0.135951603433267,0.426188423605229
SEC14L2,-2.46430514089417,0.0137279185181165,0.135267982528966
NBL1,0.112657835188465,0.910301831006516,0.971176356136683
TNFRSF9,-0.0203560047701903,0.983759379677979,0.995023322998978
POLR2E,-1.15903464596494,0.246442063109447,0.571437625179967
PDE7B,0.449850411342522,0.65281830569446,0.863516559246083
PSME2,0.554592768572415,0.57917323640521,0.825800422229539
PLCL2,-0.767844157981765,0.442579776573379,0.739812245158304
ITPRID1,1.2834613980468,0.199330475251935,0.519528489043033
NCAM1,0.770507966856413,0.440998631008366,0.738413729874797
BIRC3,1.68462972079375,0.0920600334719473,0.357130516246042
HCRTR2,0.331854517623952,0.739999115592181,0.902667494328241
ADAM29,3.33306341687204,0.000858953614015857,0.0320063888036391
TUBGCP5,0.023747339169652,0.981054145441731,0.9944285312654
PTPRJ,0.237655157482457,0.812148566367697,0.932567024104137
CDKN1A,-0.0413266870157258,0.967035458077712,0.989420948534785
PPP1R18,1.28236176116249,0.199715771655886,0.519818130483458
PDLIM5,0.597639456255122,0.550080531137565,0.808290755979403
TMEM265,-0.653981271343434,0.51312387185547,0.786201421580991
PRIM2,-0.789972533556443,0.42954380911196,0.73043036477935
FAM228B,0.00353428240249615,0.997180056508256,0.999088774975208
FOXP1,-0.431307703595535,0.666244649698375,0.87005797026756
GNAZ,-1.85468995759554,0.0636405136483312,0.297073732170784
FOXD1,1.10614953539344,0.268661801264908,0.593970370131806
SSBP2,-1.10822973587105,0.267762611771252,0.593323878906388
YAP1,1.52968993647141,0.126093495788734,0.41326531982544
PRAG1,1.56375867915802,0.117874251552919,0.40034971322575
MED6,-1.24593152406513,0.212789535572274,0.536408333140122
SDK1,-3.53326464571886,0.000410461368560531,0.0210543301360685
GABRG3,-2.37034952861976,0.0177712760009227,0.155285505498089
MYO15A,-0.709403457128677,0.478074143015048,0.766431486801206
H2AC4,-1.81126114108837,0.0701004378203202,0.310491789899661
CADPS2,-1.11535988420545,0.264696232926182,0.591368801166138
AP5S1,0.681239256532438,0.495720111979593,0.776115840343594
SPTBN1,-0.369368338133484,0.711853194504277,0.890268990402951
LYZL6,-1.00168952436371,0.316493567697461,0.640988172204556
MED29,-0.217400551259797,0.827896201629407,0.938417449804969
ZCCHC17,1.58676948062065,0.112564863394325,0.392580188759256
GON4L,1.73622690820611,0.0825237212108572,0.336256158146502
METTL23,-0.514620705370025,0.606818093487893,0.841825205306664
GPR21,-0.975525092175287,0.329299861252536,0.651712992761449
CPSF1,-1.89998687898509,0.0574348415456351,0.28108736310785
NMRK2,2.69029892075647,0.00713880422674385,0.0969119578821534
SH3GLB1,0.545858560304809,0.585163165594462,0.829390499398446
CYFIP2,0.520565033688119,0.602669812945295,0.838800875668065
RBM45,1.17738693724705,0.239041101264303,0.564813004430479
PCGF2,2.22624352192092,0.0259978742203859,0.187829965923649
NEXMIF,-2.83538631624534,0.00457703017163257,0.076483589744322
MGST2,0.668003511850198,0.50413135078197,0.780524586166355
CASTOR2,0.191324519606761,0.848271352040596,0.947923498464393
ACACA,-0.173155109652779,0.862529507873915,0.951912629749322
THOC1,-0.7369461148931,0.461155118863418,0.753438496286377
USP50,0.353781321863516,0.723502772387978,0.894705403448028
RNF146,0.510076641211115,0.609997769256801,0.843726192243648
SERPINI2,2.17201389430398,0.0298546149200975,0.203667278299604
H3C11,-1.4186341271506,0.156005710988125,0.456938303109237
TRAPPC3,-1.51804094622427,0.129004076689408,0.417287383567875
PPP4R3B,1.92462503855004,0.0542762846362478,0.273218725984143
FMN1,1.03784527145176,0.299342096362112,0.62521999768211
GAS2L1,-0.0832876684495169,0.933622805377502,0.976805735843542
ANGPTL8,0.867635082834277,0.385594134346313,0.69700943837244
OSCAR,-1.43326184582808,0.151783021274207,0.450004377587638
ZNF630,1.62712057559401,0.103711491886452,0.378842139497297
MCM3,-0.318183516072059,0.750345735800632,0.906691071387539
SYTL1,2.5950682114116,0.00945721481558804,0.111262338783309
PHF19,2.11733432483031,0.0342314837196886,0.218696018394686
TPT1,-0.101713445745122,0.918984129338997,0.973316967106375
HDGFL2,-0.028615626115422,0.977171149350141,0.992962987144831
CRY2,-2.80574956288318,0.00501996912871806,0.0803425554227317
RPP38,3.17720705308735,0.00148700832096667,0.0420644291004341
HSH2D,2.21648160327904,0.0266585364396111,0.191078312218722
DHRS3,0.999675271951172,0.31746768274081,0.641531434621275
STIM1,-1.07596751493247,0.281941784994107,0.608683323517513
FCGBP,1.57751196354352,0.114677771528581,0.394997460509156
JAKMIP2,-1.50522595862987,0.132265993446256,0.421363893036629
CPEB1,-1.14242188827237,0.253278697337018,0.579267569003525
SEPTIN2,0.939379853009931,0.347535753193682,0.66699608515469
NR1H3,0.895980290717233,0.37026328976554,0.68516471134754
GPR179,0.0735599364251554,0.941360550833057,0.978779988343364
NT5M,-1.61155048374135,0.107059793177601,0.384793104853742
TP53I11,-0.0378807204207082,0.969782784890659,0.990285750433686
GPER1,-1.06833400333608,0.285369875355018,0.612676440674115
PCDH15,0.00781594822478411,0.993763839076996,0.997595990542374
PNMA8C,0.156791284661076,0.875409341729537,0.958880255446281
RAB7B,0.152567105589404,0.878739667187437,0.95953627157524
AL049569,-0.0269562505313634,0.978494628357304,0.993573853977544
MDK,1.51963884569957,0.128601769202365,0.417068042617275
LRRC41,3.11456496916314,0.00184216382369792,0.0462588167572016
MAP7,0.54647987977444,0.584736114518841,0.829271482509693
FAM25C,-0.239389788783826,0.810803347228678,0.931890115953472
IL13,0.90171759314891,0.367206904860592,0.682149785181968
AOAH,0.069697094699047,0.944434754254563,0.97998482374446
RFX3,-0.742911651475502,0.457535171059488,0.750569867695601
PLEKHA2,1.80488475481304,0.0710927178944694,0.312708891982679
HYOU1,-0.236085563437221,0.81336627604737,0.932986682389192
ORAI1,-0.187688432463128,0.851120898677775,0.949210034860881
ICA1L,0.689342402863236,0.490607819867681,0.772978775267889
SPON2,-2.2508015718963,0.024398107947023,0.182075935411278
ARHGEF18,-1.31600567174087,0.188172139019351,0.504186148595219
ZNHIT3,0.581820081015578,0.560687876462262,0.814938108821449
SLC35E2B,-0.33720334322597,0.735963617208712,0.901029284619109
TMC4,-1.44107520929052,0.149563436363211,0.446689964908172
DUSP14,-0.131739166458367,0.895190605130548,0.966956185429899
SEZ6L2,-1.79097675373007,0.073297025468517,0.317836138528409
H4C1,-0.396508828825915,0.691729696013945,0.880922416629069
NR2E3,-3.65308708308772,0.000259106308143354,0.0170034580918851
C11orf96,-1.51308389255869,0.130258350536058,0.418959117212183
GCNT7,-0.394026059433043,0.693561799737417,0.88183108208486
DDX52,1.69546621264873,0.0899870145133891,0.353120512407444
EIF5B,0.157265899403222,0.875035294132314,0.958640054930943
HPCAL4,0.406998145107873,0.684009350544488,0.877352818151112
SLC39A1,-0.457307420638991,0.647450096734938,0.861168039027672
PRSS56,-0.823739002264714,0.410087873184983,0.714359412837764
FP565260,-0.748641885947845,0.454073079180122,0.748051937494956
PHOSPHO2,1.7838964292322,0.0744404962559077,0.320479682287386
GCSAML-AS1,1.68524167605789,0.091941953313329,0.357130516246042
NDUFA6,3.0355997918693,0.00240057769029171,0.0549589883925682
CHAC1,-1.44883972940321,0.147382345845092,0.443131226823057
ALOX5AP,0.0179977084376789,0.985640681517708,0.995113679232251
THSD7A,-0.541135038077751,0.588414509313141,0.831599161344207
HNF1B,0.73545807213552,0.462060565908104,0.754385547220433
RECQL4,0.744634735058503,0.456492563569689,0.749910184510384
NAPB,0.792981389185485,0.427788665940038,0.729623710524652
KLRF1,0.389242552274674,0.697096728397136,0.883665622164951
CYFIP1,-2.23270912926696,0.0255681320389948,0.18617872965861
GALE,0.0915416231561801,0.927062234559455,0.975498759076853
UPK1A,1.64349700599893,0.100280144302253,0.372380494615172
RPH3AL,2.34602214358689,0.0189749801170968,0.160608591497662
TPTE,1.02235027409197,0.306615146600425,0.631743347050501
KCNN3,-0.125429522442963,0.900183517137928,0.968196502322227
NDUFS7,1.63515713261368,0.102016111901524,0.37547210667843
LRRC8E,-1.01315659204576,0.310985370582541,0.635520927713145
NR4A3,-1.63973105987474,0.101061097901129,0.373930542197915
ECSCR,4.57701149952204,4.71665541749536e-06,0.00186468945517518
PPP1R2,0.425615444004569,0.670388084766835,0.871262815580261
MYH7B,-1.15118484835235,0.249656197212922,0.574845730253087
LAMA2,-2.44005979048166,0.0146848312036471,0.139933232792426
OR4F17,2.22568177927294,0.0260355040720147,0.187977499110596
CLDN5,-0.0787944523179756,0.937196116738314,0.977668416540825
RHNO1,1.88522375421628,0.0593996350521568,0.285954465268907
CD177,-0.49789132961759,0.618560638807977,0.848354125677763
H4C13,-0.493437957269772,0.62170316798088,0.849397575473525
DHRS11,0.61132692309698,0.540983170647969,0.801646373462334
PRLR,0.145556028469271,0.884271882384138,0.961796641624449
P2RY6,-0.0377213858890575,0.969909824656093,0.990285750433686
BCL2L13,-0.311958906994865,0.755071753389952,0.908640524557814
BPIFA1,-1.48383659174218,0.13785227696004,0.428465495157295
VEGFC,0.0746499658169572,0.940493218023904,0.978400267694593
NUDT2,0.790391553088714,0.429299133732778,0.73043036477935
ENC1,-0.434033680927262,0.664263983108933,0.869186278343771
FIGNL2,2.15064456559694,0.0315042649051103,0.209108102578169
IKBKG,-1.24475838853708,0.213220576062495,0.537160758066053
NAP1L1,-1.64044327756946,0.100913033201447,0.37370330252736
KCNE1B,0.241147483119112,0.809440812234836,0.931555682757543
RAG2,0.828052013039166,0.407641044132515,0.71266963357822
XKR5,1.13686516564269,0.255594656268103,0.581709320899983
NOS1,-2.79351452664264,0.00521386871761557,0.0822097257235708
SIT1,-0.472934271564935,0.636260073253093,0.85759850583831
PTPN9,0.925117479872035,0.354904801521798,0.672274386802247
CHST9,0.886235713057169,0.375490522843862,0.689200077542313
WASF2,0.110885293893203,0.911707307453761,0.971652557467159
OPLAH,0.274860180550119,0.783423660555691,0.920715930535614
NEB,-2.35174705300783,0.0186854766147929,0.159443762011482
EPHB6,-1.75905087834338,0.0785688671965049,0.328231918927665
PIP4K2B,-1.01110768334726,0.311964893376118,0.636046783640974
GTPBP8,1.73392772224981,0.0829309083383566,0.336814606178006
CSMD2,-0.241668037775312,0.809037397693032,0.931435981192298
CAMK1D,-0.864098759787714,0.387533640254547,0.698491357154003
KIZ,2.44918886775436,0.0143178349004972,0.138802503529999
PDZD7,1.96398903296335,0.0495313637501964,0.262886010159441
GRIP2,0.698347507677677,0.484959895538294,0.769993457759416
DACH1,-0.670705421032642,0.502408208716867,0.779160940828077
MILR1,2.07039260266488,0.0384155940085426,0.230766846716307
FAM83D,-0.0328641971204908,0.973782883922501,0.991806768427706
AATF,0.979469668818945,0.327347968219298,0.649830126312645
PSMB3,-1.14617963023351,0.251720834430467,0.577538261460407
H2BC9,-1.11501034033574,0.264845990648905,0.591442480480727
HHLA2,0.253133627094129,0.800164954208921,0.928357492998566
CRYAA2,-5.11064798571725,3.21055708971833e-07,0.000473090180611314
IFFO1,-2.24380149205414,0.0248451763739124,0.183547013913448
RBIS,-3.16870224822587,0.00153121173065497,0.0426593271190918
PADI6,2.38155491707962,0.0172397200189384,0.153182996206727
SMTN,1.85854765352616,0.0630912827981876,0.295458208940586
ABCG4,-1.20535899637223,0.228064743465195,0.552323536056678
C9orf72,-0.10527936095154,0.916154139528077,0.972111996832641
MFRP,-1.03722550346112,0.299630774976342,0.62521999768211
PDIK1L,1.00072700845662,0.316958806228461,0.641084565050747
PIK3R6,0.669812018590366,0.502977631049774,0.779391666093692
PAMR1,0.675392082426218,0.499426694469317,0.777712296152671
SPCS1,-1.1430951076196,0.252999105347004,0.57914918100357
TEX28,-2.52279478643879,0.0116426321613744,0.123996029547427
RIMBP3,1.53387137604622,0.125061299117417,0.412044329249481
PSMC3,-0.0954309698189373,0.923972517966348,0.974713539422955
PLCD3,-0.598531066012347,0.549485636576684,0.807969680632434
SPATS2L,0.032387513781564,0.974163019824422,0.991806768427706
NOP16,-0.699765874676902,0.484073529532807,0.769571333936043
GGTLC3,1.65328876516128,0.0982721083926999,0.369087097095815
DENND1B,0.417627939816507,0.676219165630654,0.87404954187302
HSP90AB1,0.0758598139510561,0.939530628513952,0.978215053801557
OAS2,0.795954873077465,0.426058265242528,0.727959149130988
C18orf54,3.0972772501625,0.00195307115429528,0.0482057267984497
TAP2,-0.285233194229561,0.775465490847132,0.917382012491344
NAP1L4,-0.828310723526213,0.407494551361453,0.712643081678049
GHR,1.52278764223291,0.127811842681686,0.41550384236411
DNAH11,3.11600265670957,0.00183320620867814,0.0461404339075527
RNASET2,-0.842887891819259,0.399291145942124,0.707104366635075
RAPGEFL1,1.76443733746253,0.0776583766170676,0.327206817412542
PKD1L3,3.92187094075431,8.78640533098527e-05,0.00946048548746698
ACD,1.03379089526176,0.301233928954501,0.62662997361698
RPS6KA6,-0.584899452882232,0.558615326500686,0.814335446285602
SLC1A7,-1.00914921845176,0.31290307647912,0.636864762226863
COL19A1,0.45475973371503,0.649282101707026,0.861755869224612
WASHC4,2.25795170369008,0.0239486706276903,0.180097849666543
H2BU1,-1.42886901662352,0.15304188415882,0.451932209934471
GRIA3,-0.582916627449404,0.559949426695878,0.814522144603202
REC8,3.41849780220445,0.000629678263463917,0.0263052963208418
TMEM114,-1.11814413445616,0.26350543950035,0.589698181546131
HMGN3,-0.890876748783796,0.372995295290024,0.687188081536259
GATD3B,0.884314492254946,0.376526467196654,0.690007632197916
UHRF1,3.59583914476449,0.000323347564555017,0.0189056315418377
RYK,2.17351782080315,0.0297413660377723,0.203225191791268
VPS13D,-1.34935017981596,0.177224514961481,0.489277360265044
PACSIN1,0.144271873892066,0.885285787309414,0.962006607741205
ARL15,1.93280738407736,0.0532599303738727,0.271812707777274
NOMO1,1.74416884602712,0.081129652006356,0.333221510765744
WNK3,0.243185962017279,0.807861341180607,0.930668610199956
CLIP1,0.557053677510983,0.577490755363974,0.825554374053877
ADRA2B,-0.717364739533453,0.473149070454722,0.762505739053972
RIMBP3B,1.26581724325319,0.205578520202948,0.52707159994997
LRRC39,-0.324848915650331,0.74529542112881,0.904973667022015
PRSS45P,3.24575017209158,0.00117141589450657,0.0371574955656693
SLC38A5,-0.771413595236908,0.440461819289505,0.738003476210832
MCL1,-1.51223579584127,0.130473887725332,0.419280580122898
SAMD9,3.40732933198287,0.000656019204104629,0.027057036334178
TYW1B,1.50135109089936,0.133264776956142,0.422618109910142
ARR3,-1.55123191087301,0.120846117409161,0.405374922423482
SHISA8,-0.203196885530677,0.838981147044994,0.943591827119922
POLR2J3,1.03509833901353,0.300622988196907,0.625991091580277
EHD1,-1.18325735410283,0.236707168622157,0.562496187684584
DHX29,0.318641719210587,0.749998213804354,0.90660907208254
GSTT2,-0.468229391476473,0.639620555823902,0.858524618499997
CREB3L1,0.816889101650101,0.413991806469203,0.717996275525285
RAB11FIP4,0.357848433730956,0.72045674250668,0.8934082912762
KRTAP7-1,0.393150975785506,0.694207975883628,0.882334907950893
GABRR3,-2.11356587845204,0.0345523627603122,0.219372991767294
GSTT4,0.769967887266206,0.441318941857631,0.738695401301827
SYN2,-1.16987953547273,0.242049450447033,0.568040360232364
HNRNPDL,1.57532848128504,0.1151806431095,0.395626837076051
CTNNBL1,0.387945450083903,0.698056402653202,0.884244782010453
MLLT6,1.87653669332362,0.0605816210628407,0.288898939631534
SMOX,0.183908949611025,0.854084883790068,0.950008289901106
LSR,-0.0530574314565531,0.957686148426423,0.985220536928401
LYNX1,-0.137105106151435,0.890947716461352,0.964751923049105
H3C2,-1.12746904200424,0.259544222403874,0.585460295017799
YTHDF3,0.371772728526863,0.7100620701094,0.889311373934458
SAP18,-1.59216192605398,0.111348325703291,0.390574553413687
NOL4L,2.02166926066815,0.0432105315491975,0.245671797383566
EXOC5,-1.93691808077979,0.0527553578973661,0.27069059707452
COPZ2,-0.416645409790054,0.676937789446366,0.874315961293845
SRCIN1,0.737918966180667,0.460563692913729,0.753134088650806
GPHB5,0.175441045885144,0.860733090746629,0.951483978189244
GJA5,1.41193312232785,0.157969653902402,0.459865323294546
FGF1,0.773041133293459,0.439498037596917,0.736904522916742
RPGRIP1L,-1.1576323086623,0.247014118645943,0.571870181393217
DDX24,0.0867129689285879,0.930899667535135,0.975999528530207
BTK,1.47194740330661,0.141035081362745,0.433653978774518
EPOP,0.694857538923675,0.487144584859958,0.77133208713442
ANAPC16,0.348535740338761,0.727437877498315,0.896657076530052
VPS11,-0.833758057997768,0.404417334454764,0.710110601633912
DHRS4L2,2.8745634256446,0.00404586499764044,0.0715151862014764
USP27X,1.02440686939917,0.305643138696437,0.631072402437464
POLQ,2.21191334761349,0.0269726528118032,0.192170229612702
CRABP2,0.847034012628336,0.396976163531796,0.705422548876709
RAB18,-1.98545638674707,0.0470937178368245,0.256965982716058
MGAT4C,1.67583999950943,0.0937695368851438,0.359401849934097
CLTC,0.801708160615224,0.422721794150238,0.724761747554601
GUCD1,0.769381019516874,0.441667152905235,0.739106223564005
MROH5,0.373110005601621,0.709066572134719,0.888677032995566
SCN7A,-0.20089743032558,0.840778777055571,0.944427959902316
PDPN,1.11693582579539,0.264021765174915,0.590442714089431
SCAMP1,0.478719379872858,0.632138276937649,0.855143492812748
SRD5A2,-1.77748963283755,0.0754877150561822,0.322453473645487
RYR3,-1.1711375053191,0.24154351046935,0.567499458066052
TGM5,-1.49997399913822,0.133621137807263,0.423109993931073
PRDM11,2.10682920219876,0.0351323872300395,0.221345422649456
NRN1,-0.683139715286294,0.494518561696018,0.775708371571417
SNX12,-0.884347665216806,0.376508565006484,0.690007632197916
TTBK2,0.158866201062215,0.873774290101447,0.958190072948674
GPX4,1.6767899853835,0.093583556752632,0.359028608616192
B4GALT3,-0.656622182642372,0.511423881884814,0.785155304174176
ARID3B,1.23308433685016,0.217544300580278,0.542350301973486
JPH4,-0.00548558221538254,0.995623160594368,0.998209674650468
SAMD11,-0.786792361882355,0.431403425506272,0.731489353314467
DDX27,0.564554631463853,0.572376731227037,0.822244691204872
C3orf85,1.77695326243355,0.0755759299321803,0.322625822562736
RBM26,-0.648613510834102,0.516588220364291,0.788571636796827
MFSD1,1.79369993819726,0.0728610751919561,0.316623369379736
ARHGAP23,-1.23799933111306,0.215716308844815,0.540424366316169
BID,-0.461835463279908,0.644199317356386,0.859803281095682
ENO4,0.471006743889126,0.63763591900139,0.85759850583831
FTCDNL1,0.942112360958781,0.346135116600423,0.665928790348626
ARFRP1,-1.17536731077907,0.239847795736941,0.565581515759326
IRX4,-1.18314252302137,0.236752667596874,0.562521839501281
B3GNT6,1.51311299208076,0.130250960024545,0.418959117212183
TEX46,-1.17589071592094,0.239638549300884,0.565514554913676
TST,-1.3261301283423,0.184796598131741,0.499805591151434
AL096814,-0.596268284288277,0.550996015001642,0.809108778180756
LDB3,0.427339874029842,0.669131794023357,0.870923553367681
ADSL,-0.0430341859721558,0.965674282621113,0.988833997119074
C11orf71,-1.22403312071611,0.220939733396121,0.546160367510656
DOCK1,-3.72740629988885,0.000193460448960048,0.0144506931667899
CLEC20A,1.77110693884543,0.0765429203657002,0.324528750223543
OR5R1,1.58672895122805,0.112574046354064,0.392580188759256
SCARF2,0.0184910601925231,0.985247109280662,0.995023322998978
AC135068,0.781330780093531,0.434607971253219,0.73406940049149
CDHR1,-4.44068800071677,8.96717257267985e-06,0.00261815387312133
OR1B1,-0.552498938565803,0.580606561437557,0.826524589461846
NKAIN3,-1.42891110652486,0.153029784792487,0.451932209934471
FO681492,-0.242507587856304,0.808386878049148,0.930885401129486
SEM1,1.24953797817679,0.211468371800259,0.534908058444194
CERS1,2.06463922256379,0.0389571491780892,0.232837790464397
OR51B2,1.52307827831023,0.127739122558606,0.415350739729677
NOTCH2NLR,-2.42314521350688,0.0153867747046458,0.143418189297069
C8orf89,-0.694979004236206,0.487068459483338,0.771304288510233
HMCN2,0.88515909694597,0.376070829604419,0.689523339232503
OR5AR1,0.580557969322229,0.561538406565642,0.815410986815791
ZNF518A,0.547356638967684,0.584133738896414,0.828873656112403
CBSL,2.2967223491187,0.0216346136812069,0.171815508651976
SMIM34B,0.0627084446656681,0.94999867275997,0.982299597267565
TREX1,0.220695618151409,0.825329443553226,0.937146406343554
NR3C2,-0.055976242656302,0.955360733094013,0.984717150764114
MTRES1,0.206822207865082,0.836148711750172,0.942749605660051
PHF6,0.717953032889735,0.472786246686055,0.762450728537883
UBAP1,0.895653830502911,0.370437676009096,0.68535832558286
MAP4K4,-0.133059282347263,0.894146496719503,0.966675673375508
TRPC4,-2.1715511282357,0.0298895367005647,0.203734020344598
NTRK3,-0.407145684465017,0.683900991538604,0.877352818151112
PPIL2,0.602359870579765,0.54693461599391,0.806881753425292
AC093512,-1.11274968708369,0.26581594931297,0.591517122791588
DBI,-0.194140501838282,0.846065869007968,0.946527261776258
C2orf92,-1.1748804110819,0.240042563667099,0.565859498906343
TNPO3,1.48361227611561,0.137911810726746,0.428568355074735
SLC25A22,-2.37781860490439,0.017415390710888,0.153876879381473
SUGCT,1.69424639783543,0.0902184715222853,0.353566538903463
GLIS1,1.22764756999171,0.219579296160836,0.545047597468759
SIDT2,-1.17365719055358,0.240532363841037,0.566437467020103
PKP4,0.349070054679488,0.72703671714736,0.896435276756546
ADH4,1.11243313794326,0.265951963243967,0.591576145494918
CIBAR2,0.00629379093374357,0.994978314538071,0.998154127415021
COBLL1,0.254221723712306,0.799324268695315,0.928097927742289
SHPRH,-0.684667806795882,0.493553568283614,0.775412684523439
LRRC29,-0.511045355493915,0.60931929803594,0.84312577160341
THEMIS,-0.0894648246029215,0.928712507352319,0.975498759076853
FAM120B,-0.602678730583121,0.546722433646052,0.806783835084198
MICAL1,0.512386605683811,0.608380463354918,0.842624876571808
SPTAN1,-2.17181007371608,0.0298699915367529,0.203686450491892
HSPH1,-2.44508005605466,0.0144819992013178,0.139145658004837
MLLT10,2.17921921302088,0.0293153873057349,0.20185773697479
TMEM132E,-2.13748697717769,0.0325584038166296,0.213055780162999
CELF2,0.06561890746475,0.947681235575509,0.981246964294523
LIMS4,0.189591585912472,0.849629181095518,0.948454633087704
PON2,-0.0987947579866184,0.921301230653317,0.974018985127802
KCNA2,-0.954757382405009,0.339700403851486,0.660682167224142
DAAM2,3.26155303597889,0.00110803702773294,0.0360067352436856
NHSL2,-0.59330505534274,0.552977016161858,0.810422493722345
DNAJB6,0.74499231548755,0.456276365416191,0.749910184510384
SZT2,0.709111794709991,0.478255104187011,0.766617581464325
DIP2C,0.469348403632846,0.638820622272662,0.858167036832221
NRXN3,-0.748756305023132,0.454004100236965,0.748051937494956
PHF14,0.420223231191471,0.674322385299164,0.873129022726712
EXOC6B,0.699692480748399,0.484119373306879,0.769571333936043
SYTL2,2.52820480689978,0.0114647451202411,0.122904797390203
TMEM275,0.245740983202499,0.805882744765291,0.929825260676463
EIF4G3,-0.280836661841152,0.778835682651228,0.918389784617283
CIZ1,2.69149129005306,0.00711333557391473,0.0967933511244691
H2BC6,-2.31476263502504,0.0206259258371636,0.167413936852571
AC004706,2.7858661263569,0.00533849143494721,0.0832835492483728
SPTY2D1OS,0.123411863499942,0.901780963173524,0.968845206606989
ENAH,-0.594297604912068,0.552313080290075,0.81010249917852
SCYL2,-1.0224746133731,0.306556322066461,0.631702443983634
CCDC149,1.2968972374339,0.194666547176394,0.512981639275266
DOCK7,1.14290919617459,0.253076293975464,0.57914918100357
ATP6V1C2,0.321450763237024,0.747868819073674,0.905385442405346
DENND4A,0.584652814481283,0.558781187549525,0.814476268769411
PTPN11,0.280114128707174,0.779389945307257,0.918389784617283
PTBP1,-1.41083680793833,0.158292738504609,0.460144727120016
GRAMD1B,-1.49319903981369,0.13538509338797,0.425485892996195
HSPA12A,-0.98622616903262,0.324022140427986,0.647787025504924
LCORL,-0.966440588196288,0.333823762435977,0.656111236246483
GSDMA,-2.01601624621008,0.0437982769871197,0.246998338301576
NEDD4L,-3.24683634383517,0.00116695471234684,0.0371574955656693
EPB41L1,1.26583193194351,0.205573260205531,0.52707159994997
DCX,-1.18969085633745,0.234167920530489,0.559255306819047
CCDC194,1.42537350910973,0.15404926144006,0.45320379802728
NYAP2,-0.318777687549945,0.749895099021031,0.90660907208254
EXOC1L,-0.81943973633299,0.412535571563732,0.71654405052256
DCLK3,1.22249751222325,0.221519544097102,0.54643285500988
ASAH1,-0.00964164309784382,0.992307201020386,0.997062606750959
FBF1,0.140186665436115,0.88851250730517,0.963399363344107
CLN5,2.63187610527177,0.00849148222893448,0.105550947430061
KAZN,-0.673401042721336,0.500692185435651,0.778461413228429
ZNF654,0.292122897205557,0.7701926604166,0.915129560611091
TNRC6C,-1.55788809165564,0.119259778596142,0.402557632499972
CCDC196,0.529356693154168,0.596558034241465,0.836596995368711
CLEC19A,0.665966018373598,0.505432821019469,0.781509166832449
FRMPD2,-0.0450108936755354,0.964098625858421,0.988392364703649
GFI1B,2.93370007327427,0.00334947701908932,0.0655696533845638
ERAS,1.40937050247559,0.158725641555586,0.460624279337487
TSTD3,0.403145703823483,0.686841040088759,0.87869032508277
TJP2,-1.46279947858533,0.143522255814614,0.437156078643118
CNPY1,0.262569647934948,0.792882296825519,0.925556986872221
IRAG2,1.44977889265174,0.147120187349467,0.442753642173694
ZEB2,0.541195579589516,0.588372783999928,0.831599161344207
REELD1,-0.776011408190615,0.437742249990672,0.736163958486335
CCDC201,2.44557732296768,0.014462043409277,0.139145658004837
HRH2,-0.429434420201169,0.667607109331199,0.870545346022761
RBMS3,0.977916049600134,0.328115846517527,0.650652037705236
UNC13B,-0.554802253018161,0.579029925924012,0.825800422229539
SMIM36,-1.86010876391951,0.0628701395130149,0.294811547989125
IQCM,1.0298243472755,0.30309246926001,0.628399313665324
AC013470,1.35433451446794,0.175629679514869,0.486878993544811
BTBD8,4.06249437545719,4.85511178984217e-05,0.00708977540554521
KIF13A,-0.160733736599419,0.87230311693066,0.957647116325342
UMAD1,-1.25661959266352,0.20889141663328,0.53113934875534
KLHL33,0.269466136251377,0.787570998087346,0.922846693269558
ARID1B,-2.18311929408742,0.029027026068351,0.200547484139033
PLCXD2,-0.326063654278711,0.744376195224381,0.904973449141284
KIAA1671,1.2268304189925,0.219886335164098,0.545392135680928
RASSF3,0.993150604322875,0.320636566111137,0.644079637592463
C10orf143,-1.26687993268483,0.20519822512354,0.526608301302637
RAP1GAP2,-0.128772896479536,0.897537352412984,0.967814192739626
TAB2,1.03298324051263,0.301611741782771,0.627013559389115
LMLN2,2.21129414663337,0.0270154744289039,0.192311736942513
CPT2,3.8707916427288,0.000108482485787851,0.0107219061715566
SYT14,1.62642989277617,0.103858236029694,0.378842139497297
EFHC1,1.73498954450902,0.082742657148018,0.336556017493657
SMIM33,1.03553670020001,0.300418336261112,0.62573641897409
PLEKHA6,1.2480280675272,0.212020778713855,0.535615691266664
SPEF2,-0.25395504965064,0.799530285009417,0.92816135218524
PXN,0.244331890959915,0.806973786368608,0.930359881058445
FAM237B,0.361560609286433,0.717680405087599,0.893094193479268
TEX52,-0.310791892961143,0.755958833180634,0.908686704835547
AC008687,1.62209345161597,0.104783340084254,0.379707838011552
LIN28B,0.683888085289212,0.494045838257478,0.775643943428513
SPACA6,-0.514192304004501,0.607117547884766,0.84194296769763
FAM193A,-3.55538113264342,0.000377431557134835,0.02030690500625
PVALEF,0.162821740711581,0.870658790079355,0.956520830174615
PLEKHG4B,-0.197338493432127,0.843562658157692,0.945180519277048
TEPSIN,-0.522862459384811,0.60106997057726,0.837737332865487
FTO,-2.08777997776829,0.0368176864889292,0.226481168993948
CSNKA2IP,1.26587894375181,0.20555642600668,0.52707159994997
RALGAPA1,1.99162802545576,0.0464118860654702,0.255013647876341
RASGEF1B,0.624788216846843,0.532110065225287,0.797792470399807
CCDC195,0.641165147570109,0.521415390900987,0.790906051947792
TCF4,1.02179699949534,0.306876989793478,0.631961520462773
GABRA1,0.311924015833058,0.7550982704543,0.908640524557814
INAFM2,0.350700705356692,0.725812896327729,0.895475890652584
LEUTX,1.6384259725948,0.101332864817703,0.374146789482949
COLCA2,2.30563498668894,0.0211310366289788,0.169476978089618
VSIG10L2,-1.06464034393212,0.287038715656119,0.613638953055925
FBXL22,0.943869493357689,0.345236343034741,0.664916336056335
SPIN3,-0.245345011682084,0.806189302237764,0.929825260676463
GIMD1,0.70805208260029,0.478912914753998,0.766875164901764
PAX6,0.390044864511279,0.696503371914574,0.883509001851341
SCN3A,-1.89814196652652,0.0576773831556946,0.281509395835788
GFAP,1.05735824010674,0.290348122538648,0.61649634317144
KCNC1,1.12904761933331,0.258877746129873,0.584503327346303
FAM217A,2.32262316002399,0.0201994054296538,0.166162213168939
PAX4,1.8421678207876,0.0654506058426301,0.301583568173755
MED17,0.49301399687878,0.622002697430755,0.849539669837648
NCBP2L,1.45707152618958,0.145096637284039,0.439191670165639
THSD8,0.053758779357551,0.957127351308129,0.984958239943715
ZC3H11A,-1.98328285231482,0.0473358437091033,0.25745955065423
DTHD1,0.621658902490065,0.534166180719741,0.798350727555552
UNC45A,-2.61791870346255,0.00884678791516849,0.107817733321027
RBMX2,0,1,1
INTS6L,2.45546804260831,0.014070126235809,0.137435044775341
NECAP1,0.991233651189071,0.321571502347774,0.645033981038242
GABRD,-0.551998883735664,0.580949118059256,0.826580396988329
TMEM211,2.24513440009495,0.0247595058263973,0.183212480794664
HNRNPU,-0.560415213994074,0.575196256661953,0.824004730018395
PIGN,-0.856792759688138,0.391559427816069,0.701070006127323
LRRC8B,0.0695013194253321,0.944590582445425,0.980021042748377
PERCC1,1.21455078717495,0.224537468379833,0.548948389889699
KCTD7,0.418212799219632,0.675791538596663,0.873861872268363
ST3GAL5,1.40344714978018,0.160483541364738,0.463438040616612
CNTN2,-0.169692001559186,0.865252364674345,0.953607133940272
MIA2,2.38856945137178,0.0169141110918535,0.151386431081089
PFKFB3,2.58764196150401,0.00966353669590609,0.112626634856959
RTTN,-1.46044928364775,0.144166636416981,0.43817682536712
LPP,1.14995317999363,0.250163155668281,0.575374932565104
RAI1,-1.09388067801992,0.274007314053784,0.599824868947923
LIAS,1.58078159284954,0.113927984702264,0.394074787292077
OR10Z1,0.409729678023846,0.682004256819149,0.87644549264898
GABRG2,-1.55425669804351,0.120123197992619,0.403874075142577
OR10K2,2.17878097424498,0.0293479429867579,0.201996096761087
FOXO6,1.49507646940593,0.134894486144802,0.424646480077898
MAPK10,2.27194367005271,0.0230899128187997,0.17662312264272
OR2Z1,0.560391927669686,0.575212136477151,0.824004730018395
OR6N2,-1.28094424451004,0.200213250621044,0.520657240384486
OR2I1P,0.318337238237661,0.750229140302205,0.906691071387539
NFIC,1.02611689632716,0.304836486908102,0.630349661270923
OR10G3,0.844913555009565,0.398159105697449,0.706677815298331
OR2T11,1.66334999882425,0.0962423957454521,0.364484344074307
ZFHX3,-0.617894108904432,0.536645142561513,0.798758596490319
RBFOX1,1.1740353373811,0.240380871710997,0.566324379719713
OR6Y1,4.17162426728723,3.02436045001409e-05,0.00524713837160439
OR10D3,-4.69211261116219,2.70398212311248e-06,0.00128908371275089
OR5A2,-0.641856676851038,0.520966245798044,0.790832617591493
OR1I1,-0.409258473011706,0.682349987194735,0.876506935804997
OR4D1,-1.23894618907309,0.215365426709209,0.539992456576706
RGPD1,0.888808412232171,0.374106054092021,0.688085300411684
OR4F5,1.86667739164658,0.0619466527825073,0.292312458501211
OR11H2,1.86930538763297,0.0615803389982319,0.291773082380106
OR4E2,0.423750742980362,0.671747604357473,0.872045244195921
OR2B11,0.67773859842953,0.497937448591861,0.777218752439069
OR52K1,0.749053037367244,0.453825239038642,0.748022503516102
OR13D1,-0.62575436038249,0.531476071572959,0.797447340767743
PHGDH,-1.278056439484,0.201229526669152,0.521542916178491
FAM71F2,-0.149340315002615,0.88128510516605,0.960987832626154
OR10J1,1.04792503412449,0.294673147257293,0.620789841940923
OR8S1,-0.66184830099894,0.508068447397797,0.783640828230174
MON2,0.179525462662093,0.857525125785403,0.950661703293591
OR2A25,0.392219307991123,0.69489617906341,0.882586754931735
OR51F2,3.98477199602248,6.7544949205394e-05,0.00848710140829637
OR8D4,-1.90475760002511,0.0568115877601922,0.279302100699107
OR2A5,0.557860362734017,0.576939739831698,0.825166879284566
OR6B1,-0.0669763081398321,0.946600564205234,0.980725378408606
FER1L5,0.691063891996395,0.489525390335278,0.772440538944102
OR4E1,0.843866633385651,0.398743935382955,0.707073620636259
OR2C3,1.83915892724741,0.0658918138408326,0.30221856551954
OR51D1,2.33954800089352,0.0193070903744816,0.162303790293358
OR51L1,1.31412516889529,0.188804085505079,0.504837581978197
OR5AU1,0.866328054559609,0.386310285645317,0.697554041659227
OR2H2,0.33036197734686,0.741126467886714,0.903174382907929
PNPO,-0.672613772373169,0.501193037539053,0.778461413228429
MICU1,-2.00532961282414,0.0449278210373852,0.250252594912363
OR5K1,1.0421018222345,0.297364473840142,0.623300240071753
OR13G1,-0.552671547164277,0.580488339933726,0.826460964206585
POLR1C,1.0094393943803,0.31276395346463,0.636781396790707
CCDC88A,0.987854332468689,0.323223993781223,0.647046772286012
PATJ,2.29122429256922,0.0219504446531618,0.172632099652159
MANBA,2.78695000187127,0.0053206687449435,0.0831655927548593
C11orf80,2.40200025010397,0.0163056972831844,0.148566074909014
MYH14,-2.33028905017654,0.0197908791012738,0.164592282889968
ST3GAL3,1.29809506518527,0.194254669853493,0.512492503647638
GLUL,-2.71484907786884,0.0066305979769393,0.0932945855974037
BCL11A,0.809299122495912,0.418343110865258,0.721538128259719
A4GALT,-0.825489996005112,0.409093459971714,0.713777814066901
BICDL2,-0.651302658301984,0.514851132735349,0.787376462156164
TM9SF2,-2.07281083622991,0.0381898875659897,0.230334380375962
TLR5,0.196440889391238,0.844265094566917,0.945793967643593
NDP,1.37355168085426,0.169580906398588,0.477045628569022
MYL10,-0.657073994322157,0.511133339522199,0.784932288045033
MBD5,-1.06813193152757,0.285461003885528,0.612692911295469
TLR2,1.70137433880681,0.0888727167586765,0.351008251935036
MACROD2,1.89621024099882,0.0579322495350832,0.281904482952316
SNTG1,0.463425068909184,0.643059713011112,0.859677013279956
PFKM,0.911290912837139,0.36214211313515,0.676730633134384
MEA1,-0.362429546684162,0.71703106312491,0.892970432449811
ALDOA,-0.439187421845536,0.660525738266884,0.867459098035565
IQSEC2,-1.86471343773663,0.0622215821934005,0.29309782789097
SRP72,1.04606640286978,0.295530375538136,0.62170692499645
MYO3A,2.97242696022935,0.0029545549904546,0.0606862970497104
CD59,1.92576244473907,0.0541340427549294,0.273186101444423
EPS8,-0.523231971877447,0.600812834867846,0.837723624817516
LOXHD1,-3.03193870160897,0.00242988542824559,0.0550853327362696
COL25A1,-0.139718974931237,0.888882033638482,0.963673927044757
ANKRD40CL,0.487396925560635,0.625977071869517,0.851673663327153
AP3D1,0.836163270665825,0.403063058113769,0.709948912430796
SLC33A1,-0.212687995221868,0.831570330965035,0.94008393741193
TEX15,3.48355020298395,0.000494810310243911,0.0227851713600669
GSS,1.20949737194177,0.22647182013516,0.551084175562588
KRBA2,1.1133493096786,0.265558436492566,0.591517122791588
CD8B2,0.670291487465852,0.502671992575129,0.779391666093692
SEMA3E,1.60457341751704,0.10858771536069,0.387090010618302
TCOF1,2.67396380338425,0.00749605418396963,0.0991865651167051
GAB4,-0.0683482506267806,0.945508415454623,0.980498257626772
TEX51,-0.091438531027286,0.927144146639177,0.975498759076853
HOXA1,1.1536776942553,0.248632332086456,0.573595427097832
CEP78,0.645307465546619,0.518727955694252,0.789637625267481
BLVRB,1.39146299661493,0.164085073025069,0.468828311316092
TMIE,0.378056998279486,0.705388252083372,0.887780755550663
KIF25,-1.08562650922749,0.277644266581373,0.603933591314334
CCDC9,1.63597112312451,0.10184563115037,0.37495725272884
EYA1,2.59036737306929,0.00958735566011446,0.112041418813839
TRIM8,1.64096777854639,0.100804103945634,0.373618090686832
SPTA1,2.99156831655982,0.00277548429097095,0.0585605299933121
AC138647,-3.15184906506262,0.00162240113606507,0.0436835548413269
SLITRK6,-2.1989185174694,0.0278837166700692,0.196166303604667
PRPS1,1.50600380676263,0.132066196437522,0.421141250847096
TECTB,0.282056768143583,0.777899981885506,0.918218817825675
ASAH2B,0.289617605034644,0.772108797108435,0.915997366890178
PRKCB,-1.21506964924388,0.224339528211623,0.548825339390343
TMEM8B,-0.737523507454082,0.460804053143874,0.753174793619537
RIMBP2,-3.37790619473105,0.00073039991833604,0.029160227281549
POU3F4,0.518502299539785,0.604107856089535,0.840008942211141
HECW2,-0.685157829238304,0.493244331569467,0.775212818899806
MYO1F,-0.440954097195763,0.659246228700944,0.866855043482892
SMARCB1,-0.787284962069028,0.431115070731052,0.731489353314467
ANO4,-1.61065065016691,0.107255887545394,0.384964878449882
SEPTIN3,-0.779847683047639,0.435480535787582,0.734831221468685
CYSTM1,0.299939340235239,0.764223425833413,0.913020887965661
PAPLN,-0.152785782773822,0.878567209796706,0.959486316102602
SLC9A3,-0.35261771201505,0.724375057242827,0.895025168312958
TBCE,0.0283249859647748,0.977402952674179,0.992962987144831
XG,1.13249484255945,0.257426451448238,0.583140763128947
SLC26A4,0.533702367125763,0.593547471185441,0.835001224936082
GJB6,-1.26747465795894,0.204985619464855,0.52638802699131
ABHD5,0.160057597223648,0.872835702978002,0.957826247321515
SGCE,1.84235272871786,0.0654235715754075,0.301583568173755
RPS10,1.52459180284077,0.127360943231199,0.414786724700524
GIPC3,1.26137079428227,0.207175285686463,0.529585902175032
RAPGEF2,0.892583762014879,0.372080118122604,0.686672735357997
VPS45,-0.924530955355499,0.355209942287548,0.672433688854127
OOSP1,0.902141120497097,0.366981907549325,0.681900958472495
SMIM27,0.865643017101529,0.386685957745311,0.697898222268578
UPK3BL2,1.54299709216375,0.122831481449941,0.408572846875044
PJVK,-0.0765282542932954,0.938998836205877,0.977844400376208
MORN2,-0.569183879286085,0.569231359552963,0.820878212366013
ZNF746,-1.24110529546323,0.214566853587057,0.538877305514813
SLC18A2,-3.54346219378632,0.000394909927585168,0.0205703979040752
CDC14A,2.01778740520177,0.0436134071545063,0.246645463938927
MTAP,1.18971426354383,0.234158717282197,0.559255306819047
CYP21A2,1.92828589786765,0.0538195749126723,0.272641254311354
PITX2,-0.349803050170472,0.726486509786988,0.89589317081081
KITLG,-2.3399834943948,0.0192845921435793,0.162303790293358
ABCC8,-0.174611303856172,0.861385065854193,0.951535545684279
TUG1,-1.15690924452959,0.247309441373887,0.571905130717245
CXorf56,0.985572194153799,0.324343088386781,0.648006547474588
SLC6A1,-1.00328788502951,0.315721979761765,0.640092253903495
MYT1L,0.685877551436262,0.492790327262177,0.774671556065623
KNG1,1.49715762511435,0.134352248475958,0.424010045861917
VPS13C,2.19051263723937,0.0284870793160402,0.198515506721279
GRB10,0.725188271107985,0.468336537314553,0.759430465519366
KCNJ10,1.5675381890484,0.116988947079938,0.398628094012764
SPTB,2.05396718429941,0.0399788679288641,0.235557059345314
SLC35B3,2.21182819108764,0.0269785384403627,0.192170229612702
DYRK1A,0.225696218184267,0.821437699654427,0.936241939395388
PLEKHG1,0.0333145020535151,0.973423789212947,0.991758233002179
BRAF,-0.962480537673164,0.335808274944948,0.657508936104241
KSR1,-0.306901802321452,0.75891811718118,0.910196356743599
PTPRQ,3.14999389134291,0.00163273876431854,0.0437164088541944
DOCK10,-1.45814425630897,0.144800784934639,0.438976013817564
HARS2,0.50111360678425,0.616291171202334,0.846813237883496
KCNJ6,-2.74191531137732,0.00610820879676946,0.0892767866427739
GPR174,-3.32981434188182,0.000869039088331648,0.0322339921802464
TRMU,-0.683438756997097,0.494329636788776,0.775708371571417
KDSR,0.776564225264805,0.437415915006104,0.736001456587674
BX255925,-0.0523530129753811,0.958247412952037,0.985547735821038
CTNNB1,-0.974198858815385,0.329957811193721,0.652251935776281
ESPN,1.80179934258704,0.0715769812193503,0.313649983396715
CFAP92,0.229521833621214,0.818463352747874,0.935117396990348
SLC1A2,0.3754154206256,0.707351538175469,0.887837106443379
ATP13A3,2.33190813590965,0.0197055243843763,0.164432478044312
ARPC1B,0.931504077204675,0.351592876528237,0.66958357453982
COL13A1,-0.994296260844334,0.32007865555867,0.643372386898621
FAM122C,-1.34412048752642,0.178909428054836,0.492266664291435
FOXF2,-1.47701546211429,0.139671492597371,0.431307910746959
NOBOX,2.00960925850343,0.0444725605786324,0.248587511322205
THPO,4.69455302581474,2.67190298502108e-06,0.00128908371275089
GRIA2,-0.963562541577765,0.33526529441165,0.657320954413696
RPS7,-0.136626010212794,0.891326416112702,0.964968599971332
LRGUK,-1.13881330793594,0.254781029978486,0.581193948716061
SIX1,0.557006651896017,0.577522884388024,0.825554374053877
SPG7,-0.140683144147603,0.888120261670953,0.963234615016693
FOXC1,-0.716410291134701,0.473738042284181,0.762902868607983
ABHD18,1.24784653521457,0.212087263195581,0.535635234887944
TRANK1,-2.29208103892312,0.0219009673168624,0.172553802407683
ACOT6,0.62115839670369,0.534495409683085,0.798350727555552
CASK,-0.18387228104728,0.854113650550887,0.950008289901106
SLC12A1,0.551479814070711,0.581304800598152,0.826813751570328
TRIM66,0.623028933466648,0.533265508628635,0.798350727555552
FYB1,-3.38254275369097,0.000718180980805836,0.0288858449575231
MICAL2,1.55980328931884,0.118806373926495,0.402031840286963
CTCF,-0.734407837910066,0.462700211264521,0.755201663919707
ARHGEF7,3.16466943872556,0.00155259232507803,0.042670092778239
LZTR1,0.967232668871232,0.3334277342595,0.655876098743133
TBC1D24,-0.642079541054467,0.520821538979795,0.790832617591493
TINCR,1.64271269045707,0.100442391865349,0.37281216618856
RHAG,3.54750486590607,0.000388898567874589,0.0204664184632442
AVPR2,-0.938447773665123,0.348014344501491,0.667128480086683
EFNB2,-0.450212334255887,0.652557343442752,0.863312273903327
RFX8,-1.54938799257701,0.121288478487581,0.406289814729315
CSNK2A1,-0.719640269775197,0.47174651104565,0.762086092094625
SLC19A3,-1.34768405610032,0.177760022309922,0.49017089494528
GIGYF1,0.619206916827576,0.535780055795358,0.798350727555552
NMNAT3,-1.88283995575365,0.0597220604299727,0.28669099708129
HDDC3,-0.718239603191972,0.472609562942686,0.762393352481887
TSC1,-0.898090812383278,0.369137136795892,0.684331416614654
SYNGAP1,0.420703896240385,0.673971315697639,0.872974353215841
S1PR2,1.54766692031869,0.121702510360991,0.406596355687828
CHD8,-0.353441911462193,0.723757169900596,0.894737377585917
UBE2T,-0.581919055179294,0.560621204707696,0.814938108821449
TRPM7,-3.03694197848381,0.00238991453695636,0.0549053250090577
SAMHD1,-0.552446360268205,0.580642575125056,0.826524589461846
TMF1,2.92618689170574,0.00343144726938332,0.0665314937672659
GRHL2,-0.0610201530693096,0.951343159132852,0.982994188970637
RAB15,0.526951301389167,0.598227406958708,0.836788297058378
SH2D4B,-0.464915211753595,0.641992176573349,0.859677013279956
CC2D2B,0.170617905546266,0.864524217782634,0.953239854244138
SUCLA2,-0.224927211675463,0.822035899790089,0.936313914488623
RNASEH2B,0.922240050893297,0.356403376355529,0.672956709964091
TPM4,1.06305339287753,0.287757738738071,0.613791842514178
POU4F3,-0.676382262003315,0.49879797622878,0.777369195373746
C3orf49,3.22522216835467,0.00125874945154284,0.0383516350752969
SAMSN1,0.405351480645196,0.685219170156826,0.877931983959528
ERCC3,-1.23366367304664,0.217328255758178,0.542350301973486
RPL35A,0.0909346662844898,0.927544504581818,0.975498759076853
CDKN1C,-0.00286308554476552,0.997715591368556,0.999088774975208
CBLC,0.0159184832262601,0.987299424388272,0.995653354688577
ANKRD44,-0.0185824950695542,0.98517416733693,0.995023322998978
LRRC9,-0.0802184918519828,0.936063483185228,0.977346067906343
TSEN15,0.915065007033617,0.360157504047696,0.675670484156146
PTP4A2,-0.0745528588540798,0.94057048286713,0.978417851161168
SERAC1,-1.86623308598687,0.0620087619645427,0.292456264205106
FRY,-3.28135420529787,0.00103309918382129,0.0351591523839945
TDRD12,0.118300622233544,0.905829464391522,0.970403934304313
NDUFV1,0.228062640374925,0.819597543418878,0.935520566525053
ALX3,0.919148355673668,0.358017979562083,0.674153511933295
EPHB1,0.661083230568051,0.50855893894709,0.784024333402452
TNXB,-2.14834101357471,0.0316866749943045,0.209557227565665
CRYBB1,-3.94859867244229,7.86100131233866e-05,0.00916683239364729
C8orf33,1.34468154005135,0.178728098495867,0.492185482249323
PRSS51,1.49630689302759,0.13457369966826,0.424140554126009
ZNF23,3.25266697281553,0.00114327403460718,0.0367390408474189
ITM2B,0.240412882162053,0.810010192499415,0.931761777746293
WDR49,0.782056687763873,0.434181259419517,0.733699336314736
EIF4E1B,2.03771974443662,0.0415779684440694,0.240863935135783
RPS17,1.53579118793549,0.124589601655601,0.411381717913148
CA14,-2.3507536655745,0.0187354325069852,0.159443762011482
ALOX12B,-0.897155763861676,0.369635806160066,0.684656242949208
PNRC2,2.32980856220161,0.0198162714315877,0.164718945453643
ENPP1,2.50156551535331,0.0123645562844268,0.128092253857075
JAGN1,-1.26194879343004,0.206967212821204,0.529304441877391
CPOX,1.16514885847648,0.243958742663888,0.569459570829344
NEK5,3.77870117226081,0.000157648467416889,0.0129711878596972
HESX1,2.81686975114435,0.004849418751547,0.0786042285438253
B2M,0.707619735030712,0.479181434010591,0.766964734262632
HLA-DOB,2.36863403901172,0.0178539096821945,0.155755663099403
ALDOB,-0.326098534100721,0.744349806080645,0.904973449141284
COL17A1,0.214207277014926,0.830385421551365,0.939656291655114
IMPACT,0.28457796330677,0.77596749619055,0.917407189524607
IQSEC1,-2.12138570147728,0.0338893575391975,0.217635735480528
DLG4,-0.286820304942742,0.774249914770078,0.916781128534458
VKORC1L1,0.302353948953476,0.762382256221684,0.91239323620033
IL17A,-1.86782149720177,0.0617869559892333,0.292197002600894
PLCZ1,0.728283946757823,0.466439787193788,0.758006964088093
KCNN4,0.716293545417973,0.473810111487887,0.762902868607983
FOXL2,0.712948394639856,0.475877691034675,0.765000644052469
FAM50B,-2.70345807619186,0.00686221039557749,0.0949868217778954
UBE3A,0.408666879259812,0.682784143044026,0.876711175340686
MRPL28,-0.139392087687843,0.889140324432766,0.963798755706698
CXorf58,-0.903670012579318,0.366170404600187,0.681240853011288
DLX5,1.51549306748041,0.12964758461891,0.418117329703125
CTLA4,0.478337343249302,0.632410121495228,0.855219117314839
BCL10,-1.20114392006035,0.229695378676581,0.554202499697632
IL21,1.3846869397208,0.166148214306943,0.471728219600849
TMPRSS9,1.53533388193223,0.124701835575975,0.411584616748316
EPB42,3.51143876616389,0.000445688126233815,0.0216718313213924
CD53,-0.0962155114974136,0.923349411577129,0.974528837526458
MYO1C,-0.55437753854669,0.579320494839052,0.825800422229539
CES4A,-0.882450883314911,0.377533029663059,0.690602965557897
KAT6B,2.8058502932305,0.00501840019041559,0.0803425554227317
PRDM1,0.688292975121751,0.491268304598032,0.773554298545706
CABCOCO1,1.16531718638365,0.243890624864187,0.569411231323487
PTP4A1,-2.39674652256731,0.0165413621889768,0.149335043358953
ATP8B1,-1.31995688650689,0.186849412874537,0.502179096880015
FEZ1,-0.275067703701631,0.783264223538457,0.920595301235215
EIF2B5,1.49756563425024,0.134246141022025,0.423840222015194
TPRA1,-0.157977905000014,0.874474209324442,0.958507820528159
MYL12B,0.350892947631993,0.725668662488454,0.895475890652584
GAN,1.13378264807447,0.25688573130131,0.582801850708921
GJA1,-0.118835182204462,0.905405934799692,0.970360010391973
LMBRD1,-1.04089274560345,0.29792532894315,0.624072325774039
ITPR1,-3.27427508597499,0.00105933431395856,0.0356084241472382
NDN,1.48006659796692,0.138855474502632,0.429770553029055
HOXA13,1.12619470968209,0.260083112301745,0.585844681556815
AP5Z1,-1.96048299119865,0.0499393640876369,0.263841966263529
ANKS1A,1.86764009756669,0.0618122533990331,0.292197002600894
RAB12,0.9325349287985,0.351060144256095,0.669176853297871
GET1,0.83719484470714,0.402483054797376,0.709499492681965
RCC1,-1.49966310662546,0.133701691829329,0.423192876950124
TRIM16,0.387239667398123,0.698578786164199,0.884699081563833
C9orf153,2.33125533750913,0.0197398997565261,0.164432478044312
MALT1,-1.26817559771556,0.204735249338969,0.525919755393875
GNAI1,-1.45726368120692,0.145043608102099,0.439158523392125
LHB,1.18636564551324,0.235477932602272,0.56067802099228
EDDM13,-0.140257374663656,0.888456641436187,0.963399363344107
TBX1,1.19756659349547,0.231085787910939,0.556406918920622
SETBP1,1.11473517408791,0.264963923271722,0.591442480480727
AGK,-2.71762428394716,0.00657524557096373,0.0930813584801319
PCMT1,-0.729097175241678,0.465942222405616,0.757366374144868
NNAT,1.2566510719438,0.208880012543672,0.53113934875534
ABLIM1,-0.83044617989182,0.406286565182493,0.711484327467915
COL9A3,-0.938949980076506,0.347756426407692,0.66699608515469
MMD,0.361942254015952,0.717395183396511,0.892970432449811
STON2,-0.281214566928993,0.778545832515044,0.918389784617283
CHRNE,1.07438705851388,0.282649240346581,0.609363270848337
CALCR,-0.485757563616569,0.627139065250341,0.852294770052079
ISG15,-0.494798484339551,0.620742374355587,0.848866375257716
CCBE1,0.463618426828961,0.642921149966363,0.859677013279956
TTC37,2.99405027913787,0.00275300573399858,0.0583313332580169
TTR,1.56308150354225,0.118033425581987,0.40034971322575
DHH,0.783532565131708,0.433314438142318,0.733304836902154
DARS2,2.79458131989201,0.00519669689988905,0.082098694006142
STON1,2.54810671863655,0.0108309332375375,0.120401029525898
EIF4A3,-1.02411919672638,0.305778978265209,0.631072402437464
SH3BP1,1.459640131734,0.144389003620008,0.438523769847613
MPIG6B,0.670182427919456,0.502741504191987,0.779391666093692
SCUBE2,3.2954631526295,0.000982595884878046,0.0343252084008367
CA5A,1.4631660122528,0.143421958414224,0.43709817379452
MIF4GD,-0.564682618492308,0.572289658782355,0.822244691204872
ECE1,-1.58973912105834,0.111893621544162,0.391555205442427
COX6B1,0.497777867557271,0.618640617281212,0.848354125677763
THBS2,-1.24498503194662,0.213137252301018,0.537117805122389
FOXC2,0.809087257196234,0.418464957423196,0.721551927990389
IGF1R,-1.42440129428432,0.154330339782167,0.453753034197196
SLC35B1,1.86197385350298,0.0626067758060604,0.294228248489543
IFIH1,-2.07520497736208,0.0379675415333445,0.230148048135371
LARP1B,0.220854827690135,0.825205471150142,0.937136935603774
APLP2,-1.36425294564302,0.172487969756479,0.48237707070096
GRM6,-3.60222568990678,0.000315504257797573,0.0188364463605097
C2orf15,0.505547224326929,0.613174538571215,0.845004769231493
IDE,-2.13688131972627,0.0326076457332317,0.213291900601272
BBS10,1.78897002058488,0.0736196438140184,0.318468323080177
CTPS1,1.19167603201293,0.233388299553582,0.558653709666518
WDR37,0.230246343373034,0.817900352256281,0.934800931442819
FBRSL1,-1.30828083609044,0.19077807270074,0.507688126900999
EPS8L2,-0.554932797249495,0.578940627684945,0.825800422229539
QSER1,3.06988071107593,0.00214144283253199,0.0509959570352326
LRPAP1,-0.336420437384877,0.736553839915445,0.901245654955043
MED13L,0.853310335187923,0.393487230182254,0.70218310263507
ALAS2,-0.325735532013336,0.744624458473149,0.904973449141284
SLC25A48,2.38914645772961,0.0168875687613943,0.151232376825106
KCNK9,1.77731964476059,0.0755156632709155,0.322453473645487
LPL,1.98925059896084,0.0466735494521557,0.255568074946272
GSK3B,-0.376478629643521,0.706561099945383,0.887832840227308
ABCB11,3.09706422889326,0.00195447521337601,0.0482057267984497
DYNC2H1,0.528285901166886,0.597300915679085,0.836788297058378
LMTK3,-0.122323987101062,0.902642435688906,0.969513699561425
ZMYM1,2.77222613226043,0.00556743455034483,0.0849588133706586
DCLRE1B,-0.217823169660875,0.82756689121126,0.938175390938824
GCLC,0.690719741386345,0.489741680805765,0.772442696927301
MDGA1,3.22537115873046,0.00125809449010332,0.0383516350752969
TFPI2,2.97378934036614,0.00294146939859847,0.0606593861092654
SLC25A38,1.47056117280456,0.141409830795701,0.433865596700269
INPP5F,-0.0266271369399973,0.978757128781786,0.993715897301846
DLG2,-0.660732189248153,0.508784076842057,0.784231317674386
MAP1LC3B,-0.464098134375127,0.642577438334283,0.859677013279956
DIABLO,0.341218075307913,0.732939416837945,0.899213782303741
FAM83H,-2.32839819110301,0.0198909696232434,0.164748455096143
LARS2,1.68253693491482,0.0924647690600438,0.357358474414461
GTF2I,2.43521848095716,0.0148828004548721,0.141321214161115
FANCB,-0.0486726496614321,0.961180172442062,0.987123450238445
CHST8,1.32826190147819,0.184091601143285,0.499472775551019
NOTCH2NLC,-0.984266543807672,0.324984474802982,0.648232931253719
ALPK1,-1.38015263414849,0.167539654247995,0.473770107415518
SELL,1.16105039931658,0.245621404126704,0.570814304150623
PARN,2.02972803414872,0.0423841916488779,0.243015692407733
CLUH,1.44205166436234,0.149287799342213,0.446327077655552
GTF2IRD2B,2.45624268493241,0.0140398307900933,0.137339539696211
TMEM217,-0.16513504168474,0.868837692342849,0.955491563551478
GTF2IRD2,2.31782275922027,0.0204589556624384,0.166894419895553
GREM1,0.762810608694693,0.445576353363265,0.741666370062145
SPEGNB,-0.0532069690396459,0.957567002992081,0.985193663444377
MPRIP,0.331190138633742,0.740500868538126,0.903083446934986
BIVM,-0.266336409985522,0.789980134307,0.923999711140291
CACHD1,0.978185799133845,0.327982438702199,0.650608272171577
TIMM23B,-0.00563220161179534,0.995506177049246,0.998154127415021
CTC1,1.51058922134273,0.130893141856464,0.419878673332955
ACSL6,1.76208506447501,0.07805492635299,0.327516279285729
ZFHX4,-1.09516012380245,0.273446492096979,0.59897655295873
SLC29A1,0.938106151960202,0.348189860608442,0.667128480086683
DIP2A,-1.30431929697197,0.192124738546088,0.509847722182964
CLEC3A,1.59747640871114,0.110159552271381,0.38915913765235
GPR19,0.557398503680312,0.577255187599581,0.8254723719278
TMEM167B,-0.628200617100677,0.529872526103099,0.796295297889094
NIF3L1,0.977732849415874,0.328206470399686,0.650727849984964
CHRNG,-0.161974448408093,0.871325975358562,0.956864683915104
MECOM,2.7178017368807,0.00657172038897531,0.0930813584801319
RDH8,-1.38903501886181,0.16482210163746,0.469868659889299
DEPDC5,-0.0902604076763301,0.928080281780561,0.975498759076853
SCLY,-1.29971629908596,0.193698221955176,0.512094769407941
BSND,2.84730688340865,0.00440908361788597,0.0754941718989884
CPAMD8,3.23111978016267,0.00123306255111805,0.038142578036398
CRYBB2,-4.75511163160137,1.98336792733013e-06,0.00116052284153175
RPS27,0.583211843519804,0.559750699258616,0.814499448101161
NOTCH1,-1.44681444212558,0.147948900772236,0.444141379322019
CARD14,-0.702837770628665,0.482156855768673,0.768615310302362
LHFPL5,-0.454721460645532,0.649309639535617,0.861755869224612
POLR3G,0.496440516999139,0.619583644887359,0.848654349765034
GPR101,0.819187022906295,0.412679717694987,0.716564064715377
ZMAT1,-0.539751974877376,0.589368090938804,0.832076865684869
PQBP1,0.964130727445056,0.334980389045848,0.657030145939515
FAM161B,2.04182810025565,0.0411685858214099,0.23917973956307
PTPRZ1,-0.541402157182098,0.588230420662141,0.831556505190358
BOLA2B,0.325607128306551,0.744721618268612,0.904973449141284
GSG1,-2.65995235002743,0.00781517071200793,0.101259873757743
CYP26C1,2.50796763757499,0.0121427787761754,0.126982129795501
COL10A1,-0.21921493421192,0.826482622581539,0.937536344700411
LRRC7,0.535226073932906,0.592493538447877,0.834268051633588
ADAM20,1.39499295553969,0.163017963863458,0.467343151089989
KRI1,2.24614194112153,0.0246949176454952,0.182943290729356
FAS,0.479537986591463,0.631555951041661,0.854855149096809
FKBP2,0.100477680850388,0.919965101256958,0.973617290877078
RGR,-1.2333586152734,0.217441998011984,0.542350301973486
ESYT2,-0.731122450170432,0.464704362684591,0.756624894393023
BICD1,-1.23741704445802,0.21593229422838,0.540714746971699
LRRC55,1.02433439889082,0.305677355633148,0.631072402437464
NR1H2,1.57689025630663,0.114820778917893,0.395144374836546
ERCC5,4.55073446523845,5.34589786876696e-06,0.00196935587624645
GPRC5C,-1.90970036951984,0.0561718033812987,0.277572354669655
LRRC4B,-0.554083581698568,0.579521645838981,0.825800422229539
RAB33B,-0.438116845568976,0.66130158354799,0.867938248399139
ELMO3,0.295787684037032,0.767392229091497,0.914332944797625
ALX4,0.757019109601095,0.449038413853237,0.744135160642542
SUMF2,0.675547540503731,0.499327957937186,0.777712296152671
MIP,-3.35820260712878,0.00078451087810172,0.0304943329092345
IL31RA,0.615435870122607,0.538266908738139,0.799647333511525
GCNT4,1.53383640007807,0.125069905602286,0.412044329249481
SNX6,-0.206598156279945,0.836323700277177,0.942749605660051
AC023490,0.296172894289136,0.767098047930772,0.914179546909062
HMBS,-0.282152353986194,0.777826690588215,0.918218817825675
MYCBPAP,1.23263657598006,0.217711384385969,0.542404523441772
AP000552,0.334960782247868,0.737654670174562,0.901571750027106
AP000471,-0.292944351087261,0.769564687865051,0.914766441096851
PREP,-0.137551711970182,0.890594720907496,0.964498552227541
GPRASP1,2.28297824544213,0.0224316498362497,0.174223100049197
EEF1AKMT2,-0.545529229560072,0.585389583012833,0.829638869551019
FBXW8,1.16902975375446,0.242391643852399,0.568299494577368
SNX25,0.993084187211372,0.320668929321437,0.644079637592463
NRG1,2.53945531028238,0.0111025228600018,0.122052717240549
FECH,0.598382811820267,0.549584531866075,0.80797484162334
AP001453,2.01823582915103,0.0435667063061862,0.246645463938927
TACC3,0.211081037886412,0.832824036454357,0.940881752037929
AP3B2,1.00480462925171,0.314990934363333,0.639287870520571
TMUB1,-1.35588134339314,0.175136924442102,0.486330335386409
ERCC6L2,2.09386282585127,0.0362722016138855,0.225227079683956
ANKFN1,0.188844422961037,0.850214753712429,0.948786984022358
GUCA1A,-0.256579627368928,0.797503303620445,0.927156605924344
MYL3,-1.26094507186996,0.207328637774302,0.529643796640451
SCN10A,-1.38310461619849,0.166632790466096,0.472441997667475
FRMPD4,-3.3212367209482,0.000896194906709178,0.0325704557014553
FAN1,-0.441674399103522,0.658724837858686,0.866825818063446
IL19,0.690671313798238,0.489772120519993,0.772442696927301
TNNT2,-1.06034417630472,0.288988048574536,0.614967477923679
SCN3B,-2.01056808702852,0.0443710977226517,0.24849094717199
CCDC30,2.31999254673146,0.0203412805344242,0.166613739732861
KIAA1549L,2.17390834825799,0.0297120189693526,0.203225191791268
PLA2G6,-2.63193610176939,0.00848998288150418,0.105550947430061
GVQW3,0.835202643152825,0.403603621748817,0.709968219675439
STRA8,-1.68349902752523,0.0922785274759561,0.357130516246042
CUL1,-0.512102557273759,0.608579234884144,0.842694823732198
NINJ2,3.58800917810381,0.000333212563090777,0.0190799994683249
UCP2,0.604991655908853,0.545184540898624,0.805398432420223
PIN4,0.318887741988297,0.749811639925797,0.906586369652189
CYP27C1,0.349955144019553,0.726372361460333,0.895820558997986
MYO6,0.517822978892305,0.604581784190241,0.84013940672372
TNNI3,-0.992950521931244,0.320734067164019,0.644130652293593
KCNJ8,-0.891100849217577,0.372875069393593,0.687188081536259
RAPGEF5,1.17759635927203,0.238957561993405,0.564813004430479
CCDC57,-1.33530444202831,0.181776725388363,0.49620347034639
JAKMIP3,-1.57264892027905,0.11580013346368,0.396286728687731
RIMS2,-1.50859361543299,0.131402666760941,0.420431469705505
KANSL3,-0.338282558854582,0.73515026581047,0.900882056507653
ETS2,0.626616271662137,0.530910799621669,0.796956209582111
IQCF6,-1.21548939699831,0.224179490347605,0.548728489518248
AMPD2,-2.57372024173153,0.0100611589135643,0.115312104844955
KCNC3,-1.28909019986313,0.197366730193586,0.516153167103555
SLMAP,1.84860735093503,0.0645145304785091,0.299460488123183
ZCCHC14,-0.566560708738505,0.571012676058478,0.822175725571826
SBK1,1.51070731508788,0.130863037848664,0.419878673332955
RAD54L,-0.0930580470060708,0.925857446394123,0.975326399073845
SAMD8,2.53167047767349,0.0113520618920786,0.122459801341161
ETNK1,0.697449625551556,0.485521454189089,0.770342330750875
BRI3BP,-0.822258649880173,0.410929705227681,0.714902980547465
GCK,-1.59691947572334,0.110283657888945,0.389340013465845
MFSD4B,0.243112150748131,0.807918518615963,0.930668610199956
AC119396,-1.19755679838576,0.231089603194128,0.556406918920622
NFILZ,0.51080111760532,0.60949032651251,0.843153426853399
SLC25A52,1.75028757968276,0.0800687030050672,0.331474732876803
ZCCHC8,1.03984130257016,0.2984136366216,0.624610877582581
YPEL1,-0.650660301595578,0.515265794830775,0.787621960431162
ETV3L,1.01064828020374,0.31218479925541,0.636046783640974
BTD,2.16715461971917,0.0302230663189641,0.204973088687904
OPRL1,-3.18808927503988,0.00143216311677182,0.0416020286017105
ANK2,-2.33056168168317,0.0197764839913708,0.164556996414851
OTX2,0.154303349962092,0.877370556064143,0.959284304019716
MEN1,1.46561801811971,0.142752379762363,0.436146289235024
ACAT1,1.69288745990772,0.0904768907185131,0.353946429690963
UFSP1,1.10419379684479,0.26950907993776,0.594903903936165
CAMK2A,-2.09332949900361,0.0363197510866365,0.225227079683956
JAK1,-0.0240995075559524,0.980773236122894,0.994268145870035
CFL2,-0.220112726581406,0.825783363483326,0.937197089682016
MPZ,-0.155873471962645,0.876132755998694,0.959146409175869
ANO3,-0.0227503140365862,0.981849441408267,0.99465681094543
ATP8B2,-0.81087736484028,0.417436100210825,0.720730906297109
ACP2,-0.311000191464904,0.755800476076364,0.908686704835547
IFT46,-0.677353825354469,0.498181487568895,0.777218752439069
PLPPR5,-0.535210454007336,0.592504338238333,0.834268051633588
AK2,1.07098398270472,0.284176631695326,0.611215514533643
UBE4B,-0.98103303513375,0.326576451026628,0.649323931980884
EFCAB14,2.54424821014655,0.0109513234448333,0.120926117831899
ASCC1,1.51097922683849,0.130793743557516,0.419878673332955
SACM1L,1.64571947886918,0.0998215267592345,0.371528617047171
YPEL2,-1.08369345891989,0.278500736793736,0.605042010814859
AMD1,0.383576152379515,0.701292618051811,0.886046353804356
DPEP3,0.41455316659998,0.678469038686974,0.874824937481181
AQP4,-1.32270371897334,0.185933926305115,0.501047882207749
LDHB,0.164154142737977,0.869609800107117,0.955951525936674
TMEM145,0.740764643610182,0.458836156260921,0.751391721239974
EED,-1.30686176311333,0.191259664304374,0.508301016348515
OPRK1,-0.934929260064569,0.349824756645359,0.668353309814312
AKT3,-2.21765874101387,0.026578109441143,0.190705876906368
PLEKHG5,0.979641618279155,0.327263053740726,0.649792209868629
ARHGEF2,1.04800969116509,0.294634141895092,0.620788353825236
ATAD3B,0.645343442166788,0.51870464632335,0.789637625267481
ATP5MC2,0.866310522531232,0.386319897368262,0.697554041659227
HHLA1,0.0120903399383971,0.990353539442885,0.99681076259499
TRAK1,-0.423539075429614,0.671901995308456,0.872167661765249
GBF1,2.0215162332617,0.0432263536392085,0.245671797383566
WIZ,2.10797132772998,0.0350334696278527,0.221093050259879
APOA5,0.124730927196676,0.900736572231759,0.968300775918861
MAPK8IP3,-0.466206511361284,0.64106768903345,0.859064569313496
USP7,0.783602602704553,0.433273328141493,0.733304836902154
ADNP,-0.352581518119215,0.724402195267918,0.895025168312958
PLK5,2.08834127212557,0.0367670609802332,0.226383378708
ADCY7,-1.61674135509946,0.105934123080653,0.382594964575378
ARNTL,-1.62241236610245,0.104715083124484,0.379707838011552
ELF5,-0.114251062758463,0.909038774649496,0.971015629973228
DDHD1,-0.52349007843884,0.600633253610562,0.837620614968046
RFX7,1.55904340531842,0.118986107190342,0.402292765273249
GKN1,-0.214948814031709,0.829807226171785,0.939397834121788
ZBTB3,0.915700035693486,0.359824246303912,0.675296588319346
AHDC1,-0.28550849731806,0.775254595291187,0.917382012491344
DNAH10,-1.02603555845524,0.30487482347433,0.630349661270923
STAT1,-0.276310252960096,0.782309781627381,0.920007200928551
LDB1,0.483377539976617,0.628827692686531,0.853394527791952
FAM163B,-3.70812091809151,0.000208802950802222,0.0150421645757921
WFS1,-1.82120971680757,0.0685749839930643,0.307925253080818
SPATS1,0.791155620091669,0.428853185582116,0.73028601072896
CDKL5,0.645337483190135,0.518708507126589,0.789637625267481
POU3F3,0.235632721447139,0.813717680247632,0.932986682389192
PIK3CB,1.76117027135105,0.0782095881295808,0.327655521838298
MAS1,-4.00434993622616,6.2188252214339e-05,0.00823284148842274
USH2A,-1.76529161947841,0.077514767266966,0.32690878828861
TSGA10,-0.985616849265847,0.324321166639753,0.648006547474588
SNCA,-1.43563445846582,0.151106384131751,0.449412967385268
COA8,0.0779599869867967,0.937859881838466,0.977679325361294
NIPA2,-1.84085626636093,0.0656426247443104,0.302013939680885
SLFN14,1.92997636678756,0.0536097660905183,0.2722307952886
IL12RB2,2.06193455857536,0.0392139668046224,0.233597643489939
LIN52,-1.06558467046318,0.286611431897016,0.613559858386834
DNAJC7,-2.15498027382054,0.0311633778907372,0.208304153347148
LGALS12,2.00856403722823,0.0445833884284468,0.248986879337994
MSANTD2,1.9243407369196,0.0543118875405988,0.273313065863262
SVOPL,-1.87727967600398,0.0604797722718031,0.288838134576799
CCDC114,-0.624945818084893,0.532006619478979,0.797792470399807
THNSL2,1.80555622661529,0.070987685354918,0.312547600133964
RTBDN,1.42485699888678,0.154198541926598,0.45344778049496
SLITRK1,-2.91887513142495,0.00351296911406882,0.0673069933450846
AGO1,0.525769947827895,0.599048057195426,0.836788297058378
PRRG3,-0.334754545989456,0.737810251130839,0.901625931889307
SWSAP1,0.586847395092791,0.557306202452832,0.813451259392882
GNL3L,0.103720440189111,0.917391205217081,0.972785165861813
STS,-0.777497940892527,0.436865048829659,0.735773413098549
CELSR1,-1.27923449096366,0.200814493420041,0.521300788572301
ZNF711,0.25131578598365,0.801569971291442,0.928598549548607
KIF5A,1.00043678701569,0.317099174685492,0.641213602805496
LCOR,2.487006032356,0.0128823214631265,0.130946765679425
AMZ2,-1.46384321428552,0.143236791909738,0.436751032283007
MTR,0.288433650488036,0.773014812334846,0.915997366890178
FANCI,-0.788114481615195,0.430629745190344,0.731127328217308
GJB1,0.440056330815748,0.65989630912014,0.867217388886683
PIEZO2,-0.749798993609922,0.45337577497496,0.747661810618488
NT5C2,0.293475234248706,0.76915892674692,0.91476044045812
FIG4,-0.0636453412432914,0.949252627811445,0.981966675869277
ATF4,-0.700118317461976,0.483853417320333,0.769571333936043
NPBWR1,1.23816898849307,0.215653407757732,0.540375006417006
POLR2A,-2.87003339635319,0.00410428448081296,0.0724687877445504
CSPP1,0.500314563046437,0.616853601389665,0.847193698095669
AC093246,0.616682998873827,0.537443837148696,0.799140184968646
AC013477,1.58174155202113,0.113708582764765,0.394074787292077
AIFM1,0.829407957839279,0.406873599997338,0.711845925918648
CEP41,0.507460534877503,0.611831720480848,0.844374657920312
CAST,2.28650368971207,0.0222248085161709,0.173713367100477
PHACTR1,-1.41263456526022,0.15776320036525,0.459594485032413
HARS1,0.0244431111632989,0.98049916085118,0.994268145870035
TNFSF14,-2.67194372672367,0.00754132938833085,0.0994991804238861
INF2,-1.06891288079336,0.285108927283301,0.612583589917157
TCTEX1D4,2.5431993189731,0.010984255037578,0.121118224424559
SBF2,-0.660118122025953,0.509178030132448,0.784286384142073
MFN2,0.588090117293415,0.556471806201567,0.813007432897618
NALCN,-0.227532450273361,0.820009739186182,0.93564249717431
SPRY3,0,1,1
CHRNA7,-1.40098529646145,0.161218470037053,0.464906586250371
TRIP12,-1.53745405739751,0.124182157353011,0.411293132107675
GDAP1,-0.85253985102156,0.393914530522157,0.702415910366738
CEP290,1.50611519477526,0.132037604614938,0.421141250847096
ZBTB20,0.483205377852865,0.62894991723841,0.853394527791952
ZBBX,0.955360471206288,0.339395436623723,0.660358029923772
DYM,-1.36518484961734,0.172194958911672,0.481723867621555
ACTB,0.0185562079933711,0.985195137773331,0.995023322998978
CEP63,-0.360868751477904,0.718197564445526,0.893094193479268
IFRD1,-0.273788187355325,0.784247402014913,0.920944796311174
GARS1,-0.0544309792265807,0.956591797578094,0.984811472399811
CEP104,-1.03175044368958,0.302189039847725,0.627660026400381
LMNA,-0.388791233138518,0.697430586572112,0.883797387049282
TFG,1.51127848625726,0.130717512858169,0.419813783617607
MACROD1,0.919436521481125,0.357867293986068,0.674153511933295
AC063943,0.629253275005297,0.52918325586254,0.795748806004598
ELP1,-0.808465467016962,0.41882267784739,0.721551927990389
PAQR7,2.66671977218484,0.00765955084139404,0.100123919022706
DISP1,0.032027783509426,0.974449894222388,0.991806768427706
CCND2,-1.07677628224662,0.281580223666881,0.608145748889604
SLC52A2,0.0876311383384315,0.930169852558803,0.975549863482734
NGF,-2.03083126677555,0.0422721141062185,0.242850307117275
TMPRSS6,2.20894981043504,0.0271781320530958,0.192961166206145
RUBCNL,0.536232726398872,0.591797718217631,0.833618598643398
CHRM3,-0.489377503368986,0.624574460010929,0.85098345895373
LRSAM1,1.56046948313989,0.118648976095942,0.401877418150033
PIK3C2G,3.51674794877472,0.0004368684154176,0.0216085002027493
KIF1B,-1.44316345004897,0.148974432930801,0.445768245038831
NOVA2,-0.937890190294031,0.348300844967623,0.667128480086683
POMK,2.58481949111124,0.00974299907231898,0.112883682604159
SIPA1L2,-2.09558941918203,0.0361186286364393,0.22482597986484
RAB7A,1.47082082422958,0.141339579222482,0.433865596700269
HSPB1,-0.972993281728406,0.330556641122056,0.652697356066196
AC084756,0.412452985419481,0.680007433764419,0.875702594451987
NHS,-1.67247995903765,0.0944297165222202,0.360952862808882
PHF21A,1.78986354888062,0.0734758499882121,0.318347048775372
CLCC1,-0.738052604655158,0.460482483161635,0.753134088650806
