,Background...Herbivore.Rho,Background...Herbivore.P,Background...Herbivore.p.adj
ARF5,NA,NA,NA
M6PR,1.28128502337676,0.200093571391083,0.501961163821722
FKBP4,-0.479157003006884,0.631826939958133,0.841251408584966
CYP26B1,1.08288065534041,0.278861399326473,0.590962483048894
NDUFAF7,-0.281730692989215,0.778150017782438,0.915199865260191
FUCA2,-0.431483855411579,0.666116589084031,0.859637394896488
DBNDD1,0.822140629582958,0.410996863972549,0.702492060332165
HS3ST1,-0.97047995942567,0.33180730949568,0.636274253984235
SEMA3F,-1.71399935221048,0.0865288448379962,0.330651618336247
CFTR,0.711303744295851,0.476896031825526,0.748281468519539
CYP51A1,-2.09698189179794,0.0359951783602454,0.207617990603064
USP28,0.987035267678311,0.32362534954278,0.628292173983875
SLC7A2,-0.03685823100053,0.970598043932791,0.989567703577914
HSPB6,1.02496774738374,0.305378406166948,0.61236305375195
PDK4,-1.59735482927136,0.110186635324683,0.372931787911895
USH1C,0.749628735692611,0.453478339042796,0.731283495449299
RALA,NA,NA,NA
BAIAP2L1,-1.74013559826389,0.0818352107768413,0.321456723207556
CACNG3,NA,NA,NA
TMEM132A,0.474077170806186,0.635444877495179,0.84324227157597
DVL2,2.79647764607695,0.00516629847391652,0.0709755477616604
RPAP3,-0.177932375744532,0.858776084367789,0.948879446294218
HOXA11,2.04563165647845,0.0407926244469361,0.221726430375387
TRAPPC6A,-0.303624061310827,0.761414318194629,0.906023084768286
SPATA20,0.16846417107422,0.866218128139671,0.952454944424574
CD79B,-0.927819253588589,0.353501334981462,0.655930089125034
RHBDD2,-2.24181577911806,0.0249732809987966,0.170922202198285
RPUSD1,0.135547234777445,0.892179220873556,0.961601339836045
TSR3,-1.62084581004422,0.105050711076151,0.362278700359662
NDUFAB1,-1.38918902739914,0.164775277417952,0.458494566809076
YBX2,2.63419957102347,0.00843359012148666,0.0933688014035944
ITGA3,1.6845753235361,0.092070535617351,0.340437957976366
KRT33A,-2.50535529832034,0.0122328441387234,0.116671080749308
LRRC23,1.68567462962853,0.0918584860445506,0.340076285629734
TFAP2D,NA,NA,NA
CRY1,-0.318141024801065,0.750377965671801,0.901293161703561
PGLYRP1,-1.54417395150685,0.12254619744545,0.395202333716527
STARD3NL,1.78093199957309,0.0749235602625296,0.30526957203757
CD74,1.5085255930215,0.131420061535345,0.408646084346119
RPS20,NA,NA,NA
MGST1,-3.26094807566177,0.0011104037217805,0.0271089192949062
CPA1,-3.27329006405327,0.00106303325569832,0.02641455006243
SYPL1,-2.38425858396595,0.0171135724986508,0.140566624605178
RANBP9,-1.86623372832838,0.0620086721348849,0.277243417915911
CD4,1.21015848697786,0.226218084046844,0.532574775358843
PLEKHG6,1.15419856592814,0.248418770393874,0.559541593011119
QPCTL,-1.24406124039809,0.213477024774515,0.517412156919402
PPP5C,-1.51679074672812,0.129319524017647,0.406041273001181
UBR7,2.56135420547861,0.010426499328628,0.105306606293965
MAP4K5,1.02285993535883,0.306374074907526,0.612818294126251
ERCC1,-0.711688729668165,0.476657548227577,0.748213774773564
GPRC5A,-4.21664627902123,2.47962461822875e-05,0.00222995532386857
HEBP1,1.07074522653232,0.284284001176252,0.594642848268541
COX15,-0.765750025530722,0.443825054881009,0.725693229501695
MS4A12,-0.226981390251605,0.820438212953804,0.932355412404714
XYLT2,-0.426670418011288,0.669619399878061,0.861998620169789
FTSJ1,-2.24919824238861,0.024499886253279,0.168752179152029
SCTR,0.183607830955228,0.854321119354857,0.946378885477979
RALBP1,-3.67046146406414,0.000242112970888846,0.00978291769003273
SYT13,-1.70948223156333,0.0873616602836806,0.332211728788873
SNAI2,0.262672288611543,0.792803177427988,0.922170690986126
SLC7A9,-3.78759171962593,0.000152114539415367,0.0072515928064512
RTF2,-0.73658592717539,0.461374195562724,0.736801835432642
RB1CC1,-1.30220503943607,0.192846302937565,0.494940370324188
AKAP11,1.32161611131457,0.186296015660068,0.48736817617237
B4GALT7,-0.0368344341904852,0.970617018155551,0.989567703577914
FAM13B,-3.39192159016919,0.000694042986386501,0.0200542592930646
CHPF2,-0.35291116400663,0.724155041011232,0.890361722847064
GABARAPL2,NA,NA,NA
MYOC,1.82612581872899,0.0678313119547999,0.290115873844572
FAM136A,-0.534018153503131,0.59332897441811,0.820482899531516
NSMAF,-1.21189004691304,0.22555447260787,0.53159376014506
OTC,-1.70030883263725,0.0890728499154444,0.336013207169794
TTC17,0.693342565877946,0.488094596353145,0.756599193772564
HOXC8,NA,NA,NA
MRI1,-0.772729680459572,0.439682377366815,0.723878427581143
TARBP1,-1.81311925816698,0.069813429488305,0.294445724971865
RTN4R,-0.642688345681221,0.520426344704868,0.777578248696581
PSMA4,NA,NA,NA
ZPBP,0.125954148178593,0.899768219882822,0.963610460850128
LCP2,-0.673000338071102,0.500947075844044,0.765451184039958
DCN,2.39065448637804,0.0168183718999555,0.138859697742668
TNFRSF17,1.08749729461171,0.276817093547793,0.58929072704558
MRPS10,-2.69306361454209,0.00707987590767647,0.0847789894744904
GRN,-1.86513536329138,0.062162432817228,0.277526977635754
THAP3,-0.611678341766108,0.540750594146009,0.790770561131652
VAMP3,-0.0134139497786068,0.989297537529461,0.996710034569025
RCN1,-0.717510966598445,0.473058872138145,0.745916702394788
RFC2,-1.48651934740479,0.137141803220841,0.418110486639011
PPP1R3F,0.622223868656863,0.533794673260289,0.786249009231712
NFE2L3,-1.90355947671536,0.0569675806827259,0.265751996874791
CBLN4,2.71675258172255,0.00659258703223903,0.0814169304432474
CLDN11,0.820664371908546,0.411837470047767,0.703178622598875
FAM168A,NA,NA,NA
RELT,-0.245019425470817,0.806441390372554,0.926975149563401
PKP2,1.36609525578612,0.17190906719111,0.469526445579623
YIPF1,-0.237189337927253,0.812509907441663,0.929215205180748
ADCK2,-0.478684284621663,0.632163247478221,0.841251408584966
INPP4A,-1.05788464020951,0.2901080385851,0.600099612490741
SLC2A3,-0.978930558674643,0.327614291820394,0.631834866886852
STYK1,-2.01063225095411,0.0443643149004174,0.231183974750037
GNA11,NA,NA,NA
CREB3L3,-2.19632869291097,0.028068425441621,0.182438729150011
HDAC7,1.7838517672159,0.0744477551583722,0.304068777284681
MRPS35,-1.18217457964164,0.237136436912665,0.545615991873355
APPBP2,NA,NA,NA
CA11,1.77748782469518,0.0754880122934907,0.306524422160088
ISOC2,-1.57153936111167,0.116057419075572,0.382660370993944
CD22,-1.9644038857655,0.0494832725810774,0.246145890469138
GSC2,-0.523412336794137,0.60068734089637,0.82506079065312
KCNQ1,0.481310287467113,0.630295986595643,0.840320507228351
TRIB2,1.99342582730063,0.0462148380817034,0.23628676832522
OTUD5,0.962300676960986,0.335898589039748,0.640517284235794
GPKOW,-1.65023846247891,0.0988941729667931,0.352307577056619
AQR,0.476653803813173,0.633608663628458,0.84198857938386
LMCD1,0.764911131037741,0.44432446524646,0.726141593901211
PSMC4,NA,NA,NA
FNDC8,-0.142794722216513,0.886452305427545,0.959054069274131
ACAP1,2.19879261111165,0.0278926721371404,0.181687095403649
DERL2,NA,NA,NA
NOX3,-1.70144564803966,0.0888593357494892,0.335626663795621
ANO8,-3.08036269893894,0.00206748654339797,0.0402627018606059
ICAM3,-2.41209075662211,0.015861332739773,0.134838613559645
CTTNBP2,0.853591509945025,0.393331364317622,0.68980197024114
ACTL6B,NA,NA,NA
KIF22,0.509416267267164,0.610460476322518,0.829867722278716
PRSS22,-1.255013281003,0.209473938767667,0.513358804309593
YTHDC2,0.959002300070947,0.337557586478173,0.642673725123215
TMEM161A,-1.38941032194931,0.16470801333042,0.458391804318472
FOXJ2,-1.23434450393261,0.217074559033665,0.520703291447103
GOLGA5,0.0728166545880759,0.941952017694402,0.977663385398201
PPP2R5B,1.62297313095831,0.104595148780861,0.361537485904934
PYGM,0.260624895803209,0.794381788946083,0.922683369931373
BCL3,-0.264046425849852,0.791744145124683,0.92160533597018
PRLH,-0.059068007238002,0.952897940657626,0.982627946758644
FSTL3,0.585956621093123,0.557904666059425,0.800584570919236
EPHA8,-2.45670753031729,0.0140216788297976,0.126779578620865
TRIP13,-0.137813732804503,0.890387630717377,0.960775700327243
VASH1,0.0167715927428068,0.98661883241662,0.995578511984506
KRT14,0.776995108117627,0.437161656479935,0.721585565076135
KRT20,3.7155162695689,0.000202789215734377,0.00856019728541314
HSD17B10,-0.449430683975283,0.653121000696714,0.851299341256575
FGF4,-0.374670009494434,0.70790589913633,0.883220944877179
ST6GAL1,-2.44446642578455,0.014506658232415,0.129068092826906
TIMM21,-0.0163153907676245,0.9869827791189,0.995727879103592
BPIFB2,-2.05247073975856,0.0401239358655769,0.220171720697385
REXO1,-1.21585085471122,0.224041742230291,0.530027984301625
MKRN2,-4.63366693619053,3.59244812626667e-06,0.000560186863251398
GPATCH1,0.137932572826485,0.890293707052253,0.960775700327243
KEAP1,-2.53220453765852,0.0113347851172437,0.111228099150511
P2RY10,-1.02570441999478,0.305030930311682,0.612087029460913
TNS1,1.31759785781498,0.187638303101758,0.488894833874786
NGFR,0.192441575667986,0.84739632828766,0.942846142607265
NTN1,1.69877288583438,0.0893619842907296,0.336566311549426
ISOC1,-0.650134145617394,0.515605574736439,0.774766972796765
MNT,-0.608938259481701,0.542565363334751,0.791622659014451
AP3M2,-0.787843515723775,0.43078824385146,0.716849296791279
LAPTM4A,2.10860673040963,0.0349785414579809,0.204065341147381
PTPN18,-0.921013774189025,0.357043235677508,0.65856674936635
STK10,-2.13787116214264,0.0325272013583396,0.196699106413457
TBX21,-1.72270696187674,0.0849415307293369,0.328608985328888
MRPS34,0.292758144044705,0.769707023359239,0.911369782731711
MAP2K5,0.218032518654882,0.827403774647533,0.93502726329773
TIGAR,-3.71839959826293,0.00020048894771174,0.00848680385943926
FGF20,-0.696922980686138,0.485850995167784,0.754469386664112
MTMR7,-1.33058285232011,0.183326307874815,0.484008973767072
CPB2,1.59543004078463,0.110616102729155,0.373298469058283
FAM107B,-2.13042142812076,0.0331368362693978,0.198611982863224
CDK13,0.245910925789153,0.805751185938881,0.926586262987339
TSPAN32,-0.606275975886779,0.544331508864409,0.79240322026052
TRAM2,-0.736901994193227,0.46118195123822,0.736643235082124
CLDN18,-2.78912803049821,0.0052850167660116,0.071691556771168
NDUFB4,-2.15622038855654,0.0310664602386419,0.193067816372708
HEATR6,-2.65081121419267,0.00802987108413348,0.0906973686232634
ERLEC1,-1.07034632478852,0.284463449925895,0.59474427992254
TMEM131,-2.43769423104648,0.0147812710138081,0.130323551669002
TMEM38A,-2.23307269132762,0.0255441511367473,0.173259969469715
ACTR6,1.78511413803029,0.0742428051846003,0.303572493674274
FAP,2.2121282248422,0.026957806410324,0.178796664789626
DMRT3,0.224644687725782,0.822255697496544,0.93322421284479
GAL3ST2,-0.897709589390244,0.369340395739058,0.669080803213695
UHRF1BP1,-3.11091762668307,0.00186506958269553,0.037937755608331
OSTM1,-2.37491848887224,0.0175528259155004,0.142153432601844
SLC13A1,-2.58668165224598,0.0096905076667858,0.100894837323403
HSPB11,-0.698358201599352,0.48495320940446,0.754041829828546
STRADB,-1.05928363268124,0.289470626690014,0.599490216601273
DLG3,1.7553091011348,0.0792064505850748,0.31540655632191
PLOD1,0.404682734919627,0.685710734631065,0.871190386083726
OXCT1,-2.15012494977633,0.0315453325719537,0.194201837767704
FAM234B,-0.915320575058016,0.360023360786932,0.660825367049336
RRN3,-0.204888473409922,0.837659261068567,0.93935194072931
MOGAT2,-2.95697969214525,0.0031066857831063,0.0524561291109524
CHERP,-0.629596057903763,0.528958903416148,0.783366408205434
AQP2,-1.72376975034909,0.0847494175082486,0.328293580805491
DIMT1,-0.995524418963359,0.319481273892265,0.625441857194746
EIF2AK1,-0.26192526475683,0.793379060949253,0.922241474315321
NME8,-1.12011002757972,0.262666878009335,0.574977108953979
EPDR1,0.740688427822328,0.458882377498383,0.734756356087684
HBQ1,-1.71238084942928,0.0868265059077842,0.331195903565319
RBM22,NA,NA,NA
HSD17B2,-2.45864890812847,0.0139460927953824,0.126497469125717
ZW10,-0.109500007223047,0.912805916041118,0.96711694584257
ITGB4,3.65135718031495,0.000260858149469995,0.0102643943039073
TRIP6,-0.599761304429539,0.548665325363936,0.795035995483729
ADAM11,-0.0432225507652551,0.965524128973189,0.988252547006072
SLC22A4,-3.75403601760816,0.000174009843470091,0.00771154473466282
TFAP2C,2.28405940131623,0.0223680401507898,0.16061893986555
SULT2B1,-2.55894609716679,0.0104990019252123,0.105771666470747
EPS8L1,-2.17154496715606,0.0298900018717571,0.189391072656601
REM1,2.08332892960682,0.0372212515078381,0.211223264283308
PDRG1,0.301277806381004,0.76320266311269,0.907113720398106
PPP1R13B,-0.120497087731039,0.904089386491625,0.96447714218272
TGM6,0.170931310277265,0.864277776912845,0.95166554498229
RALGAPA2,-1.90683578442217,0.0565418558581123,0.264702765095351
RPL6,-0.103230017376918,0.917780416747966,0.968955797077167
ESF1,-0.683488036278867,0.494298507433154,0.760134226552338
SLC8B1,-1.51463474597342,0.129864927914857,0.406593913616063
SIRT4,-0.698359723246847,0.48495225803267,0.754041829828546
TRMT6,0.398894459382848,0.689970971879208,0.873319982871012
HAUS5,-0.72598757816566,0.467846385636146,0.741410924888154
UQCRC1,0.183160761117476,0.854671881574953,0.946628662735319
GMIP,-2.64789237766294,0.00809953055589888,0.091041095189615
LAG3,-0.385211395311036,0.700080801348888,0.87826839365635
OTUB2,0.664197599878807,0.506563849422112,0.768439358810174
TFAP4,1.11473822478089,0.264962615586632,0.576909223654727
PDCD7,-1.74306040196295,0.0813230645308113,0.320282931191689
SPG21,-0.0289078573215747,0.976938079005633,0.99183663083192
CHRD,-1.44455360090549,0.148583313656039,0.434381003536275
GNPTG,-0.155038051627605,0.876791319115194,0.95564878575325
EFNB1,-0.00205753186653796,0.998358328248649,0.999151725595601
GLG1,-4.30433247388141,1.67489975494407e-05,0.00166520296688913
DLL3,-0.641354138788637,0.52129262218436,0.778234187675919
NAT14,0.717920449289009,0.472806338273288,0.745702123893122
AASDH,0.187716265942297,0.851099078565102,0.944609964400398
DLD,-0.600261714731445,0.54833182962096,0.794853734021351
ABCC6,-4.11026063169253,3.95212781499683e-05,0.00304479978670694
CMTM6,0.590248802684845,0.555023857862866,0.799192047643986
APOH,-0.360100248135083,0.718772167235141,0.88870070238458
SPAG7,2.1985353044986,0.0279109815534319,0.181728028106619
RGS17,1.29071846551007,0.196801319231088,0.499445298001177
CCDC80,-0.0211518200271662,0.983124547721617,0.993828459408981
HAUS4,1.45012503341289,0.14702365542069,0.432530896801502
CEBPE,1.14760804258653,0.251130408140128,0.562847312312203
OSGEP,-1.04031981098389,0.298191343103956,0.606961512883882
TGM1,1.97756472225616,0.0479778323163385,0.241525156793146
TEKT2,-1.66794116108137,0.0953274076151839,0.345890571367681
XYLB,-0.656880377737447,0.5112578361925,0.772149552322713
ADH7,-2.13487457421852,0.032771256704144,0.197605850492933
KRT23,-0.260466044037622,0.794504304519383,0.922683369931373
CDC6,-1.08108477890454,0.279659403491753,0.591670452725722
AAAS,-0.178926518792602,0.857995399803343,0.948410229714656
CBX5,NA,NA,NA
KLHL20,NA,NA,NA
FMO2,-1.83769420772071,0.0661074778733652,0.28649733456332
RAB26,-0.216734149884869,0.82841553274451,0.935511547663655
PSMD5,-1.87287387811793,0.0610858031119741,0.274926169915037
NANS,1.32071392618364,0.186596768835503,0.487484412368688
SEMA4G,-1.13498485581808,0.25638166372046,0.566935865107343
MAPK13,-1.7272013089161,0.084131515865477,0.327089135003625
TMEM14A,-1.31534762842117,0.188393097961324,0.4895952702307
PRRT1,1.17630559329036,0.239472781470597,0.547987988125933
ZNF184,-0.640451472154801,0.521879128674148,0.778234187675919
VCL,2.29619221290218,0.0216648935974194,0.158265388319566
SIRT1,-1.35700935236095,0.174778238897896,0.472718838512989
TGFBR3,-0.0781458403959572,0.937712043294749,0.976011047473672
TMED1,0.488610257179313,0.62511764983811,0.837402842505009
OCEL1,-2.95742322431431,0.00310221993647155,0.0524393150782529
PSMD8,-0.492297485967738,0.622509057120869,0.836506924347374
STX1B,NA,NA,NA
EFNA2,0.807351668277116,0.419463904022724,0.708942269925108
FGF22,-0.379414901699666,0.704379786421534,0.880518432657971
MARCHF2,-0.412205041814755,0.680189142010534,0.867193191568757
NDUFB7,-0.27301324605039,0.784843033367148,0.917928017974177
TIMM13,NA,NA,NA
CDC34,NA,NA,NA
GADD45B,2.00545703606367,0.044914209447913,0.23324520040442
MAPK12,-1.11134641381472,0.266419268307539,0.578296963562766
SERPIND1,-2.5330172441637,0.0113085389524279,0.111187144208907
SNAP29,-0.113568010396291,0.909580247245992,0.966161291655404
THAP7,0.878428600026586,0.379711169332854,0.679237120141819
MMP11,-2.0833978700172,0.0372149722635689,0.211223264283308
MIF,-0.81969093980581,0.412392316280771,0.703498827980847
SF3A1,1.04528936850351,0.295889249809545,0.604701217986584
USP18,-0.100257874212012,0.920139600437114,0.969799650745374
SEC14L3,-1.87153214433665,0.0612713587367066,0.275313094541683
SNRPD3,4.81769165961605,1.45228566566464e-06,0.000332529408780668
MAPK1,NA,NA,NA
TCN2,-0.733690859581002,0.463137170553255,0.737583404089028
CRYBB3,0.605815012493323,0.544637599638176,0.792619742462646
SLC25A1,-1.82690701918155,0.0677137507169831,0.290062457879524
PLA2G3,-1.59629034781534,0.11042398407853,0.373233560141968
LGALS2,-1.13622917166346,0.255860664702268,0.566367630157527
PDXP,-2.57416721181742,0.0100481698568687,0.103297920324489
ASPHD2,-1.39726939658194,0.162332575056974,0.455124764090278
LGALS1,0.569207913193494,0.569215051120466,0.80679422573125
PIK3IP1,-1.46350328179238,0.143329716286814,0.426831582060192
SRRD,-1.52264002219259,0.12784879105486,0.403182581473507
ANKRD54,1.33319160924801,0.182468932199837,0.483342770097097
MICALL1,-3.07972791587155,0.00207189776896136,0.0402966783584865
CENPM,-1.4892266462167,0.136427696329332,0.4173875414543
DMC1,0.413186524533941,0.679469960254107,0.867022717162886
HSCB,-2.57221292957345,0.0101050720701609,0.103741745328989
CBY1,2.74938510764666,0.00597071905390281,0.0769876333981051
TOMM22,2.69357258205191,0.00706907519944818,0.0847654043219155
RSPH14,-0.561087501870072,0.574737887803662,0.809982184135871
RTCB,0.365268466516861,0.714911014668064,0.887443342669935
JOSD1,1.27066316273096,0.203848505958142,0.507002772185284
GTPBP1,0.383766490392382,0.70115152659481,0.878736263882963
PPP6R2,-0.489780013651574,0.624289575006627,0.837154763181782
DNAL4,NA,NA,NA
C22orf31,-2.86398650261613,0.00418345837367761,0.0626829296745496
MIOX,-1.81587765556799,0.0693891416081828,0.293557386961047
RHBDD3,-2.00582452546523,0.0448749730171038,0.233121551129073
RASL10A,1.07480374457166,0.282462603619942,0.59342001929259
HMGXB4,-1.13550900410704,0.256162111416021,0.566699140348252
BIK,-1.62947966999019,0.103211515195474,0.359357603826753
HMOX1,-1.48439581567466,0.137703944189751,0.41886822070538
NIPSNAP1,0.139388899597151,0.889142843568805,0.960177694155479
MCM5,-1.86676747185857,0.061934066810672,0.277235668733079
ARSA,-1.60556386333697,0.108369770694345,0.369513532205084
RASD2,-0.370378377566893,0.71110058228637,0.884529755495236
TTLL12,1.42271969405601,0.154817429174757,0.443947056866969
CBX7,-1.18870159447957,0.234557112960464,0.542240644188242
CABP7,NA,NA,NA
RPL3,0.0474673597099359,0.962140744177482,0.986804306735254
TAB1,0.988181233212399,0.323063897456051,0.628177542159038
PNPLA5,-0.553584332072358,0.579863351196444,0.812191846711134
MYH9,1.28263972544316,0.199618325771714,0.501538120441115
TXN2,-1.6902126592061,0.0909872773567705,0.338836800250251
EIF3D,NA,NA,NA
PVALB,0.705642285072798,0.480410621026534,0.750616760230871
UPK3A,-2.01739374897915,0.0436544390948339,0.230356556561983
FAM118A,0.868198397690444,0.385285731266184,0.683152587213373
ST13,0.712695226839506,0.476034370749781,0.74808287360847
IL2RB,-1.31679408309743,0.187907656720116,0.488990768688626
RBX1,NA,NA,NA
L3MBTL2,0.0498516148144564,0.960240635109716,0.986314547236125
CHADL,1.92916464525087,0.0537104257279568,0.256858213164836
PHF5A,-2.56975845880218,0.0101769445029601,0.104196467024887
PMM1,0.07238059855231,0.942299024404312,0.977712226279855
CERK,-0.674278415285037,0.500134324139712,0.764920364880605
ZBED4,0.464801645969954,0.642073508954392,0.846877143499962
HDAC10,0.0663354222024109,0.9471107824803,0.979669892136143
RIPK3,1.18323714706262,0.23671517471365,0.545144730306717
PAPOLA,0.346034338125062,0.729316908893919,0.890852127423931
HSP90AA1,2.07232503246475,0.0382351394599834,0.214480114149692
SNAPC1,-1.94388226091933,0.0519096508740308,0.253051175486566
SUPT16H,-0.189162477114495,0.849965475609263,0.944210656503896
FKBP3,0.173379804406893,0.86235289844604,0.950538074494278
COCH,-2.16301875160358,0.030539737396888,0.191633109466374
AP4S1,-0.152221255250646,0.879012430050412,0.956414129377336
POLE2,0.882634059780106,0.377434019943874,0.677167625476888
SOS2,-1.13751620818339,0.255322552822122,0.566067626595176
PYGL,-3.13656226979269,0.00170941132346037,0.0363201097551536
GNPNAT1,0.253221665979063,0.80009692495769,0.924942110001555
CGRRF1,0.0348721530584584,0.972181685742872,0.989752990978389
ATP6V1D,NA,NA,NA
CCDC198,0.355735552859679,0.722038617075714,0.890076481054588
PLEK2,-0.500111731776752,0.616996405880702,0.834142931264016
PIGH,-2.20073057656853,0.0277551028520974,0.181416571929453
PSMA3,NA,NA,NA
TMED8,0.98976241069745,0.322290261745241,0.627853892144838
AHSA1,0.928106324574804,0.353352419232647,0.655841532724609
SPTLC2,-0.502814881661931,0.615094429753478,0.833062109915268
RIN3,-2.22732528831939,0.0259255416161511,0.174682767345123
ALKBH1,-1.17085001112411,0.241659071422823,0.55072033372885
DHRS7,-2.74498132358499,0.00605143414755846,0.0773074479575678
SIX4,-1.25527269322967,0.209379784451731,0.513358804309593
SLC10A1,-2.940530968695,0.00327650247068145,0.0542327550240286
EIF5,0.105259419790086,0.916169962358101,0.968557145439435
ZFYVE21,-1.29782618982618,0.194347067885265,0.496950827849585
BDKRB1,2.67226583076478,0.00753409380269224,0.088123239586908
VRK1,1.87377513416812,0.060961425054073,0.274835637057623
PABPN1,NA,NA,NA
EFS,-0.532516415215483,0.594368375721326,0.820904185580001
CINP,-0.137893399191205,0.890324667255161,0.960775700327243
PCK2,-0.642620371795823,0.520470461031308,0.777578248696581
NFKBIA,2.23452766632923,0.0254483742511422,0.17291713755096
EMC9,0.922998185107145,0.356008151025337,0.65770112204094
BRMS1L,NA,NA,NA
PNN,0.5321885258629,0.594595429132084,0.821002950015323
RABGGTA,1.39703521974526,0.162402980312004,0.455162062031714
CYP24A1,-2.68971603366013,0.00715128428623351,0.085197539013365
ZFP64,-1.25167736302451,0.210687451891956,0.514529536682489
PYGB,-0.676092225423594,0.49898209246791,0.764070534300782
PROCR,-0.519066082331563,0.60371465971192,0.826164623523186
MYBL2,-1.3212080700041,0.186431996244809,0.487432582569474
R3HDML,-0.783980416596642,0.433051601383228,0.718760421192932
PABPC1L,-1.02856851371027,0.303682480053902,0.610597344142438
SALL4,0.173043648651339,0.862617118449471,0.950690628209481
CSTF1,NA,NA,NA
TPD52L2,1.05762800837962,0.290225068187664,0.600099612490741
CTSZ,0.110529802765342,0.911989215475494,0.966896687624663
TUBB1,0.0771118547590469,0.938534562348691,0.976321873127672
SLCO4A1,0.912422608781039,0.361546292374819,0.662024423890497
UBOX5,-0.738983342857949,0.459917112095449,0.735478031532956
EEF1A2,NA,NA,NA
SRMS,0.00675172081358341,0.994612947132815,0.997793725368924
C20orf27,-1.22744091110669,0.219656917761891,0.524069362364651
SLC52A3,-2.60683911980399,0.00913822846328361,0.0977546146863523
RSPO4,-0.663762579730472,0.506842279291214,0.768524987383178
PROKR2,-0.923621102466193,0.35568362291604,0.657181918267172
FERMT1,-1.07228935594374,0.283590086122475,0.594068946698481
TLDC2,0.952713170442969,0.34073541842723,0.645666914516903
SNTA1,0.852071857996502,0.394174210339956,0.690398779167526
OXT,1.64266344552567,0.100452585903452,0.355096953958589
CHMP4B,0.641019795890032,0.52150982148973,0.778234187675919
LBP,-2.51377201885853,0.0119447621987382,0.115049281607363
SLC32A1,2.39769795121283,0.0164984637133459,0.137338075447933
AHCY,-1.41392387387819,0.157384255379271,0.448245546040623
ACOT8,-1.80789596796892,0.0706226934269715,0.296047196412869
APMAP,-0.919345776319642,0.357914741482418,0.659289075241626
RNF125,-1.2627288931195,0.206686626700564,0.509867499624374
IDH3G,0.415757470603201,0.677587482520776,0.866156490936726
SLC25A43,0.934524759533612,0.35003327027398,0.653291685856538
MXRA5,0.668874928989659,0.503575264249253,0.766444696679898
VSIG1,-0.278723515511288,0.780457014621468,0.916321899285278
PSMD10,0.767369564268999,0.442861819023895,0.725018851440203
PGRMC1,1.56850726927338,0.116762794825457,0.383925012054463
NXT2,-2.37343320638799,0.0176235802538485,0.142428490862782
GUCY2F,0.706883473104915,0.479638895247564,0.750315770613143
ATP1B4,0.78556394514348,0.432122994198435,0.718199071753387
TLR8,0.047410025798959,0.962186438574905,0.986804306735254
GLRA2,1.40601716840302,0.159719026766814,0.45123834969155
STAG2,0.266891364111103,0.789552805991402,0.920799660761079
F9,0.523005980581363,0.600970091394518,0.825124450963881
ABCD1,-0.856340286555109,0.391809583617049,0.688491445072191
BCORL1,0.908606966077781,0.363557628162971,0.663470857688155
KCND1,0.870558844788564,0.383995076001426,0.682179766410661
PCSK1N,-1.27114226149017,0.203678042908525,0.506830657736478
GPR50,1.35489826235184,0.17544997336508,0.473126337882421
RP2,-2.70302451865828,0.00687116776369434,0.0837588764698289
USP11,0.0360588414167156,0.971235440760165,0.989567703577914
TIMP1,2.34849900835324,0.0188492493908778,0.147586999745856
GLA,-2.9501599540217,0.00317609451062916,0.0531529792299313
ATP12A,-2.14096612034681,0.0322767702929718,0.19620537114537
MLNR,-2.36923087357992,0.0178251225584677,0.143216530118047
ACP5,-2.95579004048654,0.00311869313577308,0.052541461168119
SGCG,-4.1069470366508,4.00923114078105e-05,0.0030599747979537
OLFM4,-3.65398269756518,0.000258203675374841,0.0102414014232667
NTHL1,-1.50081125479784,0.133404386827087,0.412420823391435
ZNF263,-1.02143664971534,0.307047608853163,0.613499824237748
MMP2,1.92192951202533,0.0546146277671941,0.25904544319605
ORC6,-0.621590216849207,0.534211355558435,0.786382427936788
C16orf70,0.32542425903227,0.744859997775705,0.898239291794855
CORO1A,0.4233781433127,0.672019388943688,0.863493373713325
NUTF2,NA,NA,NA
CBLN1,NA,NA,NA
ARL2BP,1.77839329955444,0.0753392823930203,0.306141740012353
PLLP,-0.74551780619816,0.455958750846614,0.733062656285462
CCL22,1.80578779628654,0.0709514924273054,0.29677878233074
DHODH,-0.489017079082959,0.624829605405675,0.837154763181782
POLR2C,NA,NA,NA
PARD6A,0.360980354872939,0.718114132869152,0.888676228481764
MMP15,0.310207443119528,0.756403210746937,0.904118114435475
USB1,-0.685746936448302,0.492872703202063,0.759459539473108
CCDC113,0.89011903327277,0.373401973972367,0.673773209632287
PRSS54,0.144251939949754,0.885301527649055,0.958357928784565
NME3,0.314569686938955,0.753088397830666,0.902654811866832
PSMD7,NA,NA,NA
SETD6,0.0580096251761072,0.953740961657584,0.983012782196795
SLC38A7,-1.31271425594965,0.189279252015107,0.4903578133326
SMPD3,2.42586231566518,0.0152720629954778,0.132424751631667
SLC7A6,-1.26428443855474,0.206127952942624,0.50907102874145
PLA2G15,-0.578608261982174,0.562853528684652,0.803299108732366
FA2H,-0.989762921590634,0.322290011971839,0.627853892144838
MPG,0.796664203146034,0.425646079055042,0.712906023913186
HSDL1,0.461488076541937,0.64444847393447,0.84748746206963
USP10,-1.32940434650291,0.183714604623338,0.4842656733068
TSC2,1.091743464249,0.274945875058637,0.587359635833491
NME4,1.18741265476973,0.23506489080559,0.542750287219873
DECR2,-1.01142277625684,0.31181412458008,0.617499023804766
STUB1,0.761597532609394,0.446300247912012,0.726906928667213
RHBDL1,-0.607717285800221,0.543374996439323,0.791713364122645
MEFV,-1.40063379432305,0.161323609822626,0.453398250258419
CRYM,-0.12555296411487,0.900085797418724,0.963676212852365
CAPN15,0.0796079673626792,0.936549058292218,0.97548081426295
AQP8,-1.65455264407867,0.0980152762600328,0.35028819630914
USP31,-0.20173872463484,0.840120987085986,0.940646688659956
TOX3,0.411169125099039,0.680948525960353,0.867658197176015
MAZ,NA,NA,NA
SLC6A2,0.557493590823081,0.577190236844882,0.811142870534981
KNOP1,-1.93141652124351,0.0534315636604842,0.256417208649488
MGA,-3.50062213743982,0.000464173482344713,0.0153412347629379
AQP9,-3.36300525094277,0.000770988972655635,0.0216162993595027
CSK,0.610588772820585,0.541471857215395,0.791326067023879
MTFMT,-0.952576783770144,0.34080454480942,0.645671350168974
RASL12,-0.0363154822518195,0.971030805030935,0.989567703577914
CTSH,1.63714064081168,0.101601086508835,0.356940556753652
CEMIP,2.74136104976959,0.00611852334724191,0.0777654540147348
EHD4,-0.483594287091655,0.628673829987954,0.839565121843228
GABPB1,NA,NA,NA
SCG3,-2.25506446706078,0.024129282583441,0.167629466660268
DNAJC17,-0.195290293497506,0.845165695446897,0.942361782937674
RHOV,1.15118805325505,0.249654879002262,0.561175744679782
VPS18,0.739604938949624,0.459539743944687,0.734952334690667
OIP5,0.823292380491163,0.410341745562483,0.7019565835341
EXTL3,-1.34970693141672,0.177110008101477,0.475566176693234
AGO2,NA,NA,NA
PAG1,-2.12681008769455,0.0334358658006762,0.199390124369007
TG,0.915227730982722,0.360072089416623,0.660825367049336
BRF2,-0.00496244306026752,0.996040559549115,0.99808798726253
ZFAND1,-0.970769513077966,0.33166306740617,0.636259995376094
RP1,1.48683244665636,0.13705906958183,0.418110486639011
RIPK2,-1.34762581890538,0.177778762041833,0.47644264164083
CPQ,-2.56150406147995,0.0104220022684406,0.105306606293965
DECR1,-3.41360050697176,0.000641105066444647,0.0189968230668853
SFRP1,-0.939440216975175,0.347504772774508,0.650500696911725
PLAT,-2.08674193462597,0.0369114684264964,0.210731435912812
DKK4,-3.90638699823681,9.36864250966786e-05,0.00529146217498846
EIF3E,NA,NA,NA
EMC2,NA,NA,NA
CHRAC1,0.461433706898663,0.644487473150339,0.84748746206963
GML,0.600581001084778,0.548119095293005,0.794853734021351
UBR5,-2.32560797273779,0.0200394738686949,0.151954703601879
PYCR3,3.35736583347806,0.000786889223694108,0.0218593197582084
MTMR9,-0.513372355698056,0.60769087921242,0.828752195339928
DCTN6,0.385909041565627,0.699564034158281,0.877960425369061
GSR,0.0895461416561291,0.92864788510208,0.973128136285782
PPP2CB,NA,NA,NA
KCTD9,1.89760615032036,0.0577479836334097,0.267613470919377
CNOT3,0.370723074362012,0.710843802232048,0.884337238254252
EXOSC5,1.07514959983884,0.282307755988602,0.59342001929259
PAF1,0.125856050745237,0.899845872387309,0.963610460850128
MAN2B1,-3.45779292001838,0.000544619829175552,0.017146447621877
TULP2,-2.07679113833794,0.0378208404718005,0.213016211268803
DHDH,-3.01921612324669,0.00253429671902891,0.0463659709660592
ECH1,-4.45100466672649,8.54694842287076e-06,0.00105009337045872
HNRNPL,NA,NA,NA
KCNA7,-0.337626021913158,0.735645029890358,0.89365495914012
RELB,-2.30202007247922,0.0213340402369838,0.157046674943693
CLASRP,-1.00420949968407,0.315277644167466,0.621331836909397
LIN7B,NA,NA,NA
PPP1R37,-2.92940173893291,0.00339615170686007,0.0553633127328094
FCGRT,-2.49025582336811,0.01276511758641,0.119817675134055
CKM,-2.40425663108845,0.016205392439701,0.136204610983738
PEX11G,0.613443152557627,0.539583360299129,0.789720418479923
SLC17A7,2.79006224254778,0.00526979095885529,0.071691556771168
RNASEH2A,-1.32017913976755,0.186775214932486,0.48748653679788
SF3A2,-0.643487474668708,0.519907839549467,0.777425402455393
AMH,-0.978910359182339,0.327624273221637,0.631834866886852
DKKL1,-2.20012801117199,0.0277978140173873,0.181538705890561
RETN,-1.79833484697823,0.0721239607214746,0.298449423445489
RSPH6A,-0.429187760772805,0.667786589225414,0.860616658397958
TBC1D17,-1.42819469559321,0.153235826972106,0.441755909893992
TLE5,NA,NA,NA
SGTA,-1.81603375234362,0.0693651947469124,0.293557386961047
C19orf44,-3.08959195123846,0.00200431653463098,0.0394905234306954
SLC1A6,-2.0912331725663,0.0365071670309868,0.209372412968604
FBL,1.25071037969755,0.211040162132239,0.514571866303832
EBI3,-0.115888394731866,0.907740993384025,0.965432449880783
TBCB,-1.13401604850071,0.256787816245237,0.567311286137708
FSD1,-2.09140911187985,0.0364914060753735,0.209361476313988
POLR2I,NA,NA,NA
APLP1,0.0845084017683678,0.932652223093937,0.97450473357767
TGFB1,-0.328212643979728,0.742750888394392,0.897636937113219
DMAC2,-2.38411508845234,0.0171202472969536,0.140566624605178
PLIN3,-3.26510338346625,0.00109424129979545,0.0267575639522797
CD79A,0.211487264054465,0.832507069281382,0.937723133784156
LIM2,-0.803765272024749,0.42153254964357,0.710026808526371
NKG7,2.64721969550992,0.00811566094817568,0.0910496423525099
ICAM5,1.09858808268108,0.271947778178645,0.583898258066121
CDC37,1.29304800262052,0.19599445733982,0.498635911673226
RABAC1,-0.484435403055545,0.628076898122763,0.839138721990204
CNFN,0.935917581826291,0.349315624058036,0.652520493462287
DBP,-0.842736841397393,0.39937563787029,0.694229097546205
EPOR,-1.35920911407626,0.174080334034092,0.472091064989549
RASIP1,-1.47697709957095,0.139681775999897,0.421331536708671
WDR83OS,NA,NA,NA
GCDH,-5.82167069222594,5.82622601958944e-09,8.00417523709414e-06
DNASE2,-1.4351648659203,0.151240122839781,0.438178822153904
LENG1,-1.39022376180869,0.164460940052646,0.458041600824842
RPL18A,NA,NA,NA
SLC5A5,-1.46518964278615,0.142869184568949,0.426182218161462
KCNN1,-1.46497632495723,0.142927377144738,0.426271664379569
ARRDC2,-3.26636603625623,0.00108937337431294,0.0267272183137451
PIK3R2,-1.79845818992605,0.0721044285622285,0.298449423445489
COMP,-0.547628495061176,0.583947019404397,0.814905102709321
TMEM147,NA,NA,NA
FKBP8,-1.05687791731583,0.29056730788259,0.600283665081521
ERF,-0.149697336477616,0.881003409684006,0.957270889210864
GSK3A,0.0289230024421641,0.976925999998441,0.99183663083192
SIPA1L3,-1.17852467536272,0.238587501066344,0.547205086676976
CADM4,1.14526598515053,0.252098991813577,0.563349925991836
PON1,-1.57909414292607,0.114314464941401,0.380092451967975
HGF,0.944334408386588,0.344998788063418,0.649348821175037
UBE2D4,2.69862173938945,0.00696272663948776,0.0841765799807513
WNT16,-0.870307701497162,0.384132271274727,0.682179766410661
CPA2,-3.40181780336499,0.000669392485001927,0.0196674126911297
CPA4,-1.67454243066348,0.0940240426900045,0.343708595338981
GTPBP10,1.53436436996968,0.124940037943053,0.397790136087162
BET1,0.859499499741086,0.390064995885297,0.686903506211293
NAMPT,0.217987740554344,0.827438663369759,0.93502726329773
ITGB8,-0.999616505991822,0.317496132094995,0.62344094961273
SP4,-0.69414436275247,0.487591679960716,0.756129858139184
CBLL1,1.16596727324735,0.243627677535717,0.553689765236211
MPP6,1.30461450569766,0.19202414638305,0.493935131938833
NPVF,0.240348462550882,0.810060128156649,0.928277087926297
CAV2,2.12498445498222,0.0335879100252365,0.19965583477817
HOXA2,0.462224846114382,0.643920087382782,0.847419695247636
LFNG,2.53494258045498,0.0112465758977645,0.110866441596228
HOXA5,NA,NA,NA
HOXA6,1.77293658701602,0.0762392152086781,0.30797300727975
TSPAN12,2.66931721555585,0.00760056296447352,0.0886263175301881
CHN2,1.49701335408679,0.134389783325902,0.413877808359695
ABHD11,-5.01253389332641,5.37179096288977e-07,0.00018317503984106
FKBP14,-0.299963386731674,0.764205083484315,0.907771358403944
STX1A,0.756730866299258,0.449211118638573,0.728612045171849
NOD1,2.17855123226501,0.0293650223774479,0.187638147216911
SNX8,0.188034790980332,0.850849378334586,0.944609964400398
WASL,-1.85123857382192,0.0641352386685923,0.281093888271394
HYAL4,-0.0803922708798017,0.935925273953891,0.975360508929812
AIMP2,-1.30531072759848,0.191787062650968,0.49380727218679
MOSPD3,-0.676013138008514,0.499032303702271,0.764070534300782
PCOLCE,-2.6172188487512,0.00886494840555078,0.0961716441526801
RBM28,1.22871678634634,0.219178010228883,0.523422580685664
SERPINE1,-1.67550126688739,0.0938359227191973,0.343602729375456
PLOD3,-0.453362516927315,0.650287722524026,0.849584858890212
RPA3,-2.01677500663972,0.0437189983144265,0.230356556561983
FIS1,-0.546985617898612,0.584388612913489,0.815295487292157
GLCCI1,0.73079820672064,0.464902419070273,0.739191890254345
ZNF862,-0.491685457184823,0.622941720557774,0.836837499960773
MEST,0.418631571460772,0.675485412446132,0.865372630797384
RARRES2,-2.09955485705401,0.0357680174074647,0.207012945761913
YAE1,1.68915491366154,0.0911897466349154,0.338928589818262
GIMAP2,NA,NA,NA
PSMA2,NA,NA,NA
MRPL32,-0.513067481056531,0.607904117867085,0.828752195339928
COA1,-0.45343582347121,0.650234945648892,0.849584858890212
AEBP1,2.38017432611969,0.0173044495652272,0.141125117015495
MYL7,2.07682963950651,0.0378172855731811,0.213016211268803
BCL7B,0.0361076274022875,0.971196540507802,0.989567703577914
YKT6,2.50115640361191,0.0123788496242808,0.117653569510774
CLIP2,-1.90851428696962,0.0563247783933349,0.264095578988544
ZNF688,0.011678921614231,0.990681780587515,0.996948995687456
CHMP5,NA,NA,NA
FKTN,-2.3348543910634,0.0195510286637051,0.150133551314892
SEC61B,NA,NA,NA
C5,1.03813689720818,0.299206325690242,0.607612728945355
TNFSF8,-0.0104129951964746,0.991691782045285,0.997234908854694
AK1,0.873779987103994,0.382238081197535,0.681360973660518
PLGRKT,-3.18006491238494,0.00147242065293768,0.0330228520776188
EDF1,NA,NA,NA
SETX,0.458566306783323,0.646545636711776,0.848510435257348
VIM,1.3573949368415,0.174655756156157,0.472564867046629
BLNK,1.06580198442731,0.286513163678801,0.596635928002486
CYP26A1,-1.36425715483328,0.172486645457802,0.46987966168857
ATE1,1.32240287577079,0.186034031766612,0.486995412524685
CDH23,-0.153249168106941,0.878201785028437,0.956328459601339
ACTA2,3.70534839413307,0.000211100367192555,0.00883697714408281
SFXN3,-1.28390999379843,0.199173450048864,0.501424580939249
FBXL15,-0.719694314039215,0.471713227885875,0.744830080786429
PITRM1,-0.800131464789587,0.423634632694204,0.711397460839933
PPIF,2.22989950236185,0.0257541154461086,0.173981310961821
TBC1D12,-2.56298230832819,0.0103777336434175,0.105253899878742
MPO,-0.210828720734975,0.833020926316687,0.938049975953735
ST6GALNAC2,-1.44899475800257,0.147339046493035,0.432698755049793
DHX33,0.80178038499263,0.422680006981103,0.71083243551062
UTP18,-2.08347864072535,0.0372076166369762,0.211223264283308
P2RX5,0.239339978828116,0.810841967440099,0.928417611222064
CRYBA1,4.19288450853954,2.75429684442155e-05,0.00241993801819177
NUFIP2,-0.74116267656769,0.458594810672963,0.734618191549062
RPL19,3.84419595827238,0.000120948333374219,0.00617895818404643
CSF3,-0.712419300821672,0.476205167199873,0.74808287360847
SUPT4H1,NA,NA,NA
WNT3,NA,NA,NA
SHPK,-0.118669616269521,0.905537109115538,0.964669535353719
TAX1BP3,NA,NA,NA
P2RX1,-2.78663495897879,0.00532584359987937,0.0720769389250692
KRT37,NA,NA,NA
RPS6KB1,1.27310659226041,0.202980219998929,0.505877463897774
CBX1,NA,NA,NA
PIGL,-0.924747427220292,0.355097303017243,0.656660602446963
GALK1,1.62662422647931,0.103816930750688,0.360662404024
PFN1,NA,NA,NA
SLC25A11,-2.15796586282358,0.0309304860173267,0.192786531170389
RASD1,0.116975108893425,0.906879778271033,0.964672583994754
C1QBP,-0.968035325442386,0.333026727690132,0.637534825038419
CPD,-1.64618230702585,0.0997262308080401,0.353687585067144
GOSR1,-0.162476936482254,0.870930288967355,0.95331613852296
CCDC47,0.449716841579153,0.652914626072352,0.851250610750184
MED31,NA,NA,NA
DRG2,NA,NA,NA
AKAP10,0.111801314495997,0.910980945242722,0.966515610475124
ALDH3A1,0.205489316625308,0.837189844106111,0.939243721167895
SYNGR2,-0.497184900986404,0.619058668014635,0.835093523420251
DDX5,NA,NA,NA
C17orf75,-1.32087145592772,0.186544228757259,0.487484412368688
ASIC2,1.45550314198665,0.145530021019575,0.430465781493015
CCL1,2.12942358255946,0.0332192310729175,0.19878430047748
PEX12,0.517881083919214,0.604541240690482,0.82675108054372
KRT32,-3.09474456972782,0.00196982457813839,0.0390144023916478
KAT2A,-0.384922435193128,0.700294883335798,0.878331744570713
NAGLU,-4.21715643983931,2.47402344274603e-05,0.00222995532386857
HSD17B1,-1.53481459364398,0.124829377025042,0.397790136087162
ABI3,-0.756355259583543,0.449436224901173,0.728742514024306
COL1A1,-1.95410002095111,0.0506893896262108,0.248941965138922
MRPL27,0.831938668852393,0.40544356376108,0.698320393840602
LRRC59,0.957509383047929,0.338310212707726,0.643384128491721
HDAC5,-0.451150228436119,0.651881278637057,0.850368526307202
PPY,0.0246144343218207,0.980362505864406,0.993310843110201
DUSP3,-0.0840479396749678,0.933018316229464,0.974546328260462
CACNG1,0.588804737686285,0.555992267344043,0.799883231543017
HLF,3.18917424431463,0.00142679847396765,0.0323265045556209
EFNB3,1.55301809358284,0.120418812051601,0.391432369912625
RANGRF,0.759005451049313,0.447849295982307,0.727537403292472
RCVRN,1.58615116007463,0.11270502379745,0.376931646956448
MYH1,0.139738987556314,0.888866220994351,0.959947568903497
VTN,-1.0681013851866,0.285474781111762,0.595293899842825
TNFAIP1,1.58800559651995,0.112285073610655,0.376743346448539
TMEM97,-2.23436176344373,0.0254592794501645,0.17291713755096
CD38,-2.37417790993738,0.0175880736551023,0.142286386014939
IBSP,-0.775555162358698,0.43801168320877,0.722345388816299
LAP3,0.919911481244531,0.357619018588691,0.659053405147423
CXCL6,1.9849581773581,0.0471491247930685,0.239233099523239
JADE1,0.763148712729052,0.445374711472497,0.726339525965732
AFM,0.0633930744557047,0.949453501944506,0.981125954110812
AFP,-3.69590218631082,0.000219107323695424,0.00904157788301071
PHOX2B,NA,NA,NA
GNRHR,1.15328033944924,0.24879533716026,0.560217617878912
CWH43,0.556186998009901,0.578083026641935,0.811668744644888
SULT1E1,-4.05005816372924,5.12049042632095e-05,0.0035991093638401
LAMTOR3,NA,NA,NA
PF4V1,-0.610462192083714,0.541555681126762,0.791326067023879
NFKB1,-1.74019775701086,0.0818242993544927,0.321456723207556
IL2,-0.894601876405744,0.370999948425782,0.671121764497296
FRG1,-0.542403709877316,0.587540424529185,0.817058676960542
CD82,-2.87124813723903,0.00408854446957629,0.062064156581718
SPI1,-1.08788231405515,0.27664706473177,0.58929072704558
CTSC,0.626695581746288,0.530858800589457,0.785003328845895
ZPR1,2.41320100585306,0.0158130961130831,0.13455377728655
CRTAM,1.33662455589694,0.1813452193911,0.481717165659746
JHY,-0.112291369960101,0.910592384300548,0.966389759170086
DTX4,-0.712538556345099,0.476131344668958,0.74808287360847
UNC93B1,0.625101174296514,0.531904657286656,0.785194656146492
PUS3,-1.57917421736527,0.114296102029731,0.380092451967975
CCND1,1.82477967978344,0.0680342834774994,0.290269365305469
PRPF19,NA,NA,NA
TMEM109,-0.173664590977524,0.862129066911205,0.950527040389601
PANX1,0.4778745152487,0.632739521060098,0.841351486340537
IL10RA,-1.19269749443585,0.232987867277466,0.53993446561832
GALNT18,1.7147355993889,0.0863937135684912,0.330651618336247
BIRC2,0.915345262058489,0.360010404666718,0.660825367049336
PDHX,0.341808764093766,0.732494813630281,0.89254204349795
SLC15A3,-2.3130914045769,0.0207176141991313,0.154703396612583
DGAT2,0.672187089981808,0.501464598703006,0.765805992798154
C11orf58,0.517983480214162,0.604469795381159,0.826748805122643
YBX3,-1.32281106672501,0.185898216022785,0.486879348446504
SART3,-2.48100383595857,0.013101296316716,0.12191304799151
RPLP0,1.1438635728224,0.25268022005984,0.563949709872146
SLC25A3,0.201773308922127,0.840093948759568,0.940646688659956
POLR3B,0.415671323926615,0.67765052764971,0.866163814077849
CD69,-0.279555935714662,0.779818217766501,0.916092421244353
PRDM4,-0.632457368173281,0.527088057403213,0.781887738864352
ASIC1,0.217686668855108,0.827673251317139,0.935162480291933
DAO,-3.46915810857204,0.000522092102832087,0.0165405783186551
KCTD10,0.661453343367135,0.508321626268146,0.769527271549374
MLEC,0.787494486321333,0.430992454812894,0.717071229454195
MVK,0.640353849666746,0.521942579089504,0.778234187675919
CSRNP2,-1.82834206822149,0.0674982299193615,0.28969987234916
IL23A,-0.887763686402526,0.374667880180588,0.674607530714768
SYT10,-0.805335663854365,0.420626006771093,0.709430827491603
CYP27B1,-1.75866872409856,0.0786337926062958,0.313829172367988
MYF6,-0.0224703215584775,0.982072785985835,0.993828459408981
MYF5,1.2900039528833,0.19704928564415,0.499612349606629
GLI1,-0.233125278603299,0.815664126136452,0.930929331794644
PPM1H,1.23608852661225,0.216425659175564,0.520137493871044
LTA4H,1.36432043977603,0.172466735617124,0.46987966168857
ELK3,0.879946775634785,0.378888143354573,0.678407301229184
ITFG2,0.090888373067492,0.927581288900967,0.972701994162197
PARP11,-0.741653980728742,0.458297008654976,0.734441611324921
ARPC3,NA,NA,NA
FGF6,-0.36122070850463,0.717934462632427,0.888676228481764
MYL2,-0.274888745435115,0.783401714030348,0.917250071106218
RAD51AP1,0.00581972068429569,0.995356560929385,0.99798967532815
CREBL2,1.8659772725338,0.0620445453203603,0.277319482070774
GPRC5D,-1.34741604081531,0.177846277229746,0.47644264164083
LTBR,-0.10010972805639,0.920257212261029,0.969799650745374
OGFOD2,0.587081407449634,0.557149033876695,0.800421732098547
OAS3,-2.23146437076528,0.025650385057669,0.173596052958254
ART4,-1.5832504271718,0.11336439692947,0.378338703271484
ARHGDIB,1.60987037162933,0.107426158358308,0.367207442911277
RERGL,-2.77193260717001,0.00557245721086745,0.0738045340671594
VDR,-3.62082159546819,0.000293668970235359,0.0110663183935517
FZD10,2.21792950252471,0.0265596395541515,0.177204977016484
IL26,-0.988538731705436,0.322888875388439,0.628097752746496
IFNG,0.274290351524433,0.783861498655708,0.917419065031371
NUP107,-0.759871182659954,0.44733158854095,0.727537403292472
CNOT2,NA,NA,NA
KRR1,-0.34869993664344,0.727314591833658,0.890852127423931
MRPL51,-0.349197161727989,0.726941296866682,0.890852127423931
ACRBP,-1.51024994754862,0.13097965812109,0.40774401631128
GNB3,2.34464173215943,0.0190453703787528,0.148204756520964
CHPT1,-1.44793751254932,0.147634527275796,0.432877954247543
USP5,0.645108695414432,0.518856749272649,0.776717503220235
TPI1,0.712621022706063,0.476080299335292,0.74808287360847
C12orf57,2.02351805354976,0.0430197641758163,0.229221738288511
APOBEC1,-0.604691416676068,0.545384052343492,0.792839525641657
GOLT1B,NA,NA,NA
CMAS,-0.39843692643842,0.6903081429279,0.873403939712527
HCFC2,-1.95544790787759,0.0505302261795786,0.248571867846937
AICDA,-2.53659314465543,0.0111936960463603,0.110489310680991
RAB35,NA,NA,NA
COX6A1,1.72655001925369,0.08424850878265,0.327291379106274
SRSF9,NA,NA,NA
FGFR1OP2,0.195880649442128,0.844703583372922,0.942361782937674
RSPH4A,-0.413284287651058,0.679398340260384,0.867004536228249
ADTRP,-2.53226966564006,0.0113326798328547,0.111228099150511
ASF1A,NA,NA,NA
HINT3,-2.96986520249133,0.00297930448800114,0.051286825651984
SLC44A4,-3.86220134769308,0.000112369892675693,0.00595836427408799
FBXO5,-0.386338520132061,0.699245975861116,0.877738611760001
FANCE,-1.48568685294279,0.137361969712336,0.418679726965072
TULP1,-0.478113192199625,0.632569643056888,0.84134620041098
MAPK14,NA,NA,NA
STK38,-1.23882443886862,0.215410521271917,0.518853012027606
HLA-DOA,-0.863508011953821,0.387858216265292,0.68505298786829
SAYSD1,-2.3203889532148,0.0203198459379184,0.153077523336901
CAP2,1.31439369970399,0.188713749566665,0.489819036562703
GPR63,2.03049006796642,0.0423067497256161,0.226796595194576
GPLD1,-0.306940425790671,0.758888717951732,0.904781078402654
ACOT13,-3.56352746794532,0.000365904386574455,0.0129497589927709
RPS12,NA,NA,NA
B3GAT2,-0.966072186698335,0.334008060860152,0.638268595820083
SNX3,NA,NA,NA
ZBTB24,2.71828716141044,0.00656208589555518,0.0812611730311624
UNC93A,-1.63976740667795,0.101053537485782,0.356034469199612
C6orf118,-0.00379656003020203,0.996970790644846,0.998689022154641
BYSL,-0.796532584524608,0.425722544019551,0.712906023913186
TBP,2.34783223411996,0.0188830243389498,0.14762558914134
GUCA1B,-0.684448032214736,0.493692294352827,0.759716714041326
PRPH2,0.176482802000629,0.859914658639969,0.949443290813707
PTK7,-0.0213573075985693,0.982960629391012,0.993828459408981
EXOC2,-3.42163716934334,0.000622453180282948,0.0186267573473979
TMEM30A,-2.40374213504362,0.0162282159247313,0.136244888363633
LAMA4,1.21362853830627,0.224889604187825,0.530918014669286
PRSS16,-0.419439151228311,0.674895216176796,0.865129909819641
MTREX,2.01342429333898,0.0440700120330779,0.230806070033936
ISL1,NA,NA,NA
NUDT12,-0.533485598473248,0.59369747759808,0.820482899531516
TENT4A,-0.204309291886986,0.838111809243823,0.939719962998416
DAP,1.36534867049754,0.172143488576671,0.469751463932725
HBEGF,-2.02067831740953,0.043313075788338,0.229862860173318
LOX,-1.9968266322126,0.0458440194170042,0.235493502826421
GZMK,-1.85810105584989,0.0631546649370524,0.279366741502978
CDH9,-0.805994867317425,0.420245808602561,0.709202067432771
SPARC,-1.30854815766339,0.190687451632398,0.492649496251781
HAND1,3.04299175863691,0.00234238748107235,0.0437014316221795
THG1L,-1.7042393361338,0.0883363831185668,0.334461877006375
IL12B,-0.51638509135736,0.605585476329011,0.827450969103437
TTC1,0.320025403686079,0.748949073086635,0.901052335999142
LNPEP,-0.129021244790387,0.897340838416546,0.962862909780546
AGXT2,-1.53481804383717,0.124828529293856,0.397790136087162
IL4,-0.554949600579463,0.578929133906785,0.811893855099623
IL5,-0.736421904591726,0.461473978156934,0.736807156510197
ST8SIA4,-1.86862948942997,0.0616743800613997,0.276400721081813
PCDH12,0.213258091950702,0.831125659414073,0.936934623998558
NUP155,0.809374930053151,0.418299518003159,0.708035653680975
C5orf15,-2.71783733958393,0.00657101333007414,0.0812611730311624
TRIM23,2.26717713597738,0.023379406964935,0.165175127655025
RARS1,-2.96364884734844,0.00304014991171442,0.0516876960849058
CDX1,-1.12049742575187,0.262501848968794,0.574833783743865
BNIP1,0.82217860202713,0.410975255269041,0.702492060332165
SLC7A14,-0.443743845355174,0.657227791787492,0.85429437377366
SEMA3G,0.18940714915685,0.849773721669596,0.94421000717904
ZMYND10,-1.48164942868976,0.138433599670454,0.419997702915057
MLH1,-1.1179789931037,0.263575965371292,0.576170441926489
EHHADH,-6.05506325229966,1.40362500242534e-09,3.78416463543613e-06
CRBN,0.894063147791132,0.371288105368012,0.67132881783285
RBP2,-2.25895950855033,0.0238859037319024,0.166803963584339
RBP1,-1.03369758127797,0.3012775641931,0.608994961683674
PFKFB4,1.01598173515982,0.309638084329472,0.615944469034466
HES1,NA,NA,NA
GNAT1,NA,NA,NA
TUSC2,1.81615512438995,0.0693465797091593,0.293557386961047
NPRL2,2.28781104385923,0.0221485274179975,0.159918082341509
CYB561D2,0.664285991415809,0.506507285221028,0.76843068911356
GNB4,NA,NA,NA
MORC1,-1.09655219706142,0.272837193917427,0.584878563272175
UMPS,-0.524293388673177,0.600074494563688,0.824579315652616
ABTB1,-2.07098273816276,0.0383604092308497,0.214704631220963
KLHL18,1.32157230400432,0.186310611020896,0.48736817617237
RRP9,-0.568961397925552,0.569382336950008,0.80679422573125
EIF1B,NA,NA,NA
ZBTB47,-1.78713205190117,0.07391614818701,0.302961983021995
TNNC1,NA,NA,NA
NEK4,-0.818755222810178,0.412926082783511,0.703609003167107
WDFY1,0.902352720624261,0.366869527975307,0.66657841052146
EIF2AK2,-3.16962745669095,0.00152634498671178,0.0339207727046888
DAZAP1,NA,NA,NA
HEATR5B,0.135098305085796,0.892534150239252,0.961709524307705
MAPRE3,NA,NA,NA
MSH2,-0.0119007334581934,0.990504812641879,0.996883924066112
NCK2,0.557949820379233,0.576878650033886,0.811109235959365
TFPI,0.840225044200822,0.400782218949786,0.695251732065842
SLC11A1,-1.38074264874039,0.167358102979705,0.462814000180153
APOB,-0.911305935972526,0.362134199655342,0.662483735405767
INO80B,1.40349743726849,0.160468555645258,0.4521452317675
TTL,-0.714275953284108,0.475056558627033,0.747351104931472
FAHD2A,-3.74089750945212,0.00018336428854638,0.00789459010972334
SF3B6,4.68014976718886,2.86665429045441e-06,0.00049228272315167
SLC30A3,0.114507967586352,0.90883513072416,0.966009988389142
SNX17,0.244513144776505,0.806833422822747,0.927144442118388
TTC31,-2.22412236207403,0.0261402127371031,0.175413363624823
PCGF1,NA,NA,NA
TLX2,0.7042510341505,0.481276454222675,0.75123801456756
DOK1,-0.905137647052908,0.365392469836547,0.664877905378675
ACADL,-0.532492761798473,0.594384753667198,0.820904185580001
EVA1A,1.77368071695015,0.0761159778092922,0.307955787004506
FANCL,-1.75392795457155,0.0794428528814818,0.316014844102383
IGFBP2,-0.961008167724377,0.336548061075915,0.641512903503938
IGFBP5,-0.0828078671210825,0.934004313557089,0.974904903058069
KCNJ13,-3.26780767295759,0.0010838399017265,0.0267272183137451
GGCX,-2.77662820785254,0.00549259680098714,0.0733251968697152
NEU2,-2.05119943966694,0.0402475284560828,0.2205285655879
HSPE1,NA,NA,NA
WNT6,0.800148524828246,0.42362474950306,0.711397460839933
IL1RL1,-2.42600438078051,0.0152660860009301,0.132424751631667
SLC9A2,-1.3713337262459,0.170270946727638,0.46716313488527
AZU1,NA,NA,NA
PROC,-3.32752957625978,0.000876196876798647,0.0232299775476862
ID2,NA,NA,NA
ODC1,-0.538781484468701,0.590037640933051,0.818205438528832
GORASP2,-1.22787159988826,0.219495172206426,0.523931613075899
CEBPZ,-0.691010011415418,0.489559249602913,0.757700440362162
PRKD3,-1.03864621310953,0.298969304726301,0.607424594383419
RMDN2,0.209794106092761,0.833828373357995,0.938066981056048
DLX2,2.08770043216364,0.0368248658440796,0.210395982092904
SLC1A4,-1.62072653438761,0.10507630031733,0.362278700359662
ORC2,-1.57910385574474,0.114312237444814,0.380092451967975
PLEK,-2.43278729434696,0.0149830998401053,0.131032757397958
PRTN3,NA,NA,NA
KISS1R,-0.824026741312538,0.409924363677485,0.701722507987599
GRIN3B,-1.32862620617608,0.183971321733741,0.484446752353052
VAX2,3.60356548821625,0.000313881615940554,0.0115692170246187
ATP6V1B1,-1.53103573983192,0.125760559898968,0.399347253875437
MSH6,0.000586843580055665,0.999531766594743,0.999730230775018
PLEKHA3,1.25961246569739,0.207809196402262,0.511884690469598
SPR,-1.28840579710145,0.19760474182302,0.500391781512735
ENO1,1.28299418730881,0.199494112534093,0.501521395794488
CDC7,0.0238667185252727,0.980958921486144,0.993415382346864
CLCA1,-3.41880780891735,0.000628961343349173,0.0187472659185261
BCL9,1.31902828492734,0.18715965657175,0.488236963596112
ANGPTL1,-0.0690439240946205,0.944954656525576,0.978964473120895
TMEM59,0.0817882190638273,0.934815124511584,0.975193292711838
OPRD1,0.507099504289723,0.612085002816984,0.830922436450797
WDR77,0.241843278165845,0.808901602958785,0.928011359730879
C1orf21,NA,NA,NA
MIIP,-0.244131864309258,0.807128694873517,0.927338128281603
SLC35D1,-1.08891992305988,0.276189199691137,0.589016537642177
PRDM2,-0.202280218042839,0.839697664029211,0.940521130952375
RGS2,2.18548157773195,0.0288535552479362,0.18602172649608
WARS2,-0.414022951958387,0.678857297922112,0.866559810770413
NT5C1A,0.838685541606585,0.401645793886439,0.695823826345508
P3H1,0.276184092223482,0.782406674811581,0.916797161382109
SLC19A2,-1.38060598174231,0.16740014313171,0.462814000180153
VAMP4,0.677095917345254,0.498345099091062,0.763653230567231
SYF2,-0.369009006471539,0.712121011612692,0.88513106144073
SLC5A9,-2.22695335093223,0.0259503916576292,0.174745786963556
CTSD,0.101192160672138,0.919397919653023,0.969660043391285
A4GNT,-3.19796885298919,0.00138399227891202,0.0316892292710886
MMP8,-0.423882133371284,0.671651774774648,0.863389045627295
APOA1,-0.0301249970117894,0.975967365042929,0.991450579492387
SLC8A2,1.40832522226075,0.159034790387979,0.450655750604843
EEF1B2,-0.229831518640194,0.818222691900771,0.931860850622234
ATIC,0.365579417383809,0.714678936039425,0.887301025421277
DOP1A,-2.27704972257005,0.0227832565565546,0.162482573422677
FILIP1,-2.9503557688109,0.00317408203183211,0.0531529792299313
SGIP1,-2.06699742142097,0.0387343969329951,0.215757872007098
TBPL1,NA,NA,NA
ZC2HC1B,0.452133008266737,0.651173165656743,0.849895197363955
FBXO30,0.599097168966776,0.549108089440453,0.795413999284291
ADAT2,-0.931629278340588,0.351528146711516,0.654702955099552
TCF21,2.89394147195616,0.0038043906775997,0.0594609822776068
MED28,1.2014809871709,0.22956467733365,0.535367500596623
RNF103,-0.574058544710286,0.565928184817917,0.805377787830149
RPN2,-1.09207351142131,0.27480079116296,0.587298763407532
SOGA1,-1.7555027211175,0.0791733556225853,0.315357867730234
PKD2,-3.02964654975657,0.00244840086490641,0.0453037859166905
STBD1,1.39809279202242,0.162085204108553,0.454554275438872
CCNI,-1.47308944927003,0.140726917984694,0.422910910156541
RARRES1,-3.01724619560466,0.00255082548712798,0.0464994870464149
FGF23,-1.7109040515993,0.0870988265701959,0.331713071353024
ELL2,-0.229351012589819,0.818596107640912,0.931860850622234
NDUFB3,0.0546566509164894,0.956412005263862,0.984087847998058
GDA,0.802742036903255,0.422123850522936,0.710371450902294
ECRG4,0.482328620168958,0.629572519125002,0.840205536242106
YWHAQ,NA,NA,NA
CPSF3,2.3762818615703,0.0174880983122775,0.141857295595887
DDX55,0.916089602293035,0.359619900878321,0.660825367049336
CCDC92,-0.51442954873851,0.60695170464185,0.828367525298218
VPS4B,-1.57222512181193,0.115898351276739,0.382581014524702
SERPINB10,0.461870093391752,0.644174481753076,0.84748746206963
GSC,-0.287297202457111,0.773884764529157,0.913550932860355
ADCK1,0.531116579058021,0.595337996139904,0.821470763117807
PGF,-4.10926520886878,3.96920035720796e-05,0.00304479978670694
NEK9,0.305521659446617,0.759968876212164,0.905111693052892
IFT43,-0.839489862965353,0.401194475321488,0.695450194983146
IRF2BPL,0.205839635398525,0.83691617951823,0.939202184931247
ACOT2,NA,NA,NA
FLVCR2,0.588312882185531,0.556322300420159,0.799994538390849
PAPOLG,-0.238764863365313,0.811287917258038,0.928561163968542
RHOQ,NA,NA,NA
TMEM214,-0.254822253665162,0.798860386592085,0.924704862990184
ATAD2B,-0.445272769441698,0.656122644046663,0.853445119369355
FAM98A,-0.702752368802304,0.482210085424358,0.752128999038595
YIPF4,NA,NA,NA
AFTPH,0.632433610922245,0.527103576988441,0.781887738864352
LGALSL,2.00651249276797,0.0448015972322011,0.232980639151075
CRIPT,NA,NA,NA
MFSD13A,-1.89079095309278,0.0586522553287009,0.269504549512397
PPP1R3C,-0.251725836150656,0.801252985550263,0.925383405284576
PRLHR,0.95816942210568,0.337977333562461,0.642939761429495
HOXB8,NA,NA,NA
HOXB5,NA,NA,NA
HOXB7,-1.01923055902273,0.308093522028011,0.614641492394363
HOXB1,-0.870018327469594,0.384290388529246,0.682179766410661
DUSP1,-1.34208118922602,0.179569672351447,0.479190691960985
PANK3,0.49203981658965,0.622691196267602,0.836602894558677
MSX2,1.81048514966757,0.0702205852290109,0.295098299216021
LRP11,-1.59663748534102,0.110346538059448,0.373138707351616
CCDC170,0.1677218982222,0.866802067937478,0.952454944424574
ARAP3,-0.243638255378127,0.807510997397541,0.92735817255655
SLC25A2,0.340885426133978,0.73318983668509,0.892793831331098
PRRX1,NA,NA,NA
TNN,0.669374473461098,0.503256630814483,0.766191235630512
PDZD11,NA,NA,NA
NUDCD1,-2.17084408421261,0.0299429602758616,0.189560232039003
CCDC77,-1.44683030891619,0.147944455729701,0.433534344577709
CCDC169,0.15648417818054,0.875651389591584,0.955233256503604
UFM1,NA,NA,NA
ELF1,0.456570145453462,0.647980041779822,0.849472581069499
ALG5,0.841986823527611,0.399795328962015,0.694483427886832
FAM53C,0.429358228521759,0.667662547609993,0.860530185030466
MYOT,-1.47993459940324,0.13889070100838,0.420656750870572
EGR1,0.427037303766456,0.669352157230178,0.861752410978229
MTERF2,-0.239318599171035,0.810858544325168,0.928417611222064
NFYB,NA,NA,NA
WASHC3,-0.305628446226135,0.759887559242636,0.905111693052892
DUSP4,1.36896192649455,0.171011176509946,0.468343765751775
SORBS3,-2.50484326883669,0.0122505665445211,0.116727970757127
TARDBP,NA,NA,NA
RDH10,NA,NA,NA
DLX4,-2.17987524356369,0.0292667104828128,0.187247471979792
COIL,-1.18103520669803,0.23758873748759,0.546074676944861
TBX2,0.464754313764926,0.642107408116354,0.846877143499962
TBX4,0.0279482288887258,0.977703442358876,0.992156414071343
TEX14,-2.02339766633191,0.0430321646059097,0.229221738288511
FAM117A,0.44607174296021,0.655545423428079,0.852977607279117
NCAPH,-2.69663056594327,0.00700449318489371,0.0842769912500905
MND1,-0.806628934009394,0.419880298710895,0.709202067432771
TSHZ3,2.28971868121795,0.0220376297615058,0.159855685860146
PLBD1,-1.9721654037718,0.0485907276515794,0.243388490643244
KLRK1,-1.04742859413829,0.29490194946245,0.604279086139193
TAS2R10,-5.27357987714231,1.33787983404725e-07,8.42418335505084e-05
PYROXD1,0.250569066458339,0.80214730024918,0.925755917622432
TAS2R7,-1.21501622532747,0.224359903086055,0.530432862239748
NAA50,NA,NA,NA
MAPK8IP1,-0.157542068118071,0.874817656247715,0.954761026271959
PEX16,-1.406346569471,0.159621237875247,0.451172526978354
DEPDC7,-1.4033290546481,0.16051873798522,0.4521452317675
CAT,-3.8115894802991,0.000138076054537084,0.00673098495536909
GJA3,-1.20227105748607,0.229258526585875,0.534983763706878
GHSR,-2.06210196387263,0.0391980294325143,0.217220616349159
TNFSF10,-1.83848790409321,0.0659905426271294,0.286125920895991
SLITRK3,-0.209876195887186,0.833764301389848,0.938066981056048
CPXM2,0.554827959641554,0.579012340903639,0.811893855099623
ADORA3,-2.89258201727518,0.0038208940769675,0.0595138216989422
ACVR2A,NA,NA,NA
POLK,-1.32229050268357,0.186071434086655,0.486995412524685
FLT3,1.89972042415972,0.0574698185708945,0.266979372346559
RASL11A,-0.78139198599219,0.434571983114289,0.719698828364179
FYTTD1,0.602233749650607,0.547018553212788,0.794172771270213
MYOG,0.283135960759972,0.77707261625565,0.914644549953686
AHR,-1.45635821715397,0.145293619671111,0.42993483071663
BBS9,-1.28455330862864,0.198948423717635,0.501419042565194
EEPD1,0.392309620739103,0.694829455940299,0.875970863282706
NPY,2.19943650465828,0.0278468993518695,0.181623799311805
HOXA7,0.494825473895753,0.620723321077138,0.835880368253862
INHBA,1.29007217529225,0.197025599680255,0.499612349606629
MRM2,2.01697962822683,0.0436976392982746,0.230356556561983
SLC25A51,0.397399071862486,0.691073199817239,0.873956628471155
CLTA,-0.266050144418697,0.790200590531995,0.921057564529079
PHF24,-1.40412391940407,0.160281952020741,0.451815120115171
AKR1D1,-0.689407332647293,0.490566970300176,0.758164115387285
NEUROG3,0.230608221027645,0.817619180290502,0.931559677411948
SRGN,-0.404250017634521,0.686028876276526,0.871199023385787
FAM149B1,-0.685772968933852,0.492856284509218,0.759459539473108
UNG,-0.902877492875062,0.366590917129507,0.666416689481669
ACADS,-2.41853837195307,0.0155830019150449,0.133572406228466
HVCN1,-2.42119919741274,0.0154693978500466,0.133128439812018
RNF11,NA,NA,NA
BHLHE41,-0.722570548974279,0.469943767533067,0.743331611362749
SSPN,-0.0124232738990315,0.990087916530078,0.996883924066112
DDX39A,-0.712056895671929,0.476429544693881,0.748109235184324
TRIR,0.987168188579695,0.323560193961935,0.628246389715118
KLHL24,NA,NA,NA
CCDC70,-0.168008345399004,0.866576713725571,0.952454944424574
EBPL,-0.864348241496455,0.387396616662186,0.684506221376037
ATP7B,0.393931182402149,0.693631847736739,0.875701493739471
ZC3H13,0.28919960645321,0.772428632994748,0.912692136189865
NEUROD4,-0.689754689754691,0.490348467017542,0.758164115387285
ORMDL2,0.347912811623257,0.727905663369427,0.890852127423931
PDE1B,1.97565832229452,0.0481934882931909,0.242044978100526
HOXC13,-0.767773495046606,0.442621763765845,0.725018851440203
LRP1,2.33292633295112,0.0196520120328321,0.150370230805144
HOXC11,0.328542777340012,0.742501305930353,0.897582572211783
HOXC12,-0.739682658159977,0.459492573164494,0.734952334690667
HOXC6,NA,NA,NA
FAAH,-1.69478792140974,0.0901156596260165,0.337671174874377
RSRP1,-0.102213809909143,0.918586966445465,0.969256126024569
SEC61A1,NA,NA,NA
RAB9B,NA,NA,NA
NRK,-0.93211691590875,0.351276106825404,0.654560360831752
TTC21B,-1.98818741974873,0.0467909657936203,0.238242949822503
NMI,-1.08207879688951,0.279217516412597,0.591054084329341
TNFAIP6,1.14624230430097,0.251694908163545,0.563164562062111
ACVR1C,-1.18000449845043,0.237998425763382,0.546600639838332
BATF3,1.58683768727054,0.112549410784551,0.376931646956448
KCNJ2,1.29151532472999,0.196525044638374,0.4993084187248
EXOSC9,0.602673513612385,0.546725904901427,0.794035424214801
PLA2G12A,-0.160640478920168,0.872376571336134,0.953933049640497
SNRPA,NA,NA,NA
B9D2,0.337947924631547,0.735402431343417,0.89344953950009
RAB38,1.2420684752383,0.21421129865849,0.518066470010508
GPR83,0.199177399368834,0.842123977907399,0.941285322051524
HAUS3,2.33862881580943,0.0193546521314398,0.149533488246584
CHPF,0.0268877018066442,0.978549302509103,0.992472285873662
INHA,0.713983018055241,0.475237680422327,0.747480414919047
ENKD1,-2.06560612560817,0.0388656855696583,0.216092067817762
ACTR5,-2.33314882414697,0.0196403356993179,0.150370230805144
MC3R,2.24258867748348,0.0249233510554153,0.170657762188236
SYS1,2.04010055540704,0.0413403114231389,0.223279051546274
WFDC3,0.562500824646448,0.573774841937147,0.809573103506186
PLCG1,-0.398696345873463,0.69011696067908,0.873319982871012
SRSF6,-0.769002750560577,0.441891677674998,0.724769336481533
RAB22A,1.48797451644537,0.136757614309601,0.417576359513871
PTGIS,-2.64974031540879,0.00805536606694381,0.0908885058691335
SNAI1,-1.2151050376659,0.224326032462903,0.530432862239748
MOCS3,-0.738498686748195,0.460211464906902,0.735637365948075
RNF114,-1.47393313526529,0.140499595124243,0.422590357278801
PEPD,-1.22038893892331,0.222317468451078,0.528248676608913
IL9R,-0.728602064249579,0.466245115440307,0.740299189118302
MCEE,-1.44254601642736,0.149148399881259,0.435626327600616
PAIP2B,-0.723934923927402,0.469105687967527,0.742721052710223
MPHOSPH10,0.0889839485674333,0.929094666697888,0.973128136285782
IL17C,0.123218607414685,0.901933991263351,0.964360567543989
LIPE,-1.64353781804482,0.100271707433947,0.35457178940086
IRGC,0.219238033295954,0.826464629784986,0.934775352541779
LYPD3,-1.25876117154839,0.20811660895418,0.51201738507417
RNF39,0.0547287465890589,0.956354567211079,0.984087847998058
FBXO9,-0.592636635188241,0.553424355911952,0.798152102437372
RRP36,-1.16222898256715,0.245142464934103,0.555063465032383
BTN1A1,-0.0349896252423503,0.9720880136663,0.989752990978389
SLC17A1,-1.54642064576202,0.122003011195107,0.394376364744484
H1-3,1.64827509540001,0.0992962328890743,0.352742047818451
UNC5CL,-0.88538891328675,0.375946909865854,0.675863633344371
AARS2,0.992354797541677,0.321024481056868,0.627028817077859
H1-1,-1.02209542449058,0.306735738539681,0.613309140091513
ZNF391,1.43737071728835,0.150612684690314,0.437579739393448
APOBEC2,0.474874646539642,0.634876323470557,0.842635780808629
TREM1,-1.29865594002114,0.194062031049204,0.496950827849585
COL21A1,-1.86355151018444,0.0623847125205336,0.27793129428913
SOX4,0.326549613964522,0.744008558128802,0.898239291794855
CPNE5,0.582414676719654,0.560287397994422,0.802012724278738
EREG,2.86650953339096,0.00415025658987209,0.0625708795979792
EMC3,NA,NA,NA
SH3TC1,-0.712992146876626,0.475850616649579,0.748055187642613
BBS2,-1.54322553599435,0.122776063544262,0.395384089678178
GOT2,-4.47725645832302,7.56084025385749e-06,0.00096016317576718
PIWIL1,1.78328047726223,0.0745406577461863,0.304228050519089
RAP2A,NA,NA,NA
SLC10A2,-5.09137720970477,3.55472044096737e-07,0.000146173355751275
IRF1,-1.87450354532934,0.0608610538613348,0.27462891787175
BMP4,-0.851761305908451,0.394346586550298,0.690620653140353
PTGER2,-0.846326802119253,0.397370460028771,0.69288971103898
SOX9,-0.0738134981726433,0.94115878633789,0.977242790926081
MYH2,0.471813637051865,0.637059816203263,0.844104747364897
ARMC7,0.0269067292058267,0.978534126331737,0.992472285873662
NUP85,-1.64784889173031,0.0993836832932226,0.352969734883004
NT5C,-1.78326128547237,0.0745437803390582,0.304228050519089
MSTO1,1.91321324285015,0.0557207588628949,0.262566918595593
MBOAT7,-1.12007584599198,0.262681442576646,0.574977108953979
ZBTB46,2.03390786299383,0.041960886032687,0.225823685799845
SLC35F5,-1.64850186173825,0.0992497289740434,0.352742047818451
PSD4,-0.285241556154643,0.775459084961864,0.91445475551648
PSPN,-0.671339280845961,0.50200441628809,0.765839966689917
ALKBH7,-0.314845318769123,0.75287910083715,0.902547118185865
CLPP,-1.69072434177344,0.0908894630121653,0.338694378521548
THOC2,0.134438592641916,0.893055766096405,0.961860147979646
CD70,-0.391014457481078,0.695786549400172,0.876227194544616
C3,1.63472142862209,0.102107458270115,0.357683799114042
SH2D3A,-1.65634941138842,0.0976510795189522,0.350024457706453
RTN2,-0.352140318716696,0.724733032485623,0.890709628084152
VASP,-3.08302182222787,0.00204910128236022,0.0400077759418961
SYMPK,2.02699536476264,0.0426628867152311,0.227897329105894
CFAP61,-2.85138168939081,0.00435296820277537,0.0642406985348621
CDC25B,0.354959791988342,0.722619713646895,0.890249115171338
CD93,-2.28820627810998,0.0221255112830933,0.159904699430945
CST8,-2.53336140443464,0.0112974406512396,0.111159413124564
TMX4,-0.936880197364287,0.348820186513338,0.651993897166303
DSTN,NA,NA,NA
LAMP5,-3.09176724890513,0.00198968789931561,0.0393047889339313
SNRPB2,0.890424237491192,0.373238132721695,0.673595340232981
TCF15,-0.347683250762831,0.728078076771174,0.890852127423931
OTOR,1.49019338627657,0.136173394878653,0.417223820807398
SCRT2,0.28794181675327,0.773391276654833,0.913441889238596
DEFB129,-0.438626868987021,0.660931924777433,0.856086051692864
TLE6,-2.1931519725321,0.0282964315237114,0.18336864201815
S1PR4,-2.82844957249143,0.00467740694537641,0.0672549702745274
NCLN,0.229345998945869,0.818600004111885,0.931860850622234
PITHD1,3.37263225688268,0.000744533195515853,0.0209913911392455
FNTB,-0.463381136778439,0.643091197134189,0.847067916831308
ARMCX5,-0.846636718806622,0.397197640740555,0.69280364114396
MMP24,0.528509272337548,0.597145913144142,0.822838427959722
NECAB3,0.0806632619521923,0.935709754288335,0.975337688426356
RALY,-2.34251923853853,0.0191540464525532,0.14865040259448
PLAGL2,-0.597613246357756,0.550098023548412,0.796119644882551
UROD,0.356988726712328,0.721100245227342,0.889427595974175
KLC1,-1.83314185489716,0.0667814781358193,0.288027346526118
SLURP1,2.2874340053231,0.0221705033458329,0.159984214047405
LRFN3,0.00533248722470913,0.995745310936714,0.99798967532815
IGFLR1,1.04005989333527,0.298312075443816,0.606961512883882
PDCD2L,-0.242600803769302,0.808314658496213,0.927717104822266
FFAR1,-3.90944702991794,9.25076367697183e-05,0.0052555466423458
KRT13,1.44193736350247,0.149320044524725,0.435762134939494
CCR7,0.479435556206495,0.63162880364458,0.841251408584966
NR1D1,0.686407908258309,0.492455918946803,0.759314344484315
ARL2,0.607834722353597,0.54329709760197,0.791713364122645
RRAS,0.785525389381295,0.432145590223237,0.718199071753387
PRRG2,-3.62974621588793,0.000283700009671347,0.0107991802170111
TSKS,-0.242825816129587,0.808140335634794,0.927587479273356
NOP53,-1.61166213780329,0.107035481019554,0.366334367834892
FLRT1,1.31724766866514,0.187755620224526,0.488990768688626
SBDS,2.03540097839643,0.0418105429765788,0.225255231893782
MLX,0.0479361693216441,0.961767113562122,0.986734495549693
WNK4,-3.9441315245046,8.00896955062216e-05,0.00482197401788853
TRAP1,1.32413447029168,0.185458389327769,0.48656218274504
SUGP1,-2.50689045759229,0.0121798451601558,0.116506312417086
DDX49,-0.778060027215956,0.436533626326288,0.721514610392119
GDF1,-1.59941204813951,0.109729076983367,0.372133261080037
SDF2,0.279285703480734,0.780025576926515,0.916193573644761
NSRP1,-0.642007483033892,0.520868324340446,0.777949792334845
ATG14,-0.85004007171784,0.395302807960961,0.691351135996855
DLGAP5,-1.44576550297908,0.148242984922217,0.433923356256836
L3HYPDH,-1.52420065891518,0.127458593490215,0.402624219235814
TBPL2,-2.15791119638074,0.0309347368264368,0.192786531170389
SGPP1,-2.38871619297577,0.0169073574990552,0.139347906641319
PLEKHG3,-1.18250843583678,0.237004020277939,0.545566519812907
EVI2A,-0.15529834915851,0.87658611700727,0.955631900174136
OMG,1.02367571433159,0.305988469888216,0.612574093588461
AIF1L,1.11870799173432,0.263264734675915,0.575836831729979
CANX,0.490013979514079,0.624124006618633,0.837154763181782
PYCARD,-0.420041764923644,0.674454943628837,0.864858982445396
PHPT1,0.853056638040891,0.393627896259731,0.690001713058469
TRAF2,1.50267802177093,0.132922092930348,0.411662778683727
ABHD8,-2.36288389359583,0.0181333496988541,0.144760264473895
HELB,-1.14572325148762,0.251909679954091,0.563191865119943
YEATS4,NA,NA,NA
TAS2R3,-0.267217062849076,0.789302039421947,0.920649306865117
TAS2R4,-1.08620366188672,0.277388897553051,0.589531886571837
TAS2R5,-1.13692078762511,0.255571401171481,0.566221230685152
ZNF777,-1.10984740044746,0.267064789692902,0.578455367900119
IDUA,-2.1359521116527,0.0326833173596199,0.197327323986646
ZNF317,-0.578667846039331,0.56281331587112,0.803299108732366
PIN1,NA,NA,NA
FBXL12,2.1316699316705,0.0330339903453365,0.198335185577563
KIF17,-0.461471390520985,0.644460442673565,0.84748746206963
KLF2,-0.939847282950749,0.347295901378476,0.650426070772156
F2RL3,-1.92736107932251,0.0539346465184386,0.2575230262833
JPT2,0.674787870334625,0.499810547859117,0.764719752885186
GFER,-0.764335034689996,0.444667612384578,0.726247334030972
SYNGR3,1.36678313327574,0.171693291072349,0.46944617598794
WDR24,1.32615811558563,0.184787329568824,0.485146998687296
MON1B,-1.07126264566476,0.284051350710427,0.594376074762667
METTL25,-0.861413280391632,0.389010464280384,0.686286030376507
EIF3K,NA,NA,NA
EMC6,NA,NA,NA
CACTIN,-2.73199766554678,0.00629515870223715,0.0793370241887891
TUBA4A,3.37696417409195,0.000732905953789778,0.0207409639956388
VIL1,-1.79102166951984,0.0732898177032233,0.301562993565461
AAMP,2.3653899036578,0.0180110975921362,0.14408878073709
FGL2,-1.20648967551623,0.227628737614147,0.533321780282943
STYXL1,-0.935611030663686,0.349473493108553,0.652730617705656
PEX1,0.191154350577832,0.848404667022909,0.943282175400986
LRFN1,-0.424878375735858,0.670925339142516,0.862969080357622
RASL11B,1.37017963185487,0.170630834772982,0.467810808252776
TUBGCP6,-1.70709570119726,0.0878042660105649,0.333056743963769
DGCR6L,-2.15139770206795,0.031444822419198,0.193956798530171
CYTH4,-3.52863442151442,0.000417709742481505,0.0142184765577611
SGSM3,-2.51916579435648,0.0117633252661059,0.113953443218841
SEZ6L,-2.47950977497684,0.0131563123907989,0.122064488236368
VPREB3,-2.39952936187274,0.0164161631974403,0.137182246117013
SDF2L1,-0.57657209701976,0.564228553038309,0.804634065940419
YWHAH,NA,NA,NA
MCHR1,-0.017753797527843,0.985835263175353,0.995053599860134
GALR3,0.45429849099692,0.649614002029813,0.849555653638282
CCDC117,0.465162523025166,0.641815074575916,0.846861905788111
RAC2,NA,NA,NA
LIF,0.106600358177807,0.915106034420504,0.967880906506346
PMPCB,0.512221183524806,0.608496219033657,0.828805305275946
TAS2R16,-0.801171640946924,0.42303228638976,0.711142925285886
LSM8,NA,NA,NA
VGF,-1.27579665118004,0.202027411685673,0.504126970904131
STRIP2,-1.62309019118085,0.104570126134061,0.361537485904934
DNAJB9,0.532154971873986,0.594618666484761,0.821002950015323
LRRC4,3.26634271389195,0.0010894631075481,0.0267272183137451
SMO,-1.67517433821421,0.0939000309205087,0.343626811938018
OPN1SW,-0.551597639372453,0.581224054132094,0.812779132945616
SIRT2,-0.783523521532072,0.43331974663449,0.718760421192932
MTX2,3.14701602168527,0.00164945923325819,0.0354766300025355
HOXD9,0.820266817579403,0.412064018389393,0.703310531499945
HOXD10,2.97981276562952,0.00288424618580477,0.0502151248385733
HOXD11,-0.561809043507532,0.57424612984713,0.809881135945697
PIAS1,-0.756126996296757,0.449573057470122,0.728748153682506
SNAP23,-2.06822708558883,0.0386186744409392,0.215486896709746
TMOD2,-0.278704283711314,0.780471774802528,0.916321899285278
DLL4,0.0481588655845112,0.961589632633913,0.986734495549693
ALDH1A2,0.982076833287435,0.326061997609225,0.630586330597861
KNSTRN,0.341043516695207,0.73307082183188,0.892752539247592
CLN6,0.782774279532724,0.433759673969705,0.718933898989883
ISLR,2.51519413382265,0.0118966855310992,0.114803775061284
ACKR4,0.0882605971521213,0.929669555611137,0.973128136285782
MBD4,-2.60117799403923,0.00929042369780692,0.0986626021934351
COPB1,1.91244378672015,0.0558192962647205,0.26274827116033
MYOD1,-0.899473248459208,0.368400638768718,0.668339790284857
TPH1,-1.17748917748918,0.239000314655298,0.547524179539621
SOX15,-2.42496455073801,0.0153098816282111,0.132510269854253
TXNDC17,-0.32154807493548,0.747795086334589,0.900224474198041
ATP1B2,3.0872435851244,0.0020202197855498,0.0396487810379592
FXR2,1.81776138071101,0.0691006116386258,0.293328089892049
MPDU1,-0.455155404736184,0.648997440832275,0.849472581069499
CCN4,-2.11741124402931,0.0342249607457253,0.20207459216431
QTRT1,-1.3810190978612,0.167273088682088,0.462803170297275
CLEC11A,-0.592517668443222,0.553503992911794,0.798152102437372
KLK12,-0.350826401423298,0.725718589090385,0.890852127423931
DHRS2,NA,NA,NA
BCL2L2,NA,NA,NA
PARP2,-0.987182217889391,0.323553317530042,0.628246389715118
FOXA1,-0.515098121896648,0.606484455057204,0.827951207014232
EAPP,0.926602228780685,0.354133097294641,0.656162256782322
EGLN3,0.325447738302929,0.744842230251909,0.898239291794855
DAD1,NA,NA,NA
CDO1,-0.311849103435117,0.755155204382295,0.903270523300206
RAP1B,NA,NA,NA
AANAT,1.2831853296576,0.199427154409613,0.501521395794488
ARHGEF6,0.563499724886368,0.573094647375042,0.80910501288954
ART1,-0.596365230678122,0.550931262654244,0.796329446249334
CHRNA10,-0.489215173567953,0.624689368178641,0.837154763181782
DAZL,-1.62723983631219,0.103686170155887,0.360477143165087
MKNK2,1.0989111975523,0.2718068019675,0.583898258066121
KLF16,NA,NA,NA
INS,-0.927295311473229,0.353773227979932,0.655930089125034
ABHD17A,-0.672826528916306,0.501057658171448,0.765542748992713
SALL1,0.987348071096979,0.323472032203082,0.628246389715118
ZC3H14,-0.367519171825755,0.713231793850143,0.886086720541216
LMAN1,-1.40771796126322,0.159214601143413,0.450655750604843
ANGEL1,-1.04699911508369,0.295099986325972,0.604439006960976
CDADC1,-2.00449199965923,0.0450173830659651,0.233379997561875
VPS35L,-0.605915033812977,0.544571175813749,0.792599403726993
CORO7,0.01332499548182,0.989368506446586,0.996710034569025
SEC14L5,-2.38362734962014,0.0171429519022858,0.140566624605178
CLSPN,-2.21397214700016,0.026830695015532,0.178619146728951
PBX4,-1.85565180730339,0.0635032041555229,0.280029302946677
DHX40,0.219077845846077,0.826589408044273,0.934776557237525
HCN2,NA,NA,NA
IGSF21,-1.08607430433535,0.277446119641669,0.589531886571837
SLX1A,-2.4645362904421,0.013719067001429,0.125090224184781
TUBG2,NA,NA,NA
TUBG1,NA,NA,NA
MAST1,-2.09377312815863,0.0362801950189417,0.208942952410917
NCAPG,-0.740744731578155,0.458848231706106,0.734756356087684
RABGAP1L,-1.5353470175273,0.124698610684737,0.397790136087162
ADAMTS2,1.37713160191259,0.168471563831885,0.464324319386258
CIAO3,-0.192941071102062,0.847005119218291,0.942846142607265
TRNT1,0.0131549494753701,0.989504171638232,0.996710034569025
DHX58,-0.615127992286879,0.538470197163354,0.789017730881719
KRT12,0.963316131201647,0.335388900439317,0.64002793964255
KRT31,-1.06554661245651,0.286628643866922,0.596645543111181
KRT33B,-1.13891455805875,0.254738792960609,0.565703547277108
ARFGEF3,0.919173563153992,0.358004796655938,0.659374587088913
SNX4,-0.370830095047141,0.710764084412483,0.884337238254252
ROPN1B,-0.973493696578701,0.330307991526844,0.635307925156379
SPAG1,1.08242652622418,0.279063046762169,0.591010298635452
RRM2B,0.270260717206831,0.786959684316425,0.919168662006887
TDRD1,0.713836090654298,0.475328539873019,0.747545519259138
SCML2,-0.229715053525968,0.818313196669711,0.931860850622234
TSG101,1.92480712409815,0.0542534924156608,0.258070130696821
KIAA0930,-0.0359801873772985,0.971298156906511,0.989567703577914
DHX35,-1.51190868262003,0.130557094916637,0.407556045936835
TRPC4AP,3.45243212427075,0.000555557229927693,0.0172213677830978
C20orf194,-1.24184029056456,0.214295493914484,0.518066470010508
FKBP6,0.583120738021549,0.559812024120767,0.80165633549825
CUL9,-0.984057367453252,0.325087307047561,0.629512991299686
PCDHGA12,0.175696110705097,0.860532690982815,0.949638892207278
PCDHGC5,1.10470617632741,0.269286926280823,0.580805934239533
TMCO6,-0.111775918256746,0.911001082292725,0.966515610475124
NDUFA2,1.37686788597709,0.168553097580215,0.464389135940239
ESS2,-2.35702901846176,0.0184218072348301,0.145971750481397
KRT5,0.124590184503208,0.900847999477538,0.963961406462016
KRT75,-2.47535049373493,0.013310547770522,0.122651827992761
DPF2,NA,NA,NA
GAMT,0.71224390861784,0.476313751314234,0.74808287360847
GALNT8,-2.09239023878531,0.0364036212660178,0.209228154498706
PSMG3,0.570439083982424,0.568379927258539,0.806436715869969
FAM155B,-1.51302994241576,0.130272053311109,0.407305612709849
CNN1,2.43465502051707,0.0149059933815965,0.130888653098597
CDC16,-1.76107509027002,0.0782256944745715,0.312571838947574
NECTIN2,-0.94342095318646,0.345465629861448,0.649499452409331
APOE,-1.05369029402812,0.292024734095037,0.60158492776847
TOMM40,0.205135872755724,0.83746596994493,0.939344298805595
APOC2,-1.06820327667447,0.285428827045,0.595293899842825
ALLC,0.574776249943992,0.565442631109516,0.805065860309686
GADD45G,2.16302786259204,0.0305390366755967,0.191633109466374
XPO7,0.673593470026825,0.500569805819937,0.765184190324791
FAM98C,-1.26818507055782,0.204731867238482,0.507920762916308
SAFB2,-3.10230102315351,0.00192022588003211,0.0385712188305616
NCAN,-3.39868037520077,0.000677117970990063,0.0197922761655741
PLVAP,-1.01202682064186,0.311525229726294,0.617370363973097
SLC27A1,-1.47918963228886,0.139089639705614,0.420703421222041
USHBP1,-2.67058408789409,0.00757194034682852,0.0884290282235491
COLGALT1,-2.42452323567113,0.0153285023730074,0.132595493910068
PGLS,-3.4543270317923,0.000551667964351036,0.0172213677830978
LSM7,NA,NA,NA
RSPH3,1.51214119523678,0.130497946877959,0.407556045936835
MLLT1,-1.60181259808558,0.109197056361109,0.371245425360874
BMP15,-0.56236264788213,0.573868962607315,0.809588103334741
ACTN4,0.671964110515941,0.501606544535838,0.765805992798154
EPO,-1.38682908080091,0.16549388725598,0.459647789783564
CACNG6,-1.65451482749701,0.0980229531566621,0.35028819630914
ZSWIM6,-2.65562971090004,0.00791604834132803,0.0901524742342854
PXDN,-0.824215080083206,0.409817359987252,0.701722507987599
GDF15,-1.57537811377834,0.11516919315945,0.381591064903662
JUND,-1.7719440783782,0.0764038405254694,0.308308367962856
TRPM4,-1.51439368630558,0.12992601964346,0.406593913616063
OR11H1,NA,NA,NA
NUMBL,0.875698379870139,0.381194026347643,0.681002970347036
ATXN10,1.45702013352136,0.145110822678738,0.429562145410596
MNX1,-1.47292749940457,0.140770586111871,0.422910910156541
CEP85,1.00762434017168,0.313634839390663,0.619516283016424
GATA5,1.78656682381447,0.0740075278147823,0.303089907950404
RBBP8NL,-1.84222035004589,0.0654429249218085,0.284760576279404
LAMA5,2.90588572086986,0.0036621517208601,0.0581328117706279
PRDM12,NA,NA,NA
UBE2M,4.79388419158646,1.63582728998244e-06,0.000353151742945923
TRIM28,-0.788132977640832,0.430618927367694,0.716849296791279
YIPF2,1.32381854635445,0.185563315106694,0.486563638965944
TMEM160,-0.348326842856132,0.727594736932581,0.890852127423931
ZC3H4,-2.2540452315494,0.0241933226012639,0.16786478014247
MAP3K10,0.346706618702404,0.728811737302872,0.890852127423931
SESN2,-2.09890962236509,0.0358248684647445,0.20718921249109
HIP1R,1.05117324329783,0.293179029631704,0.60221849881668
PPAN,-1.11761934406661,0.263729603468245,0.576181520686297
EIF3G,2.46933386824418,0.0135364856879924,0.12397780104057
ANGPTL6,-2.45522824947707,0.0140795159795174,0.126800110970976
SHFL,1.21333306827648,0.225002504837862,0.53095531747498
SLC6A8,-0.75080401638964,0.452770611915563,0.730806244769081
SLC7A10,-1.90963316942801,0.0561804612594617,0.263697259936405
LRP3,0.925660212250057,0.354622591168184,0.656425354940421
C12orf65,-0.0479050745298385,0.961791895146041,0.986734495549693
GRWD1,0.494371219765356,0.621044035692358,0.835880368253862
NOL11,-0.144583053995626,0.885040077586039,0.958357928784565
SLC35D2,-1.7749753814207,0.075901952210416,0.307462108817661
PPIL4,1.30505990887122,0.191872448874242,0.49380727218679
BPIFB1,-7.00597232874691,2.45276392169042e-12,1.85330841922928e-08
RBM39,NA,NA,NA
ACSS2,-2.72546264217524,0.00642114424918772,0.0802129553852891
C1QL1,NA,NA,NA
ATP6V1E1,1.62404303054901,0.104366625163368,0.361243343900323
CCL25,-1.40448078650946,0.160175729137156,0.451599928865801
COX4I1,0.290717401068068,0.771267462013578,0.911976782240547
EMC8,2.60652580791602,0.00914659308472994,0.0977546146863523
GSE1,0.868147706904986,0.385313477235247,0.683152587213373
GINS2,-0.992538352956451,0.320934980024975,0.626935033368333
F12,-0.230794337680931,0.817474580371269,0.931559677411948
ABCB7,-0.164852790772909,0.869059851396124,0.953133933833966
HAUS8,-3.02954077320477,0.00244925841013341,0.0453037859166905
ADGRE3,-1.82533755202248,0.0679501066920725,0.290121275803526
MRPS25,-2.31927641274149,0.0203800535281954,0.153080605631469
CAPN7,-1.94697515990582,0.0515377127760897,0.251562634196469
C3orf20,-2.32532918706597,0.020054364762749,0.151954703601879
RBSN,-4.37184519472713,1.23200870304006e-05,0.00133943277124759
PDLIM4,-1.34153827531281,0.179745751349433,0.47940659978691
GFPT2,1.01473074564449,0.310234193982248,0.616551701664879
PSMC3IP,-1.37910691147741,0.167861793209579,0.463264605365208
VPS25,NA,NA,NA
AOC2,-0.264656097874968,0.791274400597866,0.921514944357046
G6PC,-0.451123647326224,0.651900435234842,0.850368526307202
PCDHAC1,-0.248830988743649,0.803491519307035,0.926261640076887
PCDHGA3,-0.0107418025620885,0.99142944640161,0.997144752864687
NDFIP1,1.24966035092959,0.211423646857517,0.514829866469673
EXOC4,1.27253691020588,0.203182418411682,0.506180795752941
FLYWCH1,-1.25039176573218,0.211156471067626,0.514599936355833
TMEM204,0.738881121666512,0.459979186716961,0.735483298148286
BARX1,2.76016087128277,0.00577729050331812,0.0755568918112235
WDR44,-0.314881414854754,0.752851693147845,0.902547118185865
CKMT2,1.1776962016444,0.238917741729238,0.547495632038434
TNS4,-1.50650584715376,0.131937367245297,0.409913901510858
PPP1R1B,1.73602289836892,0.0825597858198853,0.323096525076531
FMO5,-2.85832275760487,0.00425886958526448,0.0631599972252373
PRKAB2,0.711240272667826,0.476935356324788,0.748281468519539
CHSY1,1.22678964775056,0.219901662749876,0.52440491202085
SNRPA1,NA,NA,NA
NR0B2,-0.170118591068972,0.864916873063694,0.951906182050728
THAP1,-0.626582320005455,0.530933060547999,0.785003328845895
RHPN2,-3.24974002308407,0.0011551055419103,0.0278849120596621
ACTR10,-0.763934305141855,0.444906392833006,0.726280454736857
DNAJB1,-0.0481388400778678,0.961605592166172,0.986734495549693
ZSWIM4,-1.06581261212685,0.286508358473316,0.596635928002486
RFX1,-3.01099670480331,0.00260391678397073,0.0472393642729479
DCAF15,-1.23201475213968,0.217943573508372,0.522017914346869
TRIM21,-0.377686969450535,0.705663148935205,0.881402459889888
WDR7,0.505918270597376,0.612914025611282,0.83155239731306
SMARCC1,-1.29820645017883,0.194216402254318,0.496950827849585
SLC6A11,-2.13234861320776,0.0329781984314331,0.198270818910758
NUP210,-1.00007975735853,0.317271911510489,0.623243614551737
HSD17B7,2.73147395434994,0.0063051724490958,0.0793370241887891
EMILIN2,-3.99236576015426,6.54173668274939e-05,0.00424268392577347
DNHD1,0.456266194986198,0.648198569882525,0.849472581069499
RRP8,-0.166201918897833,0.867998049389057,0.952799195348836
TIMM10B,1.20314223860935,0.228921282511424,0.534774837117427
EFR3A,0.767326246802018,0.442887566927011,0.725018851440203
OC90,-0.0761461971996753,0.939302786752463,0.976321873127672
PTCD3,-1.86284567726667,0.0624839814620568,0.278013854649531
ILKAP,-0.00355499148313942,0.997163533156347,0.998749689359671
PER2,-0.890911575673177,0.37297660970794,0.673407709188337
RAMP1,-0.889237851846924,0.373875263973809,0.673939325894451
PTPRE,1.49851848835196,0.133998592779091,0.413262598791351
RPA1,0.353842642036247,0.723456814474247,0.890361722847064
SERPINF1,-2.70166709293736,0.00689928036826342,0.0838439317195519
EEFSEC,-2.51927201157187,0.0117597769863563,0.113953443218841
COQ3,0.177784709090636,0.858892056417442,0.948938204165842
POPDC3,1.18025585928698,0.237898468319776,0.546486170779937
LANCL2,-1.39436332038472,0.163207918566983,0.456402306695827
GRSF1,-3.75476974773607,0.00017350090098959,0.00771154473466282
JCHAIN,-0.844927536231884,0.398151299027815,0.693426579567632
UTP3,0.0775017284194153,0.938224416331458,0.976321873127672
TRIM47,0.866177194914183,0.386392997401481,0.683808379100075
KDM6B,0.551959449482221,0.580976136049852,0.812779132945616
GUCY2D,2.45938949204811,0.013917353653992,0.126393658905726
RIDA,-2.36127243683587,0.0182123456328141,0.145161609132645
MATN2,1.73791593264522,0.0822256278545612,0.32233299303194
BRD8,-1.67926042912478,0.0931012994102967,0.342191814338053
REEP2,-0.522596639894363,0.601254979309501,0.825151275940236
ERAL1,-2.92034654149522,0.00349642348339405,0.0563905567567245
NIP7,2.66272510754308,0.00775107058929951,0.0894837117994608
TERF2,-0.741958381904249,0.458112551552785,0.734405936313355
VPS4A,0.0242853924650949,0.980624964820082,0.993310843110201
JAG1,-0.608668104767892,0.542744452318307,0.791622659014451
HSPA12B,-1.73529109390615,0.0826892584410298,0.323334291657055
SNAP25,4.7979643073602,1.60286332065123e-06,0.000353151742945923
NXT1,NA,NA,NA
RIN2,-1.91223406722762,0.055846178332913,0.26274827116033
SSTR4,1.90043698416293,0.0573757972898402,0.266706566793007
CRP,-1.13997857619123,0.254295226727111,0.565216865171363
HAPLN2,-1.49838238645408,0.134033929958331,0.413287237202674
APCS,1.16335246683222,0.244686526577539,0.555063465032383
IGHMBP2,-0.311455302875302,0.75545451733226,0.903270523300206
ACY3,-4.22076651943593,2.43473010141768e-05,0.00222995532386857
TESMIN,1.0097655951861,0.3126076071974,0.618526609054205
DPH2,-0.156232302811771,0.875849915396625,0.955311722950112
ZSWIM3,0.00800599923132604,0.993612205058308,0.997758310511439
OSER1,-0.0714816969779725,0.943014390986619,0.977960024470888
SERINC3,-1.86640138678008,0.0619852292525924,0.277243417915911
DMGDH,-3.83668838592912,0.000124704542860957,0.00632394312655969
BHMT2,-1.46657648868927,0.142491299737117,0.425474910418358
AP3B1,-2.03440902073609,0.0419103731047018,0.225632190366317
SYT4,-2.31286298946967,0.0207301732491054,0.154703396612583
NMUR2,-0.665305826260831,0.505854904839221,0.767999053957421
PDE6A,0.550655347549944,0.581869959777033,0.813283280813034
ATP8A2,-0.358432958405463,0.720019330634451,0.889255649276547
USPL1,0.678902858227221,0.497199414580862,0.762759356805097
RNF17,-2.79553968487489,0.00518131400775234,0.0711001148162871
MYH4,-0.198042693246746,0.843011660815451,0.941581095213828
PEMT,-2.06732257508532,0.0387037684217083,0.215667901323324
SCO1,-0.196358061329614,0.844329919427619,0.942361782937674
CHI3L1,2.14340499126878,0.0320805926611963,0.195664762631384
MYBPH,0.693819240662845,0.487795574734646,0.756290830551961
CCNA1,-0.229394018512309,0.818562684763753,0.931860850622234
RFXAP,0.139785418996468,0.888829534131525,0.959947568903497
RNF128,-0.372697668369608,0.709373472006636,0.884156661382758
KMT5C,-2.05772323245256,0.0396167088918362,0.218260191313681
PDE6B,1.81345804462023,0.0697612039941654,0.29439578742246
HSPBP1,0.610559152617661,0.541491471635691,0.791326067023879
CSNK1G2,1.60309279840739,0.10891416773427,0.370784260237442
CEP20,-4.56354202285686,5.02977364356254e-06,0.000723904183823973
MED10,NA,NA,NA
CCDC134,0.631837969118047,0.527492760232333,0.782201833760345
SEC14L4,-0.952285975626057,0.340951968343977,0.645671350168974
PI4KA,-1.02952474963901,0.303233155782767,0.610343560227647
MKRN1,0.13901064684838,0.889441735768664,0.960225997352197
ACTR3B,-0.579873675565255,0.561999809049389,0.803267158112403
NTS,-0.460279307946807,0.645315751561233,0.847927279157756
BTG1,NA,NA,NA
KRAS,NA,NA,NA
IPO8,0.69728734387058,0.485622986881752,0.754433000242579
PMP2,-0.634468425246387,0.52577516661239,0.78086089771644
FABP4,-2.29112083790392,0.0219564257638692,0.159675412003653
CCDC59,-1.81256756402852,0.0698985443667783,0.294445724971865
LYVE1,-1.80423084793119,0.071195125319203,0.29696404466569
RRAS2,NA,NA,NA
SARAF,-2.10221874172404,0.0355341187991893,0.206156639711651
RNF122,NA,NA,NA
DUSP26,2.2789146980407,0.0226721365276292,0.161995899387959
ERG28,0.0424592923866936,0.966132562435802,0.988436482535363
DGLUCY,-1.15974754815277,0.246151605098936,0.556113478286009
CATSPERB,0.227427491131181,0.820091345467074,0.932260900860911
VRTN,-0.71273405599799,0.476010338443049,0.74808287360847
SYNJ2BP,0.426407142496098,0.669811197746623,0.862049635526058
TTC9,2.6780665023251,0.00740485146284192,0.0871877968761831
EIF2S1,NA,NA,NA
ELP3,2.80806369656497,0.00498403676286289,0.0698042294350176
ADAMDEC1,-3.32472538130521,0.000885056654861679,0.023382825469003
MBD2,NA,NA,NA
MRPS36,-0.807445004659466,0.419410147092539,0.708942269925108
CCNB1,-2.30115966769424,0.0213826076976759,0.157166326618326
CDK7,0.0708214231796525,0.943539881402453,0.978195491133957
CD180,-0.569694606496914,0.568884848842698,0.80679422573125
IRAK2,-0.799552400835182,0.423970174988422,0.711693695122292
CAMK1,-1.4218786765323,0.155061474431797,0.444318823356053
VHL,-0.678207524356721,0.497640122429907,0.763170567351367
BHLHE40,0.0795978367137851,0.936557115811351,0.97548081426295
ARL8B,NA,NA,NA
EDEM1,-1.00319814742913,0.315765266669741,0.621819743277707
CHL1,-0.539291312861194,0.589685862085582,0.818078834833132
DPH6,-0.614948986884201,0.53858841020835,0.789059433356139
KATNBL1,-0.39949119322144,0.68953131158897,0.873319982871012
EMC7,1.46433062269148,0.143103633989535,0.426460681689972
TSHB,-0.259942583127575,0.794908063392652,0.922893234307838
SORT1,-0.291296298880281,0.770824717841719,0.911926651832434
NOTCH2,1.90061678871927,0.0573522248579091,0.266706566793007
TRIM45,-0.0718875866947666,0.942691368872456,0.977885804804323
ARF3,-1.48506635746889,0.137526246896324,0.41886822070538
SLC38A2,-0.966490112396854,0.333798992207655,0.638204753320102
KIDINS220,-0.283212872332312,0.777013661451276,0.914644549953686
CMPK2,-1.14558566423964,0.251966631727312,0.563191865119943
FST,1.08068913418722,0.279835418096324,0.591890411192192
CFHR5,NA,NA,NA
ERN2,-0.220040009231163,0.825839995350707,0.934352172225024
NARS1,-3.6958729710747,0.000219132524143818,0.00904157788301071
RELCH,-0.918146297609777,0.358542279233785,0.659801622476979
CCNH,0.0276365440190761,0.977952034876146,0.992156414071343
HRH4,-1.92511577015989,0.0542148764595902,0.258070130696821
CABLES1,-2.8091882390838,0.00496665970749948,0.0697547969328365
EMP1,-3.44537625683656,0.000570265001015586,0.0174450297476671
RERG,NA,NA,NA
SLCO1B1,-3.63581311686854,0.000277105176380372,0.0106284604707111
SPX,-0.0505510564107456,0.959683264248692,0.985976850181945
MYBPC3,-2.4035110238043,0.0162384774084521,0.136246359574776
DDB2,-1.14035157283147,0.254139859757784,0.565216865171363
FOLH1,-1.33523577285519,0.18179919212624,0.482249511029973
RAB33A,-0.196875961310752,0.843924605600405,0.942144857568288
MTNR1B,2.07515363919461,0.0379722977786134,0.213481162213693
PHC2,0.597381185810999,0.550252912047807,0.796191306670477
TUT4,-2.78530917932274,0.00534767053891625,0.0721553546286628
PRPF38A,NA,NA,NA
DSG3,-0.560689511374907,0.575009218621902,0.810102677525428
DSG1,0.723628341647182,0.469293936842387,0.742848012314041
DSC1,-0.135851570856688,0.891938621284824,0.961410588078193
DAGLA,1.62527519804938,0.104103933693496,0.360851453661427
TIMM10,NA,NA,NA
AHNAK,0.245332518144361,0.806198975103522,0.926908012154932
CBLIF,-3.39626940441785,0.000683110887243071,0.0198141491900524
TCN1,-1.785846009223,0.0741241948427983,0.303403259064022
CEP135,0.159874780954976,0.87297971484521,0.954109311545585
PDGFRA,0.306301606101941,0.759375016457883,0.904965318267198
CARS2,-2.86554832272352,0.0041628773314649,0.0625964201324354
ADAMTS8,-2.67712613306417,0.00742566743289895,0.0871924524055702
KLB,1.28309460371857,0.199458934114144,0.501521395794488
SEMA6A,0.389576169587458,0.6968499764957,0.877054788440328
APC,-0.300675648631955,0.763661839577435,0.907236176081506
ANXA1,1.34923478238222,0.177261565973409,0.475804047067524
CCNJL,-1.3729798626532,0.169758607037397,0.466350130803336
USP30,0.79231801645377,0.428175269156527,0.714880724590331
SDS,-4.89633541340792,9.76403534338767e-07,0.000268280185653226
MSI1,NA,NA,NA
TBX3,-1.0788751883042,0.280643370951698,0.592247259017184
OASL,0.113932377992977,0.909291398746453,0.966009988389142
HRK,NA,NA,NA
DTX1,0.758968922969725,0.447871147254437,0.727537403292472
TRAFD1,-3.45719275293164,0.000545834275835297,0.0171489554603389
GSAP,-1.83396904409926,0.0666585893984685,0.287730534987048
OCM2,NA,NA,NA
UPK3B,NA,NA,NA
TMEM60,NA,NA,NA
PNPLA8,-0.131370406822884,0.895482297683952,0.962670893388458
RINT1,1.02079308644784,0.307352480604627,0.613649185744104
NT5E,-0.780757003040869,0.434945427132126,0.720080553770891
MRAP2,0.162827690724466,0.870654105172244,0.95331613852296
AKIRIN2,0.974400083757186,0.329857927912835,0.634684620144992
ORC3,-0.321383969242889,0.747919429988137,0.900243602228652
LMO2,1.28781683767695,0.197809729643766,0.500391781512735
NAT10,0.972627407639543,0.330738515809319,0.635731423417759
PRRG4,-0.710979426386788,0.477096984956881,0.748457348351333
PRPH,1.9333655315047,0.0531911842613085,0.255977989608032
AVIL,0.788536323196611,0.430383060733178,0.716849296791279
AMHR2,-0.12417896481225,0.901173576961334,0.964012188234866
GDF11,NA,NA,NA
FAM186B,-0.377128324238784,0.706078242917563,0.881834704465262
RDH5,-1.03660079931686,0.299921940633941,0.608014325851743
KRT85,0.592565932841687,0.553471683778602,0.798152102437372
CDK4,1.77124466955806,0.0765200240226561,0.308597492466712
PPP1R1A,-3.11735442715515,0.00182482043049682,0.0376216730500244
TSPAN31,1.23500971371151,0.216826889006794,0.520274364349105
TFCP2,-0.556431961534979,0.577915594549759,0.811660987174568
ESPL1,-1.48768426077615,0.136834180274794,0.417576359513871
ZC3H10,0.512558555443292,0.608260150327088,0.828805305275946
KRT84,0.201847019460713,0.840036321785496,0.940646688659956
KRT82,-0.395215458420159,0.692683885217139,0.874652312282871
KCNH3,1.43662726594712,0.150823931874982,0.437600821016404
TAAR5,-2.56607902556773,0.0102855391892048,0.104811239532881
NMBR,0.581440985227766,0.56094328146118,0.802204976369585
SMPD2,0.420454688235373,0.674153324142063,0.864858982445396
HTRA2,1.00490338599753,0.314943373863917,0.621029806774923
PRADC1,-0.21278971140415,0.831490989082257,0.936954129223106
CCT7,-0.298763646001023,0.765120390998539,0.908430181392986
MRPL53,0.478308458851787,0.632430676692539,0.84134620041098
EMX1,-1.4455907271958,0.148292029025318,0.433963815381603
KCNMB4,NA,NA,NA
MDM2,0.629618566566094,0.528944173122124,0.783366408205434
BCO1,0.898124575834944,0.369119138288388,0.668873899634109
MPHOSPH6,0.452275748496969,0.651070344549713,0.849895197363955
KIAA0513,-2.12673575370615,0.0334420450414715,0.199390124369007
DYNC1LI2,3.21109614170553,0.00132229687809608,0.0306503959720748
FBXL8,-0.915775911436841,0.359784440303079,0.660825367049336
FHOD1,-0.854292303942742,0.392943050342631,0.689441005082763
CCDC102A,0.0952162115817343,0.9241430935099,0.971593652502253
PCNX2,-1.10602292238976,0.268716597993438,0.580203633215721
URB2,-0.723064019823617,0.469640553172164,0.743163145501334
TAF5L,-3.02157808233684,0.00251460776276433,0.0462296259256625
STX6,0.284883960689016,0.775733044552902,0.914515895943899
RGS8,0.987379122212743,0.323456815405017,0.628246389715118
LAMC1,0.340069336536987,0.73380431297776,0.892886325932169
MRPL44,1.22642021684237,0.220040581961919,0.524487898203238
CHRND,1.12982377988087,0.258550485939254,0.569232946316144
USP37,-2.17388859609643,0.0297135026920936,0.188673517952721
HTR2B,-0.420086813362803,0.674422035490918,0.864858982445396
WNT10A,1.10091643324757,0.270933029184266,0.582990166172951
TMBIM1,-1.04157703774646,0.297607819190369,0.60641232279391
CYP27A1,-2.32581164896241,0.0200286009280656,0.151954703601879
EIF4E2,NA,NA,NA
CAB39,NA,NA,NA
COX5B,-1.6940977638784,0.090246707183144,0.337811063711658
REV1,-2.74646630909552,0.00602410729294024,0.0772674667332641
MFSD9,-1.23886827728875,0.215394283354271,0.518853012027606
TMEM127,NA,NA,NA
MRPS9,-2.82081596616277,0.00479016744692728,0.0684853457502035
GPR45,1.34650804086332,0.17813872896089,0.476803484246718
C2orf49,-2.26305687468501,0.0236321835172768,0.165795283697297
EPC2,0.467024896759731,0.640482065651068,0.846060449220394
ALDH1L2,-2.33943527890531,0.019312917492776,0.149440250461255
USP44,-2.07779012492817,0.0377286937640473,0.212747588261259
PLXNC1,0.0233400725636153,0.981379007127691,0.993541874168531
DRAM1,-0.915966725691748,0.359684347380681,0.660825367049336
SLC41A2,-1.73429487914706,0.082865775625368,0.323750672505316
CKAP2,0.543056366059974,0.587090994059292,0.816925123016325
THSD1,0.887049902800791,0.37505203401042,0.675087309341397
MED4,0.0206210004167327,0.983547988117039,0.993828459408981
NUDT15,1.55180908258751,0.120707912067534,0.391680095524354
CHST12,0,1,1
IGF2BP3,1.07530378472735,0.282238742299021,0.59342001929259
KDELR2,NA,NA,NA
NUP42,-0.96605304198742,0.334017640084711,0.638268595820083
DDX56,2.55400469225172,0.0106491821426974,0.106859522271211
HUS1,-0.264489602042604,0.791402675999527,0.92151566603058
MYO1G,3.05350023561996,0.0022618854422182,0.0427270160035018
TTYH3,1.20096372643615,0.229765272373163,0.535497035325609
CIDEB,-0.744691193623968,0.456458424099564,0.733205750955847
TTC5,-0.175653456489368,0.860566202994968,0.949638892207278
NKX2-8,-1.56241696559048,0.118189792936974,0.386765732105577
ACSBG1,1.36808916780132,0.171284166927798,0.468800428248643
MTHFS,0.0965245373121541,0.923103986953294,0.971106679487516
ABHD17C,NA,NA,NA
IREB2,2.95543320012908,0.00312230302528992,0.0525437007997564
ALPK3,3.5522318388917,0.00038197814342292,0.0134243109381562
CIB2,NA,NA,NA
RSAD1,0.705782625223991,0.480323328684453,0.750616760230871
CHAD,2.82859286611998,0.00467531344312724,0.0672549702745274
TACO1,-1.17649949581811,0.239395333778093,0.547893727707791
TEX2,1.06906241013951,0.285041548241082,0.595293899842825
LIMD2,1.0359319916556,0.300233871364107,0.608014325851743
BRIP1,-1.73878181240056,0.0820731489344836,0.321952046524366
KAT7,NA,NA,NA
NDUFB5,-1.59942310022681,0.109726622884421,0.372133261080037
MARCHF7,-1.40510085105637,0.159991291089648,0.45124656040429
CD302,-0.0546674063795717,0.95640343645702,0.984087847998058
GALNT5,-0.921326792376135,0.356879837080529,0.658426089361611
TANK,0.667640835962323,0.504362884376762,0.766948270145062
BLK,-0.080427893812661,0.935896942705794,0.975360508929812
SKIL,0.260055018285543,0.79482133462457,0.922893234307838
KCTD3,1.22947241972261,0.218894732385592,0.522911349322015
CBWD2,-2.09761880982094,0.0359388321333972,0.207520106945972
IL36G,-0.0978252872007529,0.9220710274036,0.970763366735628
IL36A,-2.47582610654234,0.013292830426054,0.122563302866704
CCDC115,0.183066028690702,0.854746210468033,0.946641607372145
IMP4,-1.18573792047741,0.235725814265433,0.543611857955017
HS6ST1,2.39249509054885,0.0167342519732457,0.138530405475933
UGGT1,-0.758369053395987,0.448230078760243,0.727790820146198
GAD2,-2.19954780356883,0.0278389939583455,0.181623799311805
ECPAS,-0.94673646040725,0.343773086513744,0.647929519006697
TOR1B,-0.396490649561097,0.691743104452808,0.874290774599009
RALGPS1,0.959748649859479,0.337181731876747,0.642315685380235
OR1J1,-2.443928456189,0.0145283072523927,0.129148105410681
OR13C9,-4.06219249123692,4.86139640981357e-05,0.00346535012005201
DAB2IP,2.54373745449957,0.0109673484484942,0.108823749017495
SLC31A2,-0.158730158730158,0.873881476173794,0.954599106422172
ORM1,-0.643427158758333,0.51994696549872,0.777425402455393
STX17,1.54306903473031,0.122814026884501,0.395391046927689
BAAT,-0.549101655506442,0.582935689186308,0.814019971815144
GABBR2,-0.994712512616001,0.3198761070398,0.625616673058006
PSMB7,-0.175895112576732,0.860376345088012,0.949638892207278
PDCL,1.8256214757977,0.0679072986179571,0.290121275803526
ENPP2,-1.31661907096383,0.187966342993133,0.488990768688626
DERL1,1.00974072911963,0.312619523554528,0.618526609054205
CCN3,-1.11654853975689,0.264187404988804,0.576519864865098
RANBP6,2.30975878225063,0.0209015124157872,0.155368251661277
RNF38,-0.758995617096714,0.44785517864025,0.727537403292472
CCL21,-0.62675975726325,0.530816726308785,0.785003328845895
CCL27,-0.37164023576449,0.710160727565664,0.884337238254252
DCTN3,0.64669266109386,0.517830873798176,0.776456630335729
HINT2,0.581946448614674,0.560602752404752,0.802118661286427
KLC4,2.9560498007954,0.00311606772676296,0.052541461168119
GMPR,0.213710088338647,0.830773143735534,0.936843798830788
TMEM63B,0.511228745899746,0.60919089226315,0.829208177123377
TTBK1,-0.791509668112489,0.42864663661265,0.715215631278609
TINAG,-3.13513565349004,0.00171774659203957,0.0363201097551536
GCM1,0.644575511007542,0.519202308935864,0.77708084506673
RIPK1,-0.383203949930969,0.701568549538848,0.879113094579691
TUBB2B,-0.519192681047069,0.603626382380444,0.826164623523186
PSORS1C2,0.648008983553045,0.516979139881673,0.775905130786755
MRPS18B,0.247285128681956,0.804687567061681,0.926280639565898
IER3,-2.57303009814262,0.0100812440197,0.103567477651738
PGBD1,4.49783930230113,6.86475515023746e-06,0.000926251605628468
GTF2H4,1.93339356941808,0.0531877328333455,0.255977989608032
POU5F1,-2.04704022347948,0.0406541353394139,0.221726430375387
CLPS,-5.68370929058638,1.31804249917456e-08,1.53217371134815e-05
RNF144B,1.55165558986419,0.120744654239231,0.391680095524354
NRM,1.03118904892269,0.302452175074891,0.609766292092146
FAM8A1,-2.08893796292792,0.036713307950557,0.210108653773202
THAP12,0.582464967646564,0.560253531869317,0.802012724278738
LRRC32,1.87084103372042,0.0613671181528345,0.275421778781564
MRPL15,0.236190190266997,0.813285091240996,0.92967959900408
PI15,0.151067283835299,0.879922639991687,0.956613571972262
TTPA,-0.610024133520646,0.541845820931041,0.791326067023879
GGH,-0.340293367939363,0.733635611086461,0.892886325932169
SLCO5A1,-2.05945530657627,0.0394506422695994,0.217742186259382
TGS1,-2.23892262361563,0.0251609511720932,0.171739970240593
USP2,2.33543699650346,0.0195206036166104,0.15012486608357
HTR3B,1.25196092941115,0.210584101061068,0.514462302622375
SORL1,0.642412476019191,0.52060540124908,0.7776404886504
MMP7,0.558416421032576,0.576560062202477,0.811109235959365
MMP20,-3.12403477993914,0.00178389369335048,0.0371751425521899
MMP27,1.41247153736975,0.157811165619569,0.449122850252904
DCUN1D5,NA,NA,NA
FDXACB1,-0.583526968796094,0.559538607506324,0.801415806906507
FDX1,-1.60598254035946,0.108277746211061,0.369283073965597
MMP13,-0.185510632305464,0.85282854163009,0.945508474164112
UNC13C,-1.26542344235578,0.205719576160007,0.508477957953882
CTDSPL2,-2.65813928110292,0.00785734131560354,0.0900438229692665
THBS1,0.550940916056734,0.581674177872437,0.813160053284762
NDUFAF1,-1.34401488190807,0.178943574594425,0.47815075587189
KIF23,-0.558749412911956,0.57633275116016,0.811109235959365
HAUS2,-0.635736604259082,0.524948114003209,0.780686146914167
RPLP1,NA,NA,NA
TUBGCP4,-1.390099802428,0.164498573292351,0.458061993660219
RMDN3,0.574420198750465,0.565683487678448,0.805325580534616
ITPKA,0.0688058091643589,0.945144194004656,0.978975843640712
PLCB2,-0.690246046949358,0.490039470583883,0.758035709256786
TMEM62,-1.57838485373136,0.114477222677113,0.380299489202125
ADAM10,-1.25486255377559,0.209528659673211,0.513358804309593
BCL2L10,-0.863377811517789,0.387929774879641,0.685099305595551
RSL24D1,1.85183889622395,0.0640489604057129,0.280907604026072
GCHFR,1.98747899601085,0.0468693412398446,0.238481308019034
MNS1,-0.139896465790622,0.888741793720202,0.959947568903497
TTLL7,-0.995161901170858,0.319657528255973,0.625490685873918
KYAT3,-1.39269233318131,0.163712848021482,0.457107764123245
ARHGAP29,-2.08412698389707,0.0371486181518501,0.211164642842835
RTCA,0.055119323856853,0.956043401334632,0.984087847998058
IFT172,1.80564401764892,0.0709739623705197,0.29677878233074
SELENOI,0.227403345246419,0.820110119294157,0.932260900860911
CGREF1,0.0576498139426767,0.954027569834599,0.983107032754209
KHK,0.00741703443398262,0.994082116997723,0.997790749304862
DYNC2LI1,-0.993851627108681,0.320295107387168,0.626089724852527
PREB,-0.848625744252982,0.396089577080109,0.691749183963321
SLC3A1,-1.08394591896702,0.278388778200944,0.59053640322664
SIX3,0.991196121070675,0.321589824282114,0.627648274770457
LRPPRC,-0.223709316159468,0.8229834964128,0.933498611509104
LOXL4,0.0248372501118767,0.980184778922507,0.993264425606982
BTBD16,0.720030216314477,0.471506391499882,0.744830080786429
KIF11,-1.53032788520276,0.125935589308867,0.399651118361109
ARL3,NA,NA,NA
EXOC6,-0.38379111768967,0.701133271923021,0.878736263882963
DBR1,-1.22752811686124,0.219624160657948,0.524069362364651
TOPBP1,-1.02386171360806,0.30590059621589,0.612574093588461
DNAJC13,0.542219841073743,0.587667068541091,0.817153546171601
GPR87,-1.87204500616978,0.0612003772624287,0.27517408544773
BARD1,-1.78854612137099,0.0736879415535239,0.302190548916378
MSTN,-1.00813620095299,0.313389080729008,0.619400443104468
ASNSD1,0.159497158065513,0.873277197192936,0.954274327528929
SSB,-0.881938002368088,0.377810334909786,0.677762319700461
PPIG,1.02792541036804,0.303984915596084,0.610961569954518
CRYGB,0.406396414818107,0.684451353521453,0.870292709669011
CHRNA1,0.362214778152869,0.717191536945959,0.888407186341101
WDR12,-0.820487898926646,0.411938024946813,0.703178622598875
ABI2,-0.0761698998866587,0.939283929510301,0.976321873127672
ITGAV,0.00262722356183292,0.997903781293693,0.999027621259376
SLC40A1,-1.48856309226621,0.136602456549915,0.417459317165282
COL8A1,0.680061536457553,0.496465497710321,0.761844815618549
SLC49A4,-0.12153608130773,0.903266437759331,0.96447714218272
GUCA1C,0.387891604239977,0.69809625150044,0.877616089522756
CCDC54,1.49564416941035,0.13474640646003,0.414471402673631
WBP11,-0.352440016007867,0.724508296256638,0.890578279895097
EPYC,-2.02632581146406,0.0427314078960966,0.228102096830029
TRHDE,0.204119217282972,0.838260337254244,0.93974704870817
OSBPL8,0.119358661951586,0.904991210094222,0.96447714218272
INTS13,0.114105169041949,0.909154424686996,0.966009988389142
GYS2,-3.58341974391765,0.000339124993479057,0.0122898247037303
ABCC9,-0.515109856488114,0.606476255471715,0.827951207014232
SYT1,3.51992545757615,0.000431668098191323,0.0145682505206303
ACSS3,-2.98202344718804,0.00286350067204232,0.0499929145605024
PPP1R12A,0.155803681363984,0.876187768756982,0.955542293530744
HAL,-1.40945969804115,0.158699282430711,0.450293570426755
CDK17,0.494913397732431,0.62066125300532,0.835880368253862
TMCC3,0.477958318889047,0.632679871722497,0.84134620041098
IRAK3,-0.524177101255192,0.600155366123817,0.824579315652616
RXYLT1,-3.77911980635889,0.00015738369277815,0.00729596142316592
MNAT1,1.11022016113885,0.266904167049015,0.578351976419913
TRMT5,-1.26327696972215,0.206489659835796,0.509631183968406
C12orf4,-0.752583918071694,0.451699984541303,0.730219316044948
RAB21,0.663160371209169,0.507227848937081,0.768675015356716
FAM189A1,1.95773861098754,0.0502606921211763,0.248134459109839
LIPG,-1.88741875149358,0.0591040249653867,0.270251142292564
TGDS,-1.59716552424365,0.110228815411399,0.372955385979759
PSMC1,NA,NA,NA
GALC,-2.0574273964828,0.0396451320919277,0.218337185194319
PPWD1,0.477969282817496,0.632672068048857,0.84134620041098
PEBP1,1.02198529722368,0.306787859233629,0.613332203828363
C12orf49,-0.205935834262268,0.836841033636539,0.939201017476077
MOCOS,-0.339995721285559,0.733859750120271,0.892886325932169
LMNB1,1.95086722103516,0.0510728428396794,0.25026355414826
SNCAIP,0.528624254308509,0.597066131570015,0.822803518173086
SNX24,1.27855425249748,0.201054068457084,0.503117913979707
HS3ST2,2.51376310602642,0.0119450640523878,0.115049281607363
REXO5,-2.47334762301013,0.0133853871840475,0.123041344966743
XYLT1,-1.34879078718904,0.177404174691606,0.475823528330267
DNAH3,1.08542232249445,0.277734650101572,0.589681112062298
NUP133,-1.30495231352582,0.191909086127119,0.49380727218679
NUAK1,-2.38363399293046,0.0171426424738873,0.140566624605178
VWF,-0.917089097800861,0.359095953486549,0.660426030562571
LPCAT3,-2.76729736067215,0.00565231725849824,0.0746007147689305
HEXB,-4.47105112053811,7.78360884105911e-06,0.000980215806717378
UBE2K,-3.69229715310842,0.000222237582137166,0.00912623462298059
N4BP2,0.626129699283347,0.531229873525035,0.785003328845895
KLF3,0.0911117981360828,0.927403758080236,0.972650814914881
TBC1D1,1.29767482756493,0.194399097158204,0.496950827849585
RSBN1,0.25638657489098,0.797652353187248,0.924390210629844
CASQ2,-0.0813263967136336,0.935182381974173,0.975259298161747
PPP2R5A,0.607183863152047,0.543728900057322,0.791907395688729
PPP2R3C,0.827588300827446,0.407903696054453,0.700679964406904
PSMA6,NA,NA,NA
MAN2A1,-5.05275931363435,4.35472524226265e-07,0.000164521519652683
EPB41L4A,-1.50807934859988,0.131534219976556,0.408832812070284
ENOX1,1.65554997551648,0.0978129878502658,0.35028819630914
USP22,0.913952163582034,0.360741982169462,0.661372702719365
B9D1,1.35847300200373,0.174313643682769,0.472185027469413
MSMO1,-0.814437202644872,0.415394533474779,0.705736802066888
ICE2,-2.53122942537952,0.0113663475017157,0.111380893936806
GPATCH2L,0.783510206088125,0.433327562720117,0.718760421192932
POMT2,-0.931989310544986,0.351342049747433,0.654602521980423
MIB1,-1.18785013721382,0.234892457407922,0.542435026948122
TMEM260,-0.171549533342581,0.863791685678966,0.951568738444419
IPO5,-1.03311678642642,0.301549248578171,0.608994961683674
PALB2,-0.928561614379833,0.353116322686068,0.655795610190644
KIAA0556,0.654341706225494,0.512891681780319,0.773272669941923
DSG2,1.25847332489789,0.208220628397368,0.51201738507417
NOL4,-0.271472184289527,0.786027890425824,0.918673896373941
RNF138,1.02572408213163,0.305021659614507,0.612087029460913
LPIN2,-2.54415919648222,0.0109541147583982,0.108800182461519
NDC80,-0.221357749297401,0.824813887581781,0.933956801224028
USP14,0.0869694304068125,0.930695811013999,0.973670827001977
HERC2,0.85666533812036,0.391629864720479,0.688255716137909
SLC7A5,-0.0439265002914835,0.964962991506033,0.988109549236968
CYBA,0.336124411327162,0.736777050701888,0.894620946353619
UTP20,-1.87600796293336,0.0606541864752169,0.274022740213297
COX10,-0.939601773416585,0.347421866283275,0.650426070772156
TTC19,-1.64520507896768,0.0999275264940059,0.354113074230486
TNFRSF13B,-1.88192030665448,0.0598468368431559,0.272109104799683
BFAR,-3.101509703302,0.00192536562098851,0.0385890255495734
KPNA3,NA,NA,NA
MPP5,0.691952561091838,0.48896712086826,0.757242067466195
CDK2AP1,NA,NA,NA
RTRAF,2.64132740686857,0.00825818713843172,0.0919771757556875
UTP6,-1.4013651912048,0.16110489578293,0.453120586667414
BLMH,-0.354604932398784,0.722885580483555,0.890249115171338
TAOK1,NA,NA,NA
BTBD1,1.71396596816526,0.086534976209525,0.330651618336247
CUX2,-2.87849045745152,0.00399583369546772,0.0613046079247799
LHX5,0.768985179563765,0.441902108677928,0.724769336481533
ALDH2,0.0375228208146933,0.970068144578523,0.989474379027583
ERP29,1.39650710291999,0.162561843175933,0.455353952562501
ANKRD13A,0.842936321675329,0.39926405837833,0.694229097546205
TRPV4,-0.511695159090523,0.608864374649871,0.829014862727013
NAA25,-0.132359970911993,0.894699574637352,0.962669987320731
CHRNB4,1.28307924953441,0.199464312781486,0.501521395794488
VAC14,-0.832093007595331,0.405356448395119,0.698249931397133
TANGO6,-0.536740000349436,0.591447221611058,0.819168766656246
ARG2,-2.1717482178656,0.0298746594074057,0.189373260471776
TM9SF1,0.330745015371917,0.740837096742182,0.896965418569161
IL17B,-1.12058820716138,0.262463187051387,0.574832417785588
NDST1,1.43576959092096,0.151067915469476,0.437847782618858
CSNK1A1,NA,NA,NA
PDGFRB,1.17734731649677,0.239056908455094,0.547524179539621
FAT2,-0.937011417318974,0.348752685009081,0.651950229325015
PFDN1,NA,NA,NA
PSMD9,-1.53969347136331,0.123635088971217,0.396717546125065
ANAPC5,-1.38479128298173,0.166116297156573,0.460699115916705
CYP46A1,0.0696658074603399,0.944459657327336,0.978964473120895
GNB5,0.793593842764673,0.427431918110911,0.714475669190045
MYO5C,-0.0855253806260626,0.931843718569073,0.97419732099729
MAPK6,-1.34758857486605,0.177790747306885,0.47644264164083
SPPL2A,-2.2759129835679,0.0228512182432162,0.162669944438016
GLCE,-1.28129081475396,0.200091537950141,0.501961163821722
CORO2B,0.432847801203847,0.665125343786841,0.858944983362395
SPG11,-3.7669662165005,0.000165243351533142,0.0074320164534787
SLC30A4,-1.03079618133829,0.302636409386706,0.609801417983161
EIF3J,2.35525103689787,0.0185101960449109,0.146355684646151
HACD3,-0.628805500642693,0.529476398441296,0.783764064378966
APH1B,-2.02665863845454,0.0426973352089584,0.228000752536318
AAGAB,-0.750030222248173,0.453236502859611,0.731158179089397
TIPIN,-1.25831613581215,0.208277447890041,0.51201738507417
CILP,0.231787484733709,0.816703078105883,0.931226731485643
TRIP4,-0.63019665615309,0.528565926776635,0.783106694651814
PARP16,0.265557028865666,0.790580383543849,0.92130940518766
SNX1,-1.09768341955231,0.272342752293776,0.584276500945989
RAB11A,NA,NA,NA
LACTB,-0.102636317575573,0.918251617779271,0.969172960460982
CCNT1,-0.079736094310824,0.936447151725061,0.97548081426295
HCN4,0.50364965834204,0.614507590166188,0.832715091695788
SEMA7A,-0.463580175193362,0.642948560648912,0.847026296619856
LOXL1,-0.00616660366449955,0.995079793326976,0.997919293699466
FLT4,-1.35981020267999,0.173889992928459,0.472033064480844
FAF2,0.793560085519331,0.427451576841009,0.714475669190045
CNOT6,0.285701847545447,0.77510648952088,0.914395727528457
TUBGCP3,-2.52668152468074,0.0115145865883528,0.112481210422229
RBM25,-0.826648482455608,0.408436329172871,0.700679964406904
LTBP2,1.7740822903984,0.0760495396673422,0.307782711155028
VSX2,-0.857827998510732,0.390987446962513,0.687846600523574
SPAG9,0.135171538259218,0.892476249715476,0.961709524307705
SGCA,0.158479799739158,0.874078736976924,0.954620067442023
ATP5F1B,0.94063203671984,0.346893458433964,0.650426070772156
RBMS2,0.0584381704269204,0.953399611104589,0.982802599585468
IKZF4,0.495630940242473,0.620154819230873,0.835721386500531
PTGES3,NA,NA,NA
PIK3C3,0.0266899169934999,0.978707055342563,0.992565668098571
MEOX2,0.154029594229662,0.877586401206071,0.95607608443367
PHF3,-3.21275173034964,0.00131469881068666,0.0306128327073911
ATF1,-0.372577107228973,0.709463213779045,0.884156661382758
CALCOCO1,2.29882399170468,0.0215149358771714,0.157681575257132
TSPAN13,-0.786871606351119,0.431357030400381,0.717440836827048
RAB27B,0.379109174066583,0.704606794002886,0.880656510708099
ZDHHC2,-0.813574660633484,0.415888659039803,0.706169597237023
MTUS1,-0.263946878118019,0.791820852570199,0.92160533597018
EFCAB1,-0.567839135852743,0.57014420304769,0.80719685183218
MCM4,-1.07854402368794,0.280791046410923,0.592252575520059
MYOM2,1.50285540318276,0.132876335369788,0.411649688419074
TWSG1,-1.46048376249543,0.144157166942238,0.427660602047722
ANKRD12,-1.38023443239863,0.167514475573039,0.462814000180153
CEP76,-0.852335710887555,0.394027790996764,0.690398779167526
RBL2,1.23222212147872,0.217866121989545,0.521939257372544
LPCAT2,0.655493157790024,0.512150290262511,0.772691176480783
CACNG4,1.60298153044291,0.108938731832599,0.370784260237442
WIPI1,-0.134632964586156,0.892902076913544,0.961859832717689
WDR59,-1.38534482259294,0.165947054213062,0.460398730175839
MTFR1,-0.503281539192832,0.614766343828762,0.832788127298162
CDH19,0.458005445236097,0.646948529198327,0.848702496061179
SMAD7,1.65571298485137,0.097779956460359,0.35028819630914
SMAD2,NA,NA,NA
VIPR2,1.69854467152627,0.0894050089302459,0.33659404458243
KCNH2,0.161285197291108,0.871868781476377,0.953782200076667
RHEB,NA,NA,NA
SMARCD3,NA,NA,NA
KMT2C,0.771297269888522,0.440530750222908,0.724301458906987
PSMB1,-0.994905813730776,0.319782075038373,0.625616673058006
ADNP2,0.970324828491859,0.331884605150243,0.636276732198364
CRISPLD1,-0.809523613476724,0.418214025904625,0.708023828175263
TRPA1,-0.0917721550461022,0.926879067733202,0.972610937757956
TRAM1,0.219601526639267,0.826181502347268,0.934595019348148
ARFGEF1,0.482423298416914,0.62950527365581,0.840205536242106
ANXA13,-2.44054297691115,0.0146652008733266,0.129758380129665
TMED2,NA,NA,NA
YY1,NA,NA,NA
RCOR1,-1.68703837634648,0.0915959729950541,0.340014331589599
MOB3B,NA,NA,NA
SCPEP1,-2.49920533269919,0.0124472166740667,0.117932500550781
LPO,-1.8251368821288,0.0679803757027716,0.290121275803526
VMP1,-0.122327486186316,0.902639664633022,0.96447714218272
PRR11,-2.78165285298772,0.00540828559492032,0.0725420061521854
TRIM37,-0.332856111907927,0.739242899723516,0.896224524718956
LMF1,-2.00173596296007,0.0453131363887325,0.233870258574633
NUBP2,0.0508438688238976,0.959449933795399,0.985882316132303
PKD1,-0.673812391534614,0.500430595750883,0.7650535768022
RHBDF1,0.257146867416116,0.797065398683148,0.924140885752627
CLCN7,-1.22171706732475,0.221814639789806,0.527380826219173
TELO2,0.235159734072804,0.81408475725006,0.930092365284678
AXIN1,-1.40526489995262,0.159942521657662,0.45124656040429
RPE65,-0.450766656915973,0.652157734997638,0.850557322109632
WLS,-1.01625137098459,0.309509699212367,0.615944469034466
SLC1A1,-4.7517831253099,2.01630575671431e-06,0.000406898244173976
FAM86B2,-3.99754782684893,6.40020622934958e-05,0.00417024258903718
GLIS2,0.0129685763383139,0.989652863201974,0.996710034569025
CREBBP,-0.742778314545251,0.457615906573066,0.734370779982921
MGRN1,-0.203843110180366,0.838476103004598,0.93984949329517
ALG1,-2.72539003578095,0.00642255664479882,0.0802129553852891
DNAJA3,-0.485428726907086,0.627372258987109,0.838880150083908
UBN1,-1.40033076723291,0.161414291520527,0.453400143765466
N4BP1,0.0442314556216618,0.964719908621745,0.988061488247497
WSB1,-2.38085115773972,0.0172726894645507,0.140942161548753
TRAF4,0.323817897097152,0.746075905727903,0.899098810794264
RGS9,-2.29438438937047,0.0217684290372566,0.158787327209406
ITGA2B,-2.01341692099694,0.0440707869595052,0.230806070033936
MAPT,-0.588512754827287,0.556188175152536,0.799883231543017
DHX8,-1.34118093355951,0.179861715195818,0.479462028583382
SLC4A1,-5.38614438495763,7.19851435754548e-08,5.19776579619951e-05
CRISPLD2,-2.01814536303775,0.0435761244436638,0.230356556561983
FOXF1,0.976881897769654,0.328627624626792,0.633109608067462
COTL1,1.03675759469629,0.299848842823879,0.608014325851743
ATP2C2,-2.13458614533165,0.0327948301373925,0.197605850492933
MLYCD,-1.6602190566011,0.096870392329207,0.348666297941898
METTL2B,-0.434935606804248,0.663609168269766,0.857940093326435
SMURF2,0.264590761929803,0.791324737488181,0.921514944357046
GLP2R,1.00758722256409,0.313652665521351,0.619516283016424
DNAH9,0.7833802766751,0.433403834785083,0.718760421192932
CHD5,0.92509840022171,0.354914725150353,0.656550813464086
ERP44,1.23238562657626,0.217805067520774,0.521939257372544
INVS,-1.77060735149866,0.0766260186126912,0.308749047994309
GINS1,1.13190131517954,0.257675925710484,0.568234990101451
SLC27A6,-1.51008384279232,0.131022031710401,0.40774401631128
ISM1,-2.23969041987642,0.0251110279478929,0.17155418370188
GNAO1,NA,NA,NA
CFAP20,5.14571706046274,2.6650084679563e-07,0.000130535190368552
CSNK2A2,NA,NA,NA
COQ9,-4.10456037178964,4.05084478384743e-05,0.00307221797162384
NLRC5,0.345898096514419,0.729419299215599,0.890852127423931
SRCAP,0.347302353167282,0.72836418311671,0.890852127423931
SETD1A,1.156184101754,0.247605861300067,0.558230609572819
PCSK2,-1.51162387686502,0.13062957395514,0.407653976770376
DZANK1,-1.13529652933983,0.256251095913179,0.566812442895619
SPTLC1,1.33682572683939,0.181279529397895,0.481627329159808
ZC3H3,2.8391328572759,0.00452363180859703,0.0659856408219289
RPL8,3.66213733414318,0.00025011970315761,0.0100260184459358
DOK5,-0.708235958926106,0.478798739103218,0.75011471546007
TTPAL,0.761686121910734,0.446247360222008,0.726906928667213
SLC9A3R1,-1.63491262577833,0.10206736532362,0.35762625197555
ATP4A,0.300928883154832,0.763468725001473,0.907167773170358
RBM42,1.9132292445594,0.0557187112054541,0.262566918595593
VAMP7,-1.17520100767248,0.239914307198492,0.548334091104599
CCNE1,-0.150615111089388,0.880279340455854,0.956840105784991
BPNT2,0.933874632362861,0.350368565729606,0.653755990283468
RAB2A,NA,NA,NA
ANOS1,1.82599698530113,0.0678507159472254,0.290115873844572
CDKN2C,2.22352415143839,0.026180476693759,0.175527668055051
ACIN1,-2.32690855864503,0.0199701325929335,0.151881551959945
AJUBA,-0.311948581114948,0.75507960096392,0.903270523300206
TEP1,-1.04496175892122,0.296040644084661,0.604701217986584
CDH20,-0.441403155599537,0.658921158128449,0.85520300193065
PHLPP1,0.55643082319301,0.577916372551506,0.811660987174568
EFCAB6,2.07665716495868,0.0378332127478473,0.213016211268803
PPARA,-1.9449091187365,0.0517859173534277,0.252529455645369
PRDX1,1.45521884249986,0.145608686076687,0.430614180820136
PGS1,2.32692010833528,0.0199695177558137,0.151881551959945
TIMP2,0.973005890695499,0.330550374403979,0.635547345390214
LGALS3BP,-0.90212763607065,0.366989069775508,0.666659312711562
ELL,-3.13543386468144,0.00171600115434633,0.0363201097551536
MAST3,-3.48374429227352,0.000494451647261629,0.0159320965744515
COPE,-1.74162162799712,0.081574674295388,0.320726583592042
MAU2,NA,NA,NA
TRPC5,1.17042345568185,0.241830601018526,0.550963974459816
MID2,-0.666670713533432,0.5049824895703,0.767191876856503
AMMECR1,1.02694638022558,0.30444571315929,0.611499126975076
PRKX,-2.17203766543267,0.0298528220236895,0.189314245246326
RRAGB,-0.316752941315835,0.751431074196015,0.901884393078404
HUWE1,-1.97056653170102,0.0487734779568921,0.244061191683627
BPI,-2.11625626224816,0.0343230184496121,0.20229697925528
SLA2,-1.21685790719762,0.223658283235871,0.52951965788195
RALGAPB,-1.11059246912981,0.266743805812153,0.578351976419913
XRCC1,-2.88565418305651,0.00390601085409164,0.0603554560603608
MARK4,-1.3304290440095,0.183376950453573,0.484008973767072
HACE1,1.5264821791677,0.126889825278731,0.401079071242875
ATRN,0.427616205329401,0.668930565657005,0.861550280202198
CNPY4,0.153267916346101,0.878187000749333,0.956328459601339
RASA4,-1.16591237067622,0.243649876840974,0.553689765236211
ARPC1A,NA,NA,NA
MYDGF,-2.01334856728078,0.0440779723476666,0.230806070033936
MAP2K2,-2.11717295954517,0.0342451714222338,0.20207459216431
TLE2,-1.02113813224391,0.307188999010429,0.613532169018391
GNA15,-0.291681254185918,0.770530343265087,0.911775559380736
DPP9,-1.48066146241179,0.138696808181181,0.420583812428227
ZFR2,-0.463746272326317,0.642829540879428,0.846990488269284
YJU2,-1.06296159737292,0.287799367008208,0.597913669814139
PIAS4,-1.37255623163084,0.169890346399936,0.466513474891109
ZNF330,0.757836910988861,0.448548622473422,0.728006313265852
GAB1,-1.07135199777427,0.284011187805389,0.594376074762667
UCP1,-0.276166574333626,0.782420129059361,0.916797161382109
NOMO3,-1.58290694133586,0.113442676407206,0.378442765091767
MAPK3,0.851215536778997,0.394649633706551,0.690831143817143
EEF2K,-0.476349821184807,0.633825176979238,0.842109768009279
DHTKD1,-4.44401621062823,8.82949475075048e-06,0.0010760590699463
PHYH,-2.11785297701447,0.0341875210549829,0.202001044655588
SORCS1,2.74898144851278,0.00597807695810793,0.0770167936836548
EPC1,-1.93423801062921,0.0530838709373143,0.255977989608032
MTPAP,-1.43388093522267,0.151606243244106,0.438650880318769
SCARF1,-2.92588477817689,0.00343478125574115,0.0557533988579595
SMG6,-4.34858759359825,1.37017092564777e-05,0.00143791826586035
ASPA,1.23338921961565,0.217430585104623,0.52147452818617
DPH1,0.259627615484209,0.795151032525187,0.922912626998512
ITGAE,-0.211664510019665,0.832368777630125,0.937663583119378
PLD2,-0.11574825761886,0.907852059207091,0.965479262402362
METTL16,-0.164062888865224,0.869681636289154,0.95331613852296
SLC27A5,-3.00495128541001,0.00265623388327546,0.0477768605552849
A1BG,-0.71233969942477,0.476254446199185,0.74808287360847
CCDC6,0.347007065856268,0.728586010442177,0.890852127423931
RAB36,-1.56112879229655,0.11849336588172,0.387507410777872
CABIN1,-0.778075070666563,0.43652475825959,0.721514610392119
PRKCQ,-2.15668975043042,0.0310298461352591,0.192972442302895
SLC17A6,0.0631129216785619,0.949676584801892,0.981172536741744
CAPZA1,0.601633495537741,0.547418127493362,0.794600205809211
PALMD,1.90225781686821,0.0571374575234047,0.266171781163284
KIF18A,-1.52396625008949,0.127517142265447,0.402724985144293
BBOX1,-1.79552624782515,0.0725698946505043,0.299884125774794
MSH4,-3.07902432271052,0.00207679725580149,0.0403400515805555
DGCR2,-2.31836035540016,0.0204297447559533,0.153294092726895
UFD1,-0.195370429947016,0.845102964024759,0.942361782937674
MED15,-1.96115548093442,0.0498608883492985,0.246835986828753
ARVCF,-1.11470551744352,0.264976635877942,0.576909223654727
HIRA,-4.68410477396221,2.81186157440312e-06,0.00049228272315167
PPM1F,-0.468152971643258,0.63967520037015,0.845412576695049
UBE2R2,NA,NA,NA
SYP,1.70978505180181,0.0873056282017998,0.332165824115206
ACTR3,NA,NA,NA
DDX18,-2.78986202942644,0.00527305069646551,0.071691556771168
ARFGAP3,0.440742624839982,0.659399334517155,0.855645092153808
PACSIN2,-0.729007715602551,0.465996942854534,0.740109910711268
EP300,-0.31849230623863,0.750111529792525,0.901216483031653
DESI1,NA,NA,NA
PLEKHA4,-1.15208308118933,0.249286934783337,0.560682267963356
FAM83E,0.00448821260154118,0.996418936482489,0.998400939406137
MREG,1.41809886366927,0.156161902987532,0.446193737558628
GRIN2D,-1.17737512305791,0.239045814604751,0.547524179539621
LIG1,0.742424090085584,0.457830428327226,0.734405936313355
OPA3,1.90106259748108,0.0572938139311455,0.266653562096542
EHD2,-1.72504775729305,0.0845188662825799,0.327920181582117
HSD17B14,-0.185961941770994,0.85247460675217,0.945508447447641
LY9,1.05850874915396,0.289823564127211,0.599728016033193
P2RX3,1.00783730860151,0.313532571895906,0.619516283016424
NOX4,-0.843431287967863,0.398987279519322,0.694002735738489
TYR,-1.42762562403551,0.153399644166173,0.441755909893992
IL37,NA,NA,NA
IL1A,-1.66324821786095,0.096262759361306,0.34752097932825
IL1B,0.441415176703073,0.658912457011915,0.85520300193065
TCF25,1.1405757782393,0.254046501662934,0.565216865171363
NAPA,1.54766175794198,0.121703753914819,0.393577386937886
ITPKC,-1.75248345574128,0.0796907122233731,0.316750668889956
KCNK6,-0.0805503761097393,0.93579953202125,0.975360508929812
BRD4,-1.49778193782794,0.134189915086405,0.413430784258054
IL27RA,-3.13909978530429,0.00169467729060433,0.036070370726215
ASF1B,0.310080585919468,0.756499675340674,0.904125634384342
ILVBL,-2.48389391188984,0.0129954516836839,0.121376554909661
FAM32A,NA,NA,NA
NOTCH3,-1.18630718552695,0.235501010010198,0.54342514326983
MED26,-1.52325250161111,0.127695545533634,0.402976370549152
COMMD9,0.451659973403664,0.651513957722271,0.850011130890007
LIFR,-0.911196824426395,0.362191676940342,0.662483735405767
C6,0.249009979712229,0.803353061824654,0.926243340985289
PRKCG,3.97172678269334,7.13535284714462e-05,0.00451169256175939
PPP1R12C,-0.411018645356953,0.681058862817754,0.867658197176015
PTPRH,0.22322066933591,0.823363765954954,0.93356558952038
ALG6,-2.07549672486103,0.0379405220886674,0.213461343932964
WDR11,0.770485429839636,0.441011994616663,0.724662939682141
CEP126,1.05149466267834,0.293031459451707,0.602182459262426
PARP12,-1.95364294237212,0.0507434584154052,0.249035737088618
P4HA1,0.783317677198937,0.433440585135013,0.718760421192932
VPS26A,NA,NA,NA
PALD1,-1.95461330294898,0.050628729954224,0.248894393971448
DDX25,-0.662267182407845,0.507800005025447,0.769166334772846
FOXRED1,-2.58639310091547,0.00969862493652834,0.100894837323403
DCPS,-0.635045129153212,0.52539898218142,0.780739245990362
SIAE,2.01688289426271,0.0437077355815633,0.230356556561983
BARHL1,1.73647656653381,0.0824796042958775,0.323096525076531
ARID3A,-1.85421013860221,0.0637091021643568,0.280119857988874
TANC1,2.83084460268623,0.00464252706675657,0.0669445315198715
LY75,-2.01544925402206,0.0438575980808167,0.230356556561983
CD81,1.21019495793471,0.226204092392428,0.532574775358843
OSBPL5,2.13851575151611,0.0324749071009574,0.19669771387161
CNRIP1,2.14470013193417,0.0319768303519458,0.195482953187138
PNO1,1.55610235402781,0.11968375534679,0.390133932441909
TAF1B,-0.864236361880285,0.387458060987997,0.684506221376037
CNTN3,2.0125436859361,0.0441626564206868,0.23092943385101
PDZRN3,1.81721263292685,0.069184561362361,0.293439092406854
CHRDL2,-3.08808451242217,0.00201451172407993,0.0395881679769777
SPCS2,0.28248766903021,0.777569600421044,0.914826393577398
ARHGEF17,-1.70645591939264,0.0879232268114619,0.333393774142963
POLD3,-0.581290779119657,0.561044494127193,0.802204976369585
SELP,-0.299134587577703,0.764837356744346,0.908270644978768
SNRNP40,NA,NA,NA
DNAJC8,NA,NA,NA
MECR,-2.7420848780749,0.00610505636942733,0.0776596059383719
TFCP2L1,0.954422875519113,0.339869631519235,0.644916680590081
PTPN4,-0.841398988230265,0.400124452103631,0.694781192714016
CLASP1,-1.16064452334509,0.245786491168276,0.555703987811937
EPB41L5,-0.145706618199886,0.884152996565114,0.958356576184819
LHX4,0.333410996199888,0.738824063795807,0.896046656862867
FAM20B,0.610378835615375,0.541610884731592,0.791326067023879
EPAS1,0.926353399108056,0.354262353522117,0.656183548641822
SRBD1,0.173433125147305,0.862310989507787,0.950538074494278
KAT2B,-2.347501687362,0.0188997875507966,0.147632251130451
FNBP4,-2.13942713899683,0.0324010909546961,0.196565751307655
NDUFS3,-1.16707921005953,0.243178382809201,0.553213925335163
ACCS,-2.18451654330157,0.0289243130018475,0.186146131107372
CHMP2B,NA,NA,NA
WDR76,-1.65722938012063,0.0974731087125321,0.349801597263517
TYRO3,-1.13422179521603,0.256701523834097,0.567311286137708
OSBP,-1.298490304799,0.194118905742486,0.496950827849585
ZC2HC1A,-0.824122262135203,0.409870091944668,0.701722507987599
IL7,-1.16454320482074,0.244203945019665,0.554448620363157
CHMP3,-0.113074283383572,0.90997166309794,0.966340964848734
POLR1A,-1.13135251915127,0.257906747456489,0.568561162299411
VAMP8,-1.93386684976541,0.0531295009113311,0.255977989608032
MAP4K3,-1.2043793958299,0.228442972019633,0.53437388682504
RND3,NA,NA,NA
USE1,-0.834714735459401,0.403878342978444,0.697042571836126
STAM2,-0.475945889741033,0.634112927950194,0.842214323007851
GRB14,-3.15844135586997,0.00158615218666617,0.0347187840774192
STRN,-0.999501772770648,0.317551680734718,0.623469013805776
CHIC2,2.891206470112,0.00383765901925207,0.0596653324063141
KDR,0.0614274783678787,0.951018769102805,0.981881235135724
LNX1,0.081163568642392,0.935311871906975,0.975259298161747
TNFRSF8,1.28780926067964,0.197812367837287,0.500391781512735
PKP1,0.0819564927006578,0.934681310809471,0.975193292711838
GTF3C3,-1.47751538324639,0.139537537795266,0.42122093592219
COQ10B,-1.30217351994964,0.192857075109742,0.494940370324188
USP13,1.26805520046545,0.204778238456716,0.507920762916308
PIK3CA,1.6639792849533,0.0961165691535112,0.347408178198484
SLC9A1,0.652557709061598,0.514041457337399,0.77383904398431
GATB,-2.26518915631143,0.0235010742881512,0.165262091504207
EHBP1,-3.18786287874121,0.00143328487795036,0.0324248519095597
SLC7A6OS,-0.395285287023498,0.69263235641406,0.874652312282871
CKLF,-0.470320179498217,0.638126282329227,0.844723579060904
LCAT,0.684744023199086,0.493505463854373,0.759691275858061
CDH3,-0.881493585091893,0.378050724573948,0.678113062286232
NECTIN1,0.797212975974657,0.425327351190442,0.712825433202834
SC5D,-1.0369470200685,0.299760548799912,0.608014325851743
TREH,0.233950217786852,0.815023626632195,0.930601373422655
UPK2,-1.96488733961993,0.0494272783676844,0.246145890469138
CBL,1.37738933746488,0.168391907660288,0.464198925312344
MCAM,1.93843447464053,0.0525702378410358,0.254628664824914
GPC1,1.28611377085293,0.198403358794108,0.500796986486815
FARP2,-1.59587020648968,0.110517774588468,0.373279716009549
SLC5A7,-2.20711989366522,0.0273056842920495,0.180098274340939
NGEF,1.17319249431501,0.24071862125483,0.549522657599326
DGKD,-1.88125458806088,0.0599372952436836,0.272248994806897
EFHD1,1.16175959466053,0.245333130857948,0.555116287143151
DNAJC10,-2.62818878786835,0.00858408611863232,0.0941383958089779
TUBB4A,2.93636207273937,0.0033208646247104,0.0545600168018162
MCOLN1,-0.00845637614364658,0.993252868449636,0.997742445361001
GPR108,-0.435675896016934,0.663071896520093,0.857538938828553
DGUOK,0.470101283714124,0.638282657072114,0.844856574728368
LOXL3,-0.485158511988095,0.62756390909123,0.83896426171739
HAT1,1.51872810884177,0.128830948230288,0.405349425287551
ATF2,1.39077042583759,0.164295053857477,0.457748313771052
LAMC2,1.43998928565002,0.149870430395191,0.436469829279654
OSGEPL1,-0.0416520315753195,0.966776094004277,0.988693262001261
MCM6,1.03442371299266,0.300938123459717,0.60888698911812
CCNT2,1.026724077057,0.304550408585121,0.611565770736578
RAB3GAP1,0.196328854121172,0.844352778516792,0.942361782937674
ZRANB3,0.430871843806903,0.6665615572355,0.860064741542254
DARS1,-0.686864033169428,0.492168413770522,0.759253682002872
LCT,-4.52003533240466,6.18293115243172e-06,0.00086149690283124
AGPS,-2.75490256628934,0.00587096159996935,0.0763528155755051
ORC4,-0.416445390644936,0.677084119790711,0.865904805543949
KYNU,-1.70931650228098,0.0873923381423882,0.332244783398181
ARID4B,-1.63708911868809,0.101611849864625,0.356940556753652
NID1,-0.838008554724857,0.40202589893221,0.696003595447766
CYTIP,-0.715728027096303,0.474159301287196,0.746716898817435
MUL1,0.515249109452883,0.606378955775554,0.827951207014232
NMU,0.302710440859632,0.762110540245906,0.906494646532556
PPAT,0.130740352460614,0.895980709651847,0.962670893388458
SRD5A3,-0.344246172773604,0.730661160972456,0.891470326547372
NOA1,-1.70145753980992,0.0888571044448144,0.335626663795621
UPK1B,-2.10864440820237,0.0349752866651707,0.204065341147381
ARHGAP31,-1.72284730601931,0.0849161414835582,0.328608985328888
CD80,-0.312813442404987,0.754422402001933,0.903033874635847
CHST10,-3.20034605178826,0.00137262675315312,0.0315453039970769
PDCL3,-0.475461591516484,0.634458003196594,0.842423536085576
TXNDC9,0.974138877780881,0.32998758814288,0.634853269511802
IL1RL2,-2.65561558431355,0.00791637991721127,0.0901524742342854
RPL31,3.86486125784262,0.000111152363776677,0.00591455817391952
IL18RAP,-1.64861697544377,0.0992261287795419,0.352742047818451
GFM1,-1.69089032938025,0.0908577506349123,0.338688289983916
LXN,-1.30109103589005,0.193227295738554,0.495343662968791
ALS2,-1.20819184254322,0.226973478803442,0.532930126253558
NOP58,0.23625801521776,0.81323246378996,0.92967959900408
OCIAD1,0.413768799640895,0.679043435768637,0.866624812206371
SLAIN2,0.151307502453285,0.879733151318985,0.956613571972262
TXK,0.418084911861349,0.675885036057319,0.865533586938183
GABRA4,-0.929197781497878,0.352786596954819,0.655677168021303
TOP2B,-1.74350039894823,0.0812462446661028,0.320154693453493
YWHAE,NA,NA,NA
FAM13A,-0.34107778369194,0.733045025555366,0.892752539247592
HERC6,0.741846311179056,0.458180457882283,0.734405936313355
HERC5,-0.665584239151825,0.50567688316093,0.767903993563659
PCDH10,2.93715637892785,0.00331237028107553,0.0545600168018162
NDST4,2.01110299573337,0.0443145788289761,0.231126985671637
CRYGD,1.03967963050307,0.298488767207132,0.606961512883882
PIKFYVE,-0.188021737717361,0.850859610840137,0.944609964400398
BCHE,0.942438264414091,0.345968304429812,0.649785801432378
SI,-3.74198296689261,0.000182573892758109,0.00789459010972334
PRKG2,1.0885893754024,0.276335004113687,0.589148900833941
CUL3,NA,NA,NA
GLRB,-1.83129109903108,0.0670571054894478,0.288593658150016
FNIP2,-1.57496867544976,0.115263675159087,0.381758598849144
C2orf42,-1.13736387980559,0.255386200464991,0.566067626595176
ADD2,0.130424511269306,0.896230575030046,0.962700159381557
MXD1,1.34553326556761,0.178453086141898,0.477222268231529
SLC30A9,1.06605177161194,0.286400239355741,0.596635928002486
SEC22C,0.298890568724682,0.765023543433029,0.908386563083204
CDH10,-0.326250736953374,0.744234656971691,0.898239291794855
CSTA,-0.090699241667545,0.927731573210872,0.972792085370712
FGF2,-0.0534263981287324,0.957392172579212,0.984761129323241
BBS7,-2.42347792313772,0.0153726876069505,0.132673932105218
KIAA1109,0.380010977395381,0.703937266562908,0.880174445466718
RBBP5,NA,NA,NA
IFT57,-1.31325335870136,0.189097589327317,0.490218428950071
UBE2S,0.130040836695455,0.896534117973932,0.962759824144525
GZMM,-2.12582589016468,0.0335177594391141,0.199496014432411
SHC2,-1.96352973065745,0.0495846533842602,0.246244916839612
PHRF1,-0.440412127321486,0.659638643033407,0.85575912162251
IL11,0.410436907222652,0.681485477144034,0.86805533804793
AGA,1.02496024188829,0.30538194773128,0.61236305375195
NEIL3,2.19979807606039,0.0278212245485721,0.181613108154653
RAB17,0.0305686066079241,0.975613578741483,0.991224445471379
MLPH,0.212918674938639,0.831390395860329,0.936934623998558
ASB1,1.33816412663532,0.180842940347773,0.480890113414666
CP,-2.23556381088992,0.0253803573616195,0.172696130875782
CNTNAP1,2.50046875529918,0.0124029073097102,0.117734130191169
PSMD3,1.20694372591827,0.227453816645712,0.533007146066206
CASC3,-1.29790660436884,0.194319430342493,0.496950827849585
KRT24,-2.30799367861984,0.0209994880843446,0.155713574058202
STAT3,NA,NA,NA
KCNH4,0.07935596481688,0.936749493119531,0.975546712150945
NNT,1.13749589278986,0.25533104060262,0.566067626595176
FGF10,2.86192246547888,0.00421079903050009,0.0628705501904391
MTRR,-0.16159333560641,0.871626105752391,0.953782200076667
FASTKD3,0.958754858154302,0.337682255257697,0.642673725123215
NSUN2,-1.20330945106422,0.228856593094296,0.534761008480317
UFSP2,0.991101528078779,0.321636006925491,0.627655389547781
KLKB1,0.27906849292969,0.780192261939881,0.916197266703831
FNDC4,0.466159574506177,0.641101283068487,0.8465113665121
CAD,-1.66921201473216,0.095075369841416,0.345296560692977
DNMT3A,0.903493057106273,0.366264271421983,0.66590299202707
RAB10,NA,NA,NA
DNAJC27,-0.142233987019652,0.886895186926753,0.959146893701713
KIF3C,1.84249207696686,0.0654032043974309,0.284760576279404
FOSL2,0.195579757089673,0.844939105779877,0.942361782937674
GCKR,-0.621448305365892,0.53430469745481,0.786443224694369
GPN1,-0.00715479174957992,0.994291350832578,0.997790749304862
GTF3C2,0.253129273585535,0.800168318283713,0.924942110001555
TMEM40,-2.72682919641177,0.00639461305828955,0.0799961858748938
TP63,-0.867230009995404,0.385815996427828,0.683528513925544
CLDN16,-7.51699349009813,5.60502070046991e-14,8.47030728255013e-10
PLAAT1,0.347524879101527,0.728197031014693,0.890852127423931
ITGA9,-0.0631047657622625,0.949683079335726,0.981172536741744
ADD1,-1.43605237921946,0.150987437214112,0.437782454178754
TMEM175,-0.194162992243856,0.846048259306038,0.942743053726061
PLPP1,3.67345077802009,0.000239296790170627,0.00973303212928208
SLC2A9,-3.92459535434968,8.68756432007617e-05,0.00508862294592988
PRDM5,-0.326134766490494,0.744322393938029,0.898239291794855
MIER2,-2.14797623626037,0.0317156433194935,0.194594722632637
LYL1,-1.28628932955133,0.19834210505556,0.500796986486815
COL5A3,-2.94644905294644,0.00321445367024994,0.0535878996073023
ICAM1,-2.6163675712678,0.00888708304140286,0.096342610417274
OLFM2,-0.465723665357289,0.641413310683045,0.846663371519188
KLF1,-2.15241233323285,0.0313648931873163,0.193938733979838
C3orf52,-1.19349568196333,0.232675302263917,0.539458295153776
PI4K2B,-1.78927024601341,0.0735713034526487,0.301984867754573
TBC1D19,1.23557163573806,0.216617833410784,0.520270739908435
PPARGC1A,-0.129808556686746,0.896717892942043,0.962759824144525
F13A1,-0.68023684294433,0.496354507391282,0.761823005859948
NUP54,-0.352910726592944,0.724155368946087,0.890361722847064
CXCL9,-0.492737078723886,0.622198374851308,0.836461332688636
SCARB2,1.93109360692704,0.0534714774797669,0.256440645641694
USO1,0.521780747026501,0.601822996207543,0.825484741018274
ANXA3,0.228612025348389,0.819170477196337,0.931895833438049
ARSB,-2.64828497385852,0.00809012967441192,0.0910335365895108
RAD18,-1.01233838429434,0.311376287945558,0.617370363973097
SLC12A7,-0.578863590562065,0.562681219185471,0.803299108732366
SDHA,-2.65289420918898,0.00798048787971945,0.09054139101976
PDCD6,NA,NA,NA
CEP72,-0.788059188291254,0.430662085692921,0.716849296791279
XRN1,0.240088938302108,0.810261309413111,0.928277087926297
GRK7,-0.00886131192894776,0.992929788552413,0.99761534496465
GRPEL1,0.184236565290583,0.853827875468054,0.94604053479531
EVC,-0.752418064212198,0.451799686648503,0.730302370802458
ZAP70,0.492389474039796,0.62244403896753,0.836506924347374
PPP2R3A,0.170825832665768,0.864360716097224,0.95166554498229
CEP70,-0.763477977060509,0.445178391492027,0.726280454736857
ACAD11,-3.43311625995933,0.000596686182147457,0.018104919866482
CDV3,-3.88308231962926,0.000103140630327591,0.00562693575996589
MRPL3,-0.847936539035921,0.396473314021176,0.692099424914869
GALNT7,-1.80274765001469,0.0714278550690108,0.297196515914893
SOX30,-0.997122572534356,0.318705017695479,0.624378333121685
GCNT2,-1.87977845849024,0.0601382774677707,0.272594525294799
FAM184B,2.01271051365901,0.0441450926831367,0.23092943385101
DGKG,0.304016379957202,0.761115412039616,0.905881451735744
DEPDC1B,-1.55113425582011,0.120869513420915,0.391801820424037
ERCC8,-0.0959889327227603,0.923529362381073,0.971400963103504
MGLL,-2.11371361722,0.0345397347448952,0.202941085328482
MCM2,-2.7784773755038,0.00546143164275883,0.0730609519520853
GOLPH3,NA,NA,NA
CDH6,2.39239569569948,0.0167387850978727,0.138530405475933
NPR3,0.271012496568243,0.786381420949186,0.918944945359117
VCAN,-0.403860669181525,0.686315179935009,0.87148937057204
RASGRF2,0.391127947275844,0.695702663862473,0.876227194544616
MSH3,-1.59300200081177,0.111159742195178,0.374547608484623
CPEB4,1.93271672999795,0.0532711030928538,0.256108120367576
STC2,-0.443872499843552,0.657134767908256,0.854246934419747
FBXW11,NA,NA,NA
THOC3,0.944776407504968,0.344773038992987,0.64918807631597
DNAH5,-0.947322370553898,0.343474534928305,0.647755857075561
WDR70,0.834171375900345,0.404184418633213,0.69726426191611
RAI14,2.53990970953239,0.0110881089849838,0.109661978390756
SLC1A3,0.805947969561424,0.420272850394299,0.709202067432771
AMBP,-0.357742544533522,0.720535991370904,0.889377326998069
ARRDC3,-1.25353227695691,0.210012060145439,0.513999052349282
SLF1,-1.49813713862608,0.134097623726993,0.413399283917242
CENPE,-0.339165160814696,0.734485313044389,0.893028289434674
ENPEP,-3.95978775646305,7.50164042862691e-05,0.00468449546104999
CASP6,-2.28952106948229,0.0220490951550566,0.159855685860146
LEF1,-0.145711431328053,0.884149196795995,0.958356576184819
EGF,-1.90989935198666,0.0561461735332402,0.263697259936405
PAPSS1,0.686269658404381,0.492543078533485,0.759366558130792
SEC24B,0.104495050129028,0.916776496201375,0.968848491336132
NME5,0.0396021497872324,0.968410313502823,0.989165815286215
PAIP2,NA,NA,NA
IPCEF1,-0.0663982021761319,0.947060801501796,0.979669892136143
ANKRD7,-2.15447926034926,0.0312026067032689,0.193416467026878
IQCG,-2.29613291683032,0.0216682827179184,0.158265388319566
LSG1,0.145841157331766,0.884046784391272,0.958356576184819
PCNP,NA,NA,NA
RBM27,0.767905821869589,0.442543138384065,0.725018851440203
SPDL1,-2.90975075340878,0.00361717094400086,0.0576610625587985
MINDY4,-1.21035173517081,0.226143953679227,0.532574775358843
TRPV5,-1.20971108703616,0.226389774038341,0.532648647869751
ABCB6,-1.58196469914456,0.113657629425618,0.378857094770409
PECR,-0.713531015631917,0.475517227760272,0.747764448065894
VDAC1,NA,NA,NA
CDKL3,-1.81847800586724,0.0689911053479876,0.292945654402582
UBE2B,-3.83368943798267,0.00012623550075024,0.00635890295779208
PITX1,1.20756477064753,0.227214717009772,0.532930126253558
FSTL4,0.501137886141003,0.616274084993906,0.83361385360078
AFF4,-0.852123137676193,0.394145751235064,0.690398779167526
MED20,0.399524275626525,0.689506940269607,0.873319982871012
XPO5,-0.0603359486503592,0.951888071204969,0.982070100746476
SRF,0.454051170008398,0.649791997535072,0.849555653638282
SEMA3A,-1.3611619982437,0.173462500519129,0.471244307993211
NRP1,-1.49964659850576,0.133705970227462,0.41286020569562
COL6A5,-0.106098373082776,0.915504301952842,0.968166620791557
APBA1,0.35777307876488,0.720513138843601,0.889377326998069
PIP5K1B,0.479766769581941,0.631393244314857,0.8411155419681
HIBADH,-0.494664050151467,0.620837281966791,0.835880368253862
STAP1,-0.772209370017926,0.43999043278492,0.723970440081782
ADGRF5,-3.98995934701808,6.60846208765755e-05,0.0042496629390928
POLB,-0.515076646109858,0.606499461464237,0.827951207014232
CALB1,2.14161384150504,0.0322245689818842,0.196203335761997
NBN,0.34505689130209,0.730051601079014,0.890992181965223
ST7,1.80880944154688,0.0704806129799768,0.295834141951408
TFEC,-0.104479383176425,0.916788928569724,0.968848491336132
WNT2,2.20366928920712,0.027547610465727,0.180533626324662
NRXN2,1.60689835246411,0.108076667894589,0.368847020149735
PRDX5,-0.735792241278947,0.461857143683761,0.737020607745407
POLA2,0.799625759522485,0.423927658233463,0.711693695122292
B3GAT3,0.761232581429132,0.446518160888447,0.727118100741395
BLVRA,0.238071912575899,0.811825319006828,0.9287329115744
KIF9,0.257679183472419,0.796654512887165,0.923948042881875
USP4,0.0670596085891804,0.946534249154089,0.979593588084961
PTPN23,-0.423316865130736,0.672064091064674,0.863493373713325
PRKAR2A,-0.68569585552336,0.492904920801498,0.759459539473108
EXOSC7,-1.06457385737751,0.287068815327345,0.597052564991308
SCAP,-0.877998639589869,0.379944456987499,0.679413162228741
CLCN2,-2.4337886565851,0.0149417164225979,0.130938721439016
MCCC1,-3.92027413547164,8.84482985011321e-05,0.00511897011901468
LAMP3,-1.6115975935588,0.107049534698179,0.366334367834892
ALDH8A1,-0.00496244306026752,0.996040559549115,0.99808798726253
UBXN8,-1.29420087438994,0.195596044844067,0.498036635161506
PON3,-1.90638721052189,0.0565999868188109,0.264728876758239
SLC25A13,0.550031214875417,0.582297963861061,0.813655740163509
NPTX2,1.15752808129058,0.24705667322533,0.557325040421135
CPT1A,-4.16596151414991,3.100430080187e-05,0.00266214200976056
GAL,2.95233997303923,0.00315375491082017,0.0529550491247938
FBXO3,0.10164542440715,0.919038122681017,0.969660043391285
ABCA2,1.22571418366462,0.220306250782695,0.524866011641397
TCIRG1,1.80350597499023,0.071308787924722,0.297003397221419
CHKA,-1.13188309120491,0.257683588351326,0.568234990101451
ADAM2,-5.18875087501564,2.1170940034542e-07,0.000123052017616153
ANK1,-5.41620680276002,6.08766864180687e-08,4.84193939552554e-05
KAT6A,-2.01603015494394,0.0437968226490642,0.230356556561983
PRKAR2B,0.41893364649567,0.675264626281144,0.865236478918149
DUS4L,-0.303937638593007,0.761175401941535,0.905881451735744
ABCB4,-2.59941096510345,0.00933838999174022,0.0988145759340393
ABCB1,-3.51477251295187,0.00044013083726286,0.0148099359468177
ADAM22,0.485527162835298,0.627302449487986,0.838880150083908
DBF4,-1.43766547213385,0.150528994355763,0.437544559089112
SRI,-2.25309162055456,0.0242533727065913,0.167993045392309
ANKIB1,-2.93625032836644,0.00332206121427096,0.0545600168018162
ANLN,1.0683223757675,0.285375118518151,0.595293899842825
EIF4H,-1.6734794396526,0.0942329507704271,0.34405613724153
BUD23,-0.556282151859157,0.57801798646124,0.811668744644888
ADAM28,-4.46401577550096,8.04376380926636e-06,0.00099637179250519
SH2D4A,-3.57972153089761,0.000343960550298354,0.0124055652413096
PDLIM2,-0.711549680373491,0.476743676369418,0.748213774773564
FSCN3,-0.120569192409683,0.904032271681118,0.96447714218272
ZNF800,-0.698738603847614,0.484715403943213,0.753990652021599
ELMOD1,1.25184629317175,0.210625877866903,0.514462302622375
EXPH5,1.96110298299101,0.0498670108382863,0.246835986828753
ADAP1,0.489356928272642,0.624589023970299,0.837154763181782
PMS2,1.43217154496488,0.152094733089892,0.439386308270891
GET4,3.01501702672057,0.00256964829789837,0.0467298737398799
HNRNPH3,NA,NA,NA
CCAR1,-0.854370784011339,0.39289957855606,0.689441005082763
REXO2,3.74965087416528,0.000177080932156363,0.00773424001949988
SQLE,-1.45246758881635,0.146371634874346,0.431856334678078
SNX19,0.166436040177138,0.86781381350551,0.952799195348836
BRINP1,-0.432416599921428,0.66543865541872,0.859148795728035
MAPKAP1,3.78400491544102,0.000154324773055354,0.00729104439702061
GTF2H1,-0.345633359376648,0.729618272203483,0.890855390993289
SERGEF,1.33308080973833,0.182505286224597,0.483354343748005
PIK3C2A,-0.820519807870244,0.411919842044946,0.703178622598875
FAM160A2,-0.470324103122682,0.638123479517718,0.844723579060904
RNF141,0.762306700726844,0.445876975597244,0.726714069804309
HPX,0.507305677521062,0.611940355547264,0.830847586837611
BTAF1,-0.254851945401206,0.798837452915281,0.924704862990184
TCTN3,-1.22975851505696,0.218787547350334,0.522903276223034
CPEB3,-0.169516165273783,0.865390658312752,0.952099900351149
DAXX,-3.09120112290069,0.00199348557114275,0.0393283994139808
MLN,-3.45054641458574,0.00055945295842374,0.0172638786476288
TMEM115,1.87133811967038,0.0612982300479598,0.275313094541683
DOCK3,-0.152835357637774,0.878528113918599,0.956328459601339
ITIH4,-0.749560168466346,0.453519647918927,0.731283495449299
SLIT1,1.32750609549206,0.184341324921515,0.484953868888819
SFRP5,2.30476830661185,0.0211795530042446,0.156511200489068
GID8,NA,NA,NA
DIDO1,1.71973067895402,0.0854814084752201,0.329256530219108
SLC2A4RG,1.69299925676144,0.0904556086798997,0.337973819043955
PRPF6,2.50194819003588,0.0123511998233989,0.11753862199698
TIMP3,0.430495584139158,0.666835178231494,0.860197457399431
FBXO7,-1.43110284074196,0.152400743266503,0.439938879129588
EIF2B2,0.364682728969735,0.71534825231376,0.887840242194936
TTLL8,1.34928467463296,0.177245546205807,0.475804047067524
TTLL1,-0.462334952082146,0.643841138503936,0.847389591105337
MTFP1,-0.642596003386203,0.520486277055441,0.777578248696581
PATZ1,0.413978100770262,0.678890144925135,0.866559810770413
TEF,1.89229811997426,0.0584512712982222,0.269087164851817
B4GALNT3,-3.44611844497943,0.000568701036010494,0.0174324747590073
PDE6H,2.37939876051461,0.0173409056851885,0.141269955102194
ERP27,-3.41566415862192,0.000636266657709329,0.0189276805734318
ALG10,-1.60127756364784,0.109315456092932,0.371422406126728
ARNTL2,-1.16293653138109,0.244855254276997,0.555063465032383
ZCRB1,-0.871943872149757,0.383238998158976,0.681703668219554
TMEM117,3.85658180379177,0.000114983629801026,0.00605605575080259
C1RL,-0.849504132968951,0.395600831421828,0.691534964077116
NDUFA9,-2.50705023677405,0.0121743407410681,0.116506312417086
CLSTN3,-0.4142527239644,0.678689032755093,0.866538413568347
KLRG1,-0.35521385048625,0.722429389269309,0.890249115171338
TAPBPL,-0.58541761878686,0.558266944753171,0.800683866601047
CD27,-1.11248849972524,0.265928172095217,0.578052345452996
RBP5,-1.35457153664927,0.175554107134383,0.473322688138232
SLC38A4,-3.21450588929732,0.00130669234385966,0.0304733560191469
AMIGO2,2.78273581673591,0.00539026774207296,0.0724712865820343
LLPH,-0.815430721292173,0.414825805193102,0.705236535952094
MARCHF9,1.34665815666544,0.178090354469493,0.476758447607259
INHBE,-0.490077567204561,0.624079011404885,0.837154763181782
GLIPR1,-0.315258718206326,0.752565226081298,0.902457204931009
TMEM19,-1.86085564116187,0.0627645654707661,0.278478600526781
LGR5,-1.58440768748739,0.113100973645313,0.377803252371346
CPSF6,NA,NA,NA
SLC6A15,-0.880330956609167,0.378680047219004,0.67813737662287
TMTC3,0.261778527611081,0.793492194422492,0.922241474315321
LUM,-1.07515401622236,0.282305779040892,0.59342001929259
KERA,-0.668908319497599,0.503553962859632,0.766444696679898
TMPO,-1.64707689021515,0.0995422425231668,0.353434821870366
SNRPF,NA,NA,NA
AMDHD1,-1.24369045629358,0.213613509820051,0.517659935920559
ASCL1,1.15675498668357,0.247372477242219,0.557787656831455
SLC15A4,0.0785547148354029,0.937386808498228,0.975907962641294
SLC46A3,-3.24640834337053,0.0011687107407682,0.0280342170071255
TARBP2,1.75636493725838,0.0790261157727926,0.314937410748534
GPR84,0.405864301862474,0.684842308923784,0.870570068342549
NPFF,-0.448919268796984,0.65348989542025,0.851518212764337
NABP2,-0.0554596211797879,0.955772298044041,0.984087847998058
SMARCC2,0.837155582787783,0.402505120678039,0.696115516558311
CSAD,-2.47792021676215,0.0132150691723928,0.122144419164037
LMBR1L,-0.774305758156702,0.438749999336707,0.722973502341763
MYG1,-0.420358725437157,0.674223415418745,0.864858982445396
ESYT1,0.415175056231847,0.678013757530327,0.866275988988473
ANKRD52,2.54712250833613,0.0108615295151124,0.108342860747444
KRT71,1.68650227193901,0.0916990978603484,0.340076285629734
RB1,1.35527864382303,0.175328796531259,0.473032466846253
VPS33A,-0.140122428563703,0.888563259982973,0.959947568903497
VPS37B,-0.553460997018396,0.579947780931002,0.812191846711134
RHOF,1.27275584122643,0.203104695432553,0.506070594785943
SRRM4,0.660481771285832,0.508944712567379,0.770118403556447
METTL21C,-0.370294185988125,0.711163305340399,0.884534968749309
ZIC5,0.947109541479389,0.343582963213658,0.64781356707234
RAB20,-0.283418329138163,0.776856179540058,0.914644549953686
ANKRD10,-2.00742696198908,0.0447042203512771,0.232714494642955
SSTR1,1.32038777004696,0.186705584749601,0.487484412368688
REM2,-1.36690834750065,0.17165403519876,0.46942377486856
CBLN3,0.200026991464073,0.841459471549123,0.941103115157831
TINF2,0.828658887243403,0.407297455950661,0.700205910796897
NOP9,0.258769450489823,0.795813130180827,0.923468327059253
FITM1,0.805896283132827,0.420302654574371,0.709202067432771
FANCM,-3.10103536923524,0.00192845254432742,0.0385997017879152
L2HGDH,-0.866404771946394,0.386268227981084,0.683808379100075
PELI2,-1.28732213402998,0.197982031851007,0.500569594333682
ARMH4,-0.358270113851513,0.72014118137087,0.889333458599052
GPR65,-0.669625659137621,0.503096452783663,0.766178937263601
JDP2,0.542686782765472,0.587345476034735,0.816931876100959
AK7,0.955294510176204,0.339428782944825,0.6447286466653
FAM181A,0.2158757681259,0.829084585986566,0.935992154615632
ITPK1,0.143095834991609,0.886214494287369,0.95899438403347
TRIP11,1.05858974343131,0.289786659981448,0.599728016033193
EMC4,NA,NA,NA
DUOXA1,-2.51114208546882,0.0120341249333609,0.115686829512054
MFAP1,NA,NA,NA
SORD,-3.11208948833393,0.00185768177621872,0.037937755608331
LYSMD2,-2.14935925577565,0.0316059326265862,0.194395137913297
SLC27A2,-1.67458372671549,0.0940159343367382,0.343708595338981
FGF7,0.322581748544097,0.747012017933392,0.899796398454441
HDC,-1.6545660869698,0.0980125474224458,0.35028819630914
MYZAP,1.50424763612183,0.13251761637731,0.410791019219263
RAD51,NA,NA,NA
COMMD4,-0.224569371258699,0.822314294483935,0.93322421284479
UBE2Q2,0.752253561946522,0.451898588543805,0.730306006852099
BCL2A1,0.418239910954916,0.675771718058605,0.865533586938183
TSPAN3,0.712795266427816,0.475972455175955,0.74808287360847
WDR61,NA,NA,NA
TLNRD1,2.57707925994177,0.00996391004306399,0.102641178303192
ARRDC4,2.48603783434062,0.0129174231719941,0.120871887910325
CYP11A1,-5.17666298516151,2.25889721856753e-07,0.000126431313951824
BBS4,-1.21699262196173,0.223607023027665,0.52951965788195
PML,1.08707038551125,0.277005704546359,0.589505357534163
ADAMTS17,1.25091677314807,0.210964843642826,0.514571866303832
SCAMP2,-1.10907779256541,0.267396624132155,0.578722022795161
RHCG,-4.10364228322751,4.06696137737982e-05,0.00307221797162384
RLBP1,1.56358766502118,0.11791443350651,0.38638368647931
WDR93,0.971633277643475,0.331233021135778,0.636196417819506
TICRR,3.03218060659148,0.00242793887389652,0.0450749536392189
MFGE8,-0.220345713065742,0.825601921013044,0.934289069218895
ZNF710,2.4955103226264,0.012577609564423,0.118795522335976
ST8SIA2,0.324291297409746,0.745717507654551,0.898810254879213
FURIN,2.28379184748967,0.0223837670299662,0.16061893986555
IQGAP1,2.36127049172,0.0182124411669862,0.145161609132645
CRTC3,3.9573376939167,7.57897506328357e-05,0.00471331157021981
EFL1,3.04792718742757,0.00230425752657293,0.0432962140820099
SEPTIN12,0.254754481642219,0.798912733850196,0.924704862990184
PMM2,1.32861311583874,0.183975642651811,0.484446752353052
PRSS36,0.751449532865577,0.452382162227536,0.730618706378383
ITGAX,-3.50519479960809,0.000456273303146921,0.0151876699496834
UQCRC2,-1.49316351628243,0.135394389616766,0.415550545913065
CDR2,0.882870908531406,0.377306023250581,0.677018359458892
IGSF6,0.187409759247367,0.851339371394006,0.94473788959511
NKD1,1.10957117987794,0.267183856055344,0.578558568330029
DHX38,1.10004960201618,0.27131051066794,0.583422228272588
NUDT7,-3.45460401254385,0.000551101595268964,0.0172213677830978
CDH11,0.578623940481425,0.562842947253887,0.803299108732366
CDH13,0.29981585965828,0.764317617266297,0.907783472362563
ADAD2,-1.86526881644772,0.0621437338226113,0.277526977635754
IRF8,-0.479048292506591,0.631904273467689,0.841251408584966
ZNF174,0.040566991949646,0.967641099092342,0.988930384254603
RPL3L,-0.109913731091529,0.91247779268983,0.967093532808964
NDUFB10,0.812128307049459,0.41671801193206,0.706704364977812
DEF8,1.77318222385331,0.0761985166369504,0.30797300727975
CBFA2T3,0.363798793729422,0.716008263481301,0.888277933662779
GALNS,-0.415787983391721,0.677565152744238,0.866156490936726
GAS8,0.67079500367897,0.50235113079724,0.765892886259876
MED9,0.57001222324025,0.568669407725619,0.806695962597349
NCOR1,1.08633379401942,0.27733134093573,0.589531886571837
COPS3,NA,NA,NA
GID4,-1.28305490157338,0.199472842242712,0.501521395794488
CPNE7,1.29523262917224,0.195239991968237,0.497978388882106
NEK8,0.109032539541149,0.913176681358896,0.967230925313039
GFOD2,0.752294493284282,0.451873978700061,0.730306006852099
NOB1,0.250111024880504,0.802501490262961,0.925755917622432
PRPSAP2,1.12992023383965,0.258509837149835,0.569226381904169
UNC45B,0.976388389252773,0.328872033042768,0.633247356849313
KIF2B,0.297721386845723,0.765915818897632,0.908889672058123
EPN3,-4.51898040942899,6.21381434678436e-06,0.00086149690283124
TOB1,0.841416900831957,0.400114420610544,0.694781192714016
SGSM2,0.995501176558411,0.319492572326942,0.625441857194746
LRRC46,-0.474998369344607,0.634788135556657,0.842635780808629
RHBDL3,-0.371584574471146,0.710202175819337,0.884337238254252
SPACA3,-1.05196083618182,0.292817518316351,0.602176416840549
G6PC3,-0.570805389696154,0.568131569062455,0.806382521688989
C17orf64,-0.330858579885297,0.740751309971437,0.896965418569161
CDH2,0.0886339315015447,0.929372840760248,0.973128136285782
AFG3L2,-2.28891207165852,0.0220844617296535,0.159855685860146
IMPA2,-2.63045541592564,0.00852705533850947,0.0938535034781902
SLC39A6,-1.77838769707309,0.075340201899546,0.306141740012353
GALNT1,2.50799943070953,0.0121416862765389,0.116498516197496
ASXL3,1.51195961760382,0.130544135972689,0.407556045936835
MEP1B,-4.0623854569769,4.85737836402203e-05,0.00346535012005201
GAREM1,-0.592351807839046,0.553615030290401,0.798152102437372
ESCO1,-1.83091826401015,0.0671127438277988,0.288701333539908
GATA6,-1.0716300857957,0.283886214543574,0.594359722108962
RMC1,1.66247600210149,0.0964173711652812,0.347746852756499
NPC1,-4.26149417521515,2.03064647743885e-05,0.00193000814887144
ZMYND15,0.749202889443542,0.453734927887416,0.73139650455836
SAT2,-1.11229880084276,0.266009699304195,0.578052345452996
ASGR1,-0.41225795848947,0.680150359873938,0.867193191568757
TP53,-0.0108759618176957,0.991322409055826,0.997144752864687
ARHGDIA,2.80752576454219,0.00499236861107993,0.0698561800468887
TTYH2,0.392603526649379,0.694612334409565,0.875950164238208
FN3KRP,-1.06379082654551,0.287423467918636,0.59746127196512
TRIM65,-0.12641101620299,0.899406582436999,0.963577677253999
CBX8,2.04800355525559,0.0405596510375347,0.221677195833354
RNF157,0.854070089601272,0.393066155423484,0.689560496998641
CEP131,3.63755913752737,0.000275234010363775,0.0105835530906294
ZNF750,-1.20228109083668,0.229254640550815,0.534983763706878
RNF165,2.49085511674974,0.0127436073977428,0.119690114974947
ELAC1,-0.670829515822336,0.502329142170636,0.765892886259876
ZCCHC2,2.18081368607031,0.0291971998740009,0.187023975005255
CBLN2,0.908943048557899,0.363380188744556,0.663382560340329
ERBB2,1.883739600542,0.0596002070467919,0.271370391350141
PNMT,-0.35337746193749,0.723805480056156,0.890361722847064
ARL5C,-0.939693007487794,0.347375052931655,0.650426070772156
IGFBP4,-0.679562382427225,0.496781595370741,0.762246265533825
TXNL4A,NA,NA,NA
AKAP8,-0.135974027742674,0.891841813102473,0.961374811299277
SLC39A3,-1.70821279180522,0.0875968658339818,0.332727344850401
FEM1A,-1.56566364785179,0.117427380890262,0.385439309299228
CIB3,-0.789617967604677,0.429750911799801,0.716524469927867
CALR3,-3.01623843430172,0.002559319219391,0.046598110895707
SH3GL1,-0.808428934172397,0.418843701054254,0.7083220691956
PGPEP1,-1.34558013168787,0.178437962756242,0.477222268231529
CCDC97,1.47684017537385,0.139718484434464,0.421358159404036
SSBP4,-2.44532130647593,0.0144723145629182,0.12895378400638
SMG9,0.263212269883088,0.792386974157637,0.921970430664476
HUNK,0.554995881099176,0.578897477757884,0.811893855099623
LRRC56,0.782605822455621,0.43385862130788,0.718933898989883
IFNAR1,-2.8680240546867,0.00413044128534528,0.0624397091986995
SOD1,-0.223702904128405,0.822988486046572,0.933498611509104
SIK1,0.231137538618296,0.817207952989634,0.931416138892779
DNMT3L,1.90087705657783,0.0573181179293005,0.266684543764652
SCYL1,0.0848593428602491,0.93237321484621,0.97441383283236
EMP3,2.43382914294041,0.0149400453582142,0.130938721439016
DMWD,-0.48970420239724,0.624343227703552,0.837154763181782
SAE1,2.06994627997302,0.038457375361207,0.214849484827564
BCAM,-2.80661189232524,0.00500655214825617,0.0699898390975461
NTN5,1.00121155055538,0.316724543509348,0.622735011906488
GEMIN7,1.48319504607288,0.138022597032909,0.419171520571004
WDR62,-2.28936289457912,0.0220582761700117,0.159855685860146
SLC6A3,-1.88013841351916,0.0600892163950314,0.272594525294799
RNPEPL1,1.45742053517876,0.145000331985843,0.429341981806797
CACNG8,0.273332672764654,0.784597501981774,0.917786259115
TIMM29,-1.26644713103395,0.205353046174888,0.508137853395324
ECSIT,-2.79122798523587,0.00525084723618319,0.071616248585921
TIMM44,0.187752317096812,0.851070816358573,0.944609964400398
TM4SF5,-1.39686224473072,0.16245500003462,0.455223430469715
SLC47A1,1.37389812003434,0.169473313367636,0.466074742786481
KLHDC4,0.80918764813518,0.418407218652008,0.708059337992066
PSMB6,1.01308694538333,0.311018633246583,0.617272897067987
ACP4,-0.551862336011581,0.581042674895722,0.812779132945616
RPS11,NA,NA,NA
PTH2,-1.145681077678,0.251927136091934,0.563191865119943
IGLON5,1.69870186903621,0.0893753711122185,0.336566311549426
RCN3,1.63041526056472,0.103013761499146,0.359356462511603
WRAP73,0.660487377949416,0.508941115767503,0.770118403556447
PRDM16,2.3728500188761,0.01765142980706,0.142569966458734
ARHGEF19,-3.41896532489325,0.000628597363631235,0.0187472659185261
PGD,0.626324159404273,0.531102343009803,0.785003328845895
SH3BGRL3,NA,NA,NA
IL22RA1,-1.71820341063715,0.0857595196635146,0.32968655842153
C1orf216,0.0839698692299825,0.93308038800957,0.974546328260462
EVA1B,0.144092719678709,0.885427253583185,0.958358726885531
PLK4,-1.00287245670377,0.315922403502913,0.621886070305591
ITGB3BP,-0.753952756216881,0.450877590532621,0.729514148621946
TINAGL1,1.39558303802104,0.162840093197555,0.455711016370639
MOB3C,-0.51565169854685,0.606097695494772,0.827851443810286
CYP4B1,-2.16954241756303,0.0300415276481139,0.189642394959696
SLC44A3,1.48862129947938,0.136587119605746,0.417459317165282
CTTNBP2NL,1.31318840334055,0.189119470670918,0.490218428950071
PSMA5,NA,NA,NA
PROK1,1.28435301698048,0.199018464188476,0.501424580939249
CELSR2,0.804416769265238,0.421156319659075,0.710026808526371
MPC2,0.576388184685634,0.564352828823374,0.804634065940419
SFT2D2,0.0141585011004231,0.98870352799019,0.996463977603685
ILDR2,0.129133837871762,0.897251747408415,0.962862909780546
UAP1,2.85651599462227,0.00428318423387358,0.0634210733393301
PRCC,1.42628968448597,0.153784740975935,0.442453277991726
FCRL4,1.11510749997289,0.264804357952938,0.576909223654727
TOR1AIP1,0.101165702012959,0.919418922826477,0.969660043391285
HMCN1,-2.28797307895973,0.0221390889225096,0.159918082341509
PRUNE1,0.311551312280154,0.755381540819558,0.903270523300206
SF3B4,NA,NA,NA
CGN,0.353057823262818,0.724045091471462,0.890361722847064
S100A11,0.190042770490955,0.849275615199106,0.943903294615642
SETDB1,-1.45000958110892,0.147055847438968,0.432530896801502
CTSK,1.69331971271561,0.0903946278852133,0.337973819043955
CERS2,0.522978898097,0.600988938046549,0.825124450963881
POGZ,-0.312658646303592,0.754540016875784,0.903033874635847
GOLPH3L,0.918744999328771,0.35822896677936,0.659626677954148
KCNH1,0.836234648034588,0.403022910012334,0.696532732857547
JTB,0.784823893454305,0.432556829046449,0.7185426133407
TPM3,NA,NA,NA
SLC27A3,-0.899656291105001,0.368303190718046,0.668243224652553
CAPN9,-1.59259601544345,0.111250847992404,0.374760389596619
ACP1,0.940203543691027,0.347113164437591,0.650426070772156
SDE2,0.536811331284831,0.591397943760599,0.819168766656246
CNIH3,NA,NA,NA
LEFTY1,0.807209667862249,0.419545696689202,0.708942269925108
C1orf35,0.677974278868319,0.497788001745793,0.763170567351367
WNT9A,-0.819178912708775,0.412684344194341,0.703574662620135
EPHX1,0.569430202225137,0.569064225395552,0.80679422573125
REN,-0.322262641843671,0.747253732158053,0.899872372330266
ARL8A,1.68238204838412,0.0924947801346623,0.341505281552655
OSR1,2.15966297003587,0.0307987698071701,0.192492220551962
GDF7,-1.32460868398198,0.185300974165515,0.486242111753648
PDIA6,0.90261977719344,0.366727726440524,0.666505039322814
RHOB,NA,NA,NA
GALM,-1.25513811170949,0.209428627324134,0.513358804309593
ABCG8,-3.34753129212566,0.000815347821464195,0.0223068245774762
CALM2,-3.16114712334113,0.00157149101752226,0.0345179829313902
WDPCP,-2.60872826660097,0.00908793766163321,0.0976147323568062
VPS54,0.0397798574477822,0.968268634946766,0.989165815286215
ETAA1,-2.12467771211598,0.033613514443416,0.19965583477817
SNRPG,3.27630337352759,0.00105175518946044,0.0262569008191128
CLEC4F,-2.79518766333535,0.00518695958252887,0.0711001148162871
MRPS5,-2.46670169417828,0.0136363906803135,0.124440299493295
TPRKB,-0.922022035159494,0.356517082000833,0.657997819149559
RTKN,-0.909836849273047,0.362908557962239,0.662829885958148
SFXN5,1.45437798747238,0.145841539397313,0.430881201050284
TEX261,2.30980766400069,0.0208988048134512,0.155368251661277
DUSP11,-2.99085079070914,0.00278201392238555,0.0490569362836529
SULT1C4,-1.40779145374987,0.159192831746592,0.450655750604843
MALL,-2.75366748329222,0.00589316087246814,0.0763683907673748
RALB,2.14884205505482,0.0316469224126289,0.194409874593353
C1QL2,3.37770677878984,0.000730929754806572,0.0207238470068235
SLC20A1,-1.11953211317707,0.262913198821659,0.575401051497886
ZC3H8,-1.9946398078257,0.0460821786313404,0.236073063296202
UBXN4,0.870190809384707,0.384196137659147,0.682179766410661
NXPH2,2.09190725983683,0.0364468125430075,0.209264525512891
THSD7B,0.895524615998184,0.37050671300059,0.670630907517657
POLR2D,NA,NA,NA
AMMECR1L,1.98520885559415,0.0471212394682011,0.239233099523239
SCRN3,-2.02737556402981,0.0426240190096492,0.227770217565
WIPF1,-3.37627867178866,0.000734734597578592,0.0207538490441265
LNPK,0.346079993246895,0.729282598557403,0.890852127423931
TMEFF2,1.85884719258687,0.0630488010117336,0.279366741502978
UBR3,0.284082757154465,0.776346960636642,0.914517455038817
KLHL23,0.781646443159754,0.434422384616133,0.719608799333444
PTH2R,-0.45240652900854,0.650976144300448,0.849895197363955
CPO,0.104192315682795,0.91701673197895,0.968884629355093
ABCA12,-0.99178413744075,0.321302837230998,0.627329260495458
SUMF1,-1.41513178597138,0.157029860126795,0.44782699494926
ACKR3,-0.439069944885235,0.660610855871031,0.856086051692864
UBE2F,NA,NA,NA
HES6,-0.111543632578674,0.911185267659305,0.966576128423622
RAB5A,NA,NA,NA
CTDSP1,0.785860187223078,0.431949401129309,0.718109939479221
SLC4A3,-1.2418854649577,0.214278823636929,0.518066470010508
CNOT9,NA,NA,NA
MARCHF4,1.23526824513913,0.216730687813397,0.520270739908435
PNKD,0.716831691276033,0.473477954642398,0.746105364308795
DYNC1LI1,-3.32303080467346,0.000890450806166597,0.0234163756898326
CTDSPL,3.35325844564154,0.000798660926966318,0.0220505640276666
STAC,0.49437604443794,0.621040628976018,0.835880368253862
RPL32,0.339717106851665,0.734069577737247,0.892886325932169
ARL6IP5,1.03070039018424,0.302681341734495,0.609801417983161
LRIG1,1.62513398910109,0.104134012004863,0.360851453661427
ITIH1,-0.391480146343136,0.695442361012099,0.876227194544616
LRTM1,0.471015186944076,0.637629889723887,0.844437798117726
CNPY2,1.26636315443064,0.205383095971205,0.508137853395324
LIMD1,0.382786546797665,0.701878037273679,0.879355073725737
NXPE3,-0.502448645021708,0.615351968190996,0.833261554059348
ADGRG7,2.7409762355457,0.00612569378427877,0.0777793832184223
MYH15,2.63343003356149,0.00845272491299675,0.0935121368120109
ABHD10,0.509382203567808,0.610484348105643,0.829867722278716
PLA1A,0.142420357577927,0.886747983266098,0.959146893701713
RABL3,0.910187803864351,0.362723474980432,0.662654394814349
CFAP91,-0.222294457885632,0.824084666151408,0.933666143333172
BOC,1.67581128421177,0.0937751631335173,0.343463467104632
ATP6V1A,0.208925506757805,0.834506392016495,0.938066981056048
EIF2A,-0.588643437160127,0.556100488824068,0.799883231543017
ALDH1L1,-0.651713959233676,0.514585715716381,0.774023545155363
RNF7,NA,NA,NA
FTH1,-0.871804245505333,0.383315178123449,0.681703668219554
AMT,-0.285604715997663,0.775180891011047,0.914399273410854
TCTA,-0.732845101499531,0.463652909660207,0.738249159286172
ABHD14A,-2.44496247422107,0.0144867214197879,0.129006089626302
NICN1,-0.82685565944651,0.40831887801026,0.700679964406904
UCN2,0.667816854424289,0.504250506552117,0.766935655885471
STXBP5L,-0.647100931802813,0.517566622280675,0.776405054838632
EAF2,0.0235736930140551,0.981192656252161,0.993419765595783
TM4SF19,0.153109538310776,0.878311894084847,0.956328459601339
SLIT2,1.50072984547129,0.133425450341499,0.412420823391435
AHSG,0.0616388343871697,0.950850450355422,0.981843228258282
DGKQ,-0.0749974185013246,0.940216765847472,0.976664141689192
CENPC,-1.14558239347296,0.251967985711748,0.563191865119943
EPHA5,0.0629870498448379,0.949776816570757,0.981202300520733
CORIN,0.349302968835339,0.726861869852667,0.890852127423931
ATP10D,0.220403776509942,0.825556704497359,0.934289069218895
SLC10A6,-3.05121371641491,0.00227918281879373,0.0430000134302258
ENOPH1,-1.56356552016251,0.117919637509435,0.38638368647931
CABS1,-0.192734005821652,0.847167289936322,0.942846142607265
KLHL8,-1.23143707730328,0.218159436829241,0.522044515773159
PYURF,0.75649657478123,0.4493515252568,0.728729423773953
TBCK,-1.60965254275922,0.107473730742604,0.36728697851249
CISD2,NA,NA,NA
DDIT4L,0.921095157729515,0.357000748130138,0.65856674936635
AP1AR,-0.350147307159839,0.726228149319462,0.890852127423931
SPATA5,-0.165408185202541,0.868622711557319,0.95300091130695
FABP2,-2.12817908077167,0.0333222385809181,0.199195280630868
CCNA2,-0.721028998050232,0.470891673613023,0.744285636611234
USP53,-1.58483779355293,0.113003193075324,0.377643576681623
SETD7,-0.307632510829842,0.758361979051904,0.904781078402654
NAF1,-1.36307175604943,0.17285989710427,0.470168964190017
SFRP2,NA,NA,NA
RPS3A,NA,NA,NA
GLRA3,0.490130733643046,0.624041391437765,0.837154763181782
NDUFS6,-0.623943602441846,0.53266462379779,0.785619314713506
MARCHF6,-0.312162625721178,0.754916934197658,0.903270523300206
ADAMTS16,-1.07910214201988,0.280542196479001,0.592247259017184
SRD5A1,-0.314904997227102,0.752833787265522,0.902547118185865
MYO10,1.65438569616615,0.0980491708832493,0.35028819630914
OTULINL,1.59038939338734,0.111747059661567,0.375688891124716
RPL37,NA,NA,NA
OSMR,-0.107838934087747,0.914123458025156,0.967479740474295
PLK2,0.111938284915949,0.910872340377029,0.966515610475124
GZMA,0.164460120618398,0.869368938375785,0.953234494303728
PELO,2.90107844734255,0.00371880767374428,0.0586624442229891
HAPLN1,-1.34001666008087,0.180239928628633,0.479937235316113
BHMT,-3.85233738702961,0.000116995670253376,0.00609558187863124
ANKRD31,-1.45215527393303,0.146458435716626,0.431936110030772
IQGAP2,-1.98255884821626,0.0474167278859219,0.240054134610403
CRHBP,-0.682083853872189,0.495185929562162,0.761034248707759
RASA1,-2.29284645971026,0.0218568461579455,0.159257791291645
LIX1,-0.765088387378693,0.444218914349751,0.726126147501723
GTF2H2,-0.789597350137553,0.429762956288128,0.716524469927867
SPATA9,-0.777827649653609,0.436670625351607,0.721514610392119
FEM1C,NA,NA,NA
COMMD10,0.796984181239491,0.42546021848212,0.712906023913186
ADAMTS19,0.49606850551645,0.619846078748907,0.835486074792877
YIPF5,-0.811829188711187,0.416889650888101,0.706757505521761
ARHGAP26,0.491636173342515,0.622976566606584,0.836837499960773
LECT2,-1.09401912646799,0.273946589781356,0.586492108384449
IL9,0.478874354022555,0.632028016657545,0.841251408584966
RNF145,-1.75073012207203,0.0799924082419494,0.317277546966913
GABRA6,-0.5231185554801,0.600891753586653,0.825124450963881
GABRB2,1.8634658401642,0.0623967542647659,0.27793129428913
SPINK7,0.925543687099761,0.354683170046806,0.656457080924352
PCYOX1L,0.635771867027008,0.524925126640957,0.780686146914167
N4BP3,1.52943009572527,0.126157856325247,0.399941936051492
NHP2,1.62062884601677,0.105097261935995,0.362278700359662
FGF18,NA,NA,NA
KCNMB1,2.34560363961265,0.0189962965016591,0.147911610233239
MYLK4,-1.25728916076699,0.208648947506879,0.512199950409998
CDKAL1,2.4390267644039,0.0147268774821061,0.129955894883952
PSD2,-1.49546662796487,0.134792703116826,0.414471402673631
LRRTM2,1.6289593411593,0.103321626481571,0.359475401703815
ZMAT2,NA,NA,NA
GFRA3,-0.898697824458744,0.368813636136174,0.668848154240953
TRIM7,1.29750504632471,0.194457469933932,0.496950827849585
HIGD2A,-0.689410771028933,0.490564807146626,0.758164115387285
RNF44,-1.6269996438546,0.103737173430341,0.360551095878406
MMUT,-2.91595033302378,0.00354606945671531,0.0569481420083759
ABT1,-0.606900510496137,0.543916939321451,0.79202859770917
HMGCLL1,-1.69310011484817,0.0904364124389554,0.337973819043955
SCUBE3,-1.06552984845137,0.286636225713815,0.596645543111181
FGD2,-2.68164372402387,0.00732614368765348,0.0866296427291232
ANO7,1.28789327355646,0.197783117289914,0.500391781512735
CRIP3,-1.12803456532989,0.259305321669534,0.570147245899898
NFKBIE,-2.81686755835373,0.00484945185919802,0.0691367136756609
CYP39A1,-1.48917659686153,0.136440871809439,0.4173875414543
PHIP,-1.60372808933635,0.10877400148711,0.37053279933739
MMS22L,0.0147875178129054,0.988201697836518,0.996443855188194
PM20D2,-0.979608666657963,0.327279325261678,0.631572616952429
TBC1D32,-2.10254191666609,0.0355058318389136,0.206132973780124
CLVS2,NA,NA,NA
TAAR6,-0.719095297142215,0.472082204772198,0.74498603673792
TAAR8,0.247779252204718,0.80430520878078,0.926280639565898
TAAR1,-4.85280473779686,1.21727529532182e-06,0.000291991496236562
SLC18B1,-2.67737936104075,0.00742005683268282,0.0871924524055702
SLC2A12,0.20176531725934,0.840100196701172,0.940646688659956
AIG1,-0.362856629650914,0.716711986291158,0.888277933662779
SLC22A3,-1.71992070840347,0.0854468557128708,0.329256530219108
VWDE,-1.71218820840545,0.0868619897687785,0.331195903565319
GNA12,1.14442286111819,0.252448311796696,0.563683477135646
GGCT,-0.0207676964151583,0.983430966705116,0.993828459408981
FERD3L,-2.11558317849934,0.0343802737570457,0.202555437433324
EGFR,1.68319367621438,0.0923376046212363,0.341341947415881
IGFBP1,2.60652157007767,0.00914670627094376,0.0977546146863523
SSC4D,-2.1843211860865,0.0289386550480944,0.186146131107372
CCT6A,0.0937678122917156,0.925293601067327,0.97217902741274
ZC3HAV1L,-0.610055245565714,0.541825211897907,0.791326067023879
TMEM140,0.683626951872833,0.494210761129829,0.760131410064687
EPHA1,-0.278520776290064,0.780612618575723,0.916381279405925
TMEM47,NA,NA,NA
CDK16,-0.525806542301594,0.599022628475395,0.824221975919163
CHST7,-1.6824872324453,0.0924743986419786,0.341505281552655
NDUFB11,-1.68029575808242,0.0928997859871038,0.342164651678555
AWAT2,1.16941071900294,0.242238193231299,0.551476887030941
SYTL4,-0.939622447454248,0.34741125782236,0.650426070772156
TBC1D8B,-0.914059159955779,0.360685760603681,0.661372702719365
FRMPD3,-0.275109609285748,0.783232029192255,0.917250071106218
HTR2C,-0.153052835850124,0.87835660909889,0.956328459601339
UPF3B,-1.09835264575632,0.272050531699547,0.583898258066121
DOCK11,0.684247597662103,0.49381883080843,0.759716714041326
ARHGAP36,-1.91350866884651,0.055682964802666,0.262552562901057
GPR119,-2.21350422190295,0.0268629024897021,0.178627793038966
MFHAS1,0.169766966722123,0.865193406510224,0.952096777584183
DLC1,0.967707734731057,0.33319035412535,0.637545864581151
ATP6V1B2,-1.66112883468591,0.0966875744543305,0.348305750930594
CHRNA6,-4.00407287886044,6.22611701075405e-05,0.00412671404677699
GNRH1,-1.86424155456783,0.0622877902353206,0.277751181956122
BIN3,1.42825247709917,0.153219200999297,0.441755909893992
DOK2,-1.4354842796424,0.151149144856594,0.437999209409942
STAR,-3.08495350244011,0.00203583977707144,0.0398518273459892
ST18,-1.00308363950919,0.315820507746002,0.621847493557991
GINS4,-1.57260930136489,0.11580931260922,0.382537777519243
ARMC1,0.782134733362351,0.434135396127965,0.719291098156541
DNAJC5B,-2.20431787631927,0.0275019966256032,0.180533626324662
CRH,1.86059629155095,0.0628012089353907,0.278559398130796
MRPS28,1.08872473530992,0.276275290575316,0.589117001717818
PRDM14,-2.60349724698211,0.00922780087452115,0.0983431077685216
TERF1,0.587674974485987,0.556750476198231,0.800361251395759
PSKH2,0.10997192615756,0.912431639526206,0.967093532808964
LRP12,0.915845159849338,0.35974811355254,0.660825367049336
RSPO2,-0.338096203264348,0.735290691611312,0.89344953950009
EIF3H,-1.41531208739936,0.15697701253556,0.44777905907497
NDUFB9,-0.282856855670991,0.777286568650168,0.914789731398791
TATDN1,-0.378476774525472,0.70507644410511,0.880952064763656
C8orf76,-0.147419080385807,0.882801246086849,0.958122122297074
GSDMC,0.15107976224864,0.879912796630258,0.956613571972262
ZNF16,-2.47468312265624,0.0133354436143033,0.122731561449057
UHRF2,0.34158699042224,0.732661729062471,0.89254204349795
PLIN2,-1.81349277269055,0.0697558523147476,0.29439578742246
CDKN2B,1.90465643701456,0.0568247452007038,0.265369452865586
IFNK,-4.24575761923197,2.17856036351932e-05,0.00204189052917947
SIGMAR1,-0.59879255431367,0.549311228083499,0.795514257671091
NTRK2,-0.984855759277782,0.324694927043208,0.629075607368841
FAM120A,1.18810104766545,0.23479360165431,0.542289608467053
OR13C4,0.625306626704856,0.53176983154997,0.785194656146492
ZNF462,-0.684577541905912,0.493610542744539,0.759716714041326
OR1K1,-1.04181872154545,0.297495732603754,0.60641232279391
ASB6,0.627306745143292,0.530458182828801,0.784909826584631
LCN9,0.152639788154415,0.878682346231736,0.956328459601339
DPH7,1.38763801729517,0.165247298836798,0.459216105189718
NACC2,1.96450789525703,0.0494712215847952,0.246145890469138
PROSER2,-0.0892235682150427,0.928904235346455,0.973128136285782
MINDY3,2.2516570122591,0.024343955211526,0.168195456368223
CCDC7,-0.508415691200922,0.611161850876987,0.830338753576641
NRBF2,-0.88294062164386,0.377268354314454,0.677018359458892
GLUD1,-2.01611006834256,0.0437884674596559,0.230356556561983
NPFFR1,2.45194151678973,0.0142087753182094,0.127356472484449
FUOM,0.343063124938119,0.731550971576816,0.892123812336091
PAOX,1.49885913680562,0.133910179197767,0.413074224951348
BCCIP,1.63262941848133,0.102546960121459,0.358475517315635
ADM,-1.08002135192784,0.28013267212429,0.592009099897318
LIN7C,2.68988848437066,0.00714758994586528,0.085197539013365
ZNF214,-0.95236100878607,0.340913926801725,0.645671350168974
HSD17B12,-1.6663233298105,0.0956490324281766,0.34646408869957
SSRP1,0.227111172208181,0.820337296859213,0.932310839297318
TMX2,-2.3356265739783,0.0195107123513253,0.15012486608357
SLC43A1,-4.00164365521816,6.29039854255246e-05,0.00415111365829925
HIKESHI,NA,NA,NA
ENDOD1,-0.0922019340365851,0.926537601453478,0.972610937757956
PAK1,-1.35428221507398,0.175646357971379,0.473364333493905
RPS3,0.0436807802515045,0.965158859729603,0.988114434585263
C11orf52,0.84378362762487,0.398790326047053,0.693824537705123
NPAT,2.58464972501837,0.00974779709418815,0.101243099441492
ATM,0.663566141423874,0.506968033826646,0.768524987383178
AASDHPPT,-0.492875619391517,0.622100475148922,0.836461332688636
LAMTOR1,NA,NA,NA
ST14,-2.35579767916113,0.0184829813850352,0.146238122874687
OVOL2,-0.92213345488037,0.356458968424825,0.657970921074381
MTA2,-0.296953164648354,0.766502266255675,0.909427828189979
TMEM138,-0.220767146358765,0.825273745825236,0.93405758290226
FADS3,-2.38855719963308,0.016914675069382,0.139347906641319
ROM1,1.09616737309764,0.273005535013062,0.585033982574786
MYRF,-1.36541571244547,0.172122428210469,0.469751463932725
FADS2,-1.91928717035653,0.0549480007821763,0.259979395059564
INCENP,-1.11491210173317,0.264888090265129,0.576909223654727
ZP1,2.13519310301232,0.0327452400522183,0.197605850492933
OOSP2,-0.390327035896239,0.696294733904498,0.876574976571541
MS4A3,-3.04765534970095,0.00230634279618965,0.0432962140820099
NINL,-0.676095118003963,0.498980256069467,0.764070534300782
MS4A2,-1.47742596883083,0.139561489290789,0.42122093592219
EI24,0.418956561338051,0.675247878998971,0.865236478918149
CEP164,0.761109277000606,0.446591799859349,0.727118100741395
MPZL2,-2.42354462605837,0.015369864737399,0.132673932105218
SCN2B,0.584495934716106,0.558886699553903,0.800916729218999
MPZL3,0.494479628041926,0.620967490230629,0.835880368253862
COMMD7,-1.35046393797168,0.176867213642142,0.47525201503557
MYL9,NA,NA,NA
KIAA1755,-1.06054537460208,0.288896558722227,0.598694420594676
SLC13A3,-0.668217930740729,0.503994491369516,0.766773860221094
OCSTAMP,-0.64493701577233,0.518968002796846,0.776807097688781
PIGT,1.98749462452532,0.046867611010735,0.238481308019034
SPINT4,-3.52861035791443,0.000417747723110503,0.0142184765577611
LSM14B,0.436251370785216,0.662654360057749,0.857310512653175
CABLES2,1.71669958933275,0.0860340752352427,0.329754135916263
AIP,0.92761559570974,0.353607004910472,0.655930089125034
GPHA2,-0.448885427855286,0.653514308605134,0.851518212764337
NUDT22,0.148871699470364,0.881654872880354,0.957376124024285
FERMT3,-2.1463019744547,0.0318488941817811,0.194937419552481
PLCB3,1.19972315219535,0.230246878270051,0.535906985924026
MRPL49,-2.37827529827205,0.0173938344299352,0.141548533066872
CDC42EP2,0.126310615962931,0.899486053241665,0.963577677253999
TM7SF2,-0.239423137380967,0.810777490609564,0.928417611222064
VPS51,1.50091831762959,0.133376689747726,0.412420823391435
PPP4C,-4.24780825939354,2.15872023759882e-05,0.00203891126441209
MMP10,0.617048112998201,0.537202991308617,0.788175883947167
DUSP6,2.56443713937605,0.0103343296947856,0.105025144820175
CTF1,-0.12837266240455,0.89785406437524,0.962878378882048
CWC15,NA,NA,NA
ARID5B,1.33939136894867,0.180443297735786,0.480174719268059
UHRF1BP1L,0.172580681735465,0.862981037775763,0.951022346887431
KIAA1328,-0.714626662970879,0.474839764736924,0.74716561065227
HNMT,0.517220807697603,0.605002028386816,0.827092059512794
SPOPL,1.1158033213401,0.264506331802205,0.576706792606858
PDCD4,0.412201160569372,0.68019198657232,0.867193191568757
ADRA2A,-1.85988458621564,0.0629018565472785,0.278842140258866
GPM6A,NA,NA,NA
WDR17,0.0844334366937706,0.932711823555123,0.97450473357767
SPATA4,0.625322547371423,0.531759384522031,0.785194656146492
CD226,-1.88861098855145,0.0589439734993184,0.270036433786938
CCDC83,0.346882816646434,0.728679356398916,0.890852127423931
PRSS23,-0.829003725020678,0.407102299397255,0.70006030365172
PPP1R1C,0.511319694340668,0.609127216707594,0.829208177123377
C11orf53,0.915286834704229,0.360041068720689,0.660825367049336
CCT5,0.727313095379151,0.467034177795419,0.740939181964502
DLAT,-1.1300783328559,0.258443218738934,0.569226381904169
PIH1D2,-0.349747794991331,0.726527980990713,0.890852127423931
IL18,2.17877379682854,0.0293484764381571,0.187636765149148
TEX12,2.1989645936,0.0278804399868183,0.181685730522121
PTS,0.801918556647383,0.422600071154336,0.710777103537487
FREM2,1.2588816228453,0.208073092527619,0.51201738507417
CRIM1,2.99314565448848,0.00276117937635998,0.0488605886833161
SEC24D,-1.45177861486706,0.146563171946603,0.43200165497633
DENR,2.2515558602929,0.0243503530927642,0.168195456368223
RILPL2,-1.7618223348527,0.0780993198806255,0.312149410747425
TKTL2,-1.67429262569207,0.0940731030865545,0.343804772392748
PRSS53,2.32536726538225,0.0200523303006587,0.151954703601879
SLC7A11,-0.662673329369698,0.507539794688389,0.768993520887401
NOCT,0.930776285005292,0.351969299408526,0.655125021882208
DCP1B,-2.30586072862235,0.0211184155982975,0.156365260422083
KCNA6,0.868484159307672,0.385129340417271,0.683027179014881
THRB,-1.61043199628785,0.107303580180815,0.36712060305467
NGLY1,-2.86341677695517,0.00419098893928069,0.0627071533172374
OXSM,-1.92270591284752,0.0545169938513417,0.25899428201241
TMEM86A,-0.606176708610009,0.544397417497494,0.79242282539223
BTBD11,0.177310387341791,0.859264592149716,0.949109339595366
ANK3,-0.0818041665680898,0.934802442739631,0.975193292711838
PLBD2,-1.69553158913145,0.0899746229856953,0.337477414385661
SLC2A13,-1.48234654843902,0.138248108579216,0.419772034729578
EIF4E,-0.370957970204975,0.710668836612771,0.884337238254252
DSC2,-0.365340363745511,0.714857351723993,0.887443342669935
AKAP6,0.90859087712256,0.363566123909863,0.663470857688155
FAM177A1,-1.38820913591055,0.165073371144122,0.458817138997604
TMEM18,0.260437761908345,0.794526117847867,0.922683369931373
THRSP,2.17661264021675,0.029509481261701,0.188034501606514
NDUFC2,-1.72617674951802,0.0843156195636425,0.327383772570854
NARS2,-2.02208287784719,0.0431677905722569,0.229501875565352
MYCN,-1.27422828169895,0.2025825249253,0.50510264257897
MSGN1,1.92574733727525,0.0541359300254414,0.258070130696821
NUBPL,-0.313329323600553,0.754030473946948,0.902996158355359
ATP6V1G3,-2.0178501013192,0.0436068751627695,0.230356556561983
FER,-0.558319019369813,0.576626559723798,0.811109235959365
CDC123,-0.760739994532763,0.446812381381385,0.727150845615507
SCLT1,0.353985766186651,0.723349550434827,0.890361722847064
C4orf33,-0.860271246037169,0.389639539228938,0.68653767386975
SLC25A31,1.32724168887376,0.184428745968322,0.485011392937323
KHDRBS2,-2.27373625190123,0.0229818491375998,0.16335922115118
PTPRO,0.20599561979733,0.836794332829309,0.939201017476077
ACAD8,-4.40021307500384,1.08144635622124e-05,0.0012380922223648
VPS26B,NA,NA,NA
QDPR,-2.24768426432285,0.0245963301006126,0.169176774013157
CGNL1,-1.31688871839547,0.187875928594018,0.488990768688626
POU4F2,1.10177566087882,0.270559214200678,0.582434593304934
PIGF,-3.05739603329849,0.0022326907768293,0.042494235540862
ASAP2,-1.03166579140273,0.302228708051368,0.609738501178836
BARX2,0.222931946150179,0.823588472547654,0.93356558952038
TMEM45B,-0.764085587669466,0.444816240378136,0.726280454736857
CENPU,1.46127642903014,0.143939595781667,0.427251080568241
SLC25A4,-1.05218440748114,0.292714951892879,0.602165580316525
AMN1,0.0889998291720626,0.929082045883341,0.973128136285782
ZNF385D,-2.62669137622757,0.00862194940064985,0.0942638770157038
GUF1,-0.749378088751501,0.453629353609975,0.731340503785255
CCDC175,0.434099482445261,0.664216201316451,0.858357724841304
FBXO4,-0.592509244561165,0.553509632118062,0.798152102437372
PARP8,1.80502048978225,0.0710714757768001,0.296875414125727
NVL,0.715253176611206,0.474452615733276,0.746789702006173
FBXW7,-1.80322260846294,0.0713532612011762,0.297003397221419
RBM46,-0.455375492684072,0.648839123324266,0.849472581069499
KANSL1L,-2.21302360233678,0.0268960184763792,0.178627793038966
MCHR2,-2.28297539913503,0.0224318175057429,0.160734768206157
FARSB,-0.258614086531952,0.795933013437785,0.923536524805882
KCNE4,0.519615242270664,0.603331772291866,0.825865012941547
TNFSF4,-0.22779616223583,0.819804710360426,0.932260900860911
MZT2B,-1.27190872686808,0.203405550801265,0.506449142524109
TMEM163,0.112732050395162,0.910242990668331,0.966385137839339
HSPB8,1.40039737159832,0.161394356679503,0.453400143765466
GEMIN6,-1.81568944383927,0.069418024263323,0.293557386961047
TMEM178A,2.39323884383751,0.0167003656335783,0.138440208563395
OBI1,-1.08181645019712,0.279334095534474,0.591135254406523
GRID2,-0.101363944668697,0.919261557003451,0.969660043391285
ARL11,-2.16985962139205,0.0300174820495741,0.189642394959696
ARL14EP,-1.07797050713038,0.281046918096755,0.592519674424968
EPG5,1.32130375820997,0.186400101377336,0.487432582569474
ATP5F1A,-0.740736518732784,0.458853212352834,0.734756356087684
HAUS1,1.24563857127589,0.212897115052357,0.516669536321056
SPC25,-1.6011847871941,0.109335997257196,0.371422406126728
PDE3B,-1.08598836686713,0.27748413904086,0.589531886571837
TCF7L1,-2.29433499319945,0.0217712640271234,0.158787327209406
CRYGC,-1.08581762192482,0.277559688450047,0.589609504056384
KCNK13,0.684236371352924,0.493825918609578,0.759716714041326
ATG10,-0.537973787326454,0.590595145420724,0.818738999871386
FAM151B,-4.01061409022492,6.05610273138717e-05,0.0040857064498537
GUCY1A2,1.99540534827309,0.0459986881000059,0.235957968284891
CWF19L2,0.118040302324184,0.906035724453789,0.964669535353719
XRCC4,0.409166197308551,0.682417699108859,0.868803392496468
MARS2,-1.20414490240601,0.228533577303379,0.53437388682504
USP12,NA,NA,NA
CAMK4,-1.48361205026468,0.137911870677967,0.419087912665482
TRIM36,-1.48409401321,0.1377839812581,0.418927437467694
ZFP36L2,0.730924419780084,0.464825319250397,0.73918498092701
FLT1,-2.23024742157912,0.0257310216234809,0.17390304059662
PLEKHH2,-0.579057507784876,0.562550370397129,0.803299108732366
PPM1B,1.59374347395547,0.110993502734263,0.374404869044685
IGSF10,-0.81894249406083,0.41281922380317,0.703609003167107
SPARCL1,-1.92303461703466,0.0544757025502407,0.258880691308477
MBNL1,NA,NA,NA
GRIA4,2.43567304321021,0.0148641131289774,0.130888653098597
NIPBL,-0.252641920689387,0.800544932576956,0.925086949970478
GADL1,-3.23609921317162,0.00121175259177688,0.0289463844918422
GPD1L,-0.45574158685277,0.648575813219491,0.849472581069499
GMCL1,-2.07522032323065,0.0379661199075188,0.213481162213693
CCNO,-0.0068320292993027,0.994548871709878,0.997793725368924
TIA1,NA,NA,NA
SLC30A6,1.11563510024357,0.264578361113244,0.576706792606858
ITGA1,1.64353781804482,0.100271707433947,0.35457178940086
JADE2,-0.907229791118303,0.364285292809342,0.66419939150458
CATSPER3,0.497129834640891,0.619097496908758,0.835093523420251
WASHC2A,-1.7269799605908,0.0841712625017074,0.327159495608488
TCTEX1D1,-1.7307940352544,0.083488506132307,0.325426439172407
BMP3,0.179595249993584,0.857470334005419,0.948199303928721
HHEX,-0.803787474922369,0.421519724555965,0.710026808526371
ADAMTS18,1.24742063888987,0.212243302794645,0.515819264455679
RAB3C,1.44607078606959,0.148157348685219,0.43390578552927
MED21,NA,NA,NA
PLOD2,-0.342808695212255,0.731742384079154,0.892168273026474
STK32B,0.889561127756943,0.373701586654744,0.673934313256546
ZIC1,NA,NA,NA
CENPH,0.414946815043097,0.678180837702588,0.866275988988473
TEKT5,0.380190179579062,0.703804248476433,0.880174445466718
NUBP1,0.77561441929626,0.437976683993995,0.722345388816299
RIOK2,-0.485040552525625,0.627647579794526,0.83896426171739
SMARCA5,-0.323526958493909,0.746296194433328,0.899220865115329
BMP6,-0.256187633139575,0.797805957389898,0.924432113792067
UXS1,-2.51663084418958,0.0118482897524775,0.114482963388389
PTPRR,-0.530117138559856,0.596030716995728,0.82210004296644
PLA2R1,-2.74440740894518,0.00606202526665682,0.0773074479575678
ITGB6,-0.331663749196325,0.740143176597279,0.896668565395068
CD96,-1.57026579639728,0.116353287960505,0.383162102344553
ATG3,0.388028377806421,0.697995033265463,0.877616089522756
TRAPPC8,-1.32823114921797,0.184101757022046,0.484672718120329
FAM81B,-0.856820983039625,0.391543827372588,0.688255716137909
LPCAT1,-2.3677487110857,0.0178966867310766,0.143553465966045
UBALD1,0.751643660297557,0.452265379834725,0.730618706378383
UBP1,0.404663303257454,0.685725019949509,0.871190386083726
RMND5A,NA,NA,NA
RPIA,-1.6145750205848,0.106402758508499,0.364781870821333
VILL,-0.843089309997085,0.399178496919595,0.694186335954533
HGD,-4.26749565913119,1.97679616463068e-05,0.00189071795189233
GTF2E1,-0.513452440996019,0.607634870638038,0.828752195339928
CFDP1,0.967913267665384,0.333087687576208,0.63754120112235
C7orf31,-0.313622663517012,0.753807644402193,0.90280084975479
TMPRSS11D,-1.68205669852916,0.0925578459409417,0.341571225362518
JAZF1,NA,NA,NA
FBXO36,0.493151256172889,0.6219057164191,0.836291082623727
CEBPG,0.595917130310102,0.551230588789256,0.796329446249334
DDAH1,0.0197325544016549,0.984256721174143,0.99422333843636
DGKE,-2.36353276386618,0.0181016259768126,0.144583388880334
MSI2,NA,NA,NA
HS3ST3A1,NA,NA,NA
GDPD1,-0.981318877855674,0.32643551624318,0.630830373589121
SEMA3D,-1.35694601787808,0.174798363526375,0.472718838512989
ASB17,-2.42070151844739,0.0154905906945442,0.13323494967328
GRAP,1.73586965928545,0.082586883638932,0.323096525076531
THY1,1.99937120645597,0.0455682049461813,0.234386219587029
JPH3,-0.986327833048889,0.323972265875419,0.628378471982788
ANKH,0.931533025637666,0.351577909325606,0.654702955099552
UBASH3B,1.83144733741532,0.0670338012571446,0.288593658150016
OTULIN,-0.344127190193841,0.730750635457812,0.891507516189429
PANX3,1.47588849025683,0.139973829822329,0.421791528669002
GPR15,1.82456386504156,0.068066870544,0.290326431741724
TOMM70,-1.2256294758537,0.220338140408485,0.524866011641397
CERS3,-2.7888487080458,0.00528957687929145,0.071691556771168
ABCA6,-1.55079224489622,0.120951479691636,0.391983435792407
FAM167A,-0.373378666986992,0.708866634643519,0.883714946603931
ATP8B4,-0.924655931277135,0.35514490939238,0.656668282238792
WNT3A,-0.444534721059258,0.656656031633228,0.853918419244587
TRIM11,0.447640600939167,0.654412596404979,0.85184387274476
PPP1R3A,-1.41264541763394,0.157760007825991,0.449122850252904
ASZ1,0.262985965714334,0.792561396226708,0.92203139490208
SH3RF1,-1.02668499117985,0.304568818856769,0.611565770736578
KLHL41,0.777621376165758,0.436792255374383,0.721531182622585
GPR26,2.2134226815232,0.0268685183611546,0.178627793038966
DHX32,1.14955825633517,0.250325859574104,0.561764833662587
C10orf90,2.53693288177826,0.0111828391820932,0.110454291320126
ATP5MC3,-0.860854797614523,0.389318020072234,0.686508041929009
PDLIM3,1.11153031052568,0.266340150713507,0.578296963562766
LY96,-1.84555952004463,0.0649561887338692,0.283432977099928
CXADR,0.374621172618225,0.707942224443854,0.883220944877179
C21orf91,0.488991129265189,0.62484797709264,0.837154763181782
TMPRSS15,-2.18923161350898,0.0285800099897096,0.184810060318567
SEL1L2,-3.28584230621485,0.00101677915627166,0.0256520310677418
ADAMTS1,-0.0366344022345329,0.970776512915786,0.989567703577914
ADAMTS5,-0.42445062723136,0.671237205292175,0.863199082090627
TSEN2,-2.70829724173323,0.00676294217959359,0.0829558297224175
WNT7A,NA,NA,NA
XPC,-4.41562793684385,1.00717190170441e-05,0.00117987455647729
MYO5B,1.41160351794225,0.158066735987694,0.449596181864489
FLCN,0.0406778084349323,0.967552753253017,0.988930384254603
ACAA2,-3.06176286189038,0.00220037697647714,0.0420912618588893
SKA1,-0.589575479452743,0.55547529492584,0.799308956095915
USP43,2.69246683238708,0.00709255898503036,0.0848636194630077
RAB6B,NA,NA,NA
ABCC3,0.421916810469773,0.673085739426464,0.864203202566927
ANKRD40,0.285028462693991,0.775622335899336,0.914515895943899
VOPP1,-1.11504341287503,0.264831818630451,0.576909223654727
MRPS17,-0.436122676349273,0.662747725377549,0.857322401243827
DKK2,0.376625575604956,0.706451878458148,0.882014275219724
CA2,-4.13344811400939,3.57361000442729e-05,0.00290346206381211
CA3,-4.66690528739849,3.05770188909011e-06,0.0005191909095273
ATP6V0D2,-0.849030960953044,0.395864064522498,0.691655649170995
ODF1,0.322593417838225,0.747003179247319,0.899796398454441
KLF10,-1.76346287129778,0.0778224540622775,0.311766437819198
PIP4P2,0.0743326231117416,0.94074571933613,0.977015278029523
OTUD6B,-2.81739144682996,0.00484154778585564,0.0690892069309258
AGPAT5,-1.7188687578773,0.0856382720779265,0.329388029432839
MARVELD1,1.73841942135692,0.0821369370225672,0.322068861516615
HSPA13,-1.04799039920726,0.294643030276078,0.603912311614281
C16orf87,NA,NA,NA
LONP2,-1.43800513168984,0.150432598107268,0.437544559089112
TRIM74,0.0244821700076975,0.980468005725606,0.993310843110201
OXA1L,-0.474892741522161,0.634863425292353,0.842635780808629
CCDC146,-1.02100246135405,0.30725327257353,0.613532169018391
GEMIN5,-2.13083713862589,0.033102561578122,0.198514898128089
AKR1B1,-1.23106302316385,0.218299293882388,0.522149244879811
SETD9,2.87331465732791,0.0040618933521366,0.0620033659974629
NUP205,1.23691988479654,0.216116826981766,0.519791858425045
PDE11A,1.56734676488903,0.117033659994927,0.384564616186852
PDIA4,0.265470572805505,0.790646976324145,0.92130940518766
OTOA,-2.61371853817686,0.00895627850091568,0.0967457331707203
CASP10,-1.16183793451709,0.245301301885444,0.555116287143151
C2CD6,1.63295351221972,0.10247877424455,0.35832004543814
FZD7,-0.42341515917871,0.671992386620212,0.863493373713325
DEPTOR,-1.92864708922644,0.053774688952652,0.256921624866417
SLC26A2,-1.25742322025373,0.208600425376748,0.512164033841335
CSF1R,0.23194564938011,0.816580228099591,0.931226731485643
LSM11,-1.16234114382299,0.245096920292293,0.555063465032383
MED7,0.928303115570693,0.353250358416033,0.655813196115859
TRIM42,0.0461395313832024,0.96319903805665,0.987239817085736
PXYLP1,-0.954984306257491,0.339585633407741,0.644781768068574
ADCY8,1.12846930770753,0.259121771863405,0.569992462358046
RASA2,1.60790870757672,0.107855174491701,0.368174248230987
ATP1B3,-0.672145703599414,0.50149094312896,0.765805992798154
SMC2,-2.72000463795936,0.00652810006833987,0.081013494719534
TMBIM4,-2.17208771421922,0.0298490474828471,0.189314245246326
VBP1,2.27026686639652,0.0231913961174245,0.164307725328888
NAT2,-1.05358695296703,0.292072065132513,0.60158492776847
GNAQ,NA,NA,NA
WIF1,-0.690317831560961,0.489994336658053,0.758035709256786
MMP16,0.872341342040334,0.383022190311345,0.681690182544464
BATF,0.0687859823865119,0.945159976093038,0.978975843640712
ADAMTS3,-1.67772338139054,0.0934011127524116,0.342841296068604
C8orf37,0.374349387773666,0.70814439259303,0.883307665340752
STOM,-1.24490153852861,0.21316794529926,0.517077686896054
PPEF2,2.06081427226649,0.039320762342079,0.217440201751521
CFAP161,2.03941332255948,0.0414087938858134,0.223489176143719
NAAA,-0.0765387337587605,0.938990499254295,0.976321873127672
ADAMTSL3,3.47866602877499,0.000503916171907641,0.0161591639692365
CXCL13,-1.24464521723728,0.213262191448586,0.517223276708559
WHAMM,0.772166242461299,0.440015972477174,0.723970440081782
CCT8,1.99338648284072,0.0462191428778024,0.23628676832522
NAA11,3.559573667649,0.000371457326647658,0.0131155680380827
BACH1,-2.14070511812312,0.0322978255234997,0.196216178079225
CLDN17,-1.32289168122656,0.185871402151953,0.486879348446504
TSPAN7,0.433845036632444,0.664400974785145,0.858406497882938
TIAM1,2.08573989311879,0.0370021907015457,0.210930632169656
SCAF4,0.994741034319378,0.319862231420541,0.625616673058006
ANKRD9,1.40749482140988,0.159280711769576,0.450758448738171
PCDH1,2.17614855051572,0.0295441545738143,0.188067086739461
MTERF3,-0.619075405040449,0.535866685021407,0.787285372743875
RPL30,NA,NA,NA
KCNS2,1.92083685217502,0.0547522788843355,0.25938237501591
TYSND1,0.208508924252744,0.834831615222982,0.938066981056048
CD109,-0.360857749083671,0.718205789709674,0.888676228481764
NODAL,0.508804539034202,0.610889237494228,0.830087893391613
PRG3,0.151025816339312,0.879955350978455,0.956613571972262
KIF6,-2.31525594293211,0.0205989293102592,0.154104465216157
UBE2L6,-1.55962351927021,0.118848875207811,0.388082152580042
ZDHHC5,-2.4396770987498,0.0147003951864704,0.129913667870141
CELF6,0.341883098968756,0.732438869162663,0.89254204349795
ZFAND3,-1.10812823450382,0.267806438793983,0.578846907028013
BAG4,-0.243661172621539,0.807493246862291,0.92735817255655
TBC1D31,1.7423234245428,0.0814518667953572,0.320547034117562
NTAQ1,-2.61528429703574,0.00891532135528958,0.0965102695710144
ATAD2,-1.5969947718627,0.11026687262285,0.372955385979759
NSMCE2,0.209795307806667,0.833827435399397,0.938066981056048
FRRS1,-0.463357911757245,0.643107841690032,0.847067916831308
SASS6,0.116950206981801,0.906899511680045,0.964672583994754
COX6A2,-1.51267529552116,0.130362157779957,0.407452518794355
ZIC3,0.171459797720292,0.863862239055625,0.951577094293214
LHFPL4,NA,NA,NA
B3GNT7,-2.02351155041179,0.0430204339513786,0.229221738288511
PDE6D,NA,NA,NA
SST,NA,NA,NA
FANCD2,-1.54975666969583,0.121199930672031,0.392536080650606
TATDN2,-1.7426169597623,0.081400545534921,0.320428508497975
EXOG,-0.60166829423675,0.547394958920347,0.794600205809211
NTAN1,0.132212127121651,0.894816509271102,0.962670893388458
NMNAT2,1.37410640902336,0.16940865005367,0.466049916646388
ZFYVE9,-2.52357957016943,0.0116166767480412,0.113042152835158
LYZL4,-0.927147149334799,0.353850138775119,0.655930089125034
TMEM171,-3.20015612452564,0.00137353163248257,0.0315453039970769
KLHL40,1.3137055983496,0.188945296263214,0.490111497511725
TIMP4,-1.41458006749496,0.157191656392239,0.447968691090626
PPARG,-2.54758059270168,0.0108472794410252,0.108272184222439
ABCF2,2.76249552699144,0.00573613477384087,0.0753270007632527
ODR4,-1.16706472622949,0.243184231471776,0.553213925335163
PRKAG2,0.897440299934059,0.369484016339365,0.669180543494785
HTR5A,0.454724146712521,0.64930770686986,0.849472581069499
STEAP2,0.89482988534771,0.370878032065213,0.671059976680338
CLDN12,-0.0130474241292009,0.989589957089324,0.996710034569025
FZD1,-0.157618379982584,0.874757519487341,0.954761026271959
HMGCR,-2.11214844359888,0.0346737189965645,0.203333038989555
GATAD1,-1.02522538728001,0.305256851995327,0.612339471659409
IPPK,0.610704916354985,0.541394950695706,0.791326067023879
THTPA,1.38602138638364,0.165740373207187,0.459994218532049
PDF,-0.424252108705332,0.671381961938335,0.863199082090627
TMED6,-4.72494927131837,2.30172807338233e-06,0.000434796433061922
PDPR,-3.14813733880672,0.00164314473115221,0.0354731473959604
ARMC12,-2.9462746429769,0.00321626687029005,0.0535878996073023
MDP1,0.117858036088334,0.906180143785737,0.964669535353719
DHRS1,-1.62231817223126,0.10473523967317,0.361845407894013
KIT,0.702729112559708,0.482224581239078,0.752128999038595
CACNA1D,0.742021909399903,0.458074061233068,0.734405936313355
IL17RB,0.424635256990265,0.671102587067351,0.863123599639304
ZNF19,-0.179444581366374,0.857588628573081,0.948260726933226
CCNB2,0.282337595905993,0.777684660321822,0.914826393577398
ERC2,-0.316955645429824,0.751277258105182,0.901822958127631
FAM81A,0.705033986061137,0.480789086274471,0.750897547724246
MYO1E,-1.57791779552615,0.114584496187569,0.380404417044497
APPL1,-0.217919667113349,0.82749170323874,0.93502726329773
TMEM268,0.11814163875836,0.90595543149579,0.964669535353719
COQ5,-0.687347154348109,0.49186399048989,0.759012505212831
FMNL2,-1.94206624052835,0.0521290817675029,0.253793390357765
DPYSL5,0.828608499669881,0.40732597682739,0.700205910796897
DRC1,-0.797399709405882,0.42521892799533,0.712785850283819
C12orf43,0.344962786206685,0.730122347712105,0.890992181965223
PEX10,1.09080256387661,0.275359768071991,0.587911389531495
WIPI2,0.623106234874924,0.533214712801219,0.785771102365236
SMAD6,0.682689284506734,0.494803202186912,0.760678127309116
CIB4,0.233035804309607,0.815733603204386,0.930929331794644
CFAP251,-0.176365036676812,0.860007170773585,0.949476064051024
MRPL17,-1.50476314976713,0.132384980952728,0.410715689378225
DUSP2,-0.617961141994423,0.536600953479291,0.787751467746167
PTPDC1,1.02304353321815,0.306287263213126,0.612777766747669
HPD,-1.56799717543208,0.116881791536932,0.38415709823283
RHPN1,1.09851295684987,0.271980563027463,0.583898258066121
FANCC,-1.70270319615919,0.0886236264484644,0.335099479404648
MRAS,NA,NA,NA
ABHD3,-3.96570256949606,7.31800713124899e-05,0.00458878521856576
TENT5B,-0.39112040023985,0.695708242109032,0.876227194544616
ACTR1B,0.311022263648197,0.755783696494253,0.903592027011167
PCDHAC2,0.153575340681234,0.87794458153022,0.956216109267365
PCDHA13,NA,NA,NA
MITD1,-2.34804055648064,0.0188724662458077,0.147619415065552
CNOT11,-1.35297248356494,0.176064421183681,0.473853167039677
CATIP,-0.886237586761899,0.37548951338081,0.675355932148344
ACSM3,-0.621678191540773,0.534153494575792,0.786382427936788
NRG2,-0.453638172184012,0.650089274270498,0.849584858890212
SPATA2,-2.82315774820402,0.00475531676159999,0.0681805947830162
NCF1,-0.222160560690619,0.824188894944647,0.933666143333172
LRTOMT,-0.990493669963519,0.321932881635398,0.627732956864737
SLCO2B1,-0.705209969383185,0.480679578080808,0.750807354129845
PKD1L1,2.39299453215013,0.0167114901319328,0.13845616166325
SLAMF8,0.789822696297243,0.429631322281619,0.716463092288659
CDH15,0.620313756599438,0.535051239751483,0.786852309762982
HTR6,-1.55453336828694,0.120057243629669,0.390614110310049
ZSCAN23,1.9342137830366,0.05308684844294,0.255977989608032
SPATA2L,2.000623650087,0.0454329629397687,0.234112825024956
USP21,0.385722740677009,0.699702019125031,0.878000305822706
FCER1G,1.61543589906396,0.106216331323354,0.364308034262034
FAM160B2,0.13914240591037,0.889337619059513,0.960225997352197
CHRNB3,-0.737948995672831,0.460545443821497,0.736015518933001
ARHGAP17,0.334534034324892,0.737976613081291,0.895407673776353
C8orf58,-1.40575248307207,0.159797636401346,0.45124656040429
WNT9B,0.355096704551195,0.722517145378207,0.890249115171338
TMEM141,2.58745369452235,0.00966881902884828,0.100838642625228
CELA3A,-3.74110976653506,0.000183209477079115,0.00789459010972334
MIS18A,0.510947077457715,0.609388115024844,0.829208177123377
CFAP298,-0.283908490167374,0.77648050989962,0.914517455038817
KPNB1,NA,NA,NA
WNT4,NA,NA,NA
IL10RB,0.425747307236913,0.670291986469631,0.862521500300499
NCOA5,0.331454946966744,0.740300866486689,0.896758086534586
STC1,0.238581157924268,0.811430377057945,0.928561163968542
ARAF,-0.00237143776843111,0.998107868191133,0.999033388800133
HOXB13,3.2355184583936,0.00121422034464988,0.0289463844918422
ATP5PO,-0.898378271445208,0.368983916541505,0.668873899634109
KCNE2,-1.36436326601071,0.172453263189804,0.46987966168857
SNF8,1.68478523616206,0.0920300143804194,0.340427076507606
IGF2BP1,1.90412846414531,0.0568934554428579,0.265608247961838
CBR3,-0.87212019182924,0.383142811812144,0.681703668219554
GJD2,1.67657321567797,0.0936259679994118,0.343207548185089
ACTC1,4.41641873478516,1.00349602834892e-05,0.00117987455647729
SIM2,-1.34284893222747,0.17932089520761,0.478789509173474
GFRA4,-1.03021697878999,0.302908161141455,0.610095712537607
CCDC142,-1.66729925397906,0.0954549149246906,0.346015698716641
MCAT,-0.16294494933185,0.870561779292883,0.95331613852296
PLA2G4D,-1.5347785396948,0.124838235944519,0.397790136087162
P3H3,0.0785398852222845,0.937398604373017,0.975907962641294
RFX5,0.671955668979672,0.501611918726107,0.765805992798154
M1AP,-0.595896758062515,0.551244199127467,0.796329446249334
PSMB4,0.238622529243259,0.811398293904097,0.928561163968542
BTG2,0.323908882478502,0.746007018985018,0.89908749269492
IRX6,2.38917571192773,0.0168862240406164,0.139292913592683
CES5A,0.201097384823992,0.840622426834234,0.940789907007253
HK2,0.512981707245215,0.607964116708993,0.828752195339928
CELF3,NA,NA,NA
AMFR,-0.196839914615305,0.843952814776463,0.942144857568288
UBR1,-1.76963275913623,0.0767883379349923,0.309142935284846
MED8,1.65199812920682,0.0985349322200084,0.351589403844514
PGLYRP3,-0.0426667328245416,0.965967198768553,0.988401131274316
ISL2,2.05826222361978,0.0395649683920846,0.218134185458293
GSTT2B,-0.242010120745119,0.808772321082103,0.927960467405113
CPNE2,-1.05853292415886,0.289812548722621,0.599728016033193
GPBP1L1,0.45450347367037,0.64946649232405,0.849472581069499
NAE1,-0.512246101127867,0.608478782083984,0.828805305275946
ACE,-1.39084196436908,0.164273354689496,0.457748313771052
TEPP,1.11365094413369,0.265428962082937,0.577434718268231
KIAA0895L,-0.00673730456275431,0.994624449375163,0.997793725368924
SHF,0.333667066600392,0.738630803703377,0.895913693359454
CHCHD6,-3.36771320730651,0.000757943958382929,0.0212900540875145
CTBP1,NA,NA,NA
TPPP3,1.98618007689446,0.0470133322401552,0.239052986814679
AGRP,0.0479084711052841,0.961789188179041,0.986734495549693
ZFYVE28,1.54112097386821,0.123287346126568,0.39632384060087
PIP,1.56396133809061,0.117826648160998,0.386330290086569
PSKH1,-1.89205788792834,0.0584832683948548,0.269122762479612
DMPK,0.200002531593495,0.841478601200014,0.941103115157831
PTGIR,1.34877214857828,0.177410163175056,0.475823528330267
SSU72,NA,NA,NA
TRIM62,1.5393600886377,0.123716411936842,0.396717546125065
NR2F6,NA,NA,NA
CCDC58,1.20692980773366,0.227459177142732,0.533007146066206
HAPLN4,0.508255863071316,0.611273918791077,0.830338753576641
TFF2,-2.1060015052125,0.035204221600094,0.204775287459823
UBASH3A,-1.22111758291519,0.222041503282329,0.527758917521634
RSPH1,0.735219099330137,0.462206068949416,0.737266003162716
PDE9A,-0.642556041217966,0.520512214557765,0.777578248696581
PKNOX1,1.21538685976403,0.22421857733934,0.530347650767274
U2AF1,3.89259632075593,9.91771029206792e-05,0.00546994299028213
CRYAA,5.83626531525292,5.33838658774191e-09,8.00417523709414e-06
HSF2BP,0.864975271265704,0.38705236165417,0.68422131527569
PDXK,-1.46271381417283,0.143545704574896,0.426831582060192
AGPAT3,0.900071369435176,0.368082271205335,0.667922584348585
TRAPPC10,0.625865224246046,0.531403346028339,0.785131881409596
PWP2,1.61832688136295,0.105592170469531,0.363404436377944
GATD3A,0.0120662821080479,0.990372733414173,0.996883924066112
AIRE,-0.0915903258315253,0.927023538009515,0.972610937757956
LRRC3,0.811651046626127,0.416991891512738,0.706851538366854
FAM207A,-0.409314266633612,0.682309047073518,0.868738252538125
SPATC1L,1.51575606753189,0.129581044572757,0.406243147019198
S100B,2.08009063783656,0.0375172201560248,0.211930310098502
CLDND2,-2.427480087194,0.015204121464124,0.132276732047117
HIPK4,-0.0434779883289956,0.965320510699699,0.988207800954738
PRX,2.15354983236514,0.0312754921343815,0.193623612099456
SHKBP1,0.86046151055265,0.38953469153269,0.68653767386975
NCR1,-1.51557932580058,0.129625758002023,0.406243147019198
ZER1,-0.706750600944235,0.479721478008483,0.750315770613143
PKN3,-0.24120017446909,0.809399975683582,0.928257754612604
TMEM190,0.207378009487062,0.835714655192375,0.938494454132955
NLRP8,-3.42686227276445,0.000610598679096762,0.0183446664781516
MED27,1.67235109679723,0.0944551093237517,0.344368060820395
TLCD1,-1.4799234237785,0.138893683767502,0.420656750870572
TMEM199,0.844493151486915,0.398393888721564,0.693609268013856
PHLDB3,-2.60351990153152,0.00922719103480194,0.0983431077685216
S100A1,NA,NA,NA
CXCR5,2.5950689393327,0.00945719478599452,0.0995244621211346
FLAD1,1.0406802222597,0.29802398525673,0.606809278523269
UBE2Q1,NA,NA,NA
ANO10,-0.73477852221417,0.462474389543563,0.737413221795311
PAQR6,0.256824142221951,0.797314532218058,0.924236176869569
CCR2,1.13414879863417,0.256732137090159,0.567311286137708
CCR5,0.615071149573335,0.538507734007017,0.789017730881719
CCDC12,-1.80316829761944,0.0713617876727749,0.297003397221419
PPP1R35,-0.362232794167774,0.717178075002642,0.888407186341101
RNF126,-0.262303799341376,0.793087233100546,0.922186249077356
GPC2,0.65080761897537,0.51517068135992,0.774452467477609
AZGP1,3.53610592354793,0.000406071840786915,0.0140424660365489
FGFR4,-0.547525060191898,0.584018058517606,0.814928984332231
NACC1,-0.525995638372889,0.598891237441633,0.824221975919163
HK3,-1.73613452018691,0.0825400518691798,0.323096525076531
IER2,-1.95353396072184,0.050756357214991,0.249035737088618
ATP5MF,-0.369232133113885,0.711954706661035,0.885082224996838
CPSF4,NA,NA,NA
PTCD1,-0.540089510770259,0.58913530407352,0.818040932940067
VPS28,2.00253623584335,0.0452270899598771,0.233789776497741
PTGER1,-0.160982585452759,0.872107116536879,0.953782200076667
LRRC14,0.359031067362612,0.719571848217248,0.888996254619953
ZNF333,-0.816685546607923,0.414108153145882,0.704650648613958
PPP1R16A,0.819385955612513,0.412566245244678,0.703535839262332
ALKBH4,-1.64906727869648,0.0991338522584984,0.35266261189511
CCDC105,0.248551797295094,0.803707498631247,0.926280639565898
MRNIP,1.09651010662619,0.272855602902914,0.584878563272175
LTC4S,-0.79430977756577,0.427015113312064,0.713912201833379
MAML1,-0.772149803764155,0.440025707527208,0.723970440081782
PGLYRP2,-0.657640236250421,0.510769333332109,0.771720272476987
POLR2J,4.71799789447085,2.38176958740408e-06,0.000440635758779771
LRWD1,-1.21626623396581,0.223883519863463,0.529886883661182
CELF5,-0.574987758178183,0.565299576289022,0.805013870795299
YDJC,-2.3702460074292,0.0177762530105104,0.143200583235509
DCUN1D1,NA,NA,NA
FBXO17,1.20577470586682,0.227904370903291,0.533719332572529
THAP8,0.206968520262011,0.836034443375959,0.938714058124489
HBE1,-1.87643675674452,0.0605953313057303,0.273838710135226
GRIN2C,-0.60329215447198,0.546314351247462,0.793531572092623
ACOX1,-1.82308824442256,0.0682900267626768,0.290703911109175
CABP5,2.43176760341189,0.015025344456442,0.131174468761266
TMEM143,-0.832151625394882,0.405323364941406,0.698249931397133
KLHL10,2.11517128853243,0.0344153510674761,0.202604123619672
STAT5B,0.948272388255114,0.342990803755361,0.647555243274797
HCRT,-0.5723991706111,0.567051577617132,0.805748282080412
ALDH16A1,-1.7746846153254,0.0759499769862578,0.307462108817661
PSME3,0.34837455331342,0.727558910529168,0.890852127423931
NCKAP1L,-1.39380348056059,0.163376956832152,0.456621522405674
ITGA5,0.0172097582304333,0.986269277400708,0.995292241741536
CD300LG,-0.0526524190111228,0.958008850529147,0.984993179289459
NAGS,-3.90509014523541,9.41902676728359e-05,0.00529146217498846
IZUMO2,-0.428769966426803,0.668090637511608,0.860714894635586
ASB16,1.29502099981321,0.195312985319176,0.498036635161506
SHANK1,0.128148167985138,0.898031717715942,0.962878378882048
FAM171A2,0.368736345355294,0.712324255121476,0.885177546533653
SDR9C7,0.54017703106602,0.589074951270654,0.818040932940067
WNT1,0.427515135087494,0.669004163681581,0.861550280202198
AQP5,-1.13139134630418,0.257890412175584,0.568561162299411
C6orf136,-1.03815012880449,0.299200166500092,0.607612728945355
CELA1,-3.75017314218445,0.000176712511658502,0.00773424001949988
TAMALIN,-0.309259437070092,0.757124184039974,0.904407609612844
SYCE2,-0.924996874256299,0.354967533359998,0.656550813464086
KRT72,-2.72393905544577,0.00645084090485055,0.0804332572228561
IP6K3,-2.15182070883316,0.031411478155308,0.193956798530171
LEMD2,-0.91490631838925,0.360240812776945,0.660871496159962
ZNF653,-0.947355165349017,0.343457829176257,0.647755857075561
MED11,NA,NA,NA
BCL6B,-0.875482593943863,0.381311376958851,0.681052998570237
TNFSF12,1.55161278349366,0.12075490253329,0.391680095524354
FGF11,1.03881777740526,0.298889491864491,0.607344090501034
EIF4A1,NA,NA,NA
CCDC42,1.07851799903578,0.280802653758683,0.592252575520059
POLR3K,NA,NA,NA
LUC7L,1.76092393092104,0.0782512788948372,0.312591415981702
WDR90,-0.700814215361334,0.483418965481801,0.753059211046385
SOX8,0.667046408910919,0.504742490002497,0.767079865149105
SSTR5,-0.588507104730383,0.556191966454078,0.799883231543017
NTN3,-1.08905253308771,0.276130720215751,0.588974939153201
FLYWCH2,NA,NA,NA
SLX4,-0.182289633822005,0.855355433404367,0.946852155448416
ADCY9,1.0466982323931,0.295238779245036,0.604494405990333
CLPB,0.294049102041314,0.76872038299971,0.910701036993698
NEU3,-0.913813244680002,0.360814985726975,0.661372702719365
MAP4K2,0.031220888462258,0.975093381449453,0.990962419668065
UBXN1,-1.7053301476161,0.0881328679763151,0.333800476405532
NCKIPSD,-1.86086851738064,0.0627627466526332,0.278478600526781
TAF6L,-0.791876602522279,0.428432630891894,0.715045858291028
STX5,-0.734441981022736,0.46267940863162,0.737476133661117
SPINDOC,0.00648305608153755,0.994827305880484,0.997919293699466
SYVN1,1.75212464422807,0.0797523775086014,0.316867524122521
ZFPL1,0.703086825781455,0.482001641736246,0.752014124501151
CABP2,3.11909328451506,0.00181408517506232,0.0376216730500244
LRP5,1.50429779823586,0.132504705754001,0.410791019219263
TPCN2,-0.81313209462546,0.416142327061293,0.706282889325052
FGF19,0.829150618159556,0.407019184035382,0.70000750518008
ZYG11B,1.14500514815334,0.252207024798409,0.56347613228172
CZIB,0.818518072624269,0.413061426731645,0.703661851061731
USP24,-1.39221317440502,0.163857854487921,0.457199251495112
GMEB1,-0.284857920249665,0.775752995639547,0.914515895943899
RHCE,-4.14767377528483,3.35870518407914e-05,0.00277626361367054
RAVER2,-2.652578429686,0.00798795678079681,0.0905581416889733
RBP7,-0.650198579101709,0.515563958768485,0.774766972796765
SLC25A34,-1.0753324961062,0.282225892250138,0.59342001929259
DISP3,-0.744705668097734,0.456449671879069,0.733205750955847
DRAXIN,-2.57037560247242,0.0101588304450847,0.104124757960776
LAPTM5,-0.551658110640448,0.581182614806064,0.812779132945616
TMCO4,-1.46157191180254,0.143858556103889,0.427181860185081
TM2D1,-1.35376740006385,0.175810597302363,0.473591755157454
DOCK6,-1.37006817550195,0.170665621014599,0.467821306869694
LRRC53,-0.181061503704127,0.856319300717076,0.947481129919201
LHX8,1.07346176705252,0.283063983993826,0.593625163213252
WDR63,-0.517996466315314,0.60446073481612,0.826748805122643
ODF2L,-0.513206192105173,0.607807094977774,0.828752195339928
GFI1,-0.108743419986446,0.91340600186947,0.967233061236493
KCNT2,0.386544707948574,0.699093298404515,0.877705405985679
VCAM1,-2.61300561822232,0.0089749826849374,0.0968093778263911
ZNF281,-0.00343984168378249,0.997255408841472,0.998774652941254
ARPC5,NA,NA,NA
ZNF496,-0.164733086149322,0.869154073756882,0.953168095980697
NCSTN,-1.18146609112005,0.237417616301786,0.545962673319475
C1orf74,-1.68575950417455,0.0918421305831827,0.340076285629734
LRRC52,-0.472575855911065,0.636515811212784,0.843922349451447
RGSL1,-1.24164340608314,0.21436815924651,0.518087710971155
PPP1R21,0.475411880293943,0.634493428250796,0.842423536085576
LHCGR,-0.28420225555209,0.77625538702688,0.914517455038817
PKDCC,0.614032317544639,0.539193971669486,0.789487384930653
HAAO,-1.28807736065817,0.197719035221287,0.500391781512735
IL24,-2.6394635751504,0.00830373460705015,0.0923370400159984
CAPN2,-1.12631280895986,0.260033137920947,0.571248841439359
REL,-0.989843823212099,0.322250461123014,0.627853892144838
PEX13,-0.628459061358298,0.529703257048994,0.784023077426483
RFTN2,-0.661933060785868,0.508014122631183,0.769249441002248
SPRTN,-0.0471063683716387,0.962428451747554,0.986851591994099
CAPN13,1.25838511331492,0.208252513052965,0.51201738507417
LRRTM1,1.44767256162517,0.147708647138927,0.4330112658707
MEMO1,NA,NA,NA
MAIP1,-1.04723544490112,0.294991001385768,0.60437961129904
KCNF1,1.4145476154219,0.157201177179516,0.447968691090626
SLC66A3,-1.31129713202561,0.189757396964663,0.491113852188728
ARL5A,NA,NA,NA
LRATD1,1.49125952709099,0.135893370486839,0.416640416879105
ARHGAP15,-0.87205193886482,0.383180043583387,0.681703668219554
KCNJ3,1.74692943883672,0.0806495785555327,0.319017247443277
NEUROD1,0.833160613087349,0.404754152712467,0.69789139658222
FRZB,-0.924212398795856,0.355375741449579,0.656754416543147
NUP35,1.56915697362425,0.116611367020715,0.383761101571657
WDR92,-0.879134968726786,0.379328099513028,0.678953717853948
CCDC138,-0.68484292301049,0.493443046401582,0.759691275858061
ZSWIM2,0.0213319259993529,0.982980876364443,0.993828459408981
WDCP,1.05771611458805,0.290184886291367,0.600099612490741
FAM228A,-0.655477504265498,0.512160365435106,0.772691176480783
SLC16A14,0.84482580599989,0.398208104057797,0.693445594436671
TEKT4,-0.201405702736059,0.840381356439711,0.940693340827507
EN1,0.360789986680949,0.718256448827175,0.888676228481764
ZNF514,NA,NA,NA
SPATA18,1.11128214337736,0.266446923090597,0.578296963562766
KCNIP3,-0.00696326254217255,0.99444416522247,0.997793725368924
INHBB,0.251608997951998,0.801343302980047,0.925383405284576
BBS5,-1.07857984305917,0.280775071018449,0.592252575520059
HPGDS,-1.9851405059297,0.0471288412756803,0.239233099523239
PDHA2,-0.612189622357966,0.540412306829148,0.790500072445668
STPG2,0.697747824673738,0.485334913737639,0.754257893518375
SLC9A4,-4.43320943168649,9.284060212924e-06,0.00112240574350166
C1QTNF7,0.0662764685323866,0.94715771741571,0.979669892136143
CHAC2,-4.71474685932392,2.42011434480684e-06,0.000440635758779771
TMOD4,2.1178511949416,0.034187672026685,0.202001044655588
RNF149,-1.56300216843954,0.118052084784282,0.386566219991348
IWS1,-0.965376541907839,0.334356246589932,0.638480445740831
BMP10,-1.63103228846968,0.102883506650058,0.359103887796078
TGFA,1.83840827943253,0.0660022660266946,0.286125920895991
MERTK,-1.24976952165677,0.211383752779274,0.514825179330779
FZD5,-1.51123398749815,0.130728845896935,0.40774401631128
GNPDA2,0.707630423618712,0.479174794630156,0.750315770613143
GABRG1,2.03918883901502,0.0414311843824337,0.223530188642391
GABRB1,0.204584802685777,0.837896529961732,0.939548294188744
NIPAL1,-1.95397394033068,0.050704299146215,0.248941965138922
HELQ,-0.740603126694538,0.458934111655334,0.734761340749593
MRPS18C,-0.401545077018164,0.688018857362049,0.872279840820906
CLDN1,0.0102343906414394,0.991834280268212,0.997295568406984
DCST1,2.76383772186857,0.00571259419316481,0.0751337889008761
COL6A3,-0.251994988071961,0.801044937764132,0.925276396812013
TAFA4,1.99062258323285,0.0465223955698715,0.237560816355178
POGLUT1,-1.35206464411034,0.17635463646412,0.474465242343917
CCKAR,-1.53932554418263,0.123724840847501,0.396717546125065
IGFN1,0.581402606324648,0.560969141293926,0.802204976369585
ATP1A1,-1.06584895912697,0.286491924960924,0.596635928002486
PROK2,0.0903361265250647,0.928020112683625,0.972892122294481
LRRC58,0.742421219370371,0.45783216709059,0.734405936313355
FSTL1,1.33739047276252,0.181095212682176,0.481391531055944
RNPEP,-0.137329584937182,0.890770286570017,0.96083658605611
PDCL2,-2.14100163993994,0.0322739058121389,0.19620537114537
IGFBP7,0.867327173163999,0.385762772169007,0.683528513925544
CXCR1,-1.70787285553755,0.0876599368711258,0.332742078847356
CCT3,0.509066052956866,0.610705925680845,0.83001960148295
TMEM79,-0.822088281985787,0.411026654146176,0.702492060332165
SSR2,2.41685967024635,0.0156550512374566,0.133887455744451
RNF25,-1.0295673861967,0.30321313165086,0.610343560227647
STK36,1.40315368205378,0.160571016124705,0.452208198970656
FEV,NA,NA,NA
IHH,2.3536002456488,0.0185925938755963,0.146638002872691
CIP2A,-1.19010309296296,0.234005874770661,0.541546214323771
RETNLB,-1.18879244403905,0.234521352105604,0.542240644188242
TRAT1,-0.236234921550307,0.813250382777269,0.92967959900408
HDAC11,-3.08821216309372,0.00201364654954702,0.0395881679769777
GLB1L,-0.437054973226175,0.662071480660171,0.856758367506123
TUBA1A,-1.05588467402701,0.291020906892235,0.600609109275902
STT3B,0.25690113075023,0.797255097658527,0.924236176869569
PRKCI,1.2316002758175,0.218098437866423,0.522044515773159
RETSAT,-1.85406543112957,0.0637297995927728,0.280129357604998
EIF5A2,NA,NA,NA
EFHB,-4.20021467724383,2.66662019670912e-05,0.00235660610600399
RPL22L1,NA,NA,NA
FABP1,-4.66354915894456,3.10801896456772e-06,0.000521870917694971
SPICE1,0.106722489865509,0.915009140169591,0.967880906506346
CCDC191,-1.54341930492202,0.122729072691652,0.395384089678178
NKX6-1,0.0860755376085144,0.931406369598716,0.974013629933299
CDS1,-2.31907143603159,0.0203911632567593,0.153080605631469
WDFY3,-3.14745727666876,0.00164697172288828,0.0354766300025355
ALB,-5.84155815638093,5.17148185959944e-09,8.00417523709414e-06
C4orf36,0.276681167117379,0.782024934011239,0.916771258798805
THOC7,1.13920761648005,0.254616569556984,0.56554483051301
PRICKLE2,-0.783526248209415,0.433318146101325,0.718760421192932
TIPARP,-1.58192297028852,0.113667156411397,0.378857094770409
CCNL1,-1.44807323801199,0.147596569170723,0.432877954247543
PTX3,-2.66361486425692,0.00773060142175904,0.0894524109384553
SMIM14,NA,NA,NA
ABHD6,-0.0878704550511894,0.929979639201276,0.973223885531237
RBM47,0.917202861389585,0.359036347692476,0.660426030562571
APBB2,1.68933084404699,0.09115604567647,0.338928589818262
IL17RC,-1.40116463827918,0.161164846038734,0.453120586667414
SYN1,1.24940018921365,0.21151873926442,0.514888816887112
PCOLCE2,-0.913789753385102,0.360827331601741,0.661372702719365
MTMR14,-1.38644889251694,0.165609875799953,0.459800926527446
TTC14,-0.557870069157116,0.576933111257756,0.811109235959365
PF4,-0.0206490293167865,0.983525629051225,0.993828459408981
SHROOM3,-1.76814470977968,0.0770367146363729,0.309731784159605
CPA3,-1.04758959419107,0.294827733764604,0.604208938520573
HPS3,0.124852933710443,0.900639980169304,0.963914403705278
TM4SF18,-2.16947177113897,0.030046885245496,0.189642394959696
TCF23,3.35189301906078,0.000802610271381927,0.0220528116747703
DNAJC5G,0.317320733276152,0.751000246797785,0.901653748280617
TRIM54,-0.205636291072063,0.837075027129436,0.939226377358792
UCN,-2.39146737935826,0.0167811751254704,0.138653656467622
KIAA1143,0.354620774683584,0.722873710460775,0.890249115171338
CDCP1,0.127082241880132,0.898875306423889,0.963402733955552
CLEC3B,0.685162631877118,0.493241301298947,0.759668013170575
LZTFL1,-0.166984162099951,0.86738251076601,0.952661982338598
CCR1,1.14131533820955,0.253738721538801,0.565060353653751
RTP3,NA,NA,NA
LRRC2,1.72665700573633,0.0842292814796593,0.327291379106274
ELP6,-0.904744869330624,0.365600564515938,0.665176466525987
ITGB5,1.34171643365115,0.179687956517117,0.47940659978691
SNIP1,-2.06065847078205,0.039335634250839,0.217440201751521
DNALI1,0.0322558136263191,0.974268046470401,0.990523326040144
OSBPL11,-0.559130331953651,0.576072775342872,0.810939909385807
KLF15,-3.00694938558874,0.0026388369599221,0.0475305174473692
LIPH,-1.42150572146947,0.155169791445149,0.444535713425421
RPN1,-4.28530875210066,1.82485574099474e-05,0.00177917548115565
SENP2,-1.8787642781233,0.0602766866467353,0.272724936708223
IFT122,-3.62987230893058,0.00028356146035156,0.0107991802170111
RHO,-1.39573587111177,0.162794048048912,0.455666540862226
MASP1,-1.07559310925112,0.282109270518734,0.59342001929259
RFT1,-0.363164437672332,0.716482051304628,0.888277933662779
PBRM1,1.15088114885799,0.249781134120909,0.561204092765629
IL17RD,1.06821775822631,0.285422296128109,0.595293899842825
SLC51A,-3.89119428921322,9.97520155718478e-05,0.0054816453066246
UBXN7,-0.971087156593312,0.331504878889629,0.636233392148853
PIGX,-1.17527399561705,0.239885114712727,0.548334091104599
RUBCN,-1.54262695932068,0.122921312991718,0.395567905010825
MELTF,0.586460319275704,0.55756621967107,0.800584570919236
OTOP1,-2.00268756428301,0.045210834416023,0.233789776497741
S100P,NA,NA,NA
EXO5,0.479984134982188,0.631238674135193,0.840983764747513
CLDN19,-0.0472188374524305,0.962338814150877,0.986826637677143
METAP1,-0.278669276484807,0.780498642641616,0.916321899285278
ADH5,-1.25865893732462,0.208153549126486,0.51201738507417
H2AZ1,NA,NA,NA
EMCN,-1.77117107574163,0.0765322575581313,0.308597492466712
SLC9B1,-2.22832734533464,0.0258586941134787,0.174453832787004
BDH2,0.238481201426149,0.811507893894424,0.928561163968542
FBXW12,-0.779400000615769,0.435744123477144,0.720613393957824
PLXNB1,-1.05117495808084,0.293178242207609,0.60221849881668
SHISA5,-0.889100398893778,0.373949124569908,0.673939325894451
IHO1,-0.828628829651709,0.407314469305081,0.700205910796897
BSN,-0.951978757007344,0.341107755428581,0.645671350168974
HSPA4L,-2.01477435817035,0.0439282969299856,0.230356556561983
MFSD8,-1.50653783796091,0.131929161346992,0.409913901510858
MON1A,-3.12035989134213,0.00180630204130605,0.0375472303276712
MST1R,0.804021158206415,0.421384755669258,0.710026808526371
POC1A,0.816977302841715,0.413941399008595,0.704650648613958
ETNPPL,-1.20171526410243,0.229473865145777,0.535320940117781
WDR82,NA,NA,NA
PRSS12,-3.95515790910906,7.64841171420822e-05,0.00473699991086535
NDST3,0.315492457500755,0.752387776923582,0.902387625783267
HMGB2,1.27188686143609,0.203413320672479,0.506449142524109
SAP30,-1.46401906238243,0.143188739994371,0.426630173263985
SCRG1,0.282362788396795,0.77766534509387,0.914826393577398
MAD2L1,0.638182578596947,0.52335483639325,0.779205742618206
ANXA5,1.02878768651124,0.303579454217582,0.610597344142438
ADAD1,-0.717529199902719,0.473047625818422,0.745916702394788
HPGD,-0.103621936499016,0.917469378567319,0.968955797077167
ASB5,0.856063656548166,0.391962569957113,0.688647877877482
TMEM144,-1.78775529821618,0.0738154957819606,0.302631517161418
NPY1R,-1.96925966357101,0.0489232806216336,0.244406154298885
NAA15,2.24704056514423,0.0246374347528713,0.169236779084269
HHIP,-0.221168118412477,0.824961532394413,0.933984018395593
ABCE1,NA,NA,NA
TMEM184C,-2.26057616628606,0.0237855150043081,0.16641051053014
ITGA2,1.0897213686909,0.275835900221464,0.588677891241524
SLC45A2,-0.63577897290787,0.524920494467502,0.780686146914167
EDIL3,-2.16936271635799,0.0300551572213124,0.189642394959696
TMEM161B,-2.76002113421922,0.00577976223754462,0.0755568918112235
NDUFAF2,-1.63968252956991,0.101071193281256,0.356034469199612
ZNF474,-0.262289707097331,0.7930980968709,0.922186249077356
LMBRD2,0.643341383553872,0.520002609092756,0.777431680709312
STARD4,0.284696781464888,0.775876456672977,0.914517455038817
F2RL2,-3.65045706890527,0.000261774062551039,0.0102643943039073
ANKRD33B,-0.53961002910528,0.589465998712695,0.818078834833132
CMBL,-3.38944604456068,0.000700339896479047,0.0201207918547364
C5orf63,0.00526782951034066,0.995796899604125,0.99798967532815
RPS23,3.88331332148132,0.000103042648989889,0.00562693575996589
F2RL1,-0.869928173823271,0.384339657639359,0.682187092582334
WDR41,-1.72581771877811,0.0843802111036871,0.327550411045189
NDUFS4,0.525104027073633,0.599510876772575,0.824518417345026
SCGB3A2,-0.771907552652045,0.440169183753049,0.724048841283996
SPINK1,0.672703494863921,0.501135943752196,0.765584955720095
TCERG1,0.134240056877686,0.893212751742496,0.961875419216092
AFAP1L1,0.98163877774914,0.326277836439716,0.630692812631299
SPZ1,0.139306181116427,0.889208205684681,0.960179664473519
ENPP6,0.837366494763119,0.402386593001427,0.696074933173114
ERAP1,1.16636115764551,0.243468455986839,0.553610488545457
MAP1B,-1.04197832063903,0.297421730213829,0.606400052211466
TMEM174,-0.753766248983177,0.450989593637926,0.729617250728652
CARTPT,2.14250860085251,0.0321525773112978,0.195923285616263
RICTOR,0.687271547670147,0.491911624937432,0.759012505212831
ANKRA2,0.663798987401281,0.50681897387773,0.768524987383178
UBLCP1,NA,NA,NA
UTP15,-0.851425121921317,0.394533241502293,0.690787434316145
TLR3,1.45000535241967,0.147057026643275,0.432530896801502
GFM2,-0.262100816855956,0.793243717029946,0.922186249077356
CCDC127,-0.0421605975058664,0.966370673248486,0.988466338065022
NKD2,-1.83619372574561,0.0663290102954443,0.286955945645187
RAPGEF6,-3.10898450829905,0.00187731561385504,0.037990424788917
TNFRSF21,-2.01889965648523,0.0434976499509056,0.230321123356021
ADGRF2,0.113645740697876,0.909518626379856,0.966161291655404
CSF2,1.54506946241805,0.122329462536122,0.394840418164433
TLX3,NA,NA,NA
TBXT,2.34927536231884,0.0188099903478421,0.147435982435991
CREBRF,-0.480196920673266,0.63108737624102,0.840856324259768
TMEM200A,0.0725382608988472,0.94217355785786,0.97769187710966
SPATA48,1.29545270809077,0.19516410548844,0.497943603265458
SCIN,0.699101235572527,0.484488766425065,0.753715692630799
DAGLB,-0.848635643441205,0.39608406702637,0.691749183963321
KIAA0895,-1.02739323745392,0.304235334534263,0.611302270373858
TRA2A,NA,NA,NA
GALNT10,-1.65499953801784,0.0979245916194263,0.35028819630914
SAP30L,NA,NA,NA
MYOZ3,1.86623008522334,0.0620091816143315,0.277243417915911
COG5,0.534772503322663,0.592807178964925,0.820274834213635
NEUROD6,2.07813514716905,0.0376969132547509,0.212724329016354
BMT2,-0.284015813669826,0.776398261901065,0.914517455038817
GPR85,NA,NA,NA
SLU7,0.804394021042489,0.421169453099068,0.710026808526371
CAMLG,-3.14182154987568,0.00167900333479917,0.0359902104900497
BMPER,-0.472054308380366,0.636888024961547,0.844104747364897
TEX47,0.770918036518966,0.440755515558473,0.72449452875007
STEAP1,-0.539653119932563,0.58943627581605,0.818078834833132
FABP5,0.529909250002302,0.596174852492669,0.82210004296644
SHH,-0.629377490812692,0.529101950647795,0.783366408205434
CHMP4C,-1.07903595007546,0.280571701852946,0.592247259017184
FNDC1,1.38734284896852,0.165337243047057,0.459381580608039
COL1A2,-0.325698461881073,0.744652508075385,0.898239291794855
CASD1,-1.54978782435518,0.121192450352937,0.392536080650606
PGAM2,0.676928290067602,0.49845145370038,0.763653230567231
BRI3,NA,NA,NA
LMTK2,-0.686416834383463,0.492450291757606,0.759314344484315
RGS20,-0.959998938175274,0.337055749338315,0.642156641956709
SOX17,-0.554244558163075,0.579411487595457,0.811949777498382
ADCY1,4.18493486369111,2.85247883062074e-05,0.00247739425795061
C8orf48,-1.28975741372576,0.1971348983235,0.499649420833171
RAD21,0.360991275622866,0.718105969002506,0.888676228481764
MED30,0.786353610383737,0.43166035284172,0.717708356490711
TNFRSF11B,0.953438366035061,0.340368010284369,0.645375328910587
SBSPON,-0.430532467751745,0.666808354021623,0.860197457399431
EN2,0.729742965183323,0.465547313111658,0.739628994506242
CSMD3,-0.465042916621205,0.641900723337172,0.846877143499962
SPIDR,-1.17863819980072,0.238542273821308,0.547184402244627
ORC5,0.178016848195121,0.858709744129961,0.948879446294218
DNAAF5,0.426278162408346,0.669905168410964,0.862097156180404
TMEM74,1.11428910396471,0.265155179906148,0.577131654722988
TMEM184A,0.48853541018564,0.625170650419634,0.837402842505009
NOS3,-0.0203681495635176,0.983749691543516,0.993944329652043
ABCB8,1.00345387565663,0.315641920798081,0.621657853134445
MICALL2,0.912879671223764,0.3613058302452,0.661775446914166
ASIC3,-1.33111848029814,0.183150029087998,0.484008973767072
FASTK,0.506372664247225,0.612595060758814,0.831390800016811
FMC1,0.193812066890867,0.846323038156198,0.942846142607265
GBX1,0.333709083145528,0.738599094776247,0.895913693359454
PHAX,-0.833353699062666,0.404645279342825,0.69789139658222
SLC25A32,-1.92709841228917,0.0539673665869545,0.257597866033498
DCAF13,-1.43483154993282,0.151335105055894,0.438351568341004
DCSTAMP,-0.630233463043035,0.528541848544748,0.783106694651814
VIRMA,-1.47872132948,0.139214809242711,0.420828134583651
RPP25L,0.031601575544953,0.974789786915581,0.990853787574377
C9orf24,1.33016604607514,0.183463568575029,0.484026090835516
MYORG,-0.737373737373738,0.460895101862432,0.736340710365268
TMEM65,-0.254456678903992,0.799142768042073,0.924704862990184
HSD3B7,1.47468642831041,0.140296866485262,0.42225975828028
NFIL3,-0.741957685297493,0.45811297362602,0.734405936313355
ZMAT4,-1.4440107509662,0.148735951195191,0.434589654768315
CPA6,-1.89256900091674,0.0584152094430738,0.269087164851817
TMC1,0.624716001958084,0.532157468783243,0.785194656146492
ALDH1A1,-4.81807135442748,1.44952536184254e-06,0.000332529408780668
CCDC136,1.10512127628941,0.26910704252502,0.580631871307553
KIF27,0.349545801228765,0.726679592141224,0.890852127423931
SSMEM1,-0.845390513032268,0.397892839607045,0.693216116225694
COL14A1,-3.301805476168,0.00096064666699379,0.0247383858382889
ZHX1,1.35673170933745,0.174866473220434,0.472782886670807
METTL27,-4.24469617333677,2.18889799978212e-05,0.00204189052917947
RNF183,-3.29359750725321,0.000989140269337361,0.0252498103888956
VEGFD,2.40670329759052,0.0160972418421673,0.135900289787057
OR1Q1,-2.11901938200592,0.0340888289885737,0.201703360875225
WNK2,0.831216188358911,0.40585151128641,0.698624904722659
HDX,0.0340588432936503,0.972830227723122,0.989927304649641
AQP3,0.501448895098566,0.616055235811707,0.8333924199791
TRMT10B,-0.600325887779982,0.548289069084104,0.794853734021351
ARMC3,0.416128481701154,0.677315989525573,0.866029210060957
MELK,-0.307323229705992,0.75859735593153,0.904781078402654
DEUP1,1.15292144669056,0.248942628339077,0.560324843529957
HECTD2,-1.5396315402134,0.123650192850459,0.396717546125065
FBXO33,-2.54914498640722,0.0107987395297067,0.107930259109079
LRFN5,-1.32034848305346,0.186718695285351,0.487484412368688
WDFY2,2.80125343201368,0.00509045248502789,0.0705104655854642
WRN,-2.73599854476258,0.00621913010369245,0.0785236426069604
PGM2L1,0.981998486566026,0.326100593807721,0.630586330597861
FOLR2,1.0497375983965,0.293838772256461,0.602945256462888
INPPL1,-1.99666677666168,0.0458613935162888,0.235493502826421
PHOX2A,NA,NA,NA
CRYL1,-2.23204941908552,0.0256116968931212,0.173596052958254
HEPACAM,0.0405403227978003,0.967662360506407,0.988930384254603
PCF11,1.25859591597003,0.208176322927084,0.51201738507417
PKNOX2,1.46857180255585,0.141948967636339,0.424610609445834
RPL10L,0.534273114796197,0.593152590211492,0.820482899531516
LRR1,-0.340524717080276,0.733461412231851,0.892876482997005
RPL36AL,NA,NA,NA
DEPP1,-0.561238604007127,0.574634889484096,0.809925951498523
ZNF22,-1.73339501649649,0.0830254827560494,0.323955872814206
KLHDC2,0.272029288854485,0.785599498986657,0.918471161256268
NEMF,-0.281943256171521,0.777987020768999,0.915079378725181
ARF6,NA,NA,NA
RPUSD4,1.14605276595125,0.251773319846926,0.563173240012839
TMEM63C,-0.54335093492887,0.58688820093488,0.816781953427308
NGB,-0.35719937178815,0.720942556158127,0.889384373641159
AKR1E2,-1.32654563310024,0.184659030366853,0.485146998687296
RXFP2,-0.383868750519612,0.70107572870162,0.878736263882963
SEC61A2,NA,NA,NA
OXGR1,-0.967138105011901,0.333474998794579,0.637775938898165
ABRAXAS2,0.150238827312478,0.880576193759483,0.957013120466977
PRDX3,0.521491781023986,0.602024229620273,0.825492787387326
CLEC1B,-2.41449713029502,0.0157569470937545,0.134227161488624
FRMD7,0.455960645896232,0.648418277877931,0.849472581069499
AK8,0.461593091172497,0.644373149959951,0.84748746206963
HPRT1,-1.05583361671561,0.291044236846707,0.600609109275902
KIAA1191,-2.20632946000172,0.0273609401070864,0.180098274340939
DUSP16,1.08681049093067,0.277120570402507,0.589505357534163
ZMYND19,NA,NA,NA
STK32C,1.79580043409472,0.0725262616861156,0.299884125774794
SLC39A2,-1.83857231312372,0.0659781166829386,0.286125920895991
NDRG2,-0.363967940747134,0.715881949419725,0.888277933662779
RNASE7,-0.871211981889155,0.383638418834488,0.681913611001662
ARHGEF40,0.549377919062625,0.582746124219799,0.813980906665089
C12orf50,-1.59976336611569,0.109651088593528,0.372113689483963
PPP1R36,0.401523975316576,0.688034390059899,0.872279840820906
METTL3,0.128905385425691,0.89743251527269,0.962862909780546
GAS1,-1.25210147012333,0.210532892086645,0.514462302622375
TRUB1,-0.953119444315992,0.340529555324387,0.645438685571572
WAPL,-1.62499137943992,0.104164395682387,0.360873990727243
SHLD2,-1.81885172963861,0.068934053831625,0.292785672148262
ARHGAP42,0.120456982104139,0.904121154759801,0.96447714218272
TTLL5,0.925348839638584,0.354784481579936,0.656550813464086
PACSIN3,1.41478400148027,0.157131836254257,0.447948747306987
RAPSN,-0.587320769820407,0.556988294433959,0.800361251395759
CPSF2,2.56403753959732,0.010346235374949,0.105028380093782
CAPRIN2,1.66572384996901,0.0957684293859419,0.346564297145679
LRRK2,0.210757536414671,0.833076475251985,0.938049975953735
CLMN,0.848234827342342,0.396307204975673,0.6919693219633
C1QL3,NA,NA,NA
PIWIL4,-0.390699184300056,0.696019601870081,0.876377593355649
TCP11L2,-1.56598413721176,0.117352330819574,0.385276650737649
SPRED1,0.527066782119667,0.598147213410732,0.823767491940489
C14orf93,0.545095483271944,0.585687848990941,0.815926641860541
JAM3,-0.247059501176875,0.804862175679661,0.926280639565898
VPS35,0.209269568816257,0.834237806382995,0.938066981056048
SPATA19,-1.25514057583537,0.209427732959399,0.513358804309593
AMN,-3.52877813683561,0.000417482977458457,0.0142184765577611
IKBIP,-0.141316607553433,0.887619830343479,0.95928705400491
FOXN4,-0.111107922798192,0.911530766160724,0.966738222908335
HIF1AN,1.46440125303046,0.143084345960803,0.426460681689972
ADAMTS15,-0.898340799719275,0.36900388732526,0.668873899634109
NDUFB8,-2.12790185222383,0.0333452219941878,0.199217845197619
PHKB,0.0447822855526882,0.96428084500723,0.987946585067746
AVPR1A,-0.422569091794782,0.672609681268751,0.863949787682094
C16orf78,-0.21317882580464,0.831187483233591,0.936934623998558
HEATR3,-0.726700032618956,0.467409733452197,0.741061533346918
LARP6,-0.195379614991161,0.845095773965076,0.942361782937674
ZNF319,1.62194918973468,0.104814227916699,0.361845407894013
HPS6,-1.18381109575192,0.236487848970494,0.544833368279797
COPS2,3.75075433960476,0.00017630336835603,0.00773424001949988
TBATA,0.271705436902934,0.78584852047306,0.918582710972578
CHODL,-0.277279597323952,0.781565424577607,0.916719706319217
PCBD1,NA,NA,NA
CCT2,0.0594866070241164,0.952564532632841,0.982537384284178
TMEM132B,0.347313117891667,0.728356096812087,0.890852127423931
GNPTAB,-2.12363171532593,0.033700951375682,0.199956331837184
COX11,0.0680261446187723,0.945764822090297,0.979258119324051
FAM227B,-0.8653970176272,0.386820917361663,0.684100374858917
CLDN10,-2.09213285585223,0.0364266327743578,0.209228154498706
CYYR1,-0.641934938070836,0.52091542804634,0.777949792334845
C2,-1.7764952079662,0.0756513310623306,0.306956365320697
TRIM44,0.707264777280935,0.47940194998521,0.750315770613143
CCDC182,1.12087594625282,0.262340670934054,0.574647371960491
TAF10,1.77964736749669,0.0751336890785631,0.305631308036405
TPP1,1.35840034654792,0.174336684378522,0.472185027469413
MSS51,0.0711255920189228,0.943297800261368,0.978119689690531
RAG1,0.702067599274846,0.482637007314745,0.752306390360023
DCHS1,0.177480146923069,0.859131258142293,0.949109339595366
OR2D2,-0.69188363053381,0.489010411355386,0.757242067466195
NLRP14,-0.771999116893946,0.440114950540692,0.72403844247452
PPFIBP2,1.0868272995669,0.277113140492047,0.589505357534163
SERPINB2,0.126063007799085,0.899682049310345,0.963610460850128
IDH3A,2.52018314782052,0.0117293786543116,0.113846381296508
CRABP1,NA,NA,NA
RNF169,0.586718659229099,0.557392673896063,0.800584570919236
CHRNA5,1.08296579867066,0.278823604079086,0.590962483048894
ATMIN,-0.525234312927694,0.599420314452607,0.824468898881205
C16orf46,-0.629488359873776,0.529029386888175,0.783366408205434
LEO1,-1.75061514828128,0.0800122241590065,0.317277546966913
TMX3,0.185581803794306,0.85277272414081,0.945508474164112
ALG8,-0.4483592284534,0.653893961679461,0.851821828413089
HDGFL3,NA,NA,NA
POLR2M,-1.01755951477257,0.308887335439556,0.615331586232872
CLEC4E,-1.62051700182942,0.105121265133856,0.362278804721284
CLEC4D,-0.347897705282036,0.727917008676867,0.890852127423931
ZNF407,3.22450472952088,0.0012619077215504,0.0297039711652176
A2ML1,-1.57078046354569,0.11623365150696,0.382851556576544
TMED3,1.87895618319804,0.0602504763689583,0.272724936708223
SLC38A8,0.695286496440339,0.486875775084833,0.75548482524715
CPLX4,1.35317817779735,0.175998715003941,0.473831835689849
GALR1,1.5157989758191,0.129570191124055,0.406243147019198
CENPV,-0.127067617440453,0.89888688120522,0.963402733955552
CDH16,0.161376244976231,0.87179707520377,0.953782200076667
MC4R,0.585925706136238,0.557925441784306,0.800584570919236
HSP90B1,-0.630745800743504,0.528206746856877,0.782804781651576
SLC9A5,0.102899313020172,0.918042882938155,0.969072739807215
NCAPH2,-1.18721221438923,0.235143924169227,0.542849829215606
PPP1R16B,2.24735255879069,0.0246175043710251,0.169176774013157
CHRFAM7A,0.626982319478366,0.530670824817355,0.785003328845895
POLR3E,-0.102326170915609,0.918497782946698,0.96925191501947
MMP3,1.13746052425052,0.255345818062158,0.566067626595176
TVP23A,-2.36037078009376,0.0182566774821083,0.145266882629102
TMPRSS5,0.463696322654071,0.642865332216033,0.846990488269284
COG1,-0.39878923138916,0.690048512396441,0.873319982871012
GOLM2,-2.58163851430043,0.0098332522314458,0.101780895699732
BMERB1,0.203003117192567,0.839132595775117,0.940096307650284
PPIB,2.49446240789548,0.0126148087885014,0.119072448726942
CIAO2A,1.42330704142825,0.154647166641342,0.443718226838313
PCLAF,-0.650340880888767,0.515472055798226,0.774720408475664
LDHD,-2.02310691820375,0.0430621254428218,0.229300507291023
PEX11A,-0.277815805183055,0.781153757830501,0.916450243640596
ANPEP,1.30006503980823,0.193578678552878,0.496076138763963
SCNN1G,-2.80981559937849,0.00495698921487656,0.0697547969328365
RBPMS2,-2.1507762516232,0.0314938644296811,0.194021720041313
TERF2IP,0.983936881210811,0.325146548354611,0.629547038915423
DCTN5,NA,NA,NA
PLK1,-0.381113421254016,0.703119088908523,0.880163635727942
GPR182,0.218192430183727,0.827279182841979,0.93502726329773
ZBTB39,2.35650823816829,0.0184476584540839,0.14603510453542
CACNG2,NA,NA,NA
CLPX,-2.23145300343098,0.0256511372588527,0.173596052958254
CHP2,-1.6971470447619,0.0896688638565302,0.336945571094275
NEMP1,-1.7793412444946,0.0751838329173962,0.305752982520907
NAB2,1.03234816995501,0.301909042911373,0.609382857817105
ATP23,-2.26398586731166,0.0235749840205958,0.165627688758365
PATL1,-1.63927166049774,0.101156695360235,0.356086648097805
MRPL16,-1.85694365118054,0.0633191713511139,0.279679712288673
SCG5,1.83941131511868,0.0658547110997276,0.285893821930217
AGFG2,-1.70250255072311,0.0886612007267817,0.33512958113635
NYAP1,0.122909374633977,0.902178862032714,0.964374826070593
TSC22D4,0.17242661381289,0.86310215071023,0.951086459204681
MS4A7,-1.42753689201736,0.153425199225635,0.441755909893992
MS4A5,-1.20056608894505,0.229919561954093,0.535497035325609
EEF1AKMT3,-0.99460398736877,0.319928907450521,0.625616673058006
CCNDBP1,-1.70980632197201,0.087301693584455,0.332165824115206
MS4A8,0.0100892430910626,0.991950085278281,0.997295568406984
AKTIP,2.62119682538738,0.0087621657878167,0.0953990269347881
MAPRE2,2.58756120075921,0.00966580233910875,0.100838642625228
EVA1C,1.07235178442735,0.283562055583763,0.594068946698481
CKMT1B,0.786469016090498,0.431592764123749,0.717704164522096
PDIA3,-0.316382044581758,0.751712543903989,0.901995597230657
NUDT21,3.78357585055806,0.000154591183287554,0.00729104439702061
RUNX1,-1.32060185587669,0.186634153718702,0.487484412368688
TPX2,-2.0070524298095,0.044744080649348,0.23280573701864
B4GALNT2,-1.42709799299234,0.153551650934871,0.441994771224336
SNRPD1,4.512037878862,6.42077176701953e-06,0.000882097299483628
COQ4,-1.68938404465909,0.0911458566198689,0.338928589818262
SLC27A4,-2.32435409615749,0.020106523682061,0.15201584156916
TRPM2,-0.055309955589472,0.955891530895533,0.984087847998058
TBC1D21,0.0131531303395015,0.989505622973089,0.996710034569025
COL6A2,2.86630815302684,0.00415289784520733,0.0625708795979792
PRR15L,-1.30227791822524,0.192821397407951,0.494940370324188
CRK,NA,NA,NA
TBC1D2B,2.39713687476166,0.016523749963009,0.13735253544609
NOD2,0.800648185383553,0.423335346885576,0.71128267703975
HDHD2,0.756108122442482,0.449584372471016,0.728748153682506
GCN1,0.497074799750432,0.619136304685051,0.835093523420251
RNF214,1.46119264997359,0.143962579556212,0.427251080568241
MED1,0.414015723995299,0.67886259131759,0.866559810770413
PGAP3,-0.738817632908309,0.46001774312451,0.735483298148286
ATP5MG,1.53447556303495,0.124912700580769,0.397790136087162
CD3D,-0.95738571776866,0.338372604535175,0.643384128491721
RRM1,0.48276834046902,0.629260232646655,0.84005129291133
TRIM68,-1.43960468633941,0.149979273018295,0.436618527037658
OR51B5,-1.3140144893464,0.188841328280177,0.490001743298426
FN3K,0.857120306059607,0.391378399939451,0.688213914345471
ZNF428,0.342316151940216,0.732112981535482,0.892377107353138
PRR14,-1.35619551350855,0.175036969135799,0.473025514588733
USP32,-2.41760224444034,0.015623144129711,0.133728858143136
CA4,-4.14745337047076,3.36193912984191e-05,0.00277626361367054
RAB8A,NA,NA,NA
MIDN,1.20934279167318,0.226531177350115,0.532729014854224
PCSK4,-0.88097202660893,0.378332960807438,0.67813737662287
KLHL26,-1.3831863608555,0.166607730705998,0.4615538086946
MVD,-0.998328765539117,0.318119963319474,0.62417928923447
PIEZO1,0.954798258763347,0.339679728129435,0.644879403453771
TRAPPC2L,1.82688495167021,0.0677170693090894,0.290062457879524
ANKRD11,-1.26736545542699,0.205024645777311,0.507983856743709
RSKR,-0.312264363548664,0.754839620650122,0.903270523300206
LALBA,-1.09556589466216,0.273268793790825,0.58534911577136
CACNB3,-0.301240288283065,0.763231270173499,0.907113720398106
TP53I13,0.959441893298237,0.337336178966622,0.64244793151148
WNT10B,-0.155449456457048,0.876466997376062,0.955617957193347
KMT2D,-1.13703860778512,0.255522146381311,0.566195113799761
RHEBL1,0.820075075379315,0.41217331006355,0.703338195763365
GPD1,-1.29444428537255,0.19551200218804,0.498036635161506
LIN37,0.239393313736909,0.810800614169345,0.928417611222064
PRODH2,-3.01120354863835,0.00260214353974706,0.0472393642729479
AXL,-0.722596574415928,0.469927773435852,0.743331611362749
DIP2B,-0.624737089287965,0.532143626340969,0.785194656146492
ANKRD33,0.106677305773636,0.915044987220021,0.967880906506346
CDC42EP5,-1.2962218381055,0.19489906792361,0.497519377442838
PPP1R14A,1.99435909009751,0.0461128259222228,0.236073063296202
SPINT2,-1.08547938801767,0.277709387957197,0.589681112062298
PSCA,-0.766293713740081,0.443501557885039,0.725424347089373
LY6D,-0.0695261017908074,0.944570856695204,0.978964473120895
CHAF1A,-2.83405658162565,0.00459611933834708,0.0664785570903921
UBXN6,-1.33575030671107,0.181630900358985,0.482196254904813
SLC39A4,0.252361172749619,0.800761908714879,0.925090892477582
ZFP28,-2.57824582094071,0.00993033267523219,0.102504909418107
MFSD3,-0.175937250348808,0.860343240233513,0.949638892207278
KIFC2,-0.623091943501952,0.53322410367625,0.785771102365236
RILP,-1.82820782792348,0.0675183666485207,0.28970401953221
TSR1,-0.771601160327623,0.440350686835925,0.724255965217402
TRPV3,-0.194202898550725,0.84601701336386,0.942743053726061
CYB5D2,1.22349464647345,0.221142924979767,0.52616983564218
PELP1,0.0912000510720428,0.927333634374323,0.972644772533645
CGB5,0.25996184252013,0.794893207153268,0.922893234307838
ACER1,-4.68400069843668,2.81329047560788e-06,0.00049228272315167
SLC25A23,-1.68585458326456,0.0918238114686381,0.340076285629734
ANGPTL4,-0.00277045249669247,0.997789501554198,0.998979392307343
NDUFA7,-2.6021319841142,0.00926461896821066,0.0985964238363376
RCOR2,-1.67997672118778,0.0929618450473657,0.342177056393295
SPRYD3,NA,NA,NA
IGFBP6,-0.295157381367989,0.767873657123839,0.910197404224289
SOAT2,-2.69765712957599,0.00698293212985965,0.0842769912500905
CDK2AP2,NA,NA,NA
PRDX2,-0.411062610491557,0.681026625382176,0.867658197176015
MRPL58,0.314331135581917,0.753269552960535,0.902672874914145
ATP5PD,1.46006903434392,0.144271101966647,0.427914601161916
TMEM88,-1.32864951335178,0.183963628581226,0.484446752353052
TK1,-0.323130560046176,0.746596367076011,0.899510826696379
CYP7A1,-3.87127077334181,0.000108269442368409,0.00580868236635499
KRT16,-2.81449727744391,0.00488535914723894,0.0693114830641737
KRT27,-1.95646916553793,0.050409911334172,0.248465290307243
METTL26,-2.76218360812192,0.00574161799017676,0.0753270007632527
SOST,-0.222381757373917,0.824016711803104,0.933666143333172
E4F1,0.336100058739863,0.73679541412898,0.894620946353619
ECI1,-0.359959904435128,0.718877118094281,0.88870070238458
ABCA3,0.706772745325946,0.479707714284516,0.750315770613143
SRRM2,-0.706395992864965,0.479941912136332,0.750427540217719
SDHAF2,-1.24724460210905,0.212307823247374,0.515819264455679
VPS37C,-0.742262985374083,0.457928013563905,0.734405936313355
HNRNPUL2,-1.87539177318104,0.0607388460866434,0.274241243519975
POLR2G,NA,NA,NA
PLAAT5,1.14830512110797,0.250842625763554,0.562506864599916
ENTPD3,-0.379942466069379,0.703988123501603,0.880174445466718
ULK4,-0.832362563630162,0.405204326309543,0.698249931397133
FADD,-1.05412019161689,0.291827892851702,0.601323032011851
LTBP3,0.363362884267646,0.716333823779544,0.888277933662779
BATF2,0.233199594762202,0.815606420509122,0.930929331794644
SLC22A11,1.77576870604099,0.0757710476839265,0.307149161105015
MAJIN,0.216935215013378,0.828258833412891,0.93540449073579
SCARA3,2.2054004888775,0.0274260037751606,0.180357601849533
PNOC,-0.357734993273747,0.72054164294745,0.889377326998069
MSANTD4,1.99985661831574,0.0455157487478699,0.234275883882088
NXNL1,-0.205588663268502,0.837112233764265,0.939226377358792
TADA3,NA,NA,NA
LRRC28,1.51698822596745,0.129269656728781,0.406025404952752
B3GNT2,-2.44764822443088,0.0143791967196361,0.128426962663795
PYGO1,-1.34274064259939,0.179355969522964,0.478789509173474
HSPB3,4.00747864577172,6.13704084485479e-05,0.00410367085165689
IRX1,-1.43751113182952,0.150572812085249,0.437579739393448
OGG1,-0.00124659598667694,0.999005360566284,0.999336003764988
DNAJC18,-0.585925706136238,0.557925441784306,0.800584570919236
FGB,-2.08499045014091,0.0370701674023098,0.211108628076075
SMAD1,1.52801227813937,0.126509489523774,0.400254875446123
LKAAEAR1,-0.088108165223086,0.929790706711911,0.973128136285782
ZNF280A,NA,NA,NA
NHLH1,1.09261674016832,0.274562109619507,0.587260538425051
FUT9,3.04458332774017,0.00233002873641907,0.0435245911801793
PCSK9,0.120263364480454,0.90427452433951,0.96447714218272
MZB1,-1.28063685627378,0.200321248111976,0.502091445952672
IRF2BP1,2.58310462399901,0.00979156247696894,0.10147303696749
NUDT9,1.08463174746111,0.278084788111083,0.590144265964707
DCLK2,-2.3461509555626,0.0189684233255495,0.147910636375492
FOXA3,1.09399394037923,0.273957635857982,0.586492108384449
UBB,0.81127606870234,0.417207149929969,0.707033791379231
RBKS,-0.974645228423217,0.329736270384382,0.634531327906377
SDC2,0.677995653628967,0.497774449020482,0.763170567351367
THAP9,-1.96050744066998,0.0499365091600047,0.247099059078582
DDX19A,-0.332124059968614,0.739795583091267,0.896668565395068
FAM151A,-1.41212038255265,0.157914518164868,0.449325569994999
DDI1,2.09230127862694,0.0364115734123584,0.209228154498706
ZNF804A,1.27801166678789,0.201245312639908,0.503179875018909
FNTA,-1.8627727373562,0.0624942472369281,0.278013854649531
LUZP1,-1.94823142097971,0.0513872787340334,0.251071631499746
AHSP,-0.00913243066986957,0.992713475850301,0.99761534496465
WDR48,NA,NA,NA
MN1,-0.27063711563657,0.786670146600055,0.918998087153682
ING2,1.11683340855225,0.264065561421178,0.576420448388969
SCN11A,-2.55937216317177,0.0104861414941469,0.105771666470747
BFSP2,1.00216371913309,0.316264527319072,0.622154326587584
CANT1,2.04571987071766,0.0407839395774184,0.221726430375387
ITGB2,0.76800850394747,0.442482132694132,0.725012467664938
COPRS,-3.15054484638495,0.00162966235403637,0.0352828903928334
GABARAP,NA,NA,NA
TMEM42,-0.889372852743875,0.37380272978178,0.673934313256546
KIF5B,-0.272055532790448,0.785579320035038,0.918471161256268
TMEM256,-0.270197317807654,0.787008456062483,0.919168662006887
CKAP2L,-0.553832529152676,0.579693463902262,0.812140867743645
PDILT,-3.00457438496496,0.00265952718270411,0.0477768605552849
PTGER4,0.968707792466647,0.332691003492065,0.637232434210779
HTRA4,-2.3828522591485,0.0171790872859442,0.14063845784203
MTCH2,0.467131695068534,0.640405659005907,0.846060449220394
CDC25A,-1.16476687820592,0.244113369420565,0.554409563974088
C1QTNF4,0.119821242079688,0.904624754426743,0.96447714218272
SF3B3,NA,NA,NA
CXXC5,-0.763087958514566,0.445410940849324,0.726339525965732
VAT1L,0.00809201691481448,0.993543575099902,0.997758310511439
MYRIP,1.74294988220552,0.0813423696343106,0.320282931191689
GPR82,-0.639180542331055,0.522705488581898,0.778511783570247
DESI2,3.38835290435705,0.000703137320774903,0.0201588820009565
RGPD8,-2.20630381989214,0.0273627341110903,0.180098274340939
NEUROD2,0.777456269289088,0.436889625392211,0.72156022064777
OR1S2,-1.93096520579742,0.0534873554170606,0.256440645641694
OR6Q1,-2.25250650714766,0.0242902819707532,0.168074515174919
CDK5R2,-1.29732234525183,0.194520299064911,0.496972233215374
CALB2,1.46974281117362,0.141631423176259,0.42450100496621
SCAMP3,1.33766768620225,0.181004789164878,0.481235815246243
P2RY12,-2.04227527591704,0.0411242331642094,0.222509635366105
PRSS27,-0.871665936665602,0.383390648239677,0.681703668219554
TRH,-1.43768841457241,0.150522481750575,0.437544559089112
SLC25A33,-0.778911633892255,0.436031770282118,0.72093130333735
ALKBH3,-0.616018256178224,0.537882470831751,0.788483839286975
PDHB,1.05672814403976,0.290635676573351,0.600283665081521
JUNB,-0.37547328492919,0.707308511077938,0.8827608240494
BUB1,-2.81172032775507,0.00492773288047765,0.0696629644851744
CTNNA1,1.69794294361534,0.0895185310866792,0.336755704399569
NUDCD2,NA,NA,NA
TTC36,-0.0337644406177596,0.973064992043789,0.990011722644619
LETM1,1.42805542923036,0.15327590492701,0.441755909893992
PALM2AKAP2,0.0927914928977951,0.926069209535816,0.97260114632742
AURKC,-1.51089297089557,0.130815722034536,0.40774401631128
ACOX2,-3.08548961598317,0.00203217319949185,0.0398316490152022
STARD5,2.0613980444173,0.039265081276718,0.217353079946433
INSR,0.329432358662171,0.741828912833197,0.897272173101911
ZCCHC4,-0.332002350862336,0.739887483868199,0.896668565395068
UBTF,0.0313184841285869,0.975015549435232,0.990949961871358
RPS9,NA,NA,NA
KCNK3,-0.584038663008207,0.559194300177338,0.801151333359872
ACHE,-1.23978955034807,0.215053244278763,0.51847863055008
GSX1,0.240540399615794,0.80991134805097,0.928277087926297
POLR1D,0.0519545974091687,0.958564870539884,0.985229703026507
IL16,2.35885270472634,0.018331530311007,0.145573350530708
CEBPB,NA,NA,NA
FAM189A2,1.00703504037476,0.313917935696293,0.619845870619715
DONSON,-0.163712022737467,0.869957852475119,0.95331613852296
SIX2,NA,NA,NA
RFXANK,-0.966864755442363,0.333611647606047,0.637927270482422
IL7R,1.08292856000931,0.278840133945924,0.590962483048894
LMAN2,0.275383076498642,0.783021944634682,0.917220938799757
SHLD1,-1.37609234660165,0.168793044725256,0.464828316261857
MDM1,-1.48674376536259,0.137082498900798,0.418110486639011
POP7,-0.2351019358423,0.814129616219389,0.930092365284678
NSG2,1.8072897146957,0.0707171188721706,0.296278652729759
PRELID1,1.54855175154641,0.1214895120239,0.393389651961685
GNB2,NA,NA,NA
NRTN,0.380954693447674,0.703236867438395,0.880163635727942
EMB,0.228528795755369,0.819235172550993,0.931899279457328
GLOD5,-1.43207590505623,0.152122099316656,0.439386308270891
HCN1,0.619098362412752,0.535851562071056,0.787285372743875
EIF2AK3,-1.23664774023555,0.216217888047856,0.519795077358663
RAB24,NA,NA,NA
TEX37,0.0667588073089482,0.946773717219816,0.979629461708586
HIPK3,-2.32279859540325,0.0201899745770358,0.152326957467881
PA2G4,2.28122288069611,0.0225352614726953,0.161246624704248
MMADHC,0.89188400196087,0.372455110421471,0.672546496437957
ARNT2,3.09971046579933,0.00193709898731129,0.0387214813442437
CES3,1.45739260098997,0.145008038323312,0.429341981806797
TCTN2,-0.038170974845242,0.969551362742101,0.989446828457916
MRC2,1.19317466155061,0.232800975973954,0.539666873587728
SHCBP1,-1.11400087428254,0.265278811582038,0.577234470932722
SCN1A,2.42749575724559,0.0152034646727214,0.132276732047117
BRD3,-0.459212223925842,0.646081773276721,0.8484190923554
TRABD,0.175796323019016,0.860453958457283,0.949638892207278
ARF4,NA,NA,NA
HOXC10,1.12873266949783,0.259010623349758,0.569913881779491
PDS5A,0.51251061667682,0.60829369195509,0.828805305275946
RNF139,1.17766156028215,0.2389315572587,0.547495632038434
FOS,0.226613933559449,0.820723956729339,0.932509013398522
TMED10,0.783903179681729,0.43309692389198,0.718760421192932
PCBP1,3.06497166088877,0.00217690623134705,0.0417479783859348
KCNJ4,1.39292906269958,0.163641242939728,0.45702207786087
THAP11,2.73116835356951,0.00631102238474206,0.0793445676191531
CAMTA1,0.548502234138294,0.583347095635395,0.814218279231743
RFX2,-1.46172932979256,0.143815396627679,0.427181860185081
CHST11,-0.290065738868083,0.771765945931869,0.912306553107196
ANTXR1,0.333165491765122,0.739009365092232,0.896157079543717
FGGY,-2.07402217985961,0.0380772510117062,0.213872406963064
KREMEN2,-1.14683509315837,0.251449782391191,0.563018901986151
SDR16C5,-0.906403589303307,0.36472227369719,0.664412611779454
CHCHD7,-0.927675199840957,0.353576076643864,0.655930089125034
N6AMT1,0.459279326771846,0.646033591457102,0.8484190923554
PROKR1,0.670499912832211,0.502539161996538,0.765951898839889
KCNAB3,-1.96747581279929,0.0491283816981117,0.245187616982122
APLF,-1.59012039916993,0.111807668650671,0.375809049966401
REPS2,2.82898550724638,0.00466958135094844,0.0672549702745274
MCM7,-1.2353853632422,0.21668711752999,0.520270739908435
ATP6V1G2,NA,NA,NA
COPS6,NA,NA,NA
GPR37,2.42506420164312,0.0153056797382429,0.132510269854253
HAS2,0.555130017549438,0.578805732227061,0.811893855099623
ANKK1,1.01593372131075,0.309660949460466,0.615944469034466
EGLN2,1.43295955987013,0.151869394605111,0.43907600751338
ARAP2,1.06257075750304,0.287976654136217,0.5979531735788
GPRIN1,-2.06239160637382,0.0391704677866045,0.217203483996672
HS1BP3,0.75492479399692,0.450294108085184,0.729294462002246
HINT1,NA,NA,NA
KBTBD2,1.09233899879408,0.274684124751837,0.587279568989893
RIOX1,-3.83984750438567,0.000123110756974733,0.00626414060404772
CPLX1,NA,NA,NA
CLEC7A,-0.126730467437447,0.899153730725031,0.963483739538869
AFAP1L2,1.29403246364162,0.195654207622108,0.498100806196984
CAVIN2,1.42124788570229,0.155244708042705,0.44466604017084
C15orf40,0.722784082382558,0.469812548137896,0.743279651115984
RAMAC,1.88638083257077,0.059243653601819,0.270611157202331
FRMD3,-0.0385773337173249,0.969227373911033,0.989392331433635
H1-4,1.67621733240488,0.0936956304115736,0.34333859524241
ADORA2B,0.0269417609758361,0.978506185152635,0.992472285873662
HOMER2,3.39904266978615,0.000676221656081072,0.0197922761655741
GPR25,-0.537326985657395,0.591041768213401,0.818907417368746
ANKS3,-0.839798823204452,0.401021193390435,0.695379492199226
HSPB2,3.47252248938505,0.000515591812230047,0.0164034178240431
NUDT16L1,NA,NA,NA
RPAP1,-0.587308568041797,0.556996487769754,0.800361251395759
MACROH2A1,NA,NA,NA
TIGD4,-4.63348007207486,3.59569386814357e-06,0.000560186863251398
PPP4R4,-0.0230365168362409,0.981621144447968,0.993677385342287
SPACA5,0.0484941922336399,0.961322392924215,0.986617053644569
KMT5B,0.41983380496457,0.674606867618988,0.864980399071623
KCTD19,-0.590095967277871,0.555126312331931,0.799196713659185
DRD5,0.760236516921377,0.447113220819597,0.727370222336213
TMEM154,NA,NA,NA
GPR22,-0.685295544228345,0.493157442946669,0.759668013170575
GPR27,1.29845100192317,0.194132403091827,0.496950827849585
ARL6IP1,-0.845533587896059,0.397812987710637,0.693156908830064
NUDT6,-0.83311680409539,0.404778857268605,0.69789139658222
ELOVL5,-0.907822601850277,0.36397195498365,0.663776522452532
SLC6A19,-4.05120384320822,5.09547914229001e-05,0.00359826545786386
UTF1,0.0053224720008258,0.995753301815824,0.99798967532815
MRM3,0.0725682080312,0.942149726310232,0.97769187710966
CDKN2A,0.713399237412332,0.475598744855733,0.747814819712812
SOX7,-1.74409291496191,0.0811428893020349,0.31992308675788
CRYGA,0.250318686106284,0.802340906942511,0.925755917622432
TMEM126A,-0.198345557636557,0.842774709823449,0.941491735943511
RGPD3,-2.46424592763442,0.0137301868102693,0.125090224184781
C8orf74,-2.19691352489676,0.0280266227322032,0.182245405649335
LDB2,1.20810334819072,0.227007512022469,0.532930126253558
INSL5,-1.19202385751122,0.233251890732177,0.540463442616476
ECEL1,1.1462968002647,0.25167236643163,0.563164562062111
TM4SF20,-0.845594767992931,0.397778845270819,0.693156908830064
PEX6,0.0527037051874335,0.957967986818197,0.984993179289459
KNDC1,0.34685927369052,0.728697044206234,0.890852127423931
KRT78,-0.160290383775745,0.872652333570238,0.95402876060474
CTNND2,-0.225970825960209,0.821224110983959,0.932509013398522
COL3A1,0.4654707660012,0.64159436731557,0.846663371519188
OR1F1,NA,NA,NA
XPO6,0.291372023147507,0.770766809031798,0.911926651832434
C1GALT1C1,0.55794397470469,0.576882641897809,0.811109235959365
RGL1,0.416925518250382,0.676732887722252,0.865826871079349
FAM171B,0.777928026251636,0.436611444929798,0.721514610392119
VASN,0.112248133087289,0.910626665602304,0.966389759170086
PCNX1,-1.14270884585051,0.2531594958496,0.564352603817548
SHE,0.640990713591835,0.521528716435349,0.778234187675919
SRP9,NA,NA,NA
NANP,0.695373919775102,0.486821000361571,0.755477403723974
TMEM208,0.986178666877485,0.324045445852005,0.628378471982788
PGK2,0.462991157895941,0.643370705026389,0.847254873622517
OR1L3,-0.0141163544702352,0.988737152775296,0.996463977603685
TPST1,-0.59823970086073,0.549680004603741,0.795819527646267
HSPA4,0.576101966708023,0.564546262197119,0.804634065940419
UQCRFS1,-0.857284683808774,0.391287571021352,0.6881342689718
ASL,-2.98562874041979,0.00282995988455003,0.049555450492839
TPD52L1,-0.466045394475343,0.64118300801552,0.846545309901322
TACR3,-0.165298560350509,0.868708991907386,0.95300091130695
GUSB,-1.87283870365073,0.0610906616314647,0.274926169915037
LRATD2,-0.0249145030917316,0.980123159031049,0.993264425606982
IL17D,0.143025274563953,0.886270220183394,0.95899438403347
OR2C1,-1.97227617657505,0.048578087700577,0.243388490643244
HES4,-1.28056968678568,0.200344853036965,0.502091445952672
PPIH,NA,NA,NA
SIK2,2.40939161561871,0.0159791414759101,0.135281112596052
PRPF8,NA,NA,NA
CHSY3,1.26089585377739,0.207346372235937,0.511155524792798
P2RY1,1.64182660423481,0.100625943895024,0.355299078211293
ZNHIT1,NA,NA,NA
IRS1,2.40995483066231,0.0159544956462225,0.135148171639975
UGT1A6,-2.47617909743614,0.0132796944268589,0.122516936617028
NMUR1,0.533538825768097,0.59366064208781,0.820482899531516
ESCO2,-2.08887516394577,0.036718962057638,0.210108653773202
C22orf15,0.097322093083552,0.922470611536665,0.970845872382623
NECAB2,0.0855541935352883,0.931820813147248,0.97419732099729
UGT1A1,-1.0756508959676,0.28208341597828,0.59342001929259
PWWP2B,2.66752740929476,0.00764116561321869,0.0888763949847175
ARMC4,-0.920053766582947,0.357544662980478,0.659053405147423
TACR1,0.996948937604203,0.318789295917402,0.624438605301851
TUB,1.18250942927213,0.237003626331901,0.545566519812907
HDAC3,NA,NA,NA
HTR1E,-1.5532494476246,0.120363552258172,0.391392692487291
S1PR1,-0.335511446322491,0.737239311688877,0.894800456047089
TM4SF4,-4.2111134810603,2.54115046207183e-05,0.00225893328134291
TMPRSS11E,-1.40266100068344,0.160717952079532,0.452537673155559
TRIM35,0.291274847055205,0.770841122982233,0.911926651832434
TM4SF1,-1.71735489746513,0.0859143471804412,0.329709250735873
MGAT2,-0.18531808794951,0.85297955161368,0.945508474164112
SCG2,-1.20432687067653,0.228463264848772,0.53437388682504
MINAR1,2.35735998724295,0.0184053946278092,0.145971750481397
OR7G3,-2.60349936724092,0.00922774379757037,0.0983431077685216
GRM5,1.09300966401427,0.274389556674293,0.587084097474433
VXN,0.214464986160535,0.830184468709598,0.936568380832345
OR7G2,NA,NA,NA
SEMA4C,-0.877696390466086,0.380108503845605,0.679626089696496
WFDC13,1.64966059857709,0.0990123732288032,0.352542567746928
TMEM135,-4.75278006834381,2.00638560452109e-06,0.000406898244173976
CNNM3,-2.32957946856038,0.0198283883463179,0.151156610067936
SMYD4,-1.46613800506756,0.142610693782581,0.425663204511627
TWF2,3.03668323887448,0.00239196674323265,0.0445713950970799
SPATA5L1,-1.08190077225919,0.27929662169184,0.591135254406523
IL12A,-1.41248372887888,0.157807578312317,0.449122850252904
CD2BP2,1.68925216950865,0.0911711152140216,0.338928589818262
DEGS2,-3.24828267982527,0.00116103861605015,0.0279016587667618
TBL2,0.626101126644264,0.531248613294532,0.785003328845895
LCMT2,-3.0976937003328,0.00195032893545042,0.0388318456818534
PATE1,0.0648428816915642,0.948299098618779,0.980429576814076
KRT73,-2.86291997310997,0.00419756566769359,0.0627434345896989
CEP89,-2.04559460682291,0.0407962725275127,0.221726430375387
RNFT1,0.292569686127231,0.769851087308761,0.911400978224446
DTYMK,0.610341854317053,0.541635376843581,0.791326067023879
CYCS,NA,NA,NA
TSPAN5,NA,NA,NA
SLC9C1,-1.67500396246025,0.0939334542162488,0.343626811938018
PRND,0.0276780961530026,0.977918893747722,0.992156414071343
CENPN,-1.42329883884122,0.15464954345933,0.443718226838313
VPS50,-1.92499828433417,0.0542295728816069,0.258070130696821
BCR,-0.931723223311321,0.351479581497083,0.65469732966645
GTSF1,0.716500559025454,0.473682322444472,0.746276819931282
KLF11,0.185933620540221,0.852496816517815,0.945508447447641
FEN1,1.75117790278693,0.0799152705274237,0.317059482334058
ONECUT1,-1.35193730988383,0.176395370771128,0.474490360109164
PPM1D,0.215422058879798,0.829438273211793,0.936134643237734
RNF187,0.307065057738312,0.758793853572923,0.904781078402654
MTBP,-3.52104517014155,0.000429849387000491,0.0145647621891287
MMGT1,NA,NA,NA
ADRB2,-0.308268266230926,0.757878210878649,0.904648658225051
MBOAT2,-0.816830424203368,0.414025342960949,0.704650648613958
MGMT,0.916997784843484,0.359143800897512,0.660426030562571
ATOH1,-1.21744684825149,0.223434247673615,0.529369052319007
LSM3,NA,NA,NA
PTGDR,-0.384379254931961,0.700697373934009,0.878603317566531
LRP8,-2.10563221974918,0.035236311659168,0.204883086492246
ANKRD27,-0.452124262768787,0.651179465580579,0.849895197363955
CHRNB1,2.27706167768457,0.0227825427358795,0.162482573422677
TMEM43,-2.78653111384967,0.00532755034272778,0.0720769389250692
KCNG3,3.55604144994368,0.000376484704733526,0.0132620905779325
TRIM56,-0.225956126849383,0.821235543549449,0.932509013398522
SOX14,NA,NA,NA
FSTL5,-3.64908653217886,0.000263174451791436,0.0102767243293855
HSPBAP1,-1.59632150897213,0.110417030303489,0.373233560141968
ALCAM,0.387267385829219,0.698558267732799,0.877616089522756
TRMT61B,-1.01311152509911,0.311006893911708,0.617272897067987
SNX7,0.557355038575661,0.577284878263168,0.811151007002603
QARS1,-0.39886175854846,0.689995068156719,0.873319982871012
CSDC2,-0.0669480008597235,0.946623099566819,0.979618453787151
PRKCE,1.22605095197111,0.22017950165115,0.524736260676893
ZPLD1,-2.369293248601,0.017822116372415,0.143216530118047
USP42,0.680254468185054,0.496343349203283,0.761823005859948
MRPL13,-0.14425207734016,0.885301419161998,0.958357928784565
CBR4,-0.628088636517192,0.529945876748646,0.784228563398506
STX18,0.823449882066909,0.410252206579002,0.7019565835341
CHST14,-1.18248541610313,0.237013148865599,0.545566519812907
FOXI1,0.905255525804943,0.365330031791348,0.664877905378675
IBTK,1.18925122142711,0.23434082385281,0.542072329720445
ATOH8,-0.871201589563603,0.38364409216094,0.681913611001662
REEP4,-0.444350601449295,0.656789122167734,0.854018001565891
ZNF608,1.1659670444156,0.243627770058599,0.553689765236211
LGI3,-0.57912032430747,0.562507987080952,0.803299108732366
GBX2,1.11761162344484,0.2637329023098,0.576181520686297
RETREG1,-1.06193256549862,0.288266299861377,0.598186662569964
HOXD4,0.109447184458284,0.912847810713236,0.96711694584257
MTCL1,-1.46878095129223,0.14189221233001,0.424584478578061
C2orf68,-1.21271051817792,0.225240517012011,0.531185189307977
ZNF396,-2.09941093262061,0.0357806917899759,0.207012945761913
STX8,2.06084287642668,0.0393180324731151,0.217440201751521
RNF181,1.05644745471914,0.290763835126773,0.600417821746523
ETV5,0.0857293754123702,0.931681549884238,0.974162567069163
VAMP5,-1.43662840960868,0.150823606737159,0.437600821016404
BMP1,-0.768655986197817,0.442097560011976,0.724854837432318
TBCA,0.0359863746032887,0.971293223409391,0.989567703577914
LRG1,-3.00785324345114,0.00263100157734334,0.0475026234609468
TMEM37,-1.92238319562754,0.0545575584745555,0.259029906262407
OTP,NA,NA,NA
POLR3D,-0.35933794029337,0.719342294825638,0.888855336010224
MAT2A,NA,NA,NA
PPIC,-0.001561890005831,0.998753792585362,0.999336003764988
TMEM192,-1.75010514599276,0.0801001719681296,0.317542969250361
SOCS5,0.807896106532358,0.419150392846247,0.70860283439898
ROBO4,-0.579593937466854,0.562188482322342,0.803299108732366
PCDHB1,-0.748494115917219,0.454162172899207,0.73178540454713
ZNF672,-0.162883675883079,0.870610023932414,0.95331613852296
PCDHGC4,1.0358476552769,0.300273221054025,0.608014325851743
CXCL10,1.13941000028147,0.254532186868391,0.56554483051301
UBE2E1,NA,NA,NA
CYBC1,3.09501709746812,0.00196801552171735,0.0390144023916478
KRT28,-2.35254756810668,0.0186453047979124,0.146830560763967
ADRA1B,-0.432317631135896,0.665510574562757,0.859148795728035
LRRC45,1.62561757612553,0.104031033864812,0.360851453661427
CDCA7,-2.15397859424673,0.0312418506404926,0.19349460937669
ASPSCR1,2.32945821809831,0.0198348039812545,0.151156610067936
AVEN,0.978105135030183,0.328022328397769,0.632437597131753
RBFA,0.787913672609745,0.430747203068851,0.716849296791279
FASN,0.28030940264319,0.779240137572758,0.915769263473017
RCAN2,0.0852058078415806,0.932097773385419,0.97424723280197
NPTX1,3.91949147636024,8.87359992650817e-05,0.00511897011901468
DUS1L,2.59836101884112,0.00936699549082797,0.0989196616753266
RPTOR,2.97359253642041,0.00294335641657965,0.0507762581819084
PAIP1,-0.117246288288708,0.906664887090369,0.964669535353719
B4GALT6,0.251351673365264,0.8015422275558,0.925497107489551
FAM83B,-1.24056373169584,0.214766957006288,0.518211440887597
C5orf34,0.849746113357629,0.395466254774401,0.691379690207167
DCXR,0.546807058051162,0.584511293567349,0.815323512350341
COG8,1.06983822232052,0.284692134362663,0.594975457680621
RAC3,NA,NA,NA
RBMXL2,-1.9399719501111,0.0523830988861337,0.254349560846688
FEM1B,0.754629864665916,0.450471099284346,0.729294462002246
NTSR2,1.44103184484989,0.149575686422519,0.435947497245345
GON7,-0.113032007653837,0.910005179378133,0.966340964848734
CHRM1,2.55268959898977,0.0106894712477298,0.107192627402583
MPLKIP,1.54115274676147,0.123279614875083,0.39632384060087
ANKMY2,-0.294211353260035,0.768596405732744,0.910696948677531
OR10G6,-0.759520606964333,0.447541191771809,0.727537403292472
USP38,-0.383942183235632,0.701021300278455,0.878736263882963
IGF1,0.773307446789214,0.439340449668985,0.723528963138871
OTUD7A,0.125387034647847,0.900217151959616,0.963734882432255
PWWP2A,-1.32404727820482,0.185487343488233,0.48656218274504
AXIN2,0.123439234199567,0.901759290226567,0.964360567543989
MAP2K1,NA,NA,NA
GTPBP2,0.524480881150564,0.59994411414997,0.82456312343504
MYOZ2,-1.64383861215587,0.100209543238769,0.354569566243098
SYNPO2,0.769538951883207,0.441573430133079,0.72472028864901
KLF13,1.55585102403877,0.119743521750709,0.3901791607201
MTNR1A,1.3457403367219,0.178386272857885,0.477222268231529
INSM2,-1.86543241731544,0.0621208169847941,0.277526977635754
TSNARE1,-0.316308243612738,0.751768554639836,0.901995597230657
AP000812,0.131660018816267,0.895253210512705,0.962670893388458
ABHD15,-0.98867157359014,0.322823855177597,0.628097752746496
DNAJB7,-0.801136089702677,0.423052865161469,0.711142925285886
GIMAP8,0.744737362097595,0.456430507928035,0.733205750955847
HEXIM2,-0.595008194783754,0.551837993250525,0.796654160680353
NDUFA10,1.39211952707317,0.163886206018331,0.457199251495112
MRPL39,2.36434915928329,0.0180617808879421,0.144341423997134
SCNN1B,-3.87833911055171,0.0001051720465705,0.00571712218623524
ANTXR2,-0.0852480550789299,0.932064187167701,0.97424723280197
HTRA3,1.43284601966895,0.151901846551256,0.439085827292002
PCDHA10,-0.488355355303578,0.625298158648817,0.837499403837714
GLB1,-2.75757372708517,0.00582320799027068,0.0760299935288903
DDIT4,1.71564630639526,0.0862267976939981,0.330306556844537
TMEM223,-1.14203241496329,0.253440546134931,0.564583927373339
SLCO1A2,-2.64226164719831,0.00823544081737007,0.0919157914564966
GP9,-4.86312650556841,1.15545945939069e-06,0.000286250874595281
CXCL8,-0.500780381367169,0.616525694254748,0.833804930336294
MRPL4,-0.580883949043119,0.561318670878545,0.802521074202136
MORN4,3.65005959478902,0.000262179473352848,0.0102643943039073
CDKL2,-0.255789534476806,0.798113355423629,0.924643222313907
CCDC126,0.218131347345324,0.8273267737765,0.93502726329773
AGXT,-5.00959308158171,5.45452408208557e-07,0.00018317503984106
ANKRD2,-0.558497635393157,0.576504618751115,0.811109235959365
CMTM8,0.495345978464285,0.62035592063878,0.83576880384178
PANK1,-1.86342764972694,0.0624021229170871,0.27793129428913
MAGI3,2.63802013435836,0.00833916304601905,0.09259473324867
OR10V1,-3.84403493064959,0.000121027767501174,0.00617895818404643
CAVIN4,0.00893861865325397,0.9928681091535,0.99761534496465
GOT1L1,1.02919914125701,0.303386105774614,0.61048879233901
HOOK3,-0.906950524857156,0.364432961034756,0.664266969005814
ACOT12,-3.99747509960259,6.40217231773839e-05,0.00417024258903718
YWHAG,NA,NA,NA
C3AR1,-0.69928503224896,0.484373919144051,0.753692202028922
NKIRAS2,NA,NA,NA
MCRIP2,1.0556776549735,0.29111550926415,0.600674163844871
BCL2L1,1.82851622139547,0.0674721134192253,0.28969987234916
SEC23A,1.17526692885019,0.239887941049334,0.548334091104599
PPID,-0.685193827854074,0.493221618144085,0.759668013170575
THOP1,-1.21634824128662,0.223852291851207,0.529886883661182
CYTL1,0.947920551216342,0.343169901783511,0.647716198551145
ZBTB5,-0.284075176065701,0.77635277025594,0.914517455038817
LGALS4,-3.94870130022351,7.85763247005038e-05,0.00478808636642747
TVP23B,-0.18897634791353,0.850111354401391,0.944210656503896
ASCC2,-1.70006321918589,0.0891190347438601,0.336019673914474
HPCAL1,NA,NA,NA
HAVCR2,-1.63535085182264,0.101975519107062,0.357584101048932
SRP68,-0.304461211344701,0.760776539745342,0.905692064647204
ADCY6,0.669886936463414,0.502929868016707,0.766147380721104
CTSW,-0.666067463363135,0.505367980145598,0.767549840800028
CYB5B,-1.17711489462657,0.23914965089954,0.547524179539621
ZWILCH,-2.88194853550587,0.0039522427983586,0.0607680860966912
ADAT1,-0.290659789590469,0.771311527661896,0.911976782240547
RPL4,-2.21534590953503,0.0267363309556664,0.178069384487453
WFDC5,NA,NA,NA
RAD9A,1.2679864546448,0.204802787826473,0.507920762916308
EFEMP2,0.826801090668171,0.408349811764574,0.700679964406904
SLC16A11,-0.355506972478225,0.72220982236036,0.890198538895388
MRPS12,-0.951020496597841,0.341593971171596,0.646159480829285
PTDSS2,-1.46871788641248,0.141909323992597,0.424584478578061
TMEM134,-2.28522740326772,0.022299497171488,0.160579851953555
DDX23,-0.130842550040007,0.895899862251008,0.962670893388458
SLC16A13,0.100478834070739,0.919964185753336,0.969799650745374
ZNF471,-2.46752765732288,0.0136049710918857,0.124325426845381
CHST1,1.40664598461068,0.159532390163533,0.451172526978354
SLC37A2,-0.815886121607996,0.414565270466095,0.705078783876774
THAP2,-1.64549780352703,0.0998671952527166,0.354021359291357
C1orf100,1.48972879570192,0.136295559948909,0.417326106549978
MUS81,0.623644364257948,0.532861168330693,0.785619314713506
SSH3,-0.929619164214104,0.35256830136149,0.655513308338439
FAM53A,2.6992542764102,0.00694950553580743,0.0841354550066207
H2AZ2,NA,NA,NA
PHYKPL,0.83644345488887,0.402905474796749,0.696409417262779
ELF4,2.34335487342766,0.0191111956859178,0.148411299694548
PCDHGC3,-0.247442016877287,0.804566160163633,0.926280639565898
PLG,-3.26666096320505,0.00108823922694042,0.0267272183137451
COQ10A,-0.779811229420841,0.435501995613196,0.720593485800649
CCDC63,-1.1448904084589,0.252254557692384,0.563499020820002
RNASE8,NA,NA,NA
RGMB,0.218323659491418,0.827176941451267,0.93502726329773
PPM1E,-2.39783364534066,0.0164923534398632,0.137338075447933
KCNG4,-0.347643750406785,0.72810774519704,0.890852127423931
PSMA8,0.947648728634692,0.343308310409164,0.647755857075561
USP48,-1.41857089738621,0.156024155507056,0.445884462561012
FBXO22,1.08015596308369,0.280072734574178,0.592009099897318
TLCD3A,-0.232516311647862,0.81613701948168,0.931108458282285
SEC16B,-1.25758908446633,0.208540403011698,0.512099865179197
MS4A10,NA,NA,NA
GOLT1A,-1.20853031183717,0.226843343620462,0.532886150908196
PROP1,-0.455472238458044,0.648769535483568,0.849472581069499
GEMIN2,1.96466812059221,0.0494526619917756,0.246145890469138
LEMD3,-0.953166350827399,0.340505792450132,0.645438685571572
SNX32,-1.39652391535894,0.162556784018827,0.455353952562501
PIGS,0.359799948583605,0.718996741642651,0.88870070238458
PLA2G1B,-4.08449736581669,4.41723275242741e-05,0.00324044763857684
LTBP4,1.11013579827284,0.266940513203341,0.578351976419913
GMPPB,-2.15191478886764,0.031404066253245,0.193956798530171
MAPK7,0.719558063179874,0.471797140459103,0.744830080786429
RNASEH2C,-1.46486281421596,0.14295835000806,0.426279910284492
AOC3,-1.67079211348311,0.0947627468353732,0.344824134403121
TUT1,-0.59609221273251,0.551113626132535,0.796329446249334
ATAD1,NA,NA,NA
RSF1,-0.984635552341454,0.324803119794211,0.629123910065383
STOX2,0.525242093716157,0.599414906185438,0.824468898881205
CSPG4,2.00373038046282,0.0450989500504118,0.23343040953822
CCAR2,-1.21316928265879,0.225065105621983,0.530963728447596
SNX33,0.119807367881033,0.904635745262548,0.96447714218272
TMOD3,-2.09732883594546,0.0359644759192364,0.207520106945972
GRK2,1.36617387053918,0.171884396740273,0.469526445579623
EVX2,-0.956587178483378,0.338775662860555,0.643810087669606
SNTG2,-0.386934552139616,0.698804660776109,0.877616089522756
APOBEC4,-1.23889367069972,0.215384877941565,0.518853012027606
MARCHF3,NA,NA,NA
ABCD2,-2.26847965392973,0.0232999877228708,0.16469102641161
PRKACA,0.422013913042717,0.673014862202759,0.864191011721527
ZNF622,3.11665284423974,0.00182916832664272,0.0376599342673361
PSMD1,0.238720419577693,0.81132238193054,0.928561163968542
ISX,-1.41202750506454,0.157941862613382,0.449325569994999
AP1G2,-0.433103960346498,0.664939245773051,0.858879867581378
NFYC,-0.32809045252614,0.742843272600445,0.897636937113219
DHX37,0.215473996805197,0.829397783456594,0.936134643237734
ALG10B,-1.53690459626501,0.124316673811828,0.397502341079621
NPFFR2,1.28494366427005,0.198811971085181,0.501158716770519
ASPHD1,-1.47142395361376,0.14117649938774,0.423557526056687
TRMT112,-0.233278526549858,0.815545131995264,0.930929331794644
FBXW10,0.357148350513664,0.720980749635675,0.889384373641159
MLKL,0.232570832164533,0.816094678837742,0.931108458282285
PCMTD2,0.261475086593118,0.793726159439169,0.922322955055482
RHOD,1.98845122139394,0.0467618086696645,0.238242949822503
ADCK5,1.32294481490597,0.185853730473105,0.486879348446504
LEP,0.517074894295326,0.605103878373044,0.827092059512794
TAOK2,0.80286857905653,0.42205069878059,0.710371450902294
TUBB8B,-3.82591980282681,0.000130284702634902,0.00649789579610113
CYP2W1,-0.306645468895513,0.759113240674117,0.904781078402654
U2AF2,NA,NA,NA
PHYHD1,-1.62064667881422,0.105093435190951,0.362278700359662
NDUFA11,-1.11500013870072,0.264850362289271,0.576909223654727
C11orf86,-1.99382601528572,0.0461710714843216,0.236280810115499
CCDC106,-1.47945168881505,0.139019634187321,0.420677755674567
TLR10,-0.758219598353997,0.448319530488417,0.727790820146198
TLR1,-0.348503085962668,0.727462396652947,0.890852127423931
ACAD9,-2.52179202242813,0.0116758717747883,0.113516411195823
CKS1B,NA,NA,NA
BAD,-1.98120570772901,0.0475682094071648,0.24010106712925
CTBP2,1.93262492250706,0.0532824199600092,0.256108120367576
CENPS,0.487602793990872,0.625831216156514,0.83788834315288
LCLAT1,-2.13082779824488,0.033103331344811,0.198514898128089
DUS3L,-1.33232490375164,0.182753447099719,0.483503167466903
PTMS,NA,NA,NA
MAP3K11,-1.14260516101642,0.25320256177069,0.564365355970304
VPS26C,-1.62157700432714,0.104893949712608,0.361990721182218
PSME3IP1,2.37593140778777,0.0175047164733476,0.141915920249586
OR6M1,-2.68957564319204,0.00715429307887508,0.085197539013365
RORA,-4.16324451978021,3.13757051462669e-05,0.00267881161678184
NRIP3,0.498588232476369,0.618069496841709,0.834949691608984
P2RY14,-1.6461906736857,0.0997245087873703,0.353687585067144
GPR171,0.607707435789051,0.543381530470468,0.791713364122645
PPARGC1B,-1.07455617463945,0.282573481923602,0.59342001929259
ETFB,-0.502156348374836,0.615557545866626,0.833315921628276
EEF1A1,-0.257310078539017,0.7969394127829,0.924136618015284
PPM1J,1.44059343742352,0.149699575520929,0.436056280892884
XCR1,1.77732056213157,0.0755155124207258,0.306524422160088
EEF2,0.283413111773612,0.776860178517988,0.914644549953686
ZMIZ2,3.09501606132313,0.00196802239682429,0.0390144023916478
PPP1R14B,NA,NA,NA
ZNRD2,1.31320285616918,0.189114601822647,0.490218428950071
MRPL38,-0.00619690026774993,0.995055620596872,0.997919293699466
AKIP1,-0.741770907996285,0.458226149649194,0.734405936313355
MOB1B,NA,NA,NA
SH3RF3,-0.839619394876426,0.401121821213886,0.695450194983146
VEGFB,-0.54027306887704,0.589008728188613,0.818040932940067
RETREG3,0.334449349794477,0.738040505406399,0.89541330424707
KLF7,0.559185522969065,0.576035112273235,0.810939909385807
NWD2,0.337112381787809,0.736032183881356,0.893981543386517
ADORA1,-0.527830547416257,0.597616953055943,0.823337350221661
B4GALT2,-0.279194933502798,0.780095231590473,0.916197266703831
SLC26A7,-2.26297194510967,0.0236374187637583,0.165795283697297
OLR1,-0.988405372160529,0.322954157559941,0.628118819697018
SUSD5,-1.5287275260449,0.126332005499522,0.400068999813241
CHST2,1.58816196669573,0.112249718967981,0.376708361768626
MRPL57,-0.171326974083756,0.863966671772611,0.951622765585109
LRFN4,0.252444793633981,0.800697280678524,0.925086949970478
RCE1,2.27831911190185,0.0227075717829467,0.162172412468757
PTPN2,-1.76877346553556,0.0769316865518664,0.309529192537754
LMAN1L,0.191534604353374,0.848106772001521,0.943205856463583
INHBC,-1.305840278371,0.191606879469774,0.493617995660965
OR10P1,-1.26300107568114,0.206588793138512,0.509775324433592
TMEM255A,2.3339272792747,0.0195995300640807,0.15019680442616
GRAMD2A,-3.07279740172687,0.00212062406738102,0.0410331253601305
FAM241A,1.38875278801793,0.164907936122075,0.458646941179163
RIC3,2.29691992056653,0.0216233383724228,0.15824304575499
RND1,2.67463448344291,0.0074810764751223,0.0876571585848996
KLHL3,0.488997970928296,0.624843133379236,0.837154763181782
TOPAZ1,-2.27589012267947,0.0228525868211955,0.162669944438016
TMEM234,1.79843372665798,0.0721083021356482,0.298449423445489
TRIM59,0.796521759646187,0.4257288331821,0.712906023913186
NARF,-1.49900953812908,0.133871157658383,0.413038165482541
UTP23,-0.124134276129826,0.901208959608044,0.964012188234866
GGA2,0.0522129993801649,0.958358975055408,0.985152087003424
GCC2,-1.1731043247889,0.240753972423313,0.549522657599326
ABLIM3,0.59522366861877,0.551693971166809,0.796522336130011
TIGD3,0.348989255890504,0.727097375647397,0.890852127423931
TCAP,1.45154803448172,0.146627316872512,0.4320202793093
TRMT10C,0.953902674117281,0.340132909752393,0.645010482140566
DAW1,-0.859477722645894,0.390077005493935,0.686903506211293
DAPL1,1.7173660697368,0.0859123071186498,0.329709250735873
ACO1,-2.64166185926789,0.00825003764074014,0.0919771757556875
CFLAR,-2.10850135695288,0.0349876455077332,0.204065341147381
GLE1,0.918559474413504,0.358326037216214,0.659725033432192
NDST2,-1.59574114381819,0.11054659860318,0.373279716009549
BAALC,-0.568992070689735,0.569361521063161,0.80679422573125
TPMT,-1.13443641841745,0.256611529984905,0.567278151131054
MAL,-2.70379789809893,0.00685519695627394,0.0837588764698289
MSL2,1.59573196532703,0.110548648693603,0.373279716009549
SP3,-1.42412980284953,0.154408900599289,0.443533036657757
ATP6V0A4,-2.80002150176125,0.00510992027880212,0.0706794603704636
TSPAN17,0.557047652349243,0.577494871851467,0.811370630663757
DSEL,1.64957387612518,0.0990301217632154,0.352542567746928
RBM4B,0.913681895629241,0.360884019760712,0.661372702719365
HLTF,-2.52164800946479,0.0116806524225453,0.113516411195823
CYP2S1,-1.59876035615645,0.109873860894908,0.372457107636575
TADA2B,2.25476129666989,0.024148315836382,0.167629466660268
LIPT2,-0.149323140443823,0.881298656538279,0.95731636699299
PSMD2,-1.52812461375532,0.12648160134158,0.400254875446123
LGI4,-1.79125835253851,0.0732518460788067,0.301547779336128
ATP8B3,-1.27166769910149,0.203491211845314,0.506449142524109
KCNE3,1.93901112708086,0.0524999832706578,0.254384531126065
MATK,-1.47949283246322,0.139008645579102,0.420677755674567
RBM14,1.19106557179368,0.233627844146335,0.541168605263552
PSMC5,NA,NA,NA
KLK6,-0.676920249555854,0.498456555473476,0.763653230567231
FUT1,-0.618839423429592,0.536022148118775,0.78743722196665
CHRNA9,-0.0488609717130185,0.961030091752095,0.986471874086206
CYP7B1,-1.61251941235411,0.106848959131811,0.366009392989931
INSM1,-0.357593527043146,0.720647523100275,0.889377326998069
CCDC13,0.331324901243238,0.74039908405608,0.896758086534586
OR10AD1,-2.0451983543768,0.0408353066728709,0.2218199692453
ARV1,-0.5709912130862,0.568005599171481,0.806382521688989
PDE8A,0.69366100309308,0.487894827370636,0.756367114405525
LRCH4,0.453508726948235,0.650182460700632,0.849584858890212
VPS41,1.21203935945455,0.225497314506868,0.531588771666018
CTSF,0.0716213535016972,0.942903246076964,0.977911869790342
EIF4EBP3,-3.00246699052743,0.00267801014721208,0.0479503428254371
NBEA,3.44733764007604,0.000566140572285296,0.0173892608300313
ARHGAP32,1.42962272183671,0.152825330552227,0.440996065553801
TBX5,-1.67798273882834,0.0933504687715483,0.342738650164149
GPRC6A,0.575062899459142,0.56524875823577,0.805013870795299
XXYLT1,-0.827043166091349,0.408212595550457,0.700679964406904
ARL10,0.116947035469823,0.906902024934719,0.964672583994754
METTL18,1.08614184561467,0.277416241348713,0.589531886571837
CPED1,-0.389051919941297,0.6972377393373,0.877396678896267
SNED1,-1.31328164948279,0.189088059668789,0.490218428950071
AGR3,-0.691724805269715,0.489110166311393,0.757318937837886
CLTB,1.02244070476096,0.30657236338565,0.613063590774639
VCPIP1,-0.375860217381453,0.707020817478237,0.882505872117875
TNKS,0.0736218700260448,0.941311268596915,0.977266824061321
ZDHHC24,-0.637383039654289,0.523875373104131,0.779827092036015
CASP2,2.0286911627968,0.0424897565702741,0.227454906585187
GPD2,-0.191601578930196,0.848054305621849,0.943205856463583
PPP1R3B,0.0953419016469916,0.924043261519752,0.971593652502253
RFNG,1.41445700804224,0.157227761880934,0.447968691090626
MEPCE,-1.72064131062684,0.0853159322895275,0.329222285716137
SUGT1,-1.58909603257485,0.112038713378482,0.376334526911675
SPSB4,2.09741098145302,0.0359572098131178,0.207520106945972
SLC5A6,-1.30212555813348,0.19287346749862,0.494940370324188
ZNHIT2,-0.928963835572404,0.352907828592141,0.65570340116253
DCAKD,-1.23585896264393,0.21651099333354,0.520259839601916
SULT1B1,-2.73627285752388,0.00621394775535684,0.0785236426069604
MRPL48,-0.185383628245819,0.852928148623721,0.945508474164112
RAB6A,NA,NA,NA
ADCY4,-4.12174135846439,3.76019233748744e-05,0.00299257357819449
CFAP70,-0.287558471130158,0.77368473789258,0.913537090256181
TRAM1L1,-1.53444165088215,0.124921037556088,0.397790136087162
ELMO1,0.481889086658588,0.629884739144101,0.840205536242106
HAP1,0.829476012202084,0.406835104992714,0.699919411048486
CD164,-0.8629854893305,0.388145445162557,0.685400089658397
REP15,0.961028352256443,0.336537912360157,0.641512903503938
MIS18BP1,-1.72390901243196,0.0847242700912201,0.328293580805491
ADAM17,1.86660845635541,0.0619562858238971,0.277243417915911
ZBTB21,-1.64918627648511,0.0991094785752692,0.352658921645743
CD34,-2.4586949226961,0.0139443056262316,0.126497469125717
UGT8,0.146870312788601,0.883234384737408,0.958248117032932
POMZP3,-2.86068191681746,0.00422730947240223,0.0628705501904391
DTD2,1.63137828941047,0.102810523046846,0.359013448652169
IQCB1,-0.721330876364734,0.470705964340731,0.744069930242378
MYO1H,0.675604467627497,0.499291804244295,0.764235566265552
TBC1D16,2.26974211663029,0.023223234418853,0.164379165591432
SLCO2A1,-2.01172895483643,0.0442485166355697,0.231126985671637
HDLBP,-0.144090382598513,0.885429099045513,0.958358726885531
CBX2,1.94935172587315,0.0512534353087317,0.250741959982374
SLCO4C1,-0.969642235793553,0.332224852536416,0.636606036644837
CDC20,1.48998394581772,0.136228457220212,0.417244516723114
DPY19L1,-1.68587490129494,0.0918198971261423,0.340076285629734
SFT2D3,0.197755117974076,0.843236663267372,0.941693205386973
MRPL11,-0.970721159317952,0.331687152168665,0.636259995376094
NPAS4,0.325632835044994,0.744702166312918,0.898239291794855
MOBP,-2.45815884855327,0.013965138866677,0.126508700859292
PCP2,-0.596286983643374,0.55098352505346,0.796329446249334
BOD1,-0.306968896712423,0.758867046813448,0.904781078402654
GPR151,1.55973709018188,0.11882202335738,0.388078326556456
PCSK1,0.940507833817678,0.346957133259553,0.650426070772156
RPL38,0.458713827694131,0.646439682903843,0.848510435257348
KMT2E,0.603996764084266,0.545845793560353,0.793079668520725
SLC19A1,-0.768275950626825,0.442323259299888,0.725012467664938
HEG1,-0.263072203228501,0.792494928150221,0.922025048441461
DENND6A,1.00555523252368,0.314629567911068,0.620634646948448
PPP2R1B,1.24202520562375,0.214227262385977,0.518066470010508
ACOT1,NA,NA,NA
TNS3,3.43259855364537,0.000597826562557868,0.018104919866482
HOXB9,NA,NA,NA
PDE12,-0.133380314451818,0.89389261308806,0.962300464776472
B4GAT1,2.6003300146691,0.00931341473453008,0.0987679462934867
KRT17,-0.348539804966601,0.727434825515312,0.890852127423931
CD84,0.447735672107884,0.654343973795217,0.85184387274476
INTS6,2.56508015138436,0.0103151973817336,0.104901253588666
GPR162,-0.166921561001274,0.867431767931386,0.952661982338598
MAP9,-1.8049938035095,0.0710756516878561,0.296875414125727
ABCC12,-0.6216876771532,0.534147256074467,0.786382427936788
TTC9B,0.286770235801404,0.774288254540922,0.913873185526055
RIN1,0.948306597884684,0.342973392979152,0.647555243274797
ZNF624,-0.922510992216232,0.356262099338545,0.657768215663298
HERPUD2,0.859375845175052,0.39013319175566,0.686903506211293
LSM1,NA,NA,NA
OR52W1,-1.56439711280248,0.117724338334089,0.386183338614737
RFESD,-1.01196788473684,0.311553409087117,0.617370363973097
WFIKKN2,0.110305877245949,0.912166796341704,0.967005585851689
ZBTB4,-0.430712459959951,0.666677457859246,0.860140847192771
RNF26,-0.192755050506116,0.847150807729419,0.942846142607265
ZMAT3,0.286687198146085,0.774351840720976,0.913873185526055
CNIH2,-2.0849336445122,0.0370753241737627,0.211108628076075
PLAC8L1,0.40614581150038,0.684635466911486,0.870453573613191
COQ2,-0.91824569618461,0.358490250066077,0.659801622476979
RAB1B,NA,NA,NA
HMGA1,NA,NA,NA
METTL2A,0.370061998285561,0.711336296214594,0.884614259254775
ADGRF3,-2.02851221647387,0.0425079977586171,0.227471976674299
RPL13,3.44082927947534,0.000579934317640422,0.0177049846629941
RPL21,NA,NA,NA
FGFBP3,-0.870390027544364,0.38408729466266,0.682179766410661
EDN3,-1.32969457417715,0.183618923267098,0.4842656733068
MLC1,-0.0142677888971289,0.988616337751804,0.996463977603685
SH3PXD2B,-2.4193903472559,0.0155465471547932,0.133413674771919
LSP1,1.59173989776032,0.111443159624522,0.374875464697282
ANKS4B,-0.0345185011216046,0.972463689377473,0.989820925026764
FBXO45,-0.248239484391484,0.803949118095742,0.926280639565898
FBXO31,0.478786627473818,0.632090430925567,0.841251408584966
THAP6,-2.19103953177995,0.0284489318558638,0.184198910970786
UBQLN3,-0.528645963195576,0.597051069151111,0.822803518173086
ADPGK,-0.463939605094717,0.64269101649056,0.846942208162139
UQCRH,0.532892149065537,0.594108240191391,0.820723376136833
ZNF408,-3.54761390543891,0.000388737619181505,0.013598617826553
PDP2,-0.670336565772976,0.502643262360718,0.765951898839889
PPP1R8,NA,NA,NA
OXSR1,-0.940622881084526,0.346898151979197,0.650426070772156
SNX31,-0.654644572867546,0.512696619168418,0.773086340937251
AQP1,-2.4894940721265,0.0127925051819446,0.120000209999719
COMMD1,-0.968462702335571,0.332813337611014,0.637287779774157
MMP14,-0.656566524336397,0.511459679522155,0.772300027671743
SLC22A13,-5.08503340243098,3.67561376293572e-07,0.000146173355751275
PRG2,1.20101879913292,0.229743909111271,0.535497035325609
ISCU,0.859651107085181,0.389981393862836,0.686903506211293
ERCC4,0.231810858332211,0.816684923027259,0.931226731485643
F2,-0.707065864427264,0.479525547947502,0.750315770613143
C12orf66,0.854583249125309,0.392781904217513,0.689441005082763
TWNK,-0.858457805658213,0.39063971996562,0.68739490546349
ZNF507,-0.0298415117453622,0.976193451911083,0.991480304138738
TRIB1,-1.04518973675465,0.295935285946018,0.604701217986584
MOS,-2.36044494497038,0.0182530274473628,0.145266882629102
NIPAL4,-2.7754380673045,0.00551273977894911,0.0734643064722037
ABRA,-2.34354053270478,0.0191016865954189,0.148411299694548
ARHGAP1,-1.47277581118895,0.140811496738555,0.422910910156541
GLS2,-4.69325902979637,2.68886673804834e-06,0.000483739930302221
GAL3ST3,2.25912201958624,0.0238757957845825,0.166803963584339
ADGRE1,-2.65104800920941,0.00802424344725325,0.0906973686232634
MED16,-1.35938133472772,0.174025782632436,0.472071614718847
CPT1B,-0.916089889766069,0.359619750112543,0.660825367049336
CST6,-0.181066589033856,0.85631530917986,0.947481129919201
CMKLR1,0.465450908587124,0.641608584610756,0.846663371519188
KRT25,-1.65935990322186,0.0970432909825724,0.349126965704715
TMEM70,0.0979714273853037,0.921954981836768,0.970763366735628
MSL3,1.74830399039366,0.0804114026415648,0.318526111853035
EIF1AD,0.497964773430344,0.618508871277059,0.835093523420251
HP1BP3,-1.42486606888399,0.1541959195909,0.443173970494042
NAGPA,-1.76266647663567,0.0779567579499006,0.311827031799602
C9orf131,-1.48061094163343,0.138710278000416,0.420583812428227
FOLR1,-0.921819205637025,0.356622887835646,0.658112722062801
OR5J2,-2.77233138257497,0.00556563455269884,0.0738045340671594
FNDC9,0.785660800278976,0.432066234209303,0.718199071753387
KCNK10,0.525887546868121,0.598966341868426,0.824221975919163
SPEG,0.905960387797701,0.364956819356996,0.664645390952389
AMZ1,0.231955373192606,0.816572675544707,0.931226731485643
RACGAP1,-2.64926903083979,0.00806660892726032,0.0909042461661133
SART1,0.664680201548782,0.506255059639841,0.768230964272711
PGA5,-4.78216616500561,1.73416233536775e-06,0.000369107904395457
POLD4,0.259748440407015,0.795057824643115,0.922893234307838
DNAH7,0.738600988679658,0.460149323703552,0.735615844685081
CLCF1,2.55736773979954,0.0105467656166396,0.105972554520384
FGF5,0.86722434640591,0.385819098979942,0.683528513925544
MRPL46,-0.104314134241564,0.916920061604128,0.968883115057167
HOXC5,NA,NA,NA
RMI2,-1.10851419323732,0.267639812899299,0.578818103133306
VWC2L,NA,NA,NA
NR1D2,-3.65148786661252,0.000260725419005522,0.0102643943039073
B3GAT1,-0.572754414254153,0.566810988535026,0.805744597170514
BTN2A1,0.357114152415987,0.721006350018385,0.889384373641159
CHMP2A,NA,NA,NA
FOSL1,0.943843360169308,0.345249699255653,0.649497504687094
CCDC85B,0.151422572103991,0.879642384792836,0.956613571972262
PABPC5,2.41555299876311,0.015711335828072,0.134141077420239
RPS6KB2,2.21142241875361,0.0270065987940163,0.178796664789626
FAM174A,-1.22804141820346,0.219431420293814,0.523931613075899
HS3ST5,1.22663056720095,0.219961474999266,0.524436860879299
TMEM168,0.227316265728754,0.820177825923932,0.932260900860911
RNF152,1.07256411043291,0.283466734742416,0.593975221218441
RNF166,1.84949869046778,0.0643858367202643,0.281457554097956
LSMEM1,0.209371871928202,0.834157949093749,0.938066981056048
GJC3,-0.907964052579016,0.363897214271673,0.663776522452532
AGGF1,-3.73795789769343,0.000185521003789995,0.00796475400362048
ZBTB11,-0.587958341366647,0.556560255134407,0.80018443303122
KCNRG,-0.413037628973666,0.679579044771973,0.867088696774236
SIAH2,NA,NA,NA
PPP1CA,1.29451999600018,0.19548586693267,0.498036635161506
EXD2,1.30551809287874,0.191716490392027,0.49380727218679
BACE1,0.248023262068365,0.804116408493063,0.926280639565898
SEC16A,-0.0461629962960465,0.963180335693029,0.987239817085736
OGFOD3,0.00723976926483146,0.994223550341248,0.997790749304862
FOXG1,NA,NA,NA
RHBDF2,0.638578324251088,0.523097285959413,0.778899023097709
SRSF7,NA,NA,NA
VDAC2,-2.22681281780031,0.025959786377262,0.174745786963556
UTS2R,2.17069375024224,0.0299543299436963,0.189560232039003
DVL3,-0.283163942234562,0.777051167548534,0.914644549953686
HOXD8,-0.0376088707222306,0.969999535113536,0.989474379027583
PFN4,-1.9730530681996,0.0484895165026291,0.243123282477681
FBXL13,-1.27924853275058,0.200809550200301,0.502813105837878
PHF21B,-1.44429701136679,0.148655446112379,0.434438426155534
TRIP10,-1.13738259132049,0.255378381604607,0.566067626595176
DHRS4,-5.05578460243267,4.28624894203566e-07,0.000164521519652683
OR4D11,-2.86040285363477,0.00423103160029623,0.0628705501904391
BTF3L4,NA,NA,NA
NEUROG2,-1.15935644053248,0.246310924500417,0.556225391065388
SERTAD2,0.68951389345773,0.49049993318051,0.758164115387285
OSBPL3,-0.372367165356847,0.709619497267634,0.884215851146808
TAF7,1.06171257631506,0.288366188249218,0.598186662569964
MLXIPL,-0.658734528895489,0.510066256096815,0.7713002153507
ASTN2,-0.283934277031716,0.776460747755401,0.914517455038817
CDK5R1,NA,NA,NA
CD6,-0.595665454192003,0.551398740738251,0.796400436780699
RPA2,-1.37966095875541,0.167691058890081,0.463111710882108
NDUFS8,-0.892494917544151,0.372127715741266,0.67219627543414
PITPNA,1.11777221378083,0.263664291667354,0.576181520686297
TUFM,0.518647695579744,0.604006442209892,0.826368959188316
DNAJC25,0.734160142032381,0.462851142426388,0.737571833105057
POC1B,-0.838054103496891,0.402000318081364,0.696003595447766
ING5,0.619370871242764,0.53567206589446,0.787285372743875
AQP11,-1.83648270415393,0.0662862977957879,0.286860977173524
NFKBIB,-0.703429136127168,0.481788354343032,0.751758968593897
GNAI2,NA,NA,NA
MRPS23,-1.29488459325738,0.195360044081488,0.498036635161506
EPSTI1,-0.435013876033126,0.663552355468769,0.857940040712186
LAMA3,0.137869993722206,0.890343165441271,0.960775700327243
DSCC1,-0.526146378369345,0.598786507006074,0.824221975919163
COL26A1,-2.83611974333594,0.00456653212320845,0.0664065181855363
PNMA8A,0.403458850783612,0.686610700456432,0.871718130328287
ACAD10,0.0421921314998869,0.966345535129881,0.988466338065022
EBF1,NA,NA,NA
ZDHHC7,-1.15975485362984,0.24614862986826,0.556113478286009
OSBPL2,2.65830884178127,0.00785338884077601,0.0900438229692665
NOS2,-2.3436874734956,0.0190941635195782,0.148411299694548
FAM20C,0.0942656578024845,0.924898129508198,0.971931943634072
FUZ,-0.757408717100247,0.4488050352575,0.728109682534765
RCAN1,0.74821462281506,0.454330712228011,0.7318790785849
FBXO34,-0.449195097145986,0.65329092399626,0.851447386238161
GPR89A,-0.325430058249756,0.74485560930757,0.898239291794855
DRC3,0.419199683721284,0.67507020323115,0.865144693326603
STX4,0.0162583119285778,0.987028315403405,0.995727879103592
AKAP17A,NA,NA,NA
HNRNPD,1.7831446226785,0.0745627642139856,0.304228050519089
UCP3,-1.05037737165631,0.293544645117237,0.60272373328963
DDX54,0.0333314257620948,0.973410293542171,0.990114606204764
CHAF1B,-0.504020504237961,0.614246968356897,0.832585898807913
RELL1,-1.42923999657148,0.152935265527488,0.441229044034249
ZNF541,-0.871526018733664,0.383467005637709,0.681759222258478
STAT2,-2.57713562005758,0.00996228549605808,0.102641178303192
SLC35C1,-2.30188180422913,0.0213418386108169,0.157046674943693
RPL27A,NA,NA,NA
CCT6B,0.87479310714452,0.381686488365325,0.681360973660518
GPR89B,-0.199321780169395,0.842011042876618,0.941285322051524
PRKDC,-2.29699948820512,0.0216187989301071,0.15824304575499
SLC2A2,-2.20867623658091,0.0271971684503545,0.17969881851422
TNS2,-1.14795384353594,0.250987618653934,0.562748500459681
RNF4,-0.142227344114251,0.886900433857543,0.959146893701713
H2BC4,3.10770788918698,0.00188544326308151,0.037990424788917
AGTRAP,-0.751480127908712,0.452363755854626,0.730618706378383
KDM3B,-0.922706896009424,0.35615997115733,0.657740374450638
DPM2,-0.00219687387581909,0.998247149662403,0.999106624657145
ZHX2,0.886922757417428,0.375120488384734,0.67510072888771
NEPRO,-0.224878220341264,0.822074013019892,0.933193776186176
FUT7,1.36663451556806,0.171739892884667,0.469476489913935
UTP4,-2.32807196113653,0.0199082828702852,0.151563713217003
ZMYM3,-1.35074740863939,0.176776360038431,0.475145602843121
SAMD4B,-0.328558551182603,0.742489381504206,0.897582572211783
TLCD5,0.510291969058143,0.609846928246543,0.829383422118472
BORCS5,0.329000561182377,0.742155263863864,0.89745141614073
CDPF1,-0.124706325827271,0.900756049214335,0.963961406462016
HCLS1,-0.325320943259276,0.744938181776857,0.898239291794855
EXOC3L1,-2.35686398374979,0.0184299960242526,0.145971750481397
ZMYM4,-1.11723454673929,0.263894053034134,0.576230133011318
SUPT6H,1.26071456488228,0.207411704475214,0.511155524792798
NSUN3,-0.873638926150555,0.382314920528477,0.681360973660518
BVES,0.451973964042392,0.651287738954518,0.849895197363955
PFAS,0.273936273623215,0.784133595088918,0.917599022442094
SNX14,-0.308494963283849,0.757705732205867,0.904648658225051
SAMD12,-2.92364781000297,0.00345955930174098,0.0559839189997025
EPN2,0.574220002657909,0.565818935191291,0.805373999115644
ARHGAP33,-0.87388378494686,0.382181546037075,0.681360973660518
LINS1,0.258271460335103,0.796197410595246,0.923631451712083
NEUROG1,0.306285095830881,0.759387586086973,0.904965318267198
SKA3,-0.346799954614407,0.728741611229599,0.890852127423931
WDR75,0.380774522671992,0.703370565619038,0.880163635727942
PINX1,-3.43121504994446,0.000600884044960517,0.0181535445341004
COPG1,-1.43444176106006,0.151446237505322,0.438441986075704
SH2D3C,-2.25256362462328,0.0242866768269524,0.168074515174919
IMP3,1.80899497823691,0.0704517835222961,0.29582310435925
TLN1,2.11535141850709,0.0344000071057006,0.202592715269426
LPCAT4,-0.249412723165446,0.803041544404879,0.926166818213121
HNRNPA0,NA,NA,NA
CENPBD1,-1.65047616819532,0.0988455837106142,0.352217510265221
DBF4B,-0.107536157516382,0.914363642070507,0.967629636178401
GPR88,1.65298652524162,0.0983336059684226,0.351138339649055
TNIP1,0.480453374045322,0.630905049677483,0.840822709504209
TRIM41,-0.524429431425287,0.599979890503686,0.82456312343504
RHOT2,-0.142309267469216,0.886835726647959,0.959146893701713
STX19,-1.2398313454712,0.215037781692213,0.51847863055008
EDC3,0.159236068012637,0.873482888217873,0.954383154272902
PRSS50,-1.33359851211166,0.182335470846009,0.483073919254013
FAM71F1,-1.72472255479733,0.0845774843113439,0.327985742673741
SERTM1,1.96533505158139,0.049375471239569,0.246095686468459
RNASEH1,-1.2473047851953,0.212285763536217,0.515819264455679
CALML3,-0.886165778812668,0.375528201289702,0.675355932148344
RFFL,-0.080686666655029,0.935691140708732,0.975337688426356
CHDH,-3.806074697041,0.000141189756793262,0.0068606418156263
SPAST,-0.878067260676597,0.379907218695348,0.679413162228741
IFT22,-0.145701357466062,0.884157149703759,0.958356576184819
FZD2,NA,NA,NA
CLEC1A,-1.15169251905034,0.249447447469467,0.56087633181946
ARSJ,2.70543340616266,0.00682153241096011,0.0836066486572824
PLEKHF2,0.954411422367393,0.339875426647161,0.644916680590081
PLXDC1,-1.0874800733179,0.276824700324019,0.58929072704558
OR11H4,-2.53270751495412,0.0113185352137007,0.111213071618625
TNIP2,1.0773509723082,0.281323498405021,0.592854651777532
OR2A4,-1.19682055620062,0.231376504252825,0.537598749061291
GCSH,-2.66281265640354,0.00774905434477914,0.0894837117994608
ZNF354C,-0.596794256044412,0.550644753355097,0.796329446249334
ODF3L2,-1.02705817013862,0.304393073851128,0.611499126975076
TUBB3,NA,NA,NA
AQP6,0.0948539739023094,0.924430815118802,0.971623207544536
CDC42,3.77642959083649,0.000159092504794818,0.00729596142316592
MRPL1,0.234406275691637,0.814669587057726,0.930347373960277
LDLRAD3,-0.309348166291822,0.757056695115282,0.904398480362224
NCAPD2,-2.9015944605171,0.00371268827151116,0.0586271109290248
PDS5B,0.27351902897012,0.784454266826305,0.917786259115
RPUSD2,-0.861563126922123,0.388927969145139,0.686250157689894
ELMOD3,-1.82584547948369,0.0678735405380409,0.290115873844572
TSC22D3,1.25449544144885,0.209661981615997,0.513602182879064
DLGAP1,0.493975152205805,0.621323727937773,0.835880368253862
DIPK2A,NA,NA,NA
CD200,2.01653550253771,0.0437440096711547,0.230356556561983
ARPC2,NA,NA,NA
LSM10,2.06179029526519,0.039227705419732,0.21722575459985
ITGA11,-1.20386700870482,0.228640985032911,0.534450512887448
MDH2,0.160208769370818,0.872716621664897,0.95402876060474
HEPHL1,-1.62583793655769,0.103984135734203,0.360851453661427
SNAP47,-0.584185792623141,0.559095319066537,0.801085470914336
TCIM,-0.596084988792645,0.551118451796474,0.796329446249334
METAP1D,-2.26232017503232,0.0236776288144392,0.165963045753157
TFE3,-0.319466270866027,0.749372964356488,0.901060881136862
ING3,0.769419147497552,0.441644525341065,0.72472028864901
ROCK2,0.540225675190474,0.589041408179146,0.818040932940067
SLC41A3,-3.67178285800562,0.000240864295788911,0.00975855559775343
OR4K5,-1.44980689806775,0.147112375382003,0.432605996647759
YOD1,-0.346212627983305,0.729182925139572,0.890852127423931
LYSMD3,-1.16801981949876,0.24279877040972,0.552503390819408
TRIM55,-1.09843693790937,0.27201374038259,0.583898258066121
OS9,1.55439786643745,0.120089541854188,0.390614110310049
PPP2R2A,1.1452315369846,0.252113257641794,0.563349925991836
KCND3,3.82662190275933,0.000129913827428573,0.00649789579610113
SMCO3,-0.110883908024965,0.91170840643959,0.966790922609998
EXOSC4,1.772735255594,0.0762725862155406,0.3080254737812
ZFP91,-2.18030705656488,0.0292347083486825,0.187121945178013
TDRD6,0.0501280291327552,0.960020363792541,0.986256134441392
RPS4X,NA,NA,NA
SCAMP4,-0.442172032711721,0.658364722415914,0.854963279638162
LCN15,0.982574825352155,0.325816739595875,0.630337411886755
NDUFAF4,-0.493990242287054,0.621313070725712,0.835880368253862
LARP4B,0.117707067961434,0.906299766293528,0.964669535353719
CYP8B1,-0.885658067350588,0.375801810808342,0.675763560796724
CSH1,NA,NA,NA
AURKB,-0.925965624555221,0.354463844991947,0.656211886012287
PDIA5,-0.255432409612512,0.798389141543811,0.924704862990184
KCNG2,0.251593714619637,0.801355117388861,0.925383405284576
PRKAG1,-0.182721884312764,0.855016243641341,0.946732523000289
CLK4,0.701841122704217,0.482778250084685,0.752403998591008
MCM9,0.905206449848852,0.365356025545881,0.664877905378675
UNCX,-0.608777721624124,0.542671782364066,0.791622659014451
LNX2,-0.174341276989045,0.861597261587359,0.950318908555271
SLC12A4,0.734591250033635,0.462588468496151,0.737424672294211
CCNG2,-1.80332126437629,0.0713377749596953,0.297003397221419
OR2AE1,NA,NA,NA
C11orf42,-1.30750019907875,0.191042887346274,0.492649496251781
ICOS,-1.01874165565929,0.308325631042984,0.614942185076096
CCDC89,0.538783616403095,0.590036169708528,0.818205438528832
SIGLECL1,0.0412025333744451,0.967134434048751,0.988858969373798
CLU,-2.07117768462689,0.0383421942020873,0.214682192953665
USF3,0.149437917869625,0.881208093496652,0.957286802452836
PDCD6-AHRR,-3.54117878040012,0.000398343566617462,0.0138704331306984
UGDH,-2.93026236966503,0.00338675916008886,0.055270739122314
TMEM107,-0.917611302853763,0.358822398326684,0.660236708086309
LRRC31,-0.989001505622707,0.322662405020934,0.628049172279985
CALR,-0.554811452439835,0.579023632885993,0.811893855099623
TTC9C,-1.31613433440387,0.188128958800859,0.489077038602887
ABHD1,0.31080450750734,0.755949242791215,0.903718452421552
AACS,0.835528716277415,0.403420085461064,0.696872660355442
SLC9A9,-0.0781572992110613,0.937702928361132,0.976011047473672
CCDC184,-0.777006110596752,0.437155165170344,0.721585565076135
PANK2,-0.420430170571459,0.674171231587328,0.864858982445396
STK25,0.0380100050749898,0.969679704897742,0.989453052019897
HNRNPH2,NA,NA,NA
MBLAC2,1.2228506071857,0.221386127070905,0.526615323830556
FBN1,-0.140583111896381,0.88819929047979,0.959826970445584
DEF6,-1.05638442755899,0.290792617612679,0.600417821746523
IL20RA,-0.102836751022016,0.918092536780035,0.969072739807215
SHMT1,-0.424211718654004,0.671411415233365,0.863199082090627
GPM6B,2.68773145704721,0.00719392258397074,0.0854674198812624
BIN1,1.95305372676973,0.0508132292440629,0.24923385924579
CCZ1B,-0.911444197483347,0.362061375093303,0.662483735405767
EFCAB11,-1.17780637764901,0.238873805522878,0.547495632038434
PUS10,-1.04326449138703,0.296825811884888,0.605511834395847
RHOJ,1.15959000508352,0.246215772267604,0.5561752990296
APBA3,-1.80703496465731,0.0707568277035285,0.296362854838061
AP3S1,3.30866351224904,0.000937424275595876,0.0244247511255257
OXTR,-0.387217732495955,0.698595023523044,0.877616089522756
CABP1,0.808744640757888,0.418662044906,0.708194587025795
GRB2,NA,NA,NA
ALX1,-0.305320811432328,0.760121826974457,0.905197876220488
PNMA1,0.229593627887878,0.818407558828443,0.931860850622234
LLGL1,0.686112880907204,0.492641928874778,0.759441480073003
RAD23A,-1.39617053983065,0.162663145891515,0.455553272926718
TRIM25,-0.743811755971413,0.456990367011998,0.73367028856744
TRIT1,-0.300632812642658,0.763694507406885,0.907236176081506
SLC7A8,-2.26597045055822,0.0234531925268888,0.165262091504207
MAP11,1.05193532538222,0.292829223281708,0.602176416840549
GADD45GIP1,-1.75762595525664,0.0788111740584226,0.314246559992317
LYPLA1,1.90689950664291,0.0565336020896856,0.264702765095351
PLAG1,0.395632751965038,0.692375971855984,0.874555807981246
RBM44,2.88234390372401,0.00394728658106273,0.0607680860966912
FOXR1,-1.09846959078042,0.271999489174995,0.583898258066121
ZBED2,-1.19753345908431,0.231098694241977,0.537286687289962
NSD3,-4.30944870746006,1.63662010156241e-05,0.00164387638275887
OR52N2,-1.32706308725105,0.184487814579638,0.485011392937323
MVB12A,-0.624190205512793,0.532502678446713,0.785556593222198
SGF29,NA,NA,NA
DAND5,-1.75151288401849,0.0798576039465218,0.316997139700509
DNAJA2,0.948220032087091,0.343017451192082,0.647555243274797
PARL,-1.64834095746409,0.0992827244907565,0.352742047818451
LRCH2,-1.85671016289682,0.0633524008323394,0.279679712288673
MSRA,-2.38386332467287,0.0171319637916969,0.140566624605178
HOXA3,-1.21208643052571,0.225479297447916,0.531588771666018
TOLLIP,1.449079329054,0.147315429972324,0.432698755049793
EGR3,NA,NA,NA
PVRIG,-2.87109237603062,0.00409055967966539,0.062064156581718
PER1,0.755995070272301,0.449652151377596,0.728779848950904
SLC2A4,0.689293606048357,0.490638520831029,0.758164115387285
SPOCK2,0.546213598806667,0.584919119484397,0.815612097455613
LRRN4CL,-0.33802046967938,0.735347762185667,0.89344953950009
PXMP2,-0.608471039768538,0.542875107781224,0.791622659014451
MTG1,-0.930157207399431,0.352289694565687,0.655368769507379
PRSS8,-2.96454346823504,0.00303132414102875,0.0516452879585417
MRPS24,-0.322653088556502,0.746957983310725,0.899796398454441
SLURP2,1.4996890400728,0.133694970889343,0.41286020569562
CERS5,-0.0335697060431197,0.973220279722056,0.990057547435861
FRMD8,-0.149477515788324,0.881176849838967,0.957286802452836
TTC39C,-1.52096995255194,0.128267377821449,0.404081011806907
SIX5,-1.69272921598983,0.0905070214684094,0.337973819043955
S100Z,2.1070714371803,0.0351113877624595,0.204488437583151
MAB21L2,4.79546614709396,1.62296977770968e-06,0.000353151742945923
PSMG2,-1.34131662345996,0.179817674828889,0.479429199367356
TMEM11,1.68772395204915,0.0914642317131112,0.33967174825353
CAPZA3,-1.30741962668657,0.191070235225878,0.492649496251781
PROM2,-1.23087456293818,0.218369782662061,0.522235188414158
CPNE1,-2.34963130728283,0.018792014675479,0.14742143305958
FBXO46,-1.40828857303438,0.159045637911509,0.450655750604843
TUBB6,NA,NA,NA
CDHR3,-0.618595081422991,0.536183142914033,0.787597167157549
SLC35C2,-0.200095704350194,0.841405732864391,0.941103115157831
RRH,-0.0149591518401359,0.988064768842536,0.996437851197228
IL1RAP,-2.35405333792133,0.0185699462684815,0.146542573372999
HADHB,-3.28037142811428,0.00103670504654042,0.0259812382476266
FJX1,1.03561850117211,0.300380157197544,0.608083715414505
TACC1,-2.16630669583946,0.0302877583970712,0.190567404899598
OR2D3,-2.00058071393627,0.0454375936870167,0.234112825024956
ATG4C,-1.5941374903944,0.110905243514946,0.374190676489809
SLC25A5,NA,NA,NA
MAGEF1,NA,NA,NA
RECQL5,1.00712632954039,0.313874069894809,0.619845870619715
TTC27,1.57483063568345,0.115295542955763,0.381758598849144
L3MBTL4,-2.28693090064294,0.0221998566513919,0.16005927181099
CA8,NA,NA,NA
CC2D1A,-2.40273634747805,0.0162729151238305,0.136317235782332
LASP1,0.658090196528498,0.510480174933791,0.771514791839129
GANC,0.797905489582147,0.424925337492363,0.712625868403572
RNF168,-1.57721596264984,0.114745841256492,0.38068916642549
MICU3,0.778317829448475,0.436381667076329,0.721430888618038
CRAT,-1.23512160270795,0.216785250626958,0.520270739908435
MAMSTR,0.417750480451579,0.676129559906951,0.865641802623303
GINS3,-0.0235993358765547,0.98117220189849,0.993419765595783
EDEM3,-0.243315484364076,0.807761009990186,0.927410588139886
GRHPR,-3.10437419294863,0.00190682001828375,0.038369992165518
GREM2,1.24211304784707,0.214194855106324,0.518066470010508
OVCH1,NA,NA,NA
MYO1D,-0.757755914146915,0.448597118948251,0.728006836506226
PKD2L1,-1.65341974228611,0.0982454676641634,0.350906525015561
C3orf22,-2.46163992944247,0.0138303436355287,0.125830314882667
ALOXE3,0.220035934654879,0.825843168634836,0.934352172225024
SAMD9L,0.0177838310893599,0.985811303642993,0.995053599860134
RORC,1.2659554685743,0.205529025798085,0.50817320645626
PPFIBP1,0.319771732116896,0.749141377863636,0.901060881136862
BBS1,-2.96798055991256,0.00299763288737201,0.0513608029410044
GLTP,0.986317364261773,0.323977401444635,0.628378471982788
HTR3C,-4.15056357134685,3.31657633300284e-05,0.00277626361367054
ANKRD23,-1.01042724951961,0.312290638024984,0.61819964917914
SLBP,1.64503125792271,0.0999633651844398,0.354113074230486
NDUFV2,0.662246263748651,0.507813409092989,0.769166334772846
BOK,2.90657409555872,0.00365410346060853,0.0580660478409212
WASHC5,-0.613928497386092,0.539262577864311,0.789511342441917
TMC8,-1.34025885717359,0.180161202439584,0.479921750619954
SYCN,-2.2885703762201,0.0221043267473926,0.159904540836092
ZNF366,-0.196273178093648,0.844396353851453,0.942361782937674
CD276,NA,NA,NA
SLCO3A1,0.520620457585304,0.602631195230577,0.825670951394704
PEX7,-0.913100463625564,0.361189706531864,0.661692186338893
MBIP,-1.02656133662282,0.304627067624338,0.611601467508834
MET,0.162398160918366,0.870992318990637,0.95331613852296
CXCR2,-0.270638224637083,0.786669293564931,0.918998087153682
EML4,0.166210332795961,0.867991428158173,0.952799195348836
SFTPC,-0.842110060578915,0.399726350410769,0.694483427886832
MEOX1,-0.494122167952222,0.621219902987877,0.835880368253862
FKRP,0.506959330547327,0.612183354720778,0.830981303919914
SLC25A42,-0.246750069677425,0.805101654360645,0.926280639565898
A2M,-3.24820926770693,0.00116133823215281,0.0279016587667618
PABPC1,NA,NA,NA
FIBIN,1.55761896942663,0.119323599212593,0.389463980842486
MAP6D1,-0.1196696048327,0.904744879118198,0.96447714218272
CA5B,-2.07550596221324,0.0379396668622073,0.213461343932964
ORAI3,0.180484257869676,0.856772411862137,0.947571560542113
B3GNT3,-0.654790042685439,0.512602942430398,0.773022219938945
AVL9,1.97969733539604,0.0477375481717965,0.240710653310707
SHOC1,-0.755779419966943,0.449781457679335,0.728911248091164
LRRC75B,-0.635306379992805,0.525228613373916,0.780739245990362
PAQR4,-0.688312134129607,0.491256242098436,0.758895496933595
SYT9,0.200514092466566,0.841078537602455,0.941021608073466
C3orf38,-0.0707897467489109,0.943565092261758,0.978195491133957
CYC1,0.938904313070905,0.347779874581435,0.650854422869926
SWAP70,0.351800327586698,0.724988012869946,0.890852127423931
ALS2CL,-0.553809720775718,0.579709074930565,0.812140867743645
INTS3,0.371494487284732,0.71026926117508,0.884337238254252
CTXN1,NA,NA,NA
GEMIN4,0.0347490995012227,0.972279808806498,0.989767091322586
TALDO1,1.82014481096481,0.0687369550358148,0.292194898593877
SLC25A20,-0.524495125315682,0.599934209422434,0.82456312343504
NADSYN1,1.9558286474118,0.0504853429763427,0.248511855154063
WFIKKN1,-0.112489320876453,0.910435436706521,0.966389759170086
C14orf119,0.489227977286746,0.624680304496709,0.837154763181782
MLXIP,-1.60112876267387,0.109348402839967,0.371422406126728
PSAPL1,-0.442215745238786,0.658333093377015,0.854963279638162
ZBTB34,0.866473641068894,0.386230475238432,0.683808379100075
KLHL11,0.560661618898002,0.575028236644933,0.810102677525428
DNAJB8,-0.246453589284025,0.805331126930769,0.926424883885761
TRO,NA,NA,NA
TMEM39A,0.640341880147284,0.521950359034957,0.778234187675919
F2R,-1.24821041965473,0.211954009145747,0.51537393181183
DIS3L,0.0898870532818069,0.928376969486685,0.973128136285782
SHISA3,0.639898160295433,0.522238810033185,0.778234187675919
LURAP1L,-2.21142578415462,0.0270063659630377,0.178796664789626
TAC1,1.53636021392685,0.124450058976436,0.397764679236831
DCTPP1,-1.30498389685062,0.191898331166998,0.49380727218679
ZNF771,NA,NA,NA
SERINC4,-0.175141092383744,0.860968770199583,0.94984377684743
LRRN1,1.38860979374484,0.16495143761969,0.458646941179163
P3H2,-0.931890774337178,0.351392975900207,0.654616697707585
CHST13,-2.39052033599458,0.0168245173747237,0.138859697742668
ETV4,0.261144706064311,0.793980916992054,0.922475560666096
STK17A,-0.12285887482837,0.902218851971019,0.964374826070593
ELL3,-0.371327578893327,0.710393559021916,0.884337238254252
IL17RA,0.85314502442518,0.393578885685913,0.689995837643331
ZDHHC22,0.800061723954303,0.423675036233417,0.711397460839933
UBE2O,0.931246470563082,0.351726084615716,0.654833631971504
WDTC1,0.852236123686937,0.394083050849431,0.690398779167526
KARS1,0.108582742734595,0.913533449115171,0.967233061236493
SHISA2,-1.04487267214434,0.296081821649675,0.604701217986584
CCDC93,1.69958155955173,0.0892096613919956,0.336277476417021
PCK1,-1.32051044558158,0.186664650845753,0.487484412368688
RUFY1,-0.802548903123069,0.422235512012715,0.710378720160188
OSBPL1A,-0.68494736481133,0.493377135888835,0.759691275858061
SCD5,-1.36872155576647,0.171086329599349,0.468464687969806
NT5DC1,-2.78334952371875,0.00538008124437089,0.0723987424442857
FARP1,-1.08716566443628,0.276963602157143,0.589503374056161
ANKDD1A,-0.998005762447424,0.318276564386755,0.624324434191672
HTR1F,0.236747471865835,0.812852704441552,0.929536895158588
PKM,-1.29430890045755,0.195558743350956,0.498036635161506
TMCO5A,-1.88129641249072,0.0599316087689109,0.272248994806897
PRR15,-1.84365798927776,0.0652329991318478,0.284256367612596
RBBP6,-2.21652733555768,0.0266554078979254,0.177608696716688
FUBP3,-0.809240632530147,0.418376747136774,0.708059337992066
OR4C3,-1.19277136344031,0.232958928159204,0.53993446561832
GATD1,1.20041166870316,0.229979499289288,0.535497035325609
MACIR,-0.657681501345734,0.510742811540207,0.771720272476987
RABGGTB,2.74557846055729,0.00604043217672991,0.0773074479575678
C2orf69,-1.02937988428128,0.303301197931988,0.610399214695459
HROB,0.667419253924174,0.504504370743185,0.766997241375262
IFT88,-3.06621554932104,0.00216786970634988,0.0416804669241214
OR4S1,NA,NA,NA
CNGB3,-0.636865014570579,0.52421277297689,0.780026175609197
ARL4D,-0.433812846750567,0.664424351888348,0.858406497882938
OR4X1,-2.38585900353377,0.0170392824114732,0.140096646247107
OR2G2,NA,NA,NA
CLIP4,1.84235994518698,0.065422516685927,0.284760576279404
METRNL,0.239369413531222,0.810819145150599,0.928417611222064
PRTFDC1,-0.640736272855247,0.52169404314655,0.778234187675919
ZNF48,-0.822229081143188,0.410946530528933,0.702492060332165
FGF8,4.03860179650486,5.37707575163528e-05,0.00374462528841993
PITPNM2,-0.614059028109106,0.539176321563941,0.789487384930653
ATRIP,-1.11063443769111,0.266725733187858,0.578351976419913
RNPS1,NA,NA,NA
FOXL1,-0.571037978722253,0.567973898797644,0.806382521688989
KBTBD11,-2.08153633215778,0.0373848421460484,0.211437026388879
ASPRV1,-0.890385685309445,0.373258826039636,0.673595340232981
RRS1,0.325446930610978,0.744842841456287,0.898239291794855
AGPAT4,0.455308891812713,0.648887030152787,0.849472581069499
HYAL1,-3.00701017294675,0.00263830933689173,0.0475305174473692
PHF23,0.927593348278567,0.353618549422422,0.655930089125034
PAGR1,-0.866187453851811,0.386387372395411,0.683808379100075
OLFML3,2.04739585164841,0.0406192333603877,0.221682143207721
EZH2,0.869314360178167,0.384675210479933,0.682462054563601
IQCK,-0.429551052359406,0.667522249429859,0.860496138649154
AMIGO3,1.14858279162503,0.25072805620827,0.562416859940535
SLC26A10,-0.03512992040336,0.97197614309956,0.989752990978389
GLIPR1L2,-0.600324355628885,0.548290089985762,0.794853734021351
CIDEA,-1.13601452906154,0.255950483703396,0.566367630157527
CCDC65,-0.101018886193421,0.919535467853152,0.96966412854717
SLC16A8,-0.292347124670932,0.770021231448322,0.911456617892878
TMEM270,-0.706553259695045,0.479844143936855,0.750427540217719
MBOAT4,-0.247516077560775,0.804508850428206,0.926280639565898
KDF1,-1.98603028714548,0.0470299610111975,0.239057104204917
POLE,2.80247427567743,0.00507122605355719,0.0703731571362317
RAB39A,2.91466320907244,0.00356072572178105,0.057062234472487
PACS1,-1.82579561433664,0.0678810541824014,0.290115873844572
CHORDC1,1.81763464608101,0.0691199925956582,0.293328089892049
PIANP,1.02381566893237,0.305922348047161,0.612574093588461
ZNF236,2.65987420998585,0.00781698400031653,0.0898328990211281
ZNRF1,0.0857908391255378,0.931632688948353,0.974162567069163
NQO1,-3.19626954850555,0.00139216987707215,0.031732234060806
FAIM2,1.62553846766633,0.10404787419317,0.360851453661427
ITFG1,-1.8290095502415,0.0673981775705801,0.289517128893294
IL15,2.19818291259093,0.027936073858106,0.181813069829327
RBMX,NA,NA,NA
OR6S1,-1.35599113157354,0.17510198976377,0.473028823354159
GLS,-1.71943676011955,0.0855348735282545,0.329256530219108
MUC20,-2.77205662441045,0.00557033458875823,0.0738045340671594
PELI3,0.297704904889281,0.765928399527541,0.908889672058123
LRIG3,0.227615875907913,0.81994487670996,0.932260900860911
MAGOHB,NA,NA,NA
ARL14,-0.2437350969247,0.807435989519299,0.92735817255655
BLOC1S4,-0.30114821318479,0.763301477606481,0.907125820194176
KIF1C,0.0305721073078162,0.975610786891949,0.991224445471379
NFATC2IP,-1.22529408849426,0.220464434913444,0.524974889196469
DAB2,-2.31438719755377,0.0206464925129877,0.15437154715086
AAR2,1.11790424905531,0.263607890119094,0.576170441926489
SSR4,0.892510517275745,0.372119358053501,0.67219627543414
B3GNTL1,0.670107529184376,0.502789245570854,0.766019868844314
SMCHD1,-2.47303729254215,0.0133970162303126,0.123073379496951
RNF144A,0.942945297752214,0.345708883616195,0.649714295387134
CLPTM1L,0.117208229575549,0.906695045613756,0.964669535353719
PCSK7,0.661068459367242,0.508568411300654,0.769703137864345
CRTAP,1.93987090793193,0.0523953804481963,0.254349560846688
SPTBN5,2.41353968711141,0.0157984072457882,0.134504524111747
RCN2,-0.103369012666503,0.917670104683787,0.968955797077167
ZEB1,-3.45039169425763,0.000559773725340004,0.0172638786476288
IRX5,-0.356191863404313,0.721696884955579,0.889872986737003
PITPNB,1.13866625775986,0.254842381401354,0.565809146437262
GCFC2,-2.96956231517779,0.00298224319475923,0.051286825651984
PRPF31,NA,NA,NA
ENPP4,-1.05670071495035,0.290648198610474,0.600283665081521
TOP3A,1.1044917436932,0.269379883078672,0.580805934239533
HCCS,-0.181997271127766,0.855584867462617,0.947015199377065
DNAAF4,-0.643970397328274,0.519594630240481,0.777360068527289
RPLP2,0.82707334649113,0.408195490245146,0.700679964406904
HACL1,-2.31934868735332,0.0203761375067025,0.153080605631469
TMTC2,1.03141011153751,0.302348541099717,0.609766292092146
OR6T1,-2.15530779374112,0.03113775631907,0.193325297244777
OR51V1,-0.816905134030863,0.413982643606322,0.704650648613958
NCBP2,NA,NA,NA
D2HGDH,-0.476190476190475,0.633938683881346,0.842109768009279
NUDC,1.85167066281052,0.0640731292203135,0.280907604026072
SGPP2,0.337928845648045,0.73541680928015,0.89344953950009
ATG16L2,0.612684424613289,0.540085023159647,0.790103085187666
DSCAML1,1.73411113930515,0.0828983654289548,0.323794287506427
HIGD1A,1.25776416331984,0.208477059665624,0.512027519204764
SENP3,1.230681640423,0.218441957386886,0.522325136080795
FTMT,-1.90008561214255,0.0574218855247537,0.26683872510765
ME2,1.20780070137692,0.227123931644663,0.532930126253558
CYBRD1,-1.78459525377051,0.0743269918365893,0.303821882779156
YBX1,NA,NA,NA
SEPTIN1,0.805993812006517,0.420246417095867,0.709202067432771
RNF151,0.319652622675888,0.749231678404627,0.901060881136862
TCP1,-0.0923269210741347,0.926438299790617,0.972610937757956
GCC1,1.24090677492717,0.214640189703578,0.518211440887597
AMER3,0.827633100502816,0.40787831660412,0.700679964406904
DUOX1,-1.67313999910874,0.0942997388590513,0.344133700467999
RAB8B,NA,NA,NA
SFXN1,-1.05547872513944,0.291206434552283,0.600697739414974
DNAJC4,0.812206749873035,0.416673007066952,0.706704364977812
SLC25A41,-1.3095949366019,0.190332902273067,0.49206906901883
OR52E2,-1.71807895126827,0.085782215543239,0.329689939290292
FBXO39,0.380346443904356,0.703688264085825,0.880163635727942
PINK1,-0.80910465926872,0.418454948471922,0.708060819763485
PLD6,NA,NA,NA
FKBP10,-0.188707567715562,0.850322019979782,0.944302349054561
TTLL11,-0.567986597648271,0.570044068449438,0.807130700122544
CATSPER2,-1.61171310565664,0.107024384458337,0.366334367834892
IP6K1,1.99566800250923,0.0459700721624386,0.235891249751705
GLDC,-1.60080029246458,0.109421158819229,0.371422406126728
PHYHIP,NA,NA,NA
CASKIN2,-0.484674405557688,0.627907324711308,0.839060526221354
GJD4,0.224716824911713,0.822199574952171,0.93322421284479
GPR137C,-0.870079426356377,0.384257000087999,0.682179766410661
STXBP5,-0.694292843972551,0.487498577799458,0.756063065240702
B3GNT8,-0.642615724762262,0.52047347711362,0.777578248696581
STAB1,-1.20273318457847,0.229079587951776,0.534983763706878
C14orf39,-2.69552758367481,0.00702772588374749,0.0844220934460986
PHETA2,1.23315759378614,0.217516973233276,0.521598936766308
MAT2B,-1.80504128895588,0.0710682212280009,0.296875414125727
TPPP2,0.161407732828721,0.871772276613776,0.953782200076667
SPACA4,0.609516638316481,0.542182047733576,0.791332345504134
CA13,-1.67036981217083,0.0948462185104258,0.344961745879556
SPAG5,0.52367533502653,0.600504373699917,0.824949986869135
P2RY11,-0.941840725792664,0.346274190940072,0.650028331095967
ULK1,0.344900475992132,0.73016919275064,0.890992181965223
BHLHE22,-0.461983362689169,0.644093251427726,0.84748746206963
TMEM108,0.477992198927456,0.632655757435731,0.84134620041098
BPTF,-2.05203896972217,0.0401658753109561,0.220247575975538
VARS2,-0.519897002440693,0.603135364772772,0.825670951394704
GLYR1,0.928513880782479,0.353141070891288,0.655795610190644
ABRAXAS1,-2.83525928259433,0.0045788507113108,0.0664065181855363
ATAD5,-2.32647724209626,0.0199931051659698,0.151912785174286
COQ7,-0.486043895871262,0.626936043777418,0.838652517798029
CD151,0.318711589143796,0.749945225741509,0.901216483031653
TM6SF1,4.38914980332629,1.13794664744642e-05,0.00128072917054138
ROGDI,0.618422161579945,0.536297092980761,0.787619750993674
EHD3,-1.17121394821051,0.241512790088659,0.55072033372885
PPP2R1A,NA,NA,NA
NIPSNAP2,-0.316899038085408,0.751320211939312,0.901822958127631
TRIM72,0.602287670375796,0.546982666590719,0.794172771270213
TSPYL5,-0.796825396825398,0.425552443129644,0.712906023913186
FAM133A,-0.330289129537908,0.741181505873604,0.89700399489062
NPEPPS,0.392985645508331,0.6943300834626,0.875916461764685
RPP25,1.89561195987882,0.0580113746220444,0.268422502537763
RPL10A,NA,NA,NA
SMC1A,NA,NA,NA
MYPOP,0.727137192860575,0.467141916663535,0.740993874736994
GPR62,1.47236220010928,0.140923094950597,0.423049227432147
UBA6,-1.28114861576111,0.2001414705505,0.501997992192392
SSNA1,1.04962203022086,0.293891924239388,0.602945256462888
WDR33,1.32027822514032,0.186742142879985,0.487484412368688
RPRML,NA,NA,NA
ZADH2,0.374539716021893,0.708002814071079,0.883220944877179
PNKP,-2.26530721238137,0.0234938337635533,0.165262091504207
EEA1,0.244056939200949,0.80718672177185,0.927338128281603
SERTAD3,-0.227252588493668,0.820227337507987,0.932260900860911
ZBTB7A,-1.73201770361496,0.0832704103992733,0.324743855988082
PRMT9,-0.430132331036419,0.667099382734494,0.860391386181076
KCTD2,0.387700878126341,0.698237405871634,0.877616089522756
FAM124A,1.15897764823638,0.246465296080596,0.556460814939543
COL12A1,-0.277103152587186,0.781700901164941,0.916771258798805
INPP1,-0.254468981825964,0.799133264450626,0.924704862990184
SF3B2,1.81642091346088,0.0693058295152539,0.293539712902051
DDX10,-1.42869935727278,0.15309066263383,0.441593069998556
WNT11,-0.0495724379794657,0.960463110924822,0.986375707257622
PLEKHD1,-0.454716304186723,0.649313349692206,0.849472581069499
MMP19,-0.355446063656885,0.722255445036815,0.890198538895388
MFAP3,0.314339932656658,0.753262872249102,0.902672874914145
SH2B1,0.598668399674792,0.549394033827524,0.795557937830734
RUVBL1,NA,NA,NA
SUZ12,-0.0917911187329196,0.926864000496326,0.972610937757956
EPM2AIP1,-1.20076654888988,0.229841771144643,0.535497035325609
NCL,-2.28406165801079,0.0223679075426009,0.16061893986555
ZNF660,0.892362427962114,0.372198702843044,0.672244149320435
ZYX,0.392367711987576,0.694786539333474,0.875970863282706
PLEC,3.72316577870972,0.000196740246579079,0.00837503832761421
MYLPF,NA,NA,NA
E2F7,-0.256802728169822,0.79733106391269,0.924236176869569
KCNH5,1.23286129718088,0.217627517218752,0.521781221673772
NAPG,-1.29266090317032,0.196128365470199,0.498635911673226
ZNF335,-3.50017808741951,0.000464947427304497,0.0153412347629379
AMBN,-1.59314676377158,0.111127270678351,0.374525729055183
ABITRAM,0.0940629999748938,0.925059111766774,0.972013162078952
HIC1,0.676963167122751,0.498429324233686,0.763653230567231
BANK1,-2.97487024510103,0.00293112501362045,0.0506753142509936
UACA,1.68622296724568,0.0917528617737604,0.340076285629734
FOXJ1,0.723853131497423,0.469155906396073,0.742721052710223
RPS15A,-4.06843683963949,4.73295864423129e-05,0.00343867649190496
WDR45,0.416958019245634,0.676709114516445,0.865826871079349
RRP7A,-1.51691715227202,0.129287602477015,0.406025404952752
ZNRF2,1.28623118463258,0.198362390719287,0.500796986486815
DYRK1B,0.803981183136838,0.42140784234643,0.710026808526371
GPR4,0.387038950624633,0.698727372332946,0.877616089522756
LRRC61,0.0984021054383052,0.921613002897754,0.970653115039483
TSPEAR,-0.174330954753189,0.861605373328178,0.950318908555271
ATP11B,-1.24217151747429,0.214173286100927,0.518066470010508
SLC35A4,-1.76785931200684,0.0770844263530646,0.309731784159605
GCAT,-0.892610446811208,0.372065822722288,0.67219627543414
TMEM102,1.01924120193716,0.308088470543733,0.614641492394363
PRR7,2.15704963238512,0.0310017974626573,0.192878392398488
TYMS,-2.11404515337891,0.0345114109427672,0.202853536432166
MOB4,NA,NA,NA
CLDN22,1.10839356654238,0.267691882133316,0.578818103133306
GH1,0.237519462315152,0.812253822394725,0.929062955194451
RPL7A,NA,NA,NA
SLC17A8,-1.14095377321557,0.25388916034934,0.565216865171363
ANKZF1,-2.50087721314598,0.0123886122398095,0.117672349571339
PIPOX,-1.94963741567642,0.051219350536092,0.250656355343725
NR2C2,-1.46905847925139,0.141816928319538,0.424584478578061
SPHK1,0.344001379110735,0.730845248938906,0.891550968837968
LRRC57,0.0538350694226824,0.957066568662505,0.984560244086301
CPT1C,-2.84650667420348,0.00442018026424955,0.065105033287855
MTMR4,-1.91291551079321,0.0557588695577084,0.262582747508909
SENP5,-2.4262928491664,0.0152539558324512,0.132424751631667
POGLUT3,-0.9398266158133,0.347306504058245,0.650426070772156
DIRAS1,NA,NA,NA
ACSS1,-1.30242860940717,0.192769907839851,0.494940370324188
RAP2B,NA,NA,NA
PLEKHO2,-1.38869680704106,0.164924965539752,0.458646941179163
MRPS31,-1.21766595476101,0.223350939654759,0.529369052319007
ELMOD2,1.13802540764805,0.25510987312592,0.566067626595176
WIPF2,-0.165169793505279,0.868810339979209,0.95300091130695
PPM1M,-1.24581858771186,0.212831003932608,0.516669536321056
WDR97,1.8325011461431,0.0668767911492067,0.288178519488683
METAP2,-0.607700520405114,0.543386117832191,0.791713364122645
SPEM1,1.98202697386842,0.0474762217607069,0.24010106712925
NUCB2,-1.56933080519176,0.116570877941669,0.383711415259095
DEGS1,0.715931606727085,0.474033580972193,0.74659671450253
ZNF513,-1.40156318452536,0.161045727182116,0.453038538565922
ARMC10,-0.238049939499274,0.81184236116317,0.9287329115744
HSF5,-0.145212620671593,0.884543001698154,0.958356576184819
COG4,-0.381733007458697,0.702659414402748,0.879750544362413
GYS1,3.06943369941706,0.00214465002429919,0.0413307902181059
TRIM73,0.0228500253405175,0.98176990397472,0.993737896106227
CPN2,0.677605515372684,0.498021848166307,0.76345163009629
TSFM,-0.496058459467169,0.61985316636188,0.835486074792877
SNRNP200,0.253139926950309,0.800160086144843,0.924942110001555
HTR1A,0.99204123579975,0.321177410472587,0.627165399542801
CD37,-1.45304892915155,0.146210169334603,0.431608129132231
ANAPC2,1.34706628456313,0.177958885568098,0.476575346217456
MRE11,-0.343568959911512,0.731170471582634,0.891824327270042
STXBP6,NA,NA,NA
CSTF3,NA,NA,NA
ENO3,0.05970153188501,0.9523933516456,0.982427872359611
ST8SIA3,0.368865102609401,0.712228276013716,0.88513106144073
SERPINF2,1.33461674236406,0.182001815536312,0.482528322172763
ZNF687,-0.553936789682493,0.579622106049322,0.812140867743645
CAPN6,-0.083547538527736,0.933416179210666,0.974575449891131
PLXND1,-2.73830132642818,0.00617574620875789,0.0782951985794877
MAP1S,-1.90269153969275,0.0570808065373122,0.265989869994407
RNF31,-0.353082300767137,0.724026741391765,0.890361722847064
DNMBP,0.398560014582276,0.690217429186748,0.873362286684262
NLRP12,-1.81081189565507,0.0701699742922948,0.295098299216021
ZCCHC10,0.456287247189808,0.648183433221807,0.849472581069499
B3GNT4,-4.29265170854657,1.7655183864963e-05,0.00173250089978779
SLC25A36,-1.48034227053235,0.138781927854611,0.42063226910126
GRK3,0.0732273694233255,0.941625187198476,0.977525577312865
CRLF3,-0.429579290910711,0.667501704100344,0.860496138649154
CNDP2,0.248840843736142,0.803483895871165,0.926261640076887
CIITA,-2.09220915152781,0.0364198102117244,0.209228154498706
LGALS9B,-0.15545631755148,0.876461588762351,0.955617957193347
EDNRA,0.586126031512022,0.557790824151478,0.800584570919236
MYEF2,-1.40657271701851,0.159554127950909,0.451172526978354
FARS2,-0.754647255105322,0.450460661946387,0.729294462002246
FAM71C,-0.74548053981879,0.455981271114567,0.733062656285462
DCUN1D3,1.70048263875704,0.0890401792940868,0.336013207169794
RNF227,-2.2467178307225,0.0246580659707795,0.169301541549486
FBXL16,-1.78311688984288,0.0745672776020848,0.304228050519089
PRMT5,0.719797360845524,0.471649770097993,0.744830080786429
PPIE,1.50207039436015,0.133078929831479,0.411855168464736
SLC34A1,-1.51157342203138,0.13064241725112,0.407653976770376
DTX2,-1.98223716367291,0.0474527030609958,0.24010106712925
ACTL9,1.22439571182884,0.220802986195576,0.525583550029546
RCHY1,-1.86303884865977,0.0624568006970138,0.278010949081966
SYNE4,-1.5773335823106,0.114718789092575,0.38068299094576
MTURN,NA,NA,NA
HSPA5,1.83477520750124,0.0665390035372392,0.287378514276867
COQ8B,-1.41341567612461,0.157533539029981,0.448586177090836
PSEN1,0.649573454087305,0.515967784882094,0.775109854794592
EEF1AKMT4,-0.251558267813028,0.801382518856488,0.925383405284576
ANO5,-3.3470129285188,0.000816874005325025,0.0223068245774762
MBOAT1,-1.37783921162026,0.168252936560107,0.463985105346047
C12orf40,-2.17015212369907,0.0299953236093801,0.189642394959696
CACNB2,1.86097739461711,0.0627473690434684,0.278478600526781
SLC6A18,-1.39602771459877,0.162706149498251,0.455589277601921
NLRC3,-0.388355596908656,0.697752899065446,0.877616089522756
CD19,-1.05317820257154,0.292259326609026,0.601801736437607
FAM187B,-4.18899307345188,2.8019495112451e-05,0.00244757578115237
SAV1,0.497745954894399,0.618663113068802,0.835093523420251
RNF40,1.07353111729748,0.283032884827248,0.593625163213252
TRPM8,0.440181483604392,0.659805669482345,0.85578986504068
IQUB,-2.30707341192261,0.021050727895166,0.156003175743518
SCN4B,0.0637864961322672,0.949140230886581,0.98094700924347
MC5R,-2.21303487801252,0.0268952411482738,0.178627793038966
TAF7L,-3.40258545585039,0.000667514765366883,0.0196637098133028
CREG2,-0.366484216077289,0.714003788358702,0.886681341907857
CAMKK2,0.52071440947064,0.602565734910939,0.825670951394704
MRPS33,0.761744859813391,0.446212295743056,0.726906928667213
MED14,1.22014488527386,0.222409955725026,0.528302302879062
VPS37A,-0.705697574993562,0.480376229361157,0.750616760230871
ARID1A,0.155083420039615,0.876755552932712,0.95564878575325
PRPF3,NA,NA,NA
YARS2,1.28530500611318,0.198685721495689,0.501139889392776
METTL1,0.321119328816536,0.748119963095402,0.900341553101674
NUPR1,1.36411485403516,0.17253142046168,0.46987966168857
GRHL1,-1.67687718776439,0.0935664998521248,0.343198287807114
CHCHD5,0.503377988255319,0.614698544435861,0.832788127298162
LIMS2,1.69784465930913,0.0895370844545703,0.336755704399569
VPS37D,-1.69506421339093,0.0900632400727471,0.337671174874377
DYNC1I1,-0.637834878626569,0.523581172485695,0.77946593228291
AQP10,-3.8515389268415,0.000117377867038227,0.00609558187863124
CRMP1,1.1707799998727,0.241687218984233,0.55072033372885
AHCYL2,0.784524035529467,0.432732684225365,0.7185426133407
NKX2-6,-0.719028171153942,0.472123562323919,0.74498603673792
MTSS1,1.5585987007835,0.119091390743498,0.388790040379291
PCM1,0.662098118816921,0.507908341364361,0.769166334772846
SLITRK5,1.4581817738985,0.144790446186051,0.428949857432581
HMGCS1,-0.783625836029258,0.433259691359741,0.718760421192932
ODF3,1.69285010797645,0.0904840020600222,0.337973819043955
VIPR1,3.84433338071629,0.00012088058244153,0.00617895818404643
ZBTB2,1.60089198975295,0.109400844068231,0.371422406126728
ENTHD1,-0.555069634903281,0.578847031400538,0.811893855099623
CHMP6,1.03998706822457,0.298345908727761,0.606961512883882
C14orf28,-0.197766569593034,0.84322770313424,0.941693205386973
ANGPT2,-1.93389428372648,0.0531261270991188,0.255977989608032
RIC8A,0.481551353726818,0.630124690663132,0.840233533517865
CEP295,1.13917565244556,0.2546298985449,0.56554483051301
CFAP410,-0.696153817044984,0.486332506375831,0.754796840541395
WDFY4,-0.399248305552028,0.689710253210796,0.873319982871012
FBXW5,1.79891206033916,0.0720325925221935,0.298316398518879
CDK20,-0.350087057492998,0.726273363676468,0.890852127423931
HMGB3,1.97573247100727,0.0481850852392336,0.242044978100526
TCTEX1D2,-0.585108474040907,0.558474781277239,0.800803766454278
LMNB2,0.874053926215015,0.382088886957376,0.681360973660518
ZNF580,0.620369372713688,0.535014631641402,0.786852309762982
ZNF784,-0.42990565142418,0.667264274303426,0.860423486094103
C5orf22,-0.481958606614099,0.629835351652225,0.840205536242106
DIS3L2,0.473088122698813,0.636150310162419,0.84373385002409
SOX2,NA,NA,NA
SLC47A2,0.478841362795241,0.632051488415522,0.841251408584966
HASPIN,-1.435906649674,0.151028906064023,0.437818689514581
ZNF579,-2.18418326861992,0.0289487838718035,0.186146131107372
SCNN1D,0.922163747746952,0.356443169500068,0.657970921074381
PGR,-3.25291142949886,0.00114229096169991,0.0277083483358091
HNRNPM,2.13624771232869,0.0326592283255464,0.197260694826402
MSC,-0.476134608060192,0.633978482705239,0.842109768009279
CEP57,-0.589642672028167,0.555430236861676,0.799308956095915
CTNNAL1,0.593938052819912,0.55255354653235,0.797382467073803
PGA3,-4.59308750443858,4.36735822406579e-06,0.000653460569129526
SHQ1,-0.542850841463906,0.587232504719848,0.816925123016325
P2RY13,-1.5556794832302,0.119784327666919,0.3901791607201
MARVELD2,-2.83399430674142,0.00459701509789967,0.0664785570903921
PPM1A,-1.20033307560268,0.230010009019225,0.535497035325609
CABP4,1.42624105134579,0.153798773775181,0.442453277991726
YLPM1,-1.20747305576299,0.22725001557678,0.532930204127296
OR52K2,-3.32694718816657,0.000878030122890101,0.0232378129896939
KIAA0319L,-3.49840624140046,0.000468047620786393,0.0153641636017067
PRKRA,2.76422885976219,0.00570575049098043,0.0751091475781327
TUBD1,-1.6602135240976,0.0968715049185132,0.348666297941898
BBX,-0.811881964466004,0.416859364274944,0.706757505521761
MRPS11,-0.626716145225653,0.530845318728034,0.785003328845895
DMRTA1,-1.57471931692243,0.115321246999975,0.381760062357858
RMI1,0.232382547433427,0.816240903070536,0.931156679036909
SNX22,-1.21002657021494,0.226268697520748,0.532574775358843
ASB4,-0.294086615426126,0.768691718239756,0.910701036993698
FLNC,0.563366264230731,0.573185504389152,0.80910501288954
RPRM,NA,NA,NA
NEU4,-1.78669925270755,0.0739861099433398,0.303089907950404
MEIOB,1.20596004798267,0.22783289545753,0.533634642925324
CCZ1,-0.941097793751848,0.346654746062723,0.650371152012393
VENTX,-1.47531257679617,0.140128526704578,0.421837110669238
KLHL38,-0.717891649939343,0.472824096820003,0.745702123893122
OAZ2,NA,NA,NA
UPB1,-1.82579582550431,0.067881022362367,0.290115873844572
NIM1K,1.66362418540521,0.096187555582445,0.34752097932825
MAF,NA,NA,NA
KIF15,-2.87645761461328,0.0040216620265164,0.0615758424971791
C11orf16,-0.0811978444773476,0.935284613715531,0.975259298161747
FAXDC2,-1.27541923102799,0.202160895452007,0.504134563047976
EFCAB12,-4.32260626941658,1.54196769786996e-05,0.00158518475171502
RNF185,NA,NA,NA
GHRHR,-0.162403433763997,0.870988166983675,0.95331613852296
HSD11B2,-0.0377824883311744,0.969861106689917,0.989474379027583
GTPBP6,-2.27210748097817,0.0230800193837261,0.16382585858472
NFKBIZ,-1.28614462775154,0.198392591590277,0.500796986486815
TRAF7,0.240163704665907,0.810203349801061,0.928277087926297
PORCN,-0.859412922684125,0.390112742635551,0.686903506211293
ABCF1,1.06024234926495,0.289034359292851,0.598787485799004
SCMH1,0.418779722955581,0.675377125263015,0.865307258751563
AHCTF1,0.339373062323175,0.734328708886948,0.892989092194379
SLC37A3,-1.54077126400909,0.123372465530287,0.396428811204272
OR10A7,-0.915479131830064,0.359940152835463,0.660825367049336
THOC6,-0.96567521278,0.334206726503337,0.638480445740831
TLK2,-0.114574601413792,0.908782312242423,0.966009988389142
VGLL2,-0.0374910676456169,0.970093462127625,0.989474379027583
LIN28A,-1.71474280903574,0.0863923911485494,0.330651618336247
PIBF1,-1.80209020935933,0.0715312138442796,0.297420884353846
PTPRCAP,0.667733316973857,0.504303838838931,0.766935655885471
ACOT4,-0.414846601896928,0.67825420207197,0.866275988988473
CCR8,-0.747970945327075,0.454477682865214,0.7318790785849
SGSH,1.63529977049953,0.10198622166898,0.357584101048932
RWDD4,1.12926130212359,0.258787620338468,0.569589064747296
SLC36A4,0.429785038891951,0.667352016973861,0.860423486094103
RIIAD1,NA,NA,NA
ITM2C,0.91997040991182,0.357588222408605,0.659053405147423
ARL6IP6,0.119357398572585,0.904992210969962,0.96447714218272
IFT80,-0.943561115897907,0.345393970417411,0.649499452409331
C3orf80,-1.630050851112,0.103090750060262,0.359356462511603
SSH1,0.639596124883192,0.522435202435704,0.778337498730174
VNN2,-3.31304887446872,0.000922848517141953,0.0241660098426285
B3GNT5,0.0427105881529208,0.965932239147488,0.988401131274316
TNFRSF12A,1.03796015101185,0.299288607582534,0.607612728945355
C4orf17,-0.944173393208245,0.345081049264901,0.649422766686324
VSIG2,-1.51296636190142,0.130288203536224,0.407305612709849
ZBTB33,1.26732010449852,0.205040854676698,0.507983856743709
TNNI3K,-1.69444751398207,0.0901802772550425,0.337811063711658
ZNF609,-0.212442413548368,0.831761899616198,0.937189518863702
TMEM150B,-2.20572018502206,0.027403597715109,0.180288710783947
ERICH3,-0.00822563145979929,0.993436969665669,0.997758310511439
PTPMT1,-2.43124518874927,0.0150470281097197,0.131260209706432
RIT2,0.20414439463878,0.838240662845126,0.93974704870817
AATK,2.78922120420515,0.00528349643710963,0.071691556771168
ATP13A2,-2.40546710749929,0.0161518058993725,0.136083100898588
HARBI1,-0.986799033437419,0.323741168675684,0.628378471982788
IMPDH2,0.218333372358376,0.827169374225871,0.93502726329773
ZNF518B,-1.12815039829868,0.259256407772307,0.570130917046154
APOLD1,-0.831520343684906,0.405679740566978,0.698567939773036
ACAP2,1.8109817902817,0.0701436704936566,0.295098299216021
YME1L1,-1.40973064356935,0.158619232772051,0.450177753077649
CHRNA3,1.68071186352636,0.0928188951277594,0.342077979591634
EDDM3A,NA,NA,NA
KLK15,2.15303842060926,0.0313156591414772,0.19379289146028
DCBLD2,-0.779972082433639,0.435407307910779,0.720593485800649
STK11,-1.15882805150587,0.246526280837761,0.556460814939543
GSX2,0.889909434508168,0.373514517610062,0.673871462428344
NDUFAF3,-0.0766081551810103,0.938935271125738,0.976321873127672
FLII,0.0691095505087226,0.944902418999954,0.978964473120895
TMEM86B,-2.45798558810915,0.0139718780925197,0.126508700859292
NOC2L,0.0662341312253176,0.947191423636923,0.979669892136143
CLRN1,0.270648496648666,0.786661392420548,0.918998087153682
CARM1,-1.40933178578642,0.158737084165229,0.450316278562969
MARCO,-1.94992302010686,0.0511852949201602,0.250570837976502
NR2F1,2.83946292372391,0.00451895462367894,0.0659811036454456
PAK2,-0.0187781644160744,0.985018073023868,0.994627363325985
TIMM22,0.620834991906652,0.534708197387902,0.786730627877127
ZSCAN2,-1.39111664269323,0.164190058931665,0.457724817972152
CETN1,-1.06083734641199,0.288763826620664,0.598601601713947
RUSF1,0.0220763058361222,0.982387087073249,0.993828459408981
ATP10B,-2.24563092873048,0.0247276577115863,0.169702254013393
GBA,-1.38030894646544,0.167491541548328,0.462814000180153
TMEM151A,2.18678930987769,0.0287579082263417,0.185642677965176
KHDRBS1,2.33736033692053,0.0194204556534937,0.149812111197344
EXOSC3,0.809796235789846,0.418057296400089,0.708023828175263
CDCA8,-1.59699130294467,0.110267645881257,0.372955385979759
SEPHS1,NA,NA,NA
SMAD3,NA,NA,NA
XKR4,0.935502739261289,0.349529272310154,0.652754122979616
IL36B,-1.98338953846999,0.0473239347758514,0.239863612563852
C11orf87,1.34004077411704,0.180232089213344,0.479937235316113
PRR14L,-3.66636096545946,0.000246026583193627,0.00991454326725892
BOLA3,1.20925487772143,0.22656494034331,0.532729014854224
ADI1,-0.739832303944273,0.459401755015446,0.734952334690667
MIPOL1,-0.402203629742897,0.687534171138331,0.871965675964921
KPNA7,-1.05759219573724,0.29024140204439,0.600099612490741
SP1,-0.0868211024085117,0.930813713663428,0.97372676456332
SLC25A18,-2.83553032312701,0.00457496717871736,0.0664065181855363
FANCF,-1.52551278939304,0.127131246041218,0.401758132617081
TNFAIP8L1,-1.20763345837954,0.227188283528232,0.532930126253558
DNAH8,0.31469705534923,0.75299168023735,0.902610476064633
UBALD2,-0.134179089697723,0.893260960381064,0.961875419216092
TOB2,-0.0995369116489019,0.920711982146963,0.970033749155936
DZIP1L,1.11030494295157,0.266867643828843,0.578351976419913
IFNLR1,-0.623115997238531,0.533208297990705,0.785771102365236
TNFAIP8L3,-0.775240584408315,0.438197510855766,0.722345388816299
CCDC60,0.437940007828847,0.661429772682245,0.856221237345733
ATP11C,-2.10813201685996,0.0350195717055647,0.204172749851271
MC2R,-3.6731377341478,0.000239590256226372,0.00973303212928208
EYA2,-2.29958915220349,0.0214715072456594,0.157589809371737
FUT10,-2.66006385635411,0.00781258379084924,0.0898328990211281
SERHL2,-0.0721079530420415,0.942515997091647,0.977778660537445
RNF123,-2.46418703316503,0.013732443218803,0.125090224184781
BTNL9,-1.75475486073344,0.0793012476622242,0.315617712581389
SIX6,0.283994028877221,0.776414956602489,0.914517455038817
CFD,0.779579117486349,0.435638651514406,0.720593485800649
PLB1,-0.880586059191053,0.378541906785632,0.67813737662287
NDUFA12,-0.0107027339118889,0.991460616882574,0.997144752864687
GAS6,-0.450115081828303,0.652627462520642,0.850949630164964
GRIK1,3.25326346740072,0.00114087662795475,0.0277083483358091
FAAP100,3.05609257965731,0.00224242004839176,0.0425341459739061
YAF2,0.158366160185275,0.874168277505659,0.954648866141459
FFAR3,1.14688031441935,0.25143108966073,0.563018901986151
C16orf72,NA,NA,NA
ZNF704,2.5677507236025,0.0102360735392892,0.104660042845561
FBLN1,-0.392799855456536,0.69446731143457,0.875950164238208
KCNK12,2.01669663046489,0.0437271817900729,0.230356556561983
CXorf38,1.13316054256013,0.257146840691447,0.567688865153606
TUBB,-3.20379751129106,0.00135627829062307,0.0312440206217924
AFMID,0.437231805964637,0.661943245498341,0.85667708871701
PHF7,-1.03652950861011,0.299955180201726,0.608014325851743
OTOL1,-2.02965003618173,0.0423921249768843,0.227173685337119
OR6X1,-0.493317358534022,0.621788365020882,0.836282108596972
ZAR1,-2.40504367669227,0.0161705330064317,0.136083100898588
GRID1,0.648169963115271,0.516875026961789,0.775825924458339
DDX53,-0.973227259705615,0.330440365451255,0.635481649618142
RIPOR3,-3.61670706916075,0.000298374641934926,0.011133426145483
IGDCC3,-1.59343250541755,0.111063198464444,0.374472792323668
RAB11B,NA,NA,NA
SLC24A3,-0.00904508214503562,0.992783167011157,0.99761534496465
KLHL15,NA,NA,NA
ZKSCAN2,-0.0934011320044592,0.925584891241249,0.972362799891397
SPSB1,2.53104064722218,0.0113724668703343,0.111380893936806
TASOR2,-1.06380133613532,0.287418705928144,0.59746127196512
DNMT3B,-1.50081782811316,0.133402686186793,0.412420823391435
LGALS9C,-0.328405869761189,0.742604805457813,0.897635883864859
KRT36,-0.746668941429597,0.455263422028087,0.732688054705906
DENND5A,-3.53717795805876,0.000404427064097731,0.0140176646620296
PLPBP,-2.22587514571274,0.026022545586677,0.174967635431972
ZNF662,-1.87941357621728,0.0601880440056929,0.272721908125161
LIN9,1.63731759582955,0.101564126199339,0.356938854680095
OR5BS1P,-1.1220436871745,0.261843865272352,0.574125304342663
KCNA4,-0.646499523020286,0.517955905926836,0.776482371515398
CEP120,0.890732239356929,0.373072834757703,0.673500977046758
ODF4,-0.802993114660292,0.42197871424419,0.710371450902294
PAPPA,-2.40829037373581,0.0160274276480047,0.135565151774238
PHKG2,-0.215233877738941,0.829584979213116,0.936134643237734
LRRC14B,-1.03271159502383,0.301738885695955,0.609120764178102
ST6GALNAC3,-0.0730326378008117,0.941780145640171,0.977552136885381
COL4A5,-0.579873425521143,0.561999977681474,0.803267158112403
SLC9A7,-0.759717229142747,0.447423627849239,0.727537403292472
ENPP7,-0.929275514574179,0.352746321221668,0.655677168021303
OR6C76,1.71722340623088,0.0859383604799454,0.329709250735873
COL7A1,0.308465437941822,0.75772819538704,0.904648658225051
POU3F2,NA,NA,NA
PTRHD1,0.489144637764516,0.624739301102813,0.837154763181782
RNF135,-1.49561814426876,0.134753192146236,0.414471402673631
CATSPERZ,0.695191054930815,0.48693557736342,0.755500045699795
KCNH8,-1.4701032822635,0.141533783538944,0.424377709105945
COA3,0.546294549967731,0.584863481957751,0.815612097455613
C1QTNF8,0.702552394103971,0.482334739101858,0.752223176192702
IZUMO1R,0.719585557202337,0.47178020710202,0.744830080786429
TTC7B,-0.805653841345858,0.420442471451914,0.709350550783092
BRICD5,1.50120927791021,0.133301441008092,0.412374897955841
HSD17B13,-1.95263016559615,0.0508634340514254,0.249318266423984
NRROS,0.10229964424592,0.918518837678258,0.96925191501947
TRMT12,1.30166654831301,0.193030399655775,0.495008142135092
IP6K2,-0.933748687124074,0.350433544053714,0.653796508362928
ZNF26,0.437328880882399,0.661872853145973,0.85667708871701
PRSS55,-3.49699877681389,0.000470523989732561,0.0153641636017067
KCNJ15,-1.73918092367658,0.0820029438436875,0.321830786452154
TAF9,-0.180555236321189,0.85671669452884,0.947571560542113
RHD,-4.23505226155114,2.28498557544423e-05,0.00211844797644866
SIRT7,0.912847527815488,0.361322737724245,0.661775446914166
ARSI,0.462567867421195,0.643674145314762,0.847389591105337
CCDC34,-1.92536866601718,0.0541832527346499,0.258070130696821
PPP2R5C,1.39050288544183,0.164376223722938,0.457890044774386
VMO1,-1.49616573350438,0.134610471706169,0.414388561504099
NXPH3,1.64435554175327,0.100102782765549,0.35435775431084
DHX34,-1.16295987247548,0.244845783604655,0.555063465032383
OTOP3,-0.750901833392253,0.452711736889056,0.730806244769081
PAWR,-0.359343430190437,0.719338188390499,0.888855336010224
SH2D7,3.3967383399891,0.000681941412335394,0.0198141491900524
FES,1.80902003700754,0.0704478905285685,0.29582310435925
CLEC4G,-1.58684069320843,0.112548729810468,0.376931646956448
CAPN12,0.508182490949404,0.61132536873304,0.830338753576641
KLHL22,-0.0846781077527653,0.932517300926728,0.974497023138422
HCAR2,0.157500308627866,0.874850564679844,0.954761026271959
OR4F6,-0.0640960996524974,0.948893707488428,0.980925860763193
TMIGD1,-2.88409645452329,0.00392538502061014,0.0605928686736062
GKN2,-3.77640565912446,0.00015910778416142,0.00729596142316592
GIMAP6,1.24410178790996,0.213462103117333,0.517412156919402
CDYL,-3.027704864783,0.00246418622729436,0.045524183700333
MCF2L2,0.813382454752484,0.415998815537311,0.706251018604173
FOXK1,-1.67090356818901,0.0947407266251552,0.344824134403121
SHMT2,-1.2080968452395,0.227010013075443,0.532930126253558
SYNGR1,0.831561903229463,0.405656273323955,0.698567939773036
SDR42E1,-1.689418732759,0.0911392135990199,0.338928589818262
GALNT9,3.10814595299502,0.00188265067603392,0.037990424788917
P2RX7,0.796129520936686,0.425956757125011,0.713024917503078
OAF,-0.0259322243261425,0.979311397388351,0.99297865253172
ZGPAT,1.54099108739123,0.12331895514959,0.396341142114124
GALR2,-1.70804809241418,0.0876274192282784,0.332727344850401
NFAM1,1.21016737638968,0.226214673671449,0.532574775358843
NFXL1,-0.445278538927446,0.656118475129226,0.853445119369355
TPO,-1.64827919212967,0.0992953926015141,0.352742047818451
SPNS2,2.27077187641391,0.0231607912871366,0.164251942224506
SULT1C3,0.576243252632437,0.564450773596171,0.804634065940419
BCAN,0.0363000720557136,0.971043092486819,0.989567703577914
HGS,1.54521048513415,0.122295359007292,0.394814668942149
CRIP2,-0.247667015011552,0.804392055064267,0.926280639565898
PLEKHH1,1.00865144952556,0.313141823540591,0.619218107227485
SPPL2C,1.09368883354165,0.274091473328959,0.586612426702625
NKX2-5,0.736373539248128,0.461503403354306,0.736807156510197
FAM181B,-0.211953641953778,0.832143200936688,0.937479353850845
CCDC137,1.94052259134167,0.0523162113650148,0.254349560846688
RBM10,0.279044593765848,0.780210602515325,0.916197266703831
EEF1G,1.88309059389217,0.0596880917215398,0.271688687378286
PRSS57,-1.72507564814655,0.0845138404631478,0.327920181582117
GRPEL2,-0.144815733448075,0.884856359681496,0.958356576184819
NOP56,0.725749990278805,0.46799204976806,0.741563998751695
BLZF1,1.23675337969317,0.216178654724815,0.519791858425045
PGBD2,1.53681814606493,0.124337848483547,0.397502341079621
OLFML1,0.168244046747016,0.866391290491237,0.952454944424574
TPM2,NA,NA,NA
GPR39,-0.443130048596775,0.65767167182172,0.854650813016582
PDLIM1,0.614354257025608,0.538981256183094,0.789328882976927
GAST,0.42287803159165,0.672384251770199,0.863742843654475
PMCH,0.480786443425063,0.630668286187261,0.840674720341899
MARCKSL1,-0.531603514043743,0.595000630439848,0.821230206156451
HNRNPH1,-0.377677452241918,0.705670219839052,0.881402459889888
C10orf120,0.275379656380676,0.783024571959745,0.917220938799757
LMNTD2,0.20075209051618,0.84089242640979,0.940952709952221
CARMIL1,1.3558461216801,0.175148133118503,0.473028823354159
NPY2R,-0.47200802798081,0.636921058404501,0.844104747364897
ADAT3,-1.24872131421443,0.211767022281298,0.515250884030748
MAPK8IP2,0.575452081829458,0.564985589316418,0.804870119320297
C19orf71,-0.415222106550917,0.677979317093479,0.866275988988473
RGPD6,-2.77513278141129,0.00551791743664847,0.0734685183283099
GNB1L,-2.25800588500758,0.0239452925369387,0.167064294006564
SNN,NA,NA,NA
IL20RB,-0.873094117049912,0.382611780206667,0.681360973660518
CSF1,1.9637295636896,0.049561462248298,0.246244916839612
FAM166C,-1.58776793027229,0.11233882576962,0.376840029973473
PEX26,-0.181086005934906,0.856300068651644,0.947481129919201
PDE4B,-0.559694371015577,0.57568792249166,0.810657309976141
ACSM2B,0.352943488215372,0.724130807262321,0.890361722847064
MEX3B,1.25397166888171,0.209852303222379,0.513818536340991
IRX3,0.710371958459618,0.477473507548178,0.748785153233597
FAM43A,-0.107464797507471,0.914420251076213,0.967629636178401
FREM3,-0.762155601582336,0.445967141081017,0.726782641649555
MFSD6L,-0.0493906055147749,0.960608014739454,0.986390454490903
ALDH1A3,0.126491473634655,0.899342897890578,0.963577677253999
LPAR5,0.836462770837233,0.402894612336436,0.696409417262779
CNGA2,-1.30169350305817,0.193021181430273,0.495008142135092
CALHM1,2.27606997395932,0.0228418218619049,0.162669944438016
GDF3,-0.803531225435004,0.421667756190939,0.710157487078732
LRRC36,-0.74115140799965,0.458601642342103,0.734618191549062
MOB2,1.27306857294618,0.202993709705936,0.505877463897774
B4GALNT4,-0.960109753803561,0.336999979996555,0.642131345064675
SIVA1,-0.46448207532439,0.642302398825786,0.846898099140377
GTF3C6,1.10797591105088,0.267872219408937,0.578876730974955
ADRA2C,0.0395945486814229,0.968416373554761,0.989165815286215
IDH2,1.34749906713053,0.177819553676354,0.47644264164083
HOXB2,-0.192371804852722,0.847450976378671,0.942846142607265
CEND1,0.79778091873821,0.424997636206188,0.712668029110953
RXFP3,2.98815375620129,0.00280668316549401,0.0493767124527886
EIF4ENIF1,-1.46773296230257,0.14217677337884,0.42493898925572
MRPL54,-1.0362833403621,0.300069975984333,0.608014325851743
SKA2,-0.59998286896879,0.548517652520967,0.794948493246843
ZNF696,-0.749887588474991,0.453322410243604,0.731199515807594
TRAPPC6B,NA,NA,NA
SLX1B,-2.56539162176021,0.0103059411657402,0.104877698920313
ZDHHC23,0.186655598657569,0.851930671298988,0.945255235291506
IRF7,-0.432608695652175,0.665299071094091,0.859095920906938
DHRS7C,0.441458348721073,0.658881208617584,0.85520300193065
PPP1R27,2.49208319268047,0.0126996287762892,0.119508762381172
MRTO4,-1.12682229353614,0.259817622814535,0.571024420589478
ACTL10,-1.01369778291341,0.310726982322544,0.6171527429327
SMIM10,NA,NA,NA
CTHRC1,-0.655289840760676,0.512281160479153,0.772691176480783
WDR4,-1.6024838069016,0.109048665531289,0.370907817580202
BACE2,-1.69271603348726,0.0905095318734042,0.337973819043955
ATP6V0A2,-3.15697672766415,0.00159414068626915,0.034813083888583
ACTRT3,-1.83689083568387,0.0662260124520653,0.286764326697883
CREB3L2,-0.151615623954067,0.879490109741573,0.956613571972262
C1QTNF12,-1.11878601020642,0.263231441353736,0.575836831729979
EPHB3,-0.359685748703445,0.719082150638763,0.88870070238458
ATP6V0C,0.329985701939117,0.74141076577833,0.897053602277191
TUBA8,1.3939013853008,0.163347385916097,0.456621522405674
KPNA2,-0.228810251307512,0.819016398753607,0.931860850622234
ADAMTSL5,0.49578551682005,0.62004574431541,0.835648915374518
SLC5A2,-2.20365889688794,0.0275483418676992,0.180533626324662
ZNF397,-0.987321730941632,0.323484940730563,0.628246389715118
DDX41,-1.2094208018628,0.22650122086188,0.532729014854224
NOMO2,-2.80857309613367,0.00497615843776665,0.0698042294350176
CD86,-0.861228709793704,0.389112090722017,0.686385189096664
KRT79,-2.3171649012026,0.0204947506914402,0.153629301810042
CDCA2,-2.87596731994896,0.00402791411901723,0.0616091479418911
INTS5,-1.9389912206014,0.0525024072029878,0.254384531126065
NOC4L,2.48009621712344,0.0131346934181401,0.122064488236368
ZNF470,-2.28837217809802,0.0221158564369376,0.159904699430945
FBXO21,-0.908508877050728,0.363609425845242,0.663470857688155
MAPK11,0.334792740700745,0.737781436911013,0.895242739248372
TLCD2,-0.716886616840266,0.473444060438784,0.746105364308795
CMTM4,0.318923864978691,0.749784246920294,0.901216483031653
RARB,-0.629372946010375,0.52910492532728,0.783366408205434
WDR5B,-0.459224970972288,0.646072620407733,0.8484190923554
ZFP41,1.07471545944918,0.282502140193305,0.59342001929259
HHIPL1,0.139917059363434,0.888725522454303,0.959947568903497
MX2,0.282817121457393,0.777317028910261,0.914789731398791
KDELR1,NA,NA,NA
FLRT2,1.02753567784796,0.304168294453136,0.611248838534015
STING1,1.32752873483109,0.18433384107828,0.484953868888819
ALG12,-1.01246321631428,0.311316625668226,0.617370363973097
RAB11FIP1,-1.29958164804102,0.193744392936933,0.496332474328348
RAB28,-1.17090381543818,0.241637441321474,0.55072033372885
TMEM89,-1.71895544529178,0.0856224850599842,0.329388029432839
SOCS3,-1.24352446851708,0.213674630057988,0.517725029571319
ADSS1,1.14200951716011,0.253450063744093,0.564583927373339
SULT4A1,0.609933511654376,0.541905852291418,0.791326067023879
BEST3,-1.5552276675098,0.119891857157973,0.390223076754532
DNAJA1,NA,NA,NA
KANK3,-1.03324133265711,0.301490974571415,0.608994961683674
PTTG1IP,-0.837672371053153,0.402214734755537,0.696074933173114
SNX20,-1.13097396468342,0.258066049727993,0.568769005044112
SOX1,NA,NA,NA
CCR4,0.74607343995884,0.455623052674376,0.732876590954249
IL3RA,-0.885079414854743,0.37611380103359,0.675922435630826
INPP5J,-1.67085426806932,0.0947504663900272,0.344824134403121
PRMT3,-3.02321835887525,0.0025010170838348,0.046091914842575
REC114,1.90759544619067,0.0564435241733979,0.264488228622756
CYP2F1,-4.79548006871617,1.62285706059979e-06,0.000353151742945923
KCND2,2.13992550896809,0.0323607872249559,0.196400086965275
H2AC21,NA,NA,NA
NPLOC4,1.79405331972887,0.0728046587704101,0.300226128326907
PDGFB,-0.677106391621348,0.49833845386962,0.763653230567231
CSTF2T,-0.31064564365591,0.756070024054135,0.903791346583301
DUT,NA,NA,NA
FBLN7,-0.763725499290965,0.445030841767114,0.726280454736857
CLN8,-0.460757551720646,0.644972559369038,0.847697453225335
RTN4RL1,1.21915380602922,0.22278582104948,0.528945691704593
DMTF1,-0.307065225566963,0.758793725831553,0.904781078402654
ACP7,-1.77853128622751,0.0753166382395431,0.306141740012353
GLTPD2,-0.769617454586632,0.441526848030406,0.72472028864901
MORF4L1,NA,NA,NA
FBXW4,-1.68002164488221,0.092953104477487,0.342177056393295
SLC25A21,-1.41868073017109,0.155992117653739,0.445877223753225
DDX59,-2.04937634041002,0.0404253289489699,0.221219713764754
PURA,1.21346472406734,0.224952193468688,0.530919498313104
GLRX5,2.61052130467235,0.00904043406762634,0.0972377506263126
FILIP1L,0.705405213245808,0.480558100636478,0.750769566506611
IKZF1,0.565999730688382,0.571393963592604,0.808209058200247
HS3ST4,-0.137642316913071,0.890523109746142,0.960775700327243
CPNE8,-0.206319919342544,0.836541019864038,0.939073532326946
H2AC20,1.97329347724443,0.048462135646213,0.243066642510976
RBM43,-2.57023174087315,0.0101630504229847,0.104124757960776
OTOP2,-1.74730716837825,0.0805840703167878,0.31887574512367
CLCNKA,-4.37546431502377,1.21174265383368e-05,0.00132694601338656
TMEM121B,-1.49543120458662,0.134801941777455,0.414471402673631
H1-5,1.52924897990442,0.126202732438708,0.399941936051492
DGCR6,-2.76620058878453,0.00567136379993043,0.0747867798818051
TRAIP,0.403238661678673,0.68677266060057,0.871732197358579
DRG1,NA,NA,NA
HOXD1,-2.8807793950672,0.00396693187310609,0.0609230431568895
SMDT1,-0.354086524231474,0.72327404082747,0.890361722847064
P4HB,3.14685837371124,0.00165034878849805,0.0354766300025355
H3C13,3.89279139355076,9.90973603155465e-05,0.00546994299028213
EFCAB13,-0.253121441531277,0.80017437033492,0.924942110001555
FMNL1,-0.771243859968614,0.440562401420926,0.724301458906987
RIMBP3C,-2.10218364329925,0.0355371920625232,0.206156639711651
SLC25A10,-0.339231340133241,0.734435461527447,0.893028289434674
CROT,-2.32070866249379,0.0203025728900338,0.153023681553212
PKP3,1.1792082570596,0.238315258962343,0.546912709709784
SLC6A17,0.873208979291868,0.38254918145425,0.681360973660518
ZNF703,-1.71140882051369,0.0870056700377552,0.331441816387839
PSMG1,-0.380485740568958,0.70358487944791,0.880163635727942
CADM1,2.7736107867321,0.00554379605128974,0.0736545678364499
BGN,2.33965427421792,0.0193015980244784,0.149440250461255
SYNDIG1L,0.688560385593925,0.491099957513842,0.758767258761801
PCARE,2.42033923009184,0.0155060342175085,0.133291916436284
SPAG16,0.0393552310475894,0.968607172683556,0.989293835738977
TBK1,-0.796480446029174,0.42575283654159,0.712906023913186
LIMK2,-0.293309193652321,0.769285827012266,0.911031198673934
FAM187A,0.703947146894359,0.481465688847327,0.751397923241711
RSRC2,0.764734743900908,0.444429512764909,0.726173297883364
SS18L1,0.572009258493158,0.567315702276597,0.805986170236338
SETD3,0.178100877494579,0.858643752909567,0.948879446294218
RNLS,2.02532509676171,0.0428339931417305,0.228488282512471
JAG2,0.848150065608394,0.396354402319892,0.691971780020589
UPP1,3.44965267096499,0.000561308236403367,0.0172759471864108
SELENOF,-0.499888742379953,0.617153419531544,0.834280568562546
ACSM5,0.553304223751712,0.580055109309227,0.812191846711134
SLC35D3,0.719508643817823,0.471827578306543,0.744830080786429
DGKA,-0.020224963464702,0.983863913991581,0.993993279064098
FBXL6,-0.0530287813354995,0.957708975779885,0.98499147491122
PTCH1,0.282490796334705,0.777567202792807,0.914826393577398
PAXBP1,1.07878558936617,0.280683320389957,0.592248860336922
SOCS1,1.73343735334039,0.0830179632493777,0.323955872814206
SRPRA,1.77041276687969,0.076658404502989,0.308758477838265
SETD4,-1.64117178689425,0.100761760461646,0.355607595538626
KCNH7,-0.641601117919725,0.521132206942408,0.778119742250141
ODF3L1,0.966001235072441,0.334043563018862,0.638268595820083
ROBO2,0.0882176367164559,0.929703699894281,0.973128136285782
OR10J3,-0.807928793459851,0.419131574681543,0.70860283439898
AP2A2,1.87308248054131,0.0610569962050649,0.274926169915037
C2CD4C,1.19615270380848,0.231636973735885,0.537628313177192
KLHDC3,1.65654539303286,0.0976114204099876,0.35002402722659
CSGALNACT1,-2.18274907431834,0.0290542938171828,0.186361837082032
GPRASP2,0.284313500612329,0.776170140881985,0.914517455038817
PIWIL3,-1.21796667688757,0.223236636173168,0.529369052319007
CHST6,-1.69791831098942,0.0895231807567346,0.336755704399569
SNAI3,-0.0386781655264285,0.969146981766406,0.989377098456659
C6orf120,0.731626312583477,0.464396683497314,0.738966271560641
RGS19,1.74780218946062,0.080498286073693,0.318786713612591
NSMCE3,-2.64747266208676,0.00810959163686456,0.0910491447372194
EMILIN3,1.60950263498921,0.107506479298946,0.367315829791017
MRGPRG,-0.99325048597303,0.320587900581333,0.626499981066224
JRKL,-0.405557625500371,0.685067669334821,0.87071006046996
FIGLA,-0.608085729431263,0.543130616472884,0.791646400090492
DDX28,0.0965506804652627,0.923083224707794,0.971106679487516
SHC4,-2.54461782905596,0.0109397395995071,0.108764042649836
MARCHF11,-1.51078353957639,0.130843609844144,0.40774401631128
CCR10,2.39855350147605,0.0164599717245195,0.137275437472925
CYB5D1,1.95415312951992,0.0506831104324004,0.248941965138922
SEMA4B,0.490951353331983,0.623460854667556,0.837041616536612
HEXIM1,0.568887164540601,0.569432716493483,0.80679422573125
HOXB4,NA,NA,NA
TRIML1,0.0587554519740022,0.953146891298078,0.982668564694812
PTGDR2,0.670863709712271,0.502307356814011,0.765892886259876
IL1R2,-4.87050381876993,1.11314049799654e-06,0.000283879254627175
LAMP1,-3.49349491623161,0.000476742061100694,0.0154936043599004
GPR173,NA,NA,NA
OSBP2,-2.5918070372038,0.00954733051782381,0.100263667053788
TMED9,0.959598055813687,0.337257547922316,0.642379135896401
TRAK2,0.470857135367264,0.63774276005278,0.844437798117726
WDR53,-2.01910490786337,0.0434763168690251,0.230321123356021
TMPRSS11B,0.416777111895404,0.676841445255227,0.865826871079349
MXI1,-0.920389331240078,0.357369341827201,0.658920731275972
ANXA2,0.386875762848686,0.698848185126391,0.877616089522756
RLIM,-2.25152539664244,0.02435228021001,0.168195456368223
TAS2R60,-2.56183587581702,0.0104120509231657,0.105306606293965
DBX2,-2.06264028565385,0.0391468172293743,0.217175734937704
XPOT,0.49827287912244,0.618291720846424,0.835014328440512
URAD,-0.746308556543539,0.45548104378745,0.732876590954249
SIMC1,-0.66485508385382,0.506143186690974,0.768230964272711
KLHDC8B,-0.206066861961423,0.836738683554492,0.939201017476077
STAC3,1.5617618086216,0.118344111938825,0.387186884524685
ASB7,NA,NA,NA
AEN,0.399341986481519,0.689641233993218,0.873319982871012
C11orf88,0.216227723070186,0.828810244774196,0.935884127151278
NOG,NA,NA,NA
ANO9,-1.17711062096087,0.239151356442244,0.547524179539621
PHF12,-0.146254484825426,0.883720495258396,0.958356576184819
NLRP9,-1.8913334610069,0.0585798446910816,0.269403108025449
COLEC10,0.640703886643921,0.521715088510435,0.778234187675919
VSTM4,0.663964674361068,0.506712920839711,0.768511206315708
CYP2U1,-0.344960318721178,0.730124202757244,0.890992181965223
CRADD,0.520186677258987,0.602933470155456,0.825670951394704
SPATA45,-1.28919450507288,0.197330474879875,0.500009747884755
FAM43B,-1.54776014058509,0.121680056440963,0.393577386937886
RFX6,1.0285816593781,0.303676300058332,0.610597344142438
SLIT3,-0.206576571708404,0.836340558663823,0.938964509168358
PRKCH,-1.18612027345,0.235574805341749,0.543464151750203
YIPF7,-1.44897225658231,0.147345330516631,0.432698755049793
NR2C1,-0.875202735095889,0.381463605296971,0.681242968949164
TNFAIP2,-0.0773209357221061,0.938368236464824,0.976321873127672
LYG2,-2.29896361686763,0.0215070053959806,0.157681575257132
DGAT2L6,-2.67025988204887,0.0075792559575806,0.0884461127652186
NPTXR,-1.20997654656743,0.226287892574056,0.532574775358843
TMEM186,0.11413508907369,0.909130706902691,0.966009988389142
MGAT1,0.405720456086697,0.684948010165812,0.870631199396564
LCK,2.14058469436621,0.0323075441584574,0.196216178079225
PSMF1,1.76959416866659,0.0767947709806322,0.309142935284846
IQCF2,NA,NA,NA
FIGN,1.03577816509627,0.300305646384159,0.608014325851743
MRPL40,-2.19402370939503,0.0282337051134205,0.183119206727043
TRIM50,0.00146005161607302,0.998835047771458,0.999336003764988
H2AC14,2.30351938354935,0.02124963783715,0.156759047500086
ACAA1,-2.03084938902306,0.0422702751598965,0.226740221258582
TAS1R1,-2.7856264427843,0.00534243994019279,0.072149197833953
COPB2,0.572653875706553,0.566879073393125,0.805744597170514
ZNF804B,1.25606557914995,0.2090921945464,0.512954747400195
TM2D3,-0.843696685802816,0.398838920000291,0.693824537705123
TSEN54,-1.6194599105721,0.105348345443566,0.362884726845587
CCDC172,0.201243354357482,0.840508292992171,0.940731841482572
TSSC4,-0.634280946205544,0.525897489000211,0.78086089771644
EFNA5,NA,NA,NA
ANKRD45,-0.942997391685013,0.345682237066954,0.649714295387134
INKA1,-0.246855445528796,0.805020098650885,0.926280639565898
OLIG2,0.349997303040205,0.726340721665975,0.890852127423931
SELE,-1.69583092643847,0.0899179038159121,0.337348401803888
VPS33B,1.89483304437105,0.0581145238880974,0.268570851681018
NPB,-2.1977056547946,0.0279700883254766,0.181956080402326
RIOX2,0.38664328736496,0.699020306855425,0.877705405985679
FAM83F,2.2563627371859,0.024047923296179,0.167239860493262
ABHD17B,NA,NA,NA
PIF1,-1.83498929238993,0.0665072760050007,0.287323600625377
TMEM179B,-1.51081951558666,0.130834441099722,0.40774401631128
STAC2,-2.61396768021695,0.00894975021811005,0.0967457331707203
KNTC1,0.0974407827095924,0.922376358883532,0.970845872382623
MAFA,0.0141501694357007,0.988710175030953,0.996463977603685
UBA7,-1.34396876272021,0.178958488301443,0.47815075587189
ADGRG3,-0.0547523295284809,0.956335778918723,0.984087847998058
PGP,-0.100216508447687,0.920172440148303,0.969799650745374
BSG,-0.792259483254605,0.428209391145558,0.714880724590331
SCN5A,0.59241236676075,0.55357448712649,0.798152102437372
GALNT17,0.366105812173145,0.714286120667774,0.886959067833311
PIGA,-1.03346272332495,0.301387406477423,0.608994961683674
TTC32,0.964541170496331,0.334774677705688,0.639006804683867
TUBB2A,0.452456265428801,0.650940320982187,0.849895197363955
POU6F1,-0.280484826268936,0.779105565334468,0.91573802045518
HMG20B,-1.22205770921102,0.221685804341769,0.52724518023494
MRPL12,0.289952974243631,0.771852213921559,0.912337165176582
ARHGEF37,0.446221595594141,0.655437184877596,0.852920583645073
TCF12,-1.24420412636491,0.213424445477035,0.517412156919402
KCTD11,0.0833145337454906,0.933601444214681,0.974619026317509
H1-10,-2.54977922016445,0.0107791156373778,0.107854649386761
TRARG1,-1.05628511307079,0.290837975248499,0.60042943742559
MBD3L3,NA,NA,NA
EGFL8,-0.249059756323976,0.803314558496059,0.926243340985289
TPH2,-1.15081881683825,0.249806781876341,0.561204092765629
CCDC87,0.145167790465934,0.884578395994786,0.958356576184819
CASP9,0.826300183672553,0.40863382933743,0.700700604668927
PCLO,-1.42343533129142,0.154609996412507,0.443718226838313
NME9,-0.372076147429062,0.709836155042945,0.884337238254252
CAAP1,-1.15742635440593,0.247098211841851,0.557335548858814
BCDIN3D,0.0601562394373502,0.952031198428732,0.982121337337361
CISD1,1.03174518804331,0.302191502551514,0.609738501178836
ARHGEF25,0.370690249525235,0.710868253507501,0.884337238254252
ACTL7A,2.27029489860328,0.0231896963777693,0.164307725328888
OIT3,-1.47010203184048,0.141534122147563,0.424377709105945
RGS7BP,-0.385314786108597,0.700004207958772,0.878245213007303
F3,-0.263856833909163,0.791890238722392,0.92160533597018
GNAL,-0.300966752176204,0.763439847660083,0.907167773170358
RASA3,-1.19773533687787,0.231020067874724,0.537266083840096
TAL2,-0.728262892775448,0.466452672753589,0.740388356876497
HOMER1,NA,NA,NA
SREK1,0.049745754113855,0.960324995060904,0.986314547236125
TEX38,-1.47622050847112,0.139884705699205,0.421631426185587
C2CD3,-0.884831060458351,0.376247754504049,0.676002385693162
RFTN1,-2.37032994586989,0.0177722173911624,0.143200583235509
POLR3C,-0.273283588682985,0.784635229688845,0.917786259115
RGS9BP,1.88888315644719,0.058907486900301,0.270036433786938
PPFIA3,-0.787968850709223,0.430714926257507,0.716849296791279
EML1,-1.35899656665246,0.174147676667417,0.472142032615357
RPS6KA4,0.934949970405038,0.349814082913887,0.653043906237758
DLST,-0.162830352573478,0.870652009293318,0.95331613852296
C1QL4,0.56383489976289,0.572866497983658,0.80910501288954
EDARADD,0.0407970124921149,0.967457721063685,0.988930384254603
KPNA4,NA,NA,NA
SYNE3,0.568960892550186,0.569382679923002,0.80679422573125
TAS2R42,-2.33306421030216,0.0196447755180158,0.150370230805144
TRDN,-0.918176069321942,0.358526695037308,0.659801622476979
TCP11L1,-0.873122708967914,0.382596197315576,0.681360973660518
SLC51B,-3.04475875656463,0.00232867016844806,0.0435245911801793
ANGPTL5,2.31953432952034,0.0203660819520292,0.153080605631469
TPGS2,-0.845608926624181,0.397770944093107,0.693156908830064
ADGRA3,1.50613689438743,0.132032035171072,0.409958519725754
PTBP3,0.246993826990003,0.804913001449955,0.926280639565898
ARID2,1.68135601915889,0.0926937828588754,0.341821787002075
USP16,1.13752373821523,0.255319406821277,0.566067626595176
MEGF8,-0.655355574930445,0.512238847088509,0.772691176480783
TRMT11,-0.715943473989023,0.47402625292639,0.74659671450253
DEFB128,-1.83278749215314,0.0668341799564283,0.288077047205232
TMLHE,1.46941131560365,0.141721259979409,0.424517677068153
PDCD1,1.57243988102038,0.115848571374032,0.382581014524702
PTPRB,-1.07437382120207,0.282655170804774,0.593497807366099
CCDC84,1.29070625873691,0.196805553583577,0.499445298001177
OR10T2,-1.90348719460004,0.0569770030356223,0.265751996874791
ABCC5,2.29436386168782,0.0217696071416284,0.158787327209406
PDE2A,0.225955806540221,0.821235792677558,0.932509013398522
TMEM150A,-0.745156530943918,0.456177097737878,0.73318074463223
ERCC6L,-0.615866569492529,0.537982587204209,0.788554108421921
PDZD8,-0.298053590513928,0.76566226195984,0.908859327840476
WDR86,-1.90834357130727,0.0563468249745075,0.264117003416488
ZMIZ1,-0.569117578916397,0.569276349445047,0.80679422573125
NUDT17,0.498925187862899,0.617832088871805,0.834899269161291
NDEL1,3.34485289739583,0.000823262221111277,0.0223335275168415
BTLA,2.36486817162974,0.0180364898702611,0.144215574031421
SLX4IP,-2.59674923417552,0.00941106024703006,0.0993156022717306
KCNK18,-1.30786636948628,0.19091863808932,0.492649496251781
TMEM212,-0.520900530685903,0.602436065710907,0.825670951394704
TAC4,-0.743920778044517,0.456924404241282,0.733642328611799
COQ6,-0.544034932201411,0.586417434744011,0.816511995270073
FSD2,4.38950778474937,1.13607511722959e-05,0.00128072917054138
CARMIL2,-0.755443857032954,0.449982706829342,0.729081019149247
ZACN,-5.11747704792408,3.0964972954859e-07,0.000137630197439361
CCKBR,1.36742925087815,0.171490799042591,0.469062254322468
TRIM46,3.25078382228599,0.00115087330694919,0.0278511102242499
CYP2R1,-3.91057791055582,9.20755536991434e-05,0.0052555466423458
DHRSX,-0.867994447703015,0.385397372197582,0.683152587213373
CHP1,NA,NA,NA
RPS19BP1,1.19035985536384,0.233904984417536,0.541478572995987
TRAPPC11,-0.122347214238311,0.902624041276372,0.96447714218272
ENTPD5,-3.32394009832501,0.000887552578759201,0.0234078439270664
FAM91A1,1.53580561520905,0.124586062137121,0.397790136087162
SERPINA11,-0.246847521769417,0.805026231175936,0.926280639565898
OR13F1,-0.497685712068643,0.618705580251782,0.835093523420251
C9orf85,-2.09773489729727,0.0359285703302312,0.207520106945972
PRELID2,0.323638718950231,0.746211570805351,0.899190595487638
BTBD7,0.825733880795641,0.408955068412363,0.700933309952095
DEFB105A,-0.54070071546923,0.588713885269494,0.817946529993567
NEXN,-0.87373161786849,0.382264428029209,0.681360973660518
FOXD2,-1.03515505517691,0.300596504634701,0.608440179217733
BCL9L,1.06050576843636,0.288914567084298,0.598694420594676
STARD10,0.472153880684747,0.63681695593807,0.844104747364897
HPDL,-0.520234924721223,0.602899846083464,0.825670951394704
C2orf76,0.128406821034989,0.897827033439994,0.962878378882048
PGAM1,NA,NA,NA
TMPRSS11A,-0.733882439286614,0.463020390630368,0.737571833105057
FSCN2,1.83873211627839,0.0659545971693732,0.286125920895991
OR10J5,-0.431378739125,0.666193006405664,0.859662600358841
TMEM216,1.78177665370378,0.0747856608776428,0.304954373227992
RAX,1.88567818144375,0.0593383348109052,0.270749068738647
RSBN1L,-2.47793383107868,0.0132145649463408,0.122144419164037
PARVA,NA,NA,NA
EMC10,-1.0242478941754,0.305718202143713,0.612490185708046
NAA20,NA,NA,NA
CMTM7,-1.4755821570243,0.140056098034019,0.421837110669238
LRRC70,-0.933422791754967,0.350601717162197,0.653868092034446
C3orf70,0.255634737245094,0.798232892953099,0.924643222313907
BMP2K,0.883764712326961,0.376823239058771,0.676634124127394
OR13C8,-1.49192197620066,0.135719600775619,0.416192087443418
KDM4D,NA,NA,NA
RTN4RL2,-0.596091314585992,0.551114226102244,0.796329446249334
MARK3,0.926718053589822,0.354072941491109,0.656139364722999
CCIN,-0.965496076342284,0.334296400296564,0.638480445740831
GATA4,-0.801462006580478,0.422864230726363,0.710984006980062
EXOC7,1.71667294359438,0.086038946394774,0.329754135916263
ANKRD37,1.0842388262996,0.27825892081725,0.590430891798692
CDKN3,0.063460931937856,0.949399468304813,0.981125954110812
CCDC73,-2.65562719276127,0.00791610744557237,0.0901524742342854
TESC,1.27653848320985,0.201765232109397,0.50389624651086
PES1,-0.239276803806502,0.810890950934358,0.928417611222064
SLC36A3,-1.32385520076502,0.185551139063147,0.486563638965944
SLC36A2,-2.37008321880042,0.0177840819034202,0.143200583235509
INTU,-1.41717194182023,0.156432663001901,0.446629586866565
FOXK2,0.597519235497371,0.550160768382703,0.796134207775487
FAM183A,-0.349149638022949,0.726976972797539,0.890852127423931
ATP4B,-2.00396753097432,0.0450735386389083,0.23343040953822
WASF3,-0.412150625086005,0.680229024404975,0.867193191568757
UNC5B,-0.832278701798158,0.405251649497969,0.698249931397133
TCFL5,1.69639874531384,0.0898103911792717,0.337196181739417
TBX10,-0.208687862927265,0.834691915518921,0.938066981056048
TMEM17,-1.10432441639084,0.269452434954356,0.580879486024283
NIBAN3,-2.43466530187223,0.0149055698996209,0.130888653098597
KLHDC10,-0.176705325978788,0.859739857186812,0.94938901876559
GLDN,-1.74157759855371,0.0815823840211626,0.320726583592042
TMEM104,1.35869899789702,0.174241989787549,0.472185027469413
MYO18B,-2.06917333121546,0.0385298243412556,0.215174687895438
SPATA21,-1.01756692154922,0.308883813941296,0.615331586232872
SF3B1,NA,NA,NA
DEFB105B,-0.424354171907361,0.671307537503085,0.863199082090627
ATP5IF1,2.12230715691376,0.0338119528739812,0.200457525237977
VSTM2B,0.103218709522863,0.917789391170101,0.968955797077167
PRR30,0.605598393769118,0.544781469207114,0.792712812247746
GHRL,-1.44901537879394,0.147333287856927,0.432698755049793
KRT26,-2.42194634910785,0.0154376295274248,0.132930744967774
SLITRK2,2.13031269649917,0.0331458060336853,0.198611982863224
AMACR,-1.33401587197561,0.182198654884923,0.482873534365483
VWCE,-0.536222118541731,0.591805048644055,0.819439059474891
CFAP73,-0.0676054422156983,0.946099723052118,0.979412180761995
VSIG10L,-3.01974392879176,0.00252988481275443,0.0463413567155696
GABRA5,0.953951419110696,0.340108233959082,0.645010482140566
DPPA4,-1.78536824207732,0.0742016063727644,0.303572493674274
GRK1,-2.44654919600243,0.014423111224449,0.128640756149137
NPAS2,-1.67948142089717,0.0930582567910129,0.342191814338053
GGTLC1,-2.93530334430083,0.00333221755672377,0.0545832837512324
SULT1A2,-4.21689399498208,2.47690338151068e-05,0.00222995532386857
TDP1,-1.52719141394417,0.126713420720635,0.400772962312732
ACTR8,1.28722270347308,0.198016676143298,0.500573437584063
UNC119,0.98203667379673,0.32608178113792,0.630586330597861
CENPQ,-0.647916622619548,0.517038878867825,0.775917729637594
LMO1,NA,NA,NA
ST6GALNAC4,-0.643146158981949,0.52012926549408,0.777544115159416
CDC42EP4,-1.05737993936431,0.290338223159943,0.600129330640534
DACT1,-2.78599897281274,0.00533630408102009,0.0721307936246651
ZNF212,-2.69699124850721,0.00699691091666199,0.0842769912500905
SLC6A16,1.30674117889782,0.191300628237435,0.493081203125382
UXT,0.0061976504523989,0.995055022047617,0.997919293699466
IQCH,0.260998852829382,0.794093391914524,0.922535312008939
TP53I3,-1.09806490411267,0.272176149051662,0.584001982744386
ZBTB16,1.60666419839257,0.108128051283201,0.368855781262241
SEZ6,-0.0490121922180516,0.960909579632946,0.986471874086206
TARS3,0.0592553499982068,0.952748724127237,0.98259323817722
OVOL1,1.85434614730005,0.0636896539789222,0.280119857988874
NCKAP5L,1.26987337731687,0.204129737748273,0.507369835008536
TUBA1B,1.69829375570667,0.0894523326782992,0.336688331615058
PNRC1,-0.318725340967881,0.749934796751873,0.901216483031653
FRMD1,0.0243466064859878,0.98057613753505,0.993310843110201
ZNF532,0.161326523904385,0.87183623381436,0.953782200076667
TNNI1,1.56127332801208,0.118459273944309,0.387479772261126
NME1,-1.85861773313087,0.0630813417184544,0.279366741502978
IL17F,-1.86767245547321,0.0618077402413474,0.276834193991477
THEM6,-0.147461013689893,0.882768149845495,0.958122122297074
RAD54B,-0.835162639656117,0.403626141899472,0.696872660355442
HTR7,-0.0764410699354036,0.939068196087663,0.976321873127672
STRADA,0.131094608091976,0.895700466472499,0.962670893388458
TRAF5,2.35013419094281,0.0187666440233305,0.147408078246432
CDCA4,-0.775193347602897,0.438225418519576,0.722345388816299
SLC22A8,-1.42078169410024,0.155380234090007,0.444885581198973
LIPA,-2.43923468501804,0.014718406167921,0.129955894883952
MTDH,-0.555194963944363,0.578761313187883,0.811893855099623
SNTB2,0.0771577031620905,0.938498089280579,0.976321873127672
SRA1,0.826384566573917,0.408585975439435,0.700700604668927
TMEM39B,0.231917489245615,0.816602100374049,0.931226731485643
HYAL3,-0.869553393942508,0.384544516856866,0.682390410843231
LARP1,-1.55707117919025,0.1194535868382,0.389719905936717
SPAG17,1.10912963203646,0.267374263431712,0.578722022795161
WASHC2C,-1.28508130796563,0.198763872703421,0.501139889392776
TESK1,0.635133740072236,0.52534119341283,0.780739245990362
AP3S2,NA,NA,NA
SERPINB7,-0.697721308575597,0.485351499487925,0.754257893518375
GGT7,1.49590556614681,0.13467826562004,0.414471402673631
ZFP36L1,1.24572501694649,0.212865365989377,0.516669536321056
EIF5A,1.19137060473051,0.233508127443441,0.540974217679792
ARHGAP10,-1.06777368578789,0.285622610685131,0.595437838691364
SCAI,2.26580853356751,0.0234631086780436,0.165262091504207
ZNF576,-1.57868731013257,0.114407796935806,0.380235457948957
DNAJB2,1.26444591437106,0.206070021841916,0.509059858130588
MMP25,-0.0324214408457821,0.974135964152326,0.990522318010359
EPHA3,-2.26639337438922,0.0234273089015554,0.165262091504207
PNPLA2,-1.42289801897937,0.154765720610227,0.443883008134703
SLC39A9,-0.552429558409245,0.580654083837249,0.812636091401048
HLCS,0.387570000403167,0.698334273123747,0.877616089522756
LRRFIP2,-1.46178800016885,0.143799313441545,0.427181860185081
ASAP3,-0.18233992914151,0.85531596496581,0.946852155448416
C2CD2L,1.56262448380469,0.118140945971488,0.386765732105577
SEC23B,-3.8765246968059,0.000105959059326821,0.00573925915608215
HORMAD2,-1.6791497110526,0.0931228700020624,0.342191814338053
SEL1L,-1.23532992172034,0.216707742102393,0.520270739908435
HDHD5,-0.807058726156054,0.419632649846486,0.708942269925108
HJV,-0.604415750629194,0.545567266603119,0.792839525641657
ZCCHC7,0.569809455535817,0.568806941631433,0.80679422573125
BRIX1,0.39706034379496,0.69132296233757,0.874102460412094
RAB27A,-1.23777369083609,0.215799986265628,0.519366056786049
DHX15,NA,NA,NA
ATG101,NA,NA,NA
NXN,1.81563386542138,0.069426555121677,0.293557386961047
GDPD5,0.634936622574732,0.525469750593434,0.780739245990362
SKAP1,-1.84972203291243,0.0643536232200127,0.281447132474055
HIP1,-2.00455253166671,0.0450109056208159,0.233379997561875
LUZP2,-1.06083636684317,0.288764271869684,0.598601601713947
STARD13,3.12996167948073,0.00174829108000865,0.036694687223737
AGPAT1,0.562637311006426,0.573681879886574,0.809550898202064
PRR5,1.68566571691122,0.0918602036752628,0.340076285629734
PRELID3A,-0.563739800214372,0.57293122668963,0.80910501288954
SEC62,0.530587921589588,0.595704367439011,0.821901250866277
AGTPBP1,-0.395362237082384,0.69257557410402,0.874652312282871
ZNF444,-0.782684278617608,0.433812536560655,0.718933898989883
CELA3B,-4.31364576483989,1.60584177086709e-05,0.00163969465144213
MRPL35,-2.17646987782095,0.0295201436709862,0.188034501606514
PKD1L2,0.00794570467837603,0.993660311621045,0.997758310511439
TBC1D22A,-0.823936411516693,0.409975689972753,0.701727559957893
NUDT4,-0.11756974927628,0.906408575249013,0.964669535353719
MXD4,2.71401624793464,0.00664729058434983,0.0817362533040639
AZIN1,-2.24953053491064,0.0244787623710201,0.168752179152029
CXCL14,0.101514831184782,0.919141784794883,0.969660043391285
RBBP9,-1.48337579513102,0.137974594658348,0.419117498231189
CDR2L,1.5519206887152,0.120681201953606,0.391680095524354
P2RX4,-2.62763082090384,0.00859817736121797,0.0941753117618513
TNPO1,NA,NA,NA
STARD7,-1.38841010429649,0.165012201291738,0.458731491155398
FAM53B,-0.211437696315159,0.832545744175623,0.937723133784156
BAG5,0.591678226984158,0.554066079202018,0.798573828221354
CRYGN,NA,NA,NA
NPHP3,-1.05730499553188,0.29037241411143,0.600129330640534
ABHD12B,0.0382258236621314,0.969507631633991,0.989446828457916
LRRC8D,0.0749200027409734,0.940278361397303,0.976664141689192
DGKH,-0.155126531323614,0.876721566390019,0.95564878575325
PCID2,0.360845636953014,0.718214844637849,0.888676228481764
NAB1,0.420195225306617,0.674342842509644,0.864858982445396
CLPTM1,0.281231180792886,0.778533090522787,0.915463160649059
ZNF644,-2.64623992141179,0.00813920660973668,0.091178421264893
ARHGAP6,1.4930354757292,0.135427900914627,0.415550545913065
SERPINA9,-0.231464766111256,0.816953754820129,0.931226731485643
LRRC71,-0.0365671132670309,0.970830165794907,0.989567703577914
RAD51C,-2.01666482006557,0.0437305035718957,0.230356556561983
NIPA1,NA,NA,NA
ITPRIP,-0.11410800599792,0.909152175811916,0.966009988389142
FIP1L1,1.02993154911904,0.303042139437262,0.610121610868093
SIRT6,-3.30912749431308,0.00093587209635217,0.0244247511255257
NRIP2,-1.08646547934073,0.277273105635194,0.589531886571837
RTN4,-0.209946239066583,0.833709632807146,0.938066981056048
PPP2R5E,NA,NA,NA
TSPO,-2.82166843257368,0.00477745427148599,0.0684330700954468
LZTS3,1.78998808752288,0.073455826470291,0.301811976514148
AP1S1,NA,NA,NA
CBX3,NA,NA,NA
CHAT,-1.29057196507466,0.196852142510847,0.499467692683667
PRPF4B,-2.68858007337663,0.00717566235708235,0.0853175527460492
SINHCAF,0.385036728740026,0.700210203786889,0.878331744570713
TTC33,1.00611004895425,0.314362635282196,0.620351024338542
AKAP1,-0.878583116363688,0.379627353476335,0.679167582068708
PTPA,-1.65189174920958,0.0985566203514012,0.351589403844514
TASP1,0.461292917785291,0.644588465393616,0.84748746206963
MGAT4B,-1.74354871760133,0.0812378122158914,0.320154693453493
SUPT7L,-0.391943852471354,0.695099700395364,0.875994801367593
GALNT16,0.992677915908654,0.320866940487966,0.626883155094266
SGCD,0.640778008873226,0.52166692269028,0.778234187675919
SUV39H1,0.347263554834989,0.728393328111297,0.890852127423931
ZC3H15,0.919573378344713,0.357795743767618,0.659150223066713
ZBTB49,0.122145808131666,0.902783543815556,0.96447714218272
HEY1,-0.16528531739188,0.868719414897161,0.95300091130695
IL21R,1.06265350483483,0.28793911334355,0.5979531735788
NR1I2,-4.10192337956054,4.09729962655321e-05,0.00307221797162384
KLHL25,0.823299702850649,0.410337582574542,0.7019565835341
STX3,-0.00759679627090607,0.993938691844945,0.997790749304862
ZNF420,1.69590389293282,0.0899040823087848,0.337348401803888
CCDC183,1.8360773351416,0.0663462198308817,0.286955945645187
ZNF385A,0.732063469589889,0.464129829259289,0.738697206926422
MAPK15,0.0212822137283484,0.983020532015276,0.993828459408981
ELAC2,-1.26375035784331,0.206319644121839,0.50946118659628
PLCB1,0.279892816985744,0.779559738279566,0.916002392106431
FBXO40,-1.30300920498198,0.192571618988787,0.4946504567799
LIMS1,-0.815593141515134,0.414732873407353,0.705178084442157
RUNDC3B,-0.397717251757676,0.690838619196147,0.873841527963911
CMTR2,-0.696275507715865,0.486256308502036,0.754796840541395
TTC8,-2.44251603677528,0.0145852815927167,0.129474694449997
GZF1,-0.788018248557844,0.430686031834434,0.716849296791279
ISYNA1,-2.49968483125305,0.0124303837502919,0.117846900398
KPTN,-2.00891650483936,0.0445459892529163,0.231970706268115
ENOX2,0.657138979496149,0.51109155720021,0.7720527401449
SPRYD4,1.35796580696585,0.174474534229653,0.472359025952955
MRPL30,-1.46310880718832,0.143437608330104,0.426831582060192
LBR,-0.634750217555657,0.525591336053523,0.780766368862759
PRIM1,1.14240862049619,0.253284209684606,0.564464087413917
UBQLN2,1.47384015985436,0.140524632576209,0.422590357278801
PEAR1,1.24070115298576,0.214716168222658,0.518211440887597
LRFN2,-0.490965284674129,0.623451001137775,0.837041616536612
MFSD2B,-0.874414611179694,0.381892503184219,0.681360973660518
ADCY2,2.08045778913836,0.0374835634510023,0.211916053449886
AURKAIP1,0.823552109445575,0.4101940969584,0.7019565835341
OTUD6A,-2.20152229052604,0.027699070450612,0.181285557665504
TAF13,NA,NA,NA
FIBP,0.416339554136553,0.677161552774048,0.865905008082705
VSTM1,-2.02754729468412,0.0426064728340159,0.227756992383321
H1-6,-1.89280945640419,0.0583832135553954,0.269072770968701
QPCT,-0.350222787561654,0.726171506404805,0.890852127423931
ACACB,-3.01809441432383,0.00254369642004671,0.0464730966473608
CA7,1.21781713438208,0.223293471550433,0.529369052319007
FAIM,-0.306711279602354,0.759063143461126,0.904781078402654
PALM,-1.81720986821264,0.0691849845318702,0.293439092406854
ARHGEF3,-0.726667348353215,0.4674297601815,0.741061533346918
CHST4,0.32830604242706,0.742680275958831,0.897636937113219
DUPD1,0.438866729387552,0.660758105459299,0.856086051692864
DPYSL4,-0.00134477777758312,0.998927022896956,0.999336003764988
GJB5,-0.763599979285054,0.445105661631241,0.726280454736857
SNX10,1.5769247336883,0.114812844630625,0.380744285288128
TRPV2,0.208241881704222,0.83504010843693,0.938085497970479
KLHL17,0.968622169562103,0.332733737948984,0.637232434210779
GSTO2,0.502211856459475,0.615518503675301,0.833315921628276
PPP1R32,-0.357184270207069,0.720953860818855,0.889384373641159
OR13H1,-2.44654588752814,0.014423243601412,0.128640756149137
SLC25A15,-1.87857580795989,0.0603024369858328,0.272759780823078
NF2,0.610002715461058,0.541860008766369,0.791326067023879
ZFP92,-1.42186762945407,0.155064681999724,0.444318823356053
ANKRD34B,-0.587301831673819,0.55700101117848,0.800361251395759
TEKT1,1.46640228476549,0.142538724270506,0.42553243800393
TRIM2,-2.40553618010996,0.0161487528287401,0.136083100898588
MAOA,-1.87996507680633,0.0601128376605607,0.272594525294799
DCBLD1,0.371646851037498,0.710155801551114,0.884337238254252
PARVB,0.362832289963017,0.716730169323334,0.888277933662779
MTSS2,0.720138221834962,0.471439896261138,0.744830080786429
TNFSF13,0.84186940424226,0.3998610578377,0.694483427886832
IMPDH1,0.757635114541112,0.448669452669168,0.728046039808489
CRTC1,-3.38788666291187,0.000704333622055655,0.0201588820009565
DNAJB12,-0.375428379982971,0.707341901694957,0.8827608240494
ATP9A,-2.30981775320965,0.020898246001517,0.155368251661277
EIF4EBP1,-0.0148776299697832,0.988129806646483,0.996437851197228
OLFM3,0.981848527313244,0.326174477000464,0.630648502613999
TEAD3,-0.0892014127914706,0.928921842610314,0.973128136285782
HELT,0.170175552367262,0.86487207765301,0.951906182050728
METTL24,-2.06626940902219,0.0388030482257043,0.215823211183969
MAP3K15,0.546799327922974,0.58451660487054,0.815323512350341
FAM184A,2.20086850055115,0.0277453344585177,0.181416571929453
DFFB,-1.02103392711269,0.307238364998153,0.613532169018391
CLEC12B,-2.07283245680608,0.0381878747005072,0.214294527469018
KRTDAP,-1.38262918936298,0.166778594169841,0.461773198075236
PSPC1,-1.13077079476189,0.258151575277764,0.568769005044112
ZC3H12B,2.20186144650881,0.0276750970417607,0.181207134529934
PTGES2,-0.825991756846996,0.408808767872651,0.700921046073463
TRIM9,-0.755166157619829,0.450149291731096,0.729194564973773
RPL14,-0.839073937007501,0.401427820509276,0.695582819082921
LRRC25,-2.94581494536385,0.00322105044283039,0.0536084959163578
CFAP36,-2.89955389542232,0.00373694094136305,0.0588870192970577
OSTN,0.395765396485141,0.692278106507692,0.874555807981246
KLHL7,0.534732388597842,0.592834921645088,0.820274834213635
NOSIP,-0.833023745061123,0.404831337663794,0.697902255849333
CERKL,-2.79931930588741,0.00512104693835802,0.0706794603704636
NANOS3,-0.930926184079312,0.351891748945167,0.655061358716354
FOXR2,-2.64859993698421,0.0080825948123693,0.0910165222090349
ABHD12,0.708774045653281,0.478464706460026,0.749976454076067
NRN1L,-1.40505286509761,0.160005558766249,0.45124656040429
PHF10,0.575127591269426,0.565205008919251,0.805013870795299
FBXL14,NA,NA,NA
DLGAP4,0.0490529912908781,0.960877065790955,0.986471874086206
SFN,1.02997842025764,0.303020135814378,0.610121610868093
AMTN,-1.57369992689098,0.115556838756886,0.382110928651973
RAP1GDS1,0.247199899286884,0.804753523243098,0.926280639565898
NEO1,0.44004324512897,0.659905786479793,0.85578986504068
RPGR,-0.692702868209143,0.488496038755751,0.75688585007427
PIK3AP1,-0.835626314458549,0.403365160241682,0.696872660355442
TAS1R3,-0.997234293092521,0.318650798935639,0.624378333121685
SDC3,-2.14851662830122,0.0316727368678677,0.194489394371076
SRFBP1,-0.74276978469206,0.457621071671464,0.734370779982921
ANP32B,-0.00791142966135605,0.993687658268396,0.997758310511439
YIF1B,-1.26703369810942,0.205143240856741,0.507983856743709
LRRC17,1.13609521457263,0.255916717603742,0.566367630157527
ERMP1,-0.52227966856676,0.601475623002682,0.825151275940236
SAXO2,2.35717668247939,0.0184144830543439,0.145971750481397
RPS16,NA,NA,NA
GJB4,-1.45064713296415,0.146878143640674,0.432530896801502
VMAC,-0.985994743992536,0.324135692072506,0.628378471982788
RIOK3,0.250027684896095,0.802565938974972,0.925759596197983
PTCHD4,-0.489042491394454,0.624811614482853,0.837154763181782
ZCCHC13,-2.69816101208287,0.00697237084275071,0.0842257939053947
CLIC5,1.03148704172247,0.302312481832872,0.609766292092146
GRM8,2.98685933236379,0.00281859380988071,0.0494710681241781
ALDH3A2,-0.688189251272543,0.491333611831544,0.758895496933595
ZNF189,-2.06465070201864,0.038956062214469,0.216445658487116
SERINC1,-0.581292010938239,0.561043664060806,0.802204976369585
GALNT15,-2.9886988867394,0.00280168091409161,0.0493461561465646
DUSP15,0.596341091311926,0.550947385448468,0.796329446249334
ANKRD6,1.38889101216082,0.164865893996547,0.458646941179163
SLC35F4,-0.624770412241194,0.532121752390152,0.785194656146492
DNAJB13,-0.0835258027494391,0.933433461446299,0.974575449891131
KSR2,1.44154953465076,0.149429493745677,0.435773544863888
BORCS7,NA,NA,NA
ELSPBP1,-0.767021926079749,0.443068479294961,0.725018851440203
NCCRP1,-1.3281589554992,0.184125600498201,0.484672718120329
USP54,-1.59314143694138,0.111128465397263,0.374525729055183
NFASC,-0.532415152600948,0.594438492774083,0.820904185580001
ZNF292,-4.06663334761533,4.76971974158978e-05,0.00344880405430166
TSSK4,-0.71525899164993,0.474449023189732,0.746789702006173
ZNF648,-1.7419254654265,0.0815214873011232,0.320725962437432
CLEC18B,-1.01974913467559,0.307847452335658,0.614393911740156
HMX2,0.494717885394054,0.620799274699351,0.835880368253862
KCNJ11,0.0978252872007529,0.9220710274036,0.970763366735628
MYMK,-1.15270172970246,0.249032831247399,0.560444399971808
ABCA9,-1.72017036772453,0.0854014777041319,0.329231410985929
SLC26A3,-3.92161230349483,8.79584363906764e-05,0.00511897011901468
AIDA,-0.469533928033974,0.638688039445866,0.84487872402755
FPR2,1.20809615283566,0.22701027937703,0.532930126253558
TRAF3IP2,0.0991765650293999,0.920998081506498,0.97019177749035
GLI4,1.62985625741275,0.103131880486555,0.359356462511603
PLCH1,0.504037052688695,0.614235339628426,0.832585898807913
KCTD21,NA,NA,NA
MIOS,-0.541975992388502,0.587835044599607,0.817161548522606
DOK7,-0.0528980365381395,0.957813148823435,0.984993011569905
PLAUR,-3.94635447403935,7.93501129041289e-05,0.00479655562482879
DOK4,1.34351659872968,0.179104754959834,0.478456966051443
FGFR3,0.746978411316895,0.455076592490671,0.732465381373843
RNF133,0.533330897598963,0.593804542999521,0.820482899531516
ENOSF1,-2.7773685066396,0.00548010087420789,0.0732230631397255
GPT2,-0.525510869270472,0.599228099356564,0.824429628320867
IFITM10,1.73584388378341,0.082591442322038,0.323096525076531
C3orf33,-2.53550852014632,0.0112284197005917,0.110759711824636
HRH3,2.31654279816158,0.020528650473221,0.153732091793905
ETV7,-0.230615824363412,0.817613272896645,0.931559677411948
MEF2C,NA,NA,NA
NAALADL1,-3.34005355761288,0.000837622346034095,0.0226038373094058
FBXO38,-0.0893533218838096,0.928801118762545,0.973128136285782
RASSF4,-0.811219260908555,0.41723976651138,0.707033791379231
ZNF326,-0.325819868108366,0.744560645721526,0.898239291794855
UBE2V1,-0.9364283274132,0.349052698658817,0.65226714259083
KCNK7,-0.496129599821,0.619802976716189,0.835486074792877
KRTAP24-1,-0.839970974166466,0.400924661144869,0.69537168360166
SOX18,0.209437638921965,0.834106612615866,0.938066981056048
XRRA1,0.0566135497325994,0.95485304073145,0.983630336140319
INSIG1,-1.03382732493403,0.301216894949772,0.608994961683674
XIRP1,-0.470457553772644,0.638028153133438,0.844723579060904
TMEM201,-0.123237164723814,0.901919296667074,0.964360567543989
TUBB4B,0.836835003149319,0.402685319140599,0.696267796665073
PRDX6,0.522244799172328,0.601499897813502,0.825151275940236
NUP43,0.862493712585318,0.388415891495411,0.685637303151343
LIN54,0.250119664945025,0.802494808780722,0.925755917622432
RTL4,-3.08201949573991,0.00205601371250794,0.0400909409334452
PTAR1,0.797522399551975,0.425147699096395,0.712785850283819
CPSF7,-0.0332528873159222,0.97347292343769,0.990114606204764
GSPT2,-0.247690665591539,0.804373754646622,0.926280639565898
UPK3BL1,-1.69305514778157,0.0904449705807216,0.337973819043955
GFRAL,-4.34999224798826,1.36142344734863e-05,0.00143791826586035
GTF2F2,2.18477052175809,0.0289056764571466,0.186146131107372
UTS2B,-0.240834842711987,0.809683123699886,0.928277087926297
CYB5A,-2.90793989424216,0.00363818256776538,0.0579348945880615
VAPA,-2.00451302447467,0.0450151331408925,0.233379997561875
FOXN2,-1.28864424930742,0.197521792556247,0.500391781512735
RANBP3,-1.27893141571243,0.200921208574575,0.502950368414138
SOCS2,-0.762767033906633,0.445602344718245,0.726438077188734
PTGES,-1.43706676735172,0.150699022947161,0.437600821016404
BRAT1,-0.942643578939007,0.345863241445188,0.649780004549154
IFT27,0.555318657379841,0.578676719488038,0.811893855099623
PAQR9,0.0937023191149958,0.925345627997939,0.97217902741274
PDE4D,-0.726706334981577,0.467405871841131,0.741061533346918
RRP1B,0.0843695790668996,0.932762593414801,0.97450473357767
NHLRC1,-2.12667384684411,0.0334471919848751,0.199390124369007
VWC2,-0.305581268231635,0.759923484444413,0.905111693052892
MOCS1,-2.61575921426899,0.00890293157183382,0.0964452343466328
ADGRL1,0.0354182684273419,0.971746217752044,0.989732293141209
DNMT1,-2.84132092340428,0.00449270760859166,0.0657248764579256
OR1J4,-1.46746137276137,0.142250589696575,0.425008088472644
PPP1CC,NA,NA,NA
ACSL4,1.00924279362409,0.312858208003176,0.618755822450465
LRRIQ4,0.812744426029869,0.416364604244765,0.706513312322597
GPR18,0.783686325267649,0.433224188413266,0.718760421192932
TERB2,0.987293985135959,0.32349853848856,0.628246389715118
IDS,-0.579506835979853,0.562247235384754,0.803299108732366
H1-0,0.682126724110455,0.495158823628095,0.761034248707759
HNRNPA1,NA,NA,NA
BROX,-1.67394335715456,0.0941417320193522,0.343873726175002
KLRG2,-2.23564946089741,0.0253747419805873,0.172696130875782
MCCC2,-2.02016205128919,0.0433665811673187,0.229949394596674
EXD3,0.986031740093267,0.324117537724128,0.628378471982788
ACER2,-0.546269739705859,0.584880533726021,0.815612097455613
ADIPOR1,-1.01588511656698,0.309684097123073,0.615944469034466
IL1F10,-0.759457932060344,0.447578669910104,0.727537403292472
ANKRD55,2.08255760395262,0.0372915670647256,0.211238371152895
CAV1,2.32304045502072,0.0201769792665244,0.152314948309928
ANAPC1,-2.94166859798666,0.00326449082203528,0.0541224731216913
BSDC1,-1.46954177270257,0.141685900291203,0.424516677223912
BEND7,NA,NA,NA
RNF19A,0.646719985559835,0.517813185972227,0.776456630335729
ESR2,-1.7387096861253,0.0820858414014282,0.321952046524366
GATA2,-3.11527446381997,0.00183773825240672,0.0377750840829411
IL4I1,-2.22509649416811,0.0260747610568529,0.175207554064544
SLC25A40,0.176588329306249,0.85983176187945,0.949421130025007
TMEM221,-3.77527649756705,0.000159830276891574,0.00729714545131559
B4GALNT1,-0.0836384826584178,0.933343869377808,0.974575449891131
FCF1,NA,NA,NA
ZNF606,-1.39149714712668,0.164074724150014,0.457640685004618
NBR1,0.673343141908424,0.500729012207786,0.765208264403806
TSTD2,-1.63933392664398,0.101143734038102,0.356086648097805
MGAT3,0.607282465020525,0.54366347320234,0.791888424774338
TOX2,-1.92023634364458,0.0548280528765226,0.25957441574875
LCN6,-1.534524313645,0.124900716474093,0.397790136087162
SERPINA12,0.64543145396789,0.518647625468412,0.776558299423228
LIMA1,-0.984752716933938,0.324745551204726,0.629093035483376
RTL6,0.981632635528739,0.326280863495996,0.630692812631299
SH2B3,-1.07292844579253,0.2833032219676,0.593761581462632
DLK1,0.330255112994448,0.741207206510895,0.89700399489062
FBXL5,-1.63205573746026,0.102667744994402,0.358648858611976
C2orf80,-2.65459848886974,0.00794028565393138,0.0902207494753466
KAT5,NA,NA,NA
KLHL6,-0.747058455292772,0.455028276307516,0.732465381373843
RHBDD1,1.16253713209019,0.245017350775122,0.555063465032383
NOXA1,-1.00655250399105,0.31414986860013,0.620174110291988
CORO1B,-0.354787990285993,0.722748426222886,0.890249115171338
PTMA,NA,NA,NA
NFYA,NA,NA,NA
CAPRIN1,-0.729231217079079,0.465860238709047,0.739970562052882
FLRT3,1.70599596476222,0.0880088308992553,0.333543942837909
SGK2,-0.342211594958424,0.732191659928617,0.892401029505707
SLC24A5,0.227247021523297,0.820231666083025,0.932260900860911
SYDE2,-2.75109940996687,0.00593956156356862,0.0767824245925141
LCTL,-2.65506935781975,0.00792921035906061,0.0901626989812821
ATP7A,0.569301326693156,0.569151666636016,0.80679422573125
DCAF5,-0.123571703342431,0.901654398191838,0.964360567543989
CDH5,-1.30020867027109,0.193529459810282,0.496034124262718
NAPEPLD,-3.32286659870259,0.000890975120543524,0.0234163756898326
ING4,NA,NA,NA
CFAP65,0.827475434236538,0.407967640243778,0.700679964406904
TMEM248,-1.38335717577514,0.166555374583427,0.461493366465851
SERPINA6,-0.911297363521807,0.362138715205161,0.662483735405767
CLUAP1,-0.614695297113827,0.538755966213853,0.789151900884341
TMEM202,-1.77256186105747,0.0763013361863041,0.308059255262471
PPA2,-1.51792724053509,0.129032741900502,0.405451430935922
GNA14,1.95860738920113,0.0501587835694152,0.247874276422826
MESP2,-0.268564852937232,0.788264562142194,0.920078324174931
PMEPA1,-1.16258397679118,0.244998334921689,0.555063465032383
PRR19,-1.30433900783948,0.19211802087512,0.494008428018515
RAD1,-0.880522244464933,0.378576460146495,0.67813737662287
DNER,1.29706476307107,0.194608904385583,0.497114564414288
JARID2,-0.611870354777465,0.540623536885245,0.790661268693489
FAM163A,0.129277154775583,0.897138347576924,0.962862909780546
TRIM29,1.71774701003483,0.0858427706676389,0.329709250735873
DPP8,-1.54158433594387,0.123174634404646,0.396130043652482
TAF9B,1.52322108033187,0.127703403822121,0.402976370549152
TMEM220,1.25096442145684,0.210947458263314,0.514571866303832
CEP97,1.07394761117351,0.282846162562906,0.593497807366099
MYB,-0.117416391601456,0.906530095299367,0.964669535353719
EPB41L3,-4.12570874936595,3.69594764430585e-05,0.00297091280855054
DALRD3,-1.26677702380166,0.205235029818528,0.508028136055297
OR2S2,-0.651211469071166,0.514909987781301,0.774337718713407
ZNF70,-3.39443653280223,0.000687699778483915,0.0199090403303619
NADK,1.58166577606854,0.113725889511349,0.37888572361012
SLC24A2,1.10410051419236,0.269549538258809,0.581005936694783
IKZF2,0.378672949313968,0.704930743302356,0.880842847096512
CIR1,-3.06574065231288,0.00217131564324194,0.0416936747149584
PPP1R17,-0.550172802818764,0.582200855879774,0.813613999992335
KCNQ5,-2.41749711864036,0.0156276577210679,0.133728858143136
PEAK3,0.97363915443314,0.33023573813735,0.635249805846694
RASSF6,0.103038874262503,0.91793211793732,0.969038782135436
PDPK1,-0.170547896664646,0.864579269964595,0.951765541758257
CLDN14,0.723984838684758,0.46907504306335,0.742721052710223
IFNAR2,-0.447534503321421,0.65448918138169,0.85184387274476
DPY30,NA,NA,NA
DPH5,0.730951620240612,0.464808704226217,0.73918498092701
SSX2IP,0.291678560966099,0.770532402650303,0.911775559380736
CLEC14A,-0.295562650706011,0.76756410027657,0.910044616615371
PKN1,-2.50668306374855,0.0121869932011861,0.116506312417086
JPH1,-1.15413082260944,0.24844653845319,0.559541593011119
SP6,1.63219287200642,0.102638861904242,0.358648858611976
SMPD1,-2.56624097836963,0.0102807377052753,0.104811239532881
CECR2,-1.79132966011174,0.0732404091890176,0.301547779336128
GJA4,0.345941244136119,0.729386871750982,0.890852127423931
KCNJ14,2.35096976235966,0.0187245554071807,0.147224496000684
RBPJ,-0.0377199063991117,0.969911004278769,0.989474379027583
POU2F2,0.708584438667359,0.478582395859609,0.749987951471911
TMEM230,NA,NA,NA
LMX1A,1.25249645973576,0.210389017532349,0.514440215404391
ASCL4,-1.54825050966646,0.121561994813721,0.393455743333681
PDE8B,0.407182086725416,0.683874257214038,0.869924896887083
ATP13A5,-2.20022456112682,0.0277909665329819,0.181538705890561
ASTL,-1.51256221116364,0.130390899075808,0.407458078336147
BIRC7,1.01392945167921,0.310616416807678,0.617067870487398
SNRNP48,-0.392488767100684,0.694697109475577,0.875950164238208
RAB5IF,-0.630101532638843,0.528628157007201,0.783122116331028
BRWD1,1.04397379173306,0.296497515356818,0.605168888718562
TMPPE,-1.72277991680664,0.0849283319015628,0.328608985328888
PODXL2,-3.52992714671821,0.000415674111473278,0.0142184765577611
ZNF79,-1.90646937882604,0.0565893348593723,0.264728876758239
C2orf66,2.3734141637142,0.0176244890096217,0.142428490862782
AGMO,-2.25650106656635,0.0240392685847819,0.167239860493262
ZBTB42,-1.51633827603934,0.129433837861807,0.406177533630896
ZNF207,-0.202098101236712,0.839840032233708,0.940610877278277
TMTC4,-0.893929241911392,0.371359750929997,0.671370804648178
FOXM1,-2.07053063469881,0.0384026803083161,0.214788686085318
THEG,-0.486268594822142,0.626776742663654,0.838618352805978
TCAIM,-1.20151290652888,0.229552303007559,0.535367500596623
SOX12,0.452859756300423,0.650649731118753,0.849836034231957
SNRPD2,NA,NA,NA
MAP2K3,0.909505784588955,0.363083205779022,0.662990986676241
C15orf61,-0.43984568830005,0.660048874413667,0.855826562860518
NPR2,-0.997337217532077,0.318600854338645,0.624378333121685
ATP13A4,-1.43790497093128,0.150461019091787,0.437544559089112
TP53INP1,0.510952308021268,0.609384452353051,0.829208177123377
CBFA2T2,-0.214264726588888,0.83034062336286,0.936568380832345
CDC42BPG,-1.07673061644028,0.281600630288754,0.593107836226293
CARMIL3,1.77804215168594,0.0753969322018773,0.306289903073863
PKLR,-0.858114210846542,0.390829401076846,0.687648609741914
TMEM215,0.23454665774783,0.814560615520868,0.930347373960277
SUSD6,-0.359662503346733,0.719099536048084,0.88870070238458
AUTS2,-2.23120888972531,0.0256672953978315,0.173627649083272
PROZ,-3.07575325673794,0.00209971525833076,0.0406806371588391
SYDE1,-2.08010346524954,0.0375160438355847,0.211930310098502
ERBB4,0.305694493020525,0.759837266656321,0.905111693052892
ZDHHC3,-1.85446153926496,0.0636731576714674,0.280119857988874
FOXD4L3,-0.0886022407626745,0.929398027220378,0.973128136285782
PRSS3,-5.03633345011444,4.74533623283275e-07,0.000173894842464269
SCGB1C1,0.429913382091638,0.667258650586858,0.860423486094103
ST3GAL2,-0.0953394835562788,0.924045182128114,0.971593652502253
NLRP13,-2.01498894690923,0.0439058072177596,0.230356556561983
PPCDC,0.464185286599615,0.64251500176313,0.846898099140377
GSDME,0.295309735445806,0.767757280173953,0.910130845465075
MAGEH1,0,1,1
FAM122B,0.965476753856118,0.334306073854164,0.638480445740831
C3orf62,-0.822654986031832,0.410704220201153,0.702338143677699
SNX18,0.76389147428649,0.444931918537361,0.726280454736857
TM7SF3,-1.39109785831558,0.164195754250068,0.457724817972152
BSX,-0.175628081902968,0.860586139090712,0.949638892207278
CFAP77,-0.0722697207813726,0.942387260984143,0.977712226279855
NELFB,1.48430243389212,0.137728704915632,0.41886822070538
ESPNL,-2.02058408713268,0.0433228375702909,0.229862860173318
EPB41,-1.70344448299936,0.0884849191302998,0.334798221806983
UBE2D3,NA,NA,NA
PRELP,1.33246036343279,0.182708957848121,0.483503167466903
SLC6A13,-1.01185984235841,0.311605072371198,0.617370363973097
RTP5,NA,NA,NA
DPYSL3,-0.468839174619117,0.6391845961107,0.845260161216748
SLC12A2,0.302258358692664,0.762455119521633,0.906535145219066
MAFK,1.57425752560959,0.115427924989294,0.382013335565494
CCDC18,0.357431612716841,0.720768714168082,0.889384373641159
CLCN1,0.704854988802394,0.480900483873319,0.750993914673308
RPS2,-1.46884072270234,0.141875995761537,0.424584478578061
APOD,-1.51028337246361,0.130971132656365,0.40774401631128
FERMT2,-1.41016503169479,0.158490958511098,0.449955920537237
B3GLCT,-1.32876343732068,0.18392602837687,0.484446752353052
E2F1,-1.36633841749325,0.171832768093557,0.469487758349275
HHIPL2,0.223125007289596,0.823438215914717,0.93356558952038
MBTPS1,0.712139853824153,0.476378177337023,0.748106309458287
FYB2,-1.12096867011282,0.262301198558831,0.574647371960491
LYAR,-0.550153268097926,0.582214253303144,0.813613999992335
HOXA9,-0.584743940037152,0.558719904037106,0.800916729218999
TCEA2,1.52957721434674,0.126121413042912,0.399941936051492
CASKIN1,-0.371606622898658,0.710185757326894,0.884337238254252
TP53BP2,1.05490860638833,0.291467125731968,0.60097948230594
P4HTM,0.369972921937429,0.711402666273378,0.884614259254775
FAM111B,0.652540288444679,0.514052691427728,0.77383904398431
SLC35E4,0.731136671732591,0.464695676856828,0.73918498092701
RASAL3,-0.316659551439961,0.751501943696736,0.901895827511095
MEAK7,-0.0948607412492805,0.92442543979498,0.971623207544536
TMEM203,NA,NA,NA
H1-2,2.53734716277593,0.0111696128007476,0.110395806831196
NKAPL,-0.241794379069736,0.808939494556304,0.928011359730879
RBPJL,-1.16364206392497,0.244569097292034,0.55502751137967
NTN4,0.655298713401367,0.512275449012687,0.772691176480783
MED22,0.701742600418374,0.48283970080227,0.752403998591008
TSPOAP1,1.67146632044034,0.0946296057479839,0.344703769482046
WNT8B,1.61841545885366,0.105573092699282,0.363404436377944
ACOT11,-2.32455772569044,0.0200956214958165,0.15201584156916
ICMT,4.00418084467114,6.2232745291142e-05,0.00412671404677699
PYCR2,-1.06972319416378,0.284743922970816,0.595001405411362
TGIF1,-0.808771407792819,0.418646645407146,0.708194587025795
ASH2L,-0.670209167252173,0.502724460791498,0.765998391962203
SNTN,-1.10536198170503,0.269002770515317,0.58048977124482
CAV3,1.38663526689542,0.165553008719797,0.459727502347221
ZBED6CL,0.611204660458939,0.541064098433029,0.791145486507733
FOXO3,1.09255642709224,0.274588602733683,0.587260538425051
CYP1A2,-2.77020527526043,0.00560209740017748,0.0740672755131077
ZC3H6,-2.96502787858396,0.00302655501028269,0.0516222339902844
CPTP,-1.90045393688648,0.0573735744386867,0.266706566793007
P2RX2,-0.091764696960166,0.926884993420795,0.972610937757956
FGD6,-2.81094649964055,0.00493959987305008,0.06969863051497
FAM25A,-1.05680886440066,0.290598827898451,0.600283665081521
SEPTIN6,0.356428453859266,0.721519723625124,0.889727136958211
DIPK1C,0.75001046817438,0.453248400060182,0.731158179089397
PPM1G,2.50118827494032,0.0123777355944469,0.117653569510774
SPINT1,-1.36332300376462,0.172780735256169,0.470168964190017
DYRK2,2.16674580418944,0.0302542419299287,0.190500876685451
COX19,2.32901881697121,0.0198580688716051,0.151257629429282
SPRY4,-0.407888931278062,0.68335521936508,0.869557433062065
GRAP2,-0.636207778264537,0.524641004063912,0.780582342563142
TRIO,1.55573586562572,0.119770914290665,0.3901791607201
ILDR1,-2.52631973200601,0.0115264525898051,0.112524387297891
RNF13,0.380621798538983,0.703483903827458,0.880163635727942
POU1F1,-0.0120261423230214,0.990404758005269,0.996883924066112
CCDC38,0.543999339092188,0.586441927646551,0.816511995270073
TAF3,0.425647831808201,0.670364480926554,0.862541339783916
ZMAT5,1.77054958096896,0.0766356325454375,0.308749047994309
C15orf62,-0.226317282139747,0.820954657864709,0.932509013398522
TRPC6,2.08405650110007,0.0371550281444612,0.211164642842835
KPNA1,NA,NA,NA
XBP1,-0.884581392002335,0.376382446405022,0.676003271936379
CA12,-2.93313982491127,0.00335552734801658,0.0548623377727471
EVC2,-0.276503448902287,0.782161411028449,0.916771258798805
C7orf26,0.203317355244167,0.838886991297508,0.940031159164166
IYD,-3.57674893528049,0.000347894012859873,0.0125175579103295
SLC35F6,-0.967859719156014,0.333114433831529,0.63754120112235
ZNF395,-1.06177944245652,0.288335824510672,0.598186662569964
TMEM198,-0.238239494538703,0.811695346604461,0.928705335999896
ABCB10,-2.06189845523474,0.0392174046475055,0.21722575459985
DTNBP1,-0.120124995026075,0.904384132588876,0.96447714218272
TPD52L3,1.31691212381917,0.187868082129384,0.488990768688626
FZD9,-2.17638354820257,0.0295265929269625,0.188034501606514
LIPI,1.36922144442036,0.170930064713452,0.468206477786784
NKX2-3,0.751640442569321,0.452267315403753,0.730618706378383
SRR,-3.34179301589426,0.000832391072595856,0.0225028513221262
ECM2,2.62579310688483,0.00864473445134194,0.0943925050785256
PLEKHG7,-1.25057592772098,0.21108923771341,0.514595992954517
MRRF,1.58622433239356,0.11268842998209,0.376931646956448
LDLRAD2,-0.735637954961446,0.461951057768754,0.737092639109008
ZFAND4,-2.54217959108889,0.0110163553300795,0.109166663441417
UNC119B,0.645947169883113,0.518313569897502,0.776558299423228
MCPH1,0.143520235048266,0.885879331420382,0.958708712147294
MAP3K14,1.32699915233715,0.184508963068337,0.485011392937323
POMGNT2,-0.640071861390188,0.522125881607688,0.778234187675919
RGS12,-0.880952907233156,0.378343309533979,0.67813737662287
SIGLEC1,-0.770120567145468,0.441228376839231,0.724686798260456
FRMD6,0.719571710854835,0.471788734919133,0.744830080786429
BABAM2,-1.08107151752833,0.279665301999724,0.591670452725722
FAM166A,1.40806421069881,0.159112057404905,0.450655750604843
LYSMD4,-1.11659888748555,0.264165867529216,0.576519864865098
BSPH1,-0.875481147037609,0.381312163903042,0.681052998570237
MRPL20,1.0148176083363,0.310192778534339,0.616550476024061
SYNGR4,-1.01600343741681,0.309627749657598,0.615944469034466
PUS7L,-1.50823156045118,0.13149527244015,0.408795835654299
PCDH18,1.56426105202679,0.117756274770825,0.386183338614737
MIA3,-0.167943590521449,0.866627656845309,0.952454944424574
CPSF4L,-1.07650807339606,0.281700092181252,0.593151984539931
ARHGAP12,-2.18602734085469,0.0288136050967515,0.185843448665006
SLC15A5,-1.4633005683049,0.143385152311226,0.426831582060192
FAM221A,-0.205360024204227,0.837290850686607,0.939287308705813
GYG1,-2.40509884762631,0.0161680918765037,0.136083100898588
RSC1A1,1.31829229385075,0.187405819635984,0.488626077698238
HSPD1,0.0904013540542237,0.927968280720964,0.972892122294481
OR52B6,0.119647968757931,0.904762019061145,0.96447714218272
TRADD,-0.193222377935082,0.846784813904533,0.942846142607265
ADRB3,0.481497236733967,0.630163143176503,0.840233533517865
CORO6,-0.269939873171606,0.787206511071021,0.919198330652547
RNF41,NA,NA,NA
THUMPD3,-0.150336830607178,0.880498876552668,0.95699791588492
FOXN3,1.59785693092748,0.110074821077069,0.372722841107238
ARHGAP5,-1.51331959670695,0.130198497252126,0.407269745958964
PRICKLE1,0.511144098565541,0.609250158897202,0.829208177123377
IDH1,-1.53843181106254,0.123943069222871,0.396996113203905
CCDC78,-1.05223366546377,0.292692357355739,0.602165580316525
SEC24C,-0.243321731805377,0.807756170648662,0.927410588139886
RSU1,0.860978676753857,0.389249787214042,0.686508041929009
SKAP2,-0.640043933461506,0.522144037566344,0.778234187675919
NPTN,0.619269160575338,0.535739057156576,0.787285372743875
BAX,0.122196617192281,0.902743305468738,0.96447714218272
LTB4R,-0.163613655915812,0.870035293714974,0.95331613852296
BNC1,5.54588605095574,2.9246925914229e-08,2.76237215259893e-05
GIPC1,-0.156640282518919,0.875528353541835,0.955233256503604
UBE2G2,NA,NA,NA
STAT5A,-1.48466930244383,0.137631447316282,0.41886822070538
ACTG2,3.42710090373709,0.000610062332354102,0.0183446664781516
WDR35,-2.01103963676332,0.0443212702162653,0.231126985671637
PPL,0.320510047772062,0.748581714770969,0.900753791991312
MUC4,-3.10867196701402,0.00187930244056836,0.037990424788917
GANAB,-3.29238223965027,0.000993424914248057,0.0253164204116638
NFATC3,-2.48337627530274,0.0130143535467612,0.121403031357195
GATA3,0.235090421824665,0.814138552672427,0.930092365284678
DLEC1,0.809468560464334,0.418245679865046,0.708023828175263
OSTF1,0.646214116510525,0.518140698614626,0.776482371515398
MTMR2,1.88413304954025,0.059546980776641,0.271291520499427
CTTN,0.284187256976705,0.776266880514026,0.914517455038817
F7,-1.10857780333182,0.267612358025376,0.578818103133306
TBL1Y,0.487377535487907,0.625990810295338,0.837981497491642
CLCN6,-0.354247096513533,0.723153711091007,0.890361722847064
FBXO16,-0.730753410616499,0.464929785393565,0.739191890254345
E2F3,0.949761443139207,0.342233481414211,0.64696426959364
APP,-0.362156149170209,0.717235346356688,0.888407186341101
IL36RN,0.83515599122618,0.403629884736297,0.696872660355442
IKZF3,-0.165253484723357,0.868744469178743,0.95300091130695
DLG1,-0.0119469233721718,0.990467961042485,0.996883924066112
RNF175,-1.38987628858146,0.164566446992764,0.458166570920165
KCNQ4,-2.68659398924414,0.0072184636303427,0.085624350378131
ZFYVE26,-0.892762950549564,0.37198413097489,0.672177948976748
IL23R,-3.28856891288157,0.00100698129170154,0.0254899518931217
MKKS,-1.66176287822368,0.0965603280836903,0.348096297232998
CSTL1,-1.3051213022882,0.191851546128675,0.49380727218679
CHMP4A,0.0142839296496391,0.988603460606826,0.996463977603685
CACNA1C,-1.24222339147261,0.214154151484783,0.518066470010508
CLCN3,-0.24566066386184,0.805944924842526,0.9266864265556
SPOP,NA,NA,NA
NUP50,0.818691678622364,0.412962345500668,0.703609003167107
SLC28A2,-1.76288781682728,0.0779194122466934,0.311779639110367
HGH1,-1.11486577171418,0.264907946341726,0.576909223654727
PIDD1,1.79921892564402,0.0719840568402797,0.298316398518879
CD5,-2.92326758875978,0.00346378700776561,0.0559839189997025
RBM5,1.20768074933909,0.227170085559961,0.532930126253558
SLC5A11,-1.42839360480253,0.153178598871597,0.441755909893992
SLC22A18,0.352721164254023,0.724297491115555,0.890464016086744
MEF2D,1.60908820616184,0.107597055729974,0.367376119790188
UBE3C,-1.16319661864466,0.244749738137397,0.555063465032383
PTN,1.33392669178448,0.18222788290672,0.482873534365483
WDR54,-3.17167580906113,0.00151562097439805,0.0337320532623024
CACNA1H,-0.253082215668574,0.800204681455819,0.924942110001555
BTG3,-1.06850085116107,0.285294646646717,0.595293899842825
GPAM,-0.730920666230979,0.464827612079763,0.73918498092701
STRBP,1.51567083195626,0.129602606603198,0.406243147019198
CRHR2,2.3826412122921,0.0171889380382629,0.14063845784203
HELLS,0.728616941892809,0.466236012182273,0.740299189118302
RPL35,NA,NA,NA
SMARCE1,-1.09144393985947,0.27507758684401,0.587474914130396
VPS39,-1.36263571307883,0.172997347665554,0.470373500885545
ZDHHC1,-0.840246912715669,0.400769959974787,0.695251732065842
CDH26,1.17013914886303,0.241944976128869,0.551141465067753
ADARB1,0.870247346017624,0.384165246907984,0.682179766410661
RBMS1,2.15008106551648,0.0315488030518604,0.194201837767704
C7orf57,1.55317762026456,0.120380706371157,0.391392692487291
ALDH5A1,-1.98131321670463,0.0475561591203867,0.24010106712925
ZPBP2,-1.52910283974149,0.126238951493225,0.399941936051492
CKB,1.01836897973338,0.308502638239602,0.615051697767397
PFKL,-0.46878741413912,0.639221597024826,0.845260161216748
WDR3,-0.373915057839619,0.708467513197669,0.883394646865382
IL22RA2,-0.951692357504494,0.341253026416761,0.645676190711168
HPS5,-0.420217103387121,0.674326861401519,0.864858982445396
MADD,1.69402483899145,0.0902605631611809,0.337811063711658
AKT1,0.763607762457202,0.445101022035685,0.726280454736857
CNBD2,0.772211281474008,0.439989300860114,0.723970440081782
NXPH4,0.86682746563508,0.386036550862207,0.68375344076766
UBE2J2,1.11171575241731,0.266260384713711,0.578296963562766
ADGRG5,0.332862486928356,0.73923808731213,0.896224524718956
ATP2B3,2.29018188579034,0.0220107750486111,0.159855685860146
POFUT2,-1.21686861688895,0.223654207792224,0.52951965788195
LEPR,-1.96294044222129,0.0496530948219241,0.246503800574546
BPIFB6,-2.08244892592933,0.0373014834485476,0.211238371152895
KCNMB3,-1.79017190463837,0.0734262802218329,0.301772626247577
SMARCA2,-0.357317184480678,0.720854366657092,0.889384373641159
GALNT14,1.42195885277358,0.155038196415967,0.444318823356053
CDK5RAP2,-1.46951618624293,0.14169283482778,0.424516677223912
MYNN,-0.681910742545142,0.495295392211133,0.761047683487
SCEL,0.956595935873655,0.33877124094542,0.643810087669606
NFAT5,-2.50423664717434,0.0122715924197558,0.116854634308348
COG3,-0.731444571183822,0.464507649224662,0.739065023697946
TAF1A,-1.13520760967492,0.256288341867772,0.566812442895619
SAMM50,0.131148215887182,0.895658059757371,0.962670893388458
NASP,-2.74473102457222,0.00605605115710149,0.0773074479575678
BIRC5,1.05864715602111,0.289760502486839,0.599728016033193
CILK1,0.501763625305561,0.615833802822874,0.833331192901156
FSIP1,-0.708446222377541,0.478668196926058,0.749987951471911
SEPTIN7,-0.489231397588189,0.624677883293786,0.837154763181782
PDAP1,NA,NA,NA
GRHL3,-1.88879963272367,0.0589186820256479,0.270036433786938
PRSS37,-1.30939718984646,0.190399842887718,0.49206906901883
DDT,-3.82057653571126,0.000133140080335365,0.00657520553603935
ATR,-3.61891229444529,0.000295843874470281,0.0110663183935517
TNC,0.6803234836259,0.496299658193208,0.761823005859948
HINFP,0.989187373945739,0.322571474725911,0.628021144815508
THBS4,-0.447931415967196,0.654202694581867,0.85184387274476
FADS1,-2.39887808263236,0.0164453891754575,0.137229553406689
SPATA16,-0.208311596526578,0.834985677537239,0.938085497970479
RHOG,NA,NA,NA
GNAT2,3.77335806110846,0.00016106486945164,0.00732675406156359
MRPL10,-0.0119823682877278,0.990439682115781,0.996883924066112
HABP2,-1.4882010907651,0.136697869697789,0.417571251325173
ACP3,1.71914943444625,0.0855871653820352,0.329359114655797
PLD1,1.05274442218107,0.292458143305866,0.602001151874654
FXYD1,1.21833533278321,0.223096568401107,0.529350815147988
CS,-1.50477868840901,0.132380984645131,0.410715689378225
DPYS,-1.70041031073939,0.0890537737371971,0.336013207169794
TOR1A,-1.21426411437543,0.224646884410817,0.53069621966801
FAM114A2,0.227254322296052,0.820225989398154,0.932260900860911
NKX2-4,2.93770834566531,0.00330647918489623,0.0545600168018162
MTERF1,-1.48473586951936,0.137613805926079,0.41886822070538
DGCR8,-1.28306738485864,0.199468469124654,0.501521395794488
RGN,-0.0522348098593328,0.95834159652553,0.985152087003424
XRCC3,0.417199353147713,0.676532598292855,0.865826871079349
CBS,-2.59847249399769,0.00936395467578599,0.0989196616753266
PPOX,1.21390187590936,0.224785196497759,0.530774045230332
MITF,-0.130944207527267,0.895819443183732,0.962670893388458
PROSER1,-0.0118426520279506,0.990551151652775,0.996883924066112
CFAP100,-3.21582559217673,0.00130069854234932,0.0304511034713879
IGDCC4,-1.07401227892738,0.282817178246538,0.593497807366099
MPI,0.803746870116783,0.421543179334211,0.710026808526371
PTTG1,0.800847174235777,0.423220125078535,0.711186759722765
MYL1,-0.481875508823924,0.62989438513166,0.840205536242106
ASS1,-2.98733031674208,0.00281425471444472,0.0494523456333589
RIPK4,0.21055457308537,0.833234862976226,0.938049975953735
ACVR2B,2.5073807597618,0.0121629611657994,0.116506312417086
SPTBN4,1.25211952997149,0.21052631225318,0.514462302622375
ZC3H7B,-0.839464439070894,0.40120873644447,0.695450194983146
CFAP52,1.57979620946553,0.114153543978493,0.379975408943389
ABHD2,1.5782745096134,0.114502559282006,0.380299489202125
EIF4G1,-0.758873938183524,0.44792797044414,0.727537403292472
TEX9,-1.65807748146292,0.0973018284139535,0.349684953862465
RPL7,-0.207793624840993,0.83539011061238,0.938305598475672
CTSB,-0.128795522303593,0.897519448704444,0.962862909780546
KCTD14,-0.129077115124235,0.897296629993362,0.962862909780546
ARPC5L,NA,NA,NA
ANKS6,-1.28131230233217,0.20008399346527,0.501961163821722
GDE1,-0.0951188788554093,0.924220402905338,0.971604781127337
PARD6G,1.26949907718625,0.20426311946352,0.507559962276309
MFF,0.570783445432333,0.568146445986488,0.806382521688989
USP15,-0.388798882204821,0.697424927774478,0.877532571747363
CDK10,2.01450172964247,0.0439568834591242,0.230411523702492
SKP1,3.50566789913388,0.000455463132144624,0.0151876699496834
LMBR1,0.635499760767076,0.525102522699742,0.780730944808983
SPPL3,NA,NA,NA
ARFGAP1,1.0998441683348,0.271400024247089,0.583422228272588
FOSB,1.13942926321593,0.254524156319716,0.56554483051301
CCNB1IP1,0.289387705940749,0.772284701961634,0.912692136189865
YWHAB,NA,NA,NA
CREB3,-0.609768024203713,0.542015486015888,0.791326994138081
SLC23A1,-6.04410166230659,1.50244757891853e-09,3.78416463543613e-06
RASGRP2,-0.55101568989181,0.581622919030572,0.813160053284762
SLC13A4,1.09686484036865,0.272700480511402,0.584756781082697
CWF19L1,0.351152577770893,0.725473884920473,0.890852127423931
C1QTNF1,3.23112291675135,0.00123304901952546,0.0292524910252256
SLC12A9,-1.88546420358539,0.0593671929432029,0.270798979703496
SLC12A6,-0.979179860548687,0.327491117744842,0.63181996315078
DDX21,-1.77210648882086,0.0763768820274084,0.308281902029433
PLEKHB1,1.62003706369804,0.105224315414853,0.362551266427099
TBC1D20,2.05526733100383,0.0398531909163398,0.219163544806306
PRKAA1,0.276471555696957,0.782185903822793,0.916771258798805
MAGI2,-2.55240859316319,0.010698097676691,0.107207992102225
UCKL1,1.5178541258376,0.12905117673384,0.405451430935922
REG4,-2.71569313578009,0.00661371878947155,0.0815224456333557
DUSP19,-1.55531355642801,0.119871410281683,0.390223076754532
SETDB2,-1.5730031224143,0.115718095216951,0.382360695564058
NDUFV3,0.205775381062191,0.836966372715002,0.939202184931247
TAP1,-3.12879354436212,0.00175525589377749,0.0367422156184352
EPPIN,-0.806266192415814,0.420089379457907,0.709202067432771
FBXO2,-1.1529939099667,0.248912884178164,0.560324843529957
PPTC7,NA,NA,NA
SYT5,1.76654677343525,0.0773041617067744,0.310366761879058
CRKL,-0.590740039482801,0.554694615844464,0.798924198349885
SLC26A5,0.5131504345318,0.607846094363797,0.828752195339928
GNAS,NA,NA,NA
NRDE2,1.35080565919737,0.176757694784878,0.475145602843121
COPS8,-0.427221992404994,0.669217644324113,0.861652640455483
KIAA0586,-0.640207753822606,0.522037542509743,0.778234187675919
ARNT,0.538273976041668,0.590387915000312,0.818526804723368
APBB3,-1.2839831857356,0.199147838727572,0.501424580939249
C11orf54,-1.35404592696083,0.17572172578905,0.473436748105566
FAM78B,NA,NA,NA
ELP5,-0.2359400020867,0.813479227181123,0.929760859261922
LRRIQ3,-0.908647073153255,0.363536450227046,0.663470857688155
ATG7,-4.4891094451656,7.15215463368651e-06,0.000939855311515396
IPO4,1.20693360284117,0.227457715473169,0.533007146066206
WDR91,0.673329856960931,0.500737462062549,0.765208264403806
DDRGK1,1.00579230067965,0.314515491731994,0.62049061502009
MAK,-1.97574651629984,0.0481834936665041,0.242044978100526
PDGFA,2.58914447957053,0.00962147164958891,0.100692298870213
SMOC2,-0.220874026741593,0.825190521633401,0.93405758290226
ANXA6,0.307409676704641,0.758531563614269,0.904781078402654
AK5,-0.542735650415429,0.587311824571555,0.816931876100959
STYX,-0.0330875578464995,0.973604764718599,0.990115424254876
TYW5,-1.51461882650143,0.12986896169731,0.406593913616063
THRAP3,-0.609918305729791,0.541915925597547,0.791326067023879
ERO1B,-0.312735653722452,0.754481505531234,0.903033874635847
HKDC1,2.56666049900603,0.0102683092738014,0.104811239532881
OCA2,-0.489980682778878,0.624147568243067,0.837154763181782
FYN,NA,NA,NA
ELOVL2,-0.971768410488583,0.331165774585878,0.636196417819506
HNRNPA2B1,NA,NA,NA
BMF,-0.140278348994686,0.888440070166254,0.959898930460601
ACAP3,0.89806475125866,0.369151029745958,0.668873899634109
SND1,2.69142661364608,0.00711471494751887,0.0849941282900436
GPSM1,0.707748286350236,0.479101585716074,0.750315770613143
CRYBA4,2.60221107219535,0.00926248256750328,0.0985964238363376
PGAP1,2.34650874601558,0.0189502214566577,0.147844990528142
SLC22A17,-0.166521427374683,0.867746621972645,0.952799195348836
ALDH9A1,-0.985707894910219,0.324276474195332,0.628506615113486
FN1,0.79554966096947,0.426293835325887,0.713024917503078
FAR1,0.145691694164055,0.884164778501944,0.958356576184819
NKX2-1,1.14156950965646,0.253633003845375,0.564908173045144
GABPA,-0.319227527413415,0.749553984258229,0.90111150217777
NRDC,-0.339776267292074,0.734025021692747,0.892886325932169
SLC25A26,-1.82171761891909,0.0684978431824763,0.291424382368688
SLC38A6,-2.94736959377029,0.00320489897208508,0.0535757005156524
EGFLAM,4.21601187003591,2.48660677258408e-05,0.00222995532386857
TMEM207,-2.87132352450965,0.00408756944643745,0.062064156581718
WAC,-0.619909502262443,0.535317369416793,0.787090492958414
SCARA5,-0.525870048669215,0.59897850041505,0.824221975919163
SUV39H2,-1.65001706432677,0.0989394459522514,0.352385790061377
OR5K4,-1.44446914403567,0.148607053221449,0.434381003536275
LUC7L2,NA,NA,NA
PIP4K2C,0.387305934890268,0.698529732347355,0.877616089522756
PLSCR4,-0.365084700607456,0.715048181014069,0.887540707308797
FMOD,-1.05476105424149,0.291534620631938,0.60097948230594
PDE5A,-1.35309544500063,0.176025140653971,0.473831835689849
SEMA4A,1.1887196815107,0.234549993105706,0.542240644188242
NET1,-0.827465607349577,0.40797320791633,0.700679964406904
ASGR2,-0.173788070323822,0.862032020227951,0.950527040389601
ATRNL1,0.263674698599822,0.792030593357149,0.921697699585187
H4C11,-0.404651319111256,0.685733830231996,0.871190386083726
NEIL1,1.52678415961218,0.126814691781273,0.401004783375888
KLHL28,-0.186096842079694,0.852368818314268,0.945508447447641
STIMATE,-0.267560006280608,0.789038019162768,0.920412392557912
C5AR1,0.646231037538936,0.518129741774055,0.776482371515398
SRGAP1,1.38022727796768,0.16751667769609,0.462814000180153
GPAA1,2.01516111351944,0.0438877705346544,0.230356556561983
ENTPD2,1.32744727134833,0.184360771358276,0.484953868888819
BLM,1.96866713573,0.0489913275857665,0.244584388000034
ITSN2,0.0881619650969663,0.929747947020246,0.973128136285782
MRPL52,-0.369766714753277,0.711556317952422,0.884732522370989
SPART,0.0674259959612036,0.946242574491541,0.979425875733984
C6orf89,-0.806515408027697,0.419945727413373,0.709202067432771
MSRB3,0.880733743411696,0.378461948580184,0.67813737662287
OCLN,-2.8659878539298,0.00415710195145969,0.0625718373410944
AP3M1,NA,NA,NA
KEL,-2.62282350846051,0.00872044335533191,0.0950870949147495
MINK1,2.04164257480487,0.0411869988618144,0.222689777030318
APCDD1,-2.71361485530537,0.00665534927698755,0.0817688116047445
TDRD7,0.318591050403339,0.750036640826988,0.901216483031653
LINGO1,2.49314251257213,0.0126618014467863,0.119441412898773
ANO1,0.313211674869557,0.754119849105304,0.903031629134656
DNM3,1.92303262445237,0.0544759527766648,0.258880691308477
GIT2,0.0612645724583012,0.951148504863404,0.981948094377358
THSD4,1.61247924859626,0.106857692024324,0.366009392989931
MORN3,0.600871156377204,0.547925805804596,0.794853734021351
WARS1,-0.480229494668963,0.631064216381734,0.840856324259768
ZFYVE19,0.281081878256196,0.778647600143643,0.915463160649059
ITGB1BP1,1.48336645533977,0.137977074755172,0.419117498231189
MYH7,-0.317416696422599,0.750927439847396,0.901637968454938
CD47,-0.326973350547468,0.743688041517915,0.898236347572199
SHTN1,1.08497524645911,0.277932618839606,0.589904176391029
SYT17,-0.604403237105666,0.545575584115114,0.792839525641657
MFSD12,-1.18231979575267,0.237078833748767,0.545566519812907
CCDC69,-0.741372897055976,0.458467373102052,0.734618191549062
GFRA1,1.58176117564065,0.113704101192768,0.37888572361012
MFSD10,-0.926141002906371,0.354372707713518,0.656203940566925
NUDCD3,2.42265302903667,0.0154076348873108,0.132748106281095
ZNF512,0.0582393434435402,0.953557982354012,0.982891223609155
P3H4,0.0975877046850835,0.922259688141198,0.970826721035789
VANGL1,1.11126125157713,0.266455913002087,0.578296963562766
LMX1B,-1.17080498368535,0.241677174142531,0.55072033372885
OPHN1,2.24457016778162,0.0247957396806566,0.170015071712379
FCAR,-0.520279564680582,0.602868736862955,0.825670951394704
DPF1,-0.715475687979905,0.474315158380629,0.746728896077515
DHCR7,1.03372712576181,0.301263748224247,0.608994961683674
TBCD,-0.461358902287693,0.644541131919087,0.84748746206963
SPNS3,1.35751300499313,0.174618264064552,0.472564867046629
ZNF536,2.30343136017263,0.0212545849872735,0.156759047500086
HTR3A,0.76301421494431,0.445454918386078,0.726339525965732
CLK2,3.03343033151729,0.00241790533449732,0.0449438934992909
SYNJ2,2.89776862666753,0.0037582773581901,0.0590824567691283
COX7B2,-0.585289954696205,0.558352768148465,0.800704785752477
ANKRD35,3.07026339842349,0.00213870064541739,0.0412771955984005
MORC4,-1.40207754285615,0.16089209233624,0.452690616158119
KRT39,-1.17955047246902,0.238179051225496,0.546766188989776
FBXL3,-0.0666089316019983,0.946893035149372,0.979629461708586
UBE2H,4.492233146159,7.04802035897811e-06,0.000934295470744537
TLR4,-0.718447736491545,0.472481262006269,0.745404664651028
TASOR,-4.01720797416574,5.88917463732332e-05,0.00400888320356892
MRTFA,-2.60799217371562,0.00910750366568302,0.0976147323568062
SORBS2,2.03238009058075,0.0421151920492524,0.226303350748057
VAT1,-0.5913345422867,0.554296289539666,0.798677109794378
TTC3,0.338805151683439,0.734756520099521,0.893130234201736
DNM2,2.33246708557359,0.0196761324997892,0.150478600372882
MBD6,0.440413893443225,0.659637364117371,0.85575912162251
PRMT2,-1.04567271364766,0.29571216494341,0.604701217986584
TTC30A,-0.165587200131038,0.86848182104157,0.95300091130695
SFXN4,0.873284955842211,0.382507778457699,0.681360973660518
PCNX3,-1.18143081352702,0.237431623150846,0.545962673319475
RET,0.159776010872641,0.873057521838632,0.954125344954108
NDUFA5,-0.0183739804212384,0.985340509554415,0.994886468924054
ZC3H7A,-1.65646445573459,0.0976277974298621,0.35002402722659
PRPF39,-1.0448189582074,0.296106651082574,0.604701217986584
SLC17A5,-1.13654186658464,0.255729854079832,0.566367630157527
MLH3,0.270075727415322,0.787101995181344,0.919168662006887
COMMD6,-0.121189128323423,0.903541234989361,0.96447714218272
UBE2I,4.65800352556128,3.19290745719474e-06,0.000524469755360074
ART3,0.633311996658776,0.526529920670477,0.781546032921348
SREBF1,0.623644364257948,0.532861168330693,0.785619314713506
CLEC9A,-1.42487877615671,0.154192245695846,0.443173970494042
FAM227A,0.5445121787548,0.586089069995114,0.816289006674781
ERCC6,-3.15602195797992,0.00159936819634743,0.0348768429772041
PDLIM7,-0.269298537019754,0.787699957900266,0.919703450806523
KHDRBS3,3.11478451154631,0.00184079335252957,0.0377750840829411
PCBP4,0.380569999716571,0.70352234578255,0.880163635727942
SVIL,-2.16308532647028,0.0305346174773914,0.191633109466374
WDR88,-1.05349490735699,0.292114227101974,0.60158492776847
STK31,-1.08800666183571,0.276592166597443,0.58929072704558
GPR160,-0.221397797288096,0.82478270738763,0.933956801224028
PLS3,0.346171597844081,0.729213758309539,0.890852127423931
GTF2E2,-0.272165526975908,0.785494747118355,0.918471161256268
PRELID3B,1.45397822949747,0.145952342078275,0.431124275505646
ATP5MC1,-1.81585112201284,0.0693932128052349,0.293557386961047
SLC25A46,-1.47533056787115,0.140123692108535,0.421837110669238
TRIM4,0.525283517343564,0.599386113840006,0.824468898881205
TAT,-5.14452140408064,2.68203674242947e-07,0.000130535190368552
MBP,3.29033330183502,0.00100068774147922,0.0254585743253096
TCF7L2,1.00493010232953,0.314930508292259,0.621029806774923
STK39,-0.076299705252675,0.939180660336408,0.976321873127672
TRIM13,0.253230401017668,0.800090175316824,0.924942110001555
BTG4,-0.186066333900327,0.852392742509323,0.945508447447641
MMP23B,0.94832313059372,0.342964978963117,0.647555243274797
JPT1,0.101387423627956,0.919242919519815,0.969660043391285
HNRNPF,NA,NA,NA
MYO9A,-2.24035985752461,0.02506757014407,0.171412271500989
ADD3,-0.545070713231948,0.585704884257752,0.815926641860541
LAMB3,0.808179342685714,0.41898734769274,0.708485710902168
COL27A1,-0.342440978731254,0.732019053941332,0.892377107353138
NCDN,-0.241117822381533,0.809463799959735,0.928260505766544
NPEPL1,0.975067098172887,0.329526977842801,0.634290114528139
ARHGAP8,0.96736673970347,0.333360730914238,0.637770270360293
TJP1,0.454090093441801,0.649763983236353,0.849555653638282
LIPC,-1.91453350233087,0.0555520226255136,0.262016905716842
ACSL5,-2.46724869095653,0.0136155757959969,0.124325426845381
SUOX,-1.87976851005354,0.0601396338891517,0.272594525294799
PSMD12,2.97455362460015,0.0029341516655386,0.0506753142509936
ST3GAL4,-0.817479662459458,0.413654367016385,0.704354343025534
UVRAG,-0.488270546511995,0.625358220992843,0.837505621733768
ACMSD,-1.69748716513627,0.0896045956164178,0.336925764855762
RAC1,NA,NA,NA
RNF14,1.19969705237835,0.230257018237474,0.535906985924026
SH3YL1,0.878094237122015,0.379892580125148,0.679413162228741
PXK,-1.916420076699,0.0553116473530428,0.261127652233422
KATNAL2,-0.0276074398946482,0.977975247750577,0.992156414071343
FBRS,1.51954457154553,0.128625477764089,0.404884092613433
SUN5,0.277361559570895,0.781502495141705,0.916717046230028
GTF3C1,-1.09599939439795,0.273079039499133,0.585108527564285
RNH1,2.1758553306252,0.0295660798304899,0.188127409851942
CENPL,-0.650775710083341,0.515191282130254,0.774452467477609
RBM38,1.18827176854387,0.234726356489945,0.542289608467053
CDAN1,0.167200331892989,0.867212423282473,0.952661982338598
UBA5,-0.0391674725900312,0.968756866840001,0.989372417306317
AKAP9,-0.646400085231369,0.518020285228847,0.776482371515398
RANGAP1,-0.687332329636463,0.491873330302427,0.759012505212831
CACNA2D1,1.63207198441737,0.102664322744979,0.358648858611976
SDAD1,0.539326228793934,0.589661773817444,0.818078834833132
AMPH,1.36638986991113,0.171816626641636,0.469487758349275
RBCK1,-0.137798961853885,0.890399304853517,0.960775700327243
JAML,-0.702096944659385,0.482618707623881,0.752306390360023
TMPRSS11F,0.907776036175119,0.363996561776346,0.663776522452532
NCAPG2,-0.911034702416936,0.3622770893905,0.662559769438368
GALNT6,-1.36343100279365,0.172746715804878,0.470168964190017
ZNF770,-0.671912538952595,0.501639377352192,0.765805992798154
AREL1,0.742943281341462,0.457516020348606,0.734358162454395
FAM149A,-0.346305953297305,0.729112795025563,0.890852127423931
SPRED2,1.16076014153487,0.245739456404166,0.555680781861404
CCDC151,-0.185529977578793,0.852813369687,0.945508474164112
LSS,1.39262764178835,0.16373241974584,0.457107764123245
ARIH2,1.18403339709316,0.236399842832691,0.544833368279797
PITPNM1,-0.154044478919869,0.877574665005571,0.95607608443367
ACOX3,0.317566801776164,0.750813559815124,0.901572865786742
IGBP1,0.600998746071521,0.547840821478448,0.794853608888161
RAP1A,NA,NA,NA
HYLS1,-1.35657621794765,0.174915902552705,0.472782886670807
MYOM1,-2.05254932732203,0.04011630635735,0.220171720697385
ARHGEF26,-2.12841113363241,0.0333030108449679,0.199159121444066
UBE2C,NA,NA,NA
EML6,0.120783809234478,0.903862274566447,0.96447714218272
RPS26,3.39628895724733,0.000683062087365911,0.0198141491900524
H3C4,2.61872489156843,0.00882590938459904,0.095954778863353
BCKDHB,-0.821903978553166,0.411131548460969,0.702591876098854
STOML2,0.101275812203737,0.91933151652103,0.969660043391285
PIGR,-0.755515081632623,0.449939986611553,0.729081019149247
GMNN,1.73454752859375,0.0828209803291763,0.323659336626458
ADAM33,0.165389404880817,0.868637492517399,0.95300091130695
ENSA,-0.161027569219623,0.87207168688766,0.953782200076667
CCDC25,2.00179852243294,0.0453064049407683,0.233870258574633
LEKR1,-2.76838946800779,0.00563340907458904,0.0744161520412497
C6orf132,0.545089012196982,0.585692299364811,0.815926641860541
RSPO1,-0.671057594148718,0.502183840055732,0.765892886259876
MAN1A2,0.534408988755505,0.593058601361961,0.820482899531516
MEGF6,2.17701391654334,0.02947952911699,0.188034501606514
PTGER3,-0.572373068104841,0.567069257493201,0.805748282080412
PEX14,1.89076737648878,0.0586554038741578,0.269504549512397
ABCC11,-2.11953179638518,0.0340455495437778,0.201526182806726
ARC,1.48460101447036,0.137649546585049,0.41886822070538
NRARP,NA,NA,NA
OSCP1,-1.41748892038936,0.156340031429108,0.446449462387885
ATN1,-1.32617990776331,0.184780112870105,0.485146998687296
TMEM259,-1.67651603874165,0.0936371573032769,0.343207548185089
PPP4R2,-2.23555357126082,0.0253810287635728,0.172696130875782
ATP5F1C,0.217501906331596,0.827817221519886,0.935197176440346
BTN2A2,0.410770176615506,0.681241063473781,0.867817158494122
CNNM1,1.0962625026466,0.272963914019691,0.585027750484409
SIAH1,-0.817692521111685,0.413532782031925,0.704226662391983
SLC39A8,-2.09338741021247,0.0363145853650806,0.209061338680799
CRB3,-3.69535732435633,0.000219577758275869,0.00904157788301071
PIK3R4,-3.25584999515396,0.00113053462890507,0.0275558698580862
PIWIL2,-1.53955212557643,0.123669562741219,0.396717546125065
CCDC88B,-0.911744052237789,0.361903468302387,0.662437646921714
EDRF1,-0.596529211979648,0.550821744929172,0.796329446249334
ITGAL,-2.20630942277164,0.0273623420764771,0.180098274340939
HBM,-0.889034396732172,0.373984594160328,0.673939325894451
TBC1D9B,-0.188572836290121,0.850427624316667,0.944350228427766
MYLIP,-0.604960338777884,0.545205349697742,0.792839525641657
GOLGA4,0.107804772825081,0.914150556791454,0.967479740474295
ATP10A,-1.45227533252362,0.146425063494433,0.431929642695271
BICD2,1.22947302566348,0.218894505331231,0.522911349322015
C12orf29,-1.16151182909197,0.245433815461689,0.555155787944477
SASH3,0.503259384266056,0.614781918219845,0.832788127298162
IL27,-0.136913543005554,0.891099133877156,0.96102950405437
ABCD4,-2.09765055266185,0.0359360259081938,0.207520106945972
SLITRK4,3.82411120999035,0.000131244669103628,0.00650285062129188
ADAM15,2.34831517832766,0.0188585558833541,0.147586999745856
IGF2R,-1.41892701636154,0.155920294947419,0.44584058604454
TXNDC11,-2.98123359280062,0.00287089714415924,0.0500403663697052
ARG1,-3.77840964909943,0.000157833095406953,0.00729596142316592
SPINK14,-1.07295051409719,0.283293319821768,0.593761581462632
CALM1,NA,NA,NA
SCRIB,2.37740341562353,0.0174350082915631,0.141750374552085
MFNG,-0.698286901860002,0.484997788905073,0.754041829828546
GUCA2A,-1.27023523008603,0.204000851902307,0.507132895862423
DMD,3.21511603362902,0.00130391804078414,0.0304556560005099
CAVIN1,0.52729775583167,0.597986832452106,0.823621674445518
PEX2,-1.34876523541013,0.177412384376355,0.475823528330267
RASSF1,0.221573614147017,0.824645824795567,0.933906452661166
RAB4B,NA,NA,NA
CFAP43,-1.50632481401395,0.131983811147606,0.409913901510858
LMO7,0.246429676331136,0.80534963602483,0.926424883885761
MOB3A,-0.946322614913539,0.343984062066775,0.648165479545274
DCTD,0.687491520990195,0.491773042103482,0.759012505212831
ELAVL4,NA,NA,NA
ATP2A1,-3.35028573182717,0.000807282390942976,0.0221409282975141
TRIM38,0.901591284566511,0.36727402245781,0.667016587835887
ADIPOR2,-0.478600856613367,0.632222608830276,0.84125632338145
MCRS1,0.537720054622158,0.59077033178708,0.818834207433344
NELL1,-1.07892616448912,0.280620643946492,0.592247259017184
XPNPEP3,-3.02647540656983,0.00247422947653017,0.0456539143459388
TEX43,-0.853932245256786,0.393142531900798,0.689560496998641
MYBPHL,0.19091298741227,0.848593764838494,0.943353609992594
GM2A,0.243765424722523,0.807412499719769,0.92735817255655
ZDHHC9,-0.0387660319924718,0.969076927009536,0.989372417306317
PWWP3B,-2.91981041016522,0.00350244391369128,0.0564274332875295
TOP3B,-1.85305743451842,0.0638741269227125,0.280583384221662
ZMYM6,-3.16253258965534,0.00156403228289514,0.0344041570001621
BCL11B,0.559150383720399,0.576059091620965,0.810939909385807
WFDC8,0.586590676526034,0.557478645918233,0.800584570919236
SFPQ,1.7940098867034,0.0728115908098277,0.300226128326907
DCHS2,-3.90948331743743,9.24937424678087e-05,0.0052555466423458
RC3H2,0.11332503470032,0.909772870265105,0.966230066445026
COL9A1,-0.616266334564307,0.537718754089877,0.788330661733918
INKA2,2.63216003153384,0.00848438883673255,0.093725207675952
SMARCAL1,1.52803316899254,0.126504302846156,0.400254875446123
PRRC2B,-1.27696522303967,0.201614525413806,0.503603092240236
GFPT1,-0.56627636992195,0.571205921327751,0.808157498776878
NUDT13,-2.20836548257346,0.0272188059541457,0.17969881851422
ATP13A1,-2.65206461912163,0.00800012294442032,0.0906280794123538
HDGF,-0.446827057964814,0.6549999331508,0.852424990507655
DLK2,0.00720360893240251,0.994252401359865,0.997790749304862
ENTR1,0.980027179660385,0.327072702437798,0.631428969503332
SMC4,-2.63085169976389,0.0085171192808013,0.0938535034781902
CCRL2,-2.50533531577436,0.0122335353500223,0.116671080749308
ERGIC3,0.521416592927084,0.602076594930063,0.825492787387326
GIP,-1.00952280420942,0.312723970688681,0.618618710164436
C7orf50,-0.168274284504944,0.866367503365952,0.952454944424574
ACSL3,-1.1757326493733,0.239701727432541,0.548262828055178
FRMD4A,-0.45089348889972,0.652066316483699,0.850511494450342
SMC1B,0.159442649019833,0.873320139605948,0.954274327528929
HOMEZ,-2.15145516046779,0.0314402913768666,0.193956798530171
ECE2,0.404945070034354,0.68551788818665,0.871148590165625
STRN3,0.416873726817545,0.676770771793724,0.865826871079349
ARPIN,-0.0442995939859415,0.964665595310721,0.988061488247497
ARID5A,-2.22875940727312,0.0258299171599452,0.174415419178325
POP5,-0.194420053915164,0.845846988746753,0.942743053726061
TOR4A,0.399453027085861,0.68955942841767,0.873319982871012
RIMKLB,0.91023707177685,0.3626974972847,0.662654394814349
TRPM3,0.671326816191368,0.50201235508406,0.765839966689917
SYCP2,0.783246854824977,0.433482165084197,0.718760421192932
FXR1,NA,NA,NA
CACNA1E,1.97494372864815,0.0482745341957867,0.242367030155059
MAP3K6,2.23335294393561,0.025525678689502,0.173212418659971
SSTR2,0.85152189728299,0.394479504731486,0.690773380707094
AP1B1,-2.01573881567724,0.0438272944587047,0.230356556561983
SLC37A4,0.241402955309271,0.809242822469718,0.928218408589175
DNAJC14,0.523632272160515,0.600534330700592,0.824949986869135
BMX,2.0097213103591,0.044460693202517,0.231606341150099
AGBL2,-1.81312580390798,0.0698124201281688,0.294445724971865
POT1,-2.12087109958069,0.0339326513386749,0.201015377118799
CCR9,0.366865978280732,0.713718990050463,0.886502187877722
FAM219B,-0.118847053732468,0.905396529343466,0.964669535353719
DENND2D,0.464228421722068,0.642484100340678,0.846898099140377
BRPF3,-0.8458359985276,0.397644240286977,0.69310262505384
BRCA1,0.994620553375973,0.319920847280101,0.625616673058006
ATP2B4,-0.971896735569412,0.331101923977502,0.636196417819506
BCO2,-1.80177898692806,0.0715801850446624,0.297420884353846
ASB13,1.48022267366222,0.138813831402451,0.420644599990745
MYBPC2,-0.292267732362229,0.770081928087366,0.911456617892878
SAP130,1.31841908078452,0.187363396843372,0.488599767574985
CREB5,0.0444888639426361,0.964514728475717,0.988024516979752
NEGR1,-0.872916094071262,0.382708813322965,0.681453468473742
MAFG,NA,NA,NA
MCTP2,-0.57407142142015,0.565919471491832,0.805377787830149
CHM,1.18022076640494,0.237912421754976,0.546486170779937
GJA9,0.404931323082475,0.685527993266914,0.871148590165625
APOA4,-1.26608932903786,0.205481102574036,0.508137853395324
SGO2,NA,NA,NA
COPS5,NA,NA,NA
STMN1,NA,NA,NA
LVRN,-0.715491998163519,0.474305083555439,0.746728896077515
SEMA4F,-1.90488143738889,0.0567954847041234,0.265333344213242
HMX3,1.07515474016995,0.282305454974249,0.59342001929259
RFX4,-0.236329760545114,0.813176795316814,0.92967959900408
CDK5RAP1,-2.01823890243159,0.0435663863869844,0.230356556561983
SLC8A3,1.93325712647434,0.0532045305293032,0.255977989608032
RHOBTB1,0.438396691675936,0.661098744259907,0.856086051692864
TLL2,-0.837406782130002,0.402363954809253,0.696074933173114
SERTAD1,0.0807368001233544,0.935651270066445,0.975337688426356
ERI2,1.27052539151517,0.20389754408978,0.507002772185284
TPM1,0.91088850835724,0.362354121168583,0.662576766811706
PHF8,-0.302289135929402,0.76243165946428,0.906535145219066
ELK4,1.88431564160958,0.0595222928951835,0.271260823351029
ANKLE2,0.406532791637555,0.684351167998627,0.870238543486642
DDX47,-0.0691185978263886,0.944895217505317,0.978964473120895
C1orf109,-0.361407169209238,0.71779508942472,0.888676228481764
RAD23B,-1.82519884298328,0.0679710283554814,0.290121275803526
TMCC2,-0.468115942028987,0.639701679362859,0.845412576695049
SYNE2,-0.827044746250302,0.408211699955263,0.700679964406904
ST7L,-1.72367143118279,0.0847671752450388,0.328293580805491
GMFB,NA,NA,NA
MAGT1,1.93973726188917,0.0524116286710288,0.254349560846688
DAPK1,-1.29420087438994,0.195596044844067,0.498036635161506
ASIC4,1.22952054895719,0.218876698227618,0.522911349322015
MPPED2,NA,NA,NA
PAX5,NA,NA,NA
METTL9,1.36268063336946,0.172983184004574,0.470373500885545
S1PR3,0.121486565653018,0.903305654943515,0.96447714218272
GRAMD1C,-2.85902058702865,0.00424951205287451,0.0630831298065222
EPHB4,-1.31179587790619,0.189589016136863,0.490762112343314
CTSE,-0.0895673758124663,0.928631010503072,0.973128136285782
BDH1,0.175573761393137,0.860628817479481,0.949638892207278
GAD1,-1.14697257845988,0.251392954260797,0.563018901986151
RABEP2,-0.0197244270038954,0.984263204637486,0.99422333843636
TES,-0.261854648381162,0.793433505215463,0.922241474315321
DMAC1,0.175457432062751,0.860720216156901,0.949638892207278
NF1,-0.0353346154953686,0.971812921382298,0.989732293141209
HSD17B11,-2.11069515648904,0.0347985225819833,0.203669741773405
FAM217B,1.05830055096799,0.28991844184575,0.599842208813386
PAK4,-0.304000170240145,0.761127761458554,0.905881451735744
ZC3HC1,-0.416042339356345,0.677379021757461,0.866036529339995
CX3CR1,-1.26711946875576,0.205112575181947,0.507983856743709
SUSD2,0.420057830347576,0.674443207674948,0.864858982445396
WDR55,0.514294143283453,0.60704635581201,0.828398458464069
HNRNPAB,0.967685930999465,0.333201246589593,0.637545864581151
FRYL,1.08221338311384,0.279157723111425,0.591010298635452
RHOT1,-0.11956912859063,0.904824476050464,0.96447714218272
XAB2,1.35839811165016,0.174337393151429,0.472185027469413
MIGA2,-0.653158838285406,0.513653883413465,0.773603496725561
WTAP,-0.0399696474390099,0.968117324782295,0.989165815286215
DCAF4,-2.79128622491668,0.00524990243668168,0.071616248585921
ATL1,-0.095974864985949,0.923540535227305,0.971400963103504
TXNDC15,-1.28361941674837,0.199275152511156,0.501489775978116
COL11A1,-0.575465291079509,0.564976658126432,0.804870119320297
DNA2,-0.670391352048719,0.502608346036988,0.765951898839889
ITIH2,-2.26658807188322,0.0234154014355826,0.165262091504207
EPHA2,-0.263923002270045,0.791839250630193,0.92160533597018
TRIM33,1.65767184394258,0.0973837198495976,0.349801597263517
STAT4,1.80382277434506,0.0712590943972851,0.297003397221419
CASP8,-0.147503725881912,0.88273443907015,0.958122122297074
PPP1CB,-1.13924266658781,0.254601954235815,0.56554483051301
COL6A6,-2.92326630992995,0.00346380123509276,0.0559839189997025
PSMB10,0.793430147861582,0.427527251714006,0.714475669190045
PATE2,-1.36798907754763,0.171315495027317,0.468800428248643
SLC6A20,-3.06013805255011,0.00221234988501927,0.0421601909992575
AKAP4,-2.18333985908668,0.0290107912958005,0.186240899771511
ARHGAP19,0.0217853739599479,0.982619161308551,0.993828459408981
PTPN5,-1.99039941271726,0.0465469545545052,0.237560816355178
ALKAL1,4.14396396153125,3.41353411682772e-05,0.00280355041160329
VPS13B,1.37908339441406,0.167869043077017,0.463264605365208
PFN3,1.64687369025223,0.0995840107271667,0.353434821870366
TMA16,-3.35906181510583,0.000782075712393698,0.0218174715229187
ANKRD17,0.351002938251683,0.725586144071504,0.890852127423931
REX1BD,-0.355818834910504,0.721976242796962,0.890072196210449
WDR5,NA,NA,NA
PASK,1.04499155013157,0.296026874888452,0.604701217986584
MAX,NA,NA,NA
UBL5,NA,NA,NA
FCGR2B,0.258373283516775,0.79611883342369,0.923631451712083
EXT2,-0.347840055884014,0.727960305621636,0.890852127423931
ENTPD4,-2.00697280596173,0.0447525586314947,0.23280573701864
HELZ,-2.07955365542835,0.037566491563419,0.212067545949342
QSOX2,1.42748746084586,0.153439436939754,0.441755909893992
ZBTB18,3.62860869608375,0.000284952771229416,0.0108196137658767
HMMR,0.153979092881129,0.877626220438319,0.95607608443367
BDP1,-2.69452494323932,0.00704890504765824,0.0846092558222488
H2AC13,1.62142582729747,0.10492634544702,0.362019847578852
NLGN3,1.29312008288133,0.195969530236251,0.498635911673226
FUT4,-0.576469248643057,0.56429804954145,0.804634065940419
PRRT2,-0.85392229749749,0.39314804408022,0.689560496998641
SYN3,1.03329054850136,0.301467949009079,0.608994961683674
PBLD,-5.13885933964692,2.76411202474435e-07,0.000130535190368552
ACADSB,-3.63995250143907,0.000272688338110686,0.0105527291570353
FAM76B,NA,NA,NA
FAM3D,-1.13039909432788,0.258308095581121,0.569030895105232
GTPBP3,-1.72040346537284,0.0853591275283658,0.329222285716137
STIP1,-0.543314335836503,0.586913395465004,0.816781953427308
MANEA,-2.04278427931536,0.0410737974555999,0.222395996828745
CCL20,0.792790913411854,0.427899651426067,0.7146004566638
CNDP1,-0.708496209190612,0.47863716544685,0.749987951471911
CAMSAP2,-0.80418867510994,0.421288018224728,0.710026808526371
PRDM10,-0.482157500146432,0.629694065351848,0.840205536242106
REV3L,-1.62724543844244,0.103684980818573,0.360477143165087
GK2,2.41065349347896,0.0159239691842057,0.13514701877617
TMC2,-0.451978407147711,0.651284538089987,0.849895197363955
TMEM126B,-0.585558057585828,0.558172540847887,0.800683866601047
FAM114A1,0.976463671268617,0.328834742266019,0.633247356849313
TFEB,-0.274811588293861,0.78346099459332,0.917250071106218
DUS2,-0.884589923322247,0.376377843411573,0.676003271936379
FHAD1,0.434105688351452,0.664211694966195,0.858357724841304
VCP,NA,NA,NA
PELI1,NA,NA,NA
EDC4,0.254516658224758,0.799096436324845,0.924704862990184
MARCHF5,NA,NA,NA
RAB3GAP2,0.38116321407457,0.703082143320114,0.880163635727942
GGPS1,1.01707309090284,0.309118660248316,0.615711242081527
TGFBR2,0.952051475675365,0.34107087649842,0.645671350168974
MAP3K5,0.445039461235242,0.656291236960624,0.853590943536359
AP2A1,-0.386109664685277,0.699415452431291,0.877870956573228
ZNF511,-1.51815447620429,0.128975460710616,0.405426681956505
KLHL9,0.86642951178492,0.386254665813032,0.683808379100075
C17orf80,-0.99084517037214,0.321761188880455,0.627656523345997
PDE3A,0.823312092428674,0.410330538773226,0.7019565835341
SFTA2,-1.31723532267514,0.187759757251398,0.488990768688626
CACNA1G,1.86322724442597,0.0624303013215332,0.277974871411611
NOL12,0.432374107019663,0.665469534001236,0.859148795728035
KCNQ2,2.21184857201358,0.0269771297033113,0.178796664789626
WWP2,-1.25348826543896,0.210028066983643,0.513999052349282
CD163,-1.88913203234357,0.0588741392213836,0.270036433786938
NUP98,-2.28446754147466,0.0223440680781153,0.16061893986555
FRA10AC1,-0.788842650515758,0.430203978107874,0.716849296791279
KIRREL1,1.76027664424561,0.0783609122077413,0.312863964407764
B4GALT4,-1.04362981887711,0.296656691322165,0.6053464671635
ELAVL3,NA,NA,NA
LYPD2,1.37789405232058,0.168236001550652,0.463985105346047
SLC25A29,-1.74685755390504,0.0806620501906273,0.319017247443277
VSIG10,-0.32812063654891,0.74282045129018,0.897636937113219
PLAC1,-0.500525036948044,0.616705431381189,0.833898754387306
SNX11,-0.46857865683363,0.639370836034351,0.845334389689511
PHF2,0.392917287861632,0.694380572521237,0.875916461764685
MYOF,0.0262811181736698,0.979033115224378,0.992763097179816
SLC2A10,-0.458320181542536,0.646722426971491,0.848595060900684
CTPS2,0.0638937137630107,0.949054857743425,0.980925860763193
ANXA10,-1.83222427843028,0.0669180131420686,0.288273949430713
CD2AP,-1.38270256015952,0.166756086589059,0.461773198075236
TPGS1,1.40640649905099,0.159603451524067,0.451172526978354
AADACL3,-0.618223988201839,0.536427699512435,0.787650154977839
CMTM5,0.665286862609009,0.505867031702764,0.767999053957421
XRCC2,-0.141826433778028,0.887217103984806,0.959241274016624
MYOZ1,1.80572144764628,0.0709618607683957,0.29677878233074
C1orf112,-0.100960063345718,0.919582162968182,0.96966412854717
KLHDC1,-0.872118839808619,0.383143549313503,0.681703668219554
CGB2,1.07326055286652,0.28315422884099,0.593725180243638
SLFNL1,0.928405068888707,0.353197490162894,0.655795610190644
KLHL14,1.9623385468326,0.0497230822379572,0.246689172284967
TRPV6,-2.89915187975833,0.00374173595315164,0.0589011601291954
ARCN1,-0.561647250845226,0.574356380346543,0.809881135945697
RPE,NA,NA,NA
BABAM1,-1.80384650872705,0.0712553725368728,0.297003397221419
TMC3,3.77715291914293,0.000158631341899888,0.00729596142316592
FGF17,0.961163384190107,0.336470023815625,0.641512903503938
LDLRAD4,-3.13501937102355,0.00171842763862724,0.0363201097551536
WASF1,1.50465895280287,0.132411781276516,0.410715689378225
PCBP2,NA,NA,NA
ZNF33B,-0.136861946573435,0.891139917966774,0.96102950405437
MFAP5,-0.285418837871206,0.775323276968896,0.914437318469831
PLGLB2,-1.49208297448,0.135677394596581,0.416147105164104
TCF20,-0.395860947191036,0.692207612220634,0.874555807981246
TECPR2,0.108647071925063,0.913482423715096,0.967233061236493
MPZL1,-0.53283957567138,0.594144635715786,0.820723376136833
ATP6V1H,-0.114643303977521,0.9087278543625,0.966009988389142
KCNK5,-1.95719819389975,0.0503241710889416,0.248285626345441
EMP2,-0.46812809613549,0.639692988200997,0.845412576695049
CPLX2,NA,NA,NA
HAND2,NA,NA,NA
PCNT,-0.276468571200456,0.782188195816047,0.916771258798805
CLASP2,0.0823424342001061,0.934374411357429,0.975144964059052
LRP10,0.0617316405644292,0.950776542485565,0.981843228258282
RYR1,-0.908008122511943,0.363873930257534,0.663776522452532
ZSWIM5,1.25827618178407,0.20829189195399,0.51201738507417
OR6K2,1.16960663765163,0.242159304934368,0.551463444268861
CELA2A,-4.01824855457682,5.86323315718385e-05,0.00400888320356892
TYW1,-2.84374067472227,0.00445873210591115,0.0654178248393488
PGLYRP4,0.255809464929865,0.798097965071595,0.924643222313907
ELF3,-0.0238651865416729,0.980960143484141,0.993415382346864
ZRANB1,2.23936358426605,0.025132268780438,0.171621710713954
SUPV3L1,-0.319174041297935,0.749594540357116,0.90111150217777
SLC6A12,-5.03282791109368,4.83296941734998e-07,0.000173894842464269
HIBCH,-3.85651772058003,0.000115013763928027,0.00605605575080259
G3BP2,0.854304171521162,0.392936476450365,0.689441005082763
SLC39A14,-2.05632843847579,0.0397508689112005,0.218781950810871
GRIP1,1.01268656304539,0.311209898034955,0.617273130214496
DSG4,-0.760196734148208,0.44713699685059,0.727370222336213
COL18A1,-0.578500899860355,0.562925990039423,0.803299108732366
WDSUB1,-2.64531408130108,0.00816151231404467,0.0912929489932221
ZDHHC14,3.4531339287213,0.000554113819938538,0.0172213677830978
PTPN22,2.09167535244285,0.0364675667993133,0.209304166149344
MB,-0.386854468422336,0.69886395059005,0.877616089522756
SIRPB2,0.331954634274322,0.739923514983608,0.896668565395068
PLXNA4,1.72471122369707,0.0845795273447223,0.327985742673741
RXRG,-0.0983616161540942,0.921645152706561,0.970653115039483
TEAD4,-0.121089679060687,0.903620003937594,0.96447714218272
DDA1,NA,NA,NA
CSNK1E,NA,NA,NA
SPINK5,0.572335151733254,0.567094939664324,0.805748282080412
KCTD18,0.952066378913118,0.34106331870679,0.645671350168974
RBM23,-1.08264367374311,0.278966614148576,0.590974124387093
PLPPR3,-0.764590527616747,0.444515411432682,0.726173297883364
ART5,-3.59840102279462,0.00032017965685692,0.0117156294780188
SULF2,0.134197572505233,0.893246345410719,0.961875419216092
ATG2B,0.749040811846677,0.453832607424127,0.731397927204159
FAM3C,-1.12133752833895,0.262144216916286,0.57446685122374
PTPRF,2.5881305566488,0.00964983985410402,0.100821828433477
CCT8L2,1.02444441369569,0.305625413162835,0.612466681304438
ATP2A3,-0.533920443536282,0.593396577299744,0.820482899531516
NRAP,2.47055386633963,0.0134904000119635,0.123705658362132
SDF4,0.563719211992979,0.572945240345935,0.80910501288954
MCMBP,0.396081357762907,0.692045010445909,0.874503235877462
DHDDS,1.20271309736265,0.229087363786046,0.534983763706878
KALRN,1.27983546006031,0.200603009854008,0.502571731583848
DCAF12L2,-0.479319313820767,0.631711484231008,0.841251408584966
KCTD8,2.18796740150636,0.0286719769404881,0.18532545574194
ENTPD6,-1.62297808246204,0.104594090257319,0.361537485904934
GAL3ST4,0.43991673447532,0.659997415127833,0.855826562860518
TPK1,-0.276432330352561,0.78221602772312,0.916771258798805
RYR2,0.76431841610605,0.444677513352871,0.726247334030972
FCER2,-0.510901022173014,0.609420365393396,0.829208177123377
XRCC6,-0.471141164551873,0.637539930590091,0.844437798117726
PYY,-1.65214384132343,0.0985052314714412,0.351589403844514
TFRC,-1.07150933716674,0.283940474622523,0.594376074762667
MAK16,1.03615243709596,0.300131032108833,0.608014325851743
AGBL5,1.20128479487538,0.229640746537317,0.535462268426468
SCNN1A,-3.8972282151494,9.72999208631141e-05,0.00544591260771623
CBWD3,-2.11311845619893,0.0345906303725409,0.203144973164545
DYNC1H1,1.20854669377069,0.226837046420376,0.532886150908196
KIRREL2,0.411186717333321,0.680935627182374,0.867658197176015
RTEL1,2.39786819420582,0.0164907980303957,0.137338075447933
OR52M1,-2.45533443917447,0.0140753571548491,0.126800110970976
CCDC102B,-0.354238720181236,0.723159987981878,0.890361722847064
F8,1.14761958859107,0.251125639604018,0.562847312312203
CUX1,-2.45258182519468,0.014183511708106,0.127205477111512
MSN,2.75386912725618,0.00588953138187287,0.0763683907673748
ATP2B2,0.33186117521404,0.739994088199969,0.896668565395068
VPS13A,-1.46284687528583,0.143509283266507,0.426831582060192
RAB5B,NA,NA,NA
BAZ1A,-1.41115535121346,0.158198812055404,0.449633336050641
CASS4,1.11026661357228,0.266884155344865,0.578351976419913
GATAD2A,-3.58268005784109,0.000340087043816819,0.0122952043209564
C20orf96,-2.47689525974621,0.0132530788300568,0.122420860195488
MAP2,1.25371304175698,0.209946325868974,0.513965474895826
PARP9,-1.44574231971675,0.148249489700506,0.433923356256836
OR2W3,-0.932902045055647,0.350870546390271,0.654058539598124
TIAM2,3.82907436181692,0.000128626140018798,0.00645780142180757
OR5B21,-2.45617803528312,0.0140423569660054,0.126779578620865
LRRCC1,0.177182603053144,0.859364960215223,0.949109339595366
STIL,-0.402645721917741,0.687208869057088,0.871965675964921
SLC35F1,0.400988500699443,0.688428590236026,0.872633187019529
EIF2B3,-1.21088926142933,0.225937848777806,0.532248288500421
NRP2,0.380170600504903,0.703818781178628,0.880174445466718
MYH10,2.308593276887,0.0209661613736404,0.15554277401986
DSC3,1.17873284224997,0.238504573637585,0.547180980235491
SIN3A,-0.210508985714009,0.83327043920083,0.938049975953735
SYTL3,2.25482892718495,0.0241440688169057,0.167629466660268
PLEKHG4,1.65170523512128,0.0985946549523691,0.351589403844514
FABP12,-0.0365830032900446,0.97081749586821,0.989567703577914
COL4A2,0.802773676076345,0.422105559789411,0.710371450902294
SPOCD1,-1.58361516492979,0.113281320786701,0.378238470996162
DPP4,1.17376612865098,0.24048871446774,0.549250059578632
CLIP3,2.66069692770391,0.0077979112178835,0.0897502165458152
TOPORS,-1.94799838365348,0.0514151565558718,0.251126647017561
PCMTD1,1.92237352899837,0.0545587739302038,0.259029906262407
ETF1,4.02307543015475,5.74430890115504e-05,0.0039477321129212
KRTAP26-1,0.247146701353923,0.804794692050534,0.926280639565898
MMP17,1.81105408634352,0.0701324797685567,0.295098299216021
SCAF1,-1.29423866982374,0.195582993455463,0.498036635161506
RRM2,-0.343546503974108,0.731187362021957,0.891824327270042
TPPP,-1.37968942372971,0.167682290693149,0.463111710882108
SLC6A9,-0.442932645654424,0.657814453578942,0.854744633096495
WDHD1,0.0766267485368104,0.938920479253864,0.976321873127672
ANKRD53,-1.0792409168705,0.280480343770295,0.592234030327888
PIM3,1.12731006416809,0.25961140873646,0.570654197647329
LONP1,-0.698391655793883,0.484932293244739,0.754041829828546
DCLK1,3.93902252511946,8.18142497092767e-05,0.00489226180642868
C15orf39,NA,NA,NA
ZNF148,0.178872737628085,0.858037629741846,0.948410229714656
PCED1A,0.494192281162155,0.621170390536233,0.835880368253862
TLR9,-0.719514645397235,0.471823881819895,0.744830080786429
PPP3CB,NA,NA,NA
CSNK1G3,NA,NA,NA
FUT8,-1.2617401314482,0.207042311168792,0.510578232112074
HTR4,-0.865437335798945,0.386798796138284,0.684100374858917
PPARD,-2.71666239864375,0.00659438346099357,0.0814169304432474
DRC7,0.51359517752961,0.607535051911751,0.828752195339928
MYLK,-0.862309876980233,0.388517018998428,0.685655633668603
TRPM6,-4.62274531130372,3.78694566128655e-06,0.000583962477891453
SDCBP2,0.466396946120883,0.640931397030894,0.84650006497155
RBBP8,-1.29663319431286,0.194757425459589,0.497325821822457
UBAP2,-4.74134077125154,2.12308482310561e-06,0.000415171650064198
GTPBP4,1.00385016977636,0.315450838040837,0.621524519488021
RRBP1,-1.91225593961855,0.05584337420293,0.26274827116033
FAM177B,0.240169510068537,0.810198849440044,0.928277087926297
SCUBE1,0.971105353069555,0.331495818404711,0.636233392148853
ANKHD1,-2.2647823142259,0.0235260412543546,0.165360714156189
RGS22,1.03816977968,0.299191019348817,0.607612728945355
DNAJC5,3.31286441338442,0.000923457360847861,0.0241660098426285
EIF3B,-0.41935306214859,0.674958122373199,0.865137162451551
SOX10,-0.21796211911724,0.827458626388526,0.93502726329773
NLRC4,-1.36506450091633,0.172232778203153,0.469751463932725
UBE2Z,NA,NA,NA
TOMM20L,-0.353586970991706,0.723648440022588,0.890361722847064
HS3ST3B1,NA,NA,NA
MPC1,1.59818007951653,0.110002905756182,0.372722841107238
NCKAP1,NA,NA,NA
CPZ,0.25449586878296,0.799112495288553,0.924704862990184
ZSCAN12,0.815572365527742,0.414744760092767,0.705178084442157
TMEM239,1.71596985281275,0.0861675603258336,0.33016332952434
HAO2,-1.31679349357991,0.187907854378489,0.488990768688626
MPEG1,-3.17621558085791,0.00149210022871209,0.0332575496405562
UBA3,2.8181635207733,0.0048299205045615,0.0689884297400127
MATR3,0.876780455664152,0.380605896716766,0.680304143614174
LAMC3,-0.288910619403802,0.772649776998583,0.912851491674036
RFWD3,0.0973322154538905,0.922462573215754,0.970845872382623
RAB25,-0.567179175114282,0.570592455086273,0.807528861328316
NMRK1,-1.19584374380565,0.23175754181933,0.537825548521761
CYTH1,1.83567013361127,0.0664064576694707,0.287134302804304
CCL28,1.05173868443218,0.292919457397755,0.602176416840549
ITPRIPL1,0.592205777809011,0.553712800883551,0.798216908037034
SMURF1,-1.7459870434295,0.0808132032682675,0.31936431166058
LRIG2,0.0959295010426543,0.923576564178874,0.971400963103504
PPP1R14C,-0.575855963166609,0.564712543124811,0.804756095414665
RASGEF1C,-0.612116006976025,0.540461007709678,0.790500072445668
SMC5,-1.38589394601851,0.16577928968879,0.4600177425224
IQGAP3,4.73702990166409,2.16873176614118e-06,0.000415171650064198
MVB12B,0.377858019134982,0.705536070221907,0.881380597932831
CAPZA2,NA,NA,NA
PJA2,-2.77920368858705,0.00544923436722566,0.0730042816999239
SLC26A11,0.0366151109221312,0.970791894836204,0.989567703577914
DUSP27,1.61738740844162,0.105794682001353,0.363852807101604
DST,-3.95372566763655,7.69436250759635e-05,0.00474600841693045
ATP1A2,-0.127609779979862,0.898457791110491,0.963147771813985
SERBP1,0.635197371751001,0.525299697188393,0.780739245990362
ARHGEF10L,-1.44850673963512,0.147475382480553,0.43274718059148
RASSF9,-0.0422760021606707,0.966278675680303,0.988466338065022
BTN3A3,-0.635555658833366,0.52506607819449,0.780730944808983
AKAP13,1.28397467940923,0.199150815137534,0.501424580939249
CDC42BPB,2.12932742974627,0.0332271799236445,0.19878430047748
C8A,0.0741224866097774,0.940912922748521,0.977121776290246
SPOUT1,1.7372064029877,0.0823507451398973,0.322739745994328
DCAF12,-0.460403408342803,0.645226688698167,0.847883975617974
HACD1,2.74454620663539,0.00605946234062975,0.0773074479575678
CNOT7,NA,NA,NA
CHAMP1,-3.65821620496015,0.00025397676049627,0.0101536952503165
TAF11,-0.0796125460401971,0.936545416594585,0.97548081426295
MAST2,-0.883100521954651,0.377181962187753,0.677018359458892
EGFL6,2.32645399097946,0.0199943442106706,0.151912785174286
GPX7,0.321556042737437,0.747789049260639,0.900224474198041
LRRTM3,1.23106474090591,0.218298651479629,0.522149244879811
CAMK1G,-2.84381570993175,0.00445768227521583,0.0654178248393488
ZSCAN20,-1.03668788967757,0.299881337749584,0.608014325851743
TOP1,-0.46798911361614,0.639792374809679,0.845447916065396
UBL7,0.855728572584376,0.392147931963667,0.688800237813875
MAP3K3,0.793220198745114,0.427649541244047,0.714475669190045
FAM189B,-0.195366076238814,0.845106372115425,0.942361782937674
CTR9,0.484676295181757,0.6279059840923,0.839060526221354
KIAA0753,2.66856384027452,0.00761763002817082,0.0887568427029432
PHLDB1,3.83415987011932,0.000125994180078264,0.00635890295779208
KIF21A,-1.54021204460778,0.123508674913172,0.396613492411359
TOX,0.168735290109197,0.866004859268061,0.952454944424574
HMGN2,NA,NA,NA
ZNF318,0.0618331948521693,0.950695668385649,0.981843228258282
DENND10,1.08538882229788,0.277749480919761,0.589681112062298
RPL12,NA,NA,NA
NSMCE1,-1.17081401181199,0.241673544420412,0.55072033372885
APOBEC3C,NA,NA,NA
MTOR,1.49739788263422,0.134289758906024,0.413654063715418
TOGARAM1,-0.606275969152672,0.544331513335393,0.79240322026052
OGA,-1.18661614510506,0.235379064603256,0.543226698882775
TGM2,2.0013320685757,0.045356616032909,0.233934874228437
PJA1,0.646144374129511,0.518185860027315,0.776482371515398
MPHOSPH8,-0.929912467182914,0.35241640742229,0.655392166990603
LRRC10,-0.455990333035114,0.648396929713911,0.849472581069499
FAM110B,0.65585164243749,0.511919584918112,0.772569976134534
PNP,-0.201551277735436,0.840267538145204,0.940693340827507
GAB2,-0.391781079699676,0.695219975990981,0.876024704175411
OPA1,-1.45919923182397,0.144510280190153,0.428287772942457
PPEF1,0.346374912451204,0.729060976529297,0.890852127423931
ZNF521,-0.605374101043467,0.544930455432975,0.792816890584685
SLC25A47,-1.12480014433687,0.260673733289548,0.57207398452972
BRINP2,2.01550326134142,0.043851944687476,0.230356556561983
SELENON,-1.1098986702475,0.267042693585539,0.578455367900119
OSTC,NA,NA,NA
IPO9,-0.547856702424858,0.583790300720775,0.814761638759914
KRT19,1.56344343059953,0.117948331577797,0.386393927336585
PPT2,1.54809392843759,0.121599683688362,0.393481574477579
R3HDM4,-0.463903899419219,0.642716598941464,0.846942208162139
KIFAP3,-0.213715118042589,0.830769221219737,0.936843798830788
DZIP3,-0.790318884883906,0.429341560603382,0.716058896792662
C1orf174,-0.27822301511466,0.780841168558213,0.916381279405925
PSMB5,0.632492199310978,0.527065304148046,0.781887738864352
MFAP3L,-1.36761270295407,0.171433338108823,0.468989972031235
ARHGAP11A,0.358972612187245,0.719615577926392,0.888996254619953
ULK2,2.8114117204416,0.00493246241391851,0.0696629644851744
SLC26A1,-0.625017780685913,0.531959388308023,0.785194656146492
TEX45,-0.845187846818305,0.398005966723131,0.693253362047021
GRM3,-2.05628714882943,0.0397548462762475,0.218781950810871
NAA35,1.76616667948301,0.0773678893917047,0.310457659184132
ALPK2,-1.54694474202275,0.121876570882891,0.394051933928594
CALD1,-0.283270626895935,0.776969391857399,0.914644549953686
RUNDC1,0.652519161687603,0.514066315680154,0.77383904398431
COMT,-4.65413394344749,3.25345268162361e-06,0.000528668569082753
ST6GAL2,-3.90565924030096,9.39688533150504e-05,0.00529146217498846
UTS2,-0.787291827214206,0.431111052851351,0.717189589463851
OSGIN1,-1.19504532048609,0.232069323679288,0.538466393281346
TIFA,-1.81265441095268,0.0698851400550158,0.294445724971865
GRM1,-1.83948633872543,0.0658436854376155,0.285893821930217
GPATCH3,-2.94330051064065,0.00324733032884724,0.0539864201645099
TBKBP1,-0.254018160349867,0.799481528224552,0.924843613315931
DLX1,NA,NA,NA
CNTNAP2,0.895236628172286,0.370660608473638,0.670751614377095
E2F2,-0.187505694501392,0.851264159305158,0.944723799325809
SFT2D1,1.57734044020421,0.114717211952756,0.38068299094576
EEF1AKNMT,1.80902626660073,0.0704469227603883,0.29582310435925
CYB5R3,0.119207615572357,0.905110873320506,0.964532509528206
ISLR2,0.785167086260944,0.432355610403316,0.718374960255695
DMAP1,0.476866480020274,0.633457202443975,0.84198857938386
QKI,NA,NA,NA
RNF121,-1.79563479152357,0.0725526188485837,0.299884125774794
SBNO2,-2.33186447896358,0.0197078216606052,0.150492471417416
CD3E,0.690030474560286,0.490175023217133,0.758035709256786
SGMS1,0.283537019587242,0.776765207911249,0.914644549953686
CIPC,0.584579184722296,0.558830707220882,0.800916729218999
L3MBTL3,0.259145888324588,0.795522680012297,0.923202176343559
CELF4,NA,NA,NA
ABCG1,-1.93327337609475,0.0532025297816633,0.255977989608032
SMC3,NA,NA,NA
SMG5,1.10902899542061,0.267417673714837,0.578722022795161
GRIN3A,0.596514484448844,0.550831580525426,0.796329446249334
ZNF277,0.686876590480015,0.492160499905814,0.759253682002872
HORMAD1,-0.519923092596074,0.603117179474629,0.825670951394704
ASTN1,0.557987804442885,0.5768527119906,0.811109235959365
FCRL5,1.08055481011239,0.27989519336889,0.591890411192192
TEDC2,-1.8496830105362,0.0643592506011351,0.281447132474055
SPRYD7,NA,NA,NA
XAF1,-0.539472194443252,0.589561078005708,0.818078834833132
MOK,-0.226191021030183,0.821052853840717,0.932509013398522
COL6A1,2.43257728958514,0.0149917915292239,0.131032940190649
MSRB1,-1.14660277094788,0.251545830744019,0.563081113050455
DCTN1,0.409879568939521,0.681894293534675,0.868283330291204
TSC22D2,-1.93145399389752,0.0534269334653582,0.256417208649488
ILF2,NA,NA,NA
NOS1AP,2.16865719966513,0.0301087190711158,0.189742686656673
TMEM184B,0.226248161315637,0.821008414266307,0.932509013398522
AGL,-1.39717964703144,0.162359555532735,0.455124764090278
DIO1,-1.23824835683907,0.215623986192616,0.519138687519677
ARHGEF15,0.508885779282461,0.610832288402468,0.830087893391613
COLGALT2,0.130311192614622,0.896320225152098,0.962700159381557
MINDY1,2.53039898405753,0.0113932886772682,0.111456723568154
ZNF830,-1.68039348838168,0.0928807821434149,0.342164651678555
SMOC1,-0.902642378992854,0.366715726919444,0.666505039322814
CCDC152,-1.06205679609664,0.288209901968556,0.598186662569964
PLXNB3,0.614535147428296,0.538861754693284,0.789230358298595
KIFBP,0.321483560676694,0.747843968308775,0.900224474198041
CNTF,-3.00429187189422,0.0026619981860475,0.0477768605552849
ASB12,1.62188535390372,0.104827898078348,0.361845407894013
PCGF3,NA,NA,NA
BRDT,-1.18192890602233,0.237233911274828,0.545757172657209
GLMP,0.214261699933596,0.830342983482779,0.936568380832345
VEPH1,-4.13359313421952,3.57135476625878e-05,0.00290346206381211
SHISA4,1.97242912298605,0.048560639984298,0.243388490643244
PTGS1,-1.28057263634886,0.200343816449037,0.502091445952672
MTCP1,NA,NA,NA
SLC39A13,-2.77444350699564,0.00552962369534542,0.0735595715528696
SLC9B2,-2.6578053660357,0.00786513011642614,0.0900438229692665
SUCNR1,-2.03621097230459,0.0417291749440149,0.224897037002123
MRPL21,-0.129904532261518,0.896641958450475,0.962759824144525
NFE2L1,0.315560618088021,0.752336033536008,0.902387625783267
WHRN,-2.22741374099822,0.0259196349068309,0.174682767345123
CACNA1S,0.12430595370372,0.901073033491842,0.964012188234866
NOTCH2NLA,0.668681399047219,0.503698735553149,0.766509707595916
CD247,-0.71315438811421,0.475750227286834,0.747975180478427
GP1BB,-2.72906422143463,0.00635143333280262,0.0795877782133609
SH3BP5L,0.578341481588696,0.56303359368169,0.803376798009414
OR2T1,-1.37922644816973,0.16782494593502,0.463264605365208
TRIM58,-0.658978079086115,0.509909845297625,0.771192712383678
SCCPDH,-0.98654888532013,0.323863838833286,0.628378471982788
CNST,0.982513906821825,0.3258467351548,0.630337411886755
TFB2M,-2.54172853511225,0.0110305808127803,0.109236000814375
EFCAB2,1.99434051363045,0.0461148546089458,0.236073063296202
COX20,1.67659838772817,0.0936210422672186,0.343207548185089
CATSPERE,-0.802519506732046,0.422252509235835,0.710378720160188
ADSS2,-2.17024813925706,0.0299880530401703,0.189642394959696
SDCCAG8,1.0307909693556,0.302638854035054,0.609801417983161
CEP170,1.7168151885374,0.0860129448987108,0.329754135916263
WDR64,-0.448218924134689,0.653995206430935,0.851821828413089
CHML,0.716980065193713,0.473386397142766,0.746105364308795
OPN3,1.6455682109357,0.0998526884498416,0.354021359291357
KMO,-1.83520821357465,0.0664748446171914,0.287292343985538
FH,-0.0883186364200725,0.929623427113265,0.973128136285782
ACTN2,1.19420801971962,0.232396606785308,0.539137986852708
HEATR1,-1.37298964106793,0.169755567083163,0.466350130803336
GPR137B,0.128956451167296,0.897392107954572,0.962862909780546
B3GALNT2,-1.8318805843146,0.0669692138145583,0.288412299562726
TOMM20,NA,NA,NA
IRF2BP2,-2.33581894776539,0.0195006796636109,0.15012486608357
COA6,NA,NA,NA
SLC35F3,1.10129067623931,0.270770167801517,0.582805693749684
KCNK1,0.327637426194977,0.743185820502637,0.897979061280551
MAP3K21,-1.82967295125536,0.0672988579004511,0.289337223496904
NTPCR,-1.1751070269621,0.239951899704336,0.548337079741709
TSNAX,0.0605952736293197,0.951681537706448,0.982042179556845
EGLN1,-1.43637439061461,0.150895836309984,0.437600821016404
EXOC8,-0.460488172814018,0.645165858888002,0.847877768459474
GNPAT,-0.440982784628353,0.6592254601223,0.855492928584646
C1orf131,-1.45339729116328,0.146113478158148,0.431431590841331
TRIM67,-3.53416632893501,0.000409063568352942,0.0141116242342376
FAM89A,-1.70016476431851,0.0890999379929402,0.336019673914474
TTC13,-0.105614922990695,0.915887884141612,0.968504492698065
C1orf198,-0.280964854574696,0.778737356415011,0.915463160649059
AGT,-0.847142076184114,0.396915934824551,0.692581654658264
COG2,-2.89025279909398,0.00384932140515723,0.0597851439617019
OTX1,-0.538672194114559,0.590113063270471,0.818220810362726
GALNT2,-0.674548548652674,0.499962631197,0.764797578970449
ACTA1,-3.1108880729356,0.00186525624781564,0.037937755608331
RAB4A,NA,NA,NA
RHOU,-1.37803017767939,0.168193971070623,0.463985105346047
H2AW,3.34618272923515,0.000819323829358494,0.0223068245774762
H3-4,NA,NA,NA
TRIM17,0.442317038811959,0.658259802815754,0.854963279638162
IBA57,-0.328702299920314,0.742380715764018,0.897580396561792
GJC2,0.792849308978467,0.427865624003156,0.7146004566638
DLL1,1.85535822143078,0.0635450892240951,0.280050565282743
PRSS38,-0.49274184076591,0.622195009645466,0.836461332688636
JMJD4,-1.03082075003229,0.30262488576913,0.609801417983161
ERMARD,0.428653355026836,0.66817551075098,0.860750858278817
TCTE3,2.28920943902064,0.022067186435864,0.159855685860146
COQ8A,0.402786307618219,0.687105434840405,0.871965675964921
PSEN2,-1.84779513887002,0.0646319844192224,0.282396143262762
STUM,NA,NA,NA
PARP1,-0.970452687841959,0.331820897012292,0.636274253984235
DACT2,-0.302193557709598,0.762504515013205,0.906535145219066
ACBD3,1.25587468657666,0.209161407565847,0.513041258096913
H3-3A,-3.34571344403737,0.00082071165068004,0.0223068245774762
LEFTY2,0.52264818915031,0.601219099334877,0.825151275940236
GPR31,-0.632459010206681,0.527086984742383,0.781887738864352
TMEM63A,-0.398293432832704,0.690413900742613,0.873464618503338
CEP43,1.46715894355639,0.142332822666745,0.425169720525766
FBXO28,0.143671777303493,0.885759658394633,0.958647852013156
CAPN8,2.53408801171644,0.0112740411557959,0.111064739208858
PACRG,3.13092280589866,0.00174257958611371,0.0366256783106403
PRKN,0.387024558235516,0.698738027142497,0.877616089522756
DUSP10,0.2593623361326,0.795355687037404,0.923079267530086
HLX,0.549528666466957,0.582642697348722,0.813911669655564
MTARC1,-2.46800764869597,0.0135867416452689,0.124287433258658
MTARC2,-2.70241222871901,0.00688383566540018,0.0837588764698289
MARK1,-1.65725136652469,0.0974686653559177,0.349801597263517
IARS2,-0.533792503357591,0.593485100979177,0.820482899531516
SLC30A10,-1.64249040785023,0.100488412427611,0.355140525866711
LYPLAL1,-0.664675489261626,0.506258074289772,0.768230964272711
TGFB2,0.980773399882185,0.326704498470904,0.631269451590884
RRP15,0.346975536301947,0.728609697587372,0.890852127423931
SPATA17,1.04413903177126,0.296421069636882,0.605094583864996
GPATCH2,0.74709721710952,0.455004879919356,0.732465381373843
SLC22A2,-1.71417009734248,0.086497490977028,0.330651618336247
PTPN14,-0.0254424717662344,0.979702034490387,0.993203316162683
SMYD2,0.507518179217104,0.611791284177475,0.830747586170366
RPS6KC1,-0.662761397827358,0.507483380204326,0.768985144053722
ANGEL2,-0.860365622437844,0.38958752976025,0.68653767386975
SLC22A1,-3.41394279903138,0.000640300173019891,0.0189968230668853
FLVCR1,-0.692832452128715,0.488414703967049,0.75688585007427
NSL1,-2.15718340263693,0.0309913771545499,0.192878392398488
ATF3,1.95408514141708,0.0506911489973763,0.248941965138922
NENF,1.20486379755651,0.228255886351135,0.534128670569581
DTL,-1.35835517846919,0.174351009348817,0.472185027469413
INTS7,0.110516087959873,0.912000091675618,0.966896687624663
LPGAT1,-1.36112706914838,0.17347353661767,0.471244307993211
NEK2,-0.586633489847218,0.557449885471208,0.800584570919236
SLC30A1,0.0389496079889967,0.968930565096236,0.989372417306317
RD3,-1.00600430212781,0.314413500580795,0.620370390491836
SERTAD4,1.53489368578225,0.124809944785618,0.397790136087162
IRF6,1.17772625654746,0.238905755809703,0.547495632038434
TRAF3IP3,1.44853487189959,0.14746752064976,0.43274718059148
HSD11B1,-3.09537766948721,0.00196562436558867,0.0390144023916478
G0S2,-0.617320480155753,0.537023360906656,0.788141888901757
PLXNA2,1.049427163482,0.293981561728911,0.603047286663134
MRPL18,-1.26875818728212,0.204527322254409,0.507920762916308
ACAT2,0.308103945373835,0.758003239198517,0.904648658225051
CR2,-1.3557912250212,0.175165604059717,0.473028823354159
TAGAP,-0.573330995202466,0.566420602762495,0.805699185706591
C4BPA,-0.289165801118949,0.772454501182396,0.912692136189865
EZR,-2.05202833905199,0.0401669083766928,0.220247575975538
C4BPB,-2.07778472715294,0.0377291911421502,0.212747588261259
PFKFB2,-1.48942446651522,0.1363756297965,0.41735692942177
DYNLT1,NA,NA,NA
TMEM181,0.260469226855415,0.79450184969836,0.922683369931373
FCMR,0.250374424878276,0.802297805867497,0.925755917622432
TULP4,2.06634008647935,0.0387963788406314,0.215823211183969
IL20,0.780002192363814,0.435389584725175,0.720593485800649
MAPKAPK2,-0.167200855188326,0.867212011548835,0.952661982338598
DYRK3,-2.30477973744502,0.0211789124802077,0.156511200489068
EIF2D,-0.520279683367608,0.602868654151906,0.825670951394704
SRGAP2C,0.724222055238349,0.468929420338994,0.742659966481123
AVPR1B,-0.590648836440061,0.554755735710162,0.798924198349885
FAM72A,-0.534720868235389,0.592842889047202,0.820274834213635
SLC26A9,-2.00226809695202,0.0452559052610238,0.233789776497741
PM20D1,-0.887984882778977,0.374548883075896,0.67457253090332
SLC41A1,0.970478801448493,0.331807886427146,0.636274253984235
RAB29,2.16503082901053,0.0303853244286546,0.190928491794523
NUCKS1,1.27918349992377,0.200832444867485,0.502813105837878
SLC45A3,-0.0487996382111113,0.96107897049836,0.986471874086206
MFSD4A,-0.487554011551031,0.625865776701278,0.83788834315288
NUAK2,-0.728572703024773,0.466263081129433,0.740299189118302
DSTYK,-0.810492279046315,0.417657300782905,0.707582637828617
CLDN20,0.362436003647606,0.717026238712046,0.888390630435061
TFB1M,-1.06895429012281,0.285090266851293,0.595293899842825
TMEM81,1.01566609186423,0.309788420256015,0.616070878656258
LRRN2,0.740437499870703,0.459034571760801,0.734786702793796
MDM4,0.829722489923028,0.406695702860242,0.699759246456106
PIK3C2B,-2.0335030730773,0.0420017234156634,0.225962991903704
PPP1R15B,-0.257148372005027,0.797064237236998,0.924140885752627
ETNK2,-1.54611845175115,0.122075963299759,0.394527792426423
SOX13,-1.77357750591198,0.0761330611599281,0.307955787004506
OPTC,1.10845928140433,0.267663515057006,0.578818103133306
CHIT1,-0.602384949935818,0.546917925698676,0.794172771270213
MTRF1L,-0.00126259003179563,0.998992599174662,0.999336003764988
PPFIA4,-0.767612605660736,0.442717371089243,0.725018851440203
TMEM183A,0.498110559386848,0.618406118345622,0.835077585599056
VIP,0.769144115974274,0.44180776138128,0.724769336481533
MYCT1,-3.73145652943792,0.000190375864444008,0.00812700582903348
CYB5R1,-0.349153837379527,0.726973820326831,0.890852127423931
SYNE1,3.27599157631789,0.00105291701273044,0.0262569008191128
KLHL12,0.769779592377114,0.441430647269178,0.72472028864901
RABIF,-0.933143260130552,0.350746005764459,0.653975772870142
KDM5B,-0.854780817130882,0.392672499849615,0.689441005082763
SYT2,0.485848367512191,0.627074678454766,0.838763722854348
LGR6,-2.16290893693642,0.0305481842710756,0.191633109466374
PTPN7,-1.62937361912501,0.10323394996334,0.359357603826753
GPR37L1,-0.545308054341671,0.585541665511692,0.815924910024222
TIMM17A,-1.32093304585773,0.18652368995988,0.487484412368688
LMOD1,-0.129464264436571,0.896990299787517,0.962862909780546
ARMT1,-1.90211508915628,0.0571561102195538,0.266176621768227
NAV1,-0.374212448850143,0.708246262905354,0.883307665340752
CSRP1,-0.621157733081011,0.534495846277088,0.786494764258944
PHLDA3,NA,NA,NA
MTHFD1L,-2.87074801093175,0.00409501821241933,0.062064156581718
TMEM9,1.29075368900037,0.196789101087395,0.499445298001177
INAVA,-1.52333442545201,0.127675058601913,0.402976370549152
KIF14,-2.07051809608579,0.0384038532161547,0.214788686085318
NR5A2,-0.0382512103656875,0.969487390778514,0.989446828457916
NEK7,NA,NA,NA
LHX9,0.585430769755888,0.558258104253933,0.800683866601047
C1orf53,-0.13070930384963,0.896005272086508,0.962670893388458
CRB1,-3.30683561226758,0.000943562462977243,0.0245001992105019
ZBTB41,-0.105481858071871,0.915993464835956,0.968548365561221
ASPM,-0.413916633997465,0.678935161429439,0.866559810770413
KATNA1,-1.20324900492505,0.22887997636651,0.534761008480317
F13B,-0.7149168172151,0.474660444725386,0.747035011899567
GINM1,1.6346013634004,0.102132641664334,0.357689103321303
B3GALT2,0.203057340202008,0.839090214639135,0.940096307650284
CDC73,NA,NA,NA
GLRX2,-0.421135813810556,0.6736559109778,0.864641424044209
UCHL5,2.43466064859876,0.0149057615634542,0.130888653098597
RGS1,0.680975443154573,0.49588702903018,0.761706846334965
RGS18,-1.57146127962286,0.116075541589504,0.382660370993944
BRINP3,0.559883683255029,0.575558778953927,0.810657309976141
UST,-0.937886553471138,0.348302714151334,0.651510164160782
PLA2G4A,-1.56324567428016,0.117994820828462,0.386462447412161
SASH1,1.31096272180839,0.189870358373164,0.491237948251199
PTGS2,-3.05560811568038,0.00224604608835211,0.0425341459739061
SAMD5,0.33172247642558,0.74009882707321,0.896668565395068
TPR,-0.843698667036944,0.398837812599422,0.693824537705123
RAB32,0.146166258564176,0.883790141210157,0.958356576184819
IVNS1ABP,-0.376339254553243,0.706664699765216,0.882207099781243
SWT1,-2.49226729571262,0.0126930474552632,0.119508762381172
TRMT1L,-2.60810538330969,0.00910449200890974,0.0976147323568062
RNF2,NA,NA,NA
NIBAN1,1.06312518525518,0.287725184500759,0.597841741808809
EPM2A,0.114289522413211,0.909008287978834,0.966009988389142
NCF2,-0.925264472014982,0.354828354451316,0.656550813464086
SHCBP1L,-1.27830919974916,0.201140425321472,0.503177636755287
DHX9,0.18056378521072,0.856709983789203,0.947571560542113
NPL,0.481480338760214,0.630175150138399,0.840233533517865
RGS16,-0.513785834628823,0.607401732718697,0.828733747277442
RNASEL,-1.79467596883263,0.0727053414909443,0.300033621139036
STX11,-0.822295517753111,0.410908727120772,0.702492060332165
SF3B5,4.11244065886272,3.91498120417648e-05,0.00304479978670694
LTV1,-0.555488202584745,0.578560777292988,0.811893855099623
IER5,-1.18831941893685,0.234707589934579,0.542289608467053
KIAA1614,-1.84104504188454,0.0656149583742357,0.285180687647814
XPR1,0.429037238466282,0.667896124995923,0.860684424058872
PEX3,1.49972952552795,0.133684479157971,0.41286020569562
QSOX1,0.476140095324824,0.633974573691332,0.842109768009279
HIVEP2,0.264909041910469,0.791079532676856,0.921513443136718
CEP350,-0.924458785334174,0.355247500347733,0.65667863714937
ADGRG6,1.3269929414773,0.184511017601685,0.485011392937323
NPHS2,-0.75018930175,0.453140701161719,0.731158179089397
AXDND1,0.121989891922385,0.902907023557443,0.96447714218272
SOAT1,1.61376865081718,0.106577616774872,0.365298467838936
TOR3A,-0.458868624599729,0.646328510973692,0.848446530388676
VTA1,-0.234821084668041,0.814347602055489,0.930190548923851
RALGPS2,0.132828498976561,0.894329015137324,0.962408322776845
RASAL2,-0.568505643966699,0.569691674424859,0.806885529422452
HECA,-1.96404101903088,0.049525335197968,0.246244916839612
ABRACL,0.944913785939189,0.344702892772313,0.64918807631597
PAPPA2,-0.397653938708975,0.690885294872472,0.873841527963911
COP1,0.956802048878085,0.338667177917864,0.643765835559089
TNR,1.5119901405446,0.13053637076512,0.407556045936835
CACYBP,0.840488189566544,0.400634720800926,0.695214748748025
ECT2L,0.145642584911771,0.884203548497773,0.958356576184819
GPR52,-2.22834110420743,0.0258577772935089,0.174453832787004
RC3H1,-0.28589789317034,0.774956327436214,0.91434976248677
SERPINC1,-1.60919688023113,0.107573298378968,0.367376119790188
ZBTB37,0.767432903010454,0.442824172015536,0.725018851440203
SLC9C2,-1.59235845165268,0.111304186202486,0.374760389596619
FASLG,1.37096596188856,0.170385567048057,0.467223133592858
SUCO,-0.0307933252967889,0.975434363538921,0.991175638905338
C1orf105,-0.166930160794815,0.867425001223277,0.952661982338598
PIGC,-0.234909998515362,0.81427858900467,0.930182027140265
OLIG3,-0.154364200886188,0.877322578849855,0.955974928378161
IFNGR1,-0.609596727029252,0.542128980275272,0.791331319416586
PRRC2C,1.1982482536782,0.23082038507008,0.536887434074042
FMO4,-1.47978424672714,0.138930834067067,0.420656750870572
FMO1,-2.0559531178312,0.0397870353624969,0.218879387840573
FMO3,-1.93515206274196,0.0529716382943457,0.255977989608032
MROH9,-1.10955923607594,0.267189005318639,0.578558568330029
GORAB,-0.591433619101389,0.554229920111129,0.798677109794378
SCYL3,0.392511579716129,0.694680257057607,0.875950164238208
F5,-0.261722582506584,0.793535328912263,0.922241474315321
AHI1,2.55802883557063,0.0105267362966321,0.105902371730714
CCDC181,0.350719018823861,0.725799155841916,0.890852127423931
NME7,2.26543540940521,0.0234859734744188,0.165262091504207
ATP1B1,-0.117275485818067,0.906641750446294,0.964669535353719
DPT,2.70063246705889,0.00692077705958901,0.0839107246637795
TBX19,-0.529252511470613,0.596630293704759,0.822427893684787
TIPRL,1.10772472134447,0.267980719492428,0.579028400481781
HBS1L,-0.947458250605126,0.343405320664392,0.647755857075561
DCAF6,1.66743410681983,0.0954281166652082,0.346015698716641
ADCY10,-1.22024842540069,0.222370714496384,0.528292129770374
SGK1,-0.0151567931832689,0.987907091743597,0.996412732458735
POU2F1,-2.28421052448255,0.0223591613405826,0.16061893986555
GPA33,-0.462689510738722,0.643586937919911,0.847352521605849
MAEL,-1.14318342529982,0.252962442449638,0.564162991484495
TADA1,-1.51447808421339,0.129904628152275,0.406593913616063
POGK,0.405867928218782,0.684839644272049,0.870570068342549
UCK2,2.47802845019988,0.013211061059196,0.122144419164037
MGST3,-5.42877576201048,5.67419212735602e-08,4.76379952381134e-05
NUF2,1.10849281048039,0.267649042386478,0.578818103133306
CCDC190,-0.00278494095033351,0.997777941485324,0.998979392307343
DDR2,0.884653132418896,0.376343740619884,0.676003271936379
VNN3,-1.15981691377905,0.246123356250823,0.556113478286009
VNN1,-2.50571307240443,0.0122204743187145,0.116671080749308
SH2D1B,2.4155624095075,0.0157109298267269,0.134141077420239
TAAR2,-1.45670117559032,0.145198885143119,0.429738651054212
SPATA46,-0.279640726711201,0.779753157735474,0.916092421244353
OLFML2B,1.93473538935132,0.0530227752651516,0.255977989608032
STX7,-1.23194925298801,0.217968041260504,0.522017914346869
ATF6,2.91898702355464,0.00351170841723205,0.056516440469873
DUSP12,1.32973180168117,0.183606652891005,0.4842656733068
FCRLB,0.907907738379768,0.363926968806824,0.663776522452532
FCRLA,0.873769979215113,0.38224353242582,0.681360973660518
MOXD1,0.202604354608823,0.839444286108877,0.940307023324983
FCGR3B,1.98879248762909,0.0467241123245776,0.238143266593261
FCGR3A,2.36052655268271,0.0182490118507405,0.145266882629102
CFAP126,2.52017432064749,0.0117296728215103,0.113846381296508
SDHC,-1.05438492638174,0.291706720629693,0.601155320081266
CCN2,-0.38328001864924,0.701512152956646,0.879113094579691
NR1I3,1.08814664312209,0.276530375333665,0.589245210383861
TOMM40L,2.74698913154137,0.00601451275423373,0.0772559618966543
APOA2,1.96360562819008,0.0495758442091201,0.246244916839612
NDUFS2,-0.177107714245352,0.859423782624602,0.949109339595366
ADAMTS4,2.23146000350545,0.0256506740464743,0.173596052958254
UFC1,NA,NA,NA
DEDD,1.95829629802927,0.0501952549505028,0.247892383271895
NIT1,-0.489464891935308,0.62451260416905,0.837154763181782
PFDN2,2.44180224220661,0.0146141495814066,0.129494519075915
KLHDC9,-0.451803290816073,0.651410698788824,0.849949791063435
NECTIN4,0.927241277340635,0.353801275811818,0.655930089125034
ARHGAP30,0.359944245665495,0.718888828256367,0.88870070238458
USF1,2.22297168048969,0.0262177096354981,0.175543654413667
TSTD1,-0.226004689059425,0.821197773338109,0.932509013398522
F11R,0.318592388141611,0.750035626283611,0.901216483031653
CD244,-0.658274297920387,0.510361890360405,0.771514791839129
SLAMF7,0.381982412976888,0.70247440971784,0.879659516576114
SLAMF6,-1.00057030802056,0.317034590874322,0.622992255987517
MED23,-1.66803373688725,0.0953090297784202,0.345890571367681
VANGL2,NA,NA,NA
COPA,1.91869051012032,0.0550235132240316,0.260173758398487
PEX19,-0.988036750319201,0.323134650111729,0.628227303806567
DCAF8,1.81445186862334,0.0696081864502364,0.294009667064038
PEA15,1.88776709269796,0.0590572247590269,0.270251142292564
CASQ1,1.3422389322213,0.179518536853587,0.47913884297623
ATP1A4,1.00230884340993,0.316194452723712,0.622154326587584
KCNJ9,3.22816950711922,0.001245851261849,0.0294636999515839
PIGM,3.15243383707697,0.0016191551052473,0.035186518508002
SLAMF9,0.730352005825281,0.465175046991367,0.739426244886246
IGSF9,2.47188084805113,0.0134404304698943,0.123322273989704
TAGLN2,-0.667028416872609,0.504753982202402,0.767079865149105
CFAP45,2.78451644741529,0.00536076022012545,0.072203037831137
VSIG8,0.170797041238747,0.864383355639684,0.95166554498229
FCRL6,NA,NA,NA
DUSP23,0.780996033542464,0.434804827587084,0.719926652185385
FCER1A,0.0913097732136189,0.927246452530011,0.972620836442947
ACKR1,-0.199844050903482,0.841602548533012,0.941103115157831
CADM3,2.60127073219695,0.00928791238770574,0.0986626021934351
EPB41L2,0.837342715234208,0.402399955502557,0.696074933173114
OR6K6,-1.05275942734978,0.292451264396875,0.602001151874654
ARHGAP18,1.29964938843541,0.193721164179181,0.496332474328348
CD1D,-0.00980204374575661,0.99217922586789,0.997393232309955
CD5L,0.595286677888858,0.551651859444295,0.796522336130011
FCRL1,0.453416995506514,0.650248500630708,0.849584858890212
FCRL3,1.65771135944493,0.0973757399088694,0.349801597263517
ETV3,-0.757551188682776,0.448719710618283,0.728049416669904
ARHGEF11,1.36309989190167,0.172851030855374,0.470168964190017
INSRR,0.383917488141765,0.701039604142417,0.878736263882963
PTPRK,2.37237068206611,0.0176743489444809,0.142602648824877
MRPL24,1.74003316729068,0.0818531942100764,0.321456723207556
RRNAD1,2.93607478056279,0.00332394182160614,0.0545600168018162
ISG20L2,0.566731484360252,0.570896626736696,0.807808035884358
NAXE,0.655811848416766,0.511945191967392,0.772569976134534
TTC24,1.03323297005427,0.301494887119574,0.608994961683674
TSACC,2.08286139103489,0.0372638597540003,0.211238371152895
BGLAP,0.193820675080941,0.846316297614188,0.942846142607265
PMF1,1.60501870758473,0.10848968773179,0.369755561795852
LAMTOR2,-1.79910319098716,0.0720023589899586,0.298316398518879
UBQLN4,0.466949737554985,0.640535839037224,0.846060449220394
RSPO3,-0.32558652517941,0.744737208505344,0.898239291794855
KHDC4,2.93605480471984,0.00332415588011513,0.0545600168018162
RIT1,0.350302471772359,0.726111710441864,0.890852127423931
SYT11,1.41702774549302,0.156474815688407,0.446665548674575
CENPW,0.576779031027404,0.564088736484718,0.804634065940419
DAP3,0.697069017355672,0.485759602551831,0.754469386664112
YY1AP1,0.554357296109056,0.579334345435607,0.811949777498382
ASH1L,1.8931686275332,0.0583354480439054,0.269041354789621
RUSC1,2.28253273133832,0.0224579073261292,0.160784075941349
FDPS,0.594732322883982,0.552022412179876,0.796844272887791
NCOA7,0.0760157492880203,0.939406568331814,0.976341833224516
HCN3,0.0751068056485984,0.940129732997228,0.976644017670593
HEY2,0.592917567326286,0.553236320663338,0.798152102437372
MTX1,2.41996317029548,0.0155220791156092,0.133353984988679
THBS3,3.078402691352,0.00208113484018953,0.0403724129716869
DPM3,0.583002878569099,0.559891362417305,0.801681027328522
SLC50A1,0.0162556803347706,0.987030414834027,0.995727879103592
EFNA1,-1.36966594736792,0.170791203173312,0.467939817685656
EFNA3,1.28656783342593,0.1982449613509,0.500796986486815
NKAIN2,NA,NA,NA
DCST2,1.36963217940243,0.17080174922936,0.467939817685656
SMPDL3A,0.359757531790682,0.719028464346036,0.88870070238458
FABP7,-0.681380543692069,0.495630730681262,0.761408112438267
PKIB,-1.02880382518767,0.303571868881296,0.610597344142438
HSF2,-1.14300114300171,0.253038116494755,0.56421689979283
PYGO2,0.452869393308065,0.650642791296684,0.849836034231957
PBXIP1,0.598126466323797,0.549755551859314,0.795827599839526
PMVK,1.10478927380985,0.269250909344357,0.580805934239533
MAN1A1,-1.57294997885709,0.115730401105744,0.382360695564058
CHRNB2,1.50235289112301,0.133005995765053,0.411713766489449
TDRD10,NA,NA,NA
IL6R,-0.280423048833843,0.779152955731386,0.91573802045518
CEP85L,-0.164205216582888,0.869569594611686,0.95331613852296
NUS1,-0.182624781425838,0.855092438575531,0.946747522291261
GOPC,-0.130966135178916,0.895802096827105,0.962670893388458
ROS1,2.15120480022727,0.0314600383290067,0.193971480713158
C1orf43,1.65109919185551,0.0987183223169707,0.351874078238911
C1orf189,1.93000448386232,0.053606282184229,0.256685087569096
ECHS1,-0.788668617856586,0.430305714380213,0.716849296791279
FAM162B,0.0285866089442175,0.977194292235389,0.991928717942706
NUP210L,-0.406699004183708,0.684229071980375,0.870156503893581
TUBGCP2,-0.326898053604746,0.743744993284149,0.898236347572199
KPNA5,-0.192699243678299,0.847194515809979,0.942846142607265
RAB13,0.486961122883789,0.626285881963493,0.838153759142074
ZUP1,-4.37610109922258,1.20820991723585e-05,0.00132694601338656
CFAP46,1.85811295285794,0.0631529758050792,0.279366741502978
NKX6-2,-0.138654380593705,0.889723268795859,0.960461321383172
INPP5A,0.33553515710822,0.737221428685263,0.894800456047089
CALHM4,-0.459797058792991,0.645661894556834,0.848299252175781
CALHM5,-1.88863848443366,0.05894028657274,0.270036433786938
TRAPPC3L,-0.515932033366303,0.605901880033224,0.827658791563055
CREB3L4,1.4896726586938,0.136310327020295,0.417326106549978
LRRC27,0.480570782558446,0.630821585115297,0.840798711788884
CRTC2,1.49472279786155,0.134986801901447,0.41478169879104
TCERG1L,1.26849714983147,0.204620467909756,0.507920762916308
GLRX3,1.69186319693757,0.090672060564034,0.338246403170497
GATAD2B,1.76794736496388,0.0770697034257662,0.309731784159605
TUBE1,0.212891387765242,0.831411679977545,0.936934623998558
CLRN3,-0.196962165895115,0.84385714501905,0.942144857568288
ADAM12,-0.374131971296491,0.70830613344357,0.883307665340752
NPR1,2.45537699163839,0.0140736909298922,0.126800110970976
SNAPIN,NA,NA,NA
CHTOP,NA,NA,NA
FANK1,-1.00488302563745,0.314953178872618,0.621029806774923
S100A14,2.0736010483453,0.0381163777679852,0.213972771482092
S100A16,1.11328461084586,0.265586213663132,0.577653837201676
S100A2,2.76518746580318,0.00568900911133689,0.0749540590152774
S100A3,-0.608350723518746,0.542954885993466,0.791622659014451
S100A4,1.23532516493715,0.216709511719532,0.520270739908435
S100A5,2.03306143704195,0.0420463163936269,0.22612239620658
S100A6,-1.76319388380441,0.0778677949877027,0.311767527198532
S100A8,-0.526609444812911,0.59846483180685,0.823979640876925
S100A12,0.249158655102028,0.803238059483581,0.926243340985289
PRR9,-0.622029143283017,0.533922704997269,0.786340504621258
UROS,0.00927534241814507,0.992599453602494,0.99761534496465
TCHHL1,-0.265440899926114,0.790669832211814,0.92130940518766
MMP21,2.4423807437952,0.0145907493811768,0.129474694449997
S100A10,NA,NA,NA
THEM4,-1.74980465295747,0.0801520275278866,0.31758191924526
THEM5,-2.57865153170438,0.00991867866439259,0.10245459465229
LINGO4,-0.832255437755948,0.405264777970212,0.698249931397133
TEX36,-0.834645144740818,0.403917535837014,0.697042571836126
MRPL9,-0.133509333183773,0.893790583536863,0.962300464776472
LHPP,1.94850781755253,0.0513542303304498,0.25099130942877
OAT,0.651658783604972,0.514621317026231,0.774023545155363
TUFT1,-0.137206074504648,0.890867909562526,0.960873303069652
SLC16A10,0.288171199346805,0.773215693685132,0.913305890493178
BUB3,NA,NA,NA
PI4KB,-0.934299159283091,0.35014959788254,0.653428096221405
PSMD4,0.703880421353243,0.481507245147746,0.751397923241711
IKZF5,2.44292237442922,0.0145688705475035,0.129432552447897
PIP5K1A,-1.44062361810747,0.149691044284532,0.436056280892884
SCNM1,0.689606361163704,0.490441765986353,0.758164115387285
LYSMD1,1.42348005207846,0.154597040773014,0.443718226838313
TNFAIP8L2,1.01604099442994,0.309609865447532,0.615944469034466
CDK19,1.11360831044086,0.265447259648584,0.577434718268231
SEMA6C,0.148725606425976,0.881770154942074,0.957376124024285
GABPB2,-0.241669701209134,0.80903610866205,0.928051743897138
SLC22A16,-2.30917849343715,0.0209336784786193,0.155417007567681
MLLT11,1.89767108897719,0.0577394233305904,0.267613470919377
DDO,-0.547261999435767,0.584198746885762,0.815105850146582
BNIPL,-0.243867372214466,0.807333539567407,0.92735817255655
CDC40,1.0731802444397,0.283190252726055,0.593725180243638
ANXA9,-0.484896486408866,0.627749774896693,0.838998372533725
CEP57L1,0.0113096210190648,0.990976420364727,0.997144752864687
AFG1L,-0.0737109499467738,0.941240385696216,0.977260371600221
NR2E1,-0.374710496453411,0.707875785076215,0.883220944877179
HTRA1,1.02133439131337,0.307096037785901,0.613499824237748
CTSS,-0.764974441236374,0.444286764256753,0.726141593901211
PLEKHA1,1.45449804313179,0.145808275616509,0.430867160953595
TACC2,1.80453254935572,0.0711478612738198,0.296930814573313
SCML4,-1.89634999841553,0.0579137789829893,0.2682050670509
NSMCE4A,-1.58571428571428,0.112804137034738,0.377145159041805
PDSS2,-0.591343510872473,0.554290281516761,0.798677109794378
ADAMTSL4,0.103342870360269,0.917690852113143,0.968955797077167
BEND3,-0.0396844839043715,0.968344671983082,0.989165815286215
QRSL1,-1.00858458935385,0.313173901107707,0.619218107227485
ECM1,1.7306410969277,0.0835157969896211,0.325448871610922
RTN4IP1,0.866889683558606,0.386002456573933,0.68375344076766
TARS2,-1.62192493885626,0.104819420968642,0.361845407894013
RPRD2,0.461453830242542,0.644473038609558,0.84748746206963
SEC23IP,0.771533199443513,0.440390951851688,0.724255965217402
ATG5,0.285831707900539,0.775007021419603,0.91434976248677
BAG3,1.98293068084617,0.0473751730419177,0.239932917939288
TIAL1,NA,NA,NA
CIART,0.579068603800925,0.562542883624864,0.803299108732366
C1orf54,0.329642465888879,0.741670131308878,0.897151927026316
RGS10,0.619130572214471,0.535830344533287,0.787285372743875
APH1A,NA,NA,NA
PLEKHO1,0.596364836963291,0.550931525616336,0.796329446249334
EIF3A,0.726097114092881,0.467779238081847,0.741382259663646
SV2A,1.18994462844836,0.234068156053141,0.541607406871086
CACUL1,-0.359925959263806,0.718902503534883,0.88870070238458
BOLA1,0.145069783804928,0.884655774912426,0.958356576184819
H2BC21,2.52357307257618,0.0116168914341583,0.113042152835158
ASCC3,0.766008013620632,0.443671533978476,0.725623833493802
H3C10,1.88171634522053,0.0598745392548056,0.272127529990563
H2BC18,-1.32181809078787,0.18622873272254,0.487322702840351
FCGR1A,0.675724968015661,0.499215280565799,0.764195838726737
FAM204A,0.954546977673273,0.339806841699132,0.644916680590081
RAB11FIP2,0.518616750745184,0.604028025621634,0.826368959188316
VAX1,0.678035467302536,0.497749205575749,0.763170567351367
SIM1,-1.02364433261624,0.306003297544951,0.612574093588461
PRDM13,1.76285897057585,0.0779242785150779,0.311779639110367
CCNC,NA,NA,NA
PNLIP,-5.87723102897338,4.17185789769981e-09,7.88063956875493e-06
PNLIPRP3,1.04102160324389,0.297865522047841,0.606809278523269
GJA8,1.6444228334154,0.100088891821987,0.35435775431084
PNISR,0.925966697460351,0.354463287400062,0.656211886012287
FBXL4,-0.31415502455139,0.75340329982482,0.902672874914145
FAM160B1,0.824289061082082,0.409775332612002,0.701722507987599
CHD1L,1.82392146344824,0.0681639463017351,0.290658452740356
KLHL32,2.04583536388104,0.040772571411839,0.221726430375387
UFL1,0.222135127481576,0.824208693116004,0.933666143333172
CCDC186,1.0018644770877,0.316409051275643,0.622357618492453
ADRB1,-1.67050425367049,0.0948196385419866,0.344948092837386
NHLRC2,-0.274636250173111,0.783595713206807,0.917250071106218
EPHA7,1.73592219180834,0.0825775933116944,0.323096525076531
DCLRE1A,0.260736843034337,0.794295451880856,0.922683369931373
PEX11B,-0.494917195080486,0.620658572404343,0.835880368253862
RBM8A,NA,NA,NA
PLEKHS1,0.504154753428314,0.614152633177298,0.832585898807913
POLR3GL,0.521660325655939,0.601906852916911,0.825484741018274
CASP7,0.66014671557367,0.509159682467231,0.770330315882411
MAP3K7,0.845227425089653,0.397983872836709,0.693253362047021
GJA10,1.56892097267247,0.116666354353138,0.383827378535091
SCAF11,-2.01700045649561,0.0436954656752511,0.230356556561983
FCGR1B,1.57162175762514,0.116038297466814,0.382660370993944
FAM72B,-0.534720868235389,0.592842889047202,0.820274834213635
MDN1,-2.05984188393233,0.0394136590423372,0.217617543093825
ADAM30,-0.997355581284099,0.31859194377544,0.624378333121685
ZDHHC6,2.27342778985113,0.0230004130570548,0.163385011047181
HMGCS2,1.47726905880174,0.139603528527443,0.421263682728978
RRAGD,2.54494902189588,0.010929369276865,0.108732474333103
TBX15,0.643443552596337,0.519936330932587,0.777425402455393
GDAP2,1.66283660515625,0.0963451470897091,0.347652307263535
TENT5C,3.3584041419431,0.00078393905750032,0.0218174715229187
CLIC2,2.43584586343687,0.0148570138125738,0.130888653098597
SHOC2,0.626921766030825,0.530710518840299,0.785003328845895
RAB39B,NA,NA,NA
VTCN1,-0.35767834766145,0.720584038613781,0.889377326998069
TTF2,1.53801168969634,0.124045756601864,0.397156668171052
CD101,-1.20546003796638,0.228025756208131,0.533920859593627
CD2,-0.180599327242752,0.856682083981539,0.947571560542113
IGSF3,0.160967493334941,0.872119003292109,0.953782200076667
RNGTT,-1.15127690413204,0.249618335625387,0.561175744679782
CD58,NA,NA,NA
FUNDC2,1.43676790525557,0.150783952760141,0.437600821016404
MAB21L3,0.389740091156345,0.696728747656557,0.876975248591195
CNR1,1.09287971338554,0.274446616437767,0.587123056003332
SLC22A15,1.97755445516553,0.0479789915757692,0.241525156793146
NHLH2,NA,NA,NA
TSPAN2,-0.120904674017738,0.903766540001984,0.96447714218272
RBM20,1.92078895450472,0.0547583195511731,0.25938237501591
SYCP1,-2.03759066212727,0.0415908866747366,0.224311734271456
SIKE1,-0.576244348626353,0.56445003289512,0.804634065940419
SMIM9,-1.12750176572869,0.259530394379118,0.570559109667913
MPP1,1.97694232349329,0.0480481500435819,0.241766281182079
NRAS,NA,NA,NA
RARS2,0.335588128366502,0.737181477541202,0.894800456047089
BCAS2,NA,NA,NA
SYT6,1.85537326847677,0.0635429419496974,0.280050565282743
DKC1,-0.56820496484323,0.569895800624838,0.806996377346567
SLC35A1,-0.596900650983676,0.550573712636208,0.796329446249334
CFAP206,1.37484004321318,0.169181040684144,0.465654286891637
AP4B1,0.985927323578096,0.324168777632201,0.628378471982788
GAB3,1.50503083645793,0.132316148976781,0.410671933320417
CGA,0.0878310065653684,0.930010993313697,0.973223885531237
DUSP5,-0.262201905168043,0.793165784652815,0.922186249077356
SMNDC1,NA,NA,NA
PHTF1,2.28886847821481,0.0220869952406024,0.159855685860146
G6PD,-0.950863814436831,0.341673512954673,0.646186245571375
SYNCRIP,NA,NA,NA
TAFA3,0.969513987521228,0.332288804728327,0.636606036644837
RHOC,0.320100292027439,0.748892304293608,0.901052335999142
FAM3A,0.656393832052849,0.511570757986477,0.772383065653278
UBL4A,1.76336791540842,0.0778384575100473,0.311766437819198
TBX18,0.599565174367237,0.548796062494242,0.795121937470181
CYB5R4,-1.0986977693821,0.271899915854748,0.583898258066121
WNT2B,0.987798129670219,0.323251523741231,0.628246389715118
SORCS3,2.18748667475797,0.028707014930619,0.185472599243914
PRSS35,-2.95323050051329,0.00314467056647956,0.0528612476091648
DDX20,3.16344614490011,0.00155913195587524,0.034346358771409
CFAP58,-0.652377931076432,0.514157397496982,0.773840032593986
ME1,-0.507530870067625,0.611782381969098,0.830747586170366
GSTO1,-4.42306780575852,9.73091848085086e-06,0.00115790267781589
TMIGD3,1.21739345605018,0.223454551663773,0.529369052319007
ATP5PB,-0.0119294938492017,0.9904818667988,0.996883924066112
RWDD2A,-0.473777052675643,0.635658900039433,0.843390774758438
SFR1,-1.03076817190974,0.302649547190851,0.609801417983161
UBE3D,-1.35350873246066,0.175893162189469,0.473729721441323
SLK,-1.69710530890283,0.0896767527091832,0.336945571094275
TENT5A,-1.11234516375584,0.265989772248247,0.578052345452996
ATP6AP1,-2.33749262218505,0.0194135841147418,0.149812111197344
LRIF1,-1.86027509930864,0.0628466146513407,0.27867900252672
NPBWR2,2.37700779862355,0.0174537191121942,0.141750374552085
KCNA3,0.464967188945057,0.641954953512518,0.846877143499962
KCNA10,2.36895785438116,0.0178382860437086,0.143216530118047
SH3PXD2A,-0.552337594528772,0.580717077916117,0.812648993561289
SLC16A4,2.18115968417058,0.0291716076004821,0.186970192354127
NEURL1,-0.582026128862155,0.560549081215409,0.802118661286427
CALHM3,-0.512972684130336,0.607970428537732,0.828752195339928
RBM15,1.46164106810087,0.143839594216873,0.427181860185081
KCNC4,1.83321890538171,0.0667700235020354,0.288027346526118
CALHM2,3.16797402332281,0.00153505235717303,0.0340142393278576
STRIP1,1.04537030321693,0.295851856408842,0.604701217986584
PDCD11,-0.546128343870745,0.584977717644355,0.815612097455613
TTK,-1.6445789185008,0.100056677267235,0.35435775431084
AHCYL1,NA,NA,NA
NEURL1B,0.608446372420579,0.542891463507598,0.791622659014451
EPS8L3,3.06076331589806,0.00220773538969679,0.0421253752640125
ELOVL4,-0.745867380377799,0.455747531804892,0.732998797428217
SH3BGRL2,1.53011562192168,0.125988112076165,0.399733854649381
TAF5,-0.690245266786907,0.490039961116259,0.758035709256786
EMD,2.07156663706488,0.0383058739889337,0.214637881987677
PCGF6,-0.363138230223452,0.716501627472087,0.888277933662779
INA,-0.194944256564718,0.845436587057113,0.942478437858298
FLNA,2.06265583902999,0.0391453384339362,0.217175734937704
GNAI3,NA,NA,NA
AMIGO1,1.15541162121893,0.247921905197077,0.558526510336648
ATXN7L2,-0.209949049798307,0.833707439052579,0.938066981056048
SYPL2,0.906768470302767,0.364529246556724,0.664266969005814
CNNM2,-0.213187541086796,0.83118068567738,0.936934623998558
AS3MT,-1.58750793189805,0.112397651945837,0.376931646956448
SAMD10,1.66792568043493,0.0953304810578608,0.345890571367681
CYP17A1,-4.73687725223844,2.17036529612703e-06,0.000415171650064198
ZNF512B,0.538954965586443,0.589917929044583,0.818205438528832
SFXN2,-2.12934584902921,0.0332256570951045,0.19878430047748
SUFU,0.148691418809242,0.881797132761648,0.957376124024285
ACTR1A,NA,NA,NA
PSRC1,-0.560738010961509,0.57497615069091,0.810102677525428
TKTL1,-0.496706170963328,0.619396270126987,0.83536960590442
ABHD16B,1.42039783126523,0.155491893840457,0.445036647673672
SARS1,-0.322472523009262,0.74709475036143,0.89979796630616
OPN1MW2,1.77640762129078,0.0756657558445237,0.306956365320697
CUEDC2,-1.28560959202751,0.198579347450365,0.501139889392776
ELAPOR1,-0.849913884053243,0.39537296586097,0.691351135996855
IRAK1BP1,-1.22752439984037,0.219625556811229,0.524069362364651
HTR1B,-0.993980081480492,0.320232564779778,0.626048450058474
C1orf194,-1.00051466652235,0.317061503493912,0.622992255987517
IMPG1,0.0967947180176369,0.922889418650156,0.971016145278922
OPN1LW,2.38178212258678,0.0172290877766046,0.140672685119593
NFKB2,-0.220828450261098,0.825226010279508,0.93405758290226
TMEM187,0.313961076119242,0.753550601799101,0.902672874914145
HCFC1,1.95689155000263,0.0503602202457209,0.248382391760227
TNFRSF6B,2.6045342118613,0.0091999235592112,0.0982538832698231
AKNAD1,1.61614787486817,0.106062345445129,0.364308034262034
PITX3,-1.15212578611597,0.24926938835131,0.560682267963356
ELOVL3,0.144477489262053,0.885123430911029,0.958357928784565
STXBP3,-1.09153343188173,0.275038229430506,0.587473883131281
FNDC7,2.25636590158835,0.0240477252820878,0.167239860493262
PRPF38B,0.482845097113689,0.629205727374078,0.84005129291133
ARHGAP4,0.829139853654289,0.407025274485003,0.70000750518008
HENMT1,-0.653583680110049,0.513380061330233,0.773340078417718
ARMH3,1.67992924912651,0.0929710821566217,0.342177056393295
FAM102B,1.48788832955551,0.13678034592636,0.417576359513871
STMN3,2.35511027763339,0.0185172094390842,0.146355684646151
L1CAM,2.0847785719658,0.0370894046504154,0.211109259162741
NTNG1,1.66996490695058,0.0949263070022193,0.345096549136382
GMEB2,2.69085177964023,0.00712698516470439,0.085073459564781
PRMT6,1.62447958640941,0.104273493651369,0.361086396897223
AMY1C,NA,NA,NA
COX7A2,-2.88798215276559,0.00387721871121043,0.0600288831523937
FNDC11,2.36606810060594,0.0179781371008844,0.143901275354113
SRPK3,1.53249248173471,0.125400951460546,0.398791914661569
NPM3,-1.29267674313138,0.196122884685783,0.498635911673226
SLC30A7,-0.448171872635369,0.654029160605947,0.851821828413089
EXTL2,-0.767640083804803,0.442701041569905,0.725018851440203
DBT,-1.40812920760964,0.159092813772547,0.450655750604843
TRMT13,2.01553085715224,0.0438490562429853,0.230356556561983
DPCD,0.266095070302189,0.79016599150952,0.921057564529079
MFSD14A,NA,NA,NA
SLC35A3,0.745275513099777,0.456105181022512,0.73318074463223
POLL,0.473685473763373,0.635724213556999,0.843390774758438
DUSP9,3.69964404766446,0.000215902069230613,0.00896349469838744
PPDPF,-1.20776848187885,0.227136328076013,0.532930126253558
PLPPR4,1.52668327922172,0.126839787224507,0.401004783375888
BTRC,-0.266545765950159,0.789818917642541,0.920896804522343
DPYD,0.0763821518401783,0.939115068887342,0.976321873127672
LBX1,1.00053118724086,0.317053512614291,0.622992255987517
TLX1,-0.158100201318126,0.874377841978186,0.954727607692263
PTBP2,NA,NA,NA
KAZALD1,-0.533600097488193,0.593618240794583,0.820482899531516
RWDD3,1.0392307477677,0.298697433603718,0.607123933197723
TLCD4,-0.485560566969446,0.627278760462194,0.838880150083908
ALG14,-0.0828831113285342,0.933944483038034,0.974904903058069
CNN3,NA,NA,NA
HAUS7,-1.31913811765776,0.18712294188064,0.488225465763163
ABCD3,-3.70744561594004,0.000209360357991867,0.0087884825832586
LZTS2,-0.5911401774341,0.554426501672919,0.798732483006422
ABCA4,2.08207369220179,0.0373357391046442,0.211238371152895
TREX2,-0.0900851473440539,0.928219551929252,0.97303370343749
GCLM,2.34743019496658,0.0189034148979237,0.147632251130451
MRPL43,-1.06992753926201,0.284651925994298,0.594973707555441
BCAR3,0.768574241380116,0.442146101869448,0.724854837432318
ZNF275,1.59901009594444,0.109818359331154,0.372352489614628
CHRNA4,2.74807584567546,0.00599461403343819,0.0771640607098109
SLF2,-1.08414317151905,0.27830132382345,0.590437962322051
DR1,NA,NA,NA
NSDHL,0.950824171603243,0.341693640045054,0.646186245571375
CETN2,0.407232241567848,0.683837423451726,0.869924896887083
TMED5,0.209634782699517,0.833952730130079,0.938066981056048
MTF2,0.23309712917823,0.815685984096538,0.930929331794644
DIPK1A,0.750660340378977,0.452857096837327,0.730839005489715
GABRA3,0.393421963642245,0.694007850211084,0.875824813637471
NKAIN4,0.459163684387089,0.646116627020484,0.8484190923554
RPL5,NA,NA,NA
GABRE,1.01031280486723,0.312345448217544,0.618227166137986
DDX43,-0.737115979420398,0.461051822467538,0.7365132284492
YTHDF1,1.14867349621872,0.250690638527378,0.562416408762728
SEC31B,-1.19645893843406,0.231517513161122,0.537598749061291
FATE1,-2.39146677257746,0.0167812028639016,0.138653656467622
SLC17A9,0.498558560072395,0.618090404978144,0.834949691608984
SCD,-4.47915025742531,7.49407690140399e-06,0.000959749916389975
GLMN,-2.33223646068948,0.0196882550669808,0.150492471417416
VMA21,0.617573404115746,0.536856580640803,0.787973644778925
DPPA5,-0.740336529194497,0.459095821054726,0.734786702793796
BLOC1S2,2.22124365351899,0.0263344629694767,0.1760913293782
C1orf146,-0.553390159957358,0.57999627546238,0.812191846711134
EPHX4,-1.40686685502549,0.159466873598742,0.45114788775856
MTM1,2.04105693817358,0.0412451679331176,0.222844825815257
CHUK,1.61936314582009,0.105369151509903,0.362884726845587
CPN1,0.716756878673811,0.473524123152836,0.746105364308795
HFM1,-3.11104739817821,0.00186425013300143,0.037937755608331
OGFRL1,-1.86804139552516,0.0617563011670289,0.27668580588086
BARHL2,1.78959304505732,0.0735193573951472,0.301984867754573
LRRC8C,0.966289829592088,0.333899173778779,0.638268595820083
SMAP1,-1.8729305343246,0.0610779780719296,0.274926169915037
AFF2,3.04511982026046,0.00232587627690373,0.0435245911801793
FMR1NB,-0.830589879854986,0.406205353745665,0.69907474157892
SDHAF4,0.373627447881224,0.708681510074519,0.883557048118648
FMR1,-0.611132776254494,0.541111682672308,0.791145486507733
CUTC,1.1573014848347,0.24714920710703,0.557367380659818
MRGBP,0.947884153148248,0.343188433152397,0.647716198551145
ENTPD7,3.05652152738399,0.00223921400569815,0.0425341459739061
SLC25A28,-0.535729573719689,0.59214546146217,0.819760188129014
GTF2B,NA,NA,NA
NTSR1,2.45629508226528,0.0140377836660052,0.126779578620865
GOT1,-0.439273451335889,0.660463408624868,0.856086051692864
PKN2,-2.33198565937164,0.0197014455913909,0.150492471417416
LDOC1,1.54585242930752,0.122140211508257,0.394566668728682
SOX3,-0.209982571987989,0.833681275340265,0.938066981056048
LMO4,NA,NA,NA
HS2ST1,-0.147081061490149,0.883068038039,0.958243515348567
HPSE2,2.07187997093002,0.03827663628168,0.214613680294328
CLCA4,-1.21469728326383,0.224481569093939,0.530471535910494
CLCA2,-1.97565053124477,0.0481943713012495,0.242044978100526
COL24A1,-0.887203284431956,0.374969464458837,0.675070115189652
ZNHIT6,-0.07562648348466,0.939716266022283,0.976451344534668
PYROXD2,-2.06886311808709,0.0385589334175488,0.215257702920576
MCOLN3,-1.37107908670028,0.170350303527967,0.467211213596123
CRTAC1,-1.42672735944474,0.153658496298845,0.442218091043258
ADGRB3,-1.52370854197293,0.127581534694156,0.402844160530315
GOLGA7B,NA,NA,NA
MCOLN2,-0.221986553465546,0.824324350981382,0.93368232589047
LPAR3,-0.501698326318685,0.615879741995279,0.833331192901156
EYS,-1.35550315443178,0.175257304258863,0.473028823354159
AVPI1,-1.87017834270474,0.061459056139161,0.275599185867953
CD40LG,-0.192993141866257,0.846964339121504,0.942846142607265
CTBS,-1.79282763638974,0.07300048901937,0.300826809216582
PI4K2A,-0.572842106487733,0.566751606421473,0.805744597170514
HOGA1,-4.40540179849699,1.05587978247628e-05,0.00121805002082302
BRS3,-0.3973736267477,0.691091960708729,0.873956628471155
RPF1,0.934774663116638,0.34990443962012,0.653131903599216
LGSN,0.0809211938058818,0.935504625017548,0.975337688426356
UBTD1,1.40857727391618,0.158960202715952,0.450655750604843
DNASE2B,0.0512336117229993,0.959139368722739,0.985686102695548
SAMD13,0.670935491074859,0.502261625632285,0.765892886259876
PRKACB,1.1023887158158,0.270292715164348,0.582026718661103
BAG2,-1.35732210237021,0.174678887461783,0.472564867046629
SLC9A6,0.604638407384293,0.545419281217619,0.792839525641657
ZNF451,-4.46886246509316,7.86366701399073e-06,0.000982113519962214
ADGRL2,-0.347781175742755,0.728004527798776,0.890852127423931
ADGRL4,-0.984063123447336,0.32508447708601,0.629512991299686
BEND6,-2.67510968816455,0.00747048039564923,0.0876505432756608
IFI44,0.758956444465419,0.447878612094294,0.727537403292472
IFI44L,0.339909310489138,0.73392482492285,0.892886325932169
PTGFR,-4.97504285729783,6.5233205847976e-07,0.000205375876411378
GIPC2,0.722145666562507,0.470204924198589,0.743589034584458
DNAJB4,2.2086151013589,0.0272014240639928,0.17969881851422
FUBP1,0.141942155352095,0.887125696245255,0.959241274016624
MOSPD1,1.88991941270867,0.0587687388217672,0.269861191453827
MMS19,0.468750047385098,0.639248309160053,0.845260161216748
MIGA1,-1.8980363794376,0.057691289894017,0.267613470919377
USP33,0.9498281677397,0.342199570827126,0.64696426959364
ZZZ3,-1.2980955264408,0.194254511372426,0.496950827849585
PIGK,-1.13614805119273,0.255894607670451,0.566367630157527
MTG2,2.33775062744087,0.0194001881813123,0.149808709144605
GPC4,0.177147113381263,0.859392835952394,0.949109339595366
BMP5,-0.873685625387137,0.382289481270295,0.681360973660518
ACADM,-3.60528374336044,0.00031181205532659,0.0115210361371527
MBNL3,0.154354979995084,0.87732984892689,0.955974928378161
ZDHHC16,0.487922394746253,0.625604811243364,0.837687392123846
SLC44A5,-2.55782946989537,0.0105327729427781,0.105902371730714
TYW3,-1.20880613956253,0.226737332320033,0.532886150908196
PSMA7,NA,NA,NA
RAP2C,NA,NA,NA
LRRC1,-1.02692729548915,0.304454700328247,0.611499126975076
FPGT,-0.451939430091763,0.651312617831654,0.849895197363955
EXOSC1,2.13762336679567,0.0325473236887641,0.196742062233841
IGSF1,2.33455575892363,0.0195666399991969,0.150173216692668
KLHL31,-1.87409602199323,0.060917191528871,0.274718173197344
ZRANB2,-0.963028833608293,0.335533053639017,0.640044743706718
CTH,-2.40273736237873,0.0162728699651516,0.136317235782332
ANKRD13C,0.567584490182067,0.570317141081855,0.807366054897329
SRSF11,0.133024438144939,0.894174053409619,0.962380589720183
LRRC40,-0.692517085159607,0.488612660290889,0.756936393881694
GSTA4,-0.639553915359624,0.522462651344553,0.778337498730174
DIRAS3,1.98564410795095,0.047072855162113,0.239114281415076
GADD45A,-0.46873542808452,0.639258760094377,0.845260161216748
PPP1R3D,1.28505993580575,0.198771340459257,0.501139889392776
C1orf141,-2.10992578095717,0.034864749220967,0.203820537805514
PHACTR3,1.19014235975892,0.233990443563921,0.541546214323771
FRAT1,0.988988047205856,0.32266898978175,0.628049172279985
WDR78,-0.645473037933092,0.518620685284774,0.776558299423228
LEPROT,-0.600494150600955,0.548176958054212,0.794853734021351
DNAJC6,-2.69674888878588,0.00700200498938855,0.0842769912500905
ROR1,0.0778436834412951,0.937952397490716,0.976193982842955
PGM1,2.28998011798915,0.0220224692217342,0.159855685860146
EFCAB7,-3.59371427341464,0.000325997320751583,0.0118710156896336
XPNPEP2,-1.27098987717603,0.203732249899449,0.506833694675594
OCRL,0.501038741666451,0.6163438576386,0.833633614663431
FOXD3,-0.706031332988199,0.480168652332191,0.750567185820623
PKHD1,-1.3213134295483,0.186396877943671,0.487432582569474
SMARCA1,0.222297005903093,0.824082682743479,0.933666143333172
ACTRT1,NA,NA,NA
PRR32,-0.140523433786105,0.888246438703116,0.959826970445584
DCAF12L1,-3.93875769179777,8.1904594827055e-05,0.00489226180642868
ANGPTL3,-2.79766247187094,0.0051473871740007,0.0708467314155729
SH2D1A,0.765770423773817,0.443812915399677,0.725693229501695
STX16,1.10812856530564,0.267806295949883,0.578846907028013
TM9SF3,2.30908392636232,0.0209389245240735,0.155417007567681
USP1,-2.15704754984843,0.0310019597098945,0.192878392398488
APCDD1L,0.754287208367785,0.450676781575458,0.729294462002246
KANK4,-1.45497957536836,0.145674916003595,0.430641496605308
CRISP3,0.367911642531285,0.712939118717869,0.885795935383083
C20orf85,0.119452836028752,0.90491660381057,0.96447714218272
OPALIN,-0.568506929528512,0.569690801752607,0.806885529422452
ZBP1,-1.26867009483309,0.204558752720552,0.507920762916308
DNTT,-1.46281334069667,0.143518461640862,0.426831582060192
NFIA,-0.952141496251822,0.341025226523414,0.645671350168974
GLYATL3,0.537173832931585,0.59114754438543,0.81897888620761
C1orf87,-1.30449153704498,0.192066043156653,0.49395882304005
ENTPD1,-1.92191272468217,0.0546167404180191,0.25904544319605
HOOK1,-0.193353958855696,0.846681770477928,0.942846142607265
ADGRF4,-2.18437002720617,0.0289350688294054,0.186146131107372
JUN,1.55678693196117,0.119521080857738,0.389825060667287
ALDH18A1,-1.39976963401561,0.161582313822285,0.453787758127182
TACSTD2,-1.41659402675455,0.156601655931691,0.446943196305895
OMA1,-0.839817481091425,0.401010730458367,0.695379492199226
DAB1,-1.08383347807814,0.278438638638786,0.59053640322664
C8B,-0.540681771146587,0.588726945077554,0.817946529993567
PRKAA2,1.81943604927365,0.0688449310856045,0.292489344550367
PLPP3,-2.5913334710903,0.00956047999553158,0.100263667053788
ADGRF1,-5.0860476515158,3.6560223244465e-07,0.000146173355751275
SPO11,-0.491018311389596,0.623413496371471,0.837041616536612
TMEM61,-0.874374086365125,0.381914564825253,0.681360973660518
DHCR24,-1.53510726241397,0.124757482679476,0.397790136087162
LEXM,1.012964160695,0.311077279904027,0.617272897067987
TTC22,-0.230643437422596,0.817591819082318,0.931559677411948
PARS2,0.598033902086284,0.549817312208328,0.795827599839526
TTC4,-0.706754923874977,0.479718791096699,0.750315770613143
MCTS1,NA,NA,NA
SSBP3,NA,NA,NA
TCEANC2,-1.82312230736715,0.0682848686933463,0.290703911109175
SLC25A27,1.58401231107495,0.113190917554996,0.378020142782564
CACNA1B,0.0181109366019646,0.985550353236463,0.995019401429016
LDLRAD1,-1.75252493293865,0.0796835864590975,0.316750668889956
NOC3L,1.65449203542679,0.0980275802575936,0.35028819630914
LRRC42,-4.60944145453137,4.03752206609425e-06,0.000616313469321376
PLCE1,-0.174555537903942,0.861428887700619,0.950282017003558
ENPP5,0.226745187452368,0.820621887592434,0.93249401949747
FAM210B,-1.0136687996044,0.310740816634126,0.6171527429327
SLC35G1,-2.89552471322147,0.00378525223453995,0.0593389333696761
NKAP,2.66164819873571,0.00777591021166258,0.0895920274269804
LGI1,1.76396343536636,0.0777381354838426,0.311695065914521
PFDN4,0.888186467676997,0.374440456720924,0.67457253090332
ARRDC1,1.53574811711041,0.124600168912938,0.397790136087162
NDC1,-0.935291588011915,0.349638049256157,0.652876584747194
RNF113A,-0.0121473419513169,0.99030806175654,0.996883924066112
MRPL41,0.85266600849121,0.39384454603153,0.690301412622185
PDE6C,1.30604054691095,0.191538769225377,0.493526663347638
SUPT3H,-2.02200460998465,0.0431758756109248,0.229501875565352
RBP4,-0.195622944837048,0.844905299873487,0.942361782937674
MAGOH,4.58188740349445,4.60797997300933e-06,0.000682703856393303
ZNF217,-1.66263870140311,0.0963847792618284,0.347712290332956
NSMF,2.09103402251511,0.0365250142439265,0.209395301689764
CDC5L,-0.558147734727067,0.576743506993275,0.811109235959365
FFAR4,-2.20631278198582,0.0273621070339047,0.180098274340939
CEP55,-1.26947022203912,0.204273404616498,0.507559962276309
TSHZ2,0.407556410877293,0.683599371361908,0.869721645059872
TCTE1,-1.14023593900047,0.254188018481119,0.565216865171363
ENTPD8,0.43957350040574,0.660246037058599,0.855935327445272
SCP2,-0.564761384122744,0.572236075886095,0.808643312024562
NDOR1,-0.491027047568815,0.623407317535217,0.837041616536612
ECHDC2,-1.26183035060261,0.207009838479398,0.510578232112074
ZYG11A,-3.09366162489214,0.00197702832992477,0.0391058273845853
COA7,1.37348224141455,0.169602478248671,0.466179591036172
LRRC26,-0.215238244579137,0.829581574757508,0.936134643237734
GRIN1,2.61174580696768,0.00900812042418626,0.09702830780492
UBE2A,-0.710705312219014,0.477266867096308,0.748646138214595
ORC1,-2.03074144507977,0.042281229718547,0.226740221258582
KCNG1,-0.508759286753887,0.61092096018406,0.830087893391613
DPP7,0.015523659944544,0.987614408860012,0.996184017266887
CC2D1B,-1.03032088525187,0.302859398098927,0.610078808860435
DPM1,-2.62952090420609,0.00855052747812171,0.0940433560766923
MAN1B1,-1.77583899016581,0.075759459163993,0.307149161105015
NPDC1,-1.08936702014479,0.275992068853,0.588779383454
BCAS4,-0.849290274755292,0.395719791039034,0.691655649170995
PARD6B,-1.2006024420798,0.229905453308161,0.535497035325609
KTI12,-0.578655045284813,0.562821954883159,0.803299108732366
PAXX,0.746144521932738,0.455580116997269,0.732876590954249
PTPN1,-1.45206180628083,0.146484420586799,0.431936110030772
PTGDS,0.763906362380981,0.444923045654689,0.726280454736857
TXNDC12,-0.330556471687687,0.740979529984583,0.89700399489062
TNKS2,0.631684804370183,0.527592859417628,0.782201833760345
LONRF3,2.2697717375505,0.0232214362096742,0.164379165591432
LCN12,-0.360326979518735,0.718602625739896,0.88870070238458
C8G,-1.29630981518491,0.194868768386965,0.497519377442838
TMEM189,-1.93543471089576,0.0529369732690775,0.255977989608032
RAB3B,0.282731932225737,0.777382336154465,0.914795348385475
RABL6,1.03162754261943,0.302246632631727,0.609738501178836
IL13RA1,2.2474255163495,0.0246128458044864,0.169176774013157
LCN8,-0.671706080528826,0.501770829623053,0.765827082265304
DIPK1B,1.07472887927258,0.282496130175275,0.59342001929259
AGPAT2,-0.130419078113189,0.896234873348664,0.962700159381557
ANKRD1,0.736013794579739,0.461722302830718,0.736883244310678
EGFL7,1.17263291131736,0.240943045543785,0.549853715532721
B4GALT5,-2.319664036484,0.0203590587710528,0.153080605631469
INPP5E,-0.136359509983088,0.891537080990339,0.961198062947018
PMPCA,-0.587112514436462,0.55712814326875,0.800421732098547
KIF20B,-1.23560793886461,0.216604332306854,0.520270739908435
CARD9,0.798245600149376,0.424727979930098,0.712373943696297
EPS15,-1.52151736191761,0.128130057757091,0.403732575651619
DNLZ,-2.23164729791257,0.025638282995039,0.173596052958254
KCNB1,-0.338591376862377,0.734917579559197,0.893130234201736
LHX3,-0.667778457814419,0.504275019487759,0.766935655885471
ZNFX1,-0.160288846352183,0.872653544599068,0.95402876060474
UBAC1,-0.914868479546283,0.360260679285718,0.660871496159962
C1orf185,-0.325240331425752,0.744999186443113,0.898239291794855
MRPS2,-1.19646564497634,0.231514897462688,0.537598749061291
SLC16A12,-0.0931364273474752,0.925795178356907,0.972380924056824
OLFM1,0.268103135064276,0.788619932715289,0.920229224578773
IFIT5,-0.941694377263391,0.346349134594013,0.650028331095967
IFIT1,-1.63034152346865,0.103029336199234,0.359356462511603
IFIT3,-0.645498899067954,0.518603931505908,0.776558299423228
COL5A1,0.330277626501296,0.741190196770519,0.89700399489062
BEND5,0.326933139800435,0.743718455235228,0.898236347572199
AGBL4,1.09523080446504,0.273415533395159,0.58558043376809
SPATA6,1.29522203832015,0.195243644396935,0.497978388882106
VAV2,0.132576048190661,0.894528675956036,0.962554639066336
CH25H,0.554774033190112,0.579049230430369,0.811893855099623
STAU1,-1.14676010266092,0.251480782716154,0.563018901986151
SARDH,-3.89294649956655,9.9033998685183e-05,0.00546994299028213
CMPK1,-0.285919129629882,0.774940061773512,0.91434976248677
TAL1,-0.524525319241159,0.599913214220723,0.82456312343504
PDZK1IP1,-0.414871097670713,0.67823626884372,0.866275988988473
SLC2A6,0.040984503360806,0.967308250008578,0.988930384254603
CYP4X1,0.39035529201163,0.696273842549366,0.876574976571541
AGTR2,0.817899344659236,0.413414664571665,0.704104858673165
ARFGEF2,-0.771288832558867,0.44053575017349,0.724301458906987
STAMBPL1,0.81922052827823,0.412660604727769,0.703574662620135
ADAMTS13,-0.75130005817325,0.452472094216069,0.730685861059333
ANKRD22,0.0106080699004983,0.991536143548018,0.997144752864687
IL13RA2,-1.52278410813178,0.127812727148068,0.403152981144146
LIPJ,2.05846249389932,0.0395457580515278,0.218107845136747
PREX1,-3.2110744602691,0.00132239664993335,0.0306503959720748
REXO4,0.685869547639906,0.492795374864576,0.759459539473108
MKNK1,-0.793081446358308,0.427730371834458,0.714475669190045
PTEN,NA,NA,NA
DMBX1,-1.93007475612999,0.0535975757752734,0.256685087569096
STKLD1,1.11753540895879,0.263765468508987,0.576181520686297
AMOT,0.996572577990512,0.318972021914811,0.624634598312379
SURF2,1.0243519417747,0.305669072530843,0.612472954665354
LHFPL1,1.95519351620124,0.0505602335857534,0.248638545378427
SURF1,0.553115482257087,0.580184335773359,0.812204324428625
LURAP1,0.50174498452304,0.615846916841015,0.833331192901156
SURF4,0.494623499661219,0.620865910969528,0.835880368253862
POMGNT1,-1.03792892333905,0.299303146788593,0.607612728945355
MINPP1,0.167168446108404,0.867237511382307,0.952661982338598
NCOA3,-0.278095590731087,0.780938980381914,0.916381279405925
TSPAN1,-3.67833726763729,0.000234759399442987,0.00958833525508764
MRPL14,-2.49219960293759,0.0126954669877135,0.119508762381172
SNCG,-0.350831008288476,0.725715132730848,0.890852127423931
SURF6,0.347885289433566,0.727926333389603,0.890852127423931
TMEM69,-0.360547938816854,0.718437413726667,0.88870070238458
MMRN2,0.117454378076084,0.906499994754364,0.964669535353719
BMPR1A,1.42054030337729,0.155450443804944,0.445002293385171
GBGT1,-0.581606295206848,0.560831901642851,0.802204976369585
CHRDL1,1.31801456461959,0.187498772364523,0.48876787656116
VEGFA,-2.17548603322887,0.0295937136255404,0.188144804505329
AKR1A1,-1.81053543541889,0.0702127943269471,0.295098299216021
OPN4,-0.342322160178423,0.732108460464055,0.892377107353138
TMEM164,-0.0949661394353647,0.924341722147908,0.971623207544536
TESK2,-1.47767608925542,0.139494497329665,0.421186981747433
CCSER2,-1.44885655111054,0.14737764708654,0.432698755049793
TOE1,-1.50387242327284,0.132614218800967,0.410921893483744
MUTYH,-1.41046756214674,0.158401668059027,0.449786923658025
KCNE5,-1.04808021692745,0.294601650099926,0.603909405359478
LRIT1,1.77543736838422,0.0758256984674067,0.307288269037128
GTF3C5,0.38769135185684,0.698244456436255,0.877616089522756
IRS4,1.53277827368421,0.125330495548847,0.398651746734197
MRPS18A,-1.44238748222889,0.149193093191003,0.435672661700954
GHITM,-0.302903509187877,0.761963396970829,0.906390967807239
SPACA9,0.152755026661482,0.878591464923248,0.956328459601339
GTF3C4,1.53883111470367,0.123845531676001,0.396851924234038
RSPH9,-1.10869574840956,0.267561456648678,0.578818103133306
MAD2L1BP,-0.510355149112567,0.609802672632407,0.829383422118472
HECTD3,-0.192392405416146,0.847434840881532,0.942846142607265
RAPGEF1,-0.619515906933197,0.53557654610517,0.787285372743875
PTCH2,-2.86385298602046,0.00418522207792619,0.0626829296745496
DYDC2,-1.51397727947046,0.130031602136276,0.406840076911678
PLK3,0.947253750765479,0.343509491702193,0.647755857075561
DYDC1,-2.01089959686194,0.0443360629580687,0.231126985671637
BEST4,1.03683017475449,0.299815010114371,0.608014325851743
UCK1,-0.333718015203241,0.738592354013565,0.895913693359454
MAT1A,-3.234503998089,0.00121854214585187,0.0289993841072653
KIF2C,-0.169658059788302,0.865279059247033,0.952096777584183
POMT1,0.0589681864058089,0.952977447571115,0.982627946758644
ATG4A,0.329820645540077,0.741535486601164,0.897060860832276
POLH,-2.05902565032687,0.0394917813473739,0.217889667660283
TMEM53,-2.00306983888228,0.0451697928107187,0.233689116383287
RNF220,1.05246266384036,0.292587331639979,0.602148952164423
ERI3,1.03127523437244,0.302411768595647,0.609766292092146
PLAC9,0.0544576946670777,0.956570513309239,0.984183932266423
PLPP7,-1.29562570851138,0.195104467560061,0.497875500467348
FAM78A,-0.209055027912441,0.834405281473359,0.938066981056048
TMEM254,-2.94150095985976,0.00326625830379714,0.0541224731216913
CD40,1.55237208970545,0.120573217689837,0.391680095524354
KLF17,-0.162728818027582,0.87073195591192,0.95331613852296
CCDC24,-0.536605876018106,0.591539884396557,0.81922202465183
SFTPA2,-0.319470637935668,0.749369653288401,0.901060881136862
MMP9,1.56091797923772,0.118543104586997,0.387586195698549
ZCCHC24,NA,NA,NA
FIBCD1,1.09858328988048,0.271949869671949,0.583898258066121
IPO13,0.496035121879791,0.61986963145697,0.835486074792877
ABL1,-0.898124575834944,0.369119138288388,0.668873899634109
EXOSC2,1.3351493358153,0.18182747496893,0.482249511029973
POLR3A,-1.28746941599781,0.197930722982882,0.500523608721102
DLG5,0.448279348647428,0.653951602824394,0.851821828413089
KDM4A,-0.879285822208584,0.379246321187948,0.678887752403728
NCS1,4.00925784587633,6.0909878872567e-05,0.00409097817565437
PCIF1,-0.756972552997479,0.44906630630643,0.728455347885656
USP20,-0.149910846946061,0.88083495380387,0.957225501357981
PLTP,-0.0490592997950346,0.960872038385767,0.986471874086206
HYI,-2.3230157981385,0.0201783037663099,0.152314948309928
LRRC73,1.03013021751584,0.302948881989487,0.610096415861557
TJAP1,0.315536495204724,0.752354346040021,0.902387625783267
C9orf78,2.06657831311538,0.038773906071495,0.215819988417102
DNAAF6,-2.12604564615877,0.0334994590005959,0.199496014432411
ELOVL1,-0.805580919392992,0.420484531095483,0.709350550783092
NUP62CL,-0.720258699361067,0.471365728544784,0.744830080786429
PRRX2,NA,NA,NA
MPL,-2.1834371638791,0.0290036316236215,0.186240899771511
TIE1,0.32125963328052,0.748013644297358,0.900285297277928
RBM41,-0.0945940865282061,0.924637247041164,0.971772590394748
CTSA,-1.07461316152479,0.282547956787339,0.59342001929259
NTMT1,0.958963940081796,0.337576911472526,0.642673725123215
IER5L,2.05288656245937,0.0400835805623157,0.220110126983181
ZNF691,-0.615082909715839,0.538499967932464,0.789017730881719
ERMAP,-0.722033270724484,0.470274022417523,0.743620490402177
NEURL2,-0.0397061563126281,0.968327393521499,0.989165815286215
SPATA25,-0.255302823215059,0.798489219571381,0.924704862990184
ZSWIM1,-0.692239445506787,0.488786970909918,0.75712881348818
ZNF503,1.16123244763011,0.245547382592327,0.555329548897821
C1orf50,-1.68922536542682,0.091176249799029,0.338928589818262
ABCC10,-2.25672017914822,0.0240255651217887,0.167239860493262
COMTD1,-1.2404657495156,0.21480317499295,0.518216088839953
DOLPP1,-0.549117708111354,0.582924673513469,0.814019971815144
RADX,-1.42754923650775,0.153421643785408,0.441755909893992
SH3GLB2,-0.244433075898026,0.806895427656236,0.927144442118388
TNNC2,NA,NA,NA
PPCS,-0.957368634997335,0.338381223746175,0.643384128491721
SERPINA7,-3.20992403206035,0.00132770056883792,0.0306792217068481
ZMYND12,0.248086737748121,0.804067296667991,0.926280639565898
FOXJ3,1.03958804178193,0.298531334982625,0.606961512883882
NUP188,-1.80184557712406,0.0715697046927544,0.297420884353846
GUCA2B,-1.01284570487148,0.311133865843759,0.617272897067987
IL1RAPL2,-0.702133066825439,0.48259618247075,0.752306390360023
HIVEP3,1.04167736108736,0.297561288438948,0.60641232279391
SLC22A7,-3.17854536318254,0.00148016054650524,0.0331380535982032
DOLK,0.343094872595824,0.731527088359756,0.892123812336091
EDN2,1.2801492037558,0.200492666725444,0.502378573960357
LRRC8A,3.17665551718497,0.00148983886662003,0.0332575496405562
GLRA4,2.83721797185245,0.00455085319562375,0.0663187015354543
DNTTIP1,-0.412727013156446,0.679806631086884,0.867193191568757
CITED4,-1.20034098664969,0.230006937831732,0.535497035325609
ENDOG,-0.0246205056200536,0.980357663136899,0.993310843110201
TBC1D13,-1.22185963228436,0.221760713235537,0.527340345934764
ZDHHC12,0.848366268375872,0.396234022201026,0.691921486422684
RIMS3,1.51083153065735,0.13083137908373,0.40774401631128
SET,0.0439820783082637,0.96491868948051,0.988109549236968
WDR34,-2.03228798370931,0.0421245102296958,0.226303350748057
DBNDD2,0.00855108235376784,0.993177306558915,0.997732862907553
SDC4,-0.311520028945981,0.755405318965272,0.903270523300206
COL9A2,-0.326349475012888,0.74415995972393,0.898239291794855
MATN4,-2.75727549909038,0.00582852213297076,0.0760299935288903
ZMPSTE24,-0.276814385959296,0.781922634265788,0.916771258798805
PLAU,0.636904532029808,0.524187030559327,0.780026175609197
TMCO2,0.250892785389055,0.801897002479912,0.925755917622432
RLF,-1.82943701403736,0.0673341669283734,0.289406692440722
CAP1,-0.577993405177133,0.563268571677951,0.803560337505635
STK4,-0.391080934183998,0.695737412953644,0.876227194544616
GNMT,-5.09426742752853,3.50092303423236e-07,0.000146173355751275
MFSD2A,-1.07398158639063,0.282830934499258,0.593497807366099
TOMM34,1.32665659290193,0.184622305967009,0.485135156976777
CHCHD1,-1.23244581932735,0.217782594032362,0.521939257372544
CNPY3,-1.26724879480596,0.205066343395849,0.507983856743709
CERCAM,-1.75722999736982,0.0788786141704084,0.314432502596468
FUT11,-3.20491660678186,0.00135101617534209,0.0311703151782742
RIMS4,NA,NA,NA
HEYL,-1.36080253706798,0.173576099946057,0.47143817799871
PABPC4,2.6457916915762,0.00814999871637632,0.0912316893347252
KCNK15,-4.66060965669643,3.15274137516951e-06,0.000523562941335842
CCN5,-0.662508916160249,0.507645122550079,0.769075999195668
ADA,-0.200975953514858,0.840717376747289,0.940826495660918
TBCC,-1.98827243890914,0.0467815672365908,0.238242949822503
TRUB2,-0.731066654161733,0.464738441003172,0.73918498092701
UBR2,-2.84478472613651,0.00444414471047666,0.0653306564831938
TIMM8A,NA,NA,NA
ANXA7,-1.27219639537767,0.203303348049857,0.506398581791567
DNM1,2.65319670737914,0.00797333897711501,0.0905282484013238
CENPI,-1.58969292117447,0.111904040089441,0.375965730064836
TMEM35A,0.775390023269715,0.438109228603647,0.722345388816299
MRPS16,1.31793654511768,0.187524890702859,0.48876787656116
DNAJC9,-1.70638059661293,0.0879372408505724,0.333393774142963
XKRX,-0.108764300460531,0.913389439894319,0.967233061236493
NOX1,-3.29809853052493,0.00097341970108818,0.0249750738927752
NDUFS5,-1.74408091569706,0.0811449813311186,0.31992308675788
TAF8,1.00448270629532,0.315146002784878,0.621247899045797
ECD,-1.78509509713924,0.0742458931061485,0.303572493674274
JPH2,-1.542146398218,0.123038022114866,0.395859184628455
RHBDL2,1.14466990321956,0.252345923316248,0.563619803895233
CCND3,1.81695544851884,0.0692239353275789,0.293484626497537
C9orf16,2.33492780594363,0.0195471924837414,0.150133551314892
RRAGC,-0.313965457902235,0.753547273777884,0.902672874914145
GTSF1L,-0.404500166975408,0.685844955125157,0.871199023385787
SRPX2,0.525826827532783,0.599008532911255,0.824221975919163
POU3F1,NA,NA,NA
UTP11,-0.250222504466998,0.802415282654829,0.925755917622432
FHL3,1.58610570466083,0.112715333019864,0.376931646956448
FRS3,-0.0188268888861715,0.984979203392943,0.994627363325985
SF3A3,NA,NA,NA
TSPAN6,-1.5567181840479,0.119537409418489,0.389825060667287
INPP5B,0.480779911453086,0.630672929097148,0.840674720341899
PGC,-5.33543941794414,9.53134492250681e-08,6.54716747586014e-05
IFT52,-1.13309830478213,0.257172973189623,0.567688865153606
TNMD,0.787051919960737,0.431251473320403,0.717344222874842
PLA2G12B,-1.23894912705635,0.215364338605596,0.518853012027606
PCDH19,1.30372259550895,0.192328182441775,0.494212462686636
MTF1,-3.35249647747174,0.000800862605505727,0.0220505640276666
C1orf122,NA,NA,NA
YRDC,-1.07750744264037,0.281253627577225,0.592854651777532
MANEAL,0.860247122405615,0.389652834090845,0.68653767386975
EPHA10,1.48365806796014,0.137899655880066,0.419087912665482
MDFI,0.624184031777868,0.532506732462162,0.785556593222198
MCU,1.44492612430774,0.148478637445243,0.434257629005711
FOXP4,0.0135990041640383,0.989149898959718,0.996710034569025
DIAPH2,-2.54507331998208,0.0109254795057268,0.108732474333103
GNL2,-0.417967384167849,0.675970964055217,0.865554415251859
SLC25A25,-0.814356830428781,0.415440561752581,0.705736802066888
MEAF6,NA,NA,NA
NAIF1,-1.06927946674342,0.28494376007516,0.595254368572825
ZC3H12A,-1.5936013778389,0.111025345698482,0.374428704350696
GRIK3,3.57485667034767,0.000350419811564155,0.0125273472366701
PCDH11X,1.26815692543592,0.204741916044841,0.507920762916308
FAM102A,-0.109524568676184,0.912786435999297,0.96711694584257
CSF3R,-0.412244959127488,0.68015988690652,0.867193191568757
TREM2,-0.296561805182968,0.766801074673679,0.909568119346047
CHST3,1.04013426566855,0.298277525991849,0.606961512883882
MRPS15,-2.24921727028628,0.0244986762209438,0.168752179152029
KLHL4,-0.104274913803906,0.916951185253282,0.968883115057167
DACH2,2.64775383911213,0.00810285025344311,0.091041095189615
STK40,1.43091348196079,0.152455012637546,0.440011487963826
ST6GALNAC6,-1.4677265944578,0.142178503781909,0.42493898925572
POF1B,1.11612635177431,0.264368053763347,0.576706792606858
MAP7D1,0.244651203471049,0.80672651389343,0.927144442118388
TSPO2,-3.43368004624575,0.000595446602155256,0.018104919866482
APOOL,-0.564370616909707,0.572501931479162,0.808867725178861
ADPRS,-0.159986832901264,0.872891446435271,0.954109311545585
SLC29A3,-2.5922227911467,0.00953579960347621,0.100263667053788
AGO3,NA,NA,NA
PTPRT,0.80102324263125,0.42311819036214,0.711173628378674
SGPL1,-1.65591888367243,0.0977382469013827,0.350253826695209
ENG,-0.864236361880285,0.387458060987997,0.684506221376037
ADAMTS14,-0.770569727196631,0.440962010625133,0.724662939682141
PRF1,0.415026405329508,0.678122573157683,0.866275988988473
AGO4,NA,NA,NA
SH3BGRL,NA,NA,NA
EIF4EBP2,NA,NA,NA
LRRC20,1.22703116710074,0.219810876878719,0.524275917940544
KCNK16,-4.6009699841919,4.20528030008069e-06,0.000635501958948194
KCNK17,-3.31261066515977,0.000924295506156648,0.0241660098426285
PPA1,1.85178588892463,0.0640565747487164,0.280907604026072
CHD6,-0.345182012655351,0.729957540501047,0.890992181965223
TFAP2E,0.203064263968008,0.839084803002086,0.940096307650284
PSMB2,1.29429305887552,0.195564213136401,0.498036635161506
SAR1A,NA,NA,NA
FPGS,0.777594598361496,0.436808046449298,0.721531182622585
AIFM2,-0.166205237406668,0.86799543792144,0.952799195348836
MACROH2A2,1.0283334386475,0.303793006831354,0.610738315715768
GLP1R,-0.358870929823264,0.719691647632378,0.888996254619953
LPIN3,-1.34442920186997,0.1788096360951,0.478091157230917
CDK9,2.15612233840191,0.0310741136410193,0.193067816372708
BRWD3,-0.100837501045129,0.919679457018699,0.96966412854717
FAM241B,1.30409996966081,0.192199499253911,0.494133860620127
TOR2A,-0.318429774713175,0.750158955800368,0.901216483031653
TSPAN15,0.969518471364603,0.332286568684037,0.636606036644837
CFAP157,-0.570021360136011,0.568663210697934,0.806695962597349
TBX22,-0.990339787832268,0.322008065220715,0.627732956864737
ITM2A,3.28960604082934,0.00100327744675284,0.0254593876649415
STXBP1,NA,NA,NA
TACR2,3.49035716575831,0.000482375392070785,0.0156430406115315
NIBAN2,-1.45930384626356,0.144481497254235,0.428286462633581
MAFB,2.89364716970848,0.00380795792114331,0.0594609822776068
PGK1,0.393256822105044,0.694129805392868,0.875824813637471
TRAF3IP1,1.04620917481409,0.295464467851673,0.604611921215232
TMEM35B,0.119353758096053,0.904995095033812,0.96447714218272
ATRX,0.0508302645208846,0.959460774441356,0.985882316132303
DLGAP3,2.15160156587488,0.0314287487018697,0.193956798530171
PBDC1,-1.09243858992633,0.274640368909834,0.587279568989893
MAGEE2,-0.252656307559663,0.800533814093894,0.925086949970478
GLO1,-2.19921177359118,0.0278628675599558,0.18164954899312
GJB3,-2.34587989906463,0.0189822229550956,0.147911610233239
ZDHHC15,2.79704990763894,0.0051571566392772,0.070914423232718
SPP2,0.33241715833361,0.739574284023459,0.896482440054745
SLC2A8,0.38565673983017,0.699750905461135,0.878000305822706
UPRT,1.1692681693466,0.242295603413876,0.551524500495631
GARNL3,0.772166329007783,0.440015921224392,0.723970440081782
CCDC167,0.0564403420586813,0.954991019841898,0.983630336140319
ANGPTL2,-0.392564657563379,0.694641047316565,0.875950164238208
RPRD1B,NA,NA,NA
AZIN2,-2.06062977144005,0.0393383742448821,0.217440201751521
TTI1,0.48622178106612,0.626809930005971,0.838618352805978
CMTR1,-2.80945912732506,0.00496248198921781,0.0697547969328365
RNF19B,-2.34904160390888,0.0188218036242019,0.147452097651083
VSTM2L,-0.0356562049220947,0.971556491736745,0.989725909339754
TMEM54,-0.873133344450853,0.382590400966616,0.681360973660518
HPCA,NA,NA,NA
FNDC5,1.84547122780108,0.0649690201610741,0.283432977099928
S100PBP,0.645494137186459,0.518607016404026,0.776558299423228
YARS1,-0.77088395031809,0.440775721104297,0.72449452875007
RNF8,-1.75832329206083,0.0786925167218363,0.313939100501687
PBX3,0.0180438741779259,0.985603852566897,0.995019401429016
TBC1D22B,0.65173582288026,0.514571608855522,0.774023545155363
RBBP4,-1.77973355408772,0.075119576391437,0.305631308036405
CHIC1,0.828264426049713,0.407520764636154,0.700381416488294
PIM1,1.47796967548704,0.139415895119641,0.421033774390091
ZBTB8A,-0.144915459768206,0.8847776201558,0.958356576184819
CDX4,2.45435639564765,0.0141137023799264,0.126880589152557
NAP1L2,0.203745708412784,0.838552221168762,0.939865101706025
PABPC1L2A,NA,NA,NA
PABPC1L2B,NA,NA,NA
TSSK3,0.119861058292047,0.904593212998259,0.96447714218272
RABEPK,-0.576415440933195,0.564334410023311,0.804634065940419
PHKA1,2.14979551614658,0.0315713930279261,0.194261763614829
HDAC1,1.23869036610787,0.215460187805608,0.51888993754874
GOLGA1,0.454767640858571,0.649276412503627,0.849472581069499
SRC,1.06661476293446,0.286145831287482,0.596199614286011
HDAC8,-3.13959330952552,0.00169182525694921,0.036070370726215
OLFML2A,-0.735068628493844,0.462297699036854,0.737312991201639
FAM167B,-0.162205421472745,0.87114409062176,0.95341320230852
DDX50,-0.131020628236733,0.895758989097239,0.962670893388458
EIF3I,NA,NA,NA
NR5A1,-0.319386851763137,0.74943317992385,0.901060881136862
NEK6,1.01978879444274,0.307828638707132,0.614393911740156
CCDC28B,-0.607383051285422,0.543596733646112,0.791867537966073
TXLNA,0.970222929018254,0.331935383989709,0.636276732198364
GHRH,-0.687551946343329,0.491734977898037,0.759012505212831
LHX2,0.986703266550556,0.323788128231089,0.628378471982788
DENND1A,-0.770464787978706,0.441024234672005,0.724662939682141
KPNA6,NA,NA,NA
MTCH1,1.53739941668191,0.124195529145814,0.397383619828825
CRB2,-1.30837835247343,0.190745011319262,0.492649496251781
TET1,-1.59227588367121,0.111322729226203,0.374760389596619
RABGAP1,-0.668648977298633,0.503719422057639,0.766509707595916
ADGRB2,-1.20115332501622,0.229691731087543,0.535497035325609
ZBTB26,2.10915414499622,0.0349312785035867,0.2040515967322
ZBTB6,0.564848415435292,0.572176872761076,0.808635266170895
RBL1,-1.13816605089586,0.255051151725692,0.56606447420747
COL16A1,0.289218483788604,0.772414187974605,0.912692136189865
ATOH7,-0.0625410483995284,0.950131974005312,0.981408699195249
OR1N2,-1.61925161925243,0.105393135662075,0.362884726845587
CXCR3,0.157434060067185,0.874902772089339,0.954761026271959
PPIL1,NA,NA,NA
PEF1,1.84435633388274,0.0651312266069753,0.283894749490802
SERINC2,-2.35828014840231,0.0183598314493673,0.145721519360735
FABP3,0.837297161105337,0.402425554612225,0.696074933173114
SRSF3,4.95896657955691,7.08691563864795e-07,0.000213595888762012
OGT,NA,NA,NA
KCTD20,-0.527348270077009,0.597951759534667,0.823621674445518
NKAIN1,NA,NA,NA
PUM1,-0.962739408105744,0.335678314862733,0.640178028042103
DSN1,-0.421148449971414,0.673646684375068,0.864641424044209
REEP3,-0.0667487625063623,0.946781713975809,0.979629461708586
MORN5,0.218690127834376,0.826891439703262,0.93502726329773
MATN1,-0.917067522988411,0.359107258190044,0.660426030562571
NDUFA8,0.697563717141908,0.485450078850001,0.75427941513276
ADO,0.648904226904639,0.516400282443716,0.775498466490056
RTKN2,-0.915128521963288,0.360124163223621,0.660825367049336
SRSF4,-0.847405798227041,0.396768973748199,0.692455564301049
NDRG3,-0.490432480028851,0.623827897700213,0.837154763181782
GSN,-0.857458188420704,0.391191712828841,0.688118209330665
TAF12,NA,NA,NA
SRPK1,-2.22580153750693,0.0260274777958625,0.174967635431972
ITGB1BP2,-1.31235500534318,0.18940038091731,0.4903578133326
TRNAU1AP,NA,NA,NA
PHACTR4,0.149739722188616,0.880969967699591,0.957270889210864
RAB14,3.74735528260935,0.000178708879131626,0.00776048442941705
NONO,NA,NA,NA
MED18,NA,NA,NA
CNTRL,-0.943620985852561,0.345363364254249,0.649499452409331
EYA3,0.147034145085268,0.88310506932328,0.958243515348567
TGIF2,0.855692966971399,0.392167631428704,0.688800237813875
PHYHIPL,0.268080416357762,0.788637419767052,0.920229224578773
XKR8,0.742088792441581,0.45803353980093,0.734405936313355
BICC1,-0.948723124837452,0.342761449507162,0.647395453687319
SMPDL3B,0.442795649608516,0.657913550302966,0.854744633096495
UBE2D1,4.74879340924848,2.04633844343715e-06,0.000406898244173976
GMPPA,-0.124523128065635,0.900901089344649,0.963961406462016
THEMIS2,-0.529665272997141,0.59634402946728,0.822204879168437
MEGF9,-1.90190833392257,0.057183139480675,0.266220457126297
IPMK,0.202924602369911,0.839193964412542,0.940096307650284
STX12,-0.84899582023862,0.395883618079075,0.691655649170995
ZWINT,0.760729577587939,0.446818604578189,0.727150845615507
ZNF76,-1.21972810152955,0.222567964981315,0.528594544522653
FAM76A,NA,NA,NA
DES,2.86437990126075,0.00417826564431683,0.0626829296745496
DKK1,0.339702909874913,0.734080270169654,0.892886325932169
PRKG1,NA,NA,NA
SCAND1,-1.64016848690419,0.10097013962173,0.356030047759424
FGR,-0.838284563163493,0.401870903560072,0.695894705465774
PHF20,-1.49971162164494,0.133689118837818,0.41286020569562
SNRPC,-2.36929465153704,0.0178220487625281,0.143216530118047
ILRUN,NA,NA,NA
GPR3,-2.9950884525676,0.00274365266717409,0.0487215970697237
CD164L2,-1.33043395919356,0.183375331930809,0.484008973767072
SPDEF,-1.76794962598173,0.0770693254016198,0.309731784159605
TNFSF15,-0.0991558764135378,0.921014507667851,0.97019177749035
ATP6V1G1,NA,NA,NA
AKNA,-2.66217751692415,0.00776369223421317,0.0895610053766636
ROMO1,NA,NA,NA
MED12,0.229270869765393,0.818658393052936,0.931860850622234
NFS1,-1.60194097079592,0.109168663383012,0.371232412476164
OGDHL,-3.56858316486733,0.000358916928379329,0.0127622414627492
C10orf53,-0.575806779102274,0.564745790886218,0.804756095414665
RBM12,-2.32422002433277,0.0201137046137989,0.15201584156916
SLC18A3,-2.05301783837862,0.0400708474783481,0.220110126983181
ZNF618,1.305162950902,0.191837366891154,0.49380727218679
GPN2,0.461575537364036,0.644385740547822,0.84748746206963
DRGX,-0.27064496211559,0.786664111151001,0.918998087153682
RGS3,-2.04649433405145,0.0407077593530155,0.221726430375387
ZDHHC18,1.60504047763442,0.10848489699696,0.369755561795852
C10orf71,0.749340850379367,0.453651792117719,0.731340503785255
TMEM273,NA,NA,NA
RUFY4,0.106178072500128,0.915441068197556,0.968166620791557
LRRC18,-1.44877075301967,0.147401614015109,0.432698755049793
POLE3,1.03499273289797,0.300672305021811,0.608512103052043
HDHD3,-1.15253049700376,0.249103145192022,0.56051916768044
BSPRY,-1.11568557066292,0.264556749148933,0.576706792606858
MAPK8,NA,NA,NA
WDR31,-0.57114535150925,0.567901118697214,0.806382521688989
PRPF4,1.4050025012709,0.160020534489584,0.45124656040429
IL2RG,-0.152561807816381,0.878743845290114,0.956328459601339
CDC26,-0.112322776225613,0.910567483259304,0.966389759170086
SLC31A1,-0.897466884353198,0.369469836481891,0.669180543494785
UBXN11,0.670448640503699,0.502571836398962,0.765951898839889
SLC46A2,1.23510628438947,0.216790950847235,0.520270739908435
SNX30,1.08377413584407,0.278464955624209,0.59053640322664
INIP,NA,NA,NA
CXorf65,NA,NA,NA
CNKSR1,-1.04481533628561,0.296108325377232,0.604701217986584
FOXO4,-0.520312968862164,0.602845458236177,0.825670951394704
ZNF593,2.17697515361962,0.0294824213250946,0.188034501606514
FAM110D,1.61555622661085,0.106190294483165,0.364308034262034
SUSD1,-1.25312912303892,0.210158718849893,0.514229001158227
TRIM63,-1.49215901973477,0.135657462631406,0.416147105164104
SPAG4,-0.55848844272674,0.576510894278002,0.811109235959365
SLC30A2,-2.74074999283337,0.00612991301039842,0.0777793832184223
UGCG,NA,NA,NA
EXTL1,-0.199847792976431,0.841599621822285,0.941103115157831
PAFAH2,-1.6166444248399,0.105955056616186,0.364155746095931
MTFR1L,0.1851556230645,0.853106974859039,0.945508474164112
NPY4R,-2.3660984346588,0.0179766640958266,0.143901275354113
ITPR3,-2.47946518850268,0.0131579573409901,0.122064488236368
GPRIN2,-0.550785153861545,0.581780962508532,0.813234104655345
SYT15,0.612732424364154,0.540053279320587,0.790103085187666
MAN1C1,-1.54591323138338,0.122125524611549,0.394566668728682
TEX11,-2.96112629497245,0.00306516219820183,0.0519451701368905
LDLRAP1,-1.44620266618849,0.148120366132525,0.433881560960404
PTPN20,-2.18692598614418,0.0287479275528204,0.185642677965176
MACO1,2.41833542103969,0.0155916969684367,0.133572406228466
C20orf173,0.791917918366844,0.428408538307688,0.715045858291028
TMEM50A,-1.37605444557573,0.168804777636651,0.464828316261857
GDF5,-1.89325729963561,0.0583236607011375,0.269041354789621
CLIC4,NA,NA,NA
GDPD2,-0.936756080024828,0.348884041963578,0.652032604767943
UQCC1,-1.61574746773564,0.106148923561058,0.364308034262034
SRRM1,0.371297909854254,0.710415654569399,0.884337238254252
ALOX5,-1.6715273037964,0.0946175702695186,0.344703769482046
NCMAP,0.555887998922895,0.578287422851678,0.811880298600386
RCAN3,-1.99868932413225,0.0456419788307761,0.234685806087339
NIPAL3,-2.13874386121534,0.0324564182743765,0.196664552110015
KIF4A,-3.28090721963657,0.0010347377570308,0.0259750116017432
FAM83C,-1.60302425749481,0.108929298666744,0.370784260237442
STPG1,1.05474522996809,0.29154185976607,0.60097948230594
MDH1B,-2.23608513794316,0.0253461947868945,0.172696130875782
ADAM23,-0.067931023568639,0.945840542549851,0.979258119324051
CXCL12,0.339619746147816,0.734142905845571,0.892886325932169
OR2K2,-0.0333295531122862,0.973411786870826,0.990114606204764
LPAR1,1.54553459113118,0.122217008603206,0.394646032908472
ZNF32,-0.0555361340913094,0.955711343515981,0.984087847998058
MYOM3,0.572688817208112,0.566855410510395,0.805744597170514
MUSK,1.5374499890302,0.124183152933858,0.397383619828825
EIF6,NA,NA,NA
RASGEF1A,1.37347739780158,0.16960398302785,0.466179591036172
CSGALNACT2,-2.7535518584585,0.00589524297100911,0.0763683907673748
BAK1,-3.45521296929063,0.000549858306977195,0.0172213677830978
CNR2,-3.1340432999039,0.00172415411904027,0.0363902472722577
HMGCL,-1.63767268763861,0.101489991043342,0.356844286795484
EDEM2,1.05152859660849,0.2930158826039,0.602182459262426
TXNDC8,-0.174206553522056,0.861703135325318,0.950318908555271
LYPLA2,NA,NA,NA
PHF1,0.0866125507284104,0.93097948935488,0.97383277103419
TXN,0.198140042931162,0.842935496119927,0.941565615889152
BMS1,-0.27821095473538,0.78085042603885,0.916381279405925
P2RY4,-1.89243351210706,0.058433244495078,0.269087164851817
AWAT1,0.928641428327494,0.353074944388648,0.655795610190644
PTPN3,-1.34322809608983,0.179198126655444,0.478621790388311
RPL11,NA,NA,NA
EDA,1.85667580867671,0.0633572912567592,0.279679712288673
ID3,NA,NA,NA
EPB41L4B,-0.729954450132682,0.465418027640644,0.739546740553154
BMPR2,-0.005876357641353,0.995311371948512,0.99798967532815
TMEM245,-1.02337588874128,0.306130154997404,0.612618051755695
STARD8,0.491193974875568,0.623289259974513,0.837041616536612
HNRNPR,NA,NA,NA
WDR46,-2.65605641298807,0.00790603875174232,0.0901524742342854
HTR1D,-0.171976072744424,0.863456339906355,0.951369051248349
C1QC,-2.66707693505005,0.00765141542318141,0.0888763949847175
C1QA,-2.41862347989521,0.0155793568939251,0.133572406228466
RING1,0.955264529401396,0.339443940293924,0.6447286466653
HSD17B8,-1.3237400827774,0.185589381512235,0.486563638965944
ACTL7B,1.89499115776834,0.058093573122398,0.268570851681018
KLF4,0.0108173407493404,0.991369179149869,0.997144752864687
SLC39A7,-1.89623568160612,0.057928886901412,0.2682050670509
RXRB,-0.224841963534566,0.822102219584871,0.933193776186176
TMEM38B,-1.04352611889351,0.296704690463211,0.6053464671635
FZD8,0.6595628203638,0.509534420054413,0.770702047428915
HSPG2,0.27680247900947,0.781931777548152,0.916771258798805
AOX1,-3.21047088649912,0.00132517691557744,0.0306678002269621
CCNY,NA,NA,NA
COL11A2,0.666930759722734,0.504816361948167,0.767097522550095
SLC44A1,-2.01714043249123,0.0436808602506324,0.230356556561983
VSIG4,-1.19764748933015,0.231054279968024,0.537266083840096
OXLD1,0.704772241379598,0.480951985860889,0.750996735929919
SLC38A10,2.48159478611613,0.0130795918676632,0.121786070427681
NIPSNAP3B,-1.11056522582322,0.266755537855199,0.578351976419913
RAP1GAP,-1.17964345992859,0.238142050083131,0.546764305812258
OR13C3,-1.21355831652929,0.224916432630543,0.530918014669286
PARD3,-3.59999443887903,0.0003182239861045,0.0116937972574332
PPP3R2,1.08512891901771,0.277864560604839,0.589842567756754
TP53INP2,-0.988648106726506,0.322835340545575,0.628097752746496
LAS1L,-1.20901377747023,0.226657552328637,0.532863866022146
BRD2,-2.29210592473938,0.0218995316055768,0.159415087487224
ZC4H2,NA,NA,NA
ALPL,-2.08258120198063,0.0372894141467109,0.211238371152895
HLA-DMA,-2.04175835924036,0.0411755066634945,0.222689777030318
DYNLRB1,-1.55207005283958,0.120645462652816,0.391680095524354
PGAP4,0.821512448390901,0.411354436372567,0.70265493867551
MTMR8,NA,NA,NA
PSMB9,0.0555048976970285,0.955736228169323,0.984087847998058
ITCH,-1.05548689308027,0.291202700838078,0.600697739414974
MRPL50,0.558020416257499,0.576830442914638,0.811109235959365
COL5A2,2.03456953157096,0.0418942057059703,0.225625529803501
AMER1,0.620460243281012,0.534954820764221,0.786852309762982
ARHGEF9,1.23227530019024,0.217846263167151,0.521939257372544
PLPPR1,0.126910311170521,0.899011385500654,0.963467843251251
TMEFF1,0.610608325696382,0.541458909546959,0.791326067023879
PSMB8,-1.15570199520181,0.247803071790406,0.558425293900478
SPIN4,NA,NA,NA
TEX10,-2.97711718852001,0.00290972766346144,0.050426381250263
EIF2S2,0.648762225138392,0.516492077263362,0.775516820098522
HLA-DRA,-1.47842084474032,0.13929516947187,0.420837385257678
APEX2,0.578756495179314,0.562753489826786,0.803299108732366
COL15A1,1.67130606561178,0.0946612389723723,0.344703769482046
PFKFB1,0.505889484587408,0.612934234626136,0.83155239731306
GALNT12,-1.69169929905125,0.0907033221589101,0.338279517390289
NOTCH4,0.0690891681536629,0.944918642987587,0.978964473120895
TMEM225,-2.29720402488088,0.0216071336406672,0.15824304575499
GPSM3,1.48176126818119,0.138403828276163,0.41999169737136
PBX2,2.86074728549973,0.0042264380183052,0.0628705501904391
AGER,2.11286018749562,0.0346127363323883,0.203144973164545
CDA,1.47143489478846,0.141173542345458,0.423557526056687
CORO2A,1.89672345801668,0.0578644460081887,0.268070971206544
VWA5B1,0.989648398210219,0.322346005101503,0.627853892144838
RNF5,2.51921919596187,0.0117615412197052,0.113953443218841
TRIM14,2.04779219976745,0.0405803649855118,0.221681079294103
UBXN10,0.565748133249594,0.571565009560281,0.808299684117066
PLA2G2F,-0.332983750218596,0.73914654934025,0.896224524718956
PLA2G2D,-3.69986544741891,0.000215713805977196,0.00896349469838744
PLA2G5,0.276191976806129,0.782400619244539,0.916797161382109
PLA2G2E,-1.88877419347709,0.058922092132987,0.270036433786938
TRMO,-2.39757871857817,0.0165038343709268,0.137338075447933
OTUD3,-1.58834873997627,0.112207501815573,0.376708361768626
RNF186,-0.639707894648948,0.522362521988768,0.778337498730174
FOXE1,-1.63364979197342,0.102332406381577,0.358222683631779
XPA,0.433924929800918,0.664342955764092,0.858406497882938
FGD1,2.11412297660998,0.0345047652235685,0.202853536432166
NCBP1,2.19444836490225,0.0282031921674489,0.183119206727043
TSR2,-0.986343532050771,0.323964564670929,0.628378471982788
SLC66A1,-2.11092076586084,0.0347791228628048,0.203635065750758
FKBPL,-1.80675844121426,0.070799951130963,0.296422752325632
FAM120C,1.70266348149553,0.0886310626773676,0.335099479404648
EMC1,0.235223103194866,0.8140355752426,0.930092365284678
ZNF341,-2.79243360006966,0.00523132030844307,0.0715436312227979
ATF6B,-0.0433295503165419,0.965438835590082,0.988252547006072
MAP3K20,-1.43698861958885,0.150721227243125,0.437600821016404
PRXL2C,-1.54800101981416,0.121622050978347,0.393481574477579
CDC14B,-1.44699189887564,0.14789919250938,0.433485763615545
TMEM94,-0.0860707171179204,0.931410201572664,0.974013629933299
HABP4,-1.52926476427642,0.1261988209592,0.399941936051492
UBR4,-1.03960340296804,0.298524195266907,0.606961512883882
DCAF17,-0.522780697833674,0.601126873376957,0.825151275940236
ZNF367,0.25983381538061,0.794991965653159,0.922893234307838
HSD17B3,-3.48213287610267,0.000497436791126466,0.0159941803989429
SP5,-1.01484578134212,0.310179346650901,0.616550476024061
UPF3A,-3.81222897749535,0.000137719202794394,0.00673098495536909
SIK3,3.13593002308302,0.0017131007407533,0.0363201097551536
AOPEP,-0.267618515722697,0.788992977189904,0.920412392557912
LYZL2,-1.90930794746257,0.0562223776809885,0.263697259936405
RIBC1,-1.52044054558607,0.128400290702401,0.404415421653748
STK19,-0.743089859762962,0.457427278425188,0.734293714846127
FBP2,1.51322376198834,0.130222830364857,0.407269745958964
ALDH4A1,-2.54404254182063,0.0109577738027019,0.108800182461519
MFSD14B,-0.36368258250972,0.716095051137132,0.888277933662779
DXO,1.77083459868504,0.076588210616566,0.308722603050825
TMEM255B,-1.06816476829194,0.285446194117702,0.595293899842825
G6PC2,-0.386330481234813,0.699251928730721,0.877738611760001
BTBD17,-0.701727703491751,0.482848992743224,0.752403998591008
TFDP1,-1.43909138701649,0.150124632000807,0.436873375466243
TAS1R2,-3.30787722353353,0.000940060127775439,0.024451271344135
PAX7,-2.19029433054659,0.0285028977484057,0.184469289410667
JCAD,-1.13279645184121,0.257299741832514,0.567802818132733
SKIV2L,3.09812843222865,0.00194747010748808,0.0388260795044325
KDM5C,1.31279370436201,0.189252472022848,0.4903578133326
ACTL8,-0.0883880430665429,0.929568264351263,0.973128136285782
ADPRHL1,-2.02456254165289,0.0429123038823873,0.228825242156188
NELFE,0.772250100373945,0.439966313470978,0.723970440081782
GRTP1,-1.67968495135169,0.0930186292459718,0.342191814338053
RCC2,-0.159088812104548,0.873598902609584,0.954396778037688
SCN2A,0.305494494025796,0.759989562807579,0.905111693052892
CUL4A,-1.34162674814837,0.179717048902109,0.47940659978691
TSPYL2,-0.473515762364733,0.635845258173984,0.843477312282764
BUD13,-1.6679631970464,0.0953230328523709,0.345890571367681
NINJ1,-2.30308907901782,0.0212738316434053,0.156824460387874
PADI4,-0.456221934327669,0.64823039403576,0.849472581069499
BPIFA3,-2.1262605055695,0.0334815745954221,0.199496014432411
PADI3,-2.41487269215158,0.0157407102940248,0.134187593833461
CARD19,1.71941561988512,0.0855387200661871,0.329256530219108
PADI1,-2.45157219533838,0.0142233650830115,0.127411673464416
SUSD3,0.453515194632979,0.650177804544248,0.849584858890212
NXPE4,-0.053672340921977,0.957196219774401,0.984626592691495
FGD3,1.12934836940354,0.258750903880746,0.569589064747296
BPIFB4,-1.14006987207119,0.254257192491475,0.565216865171363
PADI2,-1.25405516692,0.209821954422943,0.513818536340991
RBM7,0.551921832473262,0.581001909521333,0.812779132945616
BPIFB3,-2.14503468915716,0.0319500735560055,0.195398426377319
SDHB,-1.78940681839885,0.0735493220397501,0.301984867754573
LYZL1,-1.21583349486673,0.224048356519242,0.530027984301625
ZBTB12,0.469016233975228,0.639058032241954,0.845260161216748
BAMBI,-1.04581292994011,0.295647410274855,0.604701217986584
MFAP2,-2.17768806350421,0.0294292681796736,0.18796918881286
CROCC,-0.548745546710603,0.583180084334256,0.814163650934436
ASPN,1.60668068587319,0.108124432594142,0.368855781262241
SDHD,-1.64014173550383,0.100975700416681,0.356030047759424
OMD,-0.864942390770047,0.387070409230537,0.68422131527569
F10,0.563021014639949,0.573420574241314,0.809333306989328
OGN,1.00769167451321,0.31360250304988,0.619516283016424
MAPRE1,1.1760138467492,0.239589342876196,0.548088729873612
CENPP,0.244757052601578,0.806644549627155,0.927138152872343
FBXO42,-2.48522771722409,0.012946858702535,0.120997482197098
CPLANE2,-2.14885121632588,0.0316461959566227,0.194409874593353
MCF2L,-2.57981724740714,0.00988526133987054,0.102249191901522
LAYN,0.549869581394261,0.582408829303578,0.813735413131996
ATP11A,-2.08546912217997,0.0370267381715887,0.210990975584106
NEU1,-0.568477568216018,0.569710733121861,0.806885529422452
IARS1,1.166887300579,0.24325588509996,0.553293638716224
HSPA1L,0.0888819844094641,0.92917570123677,0.973128136285782
LSM2,NA,NA,NA
FAM131C,-1.7655393784566,0.0774731581574425,0.310797548732485
VARS1,-0.0694149641976449,0.944659317943263,0.978964473120895
CLCNKB,-4.21536041539845,2.49379598818018e-05,0.00222995532386857
VWA7,0.266601290486022,0.789776161924792,0.920896804522343
MSH5,1.51952870403224,0.128629468544011,0.404884092613433
ROR2,1.96353022868433,0.0495845955756519,0.246244916839612
KIF3B,0.782622204142193,0.433848998555453,0.718933898989883
AUH,0.00525094640428488,0.995810370187478,0.99798967532815
MPP7,0.639948015959801,0.522206396047516,0.778234187675919
ZBTB17,1.44170832424667,0.149384674318261,0.435762134939494
POFUT1,-0.46099398192188,0.6448029227793,0.847641476937728
SYK,-1.39865941003372,0.161915141581528,0.45431602359215
DIRAS2,NA,NA,NA
FBLIM1,-0.728240754842742,0.466466221930991,0.740388356876497
ING1,-2.52554609037858,0.0115518627473728,0.112699644827823
TMEM82,-2.43892630752119,0.0147309719386057,0.129955894883952
MKX,-1.98486432202666,0.0471595687850536,0.239233099523239
DDAH2,0.0406802753951695,0.967550786531455,0.988930384254603
PLEKHM2,-0.345858453804157,0.729449093001225,0.890852127423931
SECISBP2,-0.80979340693728,0.418058922518768,0.708023828175263
LY6G6C,0.492313545194534,0.622497706075421,0.836506924347374
COL4A1,1.52221209500815,0.127955945494694,0.403352158597375
LY6G6D,NA,NA,NA
AGMAT,-3.52299581901123,0.000426698091547363,0.0144904754145253
LY6G6F,-3.97560024302253,7.02019649934943e-05,0.00447633795350923
SHC3,1.74427105456981,0.0811118364452847,0.31992308675788
DNAJC16,-1.00034904015025,0.317141622345889,0.623068668342574
HCK,0.505145108199435,0.613456920973754,0.831940512352471
NXNL2,2.410014875211,0.015951870118489,0.135148171639975
SPIN1,NA,NA,NA
LY6G5B,-2.38714223848205,0.0169799203198499,0.139760651347262
CSNK2B,2.69736713735528,0.00698901682674467,0.0842769912500905
TNFSF13B,-0.397787896583317,0.690786539771042,0.873841527963911
ACBD5,-2.76100335655061,0.00576240841720803,0.0755260329582374
ABHD13,-0.760895698601947,0.446719367944778,0.727150845615507
GPANK1,-1.82670500424013,0.067744135447944,0.290096167438178
CELA2B,-2.60798178471136,0.00910778008358237,0.0976147323568062
C6orf47,0.0419067187334206,0.966573060330173,0.98855252353205
FAM155A,-1.95063149485517,0.051100897871466,0.250319860172964
APOM,-0.571717649141759,0.567513275607068,0.806191071721565
MASTL,0.151361157678667,0.879690828073683,0.956613571972262
CTRC,-5.65102966789985,1.59489558631504e-08,1.72157586431378e-05
TUT7,0.901335274617065,0.367410083950185,0.667103350793608
BAG6,-1.14757492509051,0.251144086120446,0.562847312312203
FOXS1,-0.441967179316578,0.65851295617119,0.855008831829112
EFHD2,1.49779975687566,0.13418528401652,0.413430784258054
ISCA1,NA,NA,NA
MYLK2,-1.04360106844781,0.296669998382539,0.6053464671635
POGLUT2,0.496062220453755,0.619850512934834,0.835486074792877
TEX30,0.213506900816596,0.830931607136485,0.936934623998558
PRRC2A,1.10608174865281,0.268691137673262,0.580203633215721
AIF1,0.306870271937264,0.758942117588113,0.904781078402654
TPP2,0.497867628472929,0.618577345176651,0.835093523420251
COX4I2,-0.593518777606997,0.552834020093433,0.79771103901957
LRRC38,1.1518341858537,0.249389217096975,0.560828846543079
CLCN5,-0.111015083752142,0.911604385564142,0.966748454361075
ID1,0.0361960689904547,0.971126020428479,0.989567703577914
FGF14,NA,NA,NA
ABI1,-0.793385546972993,0.427553228789142,0.714475669190045
NFKBIL1,-0.989846615935978,0.32224909588431,0.627853892144838
ITGBL1,0.497316283231455,0.618966030837068,0.835093523420251
PDSS1,0.16272652278213,0.870733763165418,0.95331613852296
AADACL4,0.0883848972103294,0.929570764596101,0.973128136285782
CCDC22,-1.37478801856985,0.169197173724324,0.465654286891637
APBB1IP,-1.36793305763226,0.171333031049315,0.468800428248643
SLC28A3,-0.958699991402939,0.337709902805945,0.642673725123215
GGACT,0.721559682247555,0.470565234648847,0.743925287793009
TCF19,-1.27047647268674,0.203914958267745,0.507002772185284
TNFRSF1B,-1.33267665317122,0.182637938089791,0.483503167466903
CACNA1F,3.47787391725989,0.000505407594044018,0.0161591639692365
HNRNPK,NA,NA,NA
PCCA,-1.62670523689516,0.103799715988021,0.360662404024
DEFB119,0.0476758146984152,0.961974609253559,0.98678796463751
SHISA7,0.0217672882890994,0.982633588165017,0.993828459408981
PLP2,-1.1201523990776,0.262648824545,0.574977108953979
ZIC2,2.07135672351131,0.0383254719925207,0.214668099611183
C9orf64,-1.48207287342407,0.138320905755208,0.41982436789972
GPR158,-0.469668374189512,0.638591966302203,0.84487872402755
STXBP4,-1.31615452007051,0.188122184993261,0.489077038602887
CLYBL,-0.653509594312775,0.513427806164966,0.773340078417718
THNSL1,-0.0348734062665469,0.972180686435306,0.989752990978389
ENKUR,-0.309821176686501,0.756696946797805,0.904183146992047
GKAP1,-1.2484349284181,0.211871824487876,0.515339934276642
FLOT1,0.291195365927761,0.770901906539112,0.911927171163919
UBQLN1,-0.566210701531834,0.571250555977674,0.808157498776878
GPR183,0.255172519968624,0.798589854551396,0.924704862990184
IDNK,-0.747953197974646,0.454488387976984,0.7318790785849
GRIPAP1,-0.804091973804028,0.421343859579714,0.710026808526371
DHX16,0.775426802131372,0.43808750275328,0.722345388816299
RASEF,-2.38281346112225,0.0171808978380029,0.14063845784203
KIAA1217,-0.00412266280670383,0.996710600315101,0.998604439031758
NPPA,-1.51078924505292,0.130842155729249,0.40774401631128
ATAT1,0.640005641946169,0.522168931424755,0.778234187675919
OTUD1,-2.26101725387793,0.023758188658759,0.166312671411373
TLE1,-0.0251048222626712,0.979971353786402,0.993264425606982
SLC15A1,-0.735527907205198,0.46201805035379,0.73712170364722
PTF1A,-1.7407214093437,0.0817324236277729,0.321232870185411
PIM2,0.843937127734422,0.398704539709377,0.693824537705123
MSRB2,0.124475182852829,0.900939048760556,0.963961406462016
PPP1R10,-1.57615656972525,0.114989724655033,0.381180739771866
TTYH1,0.103867976444613,0.917274120708082,0.96895334210405
TLE4,-0.927094287535699,0.353877581831419,0.655930089125034
STK24,-0.671134872779774,0.502134613115191,0.765892886259876
PRR3,1.66930944726127,0.0950560689152343,0.345296560692977
PIP4K2A,1.69385746188235,0.0902923718582115,0.337811063711658
KIAA2013,-0.261175712408715,0.793957006959055,0.922475560666096
MTHFR,-0.618257339538405,0.53640571813232,0.787650154977839
PSAT1,-2.96853720277457,0.00299220878617452,0.0513608029410044
LRCOL1,-0.0254072388014872,0.979730137244383,0.993203316162683
HDAC6,-1.69376751581359,0.0903094691235507,0.337811063711658
GNL1,1.09835264575632,0.272050531699547,0.583898258066121
SPAG6,0.324796078938042,0.745335412354707,0.898493040164672
PUS1,1.4025160902461,0.160761189105567,0.452569932994727
EDAR,-0.663553255384253,0.506976283696592,0.768524987383178
TRIM39,-1.2515053445818,0.210750164962384,0.514571866303832
BMI1,NA,NA,NA
GATA1,-0.814757630932863,0.415211057694519,0.70573270766838
MAD2L2,0.970112125325576,0.331990605703024,0.636276732198364
MBNL2,0.834843486278757,0.403805837692511,0.697009002765188
NUDT8,-2.51552965540782,0.0118853677817355,0.114767845314752
TRIM15,3.19748290875131,0.00138632626416146,0.0316946482662754
WAS,-0.24446018542796,0.806874434071677,0.927144442118388
HS6ST3,-0.148719610071048,0.881774886720937,0.957376124024285
FOXB2,-0.871700541922047,0.383371764553134,0.681703668219554
VSX1,1.00836180724954,0.313280801098787,0.619348438802312
PRUNE2,0.933507611635384,0.350557942289934,0.653867146863179
WDR13,NA,NA,NA
RFK,0.162678131768285,0.870771865926762,0.95331613852296
SP2,1.38620795630967,0.165683412720301,0.459920597543935
UGGT2,-1.30733035521908,0.191100539109842,0.492649496251781
FBXO6,0.667125803055385,0.504691779586711,0.767079865149105
RBM3,NA,NA,NA
FBXO44,-0.540640402146318,0.588755464440454,0.817946529993567
TBC1D25,-0.747648640424794,0.454672117667731,0.732048267866477
PPP1R11,1.4322412982722,0.152074776371126,0.439386308270891
ZNRD1,-0.229624284064037,0.818383735086143,0.931860850622234
UBIAD1,1.64396244648145,0.100183959709372,0.354562060685722
ANGPTL7,1.30184284958784,0.192970112424951,0.495008142135092
DZIP1,1.3953587324555,0.162907689170382,0.455815774623739
CARNMT1,-0.866126571479459,0.386420755113463,0.683808379100075
COMMD3,0.683025006814024,0.494591041052062,0.760429322655281
C9orf40,-2.01138995656417,0.0442842833591002,0.231126985671637
SYNDIG1,-0.707349065934366,0.479349581008683,0.750315770613143
NMS,-1.71444747822471,0.0864465751951806,0.330651618336247
RILPL1,-0.237287420697566,0.812433820295767,0.929198508462093
MOG,3.79260511400416,0.000149075115109549,0.00715181949058889
YIF1A,0.664418566202774,0.506422453156744,0.768379127721357
EXOSC10,1.41067409189153,0.158340733647508,0.449698396331732
ZNF182,-1.94560463791186,0.0517022494758222,0.252202838630931
SOX21,NA,NA,NA
SRM,0.0387813985266968,0.969064675502052,0.989372417306317
GPR180,-0.728296814239927,0.466431912072629,0.740388356876497
ZFAND5,NA,NA,NA
DNAJC1,-0.0981906457166009,0.921780910206926,0.970728440072966
ELK1,1.29438124133412,0.195533766900229,0.498036635161506
DRAP1,-0.403238919272755,0.686772471118784,0.871732197358579
CST11,-1.46831309236998,0.142019196226932,0.424657178635027
CASZ1,0.0529817167860163,0.957746475141971,0.98499147491122
GABBR1,2.57900643789622,0.00990849400388214,0.102419399033288
DFFA,-0.836871979523038,0.402664532179396,0.696267796665073
CEMIP2,-0.779501419405831,0.435684401784047,0.720593485800649
GPC6,0.309348166291822,0.757056695115282,0.904398480362224
ZNF41,-0.18432248133492,0.853760478517931,0.946035221540034
GPC5,-0.354890363249523,0.722671728204203,0.890249115171338
KDM2B,1.8574421357821,0.0632482764403623,0.279557751847545
ZNF157,-1.81443136070525,0.0696113412357815,0.294009667064038
CNNM4,-4.01464220012613,5.95360411858843e-05,0.00403456795695553
LMAN2L,1.66936640966119,0.0950447863855066,0.345296560692977
SLC25A39,-1.24975884335089,0.211387654694778,0.514825179330779
THBD,-1.21454890756685,0.224538185656444,0.530522367360879
SPRY2,0.573167345469652,0.566531392008207,0.805705100322607
NEBL,-0.332545177076471,0.739477632355318,0.896437187562455
KLF9,1.82993535340978,0.0672596061789329,0.289250759412645
NKX2-2,1.92964323068726,0.0536510584237369,0.256736793825051
OR2W1,-0.443430397800036,0.657454452883937,0.854515497719279
ZNF311,2.66619808996888,0.00767144759696546,0.0889610524044065
MAMDC2,-0.544456969071231,0.586127052106144,0.816289006674781
SPDYC,-0.916838397079456,0.359227328676176,0.660499256716678
XRN2,-0.739734821261343,0.459460914891259,0.734952334690667
C9orf135,-1.70777944994934,0.087677273555464,0.332742078847356
TRIM27,3.62482663196281,0.000289155359484208,0.0109242894813134
NMNAT1,1.13366302957466,0.256935923139126,0.567414243822662
POU4F1,2.33135173354205,0.0197348203947952,0.15054649460179
EDNRB,-0.0571760147366639,0.954404984364654,0.983428891566798
LZIC,1.0396830531064,0.298487176559149,0.606961512883882
SNX15,-0.228847190515213,0.818987687163383,0.931860850622234
PLXDC2,0.239910478627044,0.810399657292988,0.928277087926297
ARL5B,NA,NA,NA
CLSTN1,3.0092155591039,0.00261923208410735,0.0474033955150064
NSUN6,-0.822968027098485,0.410526175678965,0.702113124361762
ARHGAP39,0.303529990744825,0.76148599551211,0.906037033633495
TMEM252,-0.849920381963715,0.395369352964705,0.691351135996855
FOXH1,-0.801685942611246,0.422734649403169,0.710845223298174
ZNF165,0.766445172806552,0.443411463036748,0.725355491384643
CRNKL1,-2.22075305180207,0.026367692018933,0.176235542587402
INSYN2B,0.284646059485765,0.775915319922758,0.914517455038817
SLC39A12,1.23262703712766,0.217714944851297,0.521908034040737
SF1,-1.98108567163443,0.0475816668458199,0.24010106712925
CBWD6,-1.83516645297992,0.0664810301030588,0.287292343985538
CBWD1,-2.11664744184094,0.0342897805353689,0.202199318247183
GPR157,-1.36991765760043,0.170712607047091,0.467865237159167
FOXD4L4,0.630599736249726,0.528302271364485,0.782869574902932
FOXD4L5,0.504524979109512,0.613892513437776,0.83232941531237
SLC2A5,-1.36400252569303,0.172566770758953,0.46987966168857
SCP2D1,-1.42445158536681,0.154315790508375,0.443349852882617
CA6,-0.768170646110823,0.442385810250493,0.725012467664938
DTD1,-0.224096454985524,0.822682250853825,0.933361424542268
KCTD12,0.533199016350314,0.593895822366984,0.820529682538842
ERRFI1,1.63004614408499,0.103091744810188,0.359356462511603
TMEM236,-0.517261791554391,0.604973422354418,0.827092059512794
STAM,-2.99628452909223,0.00273291301971739,0.0485879782987873
AUP1,-0.121511621698688,0.903285810128296,0.96447714218272
TTC25,-1.10626320665368,0.268612612119356,0.580144889859613
HECTD4,0.938082697555608,0.348201912918877,0.651402241647693
LBX2,0.440386647276736,0.659657094215234,0.85575912162251
SLC22A12,-2.81387407796182,0.00489483981647741,0.0693259787315901
DNAJC11,-0.275832164969525,0.78267697763221,0.917027018605827
UCHL3,1.68064967166726,0.0928309816242252,0.342077979591634
ST8SIA6,-0.739752290992948,0.459450312621104,0.734952334690667
POLR3F,1.24239976206696,0.214089103381147,0.518066470010508
SLC4A5,-0.168332404390013,0.866321782558455,0.952454944424574
TBC1D4,-0.905677881641395,0.365106372953994,0.664757531094068
PHF13,1.24115402194767,0.214548856139538,0.518174923447987
KLHL21,1.89937692630155,0.0575149350221001,0.267106852505832
KLF12,1.21472492483461,0.224471022869306,0.530471535910494
HIF3A,-0.763849543564096,0.444956908602707,0.726280454736857
FAM216A,-1.94038838470726,0.0523325071349174,0.254349560846688
ZBTB48,0.487153282054021,0.626149709754523,0.838119965793653
KAT14,-2.91489238029078,0.0035581121617981,0.057062234472487
KLF5,-0.880594223661057,0.378537486161191,0.67813737662287
IGFBPL1,0.234448824822639,0.814636557926352,0.930347373960277
ALDH1B1,-3.08394108655566,0.00204278043222878,0.0399359610502474
NOL9,-1.04088987885258,0.297926659583872,0.606809278523269
SHB,0.54158236207878,0.588106245119472,0.81738817035275
MGME1,-3.78126335731596,0.000156034500565186,0.00729596142316592
DCAF10,-1.36506623025196,0.172232234719568,0.469751463932725
H4C8,-0.135117767254701,0.892518762760945,0.961709524307705
GPR20,0.0445363686451304,0.964476862738697,0.988024516979752
H4C2,4.2733962587637,1.92517876840233e-05,0.00186495522744205
FRMPD1,0.0904631873199244,0.927919146235052,0.972892122294481
DIS3,-2.40391389719281,0.0162205932695811,0.136244888363633
SNX5,0.873388828414693,0.382451178124791,0.681360973660518
DPP6,1.35971518687928,0.173920070343392,0.472033064480844
TOMM5,NA,NA,NA
TNFRSF25,0.16190696556844,0.871379117465538,0.953601363106612
POLR1E,-1.32365789719118,0.185616687310658,0.486563638965944
NAA40,-0.209039419707376,0.834417465855974,0.938066981056048
TRDMT1,-1.03307156496128,0.301570409130856,0.608994961683674
H4C3,3.51979505358641,0.000431880375413075,0.0145682505206303
MZT1,0.0843443885215727,0.932782621175291,0.97450473357767
RTN3,-1.83718737174053,0.0661822392790958,0.286656921749984
CUBN,-4.09546225269267,4.21326874479471e-05,0.0031211233956538
HES2,0.669817187017997,0.502974335900878,0.766147380721104
ZFAT,3.33923263926403,0.000840101765809324,0.0226303349107139
KLHL1,-0.0207431310334788,0.983450562822554,0.993828459408981
SLC17A2,1.28187120147373,0.199887831832422,0.501944984156126
ACOT7,0.478070607002625,0.632599951593818,0.84134620041098
PCDH9,0.802490653299213,0.422269192906231,0.710378720160188
SLC22A6,-2.67062950996051,0.00757091591684715,0.0884290282235491
BFSP1,0.154469919168735,0.87723922755227,0.955974928378161
SLC3A2,0.842174506621388,0.399690281360755,0.694483427886832
GPR153,1.85166357869296,0.0640741471067939,0.280907604026072
HES3,0.804009991032909,0.421391204937432,0.710026808526371
SLC17A4,2.41938715714903,0.0155466835146472,0.133413674771919
SPINK9,0.384747532148787,0.700424475387424,0.878407856602055
PCDH17,-1.46986789391696,0.141597536556945,0.424483628734092
LRRC3C,0.402174261377799,0.687555783139095,0.871965675964921
RNF207,1.91769967095268,0.0551491034939773,0.260555183160112
PCDH8,1.06553138989762,0.286635528559163,0.596645543111181
LYPD5,-0.40427633139246,0.686009528331606,0.871199023385787
FBXO48,2.37645886447157,0.0174797102735832,0.141857295595887
GLIPR2,2.73714638948198,0.00619747078306975,0.0784973479578354
SCGN,1.94896527258572,0.0512995720783399,0.250849025011813
CNMD,-1.97684735065578,0.0480588875510168,0.241766281182079
RECK,-1.6100063541929,0.107396469122458,0.367207442911277
GRXCR2,-2.29252181699696,0.0218755500871717,0.159317259237272
OR13J1,-1.4077437641896,0.15920695773625,0.450655750604843
ACTR2,NA,NA,NA
CEP68,-1.00299087731351,0.315865262870813,0.621854592561715
PTER,-1.38450930074815,0.1662025622039,0.460853783490888
CKAP4,-0.591119391345378,0.554440427920684,0.798732483006422
FUNDC1,NA,NA,NA
VPS36,0.604507414990755,0.545506340883764,0.792839525641657
MAOB,-2.14888900445821,0.0316431996441234,0.194409874593353
LRRC10B,1.5976613873006,0.110118356502939,0.372784185365686
ITGA8,-0.489946897725985,0.624171475806536,0.837154763181782
RGP1,1.89312720188335,0.0583409555085752,0.269041354789621
FBXO47,-2.58566950859434,0.00971900705474178,0.101013503859187
KCNAB2,2.96947056382451,0.00298313391662876,0.051286825651984
GBA2,-1.88584160197387,0.059316302935573,0.270749068738647
NDUFAF5,-1.18821162767397,0.234750043791918,0.542289608467053
C12orf42,-0.758802260097993,0.447970853469855,0.727537403292472
FAM171A1,-0.989617877722097,0.322360928345143,0.627853892144838
C6orf62,NA,NA,NA
PPP1R2C,-1.29266716165629,0.19612619995826,0.498635911673226
GPR34,2.24312788578312,0.0248885689162576,0.170496851070936
PGA4,-5.29766787615498,1.17291054672545e-07,7.70653225309349e-05
NPHP4,0.561240055851829,0.574633899880861,0.809925951498523
TAF2,-1.84498074832008,0.0650403391519223,0.28358038236118
NMT2,0.0556383137655243,0.955629941791932,0.984087847998058
MS4A13,-1.13726588022759,0.255427153636349,0.566067626595176
AJAP1,0.521725510566262,0.601861460053359,0.825484741018274
TDP2,1.68302346565418,0.0923705489022016,0.341380223773556
EXT1,1.71005078444603,0.0872564824840785,0.332165824115206
KIAA0319,0.766733487311467,0.443239989155221,0.725153482311757
NYX,1.71957022794268,0.0855105918292459,0.329256530219108
OLAH,-0.800065195836629,0.423673024785576,0.711397460839933
SPIRE2,-0.686736463638636,0.492248814472876,0.759300202543034
LRRC47,1.87831599668164,0.0603379494829169,0.272838747033465
DCLRE1C,0.47707075937013,0.633311735694713,0.841890125775731
TP73,-0.341962499951646,0.732379113509863,0.89254204349795
RCBTB1,-0.0610532165200443,0.951316827410807,0.98199084571249
C19orf54,0.372567838669025,0.709470113158998,0.884156661382758
PHF11,2.07463283094396,0.0380205769217977,0.213673097226555
TPRG1L,2.06447977414942,0.0389722496521601,0.216445658487116
CA9,-2.06995649569398,0.0384564186109853,0.214849484827564
APRT,0.0210503706508864,0.983205474594017,0.993828459408981
HSPA14,-1.05138502986494,0.293081788504178,0.602182459262426
ARHGEF16,2.15926785046408,0.0308293928167862,0.192597678481717
MRS2,1.17921771160965,0.238311495147126,0.546912709709784
ARHGEF39,-0.645283372283346,0.518743566101571,0.776625002073207
ANKEF1,0.738343707871234,0.460305612580431,0.735710038848808
PKHD1L1,-1.35551859116354,0.175252389446226,0.473028823354159
ACTRT2,2.00009246203283,0.0454902805904415,0.234224572498382
CCDC107,-1.40384732064831,0.160364319341103,0.451962997740163
MMEL1,2.1470191203519,0.0317917594454047,0.194753248864472
PAK5,-2.61314197389292,0.00897140255885965,0.0968093778263911
LPAR6,1.14993302548776,0.250171457298913,0.561542329711187
ATP6AP2,-1.70054455077503,0.0890285439226853,0.336013207169794
BCOR,-0.646929278265521,0.517677715815309,0.776456630335729
HES5,1.87233423982886,0.0611603765792193,0.275157966914308
DCDC2,-1.22788395606546,0.219490533095,0.523931613075899
NUP160,-2.21957204883897,0.0264478313955057,0.176693027430982
PANK4,0.700294860216966,0.483743180926131,0.753201809984344
NRSN1,1.24282005500754,0.213934150526869,0.518048648645816
CAMKMT,1.10399021319093,0.269597383112933,0.581026191329528
PLCB4,-0.828279569308393,0.407512190529069,0.700381416488294
SLC35B4,2.9995371620291,0.00270390136804311,0.0482994769194651
LIG3,-0.366882069004907,0.713706987089809,0.886502187877722
MORN1,1.14077945392516,0.253961712741603,0.565216865171363
SRPX,-0.94931472453206,0.342460566833331,0.647047159641286
SKI,-1.0749072277863,0.282416265687008,0.59342001929259
PRPF18,2.51776298224885,0.0118102766084949,0.114188675692626
DYNLT3,1.53188403029986,0.125551055003182,0.399056419157876
CYBB,-1.14940283936119,0.250389909799179,0.561825139849323
C11orf49,1.05501465953575,0.291418620242177,0.60097948230594
XK,-2.17688776378904,0.0294889426155666,0.188034501606514
PIGO,-0.912212174887455,0.361657036093863,0.662146974733518
LANCL3,1.00698375336024,0.313942581638651,0.619845870619715
LRP4,-1.88780857867555,0.0590516531010469,0.270251142292564
FANCG,-0.134665465600349,0.892876378873232,0.961859832717689
CFAP47,-2.38294238395369,0.0171748821599309,0.14063845784203
COX7A2L,0.279601153046606,0.77978352236941,0.916092421244353
GDF9,-1.42376005075446,0.154515943729965,0.443671849068447
SHROOM1,-0.781234946600608,0.434664323348762,0.7197728746928
UCMA,-0.316237608331872,0.751822164023118,0.901995597230657
GLIPR1L1,-2.32412938989529,0.0201185602923716,0.15201584156916
ID4,NA,NA,NA
MCM10,-0.0685566381253279,0.945342535378002,0.979097827059993
SEPTIN8,0.506870220516464,0.612245881770599,0.83099153631375
ESD,-1.90541882030033,0.0567256506990838,0.265152500267415
TMEM240,NA,NA,NA
ZFC3H1,0.456633568909737,0.647934446701232,0.849472581069499
OPTN,-0.0589689204633288,0.952976862895381,0.982627946758644
ATAD3A,-0.187057929943888,0.851615212917558,0.944974601483967
ATAD3C,-3.87361063327132,0.000107234692538595,0.00578760954872587
HAO1,-1.26619397924919,0.205443642533779,0.508137853395324
CCL19,NA,NA,NA
CYP4V2,1.62596530141826,0.103957037014141,0.360851453661427
RAD50,-0.704585588110051,0.481068169865662,0.751022952790277
CCDC3,0.95396696827752,0.34010036286846,0.645010482140566
BMP2,-1.28074262512755,0.200284082585279,0.502091445952672
ACCSL,-0.229040823783158,0.818837186579273,0.931860850622234
GALT,1.51932697149604,0.12868021394101,0.404959473776874
C4orf47,-1.96635995817524,0.0492570453540823,0.24558643002009
LRRN4,-1.80358620188326,0.0712962007529182,0.297003397221419
CRLS1,-1.82787105429037,0.0675689061658742,0.28976868346119
ALKBH6,-2.25376165245329,0.0242111664596496,0.167906985892189
SDHAF1,0.666595167966802,0.505030756416655,0.767191876856503
DVL1,1.63901342848509,0.101210463062978,0.356192947789409
DHRS13,-1.51619349382575,0.129470432735576,0.406177533630896
ARID3C,-3.05359509760138,0.00226117042239905,0.0427270160035018
NPHS1,-1.54836751980573,0.121533836607295,0.393448872924045
FCSK,-1.32461276500856,0.185299619898402,0.486242111753648
PGPEP1L,0.874667409538694,0.381754897831091,0.681360973660518
TAB3,0.924945057265131,0.354994487613489,0.656550813464086
ATL2,2.49638383187721,0.0125466756966716,0.118579345574066
CHGB,-0.14551844930114,0.884301550352609,0.958356576184819
CXorf21,1.96979367521604,0.0488620217503187,0.244261618488527
NR0B1,-1.05141418326967,0.293068404506538,0.602182459262426
IL1RAPL1,1.46461301112751,0.143026530128639,0.426399077392777
C11orf91,-0.349754165498213,0.726523199631726,0.890852127423931
GPCPD1,-1.6920853969776,0.0906296923590794,0.33817182985936
NRCAM,3.22067883928177,0.00127887373150692,0.030056516066147
PUSL1,-0.495399324906049,0.620318271168118,0.83576880384178
ARX,0.714483855701697,0.474928035592426,0.747226702121056
RBM24,NA,NA,NA
POLA1,-1.63946140136989,0.101117203023395,0.356086648097805
FABP9,-1.39809118051756,0.162085687971533,0.454554275438872
FAM219A,NA,NA,NA
NGRN,-0.776252097033346,0.437600151077324,0.722102367665486
KCTD4,2.90429922960764,0.00368076189422225,0.0582446845502479
PCYT1B,NA,NA,NA
GPALPP1,-0.361497291055198,0.717727729692913,0.888676228481764
CD83,0.835147577801324,0.403634621234197,0.696872660355442
PCNA,NA,NA,NA
NUFIP1,-0.020880067590376,0.983341326916917,0.993828459408981
ELP4,-1.33624939036751,0.18146777245376,0.481873304748062
MCUR1,-0.722980955407765,0.469691584733437,0.743166079833704
KIF24,-1.681240451478,0.092716219224557,0.341821787002075
B3GALT6,-1.69029745346324,0.0909710620543822,0.338836800250251
C4orf46,-1.09681699421416,0.272721399753233,0.584756781082697
LGR4,-1.069561386914,0.284816783506462,0.595071371816626
ECHDC3,0.242369266478665,0.80849404632303,0.927782066066796
DNAJC15,-0.644065042304498,0.5195332577293,0.777345207010414
APOO,0.995270845992634,0.319604553136255,0.625468014373879
TNFRSF4,1.38228698507337,0.166883600576816,0.461979295093762
USP6NL,0.740703374932171,0.458873312584014,0.734756356087684
VIT,1.47971048787562,0.138950525497167,0.420656750870572
FEZ2,2.80466965627688,0.00503681723637109,0.0702207385127292
DNAJC2,-0.00785731787033726,0.993730831889073,0.997758310511439
TNFRSF18,0.044976179895688,0.964126295425837,0.987922198025173
SAT1,0.0356211706690863,0.971584427279992,0.989725909339754
GFOD1,0.960620139842122,0.336743198476016,0.641722977978505
TBC1D7,0.314087003916372,0.753454959823219,0.902672874914145
ACOT9,-1.7747916105344,0.0759323020956714,0.307462108817661
VWA8,-0.144995835656083,0.884714159710296,0.958356576184819
SLC23A2,1.03648590248865,0.299975512935251,0.608014325851743
PRDX4,-0.653735331945245,0.513282336017923,0.773340078417718
RGCC,-1.74613827219413,0.0807869278211166,0.319343984627966
PTCHD1,2.63058605304127,0.00852377871867092,0.0938535034781902
AGRN,0.502873418366913,0.615053271004322,0.833062109915268
PHEX,-1.57084055069948,0.116219690309181,0.382851556576544
EDN1,-1.85616337097464,0.0634302753104035,0.279871042479071
E2F4,1.27325956629948,0.202925949580458,0.505875445407437
LYRM7,1.81413477542124,0.069656978836006,0.294120219103024
HIVEP1,-3.00111688850456,0.00268991287110828,0.0481064654534773
RASSF2,-0.212152505430399,0.831988058454453,0.937374453095034
NAA16,-4.14890731359751,3.3406602562961e-05,0.00277626361367054
PLEKHN1,-1.04651505188744,0.295323299224708,0.604494405990333
XDH,-0.238981618780379,0.811119835917649,0.928561163968542
TMEM170B,NA,NA,NA
NEDD9,1.04485454744724,0.296090199690998,0.604701217986584
ADRA1D,-0.290720761202534,0.771264891949457,0.911976782240547
ASPH,0.400032316007637,0.68913271489186,0.873319982871012
MTRF1,-0.0238014669163868,0.981010969951903,0.993415382346864
KBTBD7,-0.0770713153178648,0.938566812168233,0.976321873127672
MBTPS2,-0.471699465946723,0.637141318383432,0.844104747364897
KBTBD6,0.455327119233442,0.648873918799762,0.849472581069499
WBP4,-0.762603926480365,0.445699642200877,0.726503396930176
GCM2,-2.10600529432703,0.0352038924640658,0.204775287459823
SMPX,2.47816422578903,0.0132060345217618,0.122144419164037
KLHL34,-0.866643088655728,0.386137596885496,0.683808379100075
TOM1L2,0.438464344980619,0.661049711228045,0.856086051692864
AQP7,-0.492517233484151,0.622353742110966,0.836506924347374
CNKSR2,2.31076949890072,0.0208455900980116,0.155258037240587
SNX2,1.11241315081495,0.265960552864016,0.578052345452996
YPEL5,-3.73673804161123,0.000186422961805151,0.00798080396260465
NFX1,-2.80325686144534,0.0050589360692272,0.0702758415914061
ELF2,0.756449182071103,0.449379929866958,0.728729423773953
INSC,-0.701321249283265,0.48310255556824,0.752643898943014
TOGARAM2,0.873994687256169,0.382121146981387,0.681360973660518
FOXO1,0.839015431135404,0.401460650346826,0.695582819082921
KIN,0.40859785070439,0.682834808214824,0.869187973529516
RPS6KA3,NA,NA,NA
PAK1IP1,-1.65908389669441,0.0970988877195393,0.349126965704715
SPDYA,-0.87611480504538,0.38096762500867,0.680759459516497
LHFPL6,2.96741578334982,0.00300314541206885,0.0513969801440368
NHLRC3,-0.192619054402399,0.847257321122376,0.942846142607265
CCDC112,-0.036214344913696,0.971111447905577,0.989567703577914
TFAP2A,NA,NA,NA
STOML3,1.33030304257831,0.183418445124549,0.484008973767072
REEP5,-1.21394380125702,0.22476918519463,0.530774045230332
MAP7D2,-0.951807182466063,0.341194778767798,0.645671350168974
HGSNAT,-1.77114403853412,0.0765367523666778,0.308597492466712
TRPC3,-0.33127054646854,0.740440136978167,0.896758086534586
KATNB1,0.380018685493349,0.70393154481423,0.880174445466718
ARHGAP44,-0.209883225501635,0.83375881475141,0.938066981056048
BCLAF3,0.42138921820693,0.673470890925736,0.864550807311394
NDNF,-0.64575978063063,0.518434938632484,0.776558299423228
BAG1,0.49429298375263,0.62109927951883,0.835880368253862
EEF1E1,-0.988895444883187,0.322714299429434,0.628056470441417
IPO7,0.680364031758044,0.496273989693458,0.761823005859948
SPINK4,-2.41201989059513,0.0158644160209799,0.134838613559645
B4GALT1,-2.80969570089076,0.00495883608188401,0.0697547969328365
POSTN,0.675028466378057,0.499657679448959,0.764563269727892
CENPB,-0.680695642509779,0.496064094135945,0.761823005859948
SPEF1,-0.748112087032993,0.454392551972677,0.7318790785849
TXNDC5,-0.0207908645237422,0.983412485219359,0.993828459408981
ADPRM,-0.764555836203614,0.444536075881353,0.726173297883364
DSP,0.631557339282979,0.527676170248152,0.782248605531693
SIN3B,-1.46830741672685,0.142020737216876,0.424657178635027
PDHA1,0.859127937952017,0.39026993517463,0.686984188743041
APTX,-1.93224962007701,0.0533287033866336,0.256249082854947
SMAD9,1.43245193933604,0.152014523164268,0.439327495517005
OR10A4,-1.90621886836619,0.0566218152119678,0.264749032018334
RIOK1,-0.219815703101627,0.826014689422505,0.93447626789586
NDUFB6,-0.856766339287158,0.391574032021424,0.688255716137909
NRBP1,0.194168242403394,0.846044148508869,0.942743053726061
ADGRG2,3.25470689288647,0.0011350944866578,0.0276224603580881
SOHLH2,0.297526732336721,0.766064402063938,0.908979683102248
DDX58,-1.81150633340672,0.0700625095782945,0.294926084887796
ARIH1,NA,NA,NA
RBM17,NA,NA,NA
ADAM32,-1.84068453916877,0.0656678009149586,0.285305090190543
MAB21L1,NA,NA,NA
CNGA4,-0.972827843651678,0.330638871774379,0.635620739124082
RREB1,-0.393122727345133,0.694228838703126,0.875871281556323
PHKA2,-2.11721497684251,0.0342416068827335,0.20207459216431
LY86,-0.522345989241767,0.60142945416828,0.825151275940236
LETM2,-2.71404239724566,0.00664676589352316,0.0817362533040639
IL2RA,0.472839496469737,0.636327693287789,0.843797638642536
IL15RA,-0.28074216371395,0.778908166757659,0.915592736157571
RHOBTB3,-3.12369713022215,0.00178594186691966,0.0371751425521899
RS1,1.33643677656875,0.181406552451859,0.481795399060193
LINGO2,1.86099778447531,0.0627444895659124,0.278478600526781
FBH1,-1.61771128345898,0.105724833166587,0.363778160021281
GPR150,-0.617719588286597,0.536760197401475,0.787908703558143
ARSK,-0.210736793752231,0.83309266201856,0.938049975953735
SKOR1,-2.31771818454883,0.0204646420777102,0.153479737507869
TEK,-0.784675812596976,0.43264366762176,0.7185426133407
CDK14,-0.595995702000905,0.55117809798019,0.796329446249334
RPP40,-3.2729049716411,0.00106448259581921,0.02641455006243
LRRC19,-1.52812521012537,0.126481453300893,0.400254875446123
SLC4A11,-0.110102781059446,0.912327862602899,0.967093532808964
EXOC3L4,-1.41119606356501,0.15818681055431,0.449633336050641
RFC3,1.83291739756413,0.066814856085167,0.288075921586032
STEAP4,1.16488454867004,0.244065728731094,0.554384682486741
RBBP7,-1.01589760230299,0.309678150771245,0.615944469034466
ANKRD16,1.1690255106472,0.242393353336602,0.551663908979326
KL,1.80119863995612,0.0716715766709863,0.297636951539419
ELAVL2,NA,NA,NA
ITPA,-0.0870724895902699,0.930613892440888,0.973652529947847
ECI2,-4.11295607470337,3.90624732943186e-05,0.00304479978670694
N4BP2L1,1.28363110249005,0.199271061749475,0.501489775978116
BRCA2,-0.188942188971226,0.850138127035492,0.944210656503896
SYAP1,-1.53365652669754,0.125114174073108,0.398131269444685
ATRAID,-2.92654632360152,0.00342748458113871,0.0556947817098582
ALOX15B,1.50979431118137,0.131095917101693,0.407889952489353
UBQLNL,-1.30117600396499,0.193198216919948,0.495343662968791
GDI2,-0.0429962376822429,0.965704532976548,0.988333123550156
OR51I1,-0.147900695438943,0.882421139362564,0.957915972850159
OR51B6,-1.98141719719685,0.0475445067699515,0.24010106712925
OR51B4,-0.657535505639407,0.510836648742234,0.771744820133224
CCDC85C,-0.812732233758141,0.416371596052478,0.706513312322597
FOCAD,1.31504731414514,0.188494001597985,0.489689075494025
CNTROB,1.56669595849584,0.117185775920426,0.384980749067278
FASTKD5,-0.208657873668813,0.834715328151495,0.938066981056048
PXDC1,-1.8339885668567,0.0666556913129543,0.287730534987048
GRPR,1.38173968215802,0.167051645384542,0.462359792133918
AP1S2,0.877231060251656,0.380361148669112,0.679997359362076
AVP,0.280971347561911,0.778732376265989,0.915463160649059
BCL7C,-0.414750053619693,0.678324886336838,0.866293051831513
EMILIN1,1.6373258889899,0.101562394282968,0.356938854680095
USP3,-0.287531428284196,0.773705441130182,0.913537090256181
MRPS26,-0.546105599060219,0.584993351265311,0.815612097455613
CALML5,-0.824394124588633,0.409715652185163,0.701722507987599
MLLT3,2.56118066786172,0.010431709212683,0.105306606293965
LHFPL2,0.914734426409763,0.360331066670987,0.660920388339841
CHD3,1.9161535844231,0.0553455494309082,0.261206103372856
BPHL,-1.7675428024921,0.077137367372118,0.309848105994439
PTPRA,-1.32500796312452,0.185168510169153,0.486063318686164
RPS6,NA,NA,NA
ZNF768,-0.373881077529293,0.708492795130256,0.883394646865382
TUBAL3,-0.691546457510683,0.489222196017596,0.75741479625222
PIR,1.94572806317812,0.0516874137865281,0.252202838630931
UCN3,0.347668514981364,0.72808914466022,0.890852127423931
VPS16,-0.785389037608674,0.432225506155838,0.718252897407854
SHBG,1.24120599789874,0.214529659679845,0.518174923447987
NQO2,-1.39301941513368,0.163613919689676,0.45702207786087
TEX26,0.645520170709989,0.518590151176179,0.776558299423228
MEDAG,0.826522694143743,0.408507649915762,0.700700604668927
C2CD2,-0.147054017921073,0.883089383592514,0.958243515348567
ASB9,1.70593064729315,0.0880209928558484,0.333543942837909
MOSPD2,-1.10568057663703,0.268864799933224,0.580440693798697
TLCD3B,-1.19412232699355,0.232430120721638,0.539137986852708
HAUS6,-1.07836038636801,0.280872958107289,0.592282635697978
SLTM,1.12455202266518,0.260778913980682,0.572221714545676
COL2A1,-1.27167292984691,0.203489352564509,0.506449142524109
GEMIN8,-0.777091402154906,0.43710484622036,0.721585565076135
CARS1,1.66660659352178,0.0955926569531045,0.346342899035079
RRAGA,3.33227842918497,0.00086138030646624,0.022917568998799
SAXO1,-0.0568314125134961,0.954679490800467,0.983577615556085
ADAMTSL1,0.905268194250592,0.365323321962546,0.664877905378675
OFD1,-0.675753617863638,0.499197087418734,0.764195838726737
ADRA1A,-0.770384170494007,0.4410720404861,0.724662939682141
IGSF5,-0.362441519078817,0.717022117787436,0.888390630435061
C20orf141,0.68357056646291,0.494246376078323,0.760131410064687
BTF3,NA,NA,NA
CPXM1,2.15439670125435,0.0312090750560364,0.193416467026878
SH3GL2,2.34950525272532,0.0187983788714803,0.14742143305958
KATNAL1,-0.464773487799985,0.642093675648729,0.846877143499962
B3GALT5,-3.76028752873785,0.00016971817230957,0.00761062617193536
BNIP3L,-1.28969894068486,0.19715520754554,0.499649420833171
PTCD2,-0.906820716518509,0.364501612805605,0.664266969005814
CNTLN,-0.0226367844034004,0.9819400016276,0.993776942445506
TLR7,-0.442470826453976,0.65814853665746,0.854963279638162
PRPS2,NA,NA,NA
BNC2,2.30346407271314,0.0212527463375387,0.156759047500086
UBL3,NA,NA,NA
CCDC171,0.513245807524178,0.607779386827735,0.828752195339928
PDE4A,-1.89908750664039,0.0575529714716989,0.267201383987807
SMN1,-2.16097184046432,0.0306975147107977,0.19225065988793
GPS2,1.92553914441586,0.0541619437057525,0.258070130696821
PSIP1,1.02411884784813,0.305779143030461,0.612529893152487
SERPINB1,-0.708697888786668,0.478511975264786,0.749976454076067
SMN2,-2.52915841066569,0.0114336409544681,0.111762730985719
HMGN1,0.566970108763085,0.57073449008438,0.807654238613648
SLC7A1,-0.87395231205387,0.382144224459027,0.681360973660518
ICAM4,-3.98582172170998,6.7246990995317e-05,0.00430608698271708
WRNIP1,0.579714307731981,0.562107293163129,0.803299108732366
MID1,3.47649923528785,0.000508005677310142,0.0161961641255504
ADAM7,-1.32959694251217,0.183651106049561,0.4842656733068
GMDS,-2.2038959637821,0.0275316614818297,0.180533626324662
SBF1,2.13810379403448,0.0325083200818695,0.196699106413457
AK6,0.745118189251663,0.456200274072053,0.73318074463223
CENPO,-0.466262962441273,0.641027286372233,0.84650006497155
NOXRED1,-0.0797587186628984,0.936429157413663,0.97548081426295
POMP,1.55170717733281,0.120732304562635,0.391680095524354
WWC3,1.89340217741044,0.0583044060941712,0.269041354789621
NKX3-1,-0.668501320175085,0.503813639481891,0.766575888023594
ESRRB,-0.282302720010771,0.77771140009852,0.914826393577398
CER1,-0.382426240835597,0.702145229508935,0.879616903617593
SHROOM2,2.35011894351339,0.0187674128206813,0.147408078246432
ZDHHC21,0.438520475663958,0.661009030541271,0.856086051692864
CEP152,-0.595982759774661,0.551186744028585,0.796329446249334
IRF4,-1.18063711893652,0.237746911238091,0.546272057568805
PAN3,-1.58217146685264,0.113610432209023,0.378835139351888
NLN,-0.264697232257932,0.791242709807339,0.921514944357046
FKBP1B,NA,NA,NA
DNM1L,-0.54398868581055,0.5864492586462,0.816511995270073
RUFY3,1.22702584205126,0.219812878247174,0.524275917940544
SGTB,1.26047396442608,0.207498434263045,0.511248472458012
CDX2,2.10025811208019,0.0357061418834314,0.206739929556481
TTC38,-0.647198830870444,0.517503267891527,0.776405054838632
PDX1,0.399939329421231,0.689201203646669,0.873319982871012
PNPLA4,0.351123441588391,0.725495742341155,0.890852127423931
ADAMTS6,1.33562184554076,0.181672906116098,0.482196254904813
CWC27,1.24161862964276,0.21437730489391,0.518087710971155
PUDP,0.315394877244057,0.752461855878175,0.902404854061661
IGFBP3,2.108588203003,0.0349801420412148,0.204065341147381
LDAH,-0.605031236886489,0.545158241715933,0.792839525641657
CCM2,2.44169007799247,0.0146186904144727,0.129494519075915
MTIF3,-1.48435605292087,0.137714487096946,0.41886822070538
PFKP,-0.295601225940074,0.767534637290321,0.910044616615371
ARSH,NA,NA,NA
ARSL,-2.08991322283024,0.0366255955638789,0.209733232346093
GTF3A,-1.44537943672463,0.148351336118596,0.434053318765581
SDC1,0.64872655049412,0.516515139908128,0.775516820098522
SLC5A3,2.10342405886395,0.0354287171870246,0.205843434882859
ARSD,-0.539202155939295,0.589747372906635,0.818089067318255
NPC1L1,0.406839893333756,0.684125584425186,0.870098117474618
GYG2,-2.3111273017984,0.0208258243669132,0.155187306623665
SHISAL1,-2.18513838004825,0.0288787019166843,0.186104453460526
TH,-1.01851271481725,0.308434361463733,0.615051697767397
PTPRD,1.03116775778264,0.302462157591499,0.609766292092146
TECRL,-2.26097952064128,0.0237605252499441,0.166312671411373
MTHFSD,-3.49575834540884,0.00047271659915378,0.0153958906172671
ZBED1,NA,NA,NA
MIER3,1.74332605143905,0.0812766772629842,0.320191122731548
POLR2B,NA,NA,NA
ASMT,NA,NA,NA
RDH14,-0.253984574577069,0.799507475142888,0.924843613315931
KLHL42,-0.938427556752883,0.348024729844804,0.651151382619126
MANSC4,-1.61186022678627,0.106992358820044,0.366334367834892
EXOC1,-1.16603720646971,0.243599402794881,0.553689765236211
IL6ST,1.53446047925684,0.124916408728405,0.397790136087162
KDM4C,0.531475711195254,0.595089168303405,0.821277398301466
ADARB2,1.32671040596345,0.184604497387956,0.485135156976777
ASMTL,-3.38124449912433,0.000721583047609695,0.0204972989012739
ITSN1,1.61009687675746,0.107376708825956,0.367207442911277
CYRIA,NA,NA,NA
TMEM165,0.390695992996095,0.696021961054426,0.876377593355649
THUMPD1,0.582356978412612,0.56032625350284,0.802012724278738
ITPR2,-0.651614559082462,0.514649853210765,0.774023545155363
DDX1,1.14844290935457,0.250785768426601,0.56246282761395
IDI1,-2.90685687903743,0.00365080190840685,0.0580660478409212
RDH11,-0.402423967323212,0.687372034200136,0.871965675964921
GP2,-0.72799995727451,0.466613612446797,0.740544519144717
CDC20B,-0.477247152785481,0.6331861378459,0.84179721255628
MBD3L4,NA,NA,NA
CCP110,-1.79923461387215,0.0719815762146616,0.298316398518879
SLC25A6,NA,NA,NA
ESM1,0.388432075579734,0.697696311138724,0.877616089522756
HR,-1.3066316283691,0.191337849488426,0.493093039131838
SGCB,-0.729907705437447,0.465446601998481,0.739546740553154
IL33,-1.68487308644047,0.0920130601399056,0.340427076507606
ITPRIPL2,-0.539362182226918,0.589636970258859,0.818078834833132
TGM3,0.411635813309902,0.680606377740011,0.867502808801097
KIAA2026,-1.01534658581155,0.309940645044993,0.616292503673675
MLANA,1.26692103328291,0.20518352710188,0.507983856743709
DENND1C,-3.38319522757446,0.00071647681003365,0.0204290519872236
STK35,1.31519164536557,0.188445502275659,0.489647254193562
GREB1,1.88742316538273,0.0591034317597084,0.270251142292564
TEC,0.668035500113121,0.504110932050905,0.76687380764579
MRPL23,-0.6549935923018,0.512471879605152,0.772901701057192
E2F6,0.531963065515737,0.594751576561149,0.821107965632236
CDK8,NA,NA,NA
NPM2,-0.921460740207928,0.35680992937916,0.658377491181668
NPSR1,1.8066917267313,0.0708103583837701,0.296422752325632
CRYZL1,-0.576091012388682,0.564553666038,0.804634065940419
MYBBP1A,-1.03602520441129,0.300190384131333,0.608014325851743
LZTS1,-1.98575367697385,0.0470606816396926,0.239114281415076
COMMD8,0.438714779887037,0.660868216378662,0.856086051692864
CD274,0.947002152298292,0.343637682197395,0.647835909851176
SHOX,0.0230074030012398,0.9816443677723,0.993677385342287
C2orf50,0.459113227720721,0.646152858178328,0.8484190923554
RNF6,-1.07711060996576,0.28143085362018,0.592915524872183
ZMYND11,0.846301561190283,0.397384537160855,0.69288971103898
CATSPERD,-1.79156810690676,0.0732021757574325,0.301507571558005
ZZEF1,1.30293536343675,0.192596829519119,0.4946504567799
INSL6,-2.11855646885852,0.0341279678938415,0.201855910298134
C5orf51,-0.492336281516046,0.62248163565326,0.836506924347374
JAK2,0.12776232883672,0.898337062915102,0.963086669606486
ATP8A1,-1.7734205323023,0.0761590492137534,0.30797300727975
BAIAP2L2,-0.941085770071919,0.346660907190301,0.650371152012393
CARD6,1.00056225405829,0.317038486313327,0.622992255987517
NOL10,1.96994697767123,0.0488444476384955,0.244254564100908
HMG20A,0.646647048308584,0.517860400817484,0.776456630335729
NUP58,-0.291744570589018,0.770481928498408,0.911775559380736
RCL1,0.486568626166339,0.626564061520838,0.838451792942788
GGA1,-1.10727319820661,0.268175828476383,0.579367136516812
CAMKK1,0.178974785080759,0.857957500591031,0.948410229714656
CPPED1,-0.438541494928733,0.660993797096535,0.856086051692864
ARRDC5,-2.29648986374462,0.0216478880652835,0.158265388319566
NSUN7,-0.207615738794097,0.835529014354149,0.938355712315688
MTMR6,-0.288804964061156,0.772730633140269,0.912875651033126
AK3,1.71700990541196,0.0859773621518508,0.329754135916263
TEX33,-0.695095176806161,0.486995657214061,0.755515693647356
PLIN5,-2.12274897135097,0.0337748929580298,0.200316398109005
CDC37L1,1.03922351428475,0.298700796937869,0.607123933197723
SNPH,1.06268892639707,0.287923044305327,0.5979531735788
CTNS,-0.852129028315197,0.394142482138397,0.690398779167526
PLPP6,-1.68626498334378,0.0917447723936145,0.340076285629734
CENPJ,-0.675311988422947,0.499477568848813,0.764442477257775
TMEM74B,-0.389310947059092,0.697046139252328,0.877228618952463
RFC1,-0.769479844482824,0.441608505266326,0.72472028864901
TNNI2,0.0890545611691026,0.929038548785485,0.973128136285782
TNK2,-0.349143450929999,0.72698161747686,0.890852127423931
METTL22,-1.74627322320337,0.0807634864323596,0.319334852685981
ANGPT4,-3.11832753351715,0.00181880555174376,0.0376216730500244
TMEM52B,-3.42221968784051,0.000621121058957281,0.0186237727042905
KLHL5,-0.403119201636546,0.68686053547853,0.871742371054972
NADK2,0.944536826913444,0.344895392009477,0.649235072751272
TMEM156,0.913426207669242,0.361018427221588,0.661458592649447
FAM110A,0.46268707045936,0.643588687334035,0.847352521605849
SRXN1,1.0921823741507,0.274752948170894,0.587279568989893
PGM2,-2.72479867958489,0.00643407057527835,0.0802904001103274
SYT8,1.09737127097002,0.272479126798321,0.584486098534595
GLIS3,0.26443166386151,0.791447315339525,0.92151566603058
C4orf19,-0.454018335301407,0.649815629989736,0.849555653638282
PARP4,-2.7223388406223,0.00648216412344249,0.0806906624657849
GPNMB,-0.0540989868891812,0.956856299412623,0.984410946744064
IFNGR2,1.20406211745123,0.228565570470597,0.53437388682504
DNAJC21,-0.620629498464838,0.534843426234908,0.786852309762982
RSAD2,1.31237478135328,0.189393711533773,0.4903578133326
TP53BP1,-2.17643307975891,0.0295228925228203,0.188034501606514
SLC34A2,-1.47187597894795,0.14105437133914,0.423359217413522
C1QTNF3,1.82056451815967,0.0686730805227653,0.292087698525198
C1QTNF9,-1.32229556160991,0.186069750151363,0.486995412524685
CLEC6A,-0.639136419674677,0.522734189246115,0.778511783570247
SGCZ,1.31276842355931,0.189260993220559,0.4903578133326
KCNV2,2.56149550946056,0.0104222588613431,0.105306606293965
VLDLR,0.626555992561969,0.530950322867581,0.785003328845895
SEPSECS,-3.27402453916161,0.00106027403328049,0.0263968059158728
TRAPPC12,0.930016594957554,0.35236249233345,0.655372551894535
LGI2,1.54055982116782,0.123423952986059,0.396494192483598
SOD3,-1.96120610828999,0.0498549846116666,0.246835986828753
EIPR1,-0.284015579354152,0.776398441467532,0.914517455038817
C1QTNF9B,-1.19391380988641,0.232511684898847,0.539244411017707
MTMR12,0.942783097074493,0.345791859210483,0.649780004549154
KCNIP4,NA,NA,NA
MIPEP,-0.854780817130882,0.392672499849615,0.689441005082763
DEFB135,-0.112827078451611,0.910167649914274,0.966385137839339
DEFB136,-1.69484891097583,0.0901040862566157,0.337671174874377
DCAF16,1.81249706502576,0.0699094270248182,0.294445724971865
DMRT2,-0.795431720032501,0.426362414567793,0.713024917503078
ZNF316,0.0550677290677486,0.956084505591105,0.984087847998058
CDH12,0.0834481402667875,0.933495211565255,0.974575449891131
TNFRSF19,-2.14345820589714,0.0320763236063014,0.195664762631384
DMRT1,-0.335598480101696,0.737173670302269,0.894800456047089
NRSN2,-2.92745150372353,0.00341752354058754,0.0555926972501172
KANK1,2.99383454625643,0.00275495295661872,0.0488605886833161
FGFBP1,-1.67835851317523,0.0932771314856358,0.342552615069484
BST1,-0.878871218744086,0.379471105578679,0.678995391316356
OLIG1,0.590605207784774,0.55478497468791,0.798924198349885
ONECUT3,-1.03757750037977,0.299466797327436,0.60786329633475
FGF9,NA,NA,NA
FSCN1,-0.750774401514857,0.452788437650404,0.730806244769081
RNF215,-1.31536748463957,0.188386427806149,0.4895952702307
FBXL18,-1.14418596721664,0.252546521470333,0.563817850858276
MICU2,0.00127554894218459,0.998982259468464,0.999336003764988
DEFB132,0.497227082700957,0.619028925170469,0.835093523420251
DEFB127,-2.36684176867261,0.0179406012233283,0.143829371717208
CBWD5,-1.99000523714878,0.0465903585906172,0.237621835646779
DEAF1,-1.16165319748787,0.24537636397396,0.555116287143151
NOP2,-0.81583756780379,0.41459304351039,0.705078783876774
NKX3-2,-0.40694939395823,0.684045156835419,0.87006905227648
MLST8,NA,NA,NA
WDR1,0.964469737174123,0.334810473761703,0.639006804683867
TAS2R1,-2.01825174939311,0.0435650490786665,0.230356556561983
SEMA5A,0.837279296923056,0.402435593643032,0.696074933173114
CD9,-0.497412653719712,0.618898084179069,0.835093523420251
KCNA1,-0.783294275364632,0.43345432414086,0.718760421192932
NYNRIN,-0.863824751172746,0.387684168875187,0.684825617772277
DNAJC19,0.49203981658965,0.622691196267602,0.836602894558677
LATS2,-2.03121646546239,0.0422330408220078,0.226642653729468
PPP2R2C,2.30926379048958,0.0209289476640268,0.155417007567681
IRX2,0.247618126960176,0.804429884149005,0.926280639565898
IFITM5,1.3922958589012,0.163832825005124,0.457199251495112
PRMT8,1.28993145453861,0.197074458443959,0.499612349606629
FAHD1,-0.457903230396086,0.647021965943961,0.848702496061179
PSME1,-2.34428597613479,0.0190635481313436,0.148269860710686
DOK6,-0.00245124546330789,0.998044191048702,0.999033388800133
MSX1,0.979256390430208,0.327453312197333,0.63181996315078
SERPINB11,-2.68064800834495,0.00734797617441693,0.0867309593144333
URB1,2.73434437292907,0.0062504634745598,0.0788455793218262
TMEM128,1.38303735604028,0.166653411962156,0.461595740757349
EEF1AKMT1,-1.71949290220172,0.0855246589631422,0.329256530219108
BET1L,1.02630659174176,0.304747091163598,0.611729527277232
SERPINB12,-1.57838116057905,0.114478070606908,0.380299489202125
SERPINB5,0.311730122665181,0.755245633304154,0.903270523300206
FBXO25,-0.384301832019281,0.700754750306339,0.878603317566531
KRTAP27-1,0.60406363252901,0.545801337131399,0.793079668520725
GJB2,-2.18959948229433,0.028553296604431,0.184716360567706
NLGN4Y,-0.0680111508757924,0.945776757724047,0.979258119324051
SLC7A4,-1.93378350224123,0.0531397520382951,0.255977989608032
TMEM129,-2.05002442454893,0.0403620474249881,0.220996833582036
RNASE13,-1.71721462581487,0.0859399641773823,0.329709250735873
RNF212,0.67420646085693,0.500180062630392,0.764920364880605
METTL17,-2.54301741083145,0.0109899752756216,0.108976710213382
CTIF,-0.677464918472858,0.498111021192004,0.763510878613811
SNRNP25,2.1115158571677,0.0347279964028966,0.203493401178974
SEPTIN5,NA,NA,NA
STAG1,0.462403595894322,0.643791921116376,0.847389591105337
TMEM241,-1.85444775004125,0.0636751287779068,0.280119857988874
LY6G5C,-1.89280821647498,0.0583833785075682,0.269072770968701
CHRM5,-0.510845706382752,0.609459101465284,0.829208177123377
NEK11,-1.24952112861599,0.211474530533946,0.514870808027871
HMCES,-5.99847609428413,1.99177834640599e-09,4.29996491012675e-06
LRRC30,0.39706034379496,0.69132296233757,0.874102460412094
ARHGAP28,-3.03142382265266,0.00243403329819388,0.0451326517819705
UROC1,-2.10038959335497,0.0356945837087523,0.206739929556481
HACD2,-1.10938367632744,0.267264701266027,0.578639565262493
EOGT,0.0682573818448333,0.945580749327136,0.979258119324051
CADPS,-1.22656942517637,0.219984466722729,0.524436860879299
CSPG5,-0.224314097302649,0.822512907622365,0.93330943534984
TRIM71,-0.291099784644315,0.770975004627279,0.911942256569148
ZCWPW2,-0.402337399402039,0.687435734091785,0.871965675964921
SH3BP5,-4.05327369885804,5.05058549913766e-05,0.00358330742079664
CCDC174,-3.62532496079481,0.000288598319539397,0.0109242894813134
SEC13,-0.733343018322781,0.463349243714707,0.737843389991218
CRELD1,0.649383978688049,0.516090216976124,0.775109854794592
CIDEC,-1.88497741023954,0.0594328877329741,0.271016837483616
RPUSD3,-2.10694400095309,0.0351224339345004,0.204488437583151
BRPF1,-0.060497366688862,0.951759513088244,0.982042179556845
CPNE9,0.910327114210438,0.362650023248921,0.662654394814349
SRGAP3,-0.24251008365882,0.808384944390837,0.927727314674539
FAM131A,-0.219146086217142,0.826536251567212,0.934776557237525
GOLM1,-2.73031126654654,0.00632745516846603,0.0793531141127458
PIP5KL1,0.222731521771835,0.823744466722399,0.93356558952038
MRPL2,-1.22343874123167,0.221164028321806,0.52616983564218
RUFY2,-1.53626846860732,0.124472549504432,0.397764679236831
ADAMTS7,4.29912576568016,1.71473153184061e-05,0.00169366162805068
METTL14,0.256612097426314,0.797478235265727,0.924264981312652
GPX3,-0.303666796147189,0.761381756948845,0.906023084768286
KRT18,1.79894051542985,0.0720280907648929,0.298316398518879
NOX5,-2.71966022218547,0.0065349027304865,0.081013494719534
STAB2,-1.33070075422248,0.183287494776063,0.484008973767072
CCDC158,0.942136695638096,0.346122659238103,0.649845400224401
TYRP1,-0.241252022172951,0.809359793476753,0.928257754612604
C6orf163,-0.416658018576233,0.676928565497783,0.865826871079349
STPG3,1.29597520788462,0.194984026439742,0.497652188406921
MAB21L4,-0.0564733248044412,0.954964745325025,0.983630336140319
TMEM266,1.49525105090875,0.13484893466951,0.414531550188292
LRRK1,0.558235680606343,0.576683459171585,0.811109235959365
HYKK,1.11918892707891,0.263059548310709,0.575554639361726
FAM83G,1.13832548281121,0.2549845970432,0.565999886973683
KCNQ3,1.20509750588851,0.228165662541573,0.534072286194182
NCBP3,-0.793146049404689,0.427692736042702,0.714475669190045
BORCS6,-0.0250300222554034,0.980031016808995,0.993264425606982
STK38L,1.02129375581784,0.307115283904087,0.613499824237748
ALK,1.39334224504053,0.163516321609868,0.456926525918699
PP2D1,-2.31001913429945,0.0208870948125234,0.155368251661277
DIAPH1,-1.26792343333017,0.204825294835525,0.507920762916308
DCP2,-0.987579785111679,0.323358490515761,0.628246389715118
SHISAL2B,1.2427897623786,0.21394531605337,0.518048648645816
DENND5B,0.441639534723563,0.65875007063724,0.85520300193065
RNF180,1.47274039642146,0.140821049490982,0.422910910156541
RNF20,1.06514303981084,0.286811205048674,0.59674090428207
LOXL2,-0.699380200385409,0.484314458135596,0.753677282601702
FAM169A,-1.67897846064359,0.0931562416746128,0.342191814338053
CCDC150,0.274973660353181,0.783336474547215,0.917250071106218
CCDC154,0.203984504565683,0.838365607894109,0.939795346524425
LTN1,-1.04879870951677,0.294270771550843,0.603372412768928
ITGAD,-1.31432011017672,0.188738502508246,0.489819036562703
ASPDH,-2.26697090355249,0.0233920032276257,0.165186893820504
UNKL,0.888833542361731,0.374092546190803,0.674053482536714
PRTG,-3.93259903850151,8.40323400985999e-05,0.00495592327124257
CFAP69,0.111467141182676,0.911245920725238,0.966576128423622
FANCA,-1.53588588322395,0.124566370997158,0.397790136087162
SMTNL2,3.05565079883635,0.00224572640448071,0.0425341459739061
TRAPPC9,1.03805237951465,0.299245669919464,0.607612728945355
TM6SF2,-1.06502732492905,0.28686356461584,0.59674090428207
VPS9D1,-0.0107091959464628,0.991455461220429,0.997144752864687
DNAH6,1.4274987995152,0.153436170961689,0.441755909893992
VWA3A,-0.717296620172507,0.47319109225213,0.746047343360896
PTPRN2,-1.53695487122549,0.124304361012787,0.397502341079621
ADAMTS20,0.0730739793503073,0.941747247757814,0.977552136885381
SIGLEC15,1.1810750301392,0.237572918376622,0.546074676944861
LRP1B,0.399655183883034,0.689410505249328,0.873319982871012
SMYD5,-0.118365568183731,0.905778006559589,0.964669535353719
TANC2,2.12519749100834,0.0335701373154923,0.19965583477817
TBR1,NA,NA,NA
EP400,2.48770180924139,0.0128571484369781,0.120457053428154
ESYT3,0.247161552786678,0.804783198771778,0.926280639565898
NXPE2,NA,NA,NA
SHOX2,-0.414572715418153,0.678454725342754,0.866372120605972
GPX2,0.5061408164908,0.612757798773526,0.831462319750878
GXYLT2,1.12321245237305,0.26134727521309,0.573302369432459
CRYBG3,0.502211856459475,0.615518503675301,0.833315921628276
RTF1,1.04534659454956,0.295862809943426,0.604701217986584
CC2D2A,1.29321007090273,0.195938413455257,0.498635911673226
LAMA1,-2.460099876988,0.0138898355589721,0.126219600100533
EPHA6,-1.62991301587981,0.103119882347876,0.359356462511603
FAXC,0.676246052813456,0.498884437803459,0.764070534300782
TSN,NA,NA,NA
HAGHL,-1.18474308460195,0.236119041997082,0.544435606142799
EXOSC8,0.616921634640473,0.537286416030263,0.788221757018671
ZXDC,-2.40498961347882,0.0161729254376564,0.136083100898588
TRMT44,-0.836608528671316,0.402812650045541,0.696408279085712
GPR149,-2.03728823052037,0.0416211665730291,0.224394958705536
TRMT61A,1.9829151548495,0.047376907565566,0.239932917939288
LYST,0.333364691863316,0.738859012120711,0.896046656862867
LRCH1,1.6828272230404,0.0924085434059907,0.341422989215638
SQSTM1,0.783690788163882,0.433221569072409,0.718760421192932
TMEM87A,-0.18821701149063,0.850706537564009,0.944590536051969
DNAH17,2.00012065127274,0.045487237310475,0.234224572498382
CCDC88C,0.971689201707993,0.33120519041026,0.636196417819506
CCNK,-1.156016542015,0.247674390820596,0.558301818926142
RNF216,-3.60868261290877,0.000307755846404588,0.0114002698386815
APBB1,1.84164118782549,0.065527652132844,0.284965145045047
COX16,0.899001575591328,0.368651821415961,0.668634940619058
FAM168B,NA,NA,NA
KIF19,-1.90955379600442,0.0561906889480517,0.263697259936405
TMEM95,1.49378632247477,0.135231477583406,0.415270548116367
IL17REL,0.840460638985806,0.400650161914144,0.695214748748025
ARL4C,NA,NA,NA
NLRP5,-2.09285343728664,0.0363622398749015,0.209176310997149
COL23A1,-1.05726618651214,0.290390120666681,0.600129330640534
PPP2R3B,-0.61841356949916,0.536302755275603,0.787619750993674
KRTAP29-1,-0.162929441834776,0.870573989325649,0.95331613852296
BHLHA9,-1.79505982979844,0.0726441680152541,0.300026965577076
KRTAP3-3,-1.37756231041077,0.168338464213477,0.464136265497914
KRTAP3-2,-1.4849025294979,0.137569645886364,0.41886822070538
KRTAP3-1,-2.12064982155257,0.0339512821390541,0.201046934045998
ZNF628,-1.62325551554932,0.104534794701559,0.361537485904934
TFPT,0.596766610394295,0.550663213306578,0.796329446249334
CACNG7,NA,NA,NA
KLK14,-0.634256671553219,0.525913328279376,0.78086089771644
KLK10,0.378173784071429,0.705301499131897,0.881160404669414
KLK8,-2.40749312636154,0.0160624645709544,0.135758369460997
NLRP3,-1.99047667778228,0.0465384506215643,0.237560816355178
AKT1S1,0.0466195890824944,0.962816419173917,0.98703916750708
PTOV1,-0.106979028251061,0.914805617294479,0.967880906506346
RPL13A,NA,NA,NA
PGBD5,-1.46263592239761,0.143567028296185,0.426831582060192
GUK1,1.05497417341698,0.291437136723296,0.60097948230594
STRN4,-1.4725291263981,0.140878047658935,0.422998024284089
DACT3,-1.795597427043,0.0725585653947646,0.299884125774794
ERCC2,0.104477787315972,0.916790194951475,0.968848491336132
PPP1R12B,-2.63956647112503,0.00830121423282108,0.0923370400159984
CAPN10,-0.148514799999939,0.881936506765434,0.957458655907992
OTOS,-0.065869723008201,0.947481545754128,0.979902896211086
PDC,1.01215164716229,0.311465551258883,0.617370363973097
LRRFIP1,1.83312132596507,0.0667845303220962,0.288027346526118
TMEM91,1.6036496788506,0.108791293717575,0.37053279933739
HNRNPUL1,2.45720410725647,0.0140023106561373,0.126708334512304
SH3BP4,3.29474172645012,0.000985121763257017,0.0251897801799324
ATG16L1,0.6075423802803,0.543491026300454,0.791789876549934
AKT2,-0.40187354655145,0.687777092031629,0.872099967677628
GPR55,1.0798317311383,0.280217118287819,0.592009099897318
PID1,-1.41964443630255,0.155711221828187,0.445495642610293
SPHKAP,2.80465738140093,0.00503700903571986,0.0702207385127292
PAX3,0.438207906355989,0.661235577736839,0.856189876682299
CRYBA2,1.88645857859786,0.0592331851468505,0.270611157202331
TTLL4,0.293189099294092,0.769377615682145,0.911051130558578
BCS1L,-0.128678179447691,0.897612302122547,0.962862909780546
XRCC5,-0.474904878771361,0.634854773873147,0.842635780808629
MAP3K4,2.43236733695086,0.0150004855005395,0.131033142707603
PNLDC1,0.319767197480283,0.749144815648549,0.901060881136862
SNX9,0.109619561818452,0.91271109606497,0.96711694584257
ZBTB32,-1.48880568627183,0.136538544537448,0.417459317165282
MAG,-1.13595647051157,0.255974782555314,0.566367630157527
HPN,-2.89429842116969,0.00380006816407879,0.0594609822776068
FAM117B,-1.63326428602103,0.102413424623815,0.35832004543814
SUMO1,NA,NA,NA
URI1,0.117910969922126,0.90613820114518,0.964669535353719
C19orf12,-0.11843537811138,0.905722695352893,0.964669535353719
PPIL3,1.54364174082785,0.122675147140708,0.395384089678178
SH2D2A,3.18660262113329,0.00143954409047288,0.0325177732365114
MYO1B,0.74116267656769,0.458594810672963,0.734618191549062
ZNF84,-1.26714023903996,0.205105149660323,0.507983856743709
ZNF605,-0.94925405951427,0.3424914127826,0.647047159641286
WDR45B,NA,NA,NA
MFSD6,-2.01633722157593,0.0437647252470296,0.230356556561983
SLC16A3,2.47489218126465,0.0133276403953787,0.122731561449057
ORMDL1,NA,NA,NA
HOMER3,0.158034121854859,0.87442991120094,0.954727607692263
GPS1,1.00413835963662,0.315311928087491,0.621331836909397
CENPX,-0.0821186506841507,0.934552362111972,0.975193292711838
CALCRL,0.240678500812456,0.809804303092546,0.928277087926297
STX2,1.01158341747649,0.311737277857751,0.617427751374355
CRLF1,-2.17553148345281,0.029590311476792,0.188144804505329
UBE2E3,NA,NA,NA
CCDC62,-0.847007254795155,0.396991077734045,0.692603228667385
MB21D2,2.55648867088556,0.010573451406188,0.106170098106521
CCDC50,-1.90306349880245,0.0570322600828294,0.265845624420641
RNF34,-1.12611607950582,0.260116388793978,0.571348672595146
SEC14L1,0.445914434525425,0.655659055087533,0.852988949766081
RFC4,-0.312777095772883,0.754450017848389,0.903033874635847
SRSF2,0.431966450295877,0.665765797282832,0.859331459560827
CRYGS,1.43814597117591,0.150392641308178,0.437544559089112
OSBPL6,0.900364911156689,0.367926087630457,0.667719351059382
DYNLL1,-2.92128279742052,0.00348593247423974,0.0562814225969135
TMEM121,2.13261174442064,0.0329565890916818,0.198264321000596
CIT,2.11219544401294,0.0346696891435637,0.203333038989555
TEDC1,-0.624891521304399,0.532042257458495,0.785194656146492
HNRNPA3,3.30296372641154,0.000956687621702224,0.0247136125455795
TAOK3,-2.18608611927984,0.0288093053268815,0.185843448665006
HOXD13,-0.34920923666284,0.726932232336508,0.890852127423931
RNFT2,-1.23138977100533,0.218177120869852,0.522044515773159
LLGL2,0.418067969032331,0.675897423203911,0.865533586938183
GPR155,-1.32317613614578,0.185776810041557,0.486879348446504
NUDT14,0.335077769618926,0.737566421764574,0.895097708730804
PDK1,-0.216151933154504,0.828869319599834,0.935884127151278
GPR132,1.20535567564062,0.228066024861849,0.533932419475175
THYN1,-1.12337159798231,0.261279707130175,0.573237359778049
ADGRA1,1.66017153778799,0.0968799487200919,0.348666297941898
RAB37,-0.570473766650515,0.568356409908125,0.806436715869969
CD300E,-0.304106676584659,0.761046620411575,0.905881451735744
CD300LB,-0.083793401013866,0.933220694796901,0.974575449891131
ARMC2,0.634968394294072,0.525449028449815,0.780739245990362
SDK2,-0.368987515391757,0.71213703047215,0.88513106144073
KCNJ1,-5.01536120177819,5.29339264154777e-07,0.00018317503984106
ETS1,0.119724673186619,0.904701254564205,0.96447714218272
RAD9B,-2.551653957402,0.0107212944261767,0.107369252066523
ABCA5,-1.71396215273782,0.0865356769798741,0.330651618336247
CERS6,2.44017066789169,0.0146803245600591,0.12981220874875
B3GALT1,NA,NA,NA
ECT2,-2.42670806365155,0.0152365108569833,0.132424751631667
CDON,-0.173381311528325,0.862351713876165,0.950538074494278
GALNT3,-2.08590444471517,0.0369872796035474,0.21092519598823
STT3A,NA,NA,NA
PRKAR1A,1.51843108520509,0.128905760236005,0.405426681956505
TRAF3,1.78033534605435,0.0750210958309175,0.305485163174923
PDCD10,NA,NA,NA
B3GALNT1,-0.699868024396262,0.484009728055867,0.753358225397081
BAZ2B,-0.471854009077668,0.637030997281315,0.844104747364897
CUZD1,-0.91576750211249,0.359788851874114,0.660825367049336
TECTA,0.0382602383229052,0.969480192779899,0.989446828457916
RNF208,-0.530330351055152,0.595882906748902,0.822038166170209
RIC8B,2.04587137440008,0.0407690273916302,0.221726430375387
SMIM8,0.272111807231145,0.785536051126326,0.918471161256268
GRK5,-0.382994141998152,0.701724107548248,0.879235114274863
TDG,-2.456142618523,0.0140437410409825,0.126779578620865
NT5DC3,-0.848968691366374,0.395898713957723,0.691655649170995
CSH2,0.092384665870551,0.926392422185552,0.972610937757956
MAP3K19,0.198452564402678,0.842690994702269,0.941491735943511
EVL,0.115884404702231,0.907744155661464,0.965432449880783
TAGLN,2.21370120898582,0.0268493397226692,0.178627793038966
LCA5,-1.86136811845202,0.0626922096170678,0.278478600526781
VWA2,0.759128248118871,0.447775842628849,0.727537403292472
GK5,-2.04930775524772,0.0404320307979255,0.221219713764754
PIAS3,0.130880728558852,0.895869659914581,0.962670893388458
NKAPD1,0.196119483972935,0.844516646383627,0.942361782937674
DBH,2.3390938593069,0.019330576421314,0.149500343336181
ADAMTSL2,-0.7758070910664,0.437862896442412,0.722345388816299
POU2AF1,1.31047904183909,0.190033829684137,0.491576726153146
VTI1A,1.67394541427899,0.0941413276906667,0.343873726175002
SLC35G2,1.40553554671731,0.159862086748479,0.45124656040429
MTPN,NA,NA,NA
CUL5,NA,NA,NA
STEAP3,-2.15965000395216,0.0307997743048336,0.192492220551962
CYREN,0.44410427684482,0.656967194500746,0.854176051217007
MKS1,-0.170521353331252,0.86460014275128,0.951765541758257
MRPL42,0.296780370103191,0.766634193025681,0.909453530757579
PRIMA1,1.38135818435775,0.167168856300228,0.462599479291164
CASP5,NA,NA,NA
DPP10,0.351095699119456,0.725516554431736,0.890852127423931
PDGFD,1.21131144074116,0.225776065644686,0.532033042885155
PTGFRN,0.276588988985825,0.782095720495441,0.916771258798805
LGMN,-1.98021814484205,0.047679021850938,0.240495787119951
LUC7L3,1.36654964167066,0.171766510900883,0.469476489913935
NTNG2,1.87093310104916,0.0613543542693209,0.275421778781564
NRF1,NA,NA,NA
TMCC1,-3.63962459161928,0.000273035806008524,0.0105527291570353
BCL2L11,-0.955124001288493,0.339514992731767,0.6447286466653
EME1,1.48810964868405,0.136721979324838,0.417571251325173
NPHP1,-3.36040601643875,0.000778280050754482,0.0217803113462995
DENND2C,1.42516104394136,0.154110654285581,0.443173970494042
ISY1,-1.07036604497643,0.284454576860356,0.59474427992254
RAB43,-0.889114115277638,0.37394175364046,0.673939325894451
BCL2L15,-0.559677070025564,0.575699725427736,0.810657309976141
TSPAN8,-1.95837096370689,0.0501864993473128,0.247892383271895
PICALM,1.01059323658001,0.312211154242444,0.618123275633672
FHL2,-0.716987125707475,0.473382040534957,0.746105364308795
TGFBRAP1,-1.17334580441589,0.24065716097728,0.549522657599326
HPF1,-1.91652604577199,0.0552981712032815,0.261127652233422
TTLL6,0.110636770216223,0.911904388049855,0.966896687624663
PRCP,-1.16164518805124,0.245379618721298,0.555116287143151
RGL3,-2.51354127989509,0.0119525788858893,0.115049281607363
LONRF2,-1.64153231844226,0.10068696405526,0.355426629479817
LIPT1,-1.65905105598339,0.09710550460733,0.349126965704715
MDFIC,0.238521859665678,0.811476362973937,0.928561163968542
MGAT4A,-0.734747067820558,0.462493549244041,0.737413221795311
AP1G1,0.440064215378294,0.659890598721332,0.85578986504068
ANKRD39,1.35882854062946,0.174200927095855,0.472185027469413
SPATA7,-2.11779294983853,0.0341926066853491,0.202001044655588
LAMB1,0.182788610489828,0.854963885562836,0.946732523000289
DBN1,0.217332152621995,0.827949501691224,0.935197176440346
HYDIN,-1.62355690874605,0.104470408425711,0.361436999113862
HMGA2,NA,NA,NA
SLC10A3,-0.79530991659656,0.42643324649458,0.713024917503078
IRF2,-0.613396174196053,0.539614415115384,0.789720418479923
P2RY2,-1.95571386511167,0.0504988704856353,0.248511855154063
CDKN2D,1.08652993206713,0.277244605693365,0.589531886571837
FAM50A,1.4943915130454,0.135073318525814,0.414883737715874
ARAP1,-1.00092237851311,0.316864336533055,0.622928821866466
DNASE1L1,-2.44436430499026,0.0145107655977311,0.129068092826906
SRPK2,0.510282351630992,0.60985366507282,0.829383422118472
TFAP2B,NA,NA,NA
GOLGB1,0.128718762673962,0.897580188451324,0.962862909780546
FBXO8,0.162476125984007,0.870930927171696,0.95331613852296
SNCB,NA,NA,NA
NUMA1,-3.16840413252015,0.00153278290873292,0.0340138257221321
RENBP,-0.684374224415214,0.493738887979334,0.759716714041326
FDX2,0.208490435814969,0.83484604967919,0.938066981056048
DDX60,-2.61139766414301,0.00901729712749154,0.097057973070265
DRD1,-1.01792433968522,0.308713913621841,0.615229416148393
PDZD4,0.726152857376236,0.467745068465954,0.741382259663646
CD8B,-0.862389507622616,0.388473212414473,0.685655633668603
LRRC74A,0.187922988140058,0.850937021846042,0.944609964400398
IGSF11,-0.531336409086761,0.595185679348952,0.821335584542175
GAP43,-1.82750631342037,0.0676236778229785,0.289908941634284
ERGIC1,0.30760110022423,0.758385882917637,0.904781078402654
UBTD2,NA,NA,NA
ARHGAP9,0.250796703223342,0.801971290583253,0.925755917622432
PPP6R3,0.350121523858406,0.726247498278934,0.890852127423931
GASK1B,0.0269858091955624,0.97847105253202,0.992472285873662
SLC35B2,-0.565358054375128,0.571830248864419,0.80848905389481
SFTPB,0.68926040057538,0.490659412949156,0.758164115387285
NDUFA4L2,1.85423141530547,0.063706059437722,0.280119857988874
ATP6V0A1,-1.79523708957167,0.0726159334779378,0.29999234191323
SIDT1,-0.552806426462419,0.580395967486524,0.812355993056911
CFAP44,-0.243151238434101,0.807888239458073,0.927410588139886
DPEP2,1.00269902668744,0.316006099669704,0.621969807008149
SUCLG1,-0.498255428510359,0.618304019008029,0.835014328440512
CNP,-2.01474710572036,0.0439311537858414,0.230356556561983
TAGLN3,NA,NA,NA
ZNF414,-0.630785518554671,0.528180773384611,0.782804781651576
CCNG1,1.15769715290903,0.246987646236879,0.557252509694195
JUP,1.06020343539766,0.289052058556361,0.598787485799004
SYT12,1.61585160686498,0.106126400665708,0.364308034262034
WBP1,-1.68914655694521,0.0911913476840295,0.338928589818262
C1QTNF2,0.452190330326332,0.651131873643658,0.849895197363955
KRT15,0.657764362135173,0.510689557648601,0.771720272476987
FABP6,NA,NA,NA
KRT35,0.952801583729681,0.340690611730983,0.645662970213019
KRT34,-1.67384922358426,0.0941602355023928,0.343873726175002
BBOF1,-0.548716229681307,0.583200206548787,0.814163650934436
CBLB,-2.40720503665316,0.016075141906328,0.135789572100854
KRT222,-0.941703619085608,0.346344401641482,0.650028331095967
MTHFD2,-0.422008163514608,0.673019058824157,0.864191011721527
RPL24,NA,NA,NA
RARA,-1.9343194517948,0.0530738630610636,0.255977989608032
SENP7,-0.571300316254688,0.567796087384086,0.806382521688989
GAPVD1,-1.58315365382041,0.113386447003477,0.378338703271484
THRA,3.19895688524855,0.00137925794043062,0.0316287496142451
G3BP1,-0.222084272723129,0.82424828071783,0.933666143333172
MED24,-0.125005778877051,0.900518975346777,0.963910140373582
NIT2,-0.120844452459338,0.903814240112671,0.96447714218272
ADGRG4,-0.561224662941291,0.574644392004179,0.809925951498523
TBC1D23,-0.163645885128493,0.870009920487954,0.95331613852296
ZSCAN25,-4.11229119517297,3.91751737545907e-05,0.00304479978670694
FHL1,0.208480383103594,0.834853898144031,0.938066981056048
NR2F2,NA,NA,NA
CLDND1,1.9248018219958,0.0542541559835759,0.258070130696821
CHD2,-0.709683620388042,0.477900351718975,0.749328710850504
ARL13B,-0.806072045429394,0.420201309030435,0.709202067432771
SV2B,2.58798695938777,0.00965386353515357,0.100821828433477
PROS1,0.563488043325516,0.573102599646229,0.80910501288954
SYNPO,-0.306059716780314,0.759559178423681,0.90502706807054
PRC1,0.346125182220412,0.729248639070414,0.890852127423931
USP49,1.47534719739142,0.140119223506197,0.421837110669238
RCCD1,1.93423747145261,0.0530839371991433,0.255977989608032
FAM122A,2.4009612241846,0.0163520691489281,0.136828609622703
NDRG4,0.776381488522249,0.437523771345397,0.722055174464523
ANXA4,-1.65498784635223,0.0979269632621162,0.35028819630914
GPC3,-0.313687044877055,0.753758741188485,0.90280084975479
CACNB1,0.366834864727915,0.713742199570423,0.886502187877722
ASNS,-0.0713415267310908,0.943125945855825,0.978008597665081
LHX6,2.38842951305531,0.0169205537775821,0.139347906641319
FAT4,0.548869354856427,0.583095110192614,0.814163650934436
LIPF,-1.57111430067089,0.116156101417713,0.382762975277908
CIAPIN1,-1.53433858491975,0.124946377990699,0.397790136087162
KIF7,3.2119611213814,0.00131832214789183,0.0306499758445252
PPP2R2B,2.42533825767879,0.0152941290992939,0.132510269854253
RSPRY1,-0.0922146721771406,0.926527481003288,0.972610937757956
UTP14A,-1.85568009131088,0.0634991701608129,0.280029302946677
QRFPR,0.517118776047071,0.605073247371003,0.827092059512794
LARS1,-2.49199681485694,0.0127027176543245,0.119508762381172
CCT4,0.454627095837597,0.649377537937895,0.849472581069499
GTF2F1,-0.431540384536251,0.66607549503664,0.859637394896488
ANKLE1,-2.5992769531504,0.00934203676646736,0.0988145759340393
KRIT1,-1.59965987171112,0.109674058560189,0.372113689483963
TRPT1,-0.0459523219499958,0.963348251305942,0.987325790012573
DNASE1L3,0.361436537718769,0.717773138291509,0.888676228481764
EFEMP1,0.0823311327245508,0.934383398116428,0.975144964059052
SLFN11,NA,NA,NA
SLC28A1,2.01129103600392,0.0442947247777465,0.231126985671637
PCDHGA2,-1.45742155926518,0.145000049472215,0.429341981806797
NMB,-0.40831130547239,0.683045140265333,0.86930926054318
ELOVL6,-0.943632556540499,0.345357449393803,0.649499452409331
CFI,-1.58472370595721,0.113029123323557,0.377646719360069
MCUB,-2.28515163716642,0.0223039378805262,0.160579851953555
ACYP2,-0.360586230677334,0.718408784111154,0.88870070238458
RPL34,4.89274892493375,9.94372274113675e-07,0.000268338460828676
CCDC66,-3.61909644366063,0.000295633452685835,0.0110663183935517
SGMS2,-0.15368736606609,0.877856246844557,0.956188813775043
BRD7,0.200323677105514,0.841227446185064,0.941103115157831
AIMP1,-0.858836778308882,0.390430573436952,0.687106885498919
GPR75,0.564468611309753,0.572435256201709,0.808849143685856
HSPA2,1.33705698618904,0.181204036214936,0.481596094843496
PRKCD,-3.19344542297879,0.00140585909591939,0.0319959979782137
SFMBT1,-0.754742620196054,0.450403428468268,0.729294462002246
CXXC4,NA,NA,NA
CCDC121,-0.464251166467886,0.642467806559375,0.846898099140377
ALG13,-1.88763464542677,0.059075015639207,0.270251142292564
SYNPO2L,0.806179108428354,0.42013958293014,0.709202067432771
KRT80,1.75206839797169,0.0797620474961665,0.316867524122521
TTC7A,-0.454880498674223,0.649195213340761,0.849472581069499
PPP3CA,NA,NA,NA
DNAJA4,3.65568035393733,0.000256500801454969,0.0102275464685686
ZP3,-1.85019680044342,0.0642851899558751,0.281401863622305
ANKRD13B,1.94735915661274,0.0514916910923883,0.25141920380878
TGFB1I1,0.939024996783035,0.347717910523291,0.650819056703985
GIT1,-1.1502924036535,0.250023458487681,0.561336280592161
COL4A6,2.05806652818232,0.0395837475552624,0.21815813021704
TRMT10A,-3.11007998467784,0.0018703668882149,0.037990424788917
CDC23,-0.0703258548960246,0.943934304217962,0.978511126721213
KIF20A,-1.37145344658999,0.17023364621685,0.467145607704566
ADH6,NA,NA,NA
TKFC,0.608252855966374,0.543019783433071,0.791622659014451
FLOT2,0.0191345949293981,0.984733733714242,0.994606080997836
NRG4,0.0341930302474182,0.972723224349645,0.989927304649641
FSD1L,-0.349954757960235,0.726372651194966,0.890852127423931
PSAP,-0.439739201885344,0.6601260063462,0.855853140691813
WDR89,0.779687608097853,0.435574774588688,0.720593485800649
SPOCK1,2.06043942595246,0.039356551080455,0.217461133428825
BCKDK,-2.81424271216482,0.00488922981381744,0.0693114830641737
VSIR,1.2974423286515,0.194479036256117,0.496950827849585
SMARCD1,NA,NA,NA
ALAS1,-1.00763517587014,0.313629635555531,0.619516283016424
SP9,NA,NA,NA
VKORC1,-0.500551839407766,0.61668656403058,0.833898754387306
C5orf24,1.76744056317772,0.0771544747787899,0.309848105994439
ZNF646,0.382296946498026,0.702241119340486,0.879627632641004
MMRN1,-1.2793873233605,0.200760695633455,0.502800071662706
CPLX3,5.23989294467395,1.60669778381801e-07,9.71216676362311e-05
TCF7,-1.01413541026756,0.310518143457533,0.616953744929035
CDKL4,-0.68194879718626,0.495271328195609,0.761047683487
CYP1A1,-4.98711432898422,6.12878006442761e-07,0.000197059839007724
GRM2,3.11803944063162,0.00182058438467976,0.0376216730500244
ZBTB9,-1.54272340449281,0.122897900728087,0.395567905010825
CLK3,-0.262781642671249,0.79271888544244,0.922143622262039
MSANTD3,2.42378758742813,0.0153595864626564,0.132673932105218
GRINA,1.87072618579231,0.0613830433388239,0.275421778781564
LPXN,-0.872553622464006,0.382906428527039,0.681564422603135
SPP1,-1.71211559461708,0.0868753680342061,0.331195903565319
FZR1,1.78407426684679,0.0744115981039922,0.304022102389875
MEPE,-2.6307500259103,0.00851966757001252,0.0938535034781902
GPR135,1.26569154751122,0.205623535654268,0.508323715165598
DAAM1,-1.1506158524533,0.249890308378766,0.561204092765629
PFDN6,NA,NA,NA
CLDN3,-1.07062909126868,0.284336237532324,0.594642848268541
AFF1,-1.65751102301487,0.0974162021541171,0.349801597263517
TIMM9,NA,NA,NA
ARID4A,-1.8006185797954,0.0717630186435777,0.297852990316327
DNAJC30,0.141929586045244,0.887135624588588,0.959241274016624
ARHGAP24,-1.11133942812716,0.266422274067771,0.578296963562766
HERC4,-0.636860706095609,0.524215579637838,0.780026175609197
TMOD1,1.01674696172083,0.309273819064577,0.615857946198957
TBX6,0.325231274636397,0.74500604045505,0.898239291794855
CDC42SE2,NA,NA,NA
ZNF365,-0.954337676989475,0.339912742251191,0.644916680590081
CALN1,1.20041572840326,0.229977923397659,0.535497035325609
CDK1,NA,NA,NA
FAM135B,3.11089243728241,0.00186522868098198,0.037937755608331
IZUMO4,1.0913094362861,0.275136746976443,0.587518230932316
KTN1,-1.85791851999868,0.0631805859788494,0.279366741502978
ALDOC,2.79178453234463,0.00524182486700812,0.071616248585921
CRCP,-0.916026077948376,0.359653217315261,0.660825367049336
SLC16A9,-0.297911862863537,0.765770433581453,0.908889672058123
MVP,-1.5787334422703,0.114397210693534,0.380235457948957
PHF20L1,0.833849816309193,0.404365619230311,0.697497230659566
ZNF169,1.35502930671483,0.175408219954694,0.473098165260635
PAQR5,-0.699474988737645,0.484255238350003,0.753662735524742
CHCHD2,-1.36003516780803,0.173818795322196,0.471927710188471
QRICH1,1.18145328301853,0.237422701647699,0.545962673319475
LAT,-0.823121949474203,0.41043864795905,0.702042880357347
MAPK1IP1L,-0.692648846095297,0.488529948492882,0.75688585007427
PSPH,-3.11166073469738,0.00186038165760014,0.037937755608331
SOCS4,-0.245166159757021,0.806327777503668,0.92691505961018
WDR6,-1.53165801961131,0.125606846959466,0.399056419157876
REEP6,-0.818894520249169,0.41284659661244,0.703609003167107
A1CF,-0.623738317704279,0.532799454219548,0.785619314713506
DHRS7B,-0.503692944265147,0.614477167323267,0.832715091695788
GCH1,1.56050582362049,0.118640394841766,0.387820386512819
ASAH2,-1.01006378702456,0.31246473052343,0.61838226920771
SPECC1,0.951133915242094,0.341536400082823,0.646131456941865
COBL,1.495798321014,0.134706219033077,0.414471402673631
ATXN2L,-0.731868093216501,0.464249082524696,0.738809197042249
SLC26A6,-2.11424145005719,0.0344946502759192,0.202853536432166
SUN3,1.02868965978473,0.303625530446695,0.610597344142438
MFAP4,-1.85821465041682,0.0631385383541251,0.279366741502978
RABL2B,-1.06402975779121,0.287315219156841,0.597400604278781
SNTB1,-1.89599985804448,0.0579600632971017,0.26826722099412
SULT1A1,NA,NA,NA
MEGF11,0.625350340495212,0.531741147121537,0.785194656146492
ATP5F1D,1.41392787002599,0.157383081931405,0.448245546040623
NREP,1.19651076844038,0.23149729886871,0.537598749061291
SLC5A10,1.26783872853886,0.204855548569011,0.507920762916308
CDRT1,-0.847111668433912,0.396932881881632,0.692581654658264
TRIM16L,0.880966071065883,0.378336184339929,0.67813737662287
KLHDC7B,-3.3293548914442,0.000870474099957386,0.0231188130027347
TYMP,-1.279624430473,0.200677253532061,0.502674400029256
ERO1A,-0.814345643340888,0.415446968712747,0.705736802066888
CCDC51,-0.483838198375973,0.628500703492652,0.839408098204238
PURB,NA,NA,NA
MIEF2,0.231522236206485,0.816909112657798,0.931226731485643
TRPS1,1.87419773338564,0.0609031764374819,0.274718173197344
EHMT2,0.624985138547074,0.531980812040272,0.785194656146492
BTC,-0.631823111606396,0.527502469776183,0.782201833760345
CAMK2B,5.38553517210582,7.22294082319942e-08,5.19776579619951e-05
MTHFD2L,-1.70803765207185,0.0876293563065509,0.332727344850401
APIP,0.417639029759952,0.676211056112235,0.865641802623303
TNRC6A,0.11948947535608,0.9048875777476,0.96447714218272
ZNF287,0.181101651545302,0.856287788287795,0.947481129919201
POLM,NA,NA,NA
CDKL1,-1.82220310269949,0.0684241739847082,0.291192936428305
PANX2,0.34896483792217,0.727115707413839,0.890852127423931
NCOA1,1.02057791640843,0.307454456635841,0.613771697315829
VCPKMT,-1.24931327053903,0.21155051603174,0.514888816887112
ATP6V1C1,1.67257950165279,0.094410105012116,0.344287043181249
BMP7,0.665543721460303,0.505702788773527,0.767903993563659
PODN,-0.348364945660879,0.727566124992642,0.890852127423931
UBFD1,0.00384473224054488,0.996932355062487,0.998689022154641
HECW1,1.20175350473218,0.229459044451909,0.535320940117781
CLIC1,1.3341732373971,0.182147088235529,0.482828766429628
AURKA,-1.37402652969052,0.169433446403868,0.466049916646388
GLI3,1.66540877173092,0.0958312305789115,0.346708536391791
TEKT3,-0.654055520712634,0.513076036362339,0.773272669941923
PMP22,NA,NA,NA
ABHD16A,1.25304293067983,0.210190083387663,0.514229001158227
YWHAZ,NA,NA,NA
BCAS1,-1.53062618354759,0.12586180671718,0.399529205482913
FAM172A,-2.4405318985617,0.0146656506922623,0.129758380129665
CASC1,-2.19404888666025,0.0282318952481208,0.183119206727043
SLC5A12,-6.70558306087026,2.00603745064136e-11,1.01050793180308e-07
NFATC2,-0.929754490310582,0.352498214367337,0.655463641629038
ST8SIA1,0.108292705770205,0.913763508541788,0.967335795070601
MOB1A,NA,NA,NA
EDA2R,-1.16530757701786,0.243894513157792,0.554079056350054
FOXB1,NA,NA,NA
GTF2A2,NA,NA,NA
GCNT3,-1.78023739496911,0.0750371179000339,0.305485163174923
ENAM,-4.49269736687023,7.03266902816833e-06,0.000934295470744537
ZNF445,-1.36573697717497,0.172021533776694,0.469748720352982
ODAM,-2.34958013978097,0.0187945977741692,0.14742143305958
NDUFAF6,-0.619946310391787,0.535293135042039,0.787090492958414
JMY,-3.15818915461585,0.00158752513217951,0.0347187840774192
UMOD,-1.57700302371607,0.114794829331539,0.380744285288128
CCK,-0.511960919716246,0.608678360885206,0.828903973118612
CSE1L,-0.287441698591096,0.773774136797189,0.913537090256181
PDE1C,-0.0285758027535744,0.977202910807153,0.991928717942706
GEM,0.975321304444755,0.329400905888038,0.634128215258602
UEVLD,0.258270461156592,0.796198181673723,0.923631451712083
PDP1,1.4421131934659,0.149270443692712,0.435762134939494
RORB,1.06858479448298,0.285256803170838,0.595293899842825
TMC5,-2.23597895159446,0.0253531499519278,0.172696130875782
CCHCR1,0.53180980740023,0.59485772946941,0.821107965632236
VAMP1,2.87533326189273,0.00403601252291726,0.0616705978223717
MYH11,-3.45216081918818,0.000556116164515068,0.0172213677830978
SNX16,-1.5315166001756,0.125641766933959,0.399056419157876
CDKN1B,-0.164608269217725,0.869252322115778,0.953206668007665
NDE1,-2.04602221684468,0.0407541848812885,0.221726430375387
ETV6,1.1103016163639,0.26686907682722,0.578351976419913
MPV17L,-1.90485089957564,0.0567994553023979,0.265333344213242
ELMO2,1.60439236540578,0.108627592805551,0.37014209300507
PGM5,1.18943050692397,0.234270302023879,0.541992162306317
NAGA,-1.82533304515728,0.0679507863851121,0.290121275803526
CYP19A1,-1.43359789667051,0.151687044087987,0.438800652805831
HNF4G,0.857383627570405,0.391232904616799,0.688118209330665
ARHGAP21,-0.232545256101244,0.816114541146662,0.931108458282285
USP8,-0.699182699199643,0.484437861202154,0.753714090238541
CEACAM18,-0.424163089520039,0.671446877314407,0.863199082090627
IPP,-0.858899993827316,0.390395692829622,0.687106885498919
CCDC125,-1.25029169112219,0.211193012525071,0.514599936355833
POLR3H,-0.231617656321087,0.816834992633584,0.931226731485643
ACO2,-0.913438695246517,0.361011862149044,0.661458592649447
OSBPL10,-1.02185989629118,0.306847215744312,0.613351457092386
ATF7IP2,-1.76211457421758,0.0780499413638437,0.312117151069173
GRIN2A,2.80360635982675,0.00505345613436179,0.0702758415914061
COL4A3,0.430183149665332,0.667062418389297,0.860391386181076
TRIM40,0.812378068928235,0.416574726451913,0.706699288969612
SLC30A5,-0.93010428714333,0.352317091283612,0.655368769507379
GNE,1.57227287175674,0.11588728167129,0.382581014524702
ZNF143,0.447586656759808,0.654451534748634,0.85184387274476
ADHFE1,-2.14774396037247,0.0317341010446702,0.194628950887604
COL4A4,0.19190407877172,0.847817342429251,0.943045464359697
LRRC3B,NA,NA,NA
RPS8,NA,NA,NA
SOSTDC1,0.539893537630492,0.589270454824717,0.818078834833132
AP1S3,0.274704850842836,0.783543004060803,0.917250071106218
GATM,-1.11930065556715,0.263011896248282,0.575533706357376
ARL4A,NA,NA,NA
TMEM106B,0.674595484583002,0.499932802574125,0.764797578970449
STK33,0.192527750940121,0.847328832395132,0.942846142607265
CENPK,0.752890029664363,0.451515999972821,0.730149179036594
UBE2E2,NA,NA,NA
ZDHHC4,-0.842784044449741,0.39934923310165,0.694229097546205
CYTH3,0.418331302505039,0.675704906222808,0.865533586938183
ATG9A,2.04769697951255,0.0405897000004489,0.221681079294103
GAPT,0.597994555326542,0.549843566035236,0.795827599839526
TIMM17B,-0.798708504931919,0.424459454070118,0.712158893180141
ZNF384,-0.899365176983575,0.368458181280317,0.668363946165905
OR12D3,NA,NA,NA
DDX17,3.17632511889257,0.00149153688547451,0.0332575496405562
FITM2,1.58687597164296,0.112540737972067,0.376931646956448
EAF1,-0.0558290526239092,0.955477990384306,0.984064839547988
MAP4K1,-1.03301694331681,0.301595969642709,0.608994961683674
TIGD7,-1.63295351221972,0.10247877424455,0.35832004543814
IRF9,-1.96456742257012,0.0494643255968053,0.246145890469138
SLC38A9,1.67747625942359,0.0934493880542769,0.342935199678541
ZNF200,-0.906799944735532,0.364512599134121,0.664266969005814
SLC29A4,1.05883702458118,0.289674008639333,0.599728016033193
CHCHD4,-2.20096577981145,0.0277384464890512,0.181416571929453
CLDN6,-1.4500010902982,0.147058215177747,0.432530896801502
CARD11,0.506288617220676,0.612654052636632,0.831396196430027
MOCS2,0.155394789527142,0.876510091626323,0.955617957193347
ZSCAN29,-2.7316346054414,0.00630209915758122,0.0793370241887891
UBE2G1,4.42414157479563,9.6826511093958e-06,0.00115790267781589
GPAT4,-0.992123189663319,0.32113743558133,0.627165399542801
CFP,0.540606828942361,0.58877860993052,0.817946529993567
ITGA4,-0.996667160498121,0.318926094802933,0.624625601952037
NUDT1,0.476715782637617,0.633564522708754,0.84198857938386
UPF2,-0.791765244916302,0.428497570982236,0.715045858291028
SLC17A3,1.98188948073891,0.0474916115366775,0.24010106712925
NUDT19,-1.33094411085429,0.183207401455341,0.484008973767072
NFE2L2,-2.13435010066231,0.032814132985118,0.197643354990475
CCNF,1.7117167899561,0.0869488729187928,0.331320933978775
RAPGEF4,1.39121572871945,0.164160019064823,0.457724817972152
C1QTNF6,0.488018607176982,0.625536661348936,0.837670361214454
DYNC1I2,0.462946953282416,0.643402390794865,0.847254873622517
TULP3,-1.71291768223817,0.086727684760829,0.331050460243912
ITIH5,-0.382152777816721,0.702348046166979,0.87965221893547
NCF4,-1.80424774284571,0.0711924779097664,0.29696404466569
SMU1,NA,NA,NA
CAPN3,1.09956680871375,0.271520910192646,0.583590384700792
DDHD2,-2.37852298799705,0.0173821530715442,0.141529686000634
SFMBT2,0.00893143099486944,0.992873843846235,0.99761534496465
PAXIP1,1.19837076534631,0.230772708404707,0.536859170168093
PAFAH1B1,NA,NA,NA
FOXRED2,-0.540458110745519,0.588881141853116,0.818013771089648
AGAP3,-0.313920624651978,0.753581325431237,0.902672874914145
IL25,-1.47098251870942,0.14129584454105,0.423831441584826
PLA2G4F,-1.72634311069898,0.0842857038707032,0.327351723694183
ERMN,-0.363179324811029,0.716470931147653,0.888277933662779
PLAA,-0.653544491433876,0.513405316312964,0.773340078417718
JMJD7,-0.626168730374977,0.531204274973288,0.785003328845895
TNNT3,-0.151493825284023,0.879586181333762,0.956613571972262
CLDN7,-1.25035022721185,0.21117163797686,0.514599936355833
MYCL,-0.118840579710145,0.905401658515886,0.964669535353719
DDX51,1.40242187615429,0.160789304542661,0.452569932994727
HAGH,0.0885472144103959,0.929441760007968,0.973128136285782
CAPSL,1.72261959610227,0.0849573389147675,0.328608985328888
DUSP8,-1.07959690759303,0.280321719119527,0.592088199418285
AKAP8L,-0.671519933042854,0.50188936552989,0.765839966689917
CRAMP1,0.846136026751968,0.397476864914242,0.692905048376571
BPIFC,-2.38199923968664,0.0172189330031422,0.140672685119593
BLOC1S5,-2.1605649326394,0.0307289627095329,0.192288494593416
LYPD1,2.1391731017979,0.0324216517652406,0.196611557574766
BAIAP3,1.81675926839466,0.0692539821393739,0.293484626497537
ARL16,0.91885528749264,0.358171269593092,0.659600807469023
TMEM80,-1.46148379238214,0.143882720244975,0.427181860185081
CEP250,0.425343720909666,0.670586126091945,0.862682862956418
SMCO1,-0.326321357548821,0.744181230883102,0.898239291794855
WEE2,-1.34558035188933,0.178437891700946,0.477222268231529
CCDC40,2.09310829177488,0.0363394886962078,0.209125039290591
BICDL1,1.19628673576768,0.231584683162601,0.537599803828301
KDM7A,-0.0588092982071788,0.953104002382505,0.982668564694812
MYCBP,NA,NA,NA
NFIB,NA,NA,NA
RASSF7,-1.34587618352924,0.17834245083285,0.477222268231529
TMEM213,-2.08214178910546,0.0373295204469977,0.211238371152895
FAM98B,-1.99021599620036,0.0465671469462562,0.237583634251122
TMEM209,-0.0791346277262067,0.93692554092382,0.975662815217804
TEN1,1.72030329321023,0.0853773251536225,0.329222285716137
MORC2,-3.16509476548681,0.00155032448679689,0.0342521983106354
TCTN1,-2.81517495982783,0.00487506849112275,0.0693057714372973
HOOK2,-1.4676499119424,0.142199342818037,0.42493898925572
ALG3,-0.625396208784655,0.531711049781485,0.785194656146492
CHMP7,-0.860497211805603,0.389515019812781,0.68653767386975
YBEY,1.42225737030607,0.154951549486706,0.444247356449079
MCM3AP,1.85010364498481,0.0642986126977117,0.281401863622305
MAP1LC3A,NA,NA,NA
PDCD1LG2,2.80321690068416,0.00505956297322987,0.0702758415914061
FTCD,-1.25397341584657,0.209851668225381,0.513818536340991
RAB2B,1.26486640464798,0.205919222150784,0.508804984490295
RGS11,0.128088344624623,0.898079059710327,0.962878378882048
PPP3CC,-1.99513233136585,0.0460284489422154,0.236030512526216
SLC66A2,0.664650648813684,0.506273965933823,0.768230964272711
MED13,-2.31612336013008,0.0205515341764464,0.15382604481152
COL8A2,1.86489211931917,0.0621965272962727,0.277526977635754
ROBO3,0.949871535550422,0.342177531713773,0.64696426959364
CEP83,-0.259728438887269,0.795073254198898,0.922893234307838
SH3KBP1,0.651111320748745,0.514974629201012,0.774357870297083
ARHGEF12,2.16785046347067,0.0301700658782851,0.190050035661794
C17orf67,-0.908933092669005,0.363385444315593,0.663382560340329
PUM3,0.867931217148657,0.385431988216431,0.683152587213373
SUMO3,-0.182787646297603,0.854964642131713,0.946732523000289
TTC28,-2.29960203915048,0.0214707764682498,0.157589809371737
NAV3,1.93413466615598,0.0530965726654921,0.255977989608032
SOCS6,1.02468320338784,0.305512690965181,0.612462269186826
ADGB,0.924430438488504,0.355262253038444,0.65667863714937
CDH7,-0.0276146241935011,0.977969517694068,0.992156414071343
INTS10,-3.06911386146125,0.00214694748022851,0.0413307902181059
MAP2K7,1.06783322423487,0.285595748251005,0.595437838691364
DIPK2B,-0.733989814772236,0.462954945673852,0.737571833105057
SLC35E3,-0.70044926902863,0.483646776526613,0.753201809984344
RNASE11,0.554566127776067,0.579191462843683,0.811942614702573
PIP4P1,1.43404034952896,0.151560748645827,0.438603223580189
TM9SF4,2.51790652052333,0.0118054648411161,0.114188675692626
NPS,1.82578189611019,0.0678831213548444,0.290115873844572
ZCWPW1,-2.64128586790624,0.00825919980813048,0.0919771757556875
GRK4,0.37622651985326,0.706748501315898,0.882238836270102
FGL1,1.53196740611774,0.125530478109946,0.399056419157876
CTDSP2,0.935081472435234,0.349746313990153,0.6529980599233
MBLAC1,-2.02602441522835,0.0427622827375832,0.22818630534264
BCL2,-0.895233704129975,0.37066217123234,0.670751614377095
HP,-2.77345139168101,0.00554651258588406,0.0736545678364499
TMEM123,0.0995065214443432,0.920736110236418,0.970033749155936
HPS4,-1.66123410524631,0.0966664383959103,0.348305750930594
RGPD2,-3.49754307136972,0.000469564882706899,0.0153641636017067
KHSRP,-0.414867071459953,0.678239216399106,0.866275988988473
HDDC2,0.563783842604164,0.572901249176863,0.80910501288954
HM13,-0.452783119471619,0.650704920070009,0.849836034231957
EFCAB9,-0.447523622293173,0.654497035894614,0.85184387274476
APOF,1.40629677345903,0.159636017850269,0.451172526978354
PYM1,1.03609183891958,0.300159299217897,0.608014325851743
SELENOS,1.28388303212633,0.199182885083266,0.501424580939249
NSF,0.443958001428606,0.657072948758278,0.854240055199166
LONRF1,-3.5028596519458,0.000460291921768452,0.0152877615862964
PLPP4,3.14987989384873,0.00163337596789116,0.0353127004674838
CRHR1,1.08697197096031,0.277049197102272,0.589505357534163
GNAT3,1.71452900986034,0.0864316139262487,0.330651618336247
GGT5,-1.44523164315097,0.148392831043324,0.43409068190606
SLC37A1,-0.0678737919463118,0.94588610162607,0.979258119324051
MPP3,-1.25630683044746,0.209004746411231,0.512823466109193
VGLL3,0.935913330459125,0.349317813135912,0.652520493462287
TMPRSS3,-1.69426246476028,0.0902154197502713,0.337811063711658
SMAD4,1.06102275327901,0.288679560907893,0.598601601713947
PPME1,-0.798325496169123,0.424681626060492,0.712373943696297
HIGD1C,1.64507490145748,0.0999543657297447,0.354113074230486
TMPRSS12,-2.0432112676641,0.0410315288153115,0.222395996828745
NOTO,-0.135123103421168,0.892514543806285,0.961709524307705
FGFRL1,-0.391093519576423,0.695728110568374,0.876227194544616
PAX1,0.705770258417113,0.480331020558655,0.750616760230871
KRT40,-1.11145734080193,0.266371542428274,0.578296963562766
MEIS1,NA,NA,NA
CSNK1D,2.30169350530169,0.0213524627233982,0.157046674943693
STK32A,-0.893679647423466,0.371493317900906,0.671451623025774
MSL1,1.56430965310424,0.11774486625572,0.386183338614737
FRMD4B,-0.201366962721323,0.840411646010599,0.940693340827507
CFAP53,0.175530969478048,0.86066243840027,0.949638892207278
ARHGEF10,-1.46592297681054,0.142669271559833,0.425753955729106
USP34,-1.10371754904675,0.269715680626093,0.581198255471484
LCP1,1.36437185092529,0.172450562611937,0.46987966168857
TMPRSS2,-4.86804067924765,1.12710132858857e-06,0.000283879254627175
PCDHGA11,0.79916845326707,0.424192741525703,0.711792217403555
MX1,-0.835811191509147,0.403261129469405,0.696864744258622
PCDHGA8,-1.07711166379152,0.281430382879744,0.592915524872183
PCDHA12,NA,NA,NA
C2orf73,0.395635409153531,0.692374011327462,0.874555807981246
PCDHA11,NA,NA,NA
FAM3B,-0.819439407027765,0.412535759377917,0.703535839262332
DOT1L,-0.198304214786671,0.842807054251179,0.941491735943511
GXYLT1,-2.67368226342627,0.00750234957790632,0.0878199123325486
ZSWIM8,-1.53059007982624,0.125870734998951,0.399529205482913
SHARPIN,0.066630429566794,0.946875920276803,0.979629461708586
DEFB113,-1.61694177899967,0.105890848952758,0.364017859275267
UBE2D2,0.55501565808124,0.57888395043328,0.811893855099623
PARP3,-1.7995873027376,0.0719258274624743,0.298282959553488
CAPN11,-0.471860979794669,0.637026021402561,0.844104747364897
C10orf105,-1.31458315648441,0.188650033951951,0.489819036562703
TNFSF11,-0.372166065895726,0.709769209806289,0.884329482941103
SLC25A45,-0.396445020622786,0.691776759310414,0.874290774599009
HSDL2,-2.27536231884058,0.0228842038557955,0.162818309166093
CCDC33,-0.674037775704688,0.500287297589271,0.764984482562893
YPEL3,0.758936134206749,0.447890762165422,0.727537403292472
SEC24A,-1.87505334205774,0.0607853854945011,0.274369398325239
AEBP2,-0.16715693303154,0.867246570035664,0.952661982338598
ATL3,1.60263745010465,0.109014720536442,0.370875834476972
MROH6,0.133022131713343,0.894175877465662,0.962380589720183
EIF3CL,0.849857757781315,0.395404173400001,0.691351135996855
MS4A18,NA,NA,NA
SPTLC3,-4.96738434547011,6.7862005705302e-07,0.000209291965350719
GIN1,-0.351325317901044,0.725344303090363,0.890852127423931
PLCXD1,NA,NA,NA
RPRD1A,NA,NA,NA
BRCC3,0.615598230157633,0.538159719662738,0.788737240184589
CTNND1,-2.64333812181204,0.00820930099126251,0.0916917639171907
ZNF24,0.423205600407933,0.672145261076255,0.863509239597413
LCMT1,-0.952196681056588,0.340997243911896,0.645671350168974
RAD51AP2,-0.694998825664138,0.487056037504101,0.755531804430504
EVPLL,-1.02403427297013,0.305819087072228,0.612529893152487
ALKBH5,0.02137161333785,0.982949217667191,0.993828459408981
DCDC2C,0.0610493872966145,0.951319877000454,0.98199084571249
DOP1B,-1.39319839783642,0.163559804138098,0.456963534874271
AIFM3,-0.556265430634377,0.578029415612725,0.811668744644888
STOX1,-0.997843731636012,0.318355140539878,0.624378333121685
MYO5A,-0.264071443054761,0.791724868198011,0.92160533597018
MDGA2,0.00247215200246774,0.99802751009443,0.999033388800133
JMJD1C,-2.35994049600005,0.01827786658507,0.145266882629102
ZSWIM7,1.20418823336192,0.228516832844635,0.53437388682504
GPR33,0.326884311315983,0.7437553875841,0.898236347572199
KCNE1,1.25702419657313,0.208744873970218,0.512352206502831
TMEM26,-1.89830532114273,0.0576558734223484,0.26759691620348
RBM12B,2.74713896005107,0.00601176572626402,0.0772559618966543
MRPS6,-2.19128298732819,0.0284313204069599,0.184163786536639
GSG1L2,0.854322426736304,0.392926364339094,0.689441005082763
SDR39U1,0.189371700825038,0.849801502623222,0.94421000717904
N4BP2L2,3.18057098835463,0.0014698512221072,0.0330228520776188
OTOG,0.0363469750456421,0.971005693995197,0.989567703577914
RNF222,0.606963977919571,0.543874818085509,0.79202859770917
ABCC1,-3.16720417810094,0.00153912213332752,0.0340544856205644
ACSM4,-0.776944583563255,0.437191465976515,0.721585565076135
COL28A1,-1.48772029027305,0.136824674328026,0.417576359513871
PHB2,3.5945517527256,0.000324950550473781,0.0118614799970043
TRAPPC13,-0.489474097865419,0.624506088132449,0.837154763181782
PTPN6,-0.22730890310319,0.820183550621636,0.932260900860911
ANKRD28,-1.50954871783313,0.131158615237917,0.408001027887072
USP47,-2.45522666021362,0.014079578229837,0.126800110970976
NEURL4,1.93096779073262,0.0534870357280893,0.256440645641694
CABYR,-2.06019376942119,0.0393800203235668,0.217511281845666
MAP3K1,1.51608186924651,0.129498652234299,0.40618174191879
PLA2G4E,1.01212672662123,0.311477464949205,0.617370363973097
TNRC18,-0.387020530107237,0.698741009211165,0.877616089522756
C22orf39,-0.177987714121198,0.858732624392834,0.948879446294218
MROH2B,-0.0120170146313152,0.990412040323324,0.996883924066112
RADIL,-0.937317780681109,0.348595119427985,0.651895736269733
UBXN2B,-1.14988909783474,0.250189551743345,0.561542329711187
SRL,-0.603438543665322,0.546216987634491,0.793487070331458
TSSK2,-0.700327708990513,0.483722671079199,0.753201809984344
ST3GAL1,-1.23016124371643,0.218636729769586,0.522625476159125
PPDPFL,-1.28622438188515,0.198364764168489,0.500796986486815
FAM166B,-1.26806681196619,0.204774092160989,0.507920762916308
GRXCR1,0.0222583278215914,0.982241890220036,0.993828459408981
ENHO,NA,NA,NA
MRAP,-0.853451596163544,0.393408919174194,0.689857923713208
KDM5A,-2.16594881189799,0.0303150987213455,0.190567404899598
ROCK1,1.7586075185925,0.0786441950607181,0.313829172367988
C5orf49,-0.570957640246376,0.568028357249289,0.806382521688989
UBE2QL1,NA,NA,NA
WDR19,-1.1907302734561,0.233759489344853,0.541307600824306
ADA2,-1.53430626130942,0.124954326098846,0.397790136087162
SEL1L3,-0.682339391017705,0.495024370614075,0.76094072716101
KCNU1,-2.93515612351913,0.00333379902742109,0.0545832837512324
SEH1L,0.473693450378396,0.635718524571521,0.843390774758438
CLDN8,0.970893693111775,0.331601219141292,0.636259995376094
RNF212B,-1.04516904970824,0.295944845264084,0.604701217986584
RUNX3,-2.2575934030678,0.0239710203205557,0.167089909046304
FAM234A,0.629295033652335,0.529155922112299,0.783366408205434
MAP3K7CL,1.16461839838569,0.244173493068171,0.554448620363157
RPGRIP1,-0.247210189076959,0.804745560244565,0.926280639565898
DEFB130A,-0.379852438560861,0.70405495422352,0.880185181024638
ATP5PF,0.124938533201586,0.900572212277303,0.963910140373582
SNRPN,NA,NA,NA
FKBP1A,NA,NA,NA
KDM1A,-0.148768407801869,0.881736380104988,0.957376124024285
USP25,-0.226156497643115,0.821079703908434,0.932509013398522
EPHB2,-1.48649762792825,0.137147543824085,0.418110486639011
ARGLU1,NA,NA,NA
NRIP1,1.49303907387335,0.135426959106118,0.415550545913065
TPTE2,-0.796375766426121,0.425813659302053,0.712928874293445
COLEC12,-3.12410699989253,0.00178345588956304,0.0371751425521899
SFI1,-3.51424537475391,0.00044100523928454,0.0148099359468177
PCBP3,2.56643677754737,0.0102749354274519,0.104811239532881
DIAPH3,-1.92675682056371,0.0540099429771894,0.257719690013037
MACC1,-0.167809197332375,0.866733386684635,0.952454944424574
SGSM1,-0.872585557495964,0.382889015416698,0.681564422603135
GGT1,-2.7992994987075,0.00512136111075024,0.0706794603704636
MAPK4,0.145939859797746,0.883968864866731,0.958356576184819
SIAH3,0.999757169421089,0.317428037913355,0.623397390872602
DSCAM,-0.103531000074184,0.917541547181069,0.968955797077167
PCDH11Y,0.751504767420273,0.452348932714032,0.730618706378383
MORC3,-1.6434949935383,0.100280560342726,0.35457178940086
TXNRD2,-0.43197870405698,0.665756891138506,0.859331459560827
EFCAB8,0.993733625056698,0.320352567945451,0.626121056232754
NCAM2,-1.26764124415512,0.204926096039491,0.507983856743709
PPP4R1,-5.72514755652247,1.03343878382147e-08,1.30144390842584e-05
RBM11,0.643532761564891,0.519878463675197,0.777425402455393
ZDHHC20,-2.26521701411418,0.0234993655601469,0.165262091504207
XPO4,-1.59216833280907,0.11134688653314,0.374760389596619
C9orf152,-0.0775238511640736,0.938206817882331,0.976321873127672
C20orf202,-1.81651839234183,0.0692908891982609,0.293539712902051
KLHDC7A,-0.360427764190278,0.718527267068655,0.88870070238458
HMX1,-0.476202883363134,0.633929845517679,0.842109768009279
ZG16,-3.4607302774753,0.000538712269583686,0.0169958660082436
TMEM242,0.865880760053569,0.386555555107294,0.683808379100075
WDR47,0.736332523650063,0.461528357829905,0.736807156510197
CCNL2,-1.30763106031441,0.190998476567645,0.492649496251781
AFDN,1.66067103672519,0.0967795334076082,0.34855393442702
FAM72D,-0.534720868235389,0.592842889047202,0.820274834213635
MASP2,0.345234005721568,0.729918455658619,0.890992181965223
SLC2A7,-3.93188558684666,8.42821784482093e-05,0.00495592327124257
RERE,-1.84503551985605,0.0650323718031814,0.28358038236118
CCR6,0.573746980345607,0.566139031743556,0.805526131975202
RO60,-1.37369131901744,0.169537533050039,0.466166521006586
OAZ3,-1.06118686602049,0.288604987007993,0.59859985776349
MIER1,-3.33528004483785,0.000852135366073574,0.0228377374978549
MMACHC,0.249258074072277,0.803161159998118,0.926234085003935
KIAA1522,-0.815116182366848,0.415005809554889,0.705463193925026
SZRD1,NA,NA,NA
TTC34,-2.22259425211671,0.0262431721518399,0.175636323099471
CLHC1,-0.707331726541417,0.479360353808172,0.750315770613143
AGR2,-0.922750811821613,0.356137079585048,0.657740374450638
LBH,0.894055675911254,0.371292102927936,0.67132881783285
CLDN15,-0.795651978989477,0.426234345570408,0.713024917503078
GAREM2,0.501731362249819,0.615856500354147,0.833331192901156
LRRC72,-0.307157662091507,0.758723369546778,0.904781078402654
MEI1,-0.584439657927215,0.55892455176969,0.800916729218999
CD160,-0.499122093423707,0.617693373995585,0.834786466447978
XPO1,NA,NA,NA
SCFD2,0.0108980882931707,0.991304755728891,0.997144752864687
CHCHD10,-0.191401307590893,0.848211195694818,0.943205856463583
POP1,0.51895459684358,0.603792403387948,0.826196197029941
CD14,-0.387530325885523,0.69836363861422,0.877616089522756
SLC6A4,-1.85184540575183,0.0640480253826628,0.280907604026072
SVEP1,0.126216932332874,0.899560208489903,0.963577677253999
ANKMY1,2.21872790756785,0.026505241212382,0.176998323111585
GP5,0.432988745414619,0.665022946145886,0.858886143249007
PDE7A,2.57113808427666,0.0101364901488407,0.103993645030061
P4HA2,-0.715560183441676,0.474262966678713,0.746728896077515
RBM33,1.08329102371766,0.278679268288281,0.590825070478746
ZFAND2A,0.962963035934464,0.335566073609603,0.640044743706718
GGT2,-2.45373581759504,0.014138080572065,0.126952971554555
MTMR3,-2.22299500481489,0.0262161368032205,0.175543654413667
SNU13,NA,NA,NA
MARK2,0.0592695584770208,0.952737407291399,0.98259323817722
PARG,-3.10816464280528,0.00188253161601604,0.037990424788917
IQCE,-0.838396249228382,0.401808195294117,0.695894705465774
SUPT5H,0.00622802174983373,0.995030789725983,0.997919293699466
SOS1,1.11694511732215,0.264017792127059,0.576399432913047
PYCR1,0.362793776231283,0.716758941442822,0.888277933662779
AGTR1,-1.91904805848407,0.0549782520475959,0.26004110952841
RPS27A,4.77392962248126,1.80665538804851e-06,0.000379196892002626
KIAA1841,-0.592760341762751,0.553341551998463,0.798152102437372
WDR25,-1.3579556053136,0.174477771497446,0.472359025952955
TAFA5,NA,NA,NA
SELENOM,0.396535909617714,0.691709722275368,0.874290774599009
RASGRP3,1.36408344338941,0.17254130500519,0.46987966168857
FAM210A,-2.22486105373074,0.0260905672422743,0.175235845406777
SAR1B,NA,NA,NA
PDZRN4,-1.78903118526016,0.0736097933664687,0.301984867754573
MEX3D,NA,NA,NA
PAX9,1.63986232392906,0.101033796090336,0.356034469199612
HERC3,0.711583082334293,0.476722986174871,0.748213774773564
CTNNA2,NA,NA,NA
CPE,-3.50803367764353,0.000451431898346833,0.0150930063004809
ETV2,-2.5656399912893,0.0102985654668778,0.104873262355429
FASTKD2,-1.93822505344762,0.0525957714355334,0.254670713852541
LRP5L,-0.29234209957757,0.770025073167598,0.911456617892878
DRP2,0.363170812219118,0.716477289740172,0.888277933662779
KMT5A,1.04963418011834,0.293886335969159,0.602945256462888
MIEF1,-1.08039773396272,0.279965104499854,0.591890411192192
ELFN2,0.387578584966826,0.698327919232638,0.877616089522756
GABRR2,0.482285036866066,0.62960347531022,0.840205536242106
MAGI1,-0.71983997301652,0.471623530251675,0.744830080786429
OR6B2,0.267693376563571,0.78893534854627,0.920412392557912
IGSF23,NA,NA,NA
SMC6,0.258047039133851,0.796370604221443,0.923689659298061
DTWD1,-1.62890785589236,0.103332526799985,0.359475401703815
SLC8A1,1.27829756024588,0.201144527768574,0.503177636755287
KIF3A,-0.750798947496018,0.452773662947239,0.730806244769081
CEP162,0.586326363145129,0.557656218119826,0.800584570919236
INO80D,-1.07596798004593,0.281941576973589,0.59342001929259
CARD10,1.31369611096454,0.188948490239764,0.490111497511725
C22orf23,-2.03199045231395,0.0421546225231334,0.226382606812222
ZGLP1,-2.57785541221222,0.00994155865152259,0.102550740165058
FBXO11,1.20719924311057,0.227355421884741,0.533007146066206
PUM2,0.24098134635594,0.809569574003689,0.928277087926297
MYH8,2.69206054903537,0.00710120516522109,0.0848998516272319
TBC1D10A,-1.56798676835029,0.116884220333149,0.38415709823283
HCRTR1,-0.339827917713025,0.733986122470303,0.892886325932169
SDSL,-3.40147060942077,0.000670243352033601,0.0196674126911297
ALKAL2,2.26530302558836,0.0234940905116242,0.165262091504207
BUD31,NA,NA,NA
TRIOBP,-1.63813817978497,0.101392872067417,0.35658577674722
F11,-0.844547756318726,0.398363388814932,0.693609268013856
EFR3B,2.97822920084735,0.00289919093833262,0.0503498567775925
PLEKHB2,1.09408635371952,0.273917106845735,0.586492108384449
MTIF2,-1.04542243652716,0.295827771487876,0.604701217986584
GTF2A1L,-2.70365757997649,0.00685809214111421,0.0837588764698289
UBAC2,0.00359766513043197,0.997129484729764,0.998749689359671
R3HDM2,-1.17826774757109,0.238689881427831,0.547356826727978
TPST2,0.358880924830622,0.719684170133318,0.888996254619953
KCTD17,-1.83840436238947,0.0660028427900624,0.286125920895991
CAPN14,-0.730571280768782,0.465041059301049,0.73929102547417
KCNS3,1.93905155080983,0.0524950613228699,0.254384531126065
OTOF,0.805183778549327,0.420713635833155,0.709499438088454
DGKB,0.353493016323056,0.723718863437146,0.890361722847064
FAM240C,-1.02278577111277,0.306409147063125,0.612818294126251
PICK1,-0.460973261949698,0.64481778843807,0.847641476937728
RSPH10B2,-0.416935602479166,0.676725511469163,0.865826871079349
CUL4B,-2.30422399759524,0.0212100727712994,0.156660126940311
PSME4,-0.609199145474096,0.542392446664337,0.79148654441787
ZBTB40,-1.48873197432879,0.136557961696611,0.417459317165282
CDCA5,-1.58555830451531,0.112839540967158,0.377180080313137
LIPK,-0.24035104484673,0.810058126443252,0.928277087926297
CHEK2,1.13189873715852,0.257677009682265,0.568234990101451
ACY1,-4.57108002558936,4.85216926458703e-06,0.000705057518523454
STEAP1B,-0.654208143116658,0.512977715981032,0.773272669941923
TNFSF18,0.028191868772777,0.97750912242758,0.992149765472872
LIPN,0.325286714523958,0.74496408488228,0.898239291794855
CRELD2,NA,NA,NA
OBSL1,2.25040075486314,0.0244235171371104,0.168458899321653
NRG3,0.734575070145013,0.462598325393669,0.737424672294211
DQX1,-0.903899135252132,0.366048887752386,0.66559148017255
KCTD6,NA,NA,NA
IL6,-2.65717280873782,0.00787990391772545,0.0901446691935405
VSNL1,4.3612327244935,1.29331713559262e-05,0.00138614245057274
LIPM,-0.144348247866822,0.885225480926916,0.958357928784565
BRD1,0.773390091036621,0.439291552489868,0.723528963138871
INTS1,1.31471601842276,0.188605361036011,0.489819036562703
KCNMA1,0.673418988716477,0.500680771499241,0.765208264403806
MMD2,-1.58696938108684,0.112519579522977,0.376931646956448
DMRTA2,0.268731886183254,0.78813601244944,0.920078324174931
LTBP1,0.83326363492928,0.404696060684118,0.69789139658222
EMID1,-1.89507837159352,0.0580820195679672,0.268570851681018
CACNA1I,-0.284998591518667,0.775645221004546,0.914515895943899
ATG4B,-1.44110873209212,0.149553967001864,0.435947497245345
FBLN2,-1.27573724483037,0.202048417916761,0.504126970904131
UBXN2A,0.649411685443127,0.516072312940805,0.775109854794592
FAM161A,1.05177794256948,0.292901441229073,0.602176416840549
SMS,1.03724732204656,0.299620609054724,0.608012171885993
ABCB5,1.12208988297421,0.261824225031015,0.574125304342663
VSTM2A,NA,NA,NA
NRXN1,-0.513243861242541,0.607780748099272,0.828752195339928
PAPOLB,-1.39399116577259,0.16332027238173,0.456621522405674
SUN2,-0.824099598750745,0.409882968134252,0.701722507987599
MYH6,-2.14046135762521,0.0323175004790359,0.196216178079225
MTA3,3.06438865839117,0.00218115346555356,0.0417764146659637
KBTBD12,-3.24911058148839,0.00115766465174672,0.0279016587667618
ODF3B,-0.955160247839643,0.339496665195473,0.6447286466653
FLACC1,-1.14442112339822,0.252449032110512,0.563683477135646
RASSF8,0.762751686704875,0.445611499175461,0.726438077188734
NCOR2,-1.95011950959291,0.0511618764248276,0.250537354676602
SUN1,-1.18608219874843,0.235589839737664,0.543464151750203
EPCAM,-1.36023658229923,0.173755069568374,0.471839462950093
TAPT1,-1.33868083306986,0.180674598591397,0.480527021104045
NUCB1,-0.156403770327653,0.875714765457975,0.955233256503604
ABCG5,-3.64069271128856,0.00027190550182103,0.0105527291570353
ETV1,-0.658123107898784,0.51045902842836,0.771514791839129
ADCY3,0.867859434473655,0.385471288457413,0.683152587213373
HPSE,-1.41078505943773,0.158308001180441,0.449698396331732
RSPH10B,-0.565236496118997,0.571912915969794,0.80848905389481
ADGRV1,-3.15218163656748,0.00162055431984975,0.035186518508002
RPAIN,-0.00327525211946779,0.997386731573349,0.998774652941254
CADM2,-0.520095535270901,0.602996990094737,0.825670951394704
PPP1R3G,-2.5178600840539,0.0118070213191767,0.114188675692626
MS4A15,1.17530297902919,0.239873523111492,0.548334091104599
CCDC157,-1.1219719038916,0.261874386106007,0.574125304342663
IMMP2L,0.0465490442760406,0.962872644745194,0.98703916750708
TDRD15,0.50569584603125,0.613070184853676,0.831587526569317
HMGB1,NA,NA,NA
CERT1,-0.746200509049734,0.455546300676582,0.732876590954249
BSCL2,0.192582785758991,0.847285727527155,0.942846142607265
TMEM196,2.08304022938451,0.0372475567573257,0.211238371152895
ROPN1,-0.835448177655637,0.403465413464449,0.696872660355442
GPR12,1.20853501279964,0.226841536562084,0.532886150908196
NXPH1,NA,NA,NA
TCHP,-0.0605323217165271,0.951731674032002,0.982042179556845
LIG4,-0.151524011097837,0.879562371391301,0.956613571972262
ZDHHC8,0.868561193976774,0.385087187731745,0.683027179014881
DUSP28,-0.764701225363119,0.444449476362645,0.726173297883364
THADA,-0.192543880204806,0.847316199439427,0.942846142607265
BTBD3,0.38066476114471,0.703452020153293,0.880163635727942
MPV17,-1.92544012040349,0.0541743204080216,0.258070130696821
MEX3C,-0.906368067740951,0.364741068509949,0.664412611779454
MTA1,2.45372373638654,0.0141385555271517,0.126952971554555
PSTK,-0.19214075979983,0.847631947982102,0.942970079740574
CSF2RB,1.89494163706688,0.0581001341721767,0.268570851681018
RELA,1.44122465125128,0.149521226235615,0.435947497245345
GDPD3,1.71355077930349,0.0866112598332224,0.330847293836124
ESRRA,0.482626877413723,0.629360691552375,0.840111189006226
GAL3ST1,-0.328897583965984,0.742233100534454,0.897473725018136
HSPB7,0.704204626088084,0.481305350518999,0.75123801456756
PNPLA7,-2.33561528786815,0.0195113010851314,0.15012486608357
PSD,0.108737682756993,0.913410552531911,0.967233061236493
SMCR8,0.572407693199436,0.567045805113491,0.805748282080412
HDAC9,0.299097285889792,0.764865817098981,0.908270644978768
RMDN1,-0.65063000508947,0.515285356489941,0.774516839792718
GPSM2,1.30798001412576,0.190880088189852,0.492649496251781
HOXD12,-0.190499207281107,0.848917964310697,0.943575189516273
PARD3B,1.50436659446387,0.132487000704399,0.410791019219263
ASB3,-0.306141053222236,0.759497251559392,0.905024638508558
C1S,-2.81481275117215,0.00488056621367251,0.0693114830641737
DTNB,1.00460047006826,0.315089270840794,0.621217098623103
FSHR,3.13304297949457,0.001730041070872,0.0364127864387432
PCNX4,-0.470916254909452,0.63770053967289,0.844437798117726
DERL3,NA,NA,NA
MAD1L1,0.982532347312538,0.325837655087278,0.630337411886755
BCL6,0.189492983403282,0.849706453910951,0.94421000717904
HIPK2,0.777212505271574,0.437033405468985,0.721585565076135
CDCA7L,-0.529642685578343,0.596359692996641,0.822204879168437
GRAMD4,0.663317168892279,0.507127442919106,0.768636498255325
SYCE3,1.071811828214,0.283804559291363,0.594271096024813
HYPK,NA,NA,NA
CHKB,0.0920673137244274,0.926644557991532,0.972610937757956
NLK,NA,NA,NA
CRPPA,-1.39097610221735,0.164232673627855,0.457743298388813
PPP1R7,1.33044304366877,0.18337234052849,0.484008973767072
KIF26B,2.85639126840763,0.00428486738217681,0.0634210733393301
FAH,-1.362250419108,0.173118868983291,0.470619238725579
PRR16,0.0414255275649733,0.96695666220696,0.988811008206224
KREMEN1,-1.72322907574218,0.0848471077026748,0.328518957623065
RPS14,-3.79830488829326,0.000145689047282073,0.0070565797516881
CDK11B,-0.737499619073377,0.460818574772568,0.736296289063549
TSPAN9,0.927753785512911,0.353535301570428,0.655930089125034
IFI30,-1.61755578669838,0.105758363966652,0.363810697988628
THAP4,-0.902294540901039,0.366900424743085,0.66657841052146
C1D,-0.604712305874814,0.545370170126114,0.792839525641657
METTL15,-1.45982264904469,0.144338822151541,0.427947475054755
CBX6,0.5660437391001,0.571364047422626,0.808209058200247
WDR43,-1.68516482195768,0.0919567760531291,0.340350428536588
HIC2,-1.71523685557593,0.0863018102526939,0.330510125833429
DNASE1,-1.46342494552163,0.143351136944426,0.426831582060192
MATN3,0.372509569890595,0.709513488127892,0.884156661382758
WDR60,-1.54571186276031,0.122174171001843,0.394592022265408
MEIG1,-0.120317041503648,0.90423200500861,0.96447714218272
CCDC85A,1.17529300384585,0.239877512533282,0.548334091104599
TBL1X,-0.0172439425125163,0.986242006336654,0.995292241741536
ZCCHC9,-0.137412411821275,0.890704820895816,0.96083658605611
ELAVL1,NA,NA,NA
CASTOR1,-2.2830922066482,0.0224249375351986,0.160734768206157
TFIP11,0.539322420311463,0.589664401241952,0.818078834833132
PTGR1,-3.93569053029764,8.29578181586998e-05,0.00493566357485933
ZFPM2,-0.710456396183092,0.477421161378981,0.748785153233597
ICOSLG,2.1583211856847,0.0309028686790184,0.192786531170389
KIF2A,-0.174192893871268,0.861713870032615,0.950318908555271
AQP12B,-0.965213103061132,0.334438085310995,0.638538009503443
PRDM6,-0.276521986997651,0.782147174560621,0.916771258798805
POLR2F,0.169494239438333,0.865407903071955,0.952099900351149
FGG,-3.36775455205764,0.000757830311779842,0.0212900540875145
SETD5,0.82518792277975,0.409264908981483,0.701305284559266
CHRNA2,-0.287268466465739,0.773906765648377,0.913550932860355
KIF16B,-2.37981667303603,0.0173212529923287,0.141185962901872
RBM34,-0.744713461052395,0.456444959784309,0.733205750955847
POM121L12,0.554687257936315,0.579108593190093,0.811901759002568
NGDN,0.00730603336358959,0.994170680638216,0.997790749304862
MCC,-0.631303148097278,0.527842328931063,0.782418173105073
PSMB11,1.32633660403246,0.184728227466616,0.485146998687296
ESRRG,NA,NA,NA
ARMC5,2.02134381462937,0.043244186527492,0.229717594214238
TAS2R41,-2.07997139040026,0.037528157082027,0.211930310098502
RGS14,-1.25118510332925,0.210866951854727,0.514571866303832
XKR9,-1.43113401556749,0.152391810112138,0.439938879129588
TBX20,0.267112806893946,0.789382307264813,0.920671870601672
FOXP2,1.79481377901536,0.0726833747107999,0.300033621139036
TTC30B,-2.44950918310082,0.0143051062001612,0.127992163941289
TAS2R40,-1.65918076528312,0.0970793723193607,0.349126965704715
ZBED8,-2.97872157413914,0.00289453665444393,0.0503362922001804
MYO3B,0.192070258608142,0.847687171339048,0.942970079740574
UMODL1,-1.92069377013354,0.0547703254814563,0.25938237501591
RBM4,NA,NA,NA
RGPD4,-2.34064422580079,0.0192505015445077,0.149188705845293
KDELR3,1.44166555325799,0.149396745706823,0.435762134939494
JAKMIP1,4.30864590234025,1.64257102829929e-05,0.00164387638275887
SMPD4,-0.711591743067494,0.476717621532529,0.748213774773564
SLC38A11,1.01879699632366,0.308299352016283,0.614942185076096
ANKRD61,-1.08820771046331,0.276503421620357,0.589245210383861
AAK1,1.28102318700242,0.200185521902396,0.502025158809991
SLC39A10,-0.868590897892119,0.385070934766959,0.683027179014881
TMEM139,-3.63172053767385,0.000281537913030179,0.0107711416245875
SAG,0.471439934651546,0.637326603710862,0.844256630020911
SNRNP27,0.394058324697096,0.693537978791885,0.875657610118053
MEIOC,-1.84135544257049,0.065569487886734,0.285065046301589
WIPF3,-0.444648956532313,0.656573462198987,0.853884523300438
ALDH7A1,-2.25930560438095,0.0238643815435829,0.166803963584339
NEMP2,0.111461988227658,0.911250006726531,0.966576128423622
ALAD,-0.171860152728214,0.863547473925952,0.951369062183348
CCDC148,-0.235135332089194,0.814103696299351,0.930092365284678
ARHGAP25,0.412142763278647,0.680234786451565,0.867193191568757
PCDH20,0.74978678287912,0.453383130333486,0.731219409348947
MCFD2,-1.05190193810557,0.29284454263779,0.602176416840549
KLHL30,2.01301363211378,0.0441131952523883,0.230910497628712
STK17B,-1.29193177080583,0.196380774028147,0.499025770491568
CATSPERG,-1.65529397174263,0.0978648811603984,0.35028819630914
GALNT13,1.57416930822001,0.11544831283269,0.382013335565494
RAD21L1,-1.7274958170673,0.0840786557651957,0.327022687516594
C4orf48,-1.16976742037381,0.242094577918086,0.551399135116521
PTPRN,0.428929266423711,0.66797470110206,0.86069895106575
STK16,-1.86254784945298,0.0625259073947207,0.278020903789567
NCKAP5,-0.810267225402093,0.41778660782762,0.707722364924447
TET3,-0.112664700847061,0.910296387658386,0.966385137839339
NLRX1,2.09477312183749,0.0361911655180755,0.208509681017597
FAM174C,NA,NA,NA
IPO11,-1.67924750950424,0.093103816262081,0.342191814338053
PXMP4,-3.00859389622667,0.002624596850835,0.0474436693897351
CAB39L,0.942361719376022,0.346007479049317,0.649785801432378
PLGLB1,-1.70984120283307,0.0872952415320457,0.332165824115206
FCHSD2,0.340005078050465,0.733852703781825,0.892886325932169
TBC1D8,-0.358082469137561,0.720281597992695,0.889367499589078
DCDC2B,1.19627537229316,0.231589116127729,0.537599803828301
ARHGEF4,0.75159572357617,0.452294215828868,0.730618706378383
MRPL19,-1.70207423255541,0.0887414535610684,0.33534904881592
TONSL,1.14030637630833,0.254158682272123,0.565216865171363
LYPD6,0.217250178637427,0.828013381469814,0.935197176440346
CAMSAP1,1.04892984734703,0.294210407157338,0.603352920743885
SPIRE1,-3.19245410399571,0.0014106936132239,0.0320577471925408
FAT3,1.47812692096807,0.139373809613034,0.42099080768982
CSRNP3,1.02300012819168,0.306307785204599,0.612777766747669
PTRH2,-0.970880835436871,0.331607622601548,0.636259995376094
SCN9A,-0.621607393201665,0.534200058417366,0.786382427936788
CAPS2,-2.33404803714931,0.0195932067278073,0.15019680442616
LYG1,-2.70319570952873,0.00686762967860317,0.0837588764698289
GIGYF2,-0.536071827607213,0.59190890978641,0.81950778238133
USP39,-0.0431770417205352,0.965560406070981,0.988252547006072
MPP4,1.63315839425073,0.102435687856182,0.35832004543814
PGGHG,-1.10295302452357,0.270047565577641,0.581664596780119
ADCYAP1R1,-0.656635222483739,0.511415495266211,0.772300027671743
WNT7B,NA,NA,NA
CD8A,0.17313014985345,0.862549126628317,0.950685026738175
TSPAN4,2.11660872992733,0.0342930685989632,0.202199318247183
SNORC,0.356847548294205,0.721205938139606,0.889485361720862
RAD54L2,0.166092279628203,0.86808432973469,0.952824694287524
AGAP1,-0.209256371478894,0.834248108281987,0.938066981056048
ZNF638,0.689354982526917,0.490599905424399,0.758164115387285
OLA1,-0.234133628711833,0.81488123945284,0.930518761569542
KDM3A,-0.481845064317283,0.629916013797379,0.840205536242106
NR4A2,NA,NA,NA
AFF3,-3.7040002428266,0.000212226053880031,0.00885955835976528
DYSF,0.974691637078193,0.329713242511608,0.634531327906377
PLD3,0.943960893728618,0.345189632475934,0.649497504687094
IL18R1,0.201488562680909,0.840316571708605,0.940693340827507
R3HDM1,0.416418087482844,0.677104095229808,0.865904805543949
LYPD6B,-0.349253054813198,0.726899338819926,0.890852127423931
WDR81,-1.13639099832308,0.255792961457791,0.566367630157527
MGAT5,1.47619035327776,0.139892798497521,0.421631426185587
APOL6,0.410230034434236,0.681637210678979,0.868105105206311
CAPG,-1.7908394897241,0.0733190562100666,0.301578001482451
NOTUM,1.20781729183255,0.227117548665581,0.532930126253558
PSMD14,NA,NA,NA
FAM124B,0.205004842068177,0.83756834194852,0.93935194072931
SAPCD2,-0.0440873912177591,0.964834743363665,0.988109549236968
CEP19,0.203414618180568,0.838810974998307,0.940015680695173
STAMBP,-0.119973298171189,0.904504300124739,0.96447714218272
NHEJ1,0.753266210335622,0.451289959321988,0.72994689770672
MYADML2,1.28156626006752,0.199994842320042,0.501961163821722
PSTPIP2,-0.773614550617701,0.439158764821031,0.723410426637826
ASB18,0.968368613929206,0.332860308547482,0.637296969817502
PPP3R1,2.73596596247148,0.00621974591056985,0.0785236426069604
GPATCH11,0.240032213317323,0.810305283866902,0.928277087926297
RAB1A,NA,NA,NA
KCMF1,1.41762454254376,0.156300410882106,0.446420678369001
CNPPD1,0.838319386925591,0.401851350466374,0.695894705465774
CLEC16A,0.312868247990537,0.75438076180118,0.903033874635847
CXCR4,-0.793201758113929,0.427660283372676,0.714475669190045
GULP1,2.14669652459488,0.0318174496409084,0.194823865062158
CPVL,0.837562937518026,0.402276215520412,0.696074933173114
NPPC,1.48078082435273,0.138664987975288,0.420583812428227
EPHA4,4.12608176431885,3.68996123611472e-05,0.00297091280855054
CCDC74A,0.760181779344675,0.447145934720978,0.727370222336213
UAP1L1,-0.638845138916397,0.522923680267792,0.77871725031601
RABL2A,-1.10809656398101,0.267820114739271,0.578846907028013
TMEM237,-1.26292668682877,0.206615528199825,0.509775324433592
CHN1,-0.029399243737801,0.976546175955056,0.991692282759328
ELOB,NA,NA,NA
IQCA1,-0.228325090576782,0.819393520204909,0.93200924863289
LRRTM4,-0.0783869909293171,0.937520221423539,0.975945828074156
IL1RN,0.449521242560366,0.653055687682415,0.851287634974266
PREPL,-0.744897116881087,0.45633391820747,0.733205750955847
CCDC74B,0.791804342656374,0.428474769814888,0.715045858291028
MAP3K2,0.690507926543005,0.489874826959498,0.758035709256786
TMEM131L,-4.74969441552318,2.03724259578403e-06,0.000406898244173976
SERF2,-0.0436744312710615,0.965163920653326,0.988114434585263
UNC50,-1.04236633763307,0.297241867078239,0.606196908945527
VSTM5,-0.21051626259523,0.833264760325365,0.938049975953735
ARHGEF33,-0.152908815530198,0.878470183879527,0.956328459601339
AGFG1,1.73362197143022,0.0829851794190176,0.323955872814206
TAX1BP1,-0.454943544141635,0.649149855078686,0.849472581069499
DPAGT1,-0.166213770963455,0.867988722530171,0.952799195348836
COA5,-0.331251617443487,0.740454433812769,0.896758086534586
C5orf52,-0.180577325710787,0.856699354737446,0.947571560542113
FAM243A,0.395638964561474,0.692371388077313,0.874555807981246
CD207,1.66425813137794,0.0960608555527147,0.347289868208762
HOXD3,-0.252171379388873,0.800908599286638,0.925189630975362
COPS7B,-1.40609630977444,0.15969552803074,0.45123834969155
NFU1,1.29140583705951,0.196562987651375,0.499320872312586
IL1R1,-1.69683016049103,0.0897287748565267,0.337007656530273
MEF2B,-1.86423888178844,0.0622881654082382,0.277751181956122
CWC22,-1.63029415212542,0.103039342930508,0.359356462511603
ZNF385B,-1.80814337367976,0.0705841890997161,0.296047196412869
PRPF40A,-2.04426672620134,0.0409272044612395,0.221990193563006
METTL5,-0.561666442993301,0.574343301702405,0.809881135945697
IMMT,-0.454497168071875,0.649471029756286,0.849472581069499
METTL21A,-1.90995049656055,0.0561395874524964,0.263697259936405
GPR137,-0.940154772576141,0.347138177006432,0.650426070772156
HJURP,-0.274744704950121,0.783512382717357,0.917250071106218
EPN1,-0.254069184856348,0.799442109316934,0.924843613315931
NUP214,0.293653804483713,0.769022457324237,0.910924175796199
SMIM26,-1.84348788383744,0.0652578091256033,0.284282505478846
ZNF142,1.72068333670704,0.0853083017419109,0.329222285716137
AP2M1,0.074726156376326,0.94043259607285,0.976757209062056
TOM1,-0.309877905921131,0.756653804885929,0.904183146992047
TBXA2R,-1.48444465047492,0.137690996723508,0.41886822070538
TCAF2,0.886770089923628,0.375202693922638,0.675168267511182
PRRT3,-1.92883881907671,0.0537508750081795,0.256889064871476
UNC13D,0.779887939223292,0.435456838154567,0.720593485800649
SNRNP35,-1.29069267215883,0.196810266648823,0.499445298001177
PPP4R3C,-0.08425948759827,0.93285012202642,0.974507883593479
PRR29,NA,NA,NA
ADGRA2,-2.13787116214264,0.0325272013583396,0.196699106413457
EIF3L,-2.66366131922059,0.00772953404071476,0.0894524109384553
ETFBKMT,-1.44805794594909,0.147600845502571,0.432877954247543
BUB1B,-1.10211685071804,0.270410874501453,0.582198195678296
U2AF1L4,NA,NA,NA
TMEM182,0.0196920911692624,0.984288999890575,0.99422333843636
SLC35G6,-0.883036002747006,0.377216819636152,0.677018359458892
ARRB2,-0.26767449177504,0.788949886141397,0.920412392557912
CDHR4,-0.978153398003991,0.327998461203407,0.632437597131753
PIGZ,-0.137721944641466,0.890460175350714,0.960775700327243
PPP6R1,1.50930047914654,0.131222012334846,0.408114231406501
PWP1,-0.321569456272331,0.747778886078352,0.900224474198041
CBFB,NA,NA,NA
SGO1,-3.99136044136455,6.56953440068152e-05,0.00424268392577347
FAM185A,-3.00293930237822,0.00267385754533026,0.0479327819988504
MOV10,1.39511132269911,0.162982272286309,0.455940040501796
LARGE1,0.36247726925023,0.716995406791725,0.888390630435061
SDCBP,0.808722831420875,0.418674592409241,0.708194587025795
RNF10,0.14174894842107,0.887278310016911,0.959241274016624
NUGGC,-1.04924086767016,0.294067273786068,0.603141237982499
SBK2,-1.93180886146137,0.0533831019391115,0.256417208649488
P2RX6,-0.0207995074734944,0.983405590634099,0.993828459408981
RPP30,0.255655470842076,0.798216881778915,0.924643222313907
PRKCA,0.612968857909812,0.539896931543025,0.789980870398741
CFAP221,-1.17886169196791,0.238453253978477,0.547146306426169
AMDHD2,NA,NA,NA
PPRC1,-1.95569086073793,0.0505015819996114,0.248511855154063
PHOSPHO1,-2.47886868814129,0.0131799818133916,0.122118875023896
NFATC4,-0.779613530404584,0.435618389347314,0.720593485800649
HHAT,-2.5835361785129,0.00977932099455584,0.101431090507706
SMARCA4,-0.664004046425004,0.506687721253869,0.768511206315708
DENND6B,0.886199599207448,0.375509979597117,0.675355932148344
EPGN,-1.00815604211394,0.313379556985835,0.619400443104468
EXOC3L2,0.601202671903061,0.547705005078684,0.794787597152782
GPR6,-0.0285472312134724,0.977225698301416,0.991928717942706
CAMTA2,0.781679940860361,0.434402693122006,0.719608799333444
SPRN,-2.26336363461433,0.0236132825369923,0.165795283697297
NDRG1,0.617154119590361,0.537133074713342,0.788175883947167
EWSR1,-0.739809058224532,0.459415861891546,0.734952334690667
RIC1,2.32565534956857,0.0200369442700714,0.151954703601879
ENPP3,-4.50281625453868,6.70588587074915e-06,0.000912967092601452
LY6H,-0.00294939058245717,0.997646730202292,0.998968817043271
WDR26,0.489791709201787,0.624281298077691,0.837154763181782
SNRPE,NA,NA,NA
BLCAP,NA,NA,NA
DPY19L4,-0.243398167946814,0.807696962909981,0.927410588139886
TMEM219,0.108450664930891,0.913638213291034,0.967276214043303
CLGN,-3.12876637508275,0.00175541818928734,0.0367422156184352
ARTN,-1.87545979744432,0.0607294952841835,0.274241243519975
FAHD2B,-3.77201689477172,0.000161933288549645,0.00732675406156359
NUSAP1,-1.11116953015972,0.266495383943335,0.57829954521698
PNPLA6,-1.45168927042864,0.146588024038311,0.43200165497633
TMEM251,-0.272013918227434,0.785611317522401,0.918471161256268
RDH13,0.524755668368525,0.599753053001997,0.824551322504201
SS18,-1.63691234604002,0.101648785890415,0.356987323350209
DDOST,0.588620879955711,0.556115623964779,0.799883231543017
CD44,-0.714840942075115,0.474707333196899,0.747035011899567
PRKD1,-0.128261319560947,0.897942174737384,0.962878378882048
ASRGL1,-1.86220901557043,0.0625736341387142,0.278115154014578
TAC3,1.13352890248015,0.256992210868313,0.567455623997947
ERBB3,0.0524940537447562,0.958135033228434,0.985055896465616
CCDC153,1.40053291923421,0.161353792699887,0.453398757025044
SCARB1,-2.70265346710352,0.00687884208904475,0.0837588764698289
MAP2K4,NA,NA,NA
SLC14A1,-1.87796150656035,0.060386431190056,0.272976293192978
FBP1,0.48278770505635,0.629246481567015,0.84005129291133
PTPN12,0.569430202225137,0.569064225395552,0.80679422573125
CSTF2,0.0753546717692234,0.939932523307602,0.976573413009589
IGFALS,-0.307294541861899,0.758619189808519,0.904781078402654
SAPCD1,2.05105149986664,0.0402619317401414,0.2205285655879
CACNA2D3,-0.189189523575367,0.849944278368342,0.944210656503896
TRIM24,-0.542397393055963,0.587544775180665,0.817058676960542
HNF4A,0.654214489998952,0.512973627489273,0.773272669941923
FNDC3B,0.724703590735196,0.468633891802694,0.742347523367119
IFI35,0.914174147710172,0.360625346072527,0.661372702719365
THAP5,1.36325657665037,0.172801662135848,0.470168964190017
ZNF322,1.54402629052154,0.122581963708036,0.395233333807518
GPI,-0.167906580401309,0.866656773217164,0.952454944424574
SCN1B,-0.356492011209712,0.721472133782252,0.889727136958211
MTO1,-1.05855105665947,0.28980428678601,0.599728016033193
BAHD1,-0.707283935367218,0.479390046692901,0.750315770613143
SMIM13,NA,NA,NA
E2F5,-1.27558849307723,0.202101023886188,0.504134563047976
PHTF2,-1.06444184966861,0.287128583930008,0.597094696621753
TMEM130,-1.13734624095951,0.255393571248525,0.566067626595176
SMCO2,-0.493801202375241,0.621446583921838,0.835971228077872
XKR6,-1.80100762707277,0.0717016778180624,0.29768015252378
OCM,NA,NA,NA
NOP14,1.71232367361466,0.0868370362887187,0.331195903565319
IQCD,-1.34142136083379,0.179783686089461,0.479423162905229
UNC5D,-0.339682539682539,0.734095612040511,0.892886325932169
AOC1,-0.455698183906855,0.648607028123,0.849472581069499
TBXAS1,-2.28413015128803,0.0223638830566231,0.16061893986555
SLC25A19,0.0313778007304183,0.974968244883384,0.990949961871358
ZNF740,2.16604060299828,0.030308084375499,0.190567404899598
CCL24,-0.545313990856212,0.58553758325978,0.815924910024222
ERG,-0.774713546469607,0.43850894454897,0.722655089424649
GGTLC2,-2.06461449256851,0.0389594908929502,0.216445658487116
PDZK1,-1.19380097932121,0.232555828508668,0.539264029526314
RBM18,NA,NA,NA
RGS21,0.586486400007952,0.557548698148958,0.800584570919236
FRMD5,-1.21117709350367,0.225827539812355,0.532071372255115
SCAF8,-0.43469412345808,0.66378446447995,0.858093312850385
KBTBD8,0.254782230030963,0.79889130082502,0.924704862990184
AASS,-1.37119280388725,0.170314860863419,0.467198797852241
ALKBH8,0.554286234934123,0.5793829692521,0.811949777498382
GP6,-0.746578817141978,0.455317838926045,0.732697602156361
CSF2RA,NA,NA,NA
FSHB,-0.552800262040117,0.580400189057402,0.812355993056911
TEX50,0.128127380666041,0.898048167990125,0.962878378882048
CLEC17A,-2.23483571722569,0.0254281360381639,0.17286146561223
IFRD2,1.30835584122385,0.190752643026571,0.492649496251781
NECAB1,-0.767123287671234,0.44300821723653,0.725018851440203
IK,NA,NA,NA
MPPED1,2.10688159505251,0.0351278443598372,0.204488437583151
SATB1,-0.0651192364361534,0.948079064477473,0.980319590994428
CRYZ,-4.37549353768117,1.21158031746339e-05,0.00132694601338656
CCDC103,-2.39403844247558,0.0166640021273457,0.138290170317654
KLC2,-2.00097714316403,0.0453948531403943,0.234052207662108
ARHGAP22,1.18109681453467,0.23756426525118,0.546074676944861
ARPP21,-2.14145348638415,0.0322374856205028,0.196203335761997
ZBTB7B,2.13633906116463,0.0326517872197129,0.197260694826402
SLC9A8,-0.824272825290176,0.409784555675904,0.701722507987599
BPGM,-2.89357966917028,0.00380877652492876,0.0594609822776068
HLA-DMB,-1.82015885698503,0.0687348166069257,0.292194898593877
LAMB2,0.629705346074725,0.528887384154456,0.783366408205434
RHOA,3.97181659740406,7.13266257478422e-05,0.00451169256175939
PPP1R13L,0.153891805239102,0.877695045605568,0.956082140070017
LIMK1,-1.79066158386567,0.0733476179892793,0.301613388586119
OR6V1,-1.89797539369332,0.0576993235170359,0.267613470919377
TMEM250,2.58393486132854,0.00976802407346254,0.10138350260863
ELOA,-2.52456676053697,0.0115840999900463,0.112868419761173
MYH13,2.62650325884494,0.008626716643245,0.0942638770157038
LETMD1,1.35422838908041,0.175663524499326,0.473364333493905
GNL3,-0.122645218143798,0.902388045814779,0.964419246701057
TMEM253,-1.74502638900752,0.0809802755627209,0.319857272426513
SLAIN1,2.54860955808828,0.0108153309889785,0.10802464104788
WDR83,-0.700714530918989,0.483481185881407,0.753078507631398
FAM126B,-0.598349833263083,0.549606531924022,0.795789394503768
BCAR1,-0.163569975809441,0.87006968214849,0.95331613852296
CNTN4,2.71541112669093,0.00661935400999449,0.0815254097791661
SP8,0.0348486048507749,0.972200463081207,0.989752990978389
ZBTB22,-1.07957176871545,0.28033291866317,0.592088199418285
FAM135A,-1.71860864693094,0.0856856561218556,0.329486421199359
GCG,0.818654006875965,0.412983844500545,0.703609003167107
PRR12,1.03301939016629,0.301594824594605,0.608994961683674
COLEC11,0.852198864334364,0.394103726863916,0.690398779167526
SWI5,-0.763087958514566,0.445410940849324,0.726339525965732
PSMA1,2.88907017147153,0.00386382840624338,0.0599488448410164
L3MBTL1,-0.854623908735312,0.392759387225488,0.689441005082763
PTRH1,1.94151420047852,0.0521959386765697,0.254037045178848
PSMG4,1.05721248344309,0.290414623807188,0.600129330640534
RCOR3,-0.144524432758726,0.885086364430797,0.958357928784565
BRAP,-1.45076627441843,0.146844953755815,0.432530896801502
DUSP22,-2.40218066841014,0.0162976569747533,0.136448859945968
SEMA3C,-1.80192742680939,0.071556824436392,0.297420884353846
HLA-DPA1,-1.07504080084636,0.28235646167936,0.59342001929259
PABPN1L,0.304899397775322,0.76044277444359,0.905508723299309
FOXA2,0.534227581354001,0.593184088839179,0.820482899531516
PCYT1A,-1.84611646483615,0.0648752966596832,0.283187603443424
PDCD5,NA,NA,NA
HTATIP2,-2.81583933440501,0.00486499895500702,0.0692277440753918
PGGT1B,0.0616368700927747,0.950852014661194,0.981843228258282
SFTPA1,-0.459054088409393,0.646195325106581,0.8484190923554
ZFHX2,1.86358694472511,0.0623797324174806,0.27793129428913
SMYD1,-0.516855133549172,0.605257289538091,0.82722692950164
RASGRF1,2.15509731669928,0.0311542196610212,0.19334807700918
BECN2,-0.676211754165937,0.498906210828167,0.764070534300782
STK3,1.24119408310198,0.214534060103978,0.518174923447987
ATXN7L1,-0.844338288747684,0.398480396026812,0.693679961382005
FBXO15,2.49183566743395,0.0127084820769285,0.119508762381172
GPX1,-0.493996275844489,0.621308809611108,0.835880368253862
PLCH2,0.533326383051739,0.593807667560626,0.820482899531516
STRAP,1.40790929395217,0.159157930700625,0.450655750604843
PRXL2B,2.48531603580296,0.0129436467757851,0.120997482197098
KMT2B,-0.338787458970796,0.734769849471488,0.893130234201736
ASB10,1.97779827320264,0.0479514683849618,0.241525156793146
PTK2B,2.14376408154176,0.0320517946840136,0.195664762631384
TSPYL4,-1.07364323849598,0.282982610510319,0.593625163213252
DNAH1,0.795303091368591,0.426437215748598,0.713024917503078
ATF7,-1.16385105605728,0.244484377247508,0.554918580499301
EIF4B,0.603417164353431,0.546231206501996,0.793487070331458
ARHGEF38,1.84775412004187,0.0646379208275473,0.282396143262762
PIK3R3,0.560647574856093,0.575037812454689,0.810102677525428
GMPR2,0.963143515885587,0.335475506371381,0.640033562969866
LMOD3,-1.3037674986629,0.192312867313599,0.494212462686636
NR2C2AP,-3.18363065302181,0.00145440460543837,0.0328044214886337
KANSL2,-1.08231825805435,0.279111135829129,0.591010298635452
RRAD,-0.818982563956578,0.412796361619938,0.703609003167107
AFAP1,0.174036964410358,0.861836412099408,0.950384694953755
PBX1,NA,NA,NA
PPIP5K1,-2.24465280344488,0.0247904301171289,0.170015071712379
MAP4,-0.575621975410461,0.564870724094489,0.804858229541383
ARRB1,1.41115560593665,0.158198736963993,0.449633336050641
LMLN,-1.73388711833705,0.0829381139175352,0.323865833984959
CORO1C,-2.2899016878981,0.0220270163762088,0.159855685860146
TSLP,-1.07993662564785,0.280170402185802,0.592009099897318
EFHC2,-0.945960071984808,0.34416895183818,0.648433013362246
MROH7,-0.0639033664242853,0.949047171741115,0.980925860763193
CLCN4,2.0871635153452,0.0368733562395691,0.210593408727274
NSG1,2.71810063207778,0.00656578654427104,0.0812611730311624
DPEP1,-0.880400824650308,0.378642209936241,0.67813737662287
C1orf159,0.443195444070999,0.6576243739598,0.854650813016582
PITPNM3,0.079030956941247,0.937007999985812,0.975681450822407
CUL2,-1.48823512443319,0.136688897215662,0.417571251325173
MYADM,-0.134438509033226,0.893055832206354,0.961860147979646
PERP,0.79936804439619,0.424077034113103,0.711756123891294
ERLIN1,0.79596743576691,0.426050963136281,0.713024917503078
ANKRD34C,2.74536129047179,0.0060444313477402,0.0773074479575678
IL17RE,-2.35982971897567,0.0182833252223764,0.145266882629102
PABPC4L,-0.016510041158465,0.986827491494424,0.995722578050593
MYD88,-3.13360985619242,0.0017267026985448,0.0363932094566373
GRIK2,2.96214244596933,0.00305506409963308,0.0518743018805114
DLGAP2,-0.864476494116946,0.387326187585931,0.684506221376037
TMEM235,1.50522788775489,0.132265497644371,0.410599055135934
RGS4,NA,NA,NA
BIRC6,0.499631892757288,0.617334296893906,0.834450437805072
MKLN1,NA,NA,NA
GABARAPL1,-1.64181996766545,0.100627319662807,0.355299078211293
INPP5K,-3.33371886778175,0.000856932226863045,0.0228394352951576
ZNF697,1.63979925389241,0.101046913389963,0.356034469199612
AL162231,0.622202759447741,0.533808551794426,0.786249009231712
TMEM41A,0.476689825812313,0.633583008833891,0.84198857938386
PROSER3,-1.53781086913335,0.12409486523691,0.397229740194914
DDN,-1.07064271176767,0.284330110846428,0.594642848268541
NME6,-0.510893416623158,0.609425691278358,0.829208177123377
CMSS1,-0.254250323144191,0.799302175326211,0.924818503447646
TBCEL,1.08994762358591,0.275736216613381,0.588548828455001
TRIB3,-2.29146799964461,0.0219363606155668,0.159606298325684
ICA1,-0.45240652900854,0.650976144300448,0.849895197363955
NUP62,-1.38709659973833,0.165412308731421,0.459505663520079
TMEM132D,1.61639263865652,0.106009448928092,0.364259843611033
CLEC2L,1.01345591344086,0.310842443903807,0.617272897067987
COL20A1,2.04700402213249,0.0406576896289343,0.221726430375387
ITGB7,2.07712272099067,0.0377902340231567,0.213012315016018
ACKR2,-0.606372018101242,0.544267745290766,0.79240322026052
NT5DC2,-1.11584724504344,0.264487526671736,0.576706792606858
MCMDC2,-1.34414189002148,0.178902508358907,0.47815075587189
CIAO2B,-0.600775221998705,0.547989709602531,0.794853734021351
KIF21B,0.97802419844548,0.328062356002899,0.632437597131753
SLC25A12,-0.142203941898693,0.886918918249586,0.959146893701713
TENM1,2.29881735532847,0.0215153128758738,0.157681575257132
RPL23A,NA,NA,NA
ENDOU,1.40213190946651,0.160875859923963,0.452690616158119
RIPOR1,0.16334480699175,0.870246956742252,0.95331613852296
BTBD18,-0.997539199401236,0.318502856532296,0.624378333121685
KCNK4,0.0570410838966025,0.954512468182517,0.983472586021286
CASP12,-0.209150381949332,0.834330845201714,0.938066981056048
SEMA4D,2.57616602580211,0.00999026638745956,0.10277257021599
FNDC10,-0.393251071976611,0.694134051941238,0.875824813637471
KIAA1549,1.11723636523985,0.263893275701247,0.576230133011318
NKX1-1,-0.486158193149892,0.626855010144013,0.838618352805978
ITK,0.0914026508913589,0.927172655461958,0.972610937757956
PARVG,0.0318313058389408,0.974606580830927,0.990734202173885
PRDM15,-1.84222894749823,0.0654416678579405,0.284760576279404
IRGQ,-2.82482314886586,0.00473067187502217,0.0679561914214211
TXNL4B,0.195582863345627,0.844936674298357,0.942361782937674
ITGB1,-1.37280661709422,0.169812473104594,0.466413321257111
NTF3,-0.339563702327801,0.734185116862965,0.892886325932169
PNPLA3,0.0976393911504231,0.922218644316134,0.970826721035789
IRAG1,0.341480816432217,0.732741644185324,0.892567445343271
KIF26A,1.62578248142977,0.103995936370074,0.360851453661427
CAMK2G,1.63133511789506,0.10281962716825,0.359013448652169
ACTBL2,0.0237439444923976,0.98105685323879,0.993415382346864
TOP2A,-0.545880067583442,0.585148380590633,0.815752982240373
SLC25A44,1.78532355684584,0.0742088499973323,0.303572493674274
RXFP1,-2.22232386886973,0.0262614262006382,0.175680687359028
MIDEAS,-1.12850020444696,0.259108730574637,0.569992462358046
IL10,-1.0676169087812,0.285693353182009,0.595503165970555
DCAF1,-0.425261947163,0.670645730149021,0.862682862956418
HSD11B1L,-2.62833993805516,0.00858027243395256,0.0941383958089779
PFN2,NA,NA,NA
NAT8L,0.325972364043412,0.744445264404032,0.898239291794855
TAF1,-1.67500708209368,0.0939328421394995,0.343626811938018
ATF5,0.17995566758934,0.857187372070865,0.947955767781552
KY,0.626241614343044,0.531156475678485,0.785003328845895
ZFYVE27,-0.152373564448189,0.878892306110194,0.956352284701703
RNPC3,0.0851409510637907,0.93214933424323,0.97424723280197
CHD7,0.533396460910442,0.593759166855569,0.820482899531516
ANO6,-2.8887048876991,0.00386831928150764,0.0599569651098908
CACNA2D2,-0.561512296408248,0.574448350117212,0.809881135945697
CMTM3,-2.17872114888179,0.0293523896779107,0.187636765149148
EIF2B1,0.7420075128641,0.458082783710789,0.734405936313355
TMEM177,-1.12160588429982,0.262030048628842,0.574299941244244
SYBU,1.35589705868336,0.175131923506463,0.473028823354159
DGKI,2.08870136500688,0.0367346139143883,0.210118654607962
MAP3K13,0.10014234882651,0.920231314792045,0.969799650745374
TBCCD1,-1.58619720428595,0.11269458179437,0.376931646956448
AK9,0.129757832311935,0.896758025718524,0.962759824144525
RPL10,NA,NA,NA
ELFN1,2.68887239939735,0.00716938182959869,0.0853099985896814
GPBP1,-0.0175271606815608,0.986016065081778,0.995169623690365
PLPP5,-1.04153269357437,0.297628387914401,0.60641232279391
GREB1L,-3.39748338201246,0.000680087184377613,0.0198141491900524
SLC9A3R2,0.108218320553309,0.913822512601105,0.967335795070601
FAM47E,1.66599625153255,0.0957141610398189,0.346561774235915
FKBP7,0.696889587497077,0.485871894588085,0.754469386664112
SPATA13,-0.944669823873647,0.34482746748202,0.64918807631597
CDK6,2.24014006454852,0.0250818312333192,0.17143221781905
LHFPL3,NA,NA,NA
PDZD9,-0.903989104800252,0.366001178639757,0.665584814874129
WDR20,-0.516048289616075,0.605820682689971,0.827622686386806
HID1,-0.434152390924231,0.664177782798111,0.858357724841304
ALG1L2,-1.95623658104948,0.0504372910905355,0.248511855154063
KIAA0232,2.10348352028722,0.0354235243640283,0.205843434882859
TRPV1,-3.61061049266296,0.000305477129559414,0.0113703703987731
SLC4A4,-1.58684746892808,0.112547194830761,0.376931646956448
C19orf81,-0.578918418787079,0.562644221462627,0.803299108732366
COPG2,-0.422500565838612,0.67265968778901,0.863949787682094
FUT2,1.56496821604829,0.117590362055885,0.385890456327585
RARG,2.16207340382069,0.0306125186856134,0.191877387962252
CFB,-0.945123302592369,0.344595929893319,0.649075619163385
ELOVL7,-4.5255556264722,6.02370340258835e-06,0.00085074958710201
ZNF821,1.04217174904265,0.297332058453561,0.606299024065607
TNPO2,NA,NA,NA
EIF4E3,0.265671963746127,0.790491857319572,0.92130940518766
MYOCD,1.47968615946733,0.138957020933424,0.420656750870572
NABP1,-0.131382021427162,0.895473110200272,0.962670893388458
SKOR2,-0.632627199015979,0.526977121046373,0.781887738864352
PLEKHG2,-0.252932910824247,0.800320056997054,0.9250047190317
PVR,NA,NA,NA
NANOS1,1.16220826869325,0.245150876740922,0.555063465032383
NTM,0.129149280600152,0.897239528212946,0.962862909780546
TSTA3,-1.03956819689179,0.298540558845017,0.606961512883882
BRMS1,0.358075985854759,0.720286449673817,0.889367499589078
AC092835,-2.62756203412104,0.00859991597613518,0.0941753117618513
FGFR1,-1.64225149308965,0.100537895187306,0.355232329219212
TREML1,-1.07108538771052,0.284131037817205,0.594460507198339
TMEM185B,1.26506843790052,0.205846795838673,0.508709203387413
ZDHHC17,0.0360601504178865,0.97123439700715,0.989567703577914
C1orf226,2.75173290688865,0.00592808486854535,0.0766996734019326
ATP9B,2.65094971411012,0.0080265790858411,0.0906973686232634
SLC2A1,1.40682923351752,0.159478031789719,0.45114788775856
EFTUD2,NA,NA,NA
TMEM233,-1.70319581367327,0.0885314298535988,0.334890354930559
STAG3,-3.94882162176985,7.85368455337319e-05,0.00478808636642747
IFT140,0.896366028953468,0.370057304533956,0.669977954488696
TAPBP,-0.426618147509267,0.669657477553819,0.861998620169789
SELENBP1,-1.97121882310109,0.0486988517965718,0.243768482394764
RUNDC3A,-0.412637332204734,0.679872345202389,0.867193191568757
HIPK1,2.31423089532558,0.020655060107136,0.15437154715086
TTLL3,-1.66328447194894,0.096255505504306,0.34752097932825
LACTBL1,0.580416046191727,0.561634086790494,0.802896066557369
VWA5B2,-0.643555264043429,0.519863867497987,0.777425402455393
NHSL1,-0.514901771832288,0.606621662681216,0.828043227029043
CASP14,-2.28729072085269,0.0221788597425432,0.159984214047405
SLA,-1.88037266925435,0.0600573056876931,0.272594525294799
FTSJ3,2.33484466138902,0.0195515371220028,0.150133551314892
SEPTIN9,2.15600199200737,0.031083509610561,0.193067816372708
GK,1.84729597906632,0.0647042553994461,0.282604250750413
TICAM2,1.24153783659393,0.214407129725622,0.518087710971155
PPP1R14D,-1.43443906344673,0.151447006836632,0.438441986075704
NPNT,-2.25608845831969,0.0240650918086343,0.167282275718529
NFATC1,1.68987021068551,0.0910527878264346,0.338928589818262
CHEK1,1.17439298678927,0.240237653072961,0.548824098751109
ACE2,2.73051036196994,0.00632363451575393,0.0793531141127458
CYTH2,NA,NA,NA
SH3GL3,2.65589749683462,0.00790976528577382,0.0901524742342854
AARSD1,-2.56121544702818,0.0104306648994817,0.105306606293965
DOHH,-2.91043434784819,0.00360926785035869,0.0576279962031837
EEF2KMT,-4.04343579307325,5.26735855006231e-05,0.00368520011150656
EFNA4,-0.302206315170419,0.762494790376719,0.906535145219066
P4HA3,0.402505647440286,0.687311932970948,0.871965675964921
CYLD,1.099924670898,0.271364944470319,0.583422228272588
RPL36A,-0.099918750894805,0.920408829786492,0.96989179525371
PLEKHM3,0.815861393745045,0.414579414802865,0.705078783876774
CLTCL1,-2.80985772366394,0.00495634049738722,0.0697547969328365
FBXO24,-0.971699625085248,0.331200003362374,0.636196417819506
ACSF2,1.12212140938538,0.261810822095503,0.574125304342663
ATXN1L,-2.37246779818496,0.0176697033028898,0.142602648824877
GDNF,1.45508095362912,0.145646851353244,0.430641496605308
RPP21,-0.773250139630044,0.43937435777696,0.723528963138871
TVP23C,-0.0205943525036844,0.983569245561191,0.993828459408981
DOCK4,2.0063444425103,0.0448195114401918,0.232993621219188
SNX13,-0.238681572016536,0.811352507215878,0.928561163968542
POC5,-2.06684810418524,0.0387484690727411,0.215757872007098
NSUN5,-2.68517814820736,0.00724911557737536,0.0859204977296443
ABHD4,-0.0909847633664513,0.927504697908302,0.972689173823058
MYO7B,0.109145840078564,0.913086816917112,0.967230925313039
FOXI3,-1.10014761669018,0.271267809879937,0.583422228272588
TMEM51,-2.08422359175126,0.0371398337697993,0.211164642842835
SAMD7,-0.252523380878495,0.800636544232738,0.925086949970478
PAX2,NA,NA,NA
SESTD1,-1.23656455474776,0.216248785822784,0.519795077358663
NDUFA13,-2.28046431991078,0.0225801646213412,0.161491456581972
DERA,0.313056516616024,0.754237724460243,0.903033874635847
ARHGAP27,-1.70357576575353,0.0884603721534831,0.334789167038176
ATP2B1,-0.0817300475818679,0.934861383768952,0.975193292711838
PLCL1,0.034300147464427,0.972637807280529,0.989927304649641
RELN,0.702251079138815,0.482522596031235,0.752306390360023
MGAT5B,1.44083351562216,0.14963172237934,0.436026723601347
HTR3D,-2.13332689618686,0.0328979193310554,0.197990185954165
EZH1,1.66224287366457,0.0964640867922871,0.347832326319504
LRRC15,0.449548693408433,0.653035890000298,0.851287634974266
FBXO43,0.735302629199156,0.462155207327024,0.737262693246699
KIFC1,-0.856665291746598,0.391629890356662,0.688255716137909
UBAP2L,2.45303531707035,0.0141656429987642,0.127120663300074
C4A,-1.11721568846185,0.263902114251676,0.576230133011318
LARP4,-0.9107564492834,0.362423713835739,0.662576766811706
PLEKHA5,-0.6170738771792,0.537185998135102,0.788175883947167
AP4M1,0.256313693168609,0.79770862472365,0.924390210629844
LY6E,-2.1318426822132,0.0330197814986058,0.198328671703868
CREM,-2.12685908187039,0.0334317935436283,0.199390124369007
IL34,1.75428443005073,0.0793817823257689,0.315855053845977
ITPKB,-0.933265781038811,0.350682758302243,0.653938529548803
PLA2G2C,1.04650694946726,0.295327038077464,0.604494405990333
LTB,-0.788434246545098,0.430442745578528,0.716849296791279
MPST,-1.72741708306143,0.0840927847862285,0.327022687516594
PAX8,0.564107608085318,0.572680900610757,0.80904494437971
AQP12A,-0.556505673715443,0.577865216884304,0.811660987174568
POLR2H,NA,NA,NA
ABCF3,-1.25069632897836,0.211045290322337,0.514571866303832
GBE1,-2.31923875628418,0.0203820941105282,0.153080605631469
TSEN34,-1.90313857764735,0.0570224652920249,0.265845624420641
SNRK,-0.641733266668062,0.521046385539755,0.778068476114306
ACTL6A,NA,NA,NA
ALKBH2,-0.351332010162543,0.725339283016782,0.890852127423931
TMEM106C,-0.396387720445319,0.691819023468432,0.874290774599009
CYP20A1,-1.82646641611919,0.0677800355341407,0.290115873844572
NEK10,-1.86250013438467,0.0625326265206946,0.278020903789567
IRAK1,-0.896427358556234,0.370024560925753,0.669977954488696
APLN,-1.31244518497294,0.189369969588109,0.4903578133326
TSPAN14,NA,NA,NA
BOLL,-1.25088510763532,0.210976397972486,0.514571866303832
GALNT11,-0.19282429597255,0.847096575119076,0.942846142607265
FCHO2,-0.438841012761272,0.660776740617213,0.856086051692864
RNASE10,-1.78906408193823,0.0736044958685841,0.301984867754573
DNAH14,2.6778612524,0.00740939039500203,0.0871877968761831
RAD52,-0.167800160341804,0.86674049635343,0.952454944424574
GASK1A,-0.8217161438955,0.411238468884651,0.702615685899926
NIPAL2,0.123086571736654,0.902038544621006,0.964360567543989
CPS1,-3.75655335872417,0.000172269553897873,0.00767946164750636
ZNF652,0.983474790784656,0.325373816518897,0.6297164929905
GPR35,0.296099621895626,0.767154002730667,0.909774013364799
RETREG2,0.0693530759694092,0.944708578887639,0.978964473120895
PLEKHM1,-1.33168896546184,0.182962416734545,0.483801932054671
PRNP,0.353811349024716,0.723480267667883,0.890361722847064
VGLL4,0.0293329715622489,0.976599030705686,0.991692282759328
ZBTB10,-1.63674516718827,0.101683727160969,0.35702706432541
MRPL55,NA,NA,NA
RANBP1,-1.91069034363473,0.0560443864794915,0.263598745246833
PLIN1,1.49673349920493,0.134462616010118,0.414017736989588
RCBTB2,-0.224126855575323,0.822658596252865,0.933361424542268
AL354761,-0.93973594175835,0.347353024205082,0.650426070772156
HOXC4,NA,NA,NA
LBHD1,-0.0427554117688364,0.965896507716041,0.988401131274316
LCE6A,NA,NA,NA
SLC2A14,-1.6967820274563,0.0897378778373359,0.337007656530273
ORM2,-0.262177483426986,0.793184612004548,0.922186249077356
CNTNAP5,-0.78852961135422,0.430386985041116,0.716849296791279
TTC21A,-0.744399418692111,0.456634870564061,0.733333279911168
PSMD13,0.256639701545716,0.797456923799754,0.924264981312652
PGAP6,-1.63595837671177,0.101848298987804,0.357431265693642
ACBD4,-1.80130673736455,0.0716545465129451,0.297636951539419
TLK1,-0.478954338849496,0.631971112629801,0.841251408584966
RLN3,-1.14231448690179,0.253323321659293,0.564468008981899
GALNTL5,-1.60909451943718,0.107595675464636,0.367376119790188
RIMKLA,1.85493485410714,0.0636055300321534,0.280119857988874
PKMYT1,-0.954365649502585,0.339898587682436,0.644916680590081
PIGV,-0.795863000712447,0.426111668588698,0.713024917503078
MED19,-0.308480633781262,0.757716634211947,0.904648658225051
EBNA1BP2,-0.118499775938817,0.905671672620792,0.964669535353719
WRAP53,0.067080362336898,0.946517727261928,0.979593588084961
PHLDB2,1.27571079030539,0.202057772814076,0.504126970904131
TMEM225B,-2.26923833567293,0.0232538361724113,0.164518713594325
GLB1L3,-2.99230432362066,0.00276880102311902,0.0489381532881574
UBE4A,0.570994537391363,0.568003345742846,0.806382521688989
ITPRID2,-0.70798975963789,0.478951616773053,0.750276441657964
AP5M1,-1.49954802965313,0.133731518454213,0.41286020569562
C3orf84,-0.345782700936164,0.729506026791368,0.890852127423931
DHRS9,-0.656322112266533,0.511616893011468,0.772383065653278
DELE1,-1.11223483676362,0.266037193132979,0.578052345452996
DMTN,-2.85440213010768,0.00431179147367233,0.0637571357633427
TMEM191C,1.50167123461713,0.133182036325764,0.412089871612396
FAM126A,-0.688265005931269,0.491285914268814,0.758895496933595
KBTBD13,-1.19668779040535,0.231428267739496,0.537598749061291
PCED1B,-0.368925332213783,0.712183380817295,0.88513106144073
CREB1,NA,NA,NA
RNF32,-1.74182095083068,0.0815397794921,0.320725962437432
CHFR,1.827851865933,0.067571786693835,0.28976868346119
HCAR1,-2.54553871757188,0.0109109263275046,0.108692101952044
FAM229A,0.648639483165332,0.516571428705393,0.775524282793155
SDHAF3,0.936325079876491,0.349105839052874,0.652285786321344
AKIRIN1,0.498645623677816,0.61802905802095,0.834949691608984
MAMLD1,-0.240301072155164,0.810096863900815,0.928277087926297
PLCD4,-1.53563617481948,0.12462763678254,0.397790136087162
FBXO10,-2.12584853353306,0.0335158733909076,0.199496014432411
DOCK8,0.851266099656791,0.394621551929887,0.690831143817143
ZNF33A,-0.020639162034009,0.983533500326347,0.993828459408981
PET117,0.632529243755032,0.52704110561234,0.781887738864352
GAS7,2.02117104954785,0.0432620614831737,0.229717594214238
ZBED5,-0.0321065938945922,0.974387044955253,0.990577667229316
ARPC4,0.878843429548649,0.379486174897958,0.678995391316356
AMOTL1,2.04739594717514,0.0406192239886386,0.221682143207721
TMEM243,0.335029697130245,0.737602684411375,0.895097708730804
TERB1,0.228661564183136,0.819131970654003,0.931895833438049
MORF4L2,-1.3992598466308,0.161735075897919,0.454132379592969
ERN1,-0.943879807448539,0.34523107177184,0.649497504687094
CTNNA3,1.19682442168751,0.231374997277932,0.537598749061291
PCYOX1,-3.7936077536057,0.000148474155527617,0.00714567337048837
PPP1R9A,-1.09382237163453,0.274032890316458,0.586570118762367
SLC13A5,0.696575611788982,0.486068422822524,0.754686111151493
ESRP1,-1.39904644487806,0.161799055891792,0.454202221344042
PPT1,-0.294771659892609,0.768168317124087,0.91047526340229
CTSO,-3.77267380976667,0.000161507380250738,0.00732675406156359
LSM14A,-1.21870653721296,0.222955595885016,0.529201446330091
BLOC1S3,-1.48651342926784,0.137143367405737,0.418110486639011
C11orf95,-1.67521579830392,0.0938918989712193,0.343626811938018
IFT74,-0.34665110199964,0.728853449745026,0.890852127423931
CHRM4,0.826663863876875,0.408427608566243,0.700679964406904
CAPZB,2.7050089040023,0.00683025586304408,0.0836457265821087
PRKD2,-1.80356912461948,0.0712988799319831,0.297003397221419
BZW2,1.33028298089988,0.183425052459239,0.484008973767072
SYNJ1,0.758888003777045,0.447919555660444,0.727537403292472
TPRG1,-0.82123474602051,0.41151256855537,0.702845607595927
SPINK8,-0.763517787581075,0.44515465828157,0.726280454736857
NPC2,NA,NA,NA
USP19,1.11108064619416,0.266533637667831,0.57829954521698
IGF2,0.275571732844739,0.782877023190534,0.917190291840867
ODF2,1.18377963901077,0.236500304145711,0.544833368279797
KCNIP1,-1.05443005988512,0.291686065867533,0.601155320081266
PATL2,-3.29728918421783,0.000976229304733664,0.0250047072087036
RGS6,-0.942550530602392,0.345910853365193,0.649780004549154
TMCO3,-2.75713396358659,0.0058310456921641,0.0760299935288903
CLEC12A,-2.63627307988096,0.00838222435041291,0.092936298153661
PLPP2,-2.16148426575753,0.0306579510804855,0.192082486205761
PEX5,-0.235106552917425,0.814126032744176,0.930092365284678
ANKRD63,-0.977052259378962,0.32854328097022,0.63304170113757
HEMK1,-1.30786835032773,0.190917966110286,0.492649496251781
MBD3,0.514404987549006,0.606968872923979,0.828367525298218
DENND4C,0.0931750975014175,0.925764457624918,0.972380924056824
SCRN1,1.37704334729517,0.168498846447475,0.464324319386258
CKMT1A,0.722437009504954,0.470025839776429,0.743383620167598
TAAR9,-1.7172492132621,0.0859336470995433,0.329709250735873
TMEM68,-1.18357195182328,0.236582548726068,0.544922340549968
LAMP2,-2.00477579632244,0.0449870211781345,0.233379997561875
GPAT2,-2.86052102833584,0.00422945503054915,0.0628705501904391
WDR73,1.25688375103288,0.208795733209432,0.512393816216455
DLX3,1.3324146494939,0.182723970856538,0.483503167466903
DCTN2,-0.549213825554216,0.582858717508111,0.814019971815144
GSPT1,-0.446004641940919,0.655593892836616,0.852977607279117
UBE3B,1.16270908834056,0.244947552975464,0.555063465032383
XIAP,1.33189532630442,0.182894587059227,0.483707210297347
CFAP300,0.293289998114174,0.769300498033224,0.911031198673934
CLK1,-1.44469506596029,0.148543556428879,0.434363433582278
ACVR1,2.14418750155084,0.0320178661221491,0.195575583200451
RNF148,-2.70047382807077,0.00692407845789658,0.0839107246637795
C4orf45,-0.245189748669266,0.806309513551063,0.92691505961018
OPRM1,-1.18232672850866,0.237076083965974,0.545566519812907
KIF5C,2.04552207958778,0.0408034146952058,0.221726430375387
UBE2J1,0.642555941568829,0.520512279236012,0.777578248696581
CLDN4,-0.661116096231325,0.508537863458054,0.769703137864345
INTS11,1.76374452184127,0.0777750016790403,0.311719813855548
SLC22A5,-2.18279276237652,0.0290510749193815,0.186361837082032
TMEM132C,1.23970765375002,0.215083545190475,0.51847863055008
ABTB2,0.998929639353172,0.317828776964344,0.623850951745053
RPS24,NA,NA,NA
LPAR4,1.76050329825236,0.078322508773776,0.312793274997173
C4B,-0.994023222279138,0.320211561929436,0.626048450058474
SLC25A17,-1.51622028570205,0.129463660266699,0.406177533630896
ASXL2,1.29752156169677,0.19445179119126,0.496950827849585
VRK2,1.02489737006425,0.305411615678166,0.61236305375195
NT5C3B,-2.16915157263317,0.0300711783667035,0.189664293605018
PDE1A,0.144258860811643,0.885296062758203,0.958357928784565
NFE2,-1.93158279055951,0.0534110216506517,0.256417208649488
EXOSC6,0.658114938156663,0.510464277680765,0.771514791839129
MTMR10,1.08612519411331,0.277423607283908,0.589531886571837
PSMC2,NA,NA,NA
FCHSD1,-0.310041814339725,0.756529158734119,0.904125634384342
CD36,-0.931465985472878,0.351612571703809,0.654702955099552
OXNAD1,-1.72087786161615,0.0852729896328686,0.329222285716137
CHST15,1.88813277950485,0.0590081272436978,0.270221460274776
TC2N,0.0389194875057972,0.968954579556097,0.989372417306317
SLC22A23,1.05355857288876,0.292085064338705,0.60158492776847
EFCC1,-2.77837614230459,0.00546313364914348,0.0730609519520853
DNTTIP2,-2.12187412754968,0.0338483096235295,0.200594374521874
PLEKHF1,2.90265663423858,0.00370012075515723,0.0584897749497238
SFRP4,0.813327908778491,0.416030079910954,0.706251018604173
FGF13,NA,NA,NA
KYAT1,-2.18068090613919,0.0292070262713342,0.187023975005255
ZNF683,1.21298327730534,0.225136214135723,0.531022080227727
AGBL3,1.75788592280146,0.0787669215313745,0.31415300031199
MRO,0.245852393445726,0.805796497364982,0.926586262987339
ATXN1,0.382257725275103,0.702270208298949,0.879627632641004
CNGA3,-1.1434335407305,0.252858633307802,0.564097972622896
MSMP,-0.816427416714558,0.414255721180847,0.70482238893098
ZNF385C,-2.82351964975428,0.00474995141920042,0.0681683436343369
RUNX1T1,-0.955797252086851,0.339174676915226,0.644487327743354
C1GALT1,-0.382006306551612,0.702456686803733,0.879659516576114
TNIK,1.30467250657045,0.192004387179864,0.493935131938833
SESN1,0.616493289276745,0.537568999617428,0.788310502800262
TLR6,0.108129223646284,0.913893186935443,0.967342848005072
NEIL2,-1.29012761377601,0.197006353669921,0.499612349606629
TEX48,-1.4737588615427,0.140546528300903,0.422590357278801
GLYCTK,-1.75189735651794,0.0797914591973777,0.316882424039175
VPS8,-0.56226414295455,0.573936064821577,0.809607188610442
HK1,-1.94130834155486,0.0522208883538693,0.254076646749412
CASP1,-0.663622900760917,0.506931696337205,0.768524987383178
VEZT,-2.712544001897,0.00667689161364582,0.0819668448947325
AJM1,0.301733662974437,0.762855104243838,0.906809508809351
TENT4B,0.84081459518758,0.400451809359596,0.695189861348905
PTPN13,-1.96178400699034,0.0497876364335973,0.246835986828753
ERAP2,-0.199783904609605,0.841649589819884,0.941103115157831
VPS53,-1.54345158454067,0.1227212459351,0.395384089678178
GCA,-3.23267608164941,0.0012263653149693,0.0291396739619749
C16orf90,1.28766426359142,0.197862858545551,0.50043573528709
TMPRSS4,-2.31249222337706,0.0207505733776551,0.154779202805096
NKIRAS1,-0.462427215940571,0.643774985982148,0.847389591105337
NEFM,-2.11173648450249,0.034709057822696,0.203461319556471
SULT1C2,-1.28228471928842,0.199742786359455,0.501747504565174
SPECC1L,-2.74209224345837,0.0061049194722376,0.0776596059383719
BNIP5,-1.54047222964843,0.123445286900167,0.396494192483598
CDC45,-2.95782018969185,0.00309822792718786,0.0524304820108208
NELL2,-1.54318579738672,0.122785702280286,0.395384089678178
DEFB130B,-0.500301920419282,0.616862502078676,0.834036515291487
IGFL1,NA,NA,NA
APEH,-1.67300348724493,0.094326609536786,0.344148653626246
RBFOX2,1.74408006792606,0.0811451291386284,0.31992308675788
TTLL13P,0.488953452973405,0.624874651183861,0.837154763181782
HRH1,-3.47034351033368,0.000519793133308514,0.0165023399801644
ANXA11,-1.6261159879259,0.103924983522206,0.360851453661427
PDZD2,1.8942902814074,0.058186490294003,0.268821229386418
MSANTD1,1.62929253298152,0.103251106128624,0.359357603826753
DDX31,-0.719212129983302,0.472010226678409,0.744962772382676
SMIM19,-0.76051774818809,0.446945164476599,0.727278488809127
SNRPB,NA,NA,NA
C11orf68,-0.0054728308321305,0.995633334573473,0.99798967532815
GSKIP,2.15789282043882,0.0309361658343167,0.192786531170389
C4orf51,-1.12997000798946,0.258488862460767,0.569226381904169
CXCR6,-0.402488168903819,0.687324793725705,0.871965675964921
PAM,-0.45468601476362,0.649335143603976,0.849472581069499
LRCH3,-0.339094921928492,0.734538223774021,0.893028289434674
CARF,-0.758388195333044,0.448218622673708,0.727790820146198
SLC12A3,-3.77991700252666,0.000156880644888024,0.00729596142316592
BDNF,-2.12451466048622,0.0336271314714578,0.19965583477817
GPATCH4,0.501669974483502,0.615899688559622,0.833331192901156
LYRM1,0.69431467634814,0.487484889056974,0.756063065240702
S1PR5,-0.814559743059199,0.415324361735581,0.705736802066888
EGR2,0.290705019000659,0.77127693270004,0.911976782240547
ACOXL,-2.93290154320526,0.00335810365535939,0.0548623377727471
NSD1,-1.85659774576577,0.0633684049018274,0.279679712288673
TRMT2A,-2.83091747919278,0.00464146943604097,0.0669445315198715
GNA13,1.74426853354918,0.0811122758360741,0.31992308675788
DHFR,-0.604755484764081,0.545341475530277,0.792839525641657
ATP6AP1L,-1.88004045740118,0.0601025643089029,0.272594525294799
DNAJB11,1.26787692269162,0.204841906486066,0.507920762916308
METTL11B,2.19608301114556,0.0280860023434956,0.182474491579925
CDC42SE1,NA,NA,NA
SNAP91,0.114409292841668,0.908913347745812,0.966009988389142
FGF16,NA,NA,NA
UNC80,-1.49462380210496,0.135012650632155,0.41478169879104
PISD,-2.69338131678003,0.00707313226905343,0.0847654043219155
UBA2,0.599930829517249,0.548552335070016,0.794948493246843
TMEM120A,-0.75006376740242,0.45321630016849,0.731158179089397
RPS18,NA,NA,NA
DISC1,-0.380420043589859,0.703633638428117,0.880163635727942
ARL6IP4,-0.713997490402945,0.475228731282852,0.747480414919047
RABGEF1,-0.168949571455064,0.865836307216378,0.952363219641452
MTMR11,0.800869875212454,0.423206981551352,0.711186759722765
MRPL22,-0.885464746728766,0.37590602509289,0.675863633344371
CCDC188,-1.72374010499223,0.0847547715333687,0.328293580805491
TMEM125,1.68273033743862,0.0924273060403106,0.341422989215638
HERPUD1,0.38098197534216,0.703216623336474,0.880163635727942
EIF4A2,NA,NA,NA
MOGAT3,-1.07359845210564,0.283002691670957,0.593625163213252
CRACR2A,-1.62411853101378,0.104350513744475,0.361243343900323
DIXDC1,1.44877075301967,0.147401614015109,0.432698755049793
TDRKH,0.165328641458464,0.868685316385419,0.95300091130695
HTR3E,NA,NA,NA
S100A13,0.865916110825983,0.386536167407385,0.683808379100075
PSD3,-2.35100072625368,0.0187229973110375,0.147224496000684
PHACTR2,0.642933230843691,0.520267425620843,0.777578248696581
BMPR1B,-0.985585297392472,0.324336655744771,0.628542644474862
SLC18A1,-0.587495316541974,0.556871095006367,0.800361251395759
RGS7,1.793116090368,0.0729543633250124,0.300732771022255
ESR1,-0.458634302769094,0.646496799126912,0.848510435257348
EBF3,1.04975156389441,0.293832349697328,0.602945256462888
AGBL1,1.05270617269738,0.292475678736349,0.602001151874654
RFPL4B,-2.0226203158641,0.0431123079904672,0.229406055757726
LAMTOR4,NA,NA,NA
TBRG1,0.247054127317309,0.804866334520913,0.926280639565898
USP46,NA,NA,NA
FAM237A,-0.70728344675983,0.479390350272188,0.750315770613143
PRMT7,-1.58332261407725,0.113347951144543,0.378338703271484
PMS1,0.136101867640234,0.891740751104909,0.961334443622298
PAK6,2.14195202892326,0.0321973424529278,0.196116984743508
RPF2,-0.594520202483491,0.552164234143024,0.796935998276607
MICAL3,0.191427830095612,0.848190417949319,0.943205856463583
HHATL,-0.195237240293773,0.845207226438409,0.942361782937674
MRGPRF,2.14829198619093,0.0316905671211323,0.194519841728088
CNBP,NA,NA,NA
STXBP2,-1.06511929827308,0.286821947277635,0.59674090428207
KDM8,-0.304603338965492,0.760668276676792,0.905634522740067
FAT1,2.75630750249706,0.00584580106199297,0.0761566772834808
LACC1,0.71032255318139,0.477504137222881,0.748785153233597
BCL2L12,-0.454777386117487,0.649269400801192,0.849472581069499
SHISA6,0.103915055295758,0.91723675939335,0.96895334210405
TGFBI,1.92582052837276,0.0541267872813899,0.258070130696821
ABCB9,-0.317058459429473,0.751199244484278,0.901821018640483
C16orf91,-1.17222526364138,0.241106627958592,0.550060893977996
LRRC74B,-1.85062163074143,0.0642240056128784,0.281319760238208
GMNC,-4.11311785412511,3.90350974447646e-05,0.00304479978670694
FDXR,-2.01211084587323,0.044208253626953,0.231087903428058
GLT1D1,-0.157606428745285,0.874766937486148,0.954761026271959
ZNF410,-0.889453459781104,0.373759424841519,0.673934313256546
DOCK9,-1.50262783130189,0.132935042348901,0.411662778683727
CCPG1,-1.892249646288,0.0584577264563601,0.269087164851817
SLC48A1,2.04462566716497,0.040891777028113,0.221990193563006
NLE1,0.411296309395072,0.680855275438261,0.867658197176015
ITGA6,2.88190245266851,0.00395282084654893,0.0607680860966912
PAQR8,-1.01298482645523,0.311067408636964,0.617272897067987
TBC1D9,-1.01288464766403,0.311115262256489,0.617272897067987
POLG,1.46281722447434,0.143517398632805,0.426831582060192
ELP2,0.57434904299861,0.565731628040993,0.805325580534616
GCNT1,-1.85840139247812,0.0631120347000541,0.279366741502978
ZNF839,-0.807254021621839,0.4195201477832,0.708942269925108
RAF1,-2.90445508676213,0.0036789298265074,0.0582446845502479
MSLNL,0.0550134684873278,0.956127733741722,0.984087847998058
APOBEC3H,-0.790720925967033,0.429106862020551,0.715825466260577
FEZF1,0.415230164676738,0.677973418680804,0.866275988988473
CA10,NA,NA,NA
PTPRC,-0.707174958675255,0.479457758185679,0.750315770613143
DCC,-1.27733749157521,0.201483122757686,0.503575182523613
LAX1,-0.956993810512126,0.338570379085227,0.643662796419166
NRBP2,-0.19456714145884,0.845731828718457,0.942738024311671
NOL8,1.46164054585371,0.143839737404048,0.427181860185081
MEIKIN,-2.9102598928623,0.00361128324539538,0.0576279962031837
DNAJB14,0.0345319702028976,0.972452949008585,0.989820925026764
UBA52,4.64507011624579,3.39960973101293e-06,0.000546541513351781
MYO1A,-0.753274260647036,0.451285122724868,0.72994689770672
CLNK,0.917129953217099,0.359074546804739,0.660426030562571
WASHC1,-1.47889330294764,0.139168833527976,0.420792199334688
OXR1,0.274795169359112,0.78347360957873,0.917250071106218
A3GALT2,-0.0603001964233638,0.951916545509157,0.982070100746476
RPSA,NA,NA,NA
METTL6,-1.16430532316589,0.244300300089881,0.554584067141096
CISH,-0.628209062270368,0.52986699447253,0.784188622120153
RBM6,-1.78279788399222,0.0746192103503032,0.304357761623153
ZNF516,2.63634075432343,0.00838055261849596,0.092936298153661
ZNF276,0.599054218833278,0.549136729389426,0.795413999284291
FAM131B,-0.0853665589836705,0.931969978151547,0.97424723280197
CCDC141,-0.749102379327215,0.453795501065836,0.731397927204159
CROCC2,-0.290742568969979,0.771248211915913,0.911976782240547
NECAP2,-2.99321434215301,0.00276055797927599,0.0488605886833161
RMND1,-0.369661246980264,0.71163490994906,0.884757446248474
DDC,-0.136567424738856,0.891372726491331,0.9611714043247
RECQL,-0.458202913642413,0.646806666804531,0.848631910813516
TAMM41,-1.93060287898791,0.0535321815702822,0.256574160447226
TDRD5,1.08260404423804,0.278984211446368,0.590974124387093
ADIPOQ,-1.75259692857019,0.0796712188710434,0.316750668889956
SH2D5,0.816303663341916,0.414326479700926,0.704863420155398
AP1M1,NA,NA,NA
TMEM238,-2.39323800832638,0.0167004036666933,0.138440208563395
ZFAND2B,1.17202871379459,0.241185528167964,0.550157841762154
POM121L2,2.1340717902459,0.0328369046632244,0.197701714450457
CCDC122,-1.07934184597035,0.280435364937662,0.592221804770536
KIAA0040,0.860857868858412,0.389316328337472,0.686508041929009
DTNA,1.18427132865038,0.236305674561906,0.544778490904129
OGDH,1.44177115412346,0.149366942997414,0.435762134939494
RIF1,-2.55876869905526,0.0105043606685047,0.105771666470747
INTS2,-1.40874248319155,0.158911327994086,0.450641394003871
RELL2,0.348168811362746,0.727713409089857,0.890852127423931
KCNK2,1.56631209006135,0.117275571980746,0.385192011252561
GPR146,-0.408435927774503,0.682953661056423,0.869266042776439
SLC13A2,-4.86805604077046,1.12701374114479e-06,0.000283879254627175
RNF224,-3.33584967930918,0.00085039132097142,0.0228377374978549
RPP14,0.324297954421794,0.7457124682099,0.898810254879213
PATE3,-2.18404317213972,0.0289590758492212,0.186146131107372
SHANK3,0.680913861456411,0.495925996631136,0.761706846334965
CLDN34,1.03725301295684,0.29961795752983,0.608012171885993
MTMR1,3.27669214557955,0.00105030820296955,0.0262569008191128
GRB7,-0.725310931343333,0.46826130104866,0.741835075107176
ADAM8,0.754541567202461,0.450524095485074,0.729294462002246
CLDN9,-0.32098307076897,0.748223220217304,0.900394115617448
JMJD6,0.616636783353916,0.537474326869595,0.788310502800262
MSR1,-3.79403001239192,0.000148221746340028,0.00714567337048837
BANF1,NA,NA,NA
CCDC81,0.965357689191501,0.334365686050353,0.638480445740831
MXRA8,-0.316583097693093,0.751559962668556,0.901895827511095
FAM133B,-0.785101545297319,0.432394033780162,0.718374960255695
CCDC124,0.349629277649779,0.726616935659695,0.890852127423931
BCAP29,-0.035284771167665,0.971852666617417,0.989732293141209
MAMDC4,-1.65461539835069,0.0980025379860388,0.35028819630914
CARNS1,2.41506843454553,0.0157322535289443,0.134187593833461
VPS52,-0.583744731634769,0.559392067302764,0.801282741334537
CHRM2,3.12694429719825,0.00176633390090406,0.0369195545096296
UGP2,1.41913981938628,0.155858256910222,0.445747535659968
STPG4,-0.411576487986727,0.68064986791653,0.867502808801097
INPP5D,-1.3225103454085,0.185998266712591,0.486995412524685
MAPKAPK3,2.46047450659355,0.013875342933047,0.126163767992904
SERPINI1,-1.38020996158934,0.167522007741228,0.462814000180153
DCTN4,0.622992245691166,0.533289617530792,0.785791019903016
ZDHHC13,-2.78163820903181,0.00540852960649959,0.0725420061521854
DCT,-1.24508581864652,0.213100206372876,0.516996358758533
ZNF300,-0.557442093835351,0.577225412237505,0.811142870534981
MUSTN1,1.5217256204804,0.12807784519774,0.403652220360428
ANKUB1,-0.023795745435202,0.981015533740817,0.993415382346864
FNBP1,-2.94260567915288,0.00325462680632649,0.0540482640628637
DCAF11,-1.1122410669292,0.266034515120446,0.578052345452996
SMG1,-0.531840609873623,0.594836393707818,0.821107965632236
CAMSAP3,0.512825569652219,0.608073341842848,0.828752195339928
FKBP15,-1.30939981258552,0.190398954932845,0.49206906901883
PRRT4,-0.604992953584697,0.545183678660969,0.792839525641657
IFTAP,-0.562708858177641,0.573633151335796,0.809550898202064
PRPSAP1,0.157759322964066,0.874646452758487,0.954761026271959
TAS2R39,-2.49844769274513,0.0124738549754193,0.118110837336176
IL5RA,0.21739370583478,0.82790153593353,0.935197176440346
MOGAT1,-2.70073562163388,0.00691863109297296,0.0839107246637795
CNTN6,-0.131755130680062,0.895177977591521,0.962670893388458
TBC1D5,-1.65687483564847,0.0975447829663333,0.34989834572314
LRRC34,-2.17328871752921,0.0297585941184494,0.188875209709369
SLC4A10,0.278206826090576,0.780853595170974,0.916381279405925
CDK12,-1.995780075557,0.045957866471664,0.235891249751705
HYAL2,-0.569212323958843,0.569212058178644,0.80679422573125
PIK3R5,1.14321090834919,0.252951034297563,0.564162991484495
TMEM176B,1.54451027060212,0.122464765082479,0.395037914666719
SENP6,-1.39577593147795,0.162781980392492,0.455666540862226
SERPINE2,-0.509907381472453,0.610116350363468,0.829666002581906
C7orf25,0.977797171082559,0.328174650464798,0.632573382375514
CCDC173,0.807071550688214,0.419625261592128,0.708942269925108
PACS2,2.5052387671084,0.0122368755285636,0.116671080749308
PTX4,-0.754259271078698,0.450693553509726,0.729294462002246
GSG1L,1.01844571584379,0.308466185949593,0.615051697767397
PROM1,-4.933072266883,8.09461887298481e-07,0.000230803547940654
CYB561A3,-0.208797250773894,0.834606517601696,0.938066981056048
CHD9,1.11062738147548,0.266728771697108,0.578351976419913
SS18L2,NA,NA,NA
TTC39A,-2.59920604038681,0.0093439669805282,0.0988145759340393
TECPR1,-0.399651779738732,0.689413012886129,0.873319982871012
PNCK,-1.35097748503116,0.176702645107749,0.475145602843121
GDI1,0.585887558379259,0.557951078673994,0.800584570919236
GPR141,-0.0488264336047239,0.961057616323086,0.986471874086206
KASH5,-1.7071395052421,0.0877961258528682,0.333056743963769
OSBPL9,1.62237982643033,0.104722045941433,0.361845407894013
OTUD4,-0.881325452754666,0.378141693562926,0.67813737662287
PNPT1,0.450463323134798,0.652376394447691,0.850769077743658
GRIA1,0.0466375273153001,0.96280212208589,0.98703916750708
CALCOCO2,0.105299625298532,0.916138060292164,0.968557145439435
TAF1D,-0.327281508238949,0.74345497728261,0.898232460560826
SHC1,1.46695149160352,0.142389251649441,0.425254223503233
WWC2,2.1543027823842,0.0312164348252088,0.193416467026878
SMARCD2,0.433073666903799,0.664961252693364,0.858879867581378
LRRC69,0.458912632817713,0.646296906624886,0.848446530388676
CDK3,-0.505090076360743,0.613495571046581,0.831940512352471
SLC22A14,0.743968516758818,0.456895522069327,0.733642328611799
ARSG,-1.13091547039421,0.258090671221949,0.568769005044112
TBC1D14,1.10455787643792,0.269351212108314,0.580805934239533
KAT8,-0.240389927028672,0.810027986365889,0.928277087926297
CHTF8,1.112525398159,0.265912316191641,0.578052345452996
WDR27,0.831326243974447,0.405789352724929,0.698597482157568
MOGS,-1.66289392122696,0.0963336714183972,0.347652307263535
IFNE,0.29340538205596,0.769212312105121,0.911031198673934
CLMP,0.361355478111134,0.717833725869632,0.888676228481764
BBIP1,-1.92534589999565,0.0541860989138245,0.258070130696821
WBP1L,-0.470920224030836,0.637697705156295,0.844437798117726
CHCHD3,0.352963905141384,0.724115500652422,0.890361722847064
TESPA1,-0.342779245126774,0.731764541037794,0.892168273026474
ASCL5,-0.680379736911336,0.496264047928257,0.761823005859948
SKIDA1,1.42462259898878,0.154266323848782,0.443292011029242
BBC3,0.123036892397865,0.902077883986357,0.964360567543989
C3orf18,-0.885215385487069,0.376040475813911,0.67587103597762
PMEL,0.149094438186166,0.881479114524344,0.957376124024285
TNF,-2.87046147719968,0.00409873135710393,0.062064156581718
NAPRT,1.46911834005853,0.141800694117463,0.424584478578061
CFAP97D1,1.14054535429241,0.254059168653857,0.565216865171363
FAM200A,NA,NA,NA
CLEC18A,-1.12482369012851,0.260663753571598,0.57207398452972
C11orf94,1.87291804787383,0.0610797025597064,0.274926169915037
B3GNT9,0.22279566123726,0.823694544976466,0.93356558952038
LPIN1,2.06753031981907,0.038684210259963,0.215638430633921
PTH1R,0.979774187450259,0.327197596349514,0.631495539723352
TMEM120B,0.455831647722233,0.64851104443957,0.849472581069499
EOMES,-1.88017616403125,0.0600840730072021,0.272594525294799
MST1,-1.65896193748671,0.097123462402238,0.349126965704715
PLEKHA8,1.9671586592315,0.0491649223796773,0.245208022112767
IMPA1,-2.12994136350411,0.0331764546435611,0.198716838118706
TRIM10,1.04082402762756,0.297957226403046,0.606809278523269
ACOD1,-3.1020392386433,0.00192192481335448,0.0385712188305616
QPRT,1.5918804648776,0.111411565729713,0.374875464697282
RAPGEF3,-0.0766307892961297,0.938917264646295,0.976321873127672
NBEAL1,-2.07394577993989,0.0380843466872423,0.213872406963064
CHID1,0.915082967464992,0.36014807590116,0.660825367049336
KDM1B,0.453737968825738,0.65001743532488,0.849584858890212
ILF3,-1.22895391802474,0.219089084094085,0.523292909566906
ZBTB43,0.335688997451835,0.73710540361994,0.894800456047089
ITIH3,-2.2078313131501,0.0272560343755931,0.17986602248208
ARL13A,-2.14700316421534,0.0317930297080897,0.194753248864472
NBEAL2,2.86463209178362,0.00417493989100177,0.0626829296745496
WEE1,-2.64463522068747,0.00817790244093894,0.0914086255084831
TRIM32,-1.56972714651094,0.116478602889798,0.383491208468547
CDH17,-1.64686985953194,0.0995847982744852,0.353434821870366
LSM5,NA,NA,NA
BTBD19,0.0584289333810359,0.9534069686291,0.982802599585468
COMMD5,-0.529986249065483,0.596121464834765,0.82210004296644
LANCL1,0.240072131679146,0.810274338213849,0.928277087926297
MINDY2,-1.95867211655214,0.0501511979243423,0.247874276422826
RAB11FIP3,-0.951781625958309,0.341207742353721,0.645671350168974
TCEA3,-1.41773048711519,0.156269465619354,0.446416666245686
GJE1,0.965010676871679,0.334539464059739,0.638650881868466
CDK15,0.465560694073316,0.641529983238523,0.846663371519188
FETUB,0.207260816537348,0.835806173560495,0.938527485127523
REPS1,-0.906110999760784,0.364877103776471,0.66458030520309
ADCYAP1,0.686005854402033,0.492709416647378,0.759459539473108
EFCAB3,1.36390309094944,0.172598067895266,0.46987966168857
ELAPOR2,-0.99039670232044,0.321980256658939,0.627732956864737
ATCAY,-2.40559404129473,0.0161461957035038,0.136083100898588
STRC,-1.08040839386521,0.279960359636998,0.591890411192192
SMIM34A,-3.28346679352201,0.00102538724022972,0.0257831147659758
USP40,1.08764681438825,0.276751055515079,0.58929072704558
SEMA5B,0.496258133974474,0.61971230013483,0.835486074792877
POLDIP3,1.14003907206218,0.254270023458273,0.565216865171363
LRRN3,1.33249396697169,0.182697922624157,0.483503167466903
TK2,-0.841891418122895,0.399848734429908,0.694483427886832
ZNF219,1.02340546733647,0.306116175449859,0.612618051755695
TEX22,1.34077451299626,0.179993673569139,0.479604062687145
EIF2B4,0.533736081798012,0.593524141801884,0.820482899531516
CCN1,0.00897642520308235,0.992837945101261,0.99761534496465
TMEM151B,1.18710225026635,0.2351872908602,0.54286701381997
B3GALT4,-0.763079645235642,0.445415898412425,0.726339525965732
ZNF692,-2.47339048388797,0.0133837817552544,0.123041344966743
PPM1N,-0.106759923770476,0.914979441903945,0.967880906506346
DCUN1D4,0.412286589353778,0.680129376933637,0.867193191568757
NOL7,-0.834204870819088,0.404165546857021,0.69726426191611
ARFIP1,-0.457102280815471,0.647597530985986,0.849227168366906
INTS12,-0.665015840709323,0.506040361325191,0.768185026654574
PPP6C,0.5652465264877,0.571906094485916,0.80848905389481
MTFR2,-1.07518959638856,0.28228985229553,0.59342001929259
ASB15,0.983557634770341,0.325333064078483,0.6297164929905
TMEM159,-1.47910732473376,0.139111632864382,0.420703421222041
SOX5,0.442249308383034,0.658308808534012,0.854963279638162
PENK,-0.395465494134668,0.692499382283329,0.874638584627302
NEURL3,0.322100562763182,0.747376511959793,0.899948513843537
OSGIN2,-0.132027119254303,0.894962841444677,0.962670893388458
PPP1R3E,-1.68887097273185,0.0912441590591761,0.339041488001541
SRSF12,-0.257546784060539,0.796756704501559,0.92399565025152
DSE,1.43913691307434,0.150111735335933,0.436873375466243
MAPK9,0.910397779680389,0.362612768262254,0.662654394814349
ZBED9,2.91034056879347,0.00361035110775023,0.0576279962031837
FAM25G,-0.724359457507986,0.468845083143514,0.742604223505375
GLI2,-0.820484076961732,0.411940202876379,0.703178622598875
DYTN,-1.78102061389287,0.0749090832244591,0.30526957203757
TMPRSS7,-2.69614915133381,0.0070146249793544,0.084331752337314
NCOA2,-1.63626314927151,0.101784525010231,0.357297965610828
TGM7,-2.08777672706003,0.0368179798568725,0.210395982092904
MYBPC1,-1.06530813293542,0.286736513602344,0.59674090428207
DDX46,2.99849114174914,0.00271320043532382,0.0484020042134798
SLC35A2,0.192544862326494,0.847315430211593,0.942846142607265
KCNMB2,1.8466534889964,0.0647973766316217,0.282929198398459
ZC3H18,1.40531438608884,0.159927812331712,0.45124656040429
SLFN12,NA,NA,NA
BZW1,0.330812816352876,0.74078587941149,0.896965418569161
WT1,-1.95890292637962,0.0501241562683854,0.247865264897853
CCM2L,-1.67710180196038,0.0935225765045479,0.343120460339094
RAPH1,-0.989192747855331,0.322568845956464,0.628021144815508
PIGG,0.824023327036573,0.409926303633836,0.701722507987599
SLC4A8,-1.52006354654997,0.128495005300945,0.404629406148757
CLDN25,0.0952131513765305,0.92414552415745,0.971593652502253
FASTKD1,-1.26042224495748,0.207517081131382,0.511248472458012
TRIM26,2.60661040216952,0.00914433396249853,0.0977546146863523
URGCP,3.10799410057235,0.00188361828053902,0.037990424788917
UNC5C,0.246251075142038,0.805487880293332,0.926513384608984
TMEM67,-2.3395451320873,0.0193072386572203,0.149440250461255
RAB34,-1.46870752283935,0.141912136136698,0.424584478578061
TRA2B,-3.5894207687829,0.000331413538647572,0.0120392341251012
MARCHF8,-3.4668817681023,0.000526533434502102,0.0166463875778154
CEP170B,1.43316625240779,0.151810331504958,0.439073249703909
TENT2,-2.96103082752918,0.0030661124776407,0.0519451701368905
HEPACAM2,-1.71737601707273,0.0859104907636113,0.329709250735873
TCF3,-2.62280444487015,0.00872093128320823,0.0950870949147495
MECP2,0.856014523187782,0.391989746261389,0.688647877877482
SLC12A5,0.448054135525165,0.65411412737894,0.85184387274476
ATXN7L3,1.12658933166669,0.259916151767493,0.571074859771788
C2CD4D,0.47799013059762,0.632657229568643,0.84134620041098
BTNL2,-3.63854428348205,0.000274183486638788,0.0105700531889933
FGF12,NA,NA,NA
DGKZ,-0.94024307875551,0.347092889476186,0.650426070772156
TNRC6B,0.322422813658125,0.747132403468085,0.89979796630616
SLC39A5,0.37124317365119,0.710456419129452,0.884337238254252
GTSE1,1.93490013990017,0.0530025510377088,0.255977989608032
PRMT1,NA,NA,NA
SLC4A7,-2.43526622038507,0.0148808368860759,0.130888653098597
RFC5,1.66574245874836,0.0957647213265884,0.346564297145679
CNOT10,-0.915354252757638,0.360005686281278,0.660825367049336
TMEM169,-0.8870195788995,0.375068359530861,0.675087309341397
GAS2,-0.266320121144473,0.789992678069749,0.921004894001419
USP41,1.43731691461836,0.150627964817676,0.437579739393448
HS3ST6,-0.989288400656856,0.322522057562719,0.628021144815508
MALRD1,-1.45061651092491,0.146886675115901,0.432530896801502
LTA,-1.52912387162795,0.12623373849842,0.399941936051492
GABRR1,3.93339282131185,8.37551937505241e-05,0.00495592327124257
NAALADL2,0.870033474747965,0.384282110896863,0.682179766410661
GPR42,-0.840646608474532,0.400545939619047,0.695214748748025
EPS15L1,-3.19153193925431,0.00141520463251012,0.0321119705803198
COG6,1.47859792951964,0.139247806428819,0.420828134583651
CHTF18,-0.568625168349883,0.569610540942365,0.806885529422452
TARS1,-0.515405824090722,0.606269463499797,0.827951207014232
SACS,-0.0257748224342344,0.979436943962645,0.993039322184737
ANAPC7,-1.74517562829105,0.0809543022174143,0.319838278460017
SLC23A3,-0.309582978630491,0.756878101876442,0.904328105278052
PPP2R2D,0.360135371252069,0.718745902537403,0.88870070238458
RUSC2,0.0759596448588553,0.939451204136956,0.976341833224516
PRSS48,-2.08620385295597,0.0369601613869855,0.210850116602539
CLEC2A,NA,NA,NA
IFFO2,-0.910651258323247,0.36247915349779,0.662576766811706
GTF2IRD1,-3.16421681350475,0.00155500907355222,0.0343055432401768
GLRA1,1.25824834845034,0.208301954608934,0.51201738507417
TMEM232,-2.90475462465489,0.00367541115002054,0.0582446845502479
NDUFS1,-1.20978269098055,0.226362289735351,0.532648647869751
SLC30A8,-1.11439033847266,0.265111766346493,0.577120284216105
TANGO2,-2.50663193575108,0.0121887559509934,0.116506312417086
TRRAP,-1.65168139915654,0.0985995165095984,0.351589403844514
DEPDC1,-0.972989264295231,0.330558637822067,0.635547345390214
CATSPER4,-1.05229389707533,0.292664730828633,0.602165580316525
TM2D2,-2.25221921597545,0.0243084222650837,0.168123055958785
CAND2,2.61742642936635,0.00885955843710675,0.0961716441526801
GH2,0.35468070035462,0.722828811032893,0.890249115171338
CAPN5,-0.146338358016049,0.883654286460797,0.958356576184819
SYTL5,0.873727720335393,0.382266551072754,0.681360973660518
PAPSS2,-2.95088900160632,0.00316860764321248,0.0531453925685094
GOLGA3,1.96123980898963,0.0498510550436569,0.246835986828753
STK11IP,1.51809820698555,0.128989643121154,0.405426681956505
TMED7,0.134599873024311,0.892928242006119,0.961859832717689
TSGA13,1.23822624556022,0.215632182474921,0.519138687519677
BHMG1,-0.99048198675837,0.321938589402698,0.627732956864737
PDCD6IP,-0.436232087265948,0.662668349543525,0.857310512653175
GRID2IP,0.159059917989352,0.873621666926637,0.954396778037688
SATB2,1.45277416132691,0.146286468281705,0.431689339713558
MUC1,NA,NA,NA
DHX57,0.723388116074712,0.469441470293137,0.742925908374687
CAPNS2,0.195098631983299,0.84531573351903,0.942413232382115
TMX1,-0.990947963201487,0.321710990325453,0.627656523345997
TMED4,0.910011205672573,0.362816600210002,0.662744404976859
FGFR2,2.01576865917236,0.043824172239666,0.230356556561983
CEP44,-0.144976383002071,0.884729518403945,0.958356576184819
MYO16,-2.93596137837196,0.00332515719127003,0.0545600168018162
MAPKBP1,-0.591804082603782,0.553981789034305,0.798528500179933
SAMD3,0.152478968840486,0.878809176906254,0.956330689235063
TEX264,-1.15999236039888,0.246051916524881,0.556113478286009
DHX30,-0.942540790503231,0.345915837519716,0.649780004549154
IGF2BP2,-0.371455074557016,0.710298611414202,0.884337238254252
NLGN1,-0.22189139976869,0.824398425651362,0.933696245855009
PLS1,-0.737517745179687,0.460807555978616,0.736296289063549
SMARCAD1,-1.34072360798779,0.180010206694116,0.479604062687145
BCKDHA,-2.21815358636128,0.026544362151873,0.177181272455435
MID1IP1,1.28390662166663,0.19917463008316,0.501424580939249
OSR2,-0.13634235953301,0.891550638454762,0.961198062947018
TBL1XR1,NA,NA,NA
SNX27,2.80811464279958,0.00498324832595498,0.0698042294350176
CNEP1R1,0.905682641409938,0.365103852902537,0.664757531094068
SULF1,-2.10096451372236,0.0356440814434657,0.206552732935115
LMNTD1,-0.570731519088308,0.568181649744862,0.806382521688989
CDKN2AIPNL,-0.543005227389198,0.58712620329414,0.816925123016325
JAK3,-0.997541903700982,0.318501544590829,0.624378333121685
NOSTRIN,0.326668630066195,0.743918529233324,0.898239291794855
CFAP97,-1.1621547294546,0.245172619712226,0.555063465032383
CLSTN2,1.07688765020877,0.281530461012093,0.59304269958388
LRRD1,-0.450312850964953,0.652484874041656,0.850837122833507
TRAPPC2,NA,NA,NA
TMEM64,0.520402853784462,0.602782821454004,0.825670951394704
LMOD2,0.479268057783366,0.631747942957607,0.841251408584966
UBE2L3,-2.3471928661228,0.0189154607413087,0.147650022067488
EXD1,-0.349646304197636,0.726604155945062,0.890852127423931
BCAP31,1.15981432761356,0.246124409414629,0.556113478286009
SCFD1,2.32522012427406,0.0200601928060977,0.151954703601879
CD28,0.215499886322534,0.829377600682215,0.936134643237734
MYO7A,0.393273612526111,0.694117405492584,0.875824813637471
DDX39B,NA,NA,NA
ARMH1,0.613677126302256,0.539428706428024,0.789643371529952
TSC22D1,0.363452923355306,0.71626657358723,0.888277933662779
PRICKLE4,0.824828999964098,0.409468679923992,0.701574908277934
ZNF575,-0.829295265005323,0.406937349566986,0.70000750518008
CDS2,0.027746950254267,0.977863977214943,0.992156414071343
SHROOM4,0.981534690744518,0.326329135863571,0.630705448416714
BAP1,-0.0159795016303687,0.987250744937415,0.995883669814713
DRD3,-3.94676232767596,7.92151215412235e-05,0.00479655562482879
EHMT1,0.393255763390147,0.694130587267556,0.875824813637471
KCNIP2,1.16300117533119,0.244829025559662,0.555063465032383
RNF112,1.29285933511268,0.196059714142831,0.498635911673226
HTD2,-0.826650957925856,0.408434925679849,0.700679964406904
POR,-1.929713579824,0.0536423364131203,0.256736793825051
C3orf14,-2.44824905185683,0.01435523900938,0.128288806569929
TFR2,-0.0328696462421015,0.973778538500169,0.990225507961413
TKT,1.55631666240114,0.119632811162486,0.390052004808519
RPS27L,0.209379567120884,0.83415194233461,0.938066981056048
YIPF6,-0.0107077428785672,0.991456620534397,0.997144752864687
BORCS8,-0.0126812773394925,0.989882075785604,0.996874445506601
ADCY5,0.752676374330301,0.451644410387615,0.730207588507289
CGGBP1,NA,NA,NA
CYP2E1,-0.656095700426965,0.511762550692993,0.772448628253348
PRAP1,-0.652120254619359,0.51432359867358,0.773917975022915
ARL6,-0.262437890973603,0.792983863305144,0.922186249077356
PLCD1,-1.33044314079553,0.183372308546078,0.484008973767072
LYRM4,NA,NA,NA
ROBO1,0.474733300715364,0.634977079171272,0.842695496657264
PIGP,0.87279440581558,0.38277514934024,0.681491288504913
GPR156,-1.77742570955907,0.0754982238703732,0.306524422160088
PARP15,-2.74944403838385,0.00596964554652657,0.0769876333981051
B3GNT10,-2.03228423804684,0.0421248892042274,0.226303350748057
RAB9A,1.31240639121229,0.189383051589533,0.4903578133326
ZC3HAV1,-0.660104598980033,0.509186707606499,0.770330315882411
NAA10,0.39687841519709,0.69145712199885,0.874198948184274
TTC26,0.104093772183814,0.917094933087624,0.968899512641231
PGAP2,-0.587478233116423,0.556882565145022,0.800361251395759
MRPS22,-1.24617300109623,0.212700888776482,0.516442132260637
ANP32A,2.5917053864126,0.00955015168824754,0.100263667053788
CCNJ,1.15555530238584,0.247863099757614,0.558477286944546
CNIH4,0.290588207040525,0.771366280479002,0.911976782240547
RTL9,0.338679301855233,0.73485133483694,0.893130234201736
MINDY4B,-0.691367220481071,0.489334798243552,0.757511521312903
STIM2,-0.253769912320527,0.799673319163434,0.924942110001555
RAB42,-1.41480861108535,0.157124618663766,0.447948747306987
CDNF,-0.976727236186096,0.328704207576582,0.633109608067462
SSBP1,-0.345622280051202,0.729626599677338,0.890855390993289
TBC1D2,-0.62396570506046,0.532650107891507,0.785619314713506
WWTR1,0.779186620818939,0.435869790191234,0.720742342638136
RASA4B,-0.765509211251665,0.443968383538906,0.72579513327996
DNAJC24,-0.192479776159285,0.847366408008951,0.942846142607265
PCCB,-2.55872189278952,0.0105057749717173,0.105771666470747
MLF1,-1.76632702104848,0.0773410008293319,0.310432192439008
CPA5,0.225934778321416,0.821252147916949,0.932509013398522
RWDD1,-0.41770875039963,0.676160073771966,0.865641802623303
SRPRB,1.07134559082315,0.284014067539714,0.594376074762667
CREG1,0.726894034059682,0.467290872152063,0.741061533346918
MALSU1,-0.512121443514322,0.608566017764378,0.828825672355378
CMC1,-0.298629486872227,0.765222764248845,0.908480352999335
HELZ2,1.27709126303389,0.201570029055409,0.503575182523613
PEX5L,0.313018025797275,0.754266967226028,0.903033874635847
GPR143,0.95885548010433,0.33763155528378,0.642673725123215
SSR3,0.584837648326034,0.558656886997618,0.800912899754103
CALML4,-1.72792087899971,0.0840024104879369,0.327007838045776
BRD9,-0.922575767724166,0.356228328655138,0.657768215663298
RAB23,-1.1405826063841,0.254043658829588,0.565216865171363
HBP1,0.133357826086241,0.89391039733537,0.962300464776472
KIF12,-1.51498729726688,0.129775621031741,0.406546171032038
KLF8,3.53070620833163,0.000414451815358534,0.0142184765577611
DBNL,2.15711553786537,0.0309966632443339,0.192878392398488
ZBTB8OS,0.581931859797394,0.560612579440659,0.802118661286427
PPIA,2.79940687776362,0.00511965812221548,0.0706794603704636
ARMC8,-0.678859640355612,0.497226800332813,0.762759356805097
EIF1,NA,NA,NA
PUS7,-0.247270795186909,0.804698659177412,0.926280639565898
BPNT1,-1.13389743234799,0.256837574300989,0.567311286137708
SLC12A8,-1.97138766836927,0.048679550483467,0.243752606662078
KLHL13,1.25489789478504,0.209515828334839,0.513358804309593
HFE,0.904484077811503,0.365738773412631,0.665267735172326
KLC3,-1.57492310133531,0.11527419561203,0.381758598849144
GOLIM4,-0.717194408424155,0.473254148976552,0.74606892336049
LRRC75A,-0.185447991733774,0.852877669207631,0.945508474164112
C1orf52,-0.121897679390558,0.902980053501159,0.96447714218272
SELENOT,1.27615116942961,0.201902086259319,0.504045860376088
ABI3BP,1.4516735070333,0.146592409126431,0.43200165497633
MFN1,-0.553267467000802,0.580080274656525,0.812191846711134
SLC45A1,0.160895756702999,0.872175504424263,0.953782200076667
MYSM1,-1.76785876227445,0.0770845182784725,0.309731784159605
TAF6,-2.01636126930079,0.0437622123987073,0.230356556561983
C16orf89,-1.70908971511767,0.0874343324043574,0.332320832820586
NMD3,-0.0797101449275374,0.936467790644847,0.97548081426295
TMEM44,-2.74684860826203,0.00601709020330612,0.0772559618966543
COMMD2,-0.586073127925384,0.557826373556705,0.800584570919236
U2SURP,0.730154127611488,0.465295978656545,0.739540684629544
UBN2,0.674183357557505,0.500194748924705,0.764920364880605
WNT5A,0.0794122553911312,0.9367047210351,0.975546712150945
IDH3B,1.16218387719041,0.245160782275199,0.555063465032383
MED12L,-1.58821098578442,0.112238637764495,0.376708361768626
FAM107A,-2.94690684168142,0.00320969883973316,0.0535878996073023
SSR1,-0.0785139065941955,0.937419268508538,0.975907962641294
ATPAF2,-0.839397928005075,0.401246046192301,0.695450194983146
PARP14,-1.29241128220784,0.196214751631334,0.498771627695999
NSUN4,0.2005772005772,0.841029187064506,0.941021608073466
LMF2,0.544474095591343,0.586115269605492,0.816289006674781
PTPRG,-2.44923628783761,0.0143159498900589,0.128013393336432
SPATA6L,0.849073516380181,0.39584038593427,0.691655649170995
ZNF398,-2.07176509617124,0.038287353234086,0.214613680294328
VAPB,0.361072727504669,0.718045080215728,0.888676228481764
PURG,-0.663279489857767,0.507151569885114,0.768636498255325
SUPT20H,0.32931861641682,0.741914874324786,0.897304328194971
TMEM14B,-0.958308064866751,0.337907438258611,0.64288772591768
NSFL1C,0.511687829620743,0.608869505122228,0.829014862727013
NDUFB2,-0.94903348351808,0.342603582604185,0.647178167539305
SMIM29,2.30163194929766,0.0213559368058026,0.157046674943693
MRPS14,-1.31447531004675,0.188686301503214,0.489819036562703
CCDC39,-1.77972358812187,0.0751212081652096,0.305631308036405
MRPL47,-0.06942098129331,0.944654528549141,0.978964473120895
ALG2,0.846429383803189,0.397313252237121,0.69288971103898
TRPC1,0.231444528830626,0.816969475067133,0.931226731485643
CAMKV,-0.889768506082345,0.373590200650123,0.673871462428344
ST6GALNAC5,0.391063393196133,0.695750378301315,0.876227194544616
FAM162A,-1.14374902943835,0.252727733654408,0.563972461752128
TAFA1,NA,NA,NA
DCUN1D2,-0.614857897519572,0.538648569540543,0.789071072401772
AL353579,-2.72058977030307,0.00651655753978292,0.0809853762674338
SYNPR,1.5904768859492,0.111727351681279,0.375688891124716
ADPRH,-0.562011710229037,0.574108040644217,0.809774193598601
SEPHS2,-3.04506322718284,0.00232631398813677,0.0435245911801793
DUSP13,0.56579123646778,0.57153570454588,0.808299684117066
GLT8D1,-0.388023220730967,0.697998849622389,0.877616089522756
RPL23,-4.41084597788586,1.02967542262264e-05,0.00119695807589795
NISCH,0.980091515195215,0.327040947043663,0.631428969503332
GPBAR1,-1.55134214154196,0.120819712813059,0.391724415368149
CALU,0.754851141446692,0.450338304315302,0.729294462002246
GSTK1,-3.75776668941279,0.000171436612324317,0.00766494108119844
C21orf62,2.66708272285636,0.00765128365293307,0.0888763949847175
AZI2,-1.84164299188242,0.0655273880721147,0.284965145045047
TCAF1,0.980116248894635,0.327028739263091,0.631428969503332
OARD1,-0.345345810774977,0.729834410618531,0.890992181965223
JAM2,1.57194118900237,0.115964191013135,0.382631190958623
LIMS3,0.196083716568636,0.844544641153787,0.942361782937674
ASB11,-0.471678772050806,0.637156091396995,0.844104747364897
CST7,-2.60076172273847,0.00930170361381377,0.0987130231825518
RSRC1,-0.188980734500589,0.850107916353996,0.944210656503896
DDI2,0.37147453971353,0.710284115865478,0.884337238254252
TIGIT,0.41000980162925,0.681798757443351,0.868234837994769
STK26,0.1942156938713,0.84600699490231,0.942743053726061
PPP2CA,NA,NA,NA
BTBD9,-2.4544282170919,0.0141108834116754,0.126880589152557
RAMP3,-0.72727353492234,0.467058407053589,0.740939181964502
FSBP,-0.384412941998192,0.700672409742976,0.878603317566531
RBM48,-0.685075039835224,0.493296569896188,0.759675712246122
RXRA,0.718437596714401,0.472487512089213,0.745404664651028
NCK1,-0.118282700191244,0.90584366441414,0.964669535353719
KNCN,1.55560979997563,0.119800906944234,0.3901791607201
CFAP20DC,-4.93748358119244,7.91370667542857e-07,0.000229984490921301
PLSCR5,-1.88208557894943,0.0598243970581899,0.272109104799683
SCHIP1,-0.977433060045405,0.328354802630407,0.632791106565744
POLE4,0.166703189117219,0.867603596100513,0.952781450786349
URM1,-0.512881815990718,0.608033994039977,0.828752195339928
ABHD14B,0.224338253029605,0.822494113033088,0.93330943534984
TTC12,1.92928821770814,0.0536950916292888,0.256858213164836
TREML2,-5.15219795510984,2.57451064445658e-07,0.000130535190368552
KIAA0408,-1.35128749276291,0.176603356941952,0.474965283877341
DNAJC12,-2.04113389497488,0.0412375201360555,0.222844825815257
HAX1,1.03394531640939,0.301161728191622,0.608994961683674
FXN,0.000719533026086919,0.999425895757036,0.999690504148817
HOXB6,0.0188653129217496,0.984948550892185,0.994627363325985
FBXL2,-1.6009644465795,0.109384793986265,0.371422406126728
TMEM176A,1.37796212297271,0.168214982863469,0.463985105346047
QTRT2,-1.16340133409854,0.244666708520117,0.555063465032383
NECTIN3,-0.752816870714438,0.451559967395183,0.730149179036594
PPP2R5D,2.12703334392967,0.0334173128134907,0.199390124369007
EFCAB10,0.403208516946184,0.686794834684439,0.871732197358579
SLC4A2,0.418165964454258,0.675825778551928,0.865533586938183
NDUFA3,0.308302160447138,0.757852422262822,0.904648658225051
CDK5,NA,NA,NA
GRM7,1.24808866292904,0.211998589577429,0.515399402460441
KLHL29,1.94889036614575,0.0513085188136258,0.250849025011813
TSPAN33,-0.158584329039725,0.873996376155186,0.954599106422172
RAB11FIP5,0.00775788419837496,0.993810166062635,0.997771673501099
FEZF2,0.68757027980317,0.491723429273962,0.759012505212831
NR6A1,1.66496251020852,0.0959202355484696,0.346947486742095
ADAM9,-4.30884632176563,1.6410834572356e-05,0.00164387638275887
ASB14,0.954067478009437,0.340049486996947,0.645010482140566
IVD,-2.51018163312711,0.0120669076592881,0.115928224721754
TFAM,-2.21228218077441,0.0269471735511479,0.178796664789626
KCNT1,-0.485412503173348,0.627383764971435,0.838880150083908
RAD51B,-2.18370079398633,0.0289842414014532,0.186228680297092
CUTA,-0.214364424174046,0.830262882211637,0.936568380832345
C1orf94,-0.692791559453419,0.488440369921099,0.75688585007427
CIAO1,-2.65079543943811,0.00803024611023865,0.0906973686232634
CCDC14,2.15215507783239,0.0313851423906319,0.193956798530171
VAMP2,NA,NA,NA
UHMK1,NA,NA,NA
OPN5,-0.795460420955132,0.42634572521946,0.713024917503078
REPIN1,-1.22387854502569,0.220998048351761,0.525940552234931
TFDP2,-0.457893512954861,0.647028947665487,0.848702496061179
IRF5,-0.315057215483936,0.752718212517581,0.902547118185865
SLC15A2,1.15838794480588,0.246705756497953,0.556782764665035
LNP1,0.317952475789895,0.750520986426523,0.901293161703561
LSAMP,NA,NA,NA
THOC5,0.513951058346219,0.607286208675452,0.828650942257646
SMYD3,2.20417756585262,0.0275118588548092,0.180533626324662
KCNAB1,0.515226932623441,0.606394450840198,0.827951207014232
TUBA4B,NA,NA,NA
FAM178B,-3.11762081827072,0.00182317202291097,0.0376216730500244
SLC26A8,-3.7696413229401,0.000163482318862105,0.00737476060490787
SPATA1,0.185789733425658,0.852609655902206,0.945508474164112
FLNB,-0.998635068894466,0.317971505400218,0.623969015661355
ONECUT2,NA,NA,NA
CPB1,-6.4363607662253,1.22371982600051e-10,4.62321350262992e-07
RPL37A,NA,NA,NA
ERICH6,-0.666743219107338,0.504936167292928,0.767191876856503
SNX21,-2.25759248715309,0.0239710774756741,0.167089909046304
UTP25,-0.620424677377759,0.534978229789159,0.786852309762982
NUDT5,0.114154610332409,0.909115232330292,0.966009988389142
ADRM1,2.78994576805811,0.00527168709792971,0.071691556771168
SRSF10,NA,NA,NA
SLC35A5,-1.0358976484551,0.300249894808778,0.608014325851743
HADHA,-2.36184094654905,0.0181844421335214,0.145091493939691
FHIT,-1.33938056679654,0.180446812514777,0.480174719268059
SEC22A,1.23165281007093,0.218078804665069,0.522044515773159
FNDC3A,-1.49786041095659,0.134169521289763,0.413430784258054
MME,-0.311620908950486,0.755328641926094,0.903270523300206
ATP6V1F,0.178935011986992,0.857988730831372,0.948410229714656
PSMD6,-1.57553789562088,0.115132338425071,0.381552609271859
POPDC2,-0.294526030454715,0.768355975605818,0.91058608234564
SUCLG2,0.812131338639567,0.416716272569862,0.706704364977812
RWDD2B,-0.299792518555863,0.764335422335975,0.907783472362563
FAM199X,2.68106234578337,0.00733888415390627,0.0867124451398214
PARK7,1.81056712957724,0.0702078842330821,0.295098299216021
RPL7L1,-1.57135745383166,0.11609964273473,0.382660370993944
CFAP74,0.930301684350532,0.352214905983922,0.655340022067105
TBRG4,2.63247790535094,0.00847645361260537,0.093706047544764
SMIM40,1.31031281421432,0.19009003424944,0.491637959537488
CLIC3,1.3594430837467,0.174006226557852,0.472071614718847
TIMMDC1,-1.89019744143468,0.0587315587591639,0.269772436464585
SUSD4,0.374135453228167,0.70830354305511,0.883307665340752
EBP,-1.40501056328954,0.160018137170782,0.45124656040429
SELENOK,-0.501575837166052,0.615965919677925,0.833346193211531
HACD4,1.36185618298282,0.173243276684812,0.470788059208933
DUSP7,1.58646407563031,0.11263407516786,0.376931646956448
PHC3,1.07831032285663,0.280895291824206,0.592282635697978
PIK3CG,0.507700891042819,0.611663123455712,0.830722847278037
KRBA1,-1.91764606730111,0.0551559046406299,0.260555183160112
PRKRIP1,-1.30752827918109,0.191033357075515,0.492649496251781
GMPS,-5.11748874146845,3.09630538565409e-07,0.000137630197439361
DENND2A,-0.727724193940362,0.46678243700494,0.740734662188244
DHX36,-2.99690551512664,0.00272735230578508,0.0485462285571544
ZNF639,-0.590861246685506,0.554613393738817,0.798905500541512
EVX1,-0.779792853144035,0.435512813744644,0.720593485800649
IL18BP,0.352294129159163,0.724617690545235,0.890640304149621
KRTCAP2,-0.0615065585862497,0.950955791301151,0.981881235135724
RGL2,-2.62076322471304,0.0087733171822659,0.095451669732471
IAH1,-0.946861923921002,0.343709142412645,0.647889804183596
RRP1,-2.01982549826718,0.0434014912937453,0.230053783385156
KLF6,-0.213353484037557,0.831051259514248,0.936934623998558
LCN10,-0.719407759067243,0.47188971752814,0.744850366752168
PPM1L,NA,NA,NA
PROX1,-0.0553685751057065,0.955844830851258,0.984087847998058
CASR,-2.60163382067179,0.00927808593266404,0.0986626021934351
HOXB3,-0.127102046303412,0.898859631883709,0.963402733955552
KIAA2012,-0.58992842252276,0.555238637950489,0.799196713659185
ADAMTS9,0.467061785293933,0.640455674079969,0.846060449220394
KIF1A,1.07213321637175,0.283660201380126,0.594133466840813
PGAM5,1.61718155767254,0.105839096039101,0.36392273477654
PLRG1,-2.16056439348348,0.0307290043967113,0.192288494593416
TMEM267,-0.77411790533231,0.438861069874358,0.723077680761154
GNPDA1,2.2890221932792,0.022078062940483,0.159855685860146
USP45,0.690940982241688,0.489602630288156,0.757700440362162
ZCCHC3,-0.151242065322969,0.87978476859672,0.956613571972262
DOK3,-2.27604905350193,0.0228430738248745,0.162669944438016
ZNF623,-2.43346652777443,0.0149550180785959,0.130938721439016
AREG,-1.12503308946272,0.260575012765858,0.57207398452972
TMEM167A,1.57943730070594,0.114235787310253,0.380092451967975
MLIP,-2.14705062171861,0.0317892517599173,0.194753248864472
BEND4,0.29047786028984,0.771450685898516,0.912005222975701
CAGE1,-0.922778693854043,0.356122546268086,0.657740374450638
ACTN3,-0.0409300456296875,0.967351664562253,0.988930384254603
PDGFC,-0.200157425434462,0.841357462928522,0.941103115157831
SV2C,0.325109825121944,0.745097953168613,0.898278441825615
XPNPEP1,0.16516712858444,0.868812437471933,0.95300091130695
GUCY1B1,-1.2178089373682,0.223296587220626,0.529369052319007
IDO2,-4.48610553456396,7.25368225403814e-06,0.000944979708819175
RANBP3L,-0.616255639981358,0.537725811352119,0.788330661733918
LIMCH1,0.755259337358146,0.450093391651825,0.729182175669209
MGAT4D,-1.55150744427875,0.120780124744805,0.391680095524354
SAMD14,-2.22612248679952,0.0260059781090487,0.174967635431972
PDK2,-0.271652683997216,0.785889086167579,0.918582710972578
RPL9,-0.198884281022618,0.842353265813483,0.941402348245331
MEGF10,0.0293697470035509,0.976569700785474,0.991692282759328
SPCS3,NA,NA,NA
ZNF827,-2.72117202603617,0.00650508998113261,0.0809093990081284
PACRGL,0.850244452650166,0.395189192081353,0.691351135996855
TUSC3,NA,NA,NA
PRIMPOL,-0.454020151739848,0.64981432261698,0.849555653638282
TMEM158,NA,NA,NA
GPX8,0.862632681144991,0.388339455882052,0.685637303151343
ROPN1L,-1.41994919872936,0.155622471272078,0.445326034058635
CXCL11,-0.735010488484679,0.462333106446978,0.737312991201639
ANKRD50,-0.0656159286384792,0.947683607223762,0.980044800681961
PCDHA1,NA,NA,NA
CNOT6L,0.102431176305704,0.918414438695618,0.96925191501947
CDKN2AIP,2.04621604045036,0.0407351198581986,0.221726430375387
GC,-0.505272322427892,0.613367579730892,0.831916250663547
DLEU7,-2.83532817454429,0.00457786332832069,0.0664065181855363
TIGD5,-2.8673593806139,0.00413912698270341,0.0624879989636503
NR3C1,-0.654117934853515,0.513035827565846,0.773272669941923
FBXL7,0.469835380708466,0.638472634474508,0.84487872402755
ADAMTS12,3.39102580586194,0.00069631544362921,0.0200815247788638
DCK,1.31642302406527,0.188032098848573,0.489077038602887
TMEM33,1.00233639161513,0.316181151969796,0.622154326587584
ZGRF1,1.65497831978344,0.0979288957510103,0.35028819630914
CRISP1,-0.507256456404065,0.611974886784638,0.830847586837611
MAEA,0.752908673529791,0.451504795678896,0.730149179036594
DDX4,1.08934885493416,0.276000076256494,0.588779383454
PLAC8,-0.831401897663697,0.405746627403826,0.698597482157568
SRP19,1.10544257384644,0.268967864726183,0.58048977124482
SEC31A,-1.32048851172594,0.186671969164145,0.487484412368688
ALYREF,1.30166508127309,0.193030901376528,0.495008142135092
RHOH,2.75030427259866,0.00595399494098296,0.076903223545414
PALLD,-3.74821131887366,0.00017810017201308,0.00775633947971662
THUMPD2,-0.906397705045105,0.364725387075048,0.664412611779454
MIB2,-0.769358736984814,0.441680377081616,0.72472028864901
HADH,-0.88411556733723,0.376633830451852,0.676374384526249
LRP2BP,-0.128670188017591,0.897618625793299,0.962862909780546
ERBIN,1.22523135470989,0.220488063904843,0.524974889196469
SUB1,NA,NA,NA
FOXL3,-0.141406670436056,0.887548684976034,0.95928705400491
CEP192,-4.33496598481993,1.45782662958383e-05,0.00150895041275827
GUCY1A1,-2.42369020856869,0.0153637052659754,0.132673932105218
AHRR,-2.76214833918973,0.00574223827946447,0.0753270007632527
YIPF3,-1.03899534622054,0.298806900638598,0.607257918565154
WDR36,-1.37940959156646,0.167768503629042,0.463240933097403
PGM3,0.25325544326103,0.800070825038716,0.924942110001555
PRPS1L1,-1.96273406025302,0.0496770832675393,0.246541898961923
WNT8A,-1.46580412123439,0.142701657998842,0.42576652629388
ADGRL3,-1.04654080475618,0.29531141580266,0.604494405990333
SLCO6A1,-0.209001163894889,0.834447330025412,0.938066981056048
CDK18,-0.0577763665881506,0.953926763455571,0.983107032754209
GALNTL6,1.67259883191002,0.0944062970164184,0.344287043181249
SLC10A7,-2.05430234893013,0.0399464375472096,0.219596422049266
GABRA2,-1.69381786292043,0.0902998986473224,0.337811063711658
MRPS30,-0.53762413060976,0.590836567470885,0.818834207433344
NEK1,-1.21842096240271,0.223064043133968,0.529350815147988
SMIM31,-1.6572290830756,0.0974731687451475,0.349801597263517
SMG7,0.138023099401807,0.890222161584305,0.960775700327243
ATP2C1,0.832120553526435,0.405340901473793,0.698249931397133
TLL1,-2.73079697762032,0.00631813799084258,0.0793531141127458
SLC4A9,-1.35525169092819,0.175337380767424,0.473032466846253
COX18,-1.1523669078871,0.24917033338549,0.560586880768428
DEK,0.287493060588933,0.773734814628155,0.913537090256181
SERINC5,-0.169030850945703,0.865772374992621,0.952362216544511
LRAT,-2.96677081987572,0.00300945191390233,0.0514466485553078
SORCS2,1.73626924303103,0.0825162389126717,0.323096525076531
CDH18,-0.154337555981124,0.877343586664685,0.955974928378161
FBN2,-0.318520767693497,0.75008994398259,0.901216483031653
HOXC9,NA,NA,NA
CPLANE1,0.128452345857333,0.897791008218452,0.962878378882048
NEDD4,-0.341632456688083,0.732627508363755,0.89254204349795
SMUG1,1.21486704026342,0.224416806460152,0.530471535910494
RNF213,1.57167709763897,0.116025456200574,0.382660370993944
OCIAD2,-2.15284709406418,0.0313306975729551,0.193806590962954
CFAP299,0.0403756401718427,0.967793650735868,0.988985428422372
GLRX,-0.218187321448759,0.827283163141408,0.93502726329773
NSD2,0.551500413874846,0.581290683036323,0.812779132945616
LYRM9,0.800333761327682,0.423517447310078,0.711397460839933
PKD2L2,-0.873360700797383,0.382466504402059,0.681360973660518
BTN3A2,0.976808770889718,0.328663833031187,0.633109608067462
LARP7,0.0494323038822507,0.960574784845864,0.986390454490903
ZNF131,1.37320102089262,0.169689862420809,0.466330823950403
AADAT,-2.33435601600927,0.01957708786388,0.15017713289287
CCSER1,0.0330959231130546,0.973598093855076,0.990115424254876
C1QB,-2.70278519229881,0.0068761167831875,0.0837588764698289
AC010255,1.52230802717223,0.127931917679669,0.403352158597375
MAML3,0.484181751129221,0.628256886846817,0.839230802972606
SIL1,-0.568264695672403,0.569855247553295,0.806996377346567
UNC5A,0.35037429748427,0.726057813018549,0.890852127423931
RAD17,-1.67899130037235,0.0931537392560085,0.342191814338053
INPP4B,-0.464676886152187,0.64216286311316,0.846877143499962
TNIP3,-0.277832645959255,0.781140829531915,0.916450243640596
ATG12,-2.58631180088202,0.009700913090981,0.100894837323403
HSD17B4,-1.85295511726942,0.0638887920266504,0.280583384221662
ANAPC4,0.233665053410021,0.815245020077404,0.930723180736552
RPS6KA2,2.09555778623748,0.036121437256867,0.208266753081181
LRBA,-4.36573961362539,1.26693332067908e-05,0.00136756402443587
FNIP1,-0.955232924871893,0.339459919033003,0.6447286466653
DIO3,0.296767144145277,0.766644291180572,0.909453530757579
SEPTIN11,-1.04708953997728,0.295058283147986,0.604435512394247
SHLD3,-1.7041569950155,0.0883517610514458,0.334461877006375
CCDC110,0.0311059756064806,0.975185024132228,0.990988910274106
CDHR2,-0.669455548716504,0.503204927172627,0.766189708758967
DTWD2,-1.88374969005641,0.0595988416317945,0.271370391350141
GTF2H2C,-0.410226998628871,0.68163943742576,0.868105105206311
MTTP,-4.26754511120305,1.97635814096051e-05,0.00189071795189233
CLRN2,-2.29330605099184,0.0218303911122244,0.159141760968614
GAK,-1.380400513644,0.167463362127543,0.462814000180153
USP26,-1.62721217811834,0.103692042174341,0.360477143165087
UVSSA,0.790954714736208,0.428970417999366,0.715676855465491
SH3RF2,-0.0424842294800341,0.966112683451481,0.988436482535363
UIMC1,-1.50235446286075,0.133005590065656,0.411713766489449
DROSHA,0.626472801639663,0.53100487117792,0.785003328845895
ATPSCKMT,-0.876002279860348,0.381028794369607,0.68078826442581
ANKRD13D,0.401136580612257,0.688319569822438,0.872568185484161
SPOCK3,-2.80390566489704,0.00504876746820828,0.0702758415914061
HGFAC,-0.920351797984123,0.357388948991495,0.658920731275972
FHDC1,-2.70455731438317,0.00683954696081029,0.0836916871836154
COPS4,0.228823832203088,0.819005842757011,0.931860850622234
CAMK2D,1.61566432532293,0.106166908071006,0.364308034262034
TENM3,2.80486959450555,0.00503369405923899,0.0702207385127292
SH3BP2,1.26439093744842,0.206089744047309,0.509059858130588
ANAPC13,NA,NA,NA
C4orf54,0.789135322217847,0.430032919138732,0.716816399076165
ZNF346,-2.87131436824335,0.00408768785797537,0.062064156581718
POLN,0.15296025313557,0.878429619769413,0.956328459601339
ETFDH,-2.22314233399302,0.0262062038197142,0.175543654413667
SH3TC2,1.67912735724574,0.0931272255576399,0.342191814338053
KCNN2,1.23057368006699,0.218482354184476,0.5223390818598
FRAS1,1.30782996234954,0.190930989126656,0.492649496251781
CPNE4,-0.209042901570702,0.834414747772211,0.938066981056048
DAPP1,-1.46293367219346,0.143485529154188,0.426831582060192
KCTD16,1.35561518059292,0.175221639225719,0.473028823354159
MTX3,-0.70460791874682,0.481054269155403,0.751022952790277
PAICS,0.197661339842202,0.843310039205854,0.941705557709219
PRRC1,-1.84964433336209,0.0643648286017954,0.281447132474055
ABL2,-0.584572512546003,0.558835194696289,0.800916729218999
TTC39B,-1.11410665046088,0.265233435910538,0.577218848427427
TRIML2,0.827214524453003,0.408115480668339,0.700679964406904
PAQR3,2.33147833313879,0.019728151261266,0.15054649460179
PCBD2,-0.769469705035454,0.441614522312256,0.72472028864901
UCHL1,-0.0915457730397886,0.927058937276406,0.972610937757956
RACK1,4.15331877155869,3.27687750701816e-05,0.00276649010536639
EXOC3,0.160211965676621,0.87271410390224,0.95402876060474
SPINK13,0.0689030201580931,0.945066814496651,0.978975843640712
GRAMD2B,-0.232542900482036,0.816116370520786,0.931108458282285
MXD3,0.0576998419654938,0.953987719581396,0.983107032754209
TRPC7,0.155534074126173,0.87640029351073,0.955617957193347
KIAA0825,-1.68213283759255,0.0925430840534014,0.341571225362518
TET2,-2.14434162808059,0.0320055236383839,0.195575583200451
DDR1,2.00368008752451,0.0451043406466122,0.23343040953822
MCIDAS,-1.47575761570364,0.140008972668038,0.421813316379465
ACSL1,-1.13234386789191,0.257489893943403,0.568056536828133
TTC29,-0.937447029199962,0.348528659258408,0.651852116177358
TNFAIP8,-1.51643211817868,0.129410122794045,0.406177533630896
CLOCK,-0.354132512014323,0.723239577780666,0.890361722847064
SREK1IP1,-0.205197789010844,0.837417596805894,0.939344298805595
IGSF22,-3.71924540272366,0.000199818844255558,0.00848219768087077
MRPS27,-1.46342830564974,0.143350218083955,0.426831582060192
CDC25C,-0.416842107280257,0.676793901056068,0.865826871079349
ASTE1,-1.58243868336973,0.113549459691414,0.378715390610604
TTC23L,1.13386361500436,0.256851761497763,0.567311286137708
CNGA1,1.98431052827059,0.0472212332231537,0.239465529016208
CSRNP1,0.816937859877989,0.413963940427892,0.704650648613958
ZBTB38,-0.84994371962108,0.395356377183266,0.691351135996855
NME2,0.191027992581819,0.848503662072549,0.943322838316807
YJEFN3,-3.85198110531502,0.000117166065432357,0.00609558187863124
AMOTL2,0.0448481789017586,0.96422832249109,0.987946585067746
MARCHF1,-1.55989764857793,0.118784070254958,0.388078326556456
FAM193B,-1.22527494926596,0.220471643606293,0.524974889196469
CCDC192,-1.18071133977856,0.237717415144608,0.546272057568805
KLHL2,0.060582699881411,0.951691551708069,0.982042179556845
RMND5B,-0.813228452449753,0.416087089335003,0.706268459399142
GSTCD,-2.0293251789682,0.0424251803599419,0.227189697235805
DAG1,-0.657019157141176,0.511168598563771,0.772091940179481
MCTP1,1.20724003956605,0.227339714763084,0.533007146066206
RNF150,0.967107485834616,0.333490303677428,0.637775938898165
TMEM150C,0.938623776788897,0.3479239407568,0.651043411678649
CCDC160,-0.797334883564785,0.425256566050748,0.712785850283819
PTDSS1,1.25796290942989,0.208405170433511,0.51201738507417
GFRA2,0.132925823441856,0.894252043971919,0.962394024248942
SMIM18,-0.168186446850066,0.866436602914596,0.952454944424574
VASH2,-0.516768834927336,0.605317537874596,0.827234457619904
PCDHGA1,-1.25809961660789,0.208355731978153,0.51201738507417
PCDHGA6,-0.121302003211728,0.903451833403102,0.96447714218272
CPNE3,-2.11011214330559,0.0348486975728536,0.203805540913686
C8orf88,2.75343063030934,0.00589742668247263,0.0763683907673748
UBE2W,NA,NA,NA
RALYL,-0.120317898166706,0.904231326419925,0.96447714218272
NAIP,-2.65793428241317,0.00786212223312921,0.0900438229692665
NPM1,0.592663990249197,0.55340604507612,0.798152102437372
RBPMS,0.208422003915653,0.834899476919259,0.938066981056048
SHISAL2A,0.0813709446714328,0.935146955260596,0.975259298161747
CNOT8,NA,NA,NA
SLC45A4,0.379026525630982,0.70466816628647,0.880660381154576
ADGRB1,2.04852140449725,0.0405089369744539,0.22148012140302
ADAM19,-1.15078954535283,0.249818826848971,0.561204092765629
FBXO32,1.11629546945414,0.264295680274798,0.576672873276458
WWP1,-1.72886151368765,0.0838338835671712,0.326577585103499
PCDHGA5,-0.812513983859617,0.416496765852785,0.706646359668495
STMN2,-0.239952519101936,0.810367065584102,0.928277087926297
ELOC,3.7845686707812,0.000153975389196507,0.00729104439702061
ENDOV,-0.376653993738509,0.706430756623341,0.882014275219724
DLX6,NA,NA,NA
SBSN,0.712313761498026,0.476270504248077,0.74808287360847
LEPROTL1,-1.3922958589012,0.163832825005124,0.457199251495112
PAK3,1.21868551132643,0.222963579194262,0.529201446330091
POU6F2,0.916687269788643,0.359306538796145,0.660564527285565
CIBAR1,1.17478992287557,0.240078772726173,0.548544060090403
PCDHGA7,-1.29086696199785,0.196749813296296,0.499445298001177
FAM83A,1.8284289213739,0.0674852041366549,0.28969987234916
CNBD1,-0.976329034529401,0.328901436203696,0.633247356849313
TFF3,-1.14690464372838,0.251421033260964,0.563018901986151
GABRP,-1.72877894801251,0.0838486653124388,0.326577585103499
SLC10A5,-1.30997567840558,0.190204063559387,0.491848700976978
TRHR,-0.76748104983936,0.442795555934911,0.725018851440203
TENM2,2.02767607852879,0.0425933186557123,0.227756992383321
C8orf34,-0.497401589515235,0.618905884905024,0.835093523420251
NKX6-3,-2.83272543660173,0.00461530094114486,0.0666791852988348
ASAP1,0.00553196904908127,0.995586149817519,0.99798967532815
MPP2,-0.802230951070265,0.422419375661257,0.710552271259229
HDAC2,NA,NA,NA
CLDN23,-1.44311936449511,0.148986849257038,0.435238597713581
CYRIB,NA,NA,NA
ERI1,-0.542026205869135,0.587800453044482,0.817161548522606
SPSB2,-2.64957962657229,0.00805919784705128,0.0908885058691335
HEPH,-0.455777924524122,0.648549680055694,0.849472581069499
PTK2,1.80872611085022,0.0704935643969705,0.295834141951408
PCDHGB4,NA,NA,NA
LRRC6,0.0291112968110288,0.976775826065018,0.991805165860012
ANKRD46,NA,NA,NA
ERLIN2,0.199204199950724,0.84210301417828,0.941285322051524
SLC25A30,-1.71417403269467,0.0864967684380464,0.330651618336247
HMGB4,-1.87020562333563,0.0614552691299542,0.275599185867953
RHOBTB2,-0.196954605154621,0.843863061734538,0.942144857568288
LYN,-0.876749368390101,0.380622785485564,0.680304143614174
DENND3,0.768837460977945,0.441989807226938,0.724834505351436
CLVS1,1.20501774926801,0.228196449970609,0.534072286194182
ATXN7L3B,NA,NA,NA
SLC25A37,-0.308939838337466,0.757367291507525,0.904555007449753
RPL26L1,NA,NA,NA
AMPD1,-0.0680966195484172,0.945708721321864,0.979258119324051
EBF2,NA,NA,NA
ANKAR,0.254808268452958,0.798871188726428,0.924704862990184
TSPAN18,-0.958784909257465,0.337667113017937,0.642673725123215
CCNE2,1.49022146791032,0.136166013463917,0.417223820807398
TPD52,-0.425264427391969,0.670643922304722,0.862682862956418
MCF2,0.24680390438197,0.805059988690507,0.926280639565898
TRIQK,1.02904750575366,0.303457351931313,0.610550859058183
SLC36A1,-3.02085272355485,0.00252063931245307,0.0462842056984092
PCDHGB6,NA,NA,NA
IKBKB,-3.71392829707555,0.000204066635826741,0.00859012534989891
GOLGA7,NA,NA,NA
DOCK2,-0.573553530255043,0.566269965417329,0.805594380677066
INTS9,2.13818127738788,0.0325020333270207,0.196699106413457
PPIL6,-0.8944848412553,0.371062536769467,0.671154644603253
WWC1,-0.520415514356456,0.60277399910303,0.825670951394704
VDAC3,1.86677403659529,0.0619331496709715,0.277235668733079
SGK3,-0.526130780384453,0.598797343716431,0.824221975919163
SERPINE3,-0.879026030774121,0.379387161992829,0.678979013741785
ATOX1,0.980587302727235,0.32679629831023,0.631366103306597
NUDT16,0.690124996546213,0.490115584996208,0.758035709256786
HSF4,4.48248451888717,7.37789965471443e-06,0.00095294717591491
PIK3R1,-0.709515839588078,0.478004425608566,0.749403945739786
RNF130,0.685429400371638,0.493072996847304,0.759641057024819
EPHX2,-0.427699377500983,0.668870003158222,0.861550280202198
TMEM200B,1.71344516232213,0.0866306737499697,0.330847293836124
HS6ST2,-1.2061410031182,0.22776312722091,0.533553926300169
ALG11,1.51060687417727,0.130888641521708,0.40774401631128
LAPTM4B,-0.126279570327155,0.899510627307827,0.963577677253999
PTP4A3,1.35663275702973,0.174897928074095,0.472782886670807
SMIM12,NA,NA,NA
TCEA1,0.733862915369605,0.463032290938835,0.737571833105057
RNF217,-2.41046108061908,0.0159323710921227,0.13514701877617
ENY2,NA,NA,NA
FBXO41,-0.706241305136479,0.480038087579805,0.750500266863854
DPYSL2,2.59518432689677,0.00945402024163216,0.0995244621211346
RIMS1,-0.669465263590253,0.50319873195207,0.766189708758967
CETN3,0.649606048365594,0.515946725166854,0.775109854794592
TRNP1,-0.270142334078018,0.787050754497853,0.919168662006887
ATXN7,-0.725393857234954,0.468210440480236,0.741832268456419
PCDHA3,NA,NA,NA
PNMA2,-0.524854854368842,0.599684095166065,0.824531529992683
LACTB2,-2.37695627647071,0.0174561571626144,0.141750374552085
IDO1,0.920312349121818,0.357409557587953,0.658920731275972
FZD6,-0.338607492015903,0.734905437882361,0.893130234201736
ATP6V1E2,-0.0444407869170179,0.964553050489828,0.988024516979752
PCDHGB2,0.684325208447414,0.493769832238626,0.759716714041326
MYBL1,-0.621243866906384,0.534439180773347,0.78648796375955
INSYN2A,1.78898144459775,0.0736178039179359,0.301984867754573
STMN4,-0.553546220856706,0.579889439837279,0.812191846711134
PPP1R42,0.802832333217533,0.42207165108861,0.710371450902294
FER1L6,-0.676515688181947,0.498713288950341,0.763969105181708
PBK,-2.59926068973106,0.00934247941810836,0.0988145759340393
NCALD,-0.621822802787725,0.534058390588797,0.786382427936788
SMIM23,-1.37635102007402,0.168712984262725,0.464744917640958
UBE2V2,NA,NA,NA
RANBP17,-0.520423968412025,0.602768108039368,0.825670951394704
KCNB2,0.51065713249284,0.609591162613454,0.829250306005448
DNPEP,-0.726692340597446,0.467414446565073,0.741061533346918
ZNF674,NA,NA,NA
LYRM2,-0.634821027972894,0.525545147205702,0.780766368862759
PCDHGB1,-0.497245158098846,0.619016180176703,0.835093523420251
TDRP,-2.01164935111699,0.0442569132018197,0.231126985671637
C1orf210,-1.49911581364201,0.133843589839898,0.413038165482541
INTS8,-0.582937514141154,0.559935365501095,0.801681027328522
TMEM71,0.133816539621527,0.893547648101366,0.962115572362511
CLINT1,-0.6361067915372,0.524706819190366,0.780603411262533
CASP3,-2.47630881406455,0.013274870111276,0.122516936617028
UQCRB,NA,NA,NA
CA1,-4.0960911361561,4.20184571249e-05,0.0031211233956538
MYC,1.16248420548494,0.245038836725851,0.555063465032383
SLC6A7,1.10672671596676,0.268412101025254,0.579794692780679
KIF13B,-1.55750366155244,0.119350951926165,0.389469139604448
TXNRD3,-3.60865451041885,0.000307789180398495,0.0114002698386815
HMBOX1,NA,NA,NA
FANCD2OS,2.43111256432014,0.0150525372830364,0.131260209706432
STAU2,0.741872953360077,0.458164314236814,0.734405936313355
NTRK1,-0.658628989327649,0.510134042643611,0.7713002153507
KCNV1,1.35937436923811,0.174027988724106,0.472071614718847
DNAAF3,-1.29285076348308,0.196062679298177,0.498635911673226
TRMT9B,-0.790623421074002,0.429163775372266,0.715841387795329
GNLY,-0.98348587363307,0.325368364474862,0.6297164929905
MAML2,0.386523076769967,0.699109315236211,0.877705405985679
FUT6,NA,NA,NA
EMSY,1.26361981986263,0.206366516233758,0.509493676413094
ARFGAP2,-3.28461759050511,0.00102120873894492,0.0257208441048926
NFRKB,-2.46905814020779,0.013546920621979,0.123998221949937
C8orf82,-0.825521327373343,0.409075679537981,0.701060520432974
CNTN5,-0.185129027226246,0.853127834673479,0.945508474164112
ZC2HC1C,0.231430788400374,0.816980148626036,0.931226731485643
C11orf98,-1.59798064265634,0.110047285179607,0.372722841107238
CFAP54,-1.12491669141395,0.260624338215485,0.57207398452972
DBX1,-2.53034751937224,0.0113949601583376,0.111456723568154
AAMDC,0.0106812380196381,0.991477767142796,0.997144752864687
TRIM3,0.937009477618337,0.348753682759623,0.651950229325015
CRACR2B,-2.34557195319023,0.018997911293192,0.147911610233239
KIRREL3,2.20652926469785,0.0273469635174892,0.180098274340939
ZIC4,2.99128654317549,0.00277804681516441,0.0490442096621081
WDR74,-1.38377633313374,0.166426951958933,0.461306694424689
CLNS1A,-1.09693004111456,0.272671975281983,0.584756781082697
DKK3,0.0674592466871219,0.946216104518634,0.979425875733984
TXNRD1,-2.5952702271499,0.00945165756979001,0.0995244621211346
TYK2,0.563337209545618,0.573205285071163,0.80910501288954
RPS13,NA,NA,NA
C11orf65,0.754294142915783,0.45067261852824,0.729294462002246
SLC6A5,-0.190505495360718,0.848913037367324,0.943575189516273
SOGA3,-0.821794820002844,0.41119368236789,0.702615685899926
SLC35F2,-0.697958963390977,0.485202857970491,0.754257893518375
GJB7,-1.0854303986793,0.277731074787433,0.589681112062298
FDFT1,0.559068362747788,0.576115065323321,0.810939909385807
PCDHA2,NA,NA,NA
DICER1,2.62673968722364,0.00862072549071063,0.0942638770157038
LGALS8,-1.44917470993892,0.147288798271165,0.432698755049793
PUF60,2.11453403753898,0.0344696807879268,0.202844943951382
KBTBD3,3.43078622114716,0.000601834688431995,0.0181535445341004
CHMP1B,NA,NA,NA
TRAF6,0.436010369106639,0.66282920638813,0.857322401243827
VAV3,-0.19925733898643,0.842061448533004,0.941285322051524
IQANK1,1.93906881840485,0.0524929589575105,0.254384531126065
MYO18A,0.435359630215735,0.663301408169014,0.857762354976052
CREBZF,-2.87181741430463,0.00408118692872147,0.062064156581718
ZBTB44,-2.00482779082767,0.0449814604360019,0.233379997561875
NAV2,-1.43131447444089,0.152340107405515,0.439931913455407
RAB30,NA,NA,NA
TEAD1,NA,NA,NA
RPS25,NA,NA,NA
GPR61,1.01823348706669,0.308567008869071,0.615098883792296
FLI1,0.213734267490501,0.830754287176158,0.936843798830788
EID3,-1.05602216585106,0.290958088098698,0.600595359561196
E2F8,-0.865112379149766,0.386977110869714,0.68422131527569
RAE1,1.7518027222753,0.0798077359643396,0.316882424039175
CRYAB,2.89626587628353,0.00377632305338081,0.0592604298885679
PAFAH1B2,NA,NA,NA
LTB4R2,0.129949656666184,0.896606256998986,0.962759824144525
TMEM41B,-1.90961487169584,0.0561828188822635,0.263697259936405
MANF,0.440041138951033,0.659907311892472,0.85578986504068
CCDC17,-2.66773765288679,0.00763638607555545,0.0888763949847175
CMTM1,NA,NA,NA
C1QTNF5,1.30771366784765,0.19097044570839,0.492649496251781
SOX6,-0.087725405914096,0.930094926466222,0.973244324107295
GPT,-1.28163151018744,0.199971941134484,0.501961163821722
ATG13,-4.35950205342484,1.30358730697263e-05,0.00138731066077256
RDX,1.51061650096796,0.130886187361274,0.40774401631128
ZC3H12C,1.01686996167531,0.309215294714473,0.615822553205735
DGAT1,1.32920054020818,0.183781816916371,0.484358356686465
AMPD3,-0.130667722047985,0.896038167443228,0.962670893388458
TMEM218,-1.27631841268746,0.201842983925465,0.504007133688306
FAM111A,-0.529098008199834,0.596737463096711,0.822500596709002
CYB561D1,0.141578207921441,0.887413181078042,0.959269527357037
GRK6,0.519918541700883,0.603120351511027,0.825670951394704
HSF1,0.768614484005754,0.442122204538587,0.724854837432318
BRSK2,0.582260556472016,0.560391189405604,0.802029704924471
KIAA0100,-2.30479175785899,0.021178238937353,0.156511200489068
MROH1,1.92900492067912,0.0537302513571743,0.256871736320664
AMBRA1,-0.887960092064444,0.37456221858383,0.67457253090332
KDM2A,-0.565514136865813,0.571724111482427,0.808449028981234
PC,-1.06834846372338,0.285363354893542,0.595293899842825
CKAP5,-0.600976422489178,0.54785569019184,0.794853608888161
C11orf1,-1.34090466975224,0.179951405886837,0.479604062687145
EML3,-2.0537644314671,0.0399984970441318,0.219802649938516
SAAL1,0.279962819798119,0.779506030155649,0.916002392106431
GRP,0.131756803750467,0.895176654211171,0.962670893388458
FXYD6,0.0101066832326564,0.991936170768007,0.997295568406984
LRRC24,1.03314754512982,0.301534856173656,0.608994961683674
RASSF10,-2.17074110063322,0.0299507484617942,0.189560232039003
CLP1,-0.758060907089101,0.448414521370594,0.727866836407349
CCDC180,0.230359724858489,0.817812254504518,0.931683286096666
AP002495,1.04037689834557,0.298164830266357,0.606961512883882
MUC15,-1.58060552929894,0.113968260776252,0.379525860919067
CCDC90B,0.94944478721352,0.342394440689623,0.647025733112616
KCNJ5,0.82086175261865,0.411725019106712,0.703128996354461
OMP,-2.85137966036184,0.00435299598330458,0.0642406985348621
PTH,-3.50987498873611,0.000448317415443097,0.0150221125990601
PCDHA5,NA,NA,NA
GALNT4,-0.68774492955136,0.491613421098489,0.759012505212831
EID1,0.529911368248236,0.596173383767877,0.82210004296644
CDCP2,0.585719863979908,0.558063783126065,0.800670263989471
ALDH3B2,-0.188892627268038,0.850176972144555,0.944210656503896
H2AX,NA,NA,NA
WNK1,-2.34237096530121,0.019161658566308,0.14865040259448
PCDHA4,NA,NA,NA
FAM89B,0.416732681592018,0.676873946814657,0.865826871079349
CYHR1,1.13604737491396,0.255936737660899,0.566367630157527
ZNF202,-2.4694460863245,0.0135322408258502,0.12397780104057
RGS5,0.363837369450987,0.715979455572729,0.888277933662779
PRR5L,1.31669176301008,0.18794196575393,0.488990768688626
TMEM262,1.61282225624759,0.106783129339056,0.365919875413111
LRRC4C,1.5867562164668,0.112567868659101,0.376931646956448
OR52B2,-1.70541652754855,0.088116768046332,0.333800476405532
BTBD10,0.986107717954408,0.324080256721307,0.628378471982788
CAVIN3,-0.419583518745563,0.674789730411478,0.865068069730086
NIN,0.123091490979334,0.902034649254449,0.964360567543989
PLEKHA7,1.92180250315314,0.054630613252105,0.25904544319605
SAC3D1,-2.58680504226682,0.00968703841718063,0.100894837323403
PDZD3,-1.08822321751725,0.276496577450235,0.589245210383861
EIF3M,NA,NA,NA
CELF1,NA,NA,NA
SIGIRR,-2.04884687067584,0.0404770909082629,0.221386101268791
CDC27,0.995468591022479,0.31950841301902,0.625441857194746
BCLAF1,0.07391357945549,0.941079150563408,0.977227246843553
API5,-0.469645453667336,0.638608344523999,0.84487872402755
UQCC3,-0.537025050101817,0.591250310786941,0.819046172574228
FZD4,1.65686666456546,0.0975464353183954,0.34989834572314
RPS6KA1,-0.516506228840217,0.605500889657289,0.827410203861195
C4orf50,-1.79591103417952,0.0725086672874206,0.299884125774794
GPR68,2.40333216629516,0.0162464227073681,0.136246359574776
LARGE2,-2.6666406835244,0.00766135336274877,0.088923480812488
ASCL3,-1.89771928797567,0.0577330703545191,0.267613470919377
EHF,-0.953223226548141,0.340476980591964,0.645438685571572
DPP3,0.826335168060245,0.408613989139213,0.700700604668927
EYA4,0.125079885644706,0.900460307157965,0.963910140373582
RAB3IL1,-0.775226119473976,0.438206056679157,0.722345388816299
OR10S1,1.21938234202978,0.222699108806917,0.528822899479908
ATXN3,0.512433766642958,0.608347463836715,0.828805305275946
AP5B1,-0.95850370757167,0.337808822823957,0.64278102877306
IMMP1L,1.11043832200243,0.266810192326895,0.578351976419913
TATDN3,-1.64630894582875,0.0997001686265124,0.353687585067144
SLC24A4,-0.230578709036663,0.817642109660672,0.931559677411948
MEX3A,NA,NA,NA
ACER3,-1.24629957998503,0.212654432018574,0.516412305425791
TSPAN19,-1.10311887308432,0.26997554588556,0.581664596780119
PCDHA9,NA,NA,NA
TSGA10IP,0.555288795088362,0.578697141719051,0.811893855099623
ATP6V0B,-0.865044639870888,0.387014288023809,0.68422131527569
SPA17,0.228898842678584,0.818947540099931,0.931860850622234
EEF1D,1.33099054231851,0.183192122919264,0.484008973767072
CD3G,-0.25053519852927,0.802173487926876,0.925755917622432
CSKMT,-1.86888519909114,0.0616387879396901,0.2763231573256
FAM118B,0.0220183856887536,0.982433289434075,0.993828459408981
TRAPPC4,-2.96557997610326,0.00302112782979641,0.0515878912586253
TRPM5,3.5751756146678,0.000349992885729343,0.0125273472366701
GSDMD,0.886161637408061,0.375530432625895,0.675355932148344
TMEM25,1.23936896660324,0.215208888675517,0.518698042370719
SPTBN2,1.29787608614539,0.194329918761223,0.496950827849585
CCS,-1.51018544422662,0.130996111759447,0.40774401631128
KBTBD4,0.472792815313428,0.636361000423736,0.843797638642536
C11orf24,0.185088048250925,0.853159975761106,0.945508474164112
ANKRD42,1.53399146691668,0.125031752048292,0.397952787900965
ZAR1L,-0.385856528057019,0.69960292762667,0.877960425369061
SLC43A3,-2.46240096072549,0.0138010282964143,0.125639240732176
PRKY,-1.52291436525057,0.127780131327282,0.403134309941103
CYB5R2,-0.347694319674332,0.728069763066532,0.890852127423931
SERPINH1,1.73977640283837,0.081898287500259,0.321550252196392
EIF3F,-1.84059221181372,0.0656813399135058,0.285305090190543
DDIAS,-0.221199759515084,0.82493689650077,0.933984018395593
OVCH2,-0.915277054900546,0.360046201552612,0.660825367049336
SAMD1,-0.723437420929343,0.469411187847948,0.742925908374687
CSRP3,3.45238978498433,0.000555644421583795,0.0172213677830978
CAPN1,-1.81184193795909,0.0700106229760906,0.294789783899326
FAM86B1,-4.12160005875695,3.76249986670827e-05,0.00299257357819449
CACNG5,1.45383568819385,0.145991866459731,0.431156749255316
IGSF9B,-0.109047509896279,0.913164807542124,0.967230925313039
TMEM9B,-0.0145171676284884,0.988417382919936,0.996463977603685
NAALAD2,-2.41480992968189,0.0157434227016097,0.134187593833461
INTS4,1.14748635512728,0.251180669284906,0.562847312312203
DENND2B,-1.12092462653351,0.262319947317312,0.574647371960491
SIPA1,-0.0521148504440811,0.958437180102821,0.985165464951288
CYB5RL,-0.640588050564448,0.521790365243877,0.778234187675919
ZSCAN5C,-1.45850847550525,0.144700440698821,0.428767266635409
SELENOH,-1.15321816917761,0.248820847750348,0.560217617878912
KMT2A,2.03142496631484,0.042211903931961,0.226609695282343
FGD4,-0.141378920499711,0.887570606001263,0.95928705400491
PNLIPRP1,-3.34438576233783,0.000824649838168182,0.0223335275168415
MAF1,-0.309088947772327,0.75725386623849,0.904491023284544
HSPA8,NA,NA,NA
MS4A1,-1.54180324777165,0.12312141261927,0.396043164645043
NLRP6,2.71992528975046,0.0065296667343819,0.081013494719534
CFL1,-1.4901702045627,0.136179488554753,0.417223820807398
YPEL4,NA,NA,NA
MFSD5,-0.300865750789513,0.763516867850303,0.907167773170358
PRORP,-0.651836448877014,0.514506685546964,0.774023545155363
RNF170,-0.616797970674455,0.5373679906821,0.788264907317793
DDX6,NA,NA,NA
ADGRD1,-1.00630204575344,0.314270296701784,0.620330815537794
TPBG,-3.15913034799746,0.00158240698808704,0.0347073068272443
PACC1,-0.828099822590122,0.407613969987477,0.700461941602315
TDRD3,-1.15039147703187,0.249982668929208,0.561328097007161
FYCO1,-0.970182975873915,0.331955294925914,0.636276732198364
CEP112,-2.9818774427263,0.00286486659670428,0.0499929145605024
NNMT,0.911974402904086,0.361782192439959,0.662295880333453
IST1,0.661845998176233,0.508069923379688,0.769256856238237
CUL7,0.163397487172499,0.87020548124234,0.95331613852296
WSB2,1.80521520209535,0.0710410129671504,0.296875414125727
HTATSF1,-0.117396761072037,0.906545650615801,0.964669535353719
ARMC6,-3.29923465989283,0.000969488319164435,0.0249165093183894
GPRC5B,-1.53826431609788,0.123984000911888,0.397043064585812
SULT6B1,-0.782894233661374,0.433689223964028,0.718933898989883
ZNF185,-0.246117056541017,0.805591619897513,0.926562185850614
MANSC1,-1.3195805488193,0.186975100637951,0.48792397182537
RAB40C,NA,NA,NA
CHMP1A,1.35772903147108,0.174549681234153,0.472469063731062
BEAN1,2.51153319030899,0.0120207981476531,0.115632273461065
C1R,-3.95163073509648,7.76204487249886e-05,0.00476829358183751
MYL6,-1.32944996918805,0.183699561432733,0.4842656733068
DENND11,2.09070237713131,0.0365547517781146,0.20940690252876
SH2B2,-2.19384922043265,0.0282462509834862,0.183121984067972
SLC5A8,-2.02234493876697,0.0431407290979086,0.229476486493346
KIAA1958,-2.24781760152426,0.024587823028841,0.169176774013157
MYT1,2.14506806316529,0.0319474054647222,0.195398426377319
NXPE1,-0.867953607918866,0.385419730012012,0.683152587213373
SP7,2.39569939953772,0.0165886885916205,0.137740803294818
ZMYND8,-0.423300853471844,0.672075771679204,0.863493373713325
TDO2,-0.768137996393992,0.442405205231072,0.725012467664938
BTBD6,3.30521966967675,0.000949019871564035,0.0245996368766307
FKBP5,2.10922233520074,0.034925394884534,0.2040515967322
SESN3,1.81983554821794,0.068784052433975,0.292312879747534
ZNF324,-0.795678301867071,0.426219041702956,0.713024917503078
MYLK3,1.08748518631904,0.276822441857729,0.58929072704558
SEBOX,-0.462044090738115,0.64404970246051,0.84748746206963
PLD5,-0.38190948999545,0.702528500897109,0.879659516576114
TMEM269,0.370664690195767,0.71088729290052,0.884337238254252
ASB8,NA,NA,NA
STMND1,-0.893701718249863,0.371481505808428,0.671451623025774
GCSAML,-0.910601072257336,0.36250560534669,0.662576766811706
GLOD4,-1.07657638848398,0.281669557360125,0.593151984539931
PIK3CD,-0.485010727024531,0.627668736300742,0.83896426171739
FAR2,-4.38797418066006,1.14411353906224e-05,0.00128072917054138
CDK5RAP3,0.126731763163068,0.899152705154449,0.963483739538869
RRP12,-0.563611464415774,0.573018582870417,0.80910501288954
SEMA6D,-0.341172114942775,0.732974014323184,0.892752539247592
CLEC18C,-0.843920629408056,0.398713759567179,0.693824537705123
NUTM1,-1.0144255121154,0.310379755880026,0.616759877824977
WNT5B,-1.24280513789037,0.213939648758009,0.518048648645816
RHBG,-0.266689658895308,0.789708116650148,0.920896804522343
ZNF835,0.774023863088728,0.438916679697533,0.723090468068147
KCNS1,1.08358774829468,0.278547625440775,0.590628836208922
CMIP,2.23663523849939,0.0253101898399876,0.172674412108028
ANKRD65,-1.51826701903535,0.128947098416796,0.405426681956505
GPR161,-0.439198191377208,0.660517935452459,0.856086051692864
ZNF891,NA,NA,NA
NUP153,-0.5126237995086,0.608214501912416,0.828805305275946
TMEM258,NA,NA,NA
CITED2,-0.0565859562378305,0.954875021917973,0.983630336140319
PHKG1,0.434274701766654,0.664088972408967,0.858357724841304
PLA2G7,-2.38175501444908,0.0172303560188172,0.140672685119593
PRKAR1B,0.70677505041589,0.479706281580365,0.750315770613143
PMFBP1,-1.36527158401992,0.172167706685534,0.469751463932725
IQCC,-0.990898215073102,0.32173528402905,0.627656523345997
RABEP1,1.79098655666656,0.0732954523137862,0.301562993565461
SALL3,0.843078209261323,0.399184704833569,0.694186335954533
ASIC5,-4.03071019331163,5.56085743807859e-05,0.00385484759652494
RNF182,0.145135785866358,0.884603664373371,0.958356576184819
GGA3,0.10715694270258,0.914664473428737,0.967820299849816
CPNE6,-0.326728835092101,0.743872988896723,0.898239291794855
RAB19,-1.47703091953838,0.13966734926947,0.421331536708671
ILK,0.533380978305493,0.593769882170463,0.820482899531516
TIFAB,0.132010035775968,0.894976353820757,0.962670893388458
GDAP1L1,-0.889371551935742,0.373803428647192,0.673934313256546
FAM216B,-0.694049085046509,0.487651426983641,0.756144917358586
CDH22,-0.07173424224604,0.94281340497611,0.977885804804323
FZD3,-0.971146937383331,0.331475113126043,0.636233392148853
OR52E8,-2.12781555945925,0.0333523787949957,0.199217845197619
BACH2,1.34986316272813,0.17705987976302,0.475557436497931
BCL7A,0.033916320154738,0.972943879073658,0.989976292792965
NLGN4X,-0.141691652629762,0.88732356865262,0.959241274016624
ST8SIA5,-0.404334909502349,0.68596645783603,0.871199023385787
SOD2,0.280978379801193,0.778726982518567,0.915463160649059
LRIT2,0.158588151333018,0.873993364516241,0.954599106422172
CPEB2,-1.62950525893196,0.103206102506011,0.359357603826753
BANP,0.90098251129778,0.367597618354761,0.667363672342282
SLAMF1,0.876493152346796,0.380761997386211,0.68047248161074
PTHLH,-0.775554817137745,0.438011887113022,0.722345388816299
TENT5D,-1.34862407869102,0.177457742566794,0.475823528330267
MAFF,1.95967514702153,0.0500337718157942,0.247499299404347
FKBP9,-1.10450183515733,0.269375507923447,0.580805934239533
ZNF438,-1.0340476698653,0.301113878419735,0.608994961683674
SLC34A3,-1.86208838786427,0.0625906325306763,0.278115154014578
GRM4,1.00158911149031,0.316542081988054,0.622457246975079
FAM180B,-1.89380346319867,0.0582511018099957,0.268955285839491
ACTN1,0.199391861201552,0.841956226485842,0.941285322051524
LTO1,NA,NA,NA
IL22,-3.1799844230787,0.00147282969165663,0.0330228520776188
TMUB2,-1.62517236802409,0.104125836392268,0.360851453661427
PCYT2,2.0276623402996,0.0425947217357326,0.227756992383321
SAP25,-3.34613313214533,0.000819470400312346,0.0223068245774762
PAFAH1B3,-0.573518591468214,0.566293614738782,0.805594380677066
NCEH1,0.493160948609067,0.621898868444138,0.836291082623727
FAM222A,1.02179346336399,0.306878663782129,0.613351457092386
AUNIP,-0.999047388777484,0.317771735498999,0.623820013881641
CDCA3,-2.68396666999632,0.0072754358923119,0.0861648802544023
IQSEC3,-1.95269649175858,0.0508555696530755,0.249318266423984
EVI5L,2.88768331945387,0.00388090384064906,0.0600288831523937
REEP1,0.113908966028858,0.90930995796953,0.966009988389142
SYT7,1.27783284795941,0.201308369645134,0.503254273296488
HIF1A,-1.08226096379867,0.279136586283982,0.591010298635452
POLG2,-1.28523165948765,0.198711343404598,0.501139889392776
DRAM2,2.49637820052741,0.0125468749055672,0.118579345574066
MLF2,0.604654612776471,0.545408511330785,0.792839525641657
KLHDC8A,0.564995147613495,0.572077064660791,0.808635266170895
MGP,-1.04269401323904,0.297090031505472,0.605969031733122
ATP2A2,1.43645368102073,0.150873287480754,0.437600821016404
BCAT1,-2.26288590612184,0.0236427234229536,0.165795283697297
ACTR3C,NA,NA,NA
ITGA10,1.13243653747592,0.257450951094114,0.568053551311761
NOVA1,NA,NA,NA
DMXL1,-0.047733437050543,0.961928685553189,0.98678796463751
PIGB,-3.19690751655794,0.00138909456037163,0.031709965251263
ZNF664,NA,NA,NA
TRIL,-1.75618963038163,0.0790560347126781,0.314973582013707
ZNF362,NA,NA,NA
H4-16,5.46748015869416,4.56478286291934e-08,4.0578234484963e-05
KLHL35,-0.913723965372123,0.360861907971592,0.661372702719365
ZNF668,-1.4840199838536,0.137803619087606,0.418927437467694
PDE10A,0.624902020904678,0.532035365895922,0.785194656146492
PTAFR,-0.99869166587861,0.317944079163853,0.623969015661355
PDYN,0.543656129641595,0.586678126782469,0.816680163221875
ADK,0.940407058835873,0.347008802811539,0.650426070772156
CACNB4,1.62558485060926,0.104038000094071,0.360851453661427
MDH1,-0.575052536690357,0.565255766446452,0.805013870795299
TRAF1,0.0926746485495946,0.926162037842984,0.972610937757956
EVI5,-0.690057541163911,0.490158002539942,0.758035709256786
ATP6V0D1,0.972538564029601,0.330782689414708,0.635735470232107
POLDIP2,0.109878497066713,0.912505736125134,0.967093532808964
PLD4,0.0886416486644991,0.929366707495938,0.973128136285782
LDHA,1.77630376842076,0.0756828624394467,0.306956365320697
LMO3,2.62831836831087,0.00858081656954331,0.0941383958089779
TRAPPC1,NA,NA,NA
CACFD1,-0.928919357198511,0.352930880429858,0.65570340116253
MYPN,-1.66340360264732,0.0962316724572017,0.34752097932825
ARF1,0.729986400272137,0.465398497542267,0.739546740553154
SSH2,-0.195785612681628,0.84477797155668,0.942361782937674
FHL5,0.433678977480519,0.664521574626499,0.858458713947312
TRERF1,-1.57613408963417,0.11499490422313,0.381180739771866
ACVR1B,0.222690710225485,0.823776231992788,0.93356558952038
TIMM8B,-1.03489849595909,0.300716317125155,0.608519681895466
KIFC3,0.631741402642564,0.527555869092844,0.782201833760345
CCDC189,-0.837354069977019,0.402393574865098,0.696074933173114
CNOT4,-0.223970853633371,0.822779982569273,0.933402229306122
SFSWAP,3.99843703309806,6.37621383682873e-05,0.00417024258903718
PDGFRL,-0.152563464319864,0.878742538883907,0.956328459601339
TUBA1C,NA,NA,NA
PARPBP,-1.12814149267904,0.2592601682068,0.570130917046154
HNF1A,-1.85432839121697,0.063692192682274,0.280119857988874
TMEM14C,-0.125536816483342,0.90009858022837,0.963676212852365
COA4,-0.518385638149137,0.604189233051816,0.826514681803118
ENO2,-0.164415765280327,0.869403853559309,0.953234494303728
MMAA,-0.545575901543996,0.585357493190613,0.81585227570948
STOML1,-1.34987635131426,0.177055648560504,0.475557436497931
PRKAB1,-0.380805302703291,0.703347724227377,0.880163635727942
AKAP7,-0.523100757782486,0.600904138212996,0.825124450963881
LDHC,0.859239684192347,0.390208293336775,0.686955700012271
HES7,0.946631523097814,0.343826575002967,0.647949520070437
CLDN2,-1.69210336901177,0.0906262662205317,0.33817182985936
CLDN24,0.524869889104338,0.599673642766072,0.824531529992683
GABRB3,-0.118589548403653,0.905600546081863,0.964669535353719
OPCML,0.545540889516591,0.585381566008331,0.81585227570948
POLR1B,-1.40093065114445,0.161234811907372,0.453232975733669
PDCD2,0.758810712015922,0.447965796798686,0.727537403292472
SENP8,-0.886271488898058,0.375471248810761,0.675355932148344
CYB561,0.502551659607611,0.615279523308275,0.833238117773514
NKRF,1.27717113139094,0.201541836545335,0.503575182523613
TBC1D30,0.832849889814914,0.404929393768385,0.697991673163891
GTDC1,0.59000701539538,0.555185946210401,0.799196713659185
TRPM1,3.53360106763398,0.000409939322315398,0.0141116242342376
TMEM50B,NA,NA,NA
BBS12,0.621338372373083,0.534377011243806,0.786473061347526
FBXL17,0.88788278908839,0.374603803556158,0.67457253090332
SLC39A11,-0.113354020764179,0.909749890802635,0.966230066445026
OR10G2,-0.626934961770272,0.530701868634877,0.785003328845895
C17orf100,-2.21719807244754,0.0266095592577499,0.177422156438835
YTHDF2,1.03601818320627,0.300193659639531,0.608014325851743
MOSMO,NA,NA,NA
MAP3K8,-0.171940241588004,0.86348450945754,0.951369051248349
LPAR2,-1.8536945395153,0.0637828733735935,0.280281123123508
TBC1D10C,-0.453623890609479,0.650099555175623,0.849584858890212
HTR2A,-0.554794175662049,0.579035451418388,0.811893855099623
DND1,0.861532699588314,0.388944719468895,0.686250157689894
NELFA,0.0708840728735422,0.943490019492358,0.978195491133957
USP36,1.98150216345625,0.0475349869908463,0.24010106712925
PTK6,1.60108398271808,0.109358319324364,0.371422406126728
OTUB1,1.72247779837253,0.0849830012213539,0.328624133689125
NLRP2,NA,NA,NA
ANAPC15,1.88575920602764,0.0593274104661177,0.270749068738647
LRP6,0.761085463404152,0.446606022437905,0.727118100741395
FAM186A,-1.40802192886981,0.159124576729567,0.450655750604843
RPH3A,1.33943808436562,0.180428098168186,0.480174719268059
COPS7A,NA,NA,NA
HDAC4,0.943489687684892,0.345430487548194,0.649499452409331
GPN3,0.279438772240636,0.779908119698779,0.916126817325142
RGS13,-0.399633272142605,0.689426646424618,0.873319982871012
GPHN,NA,NA,NA
ACADVL,-1.10060398660296,0.271069049716373,0.583128355305113
ME3,0.706012724328478,0.480180224491383,0.750567185820623
SHD,-0.696507052169604,0.48611134237352,0.754686111151493
GTF2H3,0.140058098806877,0.888614086505306,0.959947568903497
DYRK4,-2.13471406184822,0.0327843736670926,0.197605850492933
POU2F3,1.42394399986559,0.154462683467776,0.443603206492783
SUDS3,NA,NA,NA
PCDH7,2.15099389776427,0.0314766813374578,0.19399494631797
LATS1,0.0527829402107288,0.957904854290416,0.984993179289459
FGD5,-4.68249188020468,2.8340841745282e-06,0.00049228272315167
PRRG1,1.69064717726752,0.0909042085285468,0.338694378521548
GNS,-0.441991532517675,0.658495333273271,0.855008831829112
KRTCAP3,-0.145754449469647,0.884115235839493,0.958356576184819
RAN,4.08948534305834,4.32331384800022e-05,0.0031870204327307
LRTM2,-1.4230064755612,0.1547342780617,0.443877071007671
HSD3B2,-1.6880978009108,0.0913924565357438,0.339509046993156
SMG8,-1.57918332679974,0.114294013173869,0.380092451967975
SYCP2L,-1.37578255087651,0.168888965237271,0.464975413129101
IZUMO3,-0.351920162431216,0.724898137823758,0.890840095860179
IL4R,-0.489652861866522,0.624379563254522,0.837154763181782
SCO2,-0.422419295261724,0.672718996517889,0.8639525346629
C12orf56,-0.0718070704656751,0.942755445930787,0.977885804804323
TIMM50,-0.696213015045825,0.486295438128182,0.754796840541395
ZNF641,-0.853192220931669,0.393552716563739,0.689995837643331
GPR17,-1.1617517215792,0.245336329799712,0.555116287143151
MYCBP2,-0.0796812786422983,0.936490749581502,0.97548081426295
CHD4,0.330188962798989,0.74125718602459,0.89700399489062
DRD2,1.88916858784817,0.0588692423525868,0.270036433786938
ZNRF3,-1.87299611130991,0.0610689219802575,0.274926169915037
ANKRD49,-0.411877235523957,0.680429407027324,0.867368131505434
ITGAM,-1.51498480346329,0.129776252584605,0.406546171032038
SSUH2,-2.99817161621787,0.00271604682193163,0.0484020042134798
H2AJ,NA,NA,NA
PAAF1,-1.24077332736687,0.21468949715556,0.518211440887597
PHC1,1.81271256830756,0.0698761649890603,0.294445724971865
ZHX3,-0.096830916899752,0.922860671158288,0.971016145278922
TCEANC,-0.193501666779854,0.846566100823059,0.942846142607265
EGR4,-1.26348215998084,0.206415953974446,0.509532488804612
CCR3,0.220140860977974,0.825761452815149,0.934352172225024
CEPT1,-0.496544191811997,0.619510516581045,0.835449127839796
PCSK5,-0.388594474369674,0.697576154965448,0.877603301185303
RBM19,0.191255108677305,0.848325729900868,0.943263809157672
ABLIM2,-0.344845788348206,0.730210307943309,0.890992181965223
SMAD5,NA,NA,NA
AK4,-3.35873189632045,0.000783009936590253,0.0218174715229187
CCDC91,-1.97411993009624,0.0483681076543484,0.24273271122736
ARHGEF28,-0.980370529809104,0.326903251316051,0.631428969503332
MOV10L1,1.24337809879908,0.21372853697695,0.517772627572245
TRMT2B,0.82673341670244,0.408388176479457,0.700679964406904
ATP1A3,2.8455096330498,0.00443404182759373,0.0652456086646509
BANF2,-0.888075392199146,0.374500198424194,0.67457253090332
C2CD5,-1.30299799190702,0.192575447132301,0.4946504567799
SLCO1C1,-0.268589039744413,0.788245947486966,0.920078324174931
CAND1,NA,NA,NA
RNF24,NA,NA,NA
DDX11,-0.770283456358121,0.441131767697639,0.724662939682141
MMAB,0.125581618427838,0.900063114117004,0.963676212852365
NR4A1,-1.05003385258261,0.293702548820093,0.602886220584378
DAPK3,-2.74624285311511,0.00602821223388819,0.0772674667332641
SLC25A14,1.78067046453541,0.0749663009101064,0.305361385270493
RAI2,2.78970488217271,0.00527561053984513,0.071691556771168
MTHFD1,-1.60997497087738,0.107403320502373,0.367207442911277
ANHX,-2.1321194327902,0.0329970294838907,0.198270818910758
AKAP3,-2.23647450964449,0.0253207052164763,0.172674412108028
SLC29A2,-1.55529370517721,0.11987613586484,0.390223076754532
TSPAN11,-0.0322558136263191,0.974268046470401,0.990523326040144
ANO2,-0.441369584860651,0.658945457549,0.85520300193065
MPDZ,-1.93588873166421,0.0528813301477668,0.255889420811096
SKP2,1.24106868151068,0.214580377907458,0.518174923447987
ERC1,-1.8125435041932,0.0699022582340743,0.294445724971865
FAM214A,-0.841250112956731,0.400207831731751,0.694846134321028
ERFE,-1.23708255751595,0.216056434600239,0.51974607444744
RFLNA,-3.03628176349719,0.0023951542591918,0.0445758265577666
CPM,-1.3650411046955,0.172240131130971,0.469751463932725
C17orf49,0.516228806628893,0.605694613085218,0.82752526832509
RASAL1,-2.30260219555143,0.0213012355198919,0.156949912811607
VPS29,0.572669270420181,0.566868647815349,0.805744597170514
CLEC5A,0.687352509600039,0.491860616616358,0.759012505212831
TRIAP1,NA,NA,NA
PRSS58,-2.82106782106782,0.00478640825045544,0.0684853457502035
OTOGL,0.329902186165319,0.741473871577247,0.897058133638248
TAS2R38,-2.04293362400653,0.0410590092595272,0.222395996828745
CLBA1,0.468380941377929,0.639512194770832,0.845412576695049
SLC16A7,-1.67136682451603,0.0946492445764418,0.344703769482046
MAP3K12,-0.0607357421199258,0.95156966611685,0.982042179556845
RAB5C,-1.1761031848836,0.239553645390243,0.548088729873612
BRF1,0.933659293397872,0.350479669167977,0.653801846743175
AGAP2,0.222724155157259,0.823750200433892,0.93356558952038
GAS2L3,-0.362803079505352,0.716751991289734,0.888277933662779
ANKS1B,0.706437818754189,0.479915909141112,0.750427540217719
TMEM263,NA,NA,NA
TWF1,-1.58997757506353,0.111839859898401,0.375833658613438
C12orf54,-1.66995152849717,0.0949289541265181,0.345096549136382
TEX49,-0.0983731444916681,0.921635998818462,0.970653115039483
C19orf67,-1.06004558694152,0.289123860539235,0.598854136577429
METTL7A,-1.33526351961158,0.181790113873133,0.482249511029973
OR6C68,NA,NA,NA
GLT8D2,1.47355654950473,0.14060102752042,0.422670126892499
PRPF40B,-1.33117166168188,0.183132533592408,0.484008973767072
BLOC1S1,0.00195202324701833,0.998442511777983,0.999169805839937
COPZ1,-1.82923790362183,0.0673639765258568,0.28945249168574
CD63,-2.32160822098858,0.0202540408295197,0.152734064379093
PPHLN1,-1.21198746386481,0.225517179403841,0.531588771666018
KRT74,0.701640190291886,0.482903580962981,0.752411477009235
RNASEK,0.498432633175638,0.618179140587849,0.834994920679619
PPFIA2,-0.937119938267789,0.348696866482267,0.651950229325015
DNAJC22,-1.99273894535471,0.0462900404289534,0.236569188692034
KCNC2,0.949516180864551,0.342358146379002,0.647025733112616
SENP1,0.109453446633976,0.91284284405791,0.96711694584257
DAZAP2,1.28622048387032,0.198366124178389,0.500796986486815
BEST2,0.342915273918641,0.731662200782983,0.892168273026474
WSCD2,-0.80623849135036,0.420105348597821,0.709202067432771
RPL18,NA,NA,NA
ZBED6,-2.14128897709121,0.0322507414886835,0.196204994113118
ATXN2,-1.74744530037893,0.0805601253882011,0.31886448791684
FRS2,0.909756161329594,0.3629511187337,0.662829885958148
FMNL3,0.788546283373603,0.430377237213727,0.716849296791279
RAB3IP,-2.32433464870797,0.0201075651552078,0.15201584156916
UBE2N,-0.700268384439461,0.483759711997621,0.753201809984344
ACVRL1,1.64855423866594,0.0992389902909493,0.352742047818451
OR11H12,NA,NA,NA
TROAP,1.06847215861267,0.285307582650218,0.595293899842825
TBC1D15,0.3745991196028,0.70795862789278,0.883220944877179
FKBP11,-0.427333121265387,0.669136711779589,0.861621846320139
TPCN1,-1.16223279538881,0.245140916587215,0.555063465032383
NACA,-2.1243954112334,0.0336370933923518,0.19965583477817
PFDN5,3.64178520364615,0.000270753944042351,0.0105454474287835
DDIT3,0.1051482972752,0.916258135998026,0.968557145439435
RDH12,-1.52880544731617,0.126312681571217,0.400068999813241
ASPG,-2.42301752033544,0.0153921843161709,0.132736757872854
CNTN1,0.787837163858027,0.430791959714767,0.716849296791279
SPIC,-1.05003163053347,0.293703570403798,0.602886220584378
NR1H4,-1.90645769386571,0.0565908495475774,0.264728876758239
MAPKAPK5,1.00423529056575,0.315265215591383,0.621331836909397
NPAS3,0.509534911109041,0.610377334152116,0.829867722278716
TAFA2,NA,NA,NA
DTX3,NA,NA,NA
UNC13A,-3.39032280521726,0.000698103681220973,0.0200947482487835
TMTC1,0.548502620466446,0.583346830439617,0.814218279231743
APPL2,-0.895965462797643,0.370271209334752,0.670284920396115
ARL1,-0.538766713719835,0.590047834111117,0.818205438528832
MARF1,-0.926223645668221,0.354329766629249,0.656203940566925
GATC,-0.623509161031824,0.532949984052582,0.785623186473746
BAZ2A,0.0412306326078288,0.967112033139755,0.988858969373798
KRT4,0.229662833987747,0.818353777137507,0.931860850622234
APAF1,-0.98654583858732,0.323865333107488,0.628378471982788
MYRFL,-2.1072579505881,0.0350952261269225,0.204488437583151
SARNP,-0.429368930740886,0.667654760395505,0.860530185030466
SLC38A1,-0.727427208649578,0.46696429171223,0.740939181964502
NUP37,0.36349763616995,0.716233178404852,0.888277933662779
CSRP2,-2.15864813259925,0.0308774755540034,0.192738707382114
INAFM1,0.273249938053261,0.784661095008324,0.917786259115
TMEM116,0.336857131841866,0.736224602350491,0.894071535737755
RITA1,-2.56776567201215,0.0102356321718337,0.104660042845561
TGFBR1,-0.850255218960815,0.395183207609261,0.691351135996855
FICD,-1.89414143102771,0.0582062397003607,0.268830285559857
TMBIM6,-0.419739824598888,0.674675528803989,0.864995044649689
NWD1,-1.97582121886174,0.0481750293261203,0.242044978100526
LIN7A,NA,NA,NA
IFT81,-0.865927153042144,0.386530111560268,0.683808379100075
SPATS2,-1.55277243322287,0.120477510701866,0.391538955210022
C12orf45,-0.340841528476729,0.733222885167433,0.892793831331098
MYL6B,-0.168414284097853,0.866257371518377,0.952454944424574
PAH,-2.01748521459386,0.043644902459593,0.230356556561983
CDK2,1.00612623901861,0.314354848174317,0.620351024338542
ZFP37,-0.880307931066574,0.378692517292244,0.67813737662287
ATP5MPL,0.207828238143421,0.835363083135059,0.938305598475672
TTC6,-1.55211175288081,0.120635486298949,0.391680095524354
EMX2,NA,NA,NA
ALDH6A1,-2.44181809046524,0.0146135080840198,0.129494519075915
UNC79,2.93932454140595,0.00328928449873054,0.0543847563947658
G2E3,-1.73464068191798,0.0828044689948111,0.323659336626458
SRSF5,NA,NA,NA
TIMELESS,0.26511348738654,0.790922037555889,0.92145723039234
STAT6,0.0755835546506625,0.939750420520924,0.976451344534668
HEATR4,0.458370008098967,0.646686635249482,0.848595060900684
GSTZ1,-3.50086846038661,0.000463744678919472,0.0153412347629379
GTF2A1,1.24256961030141,0.214026474292183,0.518066470010508
DNAL1,1.1841849755459,0.236339848224422,0.544778490904129
RNASE9,-0.307350428199288,0.758576655754294,0.904781078402654
SERPINA5,0.271057887762466,0.786346510131764,0.918944945359117
C14orf132,-0.100287394452807,0.920116164807359,0.969799650745374
OR13A1,-1.93009317009887,0.0535952945649402,0.256685087569096
PRAF2,-0.120258611380099,0.904278289439453,0.96447714218272
ZFYVE1,1.72060240572888,0.0853229966254219,0.329222285716137
TCL1A,-1.5737556561086,0.115543949378009,0.382110928651973
ZBTB1,2.36008039504555,0.018270974972804,0.145266882629102
DUXA,0.255142289985058,0.798613202059563,0.924704862990184
DMAC2L,-0.30173340690757,0.762855299463557,0.906809508809351
JKAMP,-0.963233799842679,0.335430206588737,0.64002793964255
BDKRB2,0.454566866120248,0.649420876608146,0.849472581069499
SAMD4A,-0.0298474106168978,0.976188747388165,0.991480304138738
HNRNPC,NA,NA,NA
VTI1B,0.844031680068558,0.398651702942442,0.693824537705123
PPP4R3A,1.41609909292075,0.156746493653157,0.44727209442721
SERPINA10,-0.985016918071922,0.3246157608757,0.62900286938756
MAP3K9,-2.4674396698036,0.0136083150855885,0.124325426845381
IL11RA,-1.32900509757744,0.18384628810167,0.484443784793799
ASB2,0.804610616582563,0.421044413760051,0.709978038467072
SERPINA4,-1.40539689126656,0.159903290655647,0.45124656040429
HSD17B6,-2.3920316786895,0.0167553961141776,0.138591979243269
NUMB,-1.08851408695811,0.276368221149537,0.589148900833941
CEP128,0.0980595477690651,0.921885008868068,0.970763366735628
APEX1,-0.537560421474887,0.590880560618093,0.818834207433344
MC1R,-0.435128054973317,0.663469480576964,0.857906288224444
ACYP1,-0.0726275167484555,0.94210252933907,0.97769187710966
RAX2,1.6350158608962,0.102045722721466,0.35762625197555
PTGR2,-2.92522442095833,0.0034420789238211,0.055811906327022
SLC7A7,-2.6180007501058,0.00884466106947047,0.0960895169531544
ITGA7,0.697665647301216,0.485386316468118,0.754257893518375
SNW1,-0.0220147829480368,0.982436163308658,0.993828459408981
SIPA1L1,2.54076248680928,0.0110611031359206,0.109466529528508
RNASE4,0.448940630204417,0.653474485283852,0.851518212764337
TMEM30B,-2.20997188127793,0.0271071138455921,0.179353198088699
FBLN5,0.487057644622817,0.626217480936776,0.838136442468918
VIPAS39,-0.361826462672556,0.71748171574457,0.888590697289947
CEP95,-0.95758600518203,0.338271558878442,0.643384128491721
PROX2,-0.561507205719707,0.574451819494569,0.809881135945697
NAA30,-1.02796478066931,0.303966394973511,0.610961569954518
DPF3,2.11108735258717,0.0347648043165911,0.203630125128808
RNASE12,-1.53872280724302,0.123871981920989,0.396852531437352
PTPN21,-0.825859279962135,0.408883921947865,0.700933309952095
TMEM179,1.70059150758635,0.0890197199595197,0.336013207169794
TGFB3,2.21292357060959,0.0269029153624065,0.178627793038966
ISCA2,0.0894136470527743,0.928753178133234,0.973128136285782
SRP54,NA,NA,NA
TMEM229B,-0.318033401371286,0.750459600605732,0.901293161703561
DIO2,-0.635044701592663,0.525399261028502,0.780739245990362
ERH,NA,NA,NA
FOXP3,-0.799513463020952,0.423992743328877,0.711693695122292
RGMA,1.3177973663564,0.187571489799274,0.488805027392073
GNG2,NA,NA,NA
RPS6KL1,-1.25783323241749,0.208452074374816,0.512027519204764
SLIRP,0.285539937579297,0.775230511576222,0.914399273410854
ETFRF1,0.253368227611846,0.79998367747649,0.924942110001555
RD3L,-1.19895929417555,0.230543773972564,0.536409162782662
NEDD1,-1.47388785022592,0.140511789554345,0.422590357278801
CNIH1,NA,NA,NA
LDLR,0.0143493044941079,0.988551304373158,0.996463977603685
MEF2A,0.789219015333221,0.429984009960836,0.716813939164716
ETFA,-0.697694725934417,0.485368127168717,0.754257893518375
PSTPIP1,-0.227658096358452,0.819912051262161,0.932260900860911
GDPGP1,-0.600724501745477,0.548023496860619,0.794853734021351
SEC11A,0.119605002874236,0.904796056456975,0.96447714218272
SHISA9,0.570525845209742,0.568321097762766,0.806436715869969
TTC23,0.215231591421892,0.829586761662238,0.936134643237734
RPL28,NA,NA,NA
SRP14,-3.15071697807279,0.00162870230325948,0.0352828903928334
CCDC9B,0.268367036282634,0.788416810371898,0.920113895925563
TRIM69,1.2580546310133,0.20837199952189,0.51201738507417
WDR72,-1.72459283756404,0.0846008751285231,0.327985742673741
CERS4,-3.8688024970449,0.000109371187875865,0.00584034413844549
SECISBP2L,-2.29631120741846,0.0216580937504866,0.158265388319566
ITGB3,0.841913930421881,0.399836132242882,0.694483427886832
MAN2A2,-0.520842680657362,0.602476368028647,0.825670951394704
CCDC32,1.03280174189374,0.301696688418342,0.60911694794629
TLE3,0.687520308823763,0.491754907365795,0.759012505212831
GALK2,-0.74790310496915,0.454518604587036,0.7318790785849
ZNF592,3.05003782658225,0.00228812545811226,0.0431149026471227
LRRC49,-0.0450669767636486,0.964053923390904,0.987915026126219
AP4E1,-3.26735603624666,0.00108557062822399,0.0267272183137451
PEAK1,2.48919015268735,0.0128034466420676,0.120028340977001
ISG20,3.56397378712694,0.000365282449385199,0.0129497589927709
DMXL2,-2.02273823540201,0.0431001425956261,0.229406055757726
NRL,1.85728668058008,0.063270378371305,0.279573671914375
APBA2,1.20347296089826,0.2287933486943,0.534723953830539
GPR176,1.10285572679989,0.270089823219532,0.581672710345386
RASGRP1,0.388060731482839,0.697971090959486,0.877616089522756
RNF111,-0.62348209031835,0.532967767848653,0.785623186473746
MEIS2,NA,NA,NA
MEIS3,-3.35242503452527,0.000801069325780105,0.0220505640276666
TLN2,-0.768059194004178,0.442452018385702,0.725012467664938
CDIPT,-0.483468153098686,0.62876336701096,0.839610497682215
TSNAXIP1,0.4150025867981,0.67814000945419,0.866275988988473
ZNF423,2.01487233842114,0.0439180270224353,0.230356556561983
TLE7,0.576529877628939,0.564257080943577,0.804634065940419
TMEM170A,NA,NA,NA
AL845331,-1.41073390117966,0.158323090865765,0.449698396331732
ARPP19,-1.98940858053305,0.0466561233198405,0.237876968829093
FRRS1L,0.376976129755081,0.706191344192602,0.881834704465262
ZNF598,0.481822903179458,0.629931757915767,0.840205536242106
ADAL,-0.997157936575723,0.318687854628148,0.624378333121685
TPBGL,-0.645466120052108,0.518625166985789,0.776558299423228
SCAMP5,0.0474337240051462,0.962167551391087,0.986804306735254
FBXL19,0.481503308790033,0.630158828662604,0.840233533517865
NETO2,0.199026137775527,0.842242298595414,0.941347948848006
XKR7,-2.13882444586876,0.0324498888548386,0.196664552110015
CENPT,-2.04441985467051,0.0409120875186183,0.221990193563006
SLC22A31,0.142475177422347,0.886704684886274,0.959146893701713
HAPLN3,0.136534560396515,0.891398705109229,0.9611714043247
CNN2,-1.23792137156596,0.215745217059415,0.519328085409665
DYNLRB2,-0.0861227999788418,0.931368799197474,0.974013629933299
INO80E,-0.588036903994206,0.556507522518854,0.80018443303122
DDX19B,NA,NA,NA
EARS2,-1.2463068083629,0.212651779293418,0.516412305425791
RBM15B,-1.09329893054266,0.274262572305835,0.586895495990623
SCAPER,1.7636818276315,0.077785562337829,0.311719813855548
SULT1A3,-4.17139565747386,3.02739677489861e-05,0.00261428686070102
SNAPC5,-0.463301443675861,0.643148311125094,0.847067916831308
TCF24,-1.87929788428757,0.0602038304331351,0.272721908125161
PDXDC1,-0.104836276163091,0.916505724426694,0.96875110215683
C13orf42,-0.38490788505335,0.700305663732962,0.878331744570713
PECAM1,-1.96962604318529,0.0488812446348138,0.244276907712072
STRA6,-0.77730452107783,0.436979128303221,0.721585565076135
PLCG2,-1.18578942293658,0.235705469564895,0.543611857955017
MKRN2OS,-2.62186038555506,0.00874512478837491,0.0952821382854517
KCTD5,0.808531787495954,0.418784514622015,0.708301240623156
EIF3C,1.51444985671203,0.129911782389621,0.406593913616063
DET1,1.86485910297312,0.0622011562501521,0.277526977635754
MINAR2,-0.581386442094373,0.560980032978819,0.802204976369585
ZNF106,-1.11169146226248,0.266270831948285,0.578296963562766
DOC2A,0.10679802001018,0.914949218295525,0.967880906506346
KLHL36,-0.414508888402688,0.678501458931424,0.866372120605972
SULT1A4,-4.02296125150299,5.74709545290276e-05,0.0039477321129212
BLOC1S6,-1.48949974849833,0.136355819520344,0.41735692942177
AARS1,-1.17228817541243,0.241081377381148,0.550060893977996
TMEM249,0.865862971610045,0.386565311186603,0.683808379100075
ANKRD66,1.01172940870079,0.311667450155556,0.617370363973097
TMEM178B,NA,NA,NA
ARMH2,1.2486203562164,0.21180396334573,0.515257806516528
SLC25A24,3.11805824446717,0.00182046823142253,0.0376216730500244
HSPB9,0.827222089476348,0.408111193617627,0.700679964406904
MAN2C1,1.85035454363243,0.0642624660624836,0.281401863622305
ESRP2,0.760826692443428,0.446760589014322,0.727150845615507
CMC2,0.225794673253098,0.821361120229702,0.932562678355467
SPNS1,-0.869354843062651,0.384653074228478,0.682462054563601
OGFOD1,-1.00223841753592,0.316228457233495,0.622154326587584
SNX29,-1.73321090011338,0.0830581903457562,0.323999838024024
HEXA,-0.818050068334523,0.413328598477988,0.70403762175376
SPSB3,0.283520794686423,0.776777643488237,0.914644549953686
NPW,1.37445111669724,0.169301676212608,0.465857052244162
WWOX,-1.12537621678818,0.260429644907717,0.571870501866523
SNUPN,0.377009789475145,0.70616632986728,0.881834704465262
SCX,0.0217112982426307,0.982678251203594,0.993828459408981
MDFIC2,-2.04588084649412,0.0407680952270351,0.221726430375387
CDIP1,1.21503325457663,0.224353408307907,0.530432862239748
INTS14,-0.65283413443392,0.513863215093522,0.773764538311409
TAF1C,-1.09038443291662,0.275543836254155,0.588221281744991
ABAT,-2.25846241453391,0.023916845291831,0.166942894249492
MACF1,-0.55149538646304,0.581294128432783,0.812779132945616
CTU2,-0.890408101608064,0.37324679375234,0.673595340232981
KCTD13,1.21408251111617,0.224716217664679,0.530774045230332
ZNF747,-1.11478747465436,0.264941505154331,0.576909223654727
METRN,-0.784299217294362,0.432864558641718,0.718682620324505
ASIP,0.517824281114527,0.604580875535247,0.82675108054372
SYT16,-0.802903822160511,0.422030326699283,0.710371450902294
TMEM231,-1.43667078121195,0.150811561057981,0.437600821016404
EME2,-1.19093144296143,0.233680499646419,0.541207618491445
PDK3,-0.524947397481312,0.599619758952621,0.824531529992683
TBL3,-0.318254881450352,0.75029160573508,0.901293161703561
TUBB8,-3.84857224248783,0.000118808261055533,0.00614873438723021
SQOR,-0.686403075304504,0.492458965741846,0.759314344484315
WFDC1,1.58716926892901,0.112474312873405,0.376931646956448
ULK3,0.223017129204831,0.823522175036997,0.93356558952038
FUS,-0.00329025258391805,0.997374762998849,0.998774652941254
NUB1,-2.6124182022017,0.0089904203492862,0.0969067277592105
COX5A,0.331772693507398,0.740060904912319,0.896668565395068
ADGRG1,-2.3992065800398,0.0164306422360901,0.137182246117013
PHLPP2,0.907171041317472,0.364316354961717,0.66419939150458
ZNF865,0.222674495920455,0.823788852319631,0.93356558952038
HAS3,1.51234592543196,0.130445883522668,0.407545625758643
CNOT1,1.18376053722785,0.23650786764925,0.544833368279797
SERTM2,NA,NA,NA
C15orf41,-0.00984196670396355,0.992147373492382,0.997393232309955
CLN3,-1.10098679643917,0.270902403723992,0.582990166172951
SCRT1,0.22934533163585,0.818600522727853,0.931860850622234
ANTKMT,-0.766952560612941,0.443109721539288,0.725018851440203
TMC7,-0.217258531717818,0.828006872121799,0.935197176440346
MRC1,0.408906634312507,0.682608180152802,0.868972691303946
BOP1,-0.610076128737399,0.541811378826165,0.791326067023879
INSYN1,0.602612775067175,0.546766319770991,0.794035424214801
C15orf65,0.49925199753401,0.617601867371973,0.834737449219681
PARP6,NA,NA,NA
NUP93,1.12570915939925,0.260288645510792,0.571643948693372
CDYL2,-2.1546239939001,0.0311912698727318,0.193416467026878
OBSCN,1.2508638137168,0.210984168101013,0.514571866303832
ZFP90,-1.19732554020245,0.231179693335006,0.537392328207754
ANKFY1,0.745665390284543,0.455869571156729,0.733039046533357
GPR139,-1.07991818163779,0.2801786160765,0.592009099897318
PRSS33,-1.77488396463253,0.0759170485169821,0.307462108817661
ALOX15,-0.0919489767514013,0.926738578426853,0.972610937757956
GCGR,0.782582653356491,0.433872231259114,0.718933898989883
RSL1D1,-1.27804430236259,0.201233805889852,0.503179875018909
PDE6G,NA,NA,NA
MMP12,0.402005961863499,0.687679638647666,0.872049567780778
PCDHGA4,-1.29007217529225,0.197025599680254,0.499612349606629
MRTFB,-0.0452021649831716,0.963946168608964,0.987871592297481
SLC43A2,0.115241626208013,0.908253605503316,0.965838328503702
RNF167,1.52536358688879,0.127168435757827,0.40179163729297
TOM1L1,-1.93263291244995,0.0532814349810582,0.256108120367576
OVCA2,-0.438841012761272,0.660776740617213,0.856086051692864
NLRP1,NA,NA,NA
MYL4,-3.22668891351045,0.00125231532588025,0.0295358081385394
OR1R1P,-1.08753333537059,0.276801174532003,0.58929072704558
PIMREG,-0.268429096676501,0.788369045145587,0.920113895925563
MCRIP1,1.39864077637857,0.161920732071686,0.45431602359215
CIC,0.0499231977156759,0.960183591246263,0.986314547236125
KANSL1,-0.346909620331423,0.728659218983829,0.890852127423931
DNAH2,2.37725633770785,0.0174419623293351,0.141750374552085
SRGAP2,0.84778745207448,0.396556352444715,0.692164425750118
SPATA22,-0.873848769145923,0.382200617381703,0.681360973660518
ACTG1,2.00148583873246,0.0453400583743194,0.233929314493928
MYMX,-0.121125479355834,0.903591648147027,0.96447714218272
PCDHGA9,0.0757911550287537,0.939585253149793,0.976413997084285
NUP88,2.10093725171077,0.0356464748209887,0.206552732935115
CTDNEP1,NA,NA,NA
MIS12,0.772983332331336,0.439532244932525,0.723710098651157
ACSM2A,0.0607255101271702,0.951577815024594,0.982042179556845
ZP2,0.639905101472324,0.522234297119748,0.778234187675919
SCIMP,-2.39683977439118,0.0165371532795606,0.137388378428104
GGT6,1.17971023039454,0.238115483589758,0.546764305812258
PLSCR3,1.78130856910077,0.0748620553761363,0.305183539477791
ABR,2.30692162129945,0.0210591899494956,0.156003175743518
CTRL,-3.81773156658626,0.000134684351236088,0.00662980428625329
METTL4,-2.24433128396743,0.0248110941474372,0.17004319943586
NMRAL1,0.435984834650589,0.662847732671577,0.857322401243827
USP6,-3.22953580638581,0.00123991353877186,0.0293692373008157
TSPAN10,1.40969867923317,0.158628674903288,0.450177753077649
ZNF213,-1.2519667369729,0.2105819847749,0.514462302622375
WSCD1,-0.358747171351604,0.719784236465003,0.889037955166254
HCFC1R1,0.454895356584074,0.649184523653094,0.849472581069499
NAA38,1.23758635459743,0.21586947660901,0.519379005017569
BAIAP2,1.77295525930096,0.076236120850966,0.30797300727975
NLGN2,1.15588584694776,0.247727852436915,0.558339046387272
TMEM100,-0.133093290141939,0.89411960162924,0.962380589720183
LITAF,0.588771710711329,0.556014425319807,0.799883231543017
NPY4R2,-2.3660984346588,0.0179766640958266,0.143901275354113
PAM16,-0.303119416487024,0.761798857609985,0.906266577674729
PCDHGB3,0.883373974417359,0.377034247530067,0.676932582710511
RUNX2,-0.851025467116767,0.394755206029201,0.690935913077749
ATPAF1,-1.14408480634435,0.252588468087942,0.563828202325698
SPON1,1.37249087377187,0.169910677991044,0.466513474891109
GFY,-1.72137443006171,0.0851829011443857,0.329222285716137
AIPL1,NA,NA,NA
TNK1,0.702972066207745,0.482073157845073,0.752048060426834
INCA1,0.650933026153501,0.515089721099109,0.774452467477609
CCNQ,0.784535030015423,0.432726235650058,0.7185426133407
GOSR2,1.28406100880907,0.199120609519163,0.501424580939249
ZSCAN10,-1.61493318740632,0.106325164353084,0.364598566758295
GRAPL,NA,NA,NA
CDH8,1.01519500159007,0.310012882786362,0.616355043371595
FBXL20,NA,NA,NA
RNF43,-0.298502365911036,0.765319770645771,0.908524145640133
SLC25A35,0.229075556530754,0.81881019141371,0.931860850622234
MIEN1,-1.69735765865295,0.0896290624426984,0.336933928267179
CUEDC1,-2.47910328043277,0.013171316119658,0.1221134534971
HEXD,-0.583449079228223,0.559591026632971,0.801415806906507
YES1,-1.06284736105779,0.287851177616624,0.597939105998958
SEC22B,NA,NA,NA
TAF4B,-0.247463014428613,0.804549911704186,0.926280639565898
H4C14,4.07146197276488,4.67189900605448e-05,0.00341071197002392
NCOA4,-1.65523773297405,0.0978762840007493,0.35028819630914
DDX42,2.49769009878639,0.0125005421270248,0.118289413039198
RAB31,-3.66505951787011,0.000247281069525386,0.00993859447517986
MRPS7,1.07422548441598,0.282721633050015,0.593497807366099
ENGASE,3.40822139738521,0.000653878184894491,0.0193373916440813
SPATA33,0.407602939145618,0.683565206144202,0.869721645059872
RASSF5,-0.911248285031006,0.362164568044573,0.662483735405767
C18orf63,1.09983489066588,0.271404067281385,0.583422228272588
DNAI2,-0.673807454050444,0.500433735222985,0.7650535768022
H4C15,3.77849296473558,0.000157780309036016,0.00729596142316592
POLI,-2.2335278184619,0.0255141579435218,0.173212019246406
RPL36,NA,NA,NA
YTHDC1,1.26696119941263,0.205169163995708,0.507983856743709
ORMDL3,NA,NA,NA
ICAM2,-2.65527408204499,0.00792439936341539,0.0901626989812821
FOXN1,-0.968605081648762,0.332742266963821,0.637232434210779
TMEM98,3.4385688498301,0.000584797807743499,0.0178174686907656
DYNLL2,-1.58135494922497,0.113796902096987,0.379038744652782
TIMM23,-0.262229690705771,0.793144364209852,0.922186249077356
KCTD1,0.151909708557468,0.879258150845699,0.956612611632844
SLC16A5,-5.14251883577453,2.71079254138174e-07,0.000130535190368552
PTPRM,-1.52972993424454,0.126083590922402,0.399941936051492
TSHZ1,2.79503059804215,0.00518948032307866,0.0711001148162871
PIRT,-0.308003118547365,0.758079959365994,0.904648658225051
RPL17,4.15873977061849,3.20008212462665e-05,0.0027168337678291
GDF10,1.30389953842891,0.192267837677153,0.494212462686636
ZNF18,-2.08410618331547,0.0371505097435195,0.211164642842835
ADAP2,1.82358592755156,0.0682146956528839,0.290703911109175
STARD3,-0.108988753053095,0.913211410955958,0.967230925313039
NAT9,0.158240708955664,0.874267126732928,0.954687825651276
SLC16A6,-1.27608577059001,0.201925201079727,0.504045860376088
C17orf58,-2.43317293275216,0.0149671505755676,0.130969067456848
MYL12A,NA,NA,NA
VEZF1,1.97401977128605,0.0483794948528857,0.24273271122736
TEFM,-2.27457905619676,0.0229311936771826,0.163075858282157
STARD6,2.56733709869965,0.0102482929698138,0.104714133441397
OTUD7B,1.06184620123368,0.288305511676443,0.598186662569964
PITPNC1,0.678795547255519,0.497267415513752,0.762759356805097
TMEM200C,-0.293644863330327,0.769029290286388,0.910924175796199
FAM222B,-0.327094165828839,0.743596664327798,0.898236347572199
GDF2,-0.924394663823572,0.355280871978113,0.65667863714937
CLUL1,-3.27090110399678,0.00107205393487044,0.0265588181373148
IKBKE,0.242252546085265,0.808584481438174,0.927815389786917
TXNIP,-1.9211337530939,0.05471484729931,0.259363479418812
RNF115,-1.79974469396732,0.071900960393138,0.29826168362918
C19orf47,-1.71169975801156,0.0869520132450914,0.331320933978775
RPL26,NA,NA,NA
KCNH6,2.98467915315208,0.00283875911559782,0.0496519997163359
KCNJ12,1.99768924612805,0.0457503608111648,0.235163079108273
NETO1,2.25937720544202,0.023859931086752,0.166803963584339
KLF14,-2.21710859562239,0.0266156715621253,0.177422156438835
RBFOX3,2.89232876179054,0.00382397570603976,0.0595138216989422
ACP6,1.3850620453596,0.166033496224402,0.460554000540228
MYH3,0.370014105199789,0.71137198068938,0.884614259254775
MARCHF10,-0.709446380707365,0.478047514354919,0.749403945739786
CCDC178,-1.8079358940889,0.0706164784663654,0.296047196412869
ANP32E,1.28154609382619,0.200001920561642,0.501961163821722
SCRN2,-0.162561757612551,0.870863499388196,0.95331613852296
BAHCC1,2.25304558615746,0.0242562748177619,0.167993045392309
FAM72C,-0.534720868235389,0.592842889047202,0.820274834213635
SAP30BP,0.662100900157529,0.507906558976765,0.769166334772846
RBP3,-0.52748486154819,0.597856926384012,0.8235928779868
SRSF1,4.54636889649061,5.45793407867092e-06,0.000778116035819575
ANXA8L1,-0.819382067890234,0.412568462648411,0.703535839262332
IFT20,2.00216859786667,0.0452666017755685,0.233789776497741
ZNF488,-2.39933394537474,0.0164249276643194,0.137182246117013
OVOL3,-0.926329340206943,0.354274852658062,0.656183548641822
SARM1,-0.940429665095067,0.346997211658675,0.650426070772156
LINGO3,-0.656221199464221,0.511681810639453,0.772403907939608
KCNJ16,-2.96810692628747,0.00299640074767744,0.0513608029410044
TSSK6,NA,NA,NA
POP4,0.870571830994753,0.383987982675189,0.682179766410661
C19orf25,-0.165061736801426,0.868895389455737,0.953022726480992
WDR18,-0.625810080303255,0.531439519252168,0.785131881409596
TYROBP,-3.21560291680098,0.00130170810233699,0.0304511034713879
PIAS2,-1.266576215968,0.205306861255279,0.508122713280342
CILP2,-3.74973292899641,0.000177023000907227,0.00773424001949988
SLC44A2,-1.36195088630915,0.173213385394223,0.470788059208933
MBTD1,1.01653696635583,0.309373753434018,0.615894633367788
CACNA2D4,-0.0969201022920578,0.922789844640356,0.971016145278922
SLC14A2,-5.59294259352773,2.23253123225018e-08,2.24920079878432e-05
ABCA8,2.57662279835433,0.00997707597571668,0.102706793014326
TNFRSF11A,0.0653371644504011,0.947905552594864,0.980207247215928
BCL2L14,-1.76407668519435,0.0777190692004548,0.311695065914521
SEMA6B,-1.06336635818349,0.287615842883643,0.597696729600882
CCDC130,-3.3017254911726,0.000960920625137347,0.0247383858382889
MFSD11,-0.148933432122288,0.881606160381084,0.957376124024285
EVPL,2.00593345501807,0.0448633482867465,0.233121551129073
ZSCAN5B,-0.0130861928549207,0.98955902676229,0.996710034569025
DPY19L3,-0.0281005273175219,0.97758197350213,0.992156414071343
SPRED3,0.523359381616585,0.600724184724476,0.82506079065312
SLC16A2,2.02046621773892,0.0433350508624791,0.229862860173318
RAMP2,0.541772543947746,0.587975207790819,0.817281212300852
EML2,-0.27333631085608,0.78459470564019,0.917786259115
SSC5D,-0.50829912628096,0.611243582696202,0.830338753576641
STX10,-1.8908891082236,0.0586391486774252,0.269504549512397
RND2,2.34063858210614,0.0192507925091531,0.149188705845293
ZNF581,0.797465796368239,0.42518055973224,0.712785850283819
PTPRS,-2.96359783174157,0.00304065390547123,0.0516876960849058
C17orf113,-1.04687367644847,0.295157844076191,0.604475584724137
CEACAM16,-1.82337108525648,0.0682472065707706,0.290703911109175
GHDC,-1.01756825974053,0.308883177710772,0.615331586232872
PSENEN,NA,NA,NA
CAPNS1,-1.53160197104246,0.125620685839741,0.399056419157876
RASGRP4,-2.11025558916145,0.0348363466803426,0.203805540913686
SEC11C,NA,NA,NA
NLRP4,-0.218219832773727,0.827257833109189,0.93502726329773
CIRBP,-0.892843665666479,0.371940898772039,0.672177948976748
TMEM205,0.215037575791537,0.829738022526776,0.936165521608529
MICOS13,-1.89143220588888,0.0585666728182309,0.269403108025449
FBXW9,-1.34981514927309,0.177075284222728,0.475557436497931
PLEKHJ1,-1.81682077820039,0.0692445601876343,0.293484626497537
FARSA,1.15883418951308,0.24652377840342,0.556460814939543
MPPE1,-3.13987300729357,0.00169021086861646,0.036070370726215
C10orf82,1.04070874474008,0.298010743453918,0.606809278523269
CCDC43,0.911354802994452,0.362108459560239,0.662483735405767
C19orf53,-0.649442592079403,0.51605234153042,0.775109854794592
FAAP24,-0.0863028879734387,0.931225642773109,0.974013629933299
CNTD1,0.398986777733774,0.68990294691364,0.873319982871012
BCAS3,-0.802944494966351,0.422006816725367,0.710371450902294
POLRMT,-1.31464148133462,0.18863042209906,0.489819036562703
CAPS,-2.14319798556043,0.0320972039811541,0.195664762631384
CCDC159,-0.403659849983623,0.686462868012132,0.871603668408615
PODNL1,0.253563279774183,0.79983296811501,0.924942110001555
TNNT1,0.670459792209747,0.50256472963704,0.765951898839889
RPL27,NA,NA,NA
TMEM101,1.00173782931398,0.316470230990021,0.622396945695106
CYGB,-0.54955331668715,0.582625785798564,0.813911669655564
KANK2,-0.18122280830018,0.856192692566964,0.947481129919201
TJP3,-2.17460926750547,0.0296594092581644,0.188483176076274
PIP5K1C,0.919809945581507,0.357672085143552,0.659053405147423
RAB3D,0.428865226741856,0.668021307374946,0.86069895106575
UNK,-0.542131670792985,0.587727802398505,0.817161548522606
SMIM22,-0.54290755814509,0.587193451782146,0.816925123016325
NKPD1,2.33572415568907,0.0195056227015062,0.15012486608357
KCTD15,2.38220800703682,0.0172091737068706,0.140672685119593
RAD51D,-2.22729887124525,0.0259273059260926,0.174682767345123
WTIP,0.680327193081211,0.496297309938408,0.761823005859948
CBARP,0.170271208110573,0.864796853197334,0.951906182050728
BECN1,-0.835375869180673,0.403506112051049,0.696872660355442
ACLY,-1.01099191779625,0.3120202980985,0.617826355459189
C16orf71,-0.992790995676956,0.3208118189085,0.626856504699412
MBD1,-2.5455748608203,0.0109097968341995,0.108692101952044
ARHGAP45,-0.248435129020682,0.803797756320459,0.926280639565898
WBP2,1.88630111950665,0.0592543885112832,0.270611157202331
ELANE,-1.69491428757148,0.0900916817336722,0.337671174874377
TSPAN16,0.613305209035163,0.539674549734296,0.789731944958331
BRSK1,0.927477917424661,0.353678451977227,0.655930089125034
APC2,0.557617185986692,0.577105818388413,0.811132493811525
MAP2K6,1.40578801198764,0.15978708286987,0.45124656040429
FHOD3,-2.02949878165585,0.042407512954485,0.227175588716121
GJC1,1.57981167378532,0.114150001403641,0.379975408943389
ZBTB7C,1.4561856926436,0.145341293565512,0.429991704847694
GIPR,0.894748799148962,0.370921385998601,0.671059976680338
AP1M2,-1.33493882370441,0.181896369753996,0.482333381246251
TXNL1,NA,NA,NA
COASY,-0.99004123947305,0.322153962374559,0.627853892144838
PLEKHH3,0.303314342472335,0.761650317008443,0.90616120222261
GET3,NA,NA,NA
LSM12,NA,NA,NA
ACSBG2,-1.36520174838868,0.172189649010661,0.469751463932725
CCDC68,0.0771814644745167,0.938479186863442,0.976321873127672
HIGD1B,-0.389936231389526,0.696583701555702,0.876865714111601
PLPPR2,1.0826460404858,0.278965563231358,0.590974124387093
ELOF1,0.874400400817083,0.381900239192773,0.681360973660518
GPATCH8,-0.149456616871134,0.881193339536499,0.957286802452836
PWWP3A,-1.40118299115239,0.161159359208279,0.453120586667414
PTGES3L,-0.0970831726401632,0.922660344019085,0.970977933065209
TRMT1,-2.20399781491141,0.0275244977579975,0.180533626324662
INO80C,0.0840454842765505,0.933020268446676,0.974546328260462
ANKRD29,1.01655339367116,0.309365935095128,0.615894633367788
NFIX,NA,NA,NA
ZSCAN5A,0.842018356248977,0.399777678706733,0.694483427886832
SPC24,-3.33521496552573,0.000852334829856418,0.0228377374978549
FAM20A,-1.5597985271064,0.118807499656331,0.388078326556456
RPS15,-2.76063599757576,0.00576889337651668,0.075545508410676
PRKCSH,-2.97793446924227,0.00290198023115955,0.0503498567775925
RNMT,-1.07287882634326,0.283325487290037,0.593761581462632
NMT1,0.480388924026322,0.630950868566552,0.840822709504209
C19orf38,-1.29776230956375,0.194369024844128,0.496950827849585
C18orf21,-0.27826545861251,0.780808589410315,0.916381279405925
APOC4,-2.8162008028562,0.00485952829681144,0.0692150722162247
KIF18B,1.54494242575011,0.12236019018098,0.394855262441805
KLK5,-0.551778485544176,0.581100129251893,0.812779132945616
NOTCH2NLB,1.69121392732014,0.0907959519660984,0.338541432546676
NTF4,1.06499215938495,0.286879477872501,0.59674090428207
GRIK5,0.485100944373455,0.627604742205824,0.83896426171739
ZIM2,NA,NA,NA
FGF21,1.44959869085721,0.147170461304783,0.432692609190251
MED25,-0.855420049813895,0.392318647833775,0.688985404539687
LSM4,NA,NA,NA
C5orf58,1.23136489923741,0.21818641884749,0.522044515773159
TEAD2,-1.12671783530078,0.259861799209168,0.571038462941536
SYNM,2.50006566416931,0.0124170288779066,0.117794187321359
ZBTB45,-0.473286382647968,0.636008875960874,0.843620304882009
USF2,-1.17308526623526,0.240761614343908,0.549522657599326
SLC25A53,-0.460795540631755,0.64494530141312,0.847697453225335
KLK9,-0.726180440521382,0.467728161012638,0.741382259663646
ZNF446,-2.83993185621972,0.00451231717997729,0.0659479083402484
MIA,-1.96465024475055,0.0494547323382427,0.246145890469138
ZFP36,1.04431456704312,0.296339875434517,0.605010564383466
PDE4C,-3.53977521832873,0.000400467966859785,0.0139123492303105
KLK11,-1.69904822491423,0.0893100975400772,0.336541461107426
LRIT3,-0.759033484855465,0.447832526436103,0.727537403292472
MYO9B,-3.82421992637547,0.000131186776750448,0.00650285062129188
RUVBL2,NA,NA,NA
MAGIX,-1.99339589709837,0.0462181128047332,0.23628676832522
SCGB1C2,0.421801084414014,0.673170214117151,0.864238235981513
OPN1MW,0.736578429425314,0.461378756531173,0.736801835432642
DEDD2,-1.2772421210543,0.20151678051465,0.503575182523613
CCDC61,0.692852311407328,0.488402239715154,0.75688585007427
LRRC63,-1.14364828438541,0.252769528726327,0.563982447676398
C5AR2,-1.08963356510083,0.275874591435447,0.588677891241524
SLC35E1,-1.19043731968812,0.233874552202653,0.541478572995987
KLK13,-1.97808436537582,0.0479191900336101,0.241465421736551
KLK7,0.579435360641515,0.562295450267409,0.803299108732366
SPIB,-0.775884494863018,0.437817188314702,0.722345388816299
MBD3L1,-1.72075244306556,0.0852957555101172,0.329222285716137
POLD1,-2.58915466669399,0.00962118700518747,0.100692298870213
PIH1D1,0.151100046267092,0.879896796003795,0.956613571972262
TECR,0.0954730983288413,0.923939057059146,0.971593652502253
TRAPPC5,NA,NA,NA
CALM3,NA,NA,NA
ADAMTS10,0.562456903428937,0.573804758579589,0.809573103506186
ZNF358,-0.834195229769389,0.40417097878308,0.69726426191611
DCDC1,0.0208586978671786,0.983358373776501,0.993828459408981
FCHO1,-2.49156307016256,0.012718238455669,0.119526131556013
GMFG,-0.465874251569569,0.641305512578957,0.846633083436114
ERFL,-0.83910019002573,0.401413089480653,0.695582819082921
BCAT2,-4.3414661048533,1.41535115241445e-05,0.00147508873208877
AC099489,-0.997097453531243,0.318717208953194,0.624378333121685
ZNF329,-4.71710287532613,2.39226742116666e-06,0.000440635758779771
SMIM17,1.26617339084308,0.205451011859352,0.508137853395324
JOSD2,0.34613779857699,0.72923915798072,0.890852127423931
SNRNP70,1.31618313436561,0.18811258305598,0.489077038602887
RPS5,0.840176388343105,0.40080949508719,0.695251732065842
GABRQ,-0.416911805176338,0.676742918395766,0.865826871079349
SLC6A14,-3.48645024447725,0.000489476426676489,0.015805486666528
RPS19,NA,NA,NA
RINL,-1.24421807318578,0.213419313814925,0.517412156919402
SPHK2,-2.2775420809667,0.0227538747024257,0.162426336562615
CCDC177,2.00235921542292,0.0452461115622431,0.233789776497741
FFAR2,-1.14584227382864,0.251860420032886,0.563191865119943
PRICKLE3,0.420870700101956,0.673849501573314,0.864816447369505
CCNP,-0.373285546613962,0.708935932446726,0.883728434474546
SCN8A,1.34866625275115,0.177444189781281,0.475823528330267
MZF1,-3.04868147671158,0.00229848040735233,0.0432560845777191
OPN1MW3,0.889837702440832,0.3735530388222,0.673871462428344
VRK3,0.671839258703203,0.501686032868034,0.765805992798154
GRAMD1A,-0.848756616256494,0.39601673527324,0.691749183963321
ZNF71,0,1,1
MPV17L2,0.616588422712385,0.537506232719883,0.788310502800262
EMG1,-0.156954340422956,0.875280833062946,0.955104624828308
MPND,-0.264071968056897,0.79172446366067,0.92160533597018
ARHGEF1,-1.59168501730868,0.111455496485236,0.374875464697282
UPF1,0.646691859441191,0.517831392733179,0.776456630335729
AP2S1,NA,NA,NA
SARS2,-1.48215824972774,0.138298192607148,0.41982436789972
SYT3,-0.646195298191924,0.518152884144533,0.776482371515398
ANKRD24,-2.66598271475092,0.00767636397137017,0.0889610524044065
ZNF574,1.04625082664137,0.295445242010278,0.604611921215232
STAP2,-1.02334051967595,0.306146871814386,0.612618051755695
SUGP2,-2.22384205483404,0.0261590727981828,0.175462009820745
MRPL34,0.404345668097698,0.685958547516986,0.871199023385787
TMEM185A,NA,NA,NA
TMEM59L,-1.36796702843838,0.171322396942078,0.468800428248643
ETHE1,-0.412416951090226,0.680033840772176,0.867193191568757
IL12RB1,-0.734135046906763,0.462866435437453,0.737571833105057
TAZ,0.429819831587758,0.667326705670862,0.860423486094103
SELENOW,0.311654867150996,0.755302831463614,0.903270523300206
CXCL17,-0.896561865136326,0.369952754750897,0.669949194702883
IRF3,-0.420278673118442,0.674281887836256,0.864858982445396
ARL14EPL,-0.307971267230742,0.758104195855086,0.904648658225051
ANKDD1B,0.379270538607723,0.704486975010286,0.880579583652229
RNF225,0.634155012733319,0.525979663595414,0.780882667870508
SHANK2,1.61544081746596,0.106215266965373,0.364308034262034
KXD1,-0.806315348180926,0.420061042967714,0.709202067432771
HAS1,-0.0353359667775975,0.971811843887951,0.989732293141209
VAV1,-2.35342328023613,0.0186014459705498,0.146638002872691
TEX101,-2.47982885000665,0.0131445459086021,0.122064488236368
NPAS1,-1.41089952812508,0.158274241339051,0.449698396331732
EPHX3,-1.13404464362186,0.2567758219355,0.567311286137708
SDR42E2,-0.748481324683531,0.454169885471647,0.73178540454713
LAMTOR5,NA,NA,NA
SBNO1,-0.146080889593462,0.883857532467183,0.958356576184819
DNAJC3,0.198593975080033,0.842580366929836,0.941491735943511
MEI4,-0.609372131115704,0.542277805980725,0.791395673972064
H6PD,1.41954027231365,0.155741564465496,0.445498111338742
CSMD1,-0.669056102035833,0.503459691077982,0.766423174329654
OAZ1,0.979928687775548,0.32712132095299,0.631428969503332
RANBP10,-0.736162248498409,0.461631963722633,0.736883244310678
C16orf74,0.325469558028335,0.744825718681414,0.898239291794855
NELFCD,-0.354612885751057,0.722879621330194,0.890249115171338
NCBP2AS2,-0.252593157335966,0.80058261824684,0.925086949970478
RASL10B,NA,NA,NA
CCL5,-0.644341139990792,0.519354243629402,0.77715430534979
DUOX2,-1.95600143071008,0.0504649855652092,0.248511855154063
TIGD2,0.137404094898745,0.890711394487954,0.96083658605611
ADAM21,-1.01961121198612,0.307912885427785,0.614443354626263
FAM205C,-1.2492213042279,0.211584141931509,0.514888816887112
SMAGP,-0.769605909191674,0.441533698685141,0.72472028864901
COLQ,0.671839258703203,0.501686032868034,0.765805992798154
CCDC120,1.32634127198434,0.184726681975762,0.485146998687296
LIX1L,1.80479282041196,0.0711071083102548,0.296924736331741
SH3D19,-2.61388197309803,0.00895199552685995,0.0967457331707203
KANTR,NA,NA,NA
SETD1B,0.231471427978129,0.816948579921948,0.931226731485643
GAS2L2,-0.465544910749258,0.64154128312732,0.846663371519188
FNBP1L,0.522389093921864,0.601399447900039,0.825151275940236
CCN6,-1.07017459182679,0.284540728801914,0.594823557014043
HEATR9,-1.67484170872777,0.093965293050785,0.343660094042465
FAM214B,-1.79272448813697,0.0730169888966664,0.300826809216582
PPP1R26,0.00583816161104502,0.995341847448604,0.99798967532815
MRPL37,0.304633772294048,0.760645095264643,0.905634522740067
MMP28,-0.971215381846827,0.331441035709634,0.636233392148853
TAF15,-1.25243174719634,0.210412584132778,0.514440215404391
UPP2,-0.368373208703674,0.712594971458259,0.885441145262063
RER1,3.57468262783206,0.000350652983133367,0.0125273472366701
FRK,1.14626734349393,0.251684550767044,0.563164562062111
SIRT5,-2.63057630645702,0.00852402314211453,0.0938535034781902
PRXL2A,-3.47767867083221,0.000505775844193281,0.0161591639692365
POU5F2,0.0811966340413201,0.935285576325274,0.975259298161747
NFKBID,-0.475720071574829,0.634273819451694,0.84235398185728
MPHOSPH9,0.308295918977882,0.757857171101554,0.904648658225051
TRABD2B,-0.195541596493657,0.844968976840019,0.942361782937674
APLNR,-1.78600653226859,0.0740982004761827,0.303379031589291
ANKRD34A,1.58872807785689,0.112121797015715,0.376529910333664
NUDT3,-0.459728499814918,0.645711110228825,0.848299252175781
H2BC11,NA,NA,NA
HEBP2,0.601509346620945,0.547500788364396,0.794643864172373
SORBS1,0.0226813038935494,0.981904489331508,0.993776942445506
UQCC2,-1.02517993490186,0.305278294036659,0.612339471659409
CSNK1G1,-0.678164139689695,0.497667626849942,0.763170567351367
SMIM32,NA,NA,NA
CHURC1,0.119704434427797,0.904717287456487,0.96447714218272
CNKSR3,0.287444412112378,0.773772059341228,0.913537090256181
ASDURF,0.600186797174873,0.548381751648134,0.794853734021351
SCOC,-1.10059164370362,0.271074424035099,0.583128355305113
ZBTB25,0.652279947763328,0.514220593389943,0.773840032593986
HNRNPLL,0.696989061963199,0.485809639054439,0.754469386664112
FBXW2,0.296097978718914,0.767155257564031,0.909774013364799
PPM1K,-1.5433316269338,0.122750333717236,0.395384089678178
ZBTB8B,-1.04873572865279,0.294299765386432,0.603372412768928
CTCFL,-1.5444924746072,0.122469072936314,0.395037914666719
BHLHA15,-0.392145583284403,0.694950648681963,0.875994801367593
JMJD8,-2.16885439382173,0.0300937401102094,0.189727409489147
GPRIN3,0.862550896426197,0.388384438077942,0.685637303151343
EBF4,0.312070255268404,0.754987131330195,0.903270523300206
ATP6V1FNB,1.53304585669116,0.125264556634309,0.398525890496353
GRIN2B,2.83682261264977,0.00455649193964516,0.0663369038457781
LYPD4,-3.4968844013529,0.000470725764133814,0.0153641636017067
H3-2,3.74967072935463,0.00017706691262768,0.00773424001949988
SLC25A16,-1.24058566220955,0.214758851246894,0.518211440887597
RPAP2,-1.25257650705518,0.21035986905201,0.514440215404391
NT5C3A,0.180478094491398,0.856777250082546,0.947571560542113
TMEM271,0.820081447394879,0.412169677784442,0.703338195763365
DCP1A,0.842705714964935,0.399393050163228,0.694229097546205
RCC1L,-0.0178715141982685,0.985741353760999,0.995053599860134
ZMYM2,-2.88351983469882,0.0039325788038025,0.0606419702888401
LENG8,0.811244837578016,0.417225081306514,0.707033791379231
AP2B1,NA,NA,NA
NSA2,NA,NA,NA
POLD2,1.74447992172117,0.0810754395258658,0.31992308675788
CNTFR,1.18824279868072,0.234737766454404,0.542289608467053
PAN2,0.840527932907325,0.400612446712556,0.695214748748025
SPRY1,-0.930665352216899,0.352026697585004,0.655151164273963
GBA3,-0.0751875219117929,0.940065512323437,0.976644017670593
U2AF1L5,3.87099079076098,0.000108393887461098,0.00580868236635499
ZNF282,-0.0131156666860931,0.989535512065502,0.996710034569025
CFAP57,0.156532424820836,0.875613362934453,0.955233256503604
MCM8,-1.92752976925162,0.053913641780897,0.257504094371971
CSDE1,-0.761544326326055,0.446332013704544,0.726906928667213
CYP1B1,0.891912138240791,0.372440028037964,0.672546496437957
MROH2A,-1.12168833956803,0.261994976089538,0.574299941244244
KCP,-1.66337577107525,0.0962372399625711,0.34752097932825
NEK3,-0.904239028762479,0.365868669152539,0.665423917226281
NEFL,-0.744552449621007,0.456542322651017,0.733262576246379
GNB1,NA,NA,NA
SSTR3,0.131268968606275,0.895562538805947,0.962670893388458
ZNF787,0.0942412706322044,0.924917501416198,0.971931943634072
PRODH,-2.18112891669103,0.0291738825814605,0.186970192354127
SVOP,1.06874191766981,0.285185977742722,0.595293899842825
HOXA4,0.0141013009755344,0.988749162530919,0.996463977603685
GPR107,0.0834667153693518,0.933480442302379,0.974575449891131
FOLR3,NA,NA,NA
RPL15,1.07400372088138,0.282821013877501,0.593497807366099
SEMA3B,-0.557610070178502,0.577110678497983,0.811132493811525
RTN1,-0.509201940003135,0.610610683403582,0.829964800107478
RAVER1,-0.671658381451822,0.501801202262509,0.765827082265304
SELENOO,-0.419188336482053,0.675078495480896,0.865144693326603
UBE2U,-2.05148753909136,0.0402194918996089,0.220455916426148
JADE3,-0.600433170004061,0.548217587215757,0.794853734021351
LRMDA,0.0547837268226525,0.956310765045617,0.984087847998058
SRRT,-0.623809523809525,0.532752684299713,0.785619314713506
H4C7,-0.219357789027884,0.82637134873668,0.934739807044065
TMEM222,2.25039526945438,0.0244238650353191,0.168458899321653
ZNF74,-1.17699467105684,0.239197633226613,0.547524179539621
ADORA2A,-2.09855213549015,0.0358563994796753,0.20729223754279
NATD1,0.264757044032542,0.791196630178586,0.921514944357046
ARMC9,-0.483890545007276,0.628463550888466,0.839408098204238
TRIM52,NA,NA,NA
NUDT18,-0.215148665018784,0.829651412997346,0.936137695304704
CDH1,-0.302232844021364,0.762474568335362,0.906535145219066
ALG1L,-1.62365268149739,0.104449955200249,0.361436999113862
KDM4B,-3.81330428204424,0.000137121120061484,0.00672783885184788
ERGIC2,-0.250580457070503,0.802138492743171,0.925755917622432
GPAT3,-3.26729624511033,0.00108579994659424,0.0267272183137451
PCSK6,-0.667475609683251,0.504468384020816,0.766997241375262
IFIT2,0.54098587206621,0.588517320615881,0.817884288131984
MEP1A,-3.11454952706667,0.0018422602547067,0.0377750840829411
SRRM3,-2.27075547666635,0.0231617846003456,0.164251942224506
ORAI2,0.0884911737445488,0.92948629915123,0.973128136285782
HECTD1,-0.94757049957924,0.343348150263983,0.647755857075561
ANXA8,-0.0377898346584133,0.969855249351864,0.989474379027583
PNLIPRP2,-4.92150405262259,8.5881623602898e-07,0.000240341314053147
CCDC28A,-1.49471803673404,0.134988044989436,0.41478169879104
NPRL3,-0.86059215971703,0.389462705577999,0.68653767386975
SLC2A11,-1.97012277059358,0.0488243018215081,0.244234640558302
ZP4,-0.555455345499565,0.578583245507137,0.811893855099623
CCL16,-0.809557630936407,0.418194467510706,0.708023828175263
CARHSP1,0.990698308784012,0.321832917146266,0.627715416096331
CDC42EP3,0.930558737466785,0.35208186713272,0.655173153073471
DGKK,-1.07561482960365,0.282099552357534,0.59342001929259
PINLYP,-2.77157244612735,0.00557862569991587,0.0738215337803228
PCDHGB7,NA,NA,NA
FAM71D,0.100874390129893,0.919650173103738,0.96966412854717
BNIP2,-0.652982430485882,0.513767605357032,0.773697663393669
SRGAP2B,0.702092755044469,0.482621320231688,0.752306390360023
SBK3,-1.33206579951369,0.182838567511728,0.483643695472996
SYNRG,0.0302171728346178,0.975893852843527,0.991442548179589
TMCO1,-0.545691192661892,0.585278227050505,0.81585227570948
IQCN,NA,NA,NA
TMEM106A,-0.987677778383459,0.323310480859485,0.628246389715118
TWIST2,NA,NA,NA
PSMC6,NA,NA,NA
PLP1,NA,NA,NA
R3HCC1L,-0.631943803445466,0.527423598996935,0.782201833760345
NCOA6,0.0648226739494005,0.948315188214092,0.980429576814076
PPP1R9B,1.66729100559236,0.0954565542581839,0.346015698716641
PCDHGA10,-0.0403085864830638,0.967847108320438,0.988985428422372
TTF1,0.741822615651135,0.458194816291759,0.734405936313355
NDFIP2,-1.25144255701215,0.210773058902257,0.514571866303832
METTL8,-0.00882460888929274,0.992959072196104,0.99761534496465
CIB1,-1.20259947041259,0.229131352728463,0.534983763706878
SLC46A1,-2.20465431115402,0.0274783615072654,0.180533626324662
DAPK2,-1.63519578811322,0.102008010827286,0.357584101048932
GPR1,0.814128762779283,0.415571189972693,0.7058494026982
H2BC15,3.61910654818401,0.00029562191060811,0.0110663183935517
TNFAIP3,-0.835348855399965,0.403521317299203,0.696872660355442
JRK,0.805475041983959,0.420545603058451,0.709374389264349
BHLHE23,1.13455212645706,0.256563021431614,0.567253896104543
TSKU,-1.23676114055905,0.216175772627403,0.519791858425045
SOCS7,-1.00368350392191,0.315531190737449,0.621601793041889
MTUS2,0.336885023956274,0.73620357526069,0.894071535737755
TMEM191B,NA,NA,NA
CD99L2,NA,NA,NA
SLC4A1AP,0.769186871287072,0.441782383084973,0.724769336481533
SLC6A6,-5.00302252859071,5.64383422954869e-07,0.000185412223645521
GGNBP2,0.146956020579213,0.883166733838992,0.958243515348567
CTDP1,0.134758375451717,0.892802917136709,0.961859832717689
ASXL1,-1.25187845090338,0.210614158041858,0.514462302622375
ST3GAL6,-2.28249762083997,0.022459977786672,0.160784075941349
ZFAND6,1.46216048552004,0.14369723699363,0.427134666689169
PGRMC2,-0.0264952958466336,0.978862285654049,0.99265647972111
ZNF302,-0.388748952738056,0.697461866017574,0.877532571747363
HPS1,1.01806599218483,0.308646595569272,0.615176385154687
HMGXB3,-0.920522504983512,0.357299778069017,0.658920731275972
ANAPC10,NA,NA,NA
CISD3,-1.7129761256672,0.086716931872921,0.331050460243912
SIK1B,0.457497290583314,0.647313649289836,0.848928566177905
SPPL2B,-2.40821737345243,0.0160306330214772,0.135565151774238
RIPOR2,1.47299227474924,0.140753118851713,0.422910910156541
PER3,-0.295832338143547,0.767358125485028,0.909943188349791
HMOX2,-0.103515046867169,0.917554207973587,0.968955797077167
DOC2B,-0.813772032014198,0.415775560030359,0.706056889895357
TOX4,2.28383243174381,0.0223813808592614,0.16061893986555
DNASE1L2,-0.925096570890267,0.354915676623834,0.656550813464086
FIGNL1,2.12497094176076,0.0335890376485013,0.19965583477817
HOXA10,-2.62890136695083,0.00856612022684998,0.0941383958089779
PPIP5K2,-1.45050664745185,0.14691728682669,0.432530896801502
MRPL45,-0.157600752438745,0.874771410623208,0.954761026271959
IRAK4,-0.494856933999401,0.620701112136683,0.835880368253862
WDR38,-0.686587904650112,0.492342452659571,0.759314344484315
FAM170A,0.733780002678865,0.463082830166274,0.737574592060786
CD48,0.571536207757896,0.567636223744725,0.806289934507969
BORA,-1.93898634337754,0.0525030010972867,0.254384531126065
NAGK,3.30437229519035,0.000951893321657872,0.0246318696522153
H3C1,1.99459285142548,0.0460873038900972,0.236073063296202
FAM243B,0.340543881773253,0.733446982417293,0.892876482997005
TTI2,-0.457662779561935,0.647194732559825,0.848846276553035
MR1,-0.64731961781571,0.51742510737581,0.776405054838632
SLC38A3,-2.06360418097671,0.039055260863684,0.216827003002201
DHPS,-1.24019194884944,0.214904405601573,0.51829482563852
MRPS21,0.648228397689419,0.516837237310252,0.775825924458339
EBAG9,0.777826960962767,0.436671031408571,0.721514610392119
C17orf98,-0.169734380845948,0.865219034367893,0.952096777584183
RIBC2,-0.0148836529562516,0.988125001530607,0.996437851197228
PCGF5,0.30807175588264,0.758027732253918,0.904648658225051
FAM13C,-1.92212851714234,0.0545895885965769,0.25904544319605
FADS6,-1.63841396806894,0.101335367298056,0.356466496882732
GRIFIN,0.590080583692977,0.555136625356172,0.799196713659185
LHX1,NA,NA,NA
IGSF8,2.59109005855884,0.00956724509605361,0.100263667053788
BICRA,-1.26801123326287,0.204793939049806,0.507920762916308
CACNA1A,-4.10139936514259,4.1065909890684e-05,0.00307221797162384
ACSF3,-1.05771608158415,0.290184901342491,0.600099612490741
ARFIP2,1.35245566889874,0.17622959119276,0.474213244676814
USH1G,0.904552769607206,0.365702366392095,0.665267735172326
SALL2,0.423594345737216,0.671861679643607,0.863493373713325
H3C8,1.86510735343687,0.0621663580521481,0.277526977635754
PIGW,-3.28937845321447,0.00100408913765916,0.0254593876649415
ALG9,-0.871888599981655,0.383269153413233,0.681703668219554
PHB,NA,NA,NA
BICRAL,-0.557723377210707,0.577033291886075,0.811132493811525
DCAF7,-2.24056146201665,0.0250544953731665,0.171400422851649
CDH4,1.31847242264262,0.187345550825402,0.488599767574985
CHD1,-2.91777654845359,0.00352536881795025,0.0566759293370896
MYO19,-2.59540588396029,0.0094479274248758,0.0995244621211346
DNAI1,0.814066825836071,0.415606669217085,0.7058494026982
ZSWIM9,0.554349905457158,0.579339402421511,0.811949777498382
INSIG2,-0.113951944063575,0.909275888292991,0.966009988389142
METTL7B,-1.81509493986054,0.0695093206933002,0.293786106385338
ZBTB14,-0.495415652351199,0.62030674820542,0.83576880384178
CYSLTR2,-0.581843995000093,0.560671766984155,0.8021274015587
MRM1,-3.06129116944605,0.0022038466554108,0.0421043371132338
CWC25,-0.885291104615168,0.375999646397797,0.67587103597762
CYSLTR1,0.306787330316743,0.759005252486636,0.904781078402654
CCNI2,NA,NA,NA
ALDH3B1,-0.870467446408314,0.384045001897907,0.682179766410661
C1orf158,-0.825753701538181,0.408943822426695,0.700933309952095
MAL2,-3.91945701357466,8.87486878759824e-05,0.00511897011901468
CEACAM20,-1.55997277991574,0.118766313829215,0.388078326556456
RPS6KA5,-0.64365020162456,0.519802288797267,0.777425402455393
C18orf25,-0.595566973179928,0.551464545556997,0.79641936281129
BIN2,-0.364556650613047,0.715442378706229,0.887884144453357
IQCA1L,0.347460277383342,0.728245555771093,0.890852127423931
C17orf78,-1.88856713597348,0.0589498540936414,0.270036433786938
TADA2A,1.48863113660335,0.136584527765799,0.417459317165282
SEC14L2,0.521538924711613,0.601991397095362,0.825492787387326
NBL1,-1.52795734048309,0.126523129963349,0.400254875446123
TNFRSF9,-0.114123679638547,0.909139751219164,0.966009988389142
POLR2E,NA,NA,NA
PDE7B,1.94109380665529,0.0522469001536999,0.25412138883898
PSME2,-1.42500315479669,0.154156289165026,0.443173970494042
PLCL2,-0.680055146330045,0.496469543687895,0.761844815618549
ITPRID1,1.20860799749913,0.226813482430096,0.532886150908196
NCAM1,0.55165298148367,0.581186129624963,0.812779132945616
BIRC3,3.68566334198579,0.000228107724472199,0.00934190767540346
HCRTR2,-0.341705085787943,0.732572844353855,0.89254204349795
ADAM29,0.145668310635057,0.884183238926017,0.958356576184819
TUBGCP5,0.0083086024690752,0.993370770640624,0.997758310511439
PTPRJ,-0.220798556894962,0.825249287283802,0.93405758290226
CDKN1A,-1.242404868016,0.214087220443322,0.518066470010508
PPP1R18,0.729590484379696,0.465640540411218,0.73969934265682
PDLIM5,-1.6677404912463,0.0953672536574917,0.345940935494963
TMEM265,0.463905199834283,0.642715667210877,0.846942208162139
PRIM2,-1.45002578499116,0.147051328921868,0.432530896801502
FAM228B,0.927147149334799,0.353850138775119,0.655930089125034
FOXP1,0.503666379961812,0.614495837555214,0.832715091695788
GNAZ,NA,NA,NA
FOXD1,-0.690933627340048,0.489607252523591,0.757700440362162
SSBP2,NA,NA,NA
YAP1,1.68683473929248,0.0916351335675801,0.340076163672218
PRAG1,2.042480432576,0.0411038984622955,0.222479267035175
MED6,1.6159168227254,0.106112297906775,0.364308034262034
SDK1,1.96199215115094,0.0497633980577844,0.24680816260231
GABRG3,1.62454604102435,0.104259322519344,0.361086396897223
MYO15A,1.11817177397304,0.263493636939115,0.576170441926489
H2AC4,2.66274990279334,0.00775049950860058,0.0894837117994608
CADPS2,1.35068558991391,0.17679617024794,0.475145602843121
AP5S1,-2.91402380019376,0.00356802703237891,0.0571186700352862
SPTBN1,-1.33513297373009,0.181832829132397,0.482249511029973
LYZL6,0.767011301759997,0.44307479599606,0.725018851440203
MED29,-0.173632623564448,0.862154191544485,0.950527040389601
ZCCHC17,-2.00395769478502,0.045074592377011,0.23343040953822
GON4L,1.98213959474678,0.0474636190907226,0.24010106712925
METTL23,-0.699965822815691,0.483948648621924,0.753340747628195
GPR21,0.733883023864356,0.46302003431846,0.737571833105057
CPSF1,1.0957341530151,0.273195131959429,0.585274288938318
NMRK2,-1.59785355881499,0.110075571721917,0.372722841107238
SH3GLB1,0.30562628374958,0.759889205918657,0.905111693052892
CYFIP2,NA,NA,NA
RBM45,-0.362888842055404,0.716687922170855,0.888277933662779
PCGF2,-1.50629858869174,0.131990540282678,0.409913901510858
NEXMIF,0.926424493217823,0.354225420173606,0.656183548641822
MGST2,-2.42289127630927,0.0153975341815189,0.132736757872854
CASTOR2,-0.0468256805968947,0.962652161322461,0.987014007863832
ACACA,-1.79472204037801,0.0726979971365277,0.300033621139036
THOC1,-0.171007887183579,0.864217563875719,0.95166554498229
USP50,-1.88187875859989,0.0598524791129001,0.272109104799683
RNF146,0.193139801003196,0.846849482748986,0.942846142607265
SERPINI2,-1.29071719206735,0.19680176096677,0.499445298001177
H3C11,2.25359549301433,0.0242216271337329,0.167906985892189
TRAPPC3,0.573242063747502,0.566480807185939,0.805705100322607
PPP4R3B,-2.79765252162714,0.00514754573149147,0.0708467314155729
FMN1,-1.88725454820746,0.0591260966168313,0.270270287983531
GAS2L1,-0.144878978275592,0.884806424209353,0.958356576184819
ANGPTL8,-2.37423011451177,0.0175855869553639,0.142286386014939
OSCAR,-0.10516555362137,0.916244443342068,0.968557145439435
ZNF630,NA,NA,NA
MCM3,-1.49903925928769,0.133863447561321,0.413038165482541
SYTL1,-1.71275927048569,0.0867568360313612,0.331078107602508
PHF19,1.29864553175563,0.194065604608254,0.496950827849585
TPT1,-0.718192261537954,0.472638748737944,0.745565424940273
HDGFL2,-0.526785838125077,0.598342318497282,0.823886024339948
CRY2,-1.07582790337241,0.282004230526968,0.59342001929259
RPP38,-1.76196547180415,0.0780751314254551,0.312135287328433
HSH2D,-2.87698743905819,0.00401491576703829,0.0615348956100229
DHRS3,-1.68599225830289,0.0917972904951592,0.340076285629734
STIM1,-0.350508430722947,0.725957164171568,0.890852127423931
FCGBP,NA,NA,NA
JAKMIP2,0.653608732020002,0.513363917067831,0.773340078417718
CPEB1,0.362922500887721,0.716662777804196,0.888277933662779
SEPTIN2,0.00878044262306143,0.992994310412802,0.99761534496465
NR1H3,-0.61363392000011,0.53945726361006,0.789643371529952
GPR179,3.01778408517989,0.00254630254261612,0.0464730966473608
NT5M,1.22436846935929,0.220813258280677,0.525583550029546
TP53I11,0.540037233938126,0.589171354825284,0.818040932940067
GPER1,0.618092102585439,0.536514627840768,0.787701258712686
PCDH15,0.392053380411848,0.695018772638161,0.875994801367593
PNMA8C,0.162616831820706,0.870820133527014,0.95331613852296
RAB7B,-0.183266503456869,0.854588915614891,0.946606149144047
AL049569,-0.819757046503063,0.412354622127508,0.703498827980847
MDK,NA,NA,NA
LRRC41,-0.653582222117381,0.513381000916084,0.773340078417718
MAP7,0.640224832971608,0.522026440473253,0.778234187675919
FAM25C,-0.706825794391305,0.479674742793148,0.750315770613143
IL13,-0.767084781758894,0.443031109434308,0.725018851440203
AOAH,-1.65201507279253,0.0985314782127518,0.351589403844514
RFX3,1.96716927334193,0.049163699111757,0.245208022112767
PLEKHA2,-1.258892580398,0.208069134130233,0.51201738507417
HYOU1,0.671477054491146,0.50191667204369,0.765839966689917
ORAI1,-1.17082726731956,0.241668215166263,0.55072033372885
ICA1L,-2.63432899290026,0.00843037581401539,0.0933688014035944
SPON2,-0.0798006125525098,0.936395837133237,0.97548081426295
ARHGEF18,0.505751038147066,0.613031434082342,0.831587526569317
ZNHIT3,0.92952476005131,0.352617199620877,0.655523572477635
SLC35E2B,0.940671709862425,0.346873120859712,0.650426070772156
TMC4,-3.4871831505543,0.000488136947164358,0.0157959861789032
DUSP14,1.06343494833847,0.287584750988349,0.597696729600882
SEZ6L2,-0.0436865808934251,0.96515423590082,0.988114434585263
H4C1,-0.526848336772998,0.598298913028209,0.823886024339948
NR2E3,2.42582311967818,0.0152737124201956,0.132424751631667
C11orf96,NA,NA,NA
GCNT7,0.225597645649152,0.82151437215044,0.932666605960292
DDX52,-1.72231035582865,0.0850133127535938,0.328657247974497
EIF5B,-2.48182720154722,0.013071064417832,0.121781704982908
HPCAL4,NA,NA,NA
SLC39A1,0.0915429458650725,0.927061183603191,0.972610937757956
PRSS56,-0.0380997740526395,0.969608131460646,0.989446828457916
FP565260,1.66660659352178,0.0955926569531045,0.346342899035079
PHOSPHO2,0.222686818090328,0.823779261413433,0.93356558952038
GCSAML-AS1,NA,NA,NA
NDUFA6,-0.7215694257349,0.470559242320502,0.743925287793009
CHAC1,0.24310397244787,0.807924853947962,0.927410588139886
ALOX5AP,-0.0820244959837069,0.934627234109386,0.975193292711838
THSD7A,-0.786439006033711,0.431610339278508,0.717704164522096
HNF1B,1.6859018401671,0.0918147074611134,0.340076285629734
RECQL4,-0.79665596798088,0.425650863109596,0.712906023913186
NAPB,1.49011465561553,0.136194091320996,0.417223820807398
KLRF1,-0.578518713883208,0.562913966602801,0.803299108732366
CYFIP1,1.63321932770996,0.102422876420865,0.35832004543814
GALE,1.40341963449303,0.16049174139423,0.4521452317675
UPK1A,-2.45844805059945,0.0139538963097254,0.126497469125717
RPH3AL,-2.33884209548396,0.0193436072045176,0.149524599526685
TPTE,-0.501703785090348,0.615875901580151,0.833331192901156
KCNN3,2.70153977799541,0.0069019223834782,0.0838439317195519
NDUFS7,0.478731750960275,0.63212947491401,0.841251408584966
LRRC8E,1.53962101754705,0.123652759280229,0.396717546125065
NR4A3,-0.919757344658996,0.357699578415773,0.659053405147423
ECSCR,-2.11283651079943,0.0346147634925028,0.203144973164545
PPP1R2,-0.0505875262252039,0.9596542027294,0.985976850181945
MYH7B,2.35167801812963,0.0186889444986946,0.147097567325142
LAMA2,2.21175196143219,0.0269838080250038,0.178796664789626
OR4F17,-1.4605973818405,0.144125965227608,0.427651990284627
CLDN5,2.31653989155021,0.0205288089756551,0.153732091793905
RHNO1,-2.23042882861613,0.0257189874799194,0.17389948044588
CD177,-1.33683290391747,0.181277186134231,0.481627329159808
H4C13,2.97613997205629,0.00291901598901448,0.0505294039243835
DHRS11,-0.949561145408545,0.34233528906671,0.647025733112616
PRLR,0.266267095631987,0.790033512502673,0.921004894001419
P2RY6,-0.24325258896653,0.807809729914797,0.927410588139886
BCL2L13,-1.06678159310438,0.286070472352755,0.596124790153728
BPIFA1,-1.05095651831,0.293278560633186,0.60234107206968
VEGFC,1.33910279880349,0.180537209481721,0.480246137948913
NUDT2,1.99199631513866,0.0463714621889428,0.236905184786783
ENC1,NA,NA,NA
FIGNL2,-0.319434355930981,0.749397162078074,0.901060881136862
IKBKG,1.23454469735044,0.217000001887007,0.520607085016105
NAP1L1,1.12876502313317,0.258996971185562,0.569913881779491
KCNE1B,1.03994718845173,0.298364437264727,0.606961512883882
RAG2,0.543537275622642,0.586759933222375,0.816718809142169
XKR5,-0.98817390335918,0.323067486610643,0.628177542159038
NOS1,-0.533502505143414,0.593685777363115,0.820482899531516
SIT1,-1.19952260885908,0.230324798957732,0.535982193078109
PTPN9,0.398683799143608,0.69012620668645,0.873319982871012
CHST9,-1.27543067368325,0.202156847535505,0.504134563047976
WASF2,-0.932889629396841,0.350876957419401,0.654058539598124
OPLAH,1.2513390197816,0.210810815130871,0.514571866303832
NEB,0.647097074243902,0.517569118743011,0.776405054838632
EPHB6,0.85079306366526,0.394884315445629,0.691081850030612
PIP4K2B,1.59560593803024,0.110576800948982,0.373279716009549
GTPBP8,-1.73912753754639,0.0820123318308129,0.321830786452154
CSMD2,-0.765694621538731,0.443858028075977,0.725693229501695
CAMK1D,1.44799029702447,0.147619764246591,0.432877954247543
KIZ,-4.06240291591733,4.85701497908235e-05,0.00346535012005201
PDZD7,-1.70950612107698,0.0873572388540884,0.332211728788873
GRIP2,-3.26542713341122,0.00109299122732172,0.0267575639522797
DACH1,2.04293198206084,0.0410591718213931,0.222395996828745
MILR1,-0.745737857626848,0.455825785372633,0.733039046533357
FAM83D,1.21750872724331,0.223410717977243,0.529369052319007
AATF,0.572958430608297,0.566672840398317,0.805744597170514
PSMB3,NA,NA,NA
H2BC9,1.5517276902231,0.120727394195885,0.391680095524354
HHLA2,0.644354413395993,0.519345638322943,0.77715430534979
CRYAA2,4.95566216362009,7.20843721999908e-07,0.000213595888762012
IFFO1,-0.1862005281476,0.852287509800078,0.945508447447641
RBIS,0.29441267506159,0.768442582593564,0.91058608234564
PADI6,-1.91798339450155,0.0551131167398939,0.260515927486167
SMTN,-1.0117835929374,0.311641536422353,0.617370363973097
ABCG4,-0.640927126889813,0.5215700303285,0.778234187675919
C9orf72,0.169264711311836,0.865588431727096,0.952229189798345
MFRP,1.39897639785167,0.16182006086,0.454202221344042
PDIK1L,NA,NA,NA
PIK3R6,-0.521233951741951,0.602203805293056,0.825592298429526
PAMR1,-1.28646789595384,0.198279816094784,0.500796986486815
SPCS1,2.07010178728562,0.0384428135612635,0.214849484827564
TEX28,NA,NA,NA
RIMBP3,-1.98105702173788,0.0475848793046655,0.24010106712925
PSMC3,NA,NA,NA
PLCD3,-1.33926522279343,0.180484346047305,0.480190041807549
SPATS2L,0.659925247076915,0.509301801540506,0.770427309797811
NOP16,1.02133526347529,0.307095624714144,0.613499824237748
GGTLC3,-3.22657607619048,0.00125280922556933,0.0295358081385394
DENND1B,-1.87884477146038,0.0602656917653197,0.272724936708223
HSP90AB1,1.24677758730544,0.21247906071176,0.516152317228117
OAS2,-2.17387756721989,0.0297143311757198,0.188673517952721
C18orf54,-1.7476513961258,0.0805244098125047,0.318806623287024
TAP2,-0.177419071222997,0.859179228273222,0.949109339595366
NAP1L4,1.82341364484868,0.0682407652471357,0.290703911109175
GHR,1.15066120029396,0.249871644562346,0.561204092765629
DNAH11,-0.399020684465481,0.689877963298173,0.873319982871012
RNASET2,-0.228951320288668,0.818906751937418,0.931860850622234
RAPGEFL1,-1.63098704013551,0.102893054139559,0.359103887796078
PKD1L3,-0.599514467081152,0.54882986565322,0.795121937470181
ACD,-1.11793294049407,0.263595635089492,0.576170441926489
RPS6KA6,3.2354762996211,0.0012143996670082,0.0289463844918422
SLC1A7,-1.17769348556477,0.238918824924883,0.547495632038434
COL19A1,-2.27331672202253,0.0230071005497884,0.163385011047181
WASHC4,-1.09822521183815,0.272106159734686,0.583934718249159
H2BU1,3.09926788025769,0.00193999526370835,0.0387281485140827
GRIA3,0.329084945375994,0.742091482937554,0.897446101964814
REC8,-1.47926213890795,0.139070267644239,0.420703421222041
TMEM114,0.795994025185137,0.42603550818673,0.713024917503078
HMGN3,1.01210584098576,0.311487449915444,0.617370363973097
GATD3B,0.398788670940144,0.690048925389427,0.873319982871012
UHRF1,-3.25053957566382,0.00115186235376894,0.0278511102242499
RYK,-0.399684022198096,0.689389261862505,0.873319982871012
VPS13D,0.869699045187269,0.384464894191278,0.682329240284039
PACSIN1,-1.57195390692895,0.115961241289035,0.382631190958623
ARL15,0.835041553252829,0.403694312627093,0.696896099202722
NOMO1,-1.72839779734148,0.0839169301313417,0.326759249715237
WNK3,-0.353685007103844,0.723574959869581,0.890361722847064
CLIP1,0.811946566664587,0.416822292544223,0.706757505521761
ADRA2B,-1.04170910221259,0.297546567668991,0.60641232279391
RIMBP3B,-2.20918647901327,0.0271616729553178,0.179635536849349
LRRC39,-0.366612572871476,0.713908028496259,0.886635283254065
PRSS45P,-1.42756866643523,0.15341604773593,0.441755909893992
SLC38A5,-0.130144801573839,0.896451864986498,0.962759824144525
MCL1,-1.34276449881677,0.179348242209278,0.478789509173474
SAMD9,-1.17701568668083,0.239189245209004,0.547524179539621
TYW1B,-1.87910738824655,0.0602298315316947,0.272724936708223
ARR3,3.15538435603586,0.00160286794715461,0.0349027959904907
SHISA8,-0.268636685646806,0.788209278592082,0.920078324174931
POLR2J3,3.38172888114407,0.000720311980840097,0.0204972989012739
EHD1,-0.484209064930179,0.62823750420033,0.839230802972606
DHX29,2.14332526552626,0.0320869894373528,0.195664762631384
GSTT2,-1.06827581352613,0.285396115256548,0.595293899842825
CREB3L1,-0.905397584222857,0.365254795107559,0.664877905378675
RAB11FIP4,-0.691927513332927,0.488982851383923,0.757242067466195
KRTAP7-1,-1.53151336849418,0.125642565004842,0.399056419157876
GABRR3,1.79036156640179,0.0733958047105701,0.30172943438143
GSTT4,-0.567469888115094,0.570394979174364,0.807370480617573
SYN2,-1.28522584517015,0.19871337460223,0.501139889392776
HNRNPDL,-1.53921702675576,0.123751322215179,0.396718281993167
CTNNBL1,0.777567040460277,0.43682429789664,0.721531182622585
MLLT6,0.302500479195817,0.762270568209792,0.906535145219066
SMOX,-0.0136791780702404,0.98908593538748,0.996710034569025
LSR,-2.92907180466158,0.0033997587490767,0.0553633127328094
LYNX1,1.69244957529106,0.0905602867521896,0.338079805681593
H3C2,-1.85787635365073,0.0631865750699563,0.279366741502978
YTHDF3,-0.918295902383619,0.358463971949533,0.659801622476979
SAP18,2.50751350181194,0.0121583936436129,0.116506312417086
NOL4L,-0.947338348146866,0.343466395836974,0.647755857075561
EXOC5,1.56618924802882,0.117304319092765,0.385202709719659
COPZ2,-0.0814835345064514,0.935057418892907,0.975259298161747
SRCIN1,0.484591158380319,0.627966386750505,0.839065255223133
GPHB5,-1.55444412893399,0.120078513959414,0.390614110310049
GJA5,-1.43421214595433,0.151511732007225,0.438545354164562
FGF1,-0.675219674714952,0.499536208395181,0.764454803166378
RPGRIP1L,2.25083303678541,0.024396114248094,0.168421232762539
DDX24,-1.49369937844062,0.135254211079193,0.415270548116367
BTK,-1.96867033385835,0.0489909600938293,0.244584388000034
EPOP,-0.479558477973614,0.631541377177353,0.841238721190318
ANAPC16,NA,NA,NA
VPS11,1.95674124738237,0.050377897772707,0.248388512607226
DHRS4L2,-3.65444927675761,0.000257734608868683,0.0102414014232667
USP27X,0.932585535809235,0.351034004314532,0.654215564041331
POLQ,0.0188431257497288,0.984966250547958,0.994627363325985
CRABP2,-0.280981144724851,0.778724861817219,0.915463160649059
RAB18,-0.522624386499024,0.601235666641548,0.825151275940236
MGAT4C,-2.4340628321977,0.0149304031090626,0.130938721439016
CLTC,NA,NA,NA
GUCD1,-2.23483466305319,0.0254282052710421,0.17286146561223
MROH5,0.271746211707108,0.785817166044111,0.918582710972578
SCN7A,0.543661467308805,0.586674453025234,0.816680163221875
PDPN,NA,NA,NA
SCAMP1,-0.928442061738191,0.353178308627352,0.655795610190644
SRD5A2,1.79449051467645,0.0727349112403659,0.300073704249088
RYR3,2.1248453659091,0.0335995179902736,0.19965583477817
TGM5,0.634263278316444,0.525909017323567,0.78086089771644
PRDM11,-1.83742408587018,0.0661473138325317,0.28658778860012
NRN1,-2.28538672956086,0.0222901614439042,0.160579851953555
SNX12,NA,NA,NA
TTBK2,-3.33382925465512,0.000856592232032901,0.0228394352951576
GPX4,-3.01036481946684,0.00260934069639113,0.0472810031221377
B4GALT3,0.426474539256593,0.669762096731721,0.862049635526058
ARID3B,-0.583945707942972,0.559256839868743,0.801164979059289
JPH4,0.598804224221973,0.549303445078731,0.795514257671091
SAMD11,-1.34746298994927,0.177831165416336,0.47644264164083
DDX27,-0.8467936978534,0.397110121587499,0.692730942794676
C3orf85,-1.83666198002589,0.0662598112878156,0.286828492747485
RBM26,1.91012054821277,0.0561176938815491,0.263697259936405
MFSD1,-0.988512403462713,0.322901762909445,0.628097752746496
ARHGAP23,1.38947640843001,0.164687929873992,0.458391804318472
BID,-1.59556545683251,0.11058584492951,0.373279716009549
ENO4,0.608189278689486,0.543061944547566,0.791622659014451
FTCDNL1,-1.20946857991849,0.226482875131596,0.532729014854224
ARFRP1,3.24366685644322,0.00118001673271319,0.0282605592151533
IRX4,0.330118522075457,0.741310408429656,0.89700399489062
B3GNT6,3.28644345241669,0.00101461142862272,0.0256401470055961
TEX46,0.519107317921553,0.603685905482567,0.826164623523186
TST,1.56867340648874,0.116724058226198,0.383881168207682
AL096814,0.47213504117471,0.636830402247998,0.844104747364897
LDB3,-1.28261713592639,0.199626243677429,0.501538120441115
ADSL,-1.32297786044814,0.185842740514821,0.486879348446504
C11orf71,0.8798214298794,0.378956053578192,0.678448511038222
DOCK1,3.40569361892877,0.000659961974886628,0.0194791901650131
CLEC20A,-2.37003583058797,0.0177863614831293,0.143200583235509
OR5R1,-1.30933904687854,0.190419528561548,0.49206906901883
SCARF2,-1.88451982270665,0.0594946960658228,0.27121684674109
AC135068,-3.54573171090987,0.000391524603244472,0.0136644799173914
CDHR1,1.03352054109294,0.301360362825362,0.608994961683674
OR1B1,-1.93649986319598,0.0528065092879707,0.255609214721273
NKAIN3,0.901339189364091,0.367408003144941,0.667103350793608
FO681492,0.330161043114058,0.74127828095769,0.89700399489062
SEM1,-2.08232150116753,0.0373131132471314,0.211238371152895
CERS1,-1.57802384463008,0.114560131985542,0.380404417044497
OR51B2,NA,NA,NA
NOTCH2NLR,2.84173733165521,0.00448684420086069,0.0657027030653166
C8orf89,1.21750379573321,0.223412593135669,0.529369052319007
HMCN2,-1.27811144022771,0.201210135726645,0.503179875018909
OR5AR1,-3.78909460674415,0.000151197329368779,0.00723067734626897
ZNF518A,-1.35915449333817,0.174097637982184,0.472091064989549
CBSL,-3.02183997070499,0.00251243333770884,0.0462296259256625
SMIM34B,-3.1391062077144,0.00169464014766967,0.036070370726215
TREX1,-1.20237918085846,0.229216651597458,0.534983763706878
NR3C2,-2.67456418086835,0.00748264522065382,0.0876571585848996
MTRES1,1.36390375180064,0.172597859877999,0.46987966168857
PHF6,0.997170032861529,0.318681984132379,0.624378333121685
UBAP1,-1.48442418990546,0.137696421276328,0.41886822070538
MAP4K4,-1.11601861386277,0.264414167057593,0.576706792606858
TRPC4,1.22566726730771,0.220323912795185,0.524866011641397
NTRK3,1.33265073115272,0.182646448627548,0.483503167466903
PPIL2,-1.91053316193381,0.0560646008241086,0.263611775872411
AC093512,0.979090618476966,0.327535206656882,0.631824360862753
DBI,0.556637531415743,0.577775105547126,0.811660987174568
C2orf92,NA,NA,NA
TNPO3,-2.31194762051312,0.0207805700080855,0.15492647950774
SLC25A22,1.15101369373111,0.249726601999186,0.561204092765629
SUGCT,-0.436268086195745,0.662642233735867,0.857310512653175
GLIS1,-0.297792717616889,0.76586137303708,0.908889672058123
SIDT2,-2.68662492475264,0.00721779519918844,0.085624350378131
PKP4,-0.16388744545646,0.869819750540662,0.95331613852296
ADH4,-2.43030454919809,0.0150861403556858,0.131401586775287
CIBAR2,-1.66595756651215,0.0957218664412858,0.346561774235915
COBLL1,0.0341161522702973,0.972784528333555,0.989927304649641
SHPRH,-0.605083376346655,0.545123599137015,0.792839525641657
LRRC29,0.295468738699932,0.767635829778212,0.910058261521012
THEMIS,1.43475206833392,0.151357760958401,0.438351568341004
FAM120B,NA,NA,NA
MICAL1,-0.387215173892864,0.698596917543507,0.877616089522756
SPTAN1,0.100730868490301,0.919764106482854,0.969685724652497
HSPH1,2.48022888864643,0.0131298068911304,0.122064488236368
MLLT10,-2.31291920887992,0.0207270814965354,0.154703396612583
TMEM132E,2.03945065560408,0.0414050711974818,0.223489176143719
CELF2,0.79862909328252,0.424505512822043,0.712158893180141
LIMS4,-0.754326867662365,0.450652973033317,0.729294462002246
PON2,-2.2617630387222,0.0237120476003341,0.166127243085883
KCNA2,NA,NA,NA
DAAM2,-1.27883878446421,0.200953833012478,0.502950368414138
NHSL2,1.22163012126874,0.221847532575125,0.527380826219173
DNAJB6,1.01277230116173,0.311168933950763,0.617272897067987
SZT2,-0.3933316389614,0.694074552998125,0.875824813637471
DIP2C,1.80793738136862,0.0706162469628071,0.296047196412869
NRXN3,0.761697384799138,0.446240636548941,0.726906928667213
PHF14,0.423638669251534,0.671829349549323,0.863493373713325
EXOC6B,0.65869272923001,0.510093102857301,0.7713002153507
SYTL2,-0.159910158371803,0.872951846275497,0.954109311545585
TMEM275,0.249630124652012,0.802873399861356,0.926043567295436
EIF4G3,-1.67321487713968,0.0942850026478223,0.344133700467999
CIZ1,-1.20404330015874,0.228572843067566,0.53437388682504
H2BC6,NA,NA,NA
AC004706,0.233881796589924,0.815076745541441,0.930601373422655
SPTY2D1OS,-0.396620530835065,0.691647310339564,0.874290774599009
ENAH,0.991635351978689,0.321375437596399,0.627389951292699
SCYL2,0.902315767177952,0.366889152185463,0.66657841052146
CCDC149,0.455901096976696,0.64846110066287,0.849472581069499
DOCK7,0.274327706434303,0.783832794259637,0.917419065031371
ATP6V1C2,-0.0998217338564654,0.920485853106278,0.969905327858184
DENND4A,0.12593035167557,0.899787056761125,0.963610460850128
PTPN11,1.04517957093232,0.295939983465078,0.604701217986584
PTBP1,0.585908891865811,0.557936741607315,0.800584570919236
GRAMD1B,1.00357547931885,0.315583278580168,0.621623371468131
HSPA12A,0.830934084779108,0.406010867177994,0.698819615580164
LCORL,0.784717336003962,0.43261931616722,0.7185426133407
GSDMA,0.456328488874988,0.648153780624124,0.849472581069499
NEDD4L,2.25733509492769,0.023987144007907,0.167124813392112
EPB41L1,0.247955937350329,0.804168499205931,0.926280639565898
DCX,NA,NA,NA
CCDC194,-2.06789421431769,0.0386499715921768,0.215527074059401
NYAP2,0.439157505456124,0.660547413686719,0.856086051692864
EXOC1L,2.86045111861865,0.00423038763233076,0.0628705501904391
DCLK3,-0.983420047918259,0.325400747337402,0.6297164929905
ASAH1,-1.35435021959273,0.175624671327224,0.473364333493905
FBF1,-1.0604764483905,0.288927898980742,0.598694420594676
CLN5,-0.212930012764633,0.83138155234174,0.936934623998558
KAZN,-0.112573421710741,0.910368757478567,0.9663875149632
ZNF654,-1.94316172892797,0.051996620562637,0.25338283223907
TNRC6C,0.447586188469563,0.654451872777106,0.85184387274476
CCDC196,-0.477466391840507,0.633030047245304,0.841663740451437
CLEC19A,-0.559679892891557,0.575697799628008,0.810657309976141
FRMPD2,-0.286675003073803,0.77436117923909,0.913873185526055
GFI1B,-1.98332196159208,0.0473314778100455,0.239863612563852
ERAS,-1.97877108538855,0.0478417853546165,0.241155790620068
TSTD3,-0.210787991372008,0.833052709516645,0.938049975953735
TJP2,-0.0472229216827267,0.962335559037749,0.986826637677143
CNPY1,1.3531117891849,0.176019919930022,0.473831835689849
IRAG2,-0.564906957752776,0.572137050936612,0.808635266170895
ZEB2,1.73108790263036,0.0834360876681356,0.325306026016735
REELD1,0.880680950441621,0.378490530203537,0.67813737662287
CCDC201,NA,NA,NA
HRH2,-2.41036716352793,0.0159364734951783,0.13514701877617
RBMS3,-2.43351372229491,0.0149530686245679,0.130938721439016
UNC13B,-1.22087930203141,0.222131722297132,0.527890326679394
SMIM36,0.037328220982884,0.970223304077957,0.989540026403866
IQCM,-1.1580261648751,0.24685335901412,0.557032695448914
AC013470,NA,NA,NA
BTBD8,-1.66115164591022,0.0966829941387134,0.348305750930594
KIF13A,0.683390696827185,0.494359997050359,0.760151432175929
UMAD1,-0.640674382666649,0.52173426130723,0.778234187675919
KLHL33,1.42589592791683,0.15389838502439,0.442655575654469
ARID1B,0.437219756953681,0.661951982857896,0.85667708871701
PLCXD2,-1.66448207262527,0.09601613073912,0.347211238987696
KIAA1671,-2.38683260592366,0.0169942271991021,0.139802265341769
RASSF3,-0.971245209899836,0.331426185502251,0.636233392148853
C10orf143,-0.361078279800912,0.718040929700543,0.888676228481764
RAP1GAP2,1.28282551516952,0.199553212871378,0.501521395794488
TAB2,-0.311454651859555,0.755455012175179,0.903270523300206
LMLN2,0.142923524604039,0.88635057935552,0.95901266952249
CPT2,-1.68763556365354,0.0914812080063437,0.33967174825353
SYT14,-0.864236361880285,0.387458060987997,0.684506221376037
EFHC1,-1.85483839519591,0.0636193073496536,0.280119857988874
SMIM33,-0.567422570468431,0.570427118948771,0.807370480617573
PLEKHA6,-0.448341025729572,0.653907096555333,0.851821828413089
SPEF2,2.06228547634454,0.0391805649401091,0.217203483996672
PXN,-1.34878471470884,0.177406125729667,0.475823528330267
FAM237B,-2.45491605704526,0.0140917489988107,0.126834133930928
TEX52,-1.03182062209862,0.302156156754085,0.609738501178836
AC008687,-0.739657015867886,0.459508136158804,0.734952334690667
LIN28B,0.999747543648629,0.317432697377228,0.623397390872602
SPACA6,-0.467011823316884,0.640491419037678,0.846060449220394
FAM193A,0.901893315289212,0.36711354270211,0.666805271311813
PVALEF,-2.85067608496039,0.00436263870960913,0.0643201913947446
PLEKHG4B,-0.39189164296915,0.695138278057185,0.875994801367593
TEPSIN,0.488964490812809,0.624866836554589,0.837154763181782
FTO,2.40458999846165,0.0161906190431067,0.136156168602909
CSNKA2IP,-2.08627675802265,0.0369535607412674,0.210850116602539
RALGAPA1,-0.265050834769634,0.79097030126055,0.92145723039234
RASGEF1B,1.91293156990259,0.0557568133843493,0.262582747508909
CCDC195,0.553206994939739,0.58012167769984,0.812191846711134
TCF4,1.62974068546507,0.103156314603209,0.359357603826753
GABRA1,-0.182264815784949,0.855374909090906,0.946852155448416
INAFM2,-1.28197242683158,0.199852318926557,0.501939212833328
LEUTX,-0.998108418059473,0.318226788558822,0.624307831844855
COLCA2,-0.700079496464411,0.483877659660114,0.753307838959889
VSIG10L2,2.54962005068553,0.0107840375346344,0.107854649386761
FBXL22,1.0246207812553,0.305542155068785,0.612462269186826
SPIN3,NA,NA,NA
GIMD1,-2.20853561139696,0.0272069582076765,0.17969881851422
PAX6,-1.10303033774978,0.270013990690993,0.581664596780119
SCN3A,0.168351275242386,0.866306937638903,0.952454944424574
GFAP,-0.530287813355,0.595912394811715,0.822038166170209
KCNC1,0.758256361121287,0.448297526322287,0.727790820146198
FAM217A,-3.96853341956895,7.23163168160377e-05,0.00455351741551651
PAX4,-1.85109374967676,0.064156067138256,0.281103649345702
MED17,1.24535313337553,0.213001972646535,0.516841010056911
NCBP2L,-0.639264560772126,0.522650838963973,0.778511783570247
THSD8,-1.04439475953997,0.296302787182177,0.605010564383466
ZC3H11A,-1.57360434763912,0.115578947516422,0.382110928651973
DTHD1,0.882882617728649,0.377299696115246,0.677018359458892
UNC45A,2.72685496493943,0.00639411371992603,0.0799961858748938
RBMX2,0.0874260144597653,0.930332891993562,0.973425927010089
INTS6L,-0.491093315007873,0.623360449435956,0.837041616536612
NECAP1,-1.13295835611001,0.257231741794197,0.567735662625076
GABRD,0.0484583127936388,0.961350986958462,0.986617053644569
TMEM211,-1.82730674347635,0.0676536618891403,0.289955229287773
HNRNPU,-0.0244305128589667,0.980509209842835,0.993310843110201
PIGN,-0.292565889917356,0.769853989348534,0.911400978224446
LRRC8B,-0.354387660061595,0.723048381127725,0.890361722847064
PERCC1,-0.124092956208337,0.901241675184104,0.964012188234866
KCTD7,0.0633244526385748,0.949508144446177,0.981125954110812
ST3GAL5,-3.07081887452177,0.00213472605023871,0.0412531714465567
CNTN2,-2.10188973300595,0.0355629361280721,0.206226819173993
MIA2,-1.34672218692067,0.178069723833653,0.476758447607259
PFKFB3,0.114236667104441,0.909050186007482,0.966009988389142
RTTN,1.2982917698515,0.194187093439176,0.496950827849585
LPP,-1.80202798335915,0.0715410029790725,0.297420884353846
RAI1,0.995344183954681,0.319568895315558,0.625468014373879
LIAS,1.28792740508,0.197771234709136,0.500391781512735
OR10Z1,-1.39805722541588,0.162095883426421,0.454554275438872
GABRG2,0.960913412639183,0.336595706249653,0.641522803991015
OR10K2,-0.117192317325464,0.9067076548547,0.964669535353719
FOXO6,0.619339331912394,0.535692838677592,0.787285372743875
MAPK10,-0.0248916187169957,0.980141412459411,0.993264425606982
OR2Z1,-2.73690181815549,0.00620208003319584,0.0784973479578354
OR6N2,-2.65920586209369,0.00783250883521738,0.0899429130074506
OR2I1P,0.223430554714056,0.823200426097625,0.93356558952038
NFIC,-1.10555237172931,0.268920314451608,0.580477616339481
OR10G3,-1.21756065852697,0.223390972298694,0.529369052319007
OR2T11,NA,NA,NA
ZFHX3,-1.08040744871262,0.279960780334641,0.591890411192192
RBFOX1,-2.1030667689835,0.0354599333333795,0.20594562357188
OR6Y1,-1.59617241590105,0.110450304333572,0.373239042730084
OR10D3,2.04432825218923,0.0409211300067547,0.221990193563006
OR5A2,-2.20220466903219,0.0276508544066246,0.181126879840881
OR1I1,-1.45983721514212,0.144334817912074,0.427947475054755
OR4D1,-2.78469376030373,0.00535782989972932,0.072203037831137
RGPD1,-3.14612584613467,0.00165448799264708,0.0355150888421629
OR4F5,-1.73525858928308,0.08269501305284,0.323334291657055
OR11H2,-1.47655299742636,0.139795498979225,0.421506300992428
OR4E2,-1.06684594877303,0.286041405807722,0.596124790153728
OR2B11,0.359779015803326,0.719012396805799,0.88870070238458
OR52K1,-0.517325461188768,0.604928983239385,0.827092059512794
OR13D1,0.340515946261263,0.733468016141134,0.892876482997005
PHGDH,-3.02016462856093,0.0025263732322352,0.0463331945212844
FAM71F2,-0.145132698790215,0.884606101698268,0.958356576184819
OR10J1,NA,NA,NA
OR8S1,NA,NA,NA
MON2,1.2885482109986,0.197555197893579,0.500391781512735
OR2A25,-1.21815026882285,0.223166874066487,0.529369052319007
OR51F2,-1.13080096151078,0.258138875168664,0.568769005044112
OR8D4,-1.68146712114915,0.0926722175743308,0.341821787002075
OR2A5,-1.85802468107097,0.0631655094839026,0.279366741502978
OR6B1,1.48047299266365,0.138747063002961,0.420610956088416
FER1L5,-1.6510619821452,0.0987259192517855,0.351874078238911
OR4E1,-1.91950755795699,0.0549201307123067,0.259928911783395
OR2C3,NA,NA,NA
OR51D1,-1.44589921668901,0.148205471677497,0.433923356256836
OR51L1,-2.35489394295072,0.0185279929462409,0.146364364560164
OR5AU1,0.198510928632279,0.842645335081264,0.941491735943511
OR2H2,NA,NA,NA
PNPO,-0.0768277508053411,0.938760574027505,0.976321873127672
MICU1,1.41529022174843,0.156983420790047,0.44777905907497
OR5K1,-2.45092581013105,0.0142489318545114,0.127565081863375
OR13G1,-1.26857476971419,0.204592767685145,0.507920762916308
POLR1C,1.32763237052736,0.184299585294674,0.484953868888819
CCDC88A,-1.18816221288647,0.234769507746851,0.542289608467053
PATJ,-1.44179862543967,0.149359190777625,0.435762134939494
MANBA,-4.83674170370301,1.31984756448715e-06,0.000311649006164528
C11orf80,-1.37218599325379,0.170005544640786,0.466604393500101
MYH14,1.14003850067237,0.254270261497647,0.565216865171363
ST3GAL3,1.69626479100761,0.0898357451830727,0.337207595928116
GLUL,1.0750662148958,0.282345084144629,0.59342001929259
BCL11A,NA,NA,NA
A4GALT,0.573944408932555,0.566005420269707,0.80541185603727
BICDL2,0.860441724956143,0.389545593839251,0.68653767386975
TM9SF2,0.539684908347952,0.589414349462926,0.818078834833132
TLR5,-1.21723852505293,0.223513476305945,0.529425651087059
NDP,NA,NA,NA
MYL10,2.24788817456074,0.0245833214171012,0.169176774013157
MBD5,-0.0625702663634664,0.950108707011873,0.981408699195249
TLR2,-1.23769350827118,0.215829727145076,0.519366056786049
MACROD2,-0.560080831218445,0.575424304652655,0.810571596934276
SNTG1,-1.43975407143125,0.149936989483067,0.436579534695203
PFKM,-2.04413621909179,0.0409400919441569,0.221990193563006
MEA1,0.0807877917814833,0.935610717080001,0.975337688426356
ALDOA,2.01894780134758,0.0434926451553317,0.230321123356021
IQSEC2,0.370730321173833,0.710838404109977,0.884337238254252
SRP72,-0.352980684807009,0.724102920986424,0.890361722847064
MYO3A,-2.33676311785301,0.0194515045711046,0.149975069938027
CD59,-2.40062785000342,0.0163669722153378,0.136877523031647
EPS8,-2.27915505559697,0.0226578497237577,0.161970399728205
LOXHD1,3.57334378023207,0.00035245154765423,0.0125619051607328
COL25A1,0.529534313859691,0.596434847332786,0.822233480468259
ANKRD40CL,-1.94241845180011,0.0520864633201719,0.253667622847064
AP3D1,0.392030601678589,0.695035603050949,0.875994801367593
SLC33A1,-1.06195023694402,0.288258276969334,0.598186662569964
TEX15,-2.67766502809354,0.00741373206629799,0.0871877968761831
GSS,-2.36881443763404,0.0178452042226232,0.143216530118047
KRBA2,NA,NA,NA
CD8B2,-1.01285618675863,0.311128858408489,0.617272897067987
SEMA3E,-0.509765113751566,0.610216029140691,0.829726887922811
TCOF1,0.236422040868394,0.813105194763602,0.92967959900408
GAB4,-0.536517092243987,0.591601226315592,0.81923190067637
TEX51,-0.761793208798805,0.446183434262482,0.726906928667213
HOXA1,0.250510841717841,0.802192321466372,0.925755917622432
CEP78,0.512284372458901,0.608452000837358,0.828805305275946
BLVRB,-2.19429101449474,0.0282144950150841,0.183119206727043
TMIE,0.162412082305877,0.870981356853431,0.95331613852296
KIF25,0.6339663286101,0.526102796770087,0.78098874899701
CCDC9,-0.809539211284489,0.418205057852751,0.708023828175263
EYA1,0.666117792591942,0.50533581269949,0.767549840800028
TRIM8,0.245911449397708,0.805750780602674,0.926586262987339
SPTA1,-4.87967016931205,1.06263402346662e-06,0.000281728515133818
AC138647,-0.170995178039553,0.864227557123287,0.95166554498229
SLITRK6,1.08602426513744,0.277468256937481,0.589531886571837
PRPS1,-0.578024520722503,0.563247564398628,0.803560337505635
TECTB,-0.898006805178312,0.369181921443098,0.668873899634109
ASAH2B,-0.398914943134789,0.689955878168455,0.873319982871012
PRKCB,-0.589785491073783,0.555334471053633,0.799258526339286
TMEM8B,-1.88236956224048,0.0597858556290512,0.272051746542072
RIMBP2,1.90937012773673,0.056214361527585,0.263697259936405
POU3F4,2.16942322901652,0.0300505669997755,0.189642394959696
HECW2,1.93446949620705,0.0530554290204023,0.255977989608032
MYO1F,0.296178123822612,0.767094054419932,0.909774013364799
SMARCB1,NA,NA,NA
ANO4,0.26147334368806,0.793727503341487,0.922322955055482
SEPTIN3,1.76312155553032,0.0778799904165205,0.311767527198532
CYSTM1,0.0337083472479514,0.973109722615351,0.990011722644619
PAPLN,1.14686779904074,0.25143626293999,0.563018901986151
SLC9A3,-1.25512162648388,0.209434610776472,0.513358804309593
TBCE,-0.537337437825004,0.591034549656353,0.818907417368746
XG,NA,NA,NA
SLC26A4,-2.79252050269636,0.00522991531467558,0.0715436312227979
GJB6,-1.8516718620685,0.064072956905397,0.280907604026072
ABHD5,-2.50995723937314,0.0120745781969323,0.115928224721754
SGCE,-1.7865947725853,0.0740030072072511,0.303089907950404
RPS10,-0.838492919133488,0.401753922877223,0.695894705465774
GIPC3,-1.25850774318464,0.208208188641654,0.51201738507417
RAPGEF2,-3.85493573850089,0.000115760032003505,0.00607418612373947
VPS45,1.45459643233296,0.145781019284313,0.430867160953595
OOSP1,NA,NA,NA
SMIM27,-1.6713590908244,0.0946507712143928,0.344703769482046
UPK3BL2,-0.503560645160816,0.614570153790947,0.832725200761122
PJVK,2.81149995450189,0.00493110977187901,0.0696629644851744
MORN2,-1.07202098961388,0.283710604619104,0.594156687500541
ZNF746,-0.884857607811096,0.376233434407068,0.676002385693162
SLC18A2,1.76896910676254,0.0768990302338439,0.309480198373861
CDC14A,2.20442097349969,0.0274947520107725,0.180533626324662
MTAP,-1.11815617158057,0.263500299391071,0.576170441926489
CYP21A2,-3.33468690472001,0.000853954903058255,0.0228394352951576
PITX2,0.929056306864146,0.352859906480064,0.65570340116253
KITLG,2.48267746684242,0.0130399096002653,0.121566387340659
ABCC8,-0.625365850512657,0.531730969835526,0.785194656146492
TUG1,NA,NA,NA
CXorf56,NA,NA,NA
SLC6A1,-0.558149053025535,0.576742606861674,0.811109235959365
MYT1L,-0.967264158496803,0.333411996198515,0.637775938898165
KNG1,-1.62517574217323,0.104125117643586,0.360851453661427
VPS13C,-1.47436195847118,0.14038416124547,0.42243836016359
GRB10,-0.637204074239263,0.523991924190061,0.77992376227324
KCNJ10,1.80633219167229,0.0708664663399685,0.296575474752037
SPTB,-3.139124175394,0.00169453623857788,0.036070370726215
SLC35B3,-2.52459239344972,0.0115832551983479,0.112868419761173
DYRK1A,1.6403082622728,0.100941088580942,0.356030047759424
PLEKHG1,1.81502850778764,0.0695195286152707,0.293786106385338
BRAF,0.770225908757137,0.441165897636031,0.724662939682141
KSR1,-1.02625413277957,0.304771811201051,0.611729527277232
PTPRQ,-1.57378298796822,0.115537628319064,0.382110928651973
DOCK10,0.313967046120296,0.753546067506724,0.902672874914145
HARS2,0.601332944069694,0.547618251383831,0.794738021215063
KCNJ6,1.53555180486105,0.124648342204416,0.397790136087162
GPR174,2.41649434538072,0.0156707696342206,0.13394608071965
TRMU,0.684740386577793,0.493507759072167,0.759691275858061
KDSR,0.594479534383139,0.552191426545418,0.796935998276607
BX255925,-0.697246135640729,0.485648770934344,0.754433000242579
CTNNB1,NA,NA,NA
ESPN,-0.796816556656293,0.425557577990874,0.712906023913186
CFAP92,-2.09492443782921,0.0361777100811596,0.208509681017597
SLC1A2,-0.370729227871627,0.710839218505629,0.884337238254252
ATP13A3,-4.63838802485612,3.51137088800191e-06,0.000558566703784051
ARPC1B,0.830394991343212,0.406315496519115,0.699184671304584
COL13A1,1.77309785872143,0.0762124927551742,0.30797300727975
FAM122C,-2.66154741573498,0.00777823848492577,0.0895920274269804
FOXF2,-1.90688200357848,0.0565358691147946,0.264702765095351
NOBOX,-0.46810474158191,0.639709688625455,0.845412576695049
THPO,-1.93997945679621,0.0523821865531538,0.254349560846688
GRIA2,0.0420944785580545,0.966423381743694,0.988466338065022
RPS7,2.77577705725891,0.00550699563734771,0.0734525313959387
LRGUK,-0.0389002956887277,0.968969880823341,0.989372417306317
SIX1,NA,NA,NA
SPG7,0.736073725019014,0.461685831992681,0.736883244310678
FOXC1,-0.732123490133192,0.464093197518192,0.738697206926422
ABHD18,-1.28286198681375,0.199540432638242,0.501521395794488
TRANK1,1.24980769490292,0.211369804477387,0.514825179330779
ACOT6,1.25798855768549,0.208395894412028,0.51201738507417
CASK,NA,NA,NA
SLC12A1,-2.71578503770532,0.00661188329991492,0.0815224456333557
TRIM66,-0.111859581222063,0.910934744918462,0.966515610475124
FYB1,1.64095373386009,0.100807019548666,0.355684258561627
MICAL2,-0.466249797166243,0.641036708809847,0.84650006497155
CTCF,2.06812247964148,0.0386285073575107,0.215486896709746
ARHGEF7,-2.8975354565682,0.00376107222153927,0.0590824567691283
LZTR1,-0.139087160066047,0.889381274386238,0.960225997352197
TBC1D24,0.378870194639639,0.704784258313794,0.880732631409745
TINCR,NA,NA,NA
RHAG,-4.85620132768788,1.19659043265743e-06,0.000291659268037406
AVPR2,0.940100776961978,0.347165870329924,0.650426070772156
EFNB2,1.28530261728259,0.198686555939105,0.501139889392776
RFX8,-2.60830123715887,0.00909928390885485,0.0976147323568062
CSNK2A1,NA,NA,NA
SLC19A3,0.370791918779789,0.710792520877326,0.884337238254252
GIGYF1,-0.874898009538889,0.381629402210653,0.681360973660518
NMNAT3,-0.504868076720815,0.613651497192551,0.832077292559339
HDDC3,2.30010985970712,0.0214419968294899,0.157526230475085
TSC1,1.70857785716286,0.0875291731732599,0.332597652751899
SYNGAP1,-1.16650074736982,0.243412046596289,0.553565515148702
S1PR2,-2.4726304394268,0.0134122758063462,0.123138707160087
CHD8,-1.56376451969413,0.117872879434179,0.38638368647931
UBE2T,0.427487727012188,0.669024122430704,0.861550280202198
TRPM7,-1.6989732047936,0.0893242324313054,0.336541461107426
SAMHD1,-1.2589452517727,0.208050107447236,0.51201738507417
TMF1,-2.48651395430482,0.0129001510348563,0.120785057273079
GRHL2,-1.21614693928259,0.223928952293981,0.529911419835051
RAB15,-1.41118302060967,0.158190655382249,0.449633336050641
SH2D4B,-0.859797674182206,0.389900581580994,0.686894099889483
CC2D2B,-0.00730877034844802,0.994168496898558,0.997790749304862
SUCLA2,-1.16941071900294,0.242238193231299,0.551476887030941
RNASEH2B,-1.42102428876632,0.155309698457757,0.444767891433319
TPM4,-3.21637656450427,0.00129820366323185,0.0304511034713879
POU4F3,NA,NA,NA
C3orf49,-3.35353281991708,0.0007978695092087,0.0220505640276666
SAMSN1,0.608246437167437,0.543024039969778,0.791622659014451
ERCC3,-1.7207299667711,0.0852998359086953,0.329222285716137
RPL35A,NA,NA,NA
CDKN1C,-1.60272590833087,0.108995180904978,0.370875834476972
CBLC,0.277597832839883,0.781321095926945,0.916575407673342
ANKRD44,-0.756160771600848,0.449552809354207,0.728748153682506
LRRC9,0.605560764584999,0.544806462943693,0.792712812247746
TSEN15,-0.355895589840165,0.721918758656951,0.890072196210449
PTP4A2,NA,NA,NA
SERAC1,0.184768490708704,0.853410623060507,0.945716897828729
FRY,1.14606238733465,0.251769339087058,0.563173240012839
TDRD12,0.235948364459619,0.81347273813173,0.929760859261922
NDUFV1,-0.123455802978252,0.901746170602565,0.964360567543989
ALX3,-0.393854275400162,0.693688630330546,0.875701493739471
EPHB1,-1.24792210697367,0.212059583928154,0.515464763120839
TNXB,NA,NA,NA
CRYBB1,-0.258069887046253,0.796352971236114,0.923689659298061
C8orf33,-0.348953119880334,0.727124504778042,0.890852127423931
PRSS51,-1.99944905754773,0.0455597885129462,0.234386219587029
ZNF23,-1.26071938649527,0.207409966686381,0.511155524792798
ITM2B,-0.237571945816538,0.81221311159009,0.929062955194451
WDR49,0.775054027877611,0.438307735034512,0.722402278529997
EIF4E1B,-1.33994787648891,0.180262291401155,0.479937235316113
RPS17,3.91432095699401,9.0658978923353e-05,0.00520927182315479
CA14,1.62200544411083,0.104802182463323,0.361845407894013
ALOX12B,-0.289865647335575,0.771919023307805,0.912344773989328
PNRC2,-0.254549665086122,0.799070940096272,0.924704862990184
ENPP1,-0.898195740949867,0.369081203615277,0.668873899634109
JAGN1,0.0762559901685298,0.939215438604436,0.976321873127672
CPOX,-1.56885253479227,0.116682303930003,0.383827378535091
NEK5,0.527838753453481,0.597611256999584,0.823337350221661
HESX1,-1.09182122098598,0.274911689629584,0.587359635833491
B2M,-1.0094727893874,0.312747945054016,0.618618710164436
HLA-DOB,-2.56395996530269,0.0103485480386211,0.105028380093782
ALDOB,-1.75120286490733,0.0799109721643973,0.317059482334058
COL17A1,-0.131846272627107,0.895105885735543,0.962670893388458
IMPACT,-0.569173897756959,0.569238132678408,0.80679422573125
IQSEC1,-0.661408513910975,0.508350367382041,0.769527271549374
DLG4,1.87218654806501,0.0611807994743841,0.275167929064551
VKORC1L1,NA,NA,NA
IL17A,-0.0251433610631265,0.979940613975852,0.993264425606982
PLCZ1,-1.78404588528786,0.0744162094190146,0.304022102389875
KCNN4,-2.53333279715935,0.0112983627950854,0.111159413124564
FOXL2,-0.250416601037801,0.802265192742583,0.925755917622432
FAM50B,0.698482644489014,0.484875407960069,0.754041829828546
UBE3A,1.09222281825939,0.274735175243252,0.587279568989893
MRPL28,-0.120620437808591,0.903991680008846,0.96447714218272
CXorf58,0.206523811598924,0.836381766669883,0.938964509168358
DLX5,0.596264136407374,0.550998785534111,0.796329446249334
CTLA4,-0.7481706900113,0.454357207698703,0.7318790785849
BCL10,2.21135636505265,0.0270111689858864,0.178796664789626
IL21,0.980197097232741,0.326988837116329,0.631428969503332
TMPRSS9,-2.59109068797954,0.00956722759722648,0.100263667053788
EPB42,-3.89281027761786,9.90896440283941e-05,0.00546994299028213
CD53,0.0497290699625536,0.960338290632103,0.986314547236125
MYO1C,0.0918292565733947,0.926833698879563,0.972610937757956
CES4A,NA,NA,NA
KAT6B,-0.608508127003158,0.542850517490209,0.791622659014451
PRDM1,-1.68470725637307,0.0920450658159131,0.340427076507606
CABCOCO1,0.274919132039882,0.783378368058947,0.917250071106218
PTP4A1,NA,NA,NA
ATP8B1,-3.84693728539631,0.000119603568642356,0.00616876835946515
FEZ1,1.80771176113739,0.0706513731527697,0.296085288709001
EIF2B5,-2.67883386972787,0.00738790385321809,0.0870873658579031
TPRA1,-2.31948073635462,0.0203689844525236,0.153080605631469
MYL12B,NA,NA,NA
GAN,-0.493459812730741,0.621687728721644,0.836221179923586
GJA1,0.130719631148272,0.895997102189896,0.962670893388458
LMBRD1,-1.80459024080623,0.0711388263569373,0.296930814573313
ITPR1,2.16273470609993,0.0305615901133512,0.191637655515752
NDN,-2.01255335363005,0.0441616384382336,0.23092943385101
HOXA13,NA,NA,NA
AP5Z1,-0.45964131707801,0.645773697372202,0.848307729023707
ANKS1A,-2.16594684682872,0.0303152489001213,0.190567404899598
RAB12,-1.93985544805951,0.0523972597904735,0.254349560846688
GET1,0.966022333381262,0.334033005776012,0.638268595820083
RCC1,-0.987367419469955,0.323462550354259,0.628246389715118
TRIM16,0.337124930962003,0.73602272419701,0.893981543386517
C9orf153,-0.720916776664971,0.470960720187503,0.74431692150947
MALT1,0.846121377887398,0.397485036022796,0.692905048376571
GNAI1,NA,NA,NA
LHB,-0.616434587252613,0.537607731727071,0.788310502800262
EDDM13,NA,NA,NA
TBX1,-1.05082453473802,0.293339185227544,0.602383716151468
SETBP1,0.942981210954683,0.345690513526489,0.649714295387134
AGK,0.170800732482562,0.864380453100322,0.95166554498229
PCMT1,0.270051961067317,0.787120278919476,0.919168662006887
NNAT,-1.27181739419492,0.203438007258532,0.506449142524109
ABLIM1,0.740395567509924,0.459060007574984,0.734786702793796
COL9A3,1.28829127772143,0.197644588210066,0.500391781512735
MMD,-0.857013574660633,0.391437382520599,0.688237547952447
STON2,-0.489255189406041,0.624661041376068,0.837154763181782
CHRNE,0.350878978044716,0.725679143139474,0.890852127423931
CALCR,-1.56247840855184,0.118175328448901,0.386765732105577
ISG15,-0.705206633538512,0.480681653732547,0.750807354129845
CCBE1,-1.74471956409235,0.0810336960900609,0.31992308675788
TTC37,-0.215870274183374,0.829088868560406,0.935992154615632
TTR,-1.75514355223216,0.0792347563518305,0.315436153316349
DHH,0.317986430537326,0.750495229977559,0.901293161703561
DARS2,-0.20775239862229,0.83542230197791,0.938305598475672
STON1,0.09162118344116,0.926999020286958,0.972610937757956
EIF4A3,NA,NA,NA
SH3BP1,-0.634311261921097,0.5258777082527,0.78086089771644
MPIG6B,-2.15881453816598,0.0308645581423212,0.192737687044115
SCUBE2,-1.2861226740827,0.198400252057936,0.500796986486815
CA5A,-1.94304087946466,0.052011219269825,0.25338283223907
MIF4GD,NA,NA,NA
ECE1,-0.263251226405913,0.792356949787326,0.921970430664476
COX6B1,-0.711311339086118,0.476891326514111,0.748281468519539
THBS2,1.06090932583862,0.288731110666079,0.598601601713947
FOXC2,1.72749954329805,0.0840779871310736,0.327022687516594
IGF1R,0.732536709770844,0.463841044979084,0.738414759946227
SLC35B1,-0.941329475159369,0.346536042385684,0.650298357448462
IFIH1,0.880367640350112,0.378660180720227,0.67813737662287
LARP1B,-2.44641025542821,0.0144286713653248,0.128640756149137
APLP2,-0.716099212664789,0.473930089912564,0.746589337929602
GRM6,2.35322187054642,0.0186115252943192,0.146640964675574
C2orf15,-2.63825044252041,0.00833350121122849,0.09259473324867
IDE,0.652337952606455,0.514183181757899,0.773840032593986
BBS10,-0.155839005781346,0.87615992404881,0.955542293530744
CTPS1,-0.352555678544148,0.72442156988038,0.89054411161086
WDR37,-1.36426245662483,0.172484977414891,0.46987966168857
FBRSL1,1.06220745852665,0.288141514603177,0.598186662569964
EPS8L2,NA,NA,NA
QSER1,-3.65007752530005,0.000262161172137524,0.0102643943039073
LRPAP1,-1.25246687984785,0.21039978951052,0.514440215404391
MED13L,-1.3843936414099,0.166237954877605,0.46086735903694
ALAS2,1.3471666751243,0.177926558159521,0.476573227030607
SLC25A48,0.00689018472699395,0.994502471484156,0.997793725368924
KCNK9,-1.34403482443697,0.178937126002335,0.47815075587189
LPL,-2.43518992008018,0.0148839753004806,0.130888653098597
GSK3B,0.198438238666092,0.842702202122052,0.941491735943511
ABCB11,-4.57614910402181,4.73613048187533e-06,0.000694877707204855
DYNC2H1,0.683789277367429,0.494108238474771,0.760073666513716
LMTK3,-1.80003511143791,0.0718550942938825,0.298153263308389
ZMYM1,-1.98714075718731,0.0469068007497241,0.238591576213339
DCLRE1B,2.53118761339386,0.0113677026127568,0.111380893936806
GCLC,-2.75513138052613,0.00586685719868812,0.0763528155755051
MDGA1,-0.788163446171187,0.430601107496307,0.716849296791279
TFPI2,-0.273339867752833,0.784591971709853,0.917786259115
SLC25A38,-1.63585564489686,0.101869802894555,0.357431265693642
INPP5F,1.43296134294158,0.151868885011528,0.43907600751338
DLG2,0.979978723613343,0.327096621193181,0.631428969503332
MAP1LC3B,NA,NA,NA
DIABLO,-0.609680230473536,0.542073652945832,0.791326994138081
FAM83H,2.09087603632531,0.0365391777662105,0.209397062723919
LARS2,-0.58539046686743,0.558285197351458,0.800683866601047
GTF2I,-1.92386258309312,0.0543718103705866,0.258548394688579
FANCB,-1.09185729542614,0.274895830636123,0.587359635833491
CHST8,0.402277072855259,0.687480125917327,0.871965675964921
NOTCH2NLC,0.498647758049853,0.618027554128277,0.834949691608984
ALPK1,0.212988919140479,0.831335605637854,0.936934623998558
SELL,-1.90385706070364,0.0569288027023459,0.265691187905451
PARN,-0.278050365731523,0.780973696232723,0.916381279405925
CLUH,0.574894868928768,0.565362400329295,0.805027475150881
GTF2IRD2B,-2.56197659267997,0.0104078332791471,0.105306606293965
TMEM217,-2.68171285477244,0.00732463006022119,0.0866296427291232
GTF2IRD2,-1.72753623188406,0.0840714039681303,0.327022687516594
GREM1,NA,NA,NA
SPEGNB,-3.78312438008427,0.00015487197270008,0.00729104439702061
MPRIP,-1.59233447804682,0.111309569916562,0.374760389596619
BIVM,0.437974617249744,0.661404683637945,0.856221237345733
CACHD1,-1.19701120332916,0.231302188045529,0.537594381074136
TIMM23B,-0.609701903996053,0.542059293063009,0.791326994138081
CTC1,-1.64188794671972,0.10061322824323,0.355299078211293
ACSL6,-2.48349935435891,0.0130098570264092,0.121403031357195
ZFHX4,2.79886036336566,0.00512833094980555,0.0707110741911144
SLC29A1,-0.932558871191237,0.351047777184433,0.654215564041331
DIP2A,0.522270718454459,0.601481853704877,0.825151275940236
CLEC3A,-3.49727386312208,0.000470039029138679,0.0153641636017067
GPR19,0.00547287465890459,0.99563329960529,0.99798967532815
TMEM167B,0.944684375959929,0.344820035923433,0.64918807631597
NIF3L1,-0.183843128743247,0.85413652088849,0.946313130767365
CHRNG,0.711674824474009,0.476666160822192,0.748213774773564
MECOM,0.469786856353469,0.638507305808664,0.84487872402755
RDH8,0.178585968579063,0.85826281281679,0.948589748210878
DEPDC5,-2.1602658563385,0.0307520945501573,0.192353333129958
SCLY,1.63532648358271,0.101980624630652,0.357584101048932
BSND,-2.58292031806173,0.00979679466222659,0.10147303696749
CPAMD8,-0.0723364233255621,0.942334178984764,0.977712226279855
CRYBB2,4.10938221142912,3.96719001696507e-05,0.00304479978670694
RPS27,-3.77607106869767,0.000159321550399997,0.00729596142316592
NOTCH1,0.788625070626781,0.430331173469359,0.716849296791279
CARD14,2.4303355776671,0.0150848487502344,0.131401586775287
LHFPL5,NA,NA,NA
POLR3G,-0.781424580901175,0.434552818505138,0.719698828364179
GPR101,0.0299900207459106,0.976075011883506,0.991480304138738
ZMAT1,-2.0108804633357,0.0443380844006138,0.231126985671637
PQBP1,0.924148914536972,0.355408788941891,0.656754416543147
FAM161B,-0.635704454339142,0.524969072587465,0.780686146914167
PTPRZ1,2.83441344217773,0.00459098931747198,0.0664785570903921
BOLA2B,0.118157203685056,0.905943098859581,0.964669535353719
GSG1,2.98628686388721,0.00282387608548987,0.0495062823711403
CYP26C1,-2.35427201996266,0.018559024187637,0.146532901527466
COL10A1,1.40908746517813,0.158809306843257,0.450436607547916
LRRC7,-0.357634451122473,0.72061689299398,0.889377326998069
ADAM20,-2.37517394040216,0.0175406821114619,0.142131253655985
KRI1,-0.183691584994445,0.854255410779595,0.946375468638754
FAS,0.095552642425422,0.923875878888852,0.971593652502253
FKBP2,0.362103412188951,0.717274753874257,0.888407186341101
RGR,-0.810966810966811,0.417384730545126,0.70720013992577
ESYT2,-1.29676937810995,0.194710549874897,0.497290152055001
BICD1,0.288376084166815,0.773058872569148,0.913192033320172
LRRC55,-2.74237796197634,0.00609961107944689,0.0776596059383719
NR1H2,-1.93442287098235,0.0530611566933231,0.255977989608032
ERCC5,-3.35358247622723,0.000797726356070612,0.0220505640276666
GPRC5C,-0.179114329192686,0.857847930884542,0.948410229714656
LRRC4B,-0.622529736557189,0.533593596744091,0.786085634041402
RAB33B,-1.30797770402263,0.190880871753071,0.492649496251781
ELMO3,1.28796617637669,0.19775773746703,0.500391781512735
ALX4,-1.2317237486885,0.218052295365447,0.522044515773159
SUMF2,-2.65580665161546,0.00791189628438057,0.0901524742342854
MIP,1.72031578352081,0.0853750559489991,0.329222285716137
IL31RA,-2.26867697144199,0.0232879770093804,0.164683157962451
GCNT4,-1.18894180572988,0.234462567680119,0.542240644188242
SNX6,0.349198585962429,0.726940227706458,0.890852127423931
AC023490,0.497345779369285,0.618945234041747,0.835093523420251
HMBS,0.0639262136184519,0.949028979514144,0.980925860763193
MYCBPAP,-0.537599759211185,0.590853396504748,0.818834207433344
AP000552,0.286140407182559,0.774770584313401,0.91428495003468
AP000471,1.31111030138671,0.18982050092858,0.491193049663133
PREP,-0.345841942379367,0.729461502410786,0.890852127423931
GPRASP1,-0.584994997881199,0.558551080186926,0.800837184419812
EEF1AKMT2,1.41881677366201,0.155952441146378,0.445848144268647
FBXW8,0.140410024600194,0.888336037831167,0.959855155420034
SNX25,-2.02123928765442,0.043255000554116,0.229717594214238
NRG1,-0.816704830206871,0.414097130321452,0.704650648613958
FECH,-0.0914389865689338,0.927143784685851,0.972610937757956
AP001453,-1.99492379427931,0.0460511919344774,0.236067032738746
TACC3,-0.223455430257327,0.823181067621142,0.93356558952038
AP3B2,1.87129526542255,0.0613041664328191,0.275313094541683
TMUB1,0.951857846833661,0.341169080105647,0.645671350168974
ERCC6L2,-2.28304047273748,0.0224279844397437,0.160734768206157
ANKFN1,0.273932236392015,0.784136697711567,0.917599022442094
GUCA1A,-0.940880483597657,0.346766110047931,0.650426070772156
MYL3,1.50015893454934,0.133573237803561,0.412793204435055
SCN10A,-1.29220115510015,0.196287491787721,0.498872616195097
FRMPD4,0.814483199793901,0.415368192772591,0.705736802066888
FAN1,-0.894251946704144,0.371187104179548,0.67129960727158
IL19,-1.13748923810931,0.255333820973774,0.566067626595176
TNNT2,-1.11573076824907,0.264537396100105,0.576706792606858
SCN3B,2.64631973599779,0.00813728624246945,0.091178421264893
CCDC30,-0.472785929287056,0.636365913685084,0.843797638642536
KIAA1549L,-1.14294534145506,0.253061285521162,0.56421689979283
PLA2G6,1.27095027159236,0.203746340335775,0.506833694675594
GVQW3,1.64922923862787,0.0991006800435222,0.352658921645743
STRA8,NA,NA,NA
CUL1,NA,NA,NA
NINJ2,-2.84306024175756,0.00446826239459598,0.0654940652833505
UCP2,-0.20354743033172,0.838707177474447,0.939969064520457
PIN4,NA,NA,NA
CYP27C1,-1.20242920049358,0.229197281386675,0.534983763706878
MYO6,-1.87166163642551,0.0612534302483072,0.275313094541683
TNNI3,0.595781925240098,0.551320919995059,0.796364150541515
KCNJ8,1.1409714301125,0.253881812282336,0.565216865171363
RAPGEF5,0.438020811113204,0.661371197397811,0.856221237345733
CCDC57,2.72331039624422,0.0064631302449662,0.0805200529776827
JAKMIP3,1.99677502544224,0.045849627756833,0.235493502826421
RIMS2,1.39464807194224,0.163121991175521,0.456246442836289
KANSL3,-2.86792026077485,0.00413179653247085,0.0624397091986995
ETS2,-1.74989827795819,0.0801358679000639,0.31758191924526
IQCF6,1.35520403493573,0.175352559507193,0.473032466846253
AMPD2,0.880927613297035,0.378357000626826,0.67813737662287
KCNC3,-1.50402181729151,0.132575749235766,0.410886940617492
SLMAP,-0.524251603325869,0.600103553427445,0.824579315652616
ZCCHC14,1.03654046556393,0.299950071319873,0.608014325851743
SBK1,-1.26163876704077,0.207078799792486,0.510584895164634
RAD54L,1.66979958620334,0.0949590223003162,0.345122834295906
SAMD8,-1.48517583240203,0.13749725222932,0.41886822070538
ETNK1,-1.96121333630136,0.0498541417894143,0.246835986828753
BRI3BP,-0.0932861797582588,0.925676211158859,0.972380924056824
GCK,0.622582269355359,0.533559065713388,0.786085634041402
MFSD4B,NA,NA,NA
AC119396,0.732514427869797,0.463854639767703,0.738414759946227
NFILZ,-0.30808067580026,0.758020945044445,0.904648658225051
SLC25A52,-1.57314883934936,0.115684358371843,0.382360695564058
ZCCHC8,-1.44661465242332,0.148004880100429,0.433627326110447
YPEL1,0.26537385030044,0.790721478645047,0.92130940518766
ETV3L,1.53945887151646,0.123692311205841,0.396717546125065
BTD,-2.13484544614325,0.03277363669706,0.197605850492933
OPRL1,0.821575608695109,0.411318476007639,0.70265493867551
ANK2,1.13676586147767,0.255636178184985,0.566281724528218
OTX2,NA,NA,NA
MEN1,-1.02554629956391,0.305105490889604,0.612155360903304
ACAT1,-0.977399619944994,0.328371351091091,0.632791106565744
UFSP1,-1.95722692008403,0.0503207951374714,0.248285626345441
CAMK2A,-0.420303516204653,0.67426374155159,0.864858982445396
JAK1,-0.792584383113323,0.428020010423092,0.7147224748634
CFL2,NA,NA,NA
MPZ,-0.671871747207283,0.501665348049127,0.765805992798154
ANO3,-0.189812400216444,0.849456138580285,0.944034502590474
ATP8B2,2.00408415108572,0.0450610468617018,0.23343040953822
ACP2,-2.30520365391095,0.0211551703351212,0.156511200489068
IFT46,-0.681726907632263,0.495411649801259,0.761148927592174
PLPPR5,0.442844411559979,0.6578782774305,0.854744633096495
AK2,-0.928184734570998,0.353311751579765,0.655841532724609
UBE4B,0.578824376597973,0.562707681228795,0.803299108732366
EFCAB14,-0.900566470406309,0.367818868702712,0.667604941608862
ASCC1,0.388249804902494,0.697831179219744,0.877616089522756
SACM1L,-1.33558450915809,0.181685116161197,0.482196254904813
YPEL2,NA,NA,NA
AMD1,0.59522410870119,0.5516936770359,0.796522336130011
DPEP3,-1.43779147393833,0.150493229229385,0.437544559089112
AQP4,1.53685730275182,0.124328257295537,0.397502341079621
LDHB,-1.43650233814482,0.150859451502149,0.437600821016404
TMEM145,0.469960770318552,0.63838304549492,0.84487872402755
EED,3.55138266603019,0.000383212814238707,0.0134364548695484
OPRK1,1.63843520532626,0.101330940182995,0.356466496882732
AKT3,NA,NA,NA
PLEKHG5,1.67583610793873,0.093770299352876,0.343463467104632
ARHGEF2,2.68046799180516,0.00735192951838202,0.0867309593144333
ATAD3B,NA,NA,NA
ATP5MC2,-0.204894120600133,0.837654848854853,0.93935194072931
HHLA1,0.408164241058829,0.683153099131435,0.86937344286941
TRAK1,0.315682695445485,0.752243362585445,0.902387625783267
GBF1,-2.39734973155736,0.0165141530589947,0.137348310967269
WIZ,-2.80164775006115,0.00508423538356465,0.0704889588224119
APOA5,-0.185885843030866,0.852534284338378,0.945508447447641
MAPK8IP3,-0.900694332852958,0.367750862689042,0.667561686120937
USP7,-2.13143522861722,0.0330533032125078,0.198372326508109
ADNP,-0.91255466306139,0.36147680785824,0.661977401884842
PLK5,-2.5145571205359,0.0119181994376202,0.114937989726431
ADCY7,0.0763670368002161,0.939127093821975,0.976321873127672
ARNTL,0.898071218097466,0.369147582302287,0.668873899634109
ELF5,-0.464573881769358,0.642236639728224,0.846898099140377
DDHD1,-1.16556724754388,0.243789456470107,0.553923660528681
RFX7,-2.69905073205764,0.00695375749756943,0.0841354550066207
GKN1,-1.31692830495735,0.187862657685005,0.488990768688626
ZBTB3,-0.632404941661877,0.527122305687534,0.781887738864352
AHDC1,0.111151040309137,0.911496575143084,0.966738222908335
DNAH10,0.150601136705806,0.880290364659127,0.956840105784991
STAT1,0.453179526822642,0.650419473476285,0.849683530703114
LDB1,NA,NA,NA
FAM163B,1.53889803785076,0.123829190281015,0.396851924234038
WFS1,0.910763819989252,0.362419829390759,0.662576766811706
SPATS1,-0.366013050185595,0.714355337621761,0.88697213557966
CDKL5,0.787803544588808,0.430811627412546,0.716849296791279
POU3F3,NA,NA,NA
PIK3CB,-2.75400512174449,0.00588708468679183,0.0763683907673748
MAS1,0.160900860905674,0.872171484235856,0.953782200076667
USH2A,1.09940003063892,0.271593617419634,0.583663644261307
TSGA10,0.667351948110777,0.504547351542581,0.766997241375262
SNCA,0.687855153670034,0.491544000062489,0.759012505212831
COA8,0.294477606260789,0.768392972817508,0.91058608234564
NIPA2,1.17374594766579,0.240496800174153,0.549250059578632
SLFN14,-0.795543453244028,0.426297444778177,0.713024917503078
IL12RB2,-0.819665011070918,0.41240710144801,0.703498827980847
LIN52,NA,NA,NA
DNAJC7,1.68153801740923,0.0926584584679736,0.341821787002075
LGALS12,-2.4260595655465,0.0152637648108556,0.132424751631667
MSANTD2,-1.45297610754352,0.146230387847871,0.431608129132231
SVOPL,0.469530141515845,0.638690745320986,0.84487872402755
CCDC114,0.46436180154826,0.642388552739445,0.846898099140377
THNSL2,-0.619200814960921,0.535784075050779,0.787285372743875
RTBDN,-1.83121394461595,0.0670686161608561,0.288593658150016
SLITRK1,3.38412590193295,0.000714052519166374,0.0203984152545222
AGO1,-0.0515285132086347,0.958904381770429,0.985511630666126
PRRG3,3.59951667564691,0.000318809189390054,0.0116937972574332
SWSAP1,-0.926709615151075,0.354077323935684,0.656139364722999
GNL3L,-2.13212295479905,0.0329967400215921,0.198270818910758
STS,0.122742605180259,0.902310924873555,0.964405028410013
CELSR1,0.117594904527496,0.906388642530736,0.964669535353719
ZNF711,1.5983693070964,0.109960811215006,0.372668261736079
KIF5A,-0.285309523220071,0.775407017467977,0.91445475551648
LCOR,-0.945371957764845,0.3444690134183,0.648917443377879
AMZ2,-0.799259972599788,0.424139683443472,0.711782220566102
MTR,-0.850657668555933,0.394959544616218,0.691133468994938
FANCI,1.82330885633318,0.0682566257148242,0.290703911109175
GJB1,NA,NA,NA
PIEZO2,-1.58648878448888,0.112628474326991,0.376931646956448
NT5C2,NA,NA,NA
FIG4,1.38037504429967,0.167471199855439,0.462814000180153
ATF4,-0.103638542740828,0.917456199659337,0.968955797077167
NPBWR1,-1.63372573966828,0.102316451167653,0.358222683631779
POLR2A,NA,NA,NA
CSPP1,-0.608682395360924,0.542734978165265,0.791622659014451
AC093246,NA,NA,NA
AC013477,-1.15935487720189,0.246311561474959,0.556225391065388
AIFM1,-1.55005070830693,0.12112934557593,0.392475701188562
CEP41,0.319452560946294,0.74938335910915,0.901060881136862
CAST,0.750846198743096,0.452745222269762,0.730806244769081
PHACTR1,0.800586032680962,0.423371339331164,0.71128267703975
HARS1,1.37238618011699,0.169943250003494,0.466518146058638
TNFSF14,-1.51011213212506,0.131014814305328,0.40774401631128
INF2,NA,NA,NA
TCTEX1D4,-2.87221497130165,0.00407605588803351,0.062064156581718
SBF2,-0.11265690315951,0.910302569953877,0.966385137839339
MFN2,-0.330710664288602,0.740863046226857,0.896965418569161
NALCN,-2.08808775058522,0.0367899198113512,0.210355379564563
SPRY3,2.78155426251314,0.00540992859538863,0.0725420061521854
CHRNA7,-0.510779704181117,0.609505322358819,0.829208177123377
TRIP12,-0.942282710586523,0.346047917544189,0.649785801432378
GDAP1,-0.991194065285506,0.321590827921364,0.627648274770457
CEP290,-0.669675233699578,0.503064842875354,0.766178937263601
ZBTB20,0.971486778158597,0.331305934074973,0.636233392148853
ZBBX,-0.475581086704025,0.634372852339406,0.842411471401855
DYM,1.51833398073595,0.128930225474914,0.405426681956505
ACTB,0.87083056024789,0.383846676283874,0.682179766410661
CEP63,0.187736196696422,0.851083453879865,0.944609964400398
IFRD1,-0.769366840290791,0.441675567927444,0.72472028864901
GARS1,-1.24020460749781,0.214899724640669,0.51829482563852
CEP104,-0.353179077657894,0.723954192098414,0.890361722847064
LMNA,0.130355034354719,0.896285540349661,0.962700159381557
TFG,-0.0624914986080367,0.950171431837327,0.981408699195249
MACROD1,-1.4785364053469,0.139264260260246,0.420828134583651
AC063943,0.156437296131482,0.875688340990967,0.955233256503604
ELP1,2.41091737369899,0.0159124529150355,0.13514701877617
PAQR7,-0.723839001097106,0.469164582396228,0.742721052710223
DISP1,3.1818369051193,0.00146344203892078,0.0329590701820728
CCND2,0.195566539904321,0.844949451802131,0.942361782937674
SLC52A2,2.22423374383534,0.0261327218424609,0.175413363624823
NGF,2.36912352767124,0.0178302971725203,0.143216530118047
TMPRSS6,-1.9147437896935,0.0555251861210203,0.261972092619687
RUBCNL,1.02453192827655,0.305584098145119,0.61246510492958
CHRM3,2.08352169889748,0.0372036959212887,0.211223264283308
LRSAM1,-1.21313989400501,0.225076339626476,0.530963728447596
PIK3C2G,-1.38366539110072,0.166460935447475,0.461316276633458
KIF1B,0.355059930936451,0.722544693901655,0.890249115171338
NOVA2,NA,NA,NA
POMK,-2.58835892729834,0.0096434438514978,0.100821828433477
SIPA1L2,-1.07741686064715,0.281294074952216,0.592854651777532
RAB7A,NA,NA,NA
HSPB1,0.00406802753951769,0.996754192585696,0.998604439031758
AC084756,-0.0822751853253686,0.934427886748222,0.975144964059052
NHS,2.8929115175725,0.0038168880738849,0.0595138216989422
PHF21A,-1.13862109304053,0.25486122682626,0.565809146437262
CLCC1,1.24821041965473,0.211954009145747,0.51537393181183
