"gmtNames","gmtDriver"
"REACTOME_INTERLEUKIN_6_SIGNALING","Unclear"
"REACTOME_APOPTOSIS","Both"
"REACTOME_HEMOSTASIS","Herbivore"
"REACTOME_INTRINSIC_PATHWAY_FOR_APOPTOSIS","Unclear"
"REACTOME_MAPK3_ERK1_ACTIVATION","Unclear"
"REACTOME_TRANSLESION_SYNTHESIS_BY_Y_FAMILY_DNA_POLYMERASES_BYPASSES_LESIONS_ON_DNA_TEMPLATE","Both"
"REACTOME_RECOGNITION_OF_DNA_DAMAGE_BY_PCNA_CONTAINING_REPLICATION_COMPLEX","Both"
"REACTOME_TRANSLESION_SYNTHESIS_BY_POLH","Both"
"REACTOME_RECOGNITION_AND_ASSOCIATION_OF_DNA_GLYCOSYLASE_WITH_SITE_CONTAINING_AN_AFFECTED_PURINE","Both"
"REACTOME_DISPLACEMENT_OF_DNA_GLYCOSYLASE_BY_APEX1","Both"
"REACTOME_POLB_DEPENDENT_LONG_PATCH_BASE_EXCISION_REPAIR","Both"
"REACTOME_RESOLUTION_OF_AP_SITES_VIA_THE_MULTIPLE_NUCLEOTIDE_PATCH_REPLACEMENT_PATHWAY","Both"
"REACTOME_ACTIVATION_OF_BAD_AND_TRANSLOCATION_TO_MITOCHONDRIA","Unclear"
"REACTOME_ACTIVATION_OF_NOXA_AND_TRANSLOCATION_TO_MITOCHONDRIA","Unclear"
"REACTOME_BH3_ONLY_PROTEINS_ASSOCIATE_WITH_AND_INACTIVATE_ANTI_APOPTOTIC_BCL_2_MEMBERS","Unclear"
"REACTOME_RELEASE_OF_APOPTOTIC_FACTORS_FROM_THE_MITOCHONDRIA","Unclear"
"REACTOME_FORMATION_OF_APOPTOSOME","Unclear"
"REACTOME_ACTIVATION_OF_CASPASES_THROUGH_APOPTOSOME_MEDIATED_CLEAVAGE","Unclear"
"REACTOME_CYTOCHROME_C_MEDIATED_APOPTOTIC_RESPONSE","Unclear"
"REACTOME_APOPTOTIC_CLEAVAGE_OF_CELLULAR_PROTEINS","Both"
"REACTOME_SMAC_XIAP_REGULATED_APOPTOTIC_RESPONSE","Unclear"
"REACTOME_APOPTOTIC_FACTOR_MEDIATED_RESPONSE","Unclear"
"REACTOME_OPIOID_SIGNALLING","Both"
"REACTOME_PKA_MEDIATED_PHOSPHORYLATION_OF_CREB","Both"
"REACTOME_CAMK_IV_MEDIATED_PHOSPHORYLATION_OF_CREB","Both"
"REACTOME_CA_DEPENDENT_EVENTS","Both"
"REACTOME_G_PROTEIN_MEDIATED_EVENTS","Both"
"REACTOME_ELECTRIC_TRANSMISSION_ACROSS_GAP_JUNCTIONS","Unclear"
"REACTOME_PRESYNAPTIC_DEPOLARIZATION_AND_CALCIUM_CHANNEL_OPENING","Unclear"
"REACTOME_NEUROTRANSMITTER_RELEASE_CYCLE","Herbivore"
"REACTOME_NEUROTRANSMITTER_CLEARANCE","Herbivore"
"REACTOME_NEUROTRANSMITTER_RECEPTORS_AND_POSTSYNAPTIC_SIGNAL_TRANSMISSION","Both"
"REACTOME_TRANSMISSION_ACROSS_CHEMICAL_SYNAPSES","Both"
"REACTOME_NEURONAL_SYSTEM","Herbivore"
"REACTOME_FORMATION_OF_RNA_POL_II_ELONGATION_COMPLEX","Both"
"REACTOME_IRS_MEDIATED_SIGNALLING","Both"
"REACTOME_RAF_INDEPENDENT_MAPK1_3_ACTIVATION","Unclear"
"REACTOME_MAPK1_ERK2_ACTIVATION","Unclear"
"REACTOME_SOS_MEDIATED_SIGNALLING","Unclear"
"REACTOME_FORMATION_OF_THE_EARLY_ELONGATION_COMPLEX","Both"
"REACTOME_INHIBITION_OF_REPLICATION_INITIATION_OF_DAMAGED_DNA_BY_RB1_E2F1","Unclear"
"REACTOME_E2F_ENABLED_INHIBITION_OF_PRE_REPLICATION_COMPLEX_FORMATION","Unclear"
"REACTOME_E2F_MEDIATED_REGULATION_OF_DNA_REPLICATION","Unclear"
"REACTOME_ACTIVATION_OF_BH3_ONLY_PROTEINS","Unclear"
"REACTOME_EFFECTS_OF_PIP2_HYDROLYSIS","Insectivore"
"REACTOME_DISINHIBITION_OF_SNARE_FORMATION","Both"
"REACTOME_GPVI_MEDIATED_ACTIVATION_CASCADE","Unclear"
"REACTOME_DOWNSTREAM_SIGNALING_EVENTS_OF_B_CELL_RECEPTOR_BCR","Unclear"
"REACTOME_ACTIVATION_OF_RAS_IN_B_CELLS","Unclear"
"REACTOME_ANTIVIRAL_MECHANISM_BY_IFN_STIMULATED_GENES","Insectivore"
"REACTOME_PROLACTIN_RECEPTOR_SIGNALING","Unclear"
"REACTOME_SIGNALING_BY_NODAL","Unclear"
"REACTOME_FERTILIZATION","Herbivore"
"REACTOME_MEIOTIC_SYNAPSIS","Both"
"REACTOME_ROS_AND_RNS_PRODUCTION_IN_PHAGOCYTES","Unclear"
"REACTOME_SIGNALING_BY_FGFR_IN_DISEASE","Insectivore"
"REACTOME_SIGNALING_BY_ERBB2","Unclear"
"REACTOME_SIGNALING_BY_ERBB2_IN_CANCER","Unclear"
"REACTOME_REGULATION_OF_GENE_EXPRESSION_BY_HYPOXIA_INDUCIBLE_FACTOR","Unclear"
"REACTOME_CELLULAR_RESPONSE_TO_HYPOXIA","Unclear"
"REACTOME_CONSTITUTIVE_SIGNALING_BY_LIGAND_RESPONSIVE_EGFR_CANCER_VARIANTS","Unclear"
"REACTOME_SIGNALING_BY_ERBB4","Insectivore"
"REACTOME_CROSS_PRESENTATION_OF_PARTICULATE_EXOGENOUS_ANTIGENS_PHAGOSOMES","Unclear"
"REACTOME_ANTIGEN_PROCESSING_CROSS_PRESENTATION","Unclear"
"REACTOME_ENDOSOMAL_VACUOLAR_PATHWAY","Unclear"
"REACTOME_CROSS_PRESENTATION_OF_SOLUBLE_EXOGENOUS_ANTIGENS_ENDOSOMES","Unclear"
"REACTOME_ERYTHROCYTES_TAKE_UP_CARBON_DIOXIDE_AND_RELEASE_OXYGEN","Herbivore"
"REACTOME_METHIONINE_SALVAGE_PATHWAY","Unclear"
"REACTOME_ERYTHROCYTES_TAKE_UP_OXYGEN_AND_RELEASE_CARBON_DIOXIDE","Herbivore"
"REACTOME_SHC1_EVENTS_IN_ERBB2_SIGNALING","Unclear"
"REACTOME_PI3K_EVENTS_IN_ERBB4_SIGNALING","Unclear"
"REACTOME_SHC1_EVENTS_IN_ERBB4_SIGNALING","Unclear"
"REACTOME_NUCLEAR_SIGNALING_BY_ERBB4","Unclear"
"REACTOME_DOWNREGULATION_OF_ERBB4_SIGNALING","Insectivore"
"REACTOME_INTERLEUKIN_7_SIGNALING","Insectivore"
"REACTOME_DEVELOPMENTAL_BIOLOGY","Herbivore"
"REACTOME_MITOCHONDRIAL_PROTEIN_IMPORT","Both"
"REACTOME_CYTOKINE_SIGNALING_IN_IMMUNE_SYSTEM","Insectivore"
"REACTOME_ADAPTIVE_IMMUNE_SYSTEM","Insectivore"
"REACTOME_SPRY_REGULATION_OF_FGF_SIGNALING","Unclear"
"REACTOME_CA2_ACTIVATED_K_CHANNELS","Unclear"
"REACTOME_INWARDLY_RECTIFYING_K_CHANNELS","Herbivore"
"REACTOME_POTASSIUM_CHANNELS","Both"
"REACTOME_VOLTAGE_GATED_POTASSIUM_CHANNELS","Both"
"REACTOME_TANDEM_PORE_DOMAIN_POTASSIUM_CHANNELS","Both"
"REACTOME_SPERM_MOTILITY_AND_TAXES","Unclear"
"REACTOME_ACROSOME_REACTION_AND_SPERM_OOCYTE_MEMBRANE_BINDING","Unclear"
"REACTOME_GRB7_EVENTS_IN_ERBB2_SIGNALING","Unclear"
"REACTOME_DOWNREGULATION_OF_ERBB2_ERBB3_SIGNALING","Unclear"
"REACTOME_TRANSCRIPTION_OF_E2F_TARGETS_UNDER_NEGATIVE_CONTROL_BY_DREAM_COMPLEX","Unclear"
"REACTOME_TRANSCRIPTION_OF_E2F_TARGETS_UNDER_NEGATIVE_CONTROL_BY_P107_RBL1_AND_P130_RBL2_IN_COMPLEX_WITH_HDAC1","Unclear"
"REACTOME_MITOCHONDRIAL_IRON_SULFUR_CLUSTER_BIOGENESIS","Unclear"
"REACTOME_RORA_ACTIVATES_GENE_EXPRESSION","Herbivore"
"REACTOME_BMAL1_CLOCK_NPAS2_ACTIVATES_CIRCADIAN_GENE_EXPRESSION","Unclear"
"REACTOME_ABC_TRANSPORTERS_IN_LIPID_HOMEOSTASIS","Both"
"REACTOME_ELEVATION_OF_CYTOSOLIC_CA2_LEVELS","Both"
"REACTOME_ACTIVATION_OF_PUMA_AND_TRANSLOCATION_TO_MITOCHONDRIA","Unclear"
"REACTOME_APOPTOSIS_INDUCED_DNA_FRAGMENTATION","Unclear"
"REACTOME_CASPASE_ACTIVATION_VIA_DEATH_RECEPTORS_IN_THE_PRESENCE_OF_LIGAND","Both"
"REACTOME_EXTRINSIC_PATHWAY_OF_FIBRIN_CLOT_FORMATION","Unclear"
"REACTOME_INTRINSIC_PATHWAY_OF_FIBRIN_CLOT_FORMATION","Herbivore"
"REACTOME_COMMON_PATHWAY_OF_FIBRIN_CLOT_FORMATION","Unclear"
"REACTOME_FORMATION_OF_FIBRIN_CLOT_CLOTTING_CASCADE","Herbivore"
"REACTOME_INHIBITION_OF_THE_PROTEOLYTIC_ACTIVITY_OF_APC_C_REQUIRED_FOR_THE_ONSET_OF_ANAPHASE_BY_MITOTIC_SPINDLE_CHECKPOINT_COMPONENTS","Unclear"
"REACTOME_THE_CITRIC_ACID_TCA_CYCLE_AND_RESPIRATORY_ELECTRON_TRANSPORT","Herbivore"
"REACTOME_SIGNALING_BY_SCF_KIT","Both"
"REACTOME_REGULATION_OF_KIT_SIGNALING","Both"
"REACTOME_REGULATION_OF_SIGNALING_BY_NODAL","Unclear"
"REACTOME_COLLAGEN_DEGRADATION","Both"
"REACTOME_TRANSLOCATION_OF_SLC2A4_GLUT4_TO_THE_PLASMA_MEMBRANE","Unclear"
"REACTOME_BETA_DEFENSINS","Unclear"
"REACTOME_DEFENSINS","Herbivore"
"REACTOME_ALPHA_DEFENSINS","Herbivore"
"REACTOME_TETRAHYDROBIOPTERIN_BH4_SYNTHESIS_RECYCLING_SALVAGE_AND_REGULATION","Unclear"
"REACTOME_REPRODUCTION","Both"
"REACTOME_DEGRADATION_OF_THE_EXTRACELLULAR_MATRIX","Both"
"REACTOME_EXTRACELLULAR_MATRIX_ORGANIZATION","Both"
"REACTOME_COLLAGEN_FORMATION","Both"
"REACTOME_REVERSIBLE_HYDRATION_OF_CARBON_DIOXIDE","Herbivore"
"REACTOME_ACYL_CHAIN_REMODELLING_OF_PC","Herbivore"
"REACTOME_ACYL_CHAIN_REMODELING_OF_CL","Unclear"
"REACTOME_ACYL_CHAIN_REMODELLING_OF_PS","Herbivore"
"REACTOME_ACYL_CHAIN_REMODELLING_OF_PE","Herbivore"
"REACTOME_ACYL_CHAIN_REMODELING_OF_DAG_AND_TAG","Unclear"
"REACTOME_ACYL_CHAIN_REMODELLING_OF_PI","Herbivore"
"REACTOME_ACYL_CHAIN_REMODELLING_OF_PG","Herbivore"
"REACTOME_HYDROLYSIS_OF_LPC","Unclear"
"REACTOME_SYNTHESIS_OF_PG","Both"
"REACTOME_SYNTHESIS_OF_PA","Herbivore"
"REACTOME_SYNTHESIS_OF_PC","Unclear"
"REACTOME_GLYCEROPHOSPHOLIPID_BIOSYNTHESIS","Herbivore"
"REACTOME_SYNTHESIS_OF_PE","Unclear"
"REACTOME_SYNTHESIS_OF_PI","Unclear"
"REACTOME_SYNTHESIS_OF_PIPS_AT_THE_ER_MEMBRANE","Both"
"REACTOME_INOSITOL_PHOSPHATE_METABOLISM","Insectivore"
"REACTOME_PI_METABOLISM","Insectivore"
"REACTOME_PHOSPHOLIPID_METABOLISM","Herbivore"
"REACTOME_DAG_AND_IP3_SIGNALING","Both"
"REACTOME_MEIOSIS","Both"
"REACTOME_CELL_CELL_COMMUNICATION","Both"
"REACTOME_SIGNALING_BY_ACTIVIN","Unclear"
"REACTOME_G0_AND_EARLY_G1","Unclear"
"REACTOME_PHASE_II_CONJUGATION_OF_COMPOUNDS","Herbivore"
"REACTOME_METHYLATION","Herbivore"
"REACTOME_CYTOSOLIC_SULFONATION_OF_SMALL_MOLECULES","Herbivore"
"REACTOME_AMINO_ACID_CONJUGATION","Unclear"
"REACTOME_GLUCURONIDATION","Unclear"
"REACTOME_GLUTATHIONE_CONJUGATION","Herbivore"
"REACTOME_ELASTIC_FIBRE_FORMATION","Both"
"REACTOME_FIBRONECTIN_MATRIX_FORMATION","Unclear"
"REACTOME_POLO_LIKE_KINASE_MEDIATED_EVENTS","Unclear"
"REACTOME_EUKARYOTIC_TRANSLATION_ELONGATION","Insectivore"
"REACTOME_SIGNALING_BY_NOTCH","Both"
"REACTOME_TELOMERE_MAINTENANCE","Both"
"REACTOME_GAP_JUNCTION_TRAFFICKING_AND_REGULATION","Both"
"REACTOME_METABOLISM_OF_NUCLEOTIDES","Herbivore"
"REACTOME_MITOCHONDRIAL_BIOGENESIS","Both"
"REACTOME_TRANSPORT_OF_THE_SLBP_DEPENDANT_MATURE_MRNA","Both"
"REACTOME_TRANSPORT_OF_MATURE_MRNAS_DERIVED_FROM_INTRONLESS_TRANSCRIPTS","Both"
"REACTOME_ACTIVATION_OF_MATRIX_METALLOPROTEINASES","Both"
"REACTOME_RECYCLING_OF_BILE_ACIDS_AND_SALTS","Herbivore"
"REACTOME_REMOVAL_OF_AMINOTERMINAL_PROPEPTIDES_FROM_GAMMA_CARBOXYLATED_PROTEINS","Unclear"
"REACTOME_GAMMA_CARBOXYLATION_TRANSPORT_AND_AMINO_TERMINAL_CLEAVAGE_OF_PROTEINS","Unclear"
"REACTOME_ZBP1_DAI_MEDIATED_INDUCTION_OF_TYPE_I_IFNS","Unclear"
"REACTOME_IRF3_MEDIATED_ACTIVATION_OF_TYPE_1_IFN","Unclear"
"REACTOME_SULFIDE_OXIDATION_TO_SULFATE","Unclear"
"REACTOME_DEGRADATION_OF_CYSTEINE_AND_HOMOCYSTEINE","Herbivore"
"REACTOME_SULFUR_AMINO_ACID_METABOLISM","Herbivore"
"REACTOME_HIV_LIFE_CYCLE","Both"
"REACTOME_BUDDING_AND_MATURATION_OF_HIV_VIRION","Both"
"REACTOME_INTEGRATION_OF_PROVIRUS","Unclear"
"REACTOME_EARLY_PHASE_OF_HIV_LIFE_CYCLE","Unclear"
"REACTOME_GOLGI_CISTERNAE_PERICENTRIOLAR_STACK_REORGANIZATION","Unclear"
"REACTOME_SYNTHESIS_OF_GLYCOSYLPHOSPHATIDYLINOSITOL_GPI","Both"
"REACTOME_ATTACHMENT_OF_GPI_ANCHOR_TO_UPAR","Unclear"
"REACTOME_HIV_INFECTION","Both"
"REACTOME_HOST_INTERACTIONS_OF_HIV_FACTORS","Unclear"
"REACTOME_GLYCOSAMINOGLYCAN_METABOLISM","Both"
"REACTOME_POST_TRANSLATIONAL_MODIFICATION_SYNTHESIS_OF_GPI_ANCHORED_PROTEINS","Both"
"REACTOME_RESPIRATORY_ELECTRON_TRANSPORT_ATP_SYNTHESIS_BY_CHEMIOSMOTIC_COUPLING_AND_HEAT_PRODUCTION_BY_UNCOUPLING_PROTEINS","Both"
"REACTOME_FORMATION_OF_ATP_BY_CHEMIOSMOTIC_COUPLING","Unclear"
"REACTOME_PKA_MEDIATED_PHOSPHORYLATION_OF_KEY_METABOLIC_FACTORS","Unclear"
"REACTOME_GLUCAGON_SIGNALING_IN_METABOLIC_REGULATION","Both"
"REACTOME_TRIGLYCERIDE_CATABOLISM","Unclear"
"REACTOME_AMPK_INHIBITS_CHREBP_TRANSCRIPTIONAL_ACTIVATION_ACTIVITY","Unclear"
"REACTOME_INTEGRATION_OF_ENERGY_METABOLISM","Both"
"REACTOME_CHREBP_ACTIVATES_METABOLIC_GENE_EXPRESSION","Unclear"
"REACTOME_PP2A_MEDIATED_DEPHOSPHORYLATION_OF_KEY_METABOLIC_FACTORS","Unclear"
"REACTOME_KERATAN_SULFATE_KERATIN_METABOLISM","Both"
"REACTOME_HEPARAN_SULFATE_HEPARIN_HS_GAG_METABOLISM","Both"
"REACTOME_GAMMA_CARBOXYLATION_HYPUSINE_FORMATION_AND_ARYLSULFATASE_ACTIVATION","Both"
"REACTOME_CELL_CYCLE","Both"
"REACTOME_SIGNALING_BY_EGFR_IN_CANCER","Unclear"
"REACTOME_PKA_ACTIVATION_IN_GLUCAGON_SIGNALLING","Both"
"REACTOME_2_LTR_CIRCLE_FORMATION","Unclear"
"REACTOME_NEF_MEDIATES_DOWN_MODULATION_OF_CELL_SURFACE_RECEPTORS_BY_RECRUITING_THEM_TO_CLATHRIN_ADAPTERS","Unclear"
"REACTOME_NEF_MEDIATED_DOWNREGULATION_OF_MHC_CLASS_I_COMPLEX_CELL_SURFACE_EXPRESSION","Unclear"
"REACTOME_NEF_AND_SIGNAL_TRANSDUCTION","Unclear"
"REACTOME_THE_ROLE_OF_NEF_IN_HIV_1_REPLICATION_AND_DISEASE_PATHOGENESIS","Unclear"
"REACTOME_COLLAGEN_BIOSYNTHESIS_AND_MODIFYING_ENZYMES","Insectivore"
"REACTOME_MTOR_SIGNALLING","Both"
"REACTOME_REGULATION_OF_CHOLESTEROL_BIOSYNTHESIS_BY_SREBP_SREBF","Unclear"
"REACTOME_SYNTHESIS_OF_PIPS_AT_THE_PLASMA_MEMBRANE","Insectivore"
"REACTOME_SYNTHESIS_OF_PIPS_AT_THE_GOLGI_MEMBRANE","Unclear"
"REACTOME_SYNTHESIS_OF_PIPS_AT_THE_EARLY_ENDOSOME_MEMBRANE","Unclear"
"REACTOME_SYNTHESIS_OF_PIPS_AT_THE_LATE_ENDOSOME_MEMBRANE","Unclear"
"REACTOME_SPHINGOLIPID_DE_NOVO_BIOSYNTHESIS","Herbivore"
"REACTOME_GLYCOSPHINGOLIPID_METABOLISM","Both"
"REACTOME_MYD88_INDEPENDENT_TLR4_CASCADE","Unclear"
"REACTOME_MITOCHONDRIAL_UNCOUPLING","Unclear"
"REACTOME_MTORC1_MEDIATED_SIGNALLING","Both"
"REACTOME_THE_ACTIVATION_OF_ARYLSULFATASES","Both"
"REACTOME_SIGNALING_BY_NTRKS","Both"
"REACTOME_COMPLEMENT_CASCADE","Unclear"
"REACTOME_LECTIN_PATHWAY_OF_COMPLEMENT_ACTIVATION","Unclear"
"REACTOME_INITIAL_TRIGGERING_OF_COMPLEMENT","Unclear"
"REACTOME_TERMINAL_PATHWAY_OF_COMPLEMENT","Unclear"
"REACTOME_CREATION_OF_C4_AND_C2_ACTIVATORS","Unclear"
"REACTOME_SIGNALLING_TO_RAS","Unclear"
"REACTOME_HIV_TRANSCRIPTION_INITIATION","Unclear"
"REACTOME_HIV_TRANSCRIPTION_ELONGATION","Both"
"REACTOME_TRANSCRIPTION_OF_THE_HIV_GENOME","Both"
"REACTOME_ABORTIVE_ELONGATION_OF_HIV_1_TRANSCRIPT_IN_THE_ABSENCE_OF_TAT","Both"
"REACTOME_HIV_ELONGATION_ARREST_AND_RECOVERY","Unclear"
"REACTOME_NEF_MEDIATED_CD4_DOWN_REGULATION","Unclear"
"REACTOME_THE_FATTY_ACID_CYCLING_MODEL","Unclear"
"REACTOME_TRAFFICKING_AND_PROCESSING_OF_ENDOSOMAL_TLR","Unclear"
"REACTOME_TOLL_LIKE_RECEPTOR_9_TLR9_CASCADE","Unclear"
"REACTOME_TOLL_LIKE_RECEPTOR_TLR1_TLR2_CASCADE","Unclear"
"REACTOME_INNATE_IMMUNE_SYSTEM","Herbivore"
"REACTOME_INFLUENZA_INFECTION","Both"
"REACTOME_EXPORT_OF_VIRAL_RIBONUCLEOPROTEINS_FROM_NUCLEUS","Unclear"
"REACTOME_NS1_MEDIATED_EFFECTS_ON_HOST_PATHWAYS","Unclear"
"REACTOME_VIRAL_MESSENGER_RNA_SYNTHESIS","Unclear"
"REACTOME_NOD1_2_SIGNALING_PATHWAY","Unclear"
"REACTOME_NUCLEOTIDE_BINDING_DOMAIN_LEUCINE_RICH_REPEAT_CONTAINING_RECEPTOR_NLR_SIGNALING_PATHWAYS","Unclear"
"REACTOME_NEUROTOXICITY_OF_CLOSTRIDIUM_TOXINS","Both"
"REACTOME_TOLL_LIKE_RECEPTOR_CASCADES","Insectivore"
"REACTOME_TICAM1_RIP1_MEDIATED_IKK_COMPLEX_RECRUITMENT","Unclear"
"REACTOME_DDX58_IFIH1_MEDIATED_INDUCTION_OF_INTERFERON_ALPHA_BETA","Unclear"
"REACTOME_PROLONGED_ERK_ACTIVATION_EVENTS","Unclear"
"REACTOME_ADENYLATE_CYCLASE_ACTIVATING_PATHWAY","Both"
"REACTOME_ADENYLATE_CYCLASE_INHIBITORY_PATHWAY","Both"
"REACTOME_REGULATION_OF_GLUCOKINASE_BY_GLUCOKINASE_REGULATORY_PROTEIN","Unclear"
"REACTOME_SIGNALING_BY_TGF_BETA_RECEPTOR_COMPLEX","Both"
"REACTOME_ARMS_MEDIATED_ACTIVATION","Unclear"
"REACTOME_P38MAPK_EVENTS","Unclear"
"REACTOME_TELOMERE_EXTENSION_BY_TELOMERASE","Unclear"
"REACTOME_ALTERNATIVE_COMPLEMENT_ACTIVATION","Unclear"
"REACTOME_APC_C_CDC20_MEDIATED_DEGRADATION_OF_CYCLIN_B","Unclear"
"REACTOME_SCF_BETA_TRCP_MEDIATED_DEGRADATION_OF_EMI1","Unclear"
"REACTOME_APC_C_MEDIATED_DEGRADATION_OF_CELL_CYCLE_PROTEINS","Unclear"
"REACTOME_APC_C_CDH1_MEDIATED_DEGRADATION_OF_CDC20_AND_OTHER_APC_C_CDH1_TARGETED_PROTEINS_IN_LATE_MITOSIS_EARLY_G1","Unclear"
"REACTOME_TRANSPORT_AND_SYNTHESIS_OF_PAPS","Unclear"
"REACTOME_GLUTATHIONE_SYNTHESIS_AND_RECYCLING","Herbivore"
"REACTOME_POLYMERASE_SWITCHING_ON_THE_C_STRAND_OF_THE_TELOMERE","Unclear"
"REACTOME_PROCESSIVE_SYNTHESIS_ON_THE_C_STRAND_OF_THE_TELOMERE","Both"
"REACTOME_TELOMERE_C_STRAND_LAGGING_STRAND_SYNTHESIS","Both"
"REACTOME_TELOMERE_C_STRAND_SYNTHESIS_INITIATION","Unclear"
"REACTOME_ACTIVATION_OF_C3_AND_C5","Unclear"
"REACTOME_PLASMA_LIPOPROTEIN_ASSEMBLY_REMODELING_AND_CLEARANCE","Herbivore"
"REACTOME_ASSEMBLY_OF_THE_HIV_VIRION","Unclear"
"REACTOME_INTERACTIONS_OF_VPR_WITH_HOST_CELLULAR_PROTEINS","Unclear"
"REACTOME_ACTIVATION_OF_ATR_IN_RESPONSE_TO_REPLICATION_STRESS","Both"
"REACTOME_CONVERSION_FROM_APC_C_CDC20_TO_APC_C_CDH1_IN_LATE_ANAPHASE","Unclear"
"REACTOME_PHOSPHORYLATION_OF_THE_APC_C","Unclear"
"REACTOME_PHOSPHORYLATION_OF_EMI1","Unclear"
"REACTOME_UNWINDING_OF_DNA","Unclear"
"REACTOME_CONJUGATION_OF_BENZOATE_WITH_GLYCINE","Unclear"
"REACTOME_INTERACTIONS_OF_REV_WITH_HOST_CELLULAR_PROTEINS","Unclear"
"REACTOME_RETROGRADE_NEUROTROPHIN_SIGNALLING","Unclear"
"REACTOME_SIGNALING_BY_EGFR","Both"
"REACTOME_CHONDROITIN_SULFATE_DERMATAN_SULFATE_METABOLISM","Both"
"REACTOME_APC_CDC20_MEDIATED_DEGRADATION_OF_NEK2A","Unclear"
"REACTOME_SRP_DEPENDENT_COTRANSLATIONAL_PROTEIN_TARGETING_TO_MEMBRANE","Both"
"REACTOME_DARPP_32_EVENTS","Unclear"
"REACTOME_GAB1_SIGNALOSOME","Unclear"
"REACTOME_SHC1_EVENTS_IN_EGFR_SIGNALING","Unclear"
"REACTOME_APOBEC3G_MEDIATED_RESISTANCE_TO_HIV_1_INFECTION","Unclear"
"REACTOME_NUCLEAR_IMPORT_OF_REV_PROTEIN","Unclear"
"REACTOME_EXTENSION_OF_TELOMERES","Both"
"REACTOME_RIP_MEDIATED_NFKB_ACTIVATION_VIA_ZBP1","Unclear"
"REACTOME_SEROTONIN_NEUROTRANSMITTER_RELEASE_CYCLE","Both"
"REACTOME_NOREPINEPHRINE_NEUROTRANSMITTER_RELEASE_CYCLE","Both"
"REACTOME_ACETYLCHOLINE_BINDING_AND_DOWNSTREAM_EVENTS","Herbivore"
"REACTOME_NEF_MEDIATED_CD8_DOWN_REGULATION","Unclear"
"REACTOME_EGFR_DOWNREGULATION","Both"
"REACTOME_STING_MEDIATED_INDUCTION_OF_HOST_IMMUNE_RESPONSES","Unclear"
"REACTOME_CYTOSOLIC_SENSORS_OF_PATHOGEN_ASSOCIATED_DNA","Unclear"
"REACTOME_SIGNALING_BY_CYTOSOLIC_FGFR1_FUSION_MUTANTS","Insectivore"
"REACTOME_FGFR1_MUTANT_RECEPTOR_ACTIVATION","Insectivore"
"REACTOME_FGFR2_MUTANT_RECEPTOR_ACTIVATION","Both"
"REACTOME_ORGANELLE_BIOGENESIS_AND_MAINTENANCE","Both"
"REACTOME_SYNTHESIS_OF_PYROPHOSPHATES_IN_THE_CYTOSOL","Unclear"
"REACTOME_SYNTHESIS_OF_IP2_IP_AND_INS_IN_THE_CYTOSOL","Unclear"
"REACTOME_SYNTHESIS_OF_IP3_AND_IP4_IN_THE_CYTOSOL","Insectivore"
"REACTOME_REGULATION_OF_BETA_CELL_DEVELOPMENT","Unclear"
"REACTOME_DOWNSTREAM_SIGNAL_TRANSDUCTION","Both"
"REACTOME_SIGNALING_BY_PDGF","Both"
"REACTOME_ACTIVATION_OF_TRKA_RECEPTORS","Unclear"
"REACTOME_NGF_INDEPENDANT_TRKA_ACTIVATION","Unclear"
"REACTOME_SCF_SKP2_MEDIATED_DEGRADATION_OF_P27_P21","Unclear"
"REACTOME_SIGNALLING_TO_ERKS","Unclear"
"REACTOME_SIGNALLING_TO_P38_VIA_RIT_AND_RIN","Unclear"
"REACTOME_DIGESTION_OF_DIETARY_CARBOHYDRATE","Herbivore"
"REACTOME_CELLULAR_HEXOSE_TRANSPORT","Insectivore"
"REACTOME_METABOLISM_OF_PORPHYRINS","Herbivore"
"REACTOME_HEME_BIOSYNTHESIS","Herbivore"
"REACTOME_HEME_DEGRADATION","Herbivore"
"REACTOME_SIGNALING_BY_FGFR","Both"
"REACTOME_FGFR3_LIGAND_BINDING_AND_ACTIVATION","Unclear"
"REACTOME_FGFR2_LIGAND_BINDING_AND_ACTIVATION","Unclear"
"REACTOME_FGFR1_LIGAND_BINDING_AND_ACTIVATION","Unclear"
"REACTOME_FGFR1B_LIGAND_BINDING_AND_ACTIVATION","Unclear"
"REACTOME_FGFR3B_LIGAND_BINDING_AND_ACTIVATION","Unclear"
"REACTOME_FGFR1C_LIGAND_BINDING_AND_ACTIVATION","Unclear"
"REACTOME_FGFR2C_LIGAND_BINDING_AND_ACTIVATION","Unclear"
"REACTOME_FGFR2B_LIGAND_BINDING_AND_ACTIVATION","Unclear"
"REACTOME_GAP_JUNCTION_ASSEMBLY","Both"
"REACTOME_TRANSPORT_OF_CONNEXONS_TO_THE_PLASMA_MEMBRANE","Unclear"
"REACTOME_GAP_JUNCTION_DEGRADATION","Unclear"
"REACTOME_PRE_NOTCH_PROCESSING_IN_THE_ENDOPLASMIC_RETICULUM","Unclear"
"REACTOME_PRE_NOTCH_PROCESSING_IN_GOLGI","Both"
"REACTOME_PRE_NOTCH_EXPRESSION_AND_PROCESSING","Both"
"REACTOME_CHOLESTEROL_BIOSYNTHESIS","Unclear"
"REACTOME_SNRNP_ASSEMBLY","Both"
"REACTOME_SYNTHESIS_OF_BILE_ACIDS_AND_BILE_SALTS","Both"
"REACTOME_DIGESTION_OF_DIETARY_LIPID","Herbivore"
"REACTOME_ANDROGEN_BIOSYNTHESIS","Unclear"
"REACTOME_ESTROGEN_BIOSYNTHESIS","Unclear"
"REACTOME_SYNTHESIS_OF_BILE_ACIDS_AND_BILE_SALTS_VIA_7ALPHA_HYDROXYCHOLESTEROL","Both"
"REACTOME_P75NTR_SIGNALS_VIA_NF_KB","Unclear"
"REACTOME_NRAGE_SIGNALS_DEATH_THROUGH_JNK","Insectivore"
"REACTOME_P75NTR_NEGATIVELY_REGULATES_CELL_CYCLE_VIA_SC1","Unclear"
"REACTOME_REGULATED_PROTEOLYSIS_OF_P75NTR","Unclear"
"REACTOME_P75NTR_REGULATES_AXONOGENESIS","Unclear"
"REACTOME_P75_NTR_RECEPTOR_MEDIATED_SIGNALLING","Unclear"
"REACTOME_SYNTHESIS_OF_BILE_ACIDS_AND_BILE_SALTS_VIA_24_HYDROXYCHOLESTEROL","Unclear"
"REACTOME_SYNTHESIS_OF_BILE_ACIDS_AND_BILE_SALTS_VIA_27_HYDROXYCHOLESTEROL","Unclear"
"REACTOME_MINERALOCORTICOID_BIOSYNTHESIS","Unclear"
"REACTOME_GLUCOCORTICOID_BIOSYNTHESIS","Unclear"
"REACTOME_BILE_ACID_AND_BILE_SALT_METABOLISM","Herbivore"
"REACTOME_SIGNALING_BY_VEGF","Herbivore"
"REACTOME_VEGF_LIGAND_RECEPTOR_INTERACTIONS","Herbivore"
"REACTOME_DEGRADATION_OF_BETA_CATENIN_BY_THE_DESTRUCTION_COMPLEX","Both"
"REACTOME_RHO_GTPASE_EFFECTORS","Insectivore"
"REACTOME_SIGNALING_BY_WNT","Both"
"REACTOME_METABOLISM_OF_STEROID_HORMONES","Unclear"
"REACTOME_PREGNENOLONE_BIOSYNTHESIS","Herbivore"
"REACTOME_BETA_CATENIN_PHOSPHORYLATION_CASCADE","Unclear"
"REACTOME_GRB2_EVENTS_IN_ERBB2_SIGNALING","Unclear"
"REACTOME_PI3K_EVENTS_IN_ERBB2_SIGNALING","Unclear"
"REACTOME_COBALAMIN_CBL_VITAMIN_B12_TRANSPORT_AND_METABOLISM","Herbivore"
"REACTOME_METABOLISM_OF_FOLATE_AND_PTERINES","Unclear"
"REACTOME_BIOTIN_TRANSPORT_AND_METABOLISM","Herbivore"
"REACTOME_COENZYME_A_BIOSYNTHESIS","Unclear"
"REACTOME_VITAMIN_D_CALCIFEROL_METABOLISM","Both"
"REACTOME_NICOTINATE_METABOLISM","Both"
"REACTOME_VITAMIN_B1_THIAMIN_METABOLISM","Unclear"
"REACTOME_VITAMIN_C_ASCORBATE_METABOLISM","Herbivore"
"REACTOME_VITAMIN_B2_RIBOFLAVIN_METABOLISM","Unclear"
"REACTOME_METABOLISM_OF_WATER_SOLUBLE_VITAMINS_AND_COFACTORS","Herbivore"
"REACTOME_METABOLISM_OF_VITAMINS_AND_COFACTORS","Herbivore"
"REACTOME_A_TETRASACCHARIDE_LINKER_SEQUENCE_IS_REQUIRED_FOR_GAG_SYNTHESIS","Both"
"REACTOME_NICOTINAMIDE_SALVAGING","Both"
"REACTOME_SIGNALING_BY_NOTCH1","Both"
"REACTOME_SIGNALING_BY_NOTCH2","Both"
"REACTOME_PI3K_AKT_ACTIVATION","Unclear"
"REACTOME_AKT_PHOSPHORYLATES_TARGETS_IN_THE_CYTOSOL","Unclear"
"REACTOME_AKT_PHOSPHORYLATES_TARGETS_IN_THE_NUCLEUS","Unclear"
"REACTOME_NUCLEAR_EVENTS_KINASE_AND_TRANSCRIPTION_FACTOR_ACTIVATION","Both"
"REACTOME_ERK_MAPK_TARGETS","Both"
"REACTOME_IMMUNOREGULATORY_INTERACTIONS_BETWEEN_A_LYMPHOID_AND_A_NON_LYMPHOID_CELL","Unclear"
"REACTOME_VITAMIN_B5_PANTOTHENATE_METABOLISM","Herbivore"
"REACTOME_NEGATIVE_REGULATION_OF_THE_PI3K_AKT_NETWORK","Both"
"REACTOME_CREB_PHOSPHORYLATION","Both"
"REACTOME_ER_TO_GOLGI_ANTEROGRADE_TRANSPORT","Unclear"
"REACTOME_MEMBRANE_TRAFFICKING","Herbivore"
"REACTOME_TRANS_GOLGI_NETWORK_VESICLE_BUDDING","Both"
"REACTOME_CARNITINE_METABOLISM","Both"
"REACTOME_SIGNALING_BY_BMP","Unclear"
"REACTOME_SIGNALING_BY_ALK","Insectivore"
"REACTOME_TCF_DEPENDENT_SIGNALING_IN_RESPONSE_TO_WNT","Both"
"REACTOME_WNT_MEDIATED_ACTIVATION_OF_DVL","Unclear"
"REACTOME_FORMATION_OF_THE_BETA_CATENIN_TCF_TRANSACTIVATING_COMPLEX","Both"
"REACTOME_G_PROTEIN_ACTIVATION","Unclear"
"REACTOME_METABOLISM_OF_NITRIC_OXIDE_NOS3_ACTIVATION_AND_REGULATION","Unclear"
"REACTOME_ASSEMBLY_OF_COLLAGEN_FIBRILS_AND_OTHER_MULTIMERIC_STRUCTURES","Both"
"REACTOME_METABOLISM_OF_ANGIOTENSINOGEN_TO_ANGIOTENSINS","Herbivore"
"REACTOME_KERATAN_SULFATE_BIOSYNTHESIS","Both"
"REACTOME_KERATAN_SULFATE_DEGRADATION","Unclear"
"REACTOME_CHONDROITIN_SULFATE_BIOSYNTHESIS","Both"
"REACTOME_DERMATAN_SULFATE_BIOSYNTHESIS","Both"
"REACTOME_HS_GAG_BIOSYNTHESIS","Both"
"REACTOME_TCR_SIGNALING","Unclear"
"REACTOME_HS_GAG_DEGRADATION","Both"
"REACTOME_CS_DS_DEGRADATION","Both"
"REACTOME_GENERATION_OF_SECOND_MESSENGER_MOLECULES","Unclear"
"REACTOME_CALCINEURIN_ACTIVATES_NFAT","Both"
"REACTOME_ERKS_ARE_INACTIVATED","Unclear"
"REACTOME_CELL_SURFACE_INTERACTIONS_AT_THE_VASCULAR_WALL","Herbivore"
"REACTOME_SIGNALING_BY_HIPPO","Unclear"
"REACTOME_FCGAMMA_RECEPTOR_FCGR_DEPENDENT_PHAGOCYTOSIS","Herbivore"
"REACTOME_FCGR_ACTIVATION","Unclear"
"REACTOME_ROLE_OF_PHOSPHOLIPIDS_IN_PHAGOCYTOSIS","Both"
"REACTOME_YAP1_AND_WWTR1_TAZ_STIMULATED_GENE_EXPRESSION","Unclear"
"REACTOME_ENOS_ACTIVATION","Unclear"
"REACTOME_NOSTRIN_MEDIATED_ENOS_TRAFFICKING","Unclear"
"REACTOME_MICRORNA_MIRNA_BIOGENESIS","Unclear"
"REACTOME_COPII_MEDIATED_VESICLE_TRANSPORT","Both"
"REACTOME_REGULATION_OF_PYRUVATE_DEHYDROGENASE_PDH_COMPLEX","Herbivore"
"REACTOME_ALPHA_LINOLENIC_OMEGA3_AND_LINOLEIC_OMEGA6_ACID_METABOLISM","Unclear"
"REACTOME_LINOLEIC_ACID_LA_METABOLISM","Unclear"
"REACTOME_CELL_DEATH_SIGNALLING_VIA_NRAGE_NRIF_AND_NADE","Insectivore"
"REACTOME_NADE_MODULATES_DEATH_SIGNALLING","Unclear"
"REACTOME_NRIF_SIGNALS_CELL_DEATH_FROM_THE_NUCLEUS","Unclear"
"REACTOME_P75NTR_RECRUITS_SIGNALLING_COMPLEXES","Unclear"
"REACTOME_NF_KB_IS_ACTIVATED_AND_SIGNALS_SURVIVAL","Unclear"
"REACTOME_METABOLISM_OF_AMINE_DERIVED_HORMONES","Unclear"
"REACTOME_SEROTONIN_AND_MELATONIN_BIOSYNTHESIS","Unclear"
"REACTOME_PEPTIDE_HORMONE_BIOSYNTHESIS","Unclear"
"REACTOME_THYROXINE_BIOSYNTHESIS","Unclear"
"REACTOME_GLUTAMATE_NEUROTRANSMITTER_RELEASE_CYCLE","Both"
"REACTOME_REGULATION_OF_GENE_EXPRESSION_IN_LATE_STAGE_BRANCHING_MORPHOGENESIS_PANCREATIC_BUD_PRECURSOR_CELLS","Unclear"
"REACTOME_REGULATION_OF_GENE_EXPRESSION_IN_BETA_CELLS","Unclear"
"REACTOME_REGULATION_OF_GENE_EXPRESSION_IN_ENDOCRINE_COMMITTED_NEUROG3_PROGENITOR_CELLS","Unclear"
"REACTOME_REGULATION_OF_GENE_EXPRESSION_IN_EARLY_PANCREATIC_PRECURSOR_CELLS","Unclear"
"REACTOME_PECAM1_INTERACTIONS","Unclear"
"REACTOME_BASIGIN_INTERACTIONS","Herbivore"
"REACTOME_TIE2_SIGNALING","Both"
"REACTOME_GENE_SILENCING_BY_RNA","Insectivore"
"REACTOME_BIOLOGICAL_OXIDATIONS","Herbivore"
"REACTOME_CYTOCHROME_P450_ARRANGED_BY_SUBSTRATE_TYPE","Both"
"REACTOME_VITAMINS","Both"
"REACTOME_FATTY_ACIDS","Unclear"
"REACTOME_PHASE_I_FUNCTIONALIZATION_OF_COMPOUNDS","Both"
"REACTOME_MISCELLANEOUS_SUBSTRATES","Unclear"
"REACTOME_ENDOGENOUS_STEROLS","Herbivore"
"REACTOME_EICOSANOIDS","Unclear"
"REACTOME_XENOBIOTICS","Both"
"REACTOME_CYP2E1_REACTIONS","Unclear"
"REACTOME_EPIGENETIC_REGULATION_OF_GENE_EXPRESSION","Both"
"REACTOME_NOTCH1_INTRACELLULAR_DOMAIN_REGULATES_TRANSCRIPTION","Both"
"REACTOME_ACTIVATED_NOTCH1_TRANSMITS_SIGNAL_TO_THE_NUCLEUS","Both"
"REACTOME_PRC2_METHYLATES_HISTONES_AND_DNA","Unclear"
"REACTOME_DOPAMINE_NEUROTRANSMITTER_RELEASE_CYCLE","Both"
"REACTOME_EGFR_INTERACTS_WITH_PHOSPHOLIPASE_C_GAMMA","Unclear"
"REACTOME_MOLECULES_ASSOCIATED_WITH_ELASTIC_FIBRES","Both"
"REACTOME_MHC_CLASS_II_ANTIGEN_PRESENTATION","Insectivore"
"REACTOME_SYNTHESIS_OF_EPOXY_EET_AND_DIHYDROXYEICOSATRIENOIC_ACIDS_DHET","Both"
"REACTOME_SYNTHESIS_OF_5_EICOSATETRAENOIC_ACIDS","Unclear"
"REACTOME_SYNTHESIS_OF_LEUKOTRIENES_LT_AND_EOXINS_EX","Unclear"
"REACTOME_SYNTHESIS_OF_LIPOXINS_LX","Unclear"
"REACTOME_SYNTHESIS_OF_12_EICOSATETRAENOIC_ACID_DERIVATIVES","Unclear"
"REACTOME_ARACHIDONIC_ACID_METABOLISM","Both"
"REACTOME_SYNTHESIS_OF_15_EICOSATETRAENOIC_ACID_DERIVATIVES","Unclear"
"REACTOME_UBIQUINOL_BIOSYNTHESIS","Unclear"
"REACTOME_SYNTHESIS_OF_16_20_HYDROXYEICOSATETRAENOIC_ACIDS_HETE","Both"
"REACTOME_HYALURONAN_METABOLISM","Both"
"REACTOME_HYALURONAN_BIOSYNTHESIS_AND_EXPORT","Both"
"REACTOME_TRANSCRIPTIONAL_ACTIVATION_OF_MITOCHONDRIAL_BIOGENESIS","Both"
"REACTOME_ACTIVATION_OF_PPARGC1A_PGC_1ALPHA_BY_PHOSPHORYLATION","Unclear"
"REACTOME_INTEGRIN_CELL_SURFACE_INTERACTIONS","Unclear"
"REACTOME_HYALURONAN_UPTAKE_AND_DEGRADATION","Both"
"REACTOME_ABACAVIR_TRANSMEMBRANE_TRANSPORT","Unclear"
"REACTOME_ABACAVIR_ADME","Unclear"
"REACTOME_SYNTHESIS_OF_PROSTAGLANDINS_PG_AND_THROMBOXANES_TX","Unclear"
"REACTOME_SCAVENGING_OF_HEME_FROM_PLASMA","Herbivore"
"REACTOME_DAP12_INTERACTIONS","Unclear"
"REACTOME_BINDING_AND_UPTAKE_OF_LIGANDS_BY_SCAVENGER_RECEPTORS","Herbivore"
"REACTOME_DOWNREGULATION_OF_TGF_BETA_RECEPTOR_SIGNALING","Both"
"REACTOME_TGF_BETA_RECEPTOR_SIGNALING_ACTIVATES_SMADS","Both"
"REACTOME_TGF_BETA_RECEPTOR_SIGNALING_IN_EMT_EPITHELIAL_TO_MESENCHYMAL_TRANSITION","Unclear"
"REACTOME_TRANSCRIPTIONAL_ACTIVITY_OF_SMAD2_SMAD3_SMAD4_HETEROTRIMER","Both"
"REACTOME_DOWNREGULATION_OF_SMAD2_3_SMAD4_TRANSCRIPTIONAL_ACTIVITY","Both"
"REACTOME_SMAD2_SMAD3_SMAD4_HETEROTRIMER_REGULATES_TRANSCRIPTION","Unclear"
"REACTOME_EGFR_TRANSACTIVATION_BY_GASTRIN","Unclear"
"REACTOME_THE_RETINOID_CYCLE_IN_CONES_DAYLIGHT_VISION","Unclear"
"REACTOME_VISUAL_PHOTOTRANSDUCTION","Herbivore"
"REACTOME_NOTCH2_INTRACELLULAR_DOMAIN_REGULATES_TRANSCRIPTION","Unclear"
"REACTOME_MUCOPOLYSACCHARIDOSES","Both"
"REACTOME_ANCHORING_FIBRIL_FORMATION","Unclear"
"REACTOME_PI3K_AKT_SIGNALING_IN_CANCER","Both"
"REACTOME_CONSTITUTIVE_SIGNALING_BY_ABERRANT_PI3K_IN_CANCER","Both"
"REACTOME_CROSSLINKING_OF_COLLAGEN_FIBRILS","Unclear"
"REACTOME_CONDENSATION_OF_PROPHASE_CHROMOSOMES","Insectivore"
"REACTOME_PHOSPHATE_BOND_HYDROLYSIS_BY_NUDT_PROTEINS","Unclear"
"REACTOME_SIGNALING_BY_TYPE_1_INSULIN_LIKE_GROWTH_FACTOR_1_RECEPTOR_IGF1R","Both"
"REACTOME_METABOLISM_OF_INGESTED_SEMET_SEC_MESEC_INTO_H2SE","Herbivore"
"REACTOME_SELENOAMINO_ACID_METABOLISM","Herbivore"
"REACTOME_DAP12_SIGNALING","Unclear"
"REACTOME_ACTIVATION_OF_GENE_EXPRESSION_BY_SREBF_SREBP","Unclear"
"REACTOME_SHC_RELATED_EVENTS_TRIGGERED_BY_IGF1R","Unclear"
"REACTOME_RETINOID_CYCLE_DISEASE_EVENTS","Unclear"
"REACTOME_THE_CANONICAL_RETINOID_CYCLE_IN_RODS_TWILIGHT_VISION","Unclear"
"REACTOME_FC_EPSILON_RECEPTOR_FCERI_SIGNALING","Unclear"
"REACTOME_MASTL_FACILITATES_MITOTIC_PROGRESSION","Unclear"
"REACTOME_SEPARATION_OF_SISTER_CHROMATIDS","Insectivore"
"REACTOME_ESTABLISHMENT_OF_SISTER_CHROMATID_COHESION","Both"
"REACTOME_COHESIN_LOADING_ONTO_CHROMATIN","Unclear"
"REACTOME_ACTIVATION_OF_THE_PHOTOTRANSDUCTION_CASCADE","Insectivore"
"REACTOME_RESOLUTION_OF_SISTER_CHROMATID_COHESION","Insectivore"
"REACTOME_CONDENSATION_OF_PROMETAPHASE_CHROMOSOMES","Insectivore"
"REACTOME_THE_PHOTOTRANSDUCTION_CASCADE","Insectivore"
"REACTOME_INTERACTION_WITH_CUMULUS_CELLS_AND_THE_ZONA_PELLUCIDA","Herbivore"
"REACTOME_MITOTIC_METAPHASE_AND_ANAPHASE","Insectivore"
"REACTOME_OXIDATIVE_STRESS_INDUCED_SENESCENCE","Both"
"REACTOME_SENESCENCE_ASSOCIATED_SECRETORY_PHENOTYPE_SASP","Both"
"REACTOME_CELLULAR_SENESCENCE","Both"
"REACTOME_FORMATION_OF_SENESCENCE_ASSOCIATED_HETEROCHROMATIN_FOCI_SAHF","Both"
"REACTOME_ONCOGENE_INDUCED_SENESCENCE","Both"
"REACTOME_DNA_DAMAGE_TELOMERE_STRESS_INDUCED_SENESCENCE","Both"
"REACTOME_TRIF_MEDIATED_PROGRAMMED_CELL_DEATH","Unclear"
"REACTOME_CYTOSOLIC_IRON_SULFUR_CLUSTER_ASSEMBLY","Both"
"REACTOME_REGULATION_OF_PLK1_ACTIVITY_AT_G2_M_TRANSITION","Insectivore"
"REACTOME_SIGNALING_BY_LEPTIN","Unclear"
"REACTOME_SIGNALING_BY_NOTCH1_PEST_DOMAIN_MUTANTS_IN_CANCER","Both"
"REACTOME_FBXW7_MUTANTS_AND_NOTCH1_IN_CANCER","Unclear"
"REACTOME_ACETYLCHOLINE_NEUROTRANSMITTER_RELEASE_CYCLE","Both"
"REACTOME_CASPASE_MEDIATED_CLEAVAGE_OF_CYTOSKELETAL_PROTEINS","Both"
"REACTOME_INSULIN_PROCESSING","Unclear"
"REACTOME_SIGNALING_BY_NOTCH1_T_7_9_NOTCH1_M1580_K2555_TRANSLOCATION_MUTANT","Both"
"REACTOME_STIMULI_SENSING_CHANNELS","Both"
"REACTOME_EPH_EPHRIN_SIGNALING","Unclear"
"REACTOME_SIGNALING_BY_NOTCH1_HD_DOMAIN_MUTANTS_IN_CANCER","Both"
"REACTOME_ROLE_OF_LAT2_NTAL_LAB_ON_CALCIUM_MOBILIZATION","Unclear"
"REACTOME_FICOLINS_BIND_TO_REPETITIVE_CARBOHYDRATE_STRUCTURES_ON_THE_TARGET_CELL_SURFACE","Unclear"
"REACTOME_FCERI_MEDIATED_MAPK_ACTIVATION","Unclear"
"REACTOME_FCERI_MEDIATED_CA_2_MOBILIZATION","Both"
"REACTOME_FCERI_MEDIATED_NF_KB_ACTIVATION","Unclear"
"REACTOME_POU5F1_OCT4_SOX2_NANOG_REPRESS_GENES_RELATED_TO_DIFFERENTIATION","Unclear"
"REACTOME_POU5F1_OCT4_SOX2_NANOG_ACTIVATE_GENES_RELATED_TO_PROLIFERATION","Unclear"
"REACTOME_NOTCH2_ACTIVATION_AND_TRANSMISSION_OF_SIGNAL_TO_THE_NUCLEUS","Both"
"REACTOME_PEPTIDE_HORMONE_METABOLISM","Unclear"
"REACTOME_NUCLEAR_ENVELOPE_BREAKDOWN","Both"
"REACTOME_ACTIVATION_OF_NIMA_KINASES_NEK9_NEK6_NEK7","Unclear"
"REACTOME_SUMOYLATION","Unclear"
"REACTOME_INITIATION_OF_NUCLEAR_ENVELOPE_NE_REFORMATION","Both"
"REACTOME_NUCLEAR_ENVELOPE_NE_REASSEMBLY","Both"
"REACTOME_LAMININ_INTERACTIONS","Both"
"REACTOME_SYNDECAN_INTERACTIONS","Both"
"REACTOME_NON_INTEGRIN_MEMBRANE_ECM_INTERACTIONS","Both"
"REACTOME_ECM_PROTEOGLYCANS","Both"
"REACTOME_SCAVENGING_BY_CLASS_B_RECEPTORS","Unclear"
"REACTOME_SCAVENGING_BY_CLASS_A_RECEPTORS","Unclear"
"REACTOME_SCAVENGING_BY_CLASS_F_RECEPTORS","Both"
"REACTOME_SUMO_IS_CONJUGATED_TO_E1_UBA2_SAE1","Unclear"
"REACTOME_SUMO_IS_TRANSFERRED_FROM_E1_TO_E2_UBE2I_UBC9","Unclear"
"REACTOME_SUMO_IS_PROTEOLYTICALLY_PROCESSED","Unclear"
"REACTOME_SUMOYLATION_OF_DNA_DAMAGE_RESPONSE_AND_REPAIR_PROTEINS","Unclear"
"REACTOME_DEX_H_BOX_HELICASES_ACTIVATE_TYPE_I_IFN_AND_INFLAMMATORY_CYTOKINES_PRODUCTION","Unclear"
"REACTOME_LRR_FLII_INTERACTING_PROTEIN_1_LRRFIP1_ACTIVATES_TYPE_I_IFN_PRODUCTION","Unclear"
"REACTOME_REGULATION_OF_INNATE_IMMUNE_RESPONSES_TO_CYTOSOLIC_DNA","Unclear"
"REACTOME_HDACS_DEACETYLATE_HISTONES","Both"
"REACTOME_PKMTS_METHYLATE_HISTONE_LYSINES","Insectivore"
"REACTOME_HDMS_DEMETHYLATE_HISTONES","Unclear"
"REACTOME_HATS_ACETYLATE_HISTONES","Both"
"REACTOME_RMTS_METHYLATE_HISTONE_ARGININES","Unclear"
"REACTOME_PROCESSING_AND_ACTIVATION_OF_SUMO","Unclear"
"REACTOME_GLYCOGEN_STORAGE_DISEASES","Both"
"REACTOME_SUMOYLATION_OF_TRANSCRIPTION_FACTORS","Unclear"
"REACTOME_SUMOYLATION_OF_UBIQUITINYLATION_PROTEINS","Unclear"
"REACTOME_WNT_LIGAND_BIOGENESIS_AND_TRAFFICKING","Unclear"
"REACTOME_CHROMATIN_MODIFYING_ENZYMES","Both"
"REACTOME_IRF3_MEDIATED_INDUCTION_OF_TYPE_I_IFN","Unclear"
"REACTOME_TRP_CHANNELS","Both"
"REACTOME_DEFECTS_IN_COBALAMIN_B12_METABOLISM","Both"
"REACTOME_DEFECTS_IN_VITAMIN_AND_COFACTOR_METABOLISM","Herbivore"
"REACTOME_DETOXIFICATION_OF_REACTIVE_OXYGEN_SPECIES","Both"
"REACTOME_NUCLEAR_PORE_COMPLEX_NPC_DISASSEMBLY","Unclear"
"REACTOME_LOSS_OF_FUNCTION_OF_SMAD2_3_IN_CANCER","Unclear"
"REACTOME_SIGNALING_BY_TGF_BETA_RECEPTOR_COMPLEX_IN_CANCER","Unclear"
"REACTOME_GLYCOGEN_SYNTHESIS","Both"
"REACTOME_DEFECTS_IN_BIOTIN_BTN_METABOLISM","Herbivore"
"REACTOME_REGULATION_BY_C_FLIP","Both"
"REACTOME_REGULATION_OF_HSF1_MEDIATED_HEAT_SHOCK_RESPONSE","Both"
"REACTOME_HSP90_CHAPERONE_CYCLE_FOR_STEROID_HORMONE_RECEPTORS_SHR_IN_THE_PRESENCE_OF_LIGAND","Insectivore"
"REACTOME_HSF1_ACTIVATION","Both"
"REACTOME_CELLULAR_RESPONSE_TO_HEAT_STRESS","Both"
"REACTOME_ATTENUATION_PHASE","Both"
"REACTOME_HSF1_DEPENDENT_TRANSACTIVATION","Both"
"REACTOME_NOTCH_HLH_TRANSCRIPTION_PATHWAY","Unclear"
"REACTOME_METABOLISM_OF_POLYAMINES","Both"
"REACTOME_APOPTOTIC_CLEAVAGE_OF_CELL_ADHESION_PROTEINS","Unclear"
"REACTOME_AMINO_ACID_TRANSPORT_ACROSS_THE_PLASMA_MEMBRANE","Herbivore"
"REACTOME_INTEGRIN_SIGNALING","Insectivore"
"REACTOME_GRB2_SOS_PROVIDES_LINKAGE_TO_MAPK_SIGNALING_FOR_INTEGRINS","Insectivore"
"REACTOME_DISEASES_ASSOCIATED_WITH_GLYCOSAMINOGLYCAN_METABOLISM","Both"
"REACTOME_DEFECTIVE_B4GALT7_CAUSES_EDS_PROGEROID_TYPE","Both"
"REACTOME_DEFECTIVE_CHST3_CAUSES_SEDCJD","Both"
"REACTOME_DEFECTIVE_CHST14_CAUSES_EDS_MUSCULOCONTRACTURAL_TYPE","Both"
"REACTOME_DEFECTIVE_CHSY1_CAUSES_TPBS","Both"
"REACTOME_DEFECTIVE_CHST6_CAUSES_MCDC1","Unclear"
"REACTOME_DEFECTIVE_EXT2_CAUSES_EXOSTOSES_2","Unclear"
"REACTOME_DEFECTIVE_ST3GAL3_CAUSES_MCT12_AND_EIEE15","Unclear"
"REACTOME_DEFECTIVE_B4GALT1_CAUSES_B4GALT1_CDG_CDG_2D","Unclear"
"REACTOME_TRANSCRIPTIONAL_REGULATION_BY_TP53","Both"
"REACTOME_P130CAS_LINKAGE_TO_MAPK_SIGNALING_FOR_INTEGRINS","Insectivore"
"REACTOME_SIGNALING_BY_GPCR","Both"
"REACTOME_CLASS_A_1_RHODOPSIN_LIKE_RECEPTORS","Insectivore"
"REACTOME_CLASS_B_2_SECRETIN_FAMILY_RECEPTORS","Both"
"REACTOME_NETRIN_1_SIGNALING","Insectivore"
"REACTOME_NEPHRIN_FAMILY_INTERACTIONS","Unclear"
"REACTOME_SEMAPHORIN_INTERACTIONS","Unclear"
"REACTOME_L1CAM_INTERACTIONS","Herbivore"
"REACTOME_NCAM_SIGNALING_FOR_NEURITE_OUT_GROWTH","Herbivore"
"REACTOME_PEPTIDE_LIGAND_BINDING_RECEPTORS","Unclear"
"REACTOME_AMINE_LIGAND_BINDING_RECEPTORS","Unclear"
"REACTOME_HORMONE_LIGAND_BINDING_RECEPTORS","Unclear"
"REACTOME_DSCAM_INTERACTIONS","Unclear"
"REACTOME_SIGNALING_BY_ROBO_RECEPTORS","Herbivore"
"REACTOME_DEACTIVATION_OF_THE_BETA_CATENIN_TRANSACTIVATING_COMPLEX","Unclear"
"REACTOME_NEGATIVE_REGULATION_OF_TCF_DEPENDENT_SIGNALING_BY_WNT_LIGAND_ANTAGONISTS","Both"
"REACTOME_DISEASES_ASSOCIATED_WITH_N_GLYCOSYLATION_OF_PROTEINS","Insectivore"
"REACTOME_DISEASES_OF_GLYCOSYLATION","Insectivore"
"REACTOME_MYOCLONIC_EPILEPSY_OF_LAFORA","Both"
"REACTOME_DOPAMINE_CLEARANCE_FROM_THE_SYNAPTIC_CLEFT","Herbivore"
"REACTOME_CYTOSOLIC_TRNA_AMINOACYLATION","Both"
"REACTOME_TRNA_AMINOACYLATION","Both"
"REACTOME_MITOCHONDRIAL_TRNA_AMINOACYLATION","Both"
"REACTOME_TACHYKININ_RECEPTORS_BIND_TACHYKININS","Both"
"REACTOME_CHEMOKINE_RECEPTORS_BIND_CHEMOKINES","Unclear"
"REACTOME_RECRUITMENT_OF_MITOTIC_CENTROSOME_PROTEINS_AND_COMPLEXES","Insectivore"
"REACTOME_RECRUITMENT_OF_NUMA_TO_MITOTIC_CENTROSOMES","Insectivore"
"REACTOME_ENERGY_DEPENDENT_REGULATION_OF_MTOR_BY_LKB1_AMPK","Both"
"REACTOME_ATF4_ACTIVATES_GENES_IN_RESPONSE_TO_ENDOPLASMIC_RETICULUM_STRESS","Both"
"REACTOME_ATF6_ATF6_ALPHA_ACTIVATES_CHAPERONES","Both"
"REACTOME_PERK_REGULATES_GENE_EXPRESSION","Both"
"REACTOME_IRE1ALPHA_ACTIVATES_CHAPERONES","Herbivore"
"REACTOME_UNFOLDED_PROTEIN_RESPONSE_UPR","Herbivore"
"REACTOME_ATF6_ATF6_ALPHA_ACTIVATES_CHAPERONE_GENES","Both"
"REACTOME_TRANSCRIPTIONAL_REGULATION_OF_WHITE_ADIPOCYTE_DIFFERENTIATION","Unclear"
"REACTOME_REGULATION_OF_INSULIN_LIKE_GROWTH_FACTOR_IGF_TRANSPORT_AND_UPTAKE_BY_INSULIN_LIKE_GROWTH_FACTOR_BINDING_PROTEINS_IGFBPS","Both"
"REACTOME_GLUCAGON_LIKE_PEPTIDE_1_GLP1_REGULATES_INSULIN_SECRETION","Both"
"REACTOME_OLFACTORY_SIGNALING_PATHWAY","Insectivore"
"REACTOME_SYNTHESIS_SECRETION_AND_INACTIVATION_OF_GLUCAGON_LIKE_PEPTIDE_1_GLP_1","Unclear"
"REACTOME_TRANSPORT_OF_SMALL_MOLECULES","Herbivore"
"REACTOME_ABC_FAMILY_PROTEINS_MEDIATED_TRANSPORT","Herbivore"
"REACTOME_NUCLEAR_RECEPTOR_TRANSCRIPTION_PATHWAY","Herbivore"
"REACTOME_BETA_CATENIN_INDEPENDENT_WNT_SIGNALING","Both"
"REACTOME_VASOPRESSIN_LIKE_RECEPTORS","Unclear"
"REACTOME_COSTIMULATION_BY_THE_CD28_FAMILY","Both"
"REACTOME_RECEPTOR_TYPE_TYROSINE_PROTEIN_PHOSPHATASES","Herbivore"
"REACTOME_CD28_CO_STIMULATION","Both"
"REACTOME_CD28_DEPENDENT_PI3K_AKT_SIGNALING","Both"
"REACTOME_CD28_DEPENDENT_VAV1_PATHWAY","Unclear"
"REACTOME_OREXIN_AND_NEUROPEPTIDES_FF_AND_QRFP_BIND_TO_THEIR_RESPECTIVE_RECEPTORS","Unclear"
"REACTOME_CTLA4_INHIBITORY_SIGNALING","Unclear"
"REACTOME_ALPHA_OXIDATION_OF_PHYTANATE","Insectivore"
"REACTOME_GLYOXYLATE_METABOLISM_AND_GLYCINE_DEGRADATION","Herbivore"
"REACTOME_BETA_OXIDATION_OF_PRISTANOYL_COA","Both"
"REACTOME_SUMOYLATION_OF_TRANSCRIPTION_COFACTORS","Unclear"
"REACTOME_PD_1_SIGNALING","Unclear"
"REACTOME_COOPERATION_OF_PREFOLDIN_AND_TRIC_CCT_IN_ACTIN_AND_TUBULIN_FOLDING","Unclear"
"REACTOME_FORMATION_OF_TUBULIN_FOLDING_INTERMEDIATES_BY_CCT_TRIC","Unclear"
"REACTOME_POST_CHAPERONIN_TUBULIN_FOLDING_PATHWAY","Unclear"
"REACTOME_BETA_OXIDATION_OF_VERY_LONG_CHAIN_FATTY_ACIDS","Herbivore"
"REACTOME_FOLDING_OF_ACTIN_BY_CCT_TRIC","Unclear"
"REACTOME_ASSOCIATION_OF_TRIC_CCT_WITH_TARGET_PROTEINS_DURING_BIOSYNTHESIS","Unclear"
"REACTOME_STRIATED_MUSCLE_CONTRACTION","Both"
"REACTOME_MUSCARINIC_ACETYLCHOLINE_RECEPTORS","Both"
"REACTOME_DOPAMINE_RECEPTORS","Insectivore"
"REACTOME_SEROTONIN_RECEPTORS","Unclear"
"REACTOME_ADRENOCEPTORS","Unclear"
"REACTOME_DISEASES_ASSOCIATED_WITH_O_GLYCOSYLATION_OF_PROTEINS","Insectivore"
"REACTOME_PEROXISOMAL_LIPID_METABOLISM","Herbivore"
"REACTOME_SIGNAL_REGULATORY_PROTEIN_FAMILY_INTERACTIONS","Insectivore"
"REACTOME_PROTEIN_FOLDING","Unclear"
"REACTOME_EICOSANOID_LIGAND_BINDING_RECEPTORS","Both"
"REACTOME_LEUKOTRIENE_RECEPTORS","Unclear"
"REACTOME_PROSTANOID_LIGAND_RECEPTORS","Both"
"REACTOME_NITRIC_OXIDE_STIMULATES_GUANYLATE_CYCLASE","Both"
"REACTOME_ADP_SIGNALLING_THROUGH_P2Y_PURINOCEPTOR_12","Unclear"
"REACTOME_G_BETA_GAMMA_SIGNALLING_THROUGH_PI3KGAMMA","Unclear"
"REACTOME_RAP1_SIGNALLING","Unclear"
"REACTOME_SIGNAL_AMPLIFICATION","Unclear"
"REACTOME_PROSTACYCLIN_SIGNALLING_THROUGH_PROSTACYCLIN_RECEPTOR","Unclear"
"REACTOME_EPHB_MEDIATED_FORWARD_SIGNALING","Insectivore"
"REACTOME_EPHA_MEDIATED_GROWTH_CONE_COLLAPSE","Herbivore"
"REACTOME_EPHRIN_SIGNALING","Unclear"
"REACTOME_EPH_EPHRIN_MEDIATED_REPULSION_OF_CELLS","Herbivore"
"REACTOME_MUSCLE_CONTRACTION","Both"
"REACTOME_G_PROTEIN_BETA_GAMMA_SIGNALLING","Unclear"
"REACTOME_TRAFFICKING_OF_AMPA_RECEPTORS","Both"
"REACTOME_SEMA3A_PAK_DEPENDENT_AXON_REPULSION","Unclear"
"REACTOME_SEMA3A_PLEXIN_REPULSION_SIGNALING_BY_INHIBITING_INTEGRIN_ADHESION","Unclear"
"REACTOME_CRMPS_IN_SEMA3A_SIGNALING","Unclear"
"REACTOME_ACETYLCHOLINE_REGULATES_INSULIN_SECRETION","Unclear"
"REACTOME_ADRENALINE_NORADRENALINE_INHIBITS_INSULIN_SECRETION","Unclear"
"REACTOME_REGULATION_OF_LIPID_METABOLISM_BY_PPARALPHA","Both"
"REACTOME_CIRCADIAN_CLOCK","Herbivore"
"REACTOME_FREE_FATTY_ACIDS_REGULATE_INSULIN_SECRETION","Unclear"
"REACTOME_INCRETIN_SYNTHESIS_SECRETION_AND_INACTIVATION","Unclear"
"REACTOME_SYNTHESIS_SECRETION_AND_INACTIVATION_OF_GLUCOSE_DEPENDENT_INSULINOTROPIC_POLYPEPTIDE_GIP","Unclear"
"REACTOME_SEMA4D_IN_SEMAPHORIN_SIGNALING","Unclear"
"REACTOME_SIALIC_ACID_METABOLISM","Both"
"REACTOME_SUMOYLATION_OF_SUMOYLATION_PROTEINS","Unclear"
"REACTOME_CA2_PATHWAY","Insectivore"
"REACTOME_PCP_CE_PATHWAY","Both"
"REACTOME_SUMOYLATION_OF_INTRACELLULAR_RECEPTORS","Herbivore"
"REACTOME_G_ALPHA_Q_SIGNALLING_EVENTS","Insectivore"
"REACTOME_G_ALPHA_12_13_SIGNALLING_EVENTS","Insectivore"
"REACTOME_SEMA4D_MEDIATED_INHIBITION_OF_CELL_ATTACHMENT_AND_MIGRATION","Unclear"
"REACTOME_SEMA4D_INDUCED_CELL_MIGRATION_AND_GROWTH_CONE_COLLAPSE","Unclear"
"REACTOME_OTHER_SEMAPHORIN_INTERACTIONS","Unclear"
"REACTOME_TRAFFICKING_OF_GLUR2_CONTAINING_AMPA_RECEPTORS","Both"
"REACTOME_P2Y_RECEPTORS","Unclear"
"REACTOME_NUCLEOTIDE_LIKE_PURINERGIC_RECEPTORS","Unclear"
"REACTOME_PLATELET_HOMEOSTASIS","Both"
"REACTOME_REDUCTION_OF_CYTOSOLIC_CA_LEVELS","Unclear"
"REACTOME_PLATELET_CALCIUM_HOMEOSTASIS","Both"
"REACTOME_CGMP_EFFECTS","Both"
"REACTOME_G_ALPHA_S_SIGNALLING_EVENTS","Unclear"
"REACTOME_ADP_SIGNALLING_THROUGH_P2Y_PURINOCEPTOR_1","Unclear"
"REACTOME_G_ALPHA_I_SIGNALLING_EVENTS","Both"
"REACTOME_G_ALPHA_Z_SIGNALLING_EVENTS","Both"
"REACTOME_DCC_MEDIATED_ATTRACTIVE_SIGNALING","Insectivore"
"REACTOME_NETRIN_MEDIATED_REPULSION_SIGNALS","Unclear"
"REACTOME_CASPASE_ACTIVATION_VIA_DEPENDENCE_RECEPTORS_IN_THE_ABSENCE_OF_LIGAND","Unclear"
"REACTOME_ROLE_OF_SECOND_MESSENGERS_IN_NETRIN_1_SIGNALING","Unclear"
"REACTOME_ADHERENS_JUNCTIONS_INTERACTIONS","Both"
"REACTOME_NCAM1_INTERACTIONS","Both"
"REACTOME_LYSOSPHINGOLIPID_AND_LPA_RECEPTORS","Unclear"
"REACTOME_OPSINS","Both"
"REACTOME_CALCITONIN_LIKE_LIGAND_RECEPTORS","Unclear"
"REACTOME_TIGHT_JUNCTION_INTERACTIONS","Herbivore"
"REACTOME_GLUCAGON_TYPE_LIGAND_RECEPTORS","Both"
"REACTOME_CLASS_C_3_METABOTROPIC_GLUTAMATE_PHEROMONE_RECEPTORS","Herbivore"
"REACTOME_NECTIN_NECL_TRANS_HETERODIMERIZATION","Both"
"REACTOME_CELL_CELL_JUNCTION_ORGANIZATION","Both"
"REACTOME_SYNTHESIS_SECRETION_AND_DEACYLATION_OF_GHRELIN","Insectivore"
"REACTOME_REGULATION_OF_INSULIN_SECRETION","Both"
"REACTOME_TRANSPORT_OF_BILE_SALTS_AND_ORGANIC_ACIDS_METAL_IONS_AND_AMINE_COMPOUNDS","Herbivore"
"REACTOME_BICARBONATE_TRANSPORTERS","Herbivore"
"REACTOME_TRANSPORT_OF_INORGANIC_CATIONS_ANIONS_AND_AMINO_ACIDS_OLIGOPEPTIDES","Unclear"
"REACTOME_TRANSPORT_OF_VITAMINS_NUCLEOSIDES_AND_RELATED_MOLECULES","MixOfBoth"
"REACTOME_SLC_MEDIATED_TRANSMEMBRANE_TRANSPORT","Unclear"
"REACTOME_METAL_ION_SLC_TRANSPORTERS","Unclear"
"REACTOME_SODIUM_CALCIUM_EXCHANGERS","Unclear"
"REACTOME_SODIUM_PROTON_EXCHANGERS","Unclear"
"REACTOME_ARACHIDONATE_PRODUCTION_FROM_DAG","Unclear"
"REACTOME_CATION_COUPLED_CHLORIDE_COTRANSPORTERS","Unclear"
"REACTOME_SMALL_INTERFERING_RNA_SIRNA_BIOGENESIS","Unclear"
"REACTOME_POST_TRANSCRIPTIONAL_SILENCING_BY_SMALL_RNAS","Unclear"
"REACTOME_SIRT1_NEGATIVELY_REGULATES_RRNA_EXPRESSION","Both"
"REACTOME_ERCC6_CSB_AND_EHMT2_G9A_POSITIVELY_REGULATE_RRNA_EXPRESSION","Both"
"REACTOME_MULTIFUNCTIONAL_ANION_EXCHANGERS","Unclear"
"REACTOME_SODIUM_COUPLED_PHOSPHATE_COTRANSPORTERS","Unclear"
"REACTOME_SPHINGOLIPID_METABOLISM","Herbivore"
"REACTOME_ACTIVATION_OF_RAC1","Unclear"
"REACTOME_REGULATION_OF_COMMISSURAL_AXON_PATHFINDING_BY_SLIT_AND_ROBO","Unclear"
"REACTOME_INACTIVATION_OF_CDC42_AND_RAC1","Unclear"
"REACTOME_ORGANIC_ANION_TRANSPORTERS","Unclear"
"REACTOME_ROLE_OF_ABL_IN_ROBO_SLIT_SIGNALING","Unclear"
"REACTOME_THROMBOXANE_SIGNALLING_THROUGH_TP_RECEPTOR","Unclear"
"REACTOME_DEADENYLATION_DEPENDENT_MRNA_DECAY","Unclear"
"REACTOME_DEADENYLATION_OF_MRNA","Unclear"
"REACTOME_MRNA_DECAY_BY_3_TO_5_EXORIBONUCLEASE","Unclear"
"REACTOME_MRNA_DECAY_BY_5_TO_3_EXORIBONUCLEASE","Unclear"
"REACTOME_GP1B_IX_V_ACTIVATION_SIGNALLING","Herbivore"
"REACTOME_VASOPRESSIN_REGULATES_RENAL_WATER_HOMEOSTASIS_VIA_AQUAPORINS","Both"
"REACTOME_PASSIVE_TRANSPORT_BY_AQUAPORINS","Herbivore"
"REACTOME_PLATELET_SENSITIZATION_BY_LDL","Unclear"
"REACTOME_LYSOSOME_VESICLE_BIOGENESIS","Both"
"REACTOME_GOLGI_ASSOCIATED_VESICLE_BIOGENESIS","Both"
"REACTOME_SODIUM_COUPLED_SULPHATE_DI_AND_TRI_CARBOXYLATE_TRANSPORTERS","Herbivore"
"REACTOME_PROTON_COUPLED_MONOCARBOXYLATE_TRANSPORT","Unclear"
"REACTOME_FATTY_ACIDS_BOUND_TO_GPR40_FFAR1_REGULATE_INSULIN_SECRETION","Unclear"
"REACTOME_ZINC_TRANSPORTERS","Unclear"
"REACTOME_ZINC_EFFLUX_AND_COMPARTMENTALIZATION_BY_THE_SLC30_FAMILY","Unclear"
"REACTOME_RECYCLING_PATHWAY_OF_L1","Both"
"REACTOME_UNBLOCKING_OF_NMDA_RECEPTORS_GLUTAMATE_BINDING_AND_ACTIVATION","Both"
"REACTOME_BINDING_OF_TCF_LEF_CTNNB1_TO_TARGET_GENE_PROMOTERS","Unclear"
"REACTOME_DEPOLYMERISATION_OF_THE_NUCLEAR_LAMINA","Unclear"
"REACTOME_ZINC_INFLUX_INTO_CELLS_BY_THE_SLC39_GENE_FAMILY","Unclear"
"REACTOME_NA_CL_DEPENDENT_NEUROTRANSMITTER_TRANSPORTERS","Herbivore"
"REACTOME_CREB1_PHOSPHORYLATION_THROUGH_THE_ACTIVATION_OF_ADENYLATE_CYCLASE","Both"
"REACTOME_CREB1_PHOSPHORYLATION_THROUGH_THE_ACTIVATION_OF_CAMKII_CAMKK_CAMKIV_CASCASDE","Both"
"REACTOME_CREB1_PHOSPHORYLATION_THROUGH_NMDA_RECEPTOR_MEDIATED_ACTIVATION_OF_RAS_SIGNALING","Both"
"REACTOME_ACTIVATION_OF_NMDA_RECEPTORS_AND_POSTSYNAPTIC_EVENTS","Both"
"REACTOME_RAS_ACTIVATION_UPON_CA2_INFLUX_THROUGH_NMDA_RECEPTOR","Both"
"REACTOME_FREE_FATTY_ACID_RECEPTORS","Unclear"
"REACTOME_RSK_ACTIVATION","Both"
"REACTOME_FORMYL_PEPTIDE_RECEPTORS_BIND_FORMYL_PEPTIDES_AND_MANY_OTHER_LIGANDS","Unclear"
"REACTOME_RELAXIN_RECEPTORS","Unclear"
"REACTOME_INTERACTION_BETWEEN_L1_AND_ANKYRINS","Herbivore"
"REACTOME_SIGNAL_TRANSDUCTION_BY_L1","Both"
"REACTOME_SMOOTH_MUSCLE_CONTRACTION","Unclear"
"REACTOME_AQUAPORIN_MEDIATED_TRANSPORT","Herbivore"
"REACTOME_TAK1_DEPENDENT_IKK_AND_NF_KAPPA_B_ACTIVATION","Unclear"
"REACTOME_TYPE_I_HEMIDESMOSOME_ASSEMBLY","Both"
"REACTOME_BIOSYNTHESIS_OF_THE_N_GLYCAN_PRECURSOR_DOLICHOL_LIPID_LINKED_OLIGOSACCHARIDE_LLO_AND_TRANSFER_TO_A_NASCENT_PROTEIN","Insectivore"
"REACTOME_SYNTHESIS_OF_DOLICHYL_PHOSPHATE","Unclear"
"REACTOME_ASPARAGINE_N_LINKED_GLYCOSYLATION","Unclear"
"REACTOME_SYNTHESIS_OF_GDP_MANNOSE","Unclear"
"REACTOME_SYNTHESIS_OF_UDP_N_ACETYL_GLUCOSAMINE","Unclear"
"REACTOME_SYNTHESIS_OF_SUBSTRATES_IN_N_GLYCAN_BIOSYTHESIS","Both"
"REACTOME_CELL_EXTRACELLULAR_MATRIX_INTERACTIONS","Unclear"
"REACTOME_REGULATION_OF_CYTOSKELETAL_REMODELING_AND_CELL_SPREADING_BY_IPP_COMPLEX_COMPONENTS","Unclear"
"REACTOME_INTERLEUKIN_1_FAMILY_SIGNALING","Unclear"
"REACTOME_CELL_JUNCTION_ORGANIZATION","Both"
"REACTOME_NRCAM_INTERACTIONS","Herbivore"
"REACTOME_CHL1_INTERACTIONS","Herbivore"
"REACTOME_NEUROFASCIN_INTERACTIONS","Herbivore"
"REACTOME_INTERLEUKIN_12_FAMILY_SIGNALING","Herbivore"
"REACTOME_INTERLEUKIN_17_SIGNALING","Unclear"
"REACTOME_INTERLEUKIN_1_PROCESSING","Unclear"
"REACTOME_SIGNALING_BY_INTERLEUKINS","Herbivore"
"REACTOME_OTHER_INTERLEUKIN_SIGNALING","Unclear"
"REACTOME_MAPK_TARGETS_NUCLEAR_EVENTS_MEDIATED_BY_MAP_KINASES","Both"
"REACTOME_ACTIVATED_TAK1_MEDIATES_P38_MAPK_ACTIVATION","Unclear"
"REACTOME_JNK_C_JUN_KINASES_PHOSPHORYLATION_AND_ACTIVATION_MEDIATED_BY_ACTIVATED_HUMAN_TAK1","Unclear"
"REACTOME_ACTIVATION_OF_THE_AP_1_FAMILY_OF_TRANSCRIPTION_FACTORS","Unclear"
"REACTOME_BUTYRATE_RESPONSE_FACTOR_1_BRF1_BINDS_AND_DESTABILIZES_MRNA","Unclear"
"REACTOME_AUF1_HNRNP_D0_BINDS_AND_DESTABILIZES_MRNA","Unclear"
"REACTOME_TRISTETRAPROLIN_TTP_ZFP36_BINDS_AND_DESTABILIZES_MRNA","Unclear"
"REACTOME_HUR_ELAVL1_BINDS_AND_STABILIZES_MRNA","Unclear"
"REACTOME_REGULATION_OF_MRNA_STABILITY_BY_PROTEINS_THAT_BIND_AU_RICH_ELEMENTS","Unclear"
"REACTOME_KSRP_KHSRP_BINDS_AND_DESTABILIZES_MRNA","Unclear"
"REACTOME_IONOTROPIC_ACTIVITY_OF_KAINATE_RECEPTORS","Both"
"REACTOME_ACTIVATION_OF_KAINATE_RECEPTORS_UPON_GLUTAMATE_BINDING","Both"
"REACTOME_INTERLEUKIN_2_FAMILY_SIGNALING","Insectivore"
"REACTOME_TRANSCRIPTIONAL_REGULATION_OF_PLURIPOTENT_STEM_CELLS","Unclear"
"REACTOME_MITOTIC_G2_G2_M_PHASES","Insectivore"
"REACTOME_MITOTIC_G1_PHASE_AND_G1_S_TRANSITION","Both"
"REACTOME_SUMOYLATION_OF_CHROMATIN_ORGANIZATION_PROTEINS","Unclear"
"REACTOME_THROMBIN_SIGNALLING_THROUGH_PROTEINASE_ACTIVATED_RECEPTORS_PARS","Both"
"REACTOME_SUMOYLATION_OF_RNA_BINDING_PROTEINS","Unclear"
"REACTOME_ASYMMETRIC_LOCALIZATION_OF_PCP_PROTEINS","Unclear"
"REACTOME_SUMOYLATION_OF_DNA_REPLICATION_PROTEINS","Unclear"
"REACTOME_DEGRADATION_OF_AXIN","Unclear"
"REACTOME_DEGRADATION_OF_DVL","Unclear"
"REACTOME_DISASSEMBLY_OF_THE_DESTRUCTION_COMPLEX_AND_RECRUITMENT_OF_AXIN_TO_THE_MEMBRANE","Unclear"
"REACTOME_REGULATION_OF_FZD_BY_UBIQUITINATION","Unclear"
"REACTOME_REPRESSION_OF_WNT_TARGET_GENES","Unclear"
"REACTOME_SUMOYLATION_OF_DNA_METHYLATION_PROTEINS","Unclear"
"REACTOME_SUMOYLATION_OF_IMMUNE_RESPONSE_PROTEINS","Unclear"
"REACTOME_SIGNALING_BY_WNT_IN_CANCER","Both"
"REACTOME_SIGNALING_BY_CTNNB1_PHOSPHO_SITE_MUTANTS","Unclear"
"REACTOME_INTERCONVERSION_OF_NUCLEOTIDE_DI_AND_TRIPHOSPHATES","Both"
"REACTOME_PRESYNAPTIC_FUNCTION_OF_KAINATE_RECEPTORS","Unclear"
"REACTOME_GPCR_LIGAND_BINDING","Herbivore"
"REACTOME_DEFECTIVE_GALNT3_CAUSES_HFTC","Both"
"REACTOME_DEFECTIVE_LFNG_CAUSES_SCDO3","Both"
"REACTOME_DEFECTIVE_C1GALT1C1_CAUSES_TNPS","Both"
"REACTOME_WNT5A_DEPENDENT_INTERNALIZATION_OF_FZD4","Both"
"REACTOME_INTERLEUKIN_3_INTERLEUKIN_5_AND_GM_CSF_SIGNALING","Insectivore"
"REACTOME_WNT5A_DEPENDENT_INTERNALIZATION_OF_FZD2_FZD5_AND_ROR2","Unclear"
"REACTOME_O_LINKED_GLYCOSYLATION","Insectivore"
"REACTOME_O_GLYCOSYLATION_OF_TSR_DOMAIN_CONTAINING_PROTEINS","Insectivore"
"REACTOME_MITOPHAGY","Unclear"
"REACTOME_PINK1_PRKN_MEDIATED_MITOPHAGY","Unclear"
"REACTOME_UPTAKE_AND_FUNCTION_OF_ANTHRAX_TOXINS","Unclear"
"REACTOME_RIPK1_MEDIATED_REGULATED_NECROSIS","Both"
"REACTOME_REGULATED_NECROSIS","Both"
"REACTOME_VEGFR2_MEDIATED_VASCULAR_PERMEABILITY","Both"
"REACTOME_VEGFR2_MEDIATED_CELL_PROLIFERATION","Both"
"REACTOME_MISCELLANEOUS_TRANSPORT_AND_BINDING_EVENTS","Unclear"
"REACTOME_POSITIVE_EPIGENETIC_REGULATION_OF_RRNA_EXPRESSION","Both"
"REACTOME_B_WICH_COMPLEX_POSITIVELY_REGULATES_RRNA_EXPRESSION","Both"
"REACTOME_NEGATIVE_EPIGENETIC_REGULATION_OF_RRNA_EXPRESSION","Unclear"
"REACTOME_TOXICITY_OF_BOTULINUM_TOXIN_TYPE_D_BOTD","Both"
"REACTOME_MYOGENESIS","Unclear"
"REACTOME_DISEASES_OF_IMMUNE_SYSTEM","Unclear"
"REACTOME_N_GLYCAN_TRIMMING_IN_THE_ER_AND_CALNEXIN_CALRETICULIN_CYCLE","Unclear"
"REACTOME_DNA_METHYLATION","Unclear"
"REACTOME_UPTAKE_AND_FUNCTION_OF_DIPHTHERIA_TOXIN","Unclear"
"REACTOME_UPTAKE_AND_ACTIONS_OF_BACTERIAL_TOXINS","Both"
"REACTOME_SIGNALING_BY_LRP5_MUTANTS","Both"
"REACTOME_SIGNALING_BY_RNF43_MUTANTS","Unclear"
"REACTOME_CASPASE_ACTIVATION_VIA_EXTRINSIC_APOPTOTIC_SIGNALLING_PATHWAY","Both"
"REACTOME_TNFR1_INDUCED_PROAPOPTOTIC_SIGNALING","Both"
"REACTOME_PROGRAMMED_CELL_DEATH","Both"
"REACTOME_TNFR1_INDUCED_NFKAPPAB_SIGNALING_PATHWAY","Unclear"
"REACTOME_HEDGEHOG_LIGAND_BIOGENESIS","Both"
"REACTOME_SIGNALING_BY_HEDGEHOG","Both"
"REACTOME_SYNTHESIS_OF_DIPHTHAMIDE_EEF2","Unclear"
"REACTOME_MISMATCH_REPAIR","Both"
"REACTOME_SIGNALING_BY_RETINOIC_ACID","Both"
"REACTOME_RELEASE_OF_HH_NP_FROM_THE_SECRETING_CELL","Both"
"REACTOME_RA_BIOSYNTHESIS_PATHWAY","Both"
"REACTOME_MITOCHONDRIAL_TRANSLATION","Both"
"REACTOME_NEGATIVE_REGULATION_OF_TCF_DEPENDENT_SIGNALING_BY_DVL_INTERACTING_PROTEINS","Unclear"
"REACTOME_DISEASES_OF_MISMATCH_REPAIR_MMR","Both"
"REACTOME_AFLATOXIN_ACTIVATION_AND_DETOXIFICATION","Herbivore"
"REACTOME_ORGANIC_CATION_TRANSPORT","Unclear"
"REACTOME_ORGANIC_CATION_ANION_ZWITTERION_TRANSPORT","Unclear"
"REACTOME_METABOLISM_OF_LIPIDS","Herbivore"
"REACTOME_PHASE_4_RESTING_MEMBRANE_POTENTIAL","Both"
"REACTOME_PHASE_3_RAPID_REPOLARISATION","Unclear"
"REACTOME_CARDIAC_CONDUCTION","Both"
"REACTOME_PHASE_0_RAPID_DEPOLARISATION","Both"
"REACTOME_PHASE_2_PLATEAU_PHASE","Unclear"
"REACTOME_PHASE_1_INACTIVATION_OF_FAST_NA_CHANNELS","Unclear"
"REACTOME_TRANSCRIPTIONAL_REGULATION_BY_SMALL_RNAS","Both"
"REACTOME_PHYSIOLOGICAL_FACTORS","Unclear"
"REACTOME_ION_HOMEOSTASIS","Both"
"REACTOME_METABOLIC_DISORDERS_OF_BIOLOGICAL_OXIDATION_ENZYMES","Unclear"
"REACTOME_PIWI_INTERACTING_RNA_PIRNA_BIOGENESIS","Insectivore"
"REACTOME_IKBA_VARIANT_LEADS_TO_EDA_ID","Unclear"
"REACTOME_IRAK4_DEFICIENCY_TLR2_4","Unclear"
"REACTOME_DECTIN_1_MEDIATED_NONCANONICAL_NF_KB_SIGNALING","Both"
"REACTOME_CLEC7A_DECTIN_1_INDUCES_NFAT_ACTIVATION","Both"
"REACTOME_CLEC7A_DECTIN_1_SIGNALING","Unclear"
"REACTOME_DISEASES_ASSOCIATED_WITH_GLYCOSYLATION_PRECURSOR_BIOSYNTHESIS","Unclear"
"REACTOME_ORGANIC_ANION_TRANSPORT","Unclear"
"REACTOME_DEGRADATION_OF_GLI1_BY_THE_PROTEASOME","Unclear"
"REACTOME_HEDGEHOG_OFF_STATE","Both"
"REACTOME_ACTIVATION_OF_ANTERIOR_HOX_GENES_IN_HINDBRAIN_DEVELOPMENT_DURING_EARLY_EMBRYOGENESIS","Herbivore"
"REACTOME_CILIUM_ASSEMBLY","Insectivore"
"REACTOME_ABC_TRANSPORTER_DISORDERS","Both"
"REACTOME_SLC_TRANSPORTER_DISORDERS","Unclear"
"REACTOME_DISORDERS_OF_TRANSMEMBRANE_TRANSPORTERS","Unclear"
"REACTOME_ANCHORING_OF_THE_BASAL_BODY_TO_THE_PLASMA_MEMBRANE","Insectivore"
"REACTOME_VXPX_CARGO_TARGETING_TO_CILIUM","Both"
"REACTOME_CARGO_TRAFFICKING_TO_THE_PERICILIARY_MEMBRANE","Insectivore"
"REACTOME_BBSOME_MEDIATED_CARGO_TARGETING_TO_CILIUM","Both"
"REACTOME_INTRAFLAGELLAR_TRANSPORT","Both"
"REACTOME_PYROPTOSIS","Unclear"
"REACTOME_DECTIN_2_FAMILY","Both"
"REACTOME_C_TYPE_LECTIN_RECEPTORS_CLRS","Both"
"REACTOME_CD209_DC_SIGN_SIGNALING","Unclear"
"REACTOME_TRAFFICKING_OF_MYRISTOYLATED_PROTEINS_TO_THE_CILIUM","Unclear"
"REACTOME_RHO_GTPASES_ACTIVATE_PKNS","Both"
"REACTOME_ACTIVATED_PKN1_STIMULATES_TRANSCRIPTION_OF_AR_ANDROGEN_RECEPTOR_REGULATED_GENES_KLK2_AND_KLK3","Both"
"REACTOME_RHO_GTPASES_ACTIVATE_CIT","Unclear"
"REACTOME_RHO_GTPASES_ACTIVATE_KTN1","Unclear"
"REACTOME_RHO_GTPASES_ACTIVATE_IQGAPS","Unclear"
"REACTOME_TNFR1_MEDIATED_CERAMIDE_PRODUCTION","Both"
"REACTOME_RHO_GTPASES_ACTIVATE_ROCKS","Unclear"
"REACTOME_RHO_GTPASES_ACTIVATE_PAKS","Unclear"
"REACTOME_TP53_REGULATES_METABOLIC_GENES","Both"
"REACTOME_LIGAND_RECEPTOR_INTERACTIONS","Unclear"
"REACTOME_HEDGEHOG_ON_STATE","Both"
"REACTOME_REGULATION_OF_TP53_ACTIVITY","Both"
"REACTOME_TP53_REGULATES_TRANSCRIPTION_OF_CELL_DEATH_GENES","Both"
"REACTOME_ACTIVATION_OF_SMO","Both"
"REACTOME_GLI_PROTEINS_BIND_PROMOTERS_OF_HH_RESPONSIVE_GENES_TO_PROMOTE_TRANSCRIPTION","Both"
"REACTOME_CONSTITUTIVE_SIGNALING_BY_EGFRVIII","Unclear"
"REACTOME_APEX1_INDEPENDENT_RESOLUTION_OF_AP_SITES_VIA_THE_SINGLE_NUCLEOTIDE_REPLACEMENT_PATHWAY","Both"
"REACTOME_PCNA_DEPENDENT_LONG_PATCH_BASE_EXCISION_REPAIR","Both"
"REACTOME_FRUCTOSE_METABOLISM","Both"
"REACTOME_VESICLE_MEDIATED_TRANSPORT","Herbivore"
"REACTOME_PHOSPHOLIPASE_C_MEDIATED_CASCADE_FGFR2","Unclear"
"REACTOME_PHOSPHOLIPASE_C_MEDIATED_CASCADE_FGFR4","Unclear"
"REACTOME_DOWNSTREAM_SIGNALING_OF_ACTIVATED_FGFR1","Unclear"
"REACTOME_SHC_MEDIATED_CASCADE_FGFR1","Unclear"
"REACTOME_PI_3K_CASCADE_FGFR1","Unclear"
"REACTOME_FRS_MEDIATED_FGFR1_SIGNALING","Unclear"
"REACTOME_PI_3K_CASCADE_FGFR2","Unclear"
"REACTOME_DOWNSTREAM_SIGNALING_OF_ACTIVATED_FGFR2","Unclear"
"REACTOME_FRS_MEDIATED_FGFR2_SIGNALING","Unclear"
"REACTOME_SHC_MEDIATED_CASCADE_FGFR3","Unclear"
"REACTOME_FRS_MEDIATED_FGFR3_SIGNALING","Unclear"
"REACTOME_DOWNSTREAM_SIGNALING_OF_ACTIVATED_FGFR3","Unclear"
"REACTOME_PI_3K_CASCADE_FGFR3","Unclear"
"REACTOME_FRS_MEDIATED_FGFR4_SIGNALING","Unclear"
"REACTOME_DOWNSTREAM_SIGNALING_OF_ACTIVATED_FGFR4","Unclear"
"REACTOME_SHC_MEDIATED_CASCADE_FGFR4","Unclear"
"REACTOME_PI_3K_CASCADE_FGFR4","Unclear"
"REACTOME_NEGATIVE_REGULATION_OF_FGFR1_SIGNALING","Unclear"
"REACTOME_NEGATIVE_REGULATION_OF_FGFR2_SIGNALING","Unclear"
"REACTOME_NEGATIVE_REGULATION_OF_FGFR3_SIGNALING","Unclear"
"REACTOME_NEGATIVE_REGULATION_OF_FGFR4_SIGNALING","Unclear"
"REACTOME_SIGNALING_BY_FGFR1","Unclear"
"REACTOME_SIGNALING_BY_FGFR2","Both"
"REACTOME_SIGNALING_BY_FGFR3","Unclear"
"REACTOME_SIGNALING_BY_FGFR4","Unclear"
"REACTOME_SIGNALING_BY_FGFR2_IN_DISEASE","Both"
"REACTOME_SIGNALING_BY_FGFR4_IN_DISEASE","Unclear"
"REACTOME_SIGNALING_BY_FGFR1_IN_DISEASE","Insectivore"
"REACTOME_TRANSLESION_SYNTHESIS_BY_POLK","Both"
"REACTOME_TERMINATION_OF_TRANSLESION_DNA_SYNTHESIS","Both"
"REACTOME_REGULATION_OF_RAS_BY_GAPS","Unclear"
"REACTOME_FGFRL1_MODULATION_OF_FGFR1_SIGNALING","Unclear"
"REACTOME_RESPONSE_TO_METAL_IONS","Both"
"REACTOME_CLEC7A_INFLAMMASOME_PATHWAY","Unclear"
"REACTOME_METALLOTHIONEINS_BIND_METALS",NA
"REACTOME_FORMATION_OF_XYLULOSE_5_PHOSPHATE","Both"
"REACTOME_MELANIN_BIOSYNTHESIS","Unclear"
"REACTOME_DISEASES_OF_CARBOHYDRATE_METABOLISM","Both"
"REACTOME_DISEASES_OF_SIGNAL_TRANSDUCTION_BY_GROWTH_FACTOR_RECEPTORS_AND_SECOND_MESSENGERS","Insectivore"
"REACTOME_INFECTIOUS_DISEASE","Herbivore"
"REACTOME_RHO_GTPASES_ACTIVATE_WASPS_AND_WAVES","Insectivore"
"REACTOME_RHO_GTPASES_ACTIVATE_FORMINS","Insectivore"
"REACTOME_RHO_GTPASES_ACTIVATE_RHOTEKIN_AND_RHOPHILINS","Unclear"
"REACTOME_TNFR2_NON_CANONICAL_NF_KB_PATHWAY","Both"
"REACTOME_RHO_GTPASES_ACTIVATE_NADPH_OXIDASES","Unclear"
"REACTOME_DISEASES_OF_METABOLISM","Herbivore"
"REACTOME_TNFS_BIND_THEIR_PHYSIOLOGICAL_RECEPTORS","Unclear"
"REACTOME_RAF_ACTIVATION","Both"
"REACTOME_MAP2K_AND_MAPK_ACTIVATION","Unclear"
"REACTOME_CONSTITUTIVE_SIGNALING_BY_AKT1_E17K_IN_CANCER","Unclear"
"REACTOME_NEGATIVE_FEEDBACK_REGULATION_OF_MAPK_PATHWAY","Unclear"
"REACTOME_NEGATIVE_REGULATION_OF_MAPK_PATHWAY","Unclear"
"REACTOME_TNF_RECEPTOR_SUPERFAMILY_TNFSF_MEMBERS_MEDIATING_NON_CANONICAL_NF_KB_PATHWAY","Both"
"REACTOME_PROTEIN_REPAIR","Unclear"
"REACTOME_DEFECTIVE_CFTR_CAUSES_CYSTIC_FIBROSIS","Unclear"
"REACTOME_LGI_ADAM_INTERACTIONS","Unclear"
"REACTOME_MAPK_FAMILY_SIGNALING_CASCADES","Insectivore"
"REACTOME_SURFACTANT_METABOLISM","Herbivore"
"REACTOME_MAP3K8_TPL2_DEPENDENT_MAPK1_3_ACTIVATION","Unclear"
"REACTOME_HDR_THROUGH_SINGLE_STRAND_ANNEALING_SSA","Both"
"REACTOME_HDR_THROUGH_MMEJ_ALT_NHEJ","Both"
"REACTOME_HDR_THROUGH_HOMOLOGOUS_RECOMBINATION_HRR","Both"
"REACTOME_REGULATION_OF_TLR_BY_ENDOGENOUS_LIGAND","Unclear"
"REACTOME_MAPK6_MAPK4_SIGNALING","Both"
"REACTOME_DISEASES_ASSOCIATED_WITH_SURFACTANT_METABOLISM","Unclear"
"REACTOME_DEUBIQUITINATION","Both"
"REACTOME_DEFECTIVE_CSF2RB_CAUSES_SMDP5","Unclear"
"REACTOME_UCH_PROTEINASES","Both"
"REACTOME_JOSEPHIN_DOMAIN_DUBS","Unclear"
"REACTOME_UB_SPECIFIC_PROCESSING_PROTEASES","Both"
"REACTOME_OVARIAN_TUMOR_DOMAIN_PROTEASES","Both"
"REACTOME_METALLOPROTEASE_DUBS","Both"
"REACTOME_CD22_MEDIATED_BCR_REGULATION","Unclear"
"REACTOME_DNA_DOUBLE_STRAND_BREAK_REPAIR","Both"
"REACTOME_RESOLUTION_OF_D_LOOP_STRUCTURES","Both"
"REACTOME_HOMOLOGY_DIRECTED_REPAIR","Both"
"REACTOME_SENSING_OF_DNA_DOUBLE_STRAND_BREAKS","Unclear"
"REACTOME_RESOLUTION_OF_D_LOOP_STRUCTURES_THROUGH_SYNTHESIS_DEPENDENT_STRAND_ANNEALING_SDSA","Both"
"REACTOME_NONHOMOLOGOUS_END_JOINING_NHEJ","Both"
"REACTOME_HOMOLOGOUS_DNA_PAIRING_AND_STRAND_EXCHANGE","Both"
"REACTOME_DNA_DOUBLE_STRAND_BREAK_RESPONSE","Insectivore"
"REACTOME_PROCESSING_OF_DNA_DOUBLE_STRAND_BREAK_ENDS","Both"
"REACTOME_CARGO_CONCENTRATION_IN_THE_ER","Unclear"
"REACTOME_DNA_DAMAGE_RECOGNITION_IN_GG_NER","Herbivore"
"REACTOME_FORMATION_OF_INCISION_COMPLEX_IN_GG_NER","Herbivore"
"REACTOME_GAP_FILLING_DNA_REPAIR_SYNTHESIS_AND_LIGATION_IN_GG_NER","Both"
"REACTOME_NUCLEOTIDE_EXCISION_REPAIR","Both"
"REACTOME_GLOBAL_GENOME_NUCLEOTIDE_EXCISION_REPAIR_GG_NER","Both"
"REACTOME_DUAL_INCISION_IN_GG_NER","Both"
"REACTOME_POST_TRANSLATIONAL_PROTEIN_MODIFICATION","Herbivore"
"REACTOME_DEPOSITION_OF_NEW_CENPA_CONTAINING_NUCLEOSOMES_AT_THE_CENTROMERE","Insectivore"
"REACTOME_RESPIRATORY_ELECTRON_TRANSPORT","Both"
"REACTOME_INFLAMMASOMES","Unclear"
"REACTOME_HIGHLY_SODIUM_PERMEABLE_POSTSYNAPTIC_ACETYLCHOLINE_NICOTINIC_RECEPTORS","Both"
"REACTOME_HIGHLY_CALCIUM_PERMEABLE_POSTSYNAPTIC_NICOTINIC_ACETYLCHOLINE_RECEPTORS","Herbivore"
"REACTOME_HIGHLY_CALCIUM_PERMEABLE_NICOTINIC_ACETYLCHOLINE_RECEPTORS","Herbivore"
"REACTOME_RNA_POLYMERASE_II_PRE_TRANSCRIPTION_EVENTS","Both"
"REACTOME_FORMATION_OF_TC_NER_PRE_INCISION_COMPLEX","Unclear"
"REACTOME_TRANSCRIPTION_COUPLED_NUCLEOTIDE_EXCISION_REPAIR_TC_NER","Both"
"REACTOME_DUAL_INCISION_IN_TC_NER","Both"
"REACTOME_TRNA_MODIFICATION_IN_THE_NUCLEUS_AND_CYTOSOL","Both"
"REACTOME_SYNTHESIS_OF_WYBUTOSINE_AT_G37_OF_TRNA_PHE","Both"
"REACTOME_FANCONI_ANEMIA_PATHWAY","Both"
"REACTOME_INTERLEUKIN_6_FAMILY_SIGNALING","Unclear"
"REACTOME_INTERLEUKIN_10_SIGNALING","Unclear"
"REACTOME_TRNA_PROCESSING_IN_THE_NUCLEUS","Both"
"REACTOME_TRNA_PROCESSING_IN_THE_MITOCHONDRION","Unclear"
"REACTOME_ERBB2_REGULATES_CELL_MOTILITY","Unclear"
"REACTOME_INTERLEUKIN_4_AND_INTERLEUKIN_13_SIGNALING","Unclear"
"REACTOME_TRNA_MODIFICATION_IN_THE_MITOCHONDRION","Unclear"
"REACTOME_GDP_FUCOSE_BIOSYNTHESIS","Unclear"
"REACTOME_IL_6_TYPE_CYTOKINE_RECEPTOR_LIGAND_INTERACTIONS","Unclear"
"REACTOME_RRNA_MODIFICATION_IN_THE_NUCLEUS_AND_CYTOSOL","Both"
"REACTOME_TP53_REGULATES_TRANSCRIPTION_OF_CELL_CYCLE_GENES","Unclear"
"REACTOME_RRNA_MODIFICATION_IN_THE_MITOCHONDRION","Unclear"
"REACTOME_NEUREXINS_AND_NEUROLIGINS","Herbivore"
"REACTOME_PROTEIN_PROTEIN_INTERACTIONS_AT_SYNAPSES","Herbivore"
"REACTOME_TP53_REGULATES_TRANSCRIPTION_OF_DNA_REPAIR_GENES","Unclear"
"REACTOME_CHOLINE_CATABOLISM","Unclear"
"REACTOME_NEUTROPHIL_DEGRANULATION","Herbivore"
"REACTOME_COMPLEX_I_BIOGENESIS","Both"
"REACTOME_METAL_SEQUESTRATION_BY_ANTIMICROBIAL_PROTEINS",NA
"REACTOME_SIGNALING_BY_MODERATE_KINASE_ACTIVITY_BRAF_MUTANTS","Both"
"REACTOME_SIGNALING_BY_BRAF_AND_RAF1_FUSIONS","Both"
"REACTOME_RAS_SIGNALING_DOWNSTREAM_OF_NF1_LOSS_OF_FUNCTION_VARIANTS","Unclear"
"REACTOME_ONCOGENIC_MAPK_SIGNALING","Both"
"REACTOME_ANTIMICROBIAL_PEPTIDES","Herbivore"
"REACTOME_TP53_REGULATES_TRANSCRIPTION_OF_GENES_INVOLVED_IN_CYTOCHROME_C_RELEASE","Unclear"
"REACTOME_TP53_REGULATES_TRANSCRIPTION_OF_SEVERAL_ADDITIONAL_CELL_DEATH_GENES_WHOSE_SPECIFIC_ROLES_IN_P53_DEPENDENT_APOPTOSIS_REMAIN_UNCERTAIN","Unclear"
"REACTOME_TP53_REGULATES_TRANSCRIPTION_OF_CASPASE_ACTIVATORS_AND_CASPASES","Unclear"
"REACTOME_TP53_REGULATES_TRANSCRIPTION_OF_DEATH_RECEPTORS_AND_LIGANDS","Both"
"REACTOME_FGFR2_ALTERNATIVE_SPLICING","Both"
"REACTOME_TP53_REGULATES_TRANSCRIPTION_OF_GENES_INVOLVED_IN_G2_CELL_CYCLE_ARREST","Unclear"
"REACTOME_TP53_REGULATES_TRANSCRIPTION_OF_ADDITIONAL_CELL_CYCLE_GENES_WHOSE_EXACT_ROLE_IN_THE_P53_PATHWAY_REMAIN_UNCERTAIN","Unclear"
"REACTOME_TP53_REGULATES_TRANSCRIPTION_OF_GENES_INVOLVED_IN_G1_CELL_CYCLE_ARREST","Unclear"
"REACTOME_REGULATION_OF_TP53_ACTIVITY_THROUGH_PHOSPHORYLATION","Both"
"REACTOME_REGULATION_OF_TP53_ACTIVITY_THROUGH_ACETYLATION","Unclear"
"REACTOME_REGULATION_OF_TP53_ACTIVITY_THROUGH_ASSOCIATION_WITH_CO_FACTORS","Unclear"
"REACTOME_REGULATION_OF_TP53_ACTIVITY_THROUGH_METHYLATION","Both"
"REACTOME_KERATINIZATION","Both"
"REACTOME_REGULATION_OF_TP53_EXPRESSION_AND_DEGRADATION","Unclear"
"REACTOME_METABOLISM_OF_FAT_SOLUBLE_VITAMINS","Herbivore"
"REACTOME_SIGNALING_BY_MET","Both"
"REACTOME_MET_RECEPTOR_ACTIVATION","Unclear"
"REACTOME_NEGATIVE_REGULATION_OF_MET_ACTIVITY","Both"
"REACTOME_PTEN_REGULATION","Insectivore"
"REACTOME_RNA_POLYMERASE_II_TRANSCRIBES_SNRNA_GENES","Both"
"REACTOME_COPI_MEDIATED_ANTEROGRADE_TRANSPORT","Unclear"
"REACTOME_FORMATION_OF_THE_CORNIFIED_ENVELOPE","Both"
"REACTOME_COPI_DEPENDENT_GOLGI_TO_ER_RETROGRADE_TRAFFIC","Both"
"REACTOME_COPI_INDEPENDENT_GOLGI_TO_ER_RETROGRADE_TRAFFIC","Insectivore"
"REACTOME_INTRA_GOLGI_TRAFFIC","Herbivore"
"REACTOME_RETROGRADE_TRANSPORT_AT_THE_TRANS_GOLGI_NETWORK","Insectivore"
"REACTOME_INTRA_GOLGI_AND_RETROGRADE_GOLGI_TO_ER_TRAFFIC","Insectivore"
"REACTOME_PI5P_REGULATES_TP53_ACETYLATION","Unclear"
"REACTOME_COOPERATION_OF_PDCL_PHLP1_AND_TRIC_CCT_IN_G_PROTEIN_BETA_FOLDING","Unclear"
"REACTOME_GLYCEROPHOSPHOLIPID_CATABOLISM","Unclear"
"REACTOME_ASSEMBLY_OF_THE_ORC_COMPLEX_AT_THE_ORIGIN_OF_REPLICATION","Both"
"REACTOME_CDC6_ASSOCIATION_WITH_THE_ORC_ORIGIN_COMPLEX","Unclear"
"REACTOME_MITOTIC_PROPHASE","Insectivore"
"REACTOME_MITOTIC_PROMETAPHASE","Insectivore"
"REACTOME_MITOTIC_TELOPHASE_CYTOKINESIS","Unclear"
"REACTOME_M_PHASE","Insectivore"
"REACTOME_G2_PHASE","Unclear"
"REACTOME_ORC1_REMOVAL_FROM_CHROMATIN","Unclear"
"REACTOME_DNA_REPLICATION_INITIATION","Both"
"REACTOME_ACTIVATION_OF_THE_PRE_REPLICATIVE_COMPLEX","Both"
"REACTOME_DNA_REPLICATION_PRE_INITIATION","Both"
"REACTOME_SWITCHING_OF_ORIGINS_TO_A_POST_REPLICATIVE_STATE","Unclear"
"REACTOME_POLYMERASE_SWITCHING","Unclear"
"REACTOME_PROCESSIVE_SYNTHESIS_ON_THE_LAGGING_STRAND","Unclear"
"REACTOME_LAGGING_STRAND_SYNTHESIS","Unclear"
"REACTOME_DNA_STRAND_ELONGATION","Unclear"
"REACTOME_G1_S_SPECIFIC_TRANSCRIPTION","Unclear"
"REACTOME_CYCLIN_D_ASSOCIATED_EVENTS_IN_G1","Unclear"
"REACTOME_SYNTHESIS_OF_DNA","Both"
"REACTOME_S_PHASE","Both"
"REACTOME_CYCLIN_A_B1_B2_ASSOCIATED_EVENTS_DURING_G2_M_TRANSITION","Unclear"
"REACTOME_CELL_CYCLE_MITOTIC","Insectivore"
"REACTOME_DNA_REPLICATION","Both"
"REACTOME_G2_M_DNA_DAMAGE_CHECKPOINT","Both"
"REACTOME_G2_M_DNA_REPLICATION_CHECKPOINT","Unclear"
"REACTOME_G2_M_CHECKPOINTS","Both"
"REACTOME_STABILIZATION_OF_P53","Unclear"
"REACTOME_G1_S_DNA_DAMAGE_CHECKPOINTS","Unclear"
"REACTOME_MITOTIC_SPINDLE_CHECKPOINT","Insectivore"
"REACTOME_CELL_CYCLE_CHECKPOINTS","Both"
"REACTOME_CYCLIN_A_CDK2_ASSOCIATED_EVENTS_AT_S_PHASE_ENTRY","Unclear"
"REACTOME_GLYCOLYSIS","Unclear"
"REACTOME_GLYCOGEN_BREAKDOWN_GLYCOGENOLYSIS","Unclear"
"REACTOME_GLUCONEOGENESIS","Herbivore"
"REACTOME_PYRUVATE_METABOLISM","Herbivore"
"REACTOME_GLUCOSE_METABOLISM","Herbivore"
"REACTOME_FRUCTOSE_CATABOLISM","Both"
"REACTOME_UREA_CYCLE","Both"
"REACTOME_BRANCHED_CHAIN_AMINO_ACID_CATABOLISM","Unclear"
"REACTOME_HISTIDINE_CATABOLISM","Unclear"
"REACTOME_PROPIONYL_COA_CATABOLISM","Unclear"
"REACTOME_LYSINE_CATABOLISM","Herbivore"
"REACTOME_TRYPTOPHAN_CATABOLISM","Both"
"REACTOME_CREATINE_METABOLISM","Herbivore"
"REACTOME_METABOLISM_OF_AMINO_ACIDS_AND_DERIVATIVES","Herbivore"
"REACTOME_PENTOSE_PHOSPHATE_PATHWAY","Unclear"
"REACTOME_ETHANOL_OXIDATION","Both"
"REACTOME_METABOLISM_OF_CARBOHYDRATES","Both"
"REACTOME_CITRIC_ACID_CYCLE_TCA_CYCLE","Unclear"
"REACTOME_PYRUVATE_METABOLISM_AND_CITRIC_ACID_TCA_CYCLE","Herbivore"
"REACTOME_MRNA_CAPPING","Both"
"REACTOME_MRNA_SPLICING_MINOR_PATHWAY","Both"
"REACTOME_MRNA_SPLICING","Both"
"REACTOME_MRNA_EDITING_C_TO_U_CONVERSION","Unclear"
"REACTOME_TRANSPORT_OF_MATURE_TRANSCRIPT_TO_CYTOPLASM","Both"
"REACTOME_PROCESSING_OF_CAPPED_INTRON_CONTAINING_PRE_MRNA","Both"
"REACTOME_TRNA_PROCESSING","Both"
"REACTOME_RRNA_PROCESSING","Both"
"REACTOME_EUKARYOTIC_TRANSLATION_INITIATION","Unclear"
"REACTOME_ACTIVATION_OF_THE_MRNA_UPON_BINDING_OF_THE_CAP_BINDING_COMPLEX_AND_EIFS_AND_SUBSEQUENT_BINDING_TO_43S","Unclear"
"REACTOME_RECYCLING_OF_EIF2_GDP","Unclear"
"REACTOME_TRANSLATION","Both"
"REACTOME_TRANSPORT_OF_NUCLEOTIDE_SUGARS","Unclear"
"REACTOME_PYRIMIDINE_SALVAGE","Insectivore"
"REACTOME_PYRIMIDINE_CATABOLISM","Both"
"REACTOME_RNA_POLYMERASE_I_TRANSCRIPTION_INITIATION","Unclear"
"REACTOME_RNA_POLYMERASE_I_PROMOTER_ESCAPE","Both"
"REACTOME_RNA_POLYMERASE_III_CHAIN_ELONGATION","Unclear"
"REACTOME_PURINE_RIBONUCLEOSIDE_MONOPHOSPHATE_BIOSYNTHESIS","Herbivore"
"REACTOME_RNA_POLYMERASE_II_TRANSCRIPTION_TERMINATION","Both"
"REACTOME_RNA_POLYMERASE_II_TRANSCRIPTION","Both"
"REACTOME_RNA_POLYMERASE_I_TRANSCRIPTION_TERMINATION","Unclear"
"REACTOME_RNA_POLYMERASE_I_TRANSCRIPTION","Both"
"REACTOME_BASE_EXCISION_REPAIR","Both"
"REACTOME_CHROMOSOME_MAINTENANCE","Insectivore"
"REACTOME_DEATH_RECEPTOR_SIGNALING","Insectivore"
"REACTOME_DNA_DAMAGE_BYPASS","Both"
"REACTOME_DNA_REPAIR","Both"
"REACTOME_BASE_EXCISION_REPAIR_AP_SITE_FORMATION","Both"
"REACTOME_RESOLUTION_OF_ABASIC_SITES_AP_SITES","Both"
"REACTOME_DNA_DAMAGE_REVERSAL","Unclear"
"REACTOME_RNA_POLYMERASE_III_TRANSCRIPTION_TERMINATION","Unclear"
"REACTOME_RNA_POLYMERASE_III_TRANSCRIPTION","Both"
"REACTOME_KETONE_BODY_METABOLISM","Both"
"REACTOME_PURINE_SALVAGE","Unclear"
"REACTOME_PURINE_CATABOLISM","Unclear"
"REACTOME_IRS_ACTIVATION","Unclear"
"REACTOME_SIGNAL_ATTENUATION","Unclear"
"REACTOME_INSULIN_RECEPTOR_SIGNALLING_CASCADE","Both"
"REACTOME_SIGNALING_BY_INSULIN_RECEPTOR","Both"
"REACTOME_CHK1_CHK2_CDS1_MEDIATED_INACTIVATION_OF_CYCLIN_B_CDK1_COMPLEX","Unclear"
"REACTOME_PROCESSING_OF_CAPPED_INTRONLESS_PRE_MRNA","Both"
"REACTOME_MRNA_EDITING","Unclear"
"REACTOME_FATTY_ACYL_COA_BIOSYNTHESIS","Unclear"
"REACTOME_TRIGLYCERIDE_BIOSYNTHESIS","Both"
"REACTOME_APOPTOTIC_EXECUTION_PHASE","Both"
"REACTOME_FASL_CD95L_SIGNALING","Unclear"
"REACTOME_TRAIL_SIGNALING","Unclear"
"REACTOME_DISSOLUTION_OF_FIBRIN_CLOT","Unclear"
"REACTOME_SYNTHESIS_OF_VERY_LONG_CHAIN_FATTY_ACYL_COAS","Herbivore"
"REACTOME_PLATELET_ADHESION_TO_EXPOSED_COLLAGEN","Herbivore"
"REACTOME_TNF_SIGNALING","Unclear"
"REACTOME_PLATELET_ACTIVATION_SIGNALING_AND_AGGREGATION","Herbivore"
"REACTOME_RESPONSE_TO_ELEVATED_PLATELET_CYTOSOLIC_CA2","Both"
"REACTOME_PLATELET_AGGREGATION_PLUG_FORMATION","Unclear"
"REACTOME_RNA_POLYMERASE_III_TRANSCRIPTION_INITIATION_FROM_TYPE_1_PROMOTER","Both"
"REACTOME_RNA_POLYMERASE_III_TRANSCRIPTION_INITIATION_FROM_TYPE_3_PROMOTER","Both"
"REACTOME_SYNTHESIS_OF_KETONE_BODIES","Both"
"REACTOME_MITOCHONDRIAL_FATTY_ACID_BETA_OXIDATION_OF_SATURATED_FATTY_ACIDS","Both"
"REACTOME_MITOCHONDRIAL_FATTY_ACID_BETA_OXIDATION_OF_UNSATURATED_FATTY_ACIDS","Both"
"REACTOME_MITOCHONDRIAL_FATTY_ACID_BETA_OXIDATION","Both"
"REACTOME_BETA_OXIDATION_OF_LAUROYL_COA_TO_DECANOYL_COA_COA","Unclear"
"REACTOME_BETA_OXIDATION_OF_DECANOYL_COA_TO_OCTANOYL_COA_COA","Both"
"REACTOME_BETA_OXIDATION_OF_OCTANOYL_COA_TO_HEXANOYL_COA","Both"
"REACTOME_BETA_OXIDATION_OF_HEXANOYL_COA_TO_BUTANOYL_COA","Unclear"
"REACTOME_BETA_OXIDATION_OF_BUTANOYL_COA_TO_ACETYL_COA","Unclear"
"REACTOME_INSULIN_RECEPTOR_RECYCLING","Unclear"
"REACTOME_SLBP_DEPENDENT_PROCESSING_OF_REPLICATION_DEPENDENT_HISTONE_PRE_MRNAS","Both"
"REACTOME_PROCESSING_OF_INTRONLESS_PRE_MRNAS","Both"
"REACTOME_TRANSPORT_OF_FATTY_ACIDS","Unclear"
"REACTOME_TRANSPORT_OF_NUCLEOSIDES_AND_FREE_PURINE_AND_PYRIMIDINE_BASES_ACROSS_THE_PLASMA_MEMBRANE","Unclear"
"REACTOME_THE_NLRP3_INFLAMMASOME","Unclear"
"REACTOME_INTERFERON_GAMMA_SIGNALING","Insectivore"
"REACTOME_REGULATION_OF_IFNG_SIGNALING","Unclear"
"REACTOME_ADVANCED_GLYCOSYLATION_ENDPRODUCT_RECEPTOR_SIGNALING","Unclear"
"REACTOME_TRANSPORT_OF_ORGANIC_ANIONS","MixOfBoth"
"REACTOME_GASTRIN_CREB_SIGNALLING_PATHWAY_VIA_PKC_AND_MAPK","Both"
"REACTOME_ERBB2_ACTIVATES_PTK6_SIGNALING","Unclear"
"REACTOME_SIGNALING_BY_PTK6","Both"
"REACTOME_WAX_AND_PLASMALOGEN_BIOSYNTHESIS","Unclear"
"REACTOME_PTK6_REGULATES_PROTEINS_INVOLVED_IN_RNA_PROCESSING","Both"
"REACTOME_PTK6_REGULATES_RTKS_AND_THEIR_EFFECTORS_AKT1_AND_DOK1","Unclear"
"REACTOME_PTK6_REGULATES_CELL_CYCLE","Unclear"
"REACTOME_PTK6_REGULATES_RHO_GTPASES_RAS_GTPASE_AND_MAP_KINASES","Both"
"REACTOME_PTK6_EXPRESSION","Unclear"
"REACTOME_SYNAPTIC_ADHESION_LIKE_MOLECULES","Unclear"
"REACTOME_PHOSPHATE_BOND_HYDROLYSIS_BY_NTPDASE_PROTEINS","Both"
"REACTOME_BUTYROPHILIN_BTN_FAMILY_INTERACTIONS","Unclear"
"REACTOME_SIGNALING_BY_FGFR2_IIIA_TM","Both"
"REACTOME_MET_ACTIVATES_RAS_SIGNALING","Both"
"REACTOME_MET_ACTIVATES_PI3K_AKT_SIGNALING","Unclear"
"REACTOME_PROTEIN_UBIQUITINATION","Both"
"REACTOME_THE_ROLE_OF_GTSE1_IN_G2_M_PROGRESSION_AFTER_G2_CHECKPOINT","Unclear"
"REACTOME_SIGNALING_BY_MST1","Unclear"
"REACTOME_RET_SIGNALING","Unclear"
"REACTOME_TRANSCRIPTIONAL_REGULATION_BY_VENTX","Both"
"REACTOME_TBC_RABGAPS","Unclear"
"REACTOME_AURKA_ACTIVATION_BY_TPX2","Insectivore"
"REACTOME_INTERLEUKIN_20_FAMILY_SIGNALING","Insectivore"
"REACTOME_GOLGI_TO_ER_RETROGRADE_TRANSPORT","Insectivore"
"REACTOME_CARGO_RECOGNITION_FOR_CLATHRIN_MEDIATED_ENDOCYTOSIS","Both"
"REACTOME_CLATHRIN_MEDIATED_ENDOCYTOSIS","Both"
"REACTOME_PTK6_PROMOTES_HIF1A_STABILIZATION","Unclear"
"REACTOME_DOWNREGULATION_OF_ERBB2_SIGNALING","Unclear"
"REACTOME_TRANSCRIPTIONAL_REGULATION_BY_THE_AP_2_TFAP2_FAMILY_OF_TRANSCRIPTION_FACTORS","Unclear"
"REACTOME_MET_ACTIVATES_PTPN11","Unclear"
"REACTOME_REELIN_SIGNALLING_PATHWAY","Unclear"
"REACTOME_VLDL_ASSEMBLY","Unclear"
"REACTOME_VLDLR_INTERNALISATION_AND_DEGRADATION","Unclear"
"REACTOME_SYNTHESIS_OF_ACTIVE_UBIQUITIN_ROLES_OF_E1_AND_E2_ENZYMES","Unclear"
"REACTOME_E3_UBIQUITIN_LIGASES_UBIQUITINATE_TARGET_PROTEINS","Both"
"REACTOME_NEGATIVE_REGULATION_OF_ACTIVITY_OF_TFAP2_AP_2_FAMILY_TRANSCRIPTION_FACTORS","Unclear"
"REACTOME_ACTIVATION_OF_THE_TFAP2_AP_2_FAMILY_OF_TRANSCRIPTION_FACTORS","Unclear"
"REACTOME_TFAP2_AP_2_FAMILY_REGULATES_TRANSCRIPTION_OF_GROWTH_FACTORS_AND_THEIR_RECEPTORS","Unclear"
"REACTOME_TFAP2_AP_2_FAMILY_REGULATES_TRANSCRIPTION_OF_CELL_CYCLE_FACTORS","Unclear"
"REACTOME_RRNA_PROCESSING_IN_THE_MITOCHONDRION","Unclear"
"REACTOME_TFAP2A_ACTS_AS_A_TRANSCRIPTIONAL_REPRESSOR_DURING_RETINOIC_ACID_INDUCED_CELL_DIFFERENTIATION","Unclear"
"REACTOME_RAB_GERANYLGERANYLATION","Unclear"
"REACTOME_MET_ACTIVATES_PTK2_SIGNALING","Insectivore"
"REACTOME_CREB3_FACTORS_ACTIVATE_GENES","Unclear"
"REACTOME_INLB_MEDIATED_ENTRY_OF_LISTERIA_MONOCYTOGENES_INTO_HOST_CELL","Both"
"REACTOME_MET_INTERACTS_WITH_TNS_PROTEINS","Both"
"REACTOME_MET_ACTIVATES_RAP1_AND_RAC1","Unclear"
"REACTOME_MET_RECEPTOR_RECYCLING","Unclear"
"REACTOME_MET_PROMOTES_CELL_MOTILITY","Insectivore"
"REACTOME_RAB_GEFS_EXCHANGE_GTP_FOR_GDP_ON_RABS","Both"
"REACTOME_LISTERIA_MONOCYTOGENES_ENTRY_INTO_HOST_CELLS","Both"
"REACTOME_INLA_MEDIATED_ENTRY_OF_LISTERIA_MONOCYTOGENES_INTO_HOST_CELLS","Unclear"
"REACTOME_PROTEIN_METHYLATION","Unclear"
"REACTOME_RUNX1_AND_FOXP3_CONTROL_THE_DEVELOPMENT_OF_REGULATORY_T_LYMPHOCYTES_TREGS","Unclear"
"REACTOME_TRANSCRIPTIONAL_REGULATION_BY_RUNX3","Unclear"
"REACTOME_TRANSCRIPTIONAL_REGULATION_BY_RUNX2","Unclear"
"REACTOME_TRANSCRIPTIONAL_REGULATION_BY_RUNX1","Both"
"REACTOME_GABA_SYNTHESIS_RELEASE_REUPTAKE_AND_DEGRADATION","Herbivore"
"REACTOME_RUNX1_REGULATES_ESTROGEN_RECEPTOR_MEDIATED_TRANSCRIPTION","Unclear"
"REACTOME_REGULATION_OF_RUNX1_EXPRESSION_AND_ACTIVITY","Both"
"REACTOME_RECEPTOR_MEDIATED_MITOPHAGY","Unclear"
"REACTOME_DIGESTION","Herbivore"
"REACTOME_RUNX1_REGULATES_EXPRESSION_OF_COMPONENTS_OF_TIGHT_JUNCTIONS","Unclear"
"REACTOME_RUNX1_REGULATES_GENES_INVOLVED_IN_MEGAKARYOCYTE_DIFFERENTIATION_AND_PLATELET_FUNCTION","Both"
"REACTOME_ARYL_HYDROCARBON_RECEPTOR_SIGNALLING","Both"
"REACTOME_ESR_MEDIATED_SIGNALING","Insectivore"
"REACTOME_RUNX1_REGULATES_TRANSCRIPTION_OF_GENES_INVOLVED_IN_DIFFERENTIATION_OF_HSCS","Both"
"REACTOME_RUNX1_REGULATES_TRANSCRIPTION_OF_GENES_INVOLVED_IN_DIFFERENTIATION_OF_KERATINOCYTES","Unclear"
"REACTOME_RUNX1_INTERACTS_WITH_CO_FACTORS_WHOSE_PRECISE_EFFECT_ON_RUNX1_TARGETS_IS_NOT_KNOWN","Unclear"
"REACTOME_RUNX1_REGULATES_TRANSCRIPTION_OF_GENES_INVOLVED_IN_BCR_SIGNALING","Unclear"
"REACTOME_RUNX1_REGULATES_TRANSCRIPTION_OF_GENES_INVOLVED_IN_DIFFERENTIATION_OF_MYELOID_CELLS","Unclear"
"REACTOME_RUNX1_REGULATES_TRANSCRIPTION_OF_GENES_INVOLVED_IN_INTERLEUKIN_SIGNALING","Unclear"
"REACTOME_RUNX1_REGULATES_TRANSCRIPTION_OF_GENES_INVOLVED_IN_WNT_SIGNALING","Unclear"
"REACTOME_REGULATION_OF_RUNX2_EXPRESSION_AND_ACTIVITY","Unclear"
"REACTOME_RUNX2_REGULATES_OSTEOBLAST_DIFFERENTIATION","Unclear"
"REACTOME_RUNX2_REGULATES_CHONDROCYTE_MATURATION","Unclear"
"REACTOME_RUNX2_REGULATES_BONE_DEVELOPMENT","Unclear"
"REACTOME_RUNX2_REGULATES_GENES_INVOLVED_IN_CELL_MIGRATION","Unclear"
"REACTOME_RUNX3_REGULATES_CDKN1A_TRANSCRIPTION","Unclear"
"REACTOME_RUNX3_REGULATES_NOTCH_SIGNALING","Unclear"
"REACTOME_REGULATION_OF_RUNX3_EXPRESSION_AND_ACTIVITY","Unclear"
"REACTOME_REGULATION_OF_PTEN_MRNA_TRANSLATION","Both"
"REACTOME_REGULATION_OF_PTEN_GENE_TRANSCRIPTION","Both"
"REACTOME_COLLAGEN_CHAIN_TRIMERIZATION","Both"
"REACTOME_REGULATION_OF_PTEN_LOCALIZATION","Insectivore"
"REACTOME_REGULATION_OF_PTEN_STABILITY_AND_ACTIVITY","Insectivore"
"REACTOME_MITOCHONDRIAL_CALCIUM_ION_TRANSPORT","Unclear"
"REACTOME_RUNX3_REGULATES_IMMUNE_RESPONSE_AND_CELL_MIGRATION","Unclear"
"REACTOME_CRISTAE_FORMATION","Unclear"
"REACTOME_PROCESSING_OF_SMDT1","Unclear"
"REACTOME_GENE_AND_PROTEIN_EXPRESSION_BY_JAK_STAT_SIGNALING_AFTER_INTERLEUKIN_12_STIMULATION","Herbivore"
"REACTOME_RUNX3_REGULATES_WNT_SIGNALING","Unclear"
"REACTOME_NEDDYLATION","Insectivore"
"REACTOME_RUNX3_REGULATES_YAP1_MEDIATED_TRANSCRIPTION","Unclear"
"REACTOME_RUNX3_REGULATES_P14_ARF","Unclear"
"REACTOME_RUNX3_REGULATES_BCL2L11_BIM_TRANSCRIPTION","Unclear"
"REACTOME_TRANSCRIPTIONAL_REGULATION_BY_E2F6","Herbivore"
"REACTOME_METABOLISM_OF_RNA","Both"
"REACTOME_CELLULAR_RESPONSES_TO_STIMULI","Both"
"REACTOME_CARBOXYTERMINAL_POST_TRANSLATIONAL_MODIFICATIONS_OF_TUBULIN","Unclear"
"REACTOME_NUCLEOTIDE_CATABOLISM","Both"
"REACTOME_NUCLEOTIDE_BIOSYNTHESIS","Herbivore"
"REACTOME_NUCLEOTIDE_SALVAGE","Insectivore"
"REACTOME_METABOLISM_OF_STEROIDS","Herbivore"
"REACTOME_INTESTINAL_ABSORPTION","Unclear"
"REACTOME_TYROSINE_CATABOLISM","Herbivore"
"REACTOME_PHENYLALANINE_AND_TYROSINE_METABOLISM","Herbivore"
"REACTOME_ASPARTATE_AND_ASPARAGINE_METABOLISM","Herbivore"
"REACTOME_DIGESTION_AND_ABSORPTION","Herbivore"
"REACTOME_CHYLOMICRON_ASSEMBLY","Unclear"
"REACTOME_ASSEMBLY_OF_ACTIVE_LPL_AND_LIPC_LIPASE_COMPLEXES","Both"
"REACTOME_HDL_ASSEMBLY","Both"
"REACTOME_PLASMA_LIPOPROTEIN_ASSEMBLY","Both"
"REACTOME_PLASMA_LIPOPROTEIN_REMODELING","Herbivore"
"REACTOME_CHYLOMICRON_REMODELING","Unclear"
"REACTOME_HDL_CLEARANCE","Both"
"REACTOME_CHYLOMICRON_CLEARANCE","Unclear"
"REACTOME_LDL_CLEARANCE","Herbivore"
"REACTOME_LDL_REMODELING","Unclear"
"REACTOME_PLASMA_LIPOPROTEIN_CLEARANCE","Herbivore"
"REACTOME_VLDL_CLEARANCE","Unclear"
"REACTOME_HDL_REMODELING","Herbivore"
"REACTOME_PHENYLALANINE_METABOLISM","Unclear"
"REACTOME_GLUTAMATE_AND_GLUTAMINE_METABOLISM","Herbivore"
"REACTOME_LIPID_PARTICLE_ORGANIZATION","Unclear"
"REACTOME_G_BETA_GAMMA_SIGNALLING_THROUGH_CDC42","Unclear"
"REACTOME_FATTY_ACID_METABOLISM","Herbivore"
"REACTOME_METABOLISM_OF_COFACTORS","Unclear"
"REACTOME_TRIGLYCERIDE_METABOLISM","Both"
"REACTOME_RHOA_GTPASE_CYCLE","Herbivore"
"REACTOME_GLYCOGEN_METABOLISM","Both"
"REACTOME_INTERLEUKIN_15_SIGNALING","Insectivore"
"REACTOME_OAS_ANTIVIRAL_RESPONSE","Unclear"
"REACTOME_INTERLEUKIN_35_SIGNALLING","Both"
"REACTOME_INTERLEUKIN_9_SIGNALING","Insectivore"
"REACTOME_TRANSCRIPTIONAL_REGULATION_BY_MECP2","Both"
"REACTOME_LOSS_OF_FUNCTION_OF_MECP2_IN_RETT_SYNDROME","Unclear"
"REACTOME_SIGNALING_BY_NTRK2_TRKB","Both"
"REACTOME_SIGNALING_BY_ERYTHROPOIETIN","Unclear"
"REACTOME_INTRACELLULAR_SIGNALING_BY_SECOND_MESSENGERS","Both"
"REACTOME_SIGNALING_BY_NUCLEAR_RECEPTORS","Insectivore"
"REACTOME_SIGNALING_BY_RECEPTOR_TYROSINE_KINASES","Both"
"REACTOME_SIGNALING_BY_TGFB_FAMILY_MEMBERS","Both"
"REACTOME_RAB_REGULATION_OF_TRAFFICKING","Both"
"REACTOME_INTERLEUKIN_37_SIGNALING","Both"
"REACTOME_EXTRA_NUCLEAR_ESTROGEN_SIGNALING","Insectivore"
"REACTOME_ER_QUALITY_CONTROL_COMPARTMENT_ERQC","Unclear"
"REACTOME_CALNEXIN_CALRETICULIN_CYCLE","Unclear"
"REACTOME_REGULATION_OF_EXPRESSION_OF_SLITS_AND_ROBOS","Both"
"REACTOME_ROBO_RECEPTORS_BIND_AKAP5","Unclear"
"REACTOME_INTERLEUKIN_18_SIGNALING","Unclear"
"REACTOME_SIGNALING_BY_NOTCH3","Insectivore"
"REACTOME_RHO_GTPASE_CYCLE","Both"
"REACTOME_RHOB_GTPASE_CYCLE","Unclear"
"REACTOME_RHOC_GTPASE_CYCLE","Herbivore"
"REACTOME_CDC42_GTPASE_CYCLE","Both"
"REACTOME_RAC1_GTPASE_CYCLE","Both"
"REACTOME_RAC2_GTPASE_CYCLE","Both"
"REACTOME_RHOD_GTPASE_CYCLE","Unclear"
"REACTOME_RHOQ_GTPASE_CYCLE","Insectivore"
"REACTOME_RHOH_GTPASE_CYCLE","Unclear"
"REACTOME_RHOG_GTPASE_CYCLE","Insectivore"
"REACTOME_RHOJ_GTPASE_CYCLE","Insectivore"
"REACTOME_RHOBTB2_GTPASE_CYCLE","Unclear"
"REACTOME_RHOU_GTPASE_CYCLE","Both"
"REACTOME_RHOBTB1_GTPASE_CYCLE","Unclear"
"REACTOME_RAC3_GTPASE_CYCLE","Insectivore"
"REACTOME_RHOV_GTPASE_CYCLE","Both"
"REACTOME_RHOT1_GTPASE_CYCLE","Unclear"
"REACTOME_NOTCH3_ACTIVATION_AND_TRANSMISSION_OF_SIGNAL_TO_THE_NUCLEUS","Both"
"REACTOME_NOTCH3_INTRACELLULAR_DOMAIN_REGULATES_TRANSCRIPTION","Insectivore"
"REACTOME_SIGNALING_BY_NOTCH4","Unclear"
"REACTOME_NOTCH4_INTRACELLULAR_DOMAIN_REGULATES_TRANSCRIPTION","Unclear"
"REACTOME_NOTCH4_ACTIVATION_AND_TRANSMISSION_OF_SIGNAL_TO_THE_NUCLEUS","Unclear"
"REACTOME_TLR3_MEDIATED_TICAM1_DEPENDENT_PROGRAMMED_CELL_DEATH","Unclear"
"REACTOME_TICAM1_DEPENDENT_ACTIVATION_OF_IRF3_IRF7","Unclear"
"REACTOME_TICAM1_TRAF6_DEPENDENT_INDUCTION_OF_TAK1_COMPLEX","Unclear"
"REACTOME_INTERLEUKIN_36_PATHWAY","Unclear"
"REACTOME_NONCANONICAL_ACTIVATION_OF_NOTCH3","Unclear"
"REACTOME_ESTROGEN_DEPENDENT_GENE_EXPRESSION","Unclear"
"REACTOME_BIOSYNTHESIS_OF_SPECIALIZED_PRORESOLVING_MEDIATORS_SPMS","Both"
"REACTOME_BIOSYNTHESIS_OF_EPA_DERIVED_SPMS","Unclear"
"REACTOME_BIOSYNTHESIS_OF_MARESINS","Both"
"REACTOME_INTERLEUKIN_2_SIGNALING","Insectivore"
"REACTOME_INTERLEUKIN_12_SIGNALING","Herbivore"
"REACTOME_INTERLEUKIN_1_SIGNALING","Unclear"
"REACTOME_INTERLEUKIN_23_SIGNALING","Both"
"REACTOME_INTERLEUKIN_27_SIGNALING","Both"
"REACTOME_INTERLEUKIN_21_SIGNALING","Insectivore"
"REACTOME_LOSS_OF_MECP2_BINDING_ABILITY_TO_THE_NCOR_SMRT_COMPLEX","Unclear"
"REACTOME_REGULATION_OF_MECP2_EXPRESSION_AND_ACTIVITY","Both"
"REACTOME_MECP2_REGULATES_NEURONAL_RECEPTORS_AND_CHANNELS","Unclear"
"REACTOME_MECP2_REGULATES_TRANSCRIPTION_OF_NEURONAL_LIGANDS","Both"
"REACTOME_MECP2_REGULATES_TRANSCRIPTION_FACTORS","Unclear"
"REACTOME_NR1H2_AND_NR1H3_MEDIATED_SIGNALING","Both"
"REACTOME_ACTIVATED_NTRK2_SIGNALS_THROUGH_RAS","Unclear"
"REACTOME_ERYTHROPOIETIN_ACTIVATES_PHOSPHOINOSITIDE_3_KINASE_PI3K","Unclear"
"REACTOME_ERYTHROPOIETIN_ACTIVATES_PHOSPHOLIPASE_C_GAMMA_PLCG","Unclear"
"REACTOME_ERYTHROPOIETIN_ACTIVATES_STAT5","Unclear"
"REACTOME_ERYTHROPOIETIN_ACTIVATES_RAS","Unclear"
"REACTOME_BIOSYNTHESIS_OF_MARESIN_LIKE_SPMS","Both"
"REACTOME_ACTIVATED_NTRK2_SIGNALS_THROUGH_PI3K","Unclear"
"REACTOME_ACTIVATED_NTRK2_SIGNALS_THROUGH_FRS2_AND_FRS3","Unclear"
"REACTOME_NR1H2_NR1H3_REGULATE_GENE_EXPRESSION_LINKED_TO_LIPOGENESIS","Unclear"
"REACTOME_NR1H3_NR1H2_REGULATE_GENE_EXPRESSION_LINKED_TO_CHOLESTEROL_TRANSPORT_AND_EFFLUX","Both"
"REACTOME_NR1H2_NR1H3_REGULATE_GENE_EXPRESSION_TO_LIMIT_CHOLESTEROL_UPTAKE","Unclear"
"REACTOME_NR1H2_NR1H3_REGULATE_GENE_EXPRESSION_LINKED_TO_TRIGLYCERIDE_LIPOLYSIS_IN_ADIPOSE","Unclear"
"REACTOME_NGF_STIMULATED_TRANSCRIPTION","Both"
"REACTOME_ACTIVATED_NTRK2_SIGNALS_THROUGH_FYN","Unclear"
"REACTOME_NTRK2_ACTIVATES_RAC1","Unclear"
"REACTOME_ACTIVATED_NTRK2_SIGNALS_THROUGH_CDK5","Both"
"REACTOME_PEROXISOMAL_PROTEIN_IMPORT","Herbivore"
"REACTOME_TYSND1_CLEAVES_PEROXISOMAL_PROTEINS","Insectivore"
"REACTOME_BLOOD_GROUP_SYSTEMS_BIOSYNTHESIS","Both"
"REACTOME_SIGNALING_BY_NTRK3_TRKC","Unclear"
"REACTOME_ACTIVATED_NTRK3_SIGNALS_THROUGH_RAS","Unclear"
"REACTOME_RHOF_GTPASE_CYCLE","Herbivore"
"REACTOME_INTERFERON_ALPHA_BETA_SIGNALING","Unclear"
"REACTOME_MEIOTIC_RECOMBINATION","Both"
"REACTOME_INTERLEUKIN_RECEPTOR_SHC_SIGNALING","Insectivore"
"REACTOME_REGULATION_OF_SIGNALING_BY_CBL","Unclear"
"REACTOME_REGULATION_OF_IFNA_IFNB_SIGNALING","Unclear"
"REACTOME_INTERFERON_SIGNALING","Insectivore"
"REACTOME_O_LINKED_GLYCOSYLATION_OF_MUCINS","Both"
"REACTOME_ENDOSOMAL_SORTING_COMPLEX_REQUIRED_FOR_TRANSPORT_ESCRT","Unclear"
"REACTOME_IRON_UPTAKE_AND_TRANSPORT","Both"
"REACTOME_TRANSFERRIN_ENDOCYTOSIS_AND_RECYCLING","Unclear"
"REACTOME_TRAF3_DEPENDENT_IRF_ACTIVATION_PATHWAY","Unclear"
"REACTOME_NONSENSE_MEDIATED_DECAY_NMD","Herbivore"
"REACTOME_TRAF6_MEDIATED_IRF7_ACTIVATION","Both"
"REACTOME_TRAF6_MEDIATED_NF_KB_ACTIVATION","Unclear"
"REACTOME_NF_KB_ACTIVATION_THROUGH_FADD_RIP_1_PATHWAY_MEDIATED_BY_CASPASE_8_AND_10","Unclear"
"REACTOME_NEGATIVE_REGULATORS_OF_DDX58_IFIH1_SIGNALING","Unclear"
"REACTOME_ION_TRANSPORT_BY_P_TYPE_ATPASES","Both"
"REACTOME_ACTIVATION_OF_IRF3_IRF7_MEDIATED_BY_TBK1_IKK_EPSILON","Unclear"
"REACTOME_IRAK1_RECRUITS_IKK_COMPLEX","Unclear"
"REACTOME_IKK_COMPLEX_RECRUITMENT_MEDIATED_BY_RIP1","Unclear"
"REACTOME_IRAK2_MEDIATED_ACTIVATION_OF_TAK1_COMPLEX","Unclear"
"REACTOME_TRAF6_MEDIATED_INDUCTION_OF_TAK1_COMPLEX_WITHIN_TLR4_COMPLEX","Unclear"
"REACTOME_MOLYBDENUM_COFACTOR_BIOSYNTHESIS","Unclear"
"REACTOME_TRANSPORT_TO_THE_GOLGI_AND_SUBSEQUENT_MODIFICATION","Herbivore"
"REACTOME_ACTIVATED_NTRK3_SIGNALS_THROUGH_PI3K","Unclear"
"REACTOME_CLASS_I_PEROXISOMAL_MEMBRANE_PROTEIN_IMPORT","Both"
"REACTOME_NEGATIVE_REGULATION_OF_NOTCH4_SIGNALING","Unclear"
"REACTOME_DISEASES_OF_BASE_EXCISION_REPAIR","Both"
"REACTOME_FLT3_SIGNALING","Unclear"
"REACTOME_PROTEIN_LOCALIZATION","Both"
"REACTOME_INSERTION_OF_TAIL_ANCHORED_PROTEINS_INTO_THE_ENDOPLASMIC_RETICULUM_MEMBRANE","Both"
"REACTOME_HCMV_INFECTION","Insectivore"
"REACTOME_HCMV_EARLY_EVENTS","Insectivore"
"REACTOME_ASSEMBLY_AND_CELL_SURFACE_PRESENTATION_OF_NMDA_RECEPTORS","Both"
"REACTOME_HCMV_LATE_EVENTS","Both"
"REACTOME_AUTOPHAGY","Insectivore"
"REACTOME_LIPOPHAGY","Unclear"
"REACTOME_CHAPERONE_MEDIATED_AUTOPHAGY","Insectivore"
"REACTOME_FOXO_MEDIATED_TRANSCRIPTION","Both"
"REACTOME_REGULATION_OF_LOCALIZATION_OF_FOXO_TRANSCRIPTION_FACTORS","Unclear"
"REACTOME_FOXO_MEDIATED_TRANSCRIPTION_OF_CELL_DEATH_GENES","Unclear"
"REACTOME_FOXO_MEDIATED_TRANSCRIPTION_OF_OXIDATIVE_STRESS_METABOLIC_AND_NEURONAL_GENES","Both"
"REACTOME_LATE_ENDOSOMAL_MICROAUTOPHAGY","Insectivore"
"REACTOME_POSTMITOTIC_NUCLEAR_PORE_COMPLEX_NPC_REFORMATION","Unclear"
"REACTOME_TRANSCRIPTIONAL_REGULATION_OF_GRANULOPOIESIS","Both"
"REACTOME_NEGATIVE_REGULATION_OF_NMDA_RECEPTOR_MEDIATED_NEURONAL_TRANSMISSION","Both"
"REACTOME_REGULATION_OF_FOXO_TRANSCRIPTIONAL_ACTIVITY_BY_ACETYLATION","Unclear"
"REACTOME_FOXO_MEDIATED_TRANSCRIPTION_OF_CELL_CYCLE_GENES","Unclear"
"REACTOME_ACTIVATION_OF_RAC1_DOWNSTREAM_OF_NMDARS","Unclear"
"REACTOME_ACTIVATION_OF_AMPK_DOWNSTREAM_OF_NMDARS","Unclear"
"REACTOME_EGR2_AND_SOX10_MEDIATED_INITIATION_OF_SCHWANN_CELL_MYELINATION","Both"
"REACTOME_LONG_TERM_POTENTIATION","Both"
"REACTOME_NR1H2_NR1H3_REGULATE_GENE_EXPRESSION_TO_CONTROL_BILE_ACID_HOMEOSTASIS","Unclear"
"REACTOME_NR1H2_NR1H3_REGULATE_GENE_EXPRESSION_LINKED_TO_GLUCONEOGENESIS","Unclear"
"REACTOME_RESPONSE_OF_EIF2AK4_GCN2_TO_AMINO_ACID_DEFICIENCY","Both"
"REACTOME_CONSTITUTIVE_SIGNALING_BY_OVEREXPRESSED_ERBB2","Unclear"
"REACTOME_GPER1_SIGNALING","Both"
"REACTOME_REGULATION_OF_GLYCOLYSIS_BY_FRUCTOSE_2_6_BISPHOSPHATE_METABOLISM","Unclear"
"REACTOME_ESTROGEN_STIMULATED_SIGNALING_THROUGH_PRKCZ",NA
"REACTOME_ESTROGEN_DEPENDENT_NUCLEAR_EVENTS_DOWNSTREAM_OF_ESR_MEMBRANE_SIGNALING","Insectivore"
"REACTOME_TRANSCRIPTIONAL_REGULATION_BY_NPAS4","Both"
"REACTOME_SUPPRESSION_OF_APOPTOSIS","Unclear"
"REACTOME_INFECTION_WITH_MYCOBACTERIUM_TUBERCULOSIS","Unclear"
"REACTOME_PREVENTION_OF_PHAGOSOMAL_LYSOSOMAL_FUSION","Unclear"
"REACTOME_MODULATION_BY_MTB_OF_HOST_IMMUNE_SYSTEM","Unclear"
"REACTOME_SUPPRESSION_OF_PHAGOSOMAL_MATURATION","Unclear"
"REACTOME_RESPONSE_OF_MTB_TO_PHAGOCYTOSIS","Unclear"
"REACTOME_AMINO_ACIDS_REGULATE_MTORC1","Both"
"REACTOME_STAT5_ACTIVATION","Unclear"
"REACTOME_ALPHA_PROTEIN_KINASE_1_SIGNALING_PATHWAY","Unclear"
"REACTOME_DISEASES_OF_PROGRAMMED_CELL_DEATH","Unclear"
"REACTOME_AGGREPHAGY","Insectivore"
"REACTOME_N_GLYCAN_TRIMMING_AND_ELONGATION_IN_THE_CIS_GOLGI","Unclear"
"REACTOME_RAS_PROCESSING","Unclear"
"REACTOME_RESPONSE_OF_EIF2AK1_HRI_TO_HEME_DEFICIENCY","Both"
"REACTOME_DEFECTS_OF_CONTACT_ACTIVATION_SYSTEM_CAS_AND_KALLIKREIN_KININ_SYSTEM_KKS","Herbivore"
"REACTOME_SIGNALING_BY_MAPK_MUTANTS","Unclear"
"REACTOME_LEISHMANIA_INFECTION","Herbivore"
"REACTOME_SENSORY_PROCESSING_OF_SOUND","Unclear"
"REACTOME_ABERRANT_REGULATION_OF_MITOTIC_G1_S_TRANSITION_IN_CANCER_DUE_TO_RB1_DEFECTS","Unclear"
"REACTOME_SIGNALING_BY_MRAS_COMPLEX_MUTANTS","Unclear"
"REACTOME_ADORA2B_MEDIATED_ANTI_INFLAMMATORY_CYTOKINES_PRODUCTION","Both"
"REACTOME_PURINERGIC_SIGNALING_IN_LEISHMANIASIS_INFECTION","Unclear"
"REACTOME_DEFECTIVE_FACTOR_VIII_CAUSES_HEMOPHILIA_A","Unclear"
"REACTOME_SENSORY_PROCESSING_OF_SOUND_BY_OUTER_HAIR_CELLS_OF_THE_COCHLEA","MixOfBoth"
"REACTOME_CD163_MEDIATING_AN_ANTI_INFLAMMATORY_RESPONSE","Unclear"
"REACTOME_ANTI_INFLAMMATORY_RESPONSE_FAVOURING_LEISHMANIA_PARASITE_INFECTION","Both"
"REACTOME_SELECTIVE_AUTOPHAGY","Insectivore"
"REACTOME_FCGR3A_MEDIATED_IL10_SYNTHESIS","Both"
"REACTOME_PARASITE_INFECTION","Unclear"
"REACTOME_KILLING_MECHANISMS","Unclear"
"REACTOME_LTC4_CYSLTR_MEDIATED_IL4_PRODUCTION","Unclear"
"REACTOME_PEXOPHAGY","Unclear"
"REACTOME_SIGNALING_BY_ERBB2_ECD_MUTANTS","Unclear"
"REACTOME_ACETYLCHOLINE_INHIBITS_CONTRACTION_OF_OUTER_HAIR_CELLS","Unclear"
"REACTOME_DEFECTIVE_FACTOR_IX_CAUSES_HEMOPHILIA_B","Herbivore"
"REACTOME_SEALING_OF_THE_NUCLEAR_ENVELOPE_NE_BY_ESCRT_III","Unclear"
"REACTOME_SIGNALING_BY_KIT_IN_DISEASE","Unclear"
"REACTOME_INHIBITION_OF_DNA_RECOMBINATION_AT_TELOMERE","Both"
"REACTOME_SIGNALING_BY_PDGFR_IN_DISEASE","Insectivore"
"REACTOME_DEFECTIVE_F9_ACTIVATION","Herbivore"
"REACTOME_SIGNALING_BY_PDGFRA_TRANSMEMBRANE_JUXTAMEMBRANE_AND_KINASE_DOMAIN_MUTANTS","Unclear"
"REACTOME_SIGNALING_BY_MEMBRANE_TETHERED_FUSIONS_OF_PDGFRA_OR_PDGFRB","Insectivore"
"REACTOME_SIGNALING_BY_CSF3_G_CSF","Unclear"
"REACTOME_NERVOUS_SYSTEM_DEVELOPMENT","Herbivore"
"REACTOME_DISEASES_OF_MITOTIC_CELL_CYCLE","Unclear"
"REACTOME_DISEASES_OF_DNA_REPAIR","Both"
"REACTOME_SARS_COV_1_INFECTION","Both"
"REACTOME_POTENTIAL_THERAPEUTICS_FOR_SARS","Unclear"
"REACTOME_SARS_COV_INFECTIONS","Herbivore"
"REACTOME_SIGNALING_BY_CSF1_M_CSF_IN_MYELOID_CELLS","Insectivore"
"REACTOME_FLT3_SIGNALING_IN_DISEASE","Unclear"
"REACTOMEMATURATION_OF__SARS_COV_1_NUCLEOPROTEIN","Unclear"
"REACTOME_MATURATION_OF_PROTEIN_3A","Unclear"
"REACTOME_MATURATION_OF_SARS_COV_1_SPIKE_PROTEIN","Unclear"
"REACTOME_TRANSLATION_OF_SARS_COV_1_STRUCTURAL_PROTEINS","Unclear"
"REACTOME_ABERRANT_REGULATION_OF_MITOTIC_EXIT_IN_CANCER_DUE_TO_RB1_DEFECTS","Unclear"
"REACTOME_TRANSCRIPTIONAL_REGULATION_OF_TESTIS_DIFFERENTIATION","Unclear"
"REACTOME_SARS_COV_1_HOST_INTERACTIONS","Unclear"
"REACTOME_SARS_COV_1_ACTIVATES_MODULATES_INNATE_IMMUNE_RESPONSES","Unclear"
"REACTOME_DEFECTIVE_RIPK1_MEDIATED_REGULATED_NECROSIS","Both"
"REACTOME_SARS_COV_2_INFECTION","Herbivore"
"REACTOME_MATURATION_OF_SARS_COV_2_SPIKE_PROTEIN","Herbivore"
"REACTOME_ATTACHMENT_AND_ENTRY","Both"
"REACTOME_MATURATION_OF_SARS_COV_2_NUCLEOPROTEIN","Unclear"
"REACTOME_TRANSLATION_OF_SARS_COV_2_STRUCTURAL_PROTEINS","Herbivore"
"REACTOME_TRANSLATION_OF_REPLICASE_AND_ASSEMBLY_OF_THE_REPLICATION_TRANSCRIPTION_COMPLEX","Unclear"
"REACTOME_RND3_GTPASE_CYCLE","Both"
"REACTOME_RND2_GTPASE_CYCLE","Both"
"REACTOME_RND1_GTPASE_CYCLE","Both"
"REACTOME_SIGNALING_BY_ALK_IN_CANCER","Insectivore"
"REACTOME_ALK_MUTANTS_BIND_TKIS","Unclear"
"REACTOME_STAT3_NUCLEAR_EVENTS_DOWNSTREAM_OF_ALK_SIGNALING","Unclear"
"REACTOME_STAT5_ACTIVATION_DOWNSTREAM_OF_FLT3_ITD_MUTANTS","Unclear"
"REACTOME_SIGNALING_BY_FLT3_FUSION_PROTEINS","Unclear"
"REACTOME_SIGNALING_BY_FLT3_ITD_AND_TKD_MUTANTS","Unclear"
"REACTOME_INACTIVATION_OF_CSF3_G_CSF_SIGNALING","Unclear"
"REACTOME_SARS_COV_2_ACTIVATES_MODULATES_INNATE_AND_ADAPTIVE_IMMUNE_RESPONSES","Unclear"
"REACTOME_SARS_COV_2_TARGETS_PDZ_PROTEINS_IN_CELL_CELL_JUNCTION","Both"
"REACTOME_SARS_COV_2_HOST_INTERACTIONS","Unclear"
"REACTOME_RHOBTB3_ATPASE_CYCLE","Both"
"REACTOME_NEGATIVE_REGULATION_OF_FLT3","Unclear"
"REACTOME_FLT3_SIGNALING_THROUGH_SRC_FAMILY_KINASES","Unclear"
"REACTOME_FLT3_SIGNALING_BY_CBL_MUTANTS","Unclear"
"REACTOME_RHOBTB_GTPASE_CYCLE","Unclear"
"REACTOME_CYTOPROTECTION_BY_HMOX1","Herbivore"
"REACTOME_REGULATION_OF_HMOX1_EXPRESSION_AND_ACTIVITY","Unclear"
"REACTOME_HEME_SIGNALING","Herbivore"
"REACTOME_REGULATION_OF_BACH1_ACTIVITY","Unclear"
"REACTOME_SENSORY_PERCEPTION","Unclear"
"REACTOME_CELLULAR_RESPONSE_TO_STARVATION","Both"
"REACTOME_CELLULAR_RESPONSE_TO_CHEMICAL_STRESS","Herbivore"
"REACTOME_MIRO_GTPASE_CYCLE","Unclear"
"REACTOME_SIGNALING_BY_RHO_GTPASES_MIRO_GTPASES_AND_RHOBTB3","Both"
"REACTOME_SENSORY_PERCEPTION_OF_TASTE","Herbivore"
"REACTOME_NUCLEAR_EVENTS_STIMULATED_BY_ALK_SIGNALING_IN_CANCER","Unclear"
"REACTOME_SENSORY_PERCEPTION_OF_SALTY_TASTE","Herbivore"
"REACTOME_INDUCTION_OF_CELL_CELL_FUSION","Both"
"REACTOME_DEFECTIVE_INTRINSIC_PATHWAY_FOR_APOPTOSIS","Unclear"
"REACTOME_SARS_COV_1_MODULATES_HOST_TRANSLATION_MACHINERY","Unclear"
"REACTOME_SARS_COV_1_TARGETS_HOST_INTRACELLULAR_SIGNALLING_AND_REGULATORY_PATHWAYS","Unclear"
"REACTOME_DRUG_ADME","Herbivore"
"REACTOME_AZATHIOPRINE_ADME","Herbivore"
"REACTOME_ASPIRIN_ADME","Herbivore"
"REACTOME_TRAF6_MEDIATED_IRF7_ACTIVATION_IN_TLR7_8_OR_9_SIGNALING","Unclear"
"REACTOME_PARACETAMOL_ADME","Herbivore"
"REACTOME_DRUG_MEDIATED_INHIBITION_OF_CDK4_CDK6_ACTIVITY","Unclear"
"REACTOME_GERM_LAYER_FORMATION_AT_GASTRULATION","Both"
"REACTOME_SARS_COV_2_MODULATES_AUTOPHAGY","Unclear"
"REACTOME_SARS_COV_2_MODULATES_HOST_TRANSLATION_MACHINERY","Both"
"REACTOME_ATORVASTATIN_ADME","Herbivore"
"REACTOME_RIBAVIRIN_ADME","Unclear"
"REACTOME_KEAP1_NFE2L2_PATHWAY","Unclear"
"REACTOME_N_GLYCAN_ANTENNAE_ELONGATION_IN_THE_MEDIAL_TRANS_GOLGI","Herbivore"
"REACTOME_N_GLYCAN_ANTENNAE_ELONGATION","Unclear"
"REACTOME_SARS_COV_2_TARGETS_HOST_INTRACELLULAR_SIGNALLING_AND_REGULATORY_PATHWAYS","Unclear"
"REACTOME_REACTIONS_SPECIFIC_TO_THE_COMPLEX_N_GLYCAN_SYNTHESIS_PATHWAY","Herbivore"
"REACTOME_PREDNISONE_ADME","Herbivore"
"REACTOME_REGULATION_OF_NF_KAPPA_B_SIGNALING","Unclear"
"REACTOME_UPTAKE_OF_DIETARY_COBALAMINS_INTO_ENTEROCYTES","Herbivore"
"REACTOME_TRANSPORT_OF_RCBL_WITHIN_THE_BODY","Unclear"
"REACTOME_EPITHELIAL_MESENCHYMAL_TRANSITION_EMT_DURING_GASTRULATION","Both"
"REACTOME_FORMATION_OF_LATERAL_PLATE_MESODERM","Unclear"
"REACTOME_GASTRULATION","Both"
"REACTOME_NUCLEAR_EVENTS_MEDIATED_BY_NFE2L2","Unclear"
"REACTOME_COBALAMIN_CBL_METABOLISM","Unclear"
"REACTOME_REGULATION_OF_NPAS4_GENE_EXPRESSION","Both"
"REACTOME_REGULATION_OF_NPAS4_GENE_TRANSCRIPTION","Unclear"
"REACTOME_REGULATION_OF_NPAS4_MRNA_TRANSLATION","Both"
"REACTOME_NPAS4_REGULATES_EXPRESSION_OF_TARGET_GENES","Both"
"REACTOME_TERMINATION_OF_O_GLYCAN_BIOSYNTHESIS","Both"
"REACTOME_AMYLOID_FIBER_FORMATION","Both"
"REACTOME_EARLY_SARS_COV_2_INFECTION_EVENTS","Both"
"REACTOME_LATE_SARS_COV_2_INFECTION_EVENTS","Herbivore"
"REACTOME_SERINE_BIOSYNTHESIS","Unclear"
"REACTOME_GABA_RECEPTOR_ACTIVATION","Both"
"REACTOME_GABA_B_RECEPTOR_ACTIVATION","Both"
"REACTOME_FORMATION_OF_PARAXIAL_MESODERM","Both"
"REACTOME_CIPROFLOXACIN_ADME","MixOfBoth"
"REACTOME_FORMATION_OF_AXIAL_MESODERM","Both"
"REACTOME_NFE2L2_REGULATING_ANTI_OXIDANT_DETOXIFICATION_ENZYMES","Unclear"
"REACTOME_NFE2L2_REGULATES_PENTOSE_PHOSPHATE_PATHWAY_GENES","Unclear"
"REACTOME_GROWTH_HORMONE_RECEPTOR_SIGNALING","Unclear"
"REACTOME_ANTIGEN_PROCESSING_UBIQUITINATION_PROTEASOME_DEGRADATION","Insectivore"
"REACTOME_CLASS_I_MHC_MEDIATED_ANTIGEN_PROCESSING_PRESENTATION","Insectivore"
"REACTOME_ANTIGEN_PRESENTATION_FOLDING_ASSEMBLY_AND_PEPTIDE_LOADING_OF_CLASS_I_MHC","Both"
"REACTOME_KINESINS","Both"
"REACTOME_FACTORS_INVOLVED_IN_MEGAKARYOCYTE_DEVELOPMENT_AND_PLATELET_PRODUCTION","Both"
"REACTOME_ANTIGEN_ACTIVATES_B_CELL_RECEPTOR_BCR_LEADING_TO_GENERATION_OF_SECOND_MESSENGERS","Both"
"REACTOME_SIGNALING_BY_THE_B_CELL_RECEPTOR_BCR","Unclear"
"REACTOME_ION_CHANNEL_TRANSPORT","Both"
"KEGG_GLYCOLYSIS_GLUCONEOGENESIS","Unclear"
"KEGG_CITRATE_CYCLE_TCA_CYCLE","Unclear"
"KEGG_PENTOSE_PHOSPHATE_PATHWAY","Unclear"
"KEGG_PENTOSE_AND_GLUCURONATE_INTERCONVERSIONS","Both"
"KEGG_FRUCTOSE_AND_MANNOSE_METABOLISM","Both"
"KEGG_GALACTOSE_METABOLISM","Both"
"KEGG_ASCORBATE_AND_ALDARATE_METABOLISM","Unclear"
"KEGG_FATTY_ACID_METABOLISM","Herbivore"
"KEGG_STEROID_BIOSYNTHESIS","Unclear"
"KEGG_PRIMARY_BILE_ACID_BIOSYNTHESIS","Both"
"KEGG_STEROID_HORMONE_BIOSYNTHESIS","Unclear"
"KEGG_OXIDATIVE_PHOSPHORYLATION","Both"
"KEGG_PURINE_METABOLISM","Herbivore"
"KEGG_PYRIMIDINE_METABOLISM","Insectivore"
"KEGG_ALANINE_ASPARTATE_AND_GLUTAMATE_METABOLISM","Herbivore"
"KEGG_GLYCINE_SERINE_AND_THREONINE_METABOLISM","Herbivore"
"KEGG_CYSTEINE_AND_METHIONINE_METABOLISM","Herbivore"
"KEGG_VALINE_LEUCINE_AND_ISOLEUCINE_DEGRADATION","Herbivore"
"KEGG_VALINE_LEUCINE_AND_ISOLEUCINE_BIOSYNTHESIS","MixOfBoth"
"KEGG_LYSINE_DEGRADATION","Herbivore"
"KEGG_ARGININE_AND_PROLINE_METABOLISM","Both"
"KEGG_HISTIDINE_METABOLISM","Both"
"KEGG_TYROSINE_METABOLISM","Herbivore"
"KEGG_PHENYLALANINE_METABOLISM","Herbivore"
"KEGG_TRYPTOPHAN_METABOLISM","Herbivore"
"KEGG_BETA_ALANINE_METABOLISM","Herbivore"
"KEGG_TAURINE_AND_HYPOTAURINE_METABOLISM","Unclear"
"KEGG_SELENOAMINO_ACID_METABOLISM","Both"
"KEGG_GLUTATHIONE_METABOLISM","Herbivore"
"KEGG_STARCH_AND_SUCROSE_METABOLISM","Herbivore"
"KEGG_AMINO_SUGAR_AND_NUCLEOTIDE_SUGAR_METABOLISM","Unclear"
"KEGG_GLYCOSAMINOGLYCAN_BIOSYNTHESIS_CHONDROITIN_SULFATE","Both"
"KEGG_GLYCOSAMINOGLYCAN_BIOSYNTHESIS_HEPARAN_SULFATE","Both"
"KEGG_INOSITOL_PHOSPHATE_METABOLISM","Insectivore"
"KEGG_PYRUVATE_METABOLISM","Both"
"KEGG_GLYOXYLATE_AND_DICARBOXYLATE_METABOLISM","Both"
"KEGG_PROPANOATE_METABOLISM","Herbivore"
"KEGG_BUTANOATE_METABOLISM","Herbivore"
"KEGG_ONE_CARBON_POOL_BY_FOLATE","Unclear"
"KEGG_FOLATE_BIOSYNTHESIS","Unclear"
"KEGG_RETINOL_METABOLISM","Both"
"KEGG_PORPHYRIN_AND_CHLOROPHYLL_METABOLISM","Unclear"
"KEGG_TERPENOID_BACKBONE_BIOSYNTHESIS","Both"
"KEGG_LIMONENE_AND_PINENE_DEGRADATION","Herbivore"
"KEGG_NITROGEN_METABOLISM","Herbivore"
"KEGG_SULFUR_METABOLISM","Herbivore"
"KEGG_METABOLISM_OF_XENOBIOTICS_BY_CYTOCHROME_P450","Herbivore"
"KEGG_DRUG_METABOLISM_CYTOCHROME_P450","Herbivore"
"KEGG_DRUG_METABOLISM_OTHER_ENZYMES","Unclear"
"KEGG_BIOSYNTHESIS_OF_UNSATURATED_FATTY_ACIDS","Unclear"
"KEGG_ABC_TRANSPORTERS","Herbivore"
"KEGG_RIBOSOME","Unclear"
"KEGG_RNA_DEGRADATION","Unclear"
"KEGG_RNA_POLYMERASE","Unclear"
"KEGG_DNA_REPLICATION","Both"
"KEGG_SPLICEOSOME","Both"
"KEGG_PROTEASOME","Unclear"
"KEGG_PROTEIN_EXPORT","Both"
"KEGG_PPAR_SIGNALING_PATHWAY","Unclear"
"KEGG_BASE_EXCISION_REPAIR","Both"
"KEGG_NUCLEOTIDE_EXCISION_REPAIR","Herbivore"
"KEGG_MISMATCH_REPAIR","Both"
"KEGG_HOMOLOGOUS_RECOMBINATION","Unclear"
"KEGG_MAPK_SIGNALING_PATHWAY","Herbivore"
"KEGG_ERBB_SIGNALING_PATHWAY","Insectivore"
"KEGG_CALCIUM_SIGNALING_PATHWAY","Both"
"KEGG_CYTOKINE_CYTOKINE_RECEPTOR_INTERACTION","Both"
"KEGG_CHEMOKINE_SIGNALING_PATHWAY","Insectivore"
"KEGG_PHOSPHATIDYLINOSITOL_SIGNALING_SYSTEM","Insectivore"
"KEGG_NEUROACTIVE_LIGAND_RECEPTOR_INTERACTION","Herbivore"
"KEGG_CELL_CYCLE","Both"
"KEGG_OOCYTE_MEIOSIS","Both"
"KEGG_P53_SIGNALING_PATHWAY","Both"
"KEGG_UBIQUITIN_MEDIATED_PROTEOLYSIS","Both"
"KEGG_REGULATION_OF_AUTOPHAGY","Unclear"
"KEGG_ENDOCYTOSIS","Herbivore"
"KEGG_PEROXISOME","Herbivore"
"KEGG_MTOR_SIGNALING_PATHWAY","Herbivore"
"KEGG_APOPTOSIS","Unclear"
"KEGG_VASCULAR_SMOOTH_MUSCLE_CONTRACTION","Both"
"KEGG_WNT_SIGNALING_PATHWAY","Both"
"KEGG_DORSO_VENTRAL_AXIS_FORMATION","Insectivore"
"KEGG_NOTCH_SIGNALING_PATHWAY","Both"
"KEGG_HEDGEHOG_SIGNALING_PATHWAY","Both"
"KEGG_TGF_BETA_SIGNALING_PATHWAY","Insectivore"
"KEGG_AXON_GUIDANCE","Herbivore"
"KEGG_VEGF_SIGNALING_PATHWAY","Unclear"
"KEGG_FOCAL_ADHESION","Both"
"KEGG_ECM_RECEPTOR_INTERACTION","Both"
"KEGG_CELL_ADHESION_MOLECULES_CAMS","Herbivore"
"KEGG_ADHERENS_JUNCTION","Both"
"KEGG_TIGHT_JUNCTION","Herbivore"
"KEGG_GAP_JUNCTION","Both"
"KEGG_COMPLEMENT_AND_COAGULATION_CASCADES","Both"
"KEGG_ANTIGEN_PROCESSING_AND_PRESENTATION","Both"
"KEGG_TOLL_LIKE_RECEPTOR_SIGNALING_PATHWAY","Unclear"
"KEGG_NOD_LIKE_RECEPTOR_SIGNALING_PATHWAY","Unclear"
"KEGG_RIG_I_LIKE_RECEPTOR_SIGNALING_PATHWAY","Unclear"
"KEGG_CYTOSOLIC_DNA_SENSING_PATHWAY","Unclear"
"KEGG_JAK_STAT_SIGNALING_PATHWAY","Herbivore"
"KEGG_HEMATOPOIETIC_CELL_LINEAGE","Unclear"
"KEGG_NATURAL_KILLER_CELL_MEDIATED_CYTOTOXICITY","Insectivore"
"KEGG_T_CELL_RECEPTOR_SIGNALING_PATHWAY","Unclear"
"KEGG_B_CELL_RECEPTOR_SIGNALING_PATHWAY","Unclear"
"KEGG_FC_EPSILON_RI_SIGNALING_PATHWAY","Herbivore"
"KEGG_FC_GAMMA_R_MEDIATED_PHAGOCYTOSIS","Both"
"KEGG_LEUKOCYTE_TRANSENDOTHELIAL_MIGRATION","Herbivore"
"KEGG_INTESTINAL_IMMUNE_NETWORK_FOR_IGA_PRODUCTION","Unclear"
"KEGG_LONG_TERM_POTENTIATION","Both"
"KEGG_NEUROTROPHIN_SIGNALING_PATHWAY","Unclear"
"KEGG_LONG_TERM_DEPRESSION","Herbivore"
"KEGG_OLFACTORY_TRANSDUCTION","Both"
"KEGG_REGULATION_OF_ACTIN_CYTOSKELETON","Both"
"KEGG_INSULIN_SIGNALING_PATHWAY","Unclear"
"KEGG_GNRH_SIGNALING_PATHWAY","Both"
"KEGG_PROGESTERONE_MEDIATED_OOCYTE_MATURATION","Both"
"KEGG_MELANOGENESIS","Both"
"KEGG_ADIPOCYTOKINE_SIGNALING_PATHWAY","Unclear"
"KEGG_TYPE_II_DIABETES_MELLITUS","Unclear"
"KEGG_TYPE_I_DIABETES_MELLITUS","Unclear"
"KEGG_MATURITY_ONSET_DIABETES_OF_THE_YOUNG","Unclear"
"KEGG_ALDOSTERONE_REGULATED_SODIUM_REABSORPTION","Herbivore"
"KEGG_VASOPRESSIN_REGULATED_WATER_REABSORPTION","Insectivore"
"KEGG_ALZHEIMERS_DISEASE","Both"
"KEGG_PARKINSONS_DISEASE","Both"
"KEGG_AMYOTROPHIC_LATERAL_SCLEROSIS_ALS","Unclear"
"KEGG_HUNTINGTONS_DISEASE","Both"
"KEGG_PRION_DISEASES","Unclear"
"KEGG_VIBRIO_CHOLERAE_INFECTION","Both"
"KEGG_EPITHELIAL_CELL_SIGNALING_IN_HELICOBACTER_PYLORI_INFECTION","Unclear"
"KEGG_LEISHMANIA_INFECTION","Unclear"
"KEGG_PATHWAYS_IN_CANCER","Both"
"KEGG_COLORECTAL_CANCER","Both"
"KEGG_RENAL_CELL_CARCINOMA","Herbivore"
"KEGG_PANCREATIC_CANCER","Unclear"
"KEGG_ENDOMETRIAL_CANCER","Unclear"
"KEGG_GLIOMA","Both"
"KEGG_PROSTATE_CANCER","Unclear"
"KEGG_THYROID_CANCER","Unclear"
"KEGG_BASAL_CELL_CARCINOMA","Both"
"KEGG_MELANOMA","Both"
"KEGG_BLADDER_CANCER","Herbivore"
"KEGG_CHRONIC_MYELOID_LEUKEMIA","Unclear"
"KEGG_ACUTE_MYELOID_LEUKEMIA","Unclear"
"KEGG_SMALL_CELL_LUNG_CANCER","Insectivore"
"KEGG_NON_SMALL_CELL_LUNG_CANCER","Both"
"KEGG_ASTHMA","Unclear"
"KEGG_AUTOIMMUNE_THYROID_DISEASE","Unclear"
"KEGG_ALLOGRAFT_REJECTION","Unclear"
"KEGG_GRAFT_VERSUS_HOST_DISEASE","Unclear"
"KEGG_VIRAL_MYOCARDITIS","Both"
"PID_FANCONI_PATHWAY","Both"
