,Rho,N,P,p.adj
ARF5,NA,NA,NA,NA
M6PR,0.00826425167786398,187,0.673722863756145,0.7938318474975
FKBP4,0.0322909731803708,225,0.0648255181848859,0.219859084689758
CYP26B1,NA,NA,NA,NA
NDUFAF7,0.0210720024876377,236,0.175351799496438,0.37327102095715
FUCA2,0.00785070234031169,262,0.562292278663209,0.715491503752086
DBNDD1,0.0342376706247639,185,0.0979041790498249,0.273171707003516
HS3ST1,0.0206288259120719,182,0.291678686290422,0.491703474334191
SEMA3F,0.0376545973121397,207,0.0513135452383999,0.193606811114724
CFTR,0.0137789006345432,262,0.308486298542363,0.507902297447255
CYP51A1,0.0595231850016944,203,0.00730247004587573,0.0699280139129874
USP28,0.00695560760653332,250,0.629854914397484,0.76379643095707
SLC7A2,0.00359709250076889,233,0.841192411412658,0.904239243058036
HSPB6,NA,NA,NA,NA
PDK4,0.0636351085184314,190,0.00729111973859651,0.0699244736376244
USH1C,0.000558211551786751,255,0.986389641262195,0.992467883640015
RALA,0.340947607113021,20,0.090533998580743,0.262905506129162
BAIAP2L1,0.0527695278660642,227,0.00764130749819196,0.0705726557628519
CACNG3,0.238883610124211,56,0.00434626619645924,0.0525477068906079
TMEM132A,0.00673584809677856,261,0.625584984281319,0.760543180584849
DVL2,0.0278621458468601,186,0.160827437351326,0.356492614912749
RPAP3,0.00538451686372388,244,0.727130466905585,0.828684328324389
HOXA11,NA,NA,NA,NA
TRAPPC6A,0.0026503419151446,187,0.920434537144703,0.952236516643025
SPATA20,0.0114331144055673,251,0.413995857653709,0.600572617843715
CD79B,0.0102496550521128,252,0.462302170019502,0.639708869770576
RHBDD2,0.0500094417508283,188,0.0249617553328287,0.13132986971741
RPUSD1,0.0448568072730686,210,0.0246981968242072,0.130469072700474
TSR3,0.00644603989832661,223,0.698279650535954,0.811135500659058
NDUFAB1,0.050108992806072,170,0.0372607227956648,0.163526039119775
YBX2,0.0733540588216218,170,0.00614033357283991,0.0631180697204916
ITGA3,0.0412161138396854,256,0.0146924783468224,0.0995317020629024
KRT33A,0.0415311795200553,177,0.0626609811723875,0.216632230577047
LRRC23,0.0147448103080559,241,0.315770470532791,0.514343613340021
TFAP2D,0.213645464235301,57,0.00750699578993363,0.0702599495302907
CRY1,0.0135199497189342,173,0.507666450055309,0.675121635992943
PGLYRP1,0.00775329410592436,219,0.639110718078397,0.769858517492336
STARD3NL,NA,NA,NA,NA
CD74,0.0113504012998533,246,0.426662336259265,0.611727064572554
RPS20,NA,NA,NA,NA
MGST1,0.0750841064379023,201,0.00180233029278783,0.0330652443146251
CPA1,0.0427747645416445,244,0.0154955634286847,0.101969180073081
SYPL1,0.0195865144250053,231,0.211853784522498,0.415358651428346
RANBP9,0.00932883473307111,188,0.627087903383389,0.761933937940359
CD4,0.000494614724702156,266,0.987864016311397,0.993245133949787
PLEKHG6,0.0319315314101215,276,0.032346362459738,0.152258356380523
QPCTL,0.012310888830558,195,0.495813967748827,0.665520671606474
PPP5C,NA,NA,NA,NA
UBR7,0.0151217583350451,230,0.325608118741769,0.522573174981619
MAP4K5,0.0114155451424022,191,0.538089408004171,0.698868723265462
ERCC1,NA,NA,NA,NA
GPRC5A,0.0763305503154967,248,0.000293124601665246,0.0129177679128324
HEBP1,0.00253512506168267,178,0.930004604890248,0.958308375959457
COX15,0.000430457468308608,226,0.992212391412047,0.995416858371314
MS4A12,0.00327511587084353,179,0.900319551798088,0.941313450440698
XYLT2,0.00182395173528588,234,0.935035059143611,0.960687205729529
FTSJ1,NA,NA,NA,NA
SCTR,0.0079696393390726,247,0.580638863944213,0.729386811690345
RALBP1,0.0623823583774642,213,0.0041743364972046,0.0512674538364492
SYT13,0.0313709364679918,227,0.0690889863127662,0.228321029700456
SNAI2,0.0256768229926655,97,0.481654150703097,0.65600975974277
SLC7A9,0.0194439676609012,231,0.214791312591658,0.418029058246845
RTF2,0.0108531551629786,223,0.491887131564006,0.663349693731383
RB1CC1,0.0245257601107157,259,0.0967132468051538,0.271547599495247
AKAP11,0.0106877866458774,281,0.39277056935253,0.583429667748289
B4GALT7,0.0127505305748524,187,0.498943413936823,0.668266202534376
FAM13B,0.0474000744462317,224,0.0142920648249258,0.0985261271324007
CHPF2,0.0222403933001007,210,0.199442475761368,0.401875303121174
GABARAPL2,NA,NA,NA,NA
MYOC,0.0233086420794885,232,0.145725108037666,0.338043562829368
FAM136A,NA,NA,NA,NA
NSMAF,0.0342460922012791,247,0.0380061449959669,0.165246498553255
OTC,0.0141662552431843,185,0.456335237106844,0.634623889472894
TTC17,0.00380926839742842,213,0.847656766518009,0.90787579512625
HOXC8,0.158945939118353,28,0.231655270745479,0.434387739725327
MRI1,0.0228237316109719,221,0.170249820510947,0.367259775411148
TARBP1,0.0723855873305177,267,0.000242183953383759,0.0119090920088632
RTN4R,0.0150746690828459,226,0.335068723617934,0.532962152986955
PSMA4,0.0548306990167455,44,0.501553541023257,0.670352177402897
ZPBP,0.00427504516355423,225,0.811507498583588,0.885104008046637
LCP2,0.0146922367234648,244,0.311769188539381,0.510110090180409
DCN,0.00684467933214881,227,0.671489459139832,0.792744761187651
TNFRSF17,0.00380831385977855,227,0.834904991540813,0.899663979462836
MRPS10,0.039006692939295,203,0.0485720664248889,0.188211118384018
GRN,0.0570222166668604,261,0.00197175327201238,0.0347334020364449
THAP3,0.00184910822090733,231,0.93496899347855,0.960687205729529
VAMP3,NA,NA,NA,NA
RCN1,0.00108069105329495,180,0.978640704763059,0.986836982632169
RFC2,0.0321997023943178,181,0.121971092352533,0.305311287775522
PPP1R3F,0.00983458005568042,207,0.567043658740641,0.718665343588497
NFE2L3,0.0387913894825021,262,0.0175365292148629,0.108683813177856
CBLN4,NA,NA,NA,NA
CLDN11,NA,NA,NA,NA
FAM168A,0.0780157752756274,29,0.335470634537964,0.533269346165192
RELT,0.00490788253289139,252,0.745369116020578,0.84037428687551
PKP2,0.000714237651103303,251,0.980973990216631,0.988424425585365
YIPF1,0.0277212509908567,188,0.158817623811802,0.353619100850893
ADCK2,0.0113067653953214,239,0.441757185257632,0.62328874297869
INPP4A,0.0312039795244328,204,0.0964268683226406,0.271150519835784
SLC2A3,0.0150762592556263,219,0.34950860565284,0.544585020685762
STYK1,0.0329158605169802,243,0.0467272232843577,0.185568417757898
GNA11,0.0369617864241856,73,0.446852903199926,0.626913260096305
CREB3L3,0.0146536631974045,232,0.335986870864282,0.533823451512912
HDAC7,0.00428675652908074,251,0.783912456805447,0.867120652733445
MRPS35,0.0357058597482638,229,0.0431870352669095,0.178060887393771
APPBP2,0.0150595238095236,64,0.813650170996543,0.886454112729852
CA11,NA,NA,NA,NA
ISOC2,0.010163855422955,194,0.580409849339829,0.729386811690345
CD22,0.0304620810765812,264,0.0457740704370231,0.183673144639548
GSC2,0.0225620839900128,179,0.259736125373463,0.462269325427114
KCNQ1,0.029631065496365,226,0.0833044346288559,0.251652106127398
TRIB2,0.0482461438709369,83,0.266234524467481,0.469374709803134
OTUD5,NA,NA,NA,NA
GPKOW,0.0339783992017141,227,0.05313042100593,0.198115723345261
AQR,0.0158674539760923,241,0.282935053798953,0.483686019487714
LMCD1,0.00793854938406257,189,0.684014587145755,0.800405161878753
PSMC4,0.0938311688311693,21,0.391287893934254,0.582041884740324
FNDC8,0.00967013850259618,229,0.531005196418965,0.693131308967095
ACAP1,0.0273119300393821,246,0.0824113716481085,0.25008130314756
DERL2,0.0522967137396308,44,0.522408388184301,0.686257883974341
NOX3,0.0293140143438757,257,0.0574458210261485,0.206558434948907
ANO8,0.0390569305447359,228,0.0311276593937027,0.1489819985534
ICAM3,0.0208065824057562,214,0.218454653040124,0.421551281987731
CTTNBP2,0.00980123124058793,265,0.459680765712927,0.637466074638457
ACTL6B,0.054400866121177,54,0.409978849416397,0.598233253407869
KIF22,0.0100471165373533,232,0.508531912642833,0.675808976261694
PRSS22,0.0349494243381613,220,0.0537326331694237,0.19934133878409
YTHDC2,0.0376066490623295,193,0.0651927577450279,0.220705731696086
TMEM161A,0.00310461797030714,230,0.8706236546365,0.922407691993218
FOXJ2,0.0401111532877605,222,0.0311468331003085,0.1489819985534
GOLGA5,0.0262342264980955,255,0.0834329858646183,0.251838548864943
PPP2R5B,NA,NA,NA,NA
PYGM,0.0368054330828709,215,0.0486372334354293,0.188280791803534
BCL3,0.0299319335606529,212,0.0972238383274034,0.271740759814871
PRLH,0.0487403039298476,190,0.0266020656463691,0.1365594147812
FSTL3,NA,NA,NA,NA
EPHA8,0.00897660652951522,222,0.575769613966645,0.725728507944215
TRIP13,0.0576603222762111,204,0.00846497377110115,0.0744029716692507
VASH1,0.0102187040978829,198,0.569695371114025,0.720663512764027
KRT14,0.0184650716712783,209,0.279183399294971,0.481361901364009
KRT20,0.066331650898541,249,0.000916705943720249,0.024014675968388
HSD17B10,0.0292616847570227,209,0.107480083496679,0.285900617251469
FGF4,0.00724340538540329,173,0.742026121734872,0.837974723433317
ST6GAL1,0.018207155590169,222,0.258907594067679,0.461698000286469
TIMM21,0.02187685120827,238,0.158753719973891,0.353619100850893
BPIFB2,0.0358376490476986,247,0.0318390988507405,0.150688503516548
REXO1,0.019083848667431,234,0.217108950892743,0.420483515597624
MKRN2,0.0769238049412489,199,0.00162958148196013,0.0315929890374339
GPATCH1,0.0102359022627755,255,0.457503716765521,0.635693578084843
KEAP1,NA,NA,NA,NA
P2RY10,0.0467618255355764,173,0.045130644987425,0.182529023359747
TNS1,0.00150212156895878,266,0.94064250422372,0.963916000272938
NGFR,0.0138058028514489,203,0.425351553531733,0.610672684678182
NTN1,0.0131616190020096,97,0.73781438389156,0.83497458621316
ISOC1,NA,NA,NA,NA
MNT,0.00582877353866319,177,0.794993935947573,0.873903225291584
AP3M2,0.0758632305510656,92,0.0750362007231793,0.237608416810147
LAPTM4A,0.00148364149486168,91,0.987530603885328,0.993008081616873
PTPN18,0.00849863973893561,181,0.675420078969882,0.794876575270445
STK10,0.0375603512939297,255,0.0229061729565754,0.125422622001266
TBX21,0.0188073597403229,210,0.269040935744844,0.471970434937511
MRPS34,0.0399471012250043,199,0.0479190081466953,0.187552700601202
MAP2K5,NA,NA,NA,NA
TIGAR,0.104543933071854,224,3.47439591502798e-05,0.00425479868978811
FGF20,0.0249044927269547,98,0.490712131620864,0.662672877696165
MTMR7,0.0123495353424824,199,0.485274650824394,0.658894521204683
CPB2,0.00716693818126434,261,0.601235663145002,0.743583707190942
FAM107B,0.0159363024421482,239,0.284720060226024,0.485109657128915
CDK13,0.00173104435629946,212,0.947323594844361,0.967589741652146
TSPAN32,0.00234888488549112,215,0.918306333433164,0.95119924735706
TRAM2,NA,NA,NA,NA
CLDN18,0.082490986065401,203,0.000828891035612274,0.0229494700642564
NDUFB4,0.0538108598215265,191,0.0167544603774862,0.106471559220616
HEATR6,0.0378033844225903,250,0.0242746624801922,0.129461050694627
ERLEC1,NA,NA,NA,NA
TMEM131,0.0380811763819828,257,0.020826848745527,0.119596055936762
TMEM38A,NA,NA,NA,NA
ACTR6,0.105816161613969,78,0.0430530100613099,0.17774134838536
FAP,0.00533298481244879,237,0.738990305329684,0.835933966487153
DMRT3,0.0113903197206923,211,0.495131688495982,0.665400146110038
GAL3ST2,0.0133031107033303,193,0.465575997355472,0.642300392891927
UHRF1BP1,0.0500273310608784,263,0.00441050296734371,0.0527673963414162
OSTM1,0.0476684029038413,199,0.023996406637805,0.128627203257191
SLC13A1,0.0266952827816297,264,0.0712358768758939,0.231722947537001
HSPB11,0.0243526628867938,177,0.232184809225642,0.434996429876108
STRADB,0.0105871041526013,211,0.527375181871052,0.6899486714237
DLG3,NA,NA,NA,NA
PLOD1,0.0169014851849764,242,0.25366148152045,0.456691069924293
OXCT1,0.00860658132705846,218,0.600330004608787,0.742751108204472
FAM234B,0.0146630827407363,239,0.322085655842327,0.519975017468358
RRN3,0.0457847442270268,229,0.0151810025237797,0.101227878608826
MOGAT2,0.034932460060937,223,0.0513558687869051,0.193683252848689
CHERP,NA,NA,NA,NA
AQP2,0.0409955725226662,173,0.0702824361010121,0.230333169625856
DIMT1,NA,NA,NA,NA
EIF2AK1,0.0194454868883439,241,0.197876218703109,0.400087556977742
NME8,0.0580878105855588,268,0.00142920976414452,0.0296209062031858
EPDR1,0.00555939133652013,198,0.778232924812318,0.862851443406432
HBQ1,0.0836520941182197,193,0.00110168707555351,0.0262667812277375
RBM22,NA,NA,NA,NA
HSD17B2,0.0809736693335189,238,0.000249657911550767,0.0119536601720829
ZW10,0.0141757562589339,242,0.331773425662433,0.529109234815521
ITGB4,0.0563649414468765,277,0.00139771458327574,0.0294236246819832
TRIP6,0.0205361372081151,212,0.227666938747158,0.430458154970873
ADAM11,0.0311389780915096,213,0.0857457873844698,0.255448141768846
SLC22A4,0.0398332298129606,216,0.0356838279012134,0.159404916928697
TFAP2C,0.039447518803783,188,0.0608130239694048,0.213112901728972
SULT2B1,0.0443798670544501,192,0.0371241114876787,0.163207692063195
EPS8L1,0.0533365720486127,251,0.00396699969511148,0.0500234733831087
REM1,0.000561037459858642,208,0.989833267387549,0.994229271201638
PDRG1,NA,NA,NA,NA
PPP1R13B,0.0697039122853253,249,0.000617020592331866,0.0197037574511581
TGM6,0.00190484732249656,232,0.9318567500481,0.959166378884434
RALGAPA2,0.0165904732382387,265,0.223257784158709,0.426106869330934
RPL6,NA,NA,NA,NA
ESF1,0.00401512192589401,253,0.79839414016289,0.876282231064925
SLC8B1,0.0138527388055272,260,0.309544558677813,0.508591343550973
SIRT4,0.0108546562288692,212,0.51437547976386,0.680173639338134
TRMT6,0.028984662627054,223,0.0922779083094871,0.265383416022253
HAUS5,0.0255289570394783,267,0.0788765950544866,0.244005905905742
UQCRC1,0.0114917243375967,223,0.466115733023225,0.642403416922821
GMIP,0.03887071257281,275,0.0137734872838861,0.096649660632272
LAG3,0.00556444586625061,266,0.68814998453795,0.803251599585311
OTUB2,NA,NA,NA,NA
TFAP4,NA,NA,NA,NA
PDCD7,0.0570447434619473,194,0.0116738867842134,0.0890471909700875
SPG21,NA,NA,NA,NA
CHRD,0.0533669452798517,256,0.00348939960465634,0.0468549359620588
GNPTG,0.00797221358284746,243,0.58721476213013,0.734512523897207
EFNB1,NA,NA,NA,NA
GLG1,0.0685292172869888,217,0.00199362324602826,0.0349178236700122
DLL3,0.016332825883551,225,0.300773012372614,0.500807441443315
NAT14,NA,NA,NA,NA
AASDH,0.047026319226283,259,0.00694184725728164,0.067904275475222
DLD,0.0228004348149601,174,0.267522560050206,0.470251293607278
ABCC6,0.018008141809024,258,0.201145374248436,0.403494642688309
CMTM6,0.0182167056392832,219,0.264586284230872,0.467592271411341
APOH,0.00928729057819365,262,0.489185839053964,0.661598263373822
SPAG7,NA,NA,NA,NA
RGS17,NA,NA,NA,NA
CCDC80,0.00164710789616967,259,0.935040719395669,0.960687205729529
HAUS4,0.0105206228531533,209,0.534258645811078,0.696022720238327
CEBPE,NA,NA,NA,NA
OSGEP,NA,NA,NA,NA
TGM1,0.0275052988581075,254,0.0732212973708056,0.23469208365065
TEKT2,0.0404821514607465,238,0.0223493480759078,0.123864794210079
XYLB,0.002945812831903,239,0.872944374875874,0.923713821736385
ADH7,NA,NA,NA,NA
KRT23,0.00438157714150691,241,0.788774163631629,0.869768636191552
CDC6,0.0380561298904729,248,0.0244208494837106,0.12986989534098
AAAS,0.00788013579604435,216,0.638217538780013,0.769027211441042
CBX5,NA,NA,NA,NA
KLHL20,NA,NA,NA,NA
FMO2,0.0276122908938239,238,0.0879389388814448,0.258718023930257
RAB26,0.0116126179285279,176,0.565748768761259,0.718137657609989
PSMD5,0.0070321789124546,222,0.669838883567196,0.791452641350015
NANS,0.0237160725015084,176,0.245683847407752,0.448420573924469
SEMA4G,0.0130472633898155,244,0.366079263582886,0.559374385241947
MAPK13,0.0286429829141581,185,0.153040648579964,0.346142017459495
TMEM14A,NA,NA,NA,NA
PRRT1,NA,NA,NA,NA
ZNF184,0.043452535364447,217,0.0245783971147398,0.130212340122016
VCL,NA,NA,NA,NA
SIRT1,0.0174774060771515,230,0.261213074386835,0.464124650196192
TGFBR3,0.0044765947287343,261,0.761671436793862,0.852279688895328
TMED1,NA,NA,NA,NA
OCEL1,0.043000310028193,196,0.0386892030420751,0.166944096381029
PSMD8,0.0189718486337125,196,0.295793103085129,0.495686968538448
STX1B,NA,NA,NA,NA
EFNA2,NA,NA,NA,NA
FGF22,0.00824987256389297,185,0.678127609872925,0.796922648991424
MARCHF2,NA,NA,NA,NA
NDUFB7,0.0208216929342391,190,0.26853585231804,0.471409044124405
TIMM13,NA,NA,NA,NA
CDC34,0.063862125656646,74,0.198292913272131,0.400485021159826
GADD45B,0.0296795095211884,98,0.410673723588158,0.598702616989241
MAPK12,0.0686130977815801,191,0.00455835758111159,0.0539045888143335
SERPIND1,0.0463840435813527,222,0.016549687697301,0.105842514381309
SNAP29,0.03035670018677,196,0.115590243650093,0.296282047705292
THAP7,NA,NA,NA,NA
MMP11,0.0424094811374122,242,0.0167804403242103,0.106471559220616
MIF,NA,NA,NA,NA
SF3A1,NA,NA,NA,NA
USP18,0.0199702417202849,229,0.20759245349884,0.410989816222793
SEC14L3,NA,NA,NA,NA
SNRPD3,NA,NA,NA,NA
MAPK1,0.279227523454063,32,0.0342312449910761,0.157096491621426
TCN2,0.019104055138985,255,0.182927403235358,0.382807000921051
CRYBB3,NA,NA,NA,NA
SLC25A1,NA,NA,NA,NA
PLA2G3,0.0238415288452892,267,0.0961127534791208,0.270936703919894
LGALS2,0.0197058611554018,214,0.240927492128533,0.443738617461894
PDXP,0.0620510771048066,177,0.0121608775437072,0.0916408606489168
ASPHD2,0.0445310173933821,202,0.029953120225946,0.145752125640333
LGALS1,0.084657837824845,177,0.00190432838488986,0.0341709062075344
PIK3IP1,0.00833810522549367,208,0.631171656631398,0.764416338803488
SRRD,0.0145663658975042,262,0.283674330922655,0.484099672637363
ANKRD54,NA,NA,NA,NA
MICALL1,0.0412953130280368,237,0.0208562483199505,0.119670960465722
CENPM,0.0200289199335514,202,0.258690258983899,0.461498360029033
DMC1,NA,NA,NA,NA
HSCB,0.0572434734058098,223,0.0053124448577943,0.0581301058800035
CBY1,NA,NA,NA,NA
TOMM22,NA,NA,NA,NA
RSPH14,0.06715884811495,229,0.00156837304544597,0.0309593861568725
RTCB,0.0435136399818507,96,0.247374331683094,0.450466040651398
JOSD1,NA,NA,NA,NA
GTPBP1,0.021021124695854,170,0.31400769092891,0.512480914936437
PPP6R2,0.0271639150779292,268,0.064263107341098,0.218570176977655
DNAL4,0.0348429144385025,33,0.773460763603975,0.859771045645592
C22orf31,0.0340162736912922,204,0.0749781069081338,0.237514690680912
MIOX,0.0310372843404553,223,0.0754784703854672,0.238437675749802
RHBDD3,0.042788493688088,245,0.0151707493803252,0.101212500842233
RASL10A,NA,NA,NA,NA
HMGXB4,0.0177638097966695,217,0.279613604239328,0.481432859752885
BIK,0.0246280968094248,198,0.182981379308377,0.382857047292836
HMOX1,0.0278036188517312,231,0.0939036167858002,0.267563500109257
NIPSNAP1,NA,NA,NA,NA
MCM5,0.0131601198032575,207,0.438363789714486,0.621507428008871
ARSA,0.0584709775135476,222,0.00480816451600274,0.055069049708463
RASD2,NA,NA,NA,NA
TTLL12,0.0376986717000908,241,0.0286636103309501,0.142316998102883
CBX7,NA,NA,NA,NA
CABP7,0.187156931738212,29,0.155017226183371,0.3485082776119
RPL3,0.101049420290644,99,0.0194103169593255,0.114927846022301
TAB1,0.0527093758061225,174,0.0277533559373428,0.139854313955762
PNPLA5,0.0326708514444261,213,0.0742869270066969,0.236588722770015
MYH9,0.00898461699932279,221,0.577274354062328,0.727145304454338
TXN2,0.00841510492613919,181,0.678877409354749,0.797544754685184
EIF3D,0.0907379908485135,69,0.103617694433681,0.28099010902039
PVALB,NA,NA,NA,NA
UPK3A,0.0153578056627091,215,0.349516171410601,0.544585020685762
FAM118A,0.0579109492054952,178,0.016554513869941,0.105842514381309
ST13,NA,NA,NA,NA
IL2RB,0.0110087488664771,236,0.459763320387714,0.637466074638457
RBX1,NA,NA,NA,NA
L3MBTL2,0.00278205926121458,213,0.898764192845819,0.940486464553804
CHADL,0.0272941390366927,250,0.0786837852491977,0.24364616798779
PHF5A,NA,NA,NA,NA
PMM1,NA,NA,NA,NA
CERK,0.00453762616504667,230,0.791788118903927,0.871884271343629
ZBED4,0.0164905083988994,186,0.383867420467719,0.57645743038284
HDAC10,0.00448146599852753,269,0.752756593209695,0.84527490487733
RIPK3,0.015571776374503,209,0.356233367323798,0.550529471354409
PAPOLA,NA,NA,NA,NA
HSP90AA1,NA,NA,NA,NA
SNAPC1,0.0569717415715665,223,0.00546379129655299,0.0592228476194885
SUPT16H,0.0218618318618321,99,0.543370784517967,0.70240644061493
FKBP3,NA,NA,NA,NA
COCH,0.0175676450887309,246,0.230446563026799,0.433036858256895
AP4S1,NA,NA,NA,NA
POLE2,0.00938197254203664,217,0.566923537545321,0.718665343588497
SOS2,0.0354967495802006,230,0.0434243290346077,0.178519126722002
PYGL,0.0234775628430921,216,0.168339175955067,0.364387038253621
GNPNAT1,0.0196200308037575,97,0.596930182380474,0.740840265328173
CGRRF1,0.00825072471041655,208,0.635178872029712,0.766935733235724
ATP6V1D,0.00360455590634622,69,0.969998061759303,0.981636496985815
CCDC198,0.0321109511305603,247,0.0481394974793405,0.187683908370361
PLEK2,0.0459281890487604,185,0.0375585283511456,0.164154226863483
PIGH,NA,NA,NA,NA
PSMA3,0.126378988228039,46,0.0582199479242001,0.208202449438544
TMED8,0.00590334211398801,213,0.740678765173517,0.83732334042694
AHSA1,0.0147443822479657,193,0.41843496876027,0.604510279052072
SPTLC2,0.00598434952864214,176,0.789818217304926,0.870431013616384
RIN3,0.0193533235885345,219,0.23876405670842,0.441519940590488
ALKBH1,0.00122134718200034,237,0.962225212784815,0.977031038031364
DHRS7,0.0173216917349843,232,0.261322623009483,0.464184787538183
SIX4,0.0467881645594848,203,0.0238561172391457,0.128307225151081
SLC10A1,0.0100590083130333,236,0.500396216594853,0.669414326546981
EIF5,NA,NA,NA,NA
ZFYVE21,0.065489497546334,209,0.00346784923628082,0.0467865761369412
BDKRB1,0.0315479523279226,221,0.0738169961063568,0.235940834838747
VRK1,0.0349964830980831,222,0.0518360505580739,0.194629699265221
PABPN1,0.116386572578683,54,0.103694528297412,0.28099010902039
EFS,0.0115935203060495,245,0.418777750597258,0.604779842567942
CINP,0.00225693437104456,224,0.918166620162495,0.951177002959943
PCK2,0.0208052828274989,224,0.200173050738603,0.40255000784369
NFKBIA,NA,NA,NA,NA
EMC9,NA,NA,NA,NA
BRMS1L,0.0497514886872444,66,0.356956576515447,0.550720649121834
PNN,0.0432795428737191,221,0.0231037390775619,0.126215565900734
RABGGTA,0.000332206220440129,222,0.994824247626936,0.997251603130788
CYP24A1,0.0345229522500301,259,0.030554355850137,0.147401619737631
ZFP64,0.0118637448769889,211,0.476849760833969,0.652041934327401
PYGB,0.0781907633035188,187,0.00225141094657581,0.0372419537158017
PROCR,0.0101328901083559,234,0.50094263685341,0.66981684230604
MYBL2,0.0536933518311075,219,0.00846456100711103,0.0744029716692507
R3HDML,0.0147894348404993,203,0.393561737427367,0.583855828523582
PABPC1L,0.00386355632904104,248,0.812308433289619,0.885624202784115
SALL4,0.0118716134332669,256,0.387441069006795,0.579894385865946
CSTF1,NA,NA,NA,NA
TPD52L2,0.0414901938788377,192,0.0475953941575104,0.187355608246868
CTSZ,0.00905934675561083,232,0.55338916964858,0.708908113522865
TUBB1,0.0177013239084238,212,0.291540247479828,0.491535159108167
SLCO4A1,0.0437756542689407,219,0.0228773186208182,0.125372431133709
UBOX5,0.0809488772892325,227,0.00038243146065232,0.0151733553983425
EEF1A2,0.0579961215255338,35,0.578266062222434,0.727746696488628
SRMS,0.0155604200583768,203,0.370068448833861,0.563374583355015
C20orf27,0.0180768425588325,188,0.336612426877281,0.534212867948532
SLC52A3,0.0572085386041775,233,0.00408310680413738,0.050679561057102
RSPO4,0.0180079689082909,217,0.273621106557102,0.476461363564569
PROKR2,0.0677581206871771,198,0.00394075815401493,0.049791166517395
FERMT1,0.0106755251603756,242,0.462277747943263,0.639708869770576
TLDC2,0.00434351424415306,216,0.817250940154574,0.888733482765404
SNTA1,0.00301720172579214,200,0.896335497483948,0.938716297669235
OXT,NA,NA,NA,NA
CHMP4B,0.0735649231710134,78,0.129124188817385,0.315543264381637
LBP,0.0147393886772604,264,0.275117024814569,0.47813119688843
SLC32A1,0.0848277404103567,89,0.0584687481584176,0.208880217824855
AHCY,NA,NA,NA,NA
ACOT8,0.0154123844404587,233,0.311079370584882,0.509570014632677
APMAP,0.0564289991932092,212,0.00771034500260887,0.0708506161278691
RNF125,NA,NA,NA,NA
IDH3G,0.00988341465105332,175,0.632559819956295,0.765539686700756
SLC25A43,0.00596850901573244,179,0.78615903856653,0.868238077972887
MXRA5,0.0497306827647238,179,0.0313238660252204,0.149360074016176
VSIG1,0.01199690469081,225,0.442388707790867,0.623811180516439
PSMD10,NA,NA,NA,NA
PGRMC1,NA,NA,NA,NA
NXT2,0.0364607716883063,195,0.0695950179031986,0.229152571875682
GUCY2F,NA,NA,NA,NA
ATP1B4,0.00830182513550595,203,0.642066266169488,0.771667072372804
TLR8,0.0692396072441119,243,0.000793281825151692,0.0226529984868429
GLRA2,NA,NA,NA,NA
STAG2,NA,NA,NA,NA
F9,0.00979305529927399,245,0.495591161625454,0.665520671606474
ABCD1,0.00862928604137511,222,0.591916387998703,0.737492380899186
BCORL1,0.00539532024945335,239,0.732915385431564,0.831328983477191
KCND1,0.0235898461445323,177,0.245530824377867,0.448326964770827
PCSK1N,0.0285435092497808,185,0.154247160856278,0.347554021379261
GPR50,NA,NA,NA,NA
RP2,0.0199682874424805,200,0.26431927261742,0.467486495772179
USP11,0.104177992649178,228,2.95784564638412e-05,0.00392407522420294
TIMP1,0.00240488939583199,215,0.915662093776453,0.950087919734605
GLA,0.0496152769217899,237,0.00844867887994061,0.0744029716692507
ATP12A,0.0196437361513289,235,0.203831002150655,0.406512941338983
MLNR,0.00477929981107742,187,0.828093633414213,0.895297157484161
ACP5,0.0744797884781673,201,0.0019077537330459,0.0341709062075344
SGCG,0.0306663626669889,214,0.0884115293184622,0.259339991892492
OLFM4,0.0159901284452367,245,0.272288437187934,0.475050073428154
NTHL1,0.00576436129052892,234,0.718925780760281,0.823328724373972
ZNF263,0.0136111548108439,225,0.384147236042012,0.576606278602493
MMP2,0.0805789720123287,202,0.00103355591838954,0.0255806011431809
ORC6,0.0154234145436611,228,0.320617524688732,0.518631835814409
C16orf70,NA,NA,NA,NA
CORO1A,0.00971124898516351,194,0.598907585383998,0.741776427837265
NUTF2,0.180714227839896,33,0.122666200546144,0.306493821780221
CBLN1,0.0573575617930457,32,0.411049264053363,0.598702616989241
ARL2BP,NA,NA,NA,NA
PLLP,NA,NA,NA,NA
CCL22,0.0182329642606391,200,0.30449187162728,0.50389923038527
DHODH,0.00723909283427118,223,0.657785859734959,0.78337189564865
POLR2C,0.0224845084346045,67,0.685973208512169,0.801592328067803
PARD6A,0.00328119630869574,197,0.886495176762342,0.933476855828458
MMP15,0.00576101570983124,234,0.719109927075062,0.823391533869279
USB1,0.0226617750639271,222,0.171193867512476,0.368287442483517
CCDC113,0.0021312575149471,221,0.925673895520029,0.955689261782027
PRSS54,0.0469241285405633,226,0.0143730372116445,0.0987170366372005
NME3,NA,NA,NA,NA
PSMD7,0.00395781179111255,72,0.963560488724043,0.977480637494669
SETD6,0.00394896227516824,250,0.805294804130322,0.880590248596529
SLC38A7,0.00666576326707819,191,0.737104117531697,0.834615757546559
SMPD3,0.0973024278224612,230,5.6978436586354e-05,0.00563286627663381
SLC7A6,0.0418415880838298,232,0.0216352795830896,0.121956878225946
PLA2G15,0.0116748401288083,221,0.463044910040807,0.640124348165197
FA2H,0.000594649726804455,235,0.986757277333831,0.992686525010285
MPG,0.0150345707466453,221,0.346585493832443,0.542104355273933
HSDL1,0.0251741977951229,185,0.20080964731916,0.403011608612799
USP10,0.0387266704885702,251,0.0214752268960935,0.121397465489857
TSC2,0.0127274452421408,264,0.341110958574791,0.537405884266271
NME4,0.00221241489622036,182,0.940150119737489,0.963837392334916
DECR2,0.0148765145065293,203,0.390846307952999,0.581945521107746
STUB1,NA,NA,NA,NA
RHBDL1,0.0457077814365517,216,0.0200938266068402,0.117402558615029
MEFV,0.0541837701828317,212,0.00960174690077733,0.0795626860951855
CRYM,0.00342309042005104,203,0.875209780419439,0.925495828912485
CAPN15,0.0393965141568332,235,0.0265191117148715,0.136429277135885
AQP8,0.0244188937905669,202,0.178644115116632,0.377753851921871
USP31,0.04396937979589,250,0.0120083289062987,0.0907106031735587
TOX3,0.0367576408324094,191,0.0724110473928563,0.233521223509455
MAZ,0.0843561134272629,87,0.0642099353588516,0.218570176977655
SLC6A2,0.0394572335304305,216,0.0370111174703786,0.16287963371313
KNOP1,0.0474878664323979,249,0.00818747832624052,0.0732381010730894
MGA,0.0516593789478968,271,0.00297674986932784,0.0435768808457005
AQP9,0.0720510423024287,219,0.00130203192586017,0.0282661496639595
CSK,NA,NA,NA,NA
MTFMT,0.0164982689421877,242,0.264058362448875,0.467440369727813
RASL12,0.0183715232839772,173,0.367622406139442,0.560790389818174
CTSH,0.0205274366113627,209,0.233774916046153,0.436562658469767
CEMIP,0.0909487894103049,255,3.84721551048403e-05,0.00441424655329051
EHD4,0.0379539541247456,180,0.0787701699355881,0.243795111615954
GABPB1,0.00630274686878461,53,0.954729083463138,0.972443186739165
SCG3,0.0368255866558483,216,0.0477478361094402,0.187473178423035
DNAJC17,0.0180454534350723,211,0.285104541120243,0.485375141786849
RHOV,0.137960031277091,96,0.00441247464695416,0.0527673963414162
VPS18,0.000668788609064454,209,0.986762830294457,0.992686525010285
OIP5,0.00844497499529108,227,0.591599643664389,0.737386285154596
EXTL3,0.0321686461644339,180,0.123986261167122,0.308415824653215
AGO2,0.0426526740047609,57,0.495769643301921,0.665520671606474
PAG1,0.0264152885909894,249,0.0876730692962906,0.258234091248279
TG,0.0247080005589969,284,0.072141551381984,0.232901089581989
BRF2,0.0126303306254712,240,0.388758791952079,0.580994129817141
ZFAND1,0.00427713200502622,210,0.826894657706496,0.894622437700635
RP1,0.0183782461860612,277,0.166572068644241,0.362271493554143
RIPK2,0.012090125554291,242,0.405120003138339,0.594287993546404
CPQ,0.0457137759210027,237,0.0129265673382147,0.0938613236143118
DECR1,0.0465994631772792,218,0.0176370224029105,0.10896437095771
SFRP1,NA,NA,NA,NA
PLAT,0.00712450415252578,262,0.602074388414003,0.743676712022759
DKK4,0.0482994459902841,218,0.0148904789005924,0.100062491848672
EIF3E,NA,NA,NA,NA
EMC2,NA,NA,NA,NA
CHRAC1,NA,NA,NA,NA
GML,NA,NA,NA,NA
UBR5,0.0258930778146837,181,0.198391832018021,0.400557763567139
PYCR3,0.02239437971589,228,0.165782269230635,0.361357026092393
MTMR9,0.0252754097520444,181,0.207910816677453,0.411428241330646
DCTN6,NA,NA,NA,NA
GSR,0.00644569088789049,227,0.692293311627599,0.806609424287723
PPP2CB,0.0155844155844157,21,0.85569253466101,0.913427216615759
KCTD9,0.0373723603314622,86,0.365182806347381,0.558741977611754
CNOT3,0.00852947901176679,211,0.616853835519151,0.754973135611369
EXOSC5,0.025158056606158,182,0.207558108952578,0.410989816222793
PAF1,NA,NA,NA,NA
MAN2B1,0.0586144517602893,259,0.0017148778112918,0.0322921406868323
TULP2,0.0206822395942398,210,0.228671500160931,0.431355063345408
DHDH,0.165386230074389,179,1.81101368989344e-06,0.00131358166075319
ECH1,0.0736636098106214,253,0.000336555990446202,0.0140077682821008
HNRNPL,0.0480309746056143,53,0.475723041823792,0.651100852183333
KCNA7,0.0174505989940321,189,0.350336124290969,0.545262236217742
RELB,0.0807056002715519,205,0.000910790680540881,0.023966591130927
CLASRP,0.0234161944589018,189,0.2211773547223,0.424489995856992
LIN7B,0.278984544866898,34,0.0266678109648173,0.136731578280158
PPP1R37,0.0284592671089227,235,0.0835812179062611,0.252114800856966
FCGRT,0.0670769025726819,198,0.00419565469634195,0.0514300849014543
CKM,NA,NA,NA,NA
PEX11G,0.0100460975803293,209,0.554021992009541,0.709433349108538
SLC17A7,NA,NA,NA,NA
RNASEH2A,0.0328629560322455,205,0.0819537089926432,0.249767639132311
SF3A2,NA,NA,NA,NA
AMH,0.0201095757771816,249,0.172738681480783,0.369872200292409
DKKL1,0.0779769709588055,216,0.000789886631389084,0.0226267375014956
RETN,NA,NA,NA,NA
RSPH6A,0.00609310571006923,262,0.661591090205691,0.785496795456295
TBC1D17,0.0164937874663937,234,0.278917963569156,0.481276139278793
TLE5,NA,NA,NA,NA
SGTA,NA,NA,NA,NA
C19orf44,0.0297610328921961,252,0.0583338101514455,0.208456623481709
SLC1A6,NA,NA,NA,NA
FBL,0.0675874809113402,95,0.0956342630807174,0.270365810121202
EBI3,0.00047036118648287,219,0.991531034597372,0.995083511944809
TBCB,0.0119199640753926,178,0.54992591397101,0.707042217754944
FSD1,0.0381363009126597,177,0.0816668127394147,0.249306933616775
POLR2I,NA,NA,NA,NA
APLP1,0.00956014055488072,229,0.535955512604752,0.697337762112942
TGFB1,0.105865352166808,182,0.000253146026551287,0.0119536601720829
DMAC2,0.0444924652671846,244,0.0127890854145667,0.093503259850341
PLIN3,0.0355076192294363,206,0.0635154817493161,0.217813917152846
CD79A,0.02011950092709,240,0.186364109637902,0.386959799879324
LIM2,NA,NA,NA,NA
NKG7,0.0854123154069655,236,0.000164017392643665,0.00995730344364105
ICAM5,0.0317165646608221,252,0.0468276230362702,0.185851233091286
CDC37,NA,NA,NA,NA
RABAC1,NA,NA,NA,NA
CNFN,0.0633488717418109,85,0.149725886047908,0.342103270284086
DBP,NA,NA,NA,NA
EPOR,0.0226115403237233,230,0.159214671269847,0.354255425103559
RASIP1,0.0157018908846578,200,0.37279913067835,0.566380738198672
WDR83OS,NA,NA,NA,NA
GCDH,0.0785460902701949,218,0.000692003421694433,0.0210845827241634
DNASE2,0.0364292609919046,254,0.0265454347664353,0.136429277135885
LENG1,0.0189454023982421,232,0.223584784156758,0.426539216749621
RPL18A,0.0858055458055458,36,0.391132970506176,0.581945521107746
SLC5A5,0.0269909729448743,225,0.109394599912059,0.288218788680178
KCNN1,0.0219488101577031,202,0.220301973658726,0.423374626694644
ARRDC2,0.0599072021442159,202,0.00724285479586875,0.069618866928441
PIK3R2,0.0261716627551023,206,0.146927750619165,0.33908872843545
COMP,0.0406413667932848,224,0.0284645679528835,0.141905806295702
TMEM147,0.104868828255124,53,0.141466001812829,0.332664512387036
FKBP8,NA,NA,NA,NA
ERF,0.0128310555683103,176,0.523054677105853,0.686694605465431
GSK3A,NA,NA,NA,NA
SIPA1L3,0.0138364170388287,254,0.32068255922656,0.518631835814409
CADM4,NA,NA,NA,NA
PON1,0.0210940903178662,215,0.211032908523517,0.414195580668133
HGF,0.00733889961451701,211,0.672801674097227,0.793407603824285
UBE2D4,NA,NA,NA,NA
WNT16,0.00974337658928289,198,0.589293305747617,0.736096463515265
CPA2,0.00725978985529797,206,0.684983267148652,0.800899251658907
CPA4,0.00437692352669524,246,0.783753646815206,0.867120652733445
GTPBP10,0.0144607069443613,239,0.328409376300567,0.525374425886074
BET1,NA,NA,NA,NA
NAMPT,NA,NA,NA,NA
ITGB8,0.0178414779731587,236,0.241389019432656,0.443979370779806
SP4,NA,NA,NA,NA
CBLL1,NA,NA,NA,NA
MPP6,NA,NA,NA,NA
NPVF,0.00234970375032315,227,0.912022564498962,0.948128265566793
CAV2,0.00270332974736003,184,0.920052198883003,0.952086109558137
HOXA2,NA,NA,NA,NA
LFNG,0.0266765802114642,193,0.163085335844396,0.358887477172397
HOXA5,0.00646597258543591,68,0.933297639055234,0.959912488162372
HOXA6,0.0494898886446325,83,0.255250851239701,0.45865178097794
TSPAN12,0.033022172630944,96,0.370965318147774,0.564470046825573
CHN2,NA,NA,NA,NA
ABHD11,0.0542235351449797,241,0.00460718268772342,0.0541532798843147
FKBP14,NA,NA,NA,NA
STX1A,0.0478218312424503,81,0.280905550971388,0.482288096140684
NOD1,0.0100589836273089,242,0.489142916468039,0.661598263373822
SNX8,0.0334287561312501,215,0.0671552754780678,0.224721384258716
WASL,NA,NA,NA,NA
HYAL4,0.00830490865029946,231,0.591267628668602,0.737357192910612
AIMP2,0.0188690142666294,230,0.228822848851234,0.431355063345408
MOSPD3,0.0536084754722858,170,0.0285058695625825,0.141983087504517
PCOLCE,0.0403496604429717,228,0.0272452929349281,0.138632061853474
RBM28,0.0219862085882646,253,0.136234791285531,0.325532139176833
SERPINE1,0.0404363784473916,243,0.0204793179245871,0.118610547106658
PLOD3,0.020493385612301,222,0.209714723169668,0.413189685114925
RPA3,NA,NA,NA,NA
FIS1,NA,NA,NA,NA
GLCCI1,0.0391615499779319,183,0.0679460106372606,0.226415591699673
ZNF862,0.0527996976759562,230,0.0070774161318096,0.0685459862013133
MEST,0.0138109473660417,96,0.726276064130887,0.828468603024719
RARRES2,0.0467075342289693,216,0.0182114734821011,0.110723931883458
YAE1,0.0361021477339042,206,0.0601591002313003,0.212122453085781
GIMAP2,NA,NA,NA,NA
PSMA2,NA,NA,NA,NA
MRPL32,0.0221784194298399,212,0.196815140112432,0.398837513515465
COA1,NA,NA,NA,NA
AEBP1,0.0119169023761301,249,0.39855414390929,0.588110946220452
MYL7,NA,NA,NA,NA
BCL7B,NA,NA,NA,NA
YKT6,NA,NA,NA,NA
CLIP2,0.0680733604928097,209,0.00269619680744849,0.0413527815818949
ZNF688,0.00281548949524212,222,0.89132656812467,0.9362420760112
CHMP5,0.0754288739089099,57,0.238268307442652,0.4410093247478
FKTN,0.0581293129287436,222,0.00498041391954484,0.0562327585809602
SEC61B,0.307705538355693,18,0.15564327157669,0.349422299806226
C5,0.0142644937234968,271,0.277962272350931,0.480342944458815
TNFSF8,0.0258982844963021,225,0.121692366186989,0.305026216188784
AK1,0.0203860828333756,185,0.289632681430731,0.489810361267002
PLGRKT,0.0818582935133975,179,0.00222273736788229,0.0372419537158017
EDF1,NA,NA,NA,NA
SETX,0.0195826685418184,264,0.161120530867213,0.356575442818633
VIM,NA,NA,NA,NA
BLNK,0.00802296263459648,240,0.589707700792914,0.736325223264564
CYP26A1,0.0318099269847797,194,0.1050254659816,0.283030963762516
ATE1,0.0336285155760714,246,0.0413223538785077,0.174132803888501
CDH23,0.0116058868966449,276,0.363014345693103,0.556492910195672
ACTA2,0.799999999999999,4,0.121335250358482,0.304677789543696
SFXN3,0.00697897055652187,188,0.72793010275342,0.828889369213226
FBXL15,NA,NA,NA,NA
PITRM1,0.0262513775575567,274,0.0667722636256621,0.223792513035903
PPIF,NA,NA,NA,NA
TBC1D12,0.0123408540391747,223,0.43352790200355,0.617676626011547
MPO,0.0306255732189774,267,0.0430809510951602,0.177796174059611
ST6GALNAC2,0.0376243121032885,252,0.0239378769880092,0.128529848785533
DHX33,0.0658614502438753,230,0.00174767452099309,0.0326151099933065
UTP18,0.0229640880097297,255,0.120030272770869,0.302965706308793
P2RX5,0.0343616378758705,224,0.0535234230287004,0.198970903588304
CRYBA1,NA,NA,NA,NA
NUFIP2,0.0197788683787298,194,0.281877757117035,0.482629458262693
RPL19,NA,NA,NA,NA
CSF3,0.0225280568363183,233,0.15594281465275,0.349786489506415
SUPT4H1,NA,NA,NA,NA
WNT3,0.0152749940485792,53,0.850829980933643,0.909914403994531
SHPK,0.0139085256565744,216,0.3931180376872,0.583737237867529
TAX1BP3,NA,NA,NA,NA
P2RX1,0.0299963415500287,203,0.10876237651162,0.287325788685334
KRT37,NA,NA,NA,NA
RPS6KB1,0.0222895833655329,79,0.628389259224796,0.762714724624703
CBX1,0.0527633878913076,30,0.675332109505712,0.794876575270445
PIGL,0.014225959738887,205,0.406967694988956,0.596037323295693
GALK1,0.0188901648474052,205,0.277713534409245,0.480214496586205
PFN1,0.0043512834912684,69,0.960800107640268,0.976206635094252
SLC25A11,NA,NA,NA,NA
RASD1,NA,NA,NA,NA
C1QBP,0.040809954434203,195,0.0477557637348103,0.187473178423035
CPD,0.0447304117226032,233,0.01561565080346,0.102322543112668
GOSR1,NA,NA,NA,NA
CCDC47,NA,NA,NA,NA
MED31,0.253453832752614,41,0.0174275587169958,0.108483571759364
DRG2,0.263555470851068,54,0.00294842765255905,0.0432617218698065
AKAP10,0.00441615672873324,207,0.823079537596054,0.892227905420826
ALDH3A1,0.0170420806852573,200,0.335126207199378,0.532962152986955
SYNGR2,0.00100644548837503,213,0.975403188242692,0.984915167324105
DDX5,0.217635902944174,49,0.0151280828615444,0.10116652857544
C17orf75,0.0061609555833919,204,0.740877985278436,0.837325585278744
ASIC2,NA,NA,NA,NA
CCL1,0.0579423616266013,206,0.00781231541582717,0.0713244796673655
PEX12,0.00968342221293639,215,0.557546665542738,0.712156687629357
KRT32,0.0192323449312532,246,0.194148302644639,0.396045790762031
KAT2A,NA,NA,NA,NA
NAGLU,0.108193726030159,246,7.46698661507782e-06,0.00216135321658252
HSD17B1,0.00723654039621852,222,0.659554122818229,0.784660187643551
ABI3,0.00243058350246069,216,0.913904416225185,0.949044337823777
COL1A1,0.0410083763013464,236,0.0219180148282988,0.122540753666907
MRPL27,0.0023126384426828,188,0.933457613527872,0.959912488162372
LRRC59,0.0935563860383143,172,0.00113497934255144,0.0266699204921313
HDAC5,0.0097911880935844,213,0.556837950647294,0.711586629525455
PPY,0.0344404588451582,172,0.117121062350923,0.298533579234045
DUSP3,NA,NA,NA,NA
CACNG1,0.0242268467882083,203,0.17973910045373,0.379252166357719
HLF,NA,NA,NA,NA
EFNB3,NA,NA,NA,NA
RANGRF,0.0701911359048633,194,0.00359152382499163,0.0474143798542187
RCVRN,NA,NA,NA,NA
MYH1,0.026796531000121,212,0.129708603376328,0.316408498870123
VTN,0.0130116733128922,261,0.336251906689866,0.533942711088514
TNFAIP1,NA,NA,NA,NA
TMEM97,0.0181478872004457,194,0.320432551793861,0.518489261802391
CD38,0.0470208645506508,222,0.0155144793114606,0.101969180073081
IBSP,0.0253711225714709,254,0.0929165927748025,0.266003341633743
LAP3,0.00649565559719167,243,0.665766865646705,0.788103615659116
CXCL6,0.0193401902492377,193,0.294131148583187,0.493863367223701
JADE1,0.00614414034559624,217,0.722700070987057,0.826017060404842
AFM,0.053108868361239,211,0.0109273665557319,0.0855838179516283
AFP,0.120342027390897,258,8.8028604790563e-07,0.000787761925697396
PHOX2B,0.0470635241581206,61,0.419595114100593,0.605411053946432
GNRHR,0.0501376267339669,212,0.0142342032639721,0.0983117205910781
CWH43,0.0118243089485167,243,0.413478508684267,0.600189455961116
SULT1E1,0.0299585004081066,202,0.110561229549009,0.290032506598594
LAMTOR3,NA,NA,NA,NA
PF4V1,0.0131256927769665,199,0.457684673780337,0.635712873001725
NFKB1,0.0166175000789227,249,0.248676817050862,0.452126758309746
IL2,0.0248001319643619,206,0.165746663486635,0.361357026092393
FRG1,0.0232542414347725,96,0.530147779073711,0.692446129520304
CD82,0.0486770411991698,228,0.0114602037854137,0.0881383788713939
SPI1,NA,NA,NA,NA
CTSC,0.00276229055865367,254,0.873472170711005,0.924195527637731
ZPR1,0.0249266985874429,229,0.128077864283247,0.313967120843537
CRTAM,0.0246406246800836,262,0.0924155312801853,0.265627094384605
JHY,0.0414738841617631,279,0.00918060544752624,0.0777938729073148
DTX4,0.0334640647523457,206,0.0764919676872412,0.239960822890333
UNC93B1,0.00121351718734584,226,0.965016280025818,0.978418769777036
PUS3,0.0181076835013831,233,0.240563529507185,0.443324715931632
CCND1,NA,NA,NA,NA
PRPF19,0.125313518053004,57,0.0713402712185095,0.231842228690721
TMEM109,0.0157163058713276,232,0.304231059366266,0.503813754919869
PANX1,0.00425757556145093,222,0.815542287794322,0.887478047045756
IL10RA,0.0408560883867619,270,0.0117785093388488,0.0895588626504948
GALNT18,NA,NA,NA,NA
BIRC2,0.00342430765977747,243,0.842594978890966,0.905135766797853
PDHX,0.00153555937800644,252,0.943236533641417,0.965292124745447
SLC15A3,0.0282499928119274,253,0.0682000762349517,0.22684674090581
DGAT2,0.0571336438191642,179,0.0171766610318577,0.107658442372904
C11orf58,NA,NA,NA,NA
YBX3,0.0180503705392105,184,0.347195036724483,0.542797020587782
SART3,0.0226855850764788,255,0.123773924467837,0.307947783165143
RPLP0,0.00382256673498006,87,0.954535522379819,0.97232379533147
SLC25A3,NA,NA,NA,NA
POLR3B,NA,NA,NA,NA
CD69,0.00459569491351541,232,0.786349796611314,0.868279395680954
PRDM4,0.00765730428121013,194,0.687389639978397,0.80273193240096
ASIC1,0.0167247438430877,186,0.377346474819377,0.570605643733334
DAO,0.0344638040532937,239,0.0420090454455987,0.176000614463383
KCTD10,0.0283375184618165,87,0.486779353422033,0.659779681076674
MLEC,NA,NA,NA,NA
MVK,0.0371031351715492,245,0.0285923168628007,0.142080276068915
CSRNP2,0.0318346792268232,212,0.0814821623614268,0.249101492999312
IL23A,0.0668500080835542,218,0.00229089964117743,0.0375990951417987
SYT10,0.0219588990397702,174,0.284015323021249,0.484267346606798
CYP27B1,0.0257693589864591,250,0.0930114725605275,0.266141117620957
MYF6,NA,NA,NA,NA
MYF5,0.0379418200028547,171,0.0916509681120719,0.26454244373469
GLI1,0.00859546645868022,251,0.542090144820027,0.701560825569339
PPM1H,NA,NA,NA,NA
LTA4H,0.0125910587774533,221,0.428456817499376,0.613003897166646
ELK3,NA,NA,NA,NA
ITFG2,0.00702103518807487,232,0.654443628306605,0.780704491465759
PARP11,NA,NA,NA,NA
ARPC3,0.0814533318017638,41,0.353512349932543,0.548070028691558
FGF6,NA,NA,NA,NA
MYL2,0.0286791925372726,96,0.436075892065839,0.619366851940508
RAD51AP1,0.0443092829617024,237,0.015055509825991,0.100866222286763
CREBL2,0.0184152740086173,86,0.667283540295993,0.789385395616735
GPRC5D,0.0322540827143292,235,0.0563515766130851,0.204190320618982
LTBR,0.00516652214829388,263,0.716439465539171,0.821515533727099
OGFOD2,0.0266893019019907,237,0.0979495128634721,0.273171707003516
OAS3,0.0338435554052983,198,0.0832974291166968,0.251652106127398
ART4,0.0370585519339386,245,0.0287339134942803,0.142339604147473
ARHGDIB,NA,NA,NA,NA
RERGL,NA,NA,NA,NA
VDR,0.0499319676847749,251,0.00589915475707639,0.0621688453158831
FZD10,0.0631541637676651,194,0.00676376231518369,0.0673248035754473
IL26,0.0360089069356358,172,0.104192891510882,0.281621533591382
IFNG,0.0375518799956035,225,0.0382283403119485,0.165716862563981
NUP107,0.00749840388238595,237,0.621567445298513,0.758046824027756
CNOT2,0.134824513547918,46,0.108390763777505,0.286879627487594
KRR1,0.00706020945578174,212,0.68464862737159,0.800861671390578
MRPL51,0.0156471570383392,187,0.405651606887619,0.594926532366551
ACRBP,0.0903864488493728,242,7.23717940354149e-05,0.00618608838144325
GNB3,NA,NA,NA,NA
CHPT1,0.00863761106304979,181,0.669688334333056,0.791421603977526
USP5,0.0419864418953836,170,0.0689089744247625,0.228047465397266
TPI1,0.00313390552339155,182,0.903890029924466,0.94298356988188
C12orf57,0.018864433658766,83,0.671492657325092,0.792744761187651
APOBEC1,0.00294382210958574,208,0.894283745541876,0.937825380797323
GOLT1B,0.0687642844959923,40,0.443327846732816,0.624375036601697
CMAS,NA,NA,NA,NA
HCFC2,0.0231785522238391,233,0.146156620325912,0.338254525620953
AICDA,NA,NA,NA,NA
RAB35,0.103535353535353,23,0.516791457419468,0.682000887313957
COX6A1,0.00224023715666315,191,0.934895333339986,0.960687205729529
SRSF9,0.100701421074064,68,0.0804143640289266,0.246939635682724
FGFR1OP2,NA,NA,NA,NA
RSPH4A,0.0228304559478519,250,0.127994884764725,0.313967120843537
ADTRP,0.0454134836856596,221,0.0186430805667581,0.112291164629072
ASF1A,NA,NA,NA,NA
HINT3,0.0579717690018826,221,0.00520046454675823,0.0574924711929785
SLC44A4,0.0365678496970669,258,0.0244422941741319,0.12986989534098
FBXO5,0.0130430437758724,247,0.360569354393687,0.553801985949976
FANCE,0.0625632102068401,255,0.00119381920149325,0.0270263672308913
TULP1,0.0294040424446008,240,0.071024316561832,0.231583639460187
MAPK14,0.104295534449284,59,0.10924373212264,0.287940433011991
STK38,0.00988031676799987,85,0.842291599137484,0.904886192038381
HLA-DOA,0.0226878114224444,210,0.191713841039848,0.392930073943274
SAYSD1,0.0222020715810893,220,0.182165981856367,0.381715357835257
CAP2,0.00743036912059369,223,0.648209405657675,0.776626198634098
GPR63,0.0297429042744903,203,0.111218423258861,0.290678809485913
GPLD1,0.0374499197053642,272,0.0173417012960517,0.108213575554392
ACOT13,0.0285246880598325,211,0.112088748621578,0.292088968102176
RPS12,NA,NA,NA,NA
B3GAT2,0.00753614843413029,185,0.708666699671718,0.816942350381879
SNX3,NA,NA,NA,NA
ZBTB24,0.0195844871380162,239,0.198362186558794,0.400557763567139
UNC93A,0.0141269201053353,230,0.356783162883891,0.550719956670613
C6orf118,0.0351524632680841,248,0.0338216583979472,0.155956785429492
BYSL,0.00252553313162998,209,0.913296552738583,0.948705829838269
TBP,NA,NA,NA,NA
GUCA1B,NA,NA,NA,NA
PRPH2,0.0331805103604737,207,0.0773407003911686,0.241355888666543
PTK7,0.00771377216703457,246,0.595575219840365,0.740096204496721
EXOC2,0.0276839177859615,226,0.100990377015474,0.277987029734006
TMEM30A,0.0260542807419072,196,0.165990546483067,0.361377025642452
LAMA4,0.011165212077195,276,0.380892713851656,0.57402509013588
PRSS16,0.0221570024366904,226,0.172874838793608,0.370058016812332
MTREX,0.0133441726079359,180,0.495758968931762,0.665520671606474
ISL1,NA,NA,NA,NA
NUDT12,0.044305474923925,213,0.0245000033023361,0.13000899286055
TENT4A,0.0611450604221805,176,0.0134613963911434,0.0959544436626253
DAP,NA,NA,NA,NA
HBEGF,0.0505303330994979,172,0.0344700132970395,0.15749745090996
LOX,0.0223531179680935,208,0.201229984836088,0.403537251908741
GZMK,0.00059457655905059,211,0.988695545189272,0.993688957033662
CDH9,0.0122779448220584,227,0.427662526580453,0.612519194783925
SPARC,NA,NA,NA,NA
HAND1,NA,NA,NA,NA
THG1L,0.026706405143851,209,0.135389728180865,0.324333422486729
IL12B,0.0246090868412981,243,0.113800437986947,0.294239126210754
TTC1,0.0161682774097436,227,0.301327429359983,0.501194878611888
LNPEP,0.00457491183658735,264,0.752236487499437,0.845041137295167
AGXT2,0.0264406994437239,248,0.0884536563539282,0.259339991892492
IL4,0.026646283007395,229,0.108001161609228,0.286324478404482
IL5,0.0108787069930892,218,0.500996103147992,0.669818010675291
ST8SIA4,0.101638821134116,94,0.0238430609082845,0.128291180282176
PCDH12,0.00718076910214779,273,0.582183281712672,0.73043224150338
NUP155,0.0322621410751292,236,0.0554983766101685,0.202618545420211
C5orf15,0.017619421599714,218,0.281174354958189,0.482411401388621
TRIM23,NA,NA,NA,NA
RARS1,0.0521636844854162,229,0.00775767989745468,0.071074545306201
CDX1,0.0430211788358563,194,0.0401460022029117,0.171232245162855
BNIP1,0.00348512501523341,176,0.894163018905615,0.937825380797323
SLC7A14,0.0147839575921464,207,0.384663753093537,0.576905035256629
SEMA3G,0.02127482448552,254,0.145835864419051,0.338067918482414
ZMYND10,0.0279598564046803,227,0.0970837076055757,0.271740759814871
MLH1,0.0629822209439163,243,0.00162132847565992,0.0315929890374339
EHHADH,0.0972884116863721,235,4.51928560113276e-05,0.00496186391517472
CRBN,NA,NA,NA,NA
RBP2,0.087487192311836,192,0.000810711312116363,0.0229449317135867
RBP1,0.0275239989742416,192,0.153911524331124,0.34743303330046
PFKFB4,NA,NA,NA,NA
HES1,0.012059886966759,69,0.84466022143716,0.906281954689397
GNAT1,0.0054757421363196,69,0.945893107811542,0.966913306259758
TUSC2,0.0248846551918677,93,0.514556879042289,0.680173639338134
NPRL2,NA,NA,NA,NA
CYB561D2,NA,NA,NA,NA
GNB4,0.0788840183960904,71,0.13733571594811,0.326874916523105
MORC1,0.0220508073449371,276,0.108538990163132,0.287092955081547
UMPS,0.0183275102228084,228,0.244662230506579,0.447318140644816
ABTB1,0.0300448882486787,181,0.144241002749757,0.336358012733989
KLHL18,NA,NA,NA,NA
RRP9,0.0104369565785775,232,0.491601956530761,0.663265414336747
EIF1B,NA,NA,NA,NA
ZBTB47,0.0359957731945217,208,0.0588276467161534,0.209566414969061
TNNC1,0.0145423718793283,45,0.88724871537173,0.933884267683831
NEK4,0.0113039124072801,252,0.417399349601368,0.603747656618173
WDFY1,NA,NA,NA,NA
EIF2AK2,0.022860247012067,258,0.117848396093553,0.299823646154114
DAZAP1,0.0494128020319347,71,0.326132412793883,0.52305522476709
HEATR5B,0.043414154650314,245,0.0141427657719398,0.0980524033050767
MAPRE3,0.0810852954935293,54,0.231077778882035,0.43381583016533
MSH2,0.0116233132803809,227,0.45279855826079,0.631844246522343
NCK2,NA,NA,NA,NA
TFPI,0.0186375978388139,225,0.243194809079084,0.445915503661276
SLC11A1,0.0108527469325288,237,0.464323760782259,0.641427137086274
APOB,0.00745662236279008,264,0.58052141627269,0.729386811690345
INO80B,NA,NA,NA,NA
TTL,0.0680470047746274,174,0.00820593359228161,0.0732381010730894
FAHD2A,0.0523308571213186,184,0.0225308201462966,0.124532555521971
SF3B6,NA,NA,NA,NA
SLC30A3,0.0504074314281769,196,0.0200729262363512,0.117377772518902
SNX17,NA,NA,NA,NA
TTC31,0.0239708280296797,187,0.216015288974617,0.419142237627718
PCGF1,0.072645484475841,49,0.322454277273466,0.520182633962642
TLX2,NA,NA,NA,NA
DOK1,0.0131315286771101,231,0.388513305567444,0.580763880662479
ACADL,0.0298916178829066,221,0.0867070046307566,0.256820091570437
EVA1A,NA,NA,NA,NA
FANCL,0.0363994555824707,228,0.0408837399140861,0.173161061372065
IGFBP2,0.0539806380266007,178,0.0227578273384122,0.125040418025029
IGFBP5,NA,NA,NA,NA
KCNJ13,NA,NA,NA,NA
GGCX,0.0461199197076508,251,0.00917958546873886,0.0777938729073148
NEU2,0.0248935000172726,234,0.121746813376082,0.305049658697184
HSPE1,0.0439511189091015,50,0.541144487852249,0.700764229515632
WNT6,NA,NA,NA,NA
IL1RL1,0.0204944183635945,268,0.140322364952584,0.331198228323965
SLC9A2,0.00188891232334915,233,0.932237118462997,0.95921485502314
AZU1,0.0906392774779566,71,0.0959904474953694,0.270878295287155
PROC,0.0476900569446113,239,0.00997522639159507,0.0814910091875271
ID2,0.0773292985846564,70,0.148801192628168,0.341024432067105
ODC1,0.0102480395717256,211,0.541447025235734,0.700884201811082
GORASP2,0.0283996846909006,222,0.0989133769597625,0.274876886091978
CEBPZ,0.0270806278356989,258,0.0731927311605223,0.234688475342501
PRKD3,0.0299997695397688,200,0.11308120696768,0.293320214244476
RMDN2,0.00472855000791,200,0.815528446933971,0.887478047045756
DLX2,NA,NA,NA,NA
SLC1A4,0.032892684639862,223,0.0628653038655815,0.216846051714663
ORC2,0.0226849838198868,235,0.150565614021559,0.342857797278488
PLEK,0.00428553716590894,199,0.837825958824481,0.901609751718512
PRTN3,NA,NA,NA,NA
KISS1R,0.0109876896896794,211,0.511101909955647,0.677850039070615
GRIN3B,0.0475675529464116,228,0.0128708303544242,0.0935632964577322
VAX2,0.0879113764076545,200,0.000559133965512705,0.0191836929502975
ATP6V1B1,0.0369776077105062,200,0.0613066572629907,0.213859651301411
MSH6,0.0256932743983046,255,0.0886391719100999,0.259638567950099
PLEKHA3,0.026423476468162,170,0.215382225550004,0.418603391516076
SPR,0.0101059177755562,219,0.53133997927626,0.693426168261343
ENO1,0.00856929946856629,190,0.654954404461783,0.781039259852553
CDC7,0.0144855745586943,253,0.301777524029793,0.501623407210056
CLCA1,0.0278913783764693,266,0.0604204749221618,0.212690759703884
BCL9,0.0231565635805232,230,0.150917367461833,0.343229212856054
ANGPTL1,0.00459381311247742,206,0.815347074059008,0.887478047045756
TMEM59,0.00796082820160302,172,0.714630379123222,0.820414270908446
OPRD1,0.0109209736929683,187,0.565935526119356,0.718137657609989
WDR77,0.0196952462043214,207,0.255351249199681,0.458695840593391
C1orf21,0.0449973629807842,62,0.432661053284219,0.616993749258517
MIIP,0.0145262153243249,250,0.305898194803601,0.505333046361147
SLC35D1,NA,NA,NA,NA
PRDM2,0.0458395285644278,265,0.00704298679161645,0.0684069004613899
RGS2,NA,NA,NA,NA
WARS2,0.00575840119925023,230,0.724703628770213,0.827184649958556
NT5C1A,0.00210281307048828,186,0.942501163192294,0.964744983071411
P3H1,0.0107815537871674,258,0.428319484017697,0.613003897166646
SLC19A2,0.0492388518458953,226,0.0113076210598004,0.0873870520737969
VAMP4,0.0433378239150635,82,0.31942046433414,0.517543150623935
SYF2,NA,NA,NA,NA
SLC5A9,0.032351971069382,229,0.0608248584944105,0.213112901728972
CTSD,0.0290074322849417,226,0.0886165300149847,0.259631959114526
A4GNT,0.0467088735460704,216,0.0182090718976176,0.110723931883458
MMP8,0.0194590617938166,271,0.154118790396769,0.347554021379261
APOA1,0.0253889590931243,246,0.101370680955349,0.278424873643734
SLC8A2,0.0152812727556355,176,0.444625659846996,0.625027859140325
EEF1B2,NA,NA,NA,NA
ATIC,0.00282870627701122,234,0.882781873438604,0.930628989562783
DOP1A,0.0123436389446442,257,0.367612244391852,0.560790389818174
FILIP1,0.0481525394647966,239,0.00948028109907207,0.0790706352834197
SGIP1,0.0319184944770531,226,0.0663275718822143,0.223183079390193
TBPL1,0.104489164086687,18,0.411412921053583,0.598829138575821
ZC2HC1B,0.00537503261394399,223,0.754621954185909,0.846921502336247
FBXO30,0.0183944658622162,248,0.208448721244425,0.411752407578305
ADAT2,0.0248860849911496,187,0.201084347433429,0.403435766999394
TCF21,0.0485673708400346,78,0.290979851245921,0.490850249730868
MED28,NA,NA,NA,NA
RNF103,0.0229746270559736,185,0.237939702046947,0.440657269924373
RPN2,0.0235390437991505,206,0.185029690778547,0.385244097066466
SOGA1,0.0340153225316573,246,0.0395948445507255,0.169617335978523
PKD2,0.0414596818733251,234,0.0216877090225371,0.1219969287832
STBD1,0.0142414049994601,249,0.316652351602739,0.515384581471245
CCNI,0.0172702444038976,182,0.372616148064667,0.566237831016776
RARRES1,0.0406328717040813,211,0.0361911694435338,0.160771096628129
FGF23,0.0284306644480627,218,0.103650741226733,0.28099010902039
ELL2,0.0058374281255001,208,0.751002911257155,0.844646156638213
NDUFB3,NA,NA,NA,NA
GDA,0.0354606526131297,237,0.0389755268789592,0.167813492336181
ECRG4,0.0188746362433301,195,0.300390255895151,0.500528824002777
YWHAQ,NA,NA,NA,NA
CPSF3,NA,NA,NA,NA
DDX55,0.0249915832266493,244,0.108114266273555,0.286505055193508
CCDC92,0.0271890696221744,218,0.116576680900779,0.29777789970965
VPS4B,0.022301538815966,177,0.269669626843363,0.472625090452841
SERPINB10,0.0110573759018556,244,0.44245086898049,0.623829765010022
GSC,NA,NA,NA,NA
ADCK1,0.00994394904205065,228,0.520754979374805,0.684804895954312
PGF,0.0826792431594183,177,0.00224290060739129,0.0372419537158017
NEK9,0.0309132729107454,222,0.0774554193335747,0.241419408800357
IFT43,0.0306686489987741,203,0.102496002379709,0.279631159466021
IRF2BPL,NA,NA,NA,NA
ACOT2,NA,NA,NA,NA
FLVCR2,0.0133746175245875,230,0.382045536560301,0.574712979176624
PAPOLG,0.00457140050978158,204,0.818667419256453,0.889687778911792
RHOQ,0.0868691844553915,29,0.487643457654123,0.660423976678318
TMEM214,0.0121625641952236,256,0.376245951431699,0.569550405094982
ATAD2B,0.0175859592521243,210,0.298707665196231,0.498748901476032
FAM98A,NA,NA,NA,NA
YIPF4,0.0110429056756624,72,0.853279017754952,0.912150543069252
AFTPH,0.0128254668318065,258,0.348179552830912,0.54383306166967
LGALSL,0.0824234839222721,84,0.0771369817287563,0.241020714943842
CRIPT,NA,NA,NA,NA
MFSD13A,0.0114929554694252,229,0.453925454407186,0.632377443374527
PPP1R3C,0.00762191269478911,192,0.692511992927836,0.806748241215369
PRLHR,0.0101837981398534,190,0.588173624998114,0.735058314981452
HOXB8,0.151177957984538,42,0.102351295372725,0.279535029103113
HOXB5,0.0109598096245373,61,0.883131227023521,0.930628989562783
HOXB7,NA,NA,NA,NA
HOXB1,0.0124983058244125,213,0.448853251979645,0.628680855296686
DUSP1,NA,NA,NA,NA
PANK3,0.0330453384443476,78,0.467304182551614,0.64320610277503
MSX2,NA,NA,NA,NA
LRP11,0.00807669576204314,219,0.62351984545317,0.759337230033618
CCDC170,0.0298398637634415,273,0.0436654926123022,0.179291376071852
ARAP3,0.00824627221333949,261,0.543056522177659,0.702311927950311
SLC25A2,0.0167179154885047,175,0.405882572620331,0.594981724312394
PRRX1,0.0607034303082932,48,0.414839416645495,0.60141090613512
TNN,0.0282459392560961,272,0.0537151967441088,0.19933471612266
PDZD11,0.0709320091673035,34,0.504758075557043,0.673374612819417
NUDCD1,0.0306326767601225,230,0.0714249112117234,0.231880619218075
CCDC77,0.0374601326986777,248,0.0261136646932861,0.135196598997436
CCDC169,0.0549174680008235,180,0.0200657904524598,0.117377772518902
UFM1,0.0486054250760136,35,0.437669059421041,0.620868026374068
ELF1,0.00676238813003854,224,0.680422275865222,0.798526285332934
ALG5,0.00607967345816589,211,0.734665704919006,0.83251870124965
FAM53C,NA,NA,NA,NA
MYOT,0.0337356293576116,226,0.0552777426021397,0.202129580758212
EGR1,0.0208467625337625,195,0.256723073874915,0.460316073331116
MTERF2,0.0115705155779771,233,0.442891760933591,0.624036892051136
NFYB,0.109207808264412,53,0.128326692536306,0.314301683873537
WASHC3,NA,NA,NA,NA
DUSP4,NA,NA,NA,NA
SORBS3,0.0264659674272393,258,0.0784922989098391,0.243351484026367
TARDBP,0.0147188669915943,65,0.815280397313561,0.887478047045756
RDH10,0.0534827015090172,39,0.565721074822629,0.718137657609989
DLX4,0.0411321280192289,193,0.0481810978804252,0.187683908370361
COIL,0.0471016286293848,251,0.00819348897486517,0.0732381010730894
TBX2,0.0169035472074624,211,0.314367451900353,0.512845378173804
TBX4,0.00498062654585453,201,0.802189517473142,0.878627940706737
TEX14,0.0543776358898898,270,0.00216421482615034,0.0367512533678009
FAM117A,0.00561342510537836,209,0.760787013035153,0.851783236775277
NCAPH,0.0210891477099452,266,0.133432961721864,0.32174765707627
MND1,NA,NA,NA,NA
TSHZ3,0.0314495676414642,228,0.0675953315336588,0.225601190359717
PLBD1,0.0316814631290851,259,0.0425527447127514,0.176696729972123
KLRK1,0.00874478310323806,219,0.592067037038039,0.737535776967573
TAS2R10,0.0516841816733725,187,0.0221565165327144,0.123343893071208
PYROXD1,0.00797809649369121,230,0.609080572765369,0.749181156392129
TAS2R7,0.0151347111269901,200,0.389808270039589,0.581542116877293
NAA50,NA,NA,NA,NA
MAPK8IP1,0.0101569150304779,210,0.547314914346314,0.705605768955571
PEX16,0.0553436353324876,228,0.00568357103098507,0.060665313375381
DEPDC7,0.0255402583345524,222,0.130252678519044,0.317128295472863
CAT,0.0246190678082293,244,0.1124680093815,0.292678265080894
GJA3,0.0718484187456798,200,0.00252654287547621,0.0396365538005554
GHSR,NA,NA,NA,NA
TNFSF10,0.0547951045835126,219,0.00757279268404424,0.0703479851378464
SLITRK3,0.00937327416364955,217,0.567310999593082,0.718853431420309
CPXM2,0.0052939990384001,248,0.727324962870114,0.828684328324389
ADORA3,0.0223550214233624,229,0.164834453629854,0.360873003913946
ACVR2A,0.0537146134928389,63,0.34344683354009,0.539465287675674
POLK,0.0273968821241188,268,0.0625082667304245,0.216274187742104
FLT3,0.0228359035070426,244,0.135729771186404,0.324759155844818
RASL11A,0.050747842932243,179,0.0288538155434235,0.14276697543164
FYTTD1,0.0182839941822124,177,0.359221978311813,0.552794095583903
MYOG,NA,NA,NA,NA
AHR,0.0397423038183816,197,0.0505686410562048,0.192153932448747
BBS9,0.0248040262308747,245,0.109098854636703,0.287741199411564
EEPD1,0.00774388787047686,218,0.641294796769918,0.771188123098838
NPY,NA,NA,NA,NA
HOXA7,0.0322984580033415,175,0.131638772695475,0.319039278601251
INHBA,NA,NA,NA,NA
MRM2,0.0320344366192292,219,0.072425316650624,0.233521223509455
SLC25A51,0.0290729578668055,182,0.153573713072001,0.346916425981732
CLTA,0.0816478827235744,96,0.0513203984236266,0.193606811114724
PHF24,0.024273001333093,217,0.154846196716972,0.348185233295789
AKR1D1,0.0713960301766966,217,0.00148965139165276,0.0301958032432725
NEUROG3,0.0207921663095414,220,0.207568925769753,0.410989816222793
SRGN,0.00306920243317193,210,0.886878085441655,0.933725658938986
FAM149B1,0.0125405295296271,255,0.363929206159698,0.557292577810498
UNG,0.00384420731721263,194,0.863299553782921,0.91725000036809
ACADS,0.0245131942648625,221,0.145186402884896,0.337471949018
HVCN1,0.0120935796245031,213,0.463864353881013,0.640965217644416
RNF11,NA,NA,NA,NA
BHLHE41,0.0445434173861591,180,0.0465673406694523,0.185349947843458
SSPN,0.0128261238457752,210,0.443523956150627,0.624437641585519
DDX39A,0.0732965197706986,85,0.104220930039767,0.281637548267869
TRIR,0.0368161427504928,95,0.325892792092049,0.522873595374696
KLHL24,0.0789327094474155,67,0.1570798175601,0.351470231279942
CCDC70,0.00311241465418751,205,0.888390827778099,0.934468581316639
EBPL,0.016293065019653,206,0.34210332847558,0.538303433588459
ATP7B,0.00393274835424123,282,0.775842516067926,0.861400948883367
ZC3H13,0.0149863616306604,270,0.258100732451988,0.461182437607593
NEUROD4,0.0213957399600133,205,0.224678012375318,0.427866918044324
ORMDL2,0.020933756396405,77,0.661440065820288,0.785496795456295
PDE1B,0.0305103317143258,178,0.144723100816895,0.337025674164194
HOXC13,NA,NA,NA,NA
LRP1,0.0487495052519314,247,0.0074093149117762,0.0702599495302907
HOXC11,0.0145131782756092,198,0.413863808650429,0.60051405876368
HOXC12,NA,NA,NA,NA
HOXC6,0.0512717907675893,35,0.627363529735035,0.762196118926395
FAAH,0.0107426995286864,247,0.450052105711836,0.629736719220605
RSRP1,0.0288049729860294,222,0.0951038195252284,0.269704352142799
SEC61A1,NA,NA,NA,NA
RAB9B,0.00102328304326063,52,0.996878391253826,0.997889733121296
NRK,0.0262001153717898,246,0.0929111136039231,0.266003341633743
TTC21B,0.0226122905792902,264,0.11421584296364,0.294762507798363
NMI,0.0222915164314731,242,0.146481961397517,0.338644810375528
TNFAIP6,0.0397372434121898,185,0.0626005985408398,0.216534824284665
ACVR1C,0.0189766932322382,193,0.302618894025594,0.502431786508925
BATF3,NA,NA,NA,NA
KCNJ2,0.0126679715034146,79,0.804130944308701,0.879846366556324
EXOSC9,0.00637664197225652,198,0.739559508134252,0.836354989841754
PLA2G12A,NA,NA,NA,NA
SNRPA,0.139286456773941,57,0.0503301601196175,0.191516259122632
B9D2,NA,NA,NA,NA
RAB38,NA,NA,NA,NA
GPR83,0.0288329088468051,197,0.129866911726851,0.316438279517042
HAUS3,0.0440917163896515,241,0.0142147594351531,0.0982861566614337
CHPF,0.00857319268783964,217,0.603725995604459,0.744630474532093
INHA,0.0316847969216932,246,0.0511774831953554,0.193411402366779
ENKD1,0.0361600256465465,221,0.0469465984615732,0.186207374028837
ACTR5,0.0434161748858593,214,0.0261732258857588,0.135449900398628
MC3R,0.0433320675682136,217,0.0248714232588739,0.131180179766464
SYS1,0.0796330019508157,77,0.109102389451494,0.287741199411564
WFDC3,NA,NA,NA,NA
PLCG1,0.00960840319981357,205,0.5807262730956,0.729386811690345
SRSF6,0.0334733838463234,98,0.35509923106696,0.549429336969529
RAB22A,0.0324295519477388,84,0.441647675875429,0.623287764880055
PTGIS,0.058454315532427,242,0.00278845053161053,0.0419351821690117
SNAI1,NA,NA,NA,NA
MOCS3,0.0105122106614206,227,0.498162914082002,0.66750161743802
RNF114,NA,NA,NA,NA
PEPD,0.00404269461768576,242,0.807472821558097,0.882127678169831
IL9R,0.025347566994691,228,0.124217210192539,0.308749100119473
MCEE,0.00845974765696181,214,0.614515851708193,0.753367051308149
PAIP2B,0.0144232194797687,98,0.705756894855211,0.815081739831063
MPHOSPH10,0.009471194844447,222,0.553303038045833,0.708908113522865
IL17C,0.00190809140265949,218,0.937323825383061,0.962411821999247
LIPE,0.0461261389896527,265,0.00679983624260777,0.0673317521718413
IRGC,0.0200906441598493,184,0.298571047468712,0.498636357272689
LYPD3,0.0219395524467931,228,0.173246965499117,0.370524492459572
RNF39,0.018807646667385,239,0.214421250606505,0.417626333406793
FBXO9,0.0251446484361462,206,0.160816705272513,0.356492614912749
RRP36,0.0551320808975161,222,0.00677811424329377,0.0673248035754473
BTN1A1,0.00723725304851443,233,0.641603088649339,0.771352908364347
SLC17A1,0.0206107653585562,199,0.25285655633343,0.455877439762927
H1-3,NA,NA,NA,NA
UNC5CL,0.021883405469162,244,0.149960071396031,0.342303207298285
AARS2,0.00761385023057183,268,0.565606752674242,0.718137657609989
H1-1,0.0153247267048293,193,0.400599734017315,0.590240422541013
ZNF391,NA,NA,NA,NA
APOBEC2,0.00262882057082971,192,0.918428769143729,0.95119924735706
TREM1,0.0195771241442943,204,0.264268350022598,0.467461348039974
COL21A1,0.0346402223150001,229,0.0481680848972738,0.187683908370361
SOX4,0.00847858557704661,182,0.674302493657407,0.794368380281263
CPNE5,NA,NA,NA,NA
EREG,0.0269199650956267,201,0.145744127158924,0.338043562829368
EMC3,0.0692387192387193,36,0.489301872545696,0.661684927664259
SH3TC1,0.040518922346768,239,0.0218527236018947,0.122444473292447
BBS2,0.0265120056023363,230,0.108194781152089,0.28658298604566
GOT2,0.0767819292084934,190,0.00228517067318542,0.0375534628305671
PIWIL1,0.0472783475482223,177,0.039823359489975,0.170312393037045
RAP2A,NA,NA,NA,NA
SLC10A2,0.0353728620421955,257,0.0285626262743216,0.142043579941336
IRF1,0.0167735156975137,193,0.358859563019092,0.55266332739344
BMP4,NA,NA,NA,NA
PTGER2,0.0130256049472612,222,0.410714439724699,0.598702616989241
SOX9,NA,NA,NA,NA
MYH2,0.0468837509094387,229,0.0135290304389717,0.0959887836440868
ARMC7,0.00450838048669644,187,0.840223770983597,0.90342675789338
NUP85,0.0340643018760254,214,0.0641793579793174,0.218570176977655
NT5C,0.0142663541735441,198,0.421778976810301,0.607529636807962
MSTO1,0.0459766485848123,242,0.0112991168278589,0.0873743484636372
MBOAT7,0.0275105421186513,214,0.118636911703539,0.301055301496319
ZBTB46,0.0671277561464137,220,0.00209086198798225,0.0360341248700161
SLC35F5,0.0247466248508579,190,0.197025971998115,0.399074682978596
PSD4,0.0376924709357848,259,0.0210576614867427,0.120146124342652
PSPN,0.00839710132194086,206,0.632185335868789,0.765262130517888
ALKBH7,0.0219239219908895,211,0.203197186953887,0.405948136948188
CLPP,0.020950052648636,193,0.259054389069628,0.461734224630873
THOC2,0.0241060311701562,184,0.220330325512885,0.423374626694644
CD70,0.00742436032550427,193,0.69957375498898,0.811813004435544
C3,0.0154822756380421,241,0.293839539427961,0.493819598418164
SH2D3A,0.0110544350936293,232,0.465686724516458,0.642300392891927
RTN2,0.00809192031677389,233,0.598254284799635,0.741352545157811
VASP,0.086439975474145,190,0.00096704345270575,0.0246325308273209
SYMPK,0.0699092277184744,209,0.00225391012944858,0.0372419537158017
CFAP61,0.0423963404143202,275,0.0088188710800304,0.0761472149662828
CDC25B,0.0223495355954375,236,0.154238218335623,0.347554021379261
CD93,0.0255010686125355,276,0.0714911044343017,0.231918162525539
CST8,0.0968969921016945,174,0.000790585598945159,0.0226267375014956
TMX4,0.0101046011426625,244,0.483401937577355,0.657757166344572
DSTN,0.0170351526364477,46,0.681614565366191,0.798991542062017
LAMP5,0.0657882553048364,183,0.00747462194618505,0.0702599495302907
SNRPB2,NA,NA,NA,NA
TCF15,NA,NA,NA,NA
OTOR,0.00591302474811467,174,0.795698175841176,0.874375493314342
SCRT2,NA,NA,NA,NA
DEFB129,0.0116616353269888,212,0.482452719794907,0.656886662316435
TLE6,0.0752722145337329,213,0.00115684915942244,0.0267884198080077
S1PR4,0.0419638760942734,184,0.053123976651785,0.198115723345261
NCLN,NA,NA,NA,NA
PITHD1,0.053794900782016,81,0.230492844073767,0.433036858256895
FNTB,NA,NA,NA,NA
ARMCX5,0.0262354259019634,225,0.11776377101355,0.299728095049676
MMP24,NA,NA,NA,NA
NECAB3,0.00448797690247592,237,0.78694040736155,0.868580091445707
RALY,0.0350806870187202,173,0.1099735616501,0.289205715708377
PLAGL2,NA,NA,NA,NA
UROD,0.0104468803223558,197,0.562588503141924,0.71558246040303
KLC1,NA,NA,NA,NA
SLURP1,NA,NA,NA,NA
LRFN3,0.03235298627444,177,0.127477946588145,0.313367907304887
IGFLR1,0.0125955953483305,197,0.480967567818328,0.655635550009014
PDCD2L,0.0134146053383756,242,0.35708859691032,0.550857602985687
FFAR1,0.0705121556857124,213,0.00186112493426968,0.0337173359357876
KRT13,0.01744525646128,246,0.2333481746092,0.436277503203578
CCR7,0.006956636356368,210,0.69294170778152,0.806748241215369
NR1D1,0.00506787057824494,212,0.784484869953455,0.867281395777042
ARL2,0.00657533565130304,94,0.893793310263705,0.937779251298488
RRAS,NA,NA,NA,NA
PRRG2,0.0958388889119525,210,0.000167303521938671,0.0100508379972213
TSKS,0.0349169338574363,219,0.0547521153451972,0.201107399865452
NOP53,0.0150461133778144,250,0.29017281469005,0.490331418831452
FLRT1,0.0271438852847691,217,0.118465099196336,0.300791767018448
SBDS,NA,NA,NA,NA
MLX,0.0814039458178125,179,0.00230876907928183,0.0377315828221592
WNK4,0.0245290255830251,263,0.0926024104167437,0.265627094384605
TRAP1,0.0336293769372307,239,0.0459334074151594,0.18396647007751
SUGP1,0.0898571134042143,218,0.000215556596709266,0.011344333949129
DDX49,0.00881757398098547,217,0.592442281602817,0.737786731054413
GDF1,0.0250354262245464,228,0.128091485545149,0.313967120843537
SDF2,NA,NA,NA,NA
NSRP1,0.0134645099368875,236,0.367000886001861,0.560185477449919
ATG14,0.0162520862683797,184,0.395630765748123,0.585752906034082
DLGAP5,0.0308729398555937,244,0.0575038925567656,0.206650557450047
L3HYPDH,0.0449250546472056,220,0.0199892331680009,0.117211267784374
TBPL2,0.0534904742561112,229,0.00674157382430531,0.0672607866468003
SGPP1,0.064625259520762,204,0.00438635032224656,0.0527563713769287
PLEKHG3,0.0167892103068607,283,0.19229847668515,0.393621568476707
EVI2A,0.0549735312348927,242,0.00412866390854136,0.0508536397864436
OMG,0.0030140954346355,203,0.894404038093546,0.937825380797323
AIF1L,0.00203709758024586,82,0.983030561806904,0.989880868939653
CANX,0.00812916007390927,195,0.664603094347429,0.787604448646958
PYCARD,0.0198093273427688,223,0.221601467391146,0.424961805795948
PHPT1,NA,NA,NA,NA
TRAF2,0.135252893269015,214,2.45638184986979e-06,0.00144238407652246
ABHD8,0.0439581701360436,179,0.0497802727589211,0.190638297920006
HELB,0.027868812614089,281,0.0502574568940726,0.191376091480216
YEATS4,NA,NA,NA,NA
TAS2R3,0.0327771034215568,199,0.0900630028871529,0.262241061904613
TAS2R4,0.0601200833117718,214,0.00507648753974981,0.0568530753009893
TAS2R5,NA,NA,NA,NA
ZNF777,0.0241627973234884,216,0.158062539148649,0.35311076979428
IDUA,0.0178962417568539,249,0.217863183648584,0.421111778258972
ZNF317,0.0171284472857465,190,0.356468422430058,0.550567769593648
PIN1,0.0594426027592144,72,0.238624915023862,0.441348666532662
FBXL12,NA,NA,NA,NA
KIF17,0.015284311899768,271,0.24809722508347,0.451495198099221
KLF2,NA,NA,NA,NA
F2RL3,0.0123866498723536,219,0.440178069853584,0.622347679579845
JPT2,0.0529479926206061,208,0.0119428576897348,0.0902695759860312
GFER,0.00897823089972616,199,0.619801895662282,0.756884549414204
SYNGR3,NA,NA,NA,NA
WDR24,0.00243055500654782,235,0.903547597971216,0.942915015509413
MON1B,0.0384117080498355,214,0.042402162381204,0.17655935512735
METTL25,0.00908890317197658,244,0.530255744469802,0.692507912383859
EIF3K,0.0236955385009637,61,0.700448557273643,0.812013152526144
EMC6,0.0408564252147139,33,0.72737529726228,0.828684328324389
CACTIN,0.0284638771098922,218,0.10332455820961,0.280644396109532
TUBA4A,0.294724799010513,21,0.116857581967734,0.298256145078368
VIL1,0.0318958115395405,265,0.0380755774813973,0.165438245322606
AAMP,NA,NA,NA,NA
FGL2,0.00835153851372519,255,0.547617516276049,0.705916668754227
STYXL1,0.0243508748641679,251,0.107419641971315,0.285900617251469
PEX1,0.0251786148208362,274,0.076032130446059,0.239215714763095
LRFN1,0.0182832372542613,185,0.338818167073569,0.535575264717551
RASL11B,NA,NA,NA,NA
TUBGCP6,0.0159964515042777,240,0.281204635985327,0.482411401388621
DGCR6L,NA,NA,NA,NA
CYTH4,0.0501928399342107,185,0.0263184481853181,0.135780167346643
SGSM3,0.0733615834376858,227,0.000862268682197174,0.023388884541483
SEZ6L,0.027758332265741,245,0.0794948193343673,0.245322514912164
VPREB3,0.0318767213588384,191,0.108889839295139,0.28754322895768
SDF2L1,0.0510598438799846,182,0.026242540745151,0.135698334929047
YWHAH,0.0267527886575498,27,0.706249819181194,0.815115332767711
MCHR1,0.0227225099007953,211,0.189296121947232,0.390109289501609
GALR3,0.0248509520280397,198,0.179600535358463,0.379209618422644
CCDC117,0.00990281382987922,205,0.568230087253814,0.719487768531862
RAC2,0.0856053940373141,50,0.241196632342429,0.443957418928637
LIF,NA,NA,NA,NA
PMPCB,0.0121750658049626,222,0.441811828492097,0.62328874297869
TAS2R16,NA,NA,NA,NA
LSM8,NA,NA,NA,NA
VGF,0.057432989976099,210,0.00737119802099501,0.0702599495302907
STRIP2,0.0467364785738202,204,0.0234646568313083,0.12733100528485
DNAJB9,NA,NA,NA,NA
LRRC4,NA,NA,NA,NA
SMO,0.0258981490887118,210,0.143953554246833,0.336106873377575
OPN1SW,0.00304035835164717,187,0.904281395532451,0.943188754068102
SIRT2,0.0143963280347088,207,0.396952650058479,0.586699425686989
MTX2,NA,NA,NA,NA
HOXD9,0.0162272146976609,176,0.41699604952603,0.603438437309796
HOXD10,0.0145740603587709,77,0.775232838815417,0.860949200833027
HOXD11,NA,NA,NA,NA
PIAS1,NA,NA,NA,NA
SNAP23,NA,NA,NA,NA
TMOD2,NA,NA,NA,NA
DLL4,0.035939983051554,231,0.040818962896988,0.173001767539447
ALDH1A2,NA,NA,NA,NA
KNSTRN,0.0249228974833367,236,0.118784733394884,0.301363020820167
CLN6,0.015669827387187,195,0.385507122682057,0.577761675038677
ISLR,0.028696849442507,225,0.0925418336025175,0.265627094384605
ACKR4,0.00630697768884775,211,0.723331906174625,0.826442554681979
MBD4,0.051074615862574,256,0.00458493263285563,0.0540182257280752
COPB1,NA,NA,NA,NA
MYOD1,0.0249393090538786,191,0.191980458107845,0.393160172770786
TPH1,0.0203077193496267,206,0.244384119070208,0.446989708199463
SOX15,0.0379620212344918,212,0.0458057654829656,0.183742434390882
TXNDC17,NA,NA,NA,NA
ATP1B2,NA,NA,NA,NA
FXR2,NA,NA,NA,NA
MPDU1,0.0737509264429706,199,0.00218967656383169,0.0369328654860956
CCN4,0.028424047964172,239,0.0797801243351644,0.245854113641968
QTRT1,0.0551736121639936,176,0.0217345345013412,0.1219969287832
CLEC11A,0.0163474824460234,224,0.302377146291766,0.502226830356278
KLK12,NA,NA,NA,NA
DHRS2,NA,NA,NA,NA
BCL2L2,NA,NA,NA,NA
PARP2,0.026550179947456,245,0.0905244705904318,0.262905506129162
FOXA1,0.0166394469177508,184,0.384736112628297,0.576945617618508
EAPP,0.0125835083729445,171,0.544023849375358,0.702574237247451
EGLN3,0.014845721568778,97,0.699640993904352,0.811813004435544
DAD1,0.193043884220355,18,0.193810768535013,0.395749832629785
CDO1,NA,NA,NA,NA
RAP1B,NA,NA,NA,NA
AANAT,0.0480145644206865,224,0.0134189496365443,0.0957980619792759
ARHGEF6,0.0506628930995247,228,0.00930574455389632,0.0784367720969051
ART1,0.00711005711429692,241,0.635508824267464,0.767261388365762
CHRNA10,0.00395094046743156,219,0.834754301668805,0.899663979462836
DAZL,0.0614672381592298,190,0.00881596988551957,0.0761472149662828
MKNK2,NA,NA,NA,NA
KLF16,NA,NA,NA,NA
INS,0.00781404677882952,180,0.705836116905189,0.815081739831063
ABHD17A,NA,NA,NA,NA
SALL1,0.00933232884935353,252,0.504444137987177,0.673085441739622
ZC3H14,0.00347296659773739,229,0.851418649810471,0.910391060699031
LMAN1,0.0156641927835517,238,0.294239575258593,0.493863367223701
ANGEL1,0.0266823052388657,238,0.0968804832725708,0.271657045850297
CDADC1,0.0716654562828659,217,0.00144935872172666,0.0297726333546947
VPS35L,0.0033207743414036,271,0.826246040038787,0.894362533225734
CORO7,0.0153032101064774,261,0.263758696365643,0.467013868610152
SEC14L5,0.113625932073342,236,6.79770906672271e-06,0.00215247547354065
CLSPN,0.0439439195132285,273,0.00754679779988815,0.0702599495302907
PBX4,0.0130494628989455,174,0.520700568266338,0.684804051780265
DHX40,NA,NA,NA,NA
HCN2,NA,NA,NA,NA
IGSF21,0.0202859465403854,204,0.248996074339374,0.452319783595245
SLX1A,0.0218207371971909,232,0.168848938328354,0.365227594862418
TUBG2,0.0376600061450485,48,0.621480484520206,0.758013354802656
TUBG1,0.21874686716792,19,0.268298803054062,0.471187748992903
MAST1,0.000920399478001881,240,0.974301920502036,0.984037213284214
NCAPG,0.00744965794138725,264,0.580905345867029,0.729482398438423
RABGAP1L,0.0114132665971933,211,0.494233190940777,0.664892499852566
ADAMTS2,0.0130298420985605,246,0.36291430405426,0.55640743667209
CIAO3,0.0314488937816652,244,0.0540179938399228,0.199759921470748
TRNT1,0.0299343114368703,227,0.0797719849825129,0.245854113641968
DHX58,0.00847802680234364,268,0.519523605951847,0.683977516851157
KRT12,0.0388874748763144,223,0.0345897631810788,0.157556104081322
KRT31,0.0409689435141675,194,0.047973218658742,0.187649543254834
KRT33B,0.0283888403015592,173,0.180576855029058,0.379805266851537
ARFGEF3,0.0042808506389608,271,0.76361648050942,0.853631132780477
SNX4,0.0367270560633186,180,0.0867839016114433,0.256862600725852
ROPN1B,NA,NA,NA,NA
SPAG1,0.0288436686179389,275,0.0480559611357606,0.187683908370361
RRM2B,0.00207675103753277,172,0.949348431201364,0.968977530035307
TDRD1,0.00303835618684541,283,0.835834460914713,0.900075056583223
SCML2,0.050120012835911,208,0.0156343961131636,0.102322543112668
TSG101,NA,NA,NA,NA
KIAA0930,0.0600314451296983,195,0.00869922997521984,0.0754209618545949
DHX35,0.0313206796015975,193,0.110951854947412,0.290232113738791
TRPC4AP,NA,NA,NA,NA
C20orf194,0.0272030461828479,241,0.0885362816579139,0.259516244693945
FKBP6,0.0286867983546835,202,0.123564244099266,0.307626809982091
CUL9,0.014669704356973,277,0.256238527607771,0.459706139965146
PCDHGA12,0.0221747658745819,179,0.267232406986905,0.470126088840459
PCDHGC5,0.0372232687061112,252,0.0250611279086558,0.131496091800558
TMCO6,0.00259409359280045,237,0.893632471521331,0.937779251298488
NDUFA2,NA,NA,NA,NA
ESS2,0.0189634865243726,209,0.267530280405024,0.470251293607278
KRT5,0.0311998290857417,241,0.057868645743225,0.207434582658518
KRT75,0.0210409080723327,233,0.180683523200667,0.379805266851537
DPF2,0.00508486976880351,68,0.952203346969307,0.970674465736651
GAMT,0.0147764464652507,186,0.43454032993066,0.618383809513321
GALNT8,0.0623866220570317,191,0.00790238616500476,0.07167363957492
PSMG3,NA,NA,NA,NA
FAM155B,0.035254816473873,190,0.0834452478180007,0.251838548864943
CNN1,0.0745291286176816,96,0.0693829147733942,0.22883481738929
CDC16,NA,NA,NA,NA
NECTIN2,0.011290631635254,240,0.440488901308543,0.622563564560441
APOE,0.00970196710740184,253,0.485332019046566,0.658894521204683
TOMM40,NA,NA,NA,NA
APOC2,0.0201755715026254,210,0.2389957608592,0.441649740322514
ALLC,0.0216836485782702,226,0.18088858462155,0.37997641658256
GADD45G,0.0240461889438584,98,0.50632711149149,0.674058548197523
XPO7,0.0180593910597881,85,0.678354900230171,0.797077960082245
FAM98C,0.0145512866280615,237,0.329409760183437,0.526319422020731
SAFB2,0.0362017062495094,208,0.0577191765704342,0.207131990082009
NCAN,0.0918331042921811,248,4.70220741095348e-05,0.005075196066602
PLVAP,0.0262655872452746,229,0.112168433007395,0.292202324152626
SLC27A1,0.0230138028890352,217,0.173934401025682,0.371184405406014
USHBP1,0.0458521568934635,265,0.00703209465382107,0.0684069004613899
COLGALT1,0.0326958023537132,183,0.114036745101552,0.294563034047674
PGLS,NA,NA,NA,NA
LSM7,0.202289728151797,28,0.140939960176392,0.332096252498081
RSPH3,0.018427744971861,260,0.189211236806998,0.390028444236991
MLLT1,0.0405345429364345,177,0.067744792008269,0.225950063821401
BMP15,0.021017238198633,202,0.238223872865826,0.440991169305111
ACTN4,NA,NA,NA,NA
EPO,0.0471392460671587,205,0.0221247011241358,0.123263426735343
CACNG6,0.0521533736654715,205,0.0138451913194972,0.096939173526727
ZSWIM6,0.0203430983470729,182,0.297900827258483,0.498235710566518
PXDN,0.0514229020529373,242,0.00615152591557726,0.0631312119748525
GDF15,0.0253306461013598,221,0.134351991770556,0.322885069230804
JUND,NA,NA,NA,NA
TRPM4,0.0282039134228543,236,0.0847519070914085,0.254335600545754
OR11H1,NA,NA,NA,NA
NUMBL,0.007830741597547,205,0.65996332453206,0.784745165202067
ATXN10,0.0312720081952988,222,0.0747854922228388,0.237172991766117
MNX1,0.00952839442603091,190,0.614746383695351,0.753367051308149
CEP85,0.00619291877302925,244,0.681144657976182,0.7988083208089
GATA5,0.021218194542146,225,0.190813328540336,0.392030739198213
RBBP8NL,0.0111250401798742,244,0.439652395654918,0.621965250865008
LAMA5,0.0408629619406713,258,0.01474881897839,0.0995975389760204
PRDM12,0.0573927227091023,85,0.18538442986897,0.385604458404572
UBE2M,NA,NA,NA,NA
TRIM28,0.0848610628279913,186,0.00130684907819448,0.0283061732310968
YIPF2,0.031371848733685,244,0.0544721212839545,0.200681786714621
TMEM160,NA,NA,NA,NA
ZC3H4,0.0201102788972742,235,0.19465128086374,0.396335525672358
MAP3K10,0.0181256665934179,217,0.270774036200906,0.473510748245364
SESN2,0.018658715569493,189,0.319746912249208,0.517837354079693
HIP1R,0.00965175937210245,265,0.466667344355523,0.642815844442131
PPAN,0.0213986750881269,243,0.159184908204104,0.354251090492306
EIF3G,0.00429383345869572,98,0.936812895294366,0.962197502779762
ANGPTL6,0.0843811180715345,210,0.000522890350375039,0.0185348642061401
SHFL,NA,NA,NA,NA
SLC6A8,NA,NA,NA,NA
SLC7A10,0.015702334103144,209,0.352390874358149,0.547523505651505
LRP3,0.00480597263690061,229,0.778097308655879,0.862776190409305
C12orf65,0.0135283223436086,222,0.393206796770221,0.583737237867529
GRWD1,0.0370777763772409,222,0.0421643485056773,0.176274847119547
NOL11,0.00975128337329145,257,0.475954963159347,0.651242201417861
SLC35D2,0.034408104666062,208,0.0680947738967953,0.226674082684157
PPIL4,NA,NA,NA,NA
BPIFB1,0.205272057650451,254,3.09393030065602e-11,3.94042963091551e-07
RBM39,NA,NA,NA,NA
ACSS2,0.0518834917353504,232,0.00743442253395512,0.0702599495302907
C1QL1,0.12264608004957,61,0.0613006242852771,0.213859651301411
ATP6V1E1,NA,NA,NA,NA
CCL25,0.0130375790573432,216,0.422993227827026,0.6087278813113
COX4I1,0.00546389621356363,190,0.7933459207054,0.872876106648991
EMC8,NA,NA,NA,NA
GSE1,0.00712668550772559,262,0.601952162968858,0.743676712022759
GINS2,NA,NA,NA,NA
F12,0.0157340091316265,246,0.277572319604574,0.480214496586205
ABCB7,0.0156432118506316,226,0.318213151631063,0.516736287029609
HAUS8,0.0341848263723656,197,0.0820918732901088,0.249840183697903
ADGRE3,0.0202227084908031,202,0.254555132566184,0.457976291617873
MRPS25,NA,NA,NA,NA
CAPN7,0.0244841825807948,213,0.158357635934981,0.353274277678738
C3orf20,0.0379523730116448,249,0.0242841119746752,0.129461050694627
RBSN,0.101410107385131,217,6.82820549737133e-05,0.00604031348194494
PDLIM4,0.0456284064409946,185,0.0385052171576466,0.166520355083119
GFPT2,NA,NA,NA,NA
PSMC3IP,0.00902469383118905,188,0.639690153948691,0.770265084682852
VPS25,0.0543661908696985,62,0.345375214482984,0.541245075877357
AOC2,0.0144388014265455,227,0.352801801519574,0.547679958044092
G6PC,0.0232815052819454,220,0.16471442216648,0.360817865159091
PCDHAC1,0.0200628657875366,228,0.207500262698747,0.410989816222793
PCDHGA3,0.00718155729408557,216,0.672145035912343,0.792780068288535
NDFIP1,0.0135255125210331,87,0.761844739964991,0.852398718105431
EXOC4,0.0382461926210682,210,0.0461471803307798,0.184646713381342
FLYWCH1,0.0287281976339439,228,0.0888262252646793,0.260007079974938
TMEM204,NA,NA,NA,NA
BARX1,NA,NA,NA,NA
WDR44,0.00664993128659985,238,0.664836139740633,0.787734028815397
CKMT2,0.0238685182324706,179,0.235841292866538,0.438507723103028
TNS4,0.017567846559989,273,0.188757434812912,0.389563394020799
PPP1R1B,0.00472907845606276,185,0.832624556845859,0.898365499490754
FMO5,0.0299482127668453,250,0.0586709125605814,0.209367537789735
PRKAB2,NA,NA,NA,NA
CHSY1,0.0131678621243011,210,0.431448739308991,0.615816557641971
SNRPA1,0.0687804737067896,75,0.16534158876493,0.361075274019183
NR0B2,0.00226960287747877,218,0.920535175322623,0.952236516643025
THAP1,NA,NA,NA,NA
RHPN2,0.0294511138558898,248,0.0636466939108713,0.217904380013134
ACTR10,NA,NA,NA,NA
DNAJB1,NA,NA,NA,NA
ZSWIM4,0.0209473237935828,207,0.229383207088617,0.431887785324817
RFX1,0.0201192567055611,228,0.206385139804411,0.4098099689038
DCAF15,0.0443031057773243,185,0.0429770057079266,0.177597386338791
TRIM21,0.00386597871745321,233,0.826174141302889,0.894360719390871
WDR7,0.0195897492223225,242,0.193393962950466,0.395165331644013
SMARCC1,0.0155665746559024,215,0.343317272111856,0.539465287675674
SLC6A11,0.045621314430694,201,0.0276835625466533,0.139690115924793
NUP210,0.0538701120474546,248,0.00401964952885595,0.0504376910339993
HSD17B7,0.0109394523238736,228,0.478324759148418,0.653361661573816
EMILIN2,0.0748147967473004,268,0.000171734348335778,0.010173063536765
DNHD1,0.0154489608702936,257,0.266371745567974,0.469461877039785
RRP8,0.030236757104744,250,0.0568191860123664,0.205267732026369
TIMM10B,NA,NA,NA,NA
EFR3A,0.00388285296223296,192,0.863372373133801,0.91725000036809
OC90,0.0568605939713773,266,0.00175940320425673,0.0327120572400201
PTCD3,0.0769321466124785,278,9.07588466490705e-05,0.00706639702873488
ILKAP,NA,NA,NA,NA
PER2,0.0541569262991248,258,0.00301845372468573,0.0440216140846177
RAMP1,0.0113081174153429,205,0.511208760988277,0.67792115576288
PTPRE,0.0627476687463646,206,0.004941813403326,0.0560949516026964
RPA1,0.0243889538774925,239,0.121515199973308,0.304889201509072
SERPINF1,0.027051409893063,243,0.0878488615977887,0.258572475458617
EEFSEC,0.0371777968886231,239,0.0313770946624399,0.149396744845368
COQ3,0.0266328352678499,249,0.0856144243318881,0.255268431065464
POPDC3,NA,NA,NA,NA
LANCL2,0.0178125708659438,223,0.266431410744627,0.469461877039785
GRSF1,0.0213410249716783,199,0.238118945132381,0.440861009624366
JCHAIN,0.0121831732197067,207,0.473534556900099,0.648791655395825
UTP3,0.0246332118138634,219,0.146621612131642,0.338844647452113
TRIM47,0.0123347378648263,223,0.433755817525584,0.617932225056582
KDM6B,0.05927546869327,211,0.00599638056055226,0.0625948633539189
GUCY2D,0.00864466572842525,247,0.546552631980294,0.704829315603586
RIDA,0.0154238668854654,175,0.442995394125671,0.624044833490161
MATN2,0.00801934393879429,268,0.543629831307279,0.70240644061493
BRD8,0.0163114674057592,258,0.241459326041574,0.444011836047573
REEP2,NA,NA,NA,NA
ERAL1,0.048642165345938,252,0.00669988201457516,0.0670830953912179
NIP7,0.0488929360710725,89,0.230590410724237,0.433156264156916
TERF2,0.0274446877151342,222,0.108477236654437,0.28698921604298
VPS4A,NA,NA,NA,NA
JAG1,0.00430413390909887,208,0.827609835769223,0.895002026692437
HSPA12B,0.00641939691732123,190,0.749824362842411,0.843842280212154
SNAP25,NA,NA,NA,NA
NXT1,0.00343300142722001,66,0.894426501640508,0.937825380797323
RIN2,0.0200232986670929,243,0.183455561027491,0.383369232537207
SSTR4,NA,NA,NA,NA
CRP,NA,NA,NA,NA
HAPLN2,0.0265309956007378,194,0.163184467674729,0.358887477172397
APCS,0.0343266881126501,178,0.107978945037082,0.286324478404482
IGHMBP2,0.0439899192073326,233,0.0168964530705719,0.106662473683808
ACY3,NA,NA,NA,NA
TESMIN,0.0342125052731448,251,0.0358619570777324,0.159845494987454
DPH2,0.00257957033979371,241,0.892046999052142,0.936832375655338
ZSWIM3,0.0181973262077756,260,0.194051206068168,0.395936584505637
OSER1,0.0109857653626096,192,0.552260569733433,0.708334035354116
SERINC3,0.0536319624011972,243,0.00468238207775477,0.0545606753360336
DMGDH,0.0428846559453064,254,0.0125663135204405,0.093103297845451
BHMT2,0.00705324272197515,201,0.703040562530999,0.814031303140538
AP3B1,0.0226142406764449,252,0.128473031548034,0.314599601960347
SYT4,0.0233511966248586,194,0.211686239139336,0.415210349517553
NMUR2,0.000651524299925347,232,0.985154031434808,0.991537991493102
PDE6A,0.0190968135304607,241,0.204984973039536,0.408175205852335
ATP8A2,0.0098244316402042,219,0.543517520056739,0.70240644061493
USPL1,0.0116167313759956,251,0.40663544139953,0.595824779298713
RNF17,0.0323557963582294,254,0.0423197411664898,0.176369183081287
MYH4,0.0066124855349301,221,0.692753418732827,0.806748241215369
PEMT,0.0488739595344742,222,0.0128512224614302,0.0935632964577322
SCO1,0.0150894684132752,236,0.314841699632158,0.513487499873885
CHI3L1,0.0237189764291486,241,0.127564751330845,0.313460288047394
MYBPH,0.0114732275935093,247,0.419823454568031,0.605653037042795
CCNA1,0.0398071079280281,231,0.0272916293626863,0.138812376822353
RFXAP,NA,NA,NA,NA
RNF128,0.010240279836282,176,0.616666695478685,0.754889180470639
KMT5C,0.0617264837680025,223,0.00333816651172448,0.0459659707440857
PDE6B,0.0764054853835733,222,0.000746074803566757,0.0218940292585858
HSPBP1,NA,NA,NA,NA
CSNK1G2,NA,NA,NA,NA
CEP20,0.0651668758704117,205,0.00404200663825271,0.0505776519986778
MED10,0.0923151028085799,42,0.285645158815918,0.4857689737849
CCDC134,0.00574848512208165,180,0.794240410442964,0.873309153499516
SEC14L4,0.0120455165656637,224,0.44258605710695,0.623882238330284
PI4KA,0.0395963924591811,235,0.025960802931394,0.134678935288894
MKRN1,0.0187637048534282,195,0.303033766992576,0.502577241862568
ACTR3B,NA,NA,NA,NA
NTS,0.0074461940036007,203,0.681317182884192,0.798863528007095
BTG1,0.000424137266242448,57,0.999033352728726,0.999190260747059
KRAS,NA,NA,NA,NA
IPO8,0.031016194087444,203,0.0993937792442932,0.275433076106767
PMP2,NA,NA,NA,NA
FABP4,NA,NA,NA,NA
CCDC59,0.0309505711223197,230,0.0691549799904186,0.228412299055491
LYVE1,0.0219285140615029,261,0.12707604442809,0.313170577538645
RRAS2,0.0865652640042881,40,0.337198021202917,0.534475370755512
SARAF,0.0184581553822456,212,0.273064703776035,0.476013149095481
RNF122,0.005288098120854,72,0.945264921051705,0.966488814785721
DUSP26,NA,NA,NA,NA
ERG28,NA,NA,NA,NA
DGLUCY,0.00142363691137151,221,0.957527075487773,0.974124517406524
CATSPERB,0.0438069569987678,261,0.00979440424986967,0.080273837312973
VRTN,0.029226143981547,244,0.0687182104628822,0.227796753892574
SYNJ2BP,NA,NA,NA,NA
TTC9,NA,NA,NA,NA
EIF2S1,0.0652299638346147,44,0.422695824087077,0.608574950890008
ELP3,NA,NA,NA,NA
ADAMDEC1,0.0680401694303878,246,0.000826282650748288,0.0229494700642564
MBD2,NA,NA,NA,NA
MRPS36,NA,NA,NA,NA
CCNB1,0.0161087107854588,202,0.356386735351761,0.550567769593648
CDK7,NA,NA,NA,NA
CD180,0.0135300080842257,266,0.309847205555116,0.508607607139154
IRAK2,0.0178652138611681,239,0.235514755983651,0.438324199993492
CAMK1,NA,NA,NA,NA
VHL,0.0178985964618548,170,0.387807683832394,0.580185441241556
BHLHE40,0.0410813306698625,199,0.043319988561905,0.17849348894352
ARL8B,NA,NA,NA,NA
EDEM1,0.0716603731883614,212,0.00171664602880232,0.0322921406868323
CHL1,0.0260612905034377,253,0.0870402457189988,0.25738206860394
DPH6,0.00325873983423481,174,0.904675758532849,0.943287822704566
KATNBL1,0.010733604351478,176,0.598028692228959,0.741352545157811
EMC7,NA,NA,NA,NA
TSHB,0.0106891130480314,187,0.574864646129596,0.725440103216354
SORT1,0.0244011040629886,225,0.140695656318799,0.33179326638145
NOTCH2,0.0185258720106267,252,0.19929507296478,0.401680969976173
TRIM45,0.0310438468462827,249,0.0526627973708091,0.196978968374339
ARF3,NA,NA,NA,NA
SLC38A2,0.022470788314778,214,0.18813274668151,0.388781220466609
KIDINS220,0.01531048023739,259,0.26690265809322,0.46990822109498
CMPK2,0.0341355471090145,229,0.0507180912436434,0.19258962733424
FST,NA,NA,NA,NA
CFHR5,NA,NA,NA,NA
ERN2,0.0357297058204001,269,0.0225409553265143,0.124532555521971
NARS1,0.111342486319331,223,1.76849759496276e-05,0.00330894824769239
RELCH,0.0112545295739237,230,0.461485301867825,0.639203567655097
CCNH,NA,NA,NA,NA
HRH4,0.0362960085232721,242,0.0328457979103619,0.153576843433787
CABLES1,0.0364265645044656,208,0.0565319931226356,0.2045430296619
EMP1,0.0231748300212591,229,0.152153045118371,0.344992199150361
RERG,0.0502800469642577,75,0.293242957845056,0.493509027710329
SLCO1B1,0.0570031566969901,247,0.00287431335173774,0.042517434271495
SPX,0.0437914114265372,180,0.049466438317733,0.190046623956153
MYBPC3,0.0122935626443602,266,0.353560250920998,0.548070028691558
DDB2,0.0472225516763346,223,0.0148738841185327,0.100062491848672
FOLH1,0.0450293808380063,220,0.0197814716566168,0.116321326662056
RAB33A,0.0896518182546352,81,0.0666086838315086,0.223538391904636
MTNR1B,0.0312670012419038,173,0.146125177972982,0.338249775838585
PHC2,0.0138783750982137,239,0.347217911960479,0.542797020587782
TUT4,0.0753946013679035,250,0.000304555607371836,0.0130161752197574
PRPF38A,NA,NA,NA,NA
DSG3,0.043423046334233,270,0.00856056703489264,0.0747787254844943
DSG1,0.0072549519259243,260,0.597889379922268,0.741352545157811
DSC1,0.00948156500461452,260,0.483345668512063,0.657750874470524
DAGLA,0.0484716851113826,202,0.0208837600588164,0.119754870828044
TIMM10,0.174814946525473,37,0.0981789129736506,0.273372679412421
AHNAK,0.0209741414081377,172,0.309705601379837,0.508591343550973
CBLIF,0.0322998096368535,247,0.0471462293470472,0.186395566957642
TCN1,0.0358432344438956,226,0.0446927489549856,0.181372253873071
CEP135,0.00941873593802344,264,0.479438832011721,0.654471179819274
PDGFRA,0.0187782779020851,231,0.229014133925191,0.431404231573914
CARS2,0.0216069300582297,250,0.145986848519891,0.338213688214769
ADAMTS8,0.0552949817299817,252,0.00307450942941978,0.0441656464783773
KLB,0.0378428223790243,256,0.021788806049354,0.122247680107741
SEMA6A,0.0189552405964516,220,0.245593567051604,0.448377246268525
APC,0.0295965403187716,249,0.061816836495338,0.215109079126947
ANXA1,0.00449253390962907,214,0.811676893742284,0.885212957587064
CCNJL,0.0375303740374468,216,0.0446063914235832,0.181372253873071
USP30,0.0155971316113183,216,0.340281526534754,0.536630203311866
SDS,0.0473466608975725,225,0.0140610619733996,0.0979123484380628
MSI1,0.184141924075183,30,0.148520415850752,0.340759505724226
TBX3,0.00868457150709521,219,0.594858707114385,0.739646076937013
OASL,0.00224991943788849,249,0.905980802036063,0.944020984138481
HRK,0.00712542666217975,61,0.93449945328958,0.960529061351351
DTX1,0.0193653538958562,184,0.315118050682649,0.513872406337288
TRAFD1,0.0274596055969224,256,0.0718277023023264,0.232300054982841
GSAP,0.021567846021869,264,0.128686344146246,0.314940291899806
OCM2,0.000679971483543164,55,0.998149169999906,0.998541185226518
UPK3B,NA,NA,NA,NA
TMEM60,0.0369158494566661,49,0.621055510106777,0.757640131869723
PNPLA8,0.0132078097873346,250,0.349212256416401,0.544576388580293
RINT1,0.00556739390077585,234,0.729797411138948,0.829735746140479
NT5E,0.0590802095614228,237,0.00298387376942928,0.0436310175975331
MRAP2,0.0133488191129757,172,0.515853224461021,0.681281622871265
AKIRIN2,0.0116668740408943,95,0.777874117495758,0.862754050372374
ORC3,0.0450888876270374,239,0.0132720974298514,0.0953375255874718
LMO2,NA,NA,NA,NA
NAT10,0.023618638437181,235,0.137046722653212,0.326823025449483
PRRG4,0.0207136783215937,227,0.196678424786143,0.398837513515465
PRPH,NA,NA,NA,NA
AVIL,0.0131036638845874,250,0.352852106597256,0.547679958044092
AMHR2,0.0219037693584544,242,0.152483406548877,0.345495226081926
GDF11,0.0984687489482011,73,0.0690914924988659,0.228321029700456
FAM186B,0.0413517540867353,260,0.0134013199727857,0.0957258615666846
RDH5,0.0125053897968308,219,0.43579744270015,0.619236423572531
KRT85,0.0393188209995759,190,0.0593513074731307,0.210439379726557
CDK4,NA,NA,NA,NA
PPP1R1A,0.0396102612479581,197,0.0511583247995105,0.193396386063095
TSPAN31,NA,NA,NA,NA
TFCP2,0.0284381851607748,92,0.459619208697986,0.637466074638457
ESPL1,0.0436428078092644,276,0.00737709234132352,0.0702599495302907
ZC3H10,NA,NA,NA,NA
KRT84,0.00391524709712722,254,0.803536744642529,0.879347308795949
KRT82,0.0170524026974716,235,0.262517554731897,0.465593033987667
KCNH3,0.0492285176334698,239,0.00842061969330252,0.0743724080540228
TAAR5,0.0124181063140839,195,0.491940564745397,0.663351512186065
NMBR,0.0180672126182616,227,0.252620093042248,0.455653520037681
SMPD2,0.0122468428441396,252,0.38036234219524,0.573723272231787
HTRA2,0.010602157833648,218,0.512392900123848,0.678855297615451
PRADC1,NA,NA,NA,NA
CCT7,0.0224157446698125,170,0.28525454685397,0.485500722802642
MRPL53,NA,NA,NA,NA
EMX1,NA,NA,NA,NA
KCNMB4,0.0318834275772072,76,0.495264191736639,0.665437783095035
MDM2,0.0019127462346205,211,0.939895908537544,0.963809524245907
BCO1,0.0452280831309221,242,0.0122792682634632,0.0921017435827248
MPHOSPH6,NA,NA,NA,NA
KIAA0513,0.0408223100792129,228,0.0259477109665024,0.134665870769916
DYNC1LI2,NA,NA,NA,NA
FBXL8,0.00760486483421052,235,0.619397706002411,0.756648370627269
FHOD1,0.0239338102089512,259,0.103403140492762,0.280738093650782
CCDC102A,0.0122511151791068,184,0.52373206870187,0.68708813627802
PCNX2,0.0175037214253838,270,0.194429547098764,0.396230341668485
URB2,0.0515282699874591,274,0.00281507110607451,0.0420667766811772
TAF5L,NA,NA,NA,NA
STX6,NA,NA,NA,NA
RGS8,NA,NA,NA,NA
LAMC1,0.00431657913332947,260,0.772732133262456,0.859671248185765
MRPL44,0.0142257260830022,224,0.365809803945362,0.559163905790702
CHRND,0.00727050196514194,254,0.606390835503409,0.746760170273779
USP37,0.0306123060777877,230,0.0715727992997334,0.23192523119862
HTR2B,0.0174969561375821,228,0.264524378651879,0.467592271411341
WNT10A,NA,NA,NA,NA
TMBIM1,0.0258872676819022,201,0.159254841829896,0.354282911012325
CYP27A1,0.045062613195372,257,0.00915392830841525,0.0777938729073148
EIF4E2,0.0235712049144883,66,0.674875227908269,0.794749043239919
CAB39,0.122453060136345,32,0.284346514695932,0.484609850638175
COX5B,0.0197455565865503,170,0.342526173293514,0.538702561504839
REV1,0.0297303534258731,266,0.0485896794320549,0.188211118384018
MFSD9,0.0121360808845579,248,0.391993508774484,0.582887253677971
TMEM127,0.0447104195394207,43,0.598144798780225,0.741352545157811
MRPS9,0.0552097929332373,248,0.00344359609316266,0.0465580040791079
GPR45,0.0166880447604053,231,0.279468219291159,0.481361901364009
C2orf49,0.0130145536358417,178,0.511836187729319,0.678258837469629
EPC2,NA,NA,NA,NA
ALDH1L2,0.0209570045609998,234,0.180569065103394,0.379805266851537
USP44,0.02409866463207,243,0.120082512990483,0.302965706308793
PLXNC1,0.0464475471783779,261,0.00712610121294275,0.0687193696806863
DRAM1,NA,NA,NA,NA
SLC41A2,0.0492282391869471,222,0.012395970598433,0.0924868667496439
CKAP2,0.0314614864498958,233,0.0629524401567057,0.216927023223973
THSD1,0.0347354127606102,255,0.0317421068635071,0.150509111323018
MED4,NA,NA,NA,NA
NUDT15,0.0470009953861486,195,0.0277600271419729,0.139854313955762
CHST12,0.0262155679755876,197,0.16194914014013,0.357504426035806
IGF2BP3,NA,NA,NA,NA
KDELR2,NA,NA,NA,NA
NUP42,0.0329728197005211,262,0.0350164855466942,0.15843746340504
DDX56,0.052120585880886,241,0.00582836859428065,0.0617498800648246
HUS1,0.0669530588634853,201,0.00386370714727111,0.0491665293777426
MYO1G,0.0463588138142312,247,0.00972914816577972,0.0800062764103972
TTYH3,0.0711502435790282,182,0.00490756066811482,0.055905807396342
CIDEB,0.0474878152110064,214,0.017614236484174,0.108947435260113
TTC5,0.012658296039223,211,0.447370305477507,0.627293648636082
NKX2-8,0.0247521814005204,207,0.164693328232947,0.360817865159091
ACSBG1,0.0397378389355546,252,0.0187867437039101,0.112596690735529
MTHFS,0.0152742283672069,186,0.419281430265311,0.60523272082727
ABHD17C,NA,NA,NA,NA
IREB2,0.0439919340161109,198,0.0340712140167419,0.156653784013438
ALPK3,0.0544458361028037,251,0.00348468922114816,0.0468549359620588
CIB2,0.0440228260405477,77,0.341327772316766,0.537680953398434
RSAD1,0.00240585725619588,246,0.89884666593343,0.940495492715097
CHAD,0.0265627822513748,200,0.152013827060382,0.344737909800753
TACO1,0.00708387162465342,232,0.651170591296389,0.778876174460439
TEX2,0.00598748260873747,258,0.673348583825528,0.793758567530722
LIMD2,NA,NA,NA,NA
BRIP1,0.0296083184115513,274,0.0443257182210061,0.18076225981727
KAT7,0.0750720564472646,71,0.154046265232316,0.347554021379261
NDUFB5,0.0561938258409153,217,0.00692550521661457,0.0677964907292876
MARCHF7,0.0248872702649963,215,0.149432132141404,0.341681801607346
CD302,0.0216054718258092,216,0.199700702068951,0.402121591778115
GALNT5,0.0563358178248293,267,0.00182923061735052,0.0333769070810548
TANK,0.0221769632517804,228,0.169312032773555,0.36590720258075
BLK,0.00960325973343949,216,0.559086965084139,0.713122842995653
SKIL,0.00962446252633956,234,0.523625825013979,0.687019522754511
KCTD3,0.0277210141130599,220,0.108211179325815,0.28658298604566
CBWD2,0.0151126537924071,234,0.318016721793779,0.516625480816734
IL36G,0.0550052129972258,189,0.0158793469349509,0.103500185549404
IL36A,NA,NA,NA,NA
CCDC115,0.0284542387739566,188,0.149749212190412,0.342103270284086
IMP4,NA,NA,NA,NA
HS6ST1,0.0317231136371707,98,0.379883644515419,0.573246219970186
UGGT1,0.0386754396905264,258,0.0190867018722465,0.113688816230064
GAD2,0.0212972592509319,185,0.270378421364172,0.473143662337743
ECPAS,0.0151540764996346,250,0.286999460019477,0.48736334970774
TOR1B,0.0156439889849279,221,0.32840549328848,0.525374425886074
RALGPS1,NA,NA,NA,NA
OR1J1,0.00873890661250227,170,0.68761770970569,0.802883666814262
OR13C9,0.0407407435219668,175,0.0691178900102217,0.228349013533121
DAB2IP,0.0174175674549967,200,0.325186060950801,0.522134351017322
SLC31A2,0.00862838639948879,202,0.629333985960393,0.763567030678701
ORM1,0.00539254481758171,208,0.773151153214732,0.859732234633065
STX17,0.0269449137100362,176,0.193866457740046,0.395749832629785
BAAT,NA,NA,NA,NA
GABBR2,NA,NA,NA,NA
PSMB7,NA,NA,NA,NA
PDCL,NA,NA,NA,NA
ENPP2,0.0637077880062996,232,0.00207566909377863,0.0358693644211189
DERL1,0.0435404141615045,90,0.275271112329263,0.478157785955468
CCN3,0.0328487234335389,215,0.0709594362977608,0.231490620053351
RANBP6,0.00714422676915838,193,0.712183598812861,0.819437192260647
RNF38,NA,NA,NA,NA
CCL21,0.0211798700872978,205,0.228852556770173,0.431355063345408
CCL27,0.02528585107527,173,0.226145381851264,0.428828967083005
DCTN3,NA,NA,NA,NA
HINT2,0.0183242592023422,191,0.323155184453369,0.520645721593688
KLC4,0.0206193991414597,204,0.242093663765091,0.44468427473993
GMPR,NA,NA,NA,NA
TMEM63B,NA,NA,NA,NA
TTBK1,0.0254174062523674,254,0.0924398649811081,0.265627094384605
TINAG,0.0398678576686946,253,0.0181733100143681,0.110651098458821
GCM1,0.0170982381983814,240,0.252276112003988,0.455549207781483
RIPK1,0.0170867399017312,259,0.220609725464917,0.42371972003034
TUBB2B,NA,NA,NA,NA
PSORS1C2,0.0191245394157153,195,0.2945103113012,0.494154623302886
MRPS18B,0.0095128199812105,216,0.563066920914972,0.715762082520519
IER3,0.0487377380254049,206,0.0186407772462323,0.112291164629072
PGBD1,0.175915420678743,195,1.86203913340721e-07,0.000296436630038427
GTF2H4,NA,NA,NA,NA
POU5F1,0.0585716431924958,209,0.00678217046068615,0.0673248035754473
CLPS,0.123564040852948,214,8.17704705956908e-06,0.00226579433835727
RNF144B,0.033121672542402,187,0.104051402310994,0.281537849975106
NRM,0.0228014329969095,171,0.275141406114039,0.47813119688843
FAM8A1,0.0364278631306492,209,0.0556127638336544,0.202714413332977
THAP12,NA,NA,NA,NA
LRRC32,0.00705931125679886,242,0.636646145275419,0.767979286439452
MRPL15,0.00266222680995088,194,0.915847156923818,0.950087919734605
PI15,NA,NA,NA,NA
TTPA,0.0401418982288265,209,0.0393144612459674,0.168987167880068
GGH,0.0140729903644928,247,0.325729972371854,0.522678206895292
SLCO5A1,0.0639217281929953,239,0.00164309547677404,0.0317067636245365
TGS1,0.0266368751027276,266,0.0700479178414639,0.229930484955898
USP2,0.0420428002478901,217,0.0282299686647279,0.141280642664703
HTR3B,0.0614101576200572,243,0.00193913504594727,0.0344446638008152
SORL1,0.0464156817779604,274,0.0054036919107482,0.0586712874469643
MMP7,0.0487770861757625,241,0.00845926983793854,0.0744029716692507
MMP20,0.0492163760256686,220,0.0129866159264088,0.0940827875078168
MMP27,0.0557438550274423,250,0.00307281169792171,0.0441656464783773
DCUN1D5,0.0759951245575365,63,0.194166921915681,0.396045790762031
FDXACB1,0.0333472337152757,259,0.0350532309858124,0.158479925394145
FDX1,0.0158050878979752,183,0.411056807123126,0.598702616989241
MMP13,0.0211456677076018,235,0.175638233123983,0.373630956583773
UNC13C,0.0200278978358046,265,0.151924359540511,0.344596374551726
CTDSPL2,NA,NA,NA,NA
THBS1,0.0135300007368989,230,0.376705699258015,0.570004013989554
NDUFAF1,0.0378668267794241,219,0.0410259533580611,0.173590213278494
KIF23,0.0148485178097029,238,0.318293515598839,0.516800894271648
HAUS2,0.0267044126420238,212,0.130804303669245,0.318167229093107
RPLP1,0.0570648266245751,54,0.387872977640622,0.580214968667015
TUBGCP4,NA,NA,NA,NA
RMDN3,0.00813492737240089,238,0.587488906507152,0.734635121578311
ITPKA,0.0136012278932501,177,0.494786790135587,0.66528764349312
PLCB2,0.0079410960078899,272,0.541457259863319,0.700884201811082
TMEM62,0.0282791923265344,252,0.068836553504176,0.228020923324272
ADAM10,0.0274641381730236,181,0.175978050821342,0.374041464496096
BCL2L10,NA,NA,NA,NA
RSL24D1,NA,NA,NA,NA
GCHFR,0.0177395663614641,94,0.648156014870187,0.776626198634098
MNS1,0.022422272733796,255,0.127415460095889,0.313367907304887
TTLL7,0.0311590928344534,241,0.0581217004727782,0.208107387467333
KYAT3,0.0516467020431234,233,0.00744495548652775,0.0702599495302907
ARHGAP29,0.0401354780721145,264,0.0143882316930368,0.0987170366372005
RTCA,0.0409840783118824,201,0.042114512756217,0.176261964331755
IFT172,0.0202565542711284,227,0.205439117315564,0.408632297068722
SELENOI,0.0165770537605806,220,0.304242430047795,0.503813754919869
CGREF1,0.00963715487598472,239,0.51373986002265,0.679579440927344
KHK,0.0148449964619323,197,0.405771038789348,0.594968909742244
DYNC2LI1,0.00428410007339941,203,0.833771357103821,0.899145808981733
PREB,0.00613460305655629,216,0.724640656140233,0.827184649958556
SLC3A1,0.0266176543638115,256,0.0789882370899984,0.244291934817441
SIX3,NA,NA,NA,NA
LRPPRC,0.0524827430527402,282,0.00204550438874256,0.0353961194225886
LOXL4,0.00712694545009072,261,0.603468757299941,0.74438528745492
BTBD16,0.0575000927694104,261,0.00185985867077315,0.0337173359357876
KIF11,0.0225539150550622,257,0.123149100935947,0.307059691027829
ARL3,0.175107503031379,51,0.0327264776281734,0.15318060237869
EXOC6,0.0157408149654996,207,0.35571076814718,0.550064636124633
DBR1,0.0317828613253853,232,0.0617645670862453,0.214985932334086
TOPBP1,0.0155586812010611,270,0.24213924664898,0.44468427473993
DNAJC13,0.023423972997296,231,0.145523494638894,0.337839450915231
GPR87,0.0268169253529519,198,0.152213599828628,0.345068068248026
BARD1,0.0199437931414117,262,0.157364695481161,0.351922170614234
MSTN,NA,NA,NA,NA
ASNSD1,0.0208506071761327,261,0.143431038915905,0.335550645046467
SSB,0.0409829141435779,175,0.0678367042621009,0.22616970300579
PPIG,0.0067949180413116,193,0.728035292951855,0.828889369213226
CRYGB,NA,NA,NA,NA
CHRNA1,0.0321676381172732,217,0.0735669494385943,0.235355103755322
WDR12,0.0193544093376721,184,0.315373858832848,0.514026294611613
ABI2,NA,NA,NA,NA
ITGAV,0.0142532607249235,224,0.364917601860544,0.558403289354306
SLC40A1,0.0160970557193137,232,0.293518932802538,0.493670490320461
COL8A1,0.0205144127826581,219,0.214788659405076,0.418029058246845
SLC49A4,0.0198662659210413,171,0.337032729903064,0.534418432276571
GUCA1C,NA,NA,NA,NA
CCDC54,0.0280982509192895,229,0.0934278039132725,0.266972517531846
WBP11,NA,NA,NA,NA
EPYC,0.00962880262568734,221,0.548212065500798,0.706367456702898
TRHDE,0.000132294218739876,227,0.998637298706164,0.998951039610564
OSBPL8,0.0263983785406884,204,0.147327643014293,0.339613549580097
INTS13,NA,NA,NA,NA
GYS2,0.0690713839491379,238,0.000952185000920737,0.0244496535720292
ABCC9,0.0303159993641756,197,0.114469598149695,0.295226299862501
SYT1,0.0804987117837748,92,0.0622190091090314,0.215768954542886
ACSS3,0.0730564318580981,219,0.00117412558751114,0.0268944071594951
PPP1R12A,0.00678702759719033,191,0.731619523965688,0.830546952244139
HAL,0.00725192275261636,218,0.665375225271142,0.787932949237868
CDK17,0.000628460686600295,85,0.996824681608798,0.997889733121296
TMCC3,0.00612538726198837,218,0.722209063536134,0.82575227876795
IRAK3,0.0463540650431414,272,0.00568635852154116,0.060665313375381
RXYLT1,0.0744862384766308,221,0.00094454045736737,0.0243515531680786
MNAT1,NA,NA,NA,NA
TRMT5,0.0373122442985349,244,0.0284148298852028,0.141905806295702
C12orf4,0.0152248581282431,186,0.42077475089022,0.606426075290013
RAB21,0.00836950396314933,91,0.860611873030313,0.915863810944628
FAM189A1,0.0340393053582258,253,0.0354625753868796,0.15897619152668
LIPG,0.00830348860344661,250,0.558501655355785,0.712947487482338
TGDS,0.0145391995960189,191,0.429719021699064,0.614072812152461
PSMC1,0.0551002770254112,34,0.610958789580145,0.750530759130628
GALC,0.0752571074819079,256,0.00024968136550374,0.0119536601720829
PPWD1,0.00640221477834882,183,0.761361565719764,0.852007811352862
PEBP1,0.0242845952753772,187,0.21078471375551,0.414101437624564
C12orf49,NA,NA,NA,NA
MOCOS,0.0199482239603755,260,0.159997213314019,0.355321009620999
LMNB1,NA,NA,NA,NA
SNCAIP,0.00517728488083928,262,0.716995667039971,0.821973803324538
SNX24,0.0236593481706262,77,0.615346206979532,0.75385237515307
HS3ST2,NA,NA,NA,NA
REXO5,0.0618867178960915,200,0.00637708149488957,0.0648192417549191
XYLT1,0.0191369224042565,246,0.196076471455537,0.398155283873999
DNAH3,0.0016446270059003,277,0.928892504107456,0.957512634978681
NUP133,0.0529562809416637,259,0.0034021205055872,0.0462557595862662
NUAK1,0.010416028337198,232,0.492499646696701,0.663928716857687
VWF,0.00946467652063323,282,0.447141023513765,0.627110238461767
LPCAT3,0.0536042637412726,230,0.00649697749014005,0.0658277687465583
HEXB,0.0557202852937525,263,0.00219376203799333,0.0369328654860956
UBE2K,NA,NA,NA,NA
N4BP2,0.0237736983801241,272,0.0919509938355111,0.264832170395538
KLF3,NA,NA,NA,NA
TBC1D1,0.00715973792050429,268,0.590944985308134,0.737219642754863
RSBN1,0.00701621012608249,204,0.699850874931585,0.811849962940948
CASQ2,0.0170679640462247,212,0.307854497832801,0.507246341066637
PPP2R5A,NA,NA,NA,NA
PPP2R3C,NA,NA,NA,NA
PSMA6,NA,NA,NA,NA
MAN2A1,0.0996444384280316,273,5.60099814451953e-06,0.0020919959970226
EPB41L4A,0.0738237813157022,211,0.00143356168478095,0.0296209062031858
ENOX1,NA,NA,NA,NA
USP22,NA,NA,NA,NA
B9D1,NA,NA,NA,NA
MSMO1,0.00901421132478934,206,0.60456437308665,0.745447948071602
ICE2,0.0194969643613894,271,0.153443631787354,0.34668406855486
GPATCH2L,0.00618352035140465,205,0.738309687925327,0.835312444293948
POMT2,0.0200193923569304,244,0.181975877755729,0.381442524538671
MIB1,NA,NA,NA,NA
TMEM260,0.0192167078591489,252,0.185195406475552,0.385463098034423
IPO5,0.0245666489537006,185,0.210489943580694,0.413868708475344
PALB2,0.00642326184105165,254,0.653715378937932,0.780266942111425
KIAA0556,0.0323238689882902,280,0.029047780941288,0.143487792382064
DSG2,0.0371646085009498,267,0.019562368855137,0.115559522142405
NOL4,0.00200809498722179,186,0.946065401444918,0.966928075876734
RNF138,NA,NA,NA,NA
LPIN2,0.0732447653752096,238,0.000596194047947592,0.0196487064797422
NDC80,0.00478886390283618,213,0.797564600184855,0.875746421928986
USP14,NA,NA,NA,NA
HERC2,0.0871050664953057,252,6.96433533006609e-05,0.00611708791473943
SLC7A5,0.00321172399193455,193,0.892610149622645,0.937126606676614
CYBA,0.0169825261190123,199,0.339032639309938,0.535575264717551
UTP20,0.0248710927110451,283,0.0714640296204971,0.231891381321277
COX10,0.0275173299863122,241,0.0856440017228899,0.255268431065464
TTC19,0.0248762436737323,218,0.144859203585765,0.337221357187978
TNFRSF13B,0.0463669510813506,188,0.0340063950898429,0.156468731164826
BFAR,0.0302338539872629,211,0.0958070253951559,0.270706927027234
KPNA3,0.0824529673213882,37,0.226694176080097,0.429302823166789
MPP5,NA,NA,NA,NA
CDK2AP1,0.0141187366861163,60,0.841557353940204,0.90455519113701
RTRAF,NA,NA,NA,NA
UTP6,0.00341569475086261,237,0.848006496186064,0.908038568641812
BLMH,0.00926325940603475,198,0.609539666431505,0.749406042250376
TAOK1,0.0827034768221226,76,0.102151553959558,0.279185019577024
BTBD1,NA,NA,NA,NA
CUX2,0.0503922969947276,259,0.00463398380155884,0.0542947724900215
LHX5,0.120764440241679,79,0.0242019540624445,0.129293660628898
ALDH2,0.0261905750224078,195,0.165963124708662,0.361377025642452
ERP29,0.00658722357250431,195,0.734382421821193,0.832273938807147
ANKRD13A,0.0334306378999625,209,0.0733923836307076,0.235032788011238
TRPV4,0.00253535922406433,224,0.904308878448931,0.943188754068102
NAA25,0.0180962945777075,209,0.288097944908952,0.488371486246429
CHRNB4,0.00533954974277943,227,0.751388660741312,0.844685685089208
VAC14,0.0217245860955277,220,0.190425234544539,0.391549206838755
TANGO6,0.0280075351317484,273,0.0546015890507935,0.200901521942116
ARG2,0.0395767808512642,201,0.047793815524589,0.187523732138375
TM9SF1,0.00451664187325681,175,0.852837539425017,0.911755133225638
IL17B,NA,NA,NA,NA
NDST1,0.0199594505947004,175,0.324288131320988,0.521415684951913
CSNK1A1,NA,NA,NA,NA
PDGFRB,0.00590453952350514,256,0.680965181111384,0.798671382874536
FAT2,0.0582641546971171,253,0.00210902811650833,0.0360752814956956
PFDN1,0.0640625524346456,43,0.441822453801163,0.62328874297869
PSMD9,0.0243926055249416,225,0.14081116277845,0.331921334285831
ANAPC5,0.0311432418600721,178,0.137901587102601,0.327501116466388
CYP46A1,NA,NA,NA,NA
GNB5,0.0440437700737325,90,0.270244893729679,0.473105012582982
MYO5C,0.0192628229257019,264,0.167018873526267,0.362995285534221
MAPK6,NA,NA,NA,NA
SPPL2A,0.0310527041072243,237,0.0621343994801859,0.215754061396443
GLCE,0.032813318447137,189,0.103675688128116,0.28099010902039
CORO2B,0.0113099655446593,99,0.775052327967219,0.860898870485828
SPG11,0.0670582633792071,283,0.000285308437987547,0.0127052037280049
SLC30A4,0.0329141941740242,200,0.0877142570305037,0.258295671107629
EIF3J,NA,NA,NA,NA
HACD3,0.00715589314730841,181,0.731970099447087,0.830844078298453
APH1B,0.043253199898201,204,0.0323576688055793,0.152258356380523
AAGAB,0.0420787127817934,216,0.028673478103957,0.142316998102883
TIPIN,0.0101619671173367,227,0.513171693586413,0.67936678427222
CILP,0.0213737968258828,256,0.141640521837381,0.332951566594962
TRIP4,0.015165749621913,234,0.316427869486307,0.515085039082006
PARP16,0.0342664727907644,194,0.0852948837742637,0.254884007449325
SNX1,0.0103853648637574,222,0.513447675605054,0.67936678427222
RAB11A,NA,NA,NA,NA
LACTB,0.00975773031698795,227,0.530915605273995,0.693131308967095
CCNT1,0.0192925101952422,208,0.262161498425017,0.465285513369706
HCN4,0.00921842880521521,223,0.562813568523861,0.715694039405098
SEMA7A,0.0310839234253206,246,0.0546623652982151,0.200901521942116
LOXL1,0.0227781587979079,217,0.177743522085961,0.376533736429844
FLT4,0.0127138388156555,245,0.376138258725346,0.569547501056684
FAF2,NA,NA,NA,NA
CNOT6,NA,NA,NA,NA
TUBGCP3,0.0483337568167,204,0.0202359876017597,0.117790465308963
RBM25,0.0608573798447218,80,0.18642952855064,0.387019800427212
LTBP2,0.001646192189334,277,0.928799957138616,0.957512634978681
VSX2,0.00057676463918012,176,0.991725127706106,0.995084788975417
SPAG9,0.000266180172812853,230,0.996069863195288,0.997401193305699
SGCA,0.00135453433722767,239,0.955766053334264,0.973110277021759
ATP5F1B,NA,NA,NA,NA
RBMS2,0.061173662995635,184,0.0107179296651905,0.0845746915835598
IKZF4,NA,NA,NA,NA
PTGES3,0.00149453809075633,30,0.997631156458157,0.998318181522479
PIK3C3,NA,NA,NA,NA
MEOX2,NA,NA,NA,NA
PHF3,0.0345410825565197,277,0.0229793238879977,0.125715064019561
ATF1,NA,NA,NA,NA
CALCOCO1,0.0200461309605891,236,0.194237292926151,0.396125886742588
TSPAN13,NA,NA,NA,NA
RAB27B,NA,NA,NA,NA
ZDHHC2,NA,NA,NA,NA
MTUS1,0.028891000810337,254,0.0626627777517149,0.216632230577047
EFCAB1,0.0285254584369704,176,0.172387170826589,0.36955445339967
MCM4,0.0411649373376017,220,0.0290905150198669,0.143537843956083
MYOM2,0.0261289460966785,262,0.0778736189383409,0.242314307348537
TWSG1,NA,NA,NA,NA
ANKRD12,0.0388920486530612,252,0.0207023338678206,0.119305395538716
CEP76,NA,NA,NA,NA
RBL2,0.00221966909724216,241,0.911646230966053,0.947891778723459
LPCAT2,0.0142708624141438,247,0.319385781936529,0.517543150623935
CACNG4,NA,NA,NA,NA
WIPI1,0.0151613797571807,203,0.382074025964861,0.574712979176624
WDR59,0.00646033309848019,196,0.738708722036573,0.835689668134464
MTFR1,0.00318280349402153,237,0.861113970855396,0.915863810944628
CDH19,0.00113854609701633,263,0.960348059917953,0.975943590873512
SMAD7,NA,NA,NA,NA
SMAD2,0.141521784666946,32,0.222577482613816,0.425619381965164
VIPR2,0.0329336899713075,229,0.0573306916339608,0.206319211260278
KCNH2,0.106604155196474,209,6.00225770537892e-05,0.00574772587486511
RHEB,0.114667621434539,20,0.536158993263786,0.697499585108026
SMARCD3,0.0269431769431768,36,0.815037738589671,0.887478047045756
KMT2C,0.0378214004082636,282,0.013918464543497,0.0972893683198029
PSMB1,NA,NA,NA,NA
ADNP2,0.0349618340479357,252,0.0324307270543604,0.152358412429772
CRISPLD1,0.0247836200705244,189,0.198511938941119,0.400736733928371
TRPA1,0.0507055216478866,251,0.00539137818241046,0.0586689218845262
TRAM1,NA,NA,NA,NA
ARFGEF1,0.0382924741106408,203,0.0518161641681194,0.194612405439448
ANXA13,0.0371158200439273,252,0.0253707490167286,0.1325727289591
TMED2,0.335623567608862,33,0.00465423797608869,0.0544155489561768
YY1,0.0979039706992532,77,0.0591018130846072,0.209963930668217
RCOR1,0.0362021998700189,179,0.0918977017944024,0.264832170395538
MOB3B,0.00194383888715852,39,0.994777468469328,0.997251603130788
SCPEP1,0.0315206028582189,260,0.0427443207539101,0.177383543087719
LPO,0.0186986150877661,262,0.180771991332523,0.379805266851537
VMP1,0.00954979112471695,187,0.620114350078243,0.756927004274153
PRR11,0.0204697683344977,229,0.197860314889093,0.400087556977742
TRIM37,0.00898455065384839,241,0.540608680769497,0.700379161440521
LMF1,0.014272331317316,233,0.34608950566348,0.541764496574493
NUBP2,0.00844255080947998,211,0.620842071527531,0.757452306061369
PKD1,0.0207492642545223,261,0.145067356987381,0.337471949018
RHBDF1,0.0244878824092455,224,0.141002236686343,0.332096252498081
CLCN7,NA,NA,NA,NA
TELO2,0.012379569010266,269,0.345183334038196,0.541124760267755
AXIN1,0.0178718328537061,240,0.233613015811119,0.436452305907351
RPE65,NA,NA,NA,NA
WLS,NA,NA,NA,NA
SLC1A1,0.103296541832402,236,2.18893387428333e-05,0.00331884069319911
FAM86B2,0.0196474471437994,249,0.181369806590639,0.380711078342002
GLIS2,0.032444880923957,190,0.105357999467394,0.28350853062619
CREBBP,0.057434039794703,224,0.00507125516351011,0.0568530753009893
MGRN1,0.0909935715648157,211,0.000259614412161428,0.0119798882365505
ALG1,0.021224436993468,241,0.165051522679029,0.360900098764181
DNAJA3,0.00357331917622814,226,0.848510811095986,0.908425831381849
UBN1,0.0619795572050357,249,0.00152559597733716,0.0305654171199399
N4BP1,0.00761393362558656,242,0.607357389251844,0.747516786771501
WSB1,0.00704903652662216,173,0.750023628034012,0.843842838042507
TRAF4,NA,NA,NA,NA
RGS9,0.0891250152416877,233,0.000122853127339264,0.00853550947110856
ITGA2B,0.039292151896545,270,0.014296190557528,0.0985261271324007
MAPT,0.0185391493340328,257,0.191367705081249,0.392673353853588
DHX8,0.0048778218190011,191,0.818959353317057,0.889802621041293
SLC4A1,0.0583445992968883,261,0.00167730601851757,0.0318838350027459
CRISPLD2,0.034371941352129,256,0.0325864297608088,0.1528792799245
FOXF1,NA,NA,NA,NA
COTL1,NA,NA,NA,NA
ATP2C2,0.0384050834395573,253,0.0215104290593297,0.121434762632812
MLYCD,0.0153945770431612,213,0.352733968559198,0.547679958044092
METTL2B,0.046961079255912,247,0.00908473755540418,0.0776563231434013
SMURF2,0.0995578821148178,91,0.0298246291507608,0.145423612888243
GLP2R,0.00972033563369339,240,0.508098550123146,0.675481832925296
DNAH9,0.082573688745635,278,4.29225700897926e-05,0.00475358132750955
CHD5,0.00103670670681087,237,0.970076142102087,0.981637513571601
ERP44,NA,NA,NA,NA
INVS,0.0336295951375096,273,0.0273958478822997,0.1388448383804
GINS1,NA,NA,NA,NA
SLC27A6,0.017829424225736,233,0.247104381163991,0.450040499119915
ISM1,0.0251906178873826,205,0.161905176737679,0.357493816042142
GNAO1,NA,NA,NA,NA
CFAP20,NA,NA,NA,NA
CSNK2A2,NA,NA,NA,NA
COQ9,0.0577802778836391,231,0.00405065994336145,0.0505776519986778
NLRC5,0.0340030804891579,281,0.0231104506658693,0.126215565900734
SRCAP,0.0606526726195791,273,0.000896442540902105,0.023748421141523
SETD1A,0.0264004672659516,254,0.0828526528389888,0.250822768375888
PCSK2,NA,NA,NA,NA
DZANK1,0.0333404291266053,258,0.0356138062515488,0.159404916928697
SPTLC1,0.0103263636603589,189,0.584667177040012,0.732545122162479
ZC3H3,0.0371861858997096,262,0.0212418292413262,0.120828913451331
RPL8,0.0833333333333333,7,0.479500122186953,0.654475785679245
DOK5,NA,NA,NA,NA
TTPAL,0.00724907565563685,193,0.707452691375023,0.815838235906582
SLC9A3R1,0.0160907590259043,217,0.323940018038241,0.521127961243725
ATP4A,0.0492136549220185,191,0.0249750715571087,0.13132986971741
RBM42,NA,NA,NA,NA
VAMP7,NA,NA,NA,NA
CCNE1,0.0176612314967112,220,0.276096637346535,0.478808111825363
BPNT2,NA,NA,NA,NA
RAB2A,NA,NA,NA,NA
ANOS1,0.04851850034373,199,0.022223303419112,0.123434798231928
CDKN2C,NA,NA,NA,NA
ACIN1,0.026636289701493,253,0.0816539800774777,0.249306933616775
AJUBA,0.0347313360447399,195,0.0807387203578895,0.247725038812191
TEP1,0.0293432957001088,283,0.0406608642094542,0.172503919577484
CDH20,0.0280806895132703,211,0.116733160437004,0.298117812577838
PHLPP1,0.0259026790993419,225,0.121640362899287,0.305026216188784
EFCAB6,0.0140793093700988,266,0.292012618054569,0.492071011318205
PPARA,0.0651223163658038,187,0.00700673662771474,0.0682768153715187
PRDX1,0.0355852799910771,99,0.32240552411325,0.520182633962642
PGS1,0.0382567768493795,215,0.0423019573458436,0.17635277537043
TIMP2,NA,NA,NA,NA
LGALS3BP,0.0143194898885663,231,0.348550765683865,0.543894233922359
ELL,0.0439404136298761,234,0.0166468167973585,0.106054421179865
MAST3,0.0904992562817735,215,0.000229569290224972,0.0115564999221551
COPE,0.0237734013366436,173,0.252010110664166,0.455197953399351
MAU2,0.0456443667567137,30,0.723516282592619,0.826505498351907
TRPC5,0.00042145719525381,173,0.994920551244407,0.997269647461732
MID2,NA,NA,NA,NA
AMMECR1,NA,NA,NA,NA
PRKX,NA,NA,NA,NA
RRAGB,0.0476446779394886,95,0.214207104428311,0.417594012245366
HUWE1,0.035969234363054,218,0.0502111668726957,0.191376091480216
BPI,0.0430554213622645,251,0.0130737961311465,0.0944741238623749
SLA2,0.0206592512188754,238,0.179554357268129,0.379209618422644
RALGAPB,0.00337336034992894,197,0.882294861375752,0.930512087460113
XRCC1,0.0371620849787092,228,0.0378135825156173,0.164813197220982
MARK4,NA,NA,NA,NA
HACE1,NA,NA,NA,NA
ATRN,0.0035641673307954,226,0.849003517258851,0.90864779796712
CNPY4,0.00830871281955594,215,0.619719930623176,0.756880805179974
RASA4,0.00509227933686238,230,0.761138190586753,0.851987048907369
ARPC1A,0.0901657187841401,64,0.128235894846295,0.314139710860245
MYDGF,0.0367537163895103,178,0.0894494774890313,0.261410863997316
MAP2K2,NA,NA,NA,NA
TLE2,0.0293563324177903,200,0.119560140669871,0.302486680884282
GNA15,0.0187865935634038,194,0.304807490150315,0.504224989551164
DPP9,0.0535781600236175,211,0.0104412448143101,0.083444138236426
ZFR2,0.0207098744311549,198,0.252970360128154,0.455924392933604
YJU2,0.00786226796915009,171,0.720464347965216,0.824538769040384
PIAS4,0.0430203820450163,192,0.0417355386874268,0.175100050989436
ZNF330,NA,NA,NA,NA
GAB1,0.0279895633250521,230,0.0932962413442414,0.26665640254943
UCP1,0.0666392454476641,194,0.0049461864517767,0.0560949516026964
NOMO3,0.0459617463342567,254,0.00877113236539986,0.0759926134732875
MAPK3,NA,NA,NA,NA
EEF2K,0.020896621010838,243,0.167671858360709,0.363484049035232
DHTKD1,0.0752325818964958,243,0.00039879356826308,0.0156416325083244
PHYH,0.0649899899414851,246,0.00117620797643206,0.0268944071594951
SORCS1,0.0711546718182602,233,0.000892063275258543,0.0237188264586489
EPC1,0.0337501913775066,194,0.0891203642012817,0.26068832302883
MTPAP,0.0383837049235247,258,0.019752743472172,0.116321326662056
SCARF1,0.0424407252875539,255,0.0129773033723787,0.0940827875078168
SMG6,0.0483556000588587,256,0.00633212444277909,0.064465177380683
ASPA,0.0143191949506924,193,0.431916621351346,0.616280298282714
DPH1,0.0547306579702713,241,0.00435284475263751,0.0525477068906079
ITGAE,0.0240257729382393,260,0.101265122105098,0.278375263356471
PLD2,0.00749589789511928,261,0.583073114870327,0.731051308425722
METTL16,0.00945245302124338,218,0.561851867296479,0.71538417709741
SLC27A5,0.0491960560214979,230,0.0103716249090711,0.0832868946039906
A1BG,0.000843309291725904,225,0.979360806348415,0.987189491860183
CCDC6,NA,NA,NA,NA
RAB36,0.022511315589781,210,0.194728677654754,0.396429737629628
CABIN1,0.00832456986942379,256,0.547320932122494,0.705605768955571
PRKCQ,0.0261089555036349,211,0.139666136729618,0.330077550081354
SLC17A6,NA,NA,NA,NA
CAPZA1,NA,NA,NA,NA
PALMD,0.0056791051113517,255,0.695605126442392,0.808766376699863
KIF18A,0.0251863026985349,267,0.0821161282160351,0.249840183697903
BBOX1,0.0231217361138118,233,0.146987674223277,0.33908872843545
MSH4,0.0587076764063755,250,0.00217376401901893,0.0368152374284909
DGCR2,0.0629483885189639,232,0.00225395417741657,0.0372419537158017
UFD1,0.0713732868715287,92,0.0898611213243976,0.262072645108204
MED15,0.0124474172324862,192,0.497844847705256,0.667286042977704
ARVCF,0.0642671846366342,224,0.00248685668806334,0.0393448531418319
HIRA,0.167652241774482,189,6.61025241374631e-07,0.000647601344165177
PPM1F,0.00546967641264428,251,0.713189326098177,0.81985551558682
UBE2R2,NA,NA,NA,NA
SYP,NA,NA,NA,NA
ACTR3,NA,NA,NA,NA
DDX18,0.0444282952473767,235,0.0154816703439991,0.101969180073081
ARFGAP3,0.0126699285557937,221,0.4255809016915,0.610933088812324
PACSIN2,0.00637023402301086,186,0.758166993862022,0.849615204649866
EP300,0.0114171149541705,224,0.467032216806577,0.643064030062415
DESI1,0.0445919394134118,68,0.393531686379585,0.583855828523582
PLEKHA4,0.030311058749635,253,0.0541073140522186,0.199974100919633
FAM83E,0.0040073820492633,229,0.82212456766369,0.891872103387117
MREG,0.0390474692515893,183,0.0685753759329608,0.227678828957818
GRIN2D,0.00905865332129358,190,0.634250268296981,0.766519506834564
LIG1,0.0360145141032056,240,0.0349917484419862,0.158426913671218
OPA3,0.0223180952885101,199,0.21963167615993,0.423021859462834
EHD2,NA,NA,NA,NA
HSD17B14,0.0121937703504541,197,0.495502756861271,0.665520671606474
LY9,NA,NA,NA,NA
P2RX3,0.0377396766705785,196,0.0612877296008753,0.213859651301411
NOX4,0.0152652602899171,232,0.317370280237918,0.516223229771408
TYR,0.00457320011814876,243,0.775453446103921,0.861119111481345
IL37,0.0662700522431655,93,0.106992410844447,0.285372847018824
IL1A,0.0437502801259963,245,0.0136191432500157,0.0962560535139841
IL1B,0.0212878303282159,250,0.15105893782801,0.343428531270536
TCF25,0.0665787773323109,235,0.00138283185881177,0.029255392946556
NAPA,NA,NA,NA,NA
ITPKC,0.0291248408854452,236,0.0770282838745494,0.240840425330775
KCNK6,0.0171219266409987,210,0.310724926870878,0.509316945769305
BRD4,0.0458446669510492,212,0.0215581835787251,0.121650432458415
IL27RA,0.0444516460057977,265,0.0083474206140761,0.0739309797919842
ASF1B,NA,NA,NA,NA
ILVBL,0.0197506332516653,247,0.18244450600967,0.38217322837815
FAM32A,0.0396173163376272,54,0.551969863332246,0.708229717852053
NOTCH3,0.0514882076443276,237,0.00688270469209502,0.067574398216098
MED26,0.0641899630887197,215,0.00328643805150031,0.0455991128953376
COMMD9,0.0152617059801828,175,0.447836299630459,0.627713297647016
LIFR,0.0137182862432518,275,0.288713657714895,0.488942603895844
C6,0.00177033582818712,270,0.924083764956784,0.954744125130981
PRKCG,NA,NA,NA,NA
PPP1R12C,0.00105923860871007,237,0.969143869956802,0.981083882661937
PTPRH,NA,NA,NA,NA
ALG6,0.0519935856061788,228,0.00809109708329794,0.0729286712334625
WDR11,0.0742335154953196,238,0.000533491692007076,0.0186663466741816
CEP126,0.116429039375345,276,5.18798718814487e-07,0.000647601344165177
PARP12,0.117384730925978,251,1.89400332060037e-06,0.00131358166075319
P4HA1,0.0164035929272421,177,0.409372496080077,0.597858361612372
VPS26A,0.091962135122324,52,0.195950327552328,0.398000631114208
PALD1,0.0176141418061982,259,0.208359676185141,0.411752407578305
DDX25,0.0184821391093929,192,0.316880650410649,0.515690258577821
FOXRED1,0.0592352886548528,267,0.00127201055056948,0.0279315971931946
DCPS,0.00323786995689238,222,0.869535935413753,0.921561926722939
SIAE,0.00671480860311834,264,0.622362685593025,0.75856889811636
BARHL1,NA,NA,NA,NA
ARID3A,0.0100587037275106,221,0.529409036340723,0.691914639559053
TANC1,0.0146012037417471,267,0.274274544735777,0.477202074081123
LY75,0.0368815387162576,279,0.0165330386537149,0.105842514381309
CD81,NA,NA,NA,NA
OSBPL5,0.0408934536172764,238,0.0213765863953587,0.121156800351194
CNRIP1,0.0166460894054192,82,0.717689105009807,0.822466274312624
PNO1,0.0225982966145755,186,0.242602824104672,0.445214635129265
TAF1B,0.0331407766613674,259,0.0359074592478798,0.159845494987454
CNTN3,0.060501326285808,241,0.00227603267972121,0.0375000675406589
PDZRN3,0.0528916906980787,228,0.00736122183826344,0.0702599495302907
CHRDL2,0.0381273778009819,227,0.0348446146840986,0.158097973857029
SPCS2,NA,NA,NA,NA
ARHGEF17,0.0194455432758805,252,0.18073414423349,0.379805266851537
POLD3,0.0184694984237818,222,0.252769883112713,0.455794595968217
SELP,0.0225778455576996,276,0.101877158306196,0.278900910710817
SNRNP40,0.0165236911163019,67,0.779352539499555,0.863603280821542
DNAJC8,NA,NA,NA,NA
MECR,0.030558236348209,249,0.0555768144019427,0.202699400980281
TFCP2L1,0.0109082692835799,176,0.591518407660782,0.737357192910612
PTPN4,0.0251681308020981,205,0.162223167237645,0.357885719372709
CLASP1,0.0697321144443636,211,0.00214784801693633,0.0365220191504688
EPB41L5,0.039272596377673,243,0.0232891815855835,0.126811037483536
LHX4,NA,NA,NA,NA
FAM20B,NA,NA,NA,NA
EPAS1,0.0056691533187932,247,0.706798259621364,0.81545272529556
SRBD1,0.0027483671103068,257,0.872361109443124,0.923480266799736
KAT2B,0.018596106394258,184,0.333550567228282,0.53094613476058
FNBP4,0.0287889716726239,253,0.0642043615810474,0.218570176977655
NDUFS3,0.0635756320566328,213,0.00370902403877551,0.0479211404703757
ACCS,0.0378274888018054,244,0.0268431419024623,0.137133676401829
CHMP2B,0.0354005076021727,47,0.442988408652204,0.624044833490161
WDR76,0.0202446179837509,255,0.161680459103623,0.357203706346711
TYRO3,0.016562831347739,242,0.262368020012579,0.465473726369554
OSBP,0.0245775006917237,190,0.199703130338927,0.402121591778115
ZC2HC1A,0.0245843843774691,202,0.176134167514932,0.374310822204267
IL7,0.0225716572431326,189,0.236345436592475,0.439173545439417
CHMP3,NA,NA,NA,NA
POLR1A,0.0230208559028684,267,0.105751657900833,0.283961133398127
VAMP8,NA,NA,NA,NA
MAP4K3,0.0229486489211402,191,0.225100189585446,0.427944903595067
RND3,0.13470204989671,30,0.271754768042191,0.474695663622986
USE1,NA,NA,NA,NA
STAM2,0.0176518391744276,232,0.253208370479781,0.456197737506081
GRB14,0.0497031708876592,186,0.0268064643008868,0.137133676401829
STRN,0.00228890003671529,177,0.939653868212032,0.963643569796055
CHIC2,NA,NA,NA,NA
KDR,0.0142561373335973,269,0.281493908606356,0.482582638310748
LNX1,0.0293142794760137,260,0.0552312721190635,0.202066833860064
TNFRSF8,0.00488816748125097,256,0.741878765592374,0.837974723433317
PKP1,0.0191009417062899,246,0.196808137763061,0.398837513515465
GTF3C3,0.0868487757495712,200,0.000618092972200438,0.0197037574511581
COQ10B,0.0251009102376708,204,0.1649373237895,0.360873003913946
USP13,0.0022916239238409,184,0.936213262273943,0.961736740467893
PIK3CA,0.0281168032563861,82,0.516852514937583,0.682000887313957
SLC9A1,0.00890779070769914,214,0.593980927038353,0.739052470375192
GATB,0.0232130369276562,264,0.106610670949346,0.284854099822057
EHBP1,0.066178876872233,254,0.000798074491377473,0.0227388740988445
SLC7A6OS,0.0246335761639893,221,0.14354047710937,0.335683348598041
CKLF,0.00829523552529829,200,0.647937696119695,0.776598390530815
LCAT,0.00848810388307833,224,0.594941662107249,0.739669758746381
CDH3,0.0169913750421809,265,0.21356730291824,0.417148097610689
NECTIN1,0.00725958510561765,203,0.690038219147883,0.804791827753429
SC5D,0.0272323679297862,221,0.112043010434442,0.292054805749704
TREH,0.0240193947077524,197,0.194487075928063,0.396254583109872
UPK2,0.00904460131834344,198,0.618906404234514,0.756396823975197
CBL,0.00805833623041864,231,0.603380278446964,0.74434823966491
MCAM,0.00440156617929149,261,0.766366243681347,0.855232613901015
GPC1,0.0627867850519369,205,0.00506956994129859,0.0568530753009893
FARP2,0.0204558600265547,258,0.153906755752914,0.34743303330046
SLC5A7,0.035815597190301,209,0.0588665222014746,0.209566414969061
NGEF,0.0131280994560237,230,0.390649509336165,0.581902720703282
DGKD,0.0668736347458823,223,0.00195314440171211,0.0345970057026502
EFHD1,NA,NA,NA,NA
DNAJC10,0.0534679228088823,231,0.00643015916769763,0.0652213554757915
TUBB4A,0.531461988304094,19,0.0226362369309171,0.124857130165509
MCOLN1,0.0290081120296229,212,0.105882777888906,0.283961133398127
GPR108,0.0347067186647564,231,0.0463738226030991,0.185105363237678
DGUOK,0.0162654125520217,216,0.321143148968248,0.519060103562099
LOXL3,0.0196329785735838,228,0.216186477157795,0.419270743578754
HAT1,NA,NA,NA,NA
ATF2,NA,NA,NA,NA
LAMC2,0.0062866166312928,282,0.622243291052688,0.75856889811636
OSGEPL1,0.0233940576119506,240,0.133285636294168,0.321501110576235
MCM6,0.0161750107935905,193,0.375628254649042,0.569117469808494
CCNT2,0.00425339411721792,212,0.82603923990106,0.894290696989111
RAB3GAP1,0.028619622136162,227,0.0909317005105121,0.263485908804579
ZRANB3,0.00543315227617545,266,0.696235890924681,0.809166896224962
DARS1,NA,NA,NA,NA
LCT,0.0577035181022948,264,0.00167223748062839,0.0318350023217984
AGPS,0.037795799178188,206,0.0515140513818166,0.193877942789248
ORC4,0.00415921222604421,214,0.828826118913845,0.895952935250397
KYNU,0.0298040016612559,244,0.0645609279011619,0.219266127399786
ARID4B,0.0860363564580104,247,9.72904069540757e-05,0.00739791027219501
NID1,0.0142337166254018,268,0.283839335455741,0.484155193750436
CYTIP,0.00231028671871059,233,0.910917112150682,0.947365698215833
MUL1,0.0174608756376813,197,0.330976033063945,0.528178575465329
NMU,0.0122401657263939,220,0.443534828516032,0.624437641585519
PPAT,0.0548502371648187,190,0.0156929929367745,0.10265329123922
SRD5A3,0.0123645253708497,219,0.440998259800339,0.622746849630459
NOA1,0.0743914578227345,258,0.000258386589108589,0.0119798882365505
UPK1B,0.0074443894524031,187,0.709135256126234,0.817109452504966
ARHGAP31,0.0296311639037391,271,0.0460031450834536,0.184186122534695
CD80,0.0373538361443181,195,0.0644383530578344,0.218908206066839
CHST10,0.0574139022713464,181,0.015926632383057,0.10364818518593
PDCL3,0.0221454435011705,197,0.226965579295682,0.42964233322084
TXNDC9,NA,NA,NA,NA
IL1RL2,0.101456609828458,250,1.36058403112953e-05,0.00298765486559754
RPL31,NA,NA,NA,NA
IL18RAP,0.0406606368879989,271,0.0118434032938365,0.0898377512509244
GFM1,0.0438732622791804,251,0.0118984448510048,0.0901520427175284
LXN,0.0398188466044025,181,0.0667495288630291,0.223775203895641
ALS2,0.0072097772858394,255,0.608151087401308,0.748200802676994
NOP58,0.00421189696649678,177,0.863450867965847,0.91725000036809
OCIAD1,0.0108915656557801,170,0.606123939331033,0.746575869566735
SLAIN2,0.0114690289068134,200,0.515913159260682,0.681281622871265
TXK,0.00467181287559042,237,0.776459061090263,0.861634800213086
GABRA4,0.0273205850626432,225,0.105924447698791,0.283961133398127
TOP2B,0.00565408410335851,228,0.733060294144653,0.831328983477191
YWHAE,0.0138888888888884,9,0.945959468906767,0.966913306259758
FAM13A,0.0131558693662142,250,0.351023451229142,0.545931697991739
HERC6,0.0152366466047315,225,0.332221073065366,0.529647431034489
HERC5,0.0379600836045238,218,0.0413530394413466,0.174132803888501
PCDH10,NA,NA,NA,NA
NDST4,0.0453141664339484,223,0.0180650490883477,0.110510693532792
CRYGD,NA,NA,NA,NA
PIKFYVE,0.010444215876599,260,0.439369457423338,0.621965250865008
BCHE,0.00428127259119975,250,0.785278586995479,0.867765714106913
SI,0.0338028049169752,274,0.0264061907624788,0.136102487070389
PRKG2,0.0240932875036031,193,0.201330524167943,0.403675307903483
CUL3,NA,NA,NA,NA
GLRB,NA,NA,NA,NA
FNIP2,0.0163168696807734,272,0.219365922925765,0.422669348620658
C2orf42,0.00339194353934829,174,0.899446030592051,0.940658946101196
ADD2,0.0114956106782783,211,0.491019342830398,0.662673215971889
MXD1,NA,NA,NA,NA
SLC30A9,0.0130919963357314,217,0.418932347563103,0.604934510041234
SEC22C,0.0117467447929697,204,0.49650978653334,0.666057366893682
CDH10,0.0102389298968942,192,0.581665567567216,0.730205096355368
CSTA,0.00835252732005441,184,0.675705466927135,0.795065117034737
FGF2,NA,NA,NA,NA
BBS7,0.0451259399783203,233,0.0149711691544577,0.100406956477711
KIAA1109,0.0425239711115454,256,0.0126022875643235,0.0933155432669904
RBBP5,0.0735308939734579,53,0.281152215014474,0.482411401388621
IFT57,0.0175184187683154,176,0.381602525086722,0.574532909217817
UBE2S,NA,NA,NA,NA
GZMM,NA,NA,NA,NA
SHC2,0.0233293952914736,200,0.199922200860273,0.402308287273887
PHRF1,0.0942218321974473,256,2.4662972488534e-05,0.00355454597647288
IL11,NA,NA,NA,NA
AGA,0.0273488504202363,242,0.0861391839420629,0.256096937162082
NEIL3,0.0110962660876449,272,0.390533619699285,0.581849314175041
RAB17,0.0432174786311241,206,0.0312172513908466,0.149074958272899
MLPH,0.0556099675077062,235,0.00460915164844513,0.0541532798843147
ASB1,NA,NA,NA,NA
CP,0.0199291077416667,275,0.141015745407477,0.332096252498081
CNTNAP1,0.0108567985197493,241,0.456503102112073,0.634788023637883
PSMD3,NA,NA,NA,NA
CASC3,0.0197078293699426,221,0.227419922840403,0.430182702702416
KRT24,0.0289217698738013,227,0.0882410858631513,0.259339991892492
STAT3,0.0680972574699088,61,0.252343379570573,0.455558209194964
KCNH4,0.00124007558975882,251,0.958133314212416,0.974435660181063
NNT,0.0015400323879434,246,0.944889203200415,0.966284638827725
FGF10,NA,NA,NA,NA
MTRR,0.010372593186032,262,0.438997177425148,0.621782479057684
FASTKD3,0.0175650444012097,264,0.20186655982409,0.404304529944899
NSUN2,0.0326868562599949,244,0.0472065202939932,0.186541185995748
UFSP2,0.025434477524231,237,0.111486874536343,0.291141446400422
KLKB1,0.00304033411915795,246,0.862599882653197,0.916804815611376
FNDC4,NA,NA,NA,NA
CAD,0.0497014451992128,257,0.00527418528996623,0.0579069171146637
DNMT3A,0.00808532672632802,176,0.702038309106442,0.813276323883904
RAB10,NA,NA,NA,NA
DNAJC27,NA,NA,NA,NA
KIF3C,0.00632834747130072,204,0.732780194176408,0.831328983477191
FOSL2,NA,NA,NA,NA
GCKR,NA,NA,NA,NA
GPN1,0.00743321189407617,209,0.671670215686815,0.792780068288535
GTF3C2,0.0165263814010364,233,0.27994221332349,0.4816539278257
TMEM40,0.0286046110690571,216,0.104536530454035,0.282191024133656
TP63,NA,NA,NA,NA
CLDN16,0.10621120360089,195,0.000127155186591961,0.00870671213137214
PLAAT1,0.0107098158974726,184,0.580771958020712,0.729386811690345
ITGA9,0.0238687654084259,241,0.125592703979355,0.311014714734798
ADD1,0.0166468690390944,225,0.292265433268834,0.492431876982652
TMEM175,0.0615663516573679,226,0.00311306118283655,0.0444483713280339
PLPP1,0.0532079824062203,192,0.0172323750457729,0.10779534122132
SLC2A9,0.0509717175322536,219,0.0111362627626917,0.0865177716040391
PRDM5,0.0184157872504816,209,0.280360214993321,0.48197186587698
MIER2,0.0457567471745571,210,0.0226688488422495,0.124918029163525
LYL1,0.0132983494642823,208,0.431335892190339,0.6157244925954
COL5A3,0.0492033675885694,265,0.00465895661201175,0.0544155489561768
ICAM1,0.0171642340073704,273,0.197729632155398,0.399969549081522
OLFM2,NA,NA,NA,NA
KLF1,0.0268848920713848,222,0.114488276933173,0.295226299862501
C3orf52,0.00578859379459623,226,0.728555274191864,0.829360026109008
PI4K2B,0.0170011066745188,238,0.258321619666363,0.461182437607593
TBC1D19,NA,NA,NA,NA
PPARGC1A,0.00477925625736382,214,0.796901056470176,0.875244209658862
F13A1,0.00974649090428585,263,0.46568563797972,0.642300392891927
NUP54,NA,NA,NA,NA
CXCL9,0.00988847111001229,214,0.550650522877241,0.707392077805582
SCARB2,0.0378803653528391,223,0.038265963603562,0.16576711307992
USO1,0.00350739273060965,235,0.844502559307924,0.906281954689397
ANXA3,0.0765225506770466,209,0.00117946371876415,0.0269205195737996
ARSB,0.0683018553594527,254,0.000618836603365519,0.0197037574511581
RAD18,0.0364041749056527,243,0.0319294094642138,0.150947646227256
SLC12A7,0.0219634781161016,221,0.184523173715945,0.384818591853001
SDHA,0.0376052465961567,216,0.0442847412657452,0.18076225981727
PDCD6,0.0591821839491086,73,0.234613679947031,0.437679775568389
CEP72,0.0707175142623411,237,0.000818698079864499,0.0229494700642564
XRN1,0.0192020882921169,261,0.172344000776833,0.369524106716119
GRK7,0.0897840566321151,179,0.00114389726851349,0.0267315148840143
GRPEL1,0.0684175873733767,186,0.0054396087041675,0.059010950984904
EVC,0.00758211586288145,265,0.572058380392425,0.722862936072818
ZAP70,0.00554711448610412,193,0.785518107661881,0.867906534153008
PPP2R3A,0.0160553706706641,258,0.24815219744775,0.451495198099221
CEP70,0.00658533890847018,249,0.65189369022337,0.779140206333037
ACAD11,0.0631922179777504,274,0.000627368920654783,0.0197288162307637
CDV3,NA,NA,NA,NA
MRPL3,0.0232852237567749,230,0.149019130733679,0.341288913688928
GALNT7,0.0211691091212431,213,0.213376501758631,0.41698388009546
SOX30,0.0191572752042129,241,0.203735522295432,0.406437001491092
GCNT2,0.0333609477437112,234,0.0509413313348216,0.193002501730916
FAM184B,0.000244506350305424,255,0.995959571182642,0.997369169569282
DGKG,0.00760777671481776,252,0.591390060272328,0.737357192910612
DEPDC1B,0.013947779645771,207,0.411584364366919,0.598933558452269
ERCC8,0.0025492933028182,209,0.912196424953395,0.948231608570555
MGLL,0.0220706664792086,212,0.198714019994806,0.401081102797757
MCM2,0.0411573466207666,212,0.033798071239611,0.155956785429492
GOLPH3,0.0249136900224733,74,0.610874221888151,0.750530759130628
CDH6,0.0462560876333643,198,0.0278325761941348,0.13998696280804
NPR3,0.0101625111832407,209,0.54912550960025,0.706512794768295
VCAN,0.0361510182501014,279,0.0181460044771963,0.11057775742659
RASGRF2,0.00483745319291958,222,0.784543731214455,0.867281395777042
MSH3,0.0524108700985096,273,0.00257690770508633,0.0401216339021755
CPEB4,NA,NA,NA,NA
STC2,0.0132213507122793,219,0.410137741684896,0.598340696231253
FBXW11,NA,NA,NA,NA
THOC3,0.0242551589784625,94,0.521054913559103,0.684950534080578
DNAH5,0.0445717947746744,282,0.00578585782125765,0.0614584530538261
WDR70,0.0188060042273459,207,0.275391054449921,0.478235678957485
RAI14,0.000224221689232825,250,0.996549581958366,0.997803103445106
SLC1A3,0.0126380633405901,187,0.502881587946906,0.671704237450634
AMBP,0.0241866407161572,259,0.10049321608001,0.277491006379349
ARRDC3,0.00861783923720035,90,0.8573457328212,0.914332618776791
SLF1,0.0262578597743352,254,0.0841815075125464,0.253421099054572
CENPE,0.0109145191701899,268,0.405047609139136,0.594287993546404
ENPEP,0.0364487477953664,265,0.0220635571013718,0.122976570347077
CASP6,0.0441706717240766,217,0.0229005748924552,0.125422622001266
LEF1,NA,NA,NA,NA
EGF,0.0151817307257405,268,0.255742406774299,0.459139454845992
PAPSS1,NA,NA,NA,NA
SEC24B,0.0213711197410059,252,0.14699347280874,0.33908872843545
NME5,0.0303231854020483,184,0.135728693969516,0.324759155844818
PAIP2,0.3296869625043,18,0.132510036069312,0.32035835599445
IPCEF1,0.0257502391369524,246,0.0975153806433365,0.272478255347419
ANKRD7,0.0703025533605953,185,0.00477780870051807,0.0549189274456661
IQCG,0.0381652115740874,246,0.024976409048175,0.13132986971741
LSG1,0.0118545248397639,250,0.399120178416715,0.588605209855869
PCNP,NA,NA,NA,NA
RBM27,0.0443214534836051,201,0.0311507046510482,0.1489819985534
SPDL1,0.0659324704664007,259,0.000703211137051801,0.0213240405749803
MINDY4,0.0202578044584238,255,0.161448958974654,0.357043573797741
TRPV5,0.0657011236282415,241,0.00126502010918441,0.0278742147241741
ABCB6,0.0300744027976093,249,0.0586356658214557,0.209300403559994
PECR,0.0168018776276697,230,0.27839436267021,0.480698292159408
VDAC1,0.0850098939413085,70,0.118331088948087,0.300631308366813
CDKL3,0.0148897086036289,248,0.298428677500655,0.498529333243487
UBE2B,NA,NA,NA,NA
PITX1,NA,NA,NA,NA
FSTL4,0.0338310656206189,267,0.029303341002022,0.143984317516108
AFF4,0.0325744473319642,220,0.0677530852492094,0.225950063821401
MED20,NA,NA,NA,NA
XPO5,0.0109147446859067,228,0.47934431106407,0.654471179819274
SRF,NA,NA,NA,NA
SEMA3A,0.00546233788162102,195,0.786812029989471,0.868580091445707
NRP1,0.00694750165764258,235,0.653573186160261,0.780266942111425
COL6A5,0.0334686148208181,261,0.0335293371495148,0.15541726808822
APBA1,0.00300640454659926,211,0.889220646300035,0.934651504421426
PIP5K1B,0.0496552322679353,185,0.0275292462813158,0.139199084877725
HIBADH,0.0113629203279323,189,0.544618227283749,0.702975346375376
STAP1,0.0223217201096408,208,0.201782350737882,0.404199436772203
ADGRF5,0.0427830865916418,283,0.00716434642967914,0.0690205114435654
POLB,NA,NA,NA,NA
CALB1,NA,NA,NA,NA
NBN,0.000746091892268341,267,0.977837451424947,0.986304019529863
ST7,NA,NA,NA,NA
TFEC,0.0111884068717667,222,0.480256325438295,0.655159797347105
WNT2,NA,NA,NA,NA
NRXN2,0.0214403884161738,202,0.229923229742789,0.432413209392227
PRDX5,0.0268446004512765,231,0.103433214745632,0.280759894075101
POLA2,0.0237109843803291,251,0.115178941518709,0.295749798222232
B3GAT3,NA,NA,NA,NA
BLVRA,0.0145682471886557,172,0.476888927091316,0.652041934327401
KIF9,0.0174738324145551,231,0.259421757014671,0.462097272355085
USP4,0.0159124376324461,241,0.28168556257538,0.482629458262693
PTPN23,0.0321896958114837,242,0.051293563460032,0.193606811114724
PRKAR2A,0.0276510538802554,198,0.141827449673435,0.33311455828854
EXOSC7,NA,NA,NA,NA
SCAP,0.0148546568292495,251,0.294089403429703,0.493863367223701
CLCN2,0.0119912091540602,232,0.42846739106293,0.613003897166646
MCCC1,0.0261442890041296,248,0.0913481558204401,0.264273843077576
LAMP3,0.0299452346627945,213,0.0958372753771725,0.270706927027234
ALDH8A1,0.00656090292481256,242,0.663665162055183,0.78717262032999
UBXN8,0.0497702854615882,213,0.0144169039058726,0.0987170366372005
PON3,0.00804169429789079,227,0.611150874428388,0.750649095799948
SLC25A13,0.0103824083842215,195,0.569467320506622,0.720446587262574
NPTX2,0.0045206019155828,180,0.847268207902625,0.907629564795007
CPT1A,0.0668703312431213,245,0.000976593392308508,0.0247477089223839
GAL,0.072682692726386,177,0.005108339369747,0.0569141661305851
FBXO3,NA,NA,NA,NA
ABCA2,0.0851879349492264,252,8.76865770684923e-05,0.00693649841952993
TCIRG1,0.00636966644360136,255,0.655339027314961,0.781424759094031
CHKA,0.070543864617979,221,0.00142235262697882,0.0296209062031858
ADAM2,0.0880715677390198,252,6.20018697777838e-05,0.00584930232214707
ANK1,0.0723210377740833,268,0.000235903537676576,0.0117362009994097
KAT6A,0.0320888880943538,234,0.0581598770590981,0.208127056539667
PRKAR2B,NA,NA,NA,NA
DUS4L,0.00788005242302338,186,0.692041491722161,0.806389793099125
ABCB4,0.0552888306600971,270,0.00192873530405651,0.0343077832855638
ABCB1,0.0289448531915206,261,0.0569027430073841,0.205359403497321
ADAM22,0.00616873780430478,222,0.714161613116094,0.820234465150173
DBF4,0.0287524359718671,250,0.0669883061059222,0.224334307722081
SRI,0.104231154018219,99,0.0168269238167389,0.106471559220616
ANKIB1,0.0508213249134933,234,0.0079467978322052,0.0718823985731289
ANLN,0.00903052896264613,247,0.527723983998047,0.690263187860648
EIF4H,0.0372467478186084,90,0.345565835918495,0.541410565414929
BUD23,0.0389105104299762,223,0.0345098504696135,0.157506281092429
ADAM28,0.0876646332453409,271,2.92808643390717e-05,0.00392407522420294
SH2D4A,0.0400740753100145,264,0.0144954472608835,0.098958571070821
PDLIM2,0.0202913984511977,245,0.175412970850104,0.373338836354767
FSCN3,0.0103163025387379,245,0.472194664179261,0.647906835055707
ZNF800,0.000324011897845221,196,0.9958552807799,0.997343151373186
ELMOD1,NA,NA,NA,NA
EXPH5,0.0172147836550428,277,0.190942239699101,0.392203465109188
ADAP1,0.0708977730204661,170,0.0074460305321973,0.0702599495302907
PMS2,0.0638169261967662,269,0.000673112764139768,0.0207071598166282
GET4,NA,NA,NA,NA
HNRNPH3,0.012111707984385,42,0.780133661033303,0.864131353880688
CCAR1,0.0192519714764378,188,0.308007324221157,0.507278065599465
REXO2,NA,NA,NA,NA
SQLE,0.0292099951946204,248,0.0653555388875636,0.221198018408719
SNX19,0.00827596765430954,275,0.518753360487584,0.683546076093099
BRINP1,NA,NA,NA,NA
MAPKAP1,NA,NA,NA,NA
GTF2H1,NA,NA,NA,NA
SERGEF,0.0164315681329793,254,0.244983412606699,0.447729865328509
PIK3C2A,0.0375498242038792,266,0.0189898560799417,0.113387157540618
FAM160A2,0.0119050969586234,228,0.439809912789751,0.621965250865008
RNF141,NA,NA,NA,NA
HPX,0.0442554558665894,244,0.0131327938912223,0.0947644549567181
BTAF1,0.00232211753659295,216,0.919054995022941,0.951323505901509
TCTN3,0.0652273621459591,248,0.00107600277946226,0.025911012063626
CPEB3,NA,NA,NA,NA
DAXX,0.0444994992482179,238,0.0144495442668869,0.0987812108336404
MLN,0.0298158771971078,207,0.1048990874233,0.282869950756543
TMEM115,NA,NA,NA,NA
DOCK3,0.0081642146292166,209,0.637343693907245,0.768438936389468
ITIH4,0.0497779719406672,284,0.00278887400260309,0.0419351821690117
SLIT1,0.0197512729675716,259,0.164913107064178,0.360873003913946
SFRP5,NA,NA,NA,NA
GID8,0.0095030726428337,60,0.905371469564775,0.943641183415457
DIDO1,0.0313225594471056,253,0.048269444480368,0.187822643679559
SLC2A4RG,0.00544236316900754,180,0.807498561834302,0.882127678169831
PRPF6,NA,NA,NA,NA
TIMP3,0.0586466279284177,80,0.200722306032373,0.402998998844551
FBXO7,0.0239248792119576,263,0.0992611897349064,0.275419406026561
EIF2B2,0.00363575403738894,175,0.888925549599403,0.934651504421426
TTLL8,0.0175299775241312,208,0.304449091011047,0.503893908137321
TTLL1,NA,NA,NA,NA
MTFP1,0.0289516912101984,185,0.149352829801245,0.341623139430434
PATZ1,NA,NA,NA,NA
TEF,NA,NA,NA,NA
B4GALNT3,0.0313194043456967,264,0.0413592754210674,0.174132803888501
PDE6H,NA,NA,NA,NA
ERP27,0.0342499438967385,232,0.0478714929953183,0.18754884903271
ALG10,0.044465393269781,181,0.0459338391054084,0.18396647007751
ARNTL2,0.00593356915694378,221,0.727854702664031,0.828889369213226
ZCRB1,0.0573600950924629,88,0.172506727131805,0.369686299301812
TMEM117,0.0373016875181656,177,0.0871302903029899,0.257437615184071
C1RL,0.0123627035402045,240,0.398664576753301,0.588137617228084
NDUFA9,0.0583488666034692,246,0.00252934517389522,0.0396365538005554
CLSTN3,0.0158434949079118,202,0.364038122912779,0.557392345926563
KLRG1,0.0131634878860433,201,0.451786053106004,0.630846088406761
TAPBPL,0.0272961170600087,249,0.079621209648074,0.245593539859014
CD27,0.0183772633525971,243,0.217039658785505,0.420413246280181
RBP5,NA,NA,NA,NA
SLC38A4,0.0295032579856855,233,0.0770140363860001,0.240840425330775
AMIGO2,0.00908453968965194,211,0.591771788623003,0.737456506839781
LLPH,NA,NA,NA,NA
MARCHF9,NA,NA,NA,NA
INHBE,0.0253383132561,246,0.101922677642589,0.278900910710817
GLIPR1,0.00279820388999472,236,0.883133710074477,0.930628989562783
TMEM19,0.0102301084320931,203,0.558723407259881,0.713016163813812
LGR5,0.014417151430666,245,0.318462787651542,0.516947001550634
CPSF6,NA,NA,NA,NA
SLC6A15,0.0513600217473386,214,0.0120565347448424,0.0910207626024382
TMTC3,0.0162428340316103,217,0.319667558592628,0.517777696329099
LUM,0.00345342438070323,226,0.854955161553901,0.912959956972585
KERA,0.0177436308872728,207,0.301185466014457,0.501194878611888
TMPO,0.0195124920327872,254,0.176494364668054,0.374951164038755
SNRPF,NA,NA,NA,NA
AMDHD1,0.0276982116283612,222,0.105855342407861,0.283961133398127
ASCL1,NA,NA,NA,NA
SLC15A4,0.0223610112861959,230,0.163171251451164,0.358887477172397
SLC46A3,0.0650994165023406,237,0.00153097200362732,0.0305912097666891
TARBP2,NA,NA,NA,NA
GPR84,0.0325876389234436,244,0.0477200945900578,0.187473178423035
NPFF,0.00017887289578661,217,0.998003414518073,0.998473801044947
NABP2,NA,NA,NA,NA
SMARCC2,0.00841245430460312,191,0.659760302902841,0.784660187643551
CSAD,0.0267406855558541,225,0.112101984617104,0.292088968102176
LMBR1L,0.000624390947909786,180,0.990389012270681,0.994530544352714
MYG1,0.00139891684533042,237,0.954262928039674,0.972123872301495
ESYT1,0.0218250960390337,249,0.143959091887144,0.336106873377575
ANKRD52,NA,NA,NA,NA
KRT71,0.0245621749458545,208,0.165722369451032,0.361357026092393
RB1,0.00364959736925367,229,0.841772756056161,0.904557696686742
VPS33A,0.0147011081508994,176,0.462296776513613,0.639708869770576
VPS37B,0.0204609197720887,212,0.229181584947467,0.431655821634271
RHOF,NA,NA,NA,NA
SRRM4,0.00304838279942816,233,0.8715032996119,0.922863261196514
METTL21C,0.0156732363017807,238,0.293982231524596,0.493821907240472
ZIC5,0.00299770964782415,197,0.89927625907338,0.940658946101196
RAB20,0.00698992111176782,191,0.72247506171053,0.825982260856851
ANKRD10,0.0301819463851958,234,0.0708724170224589,0.231490620053351
SSTR1,0.0356885073195278,86,0.386485393981549,0.578819141315735
REM2,0.00384328993005086,212,0.846849975053042,0.907471085949433
CBLN3,0.00456612102393471,170,0.856229432480691,0.913540927542438
TINF2,0.0112294144093066,249,0.425992546506575,0.611248430859367
NOP9,0.0165528258327612,254,0.241879646910252,0.444463884439326
FITM1,NA,NA,NA,NA
FANCM,0.0860261736974053,263,5.03825111040881e-05,0.00530307158199725
L2HGDH,0.031311904506985,213,0.0843715438986263,0.253672328397758
PELI2,NA,NA,NA,NA
ARMH4,0.00666877971209547,269,0.617717119450473,0.755521485961896
GPR65,0.00665643171498081,245,0.653922085915489,0.780392774195996
JDP2,NA,NA,NA,NA
AK7,0.00515045941363746,260,0.721083041792754,0.824983257300801
FAM181A,0.0113007471654773,233,0.453685178803862,0.632181010639604
ITPK1,0.00441467770773343,207,0.823153100557059,0.892227905420826
TRIP11,0.00553310836159669,270,0.684948758666594,0.800899251658907
EMC4,0.0664977134620254,47,0.3826335894215,0.575350814034501
DUOXA1,NA,NA,NA,NA
MFAP1,0.146256263116728,43,0.104867348260803,0.282844249777548
SORD,0.0705379719692304,204,0.00250133604448066,0.0395248335763098
LYSMD2,0.0469272152012119,181,0.0376245061068098,0.164386178310919
SLC27A2,0.0376468253514678,265,0.0190939188850744,0.113688816230064
FGF7,0.0155412353494765,91,0.705836865255306,0.815081739831063
HDC,0.0149035934930119,239,0.314710297693248,0.51333892820456
MYZAP,0.00124415200496576,221,0.964894002894979,0.978414810578858
RAD51,0.0816462348828422,64,0.161571226106284,0.357127930525796
COMMD4,0.0161140184039271,176,0.420225786089817,0.605969036331654
UBE2Q2,NA,NA,NA,NA
BCL2A1,0.0359492542779829,206,0.061005447137225,0.213402252484981
TSPAN3,0.0651633176949629,79,0.165837896420165,0.361357026092393
WDR61,0.109796300191037,65,0.0710433107372453,0.231586282454455
TLNRD1,NA,NA,NA,NA
ARRDC4,0.0194876919550298,218,0.237791343500888,0.440510625574881
CYP11A1,0.0976327535114278,250,2.15149803477086e-05,0.00330894824769239
BBS4,0.0206724370669762,228,0.195737264920613,0.397783597579214
PML,0.0143267433367213,252,0.308521442357913,0.507902297447255
ADAMTS17,0.00705246423416132,250,0.624542334198706,0.760073690239342
SCAMP2,0.0510583546520298,186,0.0239150509824183,0.128515649498768
RHCG,0.0480925217732282,240,0.00933318141503234,0.0785640439536364
RLBP1,0.0173028826043785,217,0.291249312546729,0.491174688108467
WDR93,0.0363944166260963,265,0.0222084709103288,0.123434798231928
TICRR,0.0203636677317535,275,0.133951816375563,0.322253557491344
MFGE8,0.00463323763564947,249,0.765250025113075,0.854781996127006
ZNF710,0.00477291254652569,223,0.78683788994509,0.868580091445707
ST8SIA2,NA,NA,NA,NA
FURIN,0.0247098583591719,223,0.13950312670885,0.329814706100596
IQGAP1,0.0156588618594171,217,0.336349377948734,0.533942711088514
CRTC3,0.034236531664049,224,0.0541954656668627,0.200241790174982
EFL1,0.047065410362436,246,0.0091751454188814,0.0777938729073148
SEPTIN12,0.00684892561827983,207,0.702986701754799,0.814031303140538
PMM2,0.030112048876027,188,0.13101262314897,0.318286615460131
PRSS36,0.00962029439748211,259,0.478546338334084,0.653466813461962
ITGAX,0.0772380493793788,225,0.000612721269439864,0.0197037574511581
UQCRC2,0.00777136565493118,238,0.605878359359704,0.746465163874873
CDR2,0.0581551411942569,217,0.00568752601623607,0.060665313375381
IGSF6,0.0278633743983166,253,0.0712134207829106,0.231722947537001
NKD1,0.015788338058988,215,0.336837825660126,0.534418432276571
DHX38,0.016855503689677,188,0.368781317623097,0.561826770599972
NUDT7,0.0490557646612029,230,0.0105266789270172,0.0835676654134949
CDH11,NA,NA,NA,NA
CDH13,0.000896317350118362,234,0.976149440442097,0.985434311467228
ADAD2,0.00627918185590508,235,0.689367158388178,0.804303786115045
IRF8,0.0640541435259065,221,0.00278267762967152,0.0419351821690117
ZNF174,0.0175445740710568,205,0.310647960871797,0.509256330243688
RPL3L,0.00629798268343313,177,0.775035839641011,0.860898870485828
NDUFB10,0.0218622479617298,191,0.245325514930583,0.448144830487078
DEF8,0.00851319068618742,223,0.595563675940536,0.740096204496721
CBFA2T3,0.0340332166683113,238,0.0446697601382771,0.181372253873071
GALNS,0.00362352727484256,252,0.823133365414708,0.892227905420826
GAS8,0.0146303833431984,231,0.338699441849316,0.535533447514842
MED9,NA,NA,NA,NA
NCOR1,0.00567724091746571,254,0.697038520445309,0.809915390602267
COPS3,0.0144281712685072,50,0.871560875131255,0.922863261196514
GID4,NA,NA,NA,NA
CPNE7,0.0770002065554383,180,0.00321585682741548,0.0453211634238271
NEK8,0.0396715280650913,222,0.0325486321474488,0.152797412100961
GFOD2,NA,NA,NA,NA
NOB1,0.00196338581033895,228,0.930650688732831,0.958560565227552
PRPSAP2,0.0249118488541778,82,0.568708132505524,0.719772113245588
UNC45B,0.0177701092837,239,0.237746107695451,0.440510625574881
KIF2B,0.0167031973898667,254,0.238080676793446,0.440854245368033
EPN3,0.0468945153608101,259,0.00705231315215177,0.0684069004613899
TOB1,NA,NA,NA,NA
SGSM2,0.00911829004592549,258,0.504257539156353,0.673048000282468
LRRC46,0.0318035817372565,251,0.0470375253308755,0.186331778099973
RHBDL3,NA,NA,NA,NA
SPACA3,0.0216221089226778,198,0.234766483486542,0.43770837852212
G6PC3,0.00749664637330145,209,0.668652508654318,0.790490889280738
C17orf64,0.0039730769316956,218,0.834549064714038,0.89960362997867
CDH2,0.0156069164919022,188,0.40436336174852,0.593862058951701
AFG3L2,0.0191462789929951,223,0.235656821016739,0.438405678128716
IMPA2,NA,NA,NA,NA
SLC39A6,0.0333964812881603,231,0.0530811762078695,0.198089669005779
GALNT1,NA,NA,NA,NA
ASXL3,0.0154367026869832,244,0.289623265089545,0.489810361267002
MEP1B,0.0451654962187535,260,0.00849317909340768,0.0745479868598486
GAREM1,0.0488015429538631,236,0.00944501361741727,0.0789320473283576
ESCO1,0.0551585206574221,261,0.00247564188987927,0.0393139340517486
GATA6,0.0521399913737352,202,0.0148962377940548,0.100062491848672
RMC1,0.0353445096723593,192,0.080279310433251,0.246786699898114
NPC1,0.0592976003184451,269,0.00119342407199325,0.0270263672308913
ZMYND15,0.0228534277506514,244,0.135480362384832,0.324337950250604
SAT2,0.03921158372745,205,0.0460290054613182,0.184231745303378
ASGR1,0.00899834203688845,209,0.599467457413362,0.742036887706928
TP53,0.00177302823512326,221,0.942286851606289,0.964707824924252
ARHGDIA,0.0533905512024521,79,0.244243984024443,0.446874210678827
TTYH2,0.0485136387374553,243,0.00832785260058658,0.0738089984141062
FN3KRP,0.00313756917566307,193,0.895879686051803,0.938547641815889
TRIM65,0.00224392751690746,254,0.903782145309612,0.942948259413715
CBX8,0.0369576669178067,177,0.0894832603482252,0.261449599402385
RNF157,0.0293702964536499,239,0.0722130114088577,0.233072709909582
CEP131,0.0174071532973729,263,0.206941720647003,0.410522588197688
ZNF750,0.0440157945287362,248,0.0124391091265549,0.0925917556024567
RNF165,0.118479585653014,84,0.020032982574545,0.117377772518902
ELAC1,0.0157260045497388,185,0.408324968403367,0.596995384868015
ZCCHC2,0.0614118843265729,249,0.00163016933094562,0.0315929890374339
CBLN2,NA,NA,NA,NA
ERBB2,0.00510142238785067,258,0.726507143248239,0.828574570704042
PNMT,0.0030770921100081,226,0.875002818432734,0.925430650685874
ARL5C,NA,NA,NA,NA
IGFBP4,NA,NA,NA,NA
TXNL4A,NA,NA,NA,NA
AKAP8,0.0103978591092692,235,0.487502989784838,0.660419647106193
SLC39A3,0.0358134389377938,176,0.0993032280522902,0.275419406026561
FEM1A,NA,NA,NA,NA
CIB3,NA,NA,NA,NA
CALR3,0.0454593840135779,226,0.0167214657007346,0.106375917664613
SH3GL1,NA,NA,NA,NA
PGPEP1,NA,NA,NA,NA
CCDC97,0.0101461888656442,237,0.494659160464579,0.665189604045238
SSBP4,0.0289895562681032,174,0.17068799561217,0.367768958233225
SMG9,0.0179705753386248,172,0.380511141677344,0.573777307904069
HUNK,0.0102737188179647,226,0.510304831257282,0.677216039480331
LRRC56,0.0450652030938826,241,0.0127656653170694,0.093503259850341
IFNAR1,0.0599915059645988,257,0.00153504227707867,0.0305912097666891
SOD1,0.0544140730348224,195,0.014383605697848,0.0987170366372005
SIK1,0.00699977642946911,235,0.650816371260657,0.778729547573818
DNMT3L,0.0170213646960812,220,0.292411101396346,0.492529564482348
SCYL1,0.00605741235638182,251,0.678961629001615,0.797559206852131
EMP3,NA,NA,NA,NA
DMWD,0.0263771528552254,195,0.163415873432525,0.359148328565426
SAE1,NA,NA,NA,NA
BCAM,0.0293361466967264,254,0.0595956429624308,0.210953337623546
NTN5,0.0473236474078208,207,0.0208278935354694,0.119596055936762
GEMIN7,0.00659447028565012,184,0.751376718576568,0.844685685089208
WDR62,0.0261036204779327,272,0.0695736654346498,0.22914150581218
SLC6A3,0.0379426048991894,195,0.0612432770489063,0.213859651301411
RNPEPL1,0.00866772137277067,175,0.6803828705388,0.798526285332934
CACNG8,NA,NA,NA,NA
TIMM29,0.0318360028272421,220,0.0727928731202786,0.233995464931819
ECSIT,0.0717589656657682,240,0.000658148896534297,0.0205445694761294
TIMM44,0.0213256063581875,205,0.226026520249714,0.428828967083005
TM4SF5,0.0687532888421075,207,0.00269124785914923,0.0413458778457473
SLC47A1,0.044578800536264,222,0.0198677773301366,0.116660217647128
KLHDC4,0.00275019360498835,255,0.873545144477854,0.924195959467515
PSMB6,NA,NA,NA,NA
ACP4,0.0408185020184913,212,0.0349090154602831,0.158240600127254
RPS11,NA,NA,NA,NA
PTH2,NA,NA,NA,NA
IGLON5,NA,NA,NA,NA
RCN3,NA,NA,NA,NA
WRAP73,0.0456897249371478,226,0.0163286052080716,0.105190245791604
PRDM16,0.0509045479765597,250,0.00539426095530623,0.0586689218845262
ARHGEF19,0.0443803706923777,251,0.0112226311243001,0.0870758204367559
PGD,0.0171994342468188,214,0.300170078683373,0.500257278475717
SH3BGRL3,0.0642705612576486,40,0.474108173878794,0.649412960047357
IL22RA1,0.0112658539278379,269,0.388666892695555,0.580924955447787
C1orf216,0.0211262639581697,211,0.218023349780254,0.421165688275644
EVA1B,NA,NA,NA,NA
PLK4,0.0250240170472356,250,0.100897630279084,0.277904891702944
ITGB3BP,0.00582870629174504,224,0.729180211879893,0.829442511266278
TINAGL1,0.0153278809711987,217,0.346139221634362,0.541775731440977
MOB3C,0.0431822569671188,181,0.0509480536133276,0.193002501730916
CYP4B1,0.0198054525916649,215,0.236848597675544,0.439659486954632
SLC44A3,0.0140654543383629,257,0.307927553912288,0.507246341066637
CTTNBP2NL,0.0226617000623248,247,0.134233837091799,0.322743961175067
PSMA5,NA,NA,NA,NA
PROK1,0.0103423154872175,190,0.58186241873029,0.730205096355368
CELSR2,0.0117305132933022,256,0.392971446041619,0.583659980966304
MPC2,NA,NA,NA,NA
SFT2D2,NA,NA,NA,NA
ILDR2,0.0300869670398248,211,0.0971119973865329,0.271740759814871
UAP1,0.0189952667498728,199,0.288447779191242,0.488658094468916
PRCC,0.0323762729663624,185,0.113709512201541,0.294171104488895
FCRL4,NA,NA,NA,NA
TOR1AIP1,0.00442989626309101,243,0.783828895225408,0.867120652733445
HMCN1,0.0417267032614918,287,0.00761327742772987,0.0704670794473602
PRUNE1,0.00201276166115521,237,0.924345907205939,0.954937497905162
SF3B4,0.0418954248366014,35,0.699814953927635,0.811849962940948
CGN,0.0175567680607925,261,0.206586098270143,0.410081132725771
S100A11,NA,NA,NA,NA
SETDB1,0.0352157433702011,226,0.0476185697153826,0.187355608246868
CTSK,0.0306300156575521,187,0.127309202592039,0.313367907304887
CERS2,0.0026348488898293,176,0.927350888310559,0.956567661255631
POGZ,0.00836163839202116,230,0.590273962340797,0.736960021995136
GOLPH3L,NA,NA,NA,NA
KCNH1,0.0270844598240471,184,0.175013548360546,0.372800226111376
JTB,0.0151152645171289,185,0.426602653638407,0.611727064572554
TPM3,NA,NA,NA,NA
SLC27A3,0.0581485426590083,262,0.00167165164976304,0.0318350023217984
CAPN9,0.0219344516267719,233,0.165409574257515,0.361075274019183
ACP1,NA,NA,NA,NA
SDE2,0.0520292968727981,261,0.00362403460055916,0.0475955348149671
CNIH3,0.184066240132417,33,0.117080251671746,0.298533579234045
LEFTY1,0.0358051490558527,176,0.0993663576070777,0.275433076106767
C1orf35,0.0260448571283236,183,0.191842775478416,0.392972101590064
WNT9A,NA,NA,NA,NA
EPHX1,0.0184251819388013,240,0.221050104174299,0.424437528533676
REN,0.00910629204105411,233,0.549355857929524,0.706512794768295
ARL8A,0.411111111111111,9,0.19311982178672,0.394858572848879
OSR1,NA,NA,NA,NA
GDF7,0.0230906834733667,203,0.198093493893286,0.400274205804627
PDIA6,0.00174898933679722,199,0.951097942662223,0.969782987682862
RHOB,NA,NA,NA,NA
GALM,0.0136239499795541,225,0.38371271928889,0.576293065196144
ABCG8,0.0327671301066305,260,0.036954643231301,0.162856171693373
CALM2,NA,NA,NA,NA
WDPCP,0.0395891586523399,246,0.0213025604753942,0.121066224995368
VPS54,0.00585870840978401,222,0.730374281681657,0.830061190223055
ETAA1,0.0291990880844199,273,0.0472225021490379,0.186546460102403
SNRPG,NA,NA,NA,NA
CLEC4F,0.0805687547510734,210,0.00076276646102998,0.0222213750903763
MRPS5,0.0292944757860476,228,0.08393662055126,0.2528421947353
TPRKB,NA,NA,NA,NA
RTKN,0.0181815909661409,228,0.248050190470471,0.451495198099221
SFXN5,NA,NA,NA,NA
TEX261,0.0346596669747287,84,0.411020457408294,0.598702616989241
DUSP11,0.0740460247440086,206,0.00166955558617781,0.0318350023217984
SULT1C4,NA,NA,NA,NA
MALL,0.0364228114863621,192,0.0732889207913412,0.23476048671995
RALB,0.092164255327918,83,0.0561000709318806,0.203724290418904
C1QL2,NA,NA,NA,NA
SLC20A1,0.0481975519780335,230,0.0115262029253821,0.0884147772265835
ZC3H8,0.0401369277341472,212,0.0372527834569514,0.163526039119775
UBXN4,0.00160794165204739,228,0.947373323130737,0.967589741652146
NXPH2,NA,NA,NA,NA
THSD7B,0.0239261349950055,275,0.0874891782847498,0.25787136649724
POLR2D,0.0281476617954609,53,0.690678342233518,0.805317162563955
AMMECR1L,0.132471010002655,79,0.0159395304989123,0.10364818518593
SCRN3,0.00382385273160821,241,0.821148471455922,0.891572628513438
WIPF1,0.0518715300188586,231,0.0076252400139825,0.0704753677925117
LNPK,0.00859765129033769,225,0.587933477023729,0.734885659881348
TMEFF2,0.0193982578680817,94,0.614056620145877,0.752996833639312
UBR3,0.0206010232454819,238,0.180610465802386,0.379805266851537
KLHL23,NA,NA,NA,NA
PTH2R,0.00599300672440937,237,0.702174582458088,0.813286238831049
CPO,0.0114830196867308,195,0.526511825811821,0.689352228666952
ABCA12,0.00472368302845296,283,0.721530151727873,0.825346507311495
SUMF1,0.0210788175728878,224,0.195082040945646,0.396928658871239
ACKR3,0.0252926550979874,197,0.174946184689558,0.372766632271178
UBE2F,0.0148879568899693,71,0.791052680839504,0.87130043614736
HES6,0.0206166438814221,175,0.309615358088949,0.508591343550973
RAB5A,NA,NA,NA,NA
CTDSP1,NA,NA,NA,NA
SLC4A3,0.0385012457113762,247,0.023638579039749,0.127730565401036
CNOT9,NA,NA,NA,NA
MARCHF4,0.0211374863127194,193,0.255226923019396,0.45865178097794
PNKD,0.00357101681001683,171,0.894811312498182,0.938122890679688
DYNC1LI1,0.110582771044663,187,0.00012939694055524,0.00881283120273546
CTDSPL,NA,NA,NA,NA
STAC,0.00780474990481299,195,0.679014956022115,0.797559206852131
RPL32,NA,NA,NA,NA
ARL6IP5,NA,NA,NA,NA
LRIG1,0.00996415131137445,271,0.441874670662796,0.623293366437189
ITIH1,0.0074854134428094,269,0.571143498505003,0.721868427272795
LRTM1,0.0304779845230305,254,0.0523793962826548,0.19603408494149
CNPY2,NA,NA,NA,NA
LIMD1,0.0443867057381345,226,0.0186768889052281,0.112291164629072
NXPE3,0.00934804620627441,223,0.55693275150045,0.711586629525455
ADGRG7,0.0431583900592748,255,0.0119318694036823,0.0902400764402004
MYH15,NA,NA,NA,NA
ABHD10,0.00363711641189046,243,0.830207480789987,0.896745184915722
PLA1A,0.00452710506528596,242,0.779239346401005,0.863591395384894
RABL3,NA,NA,NA,NA
CFAP91,0.0331995138290755,268,0.0311509942012958,0.1489819985534
BOC,0.00865817921698486,268,0.510276740466712,0.677216039480331
ATP6V1A,NA,NA,NA,NA
EIF2A,0.000868426544550644,232,0.977491323433893,0.986304019529863
ALDH1L1,0.0181187505478389,224,0.257125921540015,0.460758934370234
RNF7,0.0365767004964065,67,0.491022310795961,0.662673215971889
FTH1,NA,NA,NA,NA
AMT,0.0105271776649765,240,0.472407279708973,0.648058930889001
TCTA,NA,NA,NA,NA
ABHD14A,0.104379291151506,211,6.77909758700479e-05,0.00604031348194494
NICN1,0.0198361627302607,178,0.31933815380741,0.517543150623935
UCN2,0.0489435398299821,207,0.0178787882778978,0.109736986750509
STXBP5L,0.00414448619072929,204,0.839557846005586,0.903015685054231
EAF2,0.00144682380506757,219,0.957105156590511,0.973932994853719
TM4SF19,0.00133743751771095,205,0.9650533948069,0.978418769777036
SLIT2,0.0141842098739706,209,0.399349131270337,0.588708123753145
AHSG,0.0211947959248609,246,0.1582167358999,0.353254668078612
DGKQ,0.0331837489952907,259,0.0357279987603083,0.15944368602725
CENPC,0.0426851793003205,265,0.0103573068737446,0.0832832958436231
EPHA5,0.00761365072733724,201,0.677034248361355,0.795966785482343
CORIN,0.0212764193613336,267,0.129402413353112,0.315903610593299
ATP10D,0.0477322743328868,273,0.00467312421027708,0.0545026647821327
SLC10A6,0.0535106541715712,246,0.00440443646695847,0.0527673963414162
ENOPH1,0.00915840621977668,180,0.650499686084756,0.778496899264748
CABS1,0.0227936464928918,223,0.167442456090646,0.363468166396599
KLHL8,0.0114851750392675,177,0.567978854312784,0.719349511587869
PYURF,0.0233012554899558,185,0.232052860740124,0.434940434635994
TBCK,0.0146673292407097,229,0.34154476023862,0.537756714847209
CISD2,0.0351745476745483,64,0.528804435643245,0.691392392193036
DDIT4L,NA,NA,NA,NA
AP1AR,0.0346233237010151,184,0.0963566705727604,0.271150519835784
SPATA5,0.0366565274043801,251,0.0271864140559272,0.138387757560467
FABP2,0.0282546195003496,210,0.116313871069965,0.297464550591782
CCNA2,0.0023530898415814,210,0.920690111252275,0.952319439365627
USP53,0.0157952525184539,269,0.237366034823324,0.440203602579079
SETD7,NA,NA,NA,NA
NAF1,0.0143917937907306,192,0.431992387247253,0.616316236583513
SFRP2,0.0487080680828209,76,0.30144101524553,0.501194878611888
RPS3A,0.0829323308270678,19,0.683937250659698,0.800405161878753
GLRA3,NA,NA,NA,NA
NDUFS6,0.0391630193639648,188,0.0622716286860403,0.215768954542886
MARCHF6,NA,NA,NA,NA
ADAMTS16,0.0227558647377379,268,0.107979317938772,0.286324478404482
SRD5A1,0.0168564126015332,232,0.273159002058139,0.476027952776561
MYO10,0.0165781907594628,265,0.223560979917677,0.426539216749621
OTULINL,0.01938106533434,226,0.225053454243855,0.427944903595067
RPL37,NA,NA,NA,NA
OSMR,0.00508840594331617,279,0.702121421572842,0.813286238831049
PLK2,0.000643567462380223,173,0.990523975052586,0.994530544352714
GZMA,0.00519308038097233,257,0.722157113756812,0.82575227876795
PELO,NA,NA,NA,NA
HAPLN1,0.0845406332154015,177,0.00192288942437134,0.0342516359563543
BHMT,0.0245729216683967,183,0.214776959710668,0.418029058246845
ANKRD31,0.0383245574849786,265,0.0175918228879443,0.10886756865931
IQGAP2,0.0485886782949811,273,0.00419179605927048,0.0514300849014543
CRHBP,0.0106443474680326,217,0.512678196855119,0.679075458141322
RASA1,0.0187250323420957,206,0.279424488476158,0.481361901364009
LIX1,NA,NA,NA,NA
GTF2H2,0.0395780975222079,170,0.082510492340713,0.250250714556461
SPATA9,0.024349351744743,222,0.145918956665422,0.338141163044179
FEM1C,0.0378397661805043,77,0.411169837120716,0.598749033337461
COMMD10,0.0387568624032011,187,0.0655328329381791,0.221446913896689
ADAMTS19,0.0334899966025075,234,0.0502596712998417,0.191376091480216
YIPF5,NA,NA,NA,NA
ARHGAP26,0.00713265169463045,191,0.716067960927677,0.821385350839854
LECT2,0.0258739119177386,194,0.172261612280591,0.369441754097569
IL9,0.00873854259306502,226,0.57945741804185,0.728741944917646
RNF145,0.0542206312574714,227,0.00656224939959099,0.0661208926844864
GABRA6,0.00431985514050051,220,0.814303440514011,0.886862375439238
GABRB2,0.0187476497942587,78,0.695354431532523,0.808548711768302
SPINK7,0.00310126429323097,171,0.912872997046849,0.948509467849374
PCYOX1L,0.010070746392833,208,0.555025526088533,0.710130364895427
N4BP3,0.0717793389063416,232,0.000861734846646102,0.023388884541483
NHP2,NA,NA,NA,NA
FGF18,0.129605811875175,52,0.0854277716770721,0.255041103373169
KCNMB1,0.00393174059329891,199,0.854605997082111,0.912879474866877
MYLK4,0.0249399807331606,230,0.126535222251958,0.312195387563142
CDKAL1,0.0394870998020198,239,0.0244423790147872,0.12986989534098
PSD2,0.020944590420458,239,0.172912630186101,0.370058016812332
LRRTM2,NA,NA,NA,NA
ZMAT2,NA,NA,NA,NA
GFRA3,0.0142903111982401,246,0.320616080166553,0.518631835814409
TRIM7,0.0215125320973927,204,0.224460695445094,0.427697698562046
HIGD2A,0.0143839577371147,172,0.482626146335047,0.65705254940921
RNF44,0.0334763636461094,210,0.0720074977901831,0.232645228781272
MMUT,0.0538176322022152,217,0.00878622396561357,0.0760199377894391
ABT1,0.0376868115655602,197,0.0605444958341191,0.212959511678436
HMGCLL1,0.0220852991628641,182,0.261740788456149,0.464669532120299
SCUBE3,0.0198275211264935,213,0.240318253653884,0.443022628383194
FGD2,0.0638516593660703,250,0.00118931636911921,0.0270263672308913
ANO7,0.0482906147651163,177,0.0367472494111917,0.162202776541545
CRIP3,0.031619292423585,197,0.102392277059753,0.27954298834577
NFKBIE,0.0534445615576366,226,0.00729792063597389,0.0699280139129874
CYP39A1,0.0335679969786335,253,0.0374172418433526,0.163913892045601
PHIP,0.0245534195698625,227,0.135732803593119,0.324759155844818
MMS22L,0.0154186197540079,273,0.241276876049024,0.443957418928637
PM20D2,0.0266507298325281,239,0.0960694630899307,0.270878295287155
TBC1D32,0.0267750001711387,266,0.0689191814002886,0.228047465397266
CLVS2,0.0231481802797221,68,0.670567003193034,0.79194560021017
TAAR6,NA,NA,NA,NA
TAAR8,NA,NA,NA,NA
TAAR1,0.0757310686446371,218,0.000923931471773722,0.024014675968388
SLC18B1,0.0606868428677275,222,0.00382565441517607,0.0490176404745297
SLC2A12,0.0420523753298251,242,0.0174557843062981,0.108518964900785
AIG1,0.00105432106543115,171,0.980869812078798,0.98839765223796
SLC22A3,0.0222986316499184,214,0.191077416430456,0.392320163736626
VWDE,0.0265033246238529,216,0.127252297623022,0.313367907304887
GNA12,NA,NA,NA,NA
GGCT,0.0482292271453438,197,0.0238374306811093,0.128291180282176
FERD3L,0.0344156236621713,194,0.0842194892950082,0.253421099054572
EGFR,0.0122689111293507,249,0.385089942459064,0.577408230181144
IGFBP1,0.0647966895160793,237,0.00158336288365216,0.031128922653115
SSC4D,0.0448702510690261,217,0.0213743828108839,0.121156800351194
CCT6A,NA,NA,NA,NA
ZC3HAV1L,0.032313326844067,192,0.103542408548458,0.280962636544845
TMEM140,0.00170384775205409,223,0.944697111238161,0.966241997265717
EPHA1,0.0280346710116558,263,0.0616754064182657,0.214820590509637
TMEM47,0.0753296440527429,41,0.389596655579846,0.581430741457756
CDK16,0.00631676905007367,207,0.728835222345274,0.829382371651382
CHST7,0.0252206855193756,224,0.131395213711338,0.31883220753571
NDUFB11,0.00932802468776722,189,0.625068672177687,0.760350965506688
AWAT2,0.0197394009935096,220,0.228638950862227,0.431355063345408
SYTL4,0.0198409818820999,227,0.213716342408115,0.417148097610689
TBC1D8B,0.0144170198111872,235,0.337531914707054,0.534567263152341
FRMPD3,0.0107373980281154,246,0.452139351641099,0.631131826227645
HTR2C,NA,NA,NA,NA
UPF3B,0.014599299716607,201,0.404146951615587,0.593788458945287
DOCK11,0.0323306971171624,248,0.0463085403440993,0.18500174712122
ARHGAP36,0.0708761369068544,205,0.0023428018719955,0.0379981658007897
GPR119,0.0513537707702635,230,0.00825213961231468,0.0734502358036195
MFHAS1,0.00704335479804232,212,0.685471067045374,0.801226093051568
DLC1,0.0306828881432534,251,0.0533303802259265,0.198659175945423
ATP6V1B2,NA,NA,NA,NA
CHRNA6,0.0509004804061154,241,0.00667834339728915,0.0669200483932924
GNRH1,0.109398925050084,193,0.000105045184512143,0.00768882453992333
BIN3,NA,NA,NA,NA
DOK2,0.0104740563451353,261,0.436289864900556,0.619532581042867
STAR,0.0201743204002499,205,0.249252937160407,0.452721820832137
ST18,0.0261243648274422,262,0.0779147963577648,0.242325481419412
GINS4,0.0147487280749378,182,0.445431963807384,0.625746910550501
ARMC1,0.00248073706669747,88,0.974995201437754,0.984581262726866
DNAJC5B,0.0661772236626291,181,0.00769112748430349,0.070810543228413
CRH,0.00835628345105122,199,0.647086499973763,0.775724177679391
MRPS28,0.0118118535249709,216,0.468186161522725,0.64407204073811
PRDM14,0.0657614625944455,258,0.000740766325362244,0.0218220519454387
TERF1,0.00541940629201247,233,0.739296165226268,0.836131423525597
PSKH2,NA,NA,NA,NA
LRP12,0.0127836626034721,226,0.411089232886798,0.598702616989241
RSPO2,NA,NA,NA,NA
EIF3H,0.0895285148601545,180,0.00112035977458517,0.0264729166773966
NDUFB9,0.0118712661766349,206,0.487408878482642,0.660387178335631
TATDN1,0.00622155065034498,199,0.74537186329072,0.84037428687551
C8orf76,0.00207295143371992,253,0.91394698519226,0.949044337823777
GSDMC,NA,NA,NA,NA
ZNF16,0.0975440664898266,209,0.000147858002064334,0.00946291213211736
UHRF2,0.0179450744649695,219,0.271121744189484,0.473988542758719
PLIN2,0.0367866331219634,232,0.0367710894694024,0.162202776541545
CDKN2B,NA,NA,NA,NA
IFNK,0.111729121171007,217,2.34271813102801e-05,0.00348250664749284
SIGMAR1,NA,NA,NA,NA
NTRK2,0.0157799662270426,205,0.359060181010337,0.552794095583903
FAM120A,0.0258005894922664,194,0.173303407549835,0.370578749279477
OR13C4,0.0733381130367952,181,0.0042217676011631,0.0517004155465512
ZNF462,0.00433656353383564,265,0.76625894318453,0.855232613901015
OR1K1,NA,NA,NA,NA
ASB6,0.0161721252377764,191,0.380550951622619,0.573777307904069
LCN9,0.00239682478694619,184,0.932154106864674,0.95921485502314
DPH7,0.00732522949660796,249,0.611316930090849,0.750649095799948
NACC2,0.0645867723042365,195,0.00577198430096978,0.0613622638206603
PROSER2,0.0167822512272667,257,0.231199760925791,0.433980862955176
MINDY3,NA,NA,NA,NA
CCDC7,0.0156844573170815,220,0.329304551056112,0.526246072887566
NRBF2,0.003132517734508,186,0.901105333330779,0.941775605227376
GLUD1,NA,NA,NA,NA
NPFFR1,0.0428416319784098,195,0.0399980944102432,0.17083022481853
FUOM,NA,NA,NA,NA
PAOX,0.0190431484976881,232,0.221481161297409,0.424816878054789
BCCIP,0.0156246403599629,232,0.306861503049066,0.506241982232242
ADM,0.0185896309493118,221,0.251937673129908,0.455131660281206
LIN7C,NA,NA,NA,NA
ZNF214,0.0178148321445931,175,0.376495330206203,0.569753389437524
HSD17B12,0.0172547747311219,245,0.239646141055354,0.442162949637261
SSRP1,NA,NA,NA,NA
TMX2,0.0618767001992914,186,0.00953795754097963,0.0792403308818764
SLC43A1,0.043000050051098,257,0.0116826260775645,0.0890471909700875
HIKESHI,0.0218218619484662,74,0.660978988177073,0.785378772034591
ENDOD1,0.0226555569084639,239,0.145241410610299,0.337471949018
PAK1,NA,NA,NA,NA
RPS3,NA,NA,NA,NA
C11orf52,0.00672966967020701,221,0.686771850304536,0.802378340104446
NPAT,0.0648344504947348,275,0.000491846985550859,0.0179488917133976
ATM,0.0572673315664067,276,0.00127686196732173,0.0279417766594666
AASDHPPT,0.0384286098800976,178,0.0784884716986721,0.243351484026367
LAMTOR1,0.0988544171877505,55,0.148646695818503,0.340918046923574
ST14,0.0332571041643376,275,0.0278326106284559,0.13998696280804
OVOL2,0.0129483466112902,188,0.489674400271183,0.661945256613601
MTA2,NA,NA,NA,NA
TMEM138,NA,NA,NA,NA
FADS3,0.0626509025234568,215,0.00383370636073266,0.049071441417378
ROM1,0.00187263422864445,221,0.93775683695767,0.96258199538152
MYRF,0.0187107762482224,262,0.180528364832673,0.379805266851537
FADS2,0.0233745354557316,213,0.175092145535491,0.372905278518397
INCENP,0.02621782547038,196,0.163743957379727,0.35968317371304
ZP1,0.0284712850692933,191,0.144150100200007,0.336358012733989
OOSP2,0.0060506594487325,175,0.788475228999758,0.869650934078103
MS4A3,NA,NA,NA,NA
NINL,0.0341826050335637,239,0.0432935604869067,0.17844232568325
MS4A2,0.0309985622968768,239,0.0607866907466953,0.213096419859596
EI24,0.0146627478914662,98,0.700319057159454,0.812013152526144
CEP164,0.0472979416616353,282,0.00404828123070939,0.0505776519986778
MPZL2,0.0638467164493042,184,0.00854808911754564,0.0747209766651073
SCN2B,NA,NA,NA,NA
MPZL3,0.0158317840127751,210,0.346413778598467,0.541939059603252
COMMD7,NA,NA,NA,NA
MYL9,0.120330237358101,18,0.359584163147896,0.552965938402753
KIAA1755,0.0410725220969901,254,0.0155163529351155,0.101969180073081
SLC13A3,0.00784631742238017,221,0.631126979246386,0.764416338803488
OCSTAMP,0.00823491631289497,243,0.573892091767651,0.724604905398315
PIGT,0.00817945392474187,227,0.604425908175061,0.745349377083422
SPINT4,0.127678364042176,195,1.72514595814326e-05,0.00327932222730038
LSM14B,0.0477482454448415,182,0.0344428096852703,0.157485491788136
CABLES2,0.0819486075968215,191,0.0013888408906813,0.0292852277876109
AIP,0.0168622685402511,193,0.356428735004123,0.550567769593648
GPHA2,0.0131134224449261,175,0.516028926699391,0.681281622871265
NUDT22,0.0128579451920363,233,0.394246963765313,0.584531936032017
FERMT3,0.050864305106706,228,0.00911095874165878,0.0777729025025243
PLCB3,0.000424295198440796,250,0.991150948583596,0.995057424023386
MRPL49,0.0255868661019506,200,0.165198162365099,0.36100957376148
CDC42EP2,NA,NA,NA,NA
TM7SF2,0.000881024465958433,227,0.977732599746631,0.986304019529863
VPS51,0.00486879404353033,201,0.807601187771689,0.882127678169831
PPP4C,NA,NA,NA,NA
MMP10,0.0300309515710244,228,0.0779641804661051,0.242419873636796
DUSP6,0.0372143804785931,82,0.389415701997025,0.58143005634632
CTF1,0.0099236267327439,193,0.592285015808816,0.737663012061518
CWC15,0.129697563615247,41,0.158543860330663,0.353503957487977
ARID5B,0.0242794716665741,258,0.100507697649729,0.277491006379349
UHRF1BP1L,0.0184951606297627,267,0.177771463344272,0.376533736429844
KIAA1328,0.0493264312352576,253,0.0060456308664221,0.0626167641074086
HNMT,0.0126959936327609,209,0.450387403248396,0.630070917501845
SPOPL,NA,NA,NA,NA
PDCD4,NA,NA,NA,NA
ADRA2A,0.0674533482113999,202,0.00357270657218054,0.0473485857474416
GPM6A,0.0384470767285932,47,0.621799200617773,0.75825685743661
WDR17,0.0104093789332859,275,0.414983683031366,0.601551580592702
SPATA4,0.0137313932582016,255,0.322351271925101,0.520182633962642
CD226,0.0167507754781586,259,0.228756346261603,0.431355063345408
CCDC83,0.041387404950731,257,0.0141289717393558,0.09801012204381
PRSS23,0.0167583922176904,207,0.327010942812193,0.523941548327599
PPP1R1C,NA,NA,NA,NA
C11orf53,0.042603016035099,247,0.014894843720542,0.100062491848672
CCT5,NA,NA,NA,NA
DLAT,0.0118999974998666,246,0.404837834846227,0.594147806476324
PIH1D2,0.0142995196886909,230,0.351194929348132,0.546065025049177
IL18,0.0283419909528701,219,0.103239061306854,0.280644396109532
TEX12,NA,NA,NA,NA
PTS,0.0187304916912088,174,0.356027911314213,0.550354591394322
FREM2,0.00286773696629272,273,0.854238709758035,0.912640232151526
CRIM1,0.0494391857945071,236,0.00881229483818893,0.0761472149662828
SEC24D,0.00522570745419853,251,0.727607522541853,0.828873828899198
DENR,NA,NA,NA,NA
RILPL2,0.0315165692103392,208,0.0887235330255191,0.259766187727129
TKTL2,0.0192959454460844,183,0.319226905658868,0.517528920428217
PRSS53,0.0042663864991846,264,0.771751641804369,0.859105752121357
SLC7A11,0.0174920865029695,211,0.298966754574297,0.498970067652764
NOCT,0.03741463056186,202,0.0570381082297549,0.205614873029765
DCP1B,0.00757151331164899,263,0.575789110295369,0.725728507944215
KCNA6,0.0261549421322539,177,0.203261759755677,0.406013452360148
THRB,NA,NA,NA,NA
NGLY1,0.0216279596652506,245,0.152587257985068,0.345546109121236
OXSM,0.0220926677457726,219,0.185761221925239,0.386009940029343
TMEM86A,0.0270141978985732,189,0.166126406032316,0.361610990809703
BTBD11,0.0514352695479167,171,0.0328955424691717,0.153576843433787
ANK3,0.0371315056393278,262,0.0213807412118428,0.121156800351194
PLBD2,0.0223161122267239,265,0.117012336606508,0.298503139646851
SLC2A13,0.0318973566840629,192,0.107200515731997,0.285688589320509
EIF4E,NA,NA,NA,NA
DSC2,0.0109131469500341,279,0.386434820473143,0.578811463430077
AKAP6,0.0183127205003654,278,0.166555877710628,0.362271493554143
FAM177A1,0.0541308967042369,193,0.0155036462605291,0.101969180073081
TMEM18,0.00369352009438505,186,0.877124464894962,0.926827941998029
THRSP,0.0677805613552871,183,0.00631629698900415,0.0644070123714627
NDUFC2,0.0426975321301232,191,0.0437423849647007,0.179421260840717
NARS2,0.0152424598990059,232,0.318047627193138,0.516625480816734
MYCN,0.0219088701424236,198,0.229297120974584,0.431809571600223
MSGN1,0.0199458327779915,190,0.287422916356131,0.487433575224332
NUBPL,0.0076005352010061,225,0.636373712883352,0.767755056776688
ATP6V1G3,0.0328986251750451,183,0.112217528907817,0.29227043929856
FER,0.00844320767064996,211,0.620811875151821,0.757452306061369
CDC123,NA,NA,NA,NA
SCLT1,0.0054196606167351,248,0.719974889573341,0.824159643502254
C4orf33,0.0277491987828242,200,0.137323311404346,0.326874916523105
SLC25A31,0.0168414316990424,182,0.384238182042978,0.576606278602493
KHDRBS2,NA,NA,NA,NA
PTPRO,0.00638067943779922,242,0.673586887541103,0.7938318474975
ACAD8,0.0580428941563821,229,0.00415737517090739,0.0511419467568664
VPS26B,0.021410302024035,63,0.722628020666574,0.826008837839659
QDPR,NA,NA,NA,NA
CGNL1,0.00951016491325008,258,0.485475942637787,0.658894521204683
POU4F2,NA,NA,NA,NA
PIGF,0.0446693438736917,183,0.0434035318105521,0.178519126722002
ASAP2,0.00819626960216824,242,0.577548873706349,0.727175830570824
BARX2,0.00914113790676418,208,0.595076226137515,0.73976484295631
TMEM45B,0.0141654894121364,236,0.343641891544566,0.539524547671547
CENPU,0.0200447440573866,235,0.195917106720854,0.398000631114208
SLC25A4,NA,NA,NA,NA
AMN1,NA,NA,NA,NA
ZNF385D,NA,NA,NA,NA
GUF1,0.0187211216439536,241,0.212909333146775,0.416795086780139
CCDC175,0.0260059892800862,253,0.0875759487675891,0.258067395535404
FBXO4,0.0392278097752276,213,0.0399077051193369,0.170558567919421
PARP8,0.0194785986513687,184,0.312481945241375,0.510785492127439
NVL,0.0337113257872538,248,0.0397210114862973,0.170045983962851
FBXW7,NA,NA,NA,NA
RBM46,NA,NA,NA,NA
KANSL1L,0.0220387670175856,262,0.12431313031081,0.308866958181521
MCHR2,0.0180215539339105,172,0.37920151391508,0.572556073648187
FARSB,0.0293587750269175,212,0.102512396635274,0.279631159466021
KCNE4,0.0250230618023759,229,0.126864528318915,0.312886644591343
TNFSF4,0.00567519097254631,219,0.74409873190967,0.839475724120964
MZT2B,NA,NA,NA,NA
TMEM163,NA,NA,NA,NA
HSPB8,NA,NA,NA,NA
GEMIN6,NA,NA,NA,NA
TMEM178A,NA,NA,NA,NA
OBI1,0.0191497055609047,243,0.200625356733524,0.402998998844551
GRID2,NA,NA,NA,NA
ARL11,0.052999527628025,179,0.0240448764270184,0.128724483469738
ARL14EP,0.0600681869395518,94,0.133564687732588,0.32174765707627
EPG5,0.00762831225124016,278,0.549278687902409,0.706512794768295
ATP5F1A,NA,NA,NA,NA
HAUS1,0.00284313963479456,205,0.900995149527286,0.941737728713953
SPC25,0.0105548157084934,189,0.575670569414469,0.725728507944215
PDE3B,0.0378198735159753,268,0.0177519700318931,0.109207255225565
TCF7L1,NA,NA,NA,NA
CRYGC,NA,NA,NA,NA
KCNK13,0.0125030144538746,213,0.448680944444781,0.628577770151659
ATG10,0.00269437499153655,215,0.901768594988771,0.942082259517429
FAM151B,0.0783148445647932,202,0.00128122514069155,0.0279441413121835
GUCY1A2,0.0279870359816887,229,0.0944737459468621,0.268455517264443
CWF19L2,0.0471897151628461,264,0.00610032222956112,0.0629201309827915
XRCC4,0.0339524520307486,236,0.046451336606959,0.185223613971894
MARS2,0.00570311388968537,248,0.703503902847141,0.81408556302573
USP12,0.0755317697881515,54,0.261120542371112,0.46408473732047
CAMK4,0.0479643554034296,224,0.0134882744633175,0.0959544436626253
TRIM36,0.0137193425547249,214,0.403773444491408,0.59340625306284
ZFP36L2,0.00387679472204957,184,0.870978185558001,0.922553074789313
FLT1,0.0459390446263553,270,0.0062533649864628,0.0639188254154014
PLEKHH2,0.0171802547905233,252,0.229661650042402,0.432112686503181
PPM1B,NA,NA,NA,NA
IGSF10,0.0301871489904224,271,0.043001014695531,0.177638963075667
SPARCL1,0.0191805240330757,247,0.19361663122533,0.395493410631243
MBNL1,NA,NA,NA,NA
GRIA4,0.040925592046452,83,0.339938076575137,0.536154965109714
NIPBL,0.0114244723859186,237,0.440877622260292,0.622717299649917
GADL1,0.0246599053752544,230,0.130099366154956,0.316815588403349
GPD1L,0.00536219475129682,172,0.821339126590247,0.891662433199023
GMCL1,0.0270700801697755,187,0.169249618534734,0.36584574705675
CCNO,0.010056231718516,222,0.52754443034462,0.690099205512437
TIA1,0.0791574498752349,70,0.140937446209667,0.332096252498081
SLC30A6,0.0355888498107769,179,0.0964096388481898,0.271150519835784
ITGA1,0.00665516143791315,254,0.640551261814069,0.770646218634421
JADE2,0.0181421814831544,229,0.247105308601254,0.450040499119915
CATSPER3,0.0238202345828488,252,0.112642347323417,0.292897700186001
WASHC2A,0.0204797536629672,245,0.172012559957466,0.369231749305315
TCTEX1D1,0.033423465698363,225,0.0578971329028579,0.207478301815081
BMP3,0.0224929247493183,240,0.146258209351996,0.338373216041239
HHEX,NA,NA,NA,NA
ADAMTS18,0.00972074853788378,260,0.472105485011557,0.647862697525569
RAB3C,NA,NA,NA,NA
MED21,NA,NA,NA,NA
PLOD2,0.0102431302954487,229,0.505766756215215,0.673791881925516
STK32B,0.0154574734774306,189,0.406345542970929,0.595492049838532
ZIC1,0.100799663299663,45,0.218144995778538,0.421280717206145
CENPH,0.00053678027504818,217,0.989857660084545,0.994229271201638
TEKT5,0.00276723909285416,242,0.880959302391717,0.929800089107558
NUBP1,0.0135762063110787,203,0.433070940937779,0.617301791134142
RIOK2,0.0179417291801623,244,0.225138147445311,0.427944903595067
SMARCA5,NA,NA,NA,NA
BMP6,0.0131244735865633,207,0.439608804271016,0.621965250865008
UXS1,NA,NA,NA,NA
PTPRR,0.0148101522092624,237,0.321385728412286,0.519371734178261
PLA2R1,0.0694899222643378,272,0.00029619241810468,0.0130079539206249
ITGB6,0.0178809087000904,238,0.23690696343264,0.439671811705422
CD96,0.00389249990168771,228,0.82938420228513,0.896142422097986
ATG3,NA,NA,NA,NA
TRAPPC8,0.0293412035180927,248,0.064420207376201,0.218904952279428
FAM81B,0.00163095400697786,254,0.9376209664352,0.96258199538152
LPCAT1,0.0111193953288442,211,0.505835165540199,0.673791881925516
UBALD1,NA,NA,NA,NA
UBP1,NA,NA,NA,NA
RMND5A,0.0699932795698928,31,0.55195355208034,0.708229717852053
RPIA,NA,NA,NA,NA
VILL,0.0285849400518548,247,0.0708880807408465,0.231490620053351
HGD,0.03376322534477,205,0.0755646769415223,0.238437675749802
GTF2E1,0.0100863422718271,179,0.615943227984143,0.754438637392387
CFDP1,0.0208489578967717,207,0.231332098337857,0.434165282114787
C7orf31,0.0114449891728439,250,0.415367053090064,0.601833309232656
TMPRSS11D,0.0256214421285846,256,0.0883519223051762,0.259339991892492
JAZF1,NA,NA,NA,NA
FBXO36,0.0282523880194421,198,0.134760223768922,0.32352614701621
CEBPG,NA,NA,NA,NA
DDAH1,0.0141200213104594,176,0.480554157781267,0.655352580951089
DGKE,0.0742940053450783,221,0.000963610114971934,0.0246325308273209
MSI2,0.0639316239316241,26,0.659777477188661,0.784660187643551
HS3ST3A1,NA,NA,NA,NA
GDPD1,NA,NA,NA,NA
SEMA3D,0.00842996134418129,222,0.601317707222545,0.743583707190942
ASB17,0.0225640229968643,180,0.257287757025783,0.460939214162382
GRAP,NA,NA,NA,NA
THY1,0.00289178641254292,190,0.9085523479857,0.945546294953102
JPH3,0.0197417086695596,211,0.246148873361921,0.449069195120675
ANKH,NA,NA,NA,NA
UBASH3B,0.016722364375071,174,0.408423319189526,0.597070637419399
OTULIN,0.0075693749532335,224,0.639611506904486,0.770243206499199
PANX3,0.0255879536387647,222,0.129659780471789,0.316349993120441
GPR15,0.0171552629898961,228,0.273112562491812,0.476027952776561
TOMM70,NA,NA,NA,NA
CERS3,0.0420771579900081,237,0.0191687936387255,0.113914707271646
ABCA6,0.0268990452499859,263,0.0703975408498033,0.230484082329844
FAM167A,0.0407282278777848,192,0.0508048067814662,0.192735075207365
ATP8B4,0.0165711607647033,253,0.243082570358659,0.445902292393473
WNT3A,NA,NA,NA,NA
TRIM11,0.0156833854979487,182,0.41716994211797,0.603588109601493
PPP1R3A,0.0231914264053251,282,0.0890026624050492,0.260403838362212
ASZ1,0.0413778619106508,217,0.0301318882082048,0.146194182178932
SH3RF1,0.00793610733421417,254,0.570782082303611,0.72167407157004
KLHL41,0.00642107755662073,205,0.726783618822403,0.828574570704042
GPR26,NA,NA,NA,NA
DHX32,0.0150888641898247,255,0.280120182428153,0.4816539278257
C10orf90,0.0184721859466589,249,0.205169244537651,0.408350601411397
ATP5MC3,NA,NA,NA,NA
PDLIM3,0.0107036848892008,193,0.561048070761958,0.714765252498179
LY96,0.0375303344295876,232,0.0340235180752981,0.156490980934271
CXADR,0.0151986640105247,194,0.402017097981087,0.591849469412453
C21orf91,0.00510439526997106,200,0.79743502983268,0.875746421928986
TMPRSS15,0.0297344801869412,272,0.0448272169889654,0.181647927321497
SEL1L2,0.0260648163950639,238,0.103292922971771,0.280644396109532
ADAMTS1,0.032743757774143,248,0.0442333972179623,0.18076225981727
ADAMTS5,0.0168637251088057,237,0.263649385717025,0.466885230324253
TSEN2,0.0321208268446583,255,0.0428434206361632,0.177429010391533
WNT7A,0.0340914329809096,62,0.556055428497024,0.710893589373429
XPC,0.0290555762006061,259,0.0576526021273734,0.20700973800232
MYO5B,0.00520851965934989,271,0.704058570736226,0.814357456806518
FLCN,0.0205930638057751,197,0.25757730777029,0.461068811210458
ACAA2,0.084821188817225,232,0.000206041810014429,0.0109797008047857
SKA1,0.00735319406516729,212,0.670430684958232,0.791858036133548
USP43,0.0529503948167565,261,0.00323993220492958,0.0454947922403342
RAB6B,NA,NA,NA,NA
ABCC3,0.0359706533996723,279,0.0185674815856326,0.111967540470936
ANKRD40,0.0310866916544092,177,0.140367865856549,0.33123561521466
VOPP1,NA,NA,NA,NA
MRPS17,NA,NA,NA,NA
DKK2,NA,NA,NA,NA
CA2,0.0653027447763745,230,0.00185609722736092,0.0337173359357876
CA3,0.0844232930709847,186,0.00135771966399316,0.0288955738008793
ATP6V0D2,0.049009268511596,183,0.030377972413853,0.146717427630956
ODF1,NA,NA,NA,NA
KLF10,0.024770041272202,228,0.131475581358815,0.318886498607098
PIP4P2,NA,NA,NA,NA
OTUD6B,0.094969862978713,225,9.23778886454405e-05,0.00713045327144443
AGPAT5,0.021591966221543,199,0.233239049869314,0.436137503910671
MARVELD1,NA,NA,NA,NA
HSPA13,0.00884250710834589,197,0.629593222527004,0.763739335375171
C16orf87,0.0952629600413595,60,0.131605583089672,0.319039278601251
LONP2,0.00483904149619143,206,0.803186863822071,0.879266623486153
TRIM74,0.0301113301002437,181,0.143500139442369,0.33565064755519
OXA1L,0.0208685724278284,257,0.1483775591038,0.340694603448634
CCDC146,0.0809336886963067,262,9.92291369811428e-05,0.00747800170764399
GEMIN5,0.0313216351026087,259,0.0443673699896974,0.18076225981727
AKR1B1,0.0190562437483016,202,0.280380775304848,0.48197186587698
SETD9,0.0227150008882463,193,0.225002580444089,0.427944903595067
NUP205,0.0285713792746719,241,0.0765936258859601,0.239974518888951
PDE11A,0.00234187664932924,237,0.907173793976823,0.944528902334099
PDIA4,0.0436649716305514,229,0.0189472293893929,0.113188896255064
OTOA,0.0199503824960409,258,0.162713037374534,0.358544219474794
CASP10,NA,NA,NA,NA
C2CD6,0.0245142120889863,186,0.209178161818519,0.412334479015733
FZD7,NA,NA,NA,NA
DEPTOR,NA,NA,NA,NA
SLC26A2,0.0436720227846429,260,0.0101574839586346,0.0822441938757114
CSF1R,0.00707677723368425,270,0.592642613379797,0.737964052014577
LSM11,0.0469494925807109,182,0.0367686664031568,0.162202776541545
MED7,0.0235470376540541,84,0.581924024159954,0.730205096355368
TRIM42,0.00102605521716297,252,0.967805708718191,0.980040828992198
PXYLP1,0.0188145084880999,215,0.258637658706336,0.461498360029033
ADCY8,0.0420535381813738,207,0.0341233885275199,0.156780474850827
RASA2,0.00815841568068826,196,0.661456970553471,0.785496795456295
ATP1B3,0.0526180486442084,225,0.00815169571292625,0.0731192805051629
SMC2,0.0492491927231905,216,0.0141719148398954,0.0980942975004936
TMBIM4,0.00957964326601055,220,0.552329248202083,0.708334035354116
VBP1,NA,NA,NA,NA
NAT2,NA,NA,NA,NA
GNAQ,0.0485213032581456,19,0.646170596157656,0.774913790397156
WIF1,0.00935172148384199,204,0.593759630136626,0.738849306245244
MMP16,NA,NA,NA,NA
BATF,0.04183697686694,89,0.29795510026514,0.498261050023217
ADAMTS3,0.0567140912447471,256,0.00233910806676603,0.0379981658007897
C8orf37,0.0183291647916949,220,0.259946991165626,0.462579974777897
STOM,0.00617700573712325,186,0.766766304280227,0.855443352733842
PPEF2,0.0163335232090271,224,0.302760493193334,0.502470372857741
CFAP161,0.0183219083097485,210,0.280498829814558,0.482044676361923
NAAA,0.00863244674420508,240,0.559402691173721,0.713311240968012
ADAMTSL3,0.0535220004446578,273,0.00223613056951086,0.0372419537158017
CXCL13,0.00799417954494345,219,0.627475841601055,0.762259854886592
WHAMM,0.0232941312429228,204,0.192774920086284,0.39438293618246
CCT8,NA,NA,NA,NA
NAA11,0.0650936778986066,181,0.00841876781612684,0.0743724080540228
BACH1,0.0163790274585581,233,0.283893764677156,0.484155193750436
CLDN17,0.016427025843722,215,0.318772402570438,0.517051110435188
TSPAN7,NA,NA,NA,NA
TIAM1,0.0271974659108412,256,0.0739870604232415,0.236283651341626
SCAF4,0.00448626045685187,246,0.777283188976151,0.862399049986955
ANKRD9,0.0283737562002172,179,0.168134362608687,0.364176741868068
PCDH1,0.0312870393076584,210,0.0881374052613678,0.259242030810342
MTERF3,0.00463447466917202,242,0.77299397738801,0.859708996991489
RPL30,NA,NA,NA,NA
KCNS2,NA,NA,NA,NA
TYSND1,0.018182747363776,240,0.226475592873638,0.429070663682272
CD109,0.0180780923083287,280,0.168618726550563,0.364853568016984
NODAL,0.00966735790067401,232,0.525446515930693,0.688557138274854
PRG3,0.0487144416978316,200,0.0213529206478072,0.121156800351194
KIF6,0.0391303598666052,259,0.0177704707378736,0.109230074960211
UBE2L6,0.00804000551181911,232,0.602558505197263,0.743953887515761
ZDHHC5,0.0207510108074516,182,0.289053643490892,0.489248782178268
CELF6,NA,NA,NA,NA
ZFAND3,0.0225509824428801,96,0.543394028692385,0.70240644061493
BAG4,0.0111994856671098,236,0.451928113291025,0.630975274158572
TBC1D31,0.0189729997201024,266,0.169769520041832,0.36653409175331
NTAQ1,NA,NA,NA,NA
ATAD2,0.011471429939035,259,0.397891576139238,0.58740548437572
NSMCE2,0.0083619963662853,205,0.635634599535233,0.767267771744927
FRRS1,0.0229124896638057,272,0.101860344195095,0.278900910710817
SASS6,0.0101696114443249,241,0.486102058996518,0.659247771630247
COX6A2,NA,NA,NA,NA
ZIC3,NA,NA,NA,NA
LHFPL4,NA,NA,NA,NA
B3GNT7,0.0527966675931981,201,0.0143637584934141,0.0987170366372005
PDE6D,0.0303360377778984,44,0.72807674100097,0.828889369213226
SST,0.0743942400192397,63,0.202477263363658,0.405013395480555
FANCD2,0.0476453721663261,268,0.00527972918114577,0.0579178560302089
TATDN2,NA,NA,NA,NA
EXOG,0.0143498789375303,201,0.412109819780115,0.599194527255042
NTAN1,0.0303070068991686,198,0.1130552856618,0.293312715051678
NMNAT2,0.0521313487705165,92,0.19153540401307,0.392690744608895
ZFYVE9,0.0671986619269632,247,0.000882419356300542,0.0235993506100654
LYZL4,0.0757899269351397,203,0.00157033318603484,0.0309593861568725
TMEM171,0.0320086931989904,248,0.0479917089829109,0.187664232608644
KLHL40,0.00787721457198358,218,0.63485584695463,0.766763780636716
TIMP4,0.0289979808717692,177,0.164363203578238,0.360569878762498
PPARG,NA,NA,NA,NA
ABCF2,NA,NA,NA,NA
ODR4,0.0154221339840034,238,0.301202907678839,0.501194878611888
PRKAG2,0.0391630670760656,202,0.0487373786088287,0.188553843852382
HTR5A,0.0186081713913149,190,0.31857113030015,0.517040832012258
STEAP2,NA,NA,NA,NA
CLDN12,NA,NA,NA,NA
FZD1,0.0170689725761158,187,0.365447481499627,0.55894549350057
HMGCR,0.0219758726772398,235,0.16166515798135,0.357203706346711
GATAD1,NA,NA,NA,NA
IPPK,0.0460163392554005,190,0.0336015216444376,0.15541726808822
THTPA,0.00474773676105043,238,0.770991166787852,0.858634443879861
PDF,0.00154933170314652,227,0.950336601432063,0.969544997037967
TMED6,0.0911122060671754,219,0.000181254899878772,0.0104930109311638
PDPR,0.0665622620072539,213,0.00275763282503891,0.041612810023336
ARMC12,0.0586669642251213,223,0.00458484919620966,0.0540182257280752
MDP1,0.0169700387367242,194,0.351106831714164,0.545994701918388
DHRS1,0.0331595871475747,239,0.0482976725856279,0.187822643679559
KIT,0.00309722348931777,251,0.855602336064002,0.913407489699173
CACNA1D,0.0275091825139608,240,0.0867628233549854,0.256859906612993
IL17RB,0.0103699182303331,258,0.446196129717588,0.626543981045557
ZNF19,NA,NA,NA,NA
CCNB2,0.00665883462423053,200,0.723179722304373,0.826342808475551
ERC2,NA,NA,NA,NA
FAM81A,NA,NA,NA,NA
MYO1E,0.0225282904225203,197,0.219948333044994,0.423023553255972
APPL1,0.0340192866031147,173,0.11907233785858,0.301912262585481
TMEM268,0.00624828657925864,207,0.732187379579704,0.830895345836863
COQ5,0.0182955773514696,215,0.270761823823847,0.473510748245364
FMNL2,0.0106520564686663,205,0.537282217357054,0.698328665457416
DPYSL5,NA,NA,NA,NA
DRC1,0.00487768474032757,257,0.741352309111048,0.83756435809796
C12orf43,0.0184797821976035,240,0.2198448491109,0.423021859462834
PEX10,0.0158840505282726,240,0.28431818508118,0.484609850638175
WIPI2,0.0276952323726964,178,0.179111179251379,0.378490124265068
SMAD6,0.00124569111182182,179,0.974006860372127,0.983973298461126
CIB4,NA,NA,NA,NA
CFAP251,0.0037461231276865,219,0.84547940761646,0.906698910740417
MRPL17,NA,NA,NA,NA
DUSP2,0.0332138494650939,196,0.0905859156740019,0.262905506129162
PTPDC1,0.0187963995305972,260,0.181701322769843,0.38108512372308
HPD,0.0396962198977326,226,0.0302135834801439,0.146275250060415
RHPN1,0.0237493225847173,265,0.0991958610130589,0.275419406026561
FANCC,0.0160149394517004,265,0.237879008534365,0.440608937273659
MRAS,0.0240380622837375,51,0.75254790253224,0.845189601997408
ABHD3,0.0640704191328223,195,0.00604731625723246,0.0626167641074086
TENT5B,0.00534021762755738,224,0.755195238100504,0.847266257262863
ACTR1B,0.0533334894763247,97,0.163217064440991,0.358897191422731
PCDHAC2,0.0042442980505262,221,0.817277524352105,0.888733482765404
PCDHA13,NA,NA,NA,NA
MITD1,0.0752942309274138,205,0.00153345414146481,0.0305912097666891
CNOT11,0.0222941047240852,171,0.285051699616339,0.485375141786849
CATIP,0.0144966442895724,233,0.33893987814233,0.535575264717551
ACSM3,0.010594448693919,224,0.500641727978838,0.669555082173526
NRG2,0.00712932169556422,197,0.706156714611805,0.815081739831063
SPATA2,0.0439073822989033,229,0.0184738507502179,0.111667281990876
NCF1,0.017855909284338,223,0.265376512833519,0.468523624228508
LRTOMT,0.0263756467076339,191,0.170966258260364,0.368221120609229
SLCO2B1,0.0116948498298031,262,0.383623171453266,0.576249108615296
PKD1L1,0.08691531846904,229,0.000185255639620666,0.0106655307766555
SLAMF8,0.0174143855841505,239,0.246264906249929,0.449211123520298
CDH15,0.00691537358876415,246,0.638209228965749,0.769027211441042
HTR6,0.0513814010427465,218,0.0109430060904772,0.0856081852385242
ZSCAN23,NA,NA,NA,NA
SPATA2L,0.0977514747938989,226,6.54163400062356e-05,0.00603726453854649
USP21,0.0245319103110622,189,0.202515148188937,0.405013395480555
FCER1G,NA,NA,NA,NA
FAM160B2,0.000484501173753854,268,0.988094818384496,0.993398769098906
CHRNB3,0.0110587083753607,217,0.495745127265518,0.665520671606474
ARHGAP17,0.0253769868110732,230,0.121159059855476,0.304535580485365
C8orf58,0.00488634809187847,253,0.745493196283466,0.84037428687551
WNT9B,0.00326909519149369,173,0.905009550978594,0.943455974565227
TMEM141,0.011340508946734,186,0.552318665996563,0.708334035354116
CELA3A,0.0773961118286063,173,0.00400800006878845,0.0504230343914708
MIS18A,0.0133607495651972,201,0.444980891020691,0.625389166634245
CFAP298,0.00971803879999685,187,0.613292217637812,0.752204322403233
KPNB1,0.0479631110041766,52,0.485107388841677,0.658894521204683
WNT4,0.152670749926509,60,0.0291903521259796,0.143595335912119
IL10RB,0.00435511736232198,244,0.787150512722513,0.868655136472916
NCOA5,0.0159140628743678,190,0.390430609155165,0.581849314175041
STC1,NA,NA,NA,NA
ARAF,0.0187179903171847,201,0.29051513580182,0.490551713079806
HOXB13,0.0739438273642393,179,0.00429904957998015,0.0523793932183251
ATP5PO,0.0423341248445479,213,0.0296273539304813,0.144953370851617
KCNE2,0.0394999090744522,197,0.0516562674769915,0.19429526437596
SNF8,0.150749744794736,75,0.0109141649529391,0.0855401875942354
IGF2BP1,0.067756345857612,80,0.147715829687114,0.339954609124518
CBR3,0.0238990447469447,189,0.212913696183385,0.416795086780139
GJD2,0.0479285779713816,90,0.234171357334032,0.437174788479365
ACTC1,NA,NA,NA,NA
SIM2,0.0266869599180994,207,0.138787398718575,0.328671682796535
GFRA4,0.0221238893542426,226,0.173424425233547,0.370592865733969
CCDC142,0.0240906242350557,259,0.101588939878469,0.278663953972039
MCAT,0.0102516298900444,218,0.527118485029053,0.689825423893343
PLA2G4D,0.0343526146460075,259,0.0311692954228226,0.148995270055609
P3H3,0.0248213783116036,246,0.107724037462749,0.286165274462825
RFX5,0.00101036691956797,246,0.969572661452194,0.981320454199444
M1AP,0.0205801531774829,248,0.165798299468643,0.361357026092393
PSMB4,0.0166921391507722,180,0.393495620904799,0.583855828523582
BTG2,NA,NA,NA,NA
IRX6,0.0132891179610309,255,0.337280609268958,0.534478765664981
CES5A,0.0121099854211548,232,0.423927009509371,0.609245587126083
HK2,0.0554638917289744,206,0.00988405734159607,0.0808499385372945
CELF3,0.0140155021203409,63,0.832910994546817,0.898598426645342
AMFR,0.00768837306928948,210,0.657833104896538,0.78337189564865
UBR1,0.0193905803070251,246,0.190989784124308,0.392203465109188
MED8,0.0421921542851682,176,0.0606251859928823,0.2129992741532
PGLYRP3,0.0127172936411667,198,0.474332780596633,0.649580891793411
ISL2,NA,NA,NA,NA
GSTT2B,NA,NA,NA,NA
CPNE2,0.0352296871163057,193,0.0798091505980817,0.245875506051565
GPBP1L1,0.0196015188213765,207,0.257399219135473,0.460976685518132
NAE1,0.0128106133116006,181,0.511389577714906,0.678003516976398
ACE,0.0382424329566087,266,0.0174588064605614,0.108518964900785
TEPP,0.0207890664260691,215,0.216897450868008,0.420201693680401
KIAA0895L,0.0169609842791501,215,0.304332056897452,0.503831155160008
SHF,0.00104043253084739,198,0.976783791033296,0.985840269641022
CHCHD6,0.084994020997693,208,0.00053338562266537,0.0186663466741816
CTBP1,0.0622836113247071,74,0.208162070415969,0.411605671296039
TPPP3,0.00888503704079408,83,0.866463583266649,0.919010680798065
AGRP,0.00950963105339503,186,0.623835509635338,0.759472725202356
ZFYVE28,0.0209452514554704,229,0.188992436909268,0.389798814004281
PIP,0.020182126526938,222,0.215863422943734,0.419142237627718
PSKH1,NA,NA,NA,NA
DMPK,0.00365230910252737,238,0.833721025942378,0.899145808981733
PTGIR,0.0345780032548215,228,0.0492331473694317,0.189665264639166
SSU72,0.0493002119831388,41,0.57823672896361,0.727746696488628
TRIM62,0.0194892616947707,89,0.633591921390464,0.766181799357097
NR2F6,0.0300568444753359,92,0.43428309180588,0.618285019815234
CCDC58,0.0499215313600231,93,0.204162249309256,0.406793056869082
HAPLN4,0.0529422554987392,180,0.0235809194046414,0.127560643193992
TFF2,0.00373657031206683,204,0.85935965602925,0.915347041832277
UBASH3A,0.0171170257007241,232,0.266470714003412,0.469466179768634
RSPH1,0.00797945640886941,218,0.629944196013069,0.76379643095707
PDE9A,0.00859133697208803,228,0.582799908386854,0.730852661797457
PKNOX1,NA,NA,NA,NA
U2AF1,NA,NA,NA,NA
CRYAA,0.0944526561050022,89,0.0399880510473079,0.17083022481853
HSF2BP,0.0437929496676096,199,0.0340004844561722,0.156468731164826
PDXK,0.00790087434322566,172,0.71704801562959,0.821973803324538
AGPAT3,NA,NA,NA,NA
TRAPPC10,0.0317692745967465,241,0.0544412799802936,0.200626198445897
PWP2,0.0356894924025463,241,0.0356623236789373,0.159404916928697
GATD3A,0.0179034760630239,192,0.331345225218167,0.52855871597928
AIRE,0.00691531518901713,231,0.661540685067939,0.785496795456295
LRRC3,0.00683369932084526,177,0.752349360536267,0.845041137295167
FAM207A,0.0253666802897926,191,0.185488211629241,0.385757325818095
SPATC1L,0.0587811990353971,186,0.0124240985498428,0.0925796056644445
S100B,0.0191685087039059,84,0.66143535607895,0.785496795456295
CLDND2,0.0407780059309443,198,0.0453291537036228,0.182911892597946
HIPK4,0.0151512488550969,237,0.311076651782209,0.509570014632677
PRX,NA,NA,NA,NA
SHKBP1,0.0655664225985363,207,0.00365967950124157,0.0478047980798079
NCR1,0.0373416734495469,218,0.0439274566257536,0.180006463187129
ZER1,NA,NA,NA,NA
PKN3,0.0304906706106854,249,0.0559944719723241,0.203697684958446
TMEM190,0.0160658485603996,217,0.324644644721291,0.521791291667132
NLRP8,NA,NA,NA,NA
MED27,0.0074271826285636,78,0.902835570587033,0.942526300741648
TLCD1,0.0128393973909667,187,0.495848433799767,0.665520671606474
TMEM199,0.00598101899328791,198,0.758222865581845,0.849615204649866
PHLDB3,0.0161871491549985,235,0.285309217424798,0.485528887376033
S100A1,0.151912119219812,53,0.04813655558918,0.187683908370361
CXCR5,0.00209502650680706,218,0.92874173587467,0.957512634978681
FLAD1,0.018261590364975,253,0.203377370044379,0.406170624440473
UBE2Q1,0.0212568885533377,61,0.73497954236648,0.832580223390509
ANO10,0.00974931386006148,223,0.539004862594422,0.69948705217063
PAQR6,0.00497079455491596,222,0.777425193943361,0.862481469517652
CCR2,0.00884242553243143,216,0.593180702394213,0.738561875617627
CCR5,0.0488518351499887,211,0.0164889743501103,0.105660814956463
CCDC12,NA,NA,NA,NA
PPP1R35,0.00692785183705824,212,0.691119913683927,0.805758258941641
RNF126,NA,NA,NA,NA
GPC2,0.0108043877950605,239,0.462517737462477,0.639868119087781
AZGP1,0.0139093328941281,200,0.428801923878643,0.613413602439447
FGFR4,0.0192933974168514,248,0.189798519378676,0.390755371061653
NACC1,NA,NA,NA,NA
HK3,0.0207505277394203,271,0.132626737787225,0.320518810713111
IER2,0.0068716782180556,206,0.703498072513805,0.81408556302573
ATP5MF,0.020964191972505,175,0.302096544122085,0.502088162069538
CPSF4,0.040583626297912,36,0.700753610698174,0.812013152526144
PTCD1,0.0119001269064389,257,0.384521456920153,0.576804282087812
VPS28,0.017153267815555,81,0.712049492214277,0.819432758004972
PTGER1,0.0162742404375727,221,0.310491697921973,0.509131230170497
LRRC14,0.0362722924262886,173,0.100551271548421,0.277491006379349
ZNF333,0.0550126121854132,178,0.020937034830333,0.119790860438335
PPP1R16A,0.0353951329913008,247,0.0334480510120809,0.155245764464236
ALKBH4,0.0225637985995442,214,0.186559519354973,0.387100364696146
CCDC105,0.0303746459068255,226,0.0773711387365705,0.241355888666543
MRNIP,0.00339057131912363,225,0.859130366260057,0.915258878394863
LTC4S,0.0117379941776966,181,0.549319726043066,0.706512794768295
MAML1,0.0136028679546989,263,0.312562065780761,0.510785492127439
PGLYRP2,0.0120088054193418,239,0.414025407087611,0.600572617843715
POLR2J,0.0857142857142854,6,0.512690760261924,0.679075458141322
LRWD1,0.0368674167484867,252,0.0261009689184298,0.135185823564507
CELF5,NA,NA,NA,NA
YDJC,0.0336990045015826,217,0.0635176576873171,0.217813917152846
DCUN1D1,0.0370222094388175,47,0.426769673720138,0.611743226167662
FBXO17,NA,NA,NA,NA
THAP8,NA,NA,NA,NA
HBE1,0.0254937128486825,173,0.22278786306236,0.425619381965164
GRIN2C,0.00633132359642488,254,0.658976113507977,0.784219751601346
ACOX1,0.0234064108501066,231,0.145776647676629,0.338057426221694
CABP5,NA,NA,NA,NA
TMEM143,0.00154909658646683,247,0.944123042365243,0.965811330728011
KLHL10,0.0783476956049702,90,0.0727651279651611,0.23396532940275
STAT5B,NA,NA,NA,NA
HCRT,0.00918027109526707,178,0.65375538153824,0.780266942111425
ALDH16A1,0.0290571705546056,260,0.0568990499276718,0.205359403497321
PSME3,NA,NA,NA,NA
NCKAP1L,0.0109864605641146,238,0.456825296289149,0.635097366394345
ITGA5,0.00034335320605047,254,0.993365297705113,0.996181136344277
CD300LG,NA,NA,NA,NA
NAGS,0.0220756406575461,246,0.144212932016531,0.336358012733989
IZUMO2,0.00816181785724519,205,0.644740493500987,0.773789515663155
ASB16,0.00651962897531823,232,0.680878320529634,0.798643054914848
SHANK1,0.0478863386425478,185,0.0319109555099266,0.150916423830087
FAM171A2,0.0231508079399406,185,0.234747575742669,0.43770837852212
SDR9C7,0.0100278502216075,210,0.552758727569592,0.708599411608085
WNT1,0.0187233535648908,98,0.611423520335886,0.750707601947155
AQP5,0.0230015063879403,193,0.219879742149413,0.423021859462834
C6orf136,0.0186289544533698,200,0.294870995926432,0.494593480355002
CELA1,0.11611803803035,230,7.17192767457311e-06,0.00215247547354065
TAMALIN,0.00159107102564378,198,0.957481086556274,0.974124517406524
SYCE2,0.00848374897742257,173,0.691717326129374,0.80615957774375
KRT72,0.0568991535002967,232,0.00433592110019971,0.0525426176328673
IP6K3,0.0149992257941259,263,0.269145233927935,0.472023368122581
LEMD2,0.0221718052494257,203,0.214197666573463,0.417594012245366
ZNF653,0.00794689336085871,220,0.627996307406542,0.76245576464535
MED11,0.0215742277772351,56,0.756224141890464,0.848121756878914
BCL6B,0.0108480396708397,218,0.502250299070391,0.671072157885071
TNFSF12,0.000783118384037157,177,0.986940026213841,0.99278636552085
FGF11,NA,NA,NA,NA
EIF4A1,NA,NA,NA,NA
CCDC42,0.0304037901559824,196,0.115129166163858,0.295739757174344
POLR3K,0.0824128959276021,51,0.248727910622579,0.452155105579384
LUC7L,NA,NA,NA,NA
WDR90,0.0193369018864134,265,0.16427208851652,0.360528428918401
SOX8,0.0383618066704873,192,0.0621713016431715,0.215768954542886
SSTR5,0.00414660107150883,192,0.851379363338504,0.910391060699031
NTN3,0.00342043527835478,195,0.881738617202745,0.930160111711602
FLYWCH2,0.0800748011259096,72,0.127965651127489,0.313967120843537
SLX4,0.0211170990093492,256,0.145689752088412,0.338040568882859
ADCY9,0.0498460627350246,241,0.00751079575276145,0.0702599495302907
CLPB,0.0207676511895223,234,0.183983881014659,0.384103713738503
NEU3,0.0384115477087148,239,0.027461942890281,0.13898979483607
MAP4K2,0.0100507137654254,217,0.537692129311011,0.698640479160935
UBXN1,0.0290208418703473,210,0.108473450705484,0.28698921604298
NCKIPSD,0.0220966380650879,241,0.150895327513715,0.343229212856054
TAF6L,0.00327014897441156,185,0.896041389512959,0.938639836884113
STX5,NA,NA,NA,NA
SPINDOC,0.0185225246858885,229,0.238355753705557,0.441084343267611
SYVN1,0.0210892430781092,209,0.222634588970774,0.425619381965164
ZFPL1,0.0167133446244685,203,0.337191201984667,0.534475370755512
CABP2,0.0920037429341367,185,0.000731013891548217,0.0216947085802189
LRP5,0.00919308355241389,217,0.575378762392455,0.72565933912908
TPCN2,0.0365872154430869,260,0.0235871007162258,0.127560643193992
FGF19,0.0146243171519493,204,0.396470570838684,0.586529722214285
ZYG11B,0.0224307966524728,95,0.550196102869142,0.707100756151869
CZIB,NA,NA,NA,NA
USP24,0.00819136965153323,226,0.605610118301421,0.746303867120164
GMEB1,NA,NA,NA,NA
RHCE,0.0469804239897612,267,0.00586140183074317,0.0619808401973074
RAVER2,0.0695993344599308,249,0.00062465157295343,0.0197288162307637
RBP7,NA,NA,NA,NA
SLC25A34,0.0107390232246806,210,0.523245115499366,0.686741691474412
DISP3,0.0227784440045853,263,0.113179866743207,0.293516347554771
DRAXIN,0.0496003137470799,231,0.00971205202825898,0.0800062764103972
LAPTM5,0.0125908356903263,227,0.416059791484333,0.602589712357523
TMCO4,0.021890266793911,261,0.127624724729482,0.313547163224282
TM2D1,NA,NA,NA,NA
DOCK6,0.00332943928571548,247,0.844907210370363,0.906396414359581
LRRC53,0.0889582686780318,264,3.33907177107792e-05,0.00416925667416161
LHX8,NA,NA,NA,NA
WDR63,0.0190333904741704,268,0.165896241485727,0.361357026092393
ODF2L,0.02998535293806,256,0.0539170136313948,0.199676384300507
GFI1,0.042853556250911,198,0.0377052328410977,0.164625932624004
KCNT2,0.0185278130506657,186,0.330268222242815,0.527435244951034
VCAM1,0.0193383503194275,260,0.171166103500248,0.368287442483517
ZNF281,0.133212321435804,206,5.07256563449173e-06,0.0020919959970226
ARPC5,0.102712118266615,74,0.0576102579754857,0.206916030901237
ZNF496,0.0275826179038,213,0.119269275251288,0.302050803261166
NCSTN,0.0143776303714693,249,0.312346526312366,0.510785492127439
C1orf74,0.0361817954906026,228,0.0418037237493827,0.175308602460368
LRRC52,0.030000591831821,228,0.0782020679844782,0.242922326304955
RGSL1,0.0125930185787514,253,0.365649283559406,0.559119855374305
PPP1R21,0.00844168474871979,227,0.591757477205307,0.737456506839781
LHCGR,0.0103793291680268,237,0.484482752515006,0.65876110671242
PKDCC,0.0045054352135198,179,0.848996383317389,0.90864779796712
HAAO,0.017366976498935,229,0.265852031393192,0.468968284890889
IL24,0.0514558751570416,238,0.00674403459076351,0.0672607866468003
CAPN2,0.027843536246369,229,0.0958399445638974,0.270706927027234
REL,0.0291973083731275,239,0.0735425264749568,0.235336084719862
PEX13,0.0192087434551815,181,0.326306484345094,0.523207778499197
RFTN2,0.0397946095752754,242,0.0223878194962308,0.124024040497605
SPRTN,0.0252404143804219,240,0.11004165726708,0.289265334768531
CAPN13,0.014964084883539,259,0.276900354891177,0.479491468688597
LRRTM1,NA,NA,NA,NA
MEMO1,NA,NA,NA,NA
MAIP1,0.0183963944711201,230,0.239386040171944,0.442079864982515
KCNF1,0.0673855102440855,177,0.00787900522320725,0.07167363957492
SLC66A3,0.0445114682136718,212,0.0245093900642416,0.13000899286055
ARL5A,0.0950769230769239,25,0.516007620369346,0.681281622871265
LRATD1,NA,NA,NA,NA
ARHGAP15,0.0277855617092369,204,0.130474285382361,0.317607128942996
KCNJ3,0.106590220581611,95,0.0184012658355151,0.111424348566109
NEUROD1,NA,NA,NA,NA
FRZB,0.0461341598744411,181,0.0401268040860822,0.171207697433951
NUP35,NA,NA,NA,NA
WDR92,NA,NA,NA,NA
CCDC138,0.0166249725671048,257,0.235115374665848,0.437861842385778
ZSWIM2,0.00678247681452262,252,0.636399979145061,0.767755056776688
WDCP,0.0933141482909916,265,1.84064727491655e-05,0.00330894824769239
FAM228A,NA,NA,NA,NA
SLC16A14,0.025639041419954,214,0.140982908034461,0.332096252498081
TEKT4,0.00194407733909678,211,0.938531717213927,0.962953351360394
EN1,NA,NA,NA,NA
ZNF514,NA,NA,NA,NA
SPATA18,NA,NA,NA,NA
KCNIP3,NA,NA,NA,NA
INHBB,NA,NA,NA,NA
BBS5,NA,NA,NA,NA
HPGDS,0.068799896107303,203,0.00304793249588745,0.0441098375678992
PDHA2,0.0343284143711877,200,0.0774718219038205,0.241419408800357
STPG2,0.00709980219323293,236,0.643969923023158,0.773371139992734
SLC9A4,0.0555945465770871,254,0.0028174435073056,0.0420667766811772
C1QTNF7,NA,NA,NA,NA
CHAC2,NA,NA,NA,NA
TMOD4,NA,NA,NA,NA
RNF149,0.0151821223263501,199,0.390691752884247,0.581902720703282
IWS1,0.0821367970340023,235,0.00024620355232131,0.0119346858728354
BMP10,0.0288691968354521,217,0.100687304507476,0.277625787011737
TGFA,NA,NA,NA,NA
MERTK,0.062126850883634,270,0.000809918009304571,0.0229449317135867
FZD5,NA,NA,NA,NA
GNPDA2,0.0378303700205253,91,0.333329698209175,0.530793577943493
GABRG1,NA,NA,NA,NA
GABRB1,NA,NA,NA,NA
NIPAL1,0.0365484277500423,229,0.0396075657349346,0.169617335978523
HELQ,0.0213684100800761,273,0.121112892764398,0.304535580485365
MRPS18C,0.00736303128546981,189,0.709230764159223,0.817109452504966
CLDN1,NA,NA,NA,NA
DCST1,0.0231785493805266,279,0.09191203253995,0.264832170395538
COL6A3,0.0319443995215947,274,0.033242499469834,0.154516961039345
TAFA4,NA,NA,NA,NA
POGLUT1,0.0776975378989138,192,0.00195840116147114,0.034641940545134
CCKAR,0.0321393719012023,218,0.07272326000263,0.23394883541134
IGFN1,0.0453354645420339,269,0.00688690082321728,0.067574398216098
ATP1A1,0.0436639321066139,180,0.0499749990175279,0.191049191078948
PROK2,NA,NA,NA,NA
LRRC58,0.00864660617151668,172,0.687225201469278,0.802613495269392
FSTL1,NA,NA,NA,NA
RNPEP,0.0180443152073449,244,0.222801854551017,0.425619381965164
PDCL2,NA,NA,NA,NA
IGFBP7,NA,NA,NA,NA
CXCR1,0.0240230856416214,188,0.212976616722303,0.416821828615733
CCT3,NA,NA,NA,NA
TMEM79,0.028590290972048,228,0.0900578710296801,0.262241061904613
SSR2,NA,NA,NA,NA
RNF25,0.00611069838199541,246,0.682934937370623,0.799837487277225
STK36,0.0107330830460868,273,0.404220001496203,0.593788458945287
FEV,0.0256694519871236,89,0.520437985511438,0.684529400338085
IHH,0.0192196913714291,175,0.341534449844835,0.537756714847209
CIP2A,0.0148852194124707,234,0.324902592856178,0.522074113375761
RETNLB,0.0190731484505575,186,0.317080367069475,0.515883438298011
TRAT1,0.00155612027435007,234,0.947860134318831,0.967846281623077
HDAC11,NA,NA,NA,NA
GLB1L,0.0353168932367301,259,0.0278413141325979,0.13998696280804
TUBA1A,0.0837389770723109,26,0.553234058964114,0.708908113522865
STT3B,NA,NA,NA,NA
PRKCI,NA,NA,NA,NA
RETSAT,0.0285809752415551,254,0.0648887314476125,0.219859084689758
EIF5A2,0.199587203302374,18,0.183325644742711,0.383288049621886
EFHB,0.0946882550184226,260,1.94132060548898e-05,0.00330894824769239
RPL22L1,0.0843268916366706,78,0.0899322258745084,0.262207526946302
FABP1,0.0738691658594824,185,0.00351667050930353,0.0470465500068169
SPICE1,0.00328115171693202,261,0.8367286366388,0.900657193731555
CCDC191,0.0570506520860089,278,0.00124444569857745,0.0276601403439483
NKX6-1,NA,NA,NA,NA
CDS1,0.0342225777893881,175,0.113833674357366,0.294253232517844
WDFY3,0.0366859429193764,255,0.0253458292178273,0.132536859977893
ALB,0.0903595599038687,271,2.06379703939491e-05,0.00330894824769239
C4orf36,0.00460445902809447,203,0.818158400381742,0.889453220170413
THOC7,0.0528584819308124,92,0.186240782714574,0.386880216710622
PRICKLE2,0.0260723953778139,191,0.175214910488876,0.373104347096861
TIPARP,0.011958257225886,196,0.506444838352632,0.674130587506179
CCNL1,NA,NA,NA,NA
PTX3,0.0281815574367614,232,0.0892713272776944,0.261010014740293
SMIM14,0.0044001303935515,75,0.955142188834376,0.972630600223443
ABHD6,0.0125531297795342,175,0.535058360920495,0.696637015404153
RBM47,0.00611925041641461,188,0.766392102893553,0.855232613901015
APBB2,0.0092953352418211,223,0.559319023138403,0.713311240968012
IL17RC,0.0202303651384796,254,0.163338012992596,0.359039166978548
SYN1,0.00352243477095858,173,0.895089839358844,0.938183210770656
PCOLCE2,0.0144432220000055,209,0.390979584620276,0.581945521107746
MTMR14,0.0170430798340171,205,0.323785103942156,0.521001526697069
TTC14,0.0102150058450379,237,0.491638250481988,0.663265414336747
PF4,0.0082828631367354,191,0.665357735932934,0.787932949237868
SHROOM3,0.0383209281440807,253,0.0217197362624539,0.1219969287832
CPA3,0.023106003523576,227,0.156247416856229,0.350284650779956
HPS3,0.0216844224750479,269,0.121154048436664,0.304535580485365
TM4SF18,0.0705061185416851,182,0.00518155816391053,0.0574924711929785
TCF23,0.088531707296468,224,0.000191922102236356,0.0107072905444173
DNAJC5G,0.00411620653059184,205,0.839948151214058,0.903282922727539
TRIM54,0.0600325379582534,170,0.0173689818226323,0.108277705576625
UCN,0.0242416124786236,190,0.205120625420808,0.408317643851112
KIAA1143,NA,NA,NA,NA
CDCP1,0.0313589677233704,245,0.0537888001202402,0.199433524987301
CLEC3B,0.0167694382604648,172,0.412496504248552,0.599378833783179
LZTFL1,0.0717178152644428,186,0.00409185937910296,0.050679561057102
CCR1,0.00152049609839098,223,0.952818300026011,0.97108394011583
RTP3,0.0572894753186594,80,0.209994445502019,0.413431636715676
LRRC2,0.0244192651517922,230,0.133237709779032,0.321501110576235
ELP6,0.0181786551821493,200,0.305832944512313,0.505330615115311
ITGB5,0.00235037050016123,238,0.906193186666875,0.944148922234074
SNIP1,0.0120324955453044,222,0.447208594336922,0.627135945548892
DNALI1,0.0503582432187829,196,0.0201611464857465,0.117569762656807
OSBPL11,0.0168589286725868,230,0.276904817227122,0.479491468688597
KLF15,0.0553943198754808,204,0.0104719946289211,0.0834614040012132
LIPH,0.00224042782704522,237,0.912533266894085,0.94850434074619
RPN1,0.0245078223058961,215,0.154732969279509,0.34810992847795
SENP2,0.0156215676906642,214,0.34384808408587,0.539648699805007
IFT122,0.0186182091318841,244,0.210139640274511,0.413589624252228
RHO,0.0220473252178891,187,0.250782995945409,0.454011689603516
MASP1,0.00615761705213043,244,0.683124333419918,0.799877862502168
RFT1,0.0126604545034775,245,0.378083062454928,0.571409265862817
PBRM1,0.00570182835888109,208,0.757738130777715,0.849413445863846
IL17RD,0.0144564604995657,253,0.302680119599529,0.502449332346728
SLC51A,0.0546155927123988,251,0.0034161915621863,0.0463350540319539
UBXN7,NA,NA,NA,NA
PIGX,0.00964845757742506,213,0.563022454715719,0.715762082520519
RUBCN,0.0204566319061229,250,0.165063055535596,0.360900098764181
MELTF,0.0229807531574485,244,0.133681260063853,0.321845846535583
OTOP1,0.0150847460448602,239,0.309254354150235,0.50841144371465
S100P,NA,NA,NA,NA
EXO5,0.0162280803203915,223,0.307692779866516,0.507153519396913
CLDN19,NA,NA,NA,NA
METAP1,NA,NA,NA,NA
ADH5,0.0178733847381583,171,0.385730983797875,0.57796115407644
H2AZ1,0.0674879227053142,24,0.670270957577097,0.791742804275822
EMCN,0.0178117882640325,232,0.2493602961878,0.452787672119735
SLC9B1,0.0352609800934412,249,0.0328847122233078,0.153576843433787
BDH2,0.0318132974371556,179,0.129221060852472,0.315702940920216
FBXW12,0.155538499182683,180,3.92137325232796e-06,0.00189026964555258
PLXNB1,0.0296028765459129,272,0.0455514451766535,0.18323976912194
SHISA5,0.0986632897716803,212,0.000114849573109895,0.00816544094637507
IHO1,0.0108685926577897,265,0.412217225401939,0.599194527255042
BSN,0.00668884982703408,269,0.616544019387443,0.754811557331392
HSPA4L,0.0333122338723617,209,0.0741973647964429,0.236540084617646
MFSD8,0.0258177312537776,223,0.125427678490495,0.310666455319903
MON1A,0.107775299244489,228,1.99746661146415e-05,0.00330894824769239
MST1R,0.00922480444162999,283,0.45724506368607,0.6354728427658
POC1A,0.00474454708571589,213,0.799837888313758,0.876957243936297
ETNPPL,0.0291778662308468,246,0.0673099027514461,0.225120515084669
WDR82,NA,NA,NA,NA
PRSS12,0.0544364491074483,258,0.00291856719228459,0.0429721060820076
NDST3,0.0348462880725834,209,0.0643986974683116,0.218904952279428
HMGB2,0.00688231415161071,92,0.890388242446748,0.935642298333481
SAP30,NA,NA,NA,NA
SCRG1,NA,NA,NA,NA
MAD2L1,NA,NA,NA,NA
ANXA5,0.0382792060606692,177,0.0807650672304357,0.247725038812191
ADAD1,0.0685463867995089,209,0.00257462216759186,0.0401216339021755
HPGD,0.00137319310115304,178,0.970356494909463,0.981843196883048
ASB5,0.0240706034706887,187,0.214339131134783,0.417626333406793
TMEM144,0.0282502122569342,238,0.0822704969725988,0.249955049041515
NPY1R,NA,NA,NA,NA
NAA15,NA,NA,NA,NA
HHIP,0.0237665417820742,215,0.16560420912643,0.361277013948991
ABCE1,0.204374664542481,57,0.00954770328972652,0.0792695887209628
TMEM184C,0.0347135194444683,179,0.103218634004976,0.280644396109532
ITGA2,0.00130728106330956,269,0.950296499235327,0.969544997037967
SLC45A2,0.0111918808218162,258,0.411090953640932,0.598702616989241
EDIL3,NA,NA,NA,NA
TMEM161B,NA,NA,NA,NA
NDUFAF2,0.0306985404552522,204,0.100861262266155,0.277887629370346
ZNF474,0.0517549752199443,256,0.00422835902342902,0.051731393393268
LMBRD2,0.0078133861316347,188,0.691276340241804,0.805793105374302
STARD4,0.0417279707299881,195,0.0440841194356743,0.180300367736913
F2RL2,0.0630103304383159,225,0.00275360978499793,0.041612810023336
ANKRD33B,0.0293440680286831,254,0.0595424044744618,0.210842236174236
CMBL,0.0386672629098468,195,0.0575212325367685,0.206654560673705
C5orf63,NA,NA,NA,NA
RPS23,NA,NA,NA,NA
F2RL1,0.0618507807649316,223,0.00329533808783979,0.0456642593253827
WDR41,0.0417572090736021,230,0.0226767025303134,0.124918029163525
NDUFS4,0.00725870808164562,179,0.73102173373631,0.830460512074359
SCGB3A2,NA,NA,NA,NA
SPINK1,0.0125728368482648,182,0.517195308005568,0.682307793946438
TCERG1,NA,NA,NA,NA
AFAP1L1,0.0224130845854865,228,0.165481848767643,0.361075274019183
SPZ1,0.0167700625786318,220,0.299051377482822,0.49904590456253
ENPP6,0.00480534213344137,232,0.774652397074189,0.860754923149265
ERAP1,0.0309417931464325,273,0.0381499895799671,0.165602681421425
MAP1B,0.0484780123397695,265,0.0050939801918316,0.0569141661305851
TMEM174,0.0247880314757588,232,0.125727179562106,0.311105762367005
CARTPT,NA,NA,NA,NA
RICTOR,0.0154331461159401,218,0.340881775020448,0.53711125654589
ANKRA2,NA,NA,NA,NA
UBLCP1,0.0394457681916064,52,0.569974807629781,0.720945391793912
UTP15,0.00863593192271146,204,0.62519496156915,0.760359342107019
TLR3,0.00836082966700592,246,0.562421444435268,0.715545650152831
GFM2,0.0381053878929292,255,0.0215036769318724,0.121434762632812
CCDC127,0.00691142896261674,203,0.706447138248886,0.815206809080596
NKD2,0.0422664918618849,191,0.0453828288779286,0.182915670746539
RAPGEF6,0.042608652465771,247,0.014885356837244,0.100062491848672
TNFRSF21,0.0297871350190681,237,0.0709551233168972,0.231490620053351
ADGRF2,0.0157380640788137,247,0.275671080033638,0.478526219886658
CSF2,0.0075285655243363,208,0.668855697580722,0.790657709707451
TLX3,0.100326894556774,47,0.202255907701835,0.404871398494955
TBXT,0.0295859349749615,208,0.105717430443266,0.283961133398127
CREBRF,0.00160200475994994,190,0.959504999840411,0.975435478764965
TMEM200A,0.0269001610984534,221,0.115666791467005,0.296327738083078
SPATA48,0.00601195060050204,248,0.685747777181146,0.801464056729054
SCIN,0.0509033422095845,242,0.00652017686458219,0.0659578812925487
DAGLB,0.0169886850005181,257,0.226151341496899,0.428828967083005
KIAA0895,0.0574929040981431,214,0.00658630077514874,0.0663107720729599
TRA2A,NA,NA,NA,NA
GALNT10,0.0288527068899373,201,0.123323483410213,0.30724723879352
SAP30L,0.0621683785469199,59,0.307301478392417,0.506705285966574
MYOZ3,0.00280525224500068,223,0.89120140953486,0.936187821827448
COG5,0.00117664105775173,240,0.963521420835085,0.977480637494669
NEUROD6,0.0568956995278136,81,0.207728714337116,0.411131764692699
BMT2,NA,NA,NA,NA
GPR85,0.0477235095718956,50,0.505194579333439,0.67345176495611
SLU7,0.0672451937905494,172,0.00931241358414959,0.078441071036858
CAMLG,0.0334771673114622,191,0.0953226382241567,0.269904206407928
BMPER,0.0529854515699053,227,0.00747029024416438,0.0702599495302907
TEX47,0.00887691685898682,221,0.582235247781275,0.73043224150338
STEAP1,0.031102872768193,230,0.068092348652359,0.226674082684157
FABP5,0.0202094818097936,178,0.310902059574842,0.509541710300501
SHH,0.00949786390830315,185,0.626402055847978,0.761245857183191
CHMP4C,0.0237534032808457,207,0.179786620946788,0.379252166357719
FNDC1,0.0212787146561822,270,0.125839565762809,0.311262907274254
COL1A2,0.064523462362728,249,0.00113301113475026,0.0266699204921313
CASD1,0.0239050147600461,175,0.244750901466292,0.447416030009286
PGAM2,NA,NA,NA,NA
BRI3,0.0764285695792546,73,0.13846783639528,0.328333366621465
LMTK2,0.0310084407102948,284,0.0324311915905395,0.152358412429772
RGS20,0.0109254783551834,234,0.467099979750895,0.643064030062415
SOX17,0.030680543268455,218,0.0836472434366722,0.252149418321765
ADCY1,0.129286138669913,216,4.00732415435926e-06,0.00189026964555258
C8orf48,0.0149304962663457,234,0.323521380877901,0.520902238768903
RAD21,NA,NA,NA,NA
MED30,0.0521855517593606,88,0.208737450802585,0.411912019433176
TNFRSF11B,0.00721610375137564,239,0.633065089134608,0.765762843120749
SBSPON,0.0264709525751864,187,0.177477988020275,0.376294745420207
EN2,0.0041660514868921,185,0.857449115793309,0.914332618776791
CSMD3,0.000440194769490311,234,0.991527800965428,0.995083511944809
SPIDR,0.0163102634679828,247,0.2601363445999,0.462722972740827
ORC5,0.00459364717153046,196,0.826450607227168,0.894501278311354
DNAAF5,0.0249873161469518,250,0.101302073260498,0.278416746880817
TMEM74,0.0219708360309672,241,0.152863963590999,0.345803808222907
TMEM184A,0.0161129214694376,235,0.28734515343432,0.487433575224332
NOS3,0.0483042946801159,245,0.00815243234275528,0.0731192805051629
ABCB8,0.0177004678464004,267,0.194444066852076,0.396230341668485
MICALL2,0.0215294719517205,203,0.226165528572279,0.428828967083005
ASIC3,0.00311925159783814,245,0.85874756544552,0.915013457945297
FASTK,0.018524149569245,202,0.29292809390921,0.49315693377762
FMC1,NA,NA,NA,NA
GBX1,NA,NA,NA,NA
PHAX,0.00597297416438643,203,0.751435993409291,0.844685685089208
SLC25A32,0.0440272157899594,196,0.0353441133746395,0.158577768878154
DCAF13,0.0191134088791209,255,0.182742981481624,0.382581579479712
DCSTAMP,0.0133494634859011,262,0.322815816528324,0.520373164596139
VIRMA,0.0456830898937702,220,0.018527102325437,0.111829940861026
RPP25L,NA,NA,NA,NA
C9orf24,0.00706888120166469,242,0.636133647899795,0.767618401505781
MYORG,0.0360771760306407,205,0.0612738871129699,0.213859651301411
TMEM65,NA,NA,NA,NA
HSD3B7,0.0041413731331441,236,0.807730890500789,0.882193690199643
NFIL3,0.0240701008602716,222,0.149842554859518,0.342128859571679
ZMAT4,NA,NA,NA,NA
CPA6,0.0252501776612224,230,0.122696264541716,0.306493821780221
TMC1,0.0168812619097939,210,0.317125138942329,0.515890378026504
ALDH1A1,0.109701954451269,210,4.18086389504708e-05,0.00467083180415084
CCDC136,0.0161100474339164,271,0.226093718062179,0.428828967083005
KIF27,0.026211330224536,265,0.074498719926174,0.236907789508053
SSMEM1,0.0132260484794091,227,0.39331081512987,0.583823606234735
COL14A1,0.0241860769816113,269,0.0903803094914277,0.262894223073131
ZHX1,0.015671932356304,223,0.323473900650271,0.520902238768903
METTL27,0.0479855231188713,220,0.0147011205999458,0.0995317020629024
RNF183,0.0235548065738187,196,0.20412729071463,0.406793056869082
VEGFD,0.0202338408658398,232,0.197283711932964,0.399269880053746
OR1Q1,0.0320610664646447,188,0.111833292625972,0.291746991987789
WNK2,0.0581546250230939,262,0.0016704029500531,0.0318350023217984
HDX,0.0314375939304299,215,0.0811043619562366,0.248543107284559
AQP3,NA,NA,NA,NA
TRMT10B,0.0294265330153378,231,0.0796681604965508,0.245678860068782
ARMC3,0.00655688387554014,265,0.63006008979546,0.76379643095707
MELK,0.00724066554524659,244,0.623791602261453,0.759472725202356
DEUP1,0.0379224204693206,246,0.025662014899347,0.133532278972449
HECTD2,0.027457635769777,226,0.103265523954701,0.280644396109532
FBXO33,0.0347488014335689,173,0.112744729533357,0.292984467524348
LRFN5,0.010542001057758,174,0.609776855104177,0.749625292143513
WDFY2,NA,NA,NA,NA
WRN,0.0480164043831496,275,0.00431011338668378,0.0523793932183251
PGM2L1,0.00583093344927989,195,0.769547852186621,0.857401928566951
FOLR2,0.0115070053215256,183,0.553071844244303,0.708908113522865
INPPL1,0.0437209577972153,224,0.0208174066222051,0.119596055936762
PHOX2A,0.0266745670008278,82,0.539742628120977,0.699791758717517
CRYL1,0.0276904082989151,226,0.100925832534939,0.277922465549185
HEPACAM,0.0436238803453038,186,0.044578579109818,0.181336922889875
PCF11,0.0161414660978531,229,0.298125165027047,0.498283740391663
PKNOX2,NA,NA,NA,NA
RPL10L,NA,NA,NA,NA
LRR1,0.0451611639172365,236,0.0140144382558108,0.0976945186787115
RPL36AL,NA,NA,NA,NA
DEPP1,0.0180531054084019,203,0.302224723064174,0.502131486913926
ZNF22,NA,NA,NA,NA
KLHDC2,NA,NA,NA,NA
NEMF,0.0257802278449282,246,0.0972017662004452,0.271740759814871
ARF6,NA,NA,NA,NA
RPUSD4,0.0219648333625924,257,0.131464322427672,0.318886498607098
TMEM63C,0.013699932687561,258,0.31806378730245,0.516625480816734
NGB,NA,NA,NA,NA
AKR1E2,0.0442599410278748,178,0.0495697308058197,0.190099395225209
RXFP2,0.0181634873187088,241,0.225194961341817,0.427944903595067
SEC61A2,NA,NA,NA,NA
OXGR1,0.0157685248947486,214,0.339556475864906,0.535884916557056
ABRAXAS2,0.0421474129277707,206,0.0344773000264578,0.15749745090996
PRDX3,0.00574317603796763,208,0.755682780959187,0.8476638980356
CLEC1B,0.0514028220247444,215,0.0117247729931819,0.0893063923880594
FRMD7,0.00660637291152263,244,0.658177665548348,0.783489181084565
AK8,0.00262618095414761,259,0.878470180380256,0.92786500392461
HPRT1,0.0386562836859424,91,0.323487418266409,0.520902238768903
KIAA1191,0.0557536722228628,214,0.00782192709410344,0.0713610769845999
DUSP16,0.0288724916317114,238,0.077081348513119,0.24090995206456
ZMYND19,0.0634700919724101,73,0.206144102407849,0.40958678444093
STK32C,0.0568925092872996,214,0.00698934274456993,0.0681650529290784
SLC39A2,0.040836082951814,220,0.0300570178201275,0.14596364225489
NDRG2,NA,NA,NA,NA
RNASE7,0.00658318294341119,191,0.74084676575114,0.837325585278744
ARHGEF40,0.0211232768784475,276,0.121286924501938,0.304677789543696
C12orf50,0.0435496486622765,229,0.019176596450252,0.113914707271646
PPP1R36,0.0036805212204593,252,0.819678236726146,0.890431765860133
METTL3,NA,NA,NA,NA
GAS1,0.00856552169710545,180,0.674622742208969,0.79454702691179
TRUB1,0.00951065386553952,196,0.603130878632195,0.744331395902663
WAPL,0.0147693577737649,229,0.338369602204923,0.53514871825771
SHLD2,0.0489241072510299,227,0.011422413946991,0.0879008241866325
ARHGAP42,0.0248510766943232,186,0.203761012446657,0.406437001491092
TTLL5,0.01475093227113,258,0.284935933173129,0.485311071531981
PACSIN3,0.00209480964617138,191,0.940652484264017,0.963916000272938
RAPSN,NA,NA,NA,NA
CPSF2,0.0185762141154932,99,0.6104908180751,0.750213340313052
CAPRIN2,0.0314732007023558,244,0.0538754862559753,0.199638694488246
LRRK2,0.0279563166681306,269,0.0577568122118375,0.207197353071382
CLMN,0.0275291027178665,269,0.060782851967468,0.213096419859596
C1QL3,NA,NA,NA,NA
PIWIL4,0.00773051620856875,269,0.55764326203074,0.712208642721972
TCP11L2,0.0336710588229151,235,0.0485791301177918,0.188211118384018
SPRED1,NA,NA,NA,NA
C14orf93,0.00472000076002451,236,0.774853601009091,0.860828285280162
JAM3,0.0665284620135256,190,0.00565488027424296,0.060665313375381
VPS35,0.00259038678681347,93,0.971178944800372,0.982207181845274
SPATA19,0.0366080104334611,217,0.0479662418944179,0.187649543254834
AMN,0.0702116476350951,231,0.00105710403062581,0.0257411033425079
IKBIP,0.0124632393279382,223,0.428987918136047,0.613577490961349
FOXN4,0.00913178409625382,240,0.535404258645848,0.696873647226726
HIF1AN,NA,NA,NA,NA
ADAMTS15,0.0257445158841889,246,0.0975753432478081,0.272526221843001
NDUFB8,0.0775043661889708,201,0.00143499522042758,0.0296209062031858
PHKB,0.0170941504219244,241,0.250596595266149,0.453932333567015
AVPR1A,0.00962281985892459,216,0.558228803525396,0.71274205931824
C16orf78,0.0186470702461444,233,0.228334292741588,0.431271771074724
HEATR3,0.00841814714826732,249,0.554405042334687,0.709781123761014
LARP6,0.057133662697619,206,0.00843618280532017,0.0744029716692507
ZNF319,NA,NA,NA,NA
HPS6,0.00348678159787621,238,0.843150495568595,0.905216970131564
COPS2,NA,NA,NA,NA
TBATA,0.0223339109534352,247,0.138989405102096,0.32902770694801
CHODL,0.0273800114094747,173,0.194358786422825,0.396220392307413
PCBD1,0.0699131222904556,48,0.349607586080289,0.54466082156802
CCT2,NA,NA,NA,NA
TMEM132B,0.0729503081551229,191,0.00310123355902032,0.0443291926012152
GNPTAB,0.0297469255429608,256,0.0554026546910477,0.202353946127096
COX11,0.011924093670452,204,0.489813121993121,0.661945256613601
FAM227B,0.0588333324560978,241,0.00274628033265724,0.0415893297464002
CLDN10,NA,NA,NA,NA
CYYR1,NA,NA,NA,NA
C2,0.0232345146736327,260,0.110750351937353,0.290062998327781
TRIM44,NA,NA,NA,NA
CCDC182,0.0112612806387362,186,0.555291167084922,0.710130364895427
TAF10,NA,NA,NA,NA
TPP1,0.000971878777955156,237,0.97271537009658,0.983136493417192
MSS51,0.00858467047912048,226,0.586734403844238,0.73407004413765
RAG1,0.0401534838870402,252,0.0179103075967408,0.109874571542941
DCHS1,0.0126455656051169,263,0.345818235597129,0.541568842260523
OR2D2,0.00909542669825665,190,0.632710061422411,0.765624260548772
NLRP14,0.0350764612498684,213,0.0592203490055597,0.210209131810147
PPFIBP2,0.0114602590541579,234,0.445308346328093,0.625711286279191
SERPINB2,0.00906461871040449,261,0.501726780938127,0.670513355931583
IDH3A,NA,NA,NA,NA
CRABP1,0.277670419011883,40,0.0126865473308377,0.0934922364492593
RNF169,0.0725937337027749,243,0.000540024782275295,0.0187404785478424
CHRNA5,0.0241203187780986,218,0.155435544109003,0.349265582231773
ATMIN,0.00776666818224527,237,0.607794553506013,0.747971441079434
C16orf46,0.029930706570413,235,0.0717772187350354,0.232254740297106
LEO1,0.0231198434733302,194,0.215693199863198,0.419142237627718
TMX3,0.0206277791939562,224,0.203542531171917,0.406319385110586
ALG8,0.0204790956607488,222,0.20999342198393,0.413431636715676
HDGFL3,0.0969447060875629,49,0.199013284288726,0.401430660231424
POLR2M,0.025584883123372,255,0.0897192989652305,0.261898920839142
CLEC4E,0.0104334937908876,225,0.505450318669306,0.673581171766483
CLEC4D,0.0207556615288329,207,0.233194598827016,0.436137503910671
ZNF407,0.0628117036483777,259,0.00102914870035187,0.0255501712430437
A2ML1,0.034422672568572,217,0.059244456768207,0.21023611072719
TMED3,NA,NA,NA,NA
SLC38A8,0.00145632264680436,245,0.94930497221094,0.968977530035307
CPLX4,NA,NA,NA,NA
GALR1,0.016207606736545,209,0.337857650007156,0.534794311520152
CENPV,NA,NA,NA,NA
CDH16,0.0103360853331818,276,0.416563789625814,0.603155573519141
MC4R,0.0901265567232333,180,0.00106513516500484,0.0257411033425079
HSP90B1,0.0278601946469174,198,0.139330568125538,0.329529083685581
SLC9A5,0.0268588118428265,214,0.126005908874974,0.31149286790211
NCAPH2,0.0119346051907672,249,0.397867643179682,0.58740548437572
PPP1R16B,0.033585307341168,182,0.107832121697902,0.286321528761526
CHRFAM7A,0.0657463738561658,170,0.0111398466154315,0.0865177716040391
POLR3E,0.0129715417601025,212,0.433976894992368,0.618108894500424
MMP3,0.0160085770179656,253,0.257798864394933,0.461182437607593
TVP23A,0.0321682543841365,177,0.129285647685471,0.315800155144258
TMPRSS5,0.0298629484504179,249,0.0600232465903506,0.211878067786781
COG1,0.030689526950082,265,0.0439493501747027,0.180038251471538
GOLM2,0.0339846097823139,212,0.0666499259303465,0.223559000628266
BMERB1,NA,NA,NA,NA
PPIB,NA,NA,NA,NA
CIAO2A,0.00382419661973027,98,0.946176542604521,0.966928075876734
PCLAF,NA,NA,NA,NA
LDHD,0.0112530003188167,259,0.406780085751315,0.595899605719893
PEX11A,0.00698861344440409,221,0.673643939677846,0.7938318474975
ANPEP,0.0342983288442198,271,0.0260200166958339,0.134821372106648
SCNN1G,0.0498888450919773,227,0.0103286784825313,0.0832043321654138
RBPMS2,NA,NA,NA,NA
TERF2IP,0.00403389689932505,199,0.849775180157719,0.909244450515728
DCTN5,0.0654700854700862,25,0.665918807940069,0.788174465199715
PLK1,0.0444055475282767,191,0.0377920711122826,0.164779122795629
GPR182,0.0250753824777108,254,0.096018986848278,0.270878295287155
ZBTB39,0.0200912432970772,241,0.185312910137364,0.385518657874791
CACNG2,0.0665323806628157,45,0.402950736857731,0.592556149836451
CLPX,NA,NA,NA,NA
CHP2,0.0617182558582563,187,0.00939606727530426,0.0788526135543482
NEMP1,0.00930206881483042,226,0.553337204421998,0.708908113522865
NAB2,NA,NA,NA,NA
ATP23,0.0278408237733737,195,0.144673827214769,0.336976121243359
PATL1,0.0330177515658905,202,0.0844294266562329,0.253779458764249
MRPL16,0.0125722896538397,211,0.450488832818138,0.630070917501845
SCG5,NA,NA,NA,NA
AGFG2,0.0409111294568224,235,0.0225652074491015,0.124532555521971
NYAP1,0.0390816818083996,230,0.0299671122160925,0.145752125640333
TSC22D4,0.0166523546295577,211,0.321152136940118,0.519060103562099
MS4A7,NA,NA,NA,NA
MS4A5,0.0527457746991606,208,0.0121755389715993,0.0916408606489168
EEF1AKMT3,0.0133737162691057,174,0.509910418063885,0.67704557017632
CCNDBP1,0.0321558170144968,236,0.0561214261110633,0.203724290418904
MS4A8,NA,NA,NA,NA
AKTIP,NA,NA,NA,NA
MAPRE2,0.0140271652466775,99,0.711484652462478,0.818890998253044
EVA1C,0.00842114772012698,244,0.562844809883908,0.715694039405098
CKMT1B,NA,NA,NA,NA
PDIA3,0.00902208934876545,202,0.612014626559324,0.751143710500101
NUDT21,NA,NA,NA,NA
RUNX1,NA,NA,NA,NA
TPX2,0.0581231898407196,232,0.00379952578042633,0.048731883524179
B4GALNT2,0.0166937949109361,227,0.28706611493126,0.487411550428547
SNRPD1,NA,NA,NA,NA
COQ4,0.0198594782201688,237,0.196218130786293,0.398332512633341
SLC27A4,0.0208016210828821,233,0.184992636249032,0.385244097066466
TRPM2,0.0174481204650497,232,0.25818776995184,0.461182437607593
TBC1D21,0.0214896010317625,199,0.235218490489022,0.437910056259053
COL6A2,0.0728993847446365,236,0.00066411157829297,0.0205948466913684
PRR15L,NA,NA,NA,NA
CRK,0.0961070035954827,63,0.113640195788016,0.294051510271471
TBC1D2B,0.0537835112328839,244,0.00448891664656688,0.0534143942539299
NOD2,0.00665430462366563,266,0.622933739328682,0.75876856389538
HDHD2,0.0185886716577743,172,0.364890646335208,0.558403289354306
GCN1,0.0145298870170524,259,0.289908548178267,0.490081665728485
RNF214,0.00715017154087706,214,0.676975301450023,0.795966785482343
MED1,0.0115251357981947,203,0.507163366709971,0.674734423735317
PGAP3,0.024162350212402,212,0.164742139282358,0.360817865159091
ATP5MG,NA,NA,NA,NA
CD3D,0.00687528565016226,237,0.654283704564459,0.780678027106329
RRM1,0.00354783173262489,172,0.894901629260791,0.938127025160084
TRIM68,0.0537112524086051,191,0.0169005081575004,0.106662473683808
OR51B5,NA,NA,NA,NA
FN3K,0.00314797682398997,192,0.896143046238957,0.938669120560849
ZNF428,NA,NA,NA,NA
PRR14,0.0398778969922244,258,0.0165668089879354,0.105867977556621
USP32,0.0323620502815354,245,0.0482033300304949,0.187684992744843
CA4,0.043228018934498,262,0.010292316178845,0.0829735690522629
RAB8A,0.19882806335359,52,0.0174109688405769,0.108433300319603
MIDN,0.00937616056735911,212,0.576908233071736,0.726827901513664
PCSK4,0.00725400880009226,242,0.626267980723893,0.76115554943215
KLHL26,NA,NA,NA,NA
MVD,0.0588111625809564,245,0.00246554699644416,0.0393006339758608
PIEZO1,0.0647199348428769,265,0.00067851432362999,0.0208230323512086
TRAPPC2L,0.0134073074241618,89,0.757842728121143,0.849413445863846
ANKRD11,0.0935553515549317,237,6.28062626796926e-05,0.00588162177565121
RSKR,0.00820303858766346,227,0.60327936697077,0.744331395902663
LALBA,0.0135786432203447,212,0.412896124704838,0.599685830110711
CACNB3,0.0442065029619952,93,0.254319817572465,0.457617575106374
TP53I13,0.0175959640549692,256,0.213455407685182,0.417022253762613
WNT10B,NA,NA,NA,NA
KMT2D,0.000538203880175388,251,0.98739083991711,0.993008081616873
RHEBL1,NA,NA,NA,NA
GPD1,0.0131254952205674,198,0.459998066477056,0.637629013349128
LIN37,NA,NA,NA,NA
PRODH2,0.0514516231854564,251,0.00494265718747755,0.0560949516026964
AXL,0.0515708441307238,240,0.00634758427577042,0.0645709531439393
DIP2B,0.0161588285645816,174,0.424244968394187,0.609602529405971
ANKRD33,0.0122058732016435,221,0.442732536428056,0.624019652937994
CDC42EP5,0.0192113591285936,170,0.355127379234702,0.549429336969529
PPP1R14A,NA,NA,NA,NA
SPINT2,0.0150022874635455,216,0.358148147127298,0.551957260626
PSCA,NA,NA,NA,NA
LY6D,0.00237216799692472,212,0.918775518498337,0.951281232367037
CHAF1A,0.026941571027676,270,0.0644200544060579,0.218904952279428
UBXN6,0.0194946700720473,226,0.222658990888879,0.425619381965164
SLC39A4,0.01746825176028,255,0.217984908217921,0.421165688275644
ZFP28,0.0601582700816157,228,0.00341295012297193,0.0463350540319539
MFSD3,0.00628563708685407,247,0.671633888712063,0.792780068288535
KIFC2,0.0184705311951051,235,0.228717719975508,0.431355063345408
RILP,0.00971100526678351,246,0.497518975060545,0.667071675910995
TSR1,0.0749040876144675,253,0.000290045993327182,0.0128386852673563
TRPV3,0.0097542967584157,212,0.560424234647926,0.714327767461568
CYB5D2,0.0677017334892867,197,0.00408852817940155,0.050679561057102
PELP1,0.0434027865350471,226,0.0206671447087995,0.119156521055351
CGB5,0.00860331803077722,209,0.617224663273906,0.755281832384365
ACER1,0.0344146346646841,201,0.0757243965297767,0.238660211384122
SLC25A23,0.0165347325698634,206,0.335362692651041,0.533230868115313
ANGPTL4,0.00331303112498333,228,0.860896300158166,0.915863810944628
NDUFA7,0.0372687477755936,173,0.0932710620090534,0.266644275139687
RCOR2,NA,NA,NA,NA
SPRYD3,0.0338456932217625,61,0.566050751264563,0.718137657609989
IGFBP6,0.01786859928283,215,0.281120649784713,0.482411401388621
SOAT2,0.0388597289555598,245,0.0235260484840694,0.127449892674073
CDK2AP2,0.0463877909530081,23,0.600336048041523,0.742751108204472
PRDX2,NA,NA,NA,NA
MRPL58,0.00275796269894053,225,0.892349418290705,0.936930106459227
ATP5PD,0.0193875873736686,197,0.283889954669122,0.484155193750436
TMEM88,NA,NA,NA,NA
TK1,0.00593087214252382,209,0.744952314548023,0.840141032328312
CYP7A1,0.0553497006832061,252,0.00305479778312954,0.0441098375678992
KRT16,0.0341161323988935,207,0.0710130682095785,0.231583639460187
KRT27,0.0465141474373155,204,0.0239523954749334,0.128553606729352
METTL26,0.0357497266207135,181,0.0922634887052934,0.265383416022253
SOST,NA,NA,NA,NA
E4F1,0.0286009735325924,236,0.0813344167601077,0.248847680578281
ECI1,0.0073478640578298,249,0.610100705012142,0.749951025869573
ABCA3,0.0109275970043313,231,0.472883753995352,0.648433192386392
SRRM2,0.00819002551159055,252,0.560927545358872,0.714683195047078
SDHAF2,0.0313442741121536,192,0.112256337969753,0.292311740008745
VPS37C,0.0174570401244848,237,0.248808748241632,0.452237507864339
HNRNPUL2,0.00749553364416633,201,0.682476512202303,0.799602690775113
POLR2G,NA,NA,NA,NA
PLAAT5,0.0282451226955459,191,0.146840414730131,0.33908872843545
ENTPD3,0.0328902343183666,236,0.051952632791721,0.194878507157286
ULK4,0.027865537160297,241,0.0825457955285562,0.250250714556461
FADD,0.0263676816027974,197,0.159896186341481,0.355281864049982
LTBP3,0.0114397009520007,226,0.462077816188203,0.639676420323147
BATF2,0.00773741670699831,231,0.619382957142949,0.756648370627269
SLC22A11,NA,NA,NA,NA
MAJIN,0.033890714999241,210,0.0692939054495766,0.228752509021723
SCARA3,0.0199425997107795,228,0.209897191904006,0.413367965994962
PNOC,0.00209641826352188,209,0.932697680977999,0.959440890472159
MSANTD4,NA,NA,NA,NA
NXNL1,NA,NA,NA,NA
TADA3,0.0480149273304823,62,0.402716135714804,0.592330835484899
LRRC28,NA,NA,NA,NA
B3GNT2,0.0509118698285049,203,0.0162985926073788,0.105156471857942
PYGO1,0.0529111534924951,190,0.0185643673838444,0.111967540470936
HSPB3,0.0380134390896587,180,0.0784003469020963,0.243241612215615
IRX1,0.0101215889671882,207,0.554943709048239,0.710130364895427
OGG1,0.00356682730431778,246,0.831727908642179,0.897764801510321
DNAJC18,0.0119404084675293,178,0.549196069495392,0.706512794768295
FGB,0.0168960465103089,263,0.218916520014254,0.422250613191207
SMAD1,0.0187251126635954,76,0.704507548603259,0.814506911674937
LKAAEAR1,0.0121148007252196,214,0.460926776742823,0.638499394017467
ZNF280A,NA,NA,NA,NA
NHLH1,NA,NA,NA,NA
FUT9,NA,NA,NA,NA
PCSK9,NA,NA,NA,NA
MZB1,0.0455937152611715,219,0.0190880826212369,0.113688816230064
IRF2BP1,NA,NA,NA,NA
NUDT9,0.0378722454341763,206,0.0511537626643673,0.193396386063095
DCLK2,0.0232784016927227,230,0.149119213509987,0.341333670331538
FOXA3,0.0473930094290902,203,0.0225633171674556,0.124532555521971
UBB,0.0233333333333334,21,0.926151140275999,0.956026983510708
RBKS,0.00948911629468627,223,0.550581961016082,0.707375351104692
SDC2,0.063595082750581,176,0.0110476771687881,0.0861467922467742
THAP9,NA,NA,NA,NA
DDX19A,NA,NA,NA,NA
FAM151A,0.00261630106275524,249,0.885165447635063,0.932237069748904
DDI1,0.0315805114096817,220,0.0746195198744691,0.237006313758438
ZNF804A,0.033196153941369,265,0.0326020826220903,0.1528792799245
FNTA,0.0325194622088057,174,0.131301226133457,0.318827915354758
LUZP1,0.00609576969044183,268,0.653154675016374,0.780061697393899
AHSP,0.012911761519821,200,0.462872219036559,0.640080410602564
WDR48,0.0463463744624102,74,0.336218073427207,0.533942711088514
MN1,0.0617513776188682,226,0.00305295984100541,0.0441098375678992
ING2,0.00463789209061829,86,0.941433732315206,0.964221955349133
SCN11A,0.0636291969435647,252,0.0011496534245678,0.0267677989310703
BFSP2,0.0485514962019568,225,0.0124182990204946,0.0925796056644445
CANT1,0.0311332648689902,197,0.106746202809097,0.285074363383656
ITGB2,0.00435423847788267,235,0.796680828125967,0.8751266194139
COPRS,0.0867734152952715,209,0.000429758522220581,0.0165860743606101
GABARAP,0.0428571428571424,6,0.643428843563623,0.772939987891558
TMEM42,NA,NA,NA,NA
KIF5B,NA,NA,NA,NA
TMEM256,NA,NA,NA,NA
CKAP2L,0.0372675438757058,244,0.0285553567868635,0.142043579941336
PDILT,0.0535190257200903,218,0.00883099930577828,0.0762002758525692
PTGER4,0.0492504579546287,226,0.0112940050975102,0.0873743484636372
HTRA4,0.0383569593763657,229,0.0328748316529409,0.153576843433787
MTCH2,NA,NA,NA,NA
CDC25A,0.0387407272549914,197,0.0552119185671697,0.202062929560768
C1QTNF4,0.0126393395224111,172,0.539605847712324,0.69974501551825
SF3B3,0.0351600780172208,34,0.762545086565203,0.852917797677902
CXXC5,0.00633011174932042,173,0.779783491737074,0.863818609268798
VAT1L,NA,NA,NA,NA
MYRIP,0.0138223584545231,254,0.321144059056437,0.519060103562099
GPR82,0.00681398905704353,226,0.674641296248751,0.79454702691179
DESI2,0.0415407757581882,93,0.281366198902945,0.482493592194413
RGPD8,0.0465039614802508,234,0.0126499204668615,0.0934922364492593
NEUROD2,NA,NA,NA,NA
OR1S2,0.0219579000470965,199,0.22628746739825,0.428932457922921
OR6Q1,0.00389005235018157,194,0.861199829330492,0.915863810944628
CDK5R2,NA,NA,NA,NA
CALB2,NA,NA,NA,NA
SCAMP3,0.0029449573332404,199,0.90028975413344,0.941313450440698
P2RY12,0.0519668272578207,211,0.0122055510057385,0.0917108540466583
PRSS27,0.0171032973636507,231,0.268706440056815,0.471643497872602
TRH,0.0155159175722251,212,0.351297643678309,0.54609139385902
SLC25A33,0.0168584133017893,175,0.402013668004249,0.591849469412453
ALKBH3,0.00810931206765497,228,0.606093915280154,0.746575869566735
PDHB,0.0158063124144302,172,0.439738188372317,0.621965250865008
JUNB,NA,NA,NA,NA
BUB1,0.0479413792428917,270,0.00486647117996145,0.0556367836157891
CTNNA1,0.00306095190968192,90,0.965128376626013,0.978418769777036
NUDCD2,0.0491927871627116,56,0.43927591296029,0.621965250865008
TTC36,0.0283136669731992,192,0.144251528388273,0.336358012733989
LETM1,0.0719022543276998,243,0.000584624436191132,0.0194039232269357
PALM2AKAP2,0.011180029574591,267,0.395668699965903,0.585752906034082
AURKC,0.0122186212867798,193,0.503770521907749,0.672506327285265
ACOX2,0.0564236021553612,272,0.0015842747066496,0.031128922653115
STARD5,0.0377761049999145,201,0.0561564360766077,0.203724290418904
INSR,0.00692045814399648,201,0.709267942296963,0.817109452504966
ZCCHC4,0.0242748567171362,255,0.103815882330569,0.281151177404832
UBTF,NA,NA,NA,NA
RPS9,NA,NA,NA,NA
KCNK3,NA,NA,NA,NA
ACHE,0.0152445099540594,230,0.32193220744537,0.519859083811871
GSX1,NA,NA,NA,NA
POLR1D,0.00266907305280452,95,0.968983125335118,0.981077119347171
IL16,0.0356152353486512,248,0.0321157952272192,0.151498356643618
CEBPB,0.00928473745904827,97,0.827518402997826,0.894979142372649
FAM189A2,0.0188233701104769,246,0.202538498415174,0.405013395480555
DONSON,0.0137241683604667,259,0.315504393866807,0.514072753363232
SIX2,0.00785627897956657,74,0.902469329122745,0.942413317406615
RFXANK,NA,NA,NA,NA
IL7R,0.0171161505196761,250,0.23453503005472,0.43766126634094
LMAN2,NA,NA,NA,NA
SHLD1,0.0322673562759317,237,0.0546737339079283,0.200901521942116
MDM1,0.0560338062434971,263,0.00211072298975798,0.0360752814956956
POP7,NA,NA,NA,NA
NSG2,0.0206858609386893,79,0.656333317851677,0.782244163967711
PRELID1,0.0183727402607629,84,0.676526856897388,0.795737536890019
GNB2,NA,NA,NA,NA
NRTN,NA,NA,NA,NA
EMB,0.0187582226363791,248,0.200705592016799,0.402998998844551
GLOD5,0.0255584751836241,170,0.228977938931999,0.431399856544074
HCN1,0.00304523949042878,203,0.89295821108911,0.937337490845702
EIF2AK3,0.0376528836749345,248,0.0255539773924301,0.133110615979546
RAB24,0.0458057665604839,54,0.297050591227391,0.497336181132122
TEX37,0.00630289555139892,206,0.731011383106549,0.830460512074359
HIPK3,0.0361852246731216,235,0.0372788495929387,0.16353937648953
PA2G4,0.0289009223385533,84,0.493862407415893,0.664873575206855
MMADHC,0.00845585104414666,186,0.667503962258095,0.789499485820867
ARNT2,NA,NA,NA,NA
CES3,NA,NA,NA,NA
TCTN2,0.0524043713472555,264,0.00321689162493245,0.0453211634238271
MRC2,0.0107614832669753,257,0.430971457096282,0.615416214209148
SHCBP1,0.00593287563179645,257,0.677934428764137,0.796804437499081
SCN1A,0.0252234319109926,222,0.134257027819214,0.322743961175067
BRD3,0.0773765903899909,190,0.00216768268349227,0.0367611273727797
TRABD,0.0583917498196165,206,0.00748556546677377,0.0702599495302907
ARF4,0.0779788991134932,30,0.519958255902125,0.684322449847004
HOXC10,NA,NA,NA,NA
PDS5A,0.0256739236997009,173,0.219914237712267,0.423021859462834
RNF139,0.018307476293982,181,0.348290957564462,0.543894233922359
FOS,0.0199993900638834,180,0.310547409151234,0.50915702921603
TMED10,NA,NA,NA,NA
PCBP1,NA,NA,NA,NA
KCNJ4,NA,NA,NA,NA
THAP11,NA,NA,NA,NA
CAMTA1,0.010636012455375,247,0.454611364145614,0.632824225119323
RFX2,0.00421143853617813,205,0.83527692920427,0.899778987595837
CHST11,NA,NA,NA,NA
ANTXR1,NA,NA,NA,NA
FGGY,0.0200711675966448,234,0.197070092091676,0.39908619479412
KREMEN2,0.00199858300974451,228,0.928943633620963,0.957512634978681
SDR16C5,0.0417683797768113,227,0.0239820844327916,0.128627203257191
CHCHD7,0.00418124192332932,193,0.848797564770508,0.90864779796712
N6AMT1,0.00518233915316026,199,0.79493611223555,0.873903225291584
PROKR1,0.00835694782778123,203,0.639581899588205,0.770243206499199
KCNAB3,0.0261543306281934,192,0.172128629333142,0.369373247377742
APLF,0.0248345141825802,255,0.0975513825294267,0.272519062929322
REPS2,0.0694513286567789,218,0.00175701984112236,0.0327120572400201
MCM7,0.0154428630237252,209,0.360063016115506,0.553368236182827
ATP6V1G2,0.0264873417430016,74,0.586307067005248,0.734051196315983
COPS6,0.00949948739032922,46,0.934509704711416,0.960529061351351
GPR37,0.00255903408789487,258,0.883111856848636,0.930628989562783
HAS2,0.0847067953855323,97,0.0433638799146464,0.178505817353462
ANKK1,NA,NA,NA,NA
EGLN2,0.0142960792535749,199,0.418483491584143,0.604510279052072
ARAP2,0.0167995751863039,277,0.200417743306536,0.402796335608655
GPRIN1,0.0770581336445004,257,0.000193363444190952,0.0107072905444173
HS1BP3,0.0119950270780915,242,0.408769654692826,0.597439789094311
HINT1,0.0108320383320386,65,0.874790350951836,0.925359627053371
KBTBD2,0.00787860388675678,96,0.861748963756017,0.916162709422006
RIOX1,0.134283030197492,202,5.9133052679659e-06,0.0020919959970226
CPLX1,0.141310331825038,51,0.0698385956399761,0.229717033592649
CLEC7A,0.00599656094910823,218,0.728835388153444,0.829382371651382
AFAP1L2,0.0273044730926891,260,0.0696423248381201,0.22924906930429
CAVIN2,0.0542315207248884,248,0.00385545820985271,0.0491665293777426
C15orf40,0.0231026732638875,204,0.195969060750408,0.398000631114208
RAMAC,NA,NA,NA,NA
FRMD3,0.00460814414098475,207,0.813522570616585,0.886390919614409
H1-4,NA,NA,NA,NA
ADORA2B,0.0026766808319144,208,0.90686098107173,0.944528902334099
HOMER2,0.0366963436837276,179,0.0884109874231719,0.259339991892492
GPR25,0.0304882916553566,226,0.0765010252694019,0.239960822890333
ANKS3,0.0125384237809505,247,0.378786696720704,0.572232260559211
HSPB2,NA,NA,NA,NA
NUDT16L1,0.167961731943945,65,0.0131601803815595,0.094854588194421
RPAP1,0.0496904470994085,278,0.00324425527923715,0.045505325150181
MACROH2A1,0.0675530519160329,64,0.235130144574069,0.437861842385778
TIGD4,0.120399685584196,227,5.31888431420531e-06,0.0020919959970226
PPP4R4,0.00956190037721494,235,0.5246028441639,0.688017899626344
SPACA5,0.0180933366792673,193,0.324160311166279,0.521296890220684
KMT5B,0.0519616514916112,231,0.00755228257749434,0.0702599495302907
KCTD19,0.0607865810682687,246,0.00191066724159097,0.0341709062075344
DRD5,0.00360231542115898,206,0.864119142064188,0.917653747463479
TMEM154,0.0292369237501203,93,0.441963975470428,0.623350298072134
GPR22,NA,NA,NA,NA
GPR27,NA,NA,NA,NA
ARL6IP1,NA,NA,NA,NA
NUDT6,0.0176253893186143,228,0.261360121608198,0.464186655808396
ELOVL5,0.0355558404238171,191,0.0801090084436124,0.246501167320089
SLC6A19,0.0260487711127018,237,0.104649983347514,0.282377582185157
UTF1,0.0367428166899634,187,0.0773756354762481,0.241355888666543
MRM3,0.00783823081683186,246,0.589098286227489,0.735989645190908
CDKN2A,0.0200075281425727,182,0.305359547157304,0.504941468786734
SOX7,0.00466158856898784,192,0.827752693988903,0.8950805154222
CRYGA,NA,NA,NA,NA
TMEM126A,0.0765081090393393,223,0.000711847715391892,0.0213822936396961
RGPD3,0.0226219064681435,241,0.142931559315541,0.335120828321562
C8orf74,0.044419866434354,235,0.0154956988987057,0.101969180073081
LDB2,0.0219568381017104,96,0.554770629315348,0.710106405523645
INSL5,NA,NA,NA,NA
ECEL1,0.0119751138480644,190,0.519588762212229,0.683977516851157
TM4SF20,0.00606070512430261,248,0.682964248911732,0.799837487277225
PEX6,0.0507927644181595,256,0.00474122388871207,0.0547989534011282
KNDC1,0.0363314967171348,238,0.0349427995660384,0.158317856731791
KRT78,0.0415601821367323,259,0.0133249134569319,0.0955591412112664
CTNND2,0.0176141781911817,200,0.320085546113607,0.518059412289097
COL3A1,0.0165927331923238,266,0.221656821286313,0.424961805795948
OR1F1,NA,NA,NA,NA
XPO6,0.00298834385835322,192,0.903089241705474,0.942688679809927
C1GALT1C1,0.00920890887030055,171,0.667234201310659,0.789385395616735
RGL1,0.0277376972280747,223,0.104181699597312,0.281621533591382
FAM171B,0.0198821256135744,232,0.204163098265324,0.406793056869082
VASN,0.022915834448169,249,0.128086759198894,0.313967120843537
PCNX1,0.0186534469315867,265,0.177409089856726,0.376294745420207
SHE,0.07271913669455,216,0.00134732228837786,0.0288394901929083
SRP9,NA,NA,NA,NA
NANP,NA,NA,NA,NA
TMEM208,0.00547160159851138,95,0.915731959371888,0.950087919734605
PGK2,0.011843869653992,182,0.543114588045836,0.702315706503377
OR1L3,NA,NA,NA,NA
TPST1,NA,NA,NA,NA
HSPA4,0.00488503065648729,221,0.783183215333972,0.86660481585521
UQCRFS1,0.00465180650399637,197,0.822590393618893,0.892127928882916
ASL,0.0389108569013051,173,0.0823661303747268,0.250063179130517
TPD52L1,NA,NA,NA,NA
TACR3,0.00702908013927331,215,0.681295973127359,0.798863528007095
GUSB,0.0412879858840554,253,0.0154224085562349,0.101877487226249
LRATD2,0.0488212863051073,179,0.0337065985854366,0.155651645969587
IL17D,NA,NA,NA,NA
OR2C1,NA,NA,NA,NA
HES4,NA,NA,NA,NA
PPIH,NA,NA,NA,NA
SIK2,0.0190644513448669,245,0.199149404101424,0.401578043065484
PRPF8,NA,NA,NA,NA
CHSY3,0.0197132219782103,208,0.252887414566981,0.455877439762927
P2RY1,0.00571637949794182,181,0.794247795617533,0.873309153499516
ZNHIT1,NA,NA,NA,NA
IRS1,0.00452669791135884,254,0.766162185335622,0.855232613901015
UGT1A6,NA,NA,NA,NA
NMUR1,0.00194915306719539,228,0.9313385836993,0.958817250181415
ESCO2,0.0445602119644287,246,0.0121818449339366,0.0916408606489168
C22orf15,NA,NA,NA,NA
NECAB2,0.0304024244333767,215,0.0894215046063637,0.261389094024936
UGT1A1,0.0288168095589839,241,0.0746227479719957,0.237006313758438
PWWP2B,0.0477032524307305,227,0.0129713838984681,0.0940827875078168
ARMC4,0.0226392267897356,274,0.103150826274353,0.280644396109532
TACR1,0.0259253170810656,173,0.215962673606506,0.419142237627718
TUB,0.0129610458473629,226,0.404721165480673,0.594113504329397
HDAC3,0.150109401468097,23,0.191818931667866,0.392972101590064
HTR1E,NA,NA,NA,NA
S1PR1,0.0334583350981614,176,0.118871109529972,0.301462057143313
TM4SF4,0.0878603299975551,200,0.000561833972240967,0.0191836929502975
TMPRSS11E,0.0182099307016571,252,0.206070681163126,0.409568694646313
TRIM35,0.0809527683012136,187,0.00176840191934465,0.0328314385492325
TM4SF1,0.0178151443328006,219,0.274299210248321,0.477202074081123
MGAT2,0.0548500149985691,183,0.0187137422883706,0.112317729399004
SCG2,0.00848575061641837,252,0.545882815681685,0.704108116317799
MINAR1,0.118195957570677,239,3.40979295054252e-06,0.00173708492072438
OR7G3,NA,NA,NA,NA
GRM5,0.0309885763346951,224,0.0748073903608778,0.237178721343326
VXN,0.028143460483309,194,0.142782011401713,0.334868445096326
OR7G2,NA,NA,NA,NA
SEMA4C,0.0255212463982226,229,0.120764292785947,0.304023331275315
WFDC13,0.0228076454598779,180,0.25268514472939,0.455706315954901
TMEM135,0.0462752352125353,193,0.0308617675250168,0.148322819320232
CNNM3,0.0651249630897962,208,0.00370411470028788,0.0479211404703757
SMYD4,0.0454028812709503,271,0.00654727972909995,0.066076539180296
TWF2,NA,NA,NA,NA
SPATA5L1,0.0251439702966722,245,0.105217834613869,0.283429429281353
IL12A,0.0375013436065842,231,0.0347105923946418,0.15771549196359
CD2BP2,0.0265652070672435,202,0.14855292519932,0.340772704491811
DEGS2,0.0377326041877182,189,0.0689695426998467,0.22815483008448
TBL2,0.000889458505808325,222,0.978141055745125,0.986506531990015
LCMT2,0.0471217412568065,259,0.00686294192950802,0.067574398216098
PATE1,0.00775078228313631,196,0.679641140480953,0.797945843723091
KRT73,0.0271951802693742,222,0.111118182883535,0.29053606594225
CEP89,0.056320079201846,271,0.00164848023861566,0.0317507037274781
RNFT1,0.00851567713317489,241,0.563373493168718,0.716080320259161
DTYMK,0.0132248180254858,186,0.485020590420917,0.658894521204683
CYCS,0.0492293113188632,66,0.361818681676685,0.555195509618585
TSPAN5,0.432060543515652,18,0.0254124867891789,0.1325727289591
SLC9C1,0.0146460204709114,265,0.276239635868836,0.478925674166281
PRND,0.00481393892202256,208,0.802102396771556,0.878627724986635
CENPN,0.0119122058232138,241,0.413890735539226,0.60051405876368
VPS50,NA,NA,NA,NA
BCR,0.0367415658347696,208,0.054908676979994,0.201300204380312
GTSF1,NA,NA,NA,NA
KLF11,0.00623464612615715,252,0.667375304302535,0.789420625577885
FEN1,NA,NA,NA,NA
ONECUT1,0.0426969850215827,96,0.255457708299398,0.458757666793729
PPM1D,0.0112069865326745,217,0.489791274578021,0.661945256613601
RNF187,NA,NA,NA,NA
MTBP,0.0285754482948848,266,0.055724743446579,0.202890646498277
MMGT1,0.041749811255521,79,0.353745148073801,0.548156491771252
ADRB2,0.00591282594640723,196,0.764297228672853,0.85416720817633
MBOAT2,0.0170390522985515,231,0.270346551129639,0.473143662337743
MGMT,0.0360147146429006,231,0.0405040621043672,0.172067956958379
ATOH1,0.0397563151880746,182,0.0659092845866647,0.222186513630429
LSM3,0.226190476190476,7,0.507341248128484,0.674900578249882
PTGDR,0.0156207879809839,223,0.324960469648766,0.52210124150961
LRP8,0.018295188168192,242,0.220539359621457,0.423648459146134
ANKRD27,0.0292553659449139,281,0.0422153635468271,0.176327833053721
CHRNB1,0.034524870078338,232,0.0465260972316481,0.185289673027602
TMEM43,0.0463024993205403,206,0.0234164875011323,0.127259157025932
KCNG3,NA,NA,NA,NA
TRIM56,0.0470713004671208,217,0.0171954731554572,0.107723337977326
SOX14,NA,NA,NA,NA
FSTL5,0.03673339622259,239,0.0329171097249007,0.153621220027972
HSPBAP1,0.0325432604589939,245,0.0472563520890006,0.186574510790069
ALCAM,0.0133707487419218,212,0.420017324344687,0.605814342339063
TRMT61B,0.0345988415047014,192,0.0854849203549132,0.255092770768551
SNX7,0.00528690876538766,207,0.779705243183183,0.863807061341425
QARS1,0.00875313256689456,237,0.55887497326689,0.713122842995653
CSDC2,0.00365791765292214,83,0.960038025193263,0.975743698736046
PRKCE,NA,NA,NA,NA
ZPLD1,0.0381194920437023,207,0.0491579599252989,0.189563085715014
USP42,0.0158274298211603,277,0.224336144765802,0.42755516832221
MRPL13,NA,NA,NA,NA
CBR4,0.0183839004406722,185,0.336305632537458,0.533942711088514
STX18,0.0334311069740494,193,0.0929215504811968,0.266003341633743
CHST14,0.0160598409161635,173,0.429744894371458,0.614072812152461
FOXI1,0.0103690158306598,226,0.506223057288864,0.674058548197523
IBTK,0.00813422469283255,260,0.55054553313507,0.707375351104692
ATOH8,0.0196546128231099,193,0.28696180220935,0.48736334970774
REEP4,0.0315096520006698,205,0.0925469263994244,0.265627094384605
ZNF608,0.0381889985747689,240,0.0276470047592169,0.139563850275879
LGI3,0.0196971022077643,196,0.279160481339316,0.481361901364009
GBX2,NA,NA,NA,NA
RETREG1,0.0207534920277543,223,0.202918863252444,0.40551932251422
HOXD4,NA,NA,NA,NA
MTCL1,0.0117316850007286,273,0.363101137227233,0.556492910195672
C2orf68,NA,NA,NA,NA
ZNF396,NA,NA,NA,NA
STX8,NA,NA,NA,NA
RNF181,NA,NA,NA,NA
ETV5,0.00425373386962865,170,0.868754211339146,0.921270077903028
VAMP5,0.0276676189020293,183,0.16921556058311,0.365834218228906
BMP1,0.0126832658816067,221,0.425096146113685,0.610581314638987
TBCA,NA,NA,NA,NA
LRG1,0.0428578142836732,234,0.0186866220654181,0.112291164629072
TMEM37,0.0273724863355558,219,0.11321686708849,0.293552528346704
OTP,0.0999758672699846,51,0.171885521474976,0.369038098702848
POLR3D,0.0149168253972603,200,0.396515460762012,0.586529722214285
MAT2A,0.0467796284970797,56,0.462263958510097,0.639708869770576
PPIC,0.0124736100047063,185,0.51345177974343,0.67936678427222
TMEM192,0.0462279739417211,199,0.0273226118653022,0.1388448383804
SOCS5,0.0176243966360297,177,0.376180400352451,0.569547501056684
ROBO4,0.00676343122898212,271,0.609266102208423,0.749214355288836
PCDHB1,0.00842449873637625,220,0.605199221932508,0.745938175681525
ZNF672,0.00759951138000465,180,0.714863481473946,0.820521025599511
PCDHGC4,0.015323969599142,173,0.451261273417072,0.63059727652401
CXCL10,0.0126337409217388,190,0.495913979598645,0.665538508342291
UBE2E1,0.172737127371273,40,0.0807790582747353,0.247725038812191
CYBC1,0.0236797085238212,179,0.2391655680627,0.441899416052017
KRT28,0.00868809192354902,225,0.583662016474511,0.731717633804446
ADRA1B,0.03183419621893,187,0.11550957808616,0.2962404322403
LRRC45,0.0184357776006652,254,0.198099042285758,0.400274205804627
CDCA7,0.0330926284596718,232,0.0539620726639809,0.19975090656885
ASPSCR1,0.0100085422205384,240,0.495117797451906,0.665400146110038
AVEN,0.00907620263239139,211,0.592143520927273,0.737558912716846
RBFA,0.055460299699984,215,0.00784745594325083,0.0714404566785151
FASN,0.0106592594340724,255,0.438962407732009,0.621782479057684
RCAN2,NA,NA,NA,NA
NPTX1,NA,NA,NA,NA
DUS1L,0.00900043975752668,219,0.580311002593604,0.729383295078667
RPTOR,0.101272722343411,177,0.000478183258089344,0.0178066889207733
PAIP1,NA,NA,NA,NA
B4GALT6,NA,NA,NA,NA
FAM83B,0.00915111848745953,269,0.483936633243884,0.658203434535893
C5orf34,0.0330513725433107,259,0.0362836543265453,0.160845325966892
DCXR,0.0391318702288975,221,0.0349673501586494,0.158372749509445
COG8,0.015142861258552,246,0.294529502629727,0.494154623302886
RAC3,0.0212943414913853,28,0.750156363035893,0.843917625618332
RBMXL2,0.040767133055181,177,0.0665237794075951,0.223483675285482
FEM1B,0.0378385348901555,82,0.381723493970438,0.574532909217817
NTSR2,0.0273465996696521,179,0.181745527755495,0.38108512372308
GON7,0.0135029184887697,183,0.483015065880645,0.657511744234276
CHRM1,NA,NA,NA,NA
MPLKIP,NA,NA,NA,NA
ANKMY2,0.0130831222993434,214,0.425693181441797,0.611025398269213
OR10G6,0.00140932630727042,178,0.969237049176728,0.981100227174918
USP38,0.00578991570696962,251,0.69444410764557,0.807805612469216
IGF1,0.00524908496211056,173,0.824741767288912,0.89327625223102
OTUD7A,0.0794753032506276,184,0.00225088395967521,0.0372419537158017
PWWP2A,0.0192773657731951,217,0.244300006479644,0.446912508262676
AXIN2,0.0332043225839488,251,0.040182330754871,0.171322438402667
MAP2K1,0.0203539668561018,70,0.7044981166194,0.814506911674937
GTPBP2,NA,NA,NA,NA
MYOZ2,0.04872886943523,194,0.0243674190244695,0.129742244437978
SYNPO2,0.00740183407849086,280,0.559003082672973,0.713122842995653
KLF13,NA,NA,NA,NA
MTNR1A,0.00691808347190668,197,0.715893314313891,0.821258984966827
INSM2,0.0288005461537349,253,0.0641210916624426,0.218570176977655
TSNARE1,NA,NA,NA,NA
AP000812,0.0223370124824697,202,0.213207327702845,0.4169323432761
ABHD15,0.0222252371755646,225,0.173381728475104,0.370578749279477
DNAJB7,0.00312199506952516,178,0.907193987813149,0.944528902334099
GIMAP8,NA,NA,NA,NA
HEXIM2,0.0136992826176032,221,0.389495904872221,0.581430741457756
NDUFA10,0.0168142962733535,210,0.318926651728545,0.517235430588914
MRPL39,0.0404415361700174,226,0.0279987807811,0.140556748927115
SCNN1B,0.0486498297670552,229,0.0112378220503902,0.0870758204367559
ANTXR2,0.0224169785307628,227,0.167010693083057,0.362995285534221
HTRA3,0.0443215966624116,178,0.0493278054946903,0.189972461681396
PCDHA10,NA,NA,NA,NA
GLB1,0.0582083473437705,244,0.00271475453926101,0.0414792373347884
DDIT4,NA,NA,NA,NA
TMEM223,0.0307416885805377,227,0.0735861207605275,0.235357316425434
SLCO1A2,0.070682594044851,235,0.000878731551477029,0.023597374890526
GP9,0.0607681986298477,210,0.00533102729804052,0.0581301058800035
CXCL8,0.0301678948544832,175,0.154431991737957,0.347683550782149
MRPL4,0.0105141559346886,212,0.528316213414776,0.69089591272724
MORN4,0.077079652059604,87,0.0847171567748838,0.254291234665312
CDKL2,0.0200972214739356,231,0.20163221865511,0.403969504775544
CCDC126,NA,NA,NA,NA
AGXT,0.0722730834799641,226,0.00100226687713448,0.0251276987149305
ANKRD2,0.0144621386743264,236,0.334153085736033,0.531772297880059
CMTM8,NA,NA,NA,NA
PANK1,0.0510210856746737,214,0.0124644098459132,0.0926176918305426
MAGI3,0.0207038884241332,272,0.132162357431186,0.319760597310711
OR10V1,0.0157797177517422,175,0.432521715759559,0.616864117795492
CAVIN4,0.0938559530630229,235,6.64202197346131e-05,0.00604031348194494
GOT1L1,0.00677999991882347,263,0.620092731091939,0.756927004274153
HOOK3,NA,NA,NA,NA
ACOT12,0.0700256100957238,248,0.000614174276581339,0.0197037574511581
YWHAG,NA,NA,NA,NA
C3AR1,0.0440559414594902,254,0.0109612604760937,0.0856983507817861
NKIRAS2,0.0806251887647235,44,0.325082737765134,0.522134351017322
MCRIP2,NA,NA,NA,NA
BCL2L1,NA,NA,NA,NA
SEC23A,0.065340576293565,86,0.135447242790376,0.324337950250604
PPID,0.00624472487680959,186,0.763750176663266,0.853639315487506
THOP1,0.014379920294843,206,0.399730485285829,0.589164154681208
CYTL1,0.026616106865487,191,0.167666274376543,0.363484049035232
ZBTB5,0.0147840918604781,203,0.39372886744155,0.584035739079383
LGALS4,0.0647796563023973,234,0.00173833432387701,0.0325101702626985
TVP23B,NA,NA,NA,NA
ASCC2,0.0141190736372237,246,0.326095971909648,0.52305522476709
HPCAL1,0.0411528822055138,20,0.853790098507482,0.912453105918857
HAVCR2,0.0114122960872058,190,0.540482766121661,0.700334572115727
SRP68,0.0113550393809885,198,0.524708502162517,0.688041276348344
ADCY6,0.00351407221349257,246,0.834840306189373,0.899663979462836
CTSW,0.00156324283698832,259,0.939556503161558,0.963643569796055
CYB5B,0.011152116176017,184,0.563974187144323,0.716477848382332
ZWILCH,0.047397184478198,236,0.0110008708231009,0.0858698003304556
ADAT1,0.0536635054621146,261,0.00297051065938192,0.0435355854521153
RPL4,0.0632637772592401,175,0.0116832487524353,0.0890471909700875
WFDC5,NA,NA,NA,NA
RAD9A,0.0154147886569843,239,0.299529935430029,0.499713552218608
EFEMP2,NA,NA,NA,NA
SLC16A11,0.0228904138187748,236,0.146042026488398,0.338241725651252
MRPS12,0.0302048252149014,177,0.150064363915436,0.342389777647259
PTDSS2,0.0205184699744849,204,0.244164189583612,0.446819334779911
TMEM134,NA,NA,NA,NA
DDX23,NA,NA,NA,NA
SLC16A13,0.0393225361933473,233,0.027701615008737,0.139725849010405
ZNF471,0.0436594509980429,187,0.0435827898245844,0.179054971356744
CHST1,NA,NA,NA,NA
SLC37A2,0.0367851145292472,247,0.0286446516346103,0.142284821848049
THAP2,NA,NA,NA,NA
C1orf100,0.0315108809247432,210,0.0863404745708787,0.256502171671321
MUS81,0.0426967583968394,257,0.012108410929631,0.0913582473932351
SSH3,0.0101085765771881,252,0.468596285396451,0.644497007646782
FAM53A,0.00852311543094604,192,0.653076963979564,0.780042034440938
H2AZ2,0.167567881853596,27,0.225427920236063,0.428210026450876
PHYKPL,0.0273664109995621,234,0.0946676180637158,0.268826484650944
ELF4,0.00454344316270247,241,0.779385687010271,0.863603280821542
PCDHGC3,0.0381158268849418,238,0.0288494278722165,0.14276697543164
PLG,0.0298965075373622,270,0.0451483634370019,0.182542716423383
COQ10A,0.00782043326816143,189,0.689155419572095,0.804130409864425
CCDC63,0.0298672877678899,254,0.0561262698989767,0.203724290418904
RNASE8,NA,NA,NA,NA
RGMB,0.0203505178975102,231,0.196734285841345,0.398837513515465
PPM1E,0.00684013439756376,238,0.654612379425475,0.780704491465759
KCNG4,0.0647689159812566,230,0.00196591722823459,0.0347035373754649
PSMA8,NA,NA,NA,NA
USP48,0.0332581341249416,196,0.0902426071562893,0.262583926146333
FBXO22,0.0239228015420803,202,0.186370242812482,0.386959799879324
TLCD3A,0.00884171699445191,221,0.583862872772972,0.731838760308417
SEC16B,0.0338640171135969,279,0.024261902020129,0.129451019743763
MS4A10,NA,NA,NA,NA
GOLT1A,0.00353269857103602,182,0.887352048655039,0.933915849241433
PROP1,0.015404097176581,208,0.363443839057342,0.556884111433386
GEMIN2,NA,NA,NA,NA
LEMD3,0.0114759821854439,233,0.446650091073416,0.626762897910917
SNX32,NA,NA,NA,NA
PIGS,0.0314732774864152,232,0.0637628778973104,0.218076796773613
PLA2G1B,0.070543432507979,234,0.000922631720240312,0.024014675968388
LTBP4,0.00991196731650988,255,0.472111628119881,0.647862697525569
GMPPB,0.0326941249722833,205,0.0832085280516174,0.251601095267189
MAPK7,0.0465433347622739,233,0.0128695314703025,0.0935632964577322
RNASEH2C,0.0117610312064279,226,0.449442061709775,0.629228767498702
AOC3,0.00726094421120747,180,0.729202174991118,0.829442511266278
TUT1,0.0176608427603761,266,0.196775496906392,0.398837513515465
ATAD1,0.0337045942779019,56,0.603308181525062,0.744331395902663
RSF1,0.0226475629921863,252,0.128008480721024,0.313967120843537
STOX2,0.0062790500670504,220,0.711378853448366,0.818890998253044
CSPG4,0.044791431057015,254,0.0100585623751843,0.0817522976454037
CCAR2,0.0416053302237932,241,0.0186916825544624,0.112291164629072
SNX33,0.0445578095371815,193,0.0358299940815151,0.15977969349516
TMOD3,0.023119988854726,183,0.239878326325245,0.442446106311125
GRK2,NA,NA,NA,NA
EVX2,NA,NA,NA,NA
SNTG2,0.0542624998512615,177,0.0228032703294003,0.125196021152253
APOBEC4,0.0487259110041828,238,0.00910318911700893,0.0777586965756041
MARCHF3,0.0488485757461157,59,0.41806089421298,0.6043760336003
ABCD2,0.0568678066329427,210,0.00778632395432666,0.0711952340371771
PRKACA,0.0123490055512531,89,0.780282671514142,0.864154367480315
ZNF622,0.0232348309983701,238,0.138241119276286,0.327926782473976
PSMD1,NA,NA,NA,NA
ISX,0.0123515706671113,242,0.395227113307171,0.585508027809716
AP1G2,0.0129563246177694,252,0.354374114651636,0.548644997728995
NFYC,0.0530625068252169,195,0.0162245083188708,0.104900942191257
DHX37,0.0197958262131384,272,0.146960738198941,0.33908872843545
ALG10B,0.0440845244984366,181,0.047369776592099,0.186952198283901
NPFFR2,0.0477836459982321,185,0.0321853015424181,0.151706883954196
ASPHD1,0.0302182228795457,226,0.078584407515027,0.243516061827587
TRMT112,NA,NA,NA,NA
FBXW10,0.038723644155275,248,0.0226525150952181,0.124892827815021
MLKL,NA,NA,NA,NA
PCMTD2,NA,NA,NA,NA
RHOD,0.0241985663427791,186,0.214374903966154,0.417626333406793
ADCK5,0.00280675196210509,256,0.869499952231513,0.921561926722939
LEP,0.0104579136448665,194,0.568601195286613,0.719708290913368
TAOK2,0.00899060222870967,238,0.545712360865867,0.704030857778331
TUBB8B,NA,NA,NA,NA
CYP2W1,0.0131353965748259,256,0.340808800568454,0.53711125654589
U2AF2,0.338162458659353,22,0.0287043724994649,0.142339604147473
PHYHD1,0.023405645399704,194,0.210753272798003,0.414101437624564
NDUFA11,0.0360629201613663,193,0.0743573521407107,0.236694635557134
C11orf86,0.0140767754342683,206,0.409579532360008,0.597868759213417
CCDC106,0.0174563712161687,177,0.38060850311362,0.57379615242129
TLR10,0.0398982086053912,180,0.0675134826465335,0.225446175927176
TLR1,0.0166569914405804,185,0.381728759249463,0.574532909217817
ACAD9,0.0115901460983408,231,0.446081952737195,0.626452723570505
CKS1B,NA,NA,NA,NA
BAD,0.0433966388930861,197,0.0366379835750603,0.162021305143045
CTBP2,0.0795788965190773,240,0.000270890922734062,0.0124103122012267
CENPS,0.0136286563110715,187,0.469011497954915,0.644789555046826
LCLAT1,0.0195043980688122,243,0.193481116942722,0.395279997655199
DUS3L,0.0141998216248299,252,0.312536230540695,0.510785492127439
PTMS,NA,NA,NA,NA
MAP3K11,0.000624479703105364,229,0.986306213359179,0.992462347581773
VPS26C,NA,NA,NA,NA
PSME3IP1,NA,NA,NA,NA
OR6M1,NA,NA,NA,NA
RORA,0.103241375950093,194,0.000175877724867986,0.0103224825065377
NRIP3,NA,NA,NA,NA
P2RY14,0.0206356955798933,226,0.199881553202346,0.402290053979942
GPR171,0.00505993432218745,211,0.786112719723914,0.868238077972887
PPARGC1B,0.0284350146040527,254,0.0659630544323896,0.222308933911329
ETFB,0.038187942539819,170,0.0915039497757891,0.26448796003399
EEF1A1,0.0585613148663008,32,0.611589306049728,0.750838770180195
PPM1J,0.00720116450033733,223,0.659694029769048,0.784660187643551
XCR1,0.00372051337758692,211,0.853932534678476,0.912453105918857
EEF2,0.01234865417495,89,0.780290140234267,0.864154367480315
ZMIZ2,0.0536018455848017,238,0.00532337623680589,0.0581301058800035
PPP1R14B,0.0843986079280196,55,0.2072162398422,0.410819743248795
ZNRD2,NA,NA,NA,NA
MRPL38,0.00894382888560082,238,0.547940138613272,0.706227431321715
AKIP1,0.0761271430497782,214,0.00102446209983109,0.0255083353686692
MOB1B,0.186264400921659,31,0.133472887047814,0.32174765707627
SH3RF3,0.0186956124260763,235,0.223735917418466,0.426748568675863
VEGFB,NA,NA,NA,NA
RETREG3,0.00635312544689964,215,0.715038770782876,0.820574318317778
KLF7,0.109133568538019,89,0.0222528269408873,0.123544901446879
NWD2,0.0341914014989071,245,0.0394354228841325,0.169221545098488
ADORA1,0.100179186197579,177,0.000523912618892151,0.0185348642061401
B4GALT2,0.0235541597163637,178,0.24377521778908,0.446717880087024
SLC26A7,0.025770156390133,258,0.0849384926370199,0.254471693509469
OLR1,0.0282213751045027,231,0.0900214328817899,0.262239928907245
SUSD5,0.0799397156344441,255,0.000146766183260522,0.00944047530306062
CHST2,0.00273216990956631,176,0.923669261980558,0.954548175964329
MRPL57,0.0216288603177455,186,0.261319561299562,0.464184787538183
LRFN4,NA,NA,NA,NA
RCE1,NA,NA,NA,NA
PTPN2,0.0654602746607638,188,0.00660136454263683,0.0663575207695522
LMAN1L,0.0461534437936974,227,0.0152385955640343,0.101250475656635
INHBC,0.0361710783450465,240,0.0344045786228399,0.157391060826325
OR10P1,NA,NA,NA,NA
TMEM255A,0.0290703750051471,95,0.434713098716279,0.618396741343743
GRAMD2A,0.0338186163244884,234,0.0485636658330571,0.188211118384018
FAM241A,NA,NA,NA,NA
RIC3,0.0150555572571631,233,0.321685528566344,0.519718927802804
RND1,0.0524805170973134,88,0.206495202659831,0.409964598764708
KLHL3,NA,NA,NA,NA
TOPAZ1,0.0160956169161362,260,0.243807787726515,0.446717880087024
TMEM234,0.0167486013741959,173,0.41037743466083,0.598621808251097
TRIM59,0.0149535954801337,219,0.35326521121455,0.54794613689301
NARF,0.0183444257103917,213,0.273700221741366,0.476533974586198
UTP23,0.0125212269256894,192,0.495208715470075,0.665433445898594
GGA2,0.0458966296472066,224,0.0166710233010296,0.106108022369772
GCC2,0.00546384392636576,252,0.712246366074541,0.819437192260647
ABLIM3,NA,NA,NA,NA
TIGD3,0.0100232948153459,243,0.488880082315064,0.661395445970327
TCAP,0.0408724431003885,178,0.0647896453034434,0.21980845034221
TRMT10C,0.0474694891314994,226,0.0135843027642648,0.0961164888920428
DAW1,0.0369825373511577,200,0.061279865900416,0.213859651301411
DAPL1,NA,NA,NA,NA
ACO1,0.0363801370050156,233,0.0377385849781872,0.164663869830487
CFLAR,0.0350388435397424,248,0.0342538440038237,0.157096491621426
GLE1,0.0137181576377194,239,0.35255483287206,0.547577847738848
NDST2,0.0356847546709622,212,0.0568057212499778,0.205267732026369
BAALC,0.0100788576894669,178,0.618432102746115,0.75606243712222
TPMT,0.00773976920732875,237,0.609166785353982,0.749181156392129
MAL,NA,NA,NA,NA
MSL2,NA,NA,NA,NA
SP3,NA,NA,NA,NA
ATP6V0A4,0.0749702988365622,248,0.000343928430113864,0.0140346060009129
TSPAN17,0.00567413949658538,199,0.771409245917458,0.858874740449755
DSEL,0.0196286432982616,257,0.169980528103647,0.366740980167381
RBM4B,NA,NA,NA,NA
HLTF,0.0226002792198508,240,0.144652224206018,0.336976121243359
CYP2S1,0.0429737200564839,216,0.0262721877426031,0.135741413018172
TADA2B,NA,NA,NA,NA
LIPT2,0.00188817478274637,197,0.946351036223858,0.967003112752492
PSMD2,NA,NA,NA,NA
LGI4,0.0267093109242544,232,0.103632764442001,0.28099010902039
ATP8B3,0.0267390668515458,239,0.0951873718704941,0.269795853128126
KCNE3,NA,NA,NA,NA
MATK,0.0437272179517668,202,0.0322293635386592,0.151858369969798
RBM14,NA,NA,NA,NA
PSMC5,NA,NA,NA,NA
KLK6,0.0313207621668506,227,0.0694375950456744,0.228870913690918
FUT1,0.0209098726221336,230,0.187966759116771,0.388627377290779
CHRNA9,0.00161397322318877,212,0.952230431447371,0.970674465736651
CYP7B1,0.0237689613789799,256,0.108675826863578,0.28721629610594
INSM1,0.0233824267353021,189,0.221766204135624,0.425107521955345
CCDC13,0.0257829617093166,257,0.0857845243675685,0.255448141768846
OR10AD1,NA,NA,NA,NA
ARV1,0.00685445400293752,219,0.683593216755539,0.800279732383357
PDE8A,0.0380161505222291,223,0.0377489153762092,0.164663869830487
LRCH4,0.00832910167934499,248,0.560601876444354,0.714353753209714
VPS41,0.0048571935024457,204,0.804637003746844,0.880173226807507
CTSF,0.0143737628345526,244,0.321693969303897,0.519718927802804
EIF4EBP3,NA,NA,NA,NA
NBEA,0.0468794859390973,229,0.0135350858111352,0.0959887836440868
ARHGAP32,0.0137302773197005,279,0.281912952317937,0.482629458262693
TBX5,0.0400744509428982,175,0.0727648198576224,0.23396532940275
GPRC6A,0.0282271745511291,224,0.098122049804729,0.273363470371251
XXYLT1,0.00779818819262515,203,0.665018286007274,0.787812190588963
ARL10,0.00939654260157701,171,0.659976718694836,0.784745165202067
METTL18,0.0276876155793987,246,0.0791292333263359,0.244549846067511
CPED1,0.021849565928658,269,0.118846567295108,0.301459844865664
SNED1,0.0236121636860209,272,0.0937362040857872,0.267313993559468
AGR3,NA,NA,NA,NA
CLTB,NA,NA,NA,NA
VCPIP1,0.0119544087713406,209,0.477732687703395,0.652832994698545
TNKS,NA,NA,NA,NA
ZDHHC24,0.00462328303131868,180,0.842862480512205,0.905216970131564
CASP2,0.049372862897691,225,0.0114083371177996,0.0878455752915938
GPD2,0.00588120037394135,216,0.737589652667888,0.83497458621316
PPP1R3B,0.0236359715199317,186,0.223934362111304,0.427014229053685
RFNG,0.0206545916093378,198,0.254113906720858,0.457376302430307
MEPCE,0.0192025901016591,211,0.25797134990351,0.461182437607593
SUGT1,0.038563869713756,208,0.0463701629349791,0.185105363237678
SPSB4,NA,NA,NA,NA
SLC5A6,0.0384898984627623,255,0.0205653223636734,0.118905264047497
ZNHIT2,0.0112817598628637,212,0.497283974929397,0.666885195819817
DCAKD,0.0572904920017908,174,0.0193357597532105,0.114592943795667
SULT1B1,0.0524506058479655,188,0.0202682927651928,0.117872941255675
MRPL48,0.0112701092205147,208,0.506245063714292,0.674058548197523
RAB6A,NA,NA,NA,NA
ADCY4,0.0767987747541239,248,0.000277424451436909,0.0126317939463129
CFAP70,0.0225551996381585,253,0.128043305889476,0.313967120843537
TRAM1L1,0.0924382190028349,176,0.00104321118944395,0.0256800943435699
ELMO1,0.0618311365179766,99,0.108753340327866,0.287325788685334
HAP1,NA,NA,NA,NA
CD164,0.00198715373924188,221,0.932460592123506,0.959274483140951
REP15,0.00125396975144503,225,0.963581695248989,0.977480637494669
MIS18BP1,0.0537587254882394,256,0.00333006052051333,0.0459497841703767
ADAM17,0.0160197762501729,222,0.315563817980037,0.514072753363232
ZBTB21,0.0610975255924358,220,0.00388226320217529,0.0493458125178688
CD34,0.000503399452551947,246,0.988897393894285,0.993813399245452
UGT8,0.0319225140305921,176,0.133558997224505,0.32174765707627
POMZP3,0.0342450072387434,174,0.115347512720396,0.296003611123709
DTD2,NA,NA,NA,NA
IQCB1,0.0213001482906351,228,0.184275259328099,0.384553449582611
MYO1H,0.00429612122520594,252,0.782308577478802,0.865787455923708
TBC1D16,0.0395633862119031,239,0.0242410273090524,0.129393849039435
SLCO2A1,0.0199852058142323,250,0.173539622384735,0.370776821119273
HDLBP,0.0276974357813364,203,0.133072484382337,0.321330704138685
CBX2,0.00271866622915178,243,0.88305469453487,0.930628989562783
SLCO4C1,0.0689431017090774,256,0.000536754066248227,0.0187290405143491
CDC20,NA,NA,NA,NA
DPY19L1,0.0110014712386944,219,0.493947294841021,0.664873575206855
SFT2D3,0.0316909105796555,209,0.0861150371184562,0.256096937162082
MRPL11,0.0262847621886187,174,0.20811300509453,0.411572551690052
NPAS4,0.0368459387863506,222,0.0431478736429231,0.178014680504136
MOBP,NA,NA,NA,NA
PCP2,0.0358455602769178,184,0.0873361414630865,0.257711163003567
BOD1,NA,NA,NA,NA
GPR151,0.037862065963615,239,0.0291427208604621,0.143595335912119
PCSK1,0.0044455686859364,234,0.792586079767075,0.872461219698658
RPL38,NA,NA,NA,NA
KMT2E,0.0266947057131684,263,0.072088846855204,0.232789947654127
SLC19A1,0.00291750602666675,214,0.891509695412438,0.93635720606736
HEG1,0.0474927897414615,277,0.00440875545157622,0.0527673963414162
DENND6A,0.0103046566005639,199,0.564080039708672,0.716477848382332
PPP2R1B,0.00781814276073214,203,0.664100463832152,0.787185624451228
ACOT1,NA,NA,NA,NA
TNS3,0.0925196294983866,250,3.96648286507873e-05,0.00447054210350821
HOXB9,0.00541468761417593,69,0.946730625060516,0.967235780584849
PDE12,0.0147274529308533,205,0.390947218929249,0.581945521107746
B4GAT1,NA,NA,NA,NA
KRT17,0.00836296494911511,212,0.622671657651803,0.758717286956065
CD84,0.0102217617854646,223,0.518441021633716,0.683455631045131
INTS6,0.035799309444082,178,0.0963393639190029,0.271150519835784
GPR162,0.00923542837463784,206,0.594853120233064,0.739646076937013
MAP9,0.0257114674429389,264,0.0798791238783932,0.246031565106461
ABCC12,0.0105437763554942,230,0.490936565738863,0.662673215971889
TTC9B,NA,NA,NA,NA
RIN1,0.00282226676576497,253,0.870563841329062,0.922407691993218
ZNF624,NA,NA,NA,NA
HERPUD2,0.00906463146797362,192,0.629987802385753,0.76379643095707
LSM1,0.0558852911794089,35,0.593397932816593,0.73861572247382
OR52W1,0.0245825091602982,214,0.155304622872009,0.349092777426387
RFESD,0.0374119946531748,179,0.0835861370841428,0.252114800856966
WFIKKN2,0.0196454207476162,229,0.21415708336351,0.417594012245366
ZBTB4,0.0751229562415426,246,0.00036283259777896,0.014564295713171
RNF26,0.0316275840742062,219,0.075327081009962,0.238205344247496
ZMAT3,0.0024640399387863,181,0.931111036690006,0.958660482076307
CNIH2,NA,NA,NA,NA
PLAC8L1,0.00417558743446116,215,0.826977854824872,0.894622437700635
COQ2,0.00969820541518771,219,0.54904358308542,0.706512794768295
RAB1B,NA,NA,NA,NA
HMGA1,NA,NA,NA,NA
METTL2A,0.013705310489218,243,0.345327127392763,0.541236314850385
ADGRF3,0.0250136040216572,250,0.101012223972307,0.277987029734006
RPL13,0.0329591696371205,82,0.445402289587421,0.625746910550501
RPL21,0.12269635126778,21,0.483675070692186,0.657988218365272
FGFBP3,0.0113896282033299,206,0.505872956577558,0.673791881925516
EDN3,0.0376342007458284,210,0.0488737074253742,0.188897310856797
MLC1,0.0419928169173559,220,0.02679013116408,0.137133676401829
SH3PXD2B,0.031078140878612,249,0.0524627184255611,0.196288243791994
LSP1,0.0236485267992263,226,0.149750764120114,0.342103270284086
ANKS4B,0.0388435407624492,235,0.0281257249599977,0.140916956026206
FBXO45,0.0110394211797273,99,0.781454066382473,0.865181331287636
FBXO31,0.0218899172240654,190,0.247025627573732,0.450024087080396
THAP6,NA,NA,NA,NA
UBQLN3,0.0236438270576953,264,0.101458058933776,0.278424873643734
ADPGK,0.0103027815311191,215,0.531004474672079,0.693131308967095
UQCRH,NA,NA,NA,NA
ZNF408,0.0501579514330341,249,0.0060206271677568,0.0625948633539189
PDP2,0.0150289978372429,228,0.332411919014453,0.529795795340768
PPP1R8,0.0201404203488781,74,0.479445360216224,0.654471179819274
OXSR1,NA,NA,NA,NA
SNX31,0.0383416192032912,253,0.0216680897879409,0.1219969287832
AQP1,0.0682349312284143,175,0.0078315584383557,0.0713978011960617
COMMD1,NA,NA,NA,NA
MMP14,0.0689590455696229,181,0.00609540778657861,0.0629201309827915
SLC22A13,0.0669065438369572,209,0.00302095561478925,0.0440216140846177
PRG2,0.023216258086519,170,0.269838826689864,0.472784055127543
ISCU,NA,NA,NA,NA
ERCC4,0.021385580518754,254,0.14408757308822,0.336345185273381
F2,0.0112662975077895,265,0.395604211950764,0.585752906034082
C12orf66,NA,NA,NA,NA
TWNK,0.0127353728912893,242,0.38107472271006,0.57402509013588
ZNF507,0.00534159183243624,264,0.704400917229021,0.814506911674937
TRIB1,NA,NA,NA,NA
MOS,0.030910062927106,240,0.0605204830303069,0.212959511678436
NIPAL4,0.0314442568329888,257,0.0449950447018051,0.182154128837314
ABRA,0.0239129480294407,241,0.12501658190895,0.310026137869789
ARHGAP1,0.0160022652971359,191,0.385433511900422,0.577719337126489
GLS2,0.0612778324986716,214,0.00452511484369739,0.0536110350226325
GAL3ST3,0.0226487734240012,172,0.275515190569401,0.478320810672287
ADGRE1,0.0238721515066516,225,0.148058501614419,0.340487108162415
MED16,0.0511249206716541,224,0.009744502953904,0.0800683804005944
CPT1B,0.018437795750837,245,0.212395371777616,0.416100208423277
CST6,0.0151084364656758,212,0.363554945110241,0.556987342827383
CMKLR1,0.0113301396243992,229,0.460429760548801,0.638157953025306
KRT25,0.0157374030395658,193,0.388309705409329,0.58066366186371
TMEM70,0.0230812320554312,222,0.164552426770845,0.360712514174437
MSL3,0.0054157536616309,175,0.815199734042262,0.887478047045756
EIF1AD,NA,NA,NA,NA
HP1BP3,0.0320462755132258,193,0.104404383580291,0.282013622328439
NAGPA,0.0291529673520403,248,0.0657661561788587,0.221933411571413
C9orf131,0.0381647434735617,254,0.0217315778581749,0.1219969287832
FOLR1,0.0107248367826032,206,0.532225847104681,0.694226586309424
OR5J2,NA,NA,NA,NA
FNDC9,0.000845969350409233,202,0.982274498753654,0.989499961727955
KCNK10,0.0675121209700359,197,0.00416010182475767,0.0511419467568664
SPEG,0.000810895957305884,279,0.973383391711339,0.983687389086484
AMZ1,0.0261270581181116,205,0.149172676591186,0.341333670331538
RACGAP1,0.00978023028912046,208,0.567335659686701,0.718853431420309
SART1,0.0124377110723477,204,0.470815907729752,0.646639605098477
PGA5,0.0701340767196681,175,0.00671812561591652,0.0671696997553854
POLD4,NA,NA,NA,NA
DNAH7,0.0132393538887748,277,0.301323628391918,0.501194878611888
CLCF1,NA,NA,NA,NA
FGF5,0.0144049054070394,189,0.438848772976112,0.621782479057684
MRPL46,0.0117438171460883,239,0.424318971669593,0.609602529405971
HOXC5,0.084539894943868,62,0.16065983071883,0.356492614912749
RMI2,0.0222919713022586,190,0.239345369066545,0.442079864982515
VWC2L,0.00336106434793938,60,0.977862818357693,0.986304019529863
NR1D2,0.0464692067740479,185,0.0359072374691807,0.159845494987454
B3GAT1,NA,NA,NA,NA
BTN2A1,NA,NA,NA,NA
CHMP2A,0.0804539630978443,50,0.26776863037061,0.470451272782465
FOSL1,0.0112661544566901,188,0.550544182515257,0.707375351104692
CCDC85B,0.00173544953636509,87,0.985333644490414,0.991640402704853
PABPC5,NA,NA,NA,NA
RPS6KB2,0.0334988339760462,215,0.0667092562027038,0.223699075038872
FAM174A,0.0205607913728559,190,0.274041287646127,0.476997381366827
HS3ST5,NA,NA,NA,NA
TMEM168,0.0171301353427039,189,0.358866654957895,0.55266332739344
RNF152,NA,NA,NA,NA
RNF166,NA,NA,NA,NA
LSMEM1,0.0145687562176804,195,0.419182430536253,0.605158403458368
GJC3,0.0171331123997451,204,0.323623824553982,0.520923073323201
AGGF1,0.0701279894928414,243,0.000716523682568867,0.0214217033361434
ZBTB11,0.0103444412571109,246,0.469108425575336,0.64485320109309
KCNRG,NA,NA,NA,NA
SIAH2,0.00807272239039169,76,0.895182636354033,0.938203263380922
PPP1CA,0.0020300317124557,95,0.979057007526032,0.986991391365278
EXD2,0.0102863309012416,237,0.488522355155176,0.661051924697867
BACE1,NA,NA,NA,NA
SEC16A,0.0276623028423356,276,0.0548687038357377,0.20122798294214
OGFOD3,0.0275879220706473,193,0.151304903921353,0.343840854818806
FOXG1,NA,NA,NA,NA
RHBDF2,0.0116198665177174,256,0.39735480317406,0.587157532570464
SRSF7,NA,NA,NA,NA
VDAC2,NA,NA,NA,NA
UTS2R,0.0132065391319928,206,0.438981290555714,0.621782479057684
DVL3,NA,NA,NA,NA
HOXD8,NA,NA,NA,NA
PFN4,NA,NA,NA,NA
FBXL13,0.0273302027571311,244,0.0842557395214053,0.253421099054572
PHF21B,0.00618473476606325,211,0.729419401392715,0.829528127166498
TRIP10,0.0316492897482005,209,0.0864440471907529,0.256572217436828
DHRS4,0.0708549045189935,222,0.00133196106624885,0.0286068400332975
OR4D11,NA,NA,NA,NA
BTF3L4,NA,NA,NA,NA
NEUROG2,NA,NA,NA,NA
SERTAD2,0.0582592696853417,209,0.00698991513233169,0.0681650529290784
OSBPL3,0.00475612101102411,252,0.754494978516658,0.84685362178445
TAF7,NA,NA,NA,NA
MLXIPL,0.00959158352805335,256,0.485156031448363,0.658894521204683
ASTN2,0.0180796775292309,225,0.256131536792304,0.459674949721144
CDK5R1,0.0160774570697848,69,0.778699680831658,0.863218655676908
CD6,0.0133868112581667,253,0.337546319901941,0.534567263152341
RPA2,0.0190623428954986,192,0.302941446411602,0.502577241862568
NDUFS8,0.0170733500622674,187,0.365329165886389,0.558898769577063
PITPNA,0.0591047886248811,92,0.146086736961067,0.338249775838585
TUFM,0.00394457291645923,209,0.844564594129221,0.906281954689397
DNAJC25,0.0142295156885701,185,0.454302397522466,0.632595805389175
POC1B,0.0174440916432187,227,0.267755332497153,0.470451272782465
ING5,NA,NA,NA,NA
AQP11,0.102661897197982,199,0.000145206921417028,0.00943548648554729
NFKBIB,0.0175535828276019,235,0.250083623326308,0.453407431744078
GNAI2,0.0429037392195286,75,0.365440534179916,0.55894549350057
MRPS23,0.0346903414065259,226,0.05021110027698,0.191376091480216
EPSTI1,0.0109674791199254,243,0.448078793178741,0.627872319278737
LAMA3,0.00850227561677393,283,0.494073766037463,0.664873575206855
DSCC1,0.00424864191056341,227,0.810882770469652,0.884801487722883
COL26A1,0.0759112892595934,205,0.00144515457457824,0.0297342304714515
PNMA8A,0.00224320839744394,227,0.917358567038775,0.95060243500922
ACAD10,0.023654254437252,224,0.152739491576652,0.34561861424519
EBF1,0.314938619125811,28,0.0366776971197148,0.162140628433422
ZDHHC7,NA,NA,NA,NA
OSBPL2,0.035439801074725,216,0.054564796565911,0.200864852478303
NOS2,0.0427934372606197,269,0.00944379665259894,0.0789320473283576
FAM20C,0.0358994732716578,229,0.0423375857427544,0.176385833176225
FUZ,0.044674188335126,229,0.0170516978176639,0.107350678895584
RCAN1,NA,NA,NA,NA
FBXO34,0.0345214016896795,249,0.035729607405918,0.15944368602725
GPR89A,NA,NA,NA,NA
DRC3,0.0179743701100576,249,0.216099623991507,0.419197374458271
STX4,NA,NA,NA,NA
AKAP17A,NA,NA,NA,NA
HNRNPD,0.0317028067904366,87,0.435752543878871,0.619236423572531
UCP3,0.00565221353464304,214,0.752063932536725,0.845041137295167
DDX54,0.00334691983334179,271,0.824542461438303,0.89327625223102
CHAF1B,0.0265450842748153,250,0.0854341871098742,0.255041103373169
RELL1,0.0239905344683274,221,0.152541720667409,0.345546109121236
ZNF541,0.0239580110649067,246,0.1181239328233,0.300344661297174
STAT2,0.064044196545807,272,0.000597051618063776,0.0196487064797422
SLC35C1,0.0252907954589379,206,0.158767362751249,0.353619100850893
RPL27A,NA,NA,NA,NA
CCT6B,0.00752976899154271,220,0.648326770090902,0.776626198634098
GPR89B,NA,NA,NA,NA
PRKDC,0.0411001090372034,281,0.00927328161269835,0.0782667426238079
SLC2A2,0.0297125387224992,259,0.0534471041650161,0.198861325926277
TNS2,0.00240867561371667,265,0.88816915002113,0.934312570799464
RNF4,NA,NA,NA,NA
H2BC4,NA,NA,NA,NA
AGTRAP,0.00659493201794169,214,0.704428589073378,0.814506911674937
KDM3B,0.0507772198040299,227,0.00941322379671644,0.078916827403357
DPM2,NA,NA,NA,NA
ZHX2,0.0235503975823061,265,0.101503433133488,0.27848938483156
NEPRO,0.0626875566031355,258,0.00107623471903723,0.025911012063626
FUT7,0.0409843486623991,236,0.021974582419548,0.122778101973716
UTP4,0.0362792163814308,222,0.0456471730342006,0.183385695187773
ZMYM3,0.0187449537695368,194,0.305805133478326,0.505330615115311
SAMD4B,0.0307701883476768,184,0.131013114718272,0.318286615460131
TLCD5,0.0112103793308491,200,0.525894447894014,0.689002333955166
BORCS5,0.0247715362622197,91,0.526173251166395,0.689084064458119
CDPF1,0.0117596026622311,202,0.500431360164401,0.669414326546981
HCLS1,0.0211421069626283,221,0.199188295117418,0.401578043065484
EXOC3L1,0.0481249884454847,262,0.00568987828297006,0.060665313375381
ZMYM4,0.0196846827800708,222,0.22603680377476,0.428828967083005
SUPT6H,NA,NA,NA,NA
NSUN3,0.0123441283982096,228,0.423151515638656,0.608818086666733
BVES,0.00360471755920406,210,0.860580841332375,0.915863810944628
PFAS,0.0601845269415745,268,0.00109749890774097,0.026224664332062
SNX14,0.0163361897928595,191,0.375885164550239,0.569408987908563
SAMD12,0.0412661319425386,184,0.0562447788618503,0.203967398514956
EPN2,0.087728844686011,222,0.000227258145390756,0.0115564999221551
ARHGAP33,0.0405435699391509,240,0.021394511369325,0.121156800351194
LINS1,0.030604325423377,279,0.0366005812301254,0.161968381704961
NEUROG1,0.0113871331133523,190,0.541431092827071,0.700884201811082
SKA3,0.0200791790895333,253,0.167459354216399,0.363468166396599
WDR75,0.00207475196726782,249,0.915685954889036,0.950087919734605
PINX1,0.0379445684404551,234,0.0314801002379946,0.149731012969201
COPG1,NA,NA,NA,NA
SH2D3C,0.0367888307237206,256,0.0246299036930837,0.130320263646449
IMP3,NA,NA,NA,NA
TLN1,0.0534738753637108,192,0.0168357456340165,0.106471559220616
LPCAT4,0.0109099487856687,218,0.499720884269518,0.668955768557555
HNRNPA0,0.101640656262505,50,0.173238570315549,0.370524492459572
CENPBD1,NA,NA,NA,NA
DBF4B,0.0418916372178767,176,0.0620625342747941,0.21561059370534
GPR88,NA,NA,NA,NA
TNIP1,0.000982825109165983,239,0.971937463741745,0.982584183061983
TRIM41,NA,NA,NA,NA
RHOT2,0.00531507504649433,252,0.721055881303047,0.824983257300801
STX19,0.0188256101687274,203,0.283563719541741,0.484087772134676
EDC3,NA,NA,NA,NA
PRSS50,0.012791877315676,171,0.536964894873747,0.698120140987346
FAM71F1,0.0338958668426224,232,0.0496601252172122,0.190388728105483
SERTM1,0.048882105744801,94,0.208220569935021,0.41165743227141
RNASEH1,0.0214207163929786,245,0.155933080821616,0.349786489506415
CALML3,NA,NA,NA,NA
RFFL,0.0122353651812284,218,0.447916021436565,0.627713297647016
CHDH,0.0980071008307802,246,2.48393994901136e-05,0.00355454597647288
SPAST,0.0252592758980622,179,0.212633856614255,0.416503352482182
IFT22,NA,NA,NA,NA
FZD2,0.0353415823584629,59,0.562132713161859,0.715431421487902
CLEC1A,0.044170598366491,223,0.0202904534257112,0.117945784952012
ARSJ,0.00999369668728276,226,0.522442775401102,0.686257883974341
PLEKHF2,0.0274049232158983,81,0.533448097628897,0.695181116795395
PLXDC1,0.0167516120698055,227,0.285534633524294,0.485704294667938
OR11H4,0.0400250208117781,176,0.0717583411557798,0.232252664030499
TNIP2,0.0311062937189636,227,0.0709469884596735,0.231490620053351
OR2A4,NA,NA,NA,NA
GCSH,NA,NA,NA,NA
ZNF354C,0.0190075057449107,205,0.274995838562571,0.478070843561686
ODF3L2,0.00451801130854369,214,0.810364345407509,0.884311567398684
TUBB3,0.0453604366647843,22,0.812726625456404,0.885902627679969
AQP6,0.02780504495276,225,0.101014759234373,0.277987029734006
CDC42,NA,NA,NA,NA
MRPL1,0.0270711811128553,233,0.0987322204211063,0.274673123478202
LDLRAD3,0.00806491636336755,178,0.699103716725149,0.811666173393516
NCAPD2,0.045426727777598,276,0.0058735287493922,0.0620275805574287
PDS5B,0.0270076042724397,178,0.188606213283124,0.389380569358708
RPUSD2,0.0140927901264244,241,0.336355399737998,0.533942711088514
ELMOD3,0.0279285479351215,232,0.0915951921662811,0.26454244373469
TSC22D3,NA,NA,NA,NA
DLGAP1,NA,NA,NA,NA
DIPK2A,0.033104103821016,64,0.55483988949304,0.710123689336082
CD200,0.033233685154156,208,0.0758435888523381,0.238917622464353
ARPC2,0.101226314280501,28,0.434629807968134,0.618383809513321
LSM10,NA,NA,NA,NA
ITGA11,0.0237987710841816,259,0.104990263107638,0.282995976918281
MDH2,NA,NA,NA,NA
HEPHL1,0.0288337283122164,252,0.0647077525178406,0.21970619463269
SNAP47,0.00526742961477516,225,0.757828030951619,0.849413445863846
TCIM,NA,NA,NA,NA
METAP1D,0.065738575650799,203,0.00407013884717643,0.0506411245044326
TFE3,0.00327901099731247,173,0.904624259096324,0.943287822704566
ING3,NA,NA,NA,NA
ROCK2,0.0229891558576615,209,0.188494493149432,0.389268176119885
SLC41A3,0.0446837956004233,205,0.0277940919527905,0.139915239174206
OR4K5,NA,NA,NA,NA
YOD1,0.0521722969461038,204,0.0141562835118326,0.0980896293427869
LYSMD3,0.0125981445745915,206,0.460544699354102,0.638178358282433
TRIM55,0.0150302658208377,247,0.296042417069732,0.49597424675087
OS9,0.00701521911742067,242,0.639010545082532,0.769810660439947
PPP2R2A,NA,NA,NA,NA
KCND3,NA,NA,NA,NA
SMCO3,0.00446376580057754,183,0.846497588177686,0.907185567404158
EXOSC4,NA,NA,NA,NA
ZFP91,0.0556685726829199,197,0.0122167700479201,0.0917410279070226
TDRD6,0.0367052113374376,273,0.0187041948265153,0.112313354696133
RPS4X,0.199253312744167,41,0.0466330265190849,0.185425609037485
SCAMP4,0.00690177135701987,180,0.74452296362935,0.839777622249465
LCN15,0.0179900846879761,173,0.377314066262426,0.570605643733334
NDUFAF4,0.0239540085848641,211,0.169588803324075,0.366268102278348
LARP4B,0.00409365109377419,245,0.801530013443982,0.878132150642801
CYP8B1,0.0307076714943214,229,0.0718547844982966,0.232328645689339
CSH1,0.0161727870386169,90,0.696330808937311,0.809166896224962
AURKB,0.0121643175781559,180,0.536411027937401,0.697613688533722
PDIA5,0.00501561281514729,228,0.767778462482665,0.856029633036787
KCNG2,NA,NA,NA,NA
PRKAG1,NA,NA,NA,NA
CLK4,NA,NA,NA,NA
MCM9,0.0353745530048984,265,0.0251086257246843,0.131598130547152
UNCX,0.00729029498781655,188,0.714163001260228,0.820234465150173
LNX2,0.0288709046610242,230,0.0853697914197147,0.254988195009729
SLC12A4,0.0160404470102784,221,0.317033398758467,0.515872922778566
CCNG2,0.0630242796886171,175,0.0119099205987549,0.0901811823696448
OR2AE1,NA,NA,NA,NA
C11orf42,0.00426015286765976,216,0.821581238504282,0.891662433199023
ICOS,0.0233579723880146,219,0.165180403636527,0.36100957376148
CCDC89,0.0284371101886738,250,0.0693652649241625,0.22883481738929
SIGLECL1,0.0109701838039067,172,0.598558815687686,0.741632948399491
CLU,0.118093147494418,226,7.24172032848698e-06,0.00215247547354065
USF3,0.0373627280155388,272,0.0175305297028723,0.108683813177856
PDCD6-AHRR,0.0536254343163361,233,0.00601522870747205,0.0625948633539189
UGDH,NA,NA,NA,NA
TMEM107,NA,NA,NA,NA
LRRC31,0.0397729671911271,211,0.0392647060553131,0.168862165959996
CALR,0.0731896922015064,186,0.00360295545623647,0.0475023195555152
TTC9C,NA,NA,NA,NA
ABHD1,0.0123575726141786,207,0.467095790569001,0.643064030062415
AACS,0.0219131258193298,250,0.141271689959081,0.33239169468296
SLC9A9,0.0163460038872495,225,0.300411615159958,0.500528824002777
CCDC184,NA,NA,NA,NA
PANK2,0.022563124615346,209,0.195697007194951,0.39777800740413
STK25,NA,NA,NA,NA
HNRNPH2,0.0666408188585606,31,0.572567664354135,0.723362937527454
MBLAC2,NA,NA,NA,NA
FBN1,0.0448673993185636,241,0.0130478148446945,0.0943651163327821
DEF6,0.0406356196072178,205,0.0403895634318129,0.171753415648604
IL20RA,0.0105350912360912,263,0.430094697256693,0.614434780062955
SHMT1,0.00863152738425679,214,0.606589647366879,0.74686057123594
GPM6B,0.0596783910533914,99,0.119219143772229,0.302050803261166
BIN1,0.0562965646368909,198,0.0112468376741884,0.0870758204367559
CCZ1B,NA,NA,NA,NA
EFCAB11,0.0213600938068378,205,0.225362477049293,0.428198792734566
PUS10,0.0259728589369416,234,0.109122958005485,0.287741199411564
RHOJ,NA,NA,NA,NA
APBA3,0.0335622221514737,242,0.0442177404435975,0.18076225981727
AP3S1,NA,NA,NA,NA
OXTR,0.023680934669832,206,0.182759605021558,0.382581579479712
CABP1,NA,NA,NA,NA
GRB2,NA,NA,NA,NA
ALX1,NA,NA,NA,NA
PNMA1,NA,NA,NA,NA
LLGL1,0.0225279416943053,247,0.136155450298964,0.325464679993921
RAD23A,NA,NA,NA,NA
TRIM25,0.00774795726026337,248,0.590500694865005,0.737053463894941
TRIT1,0.0314458764238226,242,0.0555764765545004,0.202699400980281
SLC7A8,0.0225935909379186,228,0.162608918516784,0.35850001896533
MAP11,NA,NA,NA,NA
GADD45GIP1,0.0308648163942773,211,0.0903905310016678,0.262894223073131
LYPLA1,NA,NA,NA,NA
PLAG1,NA,NA,NA,NA
RBM44,0.0310845096070462,247,0.0539043705516103,0.199676384300507
FOXR1,0.0130350284878527,223,0.408294389616992,0.596995384868015
ZBED2,NA,NA,NA,NA
NSD3,0.0714788802373005,249,0.000500767903432591,0.0181186932332883
OR52N2,NA,NA,NA,NA
MVB12A,0.0240415273444126,179,0.23283248235557,0.435761130827411
SGF29,0.0871639888438306,23,0.589682353459059,0.736325223264564
DAND5,0.0109055437485691,186,0.568777181991815,0.719787975938768
DNAJA2,0.0302981213043581,88,0.451224207256724,0.63059727652401
PARL,0.0344851386103849,174,0.113279671712583,0.293562955583652
LRCH2,0.00382151255075134,216,0.844287884804537,0.906189996702392
MSRA,0.00382896698886106,209,0.850321901898126,0.909523787904134
HOXA3,0.0396053772721132,181,0.0678987745689284,0.22631740196542
TOLLIP,NA,NA,NA,NA
EGR3,0.0359769892771305,70,0.478477968725643,0.653466813461962
PVRIG,0.068451260266956,195,0.00406946939022436,0.0506411245044326
PER1,0.0135032488973091,262,0.317617974528724,0.516494193513513
SLC2A4,0.018136850149079,214,0.276625785064409,0.47933414946671
SPOCK2,0.0122771502657756,202,0.481155393314921,0.655751213403834
LRRN4CL,0.00841683874321575,241,0.568257495576476,0.719487768531862
PXMP2,0.0173989729263989,208,0.307823611455556,0.507246341066637
MTG1,0.00757794430072457,237,0.617463595980031,0.755356484334038
PRSS8,0.042072454212294,253,0.0140830245080624,0.09801012204381
MRPS24,0.00263906874332227,194,0.916834655837842,0.950359909966894
SLURP2,NA,NA,NA,NA
CERS5,0.0237484152088386,194,0.204966936425892,0.408175205852335
FRMD8,0.0385126191446844,231,0.0312410438281285,0.149132658993645
TTC39C,0.008518213934044,187,0.662934941426111,0.786579039873575
SIX5,0.0305219299394104,212,0.0920538814955791,0.264948753610779
S100Z,NA,NA,NA,NA
MAB21L2,NA,NA,NA,NA
PSMG2,0.0201723504091852,204,0.251388225882125,0.454654990746201
TMEM11,0.113513304535931,82,0.0268126690172394,0.137133676401829
CAPZA3,0.0277598419587371,181,0.172033699778403,0.369231749305315
PROM2,0.0141125481610063,274,0.277812532258728,0.480214496586205
CPNE1,0.0202571208490466,230,0.200231964485692,0.40255000784369
FBXO46,0.0184141821765129,190,0.323328703149015,0.52079352008421
TUBB6,0.0130539216535967,75,0.80948052535651,0.883649950367748
CDHR3,0.0292828791106382,262,0.0539998721197041,0.19975090656885
SLC35C2,0.00796817982234299,206,0.651823210968233,0.779129086334248
RRH,0.00195527702478538,238,0.926855328649554,0.956305804032184
IL1RAP,0.0662121820185312,240,0.00123178174415829,0.0275711288112479
HADHB,0.0477819102090193,217,0.0160264330239574,0.103979954657729
FJX1,0.00163183456271011,200,0.955311291981913,0.97272502515843
TACC1,0.0564164583727535,269,0.00171723418925941,0.0322921406868323
OR2D3,NA,NA,NA,NA
ATG4C,0.0128411301970812,196,0.474564947273144,0.649828961237583
SLC25A5,0.0170707735322977,65,0.778877789921802,0.86334095147468
MAGEF1,0.0175613816497141,98,0.63616616110973,0.767618401505781
RECQL5,0.00821960814266603,267,0.534628995694354,0.696291531768412
TTC27,0.0170878894250537,257,0.223761537501367,0.426748568675863
L3MBTL4,0.00589259353967803,187,0.778034378274466,0.862776190409305
CA8,0.0118019792556457,74,0.834696664514371,0.899663979462836
CC2D1A,0.0210245843413384,263,0.138134617098117,0.327857339426316
LASP1,NA,NA,NA,NA
GANC,0.00453570395633111,259,0.760157298536739,0.851258538131004
RNF168,0.0872116417888202,238,0.000123314521253453,0.00853550947110856
MICU3,0.0132430344075965,197,0.45825534665492,0.636390807436164
CRAT,0.00137232523573541,243,0.953881960032176,0.971891251437583
MAMSTR,0.0190221190136546,223,0.238378104170145,0.441084343267611
GINS3,NA,NA,NA,NA
EDEM3,0.0239988136266478,213,0.165483383672265,0.361075274019183
GRHPR,0.0487224367894323,223,0.0127613608408845,0.093503259850341
GREM2,NA,NA,NA,NA
OVCH1,NA,NA,NA,NA
MYO1D,0.00236340994031173,214,0.918142423826556,0.951177002959943
PKD2L1,0.0107377032869217,251,0.44288045431544,0.624036892051136
C3orf22,NA,NA,NA,NA
ALOXE3,0.00921405541402717,250,0.51361379382947,0.679483253164239
SAMD9L,0.0351757148371074,192,0.0814302349054233,0.249002514227004
RORC,0.0441262711234934,223,0.020381931802635,0.118207779343515
PPFIBP1,0.0080957852327054,240,0.586029322479852,0.734030375506121
BBS1,0.0382527598273667,224,0.0362326869563758,0.160792276274222
GLTP,0.0697125361997145,96,0.0849474496687297,0.254471693509469
HTR3C,NA,NA,NA,NA
ANKRD23,0.0145037877809386,203,0.402581257422226,0.592319914800589
SLBP,0.150868333240335,181,5.45946263430451e-06,0.0020919959970226
NDUFV2,NA,NA,NA,NA
BOK,NA,NA,NA,NA
WASHC5,0.00992775796769422,201,0.575410934819769,0.72565933912908
TMC8,0.0222206381775664,245,0.143389174995114,0.335550645046467
SYCN,0.0132685890446928,200,0.450442362961359,0.630070917501845
ZNF366,0.00999130823273356,258,0.463168588626861,0.640124348165197
CD276,0.00531197834450971,85,0.930540354174817,0.958537847846204
SLCO3A1,NA,NA,NA,NA
PEX7,0.0160479083497713,196,0.372109870334492,0.565806030155217
MBIP,0.0105493715444775,208,0.535162155991483,0.696700932097263
MET,0.0146607533005126,265,0.275798534576768,0.478672428685404
CXCR2,0.0249243649558616,197,0.18040084859964,0.379805266851537
EML4,0.0108818193403354,233,0.470864926011564,0.646639605098477
SFTPC,0.0161608753813639,218,0.319867027680979,0.517837354079693
MEOX1,0.00474823235324668,196,0.819172186139662,0.889957942734346
FKRP,0.00313211462822259,203,0.888910296969942,0.934651504421426
SLC25A42,0.0322951620850838,174,0.133523031433064,0.32174765707627
A2M,0.0629785052622168,266,0.000818709495261259,0.0229494700642564
PABPC1,0.0114469981238275,40,0.930492008749425,0.958537847846204
FIBIN,NA,NA,NA,NA
MAP6D1,0.000513741161942967,194,0.991938987215949,0.99522096590376
CA5B,0.0682018378118453,205,0.00302575060402492,0.0440410967918416
ORAI3,0.00561584033063795,190,0.786400975909218,0.868279395680954
B3GNT3,0.00809838388794206,190,0.675227336575919,0.794876575270445
AVL9,0.00235491583080558,217,0.916984368242824,0.950359909966894
SHOC1,0.0184581162545036,275,0.167633101129374,0.363484049035232
LRRC75B,0.0236672354958553,175,0.248990721327568,0.452319783595245
PAQR4,NA,NA,NA,NA
SYT9,NA,NA,NA,NA
C3orf38,0.00879658236410393,227,0.574895333052972,0.725440103216354
CYC1,0.00659515988512924,190,0.741878166001147,0.837974723433317
SWAP70,0.0212512812634313,191,0.257417257176897,0.460976685518132
ALS2CL,0.00604357660018552,253,0.676976504986732,0.795966785482343
INTS3,NA,NA,NA,NA
CTXN1,0.0579680482119508,40,0.520081085770176,0.684352800443544
GEMIN4,0.0050559748497581,258,0.729278991925234,0.829442511266278
TALDO1,0.0494745210737163,183,0.029232936462241,0.143696147546478
SLC25A20,0.0100408106806838,179,0.617710280614999,0.755521485961896
NADSYN1,0.0419060886473413,230,0.0223266732402781,0.12379299538014
WFIKKN1,0.0273066389515626,233,0.0963958983165344,0.271150519835784
C14orf119,NA,NA,NA,NA
MLXIP,0.035096000752544,249,0.033499480258878,0.15541726808822
PSAPL1,NA,NA,NA,NA
ZBTB34,NA,NA,NA,NA
KLHL11,NA,NA,NA,NA
DNAJB8,0.00966409775466443,197,0.594661359076649,0.739646076937013
TRO,NA,NA,NA,NA
TMEM39A,NA,NA,NA,NA
F2R,0.021952427958365,245,0.147484743244516,0.339729732313647
DIS3L,0.0069034820040765,238,0.651226685692264,0.778876174460439
SHISA3,NA,NA,NA,NA
LURAP1L,0.0526463209466267,186,0.0209146914363122,0.119770463189241
TAC1,NA,NA,NA,NA
DCTPP1,0.0025320811831861,184,0.926861747403085,0.956305804032184
ZNF771,0.0153916802924422,87,0.723516787148666,0.826505498351907
SERINC4,0.00994021530045855,208,0.560533054325645,0.714353753209714
LRRN1,0.015529296105068,189,0.404202729137844,0.593788458945287
P3H2,0.0206310746405225,234,0.186484286435689,0.387070383318928
CHST13,0.0227989017999387,205,0.19921247456719,0.401578043065484
ETV4,0.0209789771634141,204,0.234847050839921,0.437730431654797
STK17A,NA,NA,NA,NA
ELL3,0.0497280628686297,251,0.00604069837162068,0.0626167641074086
IL17RA,0.0248578158511281,265,0.0872313861246324,0.257648175715055
ZDHHC22,NA,NA,NA,NA
UBE2O,0.0234706137642707,245,0.125683882320071,0.311105762367005
WDTC1,NA,NA,NA,NA
KARS1,0.00135257628992639,236,0.956636112312922,0.973840422541554
SHISA2,NA,NA,NA,NA
CCDC93,0.00565576017160015,233,0.726253214867256,0.828468603024719
PCK1,0.0116472119555705,248,0.411002955805231,0.598702616989241
RUFY1,0.014534776847992,223,0.357972702727916,0.55188722212114
OSBPL1A,0.0296098428213288,236,0.0732384131459847,0.23469208365065
SCD5,NA,NA,NA,NA
NT5DC1,0.0591065178336486,203,0.00759324916696879,0.07043526685398
FARP1,0.0255826103539517,254,0.0907573411818223,0.263119849144477
ANKDD1A,0.00873259037497855,215,0.600084418033383,0.742584060248073
HTR1F,0.0185772380239204,194,0.309852891315381,0.508607607139154
PKM,NA,NA,NA,NA
TMCO5A,0.105361110010846,229,2.4713225000288e-05,0.00355454597647288
PRR15,NA,NA,NA,NA
RBBP6,0.0288844335539481,250,0.0660168780747911,0.222431470677391
FUBP3,0.0278958446948183,191,0.151088733173935,0.343434964430348
OR4C3,NA,NA,NA,NA
GATD1,NA,NA,NA,NA
MACIR,NA,NA,NA,NA
RABGGTB,NA,NA,NA,NA
C2orf69,0.0221984268849316,221,0.180517525373537,0.379805266851537
HROB,0.0365393532425533,273,0.0190944240302476,0.113688816230064
IFT88,0.0293387596361338,206,0.110909520401463,0.290232113738791
OR4S1,NA,NA,NA,NA
CNGB3,0.0345289502404075,245,0.0379971381369317,0.165246498553255
ARL4D,NA,NA,NA,NA
OR4X1,NA,NA,NA,NA
OR2G2,NA,NA,NA,NA
CLIP4,0.00161738233633261,247,0.940680901962339,0.963916000272938
METRNL,0.012261821027195,206,0.472825077304778,0.648422545984026
PRTFDC1,NA,NA,NA,NA
ZNF48,0.0414819535298351,190,0.0494348122209813,0.190040330245938
FGF8,0.10867380167137,95,0.0168216442974089,0.106471559220616
PITPNM2,0.0249629559638675,255,0.0961657148024707,0.271026011003378
ATRIP,0.0282709316872878,250,0.0706505642857776,0.231074881033298
RNPS1,0.00481291417665897,50,0.971607307289754,0.982484372024002
FOXL1,NA,NA,NA,NA
KBTBD11,NA,NA,NA,NA
ASPRV1,0.00709852767764454,230,0.653607607713816,0.780266942111425
RRS1,0.00488780869957327,202,0.805498542369479,0.880597778123982
AGPAT4,0.00940139223708094,200,0.5996340541777,0.742170973178541
HYAL1,0.0295993224054839,262,0.0520406710514626,0.19491359112122
PHF23,0.0111788253032915,171,0.59333405009356,0.73861572247382
PAGR1,0.0467567614278112,192,0.0302287734465796,0.146275250060415
OLFML3,0.0318974908193098,198,0.0985899129751366,0.274397100448282
EZH2,NA,NA,NA,NA
IQCK,0.0158694577167879,235,0.294114749327867,0.493863367223701
AMIGO3,0.00726565930928347,257,0.60196421326137,0.743676712022759
SLC26A10,0.00438884296089396,238,0.791536713198511,0.871758178769997
GLIPR1L2,0.0170671358233478,219,0.293253480033902,0.493509027710329
CIDEA,0.0120070426129447,209,0.475749413506446,0.651100852183333
CCDC65,0.0279584468153632,250,0.0731301090832872,0.234638895735686
SLC16A8,0.0610199029807608,216,0.00438563094176264,0.0527563713769287
TMEM270,0.0720044497938805,223,0.0011420489466061,0.0267315148840143
MBOAT4,0.0635877232991147,226,0.00251542300146694,0.039551144872448
KDF1,0.0528486089156043,207,0.0123539303417927,0.0923354793621316
POLE,0.0620238091656923,274,0.000729696009953234,0.0216947085802189
RAB39A,0.0136713120192559,90,0.748990610412594,0.843233245009679
PACS1,0.021474058417242,204,0.225195253132391,0.427944903595067
CHORDC1,NA,NA,NA,NA
PIANP,NA,NA,NA,NA
ZNF236,0.0785409955792762,264,0.000124075680343409,0.00854177224245223
ZNRF1,NA,NA,NA,NA
NQO1,0.0467075884360279,196,0.027889158058825,0.140151656742959
FAIM2,NA,NA,NA,NA
ITFG1,0.0109473124473293,226,0.481988386776724,0.656324611781071
IL15,0.0181189048676262,221,0.262962584120482,0.466122682165409
RBMX,0.0260177840861649,59,0.68018744440078,0.798420948561137
OR6S1,0.0108436202637463,188,0.566665671221126,0.718611736513903
GLS,0.0246059554642675,197,0.185244622507586,0.385502534682453
MUC20,0.176066786398524,211,4.65997510404773e-08,0.000136154852608164
PELI3,NA,NA,NA,NA
LRIG3,0.00655506521315561,258,0.640351434678007,0.770562463879804
MAGOHB,0.0522656355989688,27,0.715194895248621,0.820679537425573
ARL14,0.00595802369739205,192,0.767913755231586,0.856105531042496
BLOC1S4,0.0724417417093746,173,0.00596264154520213,0.0625909781187261
KIF1C,0.0527142504049653,225,0.00807069303103806,0.0728572688024797
NFATC2IP,0.00821422854088365,209,0.63503249438689,0.76690440437241
DAB2,0.0346295046340781,253,0.0331551198546017,0.154288951369018
AAR2,0.00896690811051195,192,0.634118552809,0.766519506834564
SSR4,NA,NA,NA,NA
B3GNTL1,0.0181574530799724,200,0.306357920474487,0.505804313606828
SMCHD1,0.053687770839468,250,0.00390427986445672,0.0495761798142779
RNF144A,NA,NA,NA,NA
CLPTM1L,0.0197953887886297,201,0.265917033272164,0.468999988891552
PCSK7,0.014683551873592,252,0.297479572430429,0.497858059720623
CRTAP,0.017889422485431,189,0.338941246030081,0.535575264717551
SPTBN5,0.0753103559156068,231,0.000606923383267793,0.0197037574511581
RCN2,0.0051165087730188,193,0.805517865653928,0.880597778123982
ZEB1,0.0279897009859264,248,0.0747079772127847,0.237040557494277
IRX5,0.0279826648991705,178,0.175276340919671,0.373172764619347
PITPNB,0.0193980294337007,83,0.661514354729755,0.785496795456295
GCFC2,0.0473686110290855,256,0.00711739542532141,0.0687193696806863
PRPF31,0.0528431143453199,66,0.329316991277788,0.526246072887566
ENPP4,0.010689380735195,219,0.506743945176452,0.674317300780199
TOP3A,0.0112083933919307,261,0.405046710792141,0.594287993546404
HCCS,0.0240377189335111,213,0.164901270199535,0.360873003913946
DNAAF4,0.0234834708655756,223,0.15682614325979,0.351087671041779
RPLP2,0.0494607186889615,99,0.183337845343635,0.383288049621886
HACL1,0.0150075157321789,249,0.293106419202804,0.493391931663614
TMTC2,0.00161826108076567,203,0.954894594103126,0.972494649779952
OR6T1,NA,NA,NA,NA
OR51V1,NA,NA,NA,NA
NCBP2,NA,NA,NA,NA
D2HGDH,0.0322443366871127,220,0.06996287583322,0.229888335039187
NUDC,NA,NA,NA,NA
SGPP2,0.00279191917316711,242,0.879569961680859,0.928872556547879
ATG16L2,0.0299078893001042,256,0.0543953933328295,0.200573170088858
DSCAML1,0.0135293875827729,222,0.393170377386519,0.583737237867529
HIGD1A,NA,NA,NA,NA
SENP3,0.0157260602610374,198,0.376755866742521,0.570012202284716
FTMT,0.0397620433582217,217,0.0352915167827846,0.158577768878154
ME2,0.00318257365364261,225,0.87016645192225,0.92215343082724
CYBRD1,0.107000967119339,233,1.68038436802779e-05,0.00324263262290939
YBX1,0.288196211273134,38,0.0136933412496548,0.0964683661091151
SEPTIN1,0.00684577361841593,212,0.695147354821346,0.808381730369309
RNF151,0.015797068543325,224,0.317823964712317,0.516625480816734
TCP1,NA,NA,NA,NA
GCC1,0.00532834508390241,245,0.729105483500679,0.829442511266278
AMER3,0.0109069735390717,249,0.439390237963447,0.621965250865008
DUOX1,0.0154473568982945,257,0.266416842473252,0.469461877039785
RAB8B,0.0398982350156494,45,0.624661261600598,0.760145789006805
SFXN1,0.00162798233301555,170,0.964636097008066,0.978231175371823
DNAJC4,0.0195699009946953,221,0.230321020376414,0.432969522585093
SLC25A41,0.0490882794449754,209,0.0168600685003987,0.106565673658103
OR52E2,NA,NA,NA,NA
FBXO39,0.0207919479119099,209,0.228467425784784,0.431355063345408
PINK1,0.00383391726512716,257,0.80573244316901,0.880690730878863
PLD6,NA,NA,NA,NA
FKBP10,0.00796699653176143,224,0.620031429340987,0.756927004274153
TTLL11,0.0220381098199056,241,0.151808220003918,0.344455636908943
CATSPER2,NA,NA,NA,NA
IP6K1,NA,NA,NA,NA
GLDC,0.00751120557387017,254,0.593347934428177,0.73861572247382
PHYHIP,0.160440172475746,45,0.0700294062313225,0.229928981119393
CASKIN2,0.0207775010279675,245,0.166763208349517,0.362625272586555
GJD4,0.00925315885891423,246,0.518867667020158,0.683546076093099
GPR137C,0.00358727974722054,180,0.886725105650221,0.933641777906847
STXBP5,0.0133059433062956,200,0.449156856291624,0.628967753901059
B3GNT8,0.0300976065572461,243,0.0633867316864162,0.217601624003165
STAB1,0.0399946586757392,290,0.00905941831821797,0.0775482570660429
C14orf39,0.0238796334701907,258,0.105128799706985,0.283249501389498
PHETA2,0.00841633993317629,234,0.5805391196555,0.729386811690345
MAT2B,NA,NA,NA,NA
TPPP2,0.0320287392227322,191,0.107525612624904,0.285900617251469
SPACA4,0.00664846595670905,195,0.731556011380641,0.830546952244139
CA13,0.0112146917272095,179,0.573192640498515,0.723865291957272
SPAG5,0.0460867616002635,275,0.00551478574094103,0.0595222976242584
P2RY11,0.0102001020647875,231,0.503761410527451,0.672506327285265
ULK1,0.0408677020769277,244,0.0191631603785851,0.113914707271646
BHLHE22,0.00923691294926046,188,0.630880932386771,0.764282274791012
TMEM108,0.0658908842025795,222,0.00223203750896384,0.0372419537158017
BPTF,0.0260100052442407,256,0.0845790544250409,0.25403343311664
VARS2,0.0134715027599204,262,0.318684872118108,0.517040832012258
GLYR1,0.0450457700961395,95,0.237249926455427,0.440083755219388
ABRAXAS1,0.047067567588375,231,0.0127076357722412,0.093503259850341
ATAD5,0.0866874025439444,273,3.05817243852974e-05,0.00400974537854572
COQ7,0.00919734341362052,217,0.575187126630519,0.725520772978736
CD151,0.00522638482020554,186,0.809264994121195,0.883490396462158
TM6SF1,0.0590658112974405,188,0.0114833908160727,0.0882634070208219
ROGDI,NA,NA,NA,NA
EHD3,NA,NA,NA,NA
PPP2R1A,NA,NA,NA,NA
NIPSNAP2,NA,NA,NA,NA
TRIM72,0.0624898537670732,212,0.00425242974790809,0.0519759551529342
TSPYL5,0.0648149525068103,204,0.00430822158852217,0.0523793932183251
FAM133A,NA,NA,NA,NA
NPEPPS,NA,NA,NA,NA
RPP25,NA,NA,NA,NA
RPL10A,NA,NA,NA,NA
SMC1A,0.220637726244344,33,0.0699971092887331,0.229928981119393
MYPOP,0.0210491587267715,187,0.270774087584091,0.473510748245364
GPR62,0.0372338452246877,198,0.0619512041052789,0.215400091587451
UBA6,0.0266297489084741,252,0.0826792635431611,0.250536069589745
SSNA1,0.00772772426978283,80,0.894026734743964,0.937825380797323
WDR33,0.0544921478890039,178,0.0218367009515666,0.122408548996106
RPRML,NA,NA,NA,NA
ZADH2,0.00705596304588841,233,0.651033450457152,0.778866382710488
PNKP,0.0317919226662563,245,0.05130476517275,0.193606811114724
EEA1,0.00682888356128077,259,0.623271348257236,0.759107190533056
SERTAD3,NA,NA,NA,NA
ZBTB7A,0.0338088768365379,190,0.0941081049296052,0.267782629735943
PRMT9,0.0196267179613637,256,0.171445045993983,0.368436939536523
KCTD2,NA,NA,NA,NA
FAM124A,0.02060627155503,260,0.148717899524874,0.340966906993482
COL12A1,0.0594592514529595,273,0.00104507147479341,0.0256800943435699
INPP1,0.00747508265477616,240,0.617867316287662,0.755632623414602
SF3B2,NA,NA,NA,NA
DDX10,0.0160433284353814,257,0.250129906799621,0.45340940691716
WNT11,NA,NA,NA,NA
PLEKHD1,0.0210999638155899,179,0.289070122950021,0.489248782178268
MMP19,0.0245380041874452,252,0.104123855566028,0.281614233274354
MFAP3,0.0213970283043759,214,0.207212559087127,0.410819743248795
SH2B1,0.00465791619873197,218,0.798646485913774,0.876415020546831
RUVBL1,0.0234442100983403,59,0.714992727130418,0.820574318317778
SUZ12,NA,NA,NA,NA
EPM2AIP1,0.094156816740505,187,0.000554169949273132,0.0191271232356168
NCL,0.0765655438230228,244,0.000329868833600419,0.0139112896183276
ZNF660,NA,NA,NA,NA
ZYX,0.00820470894258197,238,0.584002094974694,0.731927837197176
PLEC,0.0951380164574774,215,0.000142972068859111,0.00939257773465644
MYLPF,0.0602463032161223,71,0.238941370646328,0.44161330671189
E2F7,0.0107918315663324,264,0.417241654909826,0.603588109601493
KCNH5,NA,NA,NA,NA
NAPG,NA,NA,NA,NA
ZNF335,0.0464863999624951,255,0.00807236331863979,0.0728572688024797
AMBN,0.02973413378327,249,0.0608840961897604,0.213190536325848
ABITRAM,0.0323894485615317,182,0.118495439038154,0.300808832288206
HIC1,0.00174339327362082,183,0.956743114490948,0.973871507845006
BANK1,0.0456439778922959,265,0.00721379551045022,0.0693919181428202
UACA,0.0503885122224478,267,0.00384078737774619,0.04911271891865
FOXJ1,0.0191895920163589,196,0.290708477387871,0.490717451028751
RPS15A,NA,NA,NA,NA
WDR45,NA,NA,NA,NA
RRP7A,0.0252212323036155,211,0.151332340366151,0.343840854818806
ZNRF2,NA,NA,NA,NA
DYRK1B,NA,NA,NA,NA
GPR4,NA,NA,NA,NA
LRRC61,0.0168141395866942,224,0.289808728324392,0.4899779588397
TSPEAR,0.0257904653420282,218,0.132977652764038,0.321184029130056
ATP11B,0.0189610507180288,235,0.217989485881867,0.421165688275644
SLC35A4,0.0244779929864328,200,0.181481262707861,0.380844515051462
GCAT,0.0297022343334056,233,0.0754570520345003,0.238437675749802
TMEM102,0.00492953931519495,258,0.737009598073264,0.834582932431857
PRR7,NA,NA,NA,NA
TYMS,0.0521204250660993,203,0.0145699724919124,0.0991786048407251
MOB4,NA,NA,NA,NA
CLDN22,0.0469413729908997,182,0.0367930800023824,0.162202776541545
GH1,NA,NA,NA,NA
RPL7A,0.108676060781324,56,0.112725597190979,0.292984467524348
SLC17A8,0.0128298496165993,226,0.409423101537544,0.597858361612372
ANKZF1,0.0268314356753074,262,0.071802063769743,0.232276119931787
PIPOX,0.0543277581629207,257,0.00303322645041714,0.0440492269926028
NR2C2,NA,NA,NA,NA
SPHK1,0.00291656534290614,259,0.860797531178487,0.915863810944628
LRRC57,NA,NA,NA,NA
CPT1C,0.0632190973262381,247,0.00140089759256358,0.0294419665658248
MTMR4,0.0395071459618763,258,0.0173066950628566,0.108101063423513
SENP5,0.0226873522270269,225,0.165892582164331,0.361357026092393
POGLUT3,0.010309178374861,214,0.532765269573589,0.694716747546762
DIRAS1,0.123546851158791,66,0.0453846260080087,0.182915670746539
ACSS1,0.0464297338535812,225,0.0154529792982399,0.101969180073081
RAP2B,0.143970315398887,21,0.236998100181994,0.439741611175239
PLEKHO2,0.0124996075746576,186,0.510144328378057,0.677144154895564
MRPS31,0.0374214830895717,245,0.0276009162033519,0.139438821406541
ELMOD2,0.00340014684324457,183,0.892109222043651,0.936832375655338
WIPF2,0.0179524033217183,201,0.309215292041531,0.50841144371465
PPM1M,0.0292567014135018,223,0.0898603858909571,0.262072645108204
WDR97,0.0112453241772842,243,0.43660815564526,0.61983667930104
METAP2,NA,NA,NA,NA
SPEM1,0.0103837599327403,239,0.480493796511914,0.655340436107918
NUCB2,0.0163383801410961,203,0.347593546159766,0.543250877885727
DEGS1,0.0102331686433261,192,0.58189650901618,0.730205096355368
ZNF513,0.0267045614804819,170,0.211127352787872,0.41431709785922
ARMC10,0.0193080871094591,229,0.221177419323728,0.424489995856992
HSF5,0.046002092927918,189,0.0343500631093135,0.157223463083431
COG4,0.00869666396679502,215,0.601732976616222,0.743676712022759
GYS1,0.0555607155878871,182,0.0180920068603161,0.110510693532792
TRIM73,0.0303924492717089,181,0.140405201881029,0.33123561521466
CPN2,0.0613715618170926,263,0.00109228735695969,0.026224664332062
TSFM,0.00713476154862449,230,0.651736804560629,0.779129086334248
SNRNP200,NA,NA,NA,NA
HTR1A,0.0272616686310253,204,0.136612121419895,0.326188972329169
CD37,0.0294899932249785,227,0.083387189101867,0.251782655382024
ANAPC2,0.0166381000062077,212,0.319384884296291,0.517543150623935
MRE11,0.02943840167169,246,0.0654270826690776,0.221263761251559
STXBP6,0.0333823766941249,46,0.68176106088798,0.799089717602551
CSTF3,0.059139060144123,73,0.234917551138881,0.437769458567967
ENO3,NA,NA,NA,NA
ST8SIA3,0.0444237926575589,99,0.225732949923215,0.428499655120046
SERPINF2,0.00291378495220472,264,0.857503404934586,0.914332618776791
ZNF687,0.0232980672266892,255,0.115683221871001,0.296327738083078
CAPN6,NA,NA,NA,NA
PLXND1,0.0165954326214409,243,0.25973143019756,0.462269325427114
MAP1S,0.035642038330177,213,0.0561340852579539,0.203724290418904
RNF31,0.0106880743500888,254,0.439533909316742,0.621965250865008
DNMBP,0.054936220164952,270,0.00201668362821133,0.0350770904780903
NLRP12,0.0343580791214011,191,0.0885634043916526,0.259536014342404
ZCCHC10,NA,NA,NA,NA
B3GNT4,0.0785410231291723,191,0.0018838292904697,0.0340318437495349
SLC25A36,NA,NA,NA,NA
GRK3,0.0226135979882554,203,0.206309073102126,0.409722806023496
CRLF3,0.00563324798636231,183,0.795142242432521,0.8739908172625
CNDP2,0.00522891039968626,219,0.767451235158488,0.855889573640849
CIITA,0.0379022598281759,265,0.0185135355093288,0.111801037575539
LGALS9B,0.0233992552673459,199,0.20072493651594,0.402998998844551
EDNRA,0.0217446798196093,190,0.249854955493426,0.45310447289823
MYEF2,NA,NA,NA,NA
FARS2,0.013349944134269,233,0.376882219087,0.570135638709115
FAM71C,NA,NA,NA,NA
DCUN1D3,NA,NA,NA,NA
RNF227,0.0191875464562443,211,0.25830853949673,0.461182437607593
FBXL16,NA,NA,NA,NA
PRMT5,NA,NA,NA,NA
PPIE,NA,NA,NA,NA
SLC34A1,0.0136917514939801,236,0.359282321200186,0.552794095583903
DTX2,0.00498979835526607,222,0.776411365982125,0.861634800213086
ACTL9,0.0194131354035436,205,0.265785279735547,0.468968284890889
RCHY1,NA,NA,NA,NA
SYNE4,0.00692288773880771,223,0.67378472608731,0.7938318474975
MTURN,0.0494051665942905,57,0.42901284210198,0.613577490961349
HSPA5,NA,NA,NA,NA
COQ8B,0.0220608297478419,241,0.151453228903595,0.343956548380204
PSEN1,0.0447493572165927,178,0.0476807095901871,0.187473178423035
EEF1AKMT4,0.0116193790344844,228,0.450936044727742,0.630455192487853
ANO5,0.0764550603979287,251,0.000258982786308471,0.0119798882365505
MBOAT1,0.0255086343742474,237,0.110639406090367,0.290058352401587
C12orf40,0.0660462895969491,233,0.00156062045746208,0.0308758664768675
CACNB2,0.0436961735960968,208,0.0286971249432402,0.142339604147473
SLC6A18,0.0529986862524814,236,0.00597732618176631,0.0625948633539189
NLRC3,0.0271614143232273,258,0.0725224386970976,0.233730054968875
CD19,0.0168693209895851,264,0.21801274598832,0.421165688275644
FAM187B,0.0952968363594473,233,6.19156926313598e-05,0.00584930232214707
SAV1,NA,NA,NA,NA
RNF40,0.0157431457534909,226,0.315329029786939,0.514019009774281
TRPM8,0.0247251795955696,220,0.143823376290638,0.33603641908596
IQUB,0.060082165598497,261,0.00135576626959266,0.0288955738008793
SCN4B,0.0202669503428707,200,0.257909573480594,0.461182437607593
MC5R,0.0103054534522505,199,0.564047624928539,0.716477848382332
TAF7L,0.0692913378630277,233,0.00109422775735415,0.026224664332062
CREG2,0.00860396390162792,181,0.671073762997321,0.792397130125522
CAMKK2,0.0269323505888026,237,0.0955163645832271,0.270217088881521
MRPS33,NA,NA,NA,NA
MED14,0.0072066066150316,210,0.680844545425601,0.798643054914848
VPS37A,0.0060487625998244,199,0.753566795578124,0.84604852276498
ARID1A,0.00462904111729673,224,0.793442736076898,0.872876106648991
PRPF3,NA,NA,NA,NA
YARS2,0.0104186677172729,215,0.526142649071253,0.689084064458119
METTL1,0.0375162486857565,192,0.0668026126504597,0.223835326155289
NUPR1,0.0109366341206463,172,0.599786660052168,0.742287717658576
GRHL1,0.0470509042078981,202,0.0237907225749461,0.128177631228476
CHCHD5,NA,NA,NA,NA
LIMS2,NA,NA,NA,NA
VPS37D,NA,NA,NA,NA
DYNC1I1,NA,NA,NA,NA
AQP10,0.0612287144596868,176,0.0133710032781717,0.0956165624653538
CRMP1,0.0134349706737794,181,0.490238152267435,0.662388405185451
AHCYL2,NA,NA,NA,NA
NKX2-6,0.00859128470453067,229,0.580999093829781,0.72952819274535
MTSS1,0.047545895930781,214,0.0175146571917517,0.108654005842255
PCM1,0.00623789762821744,250,0.670038978938884,0.791583932677151
SLITRK5,0.0158928915680162,207,0.35128682118795,0.54609139385902
HMGCS1,0.026439133146415,182,0.188196121162144,0.388849091356436
ODF3,NA,NA,NA,NA
VIPR1,0.0408645544856799,220,0.0299721118916483,0.145752125640333
ZBTB2,0.0156929846153956,173,0.440364392829211,0.622472908665131
ENTHD1,0.0157057139529969,250,0.271267232461234,0.474062451470858
CHMP6,NA,NA,NA,NA
C14orf28,NA,NA,NA,NA
ANGPT2,0.0461324444548426,206,0.0237915969514851,0.128177631228476
RIC8A,0.0308978616076511,217,0.0830495178809801,0.251299277674546
CEP295,0.00508829301937663,261,0.723689255534619,0.826594425921993
CFAP410,0.0300657885797261,230,0.0756527608008636,0.23855250348101
WDFY4,0.0141065633909657,282,0.265383905871895,0.468523624228508
FBXW5,0.0451602006726049,215,0.0216463851851313,0.121956878225946
CDK20,NA,NA,NA,NA
HMGB3,0.0743990267135133,89,0.0878228345272905,0.258555621946272
TCTEX1D2,0.00303034455522207,188,0.904017283354427,0.943039079433367
LMNB2,0.00838284387869823,236,0.578663233149466,0.728085356145714
ZNF580,0.0858475019390889,93,0.0481680959056838,0.187683908370361
ZNF784,0.0150829516475943,201,0.389074339989433,0.581355404075217
C5orf22,0.012470611918862,236,0.402450502520538,0.592213703073549
DIS3L2,0.0273822446315448,257,0.0715843344725012,0.23192523119862
SOX2,NA,NA,NA,NA
SLC47A2,NA,NA,NA,NA
HASPIN,0.0232588990244521,238,0.137901274109092,0.327501116466388
ZNF579,0.0358215415129055,170,0.109019947583764,0.287707843436971
SCNN1D,NA,NA,NA,NA
PGR,0.0236046618488123,244,0.125188803628895,0.3101954480579
HNRNPM,NA,NA,NA,NA
MSC,0.0106752323347154,175,0.60250498680446,0.743953887515761
CEP57,0.0443585044636459,221,0.020731048795319,0.119344361012098
CTNNAL1,0.00523169860386936,235,0.747202012883888,0.841485970120188
PGA3,0.0601038283825174,184,0.0117312809724579,0.0893063923880594
SHQ1,0.00520726457857689,254,0.724996489297694,0.827379506065899
P2RY13,0.0331379097274649,257,0.0370111227988221,0.16287963371313
MARVELD2,0.0294598406088466,252,0.0603342216362968,0.212504603639346
PPM1A,0.0491114850858867,193,0.0240943526943959,0.128881006264522
CABP4,0.0239677890191971,233,0.135062917373899,0.32394751707608
YLPM1,0.0166723233407539,254,0.23885618645324,0.441519940590488
OR52K2,NA,NA,NA,NA
KIAA0319L,0.0325225188796199,266,0.0348181510043863,0.158034202135375
PRKRA,NA,NA,NA,NA
TUBD1,0.0275193874208177,231,0.0966363812242813,0.271391609982899
BBX,0.00565817943503812,233,0.72612012977666,0.828439126832889
MRPS11,0.00548845987967605,210,0.765720677885433,0.855082731569388
DMRTA1,0.0308459158756801,226,0.0738241384133486,0.235940834838747
RMI1,0.0265536095762173,247,0.0884016974855464,0.259339991892492
SNX22,0.0123788918050626,213,0.453240999360499,0.631907757838568
ASB4,NA,NA,NA,NA
FLNC,0.0057172564149828,243,0.709389071635318,0.817109452504966
RPRM,0.0705444285507728,64,0.217312826811038,0.420686451172728
NEU4,0.0127220813838704,198,0.474162621349772,0.649417694968351
MEIOB,0.0451582384868955,230,0.0158774768713506,0.103500185549404
CCZ1,NA,NA,NA,NA
VENTX,NA,NA,NA,NA
KLHL38,0.01745348673842,248,0.229779910601289,0.432271335512263
OAZ2,0.0584011373925753,69,0.264582407929317,0.467592271411341
UPB1,0.0178674583864446,202,0.309105015745548,0.508337781952654
NIM1K,0.0271935487045665,210,0.128068744378486,0.313967120843537
MAF,NA,NA,NA,NA
KIF15,0.0372264230348833,262,0.0211401755304265,0.120465895103137
C11orf16,0.0521851973508853,252,0.00442839586583174,0.0529081142094118
FAXDC2,0.0135580533891739,234,0.367750325513071,0.560918340806524
EFCAB12,0.0691422628498259,241,0.000856405810743734,0.023388884541483
RNF185,0.125621707329548,49,0.110167341362596,0.289476224384985
GHRHR,0.0107215621381098,229,0.485401749722552,0.658894521204683
HSD11B2,0.00315245964321361,234,0.865055272211769,0.91814793302448
GTPBP6,NA,NA,NA,NA
NFKBIZ,0.0450494457253452,256,0.0093613043905394,0.0786967476685873
TRAF7,NA,NA,NA,NA
PORCN,NA,NA,NA,NA
ABCF1,0.00442395648837054,229,0.799156000334199,0.876682785993467
SCMH1,0.0427338426027139,211,0.0296371370679657,0.144953370851617
AHCTF1,0.0330990655833122,278,0.0271332055200282,0.138172133347892
SLC37A3,0.0334871469963934,209,0.0730111823432484,0.23440141626509
OR10A7,NA,NA,NA,NA
THOC6,NA,NA,NA,NA
TLK2,NA,NA,NA,NA
VGLL2,0.0211697794921282,175,0.297725883316463,0.498084295056246
LIN28A,NA,NA,NA,NA
PIBF1,0.023224547551949,246,0.127705205691056,0.313623891184205
PTPRCAP,0.0160043509183023,236,0.288452540375103,0.488658094468916
ACOT4,0.0128987449777672,197,0.470224502442613,0.646038755459452
CCR8,0.0144813000856426,213,0.380952604889574,0.57402509013588
SGSH,0.0144382605102825,250,0.308632440996361,0.507902297447255
RWDD4,NA,NA,NA,NA
SLC36A4,0.017670130784224,220,0.275875632972836,0.478685566967581
RIIAD1,0.0324194627263729,81,0.458620204610964,0.636689222359411
ITM2C,NA,NA,NA,NA
ARL6IP6,0.00109137944530412,222,0.970680044416143,0.98209255208802
IFT80,0.00805689986770215,197,0.664126062714231,0.787185624451228
C3orf80,NA,NA,NA,NA
SSH1,0.000819591879419391,240,0.978251256718817,0.986539552266281
VNN2,NA,NA,NA,NA
B3GNT5,0.0227689697315841,210,0.190342178126665,0.39150484183159
TNFRSF12A,NA,NA,NA,NA
C4orf17,0.0222598068346908,228,0.167958817712897,0.363912228416729
VSIG2,0.0278344866782518,241,0.0828176242601408,0.250776836643636
ZBTB33,0.0108801505159662,208,0.521741629050173,0.685677575852131
TNNI3K,0.0897481290986234,198,0.000511911007534977,0.0183342813484033
ZNF609,0.0274206687602512,212,0.122511583427353,0.306261503742696
TMEM150B,0.02381184484928,239,0.12897220945955,0.315336928331126
ERICH3,0.00659810424779824,221,0.69348918041784,0.807116714045656
PTPMT1,0.0271243853332538,205,0.136656017653794,0.326210122527658
RIT2,NA,NA,NA,NA
AATK,0.0176499253644435,240,0.238832885246994,0.441519940590488
ATP13A2,0.0276485855266422,266,0.0621776680458193,0.215768954542886
HARBI1,0.00541016816204098,180,0.808892722710178,0.883159684220902
IMPDH2,NA,NA,NA,NA
ZNF518B,0.0277097723301861,244,0.0808958887909983,0.248023601261953
APOLD1,0.0303461155574473,200,0.109734018445335,0.288814312651331
ACAP2,NA,NA,NA,NA
YME1L1,0.0460905177896401,217,0.0189477643542554,0.113188896255064
CHRNA3,0.06190018484471,229,0.00275499369329377,0.041612810023336
EDDM3A,NA,NA,NA,NA
KLK15,0.0482073088825954,184,0.0317544404930524,0.150511557171387
DCBLD2,0.00688159277940888,245,0.641588367975526,0.771352908364347
STK11,0.0192445949276257,177,0.335709682781983,0.533531484641998
GSX2,0.0171996364458997,175,0.392746384023309,0.583429667748289
NDUFAF3,0.0111999297365991,208,0.509007894938028,0.676182290703732
FLII,0.0149444464814252,241,0.309694414873515,0.508591343550973
TMEM86B,0.0275815854240155,241,0.0850639793142672,0.254559983204911
NOC2L,0.00663216591851373,261,0.631530965148349,0.764706063142173
CLRN1,0.0419271586873915,181,0.0563658450989996,0.204190320618982
CARM1,NA,NA,NA,NA
MARCO,0.0356117804805668,239,0.0371400542567603,0.163221439273326
NR2F1,0.138204707170224,28,0.291951767102904,0.492071011318205
PAK2,0.036437676872173,99,0.311683348460473,0.510100118991594
TIMM22,NA,NA,NA,NA
ZSCAN2,0.0239581517998032,214,0.164402425092166,0.360569878762498
CETN1,NA,NA,NA,NA
RUSF1,0.0187522503699327,260,0.182585776871148,0.38238309443946
ATP10B,0.0341840234527696,274,0.0251846919981124,0.131888255463799
GBA,0.0354033483353591,247,0.0334174686518711,0.155160364837853
TMEM151A,NA,NA,NA,NA
KHDRBS1,0.00942001073348685,83,0.85604680943225,0.91347606854475
EXOSC3,0.00602719373450895,191,0.766183319253577,0.855232613901015
CDCA8,0.0309989448623916,205,0.096877152181018,0.271657045850297
SEPHS1,NA,NA,NA,NA
SMAD3,NA,NA,NA,NA
XKR4,0.00452802357842037,178,0.849117747368601,0.908693692167592
IL36B,0.0195199697561894,172,0.342400372765939,0.538637740556695
C11orf87,0.0238523921706041,189,0.213699485556141,0.417148097610689
PRR14L,0.0994260038251085,239,2.93662724975331e-05,0.00392407522420294
BOLA3,NA,NA,NA,NA
ADI1,NA,NA,NA,NA
MIPOL1,0.0206790759463033,239,0.177627304007905,0.376416196979148
KPNA7,0.00926085223510473,220,0.566589486698937,0.718611736513903
SP1,NA,NA,NA,NA
SLC25A18,0.0342467112950255,190,0.090748243688451,0.263119849144477
FANCF,0.0151141340640585,216,0.354727876566028,0.549031541636335
TNFAIP8L1,NA,NA,NA,NA
DNAH8,0.00231515990240041,276,0.887988894608606,0.934284060199812
UBALD2,NA,NA,NA,NA
TOB2,0.0128787064657907,203,0.457226864922003,0.6354728427658
DZIP1L,0.0498307799122603,237,0.00825194632623913,0.0734502358036195
IFNLR1,0.0208071991330128,245,0.166247961774081,0.361690133439477
TNFAIP8L3,0.0174331590405629,188,0.353248709148119,0.54794613689301
CCDC60,0.00349416238721348,265,0.820004861428701,0.890634650789351
ATP11C,0.0140071603751,231,0.358697658303922,0.55266332739344
MC2R,0.0676672889483405,192,0.00480286314853908,0.055069049708463
EYA2,0.0563742038372104,222,0.00596619405120395,0.0625909781187261
FUT10,0.0313363859349538,233,0.0637709815984168,0.218076796773613
SERHL2,0.0524312005255851,195,0.0171619867014001,0.107642022222589
RNF123,0.0337279079211617,247,0.0402551123926569,0.17146793024511
BTNL9,0.0187304750559899,233,0.226495137557782,0.429070663682272
SIX6,0.0233411493581973,88,0.566063437872698,0.718137657609989
CFD,0.0264138520817941,202,0.150507546789289,0.342786859068023
PLB1,0.03236932528315,265,0.0359857295553697,0.160093507489314
NDUFA12,NA,NA,NA,NA
GAS6,0.013755890490127,245,0.339864553798319,0.536105394745527
GRIK1,0.0160675073726742,181,0.40855394801175,0.597193054272655
FAAP100,0.0304063030047229,273,0.0407396244815041,0.172722988480838
YAF2,0.0569482150018939,94,0.151350197606305,0.343840854818806
FFAR3,0.0191704164283707,243,0.200201542296176,0.40255000784369
C16orf72,0.236487683777206,42,0.0213351678155,0.121156800351194
ZNF704,0.0559752096772767,184,0.0166060386564052,0.105959172509007
FBLN1,0.0405908617350713,219,0.0313700954988093,0.149396744845368
KCNK12,NA,NA,NA,NA
CXorf38,0.0106624258319363,220,0.505835499718264,0.673791881925516
TUBB,NA,NA,NA,NA
AFMID,0.0096839477578627,238,0.513461107321053,0.67936678427222
PHF7,0.0309214994619135,228,0.0712889348139723,0.231734526235516
OTOL1,0.0182942111760807,243,0.218876611517586,0.422237583200239
OR6X1,NA,NA,NA,NA
ZAR1,0.0561385070364466,174,0.0211801404251783,0.120590345391918
GRID1,0.0585909840376092,174,0.0174428461980181,0.108518964900785
DDX53,NA,NA,NA,NA
RIPOR3,0.0700340063963543,260,0.000411785530795709,0.0160874249086323
IGDCC3,0.0315011160239398,257,0.0447016303823402,0.181372253873071
RAB11B,NA,NA,NA,NA
SLC24A3,NA,NA,NA,NA
KLHL15,0.0253514604442633,84,0.551069358804801,0.707787349106288
ZKSCAN2,0.0423016422822053,239,0.0179985911904139,0.110259767869702
SPSB1,0.00331200232782188,87,0.962855427479993,0.977351160263754
TASOR2,0.0893236605201111,280,1.60367024021693e-05,0.00322905591451168
DNMT3B,0.070836428307549,226,0.00116755292521493,0.026841072302414
LGALS9C,0.0206951689142815,212,0.224494822403595,0.427698737192548
KRT36,0.00455704182994986,242,0.777497262019322,0.862486292925536
DENND5A,0.0425685771534598,179,0.0556075155981052,0.202714413332977
PLPBP,0.0160079745674718,215,0.330526328848919,0.527715096429715
ZNF662,NA,NA,NA,NA
LIN9,NA,NA,NA,NA
OR5BS1P,0.0059008496414619,178,0.790497997032778,0.870764788981963
KCNA4,0.0370201843679137,186,0.0768786443658332,0.240571600649447
CEP120,0.00976589105545315,262,0.466518973803468,0.642729127810753
ODF4,0.0192456284957624,193,0.296318465306959,0.496371428929295
PAPPA,0.0205010089673571,260,0.15047024626528,0.342763200936256
PHKG2,0.00725297565758171,189,0.714098387387141,0.820234465150173
LRRC14B,0.0330659554831865,213,0.0715802739920926,0.23192523119862
ST6GALNAC3,NA,NA,NA,NA
COL4A5,0.0140033694931933,254,0.315246679470179,0.513961184090633
SLC9A7,0.0166194962237565,185,0.382770798061321,0.575489184760829
ENPP7,0.00157835629226672,232,0.947454127768595,0.967589741652146
OR6C76,NA,NA,NA,NA
COL7A1,0.0164352470537356,273,0.214946939807191,0.418268025268814
POU3F2,0.132740452227748,57,0.0592928841215856,0.210290774762605
PTRHD1,0.0113716520419328,181,0.562730255410569,0.715691285491213
RNF135,0.0423735921394052,198,0.03934846389345,0.169019236474529
CATSPERZ,0.0177741359580642,219,0.275309038906001,0.478158450771421
KCNH8,0.00110497141836946,242,0.966237049297576,0.978919342920526
COA3,0.00658495940974383,171,0.772382636291275,0.859507667610806
C1QTNF8,NA,NA,NA,NA
IZUMO1R,0.0123086950724096,230,0.420432253085958,0.606061212852744
TTC7B,0.025062771694591,188,0.196226302156217,0.398332512633341
BRICD5,0.0219649811806198,242,0.151520788982313,0.344048630500755
HSD17B13,0.0243611903099773,181,0.222778942836597,0.425619381965164
NRROS,0.0608459116855817,234,0.0026737401883863,0.0411296781286377
TRMT12,0.00904316882898448,223,0.570834217729003,0.72167407157004
IP6K2,NA,NA,NA,NA
ZNF26,0.0132888505185071,177,0.505121492928053,0.673424822980392
PRSS55,0.124247900840429,234,2.29452982063491e-06,0.00144238407652246
KCNJ15,0.0156267901814338,185,0.411249005516016,0.598793299123279
TAF9,NA,NA,NA,NA
RHD,0.0554452742079899,247,0.00343921945207427,0.0465580040791079
SIRT7,0.0214850701357626,190,0.254986080000747,0.458492547633702
ARSI,0.00789110048963058,187,0.689734594166534,0.804585069729344
CCDC34,0.0414000376809576,227,0.0249090339524955,0.131207886121442
PPP2R5C,0.0221231352105469,181,0.263396511055675,0.466567171739232
VMO1,0.0368342233756042,219,0.0453985894495768,0.182915670746539
NXPH3,NA,NA,NA,NA
DHX34,0.0790921884125389,246,0.000228396833921041,0.0115564999221551
OTOP3,0.00624106928103943,267,0.645835125050727,0.774661532552841
PAWR,0.0319086592032136,186,0.116420881051568,0.29761869551842
SH2D7,0.0761720527951181,235,0.000478123970642087,0.0178066889207733
FES,0.00907370173379622,237,0.543584050105816,0.70240644061493
CLEC4G,0.0570512859105553,206,0.00850242796910341,0.0745703771293356
CAPN12,0.00515720192664689,250,0.732901811534394,0.831328983477191
KLHL22,0.0423142533346689,175,0.061193774835999,0.21381726099075
HCAR2,0.0550824642687762,218,0.00754627749816867,0.0702599495302907
OR4F6,NA,NA,NA,NA
TMIGD1,0.0598250455177295,245,0.00219520879184786,0.0369328654860956
GKN2,0.0432264427437076,221,0.0232271487678768,0.126694460196972
GIMAP6,0.0129422720099341,182,0.504418266009947,0.673085441739622
CDYL,0.0484786809932679,213,0.0163489039225267,0.105214573197221
MCF2L2,0.0120221878858202,228,0.435315351713448,0.618938721284182
FOXK1,0.0120085895374802,180,0.541956170580859,0.701458718345306
SHMT2,0.00988034624214322,215,0.549006233129835,0.706512794768295
SYNGR1,NA,NA,NA,NA
SDR42E1,0.0287581033499382,233,0.083124946596294,0.251467771935962
GALNT9,0.0375579191891348,200,0.0582296065091979,0.208202449438544
P2RX7,0.0126739411684142,252,0.364528470635469,0.558076043035621
OAF,0.00282894169863221,230,0.885401222725334,0.932402015266235
ZGPAT,0.0111954143497546,251,0.423688671747367,0.609216208206126
GALR2,0.0129190237659631,204,0.453547889826378,0.632128028543308
NFAM1,0.0176014332736333,231,0.256292469585449,0.459738153892996
NFXL1,0.029684678101907,244,0.0653989153156665,0.221249539194925
TPO,0.0104366114965786,246,0.465083279384704,0.641990097436528
SPNS2,0.055292836553908,184,0.0175845212274849,0.10886756865931
SULT1C3,NA,NA,NA,NA
BCAN,0.0190450548713178,265,0.169765931259687,0.36653409175331
HGS,0.0115598320970436,241,0.427738177603737,0.612519194783925
CRIP2,NA,NA,NA,NA
PLEKHH1,0.0120478804849263,272,0.352547211733565,0.547577847738848
SPPL2C,0.026242589482394,242,0.0968482976354489,0.271657045850297
NKX2-5,NA,NA,NA,NA
FAM181B,0.011602721276384,219,0.470002479346145,0.645834088346976
CCDC137,0.010013461995988,239,0.496768859191231,0.666334722554978
RBM10,0.0151455633241149,170,0.464616212219392,0.64172563483637
EEF1G,NA,NA,NA,NA
PRSS57,0.0254296007029574,217,0.139070266687997,0.32908318225714
GRPEL2,NA,NA,NA,NA
NOP56,0.00618582416214276,210,0.730834641119835,0.830460512074359
BLZF1,0.00427736263258001,225,0.811381945762704,0.885042862387273
PGBD2,NA,NA,NA,NA
OLFML1,0.0106381820086151,214,0.519078681289595,0.683588675928474
TPM2,NA,NA,NA,NA
GPR39,0.0201219796714778,250,0.171039160664371,0.368221120609229
PDLIM1,0.0139497037560773,181,0.473316021827708,0.648676730226804
GAST,0.00269620645560473,209,0.905342206206919,0.943641183415457
PMCH,0.00735895661221762,171,0.740794756762683,0.837325585278744
MARCKSL1,NA,NA,NA,NA
HNRNPH1,0.121318420116102,95,0.00973066285801706,0.0800062764103972
C10orf120,0.00937736791106704,258,0.491778893231781,0.663273957873553
LMNTD2,0.00441269623577303,212,0.817922007773821,0.889282456121511
CARMIL1,0.0165509809606918,262,0.22893741352616,0.431387320412661
NPY2R,0.00991301025405894,190,0.59905996271198,0.741893007108108
ADAT3,0.0270171451639536,216,0.121298245617761,0.304677789543696
MAPK8IP2,0.0607611108548328,223,0.00369011667568984,0.0479211404703757
C19orf71,0.0135315177791599,244,0.349294119733411,0.544576388580293
RGPD6,0.0217169259076815,242,0.155457540069796,0.349265582231773
GNB1L,0.0171192407591861,230,0.270199212721013,0.473105012582982
SNN,0.0778990152531764,57,0.224902394085648,0.427944903595067
IL20RB,0.0122962772119061,240,0.401155966779076,0.590923246923238
CSF1,0.0153294037472599,272,0.245280553257816,0.448126972642598
FAM166C,0.0170127904503884,233,0.267247930687273,0.470126088840459
PEX26,0.020405738828818,250,0.165959054867055,0.361377025642452
PDE4B,0.00968334383265671,173,0.64462310645497,0.773789515663155
ACSM2B,0.00228835063824946,175,0.940619648925918,0.963916000272938
MEX3B,NA,NA,NA,NA
IRX3,0.0112589711017032,194,0.537289776446076,0.698328665457416
FAM43A,0.0429414086148425,200,0.0359883567793582,0.160093507489314
FREM3,NA,NA,NA,NA
MFSD6L,0.0271658013303843,239,0.0910346456774793,0.263563820720249
ALDH1A3,0.0159852002072967,193,0.381084729624999,0.57402509013588
LPAR5,0.00259999131452217,233,0.89569987906239,0.938460085319439
CNGA2,0.0253226704815184,212,0.148331073292753,0.340693336241029
CALHM1,0.0357593063393097,230,0.0422652058877749,0.176327833053721
GDF3,0.0426218400731734,207,0.0323620737061932,0.152258356380523
LRRC36,0.0282986356240062,251,0.0695558285564645,0.22914150581218
MOB2,0.0700801391476051,183,0.00519853617056135,0.0574924711929785
B4GALNT4,0.0192891694439481,212,0.254002376511052,0.457240179115867
SIVA1,0.0064947418626988,204,0.724760796866169,0.827184649958556
GTF3C6,0.00875624848481092,171,0.684912663771527,0.800899251658907
ADRA2C,NA,NA,NA,NA
IDH2,0.0383339342717664,183,0.0726416945064075,0.233804554266769
HOXB2,0.0046391807268299,232,0.783921733320735,0.867120652733445
CEND1,0.000820563874824998,202,0.983041239820095,0.989880868939653
RXFP3,0.0376725177239443,203,0.0548021437098279,0.201198919889633
EIF4ENIF1,0.00840060367094753,231,0.586610304703355,0.73407004413765
MRPL54,0.00983915681387553,204,0.572957146388577,0.723639648592316
SKA2,NA,NA,NA,NA
ZNF696,NA,NA,NA,NA
TRAPPC6B,0.0561732385261797,34,0.395795175279536,0.585804456985494
SLX1B,0.0229437326432914,230,0.154107678133785,0.347554021379261
ZDHHC23,0.0034136640640703,230,0.853832020633633,0.912453105918857
IRF7,0.0267050280921911,189,0.170298884835441,0.367303403431699
DHRS7C,0.00798891659269545,198,0.665341200565997,0.787932949237868
PPP1R27,NA,NA,NA,NA
MRTO4,0.0405886441769673,170,0.0765140475989411,0.239960822890333
ACTL10,0.0184917142913719,214,0.268156073534577,0.471002034551975
SMIM10,0.0221836118507734,86,0.596485350712109,0.740547190118903
CTHRC1,0.010940518394906,171,0.601990114881003,0.743676712022759
WDR4,0.0211347262319482,216,0.208401974773416,0.411752407578305
BACE2,0.0283134850075229,207,0.120045941980414,0.302965706308793
ATP6V0A2,0.0878469250214,248,7.53763639584379e-05,0.00639995580916444
ACTRT3,0.0319520838627705,241,0.0533834183416183,0.198798601169255
CREB3L2,0.0206162508799876,207,0.236003363580561,0.438729942864111
C1QTNF12,0.010644762344235,230,0.486664463043077,0.659729494552063
EPHB3,0.0318581656255164,209,0.0848050140888394,0.254356157723717
ATP6V0C,0.0484573087700935,98,0.195099966918746,0.396928658871239
TUBA8,0.0324931859755693,87,0.424420298840085,0.609679328448829
KPNA2,NA,NA,NA,NA
ADAMTSL5,0.0202550523690472,224,0.210789857107416,0.414101437624564
SLC5A2,0.0215688004609286,232,0.173090971607683,0.370315238433639
ZNF397,0.0461229242996797,217,0.0188871570956684,0.112949833880029
DDX41,NA,NA,NA,NA
NOMO2,0.00937927763486835,236,0.531135300156936,0.693230086370028
CD86,0.0656045477436017,235,0.00153964866994721,0.0305912097666891
KRT79,0.027888915617612,244,0.079355390286022,0.245070380863913
CDCA2,0.0408704349312445,266,0.0126776743036717,0.0934922364492593
INTS5,0.0202794004479841,188,0.284789120472218,0.485162418182741
NOC4L,0.0294403426347935,245,0.0662750464128444,0.223113669646399
ZNF470,0.0312122522949077,170,0.152741333713925,0.34561861424519
FBXO21,NA,NA,NA,NA
MAPK11,NA,NA,NA,NA
TLCD2,0.0892884102204431,190,0.000749651448080693,0.0218980753274213
CMTM4,0.00995958234268383,173,0.634036797255253,0.766519506834564
RARB,0.0361709463786951,91,0.353900624403002,0.548264001021363
WDR5B,0.0110737583356384,195,0.542201489549886,0.701590458945255
ZFP41,0.0143669043900599,171,0.485795507249119,0.658972369829032
HHIPL1,0.00233203789453775,221,0.916015538604784,0.950185201145995
MX2,NA,NA,NA,NA
KDELR1,0.0803378638904958,39,0.383549998786031,0.576249108615296
FLRT2,0.00643265140555615,214,0.712545290927181,0.819707056747229
STING1,0.00037387574506657,256,0.992390915162264,0.995517540603859
ALG12,0.018757825723221,248,0.200713893410257,0.402998998844551
RAB11FIP1,0.0952489437229106,269,1.19809658631073e-05,0.00277435602240973
RAB28,NA,NA,NA,NA
TMEM89,0.0404828731218854,211,0.0367098390476667,0.162170138782894
SOCS3,NA,NA,NA,NA
ADSS1,0.0347136261478989,185,0.0942143642169611,0.267957602203487
SULT4A1,0.025657046347139,83,0.551128656353825,0.707792131423043
BEST3,0.0173607027500866,266,0.203491797774989,0.406281789694664
DNAJA1,0.157249958807052,35,0.148113464820114,0.340500557391511
KANK3,0.0301817660351556,234,0.0708737379313957,0.231490620053351
PTTG1IP,0.0323453293749801,189,0.107738889058515,0.286165274462825
SNX20,0.0540996065919812,210,0.0101773854397723,0.0823501785012328
SOX1,0.0758085182941342,78,0.119802188230346,0.302844679237794
CCR4,0.0292149309936876,207,0.110724445979419,0.290062998327781
IL3RA,NA,NA,NA,NA
INPP5J,0.0250724128809483,254,0.0960506375356788,0.270878295287155
PRMT3,0.026686486510716,237,0.0979780431526428,0.273171707003516
REC114,0.0118934865298304,242,0.412696850531024,0.59955147925045
CYP2F1,0.103100586545901,170,0.000578104693498392,0.0193756352010409
KCND2,NA,NA,NA,NA
H2AC21,NA,NA,NA,NA
NPLOC4,0.0126699112383783,171,0.54108862595209,0.700764229515632
PDGFB,0.042291537870812,182,0.0537123421051267,0.19933471612266
CSTF2T,NA,NA,NA,NA
DUT,NA,NA,NA,NA
FBLN7,0.0453092713905896,204,0.0267736264077247,0.137108526710407
CLN8,0.00690721879368767,200,0.711514211125786,0.818890998253044
RTN4RL1,0.00962901587452912,223,0.544335241008391,0.702895024787881
DMTF1,0.021467031928988,198,0.237773902375221,0.440510625574881
ACP7,0.0153167559685215,194,0.398438031417902,0.588007736748367
GLTPD2,0.0114655545291377,224,0.465110131049533,0.641990097436528
MORF4L1,0.0353104359263048,70,0.486891045542337,0.659825958291892
FBXW4,0.0227756128277391,226,0.162903472370808,0.358703081624242
SLC25A21,0.0168746272845157,194,0.35370024651776,0.548156491771252
DDX59,0.027026623560242,255,0.0763354780601726,0.239666114908991
PURA,0.0336853002070399,24,0.855493633920434,0.913368004158827
GLRX5,NA,NA,NA,NA
FILIP1L,0.00368573972978019,249,0.822032716097831,0.891848425949567
IKZF1,0.029535221001935,190,0.133806480795836,0.322025574341603
HS3ST4,NA,NA,NA,NA
CPNE8,NA,NA,NA,NA
H2AC20,NA,NA,NA,NA
RBM43,0.0387521059312862,231,0.0304704598812164,0.147108330950406
OTOP2,0.0114959860034565,236,0.439962812486547,0.622112399226009
CLCNKA,0.0525557969738288,244,0.00515879373095911,0.0573820060764151
TMEM121B,NA,NA,NA,NA
H1-5,NA,NA,NA,NA
DGCR6,NA,NA,NA,NA
TRAIP,0.0142501363654312,248,0.318205293771124,0.516736287029609
DRG1,0.0372244623655912,31,0.773036073613893,0.859708996991489
HOXD1,0.0407410796012571,218,0.0314839551453769,0.149731012969201
SMDT1,0.00819415018178835,171,0.707175089766349,0.815591953569159
P4HB,0.0474181617632318,216,0.0169799986223201,0.107005077908891
H3C13,NA,NA,NA,NA
EFCAB13,0.0390755183125997,177,0.0759134826948473,0.239078663600785
FMNL1,0.0161226969080604,256,0.249695109980111,0.453072648626114
RIMBP3C,0.0589564212070939,217,0.00524718997061572,0.0578098715101746
SLC25A10,0.0514941215375586,205,0.0147283659348386,0.0995317020629024
CROT,0.0165676917805936,257,0.236556495792044,0.439437504435162
PKP3,0.0369253656077454,234,0.0350528523833346,0.158479925394145
SLC6A17,0.00579521702394865,197,0.768424530184031,0.856380148891195
ZNF703,0.0250527730244775,186,0.200580140012681,0.402998998844551
PSMG1,0.0141323875582397,205,0.410017122251671,0.598233253407869
CADM1,NA,NA,NA,NA
BGN,NA,NA,NA,NA
SYNDIG1L,0.0115873863488909,197,0.518074622415393,0.683285651455829
PCARE,0.0192698516739075,290,0.134570156455307,0.323206155285579
SPAG16,0.0129064527205227,256,0.348876936693357,0.544188201558677
TBK1,0.0107702000843907,194,0.556244356173712,0.710992384607427
LIMK2,0.00700012636589879,199,0.708813789153025,0.816964019787595
FAM187A,0.0315321262838563,248,0.0505925801891865,0.192170325466591
RSRC2,NA,NA,NA,NA
SS18L1,0.0192266540188061,172,0.349350163617949,0.544585020685762
SETD3,0.0500224314630256,211,0.0147289764064972,0.0995317020629024
RNLS,0.0706841485649918,236,0.000849695243819535,0.0233226694510465
JAG2,0.0387867576447429,238,0.0268384821612181,0.137133676401829
UPP1,0.0884654101197141,211,0.000334242036997875,0.0139570707646063
SELENOF,NA,NA,NA,NA
ACSM5,0.00369389858139652,183,0.879701552117419,0.928934496954436
SLC35D3,0.00170556452017913,206,0.950437287061795,0.969544997037967
DGKA,0.0362647747900877,232,0.0388272777983408,0.167454025459965
FBXL6,0.00503996006581543,247,0.743468086720375,0.839284661626547
PTCH1,0.0105297170411258,233,0.485699801457325,0.658925907263424
PAXBP1,0.0133549785320772,195,0.459093134684907,0.637160194032671
SOCS1,NA,NA,NA,NA
SRPRA,0.0714279675675411,191,0.00355073568265479,0.0471555470847668
SETD4,0.0247467198557009,252,0.101764905802589,0.278900910710817
KCNH7,0.00368740841136556,235,0.834381558480806,0.899499198308071
ODF3L1,0.0148252093827592,218,0.359352669412451,0.552794095583903
ROBO2,0.0100727712967225,222,0.526829229144401,0.68958208064043
OR10J3,0.0163023076446229,185,0.391683058168934,0.582561652322731
AP2A2,0.0699352746208077,179,0.0059946225003875,0.0625948633539189
C2CD4C,0.0171553529809827,204,0.323034131136895,0.520533885053424
KLHDC3,NA,NA,NA,NA
CSGALNACT1,0.0645124601649431,215,0.00318196989482877,0.0451273086040258
GPRASP2,0.0486831913742121,211,0.0167590190401864,0.106471559220616
PIWIL3,NA,NA,NA,NA
CHST6,0.0564694045080354,206,0.00898521260965702,0.0771129836904258
SNAI3,0.0302374177654452,223,0.081640944145187,0.249306933616775
C6orf120,0.054310516434724,183,0.0195737532889879,0.115573167310408
RGS19,0.027313835247045,174,0.193053632811263,0.394786619698819
NSMCE3,0.0681637724515582,182,0.00631165788946065,0.0644070123714627
EMILIN3,0.0162710097388823,252,0.252532888763591,0.455649242165957
MRGPRG,0.014667853597858,196,0.413680483495901,0.600375631606852
JRKL,0.017034483046187,174,0.399874528627144,0.589308261582424
FIGLA,0.0136128206676193,200,0.438708255240585,0.621782479057684
DDX28,0.00404540182452462,222,0.82686734596524,0.894622437700635
SHC4,0.0422192896781462,251,0.0143935796181103,0.0987170366372005
MARCHF11,0.0232076157923501,190,0.222664712633825,0.425619381965164
CCR10,0.0177184255148809,208,0.299652687201897,0.499721962053603
CYB5D1,0.0288077993756677,208,0.113413701301456,0.293584735726695
SEMA4B,0.0305115038135582,257,0.0500848411527526,0.191268526813031
HEXIM1,0.0200539878034481,213,0.235561431134048,0.438324199993492
HOXB4,0.0852867988137819,97,0.0422908683191282,0.17635277537043
TRIML1,0.010387494989843,223,0.51136787239668,0.678003516976398
PTGDR2,0.0044381991459961,223,0.804813650265139,0.880290849345312
IL1R2,0.0889076610681398,266,3.08538824668248e-05,0.00400974537854572
LAMP1,0.0301637313403754,242,0.0637875087626365,0.218076796773613
GPR173,0.0602311656890754,47,0.428356988498277,0.613003897166646
OSBP2,0.0831648965854365,230,0.000267633931770825,0.012305363736582
TMED9,NA,NA,NA,NA
TRAK2,0.00881321820691826,243,0.545305892662966,0.703649022183945
WDR53,0.022188291767901,210,0.200361075496506,0.402746000240451
TMPRSS11B,NA,NA,NA,NA
MXI1,NA,NA,NA,NA
ANXA2,NA,NA,NA,NA
RLIM,0.0821182949968885,192,0.00131594132668972,0.0284064893842717
TAS2R60,NA,NA,NA,NA
DBX2,0.0476142835126334,218,0.0159427445649527,0.10364818518593
XPOT,NA,NA,NA,NA
URAD,0.0531076346362299,214,0.0101533907376288,0.0822441938757114
SIMC1,0.0272042935041038,186,0.16941147469978,0.366009252209736
KLHDC8B,NA,NA,NA,NA
STAC3,0.0431825384934445,179,0.0529554155021113,0.197783041593809
ASB7,0.133748548199767,41,0.0689088292026999,0.228047465397266
AEN,0.0306542591971312,253,0.0520534824755331,0.19491359112122
C11orf88,0.00209494116302318,224,0.926042092961747,0.955991902079988
NOG,0.041676296554125,51,0.555194067432921,0.710130364895427
ANO9,0.007613452488981,228,0.630670724342973,0.764245703637689
PHF12,0.0251420900625577,186,0.199186350400879,0.401578043065484
NLRP9,NA,NA,NA,NA
COLEC10,0.019500512721717,188,0.302240890285973,0.502131486913926
VSTM4,0.0167077829275813,207,0.328388847971683,0.525374425886074
CYP2U1,0.0294593463720646,216,0.0964542934345258,0.271150519835784
CRADD,0.00606026820410792,183,0.776357449064965,0.861634800213086
SPATA45,0.0349019885001153,187,0.089987646016756,0.262207526946302
FAM43B,NA,NA,NA,NA
RFX6,0.00917894473753393,244,0.525969043074566,0.689029184591408
SLIT3,0.0202828225774917,265,0.147594323173764,0.339823649875164
PRKCH,NA,NA,NA,NA
YIPF7,0.0199922157167727,230,0.205418686330315,0.408632297068722
NR2C1,0.0227571484316224,186,0.239655373849404,0.442162949637261
TNFAIP2,0.0153458684263695,226,0.326932905956351,0.523882422025677
LYG2,0.0310411546340091,188,0.121508610087134,0.304889201509072
DGAT2L6,0.0412205699595944,201,0.0412270292136005,0.17386339207431
NPTXR,0.00946291990354624,190,0.617442432148527,0.755356484334038
TMEM186,0.0247559950545794,230,0.128865936281245,0.315258656257767
MGAT1,0.00393669108611424,191,0.861866720961781,0.916178495799119
LCK,0.0289779566186864,208,0.111686292231196,0.29142319562723
PSMF1,0.0039625800926261,197,0.855039758697314,0.912959956972585
IQCF2,0.0643734333397823,85,0.144285191348208,0.33637492165674
FIGN,NA,NA,NA,NA
MRPL40,0.0472611482389265,196,0.0265536354609387,0.136429277135885
TRIM50,0.00909705922698369,203,0.606785847965354,0.746894360246789
H2AC14,0.0375350140056027,35,0.734794497546114,0.83251870124965
ACAA1,0.0149123192668075,210,0.373983706863842,0.567368253796056
TAS1R1,0.0459488041128529,205,0.0247152642328924,0.130503153097064
COPB2,NA,NA,NA,NA
ZNF804B,0.058364268708373,262,0.00162792453551313,0.0315929890374339
TM2D3,0.00290756551777011,203,0.899327058156654,0.940658946101196
TSEN54,0.0374627714328222,258,0.0220086096229532,0.122778101973716
CCDC172,0.00228612584619762,235,0.911147856900794,0.947528301256513
TSSC4,0.0181944212507928,242,0.222793747074608,0.425619381965164
EFNA5,0.00106590031700581,67,0.995140827356703,0.997330295161519
ANKRD45,0.0377052172711188,229,0.0351611154967003,0.158555856118922
INKA1,0.0245655828152226,220,0.146003365091457,0.338213688214769
OLIG2,NA,NA,NA,NA
SELE,0.0150291339304319,266,0.263336060090333,0.466567171739232
VPS33B,0.0285673492882405,189,0.146582420874454,0.338815555763529
NPB,0.0326017713367585,197,0.0941052352077286,0.267782629735943
RIOX2,0.0113878525092787,241,0.43463416081581,0.618383809513321
FAM83F,0.00969167652837892,241,0.507557854232231,0.67507854582183
ABHD17B,NA,NA,NA,NA
PIF1,0.0109063994141881,252,0.433891082176849,0.61805579047135
TMEM179B,0.0369699930182143,215,0.0478748984276471,0.18754884903271
STAC2,0.0245070974751365,198,0.184841847700235,0.385167829239233
KNTC1,0.0136528118473011,276,0.289220336326812,0.489437975479441
MAFA,NA,NA,NA,NA
UBA7,0.0241674374735168,277,0.0831860977182626,0.251593004165232
ADGRG3,0.00926009226597893,270,0.476926155966052,0.652041934327401
PGP,0.0262767597066923,170,0.217634487812162,0.421024222161887
BSG,0.031791999957902,219,0.0741411538263526,0.236540084617646
SCN5A,0.0059229265254258,242,0.699118869513731,0.811666173393516
GALNT17,NA,NA,NA,NA
PIGA,0.0444009002990596,216,0.0228449823816432,0.125249115631773
TTC32,0.0164402261372293,192,0.37052730310027,0.563938304527371
TUBB2A,NA,NA,NA,NA
POU6F1,0.00522819226173354,215,0.772529742975916,0.859588848924377
HMG20B,NA,NA,NA,NA
MRPL12,0.00917472528752351,208,0.593596108978134,0.738790192899982
ARHGEF37,0.00294479584671399,251,0.864658338771038,0.91807324740208
TCF12,NA,NA,NA,NA
KCTD11,0.0185011146513805,181,0.343461349011199,0.539465287675674
H1-10,NA,NA,NA,NA
TRARG1,0.00832219600450569,204,0.639291694375622,0.770003690142607
MBD3L3,NA,NA,NA,NA
EGFL8,0.0891048373173126,237,0.000103839137859644,0.00764448127040708
TPH2,0.0358786614146762,188,0.0817634424863548,0.249482319958365
CCDC87,0.0251209457104019,236,0.116404658411971,0.29761869551842
CASP9,0.00559231643093949,260,0.694227421063369,0.807779085499732
PCLO,0.0279000164907314,237,0.0863925997730492,0.256502171671321
NME9,0.0101152624642709,242,0.486640957440394,0.659729494552063
CAAP1,0.0180901201977736,201,0.305774308234299,0.505330615115311
BCDIN3D,0.00662906408671945,215,0.70117602963024,0.812425210459492
CISD1,NA,NA,NA,NA
ARHGEF25,0.0213361000155808,242,0.161689648797801,0.357203706346711
ACTL7A,0.0522326866046983,217,0.0102935175174761,0.0829735690522629
OIT3,0.0314400414322042,230,0.065795795345946,0.221933411571413
RGS7BP,NA,NA,NA,NA
F3,0.0256479831956931,251,0.0931985374869178,0.266496760986391
GNAL,0.0146030095907192,187,0.437488090083116,0.620803717962833
RASA3,0.0219649511680018,188,0.250093216708711,0.453407431744078
TAL2,NA,NA,NA,NA
HOMER1,NA,NA,NA,NA
SREK1,0.00206333198096509,193,0.941034655240742,0.964045049444685
TEX38,0.00733812933924847,216,0.664457197544992,0.78750482671999
C2CD3,0.023221454228299,285,0.0859943494428944,0.255953268171232
RFTN1,0.0180224704414805,266,0.18895742573271,0.389789726940687
POLR3C,0.00430051869956527,191,0.845373065311041,0.906667061878014
RGS9BP,0.0814096997569539,195,0.0012500641866609,0.0277366158211031
PPFIA3,NA,NA,NA,NA
EML1,0.0337565669251312,222,0.0585899174132295,0.209195735400867
RPS6KA4,0.0140040844276263,189,0.45177385342758,0.630846088406761
DLST,0.0147455574928964,229,0.339107956554831,0.535575264717551
C1QL4,0.0122482747333,94,0.767647062903033,0.855958062785242
EDARADD,0.0227085252254761,201,0.208600322916349,0.411812770218792
KPNA4,NA,NA,NA,NA
SYNE3,0.00740070748715699,278,0.56209496213638,0.715431421487902
TAS2R42,NA,NA,NA,NA
TRDN,0.0114261024424259,244,0.427375945565419,0.612267721340965
TCP11L1,0.0332215641449887,236,0.0501719464738833,0.191376091480216
SLC51B,0.074305983107194,185,0.0033869053312629,0.0462557595862662
ANGPTL5,0.0661278187212843,194,0.00517899632350504,0.0574924711929785
TPGS2,0.0218776581121346,204,0.217598693051911,0.421024222161887
ADGRA3,0.0139930751073827,257,0.310253070665915,0.508870973342059
PTBP3,0.00486974852980522,180,0.83225493083524,0.898096836978145
ARID2,0.0122129409037679,218,0.448755314831546,0.628612812328923
USP16,0.0047097141538243,250,0.759554622558572,0.850808062700614
MEGF8,0.0215645556296474,257,0.137416062455848,0.326932096287352
TRMT11,0.0202614398924241,200,0.258026544686017,0.461182437607593
DEFB128,0.0302029674057063,192,0.123418483022245,0.307363668316643
TMLHE,NA,NA,NA,NA
PDCD1,0.0542397660733782,204,0.011668305022143,0.0890471909700875
PTPRB,0.0153044379321249,275,0.241321896292702,0.443957418928637
CCDC84,0.00210244434324117,214,0.930195979722568,0.958338132805907
OR10T2,NA,NA,NA,NA
ABCC5,0.0287892637033119,234,0.0818143840981172,0.249552404045616
PDE2A,0.0337038907107642,235,0.0484120130310407,0.187926709243857
TMEM150A,NA,NA,NA,NA
ERCC6L,0.0150916336327373,240,0.307159854837573,0.506602941104809
PDZD8,0.00740370859824925,256,0.595986427436516,0.740266541899401
WDR86,0.0396266094388618,198,0.0501860123740356,0.191376091480216
ZMIZ1,NA,NA,NA,NA
NUDT17,0.0369957356805119,208,0.0536319424062543,0.199199888739007
NDEL1,0.00898914536958377,83,0.864442525507601,0.91792062738576
BTLA,0.0198216937159537,214,0.238466416269872,0.441183654505098
SLX4IP,0.025022622961038,181,0.21192734987056,0.415374996606872
KCNK18,0.0700841085357657,206,0.00244559195535575,0.039129471285692
TMEM212,0.0530198233527716,217,0.00951552161575881,0.0791651768339292
TAC4,NA,NA,NA,NA
COQ6,0.0287428388653807,242,0.0742604940083496,0.236588722770015
FSD2,0.0595061348190117,259,0.00153883766678889,0.0305912097666891
CARMIL2,0.0282618821826194,268,0.0563901719306043,0.204190320618982
ZACN,0.0734536714034397,187,0.0034026579028714,0.0462557595862662
CCKBR,0.0144728359896619,196,0.419857935305499,0.605653037042795
TRIM46,0.039430467429003,177,0.0738427396713887,0.235941076882791
CYP2R1,0.102920249116427,232,2.78385029597887e-05,0.00385381710538988
DHRSX,NA,NA,NA,NA
CHP1,NA,NA,NA,NA
RPS19BP1,0.00333948870049247,202,0.879947470834984,0.929117143803213
TRAPPC11,0.0142627713420672,248,0.317803608826405,0.516625480816734
ENTPD5,0.0860314887349628,225,0.000240289198184271,0.0118617179382747
FAM91A1,0.00121170066980671,215,0.967491311977319,0.979800361748023
SERPINA11,0.00728368709789265,226,0.650617865795544,0.778565173238001
OR13F1,NA,NA,NA,NA
C9orf85,0.0115247569276804,198,0.518219606879388,0.683375948769505
PRELID2,0.010038159513106,189,0.596151028569257,0.740306113480699
BTBD7,0.0338671395521055,237,0.0461639575434489,0.184655830173796
DEFB105A,0.00696428787352472,170,0.758534274796397,0.849814613283507
NEXN,0.0589652481100134,222,0.00456936172598286,0.0539345606507114
FOXD2,NA,NA,NA,NA
BCL9L,0.0271627385911412,244,0.085780469855099,0.255448141768846
STARD10,NA,NA,NA,NA
HPDL,0.0176637408496922,251,0.219912363658283,0.423021859462834
C2orf76,NA,NA,NA,NA
PGAM1,0.0417836025104031,66,0.437526238413504,0.620803717962833
TMPRSS11A,0.0277218531259546,254,0.0714646413070047,0.231891381321277
FSCN2,0.0131648379021393,228,0.393414310549486,0.583855828523582
OR10J5,NA,NA,NA,NA
TMEM216,NA,NA,NA,NA
RAX,0.0370905327848424,182,0.081616455694209,0.249306933616775
RSBN1L,0.0263615634890044,233,0.106106393988826,0.283961133398127
PARVA,0.150027256508524,47,0.0751126431156974,0.237791355386906
EMC10,0.0141393007041948,190,0.444950390777212,0.625389166634245
NAA20,NA,NA,NA,NA
CMTM7,0.0848887365801304,183,0.00146998463279155,0.0300027632744121
LRRC70,NA,NA,NA,NA
C3orf70,NA,NA,NA,NA
BMP2K,0.00818730667286503,253,0.559393191503884,0.713311240968012
OR13C8,0.0168455556659382,198,0.345065780591329,0.541124760267755
KDM4D,NA,NA,NA,NA
RTN4RL2,NA,NA,NA,NA
MARK3,0.0210966961496905,171,0.309723183148661,0.508591343550973
CCIN,0.0227641629168319,186,0.239525981279813,0.442162949637261
GATA4,0.00489435051521079,176,0.83590786863699,0.900078002617578
EXOC7,0.00576191467742278,210,0.751987524986929,0.845041137295167
ANKRD37,0.00761992857221799,180,0.714002319209832,0.820234465150173
CDKN3,NA,NA,NA,NA
CCDC73,0.0387179409862071,269,0.0156231619837972,0.102322543112668
TESC,NA,NA,NA,NA
PES1,0.00631506067935,234,0.68888463106144,0.803961757646706
SLC36A3,0.0246193862781822,202,0.175607554529534,0.373628101317766
SLC36A2,0.0826706092760332,240,0.000190489966229526,0.0106875780171773
INTU,0.0379268921175581,251,0.0235265937246188,0.127449892674073
FOXK2,0.0283456131811135,171,0.185560214100986,0.385781078483539
FAM183A,NA,NA,NA,NA
ATP4B,0.0629575850068297,227,0.0026101665912929,0.0404417052393021
WASF3,0.0203139448197282,201,0.254763390489823,0.458233078253437
UNC5B,0.0143310870465674,244,0.323044898513055,0.520533885053424
TCFL5,0.101544847939838,183,0.000349949982317531,0.01410431321138
TBX10,0.0227821795710713,225,0.164393861325131,0.360569878762498
TMEM17,0.0406533497144979,171,0.0747869609714767,0.237172991766117
NIBAN3,0.0257347296554095,231,0.115618858126201,0.296282047705292
KLHDC10,0.0239173397532194,78,0.60591683920685,0.746465163874873
GLDN,0.00892123917210699,243,0.540081148199916,0.699956599519093
TMEM104,0.0544437428756997,217,0.00825277068427917,0.0734502358036195
MYO18B,0.0371921540749655,271,0.0182134608429525,0.110723931883458
SPATA21,0.0258247478893877,227,0.119847114597355,0.302844679237794
SF3B1,NA,NA,NA,NA
DEFB105B,NA,NA,NA,NA
ATP5IF1,0.000740799959393339,199,0.985699942221746,0.99193066246335
VSTM2B,0.00106780812874393,210,0.973764618983259,0.98380661489535
PRR30,0.0282939508780726,246,0.0740964477256873,0.236540084617646
GHRL,0.0584844601201451,196,0.00972824170786485,0.0800062764103972
KRT26,0.0131958147388941,236,0.376311134925244,0.569550405094982
SLITRK2,0.0174776514254601,192,0.342356890993643,0.538635869511432
AMACR,0.00337433666684551,246,0.843067665482828,0.905216970131564
VWCE,0.0269269697614197,275,0.0607777000852809,0.213096419859596
CFAP73,0.0219648663333128,251,0.139164907807575,0.329198414902913
VSIG10L,0.0207967317993444,272,0.130731693918325,0.318051356971115
GABRA5,NA,NA,NA,NA
DPPA4,0.0726028050641345,192,0.00309169685782085,0.0442922960418519
GRK1,0.0104350129405959,210,0.535716762004401,0.697180040329297
NPAS2,0.0307497119506122,243,0.0590826104192236,0.20995427631117
GGTLC1,0.038932583533297,196,0.0552447169834125,0.202066833860064
SULT1A2,0.061655693036328,227,0.00299611857548149,0.0437598235978581
TDP1,0.00431852704399199,256,0.776778517737729,0.861914201246534
ACTR8,NA,NA,NA,NA
UNC119,NA,NA,NA,NA
CENPQ,0.0133953807241163,234,0.373324667972671,0.566773509512449
LMO1,NA,NA,NA,NA
ST6GALNAC4,0.00777765992649455,199,0.673074942038593,0.793582897778515
CDC42EP4,0.0972824508976122,214,0.000120287703002665,0.00846400102454112
DACT1,0.0442520782098278,246,0.0126130523460389,0.0933409847060729
ZNF212,0.0652444705010872,228,0.00198596861458143,0.0349178236700122
SLC6A16,0.00372032854252443,187,0.875088433172805,0.925444348159831
UXT,NA,NA,NA,NA
IQCH,0.0288350899849276,273,0.0493671454518147,0.189979100955702
TP53I3,0.0110628808309934,201,0.529475508569608,0.691914639559053
ZBTB16,0.063178275209464,204,0.00503030511983662,0.0565690337042203
SEZ6,0.0116738941918602,246,0.413701047658742,0.600375631606852
TARS3,0.000405703644283164,253,0.991567591872768,0.995083511944809
OVOL1,0.0189089577937687,176,0.346382594381979,0.541939059603252
NCKAP5L,0.00194037892910398,250,0.922576430626511,0.953650955316877
TUBA1B,0.083496240601504,19,0.68159371546078,0.798991542062017
PNRC1,0.0282181091159786,193,0.1436338315606,0.335788139562497
FRMD1,NA,NA,NA,NA
ZNF532,0.0238225958897451,248,0.117383055235011,0.299057929880596
TNNI1,0.013240594622688,98,0.73285556733705,0.831328983477191
NME1,NA,NA,NA,NA
IL17F,0.016649628234451,226,0.29021028856403,0.490331418831452
THEM6,0.0103448464543325,177,0.610442298757267,0.750213340313052
RAD54B,0.0313730958697707,270,0.0377527088493264,0.164663869830487
HTR7,0.00200430351363516,206,0.937985421423196,0.962625489705546
STRADA,0.0201733205824592,195,0.270943480906747,0.473741923782033
TRAF5,0.0321699564156316,236,0.0560381805422704,0.203724290418904
CDCA4,0.0644566586578439,194,0.00601793080252973,0.0625948633539189
SLC22A8,0.0139758793418676,244,0.334484503998577,0.532166726161883
LIPA,0.0416966745327669,235,0.0207485734011485,0.119355840486462
MTDH,0.00943516491825488,231,0.537864121495406,0.698775521012186
SNTB2,NA,NA,NA,NA
SRA1,0.0158636068478695,229,0.305913770999093,0.505333046361147
TMEM39B,NA,NA,NA,NA
HYAL3,0.0305242396903086,249,0.0557865851178522,0.203057430140316
LARP1,0.028577542624845,224,0.0948165572891009,0.269129412443501
SPAG17,0.00284058510559056,281,0.850575619942525,0.909718768524354
WASHC2C,0.0228380878521126,245,0.13436643113405,0.322885069230804
TESK1,0.00551976789684957,205,0.77079370413287,0.858489603483711
AP3S2,0.0493425754140036,55,0.446294055943253,0.626612401774145
SERPINB7,0.0281456632731385,231,0.0907133757034526,0.263112173299743
GGT7,0.0568820137685485,170,0.0221585134537472,0.123343893071208
ZFP36L1,0.027826631126315,86,0.500133536242362,0.669245414123764
EIF5A,NA,NA,NA,NA
ARHGAP10,0.0267405560417552,238,0.0962956805953797,0.271150519835784
SCAI,0.0360754293372133,92,0.350034777127443,0.544993022187667
ZNF576,NA,NA,NA,NA
DNAJB2,0.00216909654905393,203,0.932252000272961,0.95921485502314
MMP25,0.0148817832458357,216,0.361865057240352,0.555199779425747
EPHA3,0.0204706209477362,211,0.230951479981507,0.433706583462766
PNPLA2,0.0166154213183765,226,0.29112470266708,0.491029560742674
SLC39A9,NA,NA,NA,NA
HLCS,0.00190755003396139,263,0.9189401574585,0.951323505901509
LRRFIP2,0.0299793787366353,235,0.0714156751436776,0.231880619218075
ASAP3,0.0218397352298835,255,0.135837191700755,0.324886849483721
C2CD2L,0.00751655615826817,244,0.609180280747243,0.749181156392129
SEC23B,0.106754569290286,188,0.00017275728181059,0.01018628120898
HORMAD2,0.0592231081208931,197,0.00885514942015051,0.0762536734381589
SEL1L,0.0125735115113243,210,0.452625571160411,0.631741290334136
HDHD5,0.00415216827364943,245,0.798075154373805,0.876155949151348
HJV,0.0134781247282663,215,0.409806979602042,0.598132213180336
ZCCHC7,0.0174763111470864,249,0.227571792042683,0.430342144536839
BRIX1,0.0189034762016696,211,0.264751348829173,0.467666182897135
RAB27A,NA,NA,NA,NA
DHX15,0.0439053410893704,62,0.443940281701634,0.624572848395311
ATG101,0.0205280227019354,45,0.824647542660827,0.89327625223102
NXN,NA,NA,NA,NA
GDPD5,0.00366832658704456,235,0.835456215968282,0.899877797138925
SKAP1,0.0591023030278942,239,0.00281621861710939,0.0420667766811772
HIP1,0.0841972438386741,236,0.000187956095708812,0.0106866465845867
LUZP2,0.0151953833066909,209,0.367514655113536,0.560790389818174
STARD13,0.0341971040488046,254,0.0342961268238426,0.157223463083431
AGPAT1,NA,NA,NA,NA
PRR5,0.0442157406727155,194,0.0361791546812093,0.160771096628129
PRELID3A,NA,NA,NA,NA
SEC62,NA,NA,NA,NA
AGTPBP1,0.00977709810720227,245,0.496318575543552,0.665870997379404
ZNF444,NA,NA,NA,NA
CELA3B,0.0756453099757875,225,0.000725544895311786,0.0216406083997445
MRPL35,0.027690352299713,221,0.107224749220225,0.285693390390959
PKD1L2,0.00225016729461043,223,0.918993088338591,0.951323505901509
TBC1D22A,0.0420433465507468,230,0.0220086688760988,0.122778101973716
NUDT4,NA,NA,NA,NA
MXD4,NA,NA,NA,NA
AZIN1,0.0181887094551923,183,0.346205389998269,0.541812711602107
CXCL14,NA,NA,NA,NA
RBBP9,NA,NA,NA,NA
CDR2L,0.0765289850385771,181,0.00322764943761883,0.0454224787154845
P2RX4,0.0221562061460895,236,0.157271782508949,0.351776154203368
TNPO1,0.0195454719578969,68,0.726867394547766,0.828574570704042
STARD7,0.0543184684480726,190,0.0164338065978511,0.105441290090797
FAM53B,0.0401432478048893,222,0.0310468416146335,0.148875216417158
BAG5,0.0494466064504672,234,0.00921755201263598,0.0780550149155132
CRYGN,NA,NA,NA,NA
NPHP3,0.0537967102832527,243,0.00459611690836402,0.0540999491173051
ABHD12B,0.00937909737425459,225,0.551727106071354,0.708060905171782
LRRC8D,0.0172857896581828,202,0.324091842090359,0.521296890220684
DGKH,0.0269086888694086,246,0.086080167725423,0.256096937162082
PCID2,NA,NA,NA,NA
NAB1,0.0122230282422009,178,0.539178242386783,0.699569488084563
CLPTM1,0.00242329502323208,195,0.925405298332663,0.955622836248315
ZNF644,0.0584083861360626,249,0.00231378503329981,0.0377315828221592
ARHGAP6,0.0294011879168575,239,0.0719780499300002,0.232609095130292
SERPINA9,0.0163794579005814,179,0.404830839732246,0.594147806476324
LRRC71,0.0121959358035113,257,0.373171366785711,0.566635013772677
RAD51C,0.0114615621302545,216,0.481789150669879,0.656123462674463
NIPA1,0.0243439193859361,50,0.754719191026456,0.846955997613265
ITPRIP,0.0519993488937092,239,0.00620055550902223,0.0634809284267742
FIP1L1,NA,NA,NA,NA
SIRT6,0.0645820076007255,189,0.00691409537115254,0.0677368604976914
NRIP2,0.0169940592250277,208,0.318464680760543,0.516947001550634
RTN4,0.000818719025557359,275,0.973569373385296,0.983687389086484
PPP2R5E,NA,NA,NA,NA
TSPO,0.0283653605282552,197,0.13511639552311,0.324014764334838
LZTS3,NA,NA,NA,NA
AP1S1,0.047110423116615,18,0.849257208899042,0.908766578099328
CBX3,NA,NA,NA,NA
CHAT,0.00997677109910968,265,0.451583036295447,0.630700904732845
PRPF4B,0.06677050016553,201,0.00393018568533212,0.0497364414758835
SINHCAF,0.0606861755153531,78,0.19738220885781,0.399405753418028
TTC33,0.0130677117663103,174,0.520088784193865,0.684352800443544
AKAP1,0.0199465454267877,267,0.150727704913995,0.3431655434009
PTPA,0.0842737212819712,193,0.00104130784330408,0.0256800943435699
TASP1,NA,NA,NA,NA
MGAT4B,0.0133235655907821,217,0.410837785770128,0.598702616989241
SUPT7L,NA,NA,NA,NA
GALNT16,0.00509228150570399,207,0.789395290904738,0.870218867720117
SGCD,NA,NA,NA,NA
SUV39H1,NA,NA,NA,NA
ZC3H15,NA,NA,NA,NA
ZBTB49,0.021545281045786,242,0.158237898978367,0.353254668078612
HEY1,NA,NA,NA,NA
IL21R,0.0107504906116208,253,0.438679054326174,0.621782479057684
NR1I2,0.061638435718127,239,0.00212156946471796,0.0361717653315233
KLHL25,NA,NA,NA,NA
STX3,NA,NA,NA,NA
ZNF420,NA,NA,NA,NA
CCDC183,0.0116083508216758,245,0.418187910282332,0.604476361974325
ZNF385A,NA,NA,NA,NA
MAPK15,0.000322874786766955,250,0.994081406997404,0.996742308260033
ELAC2,0.0115366117083829,268,0.379413140081307,0.572671930798237
PLCB1,0.0303862985117822,195,0.116834915314495,0.298256145078368
FBXO40,0.0368280909045007,241,0.0315135409066701,0.149815773418197
LIMS1,NA,NA,NA,NA
RUNDC3B,NA,NA,NA,NA
CMTR2,0.0156497869032228,232,0.306137887984593,0.5055854467646
TTC8,0.0379834146259227,223,0.0378729408387459,0.164905905819579
GZF1,0.0240629795403382,242,0.121800078654709,0.305101130943992
ISYNA1,0.0295404203202809,233,0.076720905868492,0.240196031745603
KPTN,0.0251103369583255,235,0.117810717359658,0.299787671586935
ENOX2,0.00845054971546741,180,0.679354178371745,0.797736936727138
SPRYD4,0.00790225798063452,185,0.692923461885301,0.806748241215369
MRPL30,0.0204054715993208,189,0.279700159551506,0.481516792653148
LBR,0.00399498722629772,254,0.798655207951203,0.876415020546831
PRIM1,0.00446058544987037,209,0.818713942277497,0.889687778911792
UBQLN2,NA,NA,NA,NA
PEAR1,0.00780005732688389,265,0.56020778070148,0.714153910691874
LRFN2,0.030033876948485,202,0.109833043181204,0.288901546582412
MFSD2B,0.00861845117197421,237,0.565389319151764,0.718069242991311
ADCY2,0.0275080880676121,228,0.10030932967152,0.277304020554913
AURKAIP1,0.0037448887473972,230,0.835650857121822,0.899953434492096
OTUD6A,0.0283984307740494,195,0.138083695278498,0.327857339426316
TAF13,0.172902494331065,28,0.197755044799493,0.399969549081522
FIBP,NA,NA,NA,NA
VSTM1,0.0405882351728802,177,0.0674610160760907,0.225340665466899
H1-6,0.0852350667717528,191,0.00103439145640218,0.0255806011431809
QPCT,0.000924775023276746,228,0.975971556828983,0.985332837714937
ACACB,0.0359733290585963,259,0.0257775949636569,0.133946735804624
CA7,NA,NA,NA,NA
FAIM,0.00950388946421793,185,0.626158046000197,0.761094567079452
PALM,0.0279474845693415,207,0.124040373777417,0.308460888946873
ARHGEF3,0.0347027094266508,197,0.0784930823162936,0.243351484026367
CHST4,0.00787764390659594,239,0.598777464810507,0.741776427837265
DUPD1,0.0101039343450835,213,0.543455898612573,0.70240644061493
DPYSL4,0.0348460561144738,223,0.0517988900993516,0.19460491572429
GJB5,0.0213314540395879,213,0.210312589435083,0.413779836416466
SNX10,NA,NA,NA,NA
TRPV2,0.0156946686587287,245,0.280473479720413,0.482044676361923
KLHL17,NA,NA,NA,NA
GSTO2,0.00641841444888992,205,0.726912479623412,0.828574570704042
PPP1R32,0.00721902931245162,262,0.596792765535442,0.740741902529908
OR13H1,NA,NA,NA,NA
SLC25A15,0.00539494897938437,172,0.819986161269716,0.890634650789351
NF2,NA,NA,NA,NA
ZFP92,0.0308812600951029,184,0.129865761441581,0.316438279517042
ANKRD34B,0.0195811187646195,225,0.222671124341717,0.425619381965164
TEKT1,0.0665554686019435,228,0.0017265688734801,0.0323852447314323
TRIM2,NA,NA,NA,NA
MAOA,0.0143546508165877,234,0.341478629028619,0.537756714847209
DCBLD1,0.00500246631398431,210,0.790240407089156,0.870764788981963
PARVB,0.0440129110956944,179,0.0495633178646449,0.190099395225209
MTSS2,0.0229482116563365,219,0.171598801983758,0.368546769319586
TNFSF13,0.0171352490440104,221,0.287423810883898,0.487433575224332
IMPDH1,0.026131705809556,193,0.170535635440625,0.367665285027841
CRTC1,0.0793227588665357,199,0.00130278186657853,0.0282661496639595
DNAJB12,0.00307264853886286,186,0.903617752042236,0.942915015509413
ATP9A,NA,NA,NA,NA
EIF4EBP1,NA,NA,NA,NA
OLFM3,NA,NA,NA,NA
TEAD3,NA,NA,NA,NA
HELT,0.00202842408545883,225,0.928796110933177,0.957512634978681
METTL24,0.0556527786428989,212,0.0083184605352567,0.0738089984141062
MAP3K15,0.0320806837724788,253,0.0443005872580295,0.18076225981727
FAM184A,0.0322567120208941,254,0.0427999079702072,0.177383543087719
DFFB,0.0263215678173113,245,0.092771060884568,0.265871339204738
CLEC12B,0.0610114563691207,206,0.00583268732082161,0.0617498800648246
KRTDAP,0.0113257650203134,180,0.566757405182176,0.718611736513903
PSPC1,NA,NA,NA,NA
ZC3H12B,0.00898433740003308,210,0.598168551172094,0.741352545157811
PTGES2,0.0200044341188653,212,0.238574175566405,0.441318910677376
TRIM9,0.0288190658441816,207,0.114729474277732,0.295429556085968
RPL14,NA,NA,NA,NA
LRRC25,0.0574076534443423,229,0.00444815216954542,0.0530943449215843
CFAP36,0.0364563064731078,213,0.0519635215378567,0.194878507157286
OSTN,0.0204197114252672,188,0.281743204489547,0.482629458262693
KLHL7,0.0287969558312505,86,0.484809479546319,0.658894521204683
NOSIP,NA,NA,NA,NA
CERKL,0.0574827532549704,259,0.001967333070437,0.0347035373754649
NANOS3,NA,NA,NA,NA
FOXR2,NA,NA,NA,NA
ABHD12,0.0043498889001751,177,0.857680758724849,0.914399978496541
NRN1L,NA,NA,NA,NA
PHF10,0.0655775907919691,183,0.00760874354874008,0.0704670794473602
FBXL14,NA,NA,NA,NA
DLGAP4,0.0282439712904241,198,0.134856794869075,0.323575007432656
SFN,NA,NA,NA,NA
AMTN,0.0462330994115428,228,0.0147954410789612,0.0997536990903385
RAP1GDS1,NA,NA,NA,NA
NEO1,0.0136425404415031,246,0.341781745125957,0.537996824363391
RPGR,0.0221284100359529,234,0.160729564212609,0.356492614912749
PIK3AP1,0.0149679051090729,258,0.278494766307223,0.480806471965405
TAS1R3,0.0356306800231208,249,0.0315468811068037,0.149918312603079
SDC3,0.0246269172740259,220,0.145161902149268,0.337471949018
SRFBP1,0.0294321840620799,254,0.0589532881422814,0.209728792676004
ANP32B,NA,NA,NA,NA
YIF1B,0.00642690320459873,176,0.771113055105387,0.858695100972476
LRRC17,0.00215438439924835,226,0.922231712034558,0.953425511891357
ERMP1,0.0534612893327575,264,0.00282418731605756,0.0420688300085486
SAXO2,0.0466079669285339,207,0.0222783605302422,0.123632766759549
RPS16,NA,NA,NA,NA
GJB4,0.0841487017022783,214,0.000456083484898818,0.0173877005334502
VMAC,0.0272370124691513,184,0.172944992117669,0.370065090660389
RIOK3,0.0282993423501344,184,0.15916444295793,0.354251090492306
PTCHD4,0.0174686305868106,185,0.359760013560873,0.553169568116779
ZCCHC13,NA,NA,NA,NA
CLIC5,NA,NA,NA,NA
GRM8,0.0341397529366499,174,0.116265206060777,0.297399812088783
ALDH3A2,0.0263687205386508,229,0.111024550856271,0.290350858255742
ZNF189,0.0858700032002186,179,0.00158870914922462,0.031128922653115
SERINC1,NA,NA,NA,NA
GALNT15,0.0277996354603395,259,0.0666039331966042,0.223538391904636
DUSP15,NA,NA,NA,NA
ANKRD6,0.0130350299944867,238,0.378060436964709,0.571409265862817
SLC35F4,0.0214221758067529,225,0.187155374942959,0.387705083811569
DNAJB13,0.0364426360000584,211,0.0537559598342141,0.199369803275641
KSR2,0.0283957264511233,183,0.159899155522495,0.355281864049982
BORCS7,0.0171007211061894,56,0.815635249738582,0.887478047045756
ELSPBP1,NA,NA,NA,NA
NCCRP1,0.0420975102587759,207,0.0339838267072022,0.156468731164826
USP54,0.0480531906803747,273,0.0044866665118321,0.0534143942539299
NFASC,0.0153535344797288,229,0.32068355111797,0.518631835814409
ZNF292,0.0726777342063797,275,0.000176877968626673,0.0103335679285748
TSSK4,0.0269456475208338,224,0.111179021369019,0.290635471296353
ZNF648,0.0235878732806668,181,0.236114561434846,0.438808558942682
CLEC18B,0.021352949319693,238,0.167409616185959,0.363468166396599
HMX2,NA,NA,NA,NA
KCNJ11,0.00918983449822764,170,0.670074307332943,0.791583932677151
MYMK,0.0322815534416801,185,0.114575811622498,0.295305068086739
ABCA9,0.0198389580829139,230,0.208476056639934,0.411752407578305
SLC26A3,0.0376398462055849,271,0.0172321077560846,0.10779534122132
AIDA,0.035379612225007,95,0.34408394037477,0.539900469453926
FPR2,0.0384974781620167,176,0.0807679768218042,0.247725038812191
TRAF3IP2,0.0290094718200773,258,0.0587146613943894,0.209464965691581
GLI4,0.01018289068366,195,0.577511322810977,0.727175830570824
PLCH1,0.0173195046129343,269,0.200000037119714,0.402337778037699
KCTD21,0.0825829725829724,55,0.215933133723534,0.419142237627718
MIOS,NA,NA,NA,NA
DOK7,0.0206245402343511,211,0.227854587791364,0.430621164877699
PLAUR,0.0479256795667481,232,0.0113489617564693,0.0875471695520249
DOK4,NA,NA,NA,NA
FGFR3,0.00873139210448447,214,0.602011928145288,0.743676712022759
RNF133,0.00488463709059969,240,0.76082648410455,0.851783236775277
ENOSF1,0.0544063830321403,218,0.00807745473846587,0.0728572688024797
GPT2,0.0278407026985807,185,0.163030544123328,0.358887477172397
IFITM10,NA,NA,NA,NA
C3orf33,0.0532239426009131,214,0.0100378157107527,0.081687936672298
HRH3,0.0587166178081172,173,0.0177409762101534,0.109207255225565
ETV7,0.00605175223771017,186,0.772351027342207,0.859507667610806
MEF2C,0.0938668463839439,48,0.220299117927979,0.423374626694644
NAALADL1,0.0704814859523035,250,0.000544601764004319,0.0188479567020625
FBXO38,0.00283887452706839,186,0.913323035462234,0.948705829838269
RASSF4,0.0510108275292759,223,0.0100950167824135,0.0819962587632766
ZNF326,0.0328983417042039,186,0.107491216234913,0.285900617251469
UBE2V1,NA,NA,NA,NA
KCNK7,0.0187535555856492,242,0.21054805037989,0.413868708475344
KRTAP24-1,0.0253805329729898,215,0.142797622905005,0.334868445096326
SOX18,0.0102866584961945,179,0.608206886786661,0.748200802676994
XRRA1,0.0174952737315344,272,0.191757124767222,0.392955549643658
INSIG1,0.0183954554934914,205,0.289439264372313,0.489652065757484
XIRP1,0.0673819728697852,246,0.000891768273039408,0.0237188264586489
TMEM201,0.0269847234586858,263,0.0696998633471527,0.229379188524376
TUBB4B,NA,NA,NA,NA
PRDX6,NA,NA,NA,NA
NUP43,0.052769340904089,184,0.0217205743029674,0.1219969287832
LIN54,NA,NA,NA,NA
RTL4,0.0303242309829125,180,0.143006699693722,0.335173597221061
PTAR1,0.010900787248638,205,0.527283450416911,0.689899529947584
CPSF7,NA,NA,NA,NA
GSPT2,0.0485363430979587,175,0.0376512657015975,0.164446680375702
UPK3BL1,0.0286156837974013,219,0.100578361571302,0.277505635392571
GFRAL,0.0979142377756046,238,3.65865492746031e-05,0.00441424655329051
GTF2F2,0.0604994216478325,85,0.165893679085537,0.361357026092393
UTS2B,NA,NA,NA,NA
CYB5A,NA,NA,NA,NA
VAPA,0.0412366897055041,184,0.0563803073844878,0.204190320618982
FOXN2,0.0200109946663976,204,0.254822144289472,0.458262472418908
RANBP3,0.0431835314566068,233,0.0184088630333635,0.111424348566109
SOCS2,NA,NA,NA,NA
PTGES,NA,NA,NA,NA
BRAT1,0.0439907193533737,241,0.0143740699355139,0.0987170366372005
IFT27,0.00656021563405816,198,0.730947475350574,0.830460512074359
PAQR9,0.00595886287293465,177,0.789455778709032,0.870218867720117
PDE4D,0.0225925455880947,175,0.269000519133383,0.471964542179744
RRP1B,0.0452897484126346,247,0.0109859538129448,0.085838716418199
NHLRC1,0.0398575705002851,216,0.0355995252446348,0.159404916928697
VWC2,0.0681143869605512,176,0.00766222885206115,0.0706564123265966
MOCS1,0.017352426925943,264,0.206679303939253,0.410165346351694
ADGRL1,NA,NA,NA,NA
DNMT1,0.094327675384135,229,8.26127843365401e-05,0.00678810594393661
OR1J4,0.0146953184133265,170,0.478278783982842,0.653361661573816
PPP1CC,0.0372893772893776,39,0.492383118933288,0.663877980386868
ACSL4,0.0100870462989898,190,0.592048130903931,0.737535776967573
LRRIQ4,0.00954873805409264,267,0.468111910121963,0.644039460658239
GPR18,0.00271324288863797,205,0.906989585349777,0.944528902334099
TERB2,0.00230264166124539,208,0.923991218481926,0.954744125130981
IDS,0.0134046185651108,246,0.349857351383147,0.544916623115539
H1-0,NA,NA,NA,NA
HNRNPA1,NA,NA,NA,NA
BROX,0.0211780168051199,200,0.239221597347466,0.441938825618991
KLRG2,0.0367330208001866,232,0.036977327976179,0.16287963371313
MCCC2,0.0219634078967254,239,0.155890554247825,0.349786489506415
EXD3,NA,NA,NA,NA
ACER2,NA,NA,NA,NA
ADIPOR1,NA,NA,NA,NA
IL1F10,0.0271623187778197,182,0.178023640236092,0.376942490780858
ANKRD55,0.00664185970459119,257,0.636863525141534,0.768052060771093
CAV1,NA,NA,NA,NA
ANAPC1,0.040683075291255,240,0.0210711575244516,0.120146124342652
BSDC1,0.0164943560404567,237,0.273289722664002,0.476035544972259
BEND7,NA,NA,NA,NA
RNF19A,0.0303558041541305,207,0.0999165149158237,0.276578294711569
ESR2,0.0133012528593396,231,0.382574132918305,0.575329337211894
GATA2,NA,NA,NA,NA
IL4I1,0.0392514653721954,250,0.0205918376067188,0.118905264047497
SLC25A40,0.015937315960061,222,0.317901090830458,0.516625480816734
TMEM221,0.0677444318114334,192,0.00476998094324361,0.0549189274456661
B4GALNT1,0.00437905734494662,230,0.800573439495247,0.877537079388197
FCF1,0.0451120225793673,53,0.50379890614233,0.672506327285265
ZNF606,0.0366610357393452,199,0.0640883622878953,0.218535309798831
NBR1,0.0534378456583353,261,0.00305327454077458,0.0441098375678992
TSTD2,0.0141345166638006,258,0.303970772799269,0.503625830931636
MGAT3,0.0267184853477522,180,0.188425464283757,0.389196677443713
TOX2,0.0104623792162915,200,0.555560123901832,0.710331667303858
LCN6,0.0163005445073306,190,0.379333965474655,0.57262028971023
SERPINA12,0.00291696033192877,236,0.876612437785705,0.926594406808759
LIMA1,0.0414821541116807,250,0.0159664945383564,0.103747938672488
RTL6,NA,NA,NA,NA
SH2B3,0.0147884326256603,220,0.356270721019397,0.550529471354409
DLK1,0.0177100464488607,214,0.287131650667843,0.487433575224332
FBXL5,0.00409297179660198,212,0.83419776774163,0.89937719207292
C2orf80,0.0555339708944683,213,0.0082018660636171,0.0732381010730894
KAT5,0.0182810730189764,63,0.769011524624416,0.856954307254927
KLHL6,0.012006467722809,177,0.549259368263941,0.706512794768295
RHBDD1,0.00950337986255792,250,0.499930877000807,0.669166542247218
NOXA1,0.00306184330036071,215,0.883679235247266,0.930973508156934
CORO1B,0.010723729351974,221,0.501270859820242,0.670044675763077
PTMA,0.0200321298656966,58,0.766986603207797,0.855521227750438
NFYA,0.0524716583465958,50,0.462576639481995,0.639880099972053
CAPRIN1,NA,NA,NA,NA
FLRT3,0.015871985693931,178,0.421964452905589,0.607728064254843
SGK2,0.0245239331874514,204,0.173388722279868,0.370578749279477
SLC24A5,0.0115406225591878,230,0.45003506731873,0.629736719220605
SYDE2,0.0442953283148294,274,0.00707250988273824,0.0685459862013133
LCTL,0.0541041186480243,226,0.00681208138364833,0.0673317521718413
ATP7A,0.0152717184057956,254,0.276558103558688,0.479282080136542
DCAF5,0.0133803312096548,236,0.36989615773843,0.563179613264393
CDH5,0.0261320160609145,238,0.102575820300778,0.279744249968031
NAPEPLD,0.0441712023287404,214,0.0243253321824224,0.129626540031519
ING4,0.0149962612678622,57,0.839927851685922,0.903282922727539
CFAP65,0.0142937538894816,284,0.256631711472948,0.460217048341238
TMEM248,NA,NA,NA,NA
SERPINA6,0.0474179443248667,227,0.0133622033063004,0.0956165624653538
CLUAP1,0.00572292281726595,195,0.774601004319149,0.860754923149265
TMEM202,0.056709015305434,206,0.00878321608589818,0.0760199377894391
PPA2,0.0134036817513689,241,0.359379429639977,0.552794095583903
GNA14,NA,NA,NA,NA
MESP2,0.0161039394211966,198,0.365789564122429,0.559163905790702
PMEPA1,NA,NA,NA,NA
PRR19,0.0175129820554769,244,0.235148534463982,0.437861842385778
RAD1,NA,NA,NA,NA
DNER,0.0201874483605087,255,0.162687741184206,0.358544219474794
JARID2,0.0266702726578651,234,0.101642642644488,0.278751226683935
FAM163A,0.0152687989388353,190,0.40956927999599,0.597868759213417
TRIM29,0.0413537577775621,242,0.0188551636410324,0.112900500297221
DPP8,0.0170323834828334,180,0.384162712616502,0.576606278602493
TAF9B,NA,NA,NA,NA
TMEM220,0.0346606963753934,221,0.0544235789942294,0.200619016518236
CEP97,0.00345921567717777,257,0.828911230846061,0.895952935250397
MYB,0.0133162743628452,242,0.360478377918318,0.553801985949976
EPB41L3,0.0303320271769349,264,0.0464827000853764,0.18528040944576
DALRD3,0.0227226005428746,253,0.125723905650493,0.311105762367005
OR2S2,NA,NA,NA,NA
ZNF70,NA,NA,NA,NA
NADK,0.0289341126449078,212,0.10660745536748,0.284854099822057
SLC24A2,0.00744446554657761,236,0.625996591495524,0.760970944858929
IKZF2,NA,NA,NA,NA
CIR1,NA,NA,NA,NA
PPP1R17,0.00537911601383796,185,0.803730357398926,0.879483618165884
KCNQ5,0.0255925341375966,211,0.14634486502477,0.338447491025367
PEAK3,NA,NA,NA,NA
RASSF6,0.00444769714858182,249,0.776342947589284,0.861634800213086
PDPK1,0.0357899843636366,182,0.0905346898297055,0.262905506129162
CLDN14,0.0233341138535193,185,0.231468117407475,0.434228596744969
IFNAR2,0.00537801245506273,241,0.731337164628698,0.830504143297088
DPY30,NA,NA,NA,NA
DPH5,0.0274162984875494,201,0.13964330833075,0.330077550081354
SSX2IP,0.0327115892211274,223,0.0640003692039595,0.218352183815062
CLEC14A,0.0278890425233473,243,0.0803379391665101,0.246847766761079
PKN1,0.0254837217530863,241,0.106096637184481,0.283961133398127
JPH1,0.0397793964767032,212,0.0385430041745075,0.166561065434679
SP6,NA,NA,NA,NA
SMPD1,0.0473099390869232,255,0.00732608836761003,0.070101473666327
CECR2,0.0177744415966901,258,0.206301715895396,0.409722806023496
GJA4,0.0399497909027387,182,0.0648908840569096,0.219859084689758
KCNJ14,0.0174998315642773,190,0.34660456697516,0.542104355273933
RBPJ,NA,NA,NA,NA
POU2F2,NA,NA,NA,NA
TMEM230,NA,NA,NA,NA
LMX1A,NA,NA,NA,NA
ASCL4,0.0249399303788218,206,0.163729275828525,0.35968317371304
PDE8B,0.0366476066961309,208,0.0553880839118182,0.202353946127096
ATP13A5,0.0405117219442726,267,0.0130001870687023,0.0941275625395071
ASTL,0.015262781022658,248,0.287405918950765,0.487433575224332
BIRC7,0.0149453249604634,213,0.366381548136237,0.559701978776911
SNRNP48,0.0218985241453189,192,0.24240791360117,0.444921053123578
RAB5IF,NA,NA,NA,NA
BRWD1,0.0249413279934283,265,0.0863885397223739,0.256502171671321
TMPPE,0.0189516793391533,213,0.259553172854913,0.462137454142342
PODXL2,0.0716794582716012,238,0.000710759289548075,0.0213822936396961
ZNF79,NA,NA,NA,NA
C2orf66,0.0100250783618182,179,0.618321576584112,0.756042972290251
AGMO,0.0342499678896059,245,0.0391821188830724,0.168589008815814
ZBTB42,0.0283499894865724,217,0.105749344892441,0.283961133398127
ZNF207,NA,NA,NA,NA
TMTC4,0.00398752454996564,250,0.802971487264184,0.879217557294292
FOXM1,0.044890373038104,247,0.0114954477444496,0.0883027879814902
THEG,0.00442396429276221,223,0.805578259494544,0.880597778123982
TCAIM,0.0409702887569293,224,0.0275316029214031,0.139199084877725
SOX12,NA,NA,NA,NA
SNRPD2,NA,NA,NA,NA
MAP2K3,NA,NA,NA,NA
C15orf61,NA,NA,NA,NA
NPR2,NA,NA,NA,NA
ATP13A4,0.00124940349800849,270,0.953104058056816,0.97125406332306
TP53INP1,0.0157669970713852,192,0.389856045375183,0.581542116877293
CBFA2T2,0.026464846473826,178,0.196430411692311,0.398610610120477
CDC42BPG,0.0285258009194079,266,0.0560532665075053,0.203724290418904
CARMIL3,0.0130718281254815,242,0.369025794128746,0.56205602894328
PKLR,0.024508743177764,228,0.134890453475368,0.323594804193311
TMEM215,0.0330197177984488,179,0.117724121504745,0.299728095049676
SUSD6,0.0114715219711636,191,0.535979848722015,0.697337762112942
AUTS2,0.03309048304205,224,0.0607455282905113,0.213096419859596
PROZ,NA,NA,NA,NA
SYDE1,0.0191269098839147,225,0.232343824262024,0.435166315558992
ERBB4,0.00266957812518371,192,0.916713438667845,0.950359909966894
ZDHHC3,NA,NA,NA,NA
FOXD4L3,0.0548798026171233,212,0.00897104102927983,0.0770432761624463
PRSS3,0.0876377789161705,222,0.000229448083944832,0.0115564999221551
SCGB1C1,0.0196926203194111,182,0.31250973482223,0.510785492127439
ST3GAL2,NA,NA,NA,NA
NLRP13,NA,NA,NA,NA
PPCDC,0.00882529648428561,206,0.612938050266718,0.751987188921772
GSDME,0.00521332073757595,254,0.724633432316004,0.827184649958556
MAGEH1,NA,NA,NA,NA
FAM122B,0.0132059827880818,190,0.476026937393564,0.651270713787134
C3orf62,0.0485896546645961,217,0.0147923692335616,0.0997536990903385
SNX18,0.031879592050277,205,0.0895270644446496,0.261517590084188
TM7SF3,0.0200319232452097,263,0.154488291131255,0.347687378661895
BSX,NA,NA,NA,NA
CFAP77,0.0104690139435134,222,0.50991057703606,0.67704557017632
NELFB,0.0198876207357556,203,0.259602157515816,0.462160061241464
ESPNL,0.0318345949682246,238,0.0564184781923837,0.204190320618982
EPB41,0.013274711235642,240,0.365763395594239,0.559163905790702
UBE2D3,NA,NA,NA,NA
PRELP,0.0442653617724892,217,0.0226879065022627,0.124925714315961
SLC6A13,0.0192172973718651,227,0.226718811920526,0.429302823166789
RTP5,NA,NA,NA,NA
DPYSL3,NA,NA,NA,NA
SLC12A2,0.00982247101430767,227,0.528043557401527,0.690610263613252
MAFK,0.117906992341363,89,0.0156274153641986,0.102322543112668
CCDC18,0.00494496775918239,263,0.730182546879129,0.830040115870536
CLCN1,0.00917312459527038,256,0.505062934366036,0.673424822980392
RPS2,NA,NA,NA,NA
APOD,0.0375250871818051,187,0.0725487110608148,0.233730054968875
FERMT2,NA,NA,NA,NA
B3GLCT,0.04054858518189,224,0.0287332895009082,0.142339604147473
E2F1,0.0797021323010993,199,0.00125743318311486,0.0278411732634515
HHIPL2,0.00305452342147887,234,0.870447668520247,0.922374698916204
MBTPS1,0.00752455284270807,199,0.684612268632435,0.800861671390578
FYB2,0.0301329347514191,250,0.057478833868511,0.20661880557419
LYAR,0.0130482148421579,243,0.367948869436381,0.561019609857745
HOXA9,NA,NA,NA,NA
TCEA2,0.0474506197675849,173,0.0427891534537092,0.177383543087719
CASKIN1,0.00776816117247853,252,0.582889221694198,0.730892697400542
TP53BP2,0.057070737976582,271,0.00149840983430812,0.0301958032432725
P4HTM,0.0324908482994464,220,0.0683062317811259,0.227074265589222
FAM111B,NA,NA,NA,NA
SLC35E4,0.00889021600279876,208,0.606210168500524,0.746609873902203
RASAL3,0.033230975944545,257,0.0366150105650703,0.16197595503881
MEAK7,0.0201518184128295,242,0.182604740921859,0.38238309443946
TMEM203,0.0476915204870181,40,0.601972689378014,0.743676712022759
H1-2,NA,NA,NA,NA
NKAPL,0.0526240835691952,204,0.0135714700813389,0.0961164888920428
RBPJL,0.0662864438899492,218,0.00242625528878952,0.0390392785926844
NTN4,0.00649219305340856,220,0.70043501208779,0.812013152526144
MED22,NA,NA,NA,NA
TSPOAP1,0.0207618108559433,286,0.115713080332022,0.296344619165219
WNT8B,NA,NA,NA,NA
ACOT11,0.0451968905482358,238,0.0133917091457509,0.0957108909541433
ICMT,NA,NA,NA,NA
PYCR2,NA,NA,NA,NA
TGIF1,0.0194190181459985,177,0.331587761964418,0.528879365858338
ASH2L,0.026895961013688,178,0.190191485099515,0.391258076922537
SNTN,0.0140000224213113,204,0.416631817286572,0.603185497892666
CAV3,0.0659747980438929,95,0.10220206353485,0.279263136919083
ZBED6CL,NA,NA,NA,NA
FOXO3,0.0109826252579214,207,0.519758284823471,0.684129962330687
CYP1A2,0.0353816203464347,218,0.0531614904814498,0.198145959254242
ZC3H6,0.0518519525851258,253,0.00449457746450294,0.0534143942539299
CPTP,0.019695545702648,225,0.220293537576319,0.423374626694644
P2RX2,0.047864680241087,242,0.00915664393474019,0.0777938729073148
FGD6,0.0423136132417668,279,0.00824002422478724,0.0734502358036195
FAM25A,NA,NA,NA,NA
SEPTIN6,0.0178988890853377,87,0.673229038333865,0.793691107305388
DIPK1C,0.0530533853962614,227,0.00741727087662507,0.0702599495302907
PPM1G,NA,NA,NA,NA
SPINT1,0.0208250115533514,256,0.150430397642312,0.342763200936256
DYRK2,NA,NA,NA,NA
COX19,NA,NA,NA,NA
SPRY4,0.00265173489499485,188,0.919796843096033,0.952014026304029
GRAP2,0.0166435964340497,210,0.323559799850879,0.520902238768903
TRIO,0.065706986869368,252,0.000898595474725424,0.023748421141523
ILDR1,0.038745613600242,243,0.0246828375145469,0.130469072700474
RNF13,NA,NA,NA,NA
POU1F1,NA,NA,NA,NA
CCDC38,0.0136172388305266,261,0.315549558858246,0.514072753363232
TAF3,0.0135994662268236,245,0.345107918393941,0.541124760267755
ZMAT5,NA,NA,NA,NA
C15orf62,0.00484877102465755,194,0.816777869611803,0.888417708376114
TRPC6,0.0421476632614331,224,0.0244312558768083,0.12986989534098
KPNA1,0.054568810818811,64,0.328914652556162,0.52586706188241
XBP1,0.0135188896136945,220,0.397734105745094,0.587356868734001
CA12,0.0305123407806843,249,0.0558601868737002,0.203267240006699
EVC2,0.030816818055508,261,0.045756690274243,0.183661269250791
C7orf26,NA,NA,NA,NA
IYD,0.0255126347949902,241,0.105775471410827,0.283961133398127
SLC35F6,0.029884608770848,193,0.125085051019255,0.310059013192143
ZNF395,0.0264275571661388,237,0.100636313035029,0.277605389390109
TMEM198,NA,NA,NA,NA
ABCB10,0.0281029520873689,258,0.065135317106985,0.220569901269492
DTNBP1,0.055003151019666,243,0.00401056327249999,0.0504230343914708
TPD52L3,0.0444507005029931,171,0.0561213737849193,0.203724290418904
FZD9,NA,NA,NA,NA
LIPI,0.0206200063492482,238,0.180265523161269,0.379732335921588
NKX2-3,0.0188919158746748,175,0.349429071394962,0.544585020685762
SRR,0.0361618032705199,207,0.0588747356123823,0.209566414969061
ECM2,0.019435073781727,248,0.187005022768258,0.387575111191611
PLEKHG7,0.0726097448437139,191,0.00319662380399282,0.0451855724391261
MRRF,0.0204723203487534,216,0.221241813466019,0.424549606193043
LDLRAD2,0.00938765439848199,179,0.643399731984156,0.772939987891558
ZFAND4,0.0297852424522175,258,0.053711406202821,0.19933471612266
UNC119B,0.00712219877654933,175,0.743603734098111,0.839301099474469
MCPH1,0.0661552710649006,264,0.000585042911364895,0.0194039232269357
MAP3K14,0.0316113258770133,262,0.0411075737887367,0.173618274114068
POMGNT2,0.0166256992493508,196,0.355795473426411,0.550128827189361
RGS12,0.0347525166958592,237,0.0420240160633753,0.176000614463383
SIGLEC1,0.0217368730619823,260,0.131075159954061,0.318339671467377
FRMD6,NA,NA,NA,NA
BABAM2,0.00404625652802986,192,0.855952891888059,0.91347606854475
FAM166A,0.0157068952374202,263,0.249289620270482,0.452723884751869
LYSMD4,0.0229707362078124,230,0.15369939979037,0.34707722619329
BSPH1,NA,NA,NA,NA
MRPL20,0.0100930912621899,176,0.622297724443967,0.75856889811636
SYNGR4,0.03290993444085,237,0.0510865777442946,0.193396386063095
PUS7L,0.0423975564041737,245,0.0158500441619677,0.103500185549404
PCDH18,0.016464067861487,225,0.297191048911493,0.497505940974864
MIA3,0.0357496578311723,246,0.0326777409921256,0.153096214999207
CPSF4L,0.0208998551810427,190,0.266906098571065,0.46990822109498
ARHGAP12,0.0546915578906808,236,0.00496664985423755,0.0561419891934114
SLC15A5,0.0112450977691432,228,0.465853422075677,0.642403416922821
FAM221A,0.0385143721888126,224,0.0352898634236735,0.158577768878154
GYG1,0.0181691062829647,209,0.286317842337367,0.486546914673329
RSC1A1,0.0817554022946657,269,6.80905014772302e-05,0.00604031348194494
HSPD1,NA,NA,NA,NA
OR52B6,NA,NA,NA,NA
TRADD,0.0197986056845401,235,0.200740079198322,0.402998998844551
ADRB3,0.00825095849858988,234,0.588652517739579,0.73558462185354
CORO6,0.01617941988898,178,0.413111582853797,0.599879365455845
RNF41,0.116325207769059,34,0.146699950949943,0.338964182746459
THUMPD3,0.0158313441465334,229,0.30682976259021,0.506241982232242
FOXN3,NA,NA,NA,NA
ARHGAP5,0.00465527389516006,207,0.81117462180226,0.884968304203665
PRICKLE1,0.00130873973629902,202,0.966819862649667,0.979265956892991
IDH1,0.00802553455090477,186,0.685800509597459,0.801464056729054
CCDC78,0.0189321274377012,248,0.197098945136229,0.39908619479412
SEC24C,0.0199716709300758,231,0.204101743283241,0.406793056869082
RSU1,0.0400448388122814,96,0.283391046326461,0.484039388074942
SKAP2,0.0118065919519847,222,0.455869017172795,0.634252545631715
NPTN,0.0523141697652676,177,0.0266580629450397,0.136731578280158
BAX,NA,NA,NA,NA
LTB4R,0.00256767091500179,244,0.890929718222418,0.93605682983672
BNC1,0.0926111267106277,255,3.14117587006093e-05,0.00404101170516121
GIPC1,NA,NA,NA,NA
UBE2G2,0.106252543752544,27,0.429699326468024,0.614072812152461
STAT5A,0.00196816227880584,193,0.944771638815168,0.966241997265717
ACTG2,NA,NA,NA,NA
WDR35,0.0174424031009165,232,0.258328793176238,0.461182437607593
PPL,0.0229042257262683,266,0.108271762766199,0.286640399108633
MUC4,0.0539866559649773,244,0.00438669890767647,0.0527563713769287
GANAB,0.0375690594626014,241,0.0290713322756012,0.143508716225603
NFATC3,0.0553389990634434,243,0.0038611334803346,0.0491665293777426
GATA3,NA,NA,NA,NA
DLEC1,0.0291419190246419,274,0.0469352556959036,0.186207374028837
OSTF1,NA,NA,NA,NA
MTMR2,NA,NA,NA,NA
CTTN,0.0385831525132042,215,0.0409922133018119,0.173505094254529
F7,0.0278303971162899,257,0.0680311752647706,0.226580818036642
TBL1Y,NA,NA,NA,NA
CLCN6,0.0390526532326058,220,0.0358716053323017,0.159845494987454
FBXO16,0.0261916142283879,231,0.110444960329541,0.289941690486659
E2F3,0.0111798479118889,178,0.576811581131393,0.726778027036943
APP,0.00617630996701467,176,0.781697839360701,0.865337130125848
IL36RN,0.0700849877480016,186,0.00471132140092845,0.0547208805538166
IKZF3,0.025288736982258,206,0.158796056058574,0.353619100850893
DLG1,0.0547728060096401,177,0.0218875645656681,0.122478041436006
RNF175,NA,NA,NA,NA
KCNQ4,0.0201837247416605,179,0.308936384830178,0.508216713665351
ZFYVE26,0.0259210259479846,279,0.0656124640572982,0.221596484283678
IL23R,0.0317392222009945,259,0.0422682847293506,0.176327833053721
MKKS,0.0255689326672546,248,0.097228596260136,0.271740759814871
CSTL1,0.0337455989227314,185,0.101864556588656,0.278900910710817
CHMP4A,NA,NA,NA,NA
CACNA1C,0.0231879486826348,238,0.138905388290824,0.32888994706673
CLCN3,NA,NA,NA,NA
SPOP,NA,NA,NA,NA
NUP50,0.0186033521091019,234,0.227528438257571,0.430324055486846
SLC28A2,0.0542944152335576,213,0.00926305301093093,0.0782322567289233
HGH1,0.0302091336361296,229,0.0755651953498115,0.238437675749802
PIDD1,0.0352328039452356,272,0.0228252300013412,0.125237441155631
CD5,0.0103900276301723,249,0.461584246362667,0.63922375619459
RBM5,NA,NA,NA,NA
SLC5A11,0.0347158190317362,232,0.0456134016831537,0.18331722430945
SLC22A18,0.0328520153360628,243,0.0470524716261929,0.186331778099973
MEF2D,NA,NA,NA,NA
UBE3C,0.0252125689803417,231,0.12181526781173,0.305101130943992
PTN,NA,NA,NA,NA
WDR54,0.0460150236235769,223,0.0168216605955077,0.106471559220616
CACNA1H,0.0207451135775436,228,0.194376963814127,0.396220392307413
BTG3,NA,NA,NA,NA
GPAM,0.00359086011189549,250,0.826845546303389,0.894622437700635
STRBP,NA,NA,NA,NA
CRHR2,0.0363296031487883,211,0.0543296439832883,0.200475418568466
HELLS,0.0329170921719454,227,0.0591397592389399,0.209981592881834
RPL35,NA,NA,NA,NA
SMARCE1,NA,NA,NA,NA
VPS39,0.012293078917602,190,0.508054454894577,0.675481832925296
ZDHHC1,0.00646880339374938,249,0.658423545034558,0.783708623323377
CDH26,0.08257548693464,173,0.00264148149335758,0.0408275586157793
ADARB1,0.049868658952932,177,0.0324092350892732,0.152358412429772
RBMS1,NA,NA,NA,NA
C7orf57,0.0336771223494745,238,0.0463960546449783,0.185119095225076
ALDH5A1,0.0369187483726033,242,0.0306863188375494,0.147754616655579
ZPBP2,0.0229847098557715,233,0.14901039257788,0.341288913688928
CKB,NA,NA,NA,NA
PFKL,0.0168896235693606,192,0.358087266121389,0.551957260626
WDR3,0.013762106412751,243,0.34342979629038,0.539465287675674
IL22RA2,0.0164980720259972,233,0.280697513574114,0.482086489016682
HPS5,0.0669448882278289,261,0.0005831502284288,0.0194039232269357
MADD,0.0174475994093304,251,0.224944263604085,0.427944903595067
AKT1,NA,NA,NA,NA
CNBD2,0.0423387724787188,247,0.0153463444841092,0.101533009532267
NXPH4,0.00103794046437432,194,0.977537216886621,0.986304019529863
UBE2J2,NA,NA,NA,NA
ADGRG5,0.0287015419025538,233,0.0836074206459999,0.252114800856966
ATP2B3,0.0154617869582916,208,0.361720041276866,0.555195509618585
POFUT2,0.0560556314921682,182,0.0173644414442232,0.108277705576625
LEPR,0.039281869143324,271,0.0140581352125507,0.0979123484380628
BPIFB6,0.011246921329451,249,0.425274848902833,0.610631395222828
KCNMB3,0.0116972472333275,230,0.443864348591924,0.624572848395311
SMARCA2,0.0213670557767538,212,0.211537913373915,0.414994895984316
GALNT14,0.0414972605221914,223,0.0265963266605054,0.1365594147812
CDK5RAP2,0.0494048181427854,287,0.00273372057695424,0.0414978131920014
MYNN,0.00930004209688272,196,0.611999819249284,0.751143710500101
SCEL,0.00839152282675446,264,0.530576704756074,0.69285603524796
NFAT5,0.0387039220872768,224,0.0346217669848947,0.157592145932673
COG3,0.0301507170011759,225,0.0801744577837834,0.246583408436191
TAF1A,0.00467364454990291,249,0.7628382867064,0.853060709411951
SAMM50,NA,NA,NA,NA
NASP,0.0625474592955309,241,0.00180694105375927,0.0330652443146251
BIRC5,NA,NA,NA,NA
CILK1,0.000583971961757758,230,0.987503070467751,0.993008081616873
FSIP1,0.0604280423692297,259,0.0013756791410578,0.0291524950757274
SEPTIN7,0.00521899218369169,85,0.932201545826047,0.95921485502314
PDAP1,0.114234464541887,59,0.0848386430598579,0.254356157723717
GRHL3,0.0239628335932593,241,0.124369120495743,0.30888555355573
PRSS37,0.0216309887602808,210,0.21043567977444,0.413852504263012
DDT,NA,NA,NA,NA
ATR,0.051922730802703,266,0.00325144597671977,0.0455333332899465
TNC,0.00042171940223455,282,0.989528076843677,0.994229271201638
HINFP,0.0166981377706683,219,0.303029414894103,0.502577241862568
THBS4,0.0109937907552946,257,0.421133193836173,0.606805335071557
FADS1,0.00254521494811731,228,0.901503436052146,0.941950478211498
SPATA16,0.0143076423161081,241,0.329445542740991,0.526319422020731
RHOG,0.0391089981447124,49,0.598274297984609,0.741352545157811
GNAT2,NA,NA,NA,NA
MRPL10,0.00554923587373446,239,0.724219327636071,0.826937184577103
HABP2,0.0243503680346009,266,0.0915407449615128,0.26448796003399
ACP3,0.00584297120791413,260,0.679197313622163,0.79762627812742
PLD1,0.0185564344382789,261,0.185094931999902,0.385316942456808
FXYD1,NA,NA,NA,NA
CS,NA,NA,NA,NA
DPYS,0.0237805563075485,234,0.136214494183617,0.325532139176833
TOR1A,NA,NA,NA,NA
FAM114A2,0.0120400663662736,244,0.403217498828764,0.592794420533664
NKX2-4,NA,NA,NA,NA
MTERF1,0.0248722652908881,218,0.144913040820493,0.337221357187978
DGCR8,0.0297231330187814,179,0.151705842209255,0.344346035711471
RGN,0.0171809071328265,194,0.345433697920283,0.541270125087688
XRCC3,0.00997728219027112,242,0.492792849774324,0.664219466052047
CBS,0.039895291654589,224,0.0306970120388527,0.147754616655579
PPOX,0.00659208696128164,253,0.645592763938419,0.774443763918216
MITF,0.00927960219132466,174,0.658172555009694,0.783489181084565
PROSER1,0.00486372406359228,252,0.748021316275811,0.842259701537329
CFAP100,0.0563010876618612,244,0.00337288889388184,0.0462557595862662
IGDCC4,0.0175103218570021,262,0.206113950835093,0.40958678444093
MPI,0.0162394516208937,222,0.309411441341816,0.508538407140194
PTTG1,0.0193535158697132,215,0.246568897402481,0.449642250475086
MYL1,NA,NA,NA,NA
ASS1,NA,NA,NA,NA
RIPK4,0.0316740512666901,231,0.0633469336352448,0.217579974859352
ACVR2B,0.0217981005093122,94,0.566775666872029,0.718611736513903
SPTBN4,0.00582646959331489,244,0.701827828888833,0.813106452172125
ZC3H7B,0.0280102595137403,216,0.110534848699259,0.290023039355947
CFAP52,0.0026364284354245,238,0.890724506299073,0.935918431831119
ABHD2,NA,NA,NA,NA
EIF4G1,0.0177058581710316,256,0.210956764488556,0.414173786423038
TEX9,0.0470051752945298,229,0.0133577479360957,0.0956165624653538
RPL7,NA,NA,NA,NA
CTSB,0.00714051092302674,229,0.653049573693186,0.780042034440938
KCTD14,0.030091400360741,204,0.106446622552975,0.284692184971586
ARPC5L,0.0593892009237129,70,0.251089602219204,0.454372999980646
ANKS6,0.00717320376620234,230,0.649755271257685,0.777971527191677
GDE1,0.0509627614516486,196,0.0191028632798631,0.113688816230064
PARD6G,0.128840748788829,175,5.33811430572285e-05,0.00548275998368437
MFF,0.0186244731051025,185,0.330367026962216,0.527526887586607
USP15,NA,NA,NA,NA
CDK10,0.0994625227025877,173,0.000671642002649414,0.0207071598166282
SKP1,NA,NA,NA,NA
LMBR1,0.0256912620947898,173,0.219639572558642,0.423021859462834
SPPL3,0.0330765412125605,74,0.490924939423742,0.662673215971889
ARFGAP1,0.0389644620857746,223,0.0343233922559672,0.157223463083431
FOSB,NA,NA,NA,NA
CCNB1IP1,NA,NA,NA,NA
YWHAB,NA,NA,NA,NA
CREB3,0.0106442187067566,258,0.434217323429879,0.618285019815234
SLC23A1,0.104966705327356,234,2.00492798643839e-05,0.00330894824769239
RASGRP2,0.0572728381549967,183,0.0152878231273907,0.101409226745025
SLC13A4,0.0183863417170689,237,0.227091821839446,0.429706233386843
CWF19L1,0.0211787045337929,199,0.241325157917946,0.443957418928637
C1QTNF1,0.0217148701942594,222,0.187122141299738,0.387699299104191
SLC12A9,0.0499925275983971,228,0.00998412744156496,0.081495517822182
SLC12A6,0.0546890126702655,178,0.0214920267105513,0.121434762632812
DDX21,0.080229745288323,232,0.000341417758464967,0.0140122882652426
PLEKHB1,NA,NA,NA,NA
TBC1D20,0.0331518267165491,194,0.0937606471933509,0.267323842098616
PRKAA1,NA,NA,NA,NA
MAGI2,0.0203545682021019,224,0.208831808949671,0.411970557432313
UCKL1,0.0465061583037731,182,0.038125088115183,0.165551013377078
REG4,0.0306943828323418,211,0.0918238781830099,0.264825387803173
DUSP19,0.0294394642047369,176,0.161005827122412,0.356563641377098
SETDB2,0.0234313720362982,265,0.102908670853501,0.280189904227427
NDUFV3,0.0192268671450432,231,0.219337628425343,0.422669348620658
TAP1,0.0424743940277141,271,0.00944622031660957,0.0789320473283576
EPPIN,0.0170320261573267,195,0.347056693532603,0.542744848825054
FBXO2,0.0119930288474161,193,0.512011218582559,0.678420191413595
PPTC7,0.035169415300109,57,0.578763830529146,0.728085356145714
SYT5,0.00640518392557632,180,0.765855563695493,0.855124779767224
CRKL,0.0243544460432442,89,0.543224416797544,0.702386413434875
SLC26A5,0.0208464356330925,216,0.213902944327079,0.417320450206753
GNAS,0.0866652954888256,35,0.399928750010709,0.589319976875666
NRDE2,0.00824728676506988,275,0.520274286752133,0.684452871110296
COPS8,NA,NA,NA,NA
KIAA0586,0.0315995982692026,273,0.0351881312158127,0.158555856118922
ARNT,0.0128604220922713,219,0.422912237118794,0.608698610376278
APBB3,0.022899247764079,207,0.193711959878587,0.395624682651329
C11orf54,0.0547784328500102,212,0.00906028631550502,0.0775482570660429
FAM78B,0.0688063968551776,40,0.443047213457525,0.624048806745746
ELP5,0.0399181005267277,229,0.0279735882302386,0.140485654455962
LRRIQ3,0.0520400381632085,252,0.00450432313353649,0.0534143942539299
ATG7,0.0401683182793713,220,0.0321172709593098,0.151498356643618
IPO4,0.0377864098682817,264,0.0191021000274413,0.113688816230064
WDR91,0.0255417607689632,218,0.136114980189991,0.325429019654539
DDRGK1,0.00808099582342062,213,0.634009536374598,0.766519506834564
MAK,0.00948867328671924,250,0.500619600110584,0.669555082173526
PDGFA,NA,NA,NA,NA
SMOC2,0.00865082154583573,196,0.639847868195984,0.770309334468669
ANXA6,0.0506027475247032,216,0.0123951146719102,0.0924868667496439
AK5,0.0088028546890583,238,0.554694093936714,0.710079805043521
STYX,NA,NA,NA,NA
TYW5,0.00949986315569066,202,0.591406921169818,0.737357192910612
THRAP3,0.0296289051099768,218,0.0924858226101234,0.265627094384605
ERO1B,0.0252277928872603,190,0.189590944973988,0.390590468325575
HKDC1,0.0180703013972757,244,0.222213603551985,0.425586427008254
OCA2,0.017841954096202,267,0.191372762827357,0.392673353853588
FYN,0.0552329140121021,58,0.369324064144881,0.562375810730417
ELOVL2,0.0210557578015441,195,0.252449877044292,0.455649242165957
HNRNPA2B1,NA,NA,NA,NA
BMF,NA,NA,NA,NA
ACAP3,0.0059869930028607,226,0.717986521015139,0.822682846416915
SND1,0.0479873220942314,181,0.0345163340553525,0.157506281092429
GPSM1,0.0398383874436297,201,0.0466844591683487,0.185475891556904
CRYBA4,NA,NA,NA,NA
PGAP1,0.00557095191032252,238,0.724314681723267,0.82697192168781
SLC22A17,NA,NA,NA,NA
ALDH9A1,0.0421670349562789,232,0.0209049879962059,0.119770463189241
FN1,0.0233581816012965,275,0.0936849587151362,0.267287552463256
FAR1,NA,NA,NA,NA
NKX2-1,NA,NA,NA,NA
GABPA,0.113190387320135,80,0.0300714966830836,0.14596364225489
NRDC,0.0156573516615438,244,0.283335682218896,0.484039388074942
SLC25A26,0.0302962069785398,199,0.111675973572433,0.29142319562723
SLC38A6,0.0504891912542881,252,0.00540040703393321,0.0586712874469643
EGFLAM,0.0373974160960849,271,0.0177568825595199,0.109207255225565
TMEM207,0.0236716858380333,212,0.172183761235059,0.369408046164632
WAC,NA,NA,NA,NA
SCARA5,0.0195440884067812,198,0.27810244208195,0.480454788708046
SUV39H2,NA,NA,NA,NA
OR5K4,0.00568230684734588,187,0.787485240441938,0.868946148755894
LUC7L2,0.0430292568155082,49,0.558943346825437,0.713122842995653
PIP4K2C,NA,NA,NA,NA
PLSCR4,0.00130366522434871,218,0.963212634273825,0.977480637494669
FMOD,0.0351163449841811,195,0.0781178817262447,0.242720015044024
PDE5A,0.0117116152664151,223,0.457493300490121,0.635693578084843
SEMA4A,0.0556385333423335,267,0.00199593087560999,0.0349178236700122
NET1,0.0372873526582786,222,0.0412940999757675,0.174088598904791
ASGR2,0.00454813699167629,235,0.785707121181012,0.868040067258967
ATRNL1,0.0277245760224496,208,0.125023103336938,0.310026137869789
H4C11,NA,NA,NA,NA
NEIL1,0.0158488056439943,239,0.287157991865266,0.487433575224332
KLHL28,NA,NA,NA,NA
STIMATE,NA,NA,NA,NA
C5AR1,0.00896675947538289,220,0.579970728843801,0.729171490874102
SRGAP1,0.0134504023523184,188,0.472545824387925,0.648109371032157
GPAA1,0.0224157033741186,228,0.165439829063015,0.361075274019183
ENTPD2,0.0603802628544797,239,0.00244185326681486,0.0391187964857283
BLM,0.0146125059854131,273,0.264219788133678,0.467440369727813
ITSN2,0.0112743715056977,229,0.462674733548117,0.639921330037631
MRPL52,0.00427897647177776,177,0.860648816030102,0.915863810944628
SPART,0.00994801944623036,229,0.518650268550434,0.683546076093099
C6orf89,0.0103413368852681,240,0.480449203732828,0.655340436107918
MSRB3,0.011628085572366,187,0.539307970415575,0.69960070206869
OCLN,0.0437597545767032,252,0.0118143518797728,0.089724260906849
AP3M1,0.00153542526544825,73,0.990541926457841,0.994530544352714
KEL,0.0238176377097174,272,0.0914710775871783,0.26446666155512
MINK1,0.115084751352543,208,2.72041418864364e-05,0.00380738407764455
APCDD1,0.0558643823393273,229,0.00524110225491145,0.0577927950809976
TDRD7,0.0776465868532435,256,0.000186747280401552,0.0106655307766555
LINGO1,NA,NA,NA,NA
ANO1,0.0249091485972706,235,0.120246234612538,0.303258622579263
DNM3,NA,NA,NA,NA
GIT2,0.0210482370694489,204,0.233474310966496,0.436385210517947
THSD4,0.0195441422306325,245,0.189533310500728,0.390534904147756
MORN3,0.0130505585960422,225,0.403598636503708,0.593217799712779
WARS1,0.0255877448868216,206,0.154678979597707,0.348055032536466
ZFYVE19,0.0497472890184792,272,0.00370299288369741,0.0479211404703757
ITGB1BP1,NA,NA,NA,NA
MYH7,0.0435043146094476,185,0.0459127343001654,0.18396647007751
CD47,0.0080261212134577,232,0.603247706293385,0.744331395902663
SHTN1,0.00652616990055523,226,0.689585290813301,0.804484589520766
SYT17,NA,NA,NA,NA
MFSD12,0.0029629783031894,222,0.883776100560876,0.930998545636337
CCDC69,0.0291625523681681,228,0.0850520254736681,0.254559983204911
GFRA1,0.0248548632504386,198,0.179541725155648,0.379209618422644
MFSD10,0.0261899445674366,245,0.0940887401503669,0.267782629735943
NUDCD3,0.0307283690480292,194,0.115037179820989,0.295729627158235
ZNF512,0.046376945829287,201,0.0258448973245701,0.134186959774042
P3H4,0.0147862207563533,212,0.373506938563249,0.566847517819534
VANGL1,0.0356255769184483,174,0.10393346673641,0.281278502412859
LMX1B,NA,NA,NA,NA
OPHN1,0.0206021423996013,200,0.250884495604132,0.454102883735662
FCAR,NA,NA,NA,NA
DPF1,0.0495189601997237,92,0.211735669558738,0.415210349517553
DHCR7,0.0192184936679717,232,0.217753203619609,0.421090920330905
TBCD,0.0274855976262384,253,0.0742819895585326,0.236588722770015
SPNS3,0.0277780735359522,230,0.0953010136901862,0.269904206407928
ZNF536,0.0366368386537519,256,0.0250685074506718,0.131496091800558
HTR3A,0.0112250386781134,242,0.439338509037198,0.621965250865008
CLK2,NA,NA,NA,NA
SYNJ2,0.0198264493251211,277,0.140316901305259,0.331198228323965
COX7B2,0.0424201336804518,191,0.0447913410839406,0.181560318282962
ANKRD35,0.0330787429827105,256,0.0378257675468696,0.164813197220982
MORC4,0.0304042283827617,220,0.0836159641033152,0.252114800856966
KRT39,0.00752371139484692,248,0.60231893090216,0.743903598135173
FBXL3,NA,NA,NA,NA
UBE2H,NA,NA,NA,NA
TLR4,0.0118111901528248,266,0.37201788186626,0.565733700710292
TASOR,0.100268972129706,267,6.89865014816025e-06,0.00215247547354065
MRTFA,0.0223767672202516,243,0.143800877147851,0.33603641908596
SORBS2,0.0021606951897053,264,0.903657850807162,0.942915015509413
VAT1,0.0127805247036288,218,0.427901830211498,0.612538800671421
TTC3,0.0190221371062982,264,0.171590615870197,0.368546769319586
DNM2,0.0339663837092952,173,0.119544147304647,0.302486680884282
MBD6,0.0250799727777761,229,0.126153092082113,0.311614775166367
PRMT2,0.0472830130818685,174,0.0424352412543445,0.176619357063834
TTC30A,NA,NA,NA,NA
SFXN4,0.0124228803831113,232,0.41215655964363,0.599194527255042
PCNX3,0.00275037598173389,251,0.876118014833135,0.926302427105662
RET,0.0274346627576392,251,0.0765416448358308,0.239960822890333
NDUFA5,NA,NA,NA,NA
ZC3H7A,0.0149690521434185,226,0.338284901772773,0.53514871825771
PRPF39,0.0314385442244988,178,0.134824172864097,0.323563298346909
SLC17A5,0.0388018459049433,226,0.0330984286542212,0.154184925874236
MLH3,0.0592950220095227,270,0.00116086866934343,0.0268030102213855
COMMD6,NA,NA,NA,NA
UBE2I,NA,NA,NA,NA
ART3,0.0287671710247433,248,0.0686103434550365,0.227688053168274
SREBF1,0.00525984334784034,260,0.714395252886891,0.820414270908446
CLEC9A,0.0502510591873562,216,0.0128344682972576,0.0935632964577322
FAM227A,0.0294921764871636,224,0.0866841181096243,0.256820091570437
ERCC6,0.0247086514845846,273,0.0813514933962241,0.248847680578281
PDLIM7,0.00987823868321275,196,0.58785260239756,0.734885659881348
KHDRBS3,NA,NA,NA,NA
PCBP4,NA,NA,NA,NA
SVIL,0.0292287048731752,277,0.0446446636747285,0.181372253873071
WDR88,0.0654406058768879,240,0.00134371229798841,0.0288106394396976
STK31,0.027239888258785,268,0.0636856527530337,0.217979165133737
GPR160,0.0179997542757866,218,0.271800929718876,0.474695663622986
PLS3,NA,NA,NA,NA
GTF2E2,NA,NA,NA,NA
PRELID3B,NA,NA,NA,NA
ATP5MC1,NA,NA,NA,NA
SLC25A46,0.00693460235835975,207,0.698861425084304,0.811589232230664
TRIM4,NA,NA,NA,NA
TAT,0.0801110225688671,224,0.000469020371460399,0.017723546958082
MBP,0.0469593571621049,219,0.0166542746827677,0.106054421179865
TCF7L2,NA,NA,NA,NA
STK39,NA,NA,NA,NA
TRIM13,0.0109589025141713,202,0.531408995361657,0.693445180832588
BTG4,0.0147709073989624,213,0.371801444760274,0.56560716680206
MMP23B,0.00616697383773822,220,0.717161817096597,0.821973803324538
JPT1,0.0400215157714001,193,0.0530113861334367,0.197934040983715
HNRNPF,0.123252071658881,78,0.023433606233313,0.127259157025932
MYO9A,0.0192956577239458,268,0.161003458858931,0.356563641377098
ADD3,0.00775320554521749,220,0.63738920571752,0.768438936389468
LAMB3,0.00455724536948472,282,0.733748216280292,0.831777239211909
COL27A1,0.0653984343110234,262,0.000684023111773524,0.0209416306527587
NCDN,NA,NA,NA,NA
NPEPL1,0.000559071272364213,205,0.990099574299373,0.994393831580855
ARHGAP8,0.0331305807434183,201,0.0848193052468251,0.254356157723717
TJP1,0.0312238801275346,259,0.0448732401948912,0.181718787638198
LIPC,0.0372837738421864,258,0.0224755492111937,0.124293788429771
ACSL5,0.0125774723807281,272,0.332825361720028,0.530322007614947
SUOX,0.0205887412424318,244,0.171572911687265,0.368546769319586
PSMD12,0.01820379047881,98,0.622412451736492,0.75856889811636
ST3GAL4,0.0240752111178219,188,0.212106214448649,0.415597653418152
UVRAG,0.0292508148876401,244,0.0685355427955607,0.227605912136704
ACMSD,0.0391307746342309,203,0.0480289903179905,0.187683908370361
RAC1,0.0992352031315109,66,0.0916437665170296,0.26454244373469
RNF14,0.00539871870877755,170,0.822438412931095,0.892060605270859
SH3YL1,0.0468577968514878,227,0.0141635386590284,0.0980896293427869
PXK,0.0301364130449266,204,0.106022564785849,0.283961133398127
KATNAL2,0.0134450399388123,243,0.354138950268195,0.548415853833941
FBRS,0.035663326766424,188,0.0832290604658055,0.251603445072988
SUN5,0.01486213266421,236,0.321722992053809,0.519718927802804
GTF3C1,0.0243250567399998,266,0.0918109811256728,0.264825387803173
RNH1,0.0529988535128621,252,0.00402567234036853,0.0504635461879267
CENPL,0.0325335692278177,211,0.0774480139094211,0.241419408800357
RBM38,NA,NA,NA,NA
CDAN1,0.0275587419912388,265,0.0636160305196412,0.217894612993093
UBA5,0.0162233166801819,203,0.350841238309898,0.545781606341134
AKAP9,0.0344943064830756,271,0.025400888873343,0.1325727289591
RANGAP1,0.00449677093369729,241,0.782091463782129,0.865622393562979
CACNA2D1,0.00819405167970549,212,0.630517969937996,0.764133301468296
SDAD1,0.00330588402440978,207,0.877660742868781,0.927163837191174
AMPH,0.00979883339915123,247,0.491680628460726,0.663265414336747
RBCK1,0.00718063946763475,222,0.662358944744795,0.786115321989535
JAML,0.00961440466269222,247,0.500156119430611,0.669245414123764
TMPRSS11F,0.0550749993133519,229,0.00569921232941735,0.0606899399895146
NCAPG2,0.00203244075013524,267,0.909878854048566,0.946672419341764
GALNT6,0.0296021769840966,232,0.0772409714677916,0.241172104097522
ZNF770,0.0199010325656748,226,0.214285133726434,0.417618280511074
AREL1,0.00497954182434795,184,0.822710625371377,0.892127928882916
FAM149A,0.0499878230532953,247,0.00643200553373069,0.0652213554757915
SPRED2,NA,NA,NA,NA
CCDC151,0.0238305334762955,262,0.101394010969642,0.278424873643734
LSS,0.0287666479980682,231,0.085185956915045,0.254743641931936
ARIH2,NA,NA,NA,NA
PITPNM1,0.0227152162497301,255,0.123370393611646,0.3073039962914
ACOX3,0.00141534495944212,249,0.950166798381146,0.969544997037967
IGBP1,0.0354507797186234,213,0.0571598587470787,0.205820741024256
RAP1A,0,4,1,1
HYLS1,0.0135336293202393,229,0.378604605142146,0.572061721567253
MYOM1,0.0383075472766714,276,0.0145281765909552,0.0989999235218863
ARHGEF26,0.0399404768491113,236,0.0245754368858222,0.130212340122016
UBE2C,0.172819616414374,76,0.00472067128004776,0.0547208805538166
EML6,0.0129892083723477,220,0.416204546517124,0.60270393455851
RPS26,NA,NA,NA,NA
H3C4,0.255565384048356,18,0.226576463072176,0.429160891387156
BCKDHB,0.0114005665904154,206,0.505447751635576,0.673581171766483
STOML2,0.00356863671619503,170,0.895722424398799,0.938460085319439
PIGR,0.0207688934201023,279,0.123151766784716,0.307059691027829
GMNN,0.0491992859197869,215,0.0145678206829914,0.0991786048407251
ADAM33,0.0288121423647618,245,0.0709425721658058,0.231490620053351
ENSA,NA,NA,NA,NA
CCDC25,NA,NA,NA,NA
LEKR1,0.024349463999097,267,0.090575689253371,0.262905506129162
C6orf132,NA,NA,NA,NA
RSPO1,0.0080206429016093,202,0.656638213111185,0.782461104246262
MAN1A2,NA,NA,NA,NA
MEGF6,0.0241722990631125,267,0.0924712314872286,0.265627094384605
PTGER3,0.0302119913744782,216,0.0898370542108128,0.262072645108204
PEX14,0.0436240697347144,197,0.0359075032317138,0.159845494987454
ABCC11,0.0375365881431445,216,0.0445796094196136,0.181336922889875
ARC,NA,NA,NA,NA
NRARP,0.105383971770527,34,0.323669676376613,0.520923073323201
OSCP1,0.0333036840841852,223,0.0603611804453579,0.212540778034857
ATN1,0.0124556371246511,209,0.459109539937015,0.637160194032671
TMEM259,0.0157316536433372,229,0.309675572370668,0.508591343550973
PPP4R2,0.0310946402043824,209,0.090945670155852,0.263485908804579
ATP5F1C,0.0252689275028589,184,0.201474719377056,0.4038372719525
BTN2A2,0.0296563113050097,204,0.110630071409451,0.290058352401587
CNNM1,0.00866124158340762,231,0.574050999316346,0.724733696202714
SIAH1,NA,NA,NA,NA
SLC39A8,0.0204482577450292,211,0.231404639024894,0.434228596744969
CRB3,0.0737527435019224,206,0.00171747538271258,0.0322921406868323
PIK3R4,0.024893170464508,222,0.138555463416555,0.328366650925428
PIWIL2,0.064190293227241,251,0.00110879918034789,0.0263463924643857
CCDC88B,0.00836788230456143,265,0.530154067913983,0.692446129520304
EDRF1,0.0243878301879081,248,0.11045831361819,0.289941690486659
ITGAL,0.0182610911646238,271,0.176957995960683,0.375771082037003
HBM,NA,NA,NA,NA
TBC1D9B,0.0300557548839606,244,0.0628269016971073,0.216846051714663
MYLIP,0.0276596075109742,196,0.14514137577409,0.337471949018
GOLGA4,0.0974401824300202,257,1.58571819980387e-05,0.00322905591451168
ATP10A,0.0879899185861151,258,4.86129342122283e-05,0.00520280949686504
BICD2,0.0729066803702504,194,0.00281009943357281,0.0420667766811772
C12orf29,0.0220746682708252,195,0.232532169036535,0.435327018205102
SASH3,0.0195117062126599,205,0.263589666605143,0.466844387968725
IL27,0.02146754090179,231,0.176428743787187,0.374874287766703
ABCD4,0.0149998578954538,239,0.311800472163474,0.510110090180409
SLITRK4,0.0614156849272819,192,0.00836615302648283,0.0740453960703859
ADAM15,0.0622192415189305,269,0.000824363510040305,0.0229494700642564
IGF2R,0.0227130110474336,263,0.114028160469955,0.294563034047674
TXNDC11,0.035551609162334,263,0.0253886482147981,0.1325727289591
ARG1,0.0259673458141111,223,0.123633728659436,0.307719204261593
SPINK14,0.0201743245061311,180,0.306623134908569,0.506045386315347
CALM1,NA,NA,NA,NA
SCRIB,0.0377338916734217,253,0.0232364363502376,0.126694460196972
MFNG,0.00633852595400505,223,0.703858943888113,0.814312559047093
GUCA2A,0.0369673193657909,215,0.0478871908418184,0.18754884903271
DMD,0.0367992258291694,239,0.0326844070809394,0.153096214999207
CAVIN1,0.0110128003739136,185,0.566954629230336,0.718665343588497
PEX2,0.0544197797307583,217,0.00827258614318272,0.073575179552776
RASSF1,0.00376471516212512,184,0.875801563859225,0.926044725389049
RAB4B,0.188530417680215,38,0.0726787433685321,0.233864698216681
CFAP43,0.0542902422257011,281,0.0016524844907847,0.0317507037274781
LMO7,0.00702722904654554,274,0.589507487361378,0.736219588059865
MOB3A,NA,NA,NA,NA
DCTD,NA,NA,NA,NA
ELAVL4,0.05730256504247,72,0.254163619093357,0.457401137879468
ATP2A1,0.0582004364352119,221,0.00507999369445084,0.0568530753009893
TRIM38,0.0271728226261635,193,0.156567506998344,0.350767101165896
ADIPOR2,0.041930120417946,177,0.0607313575373858,0.213096419859596
MCRS1,NA,NA,NA,NA
NELL1,0.0295951242605882,230,0.0793456804229695,0.245070380863913
XPNPEP3,0.0521712200544052,229,0.00775150200942862,0.071074545306201
TEX43,0.013483496095198,183,0.483662380145477,0.657988218365272
MYBPHL,0.0736930926762683,193,0.00270910256533655,0.0414701085001518
GM2A,0.0147238817716123,224,0.349956157755425,0.544937232567929
ZDHHC9,NA,NA,NA,NA
PWWP3B,0.0836146121534566,194,0.00106263973274926,0.0257411033425079
TOP3B,0.0545698752169602,198,0.0131558517925231,0.094854588194421
ZMYM6,0.0837220385606978,227,0.000283852193514777,0.0126847071459797
BCL11B,NA,NA,NA,NA
WFDC8,0.00549240022469167,227,0.743121043429174,0.838967255483908
SFPQ,NA,NA,NA,NA
DCHS2,0.041722980147856,288,0.00747104143854872,0.0702599495302907
RC3H2,0.0124760175107277,195,0.489858200658228,0.661945256613601
COL9A1,0.0102318597644638,252,0.463092357054516,0.640124348165197
INKA2,0.0115081485164799,235,0.441434063600648,0.62315498049411
SMARCAL1,0.0210527795084038,263,0.137694972993383,0.32736292253943
PRRC2B,0.0134805621694613,272,0.301425398198183,0.501194878611888
GFPT1,NA,NA,NA,NA
NUDT13,0.0636858529082453,228,0.00234505011930125,0.0379981658007897
ATP13A1,0.0702547069797529,235,0.000921332138366112,0.024014675968388
HDGF,NA,NA,NA,NA
DLK2,0.00865027150007389,214,0.605728729211998,0.746377814942338
ENTR1,0.0575391764839692,240,0.00326312473896786,0.0455333332899465
SMC4,0.0483171627981444,255,0.0065054876608056,0.0658615984483467
CCRL2,0.0180843771255138,249,0.213638843617962,0.417148097610689
ERGIC3,0.0120560598821471,92,0.777773851015007,0.862717973047129
GIP,0.0152357308139184,180,0.435625417115247,0.619236423572531
C7orf50,0.00396405907876927,197,0.854970638409724,0.912959956972585
ACSL3,0.00643228012059085,220,0.70350385235896,0.81408556302573
FRMD4A,0.0359426554532888,171,0.106367738232051,0.284584107806195
SMC1B,0.000940262659243942,255,0.971090546033899,0.982195774641656
HOMEZ,0.0677117263064212,231,0.00138657650654573,0.0292852277876109
ECE2,0.0101271790399046,248,0.475035736466964,0.650333778312722
STRN3,0.00685392549177172,194,0.723724438085438,0.826594425921993
ARPIN,0.00279546476718961,209,0.900664010873235,0.941540798751561
ARID5A,0.0430714671551719,245,0.0146970103368224,0.0995317020629024
POP5,0.00301648473509041,176,0.912723891084368,0.948509467849374
TOR4A,0.0371559411576979,218,0.0447307042568558,0.181372253873071
RIMKLB,NA,NA,NA,NA
TRPM3,0.02276688353773,228,0.159895024904863,0.355281864049982
SYCP2,0.0361644094631148,288,0.0156032515620192,0.102322543112668
FXR1,0.0410194493006992,65,0.453080993900042,0.63187086020687
CACNA1E,0.00672019260922628,254,0.636887391159196,0.768052060771093
MAP3K6,0.00852642265305251,272,0.510481707700553,0.677309618634674
SSTR2,NA,NA,NA,NA
AP1B1,0.117317209104948,172,0.000164853288791888,0.00995730344364105
SLC37A4,0.0408120182091965,218,0.0312650486726044,0.149135453143929
DNAJC14,0.0130020530403544,233,0.389091823518934,0.581355404075217
BMX,0.00749778685622989,232,0.629845535154251,0.76379643095707
AGBL2,0.0222998917440713,259,0.124245535972932,0.308759248029514
POT1,0.0238909702264412,243,0.122732263342102,0.306493821780221
CCR9,0.0334290700623813,219,0.0632763249868316,0.217544497261213
FAM219B,0.00356347418033423,207,0.865161223635897,0.91814793302448
DENND2D,0.0167959025675621,230,0.278550782638027,0.480838000498496
BRPF3,0.0132715217412418,243,0.360121453740628,0.553391268682509
BRCA1,0.0774508008308097,252,0.000221687581389359,0.0115008019884199
ATP2B4,0.0926786944920243,253,3.40545875428537e-05,0.00421086628102704
BCO2,0.0176720103648003,242,0.234825305092537,0.437730431654797
ASB13,NA,NA,NA,NA
MYBPC2,0.0459148569184453,260,0.00776261718914303,0.071074545306201
SAP130,0.0500560785510024,214,0.0137016290843678,0.0964683661091151
CREB5,NA,NA,NA,NA
NEGR1,NA,NA,NA,NA
MAFG,0.126516106442577,51,0.0967913505668896,0.271657045850297
MCTP2,0.0151301885964273,259,0.272064772750482,0.474869226232744
CHM,0.0375423923506651,223,0.0395831162462258,0.169617335978523
GJA9,NA,NA,NA,NA
APOA4,0.0343812250505366,251,0.0351847025197822,0.158555856118922
SGO2,NA,NA,NA,NA
COPS5,0.272035595105673,30,0.0483616175913475,0.187926709243857
STMN1,NA,NA,NA,NA
LVRN,0.0719672696135705,267,0.000255366272632509,0.0119536601720829
SEMA4F,0.0121880891968214,221,0.443400912448757,0.6244088921879
HMX3,NA,NA,NA,NA
RFX4,0.0126550492415858,189,0.497527783407549,0.667071675910995
CDK5RAP1,0.0265589185311724,237,0.0992791757522183,0.275419406026561
SLC8A3,0.0223070238932979,216,0.187358359081746,0.387959932243339
RHOBTB1,0.00356467728730863,230,0.845561787376273,0.906698910740417
TLL2,0.011842237071281,251,0.397746221161224,0.587356868734001
SERTAD1,0.0121248065692528,177,0.5450718402969,0.703473283767744
ERI2,0.0205117853160837,245,0.171440475595221,0.368436939536523
TPM1,NA,NA,NA,NA
PHF8,0.0397454062131496,206,0.0430537107230555,0.17774134838536
ELK4,0.0343954002221904,231,0.0478885723189678,0.18754884903271
ANKLE2,0.0365341530852465,251,0.02756711348765,0.139323316420123
DDX47,0.0197169140140638,178,0.32207523098622,0.519975017468358
C1orf109,0.0259335950321306,224,0.122648291287879,0.306493821780221
RAD23B,0.0447974246917787,190,0.0372894432573488,0.16353937648953
TMCC2,0.0114255398031523,215,0.485300824255379,0.658894521204683
SYNE2,0.0502728136028131,283,0.00267394578286055,0.0411296781286377
ST7L,0.00316212674043334,220,0.874965239577914,0.925430650685874
GMFB,0.0749618029029795,35,0.466553924828079,0.642729127810753
MAGT1,0.02235060308698,195,0.227391928734163,0.430182702702416
DAPK1,0.0311407856188125,216,0.0822716367448202,0.249955049041515
ASIC4,0.0126893814439057,209,0.450625548123756,0.630123735277136
MPPED2,NA,NA,NA,NA
PAX5,0.00832037516969011,73,0.896645926346102,0.938952733704668
METTL9,0.0208087593343481,98,0.568586253845843,0.719708290913368
S1PR3,0.00755504666605783,220,0.647084010214353,0.775724177679391
GRAMD1C,0.0221197505459845,251,0.136858939941482,0.326567986859332
EPHB4,0.0128267742428651,214,0.434799279458196,0.618450259457179
CTSE,0.0144297693081125,214,0.380425018372914,0.573723272231787
BDH1,0.00725305543953088,195,0.703872995355406,0.814312559047093
GAD1,NA,NA,NA,NA
RABEP2,0.0101930250364016,242,0.483200340293912,0.657672670926793
TES,0.0286552147063523,195,0.135145524971634,0.32402360806452
DMAC1,0.0133239709874664,202,0.443958699475719,0.624572848395311
NF1,0.0198905000680267,212,0.240972886916351,0.443758052019469
HSD17B11,0.0260039805954067,235,0.107550450461088,0.285903263843125
FAM217B,0.0503077398034505,256,0.00502261323019293,0.0565587993808463
PAK4,0.0035632833462592,206,0.866014030869691,0.918746746951802
ZC3HC1,0.0207649423331525,233,0.185661581103075,0.385865844799081
CX3CR1,0.0247325736434939,217,0.148385126046606,0.340694603448634
SUSD2,0.0272043040719031,249,0.0804260057170178,0.246939635682724
WDR55,0.00970197672574198,223,0.541097815663703,0.700764229515632
HNRNPAB,NA,NA,NA,NA
FRYL,0.0333556191323483,259,0.0350189588163621,0.15843746340504
RHOT1,NA,NA,NA,NA
XAB2,NA,NA,NA,NA
MIGA2,0.0170216121753828,230,0.272696722139125,0.475697226840692
WTAP,NA,NA,NA,NA
DCAF4,0.0528839189555906,237,0.00590570898708252,0.0621688453158831
ATL1,NA,NA,NA,NA
TXNDC15,0.0214388299722031,210,0.214016887545629,0.417478799170031
COL11A1,0.018404550079649,233,0.233760409825701,0.436562658469767
DNA2,0.0351390548395183,257,0.0293494702951734,0.144086834608117
ITIH2,0.0260149430407772,271,0.0711356400765476,0.23170933811123
EPHA2,0.0228350928510146,246,0.133088839850154,0.321330704138685
TRIM33,0.0147949850851821,191,0.421684584075309,0.60746237561171
STAT4,0.00757171138773955,199,0.682455246582237,0.799602690775113
CASP8,0.025483815098782,215,0.14144421625489,0.332664512387036
PPP1CB,NA,NA,NA,NA
COL6A6,0.0492955227752632,280,0.00326070084644163,0.0455333332899465
PSMB10,0.00438610186741968,217,0.813977086204244,0.886734425617762
PATE2,0.0463969709205637,189,0.0332152810777746,0.154446812634735
SLC6A20,0.038372064192477,226,0.0345788917644895,0.157556104081322
AKAP4,0.0172185029986544,224,0.279299003073738,0.481361901364009
ARHGAP19,0.0272229666317557,223,0.109512996171321,0.288471048446316
PTPN5,0.0152941526149873,249,0.28470724733301,0.485109657128915
ALKAL1,NA,NA,NA,NA
VPS13B,0.0223289867239356,276,0.10497244139226,0.282995976918281
PFN3,NA,NA,NA,NA
TMA16,0.0407520467949881,203,0.0414541928958988,0.174348054758007
ANKRD17,0.00544035860409829,199,0.782582922152883,0.86601582209915
REX1BD,0.0398045845803445,178,0.0704643534281397,0.23058727696821
WDR5,NA,NA,NA,NA
PASK,0.0574874592275912,249,0.00257553837725665,0.0401216339021755
MAX,NA,NA,NA,NA
UBL5,NA,NA,NA,NA
FCGR2B,0.0182987017888558,230,0.241624514118307,0.444187328494625
EXT2,0.0260777240349171,226,0.11823825185862,0.300535212124959
ENTPD4,0.0094306030490441,224,0.551301132826419,0.70779951891908
HELZ,0.0226833387944172,251,0.128770449895418,0.315085581146599
QSOX2,0.0026607183061742,268,0.870752302067556,0.922467253296655
ZBTB18,NA,NA,NA,NA
HMMR,0.0193583390461759,264,0.165236504215726,0.361031414941068
BDP1,0.0437582396323928,204,0.0308886810431016,0.148340211826901
H2AC13,0.493808049535604,18,0.0385206802647226,0.166530680193994
NLGN3,NA,NA,NA,NA
FUT4,0.0254181924613558,213,0.145451934628086,0.337734884124577
PRRT2,0.00793280210055075,228,0.614772594554459,0.753367051308149
SYN3,0.00519162140353364,207,0.784447814376379,0.867281395777042
PBLD,0.0897599634147478,240,8.47790470657047e-05,0.00683126274049666
ACADSB,0.0532409705432861,243,0.00489357872766337,0.0558464325049468
FAM76B,0.0381619072311322,57,0.544450369670909,0.702901156424602
FAM3D,0.016265595774217,243,0.268428098073058,0.471349821737001
GTPBP3,0.0119185332171953,231,0.433260622781616,0.617364879363019
STIP1,0.0217590923037549,222,0.186348410216503,0.386959799879324
MANEA,0.0248803439182699,230,0.127286267164807,0.313367907304887
CCL20,0.00356561614849914,214,0.859133157287264,0.915258878394863
CNDP1,0.0204323577295927,243,0.175896755088626,0.373993501303629
CAMSAP2,0.017063556901324,252,0.232486854857404,0.435327018205102
PRDM10,0.0211106666447406,232,0.181062108365988,0.380208264009238
REV3L,0.0297917070556383,265,0.0488854849704775,0.188897310856797
GK2,0.0132582745097982,209,0.430507148464513,0.614955029480041
TMC2,0.0166802649645027,243,0.257536447156663,0.461060471041223
TMEM126B,0.0582067112185565,250,0.00230490403528669,0.0377315828221592
FAM114A1,0.00518092304288419,255,0.725348065281971,0.827706563876999
TFEB,0.0213084220305941,181,0.279781967756028,0.481527451532537
DUS2,0.0109618303754107,226,0.481391810039301,0.655792715013428
FHAD1,0.0304270180544685,269,0.0429254167430776,0.177499385597349
VCP,NA,NA,NA,NA
PELI1,NA,NA,NA,NA
EDC4,0.015026216194581,245,0.29981355623641,0.499859333973938
MARCHF5,NA,NA,NA,NA
RAB3GAP2,0.0164574925802382,273,0.214401619063383,0.417626333406793
GGPS1,NA,NA,NA,NA
TGFBR2,0.0459010733218401,220,0.0181264668843966,0.110559989475004
MAP3K5,0.0193260140753544,249,0.187609363982978,0.388203551533258
AP2A1,NA,NA,NA,NA
ZNF511,0.0474915207017977,210,0.0192081421927826,0.114042024970167
KLHL9,0.0253606594693552,91,0.515889555617951,0.681281622871265
C17orf80,0.0262766800213506,270,0.069748460060011,0.229479821060269
PDE3A,0.00978930566616042,245,0.495762015927744,0.665520671606474
SFTA2,0.0260046095581346,206,0.149106975854411,0.341333670331538
CACNA1G,0.0078829851709134,275,0.539882392428342,0.699791758717517
NOL12,0.0256738366950204,208,0.150165289920936,0.3424973374701
KCNQ2,0.0469325433858273,192,0.0297718109071518,0.145221671280538
WWP2,0.0494496935844069,217,0.0135811854513726,0.0961164888920428
CD163,0.0386447592825253,252,0.0212977865823151,0.121066224995368
NUP98,0.024026546858412,254,0.107842680077657,0.286321528761526
FRA10AC1,0.016159927572522,210,0.33701110261387,0.534418432276571
KIRREL1,0.0798589900441286,180,0.00253019144471196,0.0396365538005554
B4GALT4,0.0247297206458241,222,0.14073078085683,0.33179326638145
ELAVL3,NA,NA,NA,NA
LYPD2,0.0310499553119645,187,0.123069528375716,0.306974836152197
SLC25A29,0.0311794919684376,194,0.110755053460113,0.290062998327781
VSIG10,0.0156854194589848,245,0.280733250865655,0.482086489016682
PLAC1,0.00689925062207935,221,0.67816014995046,0.796922648991424
SNX11,0.0361249801963602,199,0.0671853500081329,0.224762967613234
PHF2,0.00481277073699018,215,0.794009595079909,0.873198014242097
MYOF,0.0135074526324712,264,0.314021695675992,0.512480914936437
SLC2A10,0.109079871404147,239,9.71837639198159e-06,0.00244907213709118
CTPS2,0.00334946122799328,196,0.884165367338776,0.931331578730184
ANXA10,0.0111913481882479,207,0.511483808975285,0.678003516976398
CD2AP,0.018544748640466,239,0.220123031490954,0.423231722383573
TPGS1,0.012960937067084,184,0.498895967949719,0.668266202534376
AADACL3,0.0198091019269945,215,0.236771556583696,0.43958054586734
CMTM5,NA,NA,NA,NA
XRCC2,0.0143133168480915,215,0.382005924753131,0.574712979176624
MYOZ1,0.000565619974098474,209,0.98963846158761,0.994229271201638
C1orf112,0.0386872074785596,273,0.0146062180036776,0.0992518763183423
KLHDC1,0.0309315953186282,190,0.119344120597785,0.302180262412206
CGB2,0.00972129897560916,216,0.553922398555422,0.709431674627972
SLFNL1,0.0314257892091108,242,0.0556968283742567,0.202890646498277
KLHL14,0.043604426306605,97,0.242064784839141,0.44468427473993
TRPV6,0.0442360705066825,235,0.0158047301863836,0.103278113726927
ARCN1,0.0560164488797967,183,0.0169793063412757,0.107005077908891
RPE,0.114164197544879,65,0.0627441501342491,0.216747398308477
BABAM1,NA,NA,NA,NA
TMC3,0.0462142406907179,259,0.00765066611123275,0.070607886661348
FGF17,0.015547558218651,89,0.71300896312011,0.81985551558682
LDLRAD4,NA,NA,NA,NA
WASF1,NA,NA,NA,NA
PCBP2,0.289423558897243,20,0.138695591405964,0.328515352826178
ZNF33B,NA,NA,NA,NA
MFAP5,0.0127946294729587,194,0.480853238768247,0.655635550009014
PLGLB2,0.0224650167061904,205,0.205017083463745,0.408175328277983
TCF20,0.00252049221663905,241,0.895305562183957,0.938254886857144
TECPR2,0.0538039097129296,255,0.00339659769706101,0.0462557595862662
MPZL1,0.0032858482142793,170,0.906582818222493,0.944400357670674
ATP6V1H,0.020883166459197,95,0.580117901521712,0.729212553669613
KCNK5,0.0299722101910897,223,0.0837892727105455,0.252517789219477
EMP2,0.0293544773705823,207,0.109344763404801,0.288147094294133
CPLX2,NA,NA,NA,NA
HAND2,0.0797959183673472,35,0.438012237532274,0.62128565065275
PCNT,0.0212487711814995,245,0.158761440997156,0.353619100850893
CLASP2,0.0153232756795941,205,0.372611123355677,0.566237831016776
LRP10,0.00695730979357198,245,0.637471152600765,0.768464988123365
RYR1,0.0201414899581833,269,0.144873268539036,0.337221357187978
ZSWIM5,0.0375820614582364,205,0.0534254570301429,0.198838872219725
OR6K2,NA,NA,NA,NA
CELA2A,0.098481490139505,178,0.000576127783109199,0.019360325714192
TYW1,0.0305258856626298,257,0.0500022672387371,0.191067769442711
PGLYRP4,0.0563254590946585,193,0.012772490961121,0.093503259850341
ELF3,0.0309643375933104,223,0.0760213285773006,0.239215714763095
ZRANB1,NA,NA,NA,NA
SUPV3L1,0.0665751601719085,251,0.000836528768688649,0.0231022378727991
SLC6A12,0.0620100644288525,253,0.00135246359598084,0.0288955738008793
HIBCH,0.0594251709842962,243,0.00242997786870304,0.0390392785926844
G3BP2,NA,NA,NA,NA
SLC39A14,0.0219899314229594,243,0.149709278368766,0.342103270284086
GRIP1,0.0381602697784634,230,0.0329744879272449,0.153720013997581
DSG4,0.00921585096770914,259,0.497801217704629,0.667286042977704
COL18A1,0.0148138318229322,204,0.390515200523152,0.581849314175041
WDSUB1,0.0518641891168575,241,0.00599761629751292,0.0625948633539189
ZDHHC14,NA,NA,NA,NA
PTPN22,0.0537281040140209,268,0.00247078147932284,0.0393038326241314
MB,0.0420317904375741,180,0.0569528563274572,0.205423839758282
SIRPB2,NA,NA,NA,NA
PLXNA4,0.0328889297492937,222,0.0638160658954421,0.218076796773613
RXRG,NA,NA,NA,NA
TEAD4,NA,NA,NA,NA
DDA1,0.466202143535477,26,0.00294535244242024,0.0432617218698065
CSNK1E,0.0304610545478381,71,0.545411193798912,0.703713601886632
SPINK5,0.00172259532222925,255,0.932383125821837,0.959272274857978
KCTD18,0.0436210174065434,246,0.0135436435465157,0.0959887836440868
RBM23,NA,NA,NA,NA
PLPPR3,0.0194631043555102,215,0.244178907825705,0.446819334779911
ART5,0.0403211978039644,201,0.0447025575327167,0.181372253873071
SULF2,0.00892620215332736,235,0.554195859264429,0.709584644977558
ATG2B,0.00851603334399726,265,0.522510598494173,0.686263275489511
FAM3C,NA,NA,NA,NA
PTPRF,0.0423003914886189,247,0.0154130348518881,0.101868402632925
CCT8L2,0.018593070566308,185,0.331136946374182,0.528292640488736
ATP2A3,0.0422682216024191,240,0.0177178506644177,0.109207255225565
NRAP,0.0229400593212497,277,0.0965517711483681,0.271312720237358
SDF4,0.00823490442450028,214,0.624988218692959,0.760346205844933
MCMBP,0.00575619237904133,203,0.761951344133243,0.852443106015546
DHDDS,0.0141299685513392,173,0.488009138976129,0.660638222151359
KALRN,0.00787711120685964,222,0.62789227449151,0.76245576464535
DCAF12L2,NA,NA,NA,NA
KCTD8,0.0436081021926966,171,0.0598264322732031,0.211551253192534
ENTPD6,0.106738034465715,209,5.92268364766318e-05,0.00574772587486511
GAL3ST4,0.0134821390914001,246,0.347208067962982,0.542797020587782
TPK1,0.0108668795527396,200,0.539370623202753,0.699605281302603
RYR2,0.0205150012200956,263,0.146313506904216,0.338439670165655
FCER2,NA,NA,NA,NA
XRCC6,0.0131141556952825,218,0.416020387626632,0.602589712357523
PYY,NA,NA,NA,NA
TFRC,0.00890358354348166,244,0.539159383931044,0.699569488084563
MAK16,0.00230013866439667,193,0.931515317165379,0.958921684401735
AGBL5,0.0232959074199436,261,0.10887278787586,0.28754322895768
SCNN1A,0.0516048234061913,264,0.00354948266710755,0.0471555470847668
CBWD3,0.015432410244763,234,0.308554146411977,0.507902297447255
DYNC1H1,0.061377120463741,227,0.00308577618394146,0.0442572584219352
KIRREL2,0.00331360064497453,264,0.832305038226527,0.898096836978145
RTEL1,0.0325779968684444,264,0.0356214869671682,0.159404916928697
OR52M1,0.017317080351353,175,0.389598771011345,0.581430741457756
CCDC102B,0.0132176971486374,223,0.401861608688918,0.591825791889693
F8,0.0154234367273919,227,0.322621954468545,0.520182633962642
CUX1,0.0355483345668321,242,0.0356354089349086,0.159404916928697
MSN,NA,NA,NA,NA
ATP2B2,0.0415467792944328,171,0.0699181017413063,0.229800501619943
VPS13A,0.0352598193374877,277,0.0209899239651377,0.119985489955114
RAB5B,0.0308298754730306,42,0.737692922375746,0.83497458621316
BAZ1A,0.0329231350479949,257,0.0379412973270991,0.165090660320442
CASS4,0.0128414183512947,274,0.32002266885239,0.518023476169807
GATAD2A,0.0819955713013085,227,0.000341754340591248,0.0140122882652426
C20orf96,0.0342863828421793,254,0.0339474385764681,0.156366935880614
MAP2,0.0131563857281997,266,0.322524781468672,0.520182633962642
PARP9,0.0268772254450827,255,0.0776274734583174,0.241845279345678
OR2W3,NA,NA,NA,NA
TIAM2,0.0404000281834842,267,0.0131792381434752,0.0949382222824097
OR5B21,NA,NA,NA,NA
LRRCC1,0.0148728053723565,261,0.276196513189051,0.478916105102212
STIL,0.0232037786850516,278,0.0925681641943606,0.265627094384605
SLC35F1,NA,NA,NA,NA
EIF2B3,0.0364193490660783,220,0.0465137212262932,0.185289673027602
NRP2,0.00561007473559921,231,0.731433630045428,0.830504143297088
MYH10,0.0440744848478532,185,0.0437980137014379,0.179578803261298
DSC3,0.00935170628833396,265,0.480946814117498,0.655635550009014
SIN3A,NA,NA,NA,NA
SYTL3,0.00147741975453896,269,0.941078163732671,0.964045049444685
PLEKHG4,0.0298627536275256,278,0.040712681683053,0.172666238400054
FABP12,NA,NA,NA,NA
COL4A2,0.00668451818264431,273,0.610984839091265,0.750530759130628
SPOCD1,0.0313165739401273,201,0.0994789977151921,0.275546871444255
DPP4,0.00346481216283622,261,0.825222399109999,0.89355827878464
CLIP3,NA,NA,NA,NA
TOPORS,0.0441840515289167,228,0.0183146858905774,0.111034816591287
PCMTD1,NA,NA,NA,NA
ETF1,NA,NA,NA,NA
KRTAP26-1,0.019975942710148,205,0.253468851434697,0.456537871852962
MMP17,0.0295602776514386,224,0.0861062171210971,0.256096937162082
SCAF1,0.053648682294428,193,0.0161767757058405,0.104688727332106
RRM2,0.0590370767363052,181,0.013925763069017,0.0972893683198029
TPPP,NA,NA,NA,NA
SLC6A9,0.0159967424766696,240,0.281196615917082,0.482411401388621
WDHD1,0.002310921259906,260,0.896769132579383,0.938952733704668
ANKRD53,0.0231641052751971,218,0.169858906019649,0.366596018341806
PIM3,NA,NA,NA,NA
LONP1,0.0254173280284784,220,0.134720964121683,0.323492873124766
DCLK1,NA,NA,NA,NA
C15orf39,NA,NA,NA,NA
ZNF148,NA,NA,NA,NA
PCED1A,0.0103612614811792,197,0.566037229140506,0.718137657609989
TLR9,0.0171664737270741,252,0.229993632229635,0.432481751081741
PPP3CB,NA,NA,NA,NA
CSNK1G3,0.00185444915708091,64,0.989743922398594,0.994229271201638
FUT8,NA,NA,NA,NA
HTR4,0.0255334389095918,190,0.185004890179294,0.385244097066466
PPARD,NA,NA,NA,NA
DRC7,0.0152258673349044,265,0.259352341200061,0.462038245562173
MYLK,0.0104974343612652,271,0.417883422766417,0.604310579352003
TRPM6,0.129940247412022,276,8.52536165108112e-08,0.000180965009980282
SDCBP2,0.0337734444471552,235,0.0480598249543534,0.187683908370361
RBBP8,0.0224903290775304,260,0.120442053195773,0.303468986066159
UBAP2,0.0695483209947365,269,0.000324650709924216,0.0137367157528067
GTPBP4,0.0150242251451874,216,0.357475050803048,0.551274940094493
RRBP1,0.0145147638561412,264,0.281870672711824,0.482629458262693
FAM177B,0.0245792892474592,175,0.233084706321279,0.43610501244422
SCUBE1,0.0179580981744906,246,0.221410047943995,0.42474444503912
ANKHD1,0.0660820491894415,244,0.00110338630314381,0.0262667812277375
RGS22,0.078824395081846,273,8.5283509401615e-05,0.00683126274049666
DNAJC5,0.0689438224807492,84,0.125928896897128,0.3113629258167
EIF3B,0.0582712172290355,219,0.00532464586310717,0.0581301058800035
SOX10,NA,NA,NA,NA
NLRC4,NA,NA,NA,NA
UBE2Z,0.307424574694312,55,0.000853662306037764,0.0233811680208537
TOMM20L,0.0201429670444973,191,0.280742303176922,0.482086489016682
HS3ST3B1,NA,NA,NA,NA
MPC1,NA,NA,NA,NA
NCKAP1,0.199341063269139,47,0.0271178182758982,0.138172133347892
CPZ,0.0510171085775105,236,0.00742086637041685,0.0702599495302907
ZSCAN12,NA,NA,NA,NA
TMEM239,0.00770110401556577,212,0.653749747974083,0.780266942111425
HAO2,0.0207969945268628,226,0.196841975798605,0.398837513515465
MPEG1,0.0643430618879979,282,0.000423370491220761,0.0163891993197192
UBA3,NA,NA,NA,NA
MATR3,NA,NA,NA,NA
LAMC3,0.0350791776331624,277,0.0214734087021083,0.121397465489857
RFWD3,0.0131999765771391,227,0.394223485936474,0.584531936032017
RAB25,NA,NA,NA,NA
NMRK1,0.024423905500623,217,0.152695915141558,0.34561861424519
CYTH1,NA,NA,NA,NA
CCL28,0.0289512697293709,192,0.136873422884353,0.326567986859332
ITPRIPL1,0.0204739834303113,227,0.201227876789076,0.403537251908741
SMURF1,NA,NA,NA,NA
LRIG2,0.0148079955666009,257,0.284952590524195,0.485311071531981
PPP1R14C,NA,NA,NA,NA
RASGEF1C,0.00531774913603087,178,0.815465556127556,0.887478047045756
SMC5,0.0224199127762709,245,0.14041622852889,0.33123561521466
IQGAP3,0.0970956391604139,269,9.43846175657869e-06,0.00244907213709118
MVB12B,NA,NA,NA,NA
CAPZA2,0.0485208800847837,79,0.285679146800322,0.4857689737849
PJA2,0.0536742280614773,235,0.00569213642301981,0.060665313375381
SLC26A11,0.0225837582029361,243,0.140730706699307,0.33179326638145
DUSP27,0.0390539190901661,264,0.0163962256790332,0.105359399721577
DST,0.0821094064506455,282,3.89973903491533e-05,0.00443456038827514
ATP1A2,NA,NA,NA,NA
SERBP1,NA,NA,NA,NA
ARHGEF10L,0.0193842518632667,272,0.154172641908717,0.347554021379261
RASSF9,0.0447161225631177,238,0.014112442481024,0.09801012204381
BTN3A3,0.0378090039260486,70,0.455945162495711,0.634289196018064
AKAP13,0.0277821212958437,285,0.0483379725999309,0.187921983831722
CDC42BPB,0.00879869019053634,254,0.526831935462182,0.68958208064043
C8A,0.0131210610223619,262,0.330674126030009,0.527818732813409
SPOUT1,0.0136315285580364,194,0.452100714370215,0.631131826227645
DCAF12,NA,NA,NA,NA
HACD1,0.0369930456071826,188,0.0745677481113863,0.237006313758438
CNOT7,NA,NA,NA,NA
CHAMP1,0.113491106677759,187,9.99123977312254e-05,0.00748520175002874
TAF11,0.00990618353004858,173,0.636075178063721,0.767618401505781
MAST2,0.0257626859377056,263,0.0803139789739331,0.246833695997107
EGFL6,0.0378862771419749,253,0.0228330196579283,0.125237441155631
GPX7,NA,NA,NA,NA
LRRTM3,NA,NA,NA,NA
CAMK1G,0.0157012156965123,216,0.337236501208488,0.534475370755512
ZSCAN20,0.0710227496514897,264,0.000318526687631582,0.0135225196455861
TOP1,NA,NA,NA,NA
UBL7,NA,NA,NA,NA
MAP3K3,0.0176823462681178,180,0.366857940977027,0.56009383077001
FAM189B,0.0522187672009085,210,0.0122016778950918,0.0917108540466583
CTR9,0.0223297197765379,205,0.207413620115982,0.410989816222793
KIAA0753,0.0838451355258844,251,0.000107243292789976,0.00772664424639404
PHLDB1,0.0343712396587127,254,0.0336192347348497,0.15541726808822
KIF21A,0.021743949740117,240,0.157940540456122,0.352962050052496
TOX,0.0194855224619371,181,0.319804403658765,0.517837354079693
HMGN2,NA,NA,NA,NA
ZNF318,0.0135830402358401,269,0.303021923717822,0.502577241862568
DENND10,0.0122280121171308,193,0.503429688142731,0.67222483835037
RPL12,0.0837966043560279,49,0.259072924718296,0.461734224630873
NSMCE1,0.0128892956010606,188,0.49172048069783,0.663265414336747
APOBEC3C,NA,NA,NA,NA
MTOR,0.0184374793681747,189,0.325166344497791,0.522134351017322
TOGARAM1,0.0242456520445133,253,0.106383867561659,0.284584107806195
OGA,NA,NA,NA,NA
TGM2,0.0246453992891306,245,0.110956356924794,0.290232113738791
PJA1,0.0102127587773541,224,0.516855571949931,0.682000887313957
MPHOSPH8,0.0161590153148201,255,0.250410302486494,0.453723945435764
LRRC10,0.00232246596905218,221,0.916480895943494,0.950280932242639
FAM110B,NA,NA,NA,NA
PNP,0.00481991302804764,227,0.779657630912354,0.863807061341425
GAB2,0.0238589028616621,213,0.167592779570403,0.363484049035232
OPA1,0.00502151816774006,209,0.790491855776064,0.870764788981963
PPEF1,0.00419707553153833,254,0.786288250981592,0.868279395680954
ZNF521,0.0385861658659488,190,0.0631286726426202,0.217181732786713
SLC25A47,0.0199875811952454,211,0.24092312007176,0.443738617461894
BRINP2,0.0153746712797413,212,0.355505263841383,0.54982498968637
SELENON,0.011498584130257,234,0.443778731251514,0.624526621129202
OSTC,0.0233547008547011,25,0.905409489740647,0.943641183415457
IPO9,0.0112681181031636,177,0.575903256786255,0.725777150052419
KRT19,0.0623064826019815,226,0.00287946014188569,0.0425438565743111
PPT2,0.00565221404583504,184,0.792939815231917,0.872705752039278
R3HDM4,0.0600752860561007,181,0.0127780022000234,0.093503259850341
KIFAP3,NA,NA,NA,NA
DZIP3,0.0443958962756952,247,0.0121586306149052,0.0916408606489168
C1orf174,0.0245813989262915,237,0.121692661056861,0.305026216188784
PSMB5,NA,NA,NA,NA
MFAP3L,0.012239450299596,227,0.429108282253321,0.613645080033494
ARHGAP11A,0.0421847621991388,259,0.0123718454985356,0.0924151461990317
ULK2,0.0288324025676833,231,0.0846200284901738,0.254059566914393
SLC26A1,0.0276628886884701,247,0.0783773048803818,0.243229374989411
TEX45,0.00983785176020741,219,0.542932372193904,0.702311927950311
GRM3,0.0276768587212609,204,0.131725883617814,0.3190791572898
NAA35,NA,NA,NA,NA
ALPK2,0.0306944539611563,275,0.0382514748259014,0.165760729289786
CALD1,NA,NA,NA,NA
RUNDC1,0.0107363735976951,233,0.476949015404685,0.652041934327401
COMT,0.072819360246161,239,0.000604160471681404,0.0196792526018781
ST6GAL2,0.0650869753995329,249,0.00106065931001239,0.0257411033425079
UTS2,0.0433663598029656,207,0.0301886408649758,0.146275250060415
OSGIN1,0.0134721501141248,246,0.347548460948499,0.543247078870898
TIFA,0.0175426807746364,220,0.279055990678431,0.481361901364009
GRM1,0.0527054134022046,233,0.00664263587062644,0.0666146538962979
GPATCH3,0.0444542403224306,233,0.0160817585116642,0.104184666638145
TBKBP1,0.0207246134139146,185,0.282339561825955,0.483057047207866
DLX1,0.138949031754426,61,0.0395379753921815,0.169490291011385
CNTNAP2,0.0346524737897968,218,0.0570573130345038,0.205625902322422
E2F2,0.0185515015261318,234,0.228679928003223,0.431355063345408
SFT2D1,0.0382017877180012,172,0.08838933684461,0.259339991892492
EEF1AKNMT,0.0317025530049512,232,0.0622770334053557,0.215768954542886
CYB5R3,0.00875718666658988,202,0.623635119843703,0.759404999170992
ISLR2,0.0162470993396129,236,0.281791462709393,0.482629458262693
DMAP1,NA,NA,NA,NA
QKI,0.0579121269910744,37,0.554986514265204,0.710130364895427
RNF121,NA,NA,NA,NA
SBNO2,0.0265813693109303,256,0.0793118326023391,0.245054706458853
CD3E,0.0235620661199048,258,0.108943359820671,0.287624923440311
SGMS1,NA,NA,NA,NA
CIPC,0.00245273080884617,237,0.90125790455397,0.94182224217792
L3MBTL3,0.00925210771148315,210,0.586282897714226,0.734051196315983
CELF4,0.173814363814364,36,0.107617560943568,0.285962290043247
ABCG1,0.0163068222593881,170,0.430818959524417,0.615331419592125
SMC3,0.270750988142293,23,0.0508812460860499,0.192921568964553
SMG5,0.0744911210313947,231,0.000663607622417674,0.0205948466913684
GRIN3A,0.00812684064558653,251,0.565851296581609,0.718137657609989
ZNF277,0.0240248490662487,231,0.137108623192257,0.326823025449483
HORMAD1,0.00181298533702861,217,0.941971227775608,0.964572099931257
ASTN1,0.001976650755792,204,0.939982064104841,0.963820269578879
FCRL5,0.0579448558863488,185,0.013702204325643,0.0964683661091151
TEDC2,0.0161652527197733,245,0.267539490228007,0.470251293607278
SPRYD7,0.0208143285540545,73,0.68258617944315,0.799602690775113
XAF1,0.00258564429607843,191,0.920804597326321,0.952360512550595
MOK,0.0454467678484438,248,0.0105676857032607,0.0837002768138857
COL6A1,0.082019625046291,227,0.000340871998412936,0.0140122882652426
MSRB1,NA,NA,NA,NA
DCTN1,0.0299655716263031,208,0.102146522624216,0.279185019577024
TSC22D2,0.0378208383806894,197,0.0598395863713664,0.211551253192534
ILF2,0.187458256029685,21,0.153418996660128,0.34668406855486
NOS1AP,0.0300606055210827,205,0.105345061114348,0.28350853062619
TMEM184B,NA,NA,NA,NA
AGL,0.0325547941255646,263,0.0362492141938638,0.160804594905277
DIO1,0.0128794544132859,201,0.461731871789293,0.639266998489883
ARHGEF15,0.022790092338609,254,0.123572452879113,0.307626809982091
COLGALT2,0.00127648455236857,221,0.963593200560364,0.977480637494669
MINDY1,0.0120365936918564,220,0.45121077677138,0.63059727652401
ZNF830,0.0321968084889248,215,0.0754838190922677,0.238437675749802
SMOC1,NA,NA,NA,NA
CCDC152,0.0146750114462611,230,0.339299969499403,0.535745649831936
PLXNB3,0.00693510603843714,263,0.611243032089117,0.750649095799948
KIFBP,0.0101525684160857,191,0.587275520637976,0.734512523897207
CNTF,0.0399487680617841,216,0.035285394519,0.158577768878154
ASB12,0.0226904859585834,185,0.243171813649583,0.445915503661276
PCGF3,0.0232664239404682,71,0.652911285657647,0.780042034440938
BRDT,0.0109653795558726,267,0.404633095559767,0.594067207029845
GLMP,0.0216984323316517,256,0.136672205858007,0.326210122527658
VEPH1,0.0559864848189323,248,0.00314789762239904,0.0447792435615493
SHISA4,NA,NA,NA,NA
PTGS1,0.0302197989624595,216,0.0897707527257924,0.261989071199746
MTCP1,0.124786942380927,77,0.0235042455410025,0.127449892674073
SLC39A13,0.028876679103041,219,0.0981024358481537,0.273363470371251
SLC9B2,0.0282381823574571,227,0.0944411973298485,0.268422916579547
SUCNR1,0.030350243849804,235,0.0687180861890878,0.227796753892574
MRPL21,0.0118811270134513,212,0.474042179199059,0.649392405537186
NFE2L1,0.0313079166229651,196,0.106609971095938,0.284854099822057
WHRN,0.0160372977930681,259,0.24698169636367,0.45000842416133
CACNA1S,0.0582350331521732,273,0.00122296958494402,0.0275189763848887
NOTCH2NLA,0.00933979820187058,175,0.653706433285371,0.780266942111425
CD247,0.0219247764773758,209,0.206969656000106,0.410522588197688
GP1BB,0.0450434801585782,218,0.0205841192331666,0.118905264047497
SH3BP5L,0.0641573261077035,173,0.0115377952065469,0.0884147772265835
OR2T1,NA,NA,NA,NA
TRIM58,0.0116230244342938,208,0.492525009176463,0.663928716857687
SCCPDH,0.0186037776372666,235,0.225756335258755,0.428499655120046
CNST,0.0140671001637377,261,0.300908636665809,0.500963711970685
TFB2M,0.0351915589617512,257,0.0291709479395176,0.143595335912119
EFCAB2,0.0207871376932802,192,0.264684376453238,0.467663122454344
COX20,0.0532531609436217,184,0.020859730860074,0.119670960465722
CATSPERE,0.0878798925443849,268,3.23192668444577e-05,0.00407542754981201
ADSS2,NA,NA,NA,NA
SDCCAG8,0.0354883124817026,269,0.0232160264829391,0.126694460196972
CEP170,0.0269200929165353,263,0.0702255264951746,0.23021680963772
WDR64,0.00695262543055283,268,0.602749764352137,0.744002810504828
CHML,0.0296339978979118,233,0.0759875442839899,0.23919361443423
OPN3,0.0764045764011447,181,0.00326165802593722,0.0455333332899465
KMO,0.0401180587378353,251,0.0183169087357328,0.111034816591287
FH,0.022462988758142,222,0.174428492635753,0.372176458738305
ACTN2,NA,NA,NA,NA
HEATR1,0.0326932932881532,276,0.0294153830361266,0.144193412972213
GPR137B,0.0223948760229541,183,0.253387495164652,0.456455889450779
B3GALNT2,0.0350524921454805,225,0.0491768557790835,0.189563085715014
TOMM20,NA,NA,NA,NA
IRF2BP2,0.0399129135054161,171,0.0790687855682636,0.244422342960535
COA6,0.0255772499274552,86,0.537074559863628,0.698191445791893
SLC35F3,0.0323633610905458,191,0.104580078589561,0.282248756286639
KCNK1,NA,NA,NA,NA
MAP3K21,0.0159100453649542,208,0.348565173800071,0.543894233922359
NTPCR,0.0286856140745775,211,0.110449406991156,0.289941690486659
TSNAX,NA,NA,NA,NA
EGLN1,NA,NA,NA,NA
EXOC8,0.00990504215149564,180,0.62082743190364,0.757452306061369
GNPAT,0.010436346769211,246,0.465094800728577,0.641990097436528
C1orf131,0.0183574180036866,244,0.215808841373211,0.419142237627718
TRIM67,0.104856684124256,194,0.000151562352519333,0.00960445016095676
FAM89A,0.0370019424189232,177,0.0891770400088719,0.260794209311824
TTC13,0.0367189868664973,179,0.0882543037926606,0.259339991892492
C1orf198,0.0311795198786206,223,0.0744307229880389,0.236822274138685
AGT,0.0244820409112105,262,0.0941107922972738,0.267782629735943
COG2,0.0462858413177472,257,0.00791809130668282,0.07167363957492
OTX1,NA,NA,NA,NA
GALNT2,NA,NA,NA,NA
ACTA1,NA,NA,NA,NA
RAB4A,0.0118576566463524,57,0.881630321548395,0.930160111711602
RHOU,NA,NA,NA,NA
H2AW,NA,NA,NA,NA
H3-4,0.0614031557767658,71,0.231010246064096,0.433752984501301
TRIM17,0.0241470085422898,216,0.158292528313948,0.353274277678738
IBA57,0.0213406834929537,209,0.217808902407197,0.421090958170278
GJC2,0.0226274401621288,184,0.246653959814608,0.449732662521682
DLL1,0.0240097999808242,240,0.125058079145079,0.31005250067972
PRSS38,0.00625523597381268,194,0.751263465470493,0.844685685089208
JMJD4,0.0289524928317108,207,0.113364355208412,0.293562955583652
ERMARD,0.0205469559772803,262,0.147081723285592,0.339230863412767
TCTE3,0.00899032297367824,216,0.586445581227632,0.734051196315983
COQ8A,0.00204353705747273,257,0.913777806877365,0.94902341583545
PSEN2,0.0150021777029265,199,0.396206609547367,0.586345268323874
STUM,0.191572699513647,82,0.00142386946347566,0.0296209062031858
PARP1,0.0178262963659886,250,0.217819349279663,0.421090958170278
DACT2,0.0321482576621523,243,0.0507869018575467,0.192735075207365
ACBD3,0.0316060940411093,220,0.0744346390842616,0.236822274138685
H3-3A,NA,NA,NA,NA
LEFTY2,0.0310174704566013,213,0.0867242738113289,0.256820091570437
GPR31,0.0101680209235861,191,0.586655652406948,0.73407004413765
TMEM63A,0.0190507581892966,262,0.173840606167966,0.371142572488634
CEP43,0.0260979283837344,221,0.124884547360308,0.309923927354031
FBXO28,NA,NA,NA,NA
CAPN8,0.09925861924791,226,5.56041090740947e-05,0.00562042804101325
PACRG,NA,NA,NA,NA
PRKN,0.0395716160346975,240,0.0237865536500455,0.128177631228476
DUSP10,0.00989612803883748,194,0.591305028495125,0.737357192910612
HLX,0.00661079209184325,219,0.69591729573555,0.80891069247748
MTARC1,0.0221036887519193,217,0.189082171879954,0.389920748229129
MTARC2,0.0353782234796739,244,0.0351592275218611,0.158555856118922
MARK1,0.0173341199907889,202,0.322822579575541,0.520373164596139
IARS2,0.0324585072212423,267,0.0345750059243816,0.157556104081322
SLC30A10,0.0134247121961986,242,0.356741749514545,0.550719956670613
LYPLAL1,0.0119082376444701,221,0.454026780091886,0.632449422645768
TGFB2,NA,NA,NA,NA
RRP15,0.00675328584626531,233,0.666949499391062,0.789169143728495
SPATA17,0.00371172891590322,247,0.822268928518206,0.891952736019749
GPATCH2,0.00174990121638584,211,0.946875467524321,0.967306164625792
SLC22A2,0.0218430051487893,255,0.135788476098845,0.324831335761624
PTPN14,0.00159050513181995,241,0.943992030846869,0.965811330728011
SMYD2,0.00407966478813023,201,0.84565240714056,0.906698910740417
RPS6KC1,0.00597792178073848,259,0.672541604812228,0.793174356781974
ANGEL2,0.0119407396346138,224,0.446588694928749,0.626762897910917
SLC22A1,0.0659309784916547,229,0.00178928445725194,0.0330265606486387
FLVCR1,0.0067495876194452,230,0.671773835205268,0.792780068288535
NSL1,0.0443585400907659,222,0.0203149131314497,0.118034093814846
ATF3,NA,NA,NA,NA
NENF,NA,NA,NA,NA
DTL,0.04778542565105,219,0.0153330657580113,0.101533009532267
INTS7,0.0316649922052456,185,0.120370742267982,0.303392395314668
LPGAT1,0.00224238583218365,212,0.924750805793885,0.95520083232692
NEK2,0.0108389124748714,196,0.549168727117743,0.706512794768295
SLC30A1,0.014445265023445,225,0.356687134137882,0.550705217648208
RD3,0.0321767658084619,185,0.115541536324855,0.296262735380179
SERTAD4,0.0183339123225554,213,0.273951178437843,0.476905714678017
IRF6,NA,NA,NA,NA
TRAF3IP3,0.0109073785568044,251,0.435684588912606,0.619236423572531
HSD11B1,0.0576883387727004,225,0.00480793619205924,0.055069049708463
G0S2,0.00371712195075186,194,0.869102791343889,0.921500994754919
PLXNA2,0.0294464015150639,233,0.0774646044925065,0.241419408800357
MRPL18,0.0157625500172803,197,0.378036842380571,0.571409265862817
ACAT2,0.00880976986368697,223,0.581637596155698,0.730205096355368
CR2,0.0210263153089463,255,0.148484140294398,0.340737659601703
TAGAP,0.0490169202966478,276,0.00370621787826381,0.0479211404703757
C4BPA,0.0162841111247596,239,0.275212109917673,0.47813119688843
EZR,0.0617596107269555,181,0.0111111315763212,0.086445553913272
C4BPB,0.0317398410378369,230,0.0638169143824791,0.218076796773613
PFKFB2,0.0620479768858506,196,0.00705044554912778,0.0684069004613899
DYNLT1,0.0105041124759436,71,0.864874147541903,0.91814793302448
TMEM181,0.0246794164962807,192,0.193996967059898,0.395936584505637
FCMR,0.00640583266491393,239,0.6766071302159,0.795758464348482
TULP4,0.107175262589538,233,1.64799493124418e-05,0.00322905591451168
IL20,0.0093586201553362,218,0.566034485201478,0.718137657609989
MAPKAPK2,NA,NA,NA,NA
DYRK3,0.0320833775718949,217,0.0741623818484177,0.236540084617646
EIF2D,0.024899721749125,239,0.115259805961334,0.295897780432079
SRGAP2C,0.0163885934171646,99,0.658011519531569,0.783437852926434
AVPR1B,0.0236138250664444,234,0.138517774791605,0.328338429135657
FAM72A,NA,NA,NA,NA
SLC26A9,0.0319185347259022,276,0.0323987693466189,0.152358412429772
PM20D1,0.0288387511459652,256,0.0614341439327479,0.214128422859189
SLC41A1,NA,NA,NA,NA
RAB29,NA,NA,NA,NA
NUCKS1,NA,NA,NA,NA
SLC45A3,0.00218101734877332,236,0.916128120638355,0.950207121818886
MFSD4A,0.0156299170400498,239,0.293339158297361,0.493579647410329
NUAK2,0.044452215134603,254,0.0104654017021116,0.0834614040012132
DSTYK,0.00921981914113259,239,0.533068621045669,0.694861909455365
CLDN20,0.052099599958235,225,0.00860225126840576,0.0749515926518519
TFB1M,0.0228205854647076,250,0.128131214204183,0.314004068521161
TMEM81,0.0270010132044507,238,0.0937220560195775,0.267313993559468
LRRN2,0.0182599852967396,240,0.224733894928611,0.427898173988756
MDM4,0.0202563501325781,232,0.196850864475362,0.398837513515465
PIK3C2B,0.0258145319705161,254,0.0884449441468031,0.259339991892492
PPP1R15B,0.032890157299549,257,0.0380861287127734,0.165438245322606
ETNK2,0.0197965711949205,226,0.216409515856011,0.419575520466152
SOX13,0.0146108258760046,238,0.325623485918195,0.522573174981619
OPTC,0.000586956448969934,218,0.988361876515897,0.993431998998222
CHIT1,0.000979748604895815,191,0.979793222134996,0.987469057300887
MTRF1L,0.032157951636246,235,0.0569205619016725,0.205365517388017
PPFIA4,0.0149922468835514,231,0.32754059369446,0.524460271723994
TMEM183A,NA,NA,NA,NA
VIP,0.0222879295655364,173,0.280010747187748,0.4816539278257
MYCT1,0.0837481275303108,208,0.000602771786780916,0.0196792526018781
CYB5R1,0.01130372841079,203,0.515717503026935,0.681275606114619
SYNE1,0.0405332758339833,279,0.0103603534276726,0.0832832958436231
KLHL12,0.133611239365048,87,0.00934850420066153,0.0786410498676521
RABIF,NA,NA,NA,NA
KDM5B,0.0240106265148514,238,0.127677307965319,0.313615852313656
SYT2,NA,NA,NA,NA
LGR6,0.00916876049710992,254,0.508758103724686,0.676008681172415
PTPN7,0.0258569949086087,236,0.107952079643334,0.286324478404482
GPR37L1,0.0283389698896841,245,0.0746665596557717,0.237027244211343
TIMM17A,0.00650554335548717,95,0.893789895670992,0.937779251298488
LMOD1,0.0504868382876418,242,0.00683140255216479,0.0673932942713948
ARMT1,0.0490782735457125,257,0.00568083984687635,0.060665313375381
NAV1,0.0729976110285113,245,0.000481047578354088,0.0178099475520862
CSRP1,0.0751517794126277,93,0.0746911906382359,0.237040557494277
PHLDA3,0.0296382695200566,63,0.606793023356904,0.746894360246789
MTHFD1L,0.0145494625080296,267,0.275830476925422,0.478672428685404
TMEM9,NA,NA,NA,NA
INAVA,0.0390026869861054,246,0.0227465620265502,0.125040418025029
KIF14,0.0272385781338167,278,0.0564112428079679,0.204190320618982
NR5A2,0.000274696232946091,174,0.997283662002849,0.998145753970002
NEK7,0.103798168640274,75,0.0530841740198433,0.198089669005779
LHX9,NA,NA,NA,NA
C1orf53,0.0137258707332596,196,0.444227988329084,0.624744159205725
CRB1,0.0381196934438141,215,0.0428641623782606,0.177429010391533
ZBTB41,0.036573549451711,217,0.0481266984933585,0.187683908370361
ASPM,0.0231390920765136,270,0.101187996841139,0.27828337891789
KATNA1,NA,NA,NA,NA
F13B,0.0145196176613397,262,0.285095785205647,0.485375141786849
GINM1,0.00774112131806255,226,0.627691543949081,0.762376454676283
B3GALT2,NA,NA,NA,NA
CDC73,0.34534564924871,49,0.000863544718183736,0.023388884541483
GLRX2,NA,NA,NA,NA
UCHL5,0.0727353415653659,83,0.113360183189565,0.293562955583652
RGS1,0.0161977309174826,204,0.349296837179053,0.544576388580293
RGS18,0.0333680510085078,202,0.0818476166940959,0.249559790810631
BRINP3,0.0196737108867447,174,0.333488216997319,0.530913241459732
UST,NA,NA,NA,NA
PLA2G4A,0.0278704895797551,221,0.105384466697579,0.283518497646886
SASH1,0.00555590227465963,257,0.700313347604117,0.812013152526144
PTGS2,0.0352400189854706,239,0.038653195289447,0.166876981425897
SAMD5,NA,NA,NA,NA
TPR,0.0160548754422035,261,0.24325084536599,0.445954047298294
RAB32,0.0178354786191926,203,0.307676173710812,0.507153519396913
IVNS1ABP,0.0142515351751819,178,0.47123464960396,0.647007815583876
SWT1,0.0379081444020129,279,0.0145022299857294,0.098958571070821
TRMT1L,0.0446446602830605,238,0.0142227847618579,0.0982861566614337
RNF2,0.155831713637836,49,0.0580765855061534,0.208004328741949
NIBAN1,0.0295613592821602,270,0.0470140882320534,0.186331778099973
EPM2A,0.00996562770168447,180,0.618456224084429,0.75606243712222
NCF2,0.025831524960179,248,0.0945010175894313,0.268473111759758
SHCBP1L,0.00243518998604699,215,0.914225169946414,0.949255809916641
DHX9,0.0357805986829036,230,0.0421725391938804,0.176274847119547
NPL,0.0278188183569384,211,0.119557973939442,0.302486680884282
RGS16,0.0121063314445009,222,0.444407010294135,0.624858432667929
RNASEL,0.0282959153039713,268,0.056161744948239,0.203724290418904
STX11,0.0492086659655568,201,0.0199604964345254,0.117096675536672
SF3B5,NA,NA,NA,NA
LTV1,0.0117822986888439,246,0.409431582128071,0.597858361612372
IER5,0.0188999165034788,212,0.26277559018672,0.4658560574357
KIAA1614,0.0317491276140666,259,0.0422196877830694,0.176327833053721
XPR1,0.0110433019176111,189,0.556754710265314,0.711573305563375
PEX3,NA,NA,NA,NA
QSOX1,0.0276607627677302,258,0.0685091335230034,0.22757754943896
HIVEP2,0.00914438411445862,260,0.499544905959052,0.668790489045988
CEP350,0.0379406303076258,279,0.0144421468112494,0.0987812108336404
ADGRG6,0.015170811193468,272,0.249694890263081,0.453072648626114
NPHS2,0.0493218279840779,214,0.0147232998486026,0.0995317020629024
AXDND1,0.0360537032333559,257,0.0263871918526824,0.136059625682495
SOAT1,0.00905468036686458,230,0.557288027783923,0.711897725361689
TOR3A,0.0422207783387147,257,0.0128076517596148,0.093503259850341
VTA1,0.0154471327412461,188,0.409119465627097,0.59767670500421
RALGPS2,NA,NA,NA,NA
RASAL2,0.0103973599186561,202,0.553964981483604,0.709431674627972
HECA,0.0083421942403533,184,0.676139861204767,0.795355802374057
ABRACL,0.0215142602923499,89,0.594854805367571,0.739646076937013
PAPPA2,0.0154936931948107,269,0.245480164662421,0.448326964770827
COP1,NA,NA,NA,NA
TNR,0.0107495554920677,258,0.429687727047665,0.614072812152461
CACYBP,NA,NA,NA,NA
ECT2L,0.0537583978834707,264,0.00272261829137439,0.0414792373347884
GPR52,NA,NA,NA,NA
RC3H1,0.00289061307097453,222,0.887489433361285,0.933983260889879
SERPINC1,0.0334471835956063,238,0.0475451084237209,0.187257952406482
ZBTB37,NA,NA,NA,NA
SLC9C2,0.00195381601458879,284,0.907118212693949,0.944528902334099
FASLG,0.0319300428586655,212,0.0807615448120171,0.247725038812191
SUCO,0.00728283624064747,277,0.570320761402779,0.721230818937663
C1orf105,0.0327692434200576,202,0.0863083897285815,0.256468420808029
PIGC,NA,NA,NA,NA
OLIG3,NA,NA,NA,NA
IFNGR1,0.00669023729845201,259,0.631150994736264,0.764416338803488
PRRC2C,0.000757510506610581,269,0.977101467054307,0.98608274836796
FMO4,0.0134266234575089,224,0.392530014358175,0.583344488082348
FMO1,0.0194142145382683,226,0.224352323327366,0.42755516832221
FMO3,0.0371362142162281,182,0.0813191234607297,0.248847680578281
MROH9,0.0368035221408365,252,0.0262921038204024,0.135780167346643
GORAB,0.0741839432227112,263,0.000222106139236481,0.0115008019884199
SCYL3,0.0140473672348712,251,0.319229522525446,0.517528920428217
F5,0.0315655296525273,192,0.110207027875733,0.289520772901266
AHI1,0.0205666640531894,274,0.131937030234201,0.319477340341372
CCDC181,0.00298966931120364,246,0.865541631404158,0.918376159600899
NME7,0.0228533758031156,218,0.174810514511,0.372745786204695
ATP1B1,0.00732296919045893,201,0.690465826880704,0.805216809005828
DPT,NA,NA,NA,NA
TBX19,0.037262551351248,230,0.0361875526048786,0.160771096628129
TIPRL,NA,NA,NA,NA
HBS1L,0.0264908927016394,241,0.0954418149892833,0.270169777943476
DCAF6,0.00921113360942293,254,0.50671891197112,0.674317300780199
ADCY10,0.0132031425956712,285,0.289792214378951,0.4899779588397
SGK1,0.0185624174767073,182,0.339406276828964,0.535847073471387
POU2F1,0.00747772060222563,191,0.700674152621963,0.812013152526144
GPA33,0.0115382555942055,248,0.415343268894697,0.601833309232656
MAEL,0.0262135346213487,218,0.127798019929158,0.313791320959661
TADA1,NA,NA,NA,NA
POGK,0.00832298667461128,210,0.62818711110047,0.762542036501676
UCK2,NA,NA,NA,NA
MGST3,0.104811388019885,171,0.000479561424295324,0.0178066889207733
NUF2,0.00496453657113476,194,0.811375577899188,0.885042862387273
CCDC190,0.0169353497303093,229,0.276840554033951,0.479491468688597
DDR2,0.00636441660280365,186,0.758425569072985,0.849767576996001
VNN3,NA,NA,NA,NA
VNN1,0.0370352626658692,234,0.0346493118181275,0.1576020446293
SH2D1B,0.0214250059870869,210,0.21427668325999,0.417618280511074
TAAR2,0.00313099115911101,196,0.894014546432401,0.937825380797323
SPATA46,0.0395696050545643,240,0.0237917650929741,0.128177631228476
OLFML2B,0.0210353846217082,257,0.145677326687077,0.338040568882859
STX7,NA,NA,NA,NA
ATF6,0.0366436153512173,249,0.0281483745251484,0.140974320862088
DUSP12,0.00534632156984833,218,0.762576551677,0.852917797677902
FCRLB,0.03901016312191,240,0.0252859045852061,0.132309482661128
FCRLA,0.0017439825034308,247,0.934184569390082,0.960350732213942
MOXD1,0.0030775772264554,246,0.860433422697092,0.915863810944628
FCGR3B,0.0285969030457331,182,0.159351290856477,0.3544355641544
FCGR3A,0.0137908267245786,245,0.338703040179966,0.535533447514842
CFAP126,0.00518500378030129,199,0.794808471211773,0.873850197630623
SDHC,0.0156280814273526,212,0.347987241993136,0.543666034595753
CCN2,0.0168742524736945,176,0.39892947326447,0.588460246872398
NR1I3,0.0363776594424379,204,0.0605971474813639,0.212959511678436
TOMM40L,NA,NA,NA,NA
APOA2,0.0075321141210038,213,0.660113756793579,0.784766993981427
NDUFS2,0.0064703251536079,194,0.741331903262643,0.83756435809796
ADAMTS4,0.00967593366350581,248,0.495507120618892,0.665520671606474
UFC1,0.0591363394747763,73,0.234936734399502,0.437769458567967
DEDD,0.0270644420241992,179,0.185661261478429,0.385865844799081
NIT1,0.0175831574705007,213,0.292417012233099,0.492529564482348
PFDN2,NA,NA,NA,NA
KLHDC9,0.0227077272365244,240,0.143061562586701,0.335240489623593
NECTIN4,0.0151204343177958,225,0.335719324585503,0.533531484641998
ARHGAP30,0.0139622504892877,272,0.285779618205092,0.485874945596055
USF1,0.10064909628419,78,0.0514715856310951,0.193832677290842
TSTD1,NA,NA,NA,NA
F11R,0.0131091070249306,231,0.389303733442478,0.58143005634632
CD244,NA,NA,NA,NA
SLAMF7,0.0082280866625697,247,0.567417834961398,0.718853431420309
SLAMF6,0.017496889627575,229,0.262622850702525,0.4656836095269
MED23,NA,NA,NA,NA
VANGL2,0.0366043602229139,63,0.518394797319194,0.683455631045131
COPA,0.0411603126674475,173,0.0694042721481912,0.22883481738929
PEX19,0.0339258194977173,178,0.111373526771576,0.290964766556471
DCAF8,NA,NA,NA,NA
PEA15,NA,NA,NA,NA
CASQ1,0.0181645958395952,205,0.295061725125007,0.494648921660209
ATP1A4,0.0114169586349768,271,0.379067557497337,0.572421675632687
KCNJ9,NA,NA,NA,NA
PIGM,0.0995730005476937,229,4.65760732678479e-05,0.00507002452255821
SLAMF9,0.0726737293444766,204,0.00204059197867908,0.0353591557013017
IGSF9,0.00606356639357674,273,0.648265979096552,0.776626198634098
TAGLN2,0.0281434581239432,179,0.171100234906204,0.368221120609229
CFAP45,0.0180212971039076,252,0.210217344380138,0.413678630720865
VSIG8,0.0646914111735617,221,0.0026056457911237,0.0404208340995754
FCRL6,0.0472234717833005,97,0.209325669885775,0.412561394562864
DUSP23,NA,NA,NA,NA
FCER1A,0.00703606843595905,257,0.614666544872961,0.753367051308149
ACKR1,0.00422106008341605,266,0.772590574249163,0.859588848924377
CADM3,0.109203065166921,173,0.000303157251154774,0.0130161752197574
EPB41L2,0.0112323252200123,253,0.418496162877051,0.604510279052072
OR6K6,0.0217915615916503,170,0.297819087848256,0.498164421176174
ARHGAP18,0.013064282580709,248,0.357950241325545,0.55188722212114
CD1D,0.0187284676969609,185,0.327828537237242,0.524760586351649
CD5L,0.013697667233433,202,0.431256885862133,0.6156807194642
FCRL1,0.0185883245876377,240,0.217466863722525,0.420881597507146
FCRL3,0.0681477715611007,197,0.00392493187432207,0.0497364414758835
ETV3,0.0271661822886815,228,0.103774590292617,0.281147241430922
ARHGEF11,0.0483840165561326,281,0.00359045686605144,0.0474143798542187
INSRR,0.023904511444179,252,0.111608650113392,0.291339981111736
PTPRK,NA,NA,NA,NA
MRPL24,0.0188641311502261,191,0.310006633157986,0.508729962840146
RRNAD1,0.0167476781084891,228,0.283685788622689,0.484099672637363
ISG20L2,0.0143663268208556,225,0.359211348874816,0.552794095583903
NAXE,0.0384985738991918,212,0.0435330017462255,0.178908134959641
TTC24,0.0465861581161449,233,0.0128107817964148,0.093503259850341
TSACC,NA,NA,NA,NA
BGLAP,0.00716892736004399,194,0.709382744951072,0.817109452504966
PMF1,0.0413971175620198,229,0.02399423020589,0.128627203257191
LAMTOR2,0.0699168466687174,180,0.00581164788904144,0.0616809562623598
UBQLN4,0.0147220110810037,176,0.461650448294428,0.63922375619459
RSPO3,0.00669076698880358,185,0.745555046121733,0.84037428687551
KHDC4,NA,NA,NA,NA
RIT1,NA,NA,NA,NA
SYT11,NA,NA,NA,NA
CENPW,NA,NA,NA,NA
DAP3,0.0353573679934723,234,0.0413357481072735,0.174132803888501
YY1AP1,0.0344595715303859,235,0.044716621860562,0.181372253873071
ASH1L,0.0428074623859601,241,0.0163766016431122,0.105286420255768
RUSC1,0.0602706812977797,239,0.00247191974968038,0.0393038326241314
FDPS,0.0382371262529197,232,0.0315988566925892,0.149997405455392
NCOA7,0.0102855497082644,250,0.464349733349203,0.641427137086274
HCN3,0.00124598041536871,216,0.965950628707159,0.978809777495417
HEY2,NA,NA,NA,NA
MTX1,0.0729707116431978,170,0.00632808679877443,0.064465177380683
THBS3,0.0435590841104948,202,0.0327264664445653,0.15318060237869
DPM3,NA,NA,NA,NA
SLC50A1,0.0278226927969611,195,0.144893030895145,0.337221357187978
EFNA1,0.0689172732553897,189,0.00473174339062137,0.0547849852935943
EFNA3,NA,NA,NA,NA
NKAIN2,0.131444062473474,55,0.0688395453974424,0.228020923324272
DCST2,0.0417202242205383,262,0.012341611200589,0.0923354793621316
SMPDL3A,0.00806255289051856,246,0.577543760685387,0.727175830570824
FABP7,NA,NA,NA,NA
PKIB,NA,NA,NA,NA
HSF2,NA,NA,NA,NA
PYGO2,NA,NA,NA,NA
PBXIP1,0.070068770939333,255,0.000484243094616068,0.0178571434146456
PMVK,0.0453200940823125,206,0.0256663802547547,0.133532278972449
MAN1A1,0.0233339301854484,215,0.172276584295341,0.369441754097569
CHRNB2,0.107660289527055,205,6.64073006555188e-05,0.00604031348194494
TDRD10,0.0505855016289509,99,0.174944787358281,0.372766632271178
IL6R,0.00773464977971174,245,0.596133844547236,0.740306113480699
CEP85L,0.000995701792548386,242,0.970893574560966,0.982169019294024
NUS1,NA,NA,NA,NA
GOPC,NA,NA,NA,NA
ROS1,0.0669425727927214,261,0.000583316695983335,0.0194039232269357
C1orf43,NA,NA,NA,NA
C1orf189,0.00936236481515233,193,0.615462993163067,0.753922927856576
ECHS1,0.0122104922428722,212,0.461639513255664,0.63922375619459
FAM162B,0.0273111340262667,191,0.158461523672592,0.353444127056766
NUP210L,0.0138948507634352,265,0.299588411463599,0.499720236769883
TUBGCP2,0.0359763010691717,236,0.0374967950968061,0.163996971961855
KPNA5,NA,NA,NA,NA
RAB13,NA,NA,NA,NA
ZUP1,0.0579934800293999,249,0.00242827745776938,0.0390392785926844
CFAP46,0.0250624129911359,239,0.113332716595551,0.293562955583652
NKX6-2,NA,NA,NA,NA
INPP5A,NA,NA,NA,NA
CALHM4,0.0104562761328474,230,0.49466164729212,0.665189604045238
CALHM5,0.0243950604346771,233,0.129395328545135,0.315903610593299
TRAPPC3L,NA,NA,NA,NA
CREB3L4,0.060661567747253,243,0.00211147466956569,0.0360752814956956
LRRC27,0.0441487476195978,179,0.0490289233269089,0.189221929542882
CRTC2,0.136566460590597,233,6.10238353624038e-07,0.000647601344165177
TCERG1L,0.0148645200367923,242,0.310237695249822,0.508870973342059
GLRX3,0.0305956385889866,195,0.114788114338745,0.295461080076447
GATAD2B,NA,NA,NA,NA
TUBE1,0.00621158922389402,224,0.709011236378456,0.817109452504966
CLRN3,0.0233156288237495,237,0.138489859099443,0.328333366621465
ADAM12,0.0245484401317799,259,0.0964653741658244,0.271150519835784
NPR1,0.00679909083759204,235,0.661435121328817,0.785496795456295
SNAPIN,0.0177388516563038,71,0.743016585688607,0.838923691075364
CHTOP,0.0109645161941546,70,0.8598285300443,0.915646104442716
FANK1,0.0276921879737128,219,0.109828840886338,0.288901546582412
S100A14,NA,NA,NA,NA
S100A16,NA,NA,NA,NA
S100A2,NA,NA,NA,NA
S100A3,NA,NA,NA,NA
S100A4,NA,NA,NA,NA
S100A5,NA,NA,NA,NA
S100A6,NA,NA,NA,NA
S100A8,0.025811604850254,202,0.158528242089853,0.353503957487977
S100A12,NA,NA,NA,NA
PRR9,0.0107362957249692,195,0.555391863090214,0.710187828144274
UROS,0.0133627720532765,216,0.411624012018365,0.598933558452269
TCHHL1,0.0186860593581223,205,0.282498494300833,0.483134258549135
MMP21,0.0765611795286896,229,0.000569412827094269,0.0193270492925283
S100A10,0.0416218081435473,45,0.608134637294021,0.748200802676994
THEM4,0.00484432661318697,219,0.787689759378424,0.868949049410447
THEM5,0.016607509275634,221,0.301373892209859,0.501194878611888
LINGO4,0.0242326752878631,229,0.137148005392331,0.326855725426035
TEX36,0.00992783413587604,217,0.542980259616738,0.702311927950311
MRPL9,0.0139695068389585,228,0.365992954373726,0.559309607259872
LHPP,0.0124326680192952,225,0.425988764603988,0.611248430859367
OAT,0.0359732923530783,197,0.0702971914522379,0.230333169625856
TUFT1,0.0279933572297449,246,0.0765515721893392,0.239960822890333
SLC16A10,0.0053099402809772,230,0.749175134768936,0.843335205622871
BUB3,0.00955928525256233,49,0.927835204355009,0.956834750013393
PI4KB,0.000940325353831439,182,0.982250461845862,0.989499961727955
PSMD4,NA,NA,NA,NA
IKZF5,NA,NA,NA,NA
PIP5K1A,0.0927965665322712,214,0.00018981947731184,0.0106875780171773
SCNM1,0.00446530439087996,203,0.824947190946099,0.893412195908973
LYSMD1,0.0166649056136973,202,0.340792399283816,0.53711125654589
TNFAIP8L2,0.0149701481064312,171,0.467226779090887,0.643169072470984
CDK19,NA,NA,NA,NA
SEMA6C,0.0201496723644828,243,0.181088515191586,0.380208264009238
GABPB2,0.0474391516744672,211,0.0188900083357774,0.112949833880029
SLC22A16,0.130434195284472,220,2.76377756201889e-06,0.00146664462624469
MLLT11,NA,NA,NA,NA
DDO,0.0145629402338757,231,0.340815622837608,0.53711125654589
BNIPL,0.0201235658959873,224,0.213403025318955,0.41698388009546
CDC40,NA,NA,NA,NA
ANXA9,0.0141238233618006,224,0.369128098239901,0.562144620253902
CEP57L1,0.0319894569288569,249,0.0474086800725145,0.186961428201728
AFG1L,0.00414683933063527,216,0.827461561092392,0.894979142372649
NR2E1,0.0228008788260507,174,0.26751409155071,0.470251293607278
HTRA1,0.00704905644012326,195,0.713166286716878,0.81985551558682
CTSS,0.0227889575580091,227,0.1611162166268,0.356575442818633
PLEKHA1,0.018236931337392,212,0.278352931630293,0.480691923694021
TACC2,0.0307703454316169,242,0.0597657504572657,0.211496692921294
SCML4,0.0102843083316462,220,0.521727578389383,0.685677575852131
NSMCE4A,0.0608619804559381,191,0.0090371415898917,0.0775064210699399
PDSS2,0.0115823772657512,207,0.496251699172695,0.665851415999099
ADAMTSL4,0.0116399612568409,259,0.391145923286794,0.581945521107746
BEND3,0.0110796076891746,226,0.47657345457162,0.651878371541634
QRSL1,0.0291841447096146,247,0.0663972317216882,0.223299483286882
ECM1,0.0114739037002472,265,0.387158638520158,0.579622948182994
RTN4IP1,0.0193493286869613,233,0.21326959901424,0.4169323432761
TARS2,0.0175392125870619,257,0.213180560307009,0.4169323432761
RPRD2,0.0156646891598958,236,0.298010010839487,0.498278578949093
SEC23IP,0.00336001619589954,257,0.835028886717194,0.899663979462836
ATG5,NA,NA,NA,NA
BAG3,0.0176898507026998,249,0.22258608831165,0.425619381965164
TIAL1,NA,NA,NA,NA
CIART,0.0199006381208378,241,0.188941538110884,0.389789726940687
C1orf54,0.018727224282472,179,0.343014657526222,0.539271037927905
RGS10,NA,NA,NA,NA
APH1A,0.0369288101197235,69,0.473277761478034,0.648676730226804
PLEKHO1,0.0241962174770049,198,0.189703235250977,0.390632239960622
EIF3A,0.0728573953011826,230,0.000820633089160697,0.0229494700642564
SV2A,NA,NA,NA,NA
CACUL1,NA,NA,NA,NA
BOLA1,0.0192387848845512,177,0.335847753876962,0.53366899480686
H2BC21,NA,NA,NA,NA
ASCC3,0.0247025091032294,258,0.0958307549057285,0.270706927027234
H3C10,NA,NA,NA,NA
H2BC18,NA,NA,NA,NA
FCGR1A,0.0127532553931118,222,0.420468536004426,0.606061212852744
FAM204A,0.00927709616915805,216,0.573533306192317,0.724223694989624
RAB11FIP2,0.0187661483658258,220,0.249850603303439,0.45310447289823
VAX1,NA,NA,NA,NA
SIM1,0.00192813480670776,184,0.949800976424726,0.969284073377028
PRDM13,0.00364978978999382,235,0.836499799574087,0.900554810619946
CCNC,NA,NA,NA,NA
PNLIP,0.0880612298148111,254,5.70540004464322e-05,0.00563286627663381
PNLIPRP3,NA,NA,NA,NA
GJA8,0.0470433394005547,228,0.0135955401600024,0.0961425871614603
PNISR,0.00805069423224633,178,0.699691531853719,0.811813004435544
FBXL4,0.0132560245719904,227,0.392263683555007,0.583220905178212
FAM160B1,0.0218097849012353,229,0.173812245167808,0.371142572488634
CHD1L,0.0110673503533233,248,0.43454151681768,0.618383809513321
KLHL32,NA,NA,NA,NA
UFL1,0.0134358744317724,230,0.37993274294511,0.573252388834133
CCDC186,0.0396429175830699,260,0.0164238189261899,0.105430321493929
ADRB1,0.0743399391482419,198,0.00214661338464465,0.0365220191504688
NHLRC2,0.00566603043609006,252,0.700345437398762,0.812013152526144
EPHA7,NA,NA,NA,NA
DCLRE1A,0.0367017689095437,279,0.0169163735422547,0.106709724335887
PEX11B,NA,NA,NA,NA
RBM8A,NA,NA,NA,NA
PLEKHS1,0.0115202327176848,251,0.410489905899594,0.598702616989241
POLR3GL,NA,NA,NA,NA
CASP7,NA,NA,NA,NA
MAP3K7,NA,NA,NA,NA
GJA10,0.00728278782873796,193,0.705934379654798,0.815081739831063
SCAF11,0.0433419335193174,271,0.00847565830779227,0.074445506350374
FCGR1B,0.0187225316153156,208,0.275218263535575,0.47813119688843
FAM72B,NA,NA,NA,NA
MDN1,0.0451599600181685,288,0.00472191015457321,0.0547208805538166
ADAM30,NA,NA,NA,NA
ZDHHC6,0.0865022723665364,207,0.000479212793501967,0.0178066889207733
HMGCS2,0.0266520662507471,215,0.126958894341445,0.313034104681419
RRAGD,NA,NA,NA,NA
TBX15,NA,NA,NA,NA
GDAP2,0.015321048056855,180,0.433058545218847,0.617301791134142
TENT5C,NA,NA,NA,NA
CLIC2,NA,NA,NA,NA
SHOC2,0.00798737250013452,87,0.876277498797206,0.926338408095333
RAB39B,NA,NA,NA,NA
VTCN1,0.0109894843809576,208,0.517361251697202,0.68245602295345
TTF2,0.0111650951227218,268,0.394551414581389,0.58484716202381
CD101,0.0163562396330692,269,0.222922797867834,0.42577967764612
CD2,0.0157570902614697,257,0.257835784459143,0.461182437607593
IGSF3,0.0027482309808621,244,0.880745586574291,0.929728619196864
RNGTT,NA,NA,NA,NA
CD58,NA,NA,NA,NA
FUNDC2,0.00861648957574927,177,0.678466910053948,0.797136030115044
MAB21L3,0.0188142936098038,252,0.193291073269169,0.395063452471769
CNR1,NA,NA,NA,NA
SLC22A15,0.0115378294168265,213,0.485125537870757,0.658894521204683
NHLH2,0.0542394215111352,60,0.361786892236461,0.555195509618585
TSPAN2,NA,NA,NA,NA
RBM20,0.0173385617252815,265,0.205491123467,0.408671915751985
SYCP1,0.0110383366252936,269,0.398103313133622,0.587649953183799
SIKE1,NA,NA,NA,NA
SMIM9,0.0227007397543335,171,0.277083312712829,0.47967011971056
MPP1,0.00974235877379527,183,0.620804063344586,0.757452306061369
NRAS,0.0833123223334568,30,0.490652552137126,0.662672877696165
RARS2,0.037276022759916,233,0.034355598128234,0.157223463083431
BCAS2,0.0411815832746065,44,0.621307933111009,0.757875475155809
SYT6,0.0357055198466259,187,0.0842562067594743,0.253421099054572
DKC1,0.036392270444749,216,0.0497850957036699,0.190638297920006
SLC35A1,0.0211418115729531,178,0.290693006339977,0.490717451028751
CFAP206,0.0344537338084836,243,0.0395226175082335,0.169490291011385
AP4B1,0.00270524941867837,227,0.893820848893871,0.937779251298488
GAB3,0.0546891377491889,236,0.0049679665374509,0.0561419891934114
CGA,NA,NA,NA,NA
DUSP5,0.0171964496009602,199,0.333307734277709,0.530793577943493
SMNDC1,0.146449472096531,51,0.062299673165696,0.215768954542886
PHTF1,0.00375557742761912,218,0.84588548178689,0.906834806063791
G6PD,0.0599160346069119,218,0.00463275872637107,0.0542947724900215
SYNCRIP,NA,NA,NA,NA
TAFA3,0.00377117474336776,206,0.855891926053526,0.91347606854475
RHOC,0.00171494525407633,207,0.949715530477158,0.969274540921315
FAM3A,NA,NA,NA,NA
UBL4A,NA,NA,NA,NA
TBX18,0.0350427504084001,201,0.0716257510443111,0.231941409941608
CYB5R4,0.0174447550366571,239,0.245526870270528,0.448326964770827
WNT2B,NA,NA,NA,NA
SORCS3,0.0320188638757336,243,0.0515042198353967,0.193877942789248
PRSS35,0.0951107832959726,225,9.09931778197645e-05,0.00706639702873488
DDX20,0.0205177314528245,254,0.158334621259508,0.353274277678738
CFAP58,0.0181299027802155,247,0.215890045594177,0.419142237627718
ME1,0.0247640075174821,231,0.127389823576249,0.313367907304887
GSTO1,0.0548155880295829,228,0.00600953060689534,0.0625948633539189
TMIGD3,0.0312538330326821,209,0.0896310669015682,0.261761354748538
ATP5PB,0.0338649540901789,221,0.0588495683783075,0.209566414969061
RWDD2A,NA,NA,NA,NA
SFR1,0.0236400195291785,217,0.164180694279634,0.360393885271531
UBE3D,0.0378836648207478,252,0.0232379286290929,0.126694460196972
SLK,0.0116193762620149,268,0.376108942716671,0.569547501056684
TENT5A,0.0140215566500707,216,0.389374295593278,0.58143005634632
ATP6AP1,0.0128360705151862,242,0.377433816090771,0.570631182541792
LRIF1,0.0402050133254064,254,0.0171602914898434,0.107642022222589
NPBWR2,NA,NA,NA,NA
KCNA3,NA,NA,NA,NA
KCNA10,0.0385041491576034,228,0.0329485192194903,0.153655196184339
SH3PXD2A,0.0504220749835873,248,0.00597854610934208,0.0625948633539189
SLC16A4,0.0348405249209814,239,0.0403462938992093,0.171684062512639
NEURL1,0.00522933555639028,196,0.79648034245214,0.875079863044979
CALHM3,0.0141645817190772,222,0.3719577974908,0.565709876862052
RBM15,0.0567068677931725,212,0.00750350344477277,0.0702599495302907
KCNC4,0.0235620308040095,183,0.231969737531906,0.43484936373364
CALHM2,0.0533235081433792,179,0.0234210564902829,0.127259157025932
STRIP1,0.00764833467598244,190,0.694896576310939,0.808163893333587
PDCD11,0.0157299126601656,280,0.222440512924153,0.425619381965164
TTK,0.0224522743153483,247,0.137254042651368,0.326874916523105
AHCYL1,0.0560622914349277,30,0.443568415783934,0.624437641585519
NEURL1B,NA,NA,NA,NA
EPS8L3,0.0262711619548765,247,0.0911449538587696,0.263823211896657
ELOVL4,0.0577328702816022,172,0.0196832245023986,0.116058123732662
SH3BGRL2,0.0130556757590847,88,0.768429046916502,0.856380148891195
TAF5,0.0157811335435918,182,0.414301827008894,0.600768310234007
EMD,0.0697131173812391,195,0.00362958383933783,0.0476069822634466
PCGF6,0.00421995696187578,183,0.857097026160647,0.91416026506842
INA,0.0376000803131559,177,0.0851377268325064,0.254713199186939
FLNA,0.00349099737145251,220,0.857931168693638,0.914513840348357
GNAI3,0.157179755477858,66,0.0168112580456645,0.106471559220616
AMIGO1,0.0385776327243948,194,0.0589758945308097,0.209750626289973
ATXN7L2,0.0092014298702209,235,0.541238284602857,0.700814436020942
SYPL2,0.00710620575961718,187,0.723973905831399,0.826805206659675
CNNM2,NA,NA,NA,NA
AS3MT,0.0286773285005964,179,0.164298602500189,0.360528428918401
SAMD10,NA,NA,NA,NA
CYP17A1,0.0515643552528907,268,0.00323905244857007,0.0454947922403342
ZNF512B,0.0253674873526489,244,0.103884641550523,0.281265900252437
SFXN2,0.0277925041009427,210,0.121301029715585,0.304677789543696
SUFU,NA,NA,NA,NA
ACTR1A,NA,NA,NA,NA
PSRC1,0.0250117478294747,234,0.120298669700453,0.303330797328246
TKTL1,0.0410895373892181,222,0.02823583088157,0.141280642664703
ABHD16B,0.00976268332546916,211,0.562060629720026,0.715431421487902
SARS1,0.0024462453265998,209,0.916949681575538,0.950359909966894
OPN1MW2,0.0455209017978288,178,0.0448442357995663,0.181659092602823
CUEDC2,0.008464639022021,213,0.61613177166136,0.754524446526835
ELAPOR1,0.0672456443400101,254,0.000702355582218822,0.0213240405749803
IRAK1BP1,0.00896909023763263,210,0.598850073438489,0.741776427837265
HTR1B,0.0222013333034897,196,0.228034942274398,0.430898074897142
C1orf194,0.0191866104112519,217,0.246297210705264,0.449211123520298
IMPG1,0.0155334838756003,255,0.267409061009561,0.470251293607278
OPN1LW,0.0531231938447437,197,0.0153688591740887,0.101629174683901
NFKB2,0.0344183609919155,228,0.0500394538474029,0.191152514757206
TMEM187,0.0381950739448844,200,0.0550237720652852,0.201548104982304
HCFC1,0.0435051497620503,250,0.0126653174539499,0.0934922364492593
TNFRSF6B,NA,NA,NA,NA
AKNAD1,0.0184890942137807,208,0.280733233102009,0.482086489016682
PITX3,NA,NA,NA,NA
ELOVL3,0.00368703748226972,255,0.816609948305399,0.888310924292583
STXBP3,0.0421621076571094,199,0.0393395991965389,0.169019236474529
FNDC7,0.0109719899385091,259,0.418459089051687,0.604510279052072
PRPF38B,0.0241250193994439,173,0.245766436970499,0.448499977254087
ARHGAP4,0.0036656883461647,254,0.818806398205232,0.889712335768435
HENMT1,0.0265492334181221,236,0.100540901310604,0.277491006379349
ARMH3,0.00922714449021463,95,0.833298605068594,0.8988654435431
FAM102B,0.00592141733723742,181,0.785322520477095,0.867765714106913
STMN3,0.0478526890858575,84,0.264528290825317,0.467592271411341
L1CAM,0.0519448652494351,243,0.00566336620858201,0.060665313375381
NTNG1,NA,NA,NA,NA
GMEB2,0.0433674636270975,182,0.0492264332685904,0.189665264639166
PRMT6,0.0298766955532145,172,0.163993389262161,0.360168961138624
AMY1C,NA,NA,NA,NA
COX7A2,NA,NA,NA,NA
FNDC11,0.0275463236363114,204,0.133243931698408,0.321501110576235
SRPK3,0.0123847876837452,213,0.453023551904973,0.63187086020687
NPM3,NA,NA,NA,NA
SLC30A7,0.00839065116533274,177,0.687645653078673,0.802883666814262
EXTL2,0.00512383203484547,198,0.798978680155193,0.876618924057248
DBT,0.0170535683504733,227,0.277655059694141,0.480214496586205
TRMT13,0.0316072465001921,229,0.0656005918954802,0.221596484283678
DPCD,0.0271646749125066,187,0.167983667624211,0.363912228416729
MFSD14A,0.100851849610539,53,0.154758041382078,0.34810992847795
SLC35A3,0.00354477625097351,194,0.876927463050399,0.926827384595539
POLL,0.0266256629879879,266,0.0701403221286269,0.230090708573059
DUSP9,NA,NA,NA,NA
PPDPF,NA,NA,NA,NA
PLPPR4,0.0232163217200943,189,0.224683884098652,0.427866918044324
BTRC,0.0479986434373081,91,0.228930539646196,0.431387320412661
DPYD,0.0152558855535847,250,0.284035574682222,0.484267346606798
LBX1,0.0122256345168901,83,0.800646539111616,0.877541680045227
TLX1,NA,NA,NA,NA
PTBP2,0.351591280451574,33,0.0104436209444773,0.083444138236426
KAZALD1,0.0188959245081857,207,0.273301814136083,0.476035544972259
RWDD3,0.0119350942422577,242,0.411083832513902,0.598702616989241
TLCD4,0.0290565500985736,221,0.0940022583931242,0.267713050736769
ALG14,0.0165593998037534,211,0.323695446158905,0.520923073323201
CNN3,0.140631660398251,76,0.0144429481732251,0.0987812108336404
HAUS7,0.0339785121044873,242,0.0422663423643191,0.176327833053721
ABCD3,0.0613979807690263,194,0.00791576113361373,0.07167363957492
LZTS2,0.00934571469935089,212,0.578249828776521,0.727746696488628
ABCA4,0.00894813735100221,274,0.485709517697003,0.658925907263424
TREX2,0.0458488687851996,198,0.0288654634290333,0.142769142614434
GCLM,NA,NA,NA,NA
MRPL43,0.070326902739245,185,0.00476783821151477,0.0549189274456661
BCAR3,0.00856773446178549,262,0.524857495514815,0.688041276348344
ZNF275,0.0259452813298539,214,0.137071362969643,0.326823025449483
CHRNA4,0.036710914383744,238,0.0335498775684598,0.15541726808822
SLF2,0.028358571373396,254,0.0665325568191249,0.223483675285482
DR1,0.0410312492391838,44,0.622724707043042,0.758717286956065
NSDHL,0.0172796468461312,240,0.247781229663623,0.451078007575172
CETN2,NA,NA,NA,NA
TMED5,NA,NA,NA,NA
MTF2,NA,NA,NA,NA
DIPK1A,NA,NA,NA,NA
GABRA3,NA,NA,NA,NA
NKAIN4,NA,NA,NA,NA
RPL5,0.0289857478281615,68,0.584522159927599,0.732435480995465
GABRE,0.015166069294096,208,0.370631270883293,0.564029139200576
DDX43,0.0218912847275907,241,0.154121325749042,0.347554021379261
YTHDF1,0.0248780258584935,196,0.183021780125606,0.382878678002582
SEC31B,0.0424173529925,256,0.0127611019574495,0.093503259850341
FATE1,0.105238400823114,183,0.000254141422656568,0.0119536601720829
SLC17A9,0.00506478314152337,227,0.766309944005043,0.855232613901015
SCD,0.0394996519248451,223,0.0325263066404251,0.152748909060639
GLMN,0.0342921200730878,227,0.0514706930765895,0.193832677290842
VMA21,NA,NA,NA,NA
DPPA5,0.00628914434523053,171,0.784525028150532,0.867281395777042
BLOC1S2,NA,NA,NA,NA
C1orf146,0.0183875117051899,200,0.300704197589415,0.500807441443315
EPHX4,0.00301560472003833,175,0.913428985601043,0.948738506003497
MTM1,0.00661041449928248,195,0.733311696212311,0.831356396916503
CHUK,0.0488511738436871,183,0.0307769646424502,0.148063651457421
CPN1,0.00371220642187112,234,0.833878284816088,0.899184983101998
HFM1,0.0194892256033778,276,0.147285441635312,0.339577730750785
OGFRL1,0.00735544158875631,247,0.612883141043688,0.751987188921772
BARHL2,NA,NA,NA,NA
LRRC8C,NA,NA,NA,NA
SMAP1,0.00968789617592427,222,0.543657803737361,0.70240644061493
AFF2,0.0273329529126983,256,0.0728632784835162,0.23416268351402
FMR1NB,0.0232877895718405,172,0.263391328119248,0.466567171739232
SDHAF4,0.0258171537560027,187,0.186883974507295,0.387446422343571
FMR1,NA,NA,NA,NA
CUTC,0.0162415539763493,178,0.411341282508603,0.598793299123279
MRGBP,NA,NA,NA,NA
ENTPD7,0.0163447406896628,205,0.3428934568442,0.539202829953671
SLC25A28,NA,NA,NA,NA
GTF2B,0.147195042860366,32,0.2067351681018,0.410185247070342
NTSR1,0.0468912161338606,218,0.0171325776595909,0.107593939384886
GOT1,0.0743005403744307,216,0.00114765394012186,0.0267677989310703
PKN2,0.0286065418422116,200,0.1275566010658,0.313460288047394
LDOC1,NA,NA,NA,NA
SOX3,NA,NA,NA,NA
LMO4,NA,NA,NA,NA
HS2ST1,NA,NA,NA,NA
HPSE2,NA,NA,NA,NA
CLCA4,0.036999015668474,246,0.0284421586465144,0.141905806295702
CLCA2,0.0433707578703324,270,0.00861651035610779,0.0750101680761373
COL24A1,0.037392756081265,280,0.015225297489799,0.101250475656635
ZNHIT6,0.00942053007147583,240,0.521874537059104,0.685781479981918
PYROXD2,0.0182501569201753,258,0.195931991919071,0.398000631114208
MCOLN3,0.0154946261986867,226,0.322544503308331,0.520182633962642
CRTAC1,0.00701462292002626,235,0.650034605116105,0.778086534845743
ADGRB3,0.0248791551235471,194,0.18690882685921,0.387446422343571
GOLGA7B,0.122636456326176,68,0.0417402445668914,0.175100050989436
MCOLN2,0.0105544110827347,252,0.448936756110462,0.628728670092681
LPAR3,0.0147592566158578,195,0.4131860149391,0.59990162862111
EYS,NA,NA,NA,NA
AVPI1,0.0336824793468566,190,0.0951000815137538,0.269704352142799
CD40LG,0.0136623999117634,198,0.441674943313638,0.623287764880055
CTBS,0.0170019495775904,246,0.244141035142829,0.446819334779911
PI4K2A,NA,NA,NA,NA
HOGA1,0.0402888155064986,207,0.040211038941601,0.171337501492215
BRS3,0.00717416928134068,220,0.665950488380507,0.788174465199715
RPF1,0.0113210584477477,195,0.532680414195385,0.69467722252636
LGSN,0.0135866600937906,234,0.366777484417986,0.56004512652784
UBTD1,0.0691413516572392,95,0.0896906249861664,0.261875240674877
DNASE2B,0.025561318674439,243,0.102910610972576,0.280189904227427
SAMD13,0.0862748173722133,96,0.0421279380830607,0.176261964331755
PRKACB,NA,NA,NA,NA
BAG2,NA,NA,NA,NA
SLC9A6,0.00869076830581603,177,0.675461398190574,0.794876575270445
ZNF451,0.0779055515065637,259,0.000161860308565174,0.00995730344364105
ADGRL2,0.0763246746960579,180,0.00340308155875718,0.0462557595862662
ADGRL4,0.0185126163309219,258,0.19042055473493,0.391549206838755
BEND6,0.0441895087933984,186,0.042528972050622,0.176696729972123
IFI44,0.0176464390593081,189,0.345210162982613,0.541124760267755
IFI44L,0.0116298638345629,181,0.553254108957463,0.708908113522865
PTGFR,0.142778927566545,192,5.16588419778453e-06,0.0020919959970226
GIPC2,0.0304678315717044,221,0.0819942288954298,0.249767639132311
DNAJB4,NA,NA,NA,NA
FUBP1,0.0735140363144122,87,0.0969441954608666,0.271657045850297
MOSPD1,NA,NA,NA,NA
MMS19,0.0192596937492315,260,0.172658775917858,0.369808659737843
MIGA1,0.0269601678524509,227,0.107172300631298,0.285675716032472
USP33,0.00135664674942705,204,0.964586800144948,0.978231175371823
ZZZ3,0.019745247190534,230,0.210366240640438,0.413779836416466
PIGK,0.0390652274845124,200,0.0509212669721075,0.193002501730916
MTG2,0.049510455630881,261,0.00492010233576578,0.0559985910172592
GPC4,0.0025275971685885,224,0.904700122042736,0.943287822704566
BMP5,NA,NA,NA,NA
ACADM,0.0846723080757652,220,0.000339771444565156,0.0140122882652426
MBNL3,0.0171209250590954,200,0.333017128685682,0.530524565219106
ZDHHC16,NA,NA,NA,NA
SLC44A5,0.0677362529167238,256,0.000621076959530505,0.0197257759515723
TYW3,0.0482097653262076,222,0.0137495372893963,0.0965455143021239
PSMA7,0.00628199049251642,38,0.972190979114621,0.982762466069039
RAP2C,NA,NA,NA,NA
LRRC1,0.0142481278931541,179,0.468790382081911,0.644624736147184
FPGT,0.0537851338189508,258,0.00315657899751086,0.0448184951084708
EXOSC1,0.0231081222891622,87,0.57504712595346,0.725487884709585
IGSF1,0.0347398298944213,250,0.0343217300190593,0.157223463083431
KLHL31,0.0233132868488921,224,0.157801295951648,0.352774671799226
ZRANB2,0.00204935510541304,78,0.984095717400366,0.990780273205514
CTH,0.0205458259247377,211,0.229433534108034,0.431887785324817
ANKRD13C,NA,NA,NA,NA
SRSF11,NA,NA,NA,NA
LRRC40,0.0414713222537941,244,0.0179184583145955,0.109874571542941
GSTA4,NA,NA,NA,NA
DIRAS3,NA,NA,NA,NA
GADD45A,0.0158553826374657,91,0.699221798014666,0.811711678016114
PPP1R3D,0.00227545075625648,209,0.924718238866809,0.95520083232692
C1orf141,0.110681863229478,241,7.26730883811622e-06,0.00215247547354065
PHACTR3,0.0247369645540475,236,0.121061402226037,0.304535580485365
FRAT1,0.0302867697173329,170,0.16332532492197,0.359039166978548
WDR78,0.0261387318985144,279,0.0638696488082766,0.218190677778535
LEPROT,0.049775848371354,89,0.223221368890192,0.426106869330934
DNAJC6,0.0455429538641864,230,0.0152479909162551,0.101250475656635
ROR1,0.0391088844283053,181,0.0706462645337177,0.231074881033298
PGM1,0.00602606387973025,205,0.745981803316986,0.840734073228141
EFCAB7,0.0461006205011562,250,0.00939841923488541,0.0788526135543482
XPNPEP2,0.00507930072353787,259,0.726650855098629,0.828574570704042
OCRL,0.00620420970242709,230,0.700674828610604,0.812013152526144
FOXD3,NA,NA,NA,NA
PKHD1,0.0456056517158507,285,0.00474155517022953,0.0547989534011282
SMARCA1,0.0251246969338139,194,0.183188787184854,0.383165116371538
ACTRT1,NA,NA,NA,NA
PRR32,0.00628996403534406,193,0.75116458099648,0.844685685089208
DCAF12L1,NA,NA,NA,NA
ANGPTL3,0.0532999610613516,231,0.0065466314858666,0.066076539180296
SH2D1A,NA,NA,NA,NA
STX16,0.0355099084614235,172,0.108150157042162,0.286540545056996
TM9SF3,0.064025440712287,78,0.176998329235237,0.375771082037003
USP1,0.0391834604301842,226,0.0318359694242034,0.150688503516548
APCDD1L,0.00522665741787055,214,0.773869719966092,0.860110372064591
KANK4,0.0375002046299633,264,0.0197713470438159,0.116321326662056
CRISP3,0.0147240017283366,216,0.366782066611865,0.56004512652784
C20orf85,0.00670297253402837,203,0.716351796641075,0.821488968307287
OPALIN,0.0216264076152812,200,0.230486776540823,0.433036858256895
ZBP1,NA,NA,NA,NA
DNTT,0.0308341096178974,257,0.0482640945180545,0.187822643679559
NFIA,NA,NA,NA,NA
GLYATL3,0.00639788791950387,215,0.712782272218542,0.81985551558682
C1orf87,0.0788758141316523,215,0.000748263522925993,0.0218980753274213
ENTPD1,0.106548484278351,248,8.18361648590094e-06,0.00226579433835727
HOOK1,0.00972344295873727,221,0.544031652617334,0.702574237247451
ADGRF4,0.0338810122600717,269,0.0282445089370113,0.141280642664703
JUN,NA,NA,NA,NA
ALDH18A1,0.0187816605932789,204,0.282415010812739,0.483095929670643
TACSTD2,0.0387484016999659,222,0.0356958874906284,0.159404916928697
OMA1,0.0227042650936313,258,0.119919878302437,0.302915424446617
DAB1,0.00530111361793628,181,0.812332124444412,0.885624202784115
C8B,0.0107125812753453,253,0.440300291483876,0.622451383320973
PRKAA2,NA,NA,NA,NA
PLPP3,NA,NA,NA,NA
ADGRF1,0.0979132686809231,275,6.39625292761439e-06,0.00215247547354065
SPO11,0.0239971218384094,231,0.137486553697932,0.326989495405576
TMEM61,0.0546913882516387,223,0.00691386819214075,0.0677368604976914
DHCR24,NA,NA,NA,NA
LEXM,0.0135183815602817,246,0.345975474676524,0.541652568590068
TTC22,0.00571688070879133,239,0.714791580560414,0.82051244434587
PARS2,0.0209042676412831,235,0.179909106200036,0.379252166357719
TTC4,0.0481041225231541,235,0.0104173936730578,0.0834386687627605
MCTS1,0.0317338009280559,79,0.479783035288146,0.654651461048836
SSBP3,0.00381376132210382,30,0.946201681034213,0.966928075876734
TCEANC2,0.0125359757820928,208,0.458376094072371,0.636489090068221
SLC25A27,NA,NA,NA,NA
CACNA1B,0.0698706049581819,238,0.000870621627817829,0.0234920276523048
LDLRAD1,0.0248153441228826,228,0.130891941946548,0.318215181123426
NOC3L,0.00700249287479781,243,0.638134276887933,0.769027211441042
LRRC42,0.090103343282246,197,0.000516822728423698,0.0184125017648469
PLCE1,0.0269556185917652,275,0.0605654294881991,0.212959511678436
ENPP5,0.0110524177821553,231,0.46773852816405,0.643714953353224
FAM210B,0.030860283848204,210,0.0916634582444398,0.26454244373469
SLC35G1,0.0347058300748503,231,0.0463780789958723,0.185105363237678
NKAP,NA,NA,NA,NA
LGI1,NA,NA,NA,NA
PFDN4,0.0571531247595691,78,0.221312090799092,0.424620486353908
ARRDC1,0.118564860566083,206,2.15642827071662e-05,0.00330894824769239
NDC1,0.0254429458606177,228,0.123055801991135,0.306974836152197
RNF113A,0.0047837798689064,178,0.838260457365266,0.902001113974656
MRPL41,0.0151626589446597,188,0.417702749027043,0.604117898206725
PDE6C,0.0106623954344883,241,0.464727209942025,0.641739753423141
SUPT3H,0.0529705021300393,206,0.0125135394177084,0.0928743811328289
RBP4,0.0428097442560757,179,0.0545507161340198,0.200864852478303
MAGOH,NA,NA,NA,NA
ZNF217,0.0175359501385408,257,0.213255358267556,0.4169323432761
NSMF,0.0378333423262048,185,0.073140422116102,0.234638895735686
CDC5L,NA,NA,NA,NA
FFAR4,0.0302593487044702,218,0.0870849667647447,0.257437615184071
CEP55,0.010393146273885,222,0.513117858330935,0.67936678427222
TSHZ2,0.0137833746032032,260,0.311809598936439,0.510110090180409
TCTE1,0.0463927029700041,253,0.00852037405479358,0.0746323823671603
ENTPD8,0.00690820920502715,237,0.6525307540656,0.77975527151243
SCP2,0.0132206049659329,248,0.35247482852793,0.547577847738848
NDOR1,0.0054394042139851,258,0.706020753276459,0.815081739831063
ECHDC2,0.0285212632099358,216,0.105358501527462,0.28350853062619
ZYG11A,0.0723046165451523,227,0.000965359452506988,0.0246325308273209
COA7,NA,NA,NA,NA
LRRC26,0.0156497732049149,230,0.310055317294554,0.508743174576583
GRIN1,0.0222288601244426,98,0.540627162069862,0.700379161440521
UBE2A,NA,NA,NA,NA
ORC1,0.0294448545461528,271,0.0470540977157259,0.186331778099973
KCNG1,0.059239989978043,182,0.0133254581337319,0.0955591412112664
DPP7,0.0128751120873477,246,0.368426520104151,0.561411840158707
CC2D1B,0.0156638771962515,262,0.252088761492188,0.45527544900234
DPM1,0.0601934529828969,184,0.0116428825639894,0.0890058537424787
MAN1B1,0.0224398218134238,237,0.15137528839267,0.343840854818806
NPDC1,0.0321580106225191,226,0.0647570890085007,0.219802498134033
BCAS4,NA,NA,NA,NA
PARD6B,0.0170233625334715,184,0.374191206962453,0.567547839927807
KTI12,0.0136172476121291,225,0.383940275727316,0.576498862492702
PAXX,0.0205043946288529,222,0.209500246589642,0.412841581396515
PTPN1,0.015944417777695,212,0.33879686954291,0.535575264717551
PTGDS,0.0556763220098474,206,0.00968705501756027,0.0800062764103972
TXNDC12,NA,NA,NA,NA
TNKS2,NA,NA,NA,NA
LONRF3,0.0361058182464798,242,0.0335344615377703,0.15541726808822
LCN12,0.0738373408919862,217,0.00116168825708266,0.0268030102213855
C8G,0.0264271795208162,223,0.118271879780529,0.300540834174943
TMEM189,0.0120525285134012,176,0.550055299854451,0.707100756151869
RAB3B,NA,NA,NA,NA
RABL6,0.0248293936157891,266,0.0865683681170913,0.256786641696532
IL13RA1,0.0140054281409221,228,0.364808019794378,0.558369780086672
LCN8,0.0205891081724453,176,0.30763527118912,0.507153519396913
DIPK1B,0.0310654872904819,205,0.0963021166967705,0.271150519835784
AGPAT2,0.0198271789193532,207,0.252493615390801,0.455649242165957
ANKRD1,0.00540041569613174,198,0.785799502665597,0.868066828514966
EGFL7,0.0102756822635222,218,0.526098073397175,0.689084064458119
B4GALT5,NA,NA,NA,NA
INPP5E,0.0193893724836601,248,0.187901914949829,0.388619485027772
PMPCA,0.0246876496829064,226,0.135402073442363,0.324333422486729
KIF20B,0.0146162610027455,277,0.257806686338291,0.461182437607593
CARD9,0.0297510640672207,247,0.062402740677312,0.215967745996262
EPS15,0.0166143790801837,242,0.261025479185121,0.463980530760879
DNLZ,0.0262165995543152,200,0.156572783458552,0.350767101165896
KCNB1,0.0110762258067548,210,0.509666523182047,0.676862652684729
LHX3,0.0271278736297151,181,0.180566365185093,0.379805266851537
ZNFX1,0.0533212084981553,265,0.00280245815294183,0.0420667766811772
UBAC1,0.0440436578963514,192,0.0382159647028976,0.165716862563981
C1orf185,0.0250716319132138,204,0.165356689902859,0.361075274019183
MRPS2,0.0060265805647595,214,0.733016385042882,0.831328983477191
SLC16A12,0.0112640884903075,229,0.463089635237523,0.640124348165197
OLFM1,NA,NA,NA,NA
IFIT5,NA,NA,NA,NA
IFIT1,0.0331308465881115,193,0.0953033678719263,0.269904206407928
IFIT3,0.0603510778699874,222,0.00396062016975412,0.0499925257502363
COL5A1,0.0194694832996312,237,0.20398878497897,0.406763921323338
BEND5,NA,NA,NA,NA
AGBL4,0.0240141535365194,206,0.177530515972877,0.376294745420207
SPATA6,0.0130452758800657,199,0.460483898362755,0.638163539667905
VAV2,0.00490218495626294,208,0.797682399846098,0.875800262451716
CH25H,0.00638115228622764,222,0.70313743450448,0.814031303140538
STAU1,0.0923319099938168,180,0.000883863869425346,0.0235993506100654
SARDH,0.0302001688969445,254,0.0540527548176274,0.199830445677011
CMPK1,NA,NA,NA,NA
TAL1,NA,NA,NA,NA
PDZK1IP1,0.00734771684676437,191,0.706457094207171,0.815206809080596
SLC2A6,0.0114029593909126,236,0.443688874123786,0.62446916795674
CYP4X1,0.0457879332066197,233,0.0139505954840461,0.0974094210991291
AGTR2,NA,NA,NA,NA
ARFGEF2,0.0264372150741439,230,0.109006545631833,0.287707843436971
STAMBPL1,0.128007905207904,217,4.30189256903198e-06,0.00195674656282826
ADAMTS13,0.00537133982581946,269,0.696297943625007,0.809166896224962
ANKRD22,0.0253187933878136,202,0.165389457734731,0.361075274019183
IL13RA2,0.0252299958592421,240,0.110161236275805,0.289476224384985
LIPJ,NA,NA,NA,NA
PREX1,0.0319246166446647,247,0.0491394410088519,0.189563085715014
REXO4,0.0309643228629406,253,0.0502632715139228,0.191376091480216
MKNK1,0.0188612134422507,182,0.332104606384907,0.529571086380139
PTEN,0.226918822755927,51,0.00999503560896707,0.081495517822182
DMBX1,NA,NA,NA,NA
STKLD1,0.0055332462383443,279,0.673472530170971,0.793831202615223
AMOT,0.0084753552671151,242,0.563620244883489,0.716213053270573
SURF2,0.0199550071856479,262,0.157167472642734,0.351604590124338
LHFPL1,NA,NA,NA,NA
SURF1,0.00408151077601907,247,0.800271577335701,0.877281701579229
LURAP1,0.00239071339198835,213,0.917388075431715,0.95060243500922
SURF4,NA,NA,NA,NA
POMGNT1,0.00183508273327012,216,0.941367505872475,0.964221955349133
MINPP1,0.0128551605188224,222,0.416796531560858,0.603286808269018
NCOA3,0.0287753457864297,260,0.0587833235231789,0.209566414969061
TSPAN1,0.0602318048201331,238,0.0025538272253391,0.0399086423827224
MRPL14,0.0451151496196315,173,0.0512455945034496,0.193556174666339
SNCG,NA,NA,NA,NA
SURF6,0.0457358442052692,218,0.019217369760997,0.114042024970167
TMEM69,0.0477448595729351,211,0.0183428813590764,0.111139361079542
MMRN2,0.0195364070638395,253,0.177509893898519,0.376294745420207
BMPR1A,NA,NA,NA,NA
GBGT1,0.00810356948220498,213,0.632949010398612,0.765762843120749
CHRDL1,NA,NA,NA,NA
VEGFA,0.0361535562594089,208,0.0579765220236805,0.207704355694401
AKR1A1,0.049038329802236,182,0.0309866576497754,0.148696456681632
OPN4,0.013658513002524,248,0.337522409658781,0.534567263152341
TMEM164,NA,NA,NA,NA
TESK2,0.0181936344502377,231,0.242214699981219,0.444758710922838
CCSER2,0.0285797714740416,259,0.0608972339159419,0.213190536325848
TOE1,0.0311508749733437,226,0.0716131514170536,0.231941409941608
MUTYH,0.0530806920211004,261,0.00318895867961866,0.0451273086040258
KCNE5,NA,NA,NA,NA
LRIT1,0.0588561526638222,256,0.00180955365007017,0.0330652443146251
GTF3C5,0.0339128147404076,234,0.0480878674213895,0.187683908370361
IRS4,0.0152780143847014,244,0.294222302456584,0.493863367223701
MRPS18A,0.0498555251024057,221,0.0118989937035306,0.0901520427175284
GHITM,0.0053644059120199,209,0.773262196183995,0.859732234633065
SPACA9,0.0136474095678855,227,0.378807332661331,0.572232260559211
GTF3C4,0.0351573214273415,224,0.0494349571376251,0.190040330245938
RSPH9,0.0155548151627752,227,0.318771796825706,0.517051110435188
MAD2L1BP,0.00656053106980004,214,0.706145912544856,0.815081739831063
HECTD3,0.0312608206926383,174,0.14423838872654,0.336358012733989
RAPGEF1,0.0308800865219111,236,0.0641472680287946,0.218570176977655
PTCH2,0.0536507151199251,248,0.00412268077495277,0.0508291019843161
DYDC2,0.0310297169925569,183,0.130083028808268,0.316815588403349
PLK3,0.0109661729887174,231,0.471288850606163,0.64701248262586
DYDC1,0.0611462942404389,209,0.00528682883649086,0.0579458279359274
BEST4,0.0212440175553859,193,0.253074526025171,0.456021104054412
UCK1,0.0231808442379226,197,0.208447633511797,0.411752407578305
MAT1A,0.0372662714333585,188,0.0728991331985944,0.234218809388824
KIF2C,0.00867393410643636,227,0.580685429948304,0.729386811690345
POMT1,0.00532093414059549,262,0.708170657466344,0.81644441871018
ATG4A,0.00490843677588608,185,0.824667004440959,0.89327625223102
POLH,0.0394372621454077,256,0.0180919047184718,0.110510693532792
TMEM53,0.0464215813720897,216,0.0187314214921226,0.112370882771396
RNF220,NA,NA,NA,NA
ERI3,0.0293964987030369,94,0.434501358693979,0.618383809513321
PLAC9,0.0128522390918101,183,0.505070371746823,0.673424822980392
PLPP7,NA,NA,NA,NA
FAM78A,NA,NA,NA,NA
TMEM254,NA,NA,NA,NA
CD40,0.0246947458319241,254,0.100158568665437,0.27694735790773
KLF17,0.0670673160439199,225,0.00179703237707438,0.0330652443146251
CCDC24,0.00807145195849301,241,0.585553698219941,0.733583700622582
SFTPA2,0.0485302957322966,226,0.0121702585026886,0.0916408606489168
MMP9,0.0324712998284499,274,0.0311454215005277,0.1489819985534
ZCCHC24,0.093438133335832,69,0.095610355305401,0.270358233829837
FIBCD1,0.0040511614230676,227,0.821670692389505,0.89168353257266
IPO13,NA,NA,NA,NA
ABL1,0.0312676923733743,245,0.0543272079552725,0.200475418568466
EXOSC2,NA,NA,NA,NA
POLR3A,0.00152554470849049,175,0.966390734094319,0.978997167469396
DLG5,0.00910478281120095,251,0.517096510903285,0.682248126267921
KDM4A,0.013679072798762,222,0.388081116340232,0.580458144181937
NCS1,NA,NA,NA,NA
PCIF1,0.00250750506911572,201,0.918561521925603,0.95119924735706
USP20,0.01342613281566,249,0.34353292918011,0.539465287675674
PLTP,0.0115901112019003,241,0.426533429070024,0.611727064572554
HYI,0.00317609316161105,208,0.883163196412936,0.930628989562783
LRRC73,NA,NA,NA,NA
TJAP1,0.00304508875207549,245,0.863045887397087,0.917125775710413
C9orf78,0.0360839477982336,99,0.316093921135983,0.5147388031694
DNAAF6,0.0202883743092847,224,0.21013233720914,0.413589624252228
ELOVL1,0.0231172485253194,191,0.222102537501015,0.425496076656578
NUP62CL,0.0577298644988756,179,0.0163606435133149,0.105236947366454
PRRX2,NA,NA,NA,NA
MPL,0.0656522601478693,247,0.00105621717324688,0.0257411033425079
TIE1,0.0052991444257094,227,0.753578395276848,0.84604852276498
RBM41,0.0154450037775102,196,0.389813150290504,0.581542116877293
CTSA,0.0269823832618437,244,0.0874522806238914,0.257822279172657
NTMT1,NA,NA,NA,NA
IER5L,NA,NA,NA,NA
ZNF691,0.0329881866911371,210,0.0753364941318562,0.238205344247496
ERMAP,0.0072335301769167,251,0.613112501321016,0.752084760781636
NEURL2,0.0341452235856386,186,0.0971714883464254,0.271740759814871
SPATA25,0.0025923841773614,222,0.902603458364155,0.942413317406615
ZSWIM1,0.011085906402897,237,0.454643660477529,0.632824225119323
ZNF503,0.0110868893599471,175,0.587247906349701,0.734512523897207
C1orf50,0.0435119876343305,201,0.0335208753744675,0.15541726808822
ABCC10,0.03778551827005,279,0.0147312545845298,0.0995317020629024
COMTD1,0.0161624826688533,207,0.343561789285285,0.539465287675674
DOLPP1,NA,NA,NA,NA
RADX,0.0264404119541674,186,0.179918466483459,0.379252166357719
SH3GLB2,NA,NA,NA,NA
TNNC2,0.0234880129616973,55,0.736661402663683,0.834262815607742
PPCS,0.0460709886461916,207,0.0234313184222473,0.127259157025932
SERPINA7,0.131565069881238,190,1.64709302726384e-05,0.00322905591451168
ZMYND12,0.0191676837083159,236,0.211897648010107,0.415374996606872
FOXJ3,NA,NA,NA,NA
NUP188,0.0130924133504365,238,0.376030221264986,0.569523236773798
GUCA2B,0.0665328939456964,225,0.00190111740060123,0.0341709062075344
IL1RAPL2,0.0230344942926781,180,0.248467016713938,0.451874328840313
HIVEP3,0.0179012708517056,269,0.187236853085111,0.387810792143759
SLC22A7,0.0347914140909079,242,0.0386949570129394,0.166944096381029
DOLK,0.00637507741873719,200,0.736592845364089,0.834259357808541
EDN2,0.00640383675987493,220,0.704962822726269,0.814883429884313
LRRC8A,NA,NA,NA,NA
GLRA4,0.0434500204933542,174,0.0571269899481243,0.205760561080122
DNTTIP1,NA,NA,NA,NA
CITED4,NA,NA,NA,NA
ENDOG,0.00988448174936075,181,0.619470207328089,0.756648370627269
TBC1D13,NA,NA,NA,NA
ZDHHC12,0.0092974209281283,201,0.602076835557998,0.743676712022759
RIMS3,NA,NA,NA,NA
SET,NA,NA,NA,NA
WDR34,0.0168936950610258,250,0.240008914067759,0.442622868457425
DBNDD2,0.0164156977834141,204,0.343160403406672,0.539367011944635
SDC4,0.00480595418764762,217,0.792037327726175,0.872083289177882
COL9A2,0.0188441846167502,246,0.202103470726816,0.404715377857976
MATN4,0.0370802335552832,233,0.0350686414297592,0.158493334723
ZMPSTE24,0.00221332128112058,183,0.939658408707381,0.963643569796055
PLAU,0.010878300167112,267,0.408318100355185,0.596995384868015
TMCO2,0.0108139840018292,225,0.489490989892165,0.661870394656186
RLF,0.0606330744341615,232,0.00289667109509698,0.0427485551183722
CAP1,0.0171713513008752,193,0.348074416784609,0.543735529519046
STK4,NA,NA,NA,NA
GNMT,0.0650495882569449,181,0.00844977261184252,0.0744029716692507
MFSD2A,0.065370307169296,220,0.00250498957522543,0.0395335157745614
TOMM34,0.0246217977636001,220,0.145231962088057,0.337471949018
CHCHD1,0.0244933406865304,182,0.218317984660058,0.42135139454925
CNPY3,0.0161067615560905,183,0.402318500518066,0.592100563757632
CERCAM,0.00707478734143091,236,0.645286020707929,0.774221644817351
FUT11,0.0292688670153,234,0.0778739259292006,0.242314307348537
RIMS4,0.0408537414576195,59,0.499334245576521,0.668649032873785
HEYL,0.00986020671326092,211,0.557874593728814,0.712361221749567
PABPC4,NA,NA,NA,NA
KCNK15,0.0966207320087604,204,0.000204055919991631,0.0109195638529975
CCN5,0.035606361974484,209,0.0600202473896676,0.211878067786781
ADA,0.0355122928746806,230,0.0433548546168129,0.178505817353462
TBCC,0.0750421488091128,239,0.000470073934708096,0.017723546958082
TRUB2,0.00365206154761978,230,0.84076097863109,0.903877834880044
UBR2,0.0572462390960322,255,0.00225451839783944,0.0372419537158017
TIMM8A,0.0336778978931583,57,0.596409540543366,0.740547190118903
ANXA7,0.020492446841983,220,0.213376974532175,0.41698388009546
DNM1,NA,NA,NA,NA
CENPI,0.0150270930660305,271,0.255341271758715,0.458695840593391
TMEM35A,NA,NA,NA,NA
MRPS16,0.0294662859367744,178,0.156678216425743,0.350879860101683
DNAJC9,0.0215593982969004,191,0.251252965355903,0.454539455507498
XKRX,0.00145935470623486,181,0.966886731150233,0.979265956892991
NOX1,0.0750968319499893,172,0.00499207938355899,0.0563145465270215
NDUFS5,0.0541301258111239,187,0.0179951901839588,0.110259767869702
TAF8,NA,NA,NA,NA
ECD,0.05266241860198,240,0.00562223691597666,0.0604259994615011
JPH2,0.0499751441012405,210,0.0151400285383785,0.10116652857544
RHBDL2,0.00384669304355915,226,0.83374301376318,0.899145808981733
CCND3,NA,NA,NA,NA
C9orf16,0.0676757226459609,99,0.0845913779717079,0.25403343311664
RRAGC,0.0468835025105659,94,0.225107492622524,0.427944903595067
GTSF1L,NA,NA,NA,NA
SRPX2,0.00577568888578363,211,0.74991332858661,0.843842838042507
POU3F1,0.104241324012451,71,0.0630133475953509,0.216986991921322
UTP11,0.00462203071095947,178,0.84513316868493,0.906562455686959
FHL3,NA,NA,NA,NA
FRS3,0.0198429803415293,222,0.222752420786348,0.425619381965164
SF3A3,0.147487537259739,47,0.0336341500721344,0.155429802365277
TSPAN6,0.0293593154215898,171,0.172451210836792,0.369629522251327
INPP5B,0.0377667564597896,266,0.0184966416841622,0.111752005924805
PGC,0.165280887112787,223,5.34527530653912e-08,0.000136154852608164
IFT52,NA,NA,NA,NA
TNMD,NA,NA,NA,NA
PLA2G12B,0.0249189715763987,172,0.234611049346182,0.437679775568389
PCDH19,0.0120350336372029,210,0.472528412343982,0.648109371032157
MTF1,0.0679600314223004,241,0.000979344656685099,0.0247478840228997
C1orf122,0.010459380318003,86,0.828070104685607,0.895297157484161
YRDC,0.0190829427568502,201,0.2819624912506,0.482629458262693
MANEAL,NA,NA,NA,NA
EPHA10,0.0483071815123609,248,0.00762021299714725,0.0704753677925117
MDFI,0.0173148765777129,208,0.310007321105714,0.508729962840146
MCU,NA,NA,NA,NA
FOXP4,0.0084090758645021,199,0.644743588270839,0.773789515663155
DIAPH2,0.00835302532757323,218,0.612195470970347,0.751293266359446
GNL2,0.023639124407586,260,0.105798541650699,0.283961133398127
SLC25A25,NA,NA,NA,NA
MEAF6,NA,NA,NA,NA
NAIF1,NA,NA,NA,NA
ZC3H12A,0.0227856340084758,253,0.124860962208082,0.309923927354031
GRIK3,NA,NA,NA,NA
PCDH11X,0.104440039699673,232,2.35156698872789e-05,0.00348250664749284
FAM102A,NA,NA,NA,NA
CSF3R,0.0311341126536168,275,0.0362264435467248,0.160792276274222
TREM2,0.0163549356697504,228,0.29422075286967,0.493863367223701
CHST3,0.00510335660940864,220,0.772818696945028,0.859692455611135
MRPS15,0.0328065269993034,251,0.0420233007370376,0.176000614463383
KLHL4,0.0218995556698046,195,0.235849395670206,0.438507723103028
DACH2,0.0724274870659633,202,0.00223619275857761,0.0372419537158017
STK40,NA,NA,NA,NA
ST6GALNAC6,0.00824192075739758,217,0.619241091664333,0.756648370627269
POF1B,0.0573047198600401,229,0.00449712796192413,0.0534143942539299
MAP7D1,0.00198177638445074,225,0.931027864222376,0.958652346894348
TSPO2,0.0345815813395752,204,0.0712611011030267,0.231722947537001
APOOL,0.0221866058209804,223,0.177339938279858,0.376294745420207
ADPRS,0.0143856421849985,198,0.417938090775145,0.604321017723915
SLC29A3,0.0283012686119903,259,0.0628778634565208,0.216846051714663
AGO3,0.119605602154079,39,0.103053558451946,0.280506544228249
PTPRT,0.00351475072245046,171,0.897002708436307,0.939106164787901
SGPL1,0.0253827606660371,231,0.119761640867508,0.302844679237794
ENG,0.0637776423404428,261,0.000861262319550494,0.023388884541483
ADAMTS14,0.01119116380699,271,0.388304677856368,0.58066366186371
PRF1,0.011058479240633,230,0.469465601126616,0.645274540896674
AGO4,0.009642453016337,60,0.903512538105376,0.942915015509413
SH3BGRL,0.0547877540626633,50,0.442850718817748,0.624036892051136
EIF4EBP2,0.0991225653568419,53,0.160835942626308,0.356492614912749
LRRC20,NA,NA,NA,NA
KCNK16,0.066752959986348,218,0.00231366277185474,0.0377315828221592
KCNK17,0.050770023234907,239,0.00710330322290315,0.0686922322299882
PPA1,NA,NA,NA,NA
CHD6,0.0149033048813669,277,0.24948556277657,0.452821831874472
TFAP2E,0.0302498866857099,197,0.115117203416356,0.295739757174344
PSMB2,0.0173030809569039,93,0.661231590664685,0.785496795456295
SAR1A,0.0404730781201374,35,0.711150070539732,0.818767609690293
FPGS,0.0149681560284122,246,0.299715672888827,0.499761561915698
AIFM2,0.0265258545760959,235,0.101960006302572,0.278900910710817
MACROH2A2,0.00956296630867577,81,0.857810046333379,0.914461266435248
GLP1R,0.00627297373636309,213,0.72205256273237,0.82575227876795
LPIN3,0.0167776898986785,273,0.206692932858446,0.410165346351694
CDK9,0.0361740699603711,74,0.450397715669016,0.630070917501845
BRWD3,0.0090665164665717,224,0.567887537153634,0.719305387686592
FAM241B,NA,NA,NA,NA
TOR2A,0.00721374086968526,222,0.660697306998118,0.785314129904623
TSPAN15,0.0369625864190742,172,0.0970124410327038,0.271740759814871
CFAP157,0.0355225480543579,254,0.0294614921997998,0.144315986406404
TBX22,0.0159449081448762,235,0.292001699484199,0.492071011318205
ITM2A,NA,NA,NA,NA
STXBP1,0.163229207585431,67,0.0130180993778676,0.0942037009525692
TACR2,0.115813386654823,222,1.15945575550392e-05,0.0027629208625298
NIBAN2,0.0340737097164911,219,0.0594357660102371,0.210621568143122
MAFB,0.0816631172691124,98,0.0476660305263219,0.187473178423035
PGK1,NA,NA,NA,NA
TRAF3IP1,0.0654629596817461,250,0.000984044135373482,0.0248173982338944
TMEM35B,0.0240990320112993,195,0.197184157555852,0.399131823050116
ATRX,0.00428282653997133,240,0.795542788054463,0.874288705914409
DLGAP3,0.0201275949525035,190,0.283407798121454,0.484039388074942
PBDC1,0.0409181000746512,177,0.0657426903633418,0.221933411571413
MAGEE2,NA,NA,NA,NA
GLO1,NA,NA,NA,NA
GJB3,0.0261840514666023,193,0.169806240518075,0.366551233769188
ZDHHC15,NA,NA,NA,NA
SPP2,0.00792389112309728,220,0.62910742734767,0.76336815879382
SLC2A8,0.00182530775581606,248,0.929548659839743,0.957989753924824
UPRT,0.0216124160046278,216,0.199574909183418,0.401990517690972
GARNL3,0.0122378775385579,238,0.407241495368534,0.596164101725708
CCDC167,NA,NA,NA,NA
ANGPTL2,NA,NA,NA,NA
RPRD1B,NA,NA,NA,NA
AZIN2,0.0160602014039044,239,0.281299677699026,0.482444478208294
TTI1,0.0414005783891509,271,0.0108005119046364,0.084951407984895
CMTR1,0.0598825006954442,202,0.00725956243428325,0.0697268379811701
RNF19B,0.0212396330700774,209,0.219736556139809,0.423021859462834
VSTM2L,NA,NA,NA,NA
TMEM54,0.00304290335816772,217,0.883206077013611,0.930628989562783
HPCA,NA,NA,NA,NA
FNDC5,NA,NA,NA,NA
S100PBP,0.0167624742698393,249,0.244992888777825,0.447729865328509
YARS1,0.00243488386002814,207,0.918542819935421,0.95119924735706
RNF8,0.0131212152342923,239,0.373069330777874,0.566588480418197
PBX3,NA,NA,NA,NA
TBC1D22B,NA,NA,NA,NA
RBBP4,NA,NA,NA,NA
CHIC1,NA,NA,NA,NA
PIM1,0.0134587987228427,98,0.727826638034387,0.828889369213226
ZBTB8A,0.0513728895221506,196,0.0184161631384783,0.111424348566109
CDX4,0.0295537366141187,181,0.149830948048069,0.342128859571679
NAP1L2,NA,NA,NA,NA
PABPC1L2A,0.0203059947383206,48,0.812288278426767,0.885624202784115
PABPC1L2B,0.0124674638588087,47,0.902470469475776,0.942413317406615
TSSK3,NA,NA,NA,NA
RABEPK,0.020701553582566,250,0.160814371546509,0.356492614912749
PHKA1,0.00772709865410745,219,0.640383606779615,0.770562463879804
HDAC1,0.0171874818305351,88,0.683352989871732,0.800072042563557
GOLGA1,0.0169462531547389,260,0.222400103633598,0.425619381965164
SRC,NA,NA,NA,NA
HDAC8,0.0761098982001955,178,0.00372045350776722,0.047959206351137
OLFML2A,0.0127332580282168,252,0.362374865783387,0.555848041746021
FAM167B,0.000583802295094567,179,0.99136328441756,0.995083511944809
DDX50,0.0112302808842304,191,0.545114465884412,0.703473283767744
EIF3I,0.0328725927277289,67,0.537962781369699,0.698775521012186
NR5A1,0.00353217344207571,171,0.896324887027966,0.938716297669235
NEK6,NA,NA,NA,NA
CCDC28B,NA,NA,NA,NA
TXLNA,0.00576589611839259,222,0.735253453812327,0.832816434343098
GHRH,0.0273801279965166,197,0.14684472367107,0.33908872843545
LHX2,0.0110172514871905,76,0.843168099612967,0.905216970131564
DENND1A,0.0410282383501672,261,0.0136676464404356,0.0964383075154503
KPNA6,NA,NA,NA,NA
MTCH1,NA,NA,NA,NA
CRB2,0.0414709287604501,272,0.0105031178760411,0.0835676654134949
TET1,0.160438020391018,251,1.01005362213648e-08,4.28801431051006e-05
RABGAP1,0.0242993852638122,186,0.212702190580512,0.41657313535805
ADGRB2,0.00106609607174419,233,0.96960871511038,0.981320454199444
ZBTB26,NA,NA,NA,NA
ZBTB6,0.00333513766403469,200,0.8817087763218,0.930160111711602
RBL1,0.0264933397844608,247,0.0889803148370726,0.26039827430261
COL16A1,0.00113324306596967,278,0.957391824568439,0.974124517406524
ATOH7,NA,NA,NA,NA
OR1N2,NA,NA,NA,NA
CXCR3,0.0148256138562716,209,0.378895302044324,0.57224022733128
PPIL1,0.012748788881999,47,0.89952851036371,0.940667961900995
PEF1,0.0123100727508107,191,0.505107068552463,0.673424822980392
SERINC2,0.0320344323047869,231,0.0610510734316792,0.213494363323961
FABP3,NA,NA,NA,NA
SRSF3,NA,NA,NA,NA
OGT,0.0172424210331327,68,0.763757851757234,0.853639315487506
KCTD20,0.0456585218598249,202,0.0270233701303251,0.137932784723847
NKAIN1,0.370101010101011,21,0.0246985658197898,0.130469072700474
PUM1,NA,NA,NA,NA
DSN1,0.0121895255833362,247,0.391837486040447,0.582723286105923
REEP3,0.0413804439574926,174,0.0670043739458854,0.224334307722081
MORN5,0.0487662767379387,198,0.022220327367066,0.123434798231928
MATN1,0.015919490063602,212,0.339513308872036,0.535883195165975
NDUFA8,0.0451918788264855,186,0.0391202258099143,0.168379586318036
ADO,0.0368802494267462,188,0.0752673126055099,0.238205344247496
RTKN2,0.0556131679143859,248,0.00328674510347989,0.0455991128953376
SRSF4,0.0087186644035479,192,0.64468360974217,0.773789515663155
NDRG3,NA,NA,NA,NA
GSN,0.0141378423605196,238,0.340652545009077,0.53711125654589
TAF12,0.0682611506140924,35,0.313348415039563,0.511707323239373
SRPK1,0.0401280373036355,196,0.0497710585105333,0.190638297920006
ITGB1BP2,0.01840301722228,188,0.328446989331167,0.525374425886074
TRNAU1AP,0.00769949478708889,72,0.908526204023879,0.945546294953102
PHACTR4,0.0104588794309683,257,0.444069083330045,0.624595893756572
RAB14,NA,NA,NA,NA
NONO,0.0106028350891367,73,0.858198737439341,0.914569418461003
MED18,0.0217964870596449,75,0.656459324160069,0.782321133386605
CNTRL,0.0550073048645861,286,0.00132061142741457,0.0284590645339289
EYA3,0.0169937217506956,175,0.398317009761368,0.58789725765683
TGIF2,NA,NA,NA,NA
PHYHIPL,NA,NA,NA,NA
XKR8,0.0348402334240222,252,0.0328820987635235,0.153576843433787
BICC1,0.00619195450925266,199,0.746773755671689,0.841152432319326
SMPDL3B,0.0235655573540962,241,0.129615110294432,0.31630159890973
UBE2D1,NA,NA,NA,NA
GMPPA,0.00497689027361302,225,0.773496909626821,0.859771045645592
THEMIS2,0.0155897815224414,256,0.26413338972774,0.467440369727813
MEGF9,0.0333680578878016,228,0.0556735901181804,0.20287806687987
IPMK,0.0207177929121267,186,0.280094878263728,0.4816539278257
STX12,NA,NA,NA,NA
ZWINT,0.0553550903898641,217,0.00753297113660477,0.0702599495302907
ZNF76,0.0176904547315061,204,0.309129720573438,0.508337781952654
FAM76A,0.139989087041226,71,0.0203521040239113,0.118196259392856
DES,NA,NA,NA,NA
DKK1,0.0233070340824819,199,0.2022767516193,0.404871398494955
PRKG1,0.00386279026817929,70,0.966194799287927,0.978919342920526
SCAND1,0.0223851148952794,192,0.233205233179219,0.436137503910671
FGR,0.00323901675992652,228,0.864881506163614,0.91814793302448
PHF20,0.0423125382238363,231,0.0209882587921524,0.119985489955114
SNRPC,NA,NA,NA,NA
ILRUN,0.0316714511505174,72,0.522425035664525,0.686257883974341
GPR3,0.0386476367017728,178,0.0771546368424972,0.241020714943842
CD164L2,0.00892771431130921,189,0.641744300960162,0.771352908364347
SPDEF,0.0265319138740048,213,0.131363791794681,0.31883220753571
TNFSF15,0.0515597183420287,226,0.00888303664117234,0.0764421315283587
ATP6V1G1,0.03889227406098,78,0.392442265927102,0.583304784698876
AKNA,0.0943817107317475,250,3.17482147658575e-05,0.00404345263257961
ROMO1,NA,NA,NA,NA
MED12,0.0215912579276544,203,0.22498809306348,0.427944903595067
NFS1,0.0391078957848239,206,0.0456592367651091,0.183385695187773
OGDHL,0.0543712397361732,225,0.00679397422700846,0.0673317521718413
C10orf53,0.00514186648274175,176,0.825469645935972,0.893750013656426
RBM12,0.012018460783743,218,0.456087721844083,0.634348938015315
SLC18A3,0.0322763611573952,200,0.0927493297612827,0.265871339204738
ZNF618,0.00914044615324604,210,0.591220051835165,0.737357192910612
GPN2,NA,NA,NA,NA
DRGX,NA,NA,NA,NA
RGS3,0.0539886853058953,253,0.0034949897270694,0.0468549359620588
ZDHHC18,NA,NA,NA,NA
C10orf71,0.0103329646573448,271,0.425165181265708,0.610611608998653
TMEM273,NA,NA,NA,NA
RUFY4,0.0102900635680203,255,0.455096984838222,0.633316783096547
LRRC18,0.0155122305734589,228,0.318013116950564,0.516625480816734
POLE3,0.0273263611293706,85,0.513399967880415,0.67936678427222
HDHD3,0.0274244191782093,214,0.119586581933922,0.302493487092439
BSPRY,0.0307969736525557,229,0.0712090109401258,0.231722947537001
MAPK8,0.148481705389601,37,0.0690675203533547,0.228321029700456
WDR31,0.0479840237709662,241,0.00923844514701081,0.078077962863755
PRPF4,NA,NA,NA,NA
IL2RG,0.0108828549802769,254,0.431234963533619,0.6156807194642
CDC26,0.00483343930441092,96,0.927764077841593,0.956834750013393
SLC31A1,0.0257763208168088,175,0.213625000392003,0.417148097610689
UBXN11,0.00168044553504825,235,0.941638621150748,0.964354252088768
SLC46A2,0.0128356308801118,234,0.393060968439201,0.583724871040305
SNX30,NA,NA,NA,NA
INIP,NA,NA,NA,NA
CXorf65,0.0422966193462667,96,0.259507822969611,0.462121313386601
CNKSR1,0.041786809683873,266,0.0113349765984458,0.0874922799744274
FOXO4,0.00277386884729344,198,0.908573771799314,0.945546294953102
ZNF593,NA,NA,NA,NA
FAM110D,0.0170885661731461,194,0.347908114029665,0.543666034595753
SUSD1,0.0316285658394818,276,0.0335898523295263,0.15541726808822
TRIM63,0.0100253149939829,196,0.581812299037905,0.730205096355368
SPAG4,0.0279292836949174,231,0.0927192106128643,0.265871339204738
SLC30A2,0.04538623370204,235,0.0139661443031835,0.0974645555316958
UGCG,0.0300170521491462,61,0.614712316757819,0.753367051308149
EXTL1,0.00749946916516552,256,0.590793441485497,0.737175004483128
PAFAH2,0.0127912830475877,232,0.398648887998008,0.588137617228084
MTFR1L,NA,NA,NA,NA
NPY4R,0.0593135303927712,216,0.00520380913513951,0.0574924711929785
ITPR3,0.00517542642668527,245,0.737983992076819,0.835092325463383
GPRIN2,0.0108462869922318,239,0.460756827197175,0.638333400542066
SYT15,0.0159844361600037,195,0.376316477612616,0.569550405094982
MAN1C1,0.0243737215901205,222,0.145581199381926,0.337911819815602
TEX11,0.0152174813423261,217,0.349459464719296,0.544585020685762
LDLRAP1,0.0212303935605206,201,0.236088833255506,0.438808558942682
PTPN20,0.0340391565270793,232,0.0489285926629907,0.188944368489362
MACO1,NA,NA,NA,NA
C20orf173,0.017942762771705,175,0.373188952224027,0.566635013772677
TMEM50A,0.0488856621012073,96,0.199788248181399,0.402165817739576
GDF5,0.0194893682761259,190,0.297732077439007,0.498084295056246
CLIC4,0.0612305753681762,67,0.257047593000731,0.460750970615647
GDPD2,0.0310078510730457,224,0.0746651666958501,0.237027244211343
UQCC1,0.0144736040962854,202,0.405838540093929,0.594981724312394
SRRM1,0.0137860391811489,185,0.468707362509275,0.644580171570902
ALOX5,0.0152780690171584,223,0.33507805301274,0.532962152986955
NCMAP,0.0088930245802764,170,0.681596293790863,0.798991542062017
RCAN3,0.0366209606960416,191,0.073249138859244,0.23469208365065
NIPAL3,0.0453140234617877,201,0.0284674136072264,0.141905806295702
KIF4A,0.103879039494697,249,1.06967778043566e-05,0.00261988773300549
FAM83C,0.0063428081350698,263,0.645456126789391,0.774352791144469
STPG1,0.0472627820770793,255,0.00736691817081275,0.0702599495302907
MDH1B,0.0701056214820788,274,0.000255909155959313,0.0119536601720829
ADAM23,0.00159459998327482,239,0.944440978388061,0.96605897524298
CXCL12,NA,NA,NA,NA
OR2K2,0.0513274434298566,198,0.0176416875718277,0.10896437095771
LPAR1,NA,NA,NA,NA
ZNF32,NA,NA,NA,NA
MYOM3,0.017768519894051,281,0.173623222623586,0.370893217600467
MUSK,0.00606409477513788,240,0.694015962401614,0.807656003028778
EIF6,0.107419728132333,70,0.0598642208311788,0.211551253192534
RASGEF1A,NA,NA,NA,NA
CSGALNACT2,0.0422864581087968,194,0.0427933933511683,0.177383543087719
BAK1,0.04192138140254,199,0.040194051974495,0.171322438402667
CNR2,0.0636427155772392,215,0.00347154050110361,0.0467868146265139
HMGCL,0.032047466821497,222,0.0693144926386542,0.22876117601604
EDEM2,0.00430824946935419,193,0.842954560209847,0.905216970131564
TXNDC8,0.0150972620380281,194,0.405111862353424,0.594287993546404
LYPLA2,0.0539164027214339,54,0.414110448208625,0.600627567291316
PHF1,0.0246244526770783,179,0.222952628001097,0.42577967764612
TXN,NA,NA,NA,NA
BMS1,0.0369007412960757,228,0.0388394465459121,0.167454025459965
P2RY4,0.0566106689635269,209,0.0081949622559353,0.0732381010730894
AWAT1,0.0230910350861636,219,0.16933550973704,0.36590720258075
PTPN3,0.0441421573402764,237,0.0153307677389108,0.101533009532267
RPL11,NA,NA,NA,NA
EDA,NA,NA,NA,NA
ID3,NA,NA,NA,NA
EPB41L4B,0.0108913453259218,244,0.449379003355144,0.629209651135787
BMPR2,0.02861256216972,204,0.121315950554391,0.304677789543696
TMEM245,0.0341526342374122,225,0.0538224451505937,0.199500192502317
STARD8,0.00239388193205787,251,0.896782431908258,0.938952733704668
HNRNPR,0.0928092503969915,50,0.208078906665005,0.411572551690052
WDR46,0.019284653423798,247,0.191529566938036,0.392690744608895
HTR1D,0.0735095962545864,208,0.00164068757207873,0.0317067636245365
C1QC,0.0186739224279383,210,0.272147493897048,0.474869226232744
C1QA,0.0338903845075839,240,0.0439935088600537,0.180103287959384
RING1,NA,NA,NA,NA
HSD17B8,0.0359608782007372,200,0.0670818862878905,0.224534797309481
ACTL7B,0.0198924463802214,220,0.225458014426724,0.428210026450876
KLF4,0.00973276921711105,185,0.616932562098128,0.754996935801072
SLC39A7,0.0175931403051138,226,0.265985153875917,0.468999988891552
RXRB,NA,NA,NA,NA
TMEM38B,0.0480474562521413,221,0.0142905943887088,0.0985261271324007
FZD8,NA,NA,NA,NA
HSPG2,0.0139968634675847,289,0.258125769837431,0.461182437607593
AOX1,0.0350476550033518,251,0.0326297171723607,0.152952549837021
CCNY,0.0387737359368937,75,0.412225596120113,0.599194527255042
COL11A2,0.00640486733791287,241,0.673718884934732,0.7938318474975
SLC44A1,0.0170870557549125,194,0.347948715920644,0.543666034595753
VSIG4,0.0198669773142953,186,0.298716757259671,0.498748901476032
OXLD1,0.00596196098999194,224,0.722136119726225,0.82575227876795
SLC38A10,0.0170310871124568,264,0.214155286693973,0.417594012245366
NIPSNAP3B,NA,NA,NA,NA
RAP1GAP,0.0170797606613489,213,0.305415837087872,0.504968986258748
OR13C3,0.0130731705146722,206,0.443636799163265,0.624464884410184
PARD3,0.0666066549442546,246,0.000975546518633566,0.0247477089223839
PPP3R2,0.0130092771278788,195,0.471005283894196,0.646762619479944
TP53INP2,0.00658240427481837,184,0.751906053600756,0.845041137295167
LAS1L,0.0407575433636903,212,0.0351126294544222,0.158532393234267
BRD2,0.00887511906937597,192,0.638013101999112,0.769027211441042
ZC4H2,NA,NA,NA,NA
ALPL,0.0386884993282475,234,0.0290997733271519,0.143537843956083
HLA-DMA,0.0219985486168634,235,0.161298585256709,0.356772973572324
DYNLRB1,NA,NA,NA,NA
PGAP4,NA,NA,NA,NA
MTMR8,NA,NA,NA,NA
PSMB9,0.0356994109944278,185,0.0869924868511665,0.257360351344125
ITCH,0.00910467867783388,186,0.640415266399972,0.770562463879804
MRPL50,0.0277189882993826,200,0.137680091358841,0.32736292253943
COL5A2,0.0142434363026991,235,0.343080945744319,0.539308679955523
AMER1,0.0490889485374067,247,0.00712769215987646,0.0687193696806863
ARHGEF9,0.0217259859508804,181,0.271272290333583,0.474062451470858
PLPPR1,NA,NA,NA,NA
TMEFF1,NA,NA,NA,NA
PSMB8,0.00625523028843818,217,0.717029083413725,0.821973803324538
SPIN4,0.00665083367662676,82,0.910306623023006,0.946969786860934
TEX10,0.0747190547077735,210,0.00135901764343017,0.0288955738008793
EIF2S2,0.0276772103077693,93,0.466981118149279,0.643064030062415
HLA-DRA,0.00355134475414222,229,0.847143960828141,0.907572803255989
APEX2,0.0169034298543967,224,0.287457914016399,0.487433575224332
COL15A1,0.00883802654770175,275,0.489622890202864,0.661945256613601
PFKFB1,NA,NA,NA,NA
GALNT12,0.0477018456862279,224,0.0138565113712981,0.0969651257279408
NOTCH4,0.00662954587203836,262,0.630216020826926,0.763912747811148
TMEM225,0.0320608747533665,212,0.0797829029273127,0.245854113641968
GPSM3,0.0302876603030812,180,0.143410451136939,0.335550645046467
PBX2,0.0712054486690939,92,0.0904666988009766,0.262905506129162
AGER,0.016749976653995,262,0.224019727874284,0.427113062007018
CDA,0.0177064370460566,181,0.363659337109469,0.557013267279158
CORO2A,0.00561643920344078,221,0.74447525454449,0.839777622249465
VWA5B1,0.00954482310919967,270,0.463205558471298,0.640124348165197
RNF5,NA,NA,NA,NA
TRIM14,0.0183329815657954,206,0.288778521441812,0.488950179351625
UBXN10,0.0283554951648553,254,0.0665555739496689,0.223483675285482
PLA2G2F,0.0251346297782935,230,0.124113123107123,0.308550602360397
PLA2G2D,0.0526646875524092,226,0.00791669908416496,0.07167363957492
PLA2G5,0.0285945363234093,208,0.115614772289567,0.296282047705292
PLA2G2E,0.0285013812227675,209,0.115151810287969,0.295739757174344
TRMO,0.0207138176728245,255,0.153632740607567,0.34698822209221
OTUD3,0.00296024849945346,227,0.880466311620519,0.92956065510346
RNF186,0.0341734184814573,236,0.0453803841845055,0.182915670746539
FOXE1,NA,NA,NA,NA
XPA,0.0178043732450599,196,0.324431111171414,0.521513900275038
FGD1,0.0507201231614128,192,0.0214176775626431,0.121233573972366
NCBP1,NA,NA,NA,NA
TSR2,0.054367389787697,175,0.0237615262091756,0.128177631228476
SLC66A1,0.0198846236249641,224,0.218228624660374,0.421306618716769
FKBPL,0.0188260050008518,223,0.242735158731973,0.445393312434867
FAM120C,0.0391200419452254,187,0.0635928203719674,0.217894612993093
EMC1,0.0124001671740376,235,0.407040425548535,0.596063518859385
ZNF341,0.0313994448991529,214,0.0825329462436295,0.250250714556461
ATF6B,0.00348003465264848,242,0.840192644552007,0.90342675789338
MAP3K20,0.0145815859198668,245,0.313329077314055,0.511707323239373
PRXL2C,0.0185135368488295,193,0.313749539426916,0.512296683864256
CDC14B,0.0428136114582398,208,0.0311771666691424,0.148995270055609
TMEM94,0.0202883718948948,252,0.165156173269648,0.36100957376148
HABP4,0.0282046382504716,199,0.133669972893519,0.321845846535583
UBR4,0.044035436491844,258,0.010129112019357,0.0821683889672173
DCAF17,0.0318595005775879,209,0.0847946357063762,0.254356157723717
ZNF367,NA,NA,NA,NA
HSD17B3,0.0497209166432094,226,0.0107554771946139,0.0847092875208667
SP5,NA,NA,NA,NA
UPF3A,0.0658839983544336,219,0.00245079675532803,0.0391379042352459
SIK3,0.035523147031991,253,0.0299381947442771,0.145752125640333
AOPEP,0.00716906184228061,268,0.590417165532082,0.737053463894941
LYZL2,0.0224255420156321,198,0.219737652101183,0.423021859462834
RIBC1,0.0236322499943414,250,0.117370340492181,0.299057929880596
STK19,NA,NA,NA,NA
FBP2,NA,NA,NA,NA
ALDH4A1,0.0711626012823224,250,0.000502499555471573,0.0181298423186571
MFSD14B,0.0501098291934783,200,0.0188068908823706,0.112664422520166
DXO,0.0259193953638087,231,0.113500363186986,0.293749365078125
TMEM255B,0.0384906573651031,205,0.0491694506130983,0.189563085715014
G6PC2,0.0343775417877606,196,0.0819689867075158,0.249767639132311
BTBD17,0.0361759385881471,193,0.0736461679938988,0.23549023238019
TFDP1,NA,NA,NA,NA
TAS1R2,0.0490091568946935,222,0.0126755814359985,0.0934922364492593
PAX7,0.0144424282324619,209,0.39100500551309,0.581945521107746
JCAD,0.027844862868675,264,0.0622795520777426,0.215768954542886
SKIV2L,0.0266202824285339,252,0.0827659767801098,0.250739172281512
KDM5C,0.00554644436507848,206,0.768145387474333,0.856288810054538
ACTL8,0.0236462244451712,206,0.183312509387972,0.383288049621886
ADPRHL1,0.0568476431570502,204,0.00913682108651337,0.0777938729073148
NELFE,0.00539894014383544,188,0.798928618494351,0.876618924057248
GRTP1,0.0209525450900105,197,0.250170694156697,0.453418807567908
RCC2,NA,NA,NA,NA
SCN2A,0.0897509989883128,187,0.000817013948059841,0.0229494700642564
CUL4A,NA,NA,NA,NA
TSPYL2,0.0273591743528192,230,0.0993946622005889,0.275433076106767
BUD13,0.0296256585609446,208,0.105338257387065,0.28350853062619
NINJ1,NA,NA,NA,NA
PADI4,0.00473518049723729,240,0.769425647771251,0.857340774279497
BPIFA3,0.0554794686089069,208,0.00937585968803992,0.0787671167459607
PADI3,0.034206930502879,249,0.0370108909089224,0.16287963371313
CARD19,0.038581948892243,173,0.0844470278142972,0.253779458764249
PADI1,0.0209389872480352,263,0.139477492596862,0.329814706100596
SUSD3,0.0408933676838712,227,0.026241712769876,0.135698334929047
NXPE4,0.0276072676267076,171,0.195688275479397,0.39777800740413
FGD3,0.0233467246363199,239,0.135296880028676,0.32427449354066
BPIFB4,0.00485236601609121,231,0.77320243374459,0.859732234633065
PADI2,0.0431830507199058,234,0.0180492851588875,0.110510693532792
RBM7,0.0184849253482679,200,0.298338416188944,0.498509324138336
BPIFB3,0.0198547803527395,241,0.189824393903773,0.390755371061653
SDHB,0.016402552541166,189,0.378902468364062,0.57224022733128
LYZL1,0.0129706076803569,196,0.470024824504406,0.645834088346976
ZBTB12,NA,NA,NA,NA
BAMBI,NA,NA,NA,NA
MFAP2,NA,NA,NA,NA
CROCC,0.00890839030285578,280,0.477927986709665,0.653029807824728
ASPN,0.0312803157953822,184,0.125821916625918,0.311262907274254
SDHD,0.0189012072868101,193,0.304408669210748,0.503892489091252
OMD,0.0214125076232702,223,0.190756698929541,0.39197762464773
F10,0.0233773536013448,250,0.120653302260384,0.303803965517645
OGN,0.0413237798366088,185,0.0549560348757012,0.201364152869468
MAPRE1,0.0198674027750634,85,0.643878564834122,0.773334345692887
CENPP,0.00795430982522252,217,0.632910428200642,0.765762843120749
FBXO42,0.036219383686273,197,0.068808384998901,0.228020923324272
CPLANE2,0.00586539166475595,201,0.759468213763796,0.850786099964439
MCF2L,0.0542356860024491,249,0.00375715627884128,0.0482857137914456
LAYN,0.0303418014868913,248,0.0577018715679104,0.207128251490673
ATP11A,0.0296666369091887,247,0.062982496678245,0.216971890098493
NEU1,0.0092864908000838,227,0.552166311390301,0.708334035354116
IARS1,0.0363937929105858,227,0.0415835094124618,0.174615092607027
HSPA1L,NA,NA,NA,NA
LSM2,NA,NA,NA,NA
FAM131C,0.0222480308681324,212,0.195597402771813,0.39775323673987
VARS1,0.0233540770194325,243,0.129842377131294,0.316438279517042
CLCNKB,0.0377652321263376,231,0.0337705030600859,0.155890223622057
VWA7,0.0101786007485326,226,0.514403775405014,0.680173639338134
MSH5,0.0154551797005515,253,0.273060829141869,0.476013149095481
ROR2,0.0263777558706642,225,0.116141829369245,0.297263331761797
KIF3B,NA,NA,NA,NA
AUH,0.0149743377114385,206,0.380997243772052,0.57402509013588
MPP7,0.00360657801553423,208,0.862201296687162,0.916457662711374
ZBTB17,0.00599199831167122,226,0.717720647982922,0.822466274312624
POFUT1,0.0241064774793945,214,0.162196733065758,0.357885719372709
SYK,0.0234767377456031,203,0.191669347082706,0.392902109197706
DIRAS2,0.00884718169111321,63,0.90810836521026,0.945301221729842
FBLIM1,0.0136495214641269,237,0.358749120751002,0.55266332739344
ING1,NA,NA,NA,NA
TMEM82,0.0361839231731239,254,0.0273053074183553,0.138826505101866
MKX,0.0312968118660584,192,0.112700662109114,0.292984467524348
DDAH2,NA,NA,NA,NA
PLEKHM2,0.0107980229413224,267,0.411740086293639,0.59902333099185
SECISBP2,0.0609331216465204,266,0.00105780410059715,0.0257411033425079
LY6G6C,NA,NA,NA,NA
COL4A1,0.00367805123116713,265,0.808267272293047,0.882628138551337
LY6G6D,NA,NA,NA,NA
AGMAT,0.0235538393944018,231,0.143664382260996,0.335788139562497
LY6G6F,0.0808559504450636,241,0.00022538655807046,0.0115564999221551
SHC3,0.0312346954893868,231,0.0662592478552572,0.223113669646399
DNAJC16,0.0277376024281565,242,0.0826539090427494,0.250518844733093
HCK,0.0312050469230204,230,0.0673883391460117,0.225323677438594
NXNL2,0.0659575138479641,190,0.0059460500064126,0.0625341807445672
SPIN1,0.106213343108505,32,0.348672012838816,0.543935173385002
LY6G5B,0.0422612962891504,179,0.0569828671244393,0.20547389459141
CSNK2B,0.00888865696283232,94,0.843083832728995,0.905216970131564
TNFSF13B,0.0302657087910041,227,0.0771744815431888,0.241023589243269
ACBD5,0.0349595038507038,237,0.0411096689278772,0.173618274114068
ABHD13,NA,NA,NA,NA
GPANK1,0.00671693432040941,231,0.671948039028806,0.792780068288535
CELA2B,NA,NA,NA,NA
C6orf47,0.0204853381735381,218,0.217219930839245,0.420634489762601
FAM155A,0.0131923937395106,198,0.45768214896893,0.635712873001725
APOM,0.0130640127066172,199,0.459830466999333,0.637466074638457
MASTL,0.00937777164156197,242,0.520218800611538,0.684452871110296
CTRC,0.117257336849919,246,2.55431209265087e-06,0.00144238407652246
TUT7,0.00522114589860008,267,0.708156336440179,0.81644441871018
BAG6,0.0236134044331532,232,0.141373522463209,0.332569852621247
FOXS1,0.0270785533436704,222,0.112373615227484,0.292497519627476
EFHD2,NA,NA,NA,NA
ISCA1,0.124107367631656,52,0.0966356759080034,0.271391609982899
MYLK2,0.0584546988662759,248,0.00236536765616,0.0382786816630924
POGLUT2,0.000307985549749138,225,0.995279199491455,0.997330295161519
TEX30,NA,NA,NA,NA
PRRC2A,0.00528179359325259,268,0.703136443461496,0.814031303140538
AIF1,NA,NA,NA,NA
TPP2,0.0385653047970328,205,0.0488348358159971,0.188852162518268
COX4I2,0.016376062758814,183,0.394650254487623,0.584857533296993
LRRC38,0.00473300886832553,173,0.846096996626285,0.906985215809474
CLCN5,NA,NA,NA,NA
ID1,NA,NA,NA,NA
FGF14,0.00640797543388437,69,0.804229048041138,0.879878116643925
ABI1,NA,NA,NA,NA
NFKBIL1,0.00223285670151666,182,0.939384482586473,0.96359542285932
ITGBL1,0.0115948738950002,219,0.470309000907189,0.646085151068273
PDSS1,0.00408334995846413,242,0.805102272874297,0.880530918619755
AADACL4,NA,NA,NA,NA
CCDC22,0.0401476496888321,237,0.0236004751462488,0.127578799432354
APBB1IP,0.0100540979012531,220,0.531584574743807,0.693532180284484
SLC28A3,0.0149966785366642,267,0.26264175308038,0.4656836095269
GGACT,0.00614638255377056,214,0.726954479667632,0.828574570704042
TCF19,0.0360823911902835,228,0.0422305624996507,0.176327833053721
TNFRSF1B,0.0251743390739059,249,0.100357654104655,0.277377405094811
CACNA1F,0.010725896269503,256,0.43429473832185,0.618285019815234
HNRNPK,NA,NA,NA,NA
PCCA,0.0125981140178631,248,0.374716732749716,0.5682095854626
DEFB119,NA,NA,NA,NA
SHISA7,0.0361331602304141,174,0.100015413165492,0.276731762345362
PLP2,NA,NA,NA,NA
ZIC2,NA,NA,NA,NA
C9orf64,0.0212346908018119,211,0.215950844715734,0.419142237627718
GPR158,0.0168261942520921,266,0.215981982856798,0.419142237627718
STXBP4,0.0190576612362201,253,0.18684119305594,0.387446422343571
CLYBL,0.003731150102863,208,0.856068924879287,0.91347606854475
THNSL1,0.0188916390868553,249,0.19635998803576,0.398540367748755
ENKUR,0.0211892804176733,233,0.178058973077572,0.376954634494008
GKAP1,0.0397485987094275,171,0.0800505746781307,0.246392945604479
FLOT1,NA,NA,NA,NA
UBQLN1,0.0235979870572639,196,0.203404227597467,0.406170624440473
GPR183,0.000724920539104028,218,0.984167810640936,0.990780273205514
IDNK,0.00791874584287061,196,0.672117406319004,0.792780068288535
GRIPAP1,0.0178309516122712,221,0.269920867924118,0.472794615171891
DHX16,0.011788516880018,204,0.494926143949376,0.665334533390253
RASEF,0.0563574033694577,245,0.00326412792821303,0.0455333332899465
KIAA1217,0.0410280965429317,285,0.00867558131695126,0.0753184755642067
NPPA,0.0320320573494958,203,0.0908341744069528,0.263282668467672
ATAT1,0.0013547422656861,208,0.963665741550178,0.977480637494669
OTUD1,0.0279810632935051,202,0.131396302146345,0.31883220753571
TLE1,0.0597693966187629,95,0.131730387015528,0.3190791572898
SLC15A1,0.0159897317739997,251,0.26174145912618,0.464669532120299
PTF1A,0.0684695691904745,178,0.00698606842810097,0.0681650529290784
PIM2,NA,NA,NA,NA
MSRB2,NA,NA,NA,NA
PPP1R10,0.0121615445805351,224,0.438187732657289,0.621352133152236
TTYH1,0.0101252305452333,196,0.57773287778741,0.727291285114209
TLE4,0.00798510570965179,177,0.704274441996722,0.814506911674937
STK24,0.00923929636893098,172,0.663951419795881,0.787185624451228
PRR3,NA,NA,NA,NA
PIP4K2A,NA,NA,NA,NA
KIAA2013,0.0294233949894122,211,0.103222855801121,0.280644396109532
MTHFR,0.0231456096546498,259,0.11300176205121,0.293233586284477
PSAT1,0.0615171681262226,199,0.00679005769203705,0.0673317521718413
LRCOL1,NA,NA,NA,NA
HDAC6,0.0133874251890904,246,0.350447315435474,0.545302017029469
GNL1,0.00986736099284486,188,0.605149401656858,0.745938175681525
SPAG6,0.00953892008714208,175,0.645914094336458,0.774683294610521
PUS1,0.0223679510956993,201,0.214658111237155,0.417961428637274
EDAR,0.0107384016881502,226,0.490637168303706,0.662672877696165
TRIM39,NA,NA,NA,NA
BMI1,0.0122626528835974,73,0.829549694781728,0.896186692063796
GATA1,0.0392476669439174,180,0.0710947113862041,0.231635263293603
MAD2L2,0.0504253121892233,95,0.191857767563365,0.392972101590064
MBNL2,0.135677531292306,96,0.00488207112968047,0.0557650743566013
NUDT8,0.0193171898537835,221,0.235724807007209,0.438468108959225
TRIM15,0.0878112299522408,207,0.000421621940048551,0.0163712714282267
WAS,0.0207873289705408,191,0.266958925859271,0.469929489832817
HS6ST3,0.00534442761251476,191,0.797515700996875,0.875746421928986
FOXB2,0.0142704584785268,172,0.486186372807091,0.659273491106235
VSX1,0.0443425380863,212,0.0249105424498781,0.131207886121442
PRUNE2,0.0813185964700556,239,0.000230997409565197,0.0115820139655575
WDR13,0.082147055206348,72,0.120053087262005,0.302965706308793
RFK,NA,NA,NA,NA
SP2,0.0264181001415667,195,0.162861785020797,0.358673300021592
UGGT2,0.0197238084794441,277,0.142040674402842,0.333461756533567
FBXO6,0.0145643297104473,229,0.344776501928648,0.54077260203981
RBM3,0.0415831635777396,70,0.412228521341762,0.599194527255042
FBXO44,NA,NA,NA,NA
TBC1D25,0.026687334890378,171,0.209027079112653,0.412228070544866
PPP1R11,0.0132265155860678,92,0.752137915652435,0.845041137295167
ZNRD1,NA,NA,NA,NA
UBIAD1,0.0204543901959853,170,0.326409450136839,0.523306993572858
ANGPTL7,0.0107965411334111,222,0.496239386737739,0.665851415999099
DZIP1,0.030324804197395,265,0.0458930547540223,0.18396647007751
CARNMT1,NA,NA,NA,NA
COMMD3,NA,NA,NA,NA
C9orf40,0.020990122539858,185,0.276735635993859,0.479394050600896
SYNDIG1,NA,NA,NA,NA
NMS,0.0314017159359859,173,0.144675363611706,0.336976121243359
RILPL1,0.0436573748053802,190,0.0410948401408224,0.173618274114068
MOG,0.0812065099663076,220,0.000487296144030687,0.0178853132287459
YIF1A,0.00294463920159498,173,0.917465948386203,0.950605785766896
EXOSC10,0.0121451150611885,252,0.384219257926711,0.576606278602493
ZNF182,0.0677641142926442,200,0.00369686413116736,0.0479211404703757
SOX21,NA,NA,NA,NA
SRM,NA,NA,NA,NA
GPR180,0.0170567239212415,221,0.289462186172118,0.489652065757484
ZFAND5,0.0181856639583823,72,0.731228021917186,0.830504143297088
DNAJC1,0.0125616343883621,238,0.395168256589194,0.585488938566773
ELK1,0.014258246130951,205,0.405919927964069,0.594981724312394
DRAP1,NA,NA,NA,NA
CST11,0.0409140865697709,214,0.0333347292346714,0.154832644614433
CASZ1,0.00940906859664834,256,0.493762614914514,0.664873575206855
GABBR1,0.0192720758855247,174,0.342928935507595,0.539202829953671
DFFA,0.0325258749159552,237,0.0532020630948581,0.198239167810448
CEMIP2,0.0110617988594402,265,0.404074925821823,0.59378080711512
GPC6,0.00902151378602974,183,0.649923541351564,0.778062606983648
ZNF41,NA,NA,NA,NA
GPC5,0.027053271690038,240,0.0910237927893993,0.263563820720249
KDM2B,0.0695866758944789,238,0.000898770335286909,0.023748421141523
ZNF157,NA,NA,NA,NA
CNNM4,0.0739191011329159,218,0.00111253722155167,0.0263859852023875
LMAN2L,NA,NA,NA,NA
SLC25A39,0.0128734517931187,215,0.430974969733934,0.615416214209148
THBD,0.00592580864103461,271,0.659396999995533,0.784574008963295
SPRY2,NA,NA,NA,NA
NEBL,0.0385498197187004,255,0.0204227594671399,0.118336790069833
KLF9,0.00251051300965274,83,0.976637457664677,0.985774519858439
NKX2-2,NA,NA,NA,NA
OR2W1,NA,NA,NA,NA
ZNF311,NA,NA,NA,NA
MAMDC2,0.0124800439511845,264,0.350120546343637,0.545059928887979
SPDYC,0.0167359090356677,181,0.389707519246207,0.581524893394223
XRN2,0.0050383597656986,201,0.799395577912106,0.876774206018651
C9orf135,0.103225438986165,240,1.80908456066494e-05,0.00330894824769239
TRIM27,0.0269886773701411,88,0.503384975157266,0.67222483835037
NMNAT1,0.00993777338939868,209,0.558606079242786,0.713009323034288
POU4F1,0.187265366212734,39,0.0284945636780191,0.141982301644464
EDNRB,0.000256816814703782,248,0.995830828757633,0.997343151373186
LZIC,0.03213609158774,95,0.388430461550956,0.580763880662479
SNX15,0.00134128814416831,223,0.960448092455138,0.975943590873512
PLXDC2,0.0357673538319527,205,0.0630232369974986,0.216986991921322
ARL5B,0.185159370199692,31,0.135398568600217,0.324333422486729
CLSTN1,0.0319145373293532,248,0.048495031116592,0.188130586750203
NSUN6,0.0397911474703913,243,0.0219932902351481,0.122778101973716
ARHGAP39,0.0777462803671832,227,0.000539263065742846,0.0187404785478424
TMEM252,0.0495662016309885,229,0.0102043372213401,0.0824634764282917
FOXH1,0.00778179937205059,227,0.623966175690955,0.759517653980694
ZNF165,NA,NA,NA,NA
CRNKL1,0.038802683394002,249,0.0220575551100849,0.122976570347077
INSYN2B,0.00167685393972226,259,0.933422756246098,0.959912488162372
SLC39A12,0.0247992092377178,255,0.0979356078072482,0.273171707003516
SF1,NA,NA,NA,NA
CBWD6,0.0127141580094539,232,0.401445522867713,0.591281389989961
CBWD1,0.0285490118673625,230,0.0881865871597432,0.259326800754211
GPR157,0.00432344109648376,210,0.824559156051076,0.89327625223102
FOXD4L4,0.045825179416843,220,0.0182649777067545,0.110880976909516
FOXD4L5,0.0457983246233536,196,0.0302269652901225,0.146275250060415
SLC2A5,0.0170484177340087,262,0.216826782013943,0.420159134572693
SCP2D1,0.053592756247726,181,0.0218208961416808,0.122373814733794
CA6,0.0648945566328631,244,0.00126435936609644,0.0278742147241741
DTD1,NA,NA,NA,NA
KCTD12,NA,NA,NA,NA
ERRFI1,0.0293401981564251,233,0.0783130539760589,0.243148477678958
TMEM236,0.0220014147520382,255,0.133448235392561,0.32174765707627
STAM,0.059779194524194,198,0.00818933585426852,0.0732381010730894
AUP1,0.020876286459287,188,0.272033776806144,0.474869226232744
TTC25,0.0217649024799826,260,0.130664088037492,0.317947616592568
HECTD4,0.0129542931400688,250,0.358129982130719,0.551957260626
LBX2,0.0148748014282725,211,0.372942263203766,0.56653061356908
SLC22A12,0.0124709790421139,228,0.418436459918822,0.604510279052072
DNAJC11,NA,NA,NA,NA
UCHL3,0.0629443661295354,82,0.164725402584304,0.360817865159091
ST8SIA6,0.029063063576661,181,0.155619432037842,0.349422299806226
POLR3F,0.0622571397539411,78,0.187533975799564,0.388173690197179
SLC4A5,0.0454952204713308,222,0.0181089680749794,0.110510693532792
TBC1D4,0.04079416573659,256,0.0154370069589298,0.101921057868807
PHF13,0.0157373984335476,170,0.447133066582412,0.627110238461767
KLHL21,NA,NA,NA,NA
KLF12,0.0392164443096827,97,0.288009630564545,0.488297478017844
HIF3A,0.0662879813933055,230,0.00166915273150195,0.0318350023217984
FAM216A,0.0352989588519553,221,0.0511088603740588,0.193396386063095
ZBTB48,0.00328056311922825,231,0.860309123630873,0.915863810944628
KAT14,0.012233241174638,200,0.487260435772688,0.660256294286728
KLF5,NA,NA,NA,NA
IGFBPL1,0.000327807808977944,211,0.995294287963483,0.997330295161519
ALDH1B1,0.0603213931797355,177,0.0139906626664166,0.0975821904268794
NOL9,0.104829136352832,222,3.72679264822982e-05,0.00441424655329051
SHB,0.0276490538173641,173,0.19059035622595,0.391762229969933
MGME1,0.0342188518209222,243,0.0405482950689164,0.172141028665906
DCAF10,0.00401429970529262,193,0.856450743847325,0.913700508765248
H4C8,NA,NA,NA,NA
GPR20,0.0845904282074758,223,0.000303713449546235,0.0130161752197574
H4C2,0.0833333333333339,5,0.563702861650772,0.716213053270573
FRMPD1,0.0371070687750323,266,0.0200369435187254,0.117377772518902
DIS3,0.0165801773892928,240,0.265524244809358,0.468706414676643
SNX5,NA,NA,NA,NA
DPP6,0.0426845847264238,230,0.0205809707769413,0.118905264047497
TOMM5,0.0593944544839502,73,0.233123171773328,0.436112913587706
TNFRSF25,0.0120068685035767,234,0.423895092663956,0.609245587126083
POLR1E,0.0450573203352314,246,0.0115166152861045,0.0884120628594494
NAA40,0.0399922651923886,99,0.270317618601426,0.473143662337743
TRDMT1,0.0249532094710698,228,0.129130927603415,0.315543264381637
H4C3,NA,NA,NA,NA
MZT1,0.0145111465392157,97,0.707159947006408,0.815591953569159
RTN3,0.0490204755067094,269,0.0043485206795932,0.0525477068906079
CUBN,0.084458753781036,268,5.01022972589705e-05,0.00530307158199725
HES2,NA,NA,NA,NA
ZFAT,0.0572925458924569,263,0.00180757291792037,0.0330652443146251
KLHL1,0.0102734740204097,202,0.559032364349915,0.713122842995653
SLC17A2,0.0240408936986952,195,0.198125674732441,0.400274205804627
ACOT7,0.0270782716849327,212,0.126411357394136,0.311981492135364
PCDH9,NA,NA,NA,NA
SLC22A6,0.0150290445391641,242,0.30528044978371,0.504876224963684
BFSP1,0.0341676222708495,224,0.0545691260658706,0.200864852478303
SLC3A2,0.00510306284270378,246,0.740979109111011,0.837365566427492
GPR153,0.0452275424886119,224,0.0178511831605658,0.109673260363225
HES3,0.00387024624750596,210,0.847341545823485,0.907631785332876
SLC17A4,0.0528245621719257,233,0.00655787324451794,0.0661208926844864
SPINK9,NA,NA,NA,NA
PCDH17,0.0159742398532519,185,0.401085187662507,0.590887327943284
LRRC3C,0.00599206086986391,235,0.705032654290396,0.814883429884313
RNF207,0.0264404776671286,248,0.0884557886919744,0.259339991892492
PCDH8,0.0586939156855251,202,0.008110118910814,0.0729425567362131
LYPD5,0.0164335717915106,197,0.358793032892392,0.55266332739344
FBXO48,0.0491334552676221,213,0.0153396184175705,0.101533009532267
GLIPR2,0.0352609105429785,93,0.355512624848246,0.54982498968637
SCGN,0.0187287899729334,211,0.268785317218612,0.471716935386006
CNMD,0.0192258256012892,203,0.274308761333849,0.477202074081123
RECK,0.0177055664886748,240,0.237514101437661,0.440317262869003
GRXCR2,0.00599616968793548,206,0.746006262684612,0.840734073228141
OR13J1,0.0258511865058537,209,0.146180347755789,0.338254525620953
ACTR2,NA,NA,NA,NA
CEP68,0.00800128249087071,265,0.549420621080419,0.706524740516985
PTER,0.035335692234394,210,0.0605837843563091,0.212959511678436
CKAP4,0.00739891668051061,229,0.639838326897863,0.770309334468669
FUNDC1,0.137555673071273,61,0.0410560483953671,0.173618274114068
VPS36,NA,NA,NA,NA
MAOB,0.0201827811353661,221,0.217685655067213,0.421024222161887
LRRC10B,NA,NA,NA,NA
ITGA8,0.00477861061944457,254,0.750849318396137,0.844547992501387
RGP1,NA,NA,NA,NA
FBXO47,0.0419232208155698,224,0.024994597252671,0.13132986971741
KCNAB2,NA,NA,NA,NA
GBA2,0.0148795744006555,259,0.279390253873698,0.481361901364009
NDUFAF5,0.0184730627955855,235,0.228661123908325,0.431355063345408
C12orf42,0.022801770801697,185,0.241110216601876,0.44394675706831
FAM171A1,0.017341573146783,238,0.249833369405535,0.45310447289823
C6orf62,0.0088090729526853,56,0.922283472558222,0.953425511891357
PPP1R2C,0.0561577406905742,182,0.0172179528731061,0.10779534122132
GPR34,0.0354092519273693,228,0.0452348827026808,0.182834486227021
PGA4,NA,NA,NA,NA
NPHP4,0.0445358686014066,279,0.00618579433915924,0.0633807535828899
TAF2,0.0156598349665195,218,0.334209344162237,0.531795378217173
NMT2,NA,NA,NA,NA
MS4A13,0.0289646736477507,206,0.114678009647991,0.295412355597926
AJAP1,0.0295270942008838,220,0.0909957198616095,0.263563820720249
TDP2,0.00325167448450093,232,0.861115115286372,0.915863810944628
EXT1,NA,NA,NA,NA
KIAA0319,0.0258763638347617,176,0.209774222986268,0.413189685114925
NYX,0.019533572218365,227,0.220036609329979,0.423129436271572
OLAH,NA,NA,NA,NA
SPIRE2,0.0255971388193185,248,0.096932031207528,0.271657045850297
LRRC47,0.0704510948254674,242,0.000713902266896977,0.0213935512263527
DCLRE1C,0.00450347225874225,254,0.767577459647584,0.855955391478122
TP73,0.0249402154895895,238,0.116030003280543,0.297056208209575
RCBTB1,NA,NA,NA,NA
C19orf54,0.0127186103470604,239,0.387476540807098,0.579894385865946
PHF11,0.00704522975358165,215,0.680499120045206,0.798526285332934
TPRG1L,NA,NA,NA,NA
CA9,0.0686014404179197,244,0.000826162062487556,0.0229494700642564
APRT,0.0244973632201285,194,0.192833448042392,0.394399677897528
HSPA14,0.0286397165419766,211,0.110914610495177,0.290232113738791
ARHGEF16,0.0586381261335663,255,0.00190943527693196,0.0341709062075344
MRS2,0.0054050850208797,229,0.745254112287675,0.84037428687551
ARHGEF39,0.00230266969473853,222,0.91693402079121,0.950359909966894
ANKEF1,0.004523518640341,260,0.75982563394491,0.851036784268963
PKHD1L1,0.0353921788989434,285,0.0181344078213948,0.110559989475004
ACTRT2,0.043826097294749,224,0.0205955568851113,0.118905264047497
CCDC107,0.00871654966958822,214,0.602690877607299,0.744002230998019
MMEL1,0.012770786966181,256,0.353735907257489,0.548156491771252
PAK5,0.0518459779893029,211,0.0123491383322666,0.0923354793621316
LPAR6,0.0257104899642291,189,0.184397402273297,0.384684493768053
ATP6AP2,0.0122180254024512,184,0.524912112695279,0.688041276348344
BCOR,0.0219356813342726,261,0.126973475564087,0.313034104681419
HES5,NA,NA,NA,NA
DCDC2,0.0415973169648186,239,0.0194341453744486,0.114942886435823
NUP160,0.0532561530462823,255,0.00362497399266003,0.0475955348149671
PANK4,0.0214018427280553,218,0.199783023091868,0.402165817739576
NRSN1,0.0315595176951112,176,0.137274417338784,0.326874916523105
CAMKMT,0.0132894734007574,227,0.391098027800642,0.581945521107746
PLCB4,0.0131445723402033,199,0.45702947966796,0.635311880926778
SLC35B4,0.00960611920962606,201,0.588916866759771,0.735842756308491
LIG3,0.00165129267575699,253,0.936891511530048,0.962200652435021
MORN1,0.0234523115784575,232,0.143658139493526,0.335788139562497
SRPX,0.0230885215308732,209,0.186850552373021,0.387446422343571
SKI,0.0206466606202848,187,0.27923565628903,0.481361901364009
PRPF18,0.0305849516558425,81,0.484982986575101,0.658894521204683
DYNLT3,0.0037393425890442,96,0.9493259125621,0.968977530035307
CYBB,0.00726452307696366,227,0.649953523531645,0.778062606983648
C11orf49,NA,NA,NA,NA
XK,0.0698630905308174,221,0.00152635091773569,0.0305654171199399
PIGO,0.0149340149923062,259,0.27778399006354,0.480214496586205
LANCL3,NA,NA,NA,NA
LRP4,0.0539756742725228,242,0.00461904063516657,0.0542194484142686
FANCG,0.0115945764533433,261,0.389381169560422,0.58143005634632
CFAP47,0.0905442797359039,223,0.000161767798336022,0.00995730344364105
COX7A2L,NA,NA,NA,NA
GDF9,0.0322075019377869,253,0.0436684868541839,0.179291376071852
SHROOM1,0.0520757120406839,228,0.00802148807089313,0.0725065096315791
UCMA,0.0535672958601364,200,0.0137145763097883,0.0964711908586103
GLIPR1L1,0.039576742825717,206,0.0437285927532474,0.179421260840717
ID4,0.0405441135609403,64,0.46556143689284,0.642300392891927
MCM10,0.00113324520521061,269,0.959329279834584,0.97533469369947
SEPTIN8,NA,NA,NA,NA
ESD,0.00720713741780143,182,0.728066713956494,0.828889369213226
TMEM240,0.0710827893910597,50,0.322966270382921,0.520533885053424
ZFC3H1,0.0267455771687976,247,0.0865827555362365,0.256786641696532
OPTN,0.00340905295482336,249,0.838569077782476,0.902256971752776
ATAD3A,0.00545803228831573,201,0.779100694928333,0.863512875346554
ATAD3C,0.109652243100212,184,0.000164451132356646,0.00995730344364105
HAO1,0.0189818357015006,224,0.237383663827977,0.440203602579079
CCL19,0.0461829096576018,85,0.274788698566701,0.477841188550724
CYP4V2,0.0413719648894175,251,0.0158646938489636,0.103500185549404
RAD50,0.026647641059893,238,0.0972301069783578,0.271740759814871
CCDC3,NA,NA,NA,NA
BMP2,0.0325904566205193,187,0.108640745801913,0.287183175287083
ACCSL,0.0347254562335033,204,0.0703439148296675,0.230426980265084
GALT,0.0017330873871391,221,0.944082031229929,0.965811330728011
C4orf47,0.0176874492355489,233,0.250503928774169,0.453829023736531
LRRN4,0.0155204363232948,259,0.26100313887494,0.463980530760879
CRLS1,0.0310592552279801,194,0.11188122716736,0.291793282640381
ALKBH6,0.0345371447388517,213,0.0623162923281899,0.215768954542886
SDHAF1,0.00414788939886316,183,0.860217311028364,0.915863810944628
DVL1,0.0373170593741644,211,0.0495125896648301,0.190099395225209
DHRS13,0.00994146955870721,229,0.51893899259926,0.683546076093099
ARID3C,0.0292784640126072,245,0.0674485553208351,0.225340665466899
NPHS1,0.0626065337397562,249,0.00141782143283085,0.0296209062031858
FCSK,0.0142326402042795,262,0.2939627778975,0.493821907240472
PGPEP1L,0.00165511068069236,201,0.954092264282061,0.972027764010586
TAB3,0.0508469437662797,195,0.0197554996846816,0.116321326662056
ATL2,NA,NA,NA,NA
CHGB,0.0333005319457488,258,0.0357792297455266,0.15960920141472
CXorf21,0.0311621869968693,196,0.107941115792704,0.286324478404482
NR0B1,0.0292803060516634,199,0.121888819491184,0.30516532436401
IL1RAPL1,NA,NA,NA,NA
C11orf91,NA,NA,NA,NA
GPCPD1,0.0373308661664,213,0.0478198266836912,0.18754884903271
NRCAM,0.0411372233323286,251,0.0162977840020834,0.105156471857942
PUSL1,0.00391092981637971,232,0.824601251225012,0.89327625223102
ARX,NA,NA,NA,NA
RBM24,NA,NA,NA,NA
POLA1,0.0240152814822135,267,0.0941830321129591,0.267928321865233
FABP9,0.0331622690085089,180,0.114763515921162,0.295457477010698
FAM219A,0.0873527315688177,50,0.23274586126468,0.435663034842293
NGRN,0.00743029141319142,234,0.630006954813802,0.76379643095707
KCTD4,0.0661681335074956,93,0.107431388807789,0.285900617251469
PCYT1B,0.0388460464638705,81,0.375318610114867,0.568851340999993
GPALPP1,0.00643775309270463,216,0.709262001804479,0.817109452504966
CD83,0.0206878802560688,227,0.197163441637676,0.399131823050116
PCNA,0.0376902717009671,45,0.646227965437201,0.774913790397156
NUFIP1,0.0118126179867426,247,0.406361605303603,0.595492049838532
ELP4,0.0186745299890678,239,0.217291030942693,0.420686451172728
MCUR1,0.0114744232966994,216,0.481284269028101,0.655778251618218
KIF24,0.0430553861023507,266,0.00970484688094132,0.0800062764103972
B3GALT6,NA,NA,NA,NA
C4orf46,NA,NA,NA,NA
LGR4,0.00749854268629111,229,0.634786580650274,0.766763780636716
ECHDC3,0.00506236236426833,228,0.765222742664749,0.854781996127006
DNAJC15,0.0110509093419469,183,0.570071803348613,0.720996473430778
APOO,0.028373660394614,173,0.180777287033136,0.379805266851537
TNFRSF4,0.0623963933330014,215,0.00393252171531208,0.0497364414758835
USP6NL,0.0101843013642572,258,0.454453289272181,0.632697539590128
VIT,0.0022010108118584,252,0.907225350365345,0.944528902334099
FEZ2,0.020966172791167,193,0.258723169802708,0.461498360029033
DNAJC2,NA,NA,NA,NA
TNFRSF18,0.0204400430539527,207,0.239597891770453,0.442162949637261
SAT1,0.0503822230884827,86,0.232531847150828,0.435327018205102
GFOD1,0.023822721215947,98,0.510454315788777,0.677309618634674
TBC1D7,0.00130122305062393,185,0.970986975654135,0.982169019294024
ACOT9,0.0508725252097317,236,0.00753876012565736,0.0702599495302907
VWA8,0.00834419099437108,274,0.516755531944296,0.682000887313957
SLC23A2,NA,NA,NA,NA
PRDX4,0.0182886996895378,183,0.343689659982597,0.539532116333358
RGCC,NA,NA,NA,NA
PTCHD1,NA,NA,NA,NA
AGRN,0.00382375287764052,261,0.802661251336814,0.879069025455814
PHEX,0.0657598791116862,216,0.00272272632002851,0.0414792373347884
EDN1,0.0290785890992435,221,0.093802358271919,0.26738290844923
E2F4,0.0126150514695933,195,0.484886809973242,0.658894521204683
LYRM7,NA,NA,NA,NA
HIVEP1,0.0320395538991966,269,0.0353234543604187,0.158577768878154
RASSF2,NA,NA,NA,NA
NAA16,0.0782157018520577,219,0.000689869339096742,0.0210699661936118
PLEKHN1,0.00466014541686945,264,0.746866782596919,0.841182821290623
XDH,0.0187875294867911,270,0.167896511969495,0.363847196944614
TMEM170B,0.0136415731867871,62,0.841766091122906,0.904557696686742
NEDD9,0.00293748358489719,256,0.861608670300894,0.916133580309917
ADRA1D,0.0309323745245282,204,0.0987859660000034,0.274762625677232
ASPH,0.008504609735824,259,0.533093802276834,0.694861909455365
MTRF1,0.0226359727557945,224,0.168328693838352,0.364387038253621
KBTBD7,NA,NA,NA,NA
MBTPS2,NA,NA,NA,NA
KBTBD6,NA,NA,NA,NA
WBP4,0.0382146060356824,227,0.0345353389283769,0.157536560383885
GCM2,0.019152514113488,238,0.20882503258432,0.411970557432313
SMPX,0.0500661138237017,95,0.194617588848732,0.396335525672358
KLHL34,0.0132572260154932,239,0.368306918829208,0.56140845138064
TOM1L2,0.0198125540422974,190,0.290399414299442,0.490455767208287
AQP7,0.0243911227286575,227,0.13789921106042,0.327501116466388
CNKSR2,NA,NA,NA,NA
SNX2,NA,NA,NA,NA
YPEL5,NA,NA,NA,NA
NFX1,0.0615113636471773,256,0.00131544287540746,0.0284064893842717
ELF2,0.00767173607866499,198,0.679657389502833,0.797945843723091
INSC,0.00967494979562477,213,0.561870911079255,0.71538417709741
TOGARAM2,0.025132779875607,274,0.0764542248321381,0.239950962903428
FOXO1,0.0131928281779329,220,0.40902101493707,0.597601427812152
KIN,0.00693957775661083,179,0.744564141837387,0.839777622249465
RPS6KA3,NA,NA,NA,NA
PAK1IP1,0.00122110849128281,238,0.96200906526295,0.97688944787027
SPDYA,0.0274245925834948,185,0.168450632857806,0.364551785909433
LHFPL6,NA,NA,NA,NA
NHLRC3,0.0237319788851806,241,0.12739240638631,0.313367907304887
CCDC112,0.0214593561276661,229,0.179822375818126,0.379252166357719
TFAP2A,0.0564351294056645,57,0.367554450244086,0.560790389818174
STOML3,0.00338470383146034,189,0.888068689759652,0.934284060199812
REEP5,NA,NA,NA,NA
MAP7D2,0.0265858843371649,253,0.0821129998138549,0.249840183697903
HGSNAT,0.004252841702279,261,0.775688887926912,0.86130546439731
TRPC3,0.05109559093406,188,0.0227546863329411,0.125040418025029
KATNB1,0.00440291667771101,210,0.820548234154824,0.89099687187278
ARHGAP44,0.0432312154148449,228,0.0202199594143067,0.117750984499593
BCLAF3,0.0393912237586484,249,0.0206350905335495,0.119025594671778
NDNF,0.00180652907892851,229,0.937775779528673,0.96258199538152
BAG1,0.0185786088210794,197,0.30287983091605,0.502577241862568
EEF1E1,NA,NA,NA,NA
IPO7,0.143305505094123,81,0.00946216323737114,0.0789712391816244
SPINK4,0.0308737464554142,171,0.154476828001513,0.347687378661895
B4GALT1,0.0562744494120411,217,0.00686972773420218,0.067574398216098
POSTN,0.00191828988778004,233,0.930788199604988,0.958560565227552
CENPB,NA,NA,NA,NA
SPEF1,0.0224882674134844,196,0.222760488063035,0.425619381965164
TXNDC5,0.0154878259778167,235,0.305013482327171,0.504500222197253
ADPRM,0.0135228361532214,220,0.397599114083659,0.587356868734001
DSP,0.0154207864226473,263,0.257150950494945,0.460758934370234
SIN3B,0.00871293493252183,185,0.6586689849084,0.783927501335705
PDHA1,NA,NA,NA,NA
APTX,0.0106308205320737,211,0.525580691378497,0.688662107551084
SMAD9,NA,NA,NA,NA
OR10A4,0.0088757970385627,180,0.66193934864371,0.785763775219153
RIOK1,0.0287128118967398,244,0.0726276197022212,0.233804554266769
NDUFB6,0.0641222169682147,183,0.0086025177849036,0.0749515926518519
NRBP1,0.0191722067448529,88,0.644075433503156,0.773424921845766
ADGRG2,0.026816663950079,276,0.0608700586744621,0.213190536325848
SOHLH2,0.00276083840663022,258,0.87095885135678,0.922553074789313
DDX58,0.0215727561524025,225,0.184497167006773,0.384818591853001
ARIH1,NA,NA,NA,NA
RBM17,0.0722449450506261,70,0.172906096542573,0.370058016812332
ADAM32,0.0525134246492122,244,0.00518359892910977,0.0574924711929785
MAB21L1,NA,NA,NA,NA
CNGA4,0.00431584446269969,206,0.829106792777766,0.896085054519034
RREB1,0.0157224634951447,257,0.258782483675479,0.461539519967917
PHKA2,0.0265906254598008,240,0.0955530524116757,0.270256201535666
LY86,0.0276184330358375,227,0.100422283648899,0.277491006379349
LETM2,0.031062003804547,231,0.0674390978358044,0.225340665466899
IL2RA,0.00550354866069635,226,0.743834169330342,0.839400317259546
IL15RA,0.0086699467811314,220,0.593691789830685,0.738837075951104
RHOBTB3,0.065468469730191,199,0.00471784167500536,0.0547208805538166
RS1,0.0471707047153744,170,0.046597096833106,0.185364823390828
LINGO2,NA,NA,NA,NA
FBH1,0.0156042160444635,247,0.279423855864084,0.481361901364009
GPR150,0.0184837845895246,231,0.23557860780115,0.438324199993492
ARSK,0.0404954011849644,255,0.0162863759050707,0.105156471857942
SKOR1,0.037149217790889,211,0.0503009814555118,0.191462432700956
TEK,0.00799086584603698,231,0.606722588412194,0.746894360246789
CDK14,NA,NA,NA,NA
RPP40,0.0431759226581028,231,0.0191665752378872,0.113914707271646
LRRC19,0.0319238109317847,249,0.0477563219567121,0.187473178423035
SLC4A11,0.0106279993049902,254,0.442119678616845,0.623500855593416
EXOC3L4,0.037181118647554,255,0.0239345847201667,0.128529848785533
RFC3,NA,NA,NA,NA
STEAP4,0.00754513449366657,250,0.59795222933317,0.741352545157811
RBBP7,NA,NA,NA,NA
ANKRD16,0.0166479749610318,228,0.286327663746592,0.486546914673329
KL,0.00190560403143352,248,0.925283113658548,0.955622836248315
ELAVL2,NA,NA,NA,NA
ITPA,0.00859707224200408,188,0.657655912016826,0.783307368881165
ECI2,0.0577206797758794,250,0.00243962362793225,0.0391187964857283
N4BP2L1,0.0555712264484626,183,0.0176218370474116,0.108947435260113
BRCA2,0.01496989655172,259,0.276729865573382,0.479394050600896
SYAP1,0.0326303924084542,208,0.0801485907540351,0.24656339416507
ATRAID,0.0307993430104667,231,0.0692727033777966,0.228741807160907
ALOX15B,0.0240080670325569,184,0.22199105164484,0.425410477542684
UBQLNL,0.00702534225324954,212,0.686350535878337,0.801959672013441
GDI2,NA,NA,NA,NA
OR51I1,0.0182828314844111,190,0.326585558924652,0.523457548258793
OR51B6,0.0382822418470661,189,0.0658750572439512,0.222129925617941
OR51B4,0.0319334378658301,171,0.14296684712126,0.335141867280759
CCDC85C,NA,NA,NA,NA
FOCAD,0.0113175243932436,269,0.386550436738077,0.578848484690906
CNTROB,0.0451168666942665,265,0.00769486430811272,0.070810543228413
FASTKD5,0.0359019375609891,249,0.030599300089476,0.147450883821251
PXDC1,NA,NA,NA,NA
GRPR,0.011925642189572,186,0.530719583658224,0.69297156217666
AP1S2,0.101098195241842,89,0.0306971353384628,0.147754616655579
AVP,NA,NA,NA,NA
BCL7C,0.0312558826758792,171,0.150228787783283,0.342519484641585
EMILIN1,0.0208511957033642,256,0.149999544592629,0.342303207298285
USP3,NA,NA,NA,NA
MRPS26,0.00687651759545659,219,0.682482489200955,0.799602690775113
CALML5,0.00778883726683103,238,0.604986156056914,0.74582360696359
MLLT3,NA,NA,NA,NA
LHFPL2,0.00459136291610239,179,0.845333747745913,0.906667061878014
CHD3,0.0535825432641707,224,0.0075602481508418,0.0702827156562928
BPHL,0.0303864240972494,227,0.0762487494407237,0.239601300981263
PTPRA,0.0256326798537881,210,0.147431628123708,0.339729732313647
RPS6,NA,NA,NA,NA
ZNF768,0.0136367557042825,195,0.44956329568711,0.629260153189476
TUBAL3,0.00435420766599324,229,0.803003975066521,0.879217557294292
PIR,0.0812789319829481,174,0.00282294853695373,0.0420688300085486
UCN3,0.0878025651703347,220,0.000245179351526241,0.0119346858728354
VPS16,0.0192255039583177,190,0.303841025004567,0.503476358893855
SHBG,0.0176059703023813,219,0.279485281512142,0.481361901364009
NQO2,0.0164864902147878,202,0.345728697847446,0.541536655178167
TEX26,0.0109175221378233,231,0.473300996445633,0.648676730226804
MEDAG,0.0485537369554177,190,0.027032053287588,0.137932784723847
C2CD2,0.00146959371968891,238,0.950703909970317,0.969656767641545
ASB9,0.0170435648763663,228,0.275974202263052,0.478710026068023
MOSPD2,0.0217304315437941,236,0.164152123614386,0.360393285011692
TLCD3B,NA,NA,NA,NA
HAUS6,0.0459186951539057,263,0.0072787380711489,0.0698583331380199
SLTM,0.0277084105558267,214,0.11648221252172,0.297655990906224
COL2A1,0.0324661455166125,210,0.0790607809429904,0.244422342960535
GEMIN8,0.0416223806613029,237,0.0201332882733744,0.117461089990699
CARS1,0.0242464841475179,239,0.12331696303372,0.30724723879352
RRAGA,NA,NA,NA,NA
SAXO1,0.0209798583538817,259,0.143947957686213,0.336106873377575
ADAMTSL1,0.015137352427738,269,0.255394611342186,0.458709035404608
OFD1,0.0439546449496532,263,0.00923865342616825,0.078077962863755
ADRA1A,0.0283254776401476,204,0.12442351415293,0.308923272984978
IGSF5,0.00258904094697963,228,0.899239510891352,0.940658946101196
C20orf141,0.0308928103211914,210,0.0913900026857417,0.264292251182018
BTF3,0.0674302092723144,75,0.172542954813071,0.369701728213202
CPXM1,0.0170154764485322,239,0.25614895714282,0.459674949721144
SH3GL2,0.0825894340345741,97,0.0475109132277814,0.187257952406482
KATNAL1,NA,NA,NA,NA
B3GALT5,0.0515105882450624,212,0.0124572742128406,0.0926176918305426
BNIP3L,NA,NA,NA,NA
PTCD2,0.0170740745489945,245,0.244080527065962,0.446819334779911
CNTLN,0.0235133737670521,265,0.101938560485907,0.278900910710817
TLR7,0.0399483865896957,234,0.0254644325692209,0.132698450573485
PRPS2,0.11268983964096,69,0.0535171060685921,0.198970903588304
BNC2,0.0542513647462038,207,0.0108123612078765,0.084951407984895
UBL3,0.00046783625731016,19,0.995798325522146,0.997343151373186
CCDC171,0.00773710637007467,257,0.576422300426402,0.726359396282839
PDE4A,0.059950566557134,229,0.003392569875012,0.0462557595862662
SMN1,0.0431221577533752,187,0.045585393558125,0.183262491274078
GPS2,NA,NA,NA,NA
PSIP1,0.00740977247974775,187,0.710648476632768,0.81848607328585
SERPINB1,0.0092399500155245,228,0.552425041708442,0.708385554893145
SMN2,0.0544320244399508,183,0.0193767322821591,0.114782354579339
HMGN1,NA,NA,NA,NA
SLC7A1,0.0242440521299023,236,0.127299862472498,0.313367907304887
ICAM4,0.0380223344817034,251,0.023272034215007,0.126771868161817
WRNIP1,0.00969434517698853,196,0.595463706389368,0.740096204496721
MID1,NA,NA,NA,NA
ADAM7,0.0320611887651924,253,0.0443985437258569,0.180831420816282
GMDS,NA,NA,NA,NA
SBF1,0.0547674528800126,250,0.00344315004280685,0.0465580040791079
AK6,NA,NA,NA,NA
CENPO,0.0224111452736984,236,0.153283149132647,0.346505890549057
NOXRED1,0.0268421237853211,262,0.0717133173299969,0.232165940395231
POMP,NA,NA,NA,NA
WWC3,0.054723721827079,248,0.00364247939422795,0.047628970805839
NKX3-1,0.00790246503064049,236,0.602593302733401,0.743953887515761
ESRRB,0.0148274815852908,212,0.372219632455151,0.565905364563543
CER1,0.0327085385628465,244,0.0470950057870456,0.186331778099973
SHROOM2,0.0763077617053564,217,0.000902844481968755,0.02380668182682
ZDHHC21,0.00555643609391216,93,0.916425760635983,0.950280932242639
CEP152,0.00774141386836608,280,0.539899012339692,0.699791758717517
IRF4,0.0228974483052077,171,0.273301166349212,0.476035544972259
PAN3,0.0522949621119399,192,0.0186655293201383,0.112291164629072
NLN,0.00803817373029584,229,0.607844253703843,0.747971441079434
FKBP1B,NA,NA,NA,NA
DNM1L,NA,NA,NA,NA
RUFY3,0.0265401359788242,212,0.132780155419762,0.320828696533122
SGTB,NA,NA,NA,NA
CDX2,NA,NA,NA,NA
TTC38,0.00802774408705098,239,0.591167048933996,0.737357192910612
PDX1,0.0102776327211572,192,0.580115764457269,0.729212553669613
PNPLA4,0.043119624112137,170,0.0632853613656403,0.217544497261213
ADAMTS6,0.00032449520999458,204,0.995591315249754,0.997343151373186
CWC27,0.0104708450788982,206,0.542558280608278,0.701952688117333
PUDP,0.0461771639939694,176,0.0443669342983662,0.18076225981727
IGFBP3,0.096181357133974,184,0.000531509990293672,0.0186663466741816
LDAH,0.00717336843568226,227,0.654596703171692,0.780704491465759
CCM2,0.0438186331200223,198,0.0346014779456233,0.157556104081322
MTIF3,0.0194790057961732,247,0.187690173273746,0.388307674921121
PFKP,0.0206075099557242,256,0.154054784193589,0.347554021379261
ARSH,NA,NA,NA,NA
ARSL,NA,NA,NA,NA
GTF3A,0.0170394763285526,233,0.266566790723498,0.469570490546952
SDC1,0.00425816765759209,235,0.802120332790484,0.878627724986635
SLC5A3,0.0185386734861979,178,0.350247495406283,0.545190919273334
ARSD,NA,NA,NA,NA
NPC1L1,0.0247671444795483,256,0.0972245263041533,0.271740759814871
GYG2,0.0618761756092228,180,0.0113227934623769,0.087451241683949
SHISAL1,NA,NA,NA,NA
TH,0.0429656428206787,229,0.020380679944896,0.118207779343515
PTPRD,0.0128935809948741,190,0.486805092892392,0.659779681076674
TECRL,0.0319000540244759,246,0.0499824045756168,0.191049191078948
MTHFSD,0.0430594469850977,252,0.0128111799967686,0.093503259850341
ZBED1,NA,NA,NA,NA
MIER3,0.0265693291227772,195,0.160830681024037,0.356492614912749
POLR2B,0.0996491228070175,19,0.616310285957237,0.754670493409419
ASMT,NA,NA,NA,NA
RDH14,0.00441041708855119,213,0.816972295158034,0.88855330069451
KLHL42,NA,NA,NA,NA
MANSC4,0.0499238212182098,254,0.00550720667256745,0.0595222976242584
EXOC1,NA,NA,NA,NA
IL6ST,0.0184190902846952,258,0.192367740897211,0.393700072001749
KDM4C,0.00988876313495696,247,0.487588406229549,0.660419647106193
ADARB2,0.0386698870848242,250,0.0219998749730534,0.122778101973716
ASMTL,NA,NA,NA,NA
ITSN1,0.0361958922974549,246,0.0310984574499736,0.1489819985534
CYRIA,0.0572289552552712,39,0.536948799347324,0.698120140987346
TMEM165,0.00361520590613342,178,0.887242439084902,0.933884267683831
THUMPD1,0.00985130739670113,224,0.532570755389541,0.694605339543389
ITPR2,0.0168108831320835,249,0.243773926479095,0.446717880087024
DDX1,0.0325884633571244,170,0.138193684970688,0.327875330064582
IDI1,0.0374325274229756,214,0.0465703386541351,0.185349947843458
RDH11,0.0146945875329147,217,0.365563472102552,0.55905576137105
GP2,0.00373171746700783,259,0.810256296469822,0.884269425179062
CDC20B,0.0129813866511539,190,0.483756600339997,0.658028843525602
MBD3L4,NA,NA,NA,NA
CCP110,0.027742246139598,276,0.0543320484132547,0.200475418568466
SLC25A6,0.0724641230857254,72,0.161485542425633,0.357062477141123
ESM1,0.012313146933912,196,0.493436654917509,0.664735480963549
HR,0.0332594623200012,276,0.0274070291840708,0.1388448383804
SGCB,NA,NA,NA,NA
IL33,0.0562904923987052,239,0.00385194385734292,0.0491665293777426
ITPRIPL2,0.00994309545704197,207,0.562447197211055,0.715545650152831
TGM3,0.00795491742562683,267,0.548681023767369,0.706512794768295
KIAA2026,0.0221541905002943,273,0.110354994270782,0.289849702419608
MLANA,0.0126168620571585,212,0.446696515730009,0.626762897910917
DENND1C,0.0610065500858021,270,0.000933978706426886,0.0242099376252282
STK35,0.0235668746766818,223,0.155586427613264,0.349417870231446
GREB1,0.0125176887597202,250,0.373949645408539,0.567368253796056
TEC,0.0534846515776233,203,0.0128349299797326,0.0935632964577322
MRPL23,0.00760829612986638,206,0.66856153214624,0.790456709377508
E2F6,0.0450765074060216,185,0.0403093563491528,0.171584212053078
CDK8,0.235312629253381,50,0.00917814611576389,0.0777938729073148
NPM2,0.0259648818672427,219,0.129356669021089,0.315903610593299
NPSR1,0.0170235107413985,228,0.276490833773036,0.479270226866759
CRYZL1,0.00268003659587564,202,0.910313371587501,0.946969786860934
MYBBP1A,0.0231163851233897,266,0.105645693864513,0.283961133398127
LZTS1,0.0170645361698704,225,0.281284892228827,0.482444478208294
COMMD8,0.0177732521090754,190,0.339495279300246,0.535883195165975
CD274,0.00308478692937405,233,0.86951202999002,0.921561926722939
SHOX,NA,NA,NA,NA
C2orf50,0.057390491862461,183,0.0151381897231738,0.10116652857544
RNF6,0.0189759682900921,244,0.202586783031658,0.405046353012746
ZMYND11,NA,NA,NA,NA
CATSPERD,0.0728648131607765,239,0.000601070362289946,0.0196792526018781
ZZEF1,0.0490057672248897,262,0.00511226492253371,0.0569141661305851
INSL6,0.0267727666909767,220,0.118457029977486,0.300791767018448
C5orf51,0.0181871423459016,200,0.305623022039458,0.505180377507403
JAK2,0.00500925003325341,223,0.774165144752526,0.860363637309613
ATP8A1,0.0227545614086961,208,0.194290403392265,0.396170761704113
BAIAP2L2,0.00164397192049158,229,0.945392403784588,0.966488814785721
CARD6,NA,NA,NA,NA
NOL10,0.0531870152640847,215,0.00982972868669318,0.0804921685764862
HMG20A,NA,NA,NA,NA
NUP58,0.0253986963161012,207,0.155567400328514,0.349417870231446
RCL1,0.0533916126786367,176,0.025055516702899,0.131496091800558
GGA1,0.0246848265775594,236,0.121707240148385,0.305026216188784
CAMKK1,0.00129975604517416,207,0.965975195771034,0.978809777495417
CPPED1,0.0170088043782338,246,0.243970724087728,0.446819334779911
ARRDC5,0.0188096885512765,228,0.233765899873192,0.436562658469767
NSUN7,0.0454087743304332,273,0.00627204549676367,0.064058357214741
MTMR6,0.0106540859702156,226,0.494161766084255,0.664873575206855
AK3,0.0517895767062261,171,0.03201026632886,0.151217637968976
TEX33,0.0137962506820477,246,0.336651419453119,0.534212867948532
PLIN5,0.0169334379448335,239,0.25822594657491,0.461182437607593
CDC37L1,0.0251428379963421,177,0.219065663030405,0.42236746955343
SNPH,0.0211066117938202,228,0.187740656444159,0.388349033697061
CTNS,0.0257651485450648,230,0.116566998768037,0.29777789970965
PLPP6,0.0303350875866769,191,0.123691895967893,0.307803827090091
CENPJ,0.0234876292673223,250,0.119222389239362,0.302050803261166
TMEM74B,0.0571936886793422,197,0.0106430524867779,0.0841402336881465
RFC1,0.0105513592633991,263,0.429384543491035,0.613971207578513
TNNI2,NA,NA,NA,NA
TNK2,0.00117627165273948,240,0.963537647962802,0.977480637494669
METTL22,0.0447838418603387,236,0.0145976109680375,0.0992518763183423
ANGPT4,0.0723339528626947,233,0.000783769539733131,0.0225329319594609
TMEM52B,0.0794755835081354,205,0.00102546071833846,0.0255083353686692
KLHL5,0.0801759594401253,201,0.0011152998786363,0.0264023406213976
NADK2,0.0161714132596313,180,0.408149631859604,0.596995384868015
TMEM156,0.0184027557677292,241,0.219845453558883,0.423021859462834
FAM110A,0.000515795433677545,174,0.993097476224016,0.996069240696216
SRXN1,NA,NA,NA,NA
PGM2,0.0168136030025503,251,0.2403216260897,0.443022628383194
SYT8,0.0289198517629333,225,0.0905323163989884,0.262905506129162
GLIS3,0.0357063155621659,251,0.0302831563671394,0.146426074218636
C4orf19,0.00364605591541161,258,0.816482115631663,0.888247734234634
PARP4,0.019551317049466,191,0.293959039951711,0.493821907240472
GPNMB,0.0232047677914744,269,0.101433582153634,0.278424873643734
IFNGR2,0.00939382778577145,239,0.524944808595859,0.688041276348344
DNAJC21,0.00395149810188665,248,0.807054125910735,0.881832648215436
RSAD2,0.0107199649236515,229,0.485468662340985,0.658894521204683
TP53BP1,0.0357459362217787,273,0.0210746263961593,0.120146124342652
SLC34A2,0.0254736253464839,253,0.0928978380389253,0.266003341633743
C1QTNF3,NA,NA,NA,NA
C1QTNF9,0.0137377911971462,217,0.396684596194938,0.586575527358497
CLEC6A,NA,NA,NA,NA
SGCZ,NA,NA,NA,NA
KCNV2,0.0457149327368981,252,0.00941846558205894,0.078916827403357
VLDLR,0.0258789183810847,222,0.126098029775182,0.31160547478609
SEPSECS,0.042393810028937,236,0.0188872114882028,0.112949833880029
TRAPPC12,0.0129360756642691,251,0.356932060690016,0.550720649121834
LGI2,NA,NA,NA,NA
SOD3,0.0134726771601759,236,0.366721019800447,0.56004512652784
EIPR1,NA,NA,NA,NA
C1QTNF9B,0.0158547076896407,235,0.294529431575394,0.494154623302886
MTMR12,0.00388956568367758,238,0.820157495049232,0.890648521226724
KCNIP4,0.0736192754613809,55,0.264128312667026,0.467440369727813
MIPEP,0.00875963603828022,247,0.540892093336601,0.70065110869965
DEFB135,0.013279015149335,201,0.447790430940771,0.627713297647016
DEFB136,0.040434968733317,184,0.0601950765572516,0.212150487479592
DCAF16,0.00487709824389197,96,0.926871768606571,0.956305804032184
DMRT2,0.0206879397590913,239,0.177467986714689,0.376294745420207
ZNF316,0.0162188783312061,223,0.30794823407092,0.507246341066637
CDH12,0.0098161469805419,198,0.586263817622916,0.734051196315983
TNFRSF19,0.0142024611127039,259,0.30007771494293,0.500234264072402
DMRT1,0.0171911654585829,207,0.315434786797891,0.514059813775808
NRSN2,0.112391350429059,178,0.000178610420337658,0.0103871338512348
KANK1,0.0722596104910087,278,0.00016845842774154,0.0100727067404519
FGFBP1,0.0460166528365726,230,0.0145065681681237,0.098958571070821
BST1,0.00527610029905821,195,0.795550550631445,0.874288705914409
OLIG1,0.00386226143712776,177,0.877954422954145,0.927397157729451
ONECUT3,NA,NA,NA,NA
FGF9,0.143148079990186,39,0.142294513041695,0.333996114651499
FSCN1,NA,NA,NA,NA
RNF215,0.0216696745684408,200,0.229659608415493,0.432112686503181
FBXL18,0.0255794629150505,199,0.167117935154348,0.363148613227398
MICU2,0.0100940599116499,236,0.498848563037598,0.668266202534376
DEFB132,NA,NA,NA,NA
DEFB127,NA,NA,NA,NA
CBWD5,0.0155083347248901,234,0.306344369491992,0.505804313606828
DEAF1,0.0384916651718003,200,0.0535905969731642,0.199104388287695
NOP2,0.0238947201311526,267,0.0955180067638669,0.270217088881521
NKX3-2,0.00995873714065157,190,0.59721239302082,0.740968643701589
MLST8,0.0369044469736586,59,0.543771309785527,0.70240644061493
WDR1,0.0422624316845377,189,0.0471550342915768,0.186395566957642
TAS2R1,0.0152077525450276,236,0.311313132025821,0.509693792590297
SEMA5A,0.0366989711577665,238,0.0335928843731112,0.15541726808822
CD9,0.0452002142042566,199,0.0299679649909517,0.145752125640333
KCNA1,NA,NA,NA,NA
NYNRIN,0.00758244107363541,233,0.623869633406646,0.759472725202356
DNAJC19,0.0836624703651022,75,0.102677512972087,0.279901713444456
LATS2,0.0641596279361723,243,0.00141768138316729,0.0296209062031858
PPP2R2C,0.0577139944138644,92,0.154249291994837,0.347554021379261
IRX2,0.0166043926752883,192,0.36594043238819,0.559296453485657
IFITM5,NA,NA,NA,NA
PRMT8,NA,NA,NA,NA
FAHD1,0.0183347519504795,206,0.288735656713304,0.488942603895844
PSME1,0.0214185098376767,175,0.292513621467477,0.492589380273673
DOK6,NA,NA,NA,NA
MSX1,NA,NA,NA,NA
SERPINB11,0.0202041060332284,238,0.187965779384852,0.388627377290779
URB1,0.0347572989183504,275,0.0230826705889344,0.126215565900734
TMEM128,0.0123627240428654,204,0.473552703247455,0.648791655395825
EEF1AKMT1,0.0441988320365611,211,0.0257701369929169,0.133946735804624
BET1L,NA,NA,NA,NA
SERPINB12,0.0226456945979569,247,0.134462412960128,0.323054761641236
SERPINB5,0.0277887328331628,213,0.117024668361866,0.298503139646851
FBXO25,0.017738882691548,185,0.352691110040107,0.547679958044092
KRTAP27-1,0.00330806725178284,215,0.871338017030637,0.922857462361929
GJB2,NA,NA,NA,NA
NLGN4Y,NA,NA,NA,NA
SLC7A4,0.0406748998519607,202,0.0425175704322226,0.176696729972123
TMEM129,0.083467621354518,188,0.00136404831648047,0.0289541989311589
RNASE13,0.0159784126024135,241,0.279861988422396,0.481600092493937
RNF212,0.0613739692402084,195,0.00771023343819673,0.0708506161278691
METTL17,0.0607787076407107,250,0.00170572611435598,0.0322921406868323
CTIF,0.00854135549657187,225,0.590602833545476,0.737053463894941
SNRNP25,0.0625050059688962,85,0.154352075878683,0.347637594423287
SEPTIN5,0.0725094806509281,65,0.200086179680461,0.402447502275798
STAG1,0.106366338975035,91,0.0225676144900055,0.124532555521971
TMEM241,0.0288051017140683,223,0.0939077297022909,0.267563500109257
LY6G5C,0.0437906155507823,171,0.0590042737672242,0.209792973394575
CHRM5,0.00658806904766318,237,0.66968506406747,0.791421603977526
NEK11,0.0599514666357022,244,0.00222542157306324,0.0372419537158017
HMCES,0.107307918405703,233,1.62376122150856e-05,0.00322905591451168
LRRC30,0.026202936339221,212,0.136925013470112,0.326629887910723
ARHGAP28,0.0325993359395236,249,0.0442945525142161,0.18076225981727
UROC1,0.0227369822885317,228,0.160360235434576,0.355933767601038
HACD2,NA,NA,NA,NA
EOGT,0.00773851624384298,229,0.622716375899267,0.758717286956065
CADPS,NA,NA,NA,NA
CSPG5,0.0421111455434904,232,0.0210286571279249,0.120099092906391
TRIM71,0.0130817639896243,171,0.527256195207488,0.689899529947584
ZCWPW2,0.00397292027109969,253,0.800967421546507,0.877817836745229
SH3BP5,0.0420054526761051,217,0.028333604808254,0.141623544284899
CCDC174,0.0199242200475219,235,0.198265091000497,0.400485021159826
SEC13,0.0127820302276608,174,0.529727776816799,0.692120310879937
CRELD1,0.00572663068372437,209,0.75513027697869,0.847266257262863
CIDEC,0.0344307688408421,219,0.0574068544108695,0.206534942874812
RPUSD3,0.0331926440461101,261,0.0346356614353054,0.157599065394802
BRPF1,0.0143768669132176,174,0.47760913920179,0.652734198612942
CPNE9,NA,NA,NA,NA
SRGAP3,NA,NA,NA,NA
FAM131A,0.0155821905712757,179,0.427859318415583,0.612538800671421
GOLM1,0.0483457076707858,253,0.00678148837878315,0.0673248035754473
PIP5KL1,0.0482792955946423,234,0.0104525252552912,0.0834614040012132
MRPL2,0.0333123622135598,220,0.0630550296090463,0.216986991921322
RUFY2,0.0306064890541078,188,0.125870161697809,0.311278131919087
ADAMTS7,0.0693208515626033,224,0.00146390213834954,0.0299746907299352
METTL14,0.108381678539277,95,0.0170347965600199,0.107297314039769
GPX3,0.0360804210505244,203,0.0632563924314344,0.217544497261213
KRT18,0.00985207008910209,237,0.507731654367447,0.6751378523725
NOX5,NA,NA,NA,NA
STAB2,0.0296010903609534,285,0.0383131547587121,0.165915110168976
CCDC158,0.0115741575573017,249,0.412042991465736,0.599194527255042
TYRP1,0.00152726540689079,256,0.942412602502644,0.964744983071411
C6orf163,0.0232454119411071,250,0.122386864720438,0.30611137256078
STPG3,0.0104379569123818,203,0.550201671911512,0.707100756151869
MAB21L4,0.0217336815385114,221,0.188521208409819,0.389268176119885
TMEM266,0.0268204626558137,224,0.112540090334055,0.292751346097738
LRRK1,0.0438363836936586,274,0.00749590657657324,0.0702599495302907
HYKK,0.0509299061232926,249,0.00550748883315981,0.0595222976242584
FAM83G,0.054544308232416,238,0.00479715890558247,0.055069049708463
KCNQ3,0.0531934507820275,234,0.00614822420483354,0.0631312119748525
NCBP3,0.0358821665051117,180,0.0927529178150215,0.265871339204738
BORCS6,0.00671597030586759,204,0.714149617192268,0.820234465150173
STK38L,0.0259885847804509,77,0.577584068942718,0.727175830570824
ALK,0.00917352995855399,266,0.487892757291565,0.660632102412491
PP2D1,0.0133532885955259,245,0.353502585277426,0.548070028691558
DIAPH1,0.0213312615844204,216,0.204727284780246,0.407853386354015
DCP2,NA,NA,NA,NA
SHISAL2B,0.0252242269703789,194,0.181700680160709,0.38108512372308
DENND5B,0.0154504708022483,193,0.396820606319109,0.586640422760322
RNF180,0.000813669221302193,246,0.977694329538398,0.986304019529863
RNF20,0.0201898520041242,182,0.301286632888377,0.501194878611888
LOXL2,0.0137345752380237,235,0.359808395876119,0.553177176470093
FAM169A,0.080944299932968,240,0.000231894909015167,0.0115820139655575
CCDC150,0.0134124374148355,260,0.324173317411104,0.521296890220684
CCDC154,0.021323572971075,258,0.139830201761284,0.330364299518319
LTN1,0.0162479821976596,253,0.251439868710467,0.454683823356029
ITGAD,0.00683248377730058,220,0.683121330361679,0.799877862502168
ASPDH,0.0320723735277418,221,0.0701365416712004,0.230090708573059
UNKL,0.084824614974219,227,0.000252095134354976,0.0119536601720829
PRTG,0.0788445524327288,236,0.000342165644667905,0.0140122882652426
CFAP69,0.0111932510629681,258,0.411034401397112,0.598702616989241
FANCA,0.0152167075211243,281,0.234656635556022,0.437695798248608
SMTNL2,0.0851959046233106,212,0.000444820325684399,0.0171155035284486
TRAPPC9,0.0405764722644818,239,0.0217164986485183,0.1219969287832
TM6SF2,0.0297010562134603,229,0.0795367021757942,0.245392305937722
VPS9D1,0.00352358842493546,261,0.821532904739771,0.891662433199023
DNAH6,0.0124692473238714,279,0.325139483774259,0.522134351017322
VWA3A,0.0258189157210076,274,0.0703658761773276,0.230439650037142
PTPRN2,0.0181491820086658,217,0.270208426297071,0.473105012582982
ADAMTS20,0.0394396997688495,260,0.0168251556279439,0.106471559220616
SIGLEC15,0.0061723010729645,224,0.711070464373298,0.818749971454509
LRP1B,0.0125833700054938,249,0.373390978454803,0.566806615208625
SMYD5,0.013426710689076,174,0.508163122195332,0.675481832925296
TANC2,0.0305464175030142,212,0.0918451174764909,0.26482667334856
TBR1,0.0610219326128418,65,0.271861665394634,0.474695663622986
EP400,0.124724504724246,269,2.61840939972928e-07,0.000370534023499468
ESYT3,0.0160423518047521,253,0.256892969454229,0.460555864156681
NXPE2,NA,NA,NA,NA
SHOX2,NA,NA,NA,NA
GPX2,NA,NA,NA,NA
GXYLT2,0.0186472042753451,199,0.296683006912107,0.496916724885928
CRYBG3,0.0244309982581097,272,0.0850182538250319,0.254559983204911
RTF1,NA,NA,NA,NA
CC2D2A,0.00167443980416927,272,0.928923319873072,0.957512634978681
LAMA1,0.033521273128981,287,0.0224227520926955,0.124109591765567
EPHA6,0.00479670576233409,214,0.796001800688324,0.874633675572988
FAXC,NA,NA,NA,NA
TSN,0.0633289959544641,53,0.348603064659879,0.543894233922359
HAGHL,NA,NA,NA,NA
EXOSC8,NA,NA,NA,NA
ZXDC,0.0481098781400617,217,0.015513605807733,0.101969180073081
TRMT44,0.0212414366875074,170,0.309300409600659,0.508421530288331
GPR149,0.0203201194676213,253,0.163171354611683,0.358887477172397
TRMT61A,0.0286271985056539,176,0.171083881680455,0.368221120609229
LYST,0.0238926256192675,279,0.0842219193043229,0.253421099054572
LRCH1,0.00915729582143075,249,0.518097482420614,0.683285651455829
SQSTM1,0.030835504401418,202,0.102367413295926,0.279535029103113
TMEM87A,0.0148575167265727,183,0.439536415481976,0.621965250865008
DNAH17,0.0334397455669299,266,0.0311896768476199,0.148999146410836
CCDC88C,0.00781655302900914,278,0.53883831681899,0.699393810022843
CCNK,NA,NA,NA,NA
RNF216,0.097344232091215,225,7.16141696556004e-05,0.00616268962657923
APBB1,0.00539121484946532,199,0.784934469005402,0.867487452035127
COX16,NA,NA,NA,NA
FAM168B,0.137587757328651,68,0.0265239920309923,0.136429277135885
KIF19,0.0194532885862132,250,0.18359339359636,0.383507538271813
TMEM95,NA,NA,NA,NA
IL17REL,0.014479234398193,172,0.479653307426556,0.65454457552605
ARL4C,NA,NA,NA,NA
NLRP5,0.0575310388280212,218,0.00589574325749663,0.0621688453158831
COL23A1,0.00729151171473605,232,0.640421143229249,0.770562463879804
PPP2R3B,NA,NA,NA,NA
KRTAP29-1,0.0134129680738614,248,0.34583694991401,0.541568842260523
BHLHA9,0.0385169504147582,217,0.0398472048028687,0.170357166958488
KRTAP3-3,NA,NA,NA,NA
KRTAP3-2,NA,NA,NA,NA
KRTAP3-1,NA,NA,NA,NA
ZNF628,0.0377692807357442,181,0.0786062782631663,0.243524582816756
TFPT,NA,NA,NA,NA
CACNG7,NA,NA,NA,NA
KLK14,0.0139246356804403,221,0.381950067338804,0.574712979176624
KLK10,0.0132133352201169,231,0.385640931193069,0.577894211045409
KLK8,0.031975483056193,198,0.0979282667959673,0.273171707003516
NLRP3,0.0205325003684317,225,0.203603848544355,0.406360041965621
AKT1S1,NA,NA,NA,NA
PTOV1,NA,NA,NA,NA
RPL13A,0.0223055250696096,71,0.668176452768076,0.790148124647559
PGBD5,0.0133289558688879,211,0.423651267217063,0.609216208206126
GUK1,NA,NA,NA,NA
STRN4,0.0269506907624614,216,0.12205308694763,0.305336498794936
DACT3,NA,NA,NA,NA
ERCC2,0.0108265517471299,174,0.599180982361545,0.741933972589117
PPP1R12B,0.0145548902702734,260,0.287428305071844,0.487433575224332
CAPN10,0.0524603479892889,246,0.00496602685413962,0.0561419891934114
OTOS,NA,NA,NA,NA
PDC,0.00738563143960008,194,0.699585505260025,0.811813004435544
LRRFIP1,0.00838751605386873,261,0.535749140601667,0.697180040329297
TMEM91,NA,NA,NA,NA
HNRNPUL1,0.00604989167978991,204,0.746266257675132,0.840843272053334
SH3BP4,0.0243522606389847,221,0.147414685976902,0.339729732313647
ATG16L1,0.0220169158926003,189,0.246822081935136,0.449781948136484
AKT2,NA,NA,NA,NA
GPR55,0.0764871710552503,208,0.0012270643266776,0.0275624184560246
PID1,NA,NA,NA,NA
SPHKAP,0.054060926299478,267,0.00243075910207276,0.0390392785926844
PAX3,NA,NA,NA,NA
CRYBA2,NA,NA,NA,NA
TTLL4,0.0186796887689203,272,0.167299114359066,0.363468166396599
BCS1L,0.031519629387296,199,0.10046095353001,0.277491006379349
XRCC5,0.0775914896228114,251,0.000226199556261543,0.0115564999221551
MAP3K4,0.0197202668540086,263,0.159989001364867,0.355321009620999
PNLDC1,0.0348545978361346,242,0.0384300457226605,0.166360036646518
SNX9,0.0119121608258665,211,0.475010347134919,0.650333778312722
ZBTB32,0.057276077733508,230,0.00439189275607046,0.0527673963414162
MAG,0.0294288720977761,191,0.133268010594669,0.321501110576235
HPN,0.0899159907457712,193,0.000623694555613356,0.0197288162307637
FAM117B,0.0102797766630121,181,0.604037870003981,0.744942995291052
SUMO1,0.164935897435898,25,0.265984608815618,0.468999988891552
URI1,0.0507607442635524,249,0.00561609976148466,0.0604259994615011
C19orf12,0.0335391094890421,203,0.0794292745731183,0.245223185008532
PPIL3,0.0328252158404158,81,0.45294662968766,0.63187086020687
SH2D2A,0.0372028880503555,217,0.045277108259584,0.182855581644606
MYO1B,0.016595777393956,182,0.391034163485873,0.581945521107746
ZNF84,0.085573825642254,174,0.00199178649090649,0.0349178236700122
ZNF605,0.047038173566822,176,0.0414585444803714,0.174348054758007
WDR45B,0.0526975902892415,60,0.375099468501625,0.568654544796655
MFSD6,0.0121603847415443,252,0.383638206026154,0.576249108615296
SLC16A3,0.0331323563058533,223,0.061393057876305,0.214043795541369
ORMDL1,0.0798536644074834,48,0.289386089708866,0.489652065757484
HOMER3,0.0404937517044632,185,0.0588348573549682,0.209566414969061
GPS1,0.0323760811936866,200,0.0919442102250618,0.264832170395538
CENPX,0.0287637773088646,180,0.161225742159273,0.356714426889593
CALCRL,0.00238002670742451,208,0.920499783091802,0.952236516643025
STX2,0.0860779794039079,204,0.000564605200097445,0.0192267695947622
CRLF1,NA,NA,NA,NA
UBE2E3,NA,NA,NA,NA
CCDC62,0.00598622440560374,259,0.672050876300999,0.792780068288535
MB21D2,0.0176210285163082,96,0.642730088030293,0.772391998599152
CCDC50,0.0205274843071713,244,0.1726648083014,0.369808659737843
RNF34,0.00936323107261637,248,0.510088840948947,0.677141075497789
SEC14L1,0.0458328173693085,215,0.0202686668773499,0.117872941255675
RFC4,0.00588896756164793,195,0.766835272423205,0.855443352733842
SRSF2,0.529761904761905,7,0.20407132491968,0.406793056869082
CRYGS,NA,NA,NA,NA
OSBPL6,0.0168167885989724,191,0.362498665669803,0.555904034433547
DYNLL1,NA,NA,NA,NA
TMEM121,NA,NA,NA,NA
CIT,0.00697282934301914,254,0.622772496689597,0.758717286956065
TEDC1,0.00216913677567899,188,0.939077323878697,0.963357937730091
HNRNPA3,NA,NA,NA,NA
TAOK3,0.058699364510927,185,0.0128539569838599,0.0935632964577322
HOXD13,NA,NA,NA,NA
RNFT2,0.0307947971084525,202,0.102734511535723,0.279997162191091
LLGL2,0.00419140258494839,252,0.788662074508844,0.869720337773369
GPR155,0.0256004142950167,243,0.102485547303062,0.279631159466021
NUDT14,0.0529640994837096,203,0.0134715445504336,0.0959544436626253
PDK1,0.00395404859859047,198,0.854495582873622,0.91283809289368
GPR132,0.0442127594416017,217,0.0228058078732119,0.125196021152253
THYN1,0.0132867005832231,212,0.422925094473908,0.608698610376278
ADGRA1,0.0645293429764525,214,0.00327400623223575,0.0455713042336114
RAB37,NA,NA,NA,NA
CD300E,NA,NA,NA,NA
CD300LB,0.0174793369746321,207,0.307929166770339,0.507246341066637
ARMC2,0.0283422952822561,274,0.0517612813114438,0.194525649880927
SDK2,0.0414145497278865,262,0.0128036517638317,0.093503259850341
KCNJ1,0.0589744706550321,218,0.0050957253176536,0.0569141661305851
ETS1,0.0222341087762387,186,0.249485772162623,0.452821831874472
RAD9B,0.0119634547982503,242,0.409987389793861,0.598233253407869
ABCA5,0.0154459389068453,268,0.248375163027661,0.451836320000041
CERS6,0.0200115324157132,172,0.331023978436264,0.528178575465329
B3GALT1,0.0102133314441905,59,0.898176108573166,0.940102803976647
ECT2,0.0264049971828147,242,0.0951996359891487,0.269795853128126
CDON,0.0184957802218998,275,0.1668961655136,0.36285243495753
GALNT3,0.0495061435635714,217,0.0135051951559774,0.095983351287125
STT3A,0.0427398989898987,56,0.502878819170429,0.671704237450634
PRKAR1A,NA,NA,NA,NA
TRAF3,0.00912618738554727,177,0.657982796040605,0.783437852926434
PDCD10,NA,NA,NA,NA
B3GALNT1,NA,NA,NA,NA
BAZ2B,0.00456936150848737,263,0.753682490934551,0.846090806923088
CUZD1,0.0530212345586361,193,0.0170958320757609,0.107522230773773
TECTA,0.0120067292039027,264,0.367933989298618,0.561019609857745
RNF208,NA,NA,NA,NA
RIC8B,NA,NA,NA,NA
SMIM8,NA,NA,NA,NA
GRK5,0.00572065560019942,196,0.773326984921199,0.859732234633065
TDG,0.00761710712576244,231,0.625449922388764,0.760451571507714
NT5DC3,0.00707009365935241,213,0.682533500024302,0.799602690775113
CSH2,NA,NA,NA,NA
MAP3K19,0.0624820966903077,245,0.00161832804794722,0.0315929890374339
EVL,0.00287613985123925,180,0.915621666539689,0.950087919734605
TAGLN,NA,NA,NA,NA
LCA5,0.0296127997505233,257,0.0555163951902713,0.202618545420211
VWA2,0.0254872592073482,264,0.0819860434539304,0.249767639132311
GK5,0.0132753822432026,243,0.35998740775472,0.553325462717925
PIAS3,0.0203263605789554,174,0.318633531436734,0.517040832012258
NKAPD1,0.00836260533220247,184,0.675281932253369,0.794876575270445
DBH,0.0683913183715628,252,0.000653231915402604,0.020441183475596
ADAMTSL2,0.00685377691774187,262,0.617367404632855,0.755356484334038
POU2AF1,0.0115467632961678,170,0.58255420817856,0.730616484033691
VTI1A,NA,NA,NA,NA
SLC35G2,0.00737153088855851,170,0.742044514045301,0.837974723433317
MTPN,0.107459535538353,29,0.39026007941758,0.581849314175041
CUL5,NA,NA,NA,NA
STEAP3,0.021274550479514,242,0.162718717695062,0.358544219474794
CYREN,0.0338545721817472,220,0.0598057900962378,0.211551253192534
MKS1,0.0298913647850532,237,0.070185104846956,0.230143536387959
MRPL42,0.0209504413649964,187,0.27282767029498,0.475860477797435
PRIMA1,NA,NA,NA,NA
CASP5,NA,NA,NA,NA
DPP10,0.00374614540614597,205,0.858006082646405,0.914517153618262
PDGFD,0.0185606005405148,207,0.281166372359511,0.482411401388621
PTGFRN,0.0591067560441681,246,0.00231826966210998,0.0377542077762894
LGMN,0.00871107840092846,241,0.553804858891105,0.709369273140613
LUC7L3,0.0980901610466825,91,0.0316656812592756,0.150258612711674
NTNG2,0.0383630076732861,188,0.0665572848899052,0.223483675285482
NRF1,0.0806231003039513,48,0.15037202975383,0.342763200936256
TMCC1,NA,NA,NA,NA
BCL2L11,NA,NA,NA,NA
EME1,0.0393536972804557,280,0.0118362540657369,0.0898370272832093
NPHP1,0.0253738704789152,231,0.119868092653716,0.302844679237794
DENND2C,0.0360924604621026,259,0.0254194883886717,0.1325727289591
ISY1,NA,NA,NA,NA
RAB43,NA,NA,NA,NA
BCL2L15,0.0110454235689505,221,0.488075822437879,0.66065827129013
TSPAN8,0.0423351247309663,253,0.0136606712312156,0.0964383075154503
PICALM,NA,NA,NA,NA
FHL2,NA,NA,NA,NA
TGFBRAP1,0.116616158447757,247,2.60480792713698e-06,0.00144238407652246
HPF1,0.0112679413690444,212,0.497830057084092,0.667286042977704
TTLL6,0.052704218174753,261,0.00333845186387243,0.0459659707440857
PRCP,0.0214526385795253,247,0.152578945338721,0.345546109121236
RGL3,0.0270207282947942,263,0.0694086761600838,0.22883481738929
LONRF2,NA,NA,NA,NA
LIPT1,0.0136906495246744,247,0.33830351443702,0.53514871825771
MDFIC,0.00663385127712593,216,0.699386741605664,0.811755175529913
MGAT4A,0.0146425093189061,173,0.471954909654231,0.647787232391021
AP1G1,NA,NA,NA,NA
ANKRD39,0.0160110796314558,182,0.407619530237084,0.596556074452346
SPATA7,0.0409444512019692,261,0.0138053198849026,0.0968025073968348
LAMB1,0.0320226945543015,281,0.0297415829691596,0.145185435299048
DBN1,0.00576046980282107,240,0.710993058270005,0.818749971454509
HYDIN,0.0315498272336934,280,0.0320367620621289,0.151286689515489
HMGA2,0.0135181216299233,91,0.749018349622683,0.843233245009679
SLC10A3,0.0824008368729338,231,0.000279692673748448,0.0126317939463129
IRF2,NA,NA,NA,NA
P2RY2,0.0224491986301314,219,0.179731289408605,0.379252166357719
CDKN2D,NA,NA,NA,NA
FAM50A,NA,NA,NA,NA
ARAP1,0.0205233986293107,268,0.139854975578481,0.330364299518319
DNASE1L1,0.0182469269200887,238,0.228486849749714,0.431355063345408
SRPK2,0.0113986171426171,183,0.557078947625772,0.711702023970492
TFAP2B,0.17405589575592,42,0.0676782577711593,0.225818782020824
GOLGB1,0.0109842719415929,251,0.432455205568038,0.616838335548721
FBXO8,NA,NA,NA,NA
SNCB,0.0179265467229368,73,0.73133992806215,0.830504143297088
NUMA1,0.0255907152428887,271,0.0748391715113215,0.237220430156344
RENBP,0.0131903497013408,229,0.390485689636426,0.581849314175041
FDX2,0.0149675689472169,190,0.418769338788743,0.604779842567942
DDX60,0.0216478153260807,248,0.14808088034796,0.340487108162415
DRD1,NA,NA,NA,NA
PDZD4,0.0580536609103324,226,0.00450427243352274,0.0534143942539299
CD8B,0.00630218527888108,238,0.68374409460522,0.800367937753598
LRRC74A,0.00745927596385641,263,0.581939520101051,0.730205096355368
IGSF11,0.00193095599433561,208,0.940302831152376,0.963916000272938
GAP43,0.0231683517877968,224,0.160000470334205,0.355321009620999
ERGIC1,0.0554682125165921,99,0.14252410399144,0.334411751738205
UBTD2,0.0387874905036541,79,0.387721842160539,0.580185441241556
ARHGAP9,0.0307623305927927,260,0.0466893615209982,0.185475891556904
PPP6R3,0.0194728453694032,208,0.258149004202672,0.461182437607593
GASK1B,0.00456354106594737,235,0.784835836305604,0.8674537196206
SLC35B2,0.0143756309042732,189,0.439782472433434,0.621965250865008
SFTPB,0.0108794125821951,250,0.438704455923226,0.621782479057684
NDUFA4L2,0.00948654282775263,91,0.836562811278626,0.900554810619946
ATP6V0A1,0.0361107652911659,173,0.101781610522605,0.278900910710817
SIDT1,0.0250599653075437,258,0.0920424002228007,0.264948753610779
CFAP44,0.0160534275184049,289,0.201544972164466,0.403914518565955
DPEP2,0.00122284653067305,226,0.964634008011415,0.978231175371823
SUCLG1,0.0100551078623234,203,0.565970393558629,0.718137657609989
CNP,0.0500446960580975,212,0.0143631156238471,0.0987170366372005
TAGLN3,0.0506061710398444,49,0.488241355232732,0.660800859994757
ZNF414,0.0479941981436375,203,0.0213465424081584,0.121156800351194
CCNG1,NA,NA,NA,NA
JUP,0.0131401793820168,179,0.505099848592065,0.673424822980392
SYT12,0.0126918804324366,184,0.508202490820524,0.675481832925296
WBP1,0.026397645907366,211,0.136059530906605,0.325357526403779
C1QTNF2,0.00712050311758006,193,0.713255847798831,0.819857985339884
KRT15,0.0441160779020638,234,0.0163371629426286,0.105192167460727
FABP6,NA,NA,NA,NA
KRT35,0.00729976016114093,217,0.664673426426931,0.787614510511108
KRT34,0.0332051802122667,177,0.119445809017913,0.302377623464944
BBOF1,0.0510519143092444,244,0.00611531817103887,0.0629625644513751
CBLB,0.0224096549028252,213,0.190977279654212,0.392203465109188
KRT222,0.0300190898833554,179,0.14831101928099,0.340693336241029
MTHFD2,0.00307168819402013,189,0.901568493200233,0.941950478211498
RPL24,NA,NA,NA,NA
RARA,0.0283077298069128,193,0.142573274032971,0.334465503423084
SENP7,0.0452321603735982,259,0.00860389670673739,0.0749515926518519
GAPVD1,0.0246676541285967,201,0.176729551192415,0.375388186121846
THRA,NA,NA,NA,NA
G3BP1,NA,NA,NA,NA
MED24,0.0108482121214619,219,0.500199991916152,0.669245414123764
NIT2,0.0346492327092005,213,0.0616601998065546,0.214820590509637
ADGRG4,0.108149106259139,203,7.02212252290426e-05,0.00612559948299374
TBC1D23,0.0155965262715083,200,0.375910079329083,0.569408987908563
ZSCAN25,0.0778946914990357,217,0.000767698260031846,0.0222213750903763
FHL1,NA,NA,NA,NA
NR2F2,NA,NA,NA,NA
CLDND1,NA,NA,NA,NA
CHD2,0.0215822954361346,204,0.223134369619257,0.426062868286486
ARL13B,0.0819416224617192,232,0.000282862972601529,0.0126847071459797
SV2B,0.044468412193948,208,0.0266863569990745,0.136771606736504
PROS1,0.00268083923019508,256,0.877051165133907,0.926827384595539
SYNPO,0.0335890579891931,275,0.0267052894713813,0.136813582746385
PRC1,0.0160513959916716,227,0.304584073166161,0.503986326600522
USP49,0.00794334687558572,209,0.647608953239834,0.776277423855297
RCCD1,0.00691614092479434,216,0.685280827283289,0.801077247937584
FAM122A,0.0131601797110822,89,0.763071192959958,0.853217096546955
NDRG4,NA,NA,NA,NA
ANXA4,0.0684256733274473,204,0.00305818047836487,0.0441098375678992
GPC3,0.0361637993628574,207,0.0588639367965223,0.209566414969061
CACNB1,NA,NA,NA,NA
ASNS,0.00302822300454689,196,0.898602900547869,0.940394949989947
LHX6,0.0329196565263125,87,0.418407413723713,0.604510279052072
FAT4,0.0208417843837116,256,0.150154270881606,0.3424973374701
LIPF,NA,NA,NA,NA
CIAPIN1,0.026865465517306,235,0.0984727606706464,0.274130946426525
KIF7,0.0368003296261731,254,0.0254353622597396,0.132601217249301
PPP2R2B,0.00198328979974542,80,0.984259564690101,0.990780311932691
RSPRY1,NA,NA,NA,NA
UTP14A,0.0341415368094777,254,0.0345149159730177,0.157506281092429
QRFPR,0.00183581214504546,211,0.943217098136709,0.965292124745447
LARS1,0.0123321790403394,253,0.375314833058842,0.568851340999993
CCT4,NA,NA,NA,NA
GTF2F1,0.00608147435869933,203,0.746187352819546,0.840843272053334
ANKLE1,0.0735121601121807,196,0.00248302198570672,0.0393448531418319
KRIT1,0.0226711422625468,180,0.255254697202547,0.45865178097794
TRPT1,0.0128521283332964,236,0.388513525694435,0.580763880662479
DNASE1L3,0.0208244349772693,250,0.158721731435492,0.353619100850893
EFEMP1,0.00304563401810015,201,0.894339858617137,0.937825380797323
SLFN11,NA,NA,NA,NA
SLC28A1,0.0817786378114869,235,0.000256230309907241,0.0119536601720829
PCDHGA2,0.00998801065309946,200,0.574981416256461,0.725476849360243
NMB,0.00595498364306493,207,0.746601556143183,0.841036911569443
ELOVL6,NA,NA,NA,NA
CFI,0.0140487386944475,263,0.298062549211918,0.498278578949093
MCUB,0.0334138266057414,233,0.0514248753603546,0.193832677290842
ACYP2,NA,NA,NA,NA
RPL34,NA,NA,NA,NA
CCDC66,0.0697487461806248,262,0.000399146558197662,0.0156416325083244
SGMS2,NA,NA,NA,NA
BRD7,0.0067893245182449,241,0.652733549732467,0.779924429063956
AIMP1,0.00958058506768878,216,0.560082936023248,0.714107145178906
GPR75,0.0530539318996218,235,0.00608976447034345,0.0629201309827915
HSPA2,0.115538747469127,79,0.0291314697714022,0.143595335912119
PRKCD,0.0754845605768746,219,0.000914375228345589,0.0240113049653803
SFMBT1,0.0244613251376522,225,0.139879740506324,0.330364299518319
CXXC4,0.0437852284783508,84,0.303772587779272,0.503428455166794
CCDC121,0.0195385308028831,225,0.223562052214654,0.426539216749621
ALG13,0.0144633979934753,253,0.302464824929405,0.502261974941951
SYNPO2L,0.00904833303748548,265,0.495730389344445,0.665520671606474
KRT80,0.0483265814321917,244,0.00831605996635395,0.0738089984141062
TTC7A,0.0268751875576332,250,0.082393234775067,0.25008130314756
PPP3CA,0.0379995973019232,43,0.660300970515966,0.784916292746999
DNAJA4,0.115125230709523,179,0.00013418802512813,0.00899483520016772
ZP3,0.039824341568841,239,0.0235644823444853,0.127560643193992
ANKRD13B,NA,NA,NA,NA
TGFB1I1,0.00820984319751715,206,0.640715891707458,0.770698677444861
GIT1,0.0191809015178907,176,0.33983446723867,0.536105394745527
COL4A6,0.0173800463026535,245,0.236615417074289,0.439444696623326
TRMT10A,0.07056207191364,223,0.00132829444096265,0.0285762804055749
CDC23,NA,NA,NA,NA
KIF20A,0.0496842189304832,246,0.00681459080947735,0.0673317521718413
ADH6,NA,NA,NA,NA
TKFC,0.0312285910198729,251,0.0501701437294403,0.191376091480216
FLOT2,0.0210613292512551,183,0.280052334561704,0.4816539278257
NRG4,NA,NA,NA,NA
FSD1L,0.0145597924189842,192,0.426650405308372,0.611727064572554
PSAP,0.0141002240405576,259,0.303317628244953,0.502870777574553
WDR89,0.0227828795361888,213,0.184679408812022,0.384955311068725
SPOCK1,0.0149849084969584,193,0.410964247136746,0.598702616989241
BCKDK,NA,NA,NA,NA
VSIR,0.0166022809543781,237,0.270440473470809,0.473187233153486
SMARCD1,0.0639653437132424,49,0.380907293913593,0.57402509013588
ALAS1,0.0107622945033958,214,0.51398443213301,0.679787327807922
SP9,0.0477541943389663,71,0.341730845164138,0.537983194562479
VKORC1,0.0246339731084822,183,0.213777274072812,0.417187247184241
C5orf24,NA,NA,NA,NA
ZNF646,0.0285368939747488,226,0.0928387888697537,0.266003341633743
MMRN1,0.0294967957692245,248,0.0633278537887262,0.217573117305966
CPLX3,NA,NA,NA,NA
TCF7,0.0151966728847291,211,0.363060239693152,0.556492910195672
CDKL4,0.0102295254296537,211,0.542223216661286,0.701590458945255
CYP1A1,0.0757217729914946,244,0.0003636499714815,0.014564295713171
GRM2,0.0107213168879105,201,0.543010011208701,0.702311927950311
ZBTB9,0.019868183665342,223,0.220391901425404,0.423429062687274
CLK3,0.0339017985361479,225,0.0551916793052992,0.202046917974214
MSANTD3,NA,NA,NA,NA
GRINA,0.0203935984558484,181,0.299270324513453,0.499345847373686
LPXN,0.0265867467666307,236,0.100153533685591,0.27694735790773
SPP1,NA,NA,NA,NA
FZR1,0.150488565256157,86,0.00510982924491818,0.0569141661305851
MEPE,0.0630246946528221,257,0.00106429633460698,0.0257411033425079
GPR135,0.0179338604861663,224,0.261545031828685,0.46445029634274
DAAM1,0.0114453952418086,201,0.514616299361045,0.680173639338134
PFDN6,0.0526722630020468,61,0.367559046094571,0.560790389818174
CLDN3,NA,NA,NA,NA
AFF1,0.0723452290186657,273,0.000197933034055476,0.0107729706056861
TIMM9,0.129908326967151,35,0.219825026668179,0.423021859462834
ARID4A,0.0256405451129433,243,0.10205097880148,0.279089814476197
DNAJC30,0.0388586089445296,208,0.0451164895468781,0.182529023359747
ARHGAP24,0.0583768818002824,219,0.00526782596613623,0.0578869987098456
HERC4,0.0105589572375704,184,0.586578579175963,0.73407004413765
TMOD1,NA,NA,NA,NA
TBX6,0.00575673645612046,219,0.739852978069638,0.836612583565206
CDC42SE2,0.102613056931994,43,0.22990111733925,0.432413209392227
ZNF365,0.011057432591879,212,0.506206031046303,0.674058548197523
CALN1,NA,NA,NA,NA
CDK1,0.0298012850625207,64,0.598221049934501,0.741352545157811
FAM135B,0.0373829352862599,260,0.0214702002207695,0.121397465489857
IZUMO4,0.0201130651076002,187,0.290820230147152,0.49077599723786
KTN1,0.0122665945637004,251,0.381462983211132,0.574404416431423
ALDOC,NA,NA,NA,NA
CRCP,NA,NA,NA,NA
SLC16A9,0.0679218821698245,234,0.00123115017379393,0.0275711288112479
MVP,0.0334015734292499,248,0.041114377726761,0.173618274114068
PHF20L1,0.0179772156243454,239,0.232911609918697,0.435845175422352
ZNF169,NA,NA,NA,NA
PAQR5,0.0191667695486451,227,0.227803512190462,0.430588532392064
CHCHD2,NA,NA,NA,NA
QRICH1,NA,NA,NA,NA
LAT,0.041059107517992,217,0.0310875528301914,0.1489819985534
MAPK1IP1L,NA,NA,NA,NA
PSPH,NA,NA,NA,NA
SOCS4,0.0331925134069536,192,0.0962003423110355,0.271063619396758
WDR6,0.0151221070969904,260,0.270608924624146,0.473416931869934
REEP6,0.0151756943140414,214,0.357159404451728,0.550900105982465
A1CF,0.0234901169049505,236,0.137436749648436,0.326932096287352
DHRS7B,0.0150667678112671,235,0.317453991733027,0.51629345405591
GCH1,NA,NA,NA,NA
ASAH2,0.00960555963672906,256,0.484501828405719,0.65876110671242
SPECC1,0.00308761402303723,237,0.866439011178405,0.919010680798065
COBL,0.0199725973248981,258,0.162316246576659,0.358029046830678
ATXN2L,0.00525276927016968,223,0.761142324314388,0.851987048907369
SLC26A6,0.0245034616422317,274,0.082483319395216,0.250240008532032
SUN3,0.0564883990628142,240,0.00366988362339074,0.0478399568347026
MFAP4,0.0135886212931435,214,0.408198585609151,0.596995384868015
RABL2B,0.044201537341425,170,0.0583327545137914,0.208456623481709
SNTB1,0.025527553145561,210,0.148830805906972,0.341024432067105
SULT1A1,NA,NA,NA,NA
MEGF11,0.00337591197754449,244,0.844594457625395,0.906281954689397
ATP5F1D,NA,NA,NA,NA
NREP,NA,NA,NA,NA
SLC5A10,0.029290988706406,234,0.0776966619836927,0.241942466265112
CDRT1,0.0295147312022371,246,0.0648851986405401,0.219859084689758
TRIM16L,0.0209154673155917,222,0.201635846565494,0.403969504775544
KLHDC7B,0.0943347832078458,191,0.000456097485390316,0.0173877005334502
TYMP,NA,NA,NA,NA
ERO1A,0.0213682152111636,178,0.285966402562592,0.48606273896132
CCDC51,0.0353881217068142,242,0.0362626251886411,0.16080807604545
PURB,0.0708320080273538,70,0.18022974936797,0.379728909479114
MIEF2,0.0332815084699009,248,0.0416671951544996,0.174908832395421
TRPS1,0.00179069242137523,234,0.936660347575088,0.962118411703873
EHMT2,0.0123190239688234,206,0.470718234017187,0.64657759150592
BTC,0.00611967846991589,173,0.788530856370441,0.869650934078103
CAMK2B,0.12072119369159,193,3.7067543479655e-05,0.00441424655329051
MTHFD2L,0.00419410558687897,219,0.821971963537505,0.891848425949567
APIP,0.0142913454180763,191,0.437624070305531,0.620868026374068
TNRC6A,0.0566343622053395,224,0.00551044834394865,0.0595222976242584
ZNF287,0.020051239140073,222,0.21849845551758,0.421571932960446
POLM,NA,NA,NA,NA
CDKL1,0.0881674348104548,187,0.0009391224624127,0.0242609810979476
PANX2,0.0217452031211212,196,0.236656495537725,0.439444696623326
NCOA1,0.0101692590967739,222,0.522671273427418,0.68638981770844
VCPKMT,0.00426552558374415,177,0.861211133783988,0.915863810944628
ATP6V1C1,0.0816272853822098,98,0.0477404328994788,0.187473178423035
BMP7,NA,NA,NA,NA
PODN,0.037030932838963,233,0.0352504567392746,0.158577768878154
UBFD1,NA,NA,NA,NA
HECW1,0.0317671561778257,238,0.0568226497683425,0.205267732026369
CLIC1,NA,NA,NA,NA
AURKA,0.0366510626696231,224,0.0425648215730586,0.176696729972123
GLI3,0.0103585413585207,269,0.427451220202153,0.612306685467846
TEKT3,0.0179192962411067,210,0.290332919696223,0.490408496717652
PMP22,NA,NA,NA,NA
ABHD16A,0.0196482198121098,202,0.266991974594085,0.469929489832817
YWHAZ,NA,NA,NA,NA
BCAS1,0.00598668361337907,265,0.663822885038551,0.787185624451228
FAM172A,NA,NA,NA,NA
CASC1,0.0812970843067187,258,0.000110783744205416,0.00792663913595608
SLC5A12,0.123277854442127,251,9.27797494147373e-07,0.000787761925697396
NFATC2,0.00223702063684705,230,0.916185886929642,0.950207121818886
ST8SIA1,NA,NA,NA,NA
MOB1A,NA,NA,NA,NA
EDA2R,NA,NA,NA,NA
FOXB1,0.0510207406161729,67,0.338375677459904,0.53514871825771
GTF2A2,NA,NA,NA,NA
GCNT3,0.0158581470392932,243,0.279534596614966,0.481361901364009
ENAM,0.0822433494239729,248,0.000146107526971989,0.00944047530306062
ZNF445,0.0869503279286036,235,0.00014387333300461,0.00939677317511132
ODAM,0.0333382399993588,236,0.0495591359714793,0.190099395225209
NDUFAF6,0.00511577173821611,232,0.757386276815164,0.849275543363086
JMY,0.0319890835475073,243,0.051670701981892,0.19429526437596
UMOD,0.0163211815616493,239,0.274215799584929,0.477202074081123
CCK,NA,NA,NA,NA
CSE1L,NA,NA,NA,NA
PDE1C,0.0149381046915155,212,0.368787044771967,0.561826770599972
GEM,NA,NA,NA,NA
UEVLD,0.00736846251892985,223,0.651300223282423,0.778876174460439
PDP1,NA,NA,NA,NA
RORB,NA,NA,NA,NA
TMC5,0.0127742306961208,270,0.329122494199455,0.526133310672055
CCHCR1,0.027587118930742,250,0.0761860012086766,0.239522318290226
VAMP1,0.124118924940729,94,0.00912419494821959,0.0777938729073148
MYH11,0.0551346126095904,229,0.00566327584333342,0.060665313375381
SNX16,0.0402971338018586,228,0.0273933637808073,0.1388448383804
CDKN1B,0.0335961210975029,192,0.0929996773830555,0.266141117620957
NDE1,0.0163195006426318,202,0.350405206224359,0.545302017029469
ETV6,NA,NA,NA,NA
MPV17L,0.028036904388216,187,0.156723102587641,0.350918676961358
ELMO2,NA,NA,NA,NA
PGM5,NA,NA,NA,NA
NAGA,0.00990448715959707,237,0.505382769345981,0.673581171766483
CYP19A1,0.0183399104333682,232,0.237030948548839,0.439741611175239
HNF4G,0.0528331185887657,170,0.0302527021195817,0.146334376830609
ARHGAP21,0.0246242931806242,271,0.0839842598088054,0.252925876785279
USP8,0.0137067639046336,245,0.341503739707983,0.537756714847209
CEACAM18,NA,NA,NA,NA
IPP,NA,NA,NA,NA
CCDC125,0.0191898920157727,235,0.213145075980188,0.4169323432761
POLR3H,NA,NA,NA,NA
ACO2,0.0442943436111977,224,0.0196354070697541,0.115883477497863
OSBPL10,0.00939856243260745,234,0.533947398871819,0.695759573565734
ATF7IP2,0.0471896425228197,227,0.0136832683279259,0.0964683661091151
GRIN2A,0.0155838346053962,246,0.281794798088124,0.482629458262693
COL4A3,0.0104982981521976,285,0.394483729209221,0.584814896427499
TRIM40,0.0471287110545847,182,0.0362338122571464,0.160792276274222
SLC30A5,0.0143386874369881,215,0.38118708009832,0.574056834827031
GNE,0.0312892072237387,183,0.127449776027636,0.313367907304887
ZNF143,NA,NA,NA,NA
ADHFE1,0.00992935702271554,224,0.529147686336498,0.691699161775802
COL4A4,0.00310339863505431,286,0.829174180865799,0.896085054519034
LRRC3B,NA,NA,NA,NA
RPS8,0.205789580789581,27,0.0688886014860545,0.228047465397266
SOSTDC1,NA,NA,NA,NA
AP1S3,NA,NA,NA,NA
GATM,0.0273737941955852,174,0.192208252029786,0.393500128251303
ARL4A,NA,NA,NA,NA
TMEM106B,NA,NA,NA,NA
STK33,0.0181734227030123,254,0.203724369709275,0.406437001491092
CENPK,0.00148305462066186,211,0.957862480968801,0.974310083668928
UBE2E2,NA,NA,NA,NA
ZDHHC4,0.0177456905846847,237,0.241867774169663,0.444463884439326
CYTH3,NA,NA,NA,NA
ATG9A,NA,NA,NA,NA
GAPT,0.0145435697972204,244,0.316367928082364,0.515053295673909
TIMM17B,0.0177972434062218,190,0.338877596956595,0.535575264717551
ZNF384,NA,NA,NA,NA
OR12D3,NA,NA,NA,NA
DDX17,NA,NA,NA,NA
FITM2,0.0351688938440881,199,0.0730722066588652,0.23453821169539
EAF1,NA,NA,NA,NA
MAP4K1,0.0439218053309579,224,0.0203956278865496,0.118233371307736
TIGD7,NA,NA,NA,NA
IRF9,0.0321302437829723,226,0.0649372908881472,0.219957802327511
SLC38A9,0.00127954779656187,237,0.959656933379122,0.975490674204356
ZNF200,0.0379351587567941,182,0.0762847904871145,0.239655424677822
SLC29A4,0.00404646522799046,235,0.814104062709388,0.886791471721153
CHCHD4,NA,NA,NA,NA
CLDN6,0.0278333694258151,181,0.171065884143053,0.368221120609229
CARD11,0.0616496085018525,248,0.00163223828412622,0.0315929890374339
MOCS2,0.0188394063950207,212,0.264163855991337,0.467440369727813
ZSCAN29,0.0438704457555136,225,0.0200956012704745,0.117402558615029
UBE2G1,NA,NA,NA,NA
GPAT4,NA,NA,NA,NA
CFP,0.012484157823627,247,0.380791909904921,0.574004706420769
ITGA4,0.0081162015290331,270,0.535253505311181,0.696748634877678
NUDT1,0.024748190457415,203,0.171860533452158,0.369038098702848
UPF2,0.00825083340415273,182,0.68379424707105,0.800367937753598
SLC17A3,0.00852150967972484,181,0.674475101552358,0.79449823283119
NUDT19,0.0276825796837738,220,0.108609456201402,0.287160065223387
NFE2L2,0.0365307985398388,250,0.0280392210947021,0.140648885333646
CCNF,0.00269914396288317,230,0.892275663913293,0.936929908121008
RAPGEF4,0.00405434562310646,191,0.856550768437813,0.913730679857943
C1QTNF6,0.00136846460321214,224,0.959053681236231,0.975132339471869
DYNC1I2,NA,NA,NA,NA
TULP3,0.0125494047708684,250,0.372780576625889,0.566380738198672
ITIH5,0.0452484774302718,269,0.00696185445885277,0.0680477194074819
NCF4,0.00215409143444213,217,0.926449473920325,0.956257435760537
SMU1,NA,NA,NA,NA
CAPN3,0.0393343681915086,229,0.0297162015872794,0.145172820642727
DDHD2,0.0712972195342419,238,0.000741908644187732,0.0218220519454387
SFMBT2,0.0107282918091571,249,0.446961672000993,0.626996789801151
PAXIP1,0.0574645715454073,241,0.00320314631876885,0.0452275737426164
PAFAH1B1,0.0180688876341049,22,0.827187968521296,0.894773735951013
FOXRED2,0.046611083738796,264,0.00654747114050986,0.066076539180296
AGAP3,0.0185151194804138,203,0.290936259433392,0.490850249730868
IL25,0.00719179234218098,230,0.648798330473813,0.777117985226604
PLA2G4F,0.0270220552213624,271,0.0630396601881299,0.216986991921322
ERMN,0.023829495579327,257,0.106828709973798,0.285133500699952
PLAA,0.0053550395173182,203,0.78148916733142,0.865181331287636
JMJD7,0.0733758344579889,196,0.00251418424902841,0.039551144872448
TNNT3,NA,NA,NA,NA
CLDN7,0.0613633115406864,191,0.00864730711139794,0.0751242178518173
MYCL,0.0146109360030362,206,0.392359366605641,0.58329507331498
DDX51,0.0322256254057121,227,0.0634044933005453,0.217601624003165
HAGH,0.0366084926126924,212,0.0520647013971727,0.19491359112122
CAPSL,NA,NA,NA,NA
DUSP8,0.0457917518168847,190,0.0342531197550608,0.157096491621426
AKAP8L,0.0546414040183533,213,0.0089530415348223,0.076992530038823
CRAMP1,0.0673683526563622,248,0.000838036581126979,0.0231022378727991
BPIFC,0.0204688283260209,267,0.141983327927099,0.333388581209354
BLOC1S5,0.00839434062559821,196,0.6510530394422,0.778866382710488
LYPD1,NA,NA,NA,NA
BAIAP3,0.0349311144300233,262,0.0277748183399471,0.139873501928654
ARL16,0.0207471831913726,203,0.241571433448148,0.444153858293
TMEM80,0.0466651495148223,199,0.0262680074450431,0.135741413018172
CEP250,0.044639213225889,268,0.00766701961646957,0.0706564123265966
SMCO1,0.0300493524410854,222,0.0842680868794057,0.253421099054572
WEE2,0.0139972366187937,231,0.359024210128835,0.552794095583903
CCDC40,0.0133569559785125,224,0.394936233583987,0.58521324850793
BICDL1,0.00626999840309982,194,0.750580625232739,0.844320335891554
KDM7A,0.00390823453039908,232,0.824751527165873,0.89327625223102
MYCBP,0.0735038872691932,49,0.171342072881392,0.368430295495088
NFIB,0.12010846080719,57,0.0811606421079817,0.24860565607098
RASSF7,0.0118159600138758,233,0.43325389939496,0.617364879363019
TMEM213,0.0442337158750779,212,0.0251723609874602,0.131877906020688
FAM98B,NA,NA,NA,NA
TMEM209,0.00529752828345744,188,0.803517321253695,0.879347308795949
TEN1,0.00677621768356333,196,0.724066710624185,0.826837050704709
MORC2,0.0755684534398848,230,0.000611603390107948,0.0197037574511581
TCTN1,0.0729251039968701,261,0.000278585159833555,0.0126317939463129
HOOK2,0.00131960416714573,240,0.957109403548143,0.973932994853719
ALG3,0.0234738708776964,210,0.178808149937063,0.377975202920901
CHMP7,NA,NA,NA,NA
YBEY,0.0179761611706692,184,0.349087518682101,0.544449992399612
MCM3AP,0.0856623982623331,248,9.75854998216678e-05,0.00739791027219501
MAP1LC3A,NA,NA,NA,NA
PDCD1LG2,0.0247004180196337,200,0.178099101416085,0.376976924652694
FTCD,0.00135533802589834,238,0.955990337759431,0.973260826674989
RAB2B,NA,NA,NA,NA
RGS11,0.0217123354148102,236,0.164450735977761,0.360613735091729
PPP3CC,0.100392032276002,202,0.000155857955439215,0.00970138521076174
SLC66A2,0.0467929980105938,182,0.0372420052216308,0.163526039119775
MED13,0.0139889352671397,247,0.328458397832411,0.525374425886074
COL8A2,0.0201855665151487,210,0.238788026095452,0.441519940590488
ROBO3,0.0252132499713048,269,0.0800544919057266,0.246392945604479
CEP83,0.0198388287061146,247,0.180770968016307,0.379805266851537
SH3KBP1,0.00440140883351339,200,0.831244183856445,0.897570046201479
ARHGEF12,0.00942110390398725,263,0.481041901420072,0.655666701250645
C17orf67,0.0186070717211505,178,0.348555087308122,0.543894233922359
PUM3,0.0595810317537326,255,0.00170597992436048,0.0322921406868323
SUMO3,NA,NA,NA,NA
TTC28,0.062910142543334,246,0.00149566935384561,0.0301958032432725
NAV3,0.0174099473399318,264,0.205366889089331,0.408616262996675
SOCS6,0.0146860896345877,193,0.420262427375169,0.605969036331654
ADGB,0.0163395509353631,280,0.207110737662981,0.410738454511946
CDH7,0.0188840321623921,174,0.352270892992911,0.547403866905529
INTS10,0.0458293833947515,185,0.0378680097403074,0.164905905819579
MAP2K7,NA,NA,NA,NA
DIPK2B,0.0116992839801499,234,0.435838198877526,0.619236423572531
SLC35E3,0.00156561219323771,174,0.965414051471937,0.97863048070253
RNASE11,0.0273486286118551,179,0.181717652184456,0.38108512372308
PIP4P1,NA,NA,NA,NA
TM9SF4,0.0366565657077378,171,0.100869543858284,0.277887629370346
NPS,0.0264610686947659,198,0.156859749553268,0.351101189861233
ZCWPW1,0.0529832647154559,255,0.0037443599079051,0.0481698664515953
GRK4,0.0224857810965195,232,0.158115763368056,0.353167724001327
FGL1,0.00923346042816637,216,0.575485427257358,0.725681425896011
CTDSP2,0.0288978964021012,86,0.483236562070739,0.657672670926793
MBLAC1,0.0228094939035833,216,0.178960090137417,0.378233605706959
BCL2,NA,NA,NA,NA
HP,0.0635899666494799,229,0.00229945509196797,0.0376909395769679
TMEM123,NA,NA,NA,NA
HPS4,0.0371226497011867,276,0.0168727026582222,0.106592629491626
RGPD2,0.0315747387308189,240,0.056379090012492,0.204190320618982
KHSRP,NA,NA,NA,NA
HDDC2,0.00914988726652583,202,0.606457626750357,0.746770215052938
HM13,NA,NA,NA,NA
EFCAB9,0.0197915103476753,223,0.221968833093699,0.425410477542684
APOF,0.0133938226216277,197,0.453090652062258,0.63187086020687
PYM1,NA,NA,NA,NA
SELENOS,0.00188808741610652,181,0.95236638688251,0.970735358410216
NSF,NA,NA,NA,NA
LONRF1,0.0473496350625497,219,0.0160166689648269,0.103969569794106
PLPP4,0.0158291549930198,90,0.7034744835983,0.81408556302573
CRHR1,0.0302491976132563,190,0.126215194703799,0.311707721494588
GNAT3,NA,NA,NA,NA
GGT5,0.0253310774367958,233,0.11775995262921,0.299728095049676
SLC37A1,0.0301158684852996,210,0.0981411208979304,0.273363470371251
MPP3,0.00769479140235394,234,0.616484157831414,0.754810828123523
VGLL3,0.0267826034944633,180,0.187511223125368,0.388173690197179
TMPRSS3,0.0169160394843756,215,0.305524735890447,0.505083467847966
SMAD4,0.0785218122046554,76,0.117130362392629,0.298533579234045
PPME1,NA,NA,NA,NA
HIGD1C,NA,NA,NA,NA
TMPRSS12,0.0659642840236969,236,0.00143449926058458,0.0296209062031858
NOTO,0.0239282249540199,214,0.164850863176399,0.360873003913946
FGFRL1,0.00876519424581133,199,0.62906851973426,0.76336815879382
PAX1,0.00559824360468167,206,0.765587811715758,0.855009327430015
KRT40,0.00158040674309155,247,0.942550394500437,0.964744983071411
MEIS1,0.046624459243939,58,0.447481886533726,0.62738103334363
CSNK1D,0.0254485858020294,95,0.495094386591611,0.665400146110038
STK32A,0.00817394258212089,202,0.649688074643906,0.777964208223467
MSL1,NA,NA,NA,NA
FRMD4B,0.0120908678038164,245,0.399371688806552,0.588708123753145
CFAP53,0.0315023453512437,250,0.0493463555024874,0.189979100955702
ARHGEF10,0.0111782818457929,244,0.437460581391555,0.620803717962833
USP34,0.0154064475958094,224,0.329206118841117,0.526200944974958
LCP1,0.0101294074347809,192,0.586066410607956,0.734030375506121
TMPRSS2,0.0699165408886819,243,0.000734095720502357,0.0216947085802189
PCDHGA11,0.0331118877467554,209,0.075578902088721,0.238437675749802
MX1,0.011802641541311,210,0.481329702899427,0.655778251618218
PCDHGA8,0.00246613728829913,189,0.926805101693521,0.956305804032184
PCDHA12,NA,NA,NA,NA
C2orf73,0.0498797171649618,241,0.00748270672038343,0.0702599495302907
PCDHA11,NA,NA,NA,NA
FAM3B,0.0153817869156072,176,0.441620432038601,0.623287764880055
DOT1L,0.0150531459535836,248,0.293554029768257,0.493670490320461
GXYLT1,0.0482200164955634,196,0.0243870608002719,0.12979256429263
ZSWIM8,0.00920414668513432,226,0.557815559747069,0.712357261499917
SHARPIN,0.00407702641447129,229,0.818288582030208,0.889453220170413
DEFB113,NA,NA,NA,NA
UBE2D2,NA,NA,NA,NA
PARP3,0.0167596761160804,241,0.259063794979909,0.461734224630873
CAPN11,0.018242903759691,236,0.232086620115123,0.434940434635994
C10orf105,0.0118027010143648,208,0.485651135622115,0.658925907263424
TNFSF11,0.00331572507460731,202,0.881062904423625,0.929832379080153
SLC25A45,0.0136799983046819,225,0.381814277857082,0.574593718868935
HSDL2,0.0285906183030955,222,0.0971007750872939,0.271740759814871
CCDC33,0.00433299226402644,260,0.77170694777808,0.859105752121357
YPEL3,NA,NA,NA,NA
SEC24A,0.0101951639997183,251,0.466537950648855,0.642729127810753
AEBP2,NA,NA,NA,NA
ATL3,0.0228149874442273,204,0.200861324720611,0.40305180898719
MROH6,0.0269897956015061,255,0.0766520248233363,0.240039387300224
EIF3CL,NA,NA,NA,NA
MS4A18,NA,NA,NA,NA
SPTLC3,0.0770584376560458,238,0.000388217317653419,0.0153075410453063
GIN1,0.00610274280651743,230,0.706114259894118,0.815081739831063
PLCXD1,NA,NA,NA,NA
RPRD1A,NA,NA,NA,NA
BRCC3,NA,NA,NA,NA
CTNND1,0.031842745256329,184,0.120325580117906,0.303338596275071
ZNF24,NA,NA,NA,NA
LCMT1,0.00688671475610128,190,0.728755765976513,0.829382371651382
RAD51AP2,0.0112764777241077,243,0.435337081129374,0.618938721284182
EVPLL,0.00883747291035717,197,0.629811100225605,0.76379643095707
ALKBH5,NA,NA,NA,NA
DCDC2C,0.00695254154380033,211,0.691524760070511,0.806008908598703
DOP1B,0.0246146248109805,256,0.0988960858593834,0.274876886091978
AIFM3,0.0130550915881553,186,0.490812912634102,0.662672877696165
STOX1,0.062813207056406,243,0.00165285148958213,0.0317507037274781
MYO5A,0.00979958813159222,244,0.497125130074109,0.666742381700069
MDGA2,0.0211949072763975,189,0.263127237455112,0.466349637660494
JMJD1C,0.0359699179597172,271,0.0211809518405873,0.120590345391918
ZSWIM7,0.0121510316676976,191,0.510857028356224,0.677736990952591
GPR33,0.00798061837282199,214,0.636962317077045,0.76806969042731
KCNE1,0.0179497313202012,216,0.277075747642287,0.47967011971056
TMEM26,0.0500284859599832,244,0.00686449467147141,0.067574398216098
RBM12B,0.0056543094785808,239,0.718304754438778,0.822765478238356
MRPS6,0.00400301466888383,180,0.869306938798197,0.921561926722939
GSG1L2,0.018419360470998,199,0.302187070301091,0.502131486913926
SDR39U1,0.0207240530965907,215,0.218166750357643,0.421280717206145
N4BP2L2,0.011772619513124,209,0.484632626168185,0.658868608761529
OTOG,0.0509871107250241,278,0.00274186827137328,0.0415719456002502
RNF222,0.0805818905861007,182,0.00220760455932756,0.0370924164480156
ABCC1,0.0569889531645382,241,0.00337891566685941,0.0462557595862662
ACSM4,0.00546602936575063,210,0.76684961983058,0.855443352733842
COL28A1,0.0395597406283298,220,0.034114831773815,0.156780474850827
PHB2,0.0716928822277945,78,0.137426401257184,0.326932096287352
TRAPPC13,NA,NA,NA,NA
PTPN6,0.0630529606173222,198,0.00607050049175931,0.0628057630081613
ANKRD28,NA,NA,NA,NA
USP47,0.0328940387195177,197,0.091766951693733,0.264781127496915
NEURL4,0.0342878047112236,242,0.0408711340472057,0.173161061372065
CABYR,0.00567042015644089,228,0.732178262054092,0.830895345836863
MAP3K1,0.0160473299519851,254,0.25506037121182,0.45856139014028
PLA2G4E,0.000153560714710612,272,0.997770140819574,0.998318839930717
TNRC18,0.0244036840344984,247,0.111449478505448,0.291103477901022
C22orf39,0.0310953658640367,191,0.116166989540613,0.297267988504973
MROH2B,0.0166168205356489,274,0.209067082960923,0.412243128749081
RADIL,0.0441432264698278,267,0.00832091983715814,0.0738089984141062
UBXN2B,0.0190869332258407,209,0.264712896496024,0.467663122454344
SRL,NA,NA,NA,NA
TSSK2,0.0146551503708785,174,0.468938014138128,0.644758128906747
ST3GAL1,0.0429542236708162,216,0.0263223330071343,0.135780167346643
PPDPFL,NA,NA,NA,NA
FAM166B,0.0165421439891896,234,0.277630763721623,0.480214496586205
GRXCR1,0.0033491950766926,175,0.900367497901114,0.941313450440698
ENHO,0.0661280579885235,43,0.249402002185552,0.452798845307939
MRAP,NA,NA,NA,NA
KDM5A,0.0501390873830218,204,0.0171102781510097,0.107559971634383
ROCK1,0.00407270018842855,218,0.829341177591489,0.896142422097986
C5orf49,0.0127264523476468,208,0.451494899816281,0.630700904732845
UBE2QL1,NA,NA,NA,NA
WDR19,0.00977322589432937,254,0.480258469537733,0.655159797347105
ADA2,0.0556162196954469,189,0.0150634072541947,0.100866222286763
SEL1L3,0.016159370563552,268,0.229440385953809,0.431887785324817
KCNU1,0.0338246938386896,256,0.0347107823472003,0.15771549196359
SEH1L,NA,NA,NA,NA
CLDN8,0.10784852990075,187,0.000164964747692232,0.00995730344364105
RNF212B,0.0133717499955777,228,0.386201273644764,0.578529689618879
RUNX3,NA,NA,NA,NA
FAM234A,0.000521028954691675,257,0.98755027966075,0.993008081616873
MAP3K7CL,NA,NA,NA,NA
RPGRIP1,0.0153596248927624,272,0.244447496671581,0.446989708199463
DEFB130A,NA,NA,NA,NA
ATP5PF,0.00473267540274116,179,0.839297012859948,0.902812733481403
SNRPN,0.314502923976608,20,0.0503993108415143,0.191664862011802
FKBP1A,NA,NA,NA,NA
KDM1A,NA,NA,NA,NA
USP25,0.0163871136422906,209,0.332822062776056,0.530322007614947
EPHB2,0.0100936168859508,205,0.560231762069921,0.714153910691874
ARGLU1,NA,NA,NA,NA
NRIP1,0.0214183620382124,264,0.130894994526265,0.318215181123426
TPTE2,0.0133512530023967,201,0.445306589676338,0.625711286279191
COLEC12,0.0602963584289222,221,0.00409682497980038,0.050679561057102
SFI1,0.0414727322747457,274,0.0101059752120758,0.0820329511159955
PCBP3,NA,NA,NA,NA
DIAPH3,0.0127843423967985,271,0.32707115034979,0.523972096962884
MACC1,0.028993320171737,253,0.0627495130952344,0.216747398308477
SGSM1,0.00954417449521717,233,0.529147320060071,0.691699161775802
GGT1,0.0333879026639803,237,0.0485678607234176,0.188211118384018
MAPK4,0.00738355096842858,214,0.665596460077027,0.788087903924518
SIAH3,0.0119828161055709,190,0.519307051212183,0.683818714251278
DSCAM,0.0069514550492547,190,0.725852839530903,0.828208364474608
PCDH11Y,0.0803655670831636,244,0.000212512345351799,0.0112305279269731
MORC3,0.0397787330620271,240,0.0232557657696723,0.126737455217179
TXNRD2,0.00767391381242253,245,0.599300518794487,0.741974473351471
EFCAB8,0.00201607065585603,214,0.934099507955656,0.960350732213942
NCAM2,0.0181537656070259,201,0.304195611124302,0.503813754919869
PPP4R1,0.0611916574894007,250,0.00162513046186885,0.0315929890374339
RBM11,0.0052051154710875,204,0.787550674865679,0.868946148755894
ZDHHC20,0.0773977785176186,192,0.00201182453872713,0.035051432729451
XPO4,NA,NA,NA,NA
C9orf152,0.00108869798472883,231,0.969069875541787,0.981083882661937
C20orf202,0.0247928246580687,177,0.22479024920501,0.427941496842303
KLHDC7A,0.039697183078139,266,0.0146274946489894,0.0992518763183423
HMX1,0.00292623298852795,170,0.920090753489444,0.952086109558137
ZG16,0.0425048279051263,188,0.0470901870558322,0.186331778099973
TMEM242,0.0177137871237735,183,0.358374234792556,0.552238869245977
WDR47,0.00965955120648713,190,0.609368058769831,0.749267387187928
CCNL2,0.00632034166573654,204,0.733166814047856,0.831340148122641
AFDN,0.0717245533744883,259,0.00034601651101497,0.0140346060009129
FAM72D,NA,NA,NA,NA
MASP2,0.00811455896923453,262,0.548299990339577,0.706367456702898
SLC2A7,0.106837362718454,174,0.000349666986871511,0.01410431321138
RERE,0.02980798258845,230,0.0776544993997132,0.241870311654377
CCR6,0.00361532616542754,225,0.847113678111393,0.907572803255989
RO60,0.0489031609037596,212,0.0160435484844057,0.104038000762419
OAZ3,0.00371982011593992,203,0.861051735421253,0.915863810944628
MIER1,0.0816567797700039,173,0.0028445807294047,0.0423231076748811
MMACHC,0.00787393555738779,215,0.640268819409358,0.770562463879804
KIAA1522,0.0473600649061336,227,0.0134428910923338,0.0959152162195874
SZRD1,0.218576585717299,47,0.018108310999799,0.110510693532792
TTC34,0.0330777643971415,221,0.0635707374417519,0.217894612993093
CLHC1,0.0348101316750197,258,0.030014752780461,0.145903775348073
AGR2,0.0318167388388156,203,0.0925870938623479,0.265627094384605
LBH,NA,NA,NA,NA
CLDN15,0.0389805827190129,224,0.033668775257813,0.155533377469535
GAREM2,0.0587539752223125,227,0.00407164820136142,0.0506411245044326
LRRC72,0.0370329464271398,248,0.0273972439615339,0.1388448383804
MEI1,0.00652033185940241,268,0.627873090700578,0.76245576464535
CD160,NA,NA,NA,NA
XPO1,NA,NA,NA,NA
SCFD2,0.0437256449196614,247,0.0131180924842868,0.0947120328117213
CHCHD10,NA,NA,NA,NA
POP1,0.017108900900247,274,0.197557821640649,0.399697603878523
CD14,0.0148172123900497,256,0.286409860702073,0.48662166300715
SLC6A4,0.0209551008892051,234,0.180603099091307,0.379805266851537
SVEP1,0.0174766552679893,265,0.202358283167727,0.404970945069794
ANKMY1,0.0253491170040713,221,0.134116276475811,0.322588271425105
GP5,0.00450799581263442,231,0.79233897829015,0.872340009293167
PDE7A,0.0345983262067616,173,0.114023035138189,0.294563034047674
P4HA2,0.021888220003293,188,0.251585212326809,0.454817496691872
RBM33,0.0289663965772141,243,0.0715839108839678,0.23192523119862
ZFAND2A,0.0211725429654018,212,0.215216037589084,0.418471977822072
GGT2,0.0396395684347514,234,0.0263120210176418,0.135780167346643
MTMR3,0.0177304948748507,258,0.207284949545377,0.410892002709715
SNU13,0.0445329670329671,25,0.784612843419091,0.867282518120599
MARK2,NA,NA,NA,NA
PARG,0.0255179257293089,248,0.0977671060252247,0.272942100468492
IQCE,0.0251775931812136,243,0.107173254648489,0.285675716032472
SUPT5H,NA,NA,NA,NA
SOS1,0.0195147451797311,171,0.345213463974208,0.541124760267755
PYCR1,0.0295585364318347,222,0.0883920266602198,0.259339991892492
AGTR1,0.0128648581895428,203,0.457717261732555,0.635712873001725
RPS27A,NA,NA,NA,NA
KIAA1841,0.00509809578867516,237,0.752248765756827,0.845041137295167
WDR25,0.0129888033001474,252,0.353222052328769,0.54794613689301
TAFA5,0.0202823038605577,53,0.788024254496645,0.869242759853566
SELENOM,NA,NA,NA,NA
RASGRP3,0.00494434733185597,198,0.807534024551321,0.882127678169831
FAM210A,0.0504982568464877,227,0.00969171411884425,0.0800062764103972
SAR1B,0.0703999814447575,66,0.205610720848434,0.408782101268444
PDZRN4,0.0536868303047603,240,0.00501634707855154,0.0565382268959579
MEX3D,NA,NA,NA,NA
PAX9,NA,NA,NA,NA
HERC3,0.0196919696639059,206,0.25751198788903,0.461060471041223
CTNNA2,0.00514597191426489,41,0.976641244627339,0.985774519858439
CPE,0.0517807231950708,174,0.0298536608360413,0.145509462077238
ETV2,NA,NA,NA,NA
FASTKD2,0.0250608886261699,265,0.0851955093412133,0.254743641931936
LRP5L,NA,NA,NA,NA
DRP2,0.0128392590195818,229,0.402962375450181,0.592556149836451
KMT5A,0.0178417799746039,178,0.367901059023938,0.561019609857745
MIEF1,0.0115898299728618,206,0.498133757279221,0.66750161743802
ELFN2,0.0060664770166058,199,0.752725521813963,0.84527490487733
GABRR2,0.0109243270693412,221,0.493010962305852,0.664443133960565
MAGI1,0.0169679872214679,254,0.231523785411101,0.434269062002325
OR6B2,NA,NA,NA,NA
IGSF23,NA,NA,NA,NA
SMC6,0.0131211695599369,240,0.371134191702734,0.564659546711985
DTWD1,0.037673508999222,212,0.0470752321045127,0.186331778099973
SLC8A1,0.0425743948644982,189,0.0459293940360772,0.18396647007751
KIF3A,NA,NA,NA,NA
CEP162,0.0285381936248846,277,0.0486333340364086,0.188280791803534
INO80D,0.0355929398835755,217,0.0529179139044838,0.197700953795103
CARD10,0.000165120359488637,259,0.997691097237603,0.998318181522479
C22orf23,0.0196159526308037,223,0.225618770664486,0.428430097388236
ZGLP1,0.0634610648263124,212,0.00386429773140078,0.0491665293777426
FBXO11,0.014958941389147,91,0.71816801872356,0.822682846416915
PUM2,NA,NA,NA,NA
MYH8,0.0355550032018303,233,0.0411408303399407,0.173672394832445
TBC1D10A,0.008870050628172,221,0.58255249805749,0.730616484033691
HCRTR1,0.0337971196862327,196,0.0861632675674877,0.256096937162082
SDSL,0.0866203757774911,243,0.000107199865878941,0.00772664424639404
ALKAL2,0.0251089528102731,179,0.215036609362442,0.418286679839353
BUD31,NA,NA,NA,NA
TRIOBP,0.0148514287519281,241,0.312512444170219,0.510785492127439
F11,0.0298864108170072,230,0.0770401925877496,0.240840425330775
EFR3B,0.0143388653208402,179,0.465910195468374,0.642403416922821
PLEKHB2,NA,NA,NA,NA
MTIF2,0.05300676321105,260,0.00329861169749938,0.0456642593253827
GTF2A1L,0.0272269825624521,248,0.0811968060094195,0.248646915445051
UBAC2,0.0180421648114826,205,0.298082953283067,0.498278578949093
R3HDM2,0.00136655464508022,215,0.961443482678708,0.976614608405279
TPST2,0.00264050192108882,186,0.921412110023458,0.952834088442576
KCTD17,0.0162900321196707,188,0.384551284485522,0.576804282087812
CAPN14,0.0362148919252629,186,0.0821089360517854,0.249840183697903
KCNS3,0.0511988160241319,181,0.0265552903595994,0.136429277135885
OTOF,0.0393710425591044,266,0.0152200718425166,0.101250475656635
DGKB,0.0113046397267199,175,0.579282621439004,0.728661271777098
FAM240C,NA,NA,NA,NA
PICK1,NA,NA,NA,NA
RSPH10B2,0.00515747632200817,265,0.714566251166001,0.820414270908446
CUL4B,0.0198657199433175,178,0.318662923558241,0.517040832012258
PSME4,0.0142753420709886,228,0.356009782563701,0.550354591394322
ZBTB40,0.0427152439806685,271,0.00916627544194613,0.0777938729073148
CDCA5,0.0222385382546334,221,0.179841848757691,0.379252166357719
LIPK,0.0216649001457884,233,0.169884555610344,0.366596018341806
CHEK2,0.0106067718608521,235,0.478555666548345,0.653466813461962
ACY1,0.0809045340460988,243,0.000207500495778029,0.0110113596426208
STEAP1B,0.0480456333752907,192,0.027031319680895,0.137932784723847
TNFSF18,0.00111529860011118,216,0.970923891629324,0.982169019294024
LIPN,0.0127787107612432,225,0.413325474767007,0.600035705760014
CRELD2,NA,NA,NA,NA
OBSL1,0.0157112787082987,271,0.236485926462005,0.439370497362523
NRG3,0.0364309764102917,202,0.0622954379367451,0.215768954542886
DQX1,0.0324493901820843,249,0.0450411938054827,0.182283013761242
KCTD6,0.0998594491927833,26,0.475926435005799,0.651242201417861
IL6,0.0299024073990034,221,0.086616408816786,0.256786641696532
VSNL1,0.0833333333333339,5,0.563702861650772,0.716213053270573
LIPM,0.0488581510634306,228,0.0112448810827293,0.0870758204367559
BRD1,0.104145089879928,216,5.40791499453142e-05,0.00551001642962817
INTS1,0.0549871976834797,263,0.00240078448434577,0.0387533475191732
KCNMA1,NA,NA,NA,NA
MMD2,0.0353133219076277,176,0.103181401087945,0.280644396109532
DMRTA2,0.00171079330745615,175,0.960464586055951,0.975943590873512
LTBP1,0.00376022020518456,267,0.801199068252146,0.877920617160745
EMID1,0.0385925298320687,245,0.0242356007962213,0.129393849039435
CACNA1I,0.0272087934099175,259,0.0712671785099272,0.231722947537001
ATG4B,0.0289307804759301,198,0.127188964665308,0.313367907304887
FBLN2,0.0290141082687124,243,0.0712183520861935,0.231722947537001
UBXN2A,0.00523571782628551,176,0.821504494847922,0.891662433199023
FAM161A,0.0618193426089022,261,0.00109555193331913,0.026224664332062
SMS,NA,NA,NA,NA
ABCB5,0.00976495219523394,225,0.534444462881105,0.696123127051605
VSTM2A,0.0091661393085908,90,0.845687528320149,0.906698910740417
NRXN1,0.00866175486467305,195,0.641304445017258,0.771188123098838
PAPOLB,0.0260332083619693,218,0.129981852835904,0.316650512187849
SUN2,0.00873924679043016,260,0.519556167452255,0.683977516851157
MYH6,0.0362737337723368,192,0.0742191033367599,0.236550175199443
MTA3,NA,NA,NA,NA
KBTBD12,0.00753974018397856,228,0.634375453702268,0.766546587094323
ODF3B,0.0169204556253957,188,0.367005937801674,0.560185477449919
FLACC1,0.022626266811089,243,0.140107936865188,0.330814735616432
RASSF8,NA,NA,NA,NA
NCOR2,0.0110993154024337,276,0.38362984816117,0.576249108615296
SUN1,0.0229512319698887,269,0.104493638495719,0.282135039194717
EPCAM,0.0112659626047992,233,0.455092240237826,0.633316783096547
TAPT1,0.00678083137914568,209,0.703095708794163,0.814031303140538
NUCB1,0.00252081643748818,194,0.921843299820328,0.953202587197507
ABCG5,0.0554601696096102,256,0.00271766448492936,0.0414792373347884
ETV1,NA,NA,NA,NA
ADCY3,0.0242493247980467,246,0.114512036500673,0.295227792889183
HPSE,0.0313553318519123,234,0.0627641649624421,0.216747398308477
RSPH10B,0.00826194735567091,266,0.534036087112857,0.695803949408629
ADGRV1,0.0336952141484906,281,0.024036725002141,0.128724483469738
RPAIN,0.0675545263765907,228,0.0015517240573961,0.0307831115186865
CADM2,NA,NA,NA,NA
PPP1R3G,0.0242616544196454,216,0.156629670875156,0.350832832969748
MS4A15,0.0143727664361146,196,0.423057376212158,0.608751411528419
CCDC157,0.0428384686942805,258,0.0116746891711251,0.0890471909700875
IMMP2L,NA,NA,NA,NA
TDRD15,0.058955532259749,206,0.00709467423025458,0.0686609202101233
HMGB1,0.0227889574274445,30,0.882364516351742,0.930512087460113
CERT1,0.00679145240380118,226,0.675805546372941,0.795109416961272
BSCL2,0.00540495681089767,227,0.747847631432876,0.842138588322644
TMEM196,0.126816323168918,77,0.0219072901984232,0.122534584087448
ROPN1,NA,NA,NA,NA
GPR12,NA,NA,NA,NA
NXPH1,0.0250369580912432,59,0.693358778236726,0.807054016756564
TCHP,0.0280305990270326,235,0.0873583450415145,0.257711163003567
LIG4,0.00736578592030513,231,0.638239449193767,0.769027211441042
ZDHHC8,0.118287765009942,221,9.43083373802224e-06,0.00244907213709118
DUSP28,0.0126365767740695,178,0.524760889377801,0.688041276348344
THADA,0.0239152644850762,281,0.0822351553030501,0.249955049041515
BTBD3,NA,NA,NA,NA
MPV17,0.029177098200106,197,0.126126986643795,0.311610727816756
MEX3C,NA,NA,NA,NA
MTA1,NA,NA,NA,NA
PSTK,0.0151806352933149,242,0.300775449089189,0.500807441443315
CSF2RB,0.0120204149007738,218,0.456013569485494,0.63431507437388
RELA,0.00899711505632131,213,0.59184926183447,0.73748089215574
GDPD3,0.0110928078834628,241,0.446676568194031,0.626762897910917
ESRRA,NA,NA,NA,NA
GAL3ST1,0.0522465104291245,219,0.00979471915706344,0.080273837312973
HSPB7,NA,NA,NA,NA
PNPLA7,0.0112235473907789,247,0.429961538644215,0.614313457053256
PSD,0.0278922844691612,241,0.0823123281572055,0.250019034440775
SMCR8,0.00134645822852502,248,0.953789933430632,0.971875237392793
HDAC9,0.0465509247154256,217,0.0181043567468496,0.110510693532792
RMDN1,0.0183207008515706,227,0.246689100218002,0.449732662521682
GPSM2,0.0264771580194208,231,0.107324579209592,0.285780021077432
HOXD12,0.0250376660554284,196,0.180617957913077,0.379805266851537
PARD3B,0.0134494227312087,253,0.335412013525322,0.533242716796717
ASB3,0.00199018929784751,237,0.925499254595699,0.955622836248315
C1S,0.0424930431645007,259,0.0119265122817703,0.0902400764402004
DTNB,0.0252428093949916,208,0.156026239063966,0.349850383929345
FSHR,0.0311958585065735,246,0.0539961558887686,0.19975090656885
PCNX4,0.019573506738455,272,0.150815819866607,0.343229212856054
DERL3,NA,NA,NA,NA
MAD1L1,0.0297021775549402,243,0.0661431002915513,0.222797811508383
BCL6,0.00836744058159106,206,0.633532018537243,0.766181799357097
HIPK2,0.041562911395822,199,0.0415000875428945,0.174437331665447
CDCA7L,0.0320517693680159,239,0.0543514041302587,0.200475418568466
GRAMD4,0.0521119381330532,191,0.0194243074702624,0.114942886435823
SYCE3,NA,NA,NA,NA
HYPK,0.0406711301121238,22,0.836489474984652,0.900554810619946
CHKB,0.0170525884730359,212,0.308260463415215,0.507629333081998
NLK,0.0266458739673031,64,0.641681829030152,0.771352908364347
CRPPA,0.0197357373583419,250,0.178188843273573,0.377104205372586
PPP1R7,0.0154981126541959,178,0.432941466272387,0.617255402937997
KIF26B,0.0618157282428497,251,0.00146709088984174,0.0299917649647261
FAH,0.0430831810167264,222,0.0231049658453775,0.126215565900734
PRR16,0.0259864997326353,205,0.151021564015689,0.343404863292951
KREMEN1,0.0135432848580988,195,0.452706684935096,0.631785266199143
RPS14,NA,NA,NA,NA
CDK11B,0.0482391132304058,193,0.026003908870528,0.134821372106648
TSPAN9,NA,NA,NA,NA
IFI30,0.0216786864590371,212,0.205766293904834,0.409027550986729
THAP4,0.0466752679834924,221,0.0164159595513031,0.105430321493929
C1D,0.00600038523603917,177,0.787688647187964,0.868949049410447
METTL15,0.0112179695713339,235,0.453122722366234,0.63187086020687
CBX6,0.00149773458371214,212,0.9569875429942,0.973932994853719
WDR43,0.0353344942202926,234,0.0414350856300878,0.174348054758007
HIC2,0.0467565619638967,193,0.0295947614421549,0.14491306487016
DNASE1,0.0130683422822477,228,0.396816973064379,0.586640422760322
MATN3,0.0233088906409232,237,0.138584905469278,0.328375322057064
WDR60,0.0511896659601919,260,0.00411038390561354,0.0507265982770292
MEIG1,0.0650026587184975,83,0.149153564228442,0.341333670331538
CCDC85A,0.0318902538199345,216,0.0766182437335523,0.239992609982912
TBL1X,NA,NA,NA,NA
ZCCHC9,0.00327850078445533,205,0.880513484859308,0.92956065510346
ELAVL1,NA,NA,NA,NA
CASTOR1,NA,NA,NA,NA
TFIP11,0.0196765325687212,209,0.25162466485673,0.454824259383382
PTGR1,0.0673026139766774,217,0.00225788758502495,0.0372492957032095
ZFPM2,0.000791367799961002,233,0.980192778004311,0.987793576567725
ICOSLG,0.0308732278354412,219,0.0810070780947252,0.248304728427057
KIF2A,0.0239336673874116,94,0.526878394057163,0.68958208064043
AQP12B,NA,NA,NA,NA
PRDM6,0.0126518960457699,186,0.504787528897468,0.673374612819417
POLR2F,NA,NA,NA,NA
FGG,0.0302296554697128,252,0.0553487665762412,0.202331197220152
SETD5,0.0121437396222984,239,0.408864209417361,0.597440864059145
CHRNA2,0.0104156529810859,243,0.471581854404815,0.647344955561514
KIF16B,0.0410088714251429,275,0.0105137513423249,0.0835676654134949
RBM34,0.0175980476447563,248,0.226377030160025,0.429038371446143
POM121L12,NA,NA,NA,NA
NGDN,0.00682809068697225,201,0.713613444911545,0.820008127389006
MCC,0.0223955954876495,223,0.173872127607617,0.371142572488634
PSMB11,0.00775486433285602,221,0.635585105887725,0.767267771744927
ESRRG,0.0006893533209325,37,0.998967941463883,0.999190260747059
ARMC5,0.0276952640352396,253,0.0725634922539989,0.233730054968875
TAS2R41,0.101938397997874,195,0.000188882010813943,0.0106875780171773
RGS14,0.0105361138923548,235,0.481567293729841,0.655961609940455
XKR9,0.0201381524639552,236,0.192468726253202,0.39384346040501
TBX20,NA,NA,NA,NA
FOXP2,NA,NA,NA,NA
TTC30B,NA,NA,NA,NA
TAS2R40,0.0224498232910283,181,0.257074151789792,0.460750970615647
ZBED8,NA,NA,NA,NA
MYO3B,0.0437297548972064,263,0.0094939209284103,0.0791325765341843
UMODL1,0.0596163957395013,233,0.00314444772026014,0.0447792435615493
RBM4,0.00823557765630909,81,0.88283832710717,0.930628989562783
RGPD4,0.0240786868640389,241,0.122877766485104,0.306616621072548
KDELR3,0.016649092312412,182,0.38955061508391,0.581430741457756
JAKMIP1,0.133278817230381,189,1.50267401089028e-05,0.00318967603378311
SMPD4,0.0172931509541236,240,0.24744957028577,0.450538631473847
SLC38A11,0.033137787881915,239,0.0484102086873119,0.187926709243857
ANKRD61,0.00676419470783853,239,0.657152052265285,0.782853665480373
AAK1,0.00793696206030026,235,0.602556819200606,0.743953887515761
SLC39A10,0.0417388133350463,214,0.0307845908495014,0.148063651457421
TMEM139,0.0685003333762337,248,0.000734172377361365,0.0216947085802189
SAG,0.00435693412573549,217,0.815500326455496,0.887478047045756
SNRNP27,NA,NA,NA,NA
MEIOC,0.0542637641183943,236,0.00520483819766836,0.0574924711929785
WIPF3,NA,NA,NA,NA
ALDH7A1,0.0542069756321381,220,0.00783718982003779,0.0713980325808306
NEMP2,0.00298386234161718,257,0.858088166264396,0.914528107576849
ALAD,0.0228404011841477,193,0.222746977603463,0.425619381965164
CCDC148,0.0286641308869258,257,0.0618698522354127,0.215175979811638
ARHGAP25,0.0162091149742042,243,0.269943489786022,0.472794615171891
PCDH20,0.008931171294155,243,0.53960258445982,0.69974501551825
MCFD2,0.0216731737490815,172,0.294997289929727,0.494613676217088
KLHL30,0.0764822379532063,240,0.000385202476466674,0.0152358345971415
STK17B,0.026190832231249,184,0.187603733747577,0.388203551533258
CATSPERG,0.0689071841993896,259,0.000488725701852865,0.0178862371804543
GALNT13,NA,NA,NA,NA
RAD21L1,0.0177258020222124,258,0.20739020058655,0.410989816222793
C4orf48,NA,NA,NA,NA
PTPRN,0.00433414485390035,248,0.784191681175972,0.867200250375552
STK16,0.0041491544577198,228,0.815316522226384,0.887478047045756
NCKAP5,0.0254300087724734,281,0.0681575587516136,0.226775985410511
TET3,0.0585366355419366,232,0.00363362837187732,0.0476109989138164
NLRX1,0.0172559503580579,258,0.218182130236474,0.421280717206145
FAM174C,NA,NA,NA,NA
IPO11,0.0405926906676531,175,0.069912651090564,0.229800501619943
PXMP4,0.0447645646545626,193,0.0351928137019729,0.158555856118922
CAB39L,NA,NA,NA,NA
PLGLB1,0.0349390313062902,210,0.0628630213121144,0.216846051714663
FCHSD2,0.0198251643496216,193,0.283138918810806,0.483839698104713
TBC1D8,0.0325211525582921,248,0.0453402045329552,0.182911892597946
DCDC2B,0.00868318662394062,239,0.558699629897165,0.713016163813812
ARHGEF4,0.0188365910582812,239,0.21380191287465,0.417187247184241
MRPL19,0.0248764285766868,215,0.149581178594962,0.34196120814673
TONSL,0.0189462812504732,275,0.158314616639326,0.353274277678738
LYPD6,NA,NA,NA,NA
CAMSAP1,0.0895126457248522,236,0.000103505472054547,0.00764448127040708
SPIRE1,0.0468964220072545,241,0.0104232821923329,0.0834386687627605
FAT3,0.0231896105352011,266,0.104753562363745,0.28259719768368
CSRNP3,0.0567366675024748,207,0.00853304122910226,0.0746562729242106
PTRH2,0.0281115176490336,185,0.159591628812649,0.354784252846553
SCN9A,0.00645317907606501,271,0.627557985972012,0.762286934605584
CAPS2,0.0387654444286519,246,0.023357610230335,0.127129283715191
LYG1,0.0241795676578938,204,0.178624778686408,0.377753851921871
GIGYF2,0.0115190447296298,219,0.473279083016347,0.648676730226804
USP39,NA,NA,NA,NA
MPP4,0.0020522338129659,250,0.916466824621476,0.950280932242639
PGGHG,0.00934567669685557,260,0.48982436288245,0.661945256613601
ADCYAP1R1,0.0297817288434368,202,0.112287106561612,0.292332090999325
WNT7B,0.00729609072612662,72,0.914914490220489,0.949894101854418
CD8A,0.0181667961759714,247,0.215069264087277,0.418286679839353
TSPAN4,NA,NA,NA,NA
SNORC,NA,NA,NA,NA
RAD54L2,0.0399628138747773,216,0.0352372549459056,0.158577768878154
AGAP1,0.0118517278526891,205,0.490338559314819,0.662453791390001
ZNF638,0.0136995032337563,257,0.319845956676682,0.517837354079693
OLA1,NA,NA,NA,NA
KDM3A,0.0363597163149134,250,0.028587066471216,0.142080276068915
NR4A2,0.119763653798314,65,0.0534700897511212,0.198888745055572
AFF3,0.0519605847886712,254,0.00433122153040084,0.0525356546773191
DYSF,0.0180579439044086,262,0.194049903696729,0.395936584505637
PLD3,0.00532681608431494,187,0.803481025785042,0.879347308795949
IL18R1,0.0174838469078506,257,0.214453220829179,0.417626333406793
R3HDM1,0.0263836501952671,236,0.102267965414962,0.279383270597375
LYPD6B,0.0037593876832767,215,0.848388247387414,0.908370972570501
WDR81,0.0344258587875313,271,0.0256154681077582,0.133376370327232
MGAT5,0.0124669552123064,177,0.533094827048396,0.694861909455365
APOL6,NA,NA,NA,NA
CAPG,0.0746957501954996,187,0.00305388994723213,0.0441098375678992
NOTUM,0.0419134592816815,183,0.0543531422987527,0.200475418568466
PSMD14,NA,NA,NA,NA
FAM124B,0.0247328311049674,232,0.126424032734816,0.311981492135364
SAPCD2,0.00136348067170167,208,0.963333209344854,0.977480637494669
CEP19,NA,NA,NA,NA
STAMBP,NA,NA,NA,NA
NHEJ1,0.028153596611242,245,0.0761763963003455,0.239522318290226
MYADML2,0.00925792357867492,202,0.601785226442094,0.743676712022759
PSTPIP2,0.0156223377996128,225,0.320839471417283,0.518818119346181
ASB18,0.0128412598078212,219,0.423599580097452,0.609216208206126
PPP3R1,NA,NA,NA,NA
GPATCH11,0.00577771621011123,210,0.751195837816761,0.844685685089208
RAB1A,NA,NA,NA,NA
KCMF1,0.045814890805397,79,0.311346019790631,0.509693792590297
CNPPD1,0.0139375046210161,234,0.355025468243882,0.549405147454931
CLEC16A,0.000671233886955505,253,0.982408664799288,0.989556845530191
CXCR4,0.0207565151950371,185,0.281660872658983,0.482629458262693
GULP1,NA,NA,NA,NA
CPVL,0.0252695469262993,266,0.0822294991095398,0.249955049041515
NPPC,NA,NA,NA,NA
EPHA4,NA,NA,NA,NA
CCDC74A,0.0249147335064134,216,0.147467286068545,0.339729732313647
UAP1L1,0.034288138655013,251,0.0355567979137854,0.159286450309522
RABL2A,0.0442249186056945,170,0.0582299878219294,0.208202449438544
TMEM237,0.00907251412329105,234,0.549106669735862,0.706512794768295
CHN1,NA,NA,NA,NA
ELOB,0.0289208571672501,52,0.688060628690379,0.803251599585311
IQCA1,0.00618733006911887,257,0.663033022699491,0.786622131075986
LRRTM4,0.0147115753702275,193,0.419462643168234,0.605288491206734
IL1RN,0.0221386818956833,204,0.212812471154705,0.416725035766655
PREPL,0.00618932906236106,217,0.720391173991076,0.824538769040384
CCDC74B,0.0220671842848113,215,0.193291912049117,0.395063452471769
MAP3K2,0.00353697378910173,180,0.888810578127591,0.934651504421426
TMEM131L,0.0873306746225381,281,2.00942113268189e-05,0.00330894824769239
SERF2,0.0483769129197392,95,0.208098472679715,0.411572551690052
UNC50,0.0357593242492948,180,0.0936529889776494,0.267256210535367
VSTM5,0.0159066402111396,188,0.395567020424813,0.585752906034082
ARHGEF33,0.015649646383089,219,0.33240651175789,0.529795795340768
AGFG1,0.0086875216188173,176,0.677589343263483,0.796545862636489
TAX1BP1,0.00682226273341962,256,0.628149014619601,0.762542036501676
DPAGT1,0.0272688156956489,178,0.184945217900764,0.385244097066466
COA5,0.0235243590941653,81,0.597266339214865,0.740968643701589
C5orf52,0.0116294021610628,201,0.507581042304479,0.67507854582183
FAM243A,0.00515931182005377,236,0.750022670853949,0.843842838042507
CD207,0.0376729809848067,229,0.0352781447075325,0.158577768878154
HOXD3,0.0175782307009932,178,0.374774252187329,0.568229151887837
COPS7B,0.0425639178735966,181,0.0535507254212024,0.199014309589855
NFU1,0.0197586845665413,182,0.310997496676932,0.509566977701969
IL1R1,0.0403200605915065,260,0.0151533143921321,0.101191270143703
MEF2B,0.0434679290307039,193,0.0393796202438751,0.169039043958879
CWC22,0.0030980862759337,246,0.859239007868233,0.915295082319322
ZNF385B,0.0378039920991982,210,0.0481019248987681,0.187683908370361
PRPF40A,0.0353140208229894,191,0.0817506591334116,0.249482319958365
METTL5,NA,NA,NA,NA
IMMT,0.0207133639210665,237,0.180157361699081,0.379692894026062
METTL21A,0.0380000288754815,173,0.0882533209403638,0.259339991892492
GPR137,0.00400804592019758,228,0.823055842517588,0.892227905420826
HJURP,0.0177488537371833,257,0.208424737085761,0.411752407578305
EPN1,0.0759945995655606,236,0.000470364233026988,0.017723546958082
NUP214,0.0105505301321132,276,0.407079183969765,0.596063518859385
SMIM26,0.055855322342621,206,0.00952406617613898,0.0791765710308786
ZNF142,0.0480405328388122,266,0.0052565978371253,0.0578367733882712
AP2M1,NA,NA,NA,NA
TOM1,0.0331142159320204,241,0.04711113983311,0.186337725749841
TBXA2R,NA,NA,NA,NA
TCAF2,0.00645718615040993,218,0.705251266857443,0.814905585213743
PRRT3,0.0197125129871008,232,0.207559659121163,0.410989816222793
UNC13D,0.0097814361150167,266,0.45887961702151,0.636979923965772
SNRNP35,NA,NA,NA,NA
PPP4R3C,0.0124681878277472,231,0.41247890774009,0.599378833783179
PRR29,NA,NA,NA,NA
ADGRA2,0.0204025702391284,252,0.163145193235579,0.358887477172397
EIF3L,0.0202881677419735,180,0.304093060185164,0.503762905114237
ETFBKMT,0.0284629273456758,194,0.139037203681068,0.329079692637443
BUB1B,0.0434694659430036,258,0.0108329887703871,0.0850085921008319
U2AF1L4,0.0512098685524019,88,0.216316009219402,0.419458083650776
TMEM182,NA,NA,NA,NA
SLC35G6,NA,NA,NA,NA
ARRB2,0.0269014055745736,182,0.181632887569887,0.38108512372308
CDHR4,0.031705220971175,262,0.0406562241438079,0.172503919577484
PIGZ,0.0197578179860087,240,0.193313083841399,0.395063452471769
PPP6R1,0.0223583448852258,256,0.127078010734903,0.313170577538645
PWP1,0.0178221307561816,184,0.353044236917093,0.547803533306055
CBFB,NA,NA,NA,NA
SGO1,0.0573737975817679,257,0.00210395559061201,0.0360752814956956
FAM185A,0.0575297793006816,242,0.00309525883920323,0.0442935017708902
MOV10,0.0463440334984496,243,0.010617069535365,0.083986955032552
LARGE1,NA,NA,NA,NA
SDCBP,0.0120685197704739,181,0.537418335577536,0.698424481828113
RNF10,0.0250520072890618,238,0.114699599437166,0.295412355597926
NUGGC,0.0115377619689423,247,0.417235518080885,0.603588109601493
SBK2,0.0114029013393648,232,0.451547881883941,0.630700904732845
P2RX6,0.0170573433186884,218,0.295559904378749,0.495361355726773
RPP30,0.00189685314021363,207,0.942146271637911,0.96464144349067
PRKCA,NA,NA,NA,NA
CFAP221,0.0364919870263866,271,0.0198594059563164,0.116660217647128
AMDHD2,NA,NA,NA,NA
PPRC1,0.0258594965250544,274,0.070020863072784,0.229928981119393
PHOSPHO1,0.037976534230542,186,0.0710844194325662,0.231635263293603
NFATC4,0.0231715068984899,244,0.131028323245718,0.318286615460131
HHAT,0.036151168991152,246,0.0312533099696585,0.149135315014451
SMARCA4,0.0169197467291327,190,0.36211749767217,0.555520169881084
DENND6B,0.0485978348808057,232,0.0105640348113806,0.0837002768138857
EPGN,0.010945524422502,199,0.538435060255884,0.699065408324315
EXOC3L2,0.0206786219990376,220,0.209751768403758,0.413189685114925
GPR6,0.0134853931957917,201,0.440723977344074,0.622717299649917
CAMTA2,0.0641139025129463,259,0.00087804208119868,0.023597374890526
SPRN,0.0663425119385097,172,0.0100013736146412,0.081495517822182
NDRG1,NA,NA,NA,NA
EWSR1,NA,NA,NA,NA
RIC1,0.0270303394371951,246,0.0849571011936449,0.254471693509469
ENPP3,0.0519875992292092,268,0.00307213675369356,0.0441656464783773
LY6H,NA,NA,NA,NA
WDR26,NA,NA,NA,NA
SNRPE,NA,NA,NA,NA
BLCAP,0.123091723091723,27,0.361749587824763,0.555195509618585
DPY19L4,0.0168667745882941,218,0.300584778646479,0.50068633806455
TMEM219,0.000584811648521318,200,0.989802110266031,0.994229271201638
CLGN,0.0207857413131409,249,0.160802191420173,0.356492614912749
ARTN,0.0805087429706407,187,0.00183846151551681,0.0334973474415194
FAHD2B,0.0491808599539297,211,0.0159743803185261,0.103747938672488
NUSAP1,0.0245796056135129,252,0.103649525402677,0.28099010902039
PNPLA6,0.0336742876038021,246,0.0411141587138954,0.173618274114068
TMEM251,NA,NA,NA,NA
RDH13,0.00433416687955898,199,0.835509967899481,0.899877797138925
SS18,NA,NA,NA,NA
DDOST,0.0247540201928697,211,0.157836365459846,0.352791146103299
CD44,0.0197295844625366,276,0.143154700790896,0.335335873092503
PRKD1,0.019024968709021,220,0.244040575048126,0.446819334779911
ASRGL1,0.0247452430075848,205,0.168313777808264,0.364387038253621
TAC3,0.00719647954508728,208,0.684656240428754,0.800861671390578
ERBB3,0.0078714424854861,241,0.595730424528967,0.740144638259772
CCDC153,0.00589196679039488,191,0.772375258717144,0.859507667610806
SCARB1,0.031214965460864,231,0.0663930277691148,0.223299483286882
MAP2K4,0.0454191602940857,73,0.351814709377222,0.546828427950731
SLC14A1,0.016543525695972,250,0.248862792992632,0.452271194571085
FBP1,0.0117691357623815,207,0.489100976443502,0.661598263373822
PTPN12,0.025028419797834,238,0.114979089577706,0.295713587411483
CSTF2,0.133404220670283,184,2.0480817111786e-05,0.00330894824769239
IGFALS,0.0480605907841703,261,0.00586423621527602,0.0619808401973074
SAPCD1,NA,NA,NA,NA
CACNA2D3,0.0107224183555138,186,0.575807676882561,0.725728507944215
TRIM24,0.0656179227917316,195,0.00525871416328659,0.0578367733882712
HNF4A,NA,NA,NA,NA
FNDC3B,0.0219579636082079,238,0.157451872169726,0.352055309682871
IFI35,0.0242494635550209,257,0.101923751565072,0.278900910710817
THAP5,0.0239059920301977,203,0.184754649682604,0.38504912753357
ZNF322,NA,NA,NA,NA
GPI,0.0256581992397492,228,0.120472612558927,0.303468986066159
SCN1B,0.0120640228139197,192,0.511711349956361,0.678234546055179
MTO1,0.0431437443022808,244,0.0148703073136685,0.100062491848672
BAHD1,0.0132233723560413,243,0.361796943033779,0.555195509618585
SMIM13,0.00880629221949639,88,0.857545786062246,0.914332618776791
E2F5,0.00710963361942612,191,0.717099724748235,0.821973803324538
PHTF2,0.0164065643362569,197,0.359550935052698,0.552965938402753
TMEM130,0.0410366350906386,214,0.0329431280127591,0.153655196184339
SMCO2,0.0327881058498321,200,0.0886882772471588,0.259722671653211
XKR6,NA,NA,NA,NA
OCM,0.000186903044045742,55,0.999731144194856,0.999809646836724
NOP14,0.0213812546019876,273,0.120929260663643,0.30431832914684
IQCD,0.0160291760808184,244,0.273017648243215,0.476013149095481
UNC5D,0.0106881018310198,190,0.568255441268586,0.719487768531862
AOC1,0.000220559449517354,246,0.996712794039422,0.997888070504369
TBXAS1,0.0197714537906412,250,0.177516129719378,0.376294745420207
SLC25A19,0.00959583997969698,227,0.538147757300045,0.698873237174811
ZNF740,NA,NA,NA,NA
CCL24,0.0378800118160768,192,0.064770632498196,0.219802498134033
ERG,NA,NA,NA,NA
GGTLC2,NA,NA,NA,NA
PDZK1,0.0187417163257886,243,0.209145951138132,0.412334479015733
RBM18,0.0510669313318033,48,0.493607487765821,0.664873575206855
RGS21,0.00113950863981003,170,0.978778640437308,0.986836982632169
FRMD5,NA,NA,NA,NA
SCAF8,0.0312543474687258,242,0.0567343664658337,0.205158685777643
KBTBD8,0.0150093211284383,171,0.466040679950375,0.642403416922821
AASS,0.0424354382151118,244,0.0160933668140623,0.104201891074681
ALKBH8,0.0470491682607633,253,0.00789165144828951,0.07167363957492
GP6,NA,NA,NA,NA
CSF2RA,NA,NA,NA,NA
FSHB,0.00236290395395776,181,0.934963141821691,0.960687205729529
TEX50,0.0110042387956671,217,0.497946245625225,0.6673517188554
CLEC17A,0.0767530506099345,199,0.00165572676038162,0.0317580361750305
IFRD2,0.0104351863373203,245,0.467002126777195,0.643064030062415
NECAB1,NA,NA,NA,NA
IK,0.0070439409075771,65,0.929556955009656,0.957989753924824
MPPED1,0.028472010666663,93,0.454094269270892,0.632474257812126
SATB1,NA,NA,NA,NA
CRYZ,0.0833418485004358,211,0.000557168792274818,0.0191786533470597
CCDC103,0.0408931572563754,241,0.0202119018591772,0.117750984499593
KLC2,0.0139414617307972,184,0.466093544020653,0.642403416922821
ARHGAP22,0.0138825364539695,237,0.35095789114551,0.545896397365562
ARPP21,0.0331174559911471,237,0.0499777816664522,0.191049191078948
ZBTB7B,0.0310337419024582,223,0.0755047459448117,0.238437675749802
SLC9A8,0.00529293346775386,173,0.822921080842971,0.892227905420826
BPGM,0.0515355683677134,177,0.0283711802018187,0.141755728148436
HLA-DMB,0.041955038079246,238,0.0190539224109722,0.113688816230064
LAMB2,0.00746632386625091,278,0.558378630808236,0.712861892739945
RHOA,NA,NA,NA,NA
PPP1R13L,0.0297403856166998,234,0.0741787955391819,0.236540084617646
LIMK1,0.00397291141338464,204,0.847911452307052,0.908013138533811
OR6V1,NA,NA,NA,NA
TMEM250,0.0605357171823599,85,0.165677775326956,0.361357026092393
ELOA,0.0265043522309396,243,0.0931143595397135,0.266315850684435
MYH13,0.150965391079218,230,1.50086212420789e-07,0.000273071143055881
LETMD1,0.0388669652889621,223,0.0346610652486391,0.1576020446293
GNL3,0.0207746199530708,267,0.137088879159278,0.326823025449483
TMEM253,0.0265768253854722,222,0.117930676802441,0.299973057670438
SLAIN1,0.0404647621061714,198,0.0466031850264943,0.185364823390828
WDR83,0.0301020730925855,186,0.134576181020683,0.323206155285579
FAM126B,0.0296543951171534,174,0.162507060485155,0.358387865340075
BCAR1,0.0117458419779391,233,0.435989552877486,0.619366851940508
CNTN4,0.0599957976468661,230,0.00328277093548306,0.0455991128953376
SP8,NA,NA,NA,NA
ZBTB22,0.00390778902665158,221,0.835137320200657,0.89970469548939
FAM135A,0.0268053052332514,272,0.0639358989847278,0.218190677778535
GCG,NA,NA,NA,NA
PRR12,0.0174282622238112,208,0.307066279878515,0.506514200302134
COLEC11,0.0351693783991572,174,0.107579990902068,0.285922112714678
SWI5,0.0607752346746275,179,0.0127518965521872,0.093503259850341
PSMA1,0.013755730387826,94,0.734058330505371,0.832054725642258
L3MBTL1,0.00478238708745546,255,0.749474541966921,0.843597681528122
PTRH1,0.0511791117329823,212,0.0128651528783741,0.0935632964577322
PSMG4,NA,NA,NA,NA
RCOR3,NA,NA,NA,NA
BRAP,0.0140533388364747,193,0.440526291128981,0.622563564560441
DUSP22,NA,NA,NA,NA
SEMA3C,0.0114737184442584,216,0.481311928171051,0.655778251618218
HLA-DPA1,NA,NA,NA,NA
PABPN1L,0.00540891572248907,186,0.801094819022637,0.877881914908991
FOXA2,0.0101298145121424,177,0.618674638357647,0.756256857099817
PCYT1A,0.0352885727763486,179,0.0986953701594733,0.274630595226361
PDCD5,0.00944463264077022,81,0.860061705932908,0.915788469756836
HTATIP2,0.0536455027413323,229,0.0066317862799198,0.0665582585193527
PGGT1B,NA,NA,NA,NA
SFTPA1,0.0394068993184657,225,0.0316795897952432,0.150268624071589
ZFHX2,0.0424241821281538,261,0.0115632226911296,0.0885563464787895
SMYD1,0.0281377845742459,203,0.128047622206259,0.313967120843537
RASGRF1,0.0144648013013071,209,0.390289030489161,0.581849314175041
BECN2,0.0333833832261988,191,0.0960707647465514,0.270878295287155
STK3,NA,NA,NA,NA
ATXN7L1,0.017528485754311,219,0.281428684594918,0.482535773694248
FBXO15,0.0164258917791224,256,0.241805480833538,0.444455852777593
GPX1,0.0351847281649479,187,0.0879293980092328,0.258718023930257
PLCH2,0.0105400909371328,251,0.451382664845381,0.630628523417154
STRAP,NA,NA,NA,NA
PRXL2B,0.00379425183788291,172,0.88517139482361,0.932237069748904
KMT2B,0.00454699925904197,242,0.778081599915038,0.862776190409305
ASB10,0.00565279401592049,243,0.71305816455929,0.81985551558682
PTK2B,0.0577431119817863,231,0.0040668640249276,0.0506411245044326
TSPYL4,0.0389109731059828,206,0.046494675611546,0.18528040944576
DNAH1,0.0105748845735801,277,0.404335681369632,0.593862058951701
ATF7,NA,NA,NA,NA
EIF4B,0.0115568957335455,188,0.539643180152344,0.69974501551825
ARHGEF38,0.00805809009663154,262,0.551273432118581,0.70779951891908
PIK3R3,NA,NA,NA,NA
GMPR2,0.0124062491698845,200,0.480948068258366,0.655635550009014
LMOD3,0.0225728289609173,262,0.117009550893291,0.298503139646851
NR2C2AP,NA,NA,NA,NA
KANSL2,0.0140232233745772,175,0.486224552603711,0.659273491106235
RRAD,0.0349577946829235,178,0.102834535795185,0.280189904227427
AFAP1,0.0249454590825954,235,0.119803150400955,0.302844679237794
PBX1,0.215669515669516,26,0.145259204186297,0.337471949018
PPIP5K1,0.042868327331104,258,0.0116334452631343,0.0889871224452121
MAP4,0.00672030312295237,264,0.622045917588129,0.758419920390015
ARRB1,0.0161933611358092,92,0.688377660901964,0.803443721521941
LMLN,0.0510892276714379,224,0.00978042744669509,0.0802600025522607
CORO1C,0.041342124495543,185,0.0548731771951988,0.20122798294214
TSLP,NA,NA,NA,NA
EFHC2,0.0117774737975791,253,0.396597243810367,0.58655299505889
MROH7,0.0370328149307502,262,0.0216337202757624,0.121956878225946
CLCN4,NA,NA,NA,NA
NSG1,0.150540112219536,94,0.00290483912766174,0.0428194804744212
DPEP1,0.0200681798651594,251,0.170553274493128,0.367665285027841
C1orf159,0.0175962220473396,220,0.277715929253033,0.480214496586205
PITPNM3,0.0687289814521621,225,0.00150818828457973,0.0303448435899012
CUL2,NA,NA,NA,NA
MYADM,0.0277483612012164,217,0.111919769605705,0.291793282640381
PERP,0.0531072112096481,170,0.0296235327174731,0.144953370851617
ERLIN1,NA,NA,NA,NA
ANKRD34C,0.0809772477885286,191,0.00151503486998814,0.0304345175144621
IL17RE,0.058146807793081,250,0.0023211011847389,0.0377542077762894
PABPC4L,0.0286864952142062,203,0.122038594555891,0.305336498794936
MYD88,0.0656126376753205,196,0.00510284317675612,0.0569141661305851
GRIK2,0.027097886995154,80,0.543716239217971,0.70240644061493
DLGAP2,0.0363148793133826,219,0.0477662110539218,0.187473178423035
TMEM235,NA,NA,NA,NA
RGS4,0.0449661142862349,96,0.233572800765768,0.436441195797068
BIRC6,0.0145478957173751,248,0.308857705887219,0.508152918509188
MKLN1,0.032384132090767,68,0.537933840013698,0.698775521012186
GABARAPL1,0.00631246806183834,188,0.757701363664348,0.849413445863846
INPP5K,0.10890129512491,249,5.86601939040354e-06,0.0020919959970226
ZNF697,0.0173006582863221,196,0.337525711883444,0.534567263152341
AL162231,0.0240395048569614,89,0.548788127647057,0.706512794768295
TMEM41A,0.00760500020433554,200,0.679182230686697,0.79762627812742
PROSER3,NA,NA,NA,NA
DDN,0.011447307288618,243,0.428421012438624,0.613003897166646
NME6,NA,NA,NA,NA
CMSS1,0.00513244965476102,208,0.786153605662267,0.868238077972887
TBCEL,NA,NA,NA,NA
TRIB3,0.0663927487519022,224,0.00199055930128695,0.0349178236700122
ICA1,0.0190227374562432,213,0.257941865676663,0.461182437607593
NUP62,0.0292164548495042,241,0.0715178856471518,0.23192523119862
TMEM132D,0.0772933634498121,250,0.000243168764777828,0.0119115284161939
CLEC2L,NA,NA,NA,NA
COL20A1,0.0935650997743837,225,0.000107381912029817,0.00772664424639404
ITGB7,0.0093450438645079,273,0.467774960213889,0.643714953353224
ACKR2,0.0201931599186789,232,0.198068243487849,0.400274205804627
NT5DC2,0.00593976188118146,194,0.765892616426251,0.855124779767224
MCMDC2,0.00840204531601326,249,0.555215925929393,0.710130364895427
CIAO2B,0.0235142082540527,90,0.553377933639778,0.708908113522865
KIF21B,0.0237230631372506,236,0.134225622348052,0.322743961175067
SLC25A12,0.0647991963341382,179,0.00916143706977394,0.0777938729073148
TENM1,0.00224947273363434,221,0.920013928105344,0.952086109558137
RPL23A,NA,NA,NA,NA
ENDOU,0.00886468217563976,242,0.54458629061246,0.702975346375376
RIPOR1,NA,NA,NA,NA
BTBD18,0.0271217776442064,265,0.0669647138292231,0.224319462211727
KCNK4,0.0253048995196684,201,0.167385968151401,0.363468166396599
CASP12,NA,NA,NA,NA
SEMA4D,0.0476743282479632,238,0.01021508408887,0.0824754705714306
FNDC10,NA,NA,NA,NA
KIAA1549,0.0284108644947448,263,0.0590242317771918,0.20980536307963
NKX1-1,0.00610377031501906,192,0.761213179212791,0.851991479959056
ITK,0.016511179078766,194,0.363731863524711,0.557057360972911
PARVG,0.0046095388446783,222,0.796725278902651,0.8751266194139
PRDM15,0.0115751567615342,234,0.440735393229145,0.622717299649917
IRGQ,0.0371384267462676,224,0.0405317261389959,0.172128064056769
TXNL4B,0.0448558360993975,98,0.225970536471132,0.428828967083005
ITGB1,0.0358563783118307,184,0.0872600489911711,0.257673077660922
NTF3,NA,NA,NA,NA
PNPLA3,NA,NA,NA,NA
IRAG1,0.0129886813789111,250,0.356908885431049,0.550720649121834
KIF26A,0.0390492698523503,258,0.0182654121824878,0.110880976909516
CAMK2G,0.0292959916438176,75,0.538298041710059,0.698997130833943
ACTBL2,NA,NA,NA,NA
TOP2A,0.0166449316726759,261,0.228185326580976,0.431118279088461
SLC25A44,NA,NA,NA,NA
RXFP1,0.0143280811109257,249,0.313906641914204,0.512480914936437
MIDEAS,0.0184771767637021,259,0.189666540680315,0.390619835398527
IL10,0.00238396435468786,208,0.920321338502101,0.952236516643025
DCAF1,0.0634123058715181,170,0.0133608240484987,0.0956165624653538
HSD11B1L,NA,NA,NA,NA
PFN2,0.0266685407325486,82,0.539839810206287,0.699791758717517
NAT8L,NA,NA,NA,NA
TAF1,0.0137660897215018,198,0.438205469533086,0.621352133152236
ATF5,NA,NA,NA,NA
KY,0.00973630593945547,238,0.511084767247026,0.677850039070615
ZFYVE27,0.00241004650608426,215,0.915417838751201,0.950087919734605
RNPC3,0.0121636040473394,230,0.425898175456622,0.611248430859367
CHD7,0.0223751360693292,260,0.122012730948693,0.305336498794936
ANO6,0.0579019291892407,236,0.00349204085690446,0.0468549359620588
CACNA2D2,0.00945036020933215,209,0.579561480624225,0.728800850832358
CMTM3,NA,NA,NA,NA
EIF2B1,0.0100661843789139,171,0.634435268103114,0.766546587094323
TMEM177,0.0269510737146413,228,0.10601321396154,0.283961133398127
SYBU,0.0207119589050851,253,0.156417824395697,0.350543271424178
DGKI,0.0924254300187037,214,0.000197112244034054,0.0107729706056861
MAP3K13,0.00906517802460799,258,0.506845424041654,0.674381876368001
TBCCD1,0.0474138300010081,227,0.0133679231659348,0.0956165624653538
AK9,0.030217743071959,280,0.0378997479630014,0.164966230368006
RPL10,0.152835164835165,25,0.299612415827169,0.499720236769883
ELFN1,0.0264226548713949,233,0.105451345066354,0.283578617137899
GPBP1,NA,NA,NA,NA
PLPP5,0.0239117254594035,207,0.177310598828369,0.376294745420207
GREB1L,0.0273650553628736,258,0.0708590362334322,0.231490620053351
SLC9A3R2,0.0293590333191093,194,0.129023910659623,0.315402788130702
FAM47E,0.0183595132104377,239,0.224224144882082,0.42743881293492
FKBP7,0.01880273219966,201,0.288508714442945,0.488688254707455
SPATA13,0.0480379452814541,251,0.0073507349240762,0.0702529822453907
CDK6,0.00574356232502408,91,0.915158609030756,0.949992668075288
LHFPL3,0.0910531135531141,25,0.534854612077318,0.696442934200667
PDZD9,0.00297268874053118,231,0.877026696825923,0.926827384595539
WDR20,0.0018637165500666,182,0.952860866804925,0.97108394011583
HID1,0.0292601157206438,202,0.117531091352915,0.299375195894146
ALG1L2,0.00225537907377214,196,0.931903641042399,0.959166378884434
KIAA0232,0.0627285637946901,235,0.00211307788911659,0.0360752814956956
TRPV1,0.0827445472976437,228,0.00030314498570822,0.0130161752197574
SLC4A4,0.0211031675726849,215,0.210860654474448,0.41415556306849
C19orf81,0.0169826938021481,224,0.285385428294311,0.485593696026232
COPG2,0.00467441229823122,196,0.822649233983322,0.892127928882916
FUT2,0.0164946529324814,198,0.354740935625424,0.549031541636335
RARG,NA,NA,NA,NA
CFB,0.0219969142688013,261,0.126100393926469,0.31160547478609
ELOVL7,0.0230917061388412,181,0.245052582718647,0.447774704950458
ZNF821,NA,NA,NA,NA
TNPO2,0.118027014183322,62,0.0657993531794642,0.221933411571413
EIF4E3,NA,NA,NA,NA
MYOCD,0.0199078742864743,250,0.174968508771757,0.372766632271178
NABP1,NA,NA,NA,NA
SKOR2,0.00850395993670173,213,0.614317222327577,0.753243876341968
PLEKHG2,0.0290617348091259,245,0.0690512235565884,0.228321029700456
PVR,NA,NA,NA,NA
NANOS1,0.00457909651001261,181,0.843661420246925,0.9056702501909
NTM,NA,NA,NA,NA
TSTA3,0.0321086218943103,187,0.112970436057724,0.293212038645033
BRMS1,0.0142633131056882,208,0.399005960838151,0.588504912244898
AC092835,0.0336900777745866,211,0.0695478825359414,0.22914150581218
FGFR1,0.0389254467344852,177,0.0768057553294311,0.240402580456042
TREML1,0.0214789547805571,234,0.171460877876332,0.368436939536523
TMEM185B,NA,NA,NA,NA
ZDHHC17,0.00919934487281443,99,0.82505716997599,0.893455328357641
C1orf226,0.0132302024659768,221,0.405608198027862,0.594926532366551
ATP9B,0.108774953891812,247,6.61473401778782e-06,0.00215247547354065
SLC2A1,0.0255117086006065,179,0.208654821468425,0.411812770218792
EFTUD2,NA,NA,NA,NA
TMEM233,NA,NA,NA,NA
STAG3,0.0505317564501406,270,0.00351483549135352,0.0470465500068169
IFT140,0.0388836374205764,275,0.0137510649296524,0.0965455143021239
TAPBP,0.0129803452130637,241,0.374190093488135,0.567547839927807
SELENBP1,0.0518969395264796,226,0.00857639232869817,0.0748656152832761
RUNDC3A,NA,NA,NA,NA
HIPK1,0.0513255652817017,191,0.0207975946835196,0.119583822071921
TTLL3,0.0170048207337892,237,0.260048986526121,0.462632196172185
LACTBL1,0.0263861900761447,210,0.137761217482326,0.327459288140145
VWA5B2,0.00761777729678078,270,0.562261779719093,0.715491503752086
NHSL1,0.0173621614882761,254,0.222070023397777,0.425496076656578
CASP14,0.0560474267878814,197,0.0118056538619685,0.0897116990370111
SLA,0.039611485935418,223,0.0321625789104105,0.151655907072561
FTSJ3,0.059588798036921,261,0.00144027004073576,0.0296816816161984
SEPTIN9,0.0116323227868962,217,0.473021575070235,0.64855235010168
GK,NA,NA,NA,NA
TICAM2,0.0587780576959569,212,0.00612512226988203,0.0630125664210158
PPP1R14D,0.0107817032786475,182,0.582536291072184,0.730616484033691
NPNT,0.00576889425201759,253,0.692982550164583,0.806748241215369
NFATC1,0.00649594537550394,228,0.688149649482718,0.803251599585311
CHEK1,0.0209967752698568,229,0.188054087653257,0.388714013866155
ACE2,0.0221124055533583,278,0.105678275992472,0.283961133398127
CYTH2,0.0587682782349028,47,0.439659859121456,0.621965250865008
SH3GL3,0.0740577048458158,202,0.00191706902610331,0.0341957858773834
AARSD1,0.0144336833557614,213,0.382475486947898,0.575248913765756
DOHH,0.013404534140644,204,0.436650022510123,0.61983667930104
EEF2KMT,0.0316242829393075,249,0.0493742795354407,0.189979100955702
EFNA4,0.012144300596766,201,0.488284931957495,0.660800859994757
P4HA3,0.0213601508454327,224,0.189971856705152,0.390926836722507
CYLD,0.0011216815606025,201,0.973568140526113,0.983687389086484
RPL36A,NA,NA,NA,NA
PLEKHM3,0.0232606392499645,229,0.150880253836482,0.343229212856054
CLTCL1,NA,NA,NA,NA
FBXO24,0.10305964267804,217,5.75651771313018e-05,0.00563961612264815
ACSF2,0.0226720911344667,269,0.107964963669328,0.286324478404482
ATXN1L,0.037842150284101,221,0.0397465265846545,0.17009803850207
GDNF,0.000499331122407779,171,0.993587279598058,0.996325296666473
RPP21,0.0296328592441397,208,0.105269664364322,0.28350853062619
TVP23C,NA,NA,NA,NA
DOCK4,0.0640140431477047,217,0.00315029854201855,0.0447792435615493
SNX13,0.00798531212053564,172,0.713644007850168,0.820008127389006
POC5,0.0543346990671316,257,0.00303070323410466,0.0440492269926028
NSUN5,0.0792448583685928,233,0.000366353935572186,0.014580886635773
ABHD4,NA,NA,NA,NA
MYO7B,0.00639773864500368,280,0.618211281886098,0.755980689976126
FOXI3,0.0368743502410659,198,0.0639356349814804,0.218190677778535
TMEM51,0.0824904386281669,198,0.00100740718108667,0.0252069506057363
SAMD7,0.00438942396200957,248,0.780892537282221,0.864746313783703
PAX2,NA,NA,NA,NA
SESTD1,NA,NA,NA,NA
NDUFA13,NA,NA,NA,NA
DERA,0.00869776086656274,190,0.649482471265201,0.777791138131979
ARHGAP27,0.0271247898639311,237,0.0936311397826679,0.267253741880784
ATP2B1,NA,NA,NA,NA
PLCL1,0.0274908293109576,224,0.105432960181242,0.283578617137899
RELN,0.00248342427054014,258,0.887625057405981,0.934048808652613
MGAT5B,0.0178554981181077,243,0.228820337019711,0.431355063345408
HTR3D,NA,NA,NA,NA
EZH1,NA,NA,NA,NA
LRRC15,0.0050959722463337,247,0.740177379454152,0.836830812670047
FBXO43,0.0391001369420623,263,0.0166001553576852,0.105959172509007
KIFC1,0.0326267911995073,255,0.0404343887972088,0.171829287861612
UBAP2L,0.0691904301726767,187,0.00492767258894053,0.0560346768685237
C4A,0.00114411467096653,257,0.96135946004236,0.976614608405279
LARP4,0.0387269907611589,231,0.0305503903843927,0.147401619737631
PLEKHA5,0.0134551542309116,256,0.329813517388871,0.526775138884458
AP4M1,0.0319975106041336,197,0.099122404379714,0.275277571343227
LY6E,0.0582244079569892,183,0.0141181470985451,0.09801012204381
CREM,NA,NA,NA,NA
IL34,0.0191947732158254,238,0.207946910286965,0.411435738607236
ITPKB,0.0384108761896982,241,0.026521210882986,0.136429277135885
PLA2G2C,0.0178530684598959,185,0.349740781210327,0.544801686582035
LTB,0.052900159773297,204,0.0132258854837581,0.095129327787941
MPST,0.0249168092375884,224,0.135301088149738,0.32427449354066
PAX8,NA,NA,NA,NA
AQP12A,0.000391392586494235,171,0.995525354686024,0.997343151373186
POLR2H,0.062791079959707,91,0.12986988748709,0.316438279517042
ABCF3,0.00587955508912046,191,0.772944031057961,0.859708996991489
GBE1,0.0151757151223576,249,0.288151215477374,0.488371486246429
TSEN34,0.0381593546670199,194,0.0611372104221882,0.213736895947568
SNRK,0.0164288495044947,198,0.356581263734559,0.550608508113888
ACTL6A,0.120724485665624,53,0.0988551922977131,0.274876886091978
ALKBH2,0.00256408302075126,230,0.899361982287705,0.940658946101196
TMEM106C,0.0487508723673527,171,0.0404263115602423,0.171829287861612
CYP20A1,0.0245288500261567,235,0.124981707238015,0.310026137869789
NEK10,0.00734517671779029,247,0.613431643492957,0.752302880262523
IRAK1,0.0266099107989714,255,0.0799920596954274,0.246319843394817
APLN,NA,NA,NA,NA
TSPAN14,0.110173556908073,72,0.0498300940727458,0.190753254616919
BOLL,0.064801556368046,177,0.00972552453388408,0.0800062764103972
GALNT11,0.0159136717427461,207,0.350686045122762,0.545606825150684
FCHO2,0.0120698825363759,209,0.473390078980632,0.64870841896894
RNASE10,0.0763759774204855,220,0.000804488423904719,0.0228704566224341
DNAH14,0.0395971799071231,238,0.0245920149193463,0.130230312687232
RAD52,0.00243501013796051,253,0.893306842074405,0.937626169495601
GASK1A,0.0103114422098125,238,0.485531177882063,0.658894521204683
NIPAL2,0.040296519859022,233,0.0249955719374216,0.13132986971741
CPS1,0.0309884710935977,254,0.0494349458706046,0.190040330245938
ZNF652,0.0598342552777029,201,0.00749758172607054,0.0702599495302907
GPR35,0.0431638646016665,213,0.0273524297760219,0.1388448383804
RETREG2,0.0107979670633463,223,0.494165614235874,0.664873575206855
PLEKHM1,0.0124193946874397,247,0.38319685291312,0.57592578696029
PRNP,0.012428104595433,177,0.534445032687703,0.696123127051605
VGLL4,NA,NA,NA,NA
ZBTB10,0.0499608143685645,189,0.0245014272643083,0.13000899286055
MRPL55,NA,NA,NA,NA
RANBP1,NA,NA,NA,NA
PLIN1,0.0235048177416375,253,0.1154063792235,0.296095013253524
RCBTB2,0.0170517085911127,186,0.368402573485581,0.561411840158707
AL354761,0.0181438451902355,177,0.36276907885133,0.556251744311405
HOXC4,0.00652418267436777,61,0.942002809276458,0.964572099931257
LBHD1,0.00118170113848376,202,0.971316062333738,0.982267855318603
LCE6A,0.00727778717081655,84,0.895503143450728,0.938384732185986
SLC2A14,0.0258258260772887,220,0.129608257058359,0.31630159890973
ORM2,NA,NA,NA,NA
CNTNAP5,0.0294309979148175,250,0.0621377117778073,0.215754061396443
TTC21A,0.0318588276627501,257,0.042898016574505,0.177499385597349
PSMD13,0.0301289273669018,181,0.143304524527817,0.33550118095336
PGAP6,0.0225304744813003,264,0.115290865148388,0.295917867498966
ACBD4,NA,NA,NA,NA
TLK1,NA,NA,NA,NA
RLN3,0.0661582073009138,185,0.00681308292221244,0.0673317521718413
GALNTL5,0.041610180761543,238,0.0197798574309416,0.116321326662056
RIMKLA,0.00325458996143211,173,0.905572710037533,0.943734067182556
PKMYT1,0.016001406637866,222,0.316083169322471,0.5147388031694
PIGV,0.0238795577530073,249,0.115460830160632,0.296175051948803
MED19,NA,NA,NA,NA
EBNA1BP2,0.0134836245768432,227,0.384389913192947,0.576733231150486
WRAP53,0.0522439868857551,260,0.00361798114783404,0.0475955348149671
PHLDB2,0.0109098109495659,253,0.431918808297072,0.616280298282714
TMEM225B,NA,NA,NA,NA
GLB1L3,0.0487650718361065,227,0.0116133631302748,0.0888868947278726
UBE4A,0.00593227958609846,208,0.74630122073578,0.840843272053334
ITPRID2,0.0153164963387816,273,0.244079227458234,0.446819334779911
AP5M1,0.0173749518836038,232,0.259997823816309,0.462605795490991
C3orf84,0.0110737585755114,208,0.514003766236675,0.679787327807922
DHRS9,0.0225022486154793,230,0.160929463288249,0.356563641377098
DELE1,0.0283582834363117,260,0.0616833306763302,0.214820590509637
DMTN,NA,NA,NA,NA
TMEM191C,0.0267749379136062,198,0.152754960708713,0.34561861424519
FAM126A,0.0106986561510639,195,0.556877159485584,0.711586629525455
KBTBD13,0.0204604972572557,222,0.210356662949813,0.413779836416466
PCED1B,0.00124138433219635,236,0.961577137770589,0.976614608405279
CREB1,0.108022651963448,46,0.18226149088389,0.381852664566084
RNF32,0.0221047916468779,242,0.14934361379009,0.341623139430434
CHFR,0.0243172247531508,236,0.12635480100572,0.311931526576634
HCAR1,0.012666543492337,224,0.419459911257238,0.605288491206734
FAM229A,NA,NA,NA,NA
SDHAF3,NA,NA,NA,NA
AKIRIN1,NA,NA,NA,NA
MAMLD1,0.0170833609255302,217,0.296942121628854,0.497219939661462
PLCD4,0.0447120839617776,259,0.00915524703120459,0.0777938729073148
FBXO10,0.009175170087067,205,0.59945042576371,0.742036887706928
DOCK8,0.0115914297493945,272,0.370351699124472,0.563738405647099
ZNF33A,NA,NA,NA,NA
PET117,NA,NA,NA,NA
GAS7,NA,NA,NA,NA
ZBED5,NA,NA,NA,NA
ARPC4,NA,NA,NA,NA
AMOTL1,0.0113567072077841,229,0.459363340142562,0.637442961435571
TMEM243,0.081992361997807,80,0.0905582013188091,0.262905506129162
TERB1,0.011296526693518,250,0.421391379531172,0.607108666256675
MORF4L2,0.0181698639026664,88,0.663756053989263,0.787185624451228
ERN1,0.00725579211509336,238,0.632580061466611,0.765539686700756
CTNNA3,0.0066085525503079,197,0.730255070261194,0.830040115870536
PCYOX1,0.0596713260423352,236,0.00287433345695329,0.042517434271495
PPP1R9A,0.0134746566197297,248,0.343731437808485,0.539532116333358
SLC13A5,0.0320694576560751,232,0.0599688513161913,0.211862216466855
ESRP1,NA,NA,NA,NA
PPT1,0.00538735232452348,218,0.760435252312936,0.851494933484926
CTSO,0.0512580727676977,251,0.00505538287861019,0.0567772101781124
LSM14A,NA,NA,NA,NA
BLOC1S3,NA,NA,NA,NA
C11orf95,0.0274268081691114,224,0.106092697417707,0.283961133398127
IFT74,0.0272327192208288,222,0.110716954483682,0.290062998327781
CHRM4,NA,NA,NA,NA
CAPZB,0.0366017477548667,91,0.348456668292553,0.543894233922359
PRKD2,0.0423656622340964,222,0.02483650721973,0.131088999565057
BZW2,0.0181865390249605,96,0.630788424890143,0.764282274791012
SYNJ1,0.0184490934719047,270,0.1745410088811,0.372291791845535
TPRG1,0.00288017590526646,229,0.883342747942614,0.93069599915595
SPINK8,NA,NA,NA,NA
NPC2,0.133294874200447,77,0.0174895138707434,0.108603826746849
USP19,0.000741770413614219,258,0.979086780661818,0.986991391365278
IGF2,NA,NA,NA,NA
ODF2,0.0164924829883056,177,0.406875143706328,0.595970308251155
KCNIP1,NA,NA,NA,NA
PATL2,0.0241075928284753,259,0.101394467537218,0.278424873643734
RGS6,0.0173294419727623,221,0.282438151093562,0.483095929670643
TMCO3,0.0523508481516392,228,0.00779256880086564,0.0711952340371771
CLEC12A,0.0234017299640303,223,0.158050174756982,0.35311076979428
PLPP2,0.053224538165192,170,0.0293581450854321,0.144086834608117
PEX5,0.0196888419134477,198,0.274863545142891,0.477906090230698
ANKRD63,0.0148405228549121,191,0.420267312964628,0.605969036331654
HEMK1,0.0354673383813238,231,0.0428666037197509,0.177429010391533
MBD3,NA,NA,NA,NA
DENND4C,0.0107950408809468,258,0.427743853518234,0.612519194783925
SCRN1,0.00886781770145509,214,0.595794610410376,0.740152180860958
CKMT1A,NA,NA,NA,NA
TAAR9,0.030755255090874,173,0.151758856489658,0.34440498864082
TMEM68,NA,NA,NA,NA
LAMP2,0.0434607026324404,250,0.0127300474333205,0.093503259850341
GPAT2,0.0705425489484546,255,0.000457355502410948,0.0173877005334502
WDR73,0.0143994630781961,244,0.320882819955898,0.51882234289175
DLX3,0.0163425273927611,81,0.727376107595662,0.828684328324389
DCTN2,0.0234029542456268,185,0.230247430508444,0.432895080448116
GSPT1,0.00491554010064005,179,0.831464463338965,0.897570046201479
UBE3B,0.00757136534832162,222,0.642892355760837,0.772514109158414
XIAP,0.0428043611094658,229,0.0207260915550516,0.119344361012098
CFAP300,0.00228081144913999,207,0.925464126576382,0.955622836248315
CLK1,0.038891887040205,219,0.0370926637051806,0.163125747565325
ACVR1,NA,NA,NA,NA
RNF148,0.0513183711899296,212,0.0126922170870579,0.0934922364492593
C4orf45,0.00621003518056543,234,0.694569970761925,0.80785782170081
OPRM1,0.0177598198172061,229,0.256196068769624,0.459694721308809
KIF5C,NA,NA,NA,NA
UBE2J1,0.00444416923307151,174,0.85690433672458,0.914031292506219
CLDN4,NA,NA,NA,NA
INTS11,NA,NA,NA,NA
SLC22A5,0.0126065474398724,233,0.403378251205127,0.592962304633945
TMEM132C,0.0690831801630245,244,0.000781644946457636,0.0225226923938562
ABTB2,0.0504021900263191,202,0.0174860694764434,0.108603826746849
RPS24,NA,NA,NA,NA
LPAR4,NA,NA,NA,NA
C4B,0.00255256347163035,208,0.9126135050057,0.948509467849374
SLC25A17,NA,NA,NA,NA
ASXL2,0.015008213814862,256,0.280750273950748,0.482086489016682
VRK2,0.00826837734894292,257,0.548540708196606,0.70649310654317
NT5C3B,0.0379441905137976,206,0.0508169270215398,0.192735075207365
PDE1A,0.0168396747923361,218,0.30130549980589,0.501194878611888
NFE2,0.0454253601998775,209,0.0238858656987497,0.12841299516221
EXOSC6,NA,NA,NA,NA
MTMR10,0.0407491848853222,243,0.0197826628101455,0.116321326662056
PSMC2,NA,NA,NA,NA
FCHSD1,0.0046263863967396,244,0.771232683984033,0.858753231615723
CD36,0.0145724693227348,242,0.319213599065063,0.517528920428217
OXNAD1,0.0192617880483226,242,0.199960907044794,0.402322608550158
CHST15,0.0590679115785366,215,0.00548212119906032,0.0593709996524084
TC2N,0.0156908475429036,248,0.275209746449176,0.47813119688843
SLC22A23,0.0618374997801937,195,0.00739524557199288,0.0702599495302907
EFCC1,0.0488843276831698,171,0.0400150614240337,0.17084539802095
DNTTIP2,0.0573831073056737,225,0.0049636416572602,0.0561419891934114
PLEKHF1,0.0947849125500898,185,0.000573620024542688,0.0193270492925283
SFRP4,0.00742903185124246,199,0.688991492931048,0.804012795855766
FGF13,0.179766452035359,34,0.114951191315929,0.295701549707064
KYAT1,0.0476542769145382,244,0.00896958400545292,0.0770432761624463
ZNF683,0.0304799433459452,228,0.0745265673032682,0.236937184516831
AGBL3,0.00615291090297571,237,0.693371941845974,0.807054016756564
MRO,0.00283087617652012,171,0.922991195963258,0.953924845556119
ATXN1,0.0411981975846274,228,0.0249591951041823,0.13132986971741
CNGA3,0.0226346037139844,230,0.158855012071122,0.353640523289252
MSMP,NA,NA,NA,NA
ZNF385C,0.0123445161740948,232,0.415078641581321,0.601566116286675
RUNX1T1,NA,NA,NA,NA
C1GALT1,0.0173528048952759,179,0.378135680858965,0.571420981421426
TNIK,NA,NA,NA,NA
SESN1,0.018395790497647,171,0.372413715168322,0.56613285705225
TLR6,0.0138058439423461,192,0.451054386227375,0.630515713202925
NEIL2,0.035643725884538,224,0.0470870575026818,0.186331778099973
TEX48,0.0392679428551698,197,0.0527183822828907,0.197071123203668
GLYCTK,0.00655185784423821,243,0.662670771936903,0.786412127412262
VPS8,0.00577790529216855,233,0.719545285447946,0.823741910603599
HK1,0.0229931152288565,231,0.151855795098179,0.344502209898542
CASP1,0.00819364834496989,204,0.645121249858286,0.77416981420853
VEZT,0.0245521206149473,255,0.100665612234362,0.277625787011737
AJM1,0.0320730156725254,187,0.113296849027725,0.293562955583652
TENT4B,0.019561539455766,213,0.246017312107893,0.448893479513771
PTPN13,0.0315577271340033,274,0.0348686974154065,0.158150901097798
ERAP2,NA,NA,NA,NA
VPS53,0.0143884965598592,187,0.44427668419647,0.624744159205725
GCA,0.0617225134790249,211,0.00472010644761757,0.0547208805538166
C16orf90,0.0675878247118985,189,0.00531625657138554,0.0581301058800035
TMPRSS4,0.0465521691151351,235,0.0123175831785893,0.0922804349191256
NKIRAS1,0.0127254561797464,87,0.778428715312905,0.862993394692301
NEFM,0.0156311720652726,243,0.285899725485205,0.486014269057605
SULT1C2,0.0252947243478468,179,0.212070882683903,0.415592362188366
SPECC1L,0.053330645294347,194,0.0162342774072682,0.104900942191257
BNIP5,0.0286884473779264,250,0.0674641926370357,0.225340665466899
CDC45,0.039502170454492,228,0.0297329709231154,0.145185435299048
NELL2,0.0129921546226376,231,0.393448771272993,0.583855828523582
DEFB130B,NA,NA,NA,NA
IGFL1,0.0662290002307025,78,0.164645222004852,0.360817865159091
APEH,0.00810049205206047,237,0.590930966872275,0.737219642754863
RBFOX2,NA,NA,NA,NA
TTLL13P,0.0438984460058748,241,0.0145211557815232,0.0989999235218863
HRH1,0.0374180472156457,242,0.0290558273047537,0.143487792382064
ANXA11,0.0577879235945888,196,0.0103584659245347,0.0832832958436231
PDZD2,0.010818252801583,258,0.426754659434256,0.611743226167662
MSANTD1,0.0483332629606552,187,0.0294243126735376,0.144193412972213
DDX31,0.0572402309751917,276,0.00128135823856118,0.0279441413121835
SMIM19,NA,NA,NA,NA
SNRPB,0.0508089826839829,55,0.432854449807378,0.617200433581142
C11orf68,NA,NA,NA,NA
GSKIP,NA,NA,NA,NA
C4orf51,0.0327592756822383,178,0.121841666080518,0.305107247188651
CXCR6,0.00741402740176359,234,0.630844311109943,0.764282274791012
PAM,0.00249024592555266,255,0.888948383784473,0.934651504421426
LRCH3,0.0171274364073843,234,0.262470907511869,0.46557513622161
CARF,0.0250442655959105,251,0.0995770205533604,0.275698463862521
SLC12A3,0.0632537409678601,245,0.00148099468677655,0.0301309078766552
BDNF,0.0484657294832164,210,0.0174981164448309,0.108604293879808
GPATCH4,0.120080230573092,181,7.84602713800133e-05,0.00661768222712483
LYRM1,NA,NA,NA,NA
S1PR5,0.0437302773564982,204,0.030968278911346,0.14866641545982
EGR2,0.0178298919420989,190,0.338038603807919,0.535014248551964
ACOXL,0.0495804715562597,199,0.020188116370637,0.117673157938871
NSD1,0.0471276157243991,280,0.00432601543790634,0.0525225287103672
TRMT2A,0.0451765585159174,246,0.0113624531054125,0.0875981856843423
GNA13,NA,NA,NA,NA
DHFR,0.00589915757761251,176,0.793424252562213,0.872876106648991
ATP6AP1L,0.00742395499475685,225,0.645198458088524,0.774189519711272
DNAJB11,NA,NA,NA,NA
METTL11B,0.050418300446386,188,0.0241073443715993,0.128896363525058
CDC42SE1,NA,NA,NA,NA
SNAP91,0.0131629799621231,208,0.436039880656111,0.619366851940508
FGF16,0.0355892375041251,62,0.537694250685889,0.698640479160935
UNC80,0.0145156658646592,257,0.293807832164633,0.493819598418164
PISD,0.0510884904017741,217,0.0115375087002863,0.0884147772265835
UBA2,NA,NA,NA,NA
TMEM120A,0.00444509247043369,236,0.7904626031069,0.870764788981963
RPS18,NA,NA,NA,NA
DISC1,0.0175541870286135,255,0.215998113238792,0.419142237627718
ARL6IP4,0.0273256661144147,202,0.139090355691754,0.32908318225714
RABGEF1,NA,NA,NA,NA
MTMR11,0.0156694039249172,253,0.267058275684173,0.469981235196024
MRPL22,0.0345709519222244,211,0.0640594291664741,0.218495149936854
CCDC188,0.0431244443883721,218,0.0248909371542551,0.131207886121442
TMEM125,0.0427845481242164,199,0.0372116171791051,0.163479529628521
HERPUD1,0.0124086356341736,227,0.422784058349692,0.608633182676803
EIF4A2,0.0969923322864496,54,0.161786960580132,0.357294733821496
MOGAT3,0.0120913184662291,184,0.529448987327637,0.691914639559053
CRACR2A,0.0136144360356242,268,0.303663794684316,0.503313650325279
DIXDC1,0.0211398831438744,223,0.195703281595028,0.39777800740413
TDRKH,0.0271887017501875,244,0.0855423517450012,0.255204355077146
HTR3E,NA,NA,NA,NA
S100A13,NA,NA,NA,NA
PSD3,0.025560539616669,264,0.0812915896367741,0.248847680578281
PHACTR2,0.00176024310992906,246,0.933711926630473,0.960096487773753
BMPR1B,0.0301325296668724,172,0.160953729116192,0.356563641377098
SLC18A1,0.0212732535849937,254,0.14586080496709,0.338067918482414
RGS7,NA,NA,NA,NA
ESR1,0.0451876622084077,222,0.0186814676027668,0.112291164629072
EBF3,0.0405093875528659,91,0.302333297165472,0.502219495591425
AGBL1,0.00179222011298161,258,0.927457999579754,0.956600670768363
RFPL4B,0.146217280869862,174,1.33919884969572e-05,0.00298765486559754
LAMTOR4,0.0107298127365014,91,0.809554801756222,0.88365529269517
TBRG1,0.0216131071828507,226,0.182112191611826,0.381665438928455
USP46,NA,NA,NA,NA
FAM237A,0.0077305805419786,209,0.657586122515686,0.783297498724259
PRMT7,0.0141423397891367,263,0.295095988283155,0.494648921660209
PMS1,0.00151690652555591,265,0.940146766572088,0.963837392334916
PAK6,0.0156977288330045,239,0.29141160071535,0.49138331083155
RPF2,NA,NA,NA,NA
MICAL3,0.0760461470399224,270,0.000136507520995045,0.00910240726383714
HHATL,0.00509593898433264,224,0.768296382326707,0.856380148891195
MRGPRF,0.107464831605937,204,7.12633757076977e-05,0.00616268962657923
CNBP,0.0624193267050407,27,0.654208054185681,0.780660899288751
STXBP2,0.00961289798197848,208,0.574511908491808,0.725099957046048
KDM8,0.025259866583637,248,0.100535742331123,0.277491006379349
FAT1,0.0324107961977282,282,0.0278960780341867,0.140151656742959
LACC1,0.00218254127217323,238,0.91508292252257,0.949991530913551
BCL2L12,0.00372629066746723,221,0.844729356479102,0.906281954689397
SHISA6,NA,NA,NA,NA
TGFBI,0.00446006433295997,243,0.782064755156067,0.865622393562979
ABCB9,0.0112906309637409,227,0.466023242155604,0.642403416922821
C16orf91,0.0331416124237853,227,0.057815838465733,0.207303637021277
LRRC74B,0.041187170202122,199,0.0429134651089515,0.177499385597349
GMNC,0.0686596378072931,233,0.00117261165079473,0.0268944071594951
FDXR,0.0373121119976555,260,0.0216507931586734,0.121956878225946
GLT1D1,0.0277907081104859,237,0.087379619201406,0.257711163003567
ZNF410,0.00268226640945539,209,0.905996269560666,0.944020984138481
DOCK9,0.013791912459428,253,0.323945514224762,0.521127961243725
CCPG1,0.0374580182920283,241,0.0294251476377811,0.144193412972213
SLC48A1,NA,NA,NA,NA
NLE1,0.01394679307709,201,0.425254675631157,0.610631395222828
ITGA6,0.0417459795621068,253,0.0146259259760923,0.0992518763183423
PAQR8,NA,NA,NA,NA
TBC1D9,0.0219656398340398,223,0.181076873701504,0.380208264009238
POLG,0.0108482915805631,266,0.411334499388151,0.598793299123279
ELP2,0.0375541877159221,260,0.0210396116539946,0.120107796515139
GCNT1,0.054981779122002,232,0.00533043777005042,0.0581301058800035
ZNF839,0.0177121909616562,232,0.25175010476989,0.454869720274071
RAF1,NA,NA,NA,NA
MSLNL,0.000466252455037394,238,0.990548049239493,0.994530544352714
APOBEC3H,NA,NA,NA,NA
FEZF1,0.0649029721213512,204,0.00427243840119381,0.0521704462872525
CA10,0.153662233662234,36,0.146109213055143,0.338249775838585
PTPRC,0.0105738522116366,278,0.402708796230715,0.592330835484899
DCC,0.0515858028099517,224,0.00929216225982146,0.0783741579742292
LAX1,0.0290122911371473,251,0.0642543170836428,0.218570176977655
NRBP2,0.00547031566642331,175,0.812904186208731,0.886015587969807
NOL8,0.00698123149553021,251,0.626908236708469,0.76178831244338
MEIKIN,0.0763133522299086,242,0.00036518709518779,0.0145800089163376
DNAJB14,0.0242453508683142,174,0.24121856454472,0.443957418928637
UBA52,NA,NA,NA,NA
MYO1A,0.0211583798643284,272,0.1252980617793,0.310405779969103
CLNK,0.00526607395892839,254,0.721473831248448,0.825346507311495
WASHC1,0.0320810211579092,215,0.0763160228544275,0.239666114908991
OXR1,0.0201903298781262,251,0.16834589612785,0.364387038253621
A3GALT2,0.00842545597095228,214,0.616105921119761,0.754524446526835
RPSA,0.0517234625930278,73,0.2928401443135,0.493074045211096
METTL6,0.0391603010247572,205,0.0462457915461946,0.18492508669775
CISH,0.0153111663596633,210,0.361800161949716,0.555195509618585
RBM6,0.0467810653434257,225,0.0149043142687197,0.100063967594314
ZNF516,0.0840354268412536,239,0.000169707480874497,0.0100999741888673
ZNF276,0.0202533346664234,242,0.180717075423112,0.379805266851537
FAM131B,NA,NA,NA,NA
CCDC141,0.0385796979538257,289,0.0111407934540377,0.0865177716040391
CROCC2,0.000660191439305531,254,0.982727839339963,0.989721790434428
NECAP2,0.0848755928417441,220,0.000332653178637708,0.0139508385023829
RMND1,0.00908179915569614,253,0.514705788785726,0.680221326758847
DDC,0.016542937525258,244,0.259319667225678,0.462038245562173
RECQL,0.00391714747674977,238,0.818578096240239,0.889687778911792
TAMM41,0.0336181332023325,185,0.102915230211676,0.280189904227427
TDRD5,0.0122618790586896,263,0.359991738699805,0.553325462717925
ADIPOQ,0.000840140880497875,211,0.981301559912636,0.988676265093532
SH2D5,0.00520867099889195,234,0.749739478772179,0.843821315097426
AP1M1,0.0377754007214022,76,0.418071047112017,0.6043760336003
TMEM238,0.0318155334668838,178,0.130990162306509,0.318286615460131
ZFAND2B,0.017677670515415,190,0.341965914688209,0.538153699427781
POM121L2,NA,NA,NA,NA
CCDC122,0.0134255782417644,223,0.394644831109654,0.584857533296993
KIAA0040,0.00785664533759325,183,0.69853900866976,0.811288784827472
DTNA,0.00565067633322977,185,0.791641043444212,0.871797693843968
OGDH,0.00808478448536449,175,0.703952673660297,0.814312559047093
RIF1,0.0244051918159517,272,0.0852806871134651,0.254884007449325
INTS2,0.0288564098751716,208,0.112917627771319,0.293165395062618
RELL2,0.0286555384153166,220,0.0989466405486579,0.27490933988388
KCNK2,NA,NA,NA,NA
GPR146,0.0197435422705328,210,0.248134686624318,0.451495198099221
SLC13A2,0.0617082404991297,282,0.000601586279670125,0.0196792526018781
RNF224,0.0666428076233945,203,0.00373719463141958,0.0481263001271585
RPP14,NA,NA,NA,NA
PATE3,0.059190218756991,199,0.00840785060512533,0.0743627675742196
SHANK3,0.113900921872945,216,1.97481726782508e-05,0.00330894824769239
CLDN34,0.0248429566289388,178,0.221644844221704,0.424961805795948
MTMR1,0.0389164949374535,220,0.0363581791803171,0.161119613792804
GRB7,0.00366253586263564,227,0.84282278346371,0.905216970131564
ADAM8,0.0208719724973454,270,0.131944944267872,0.319477340341372
CLDN9,NA,NA,NA,NA
JMJD6,NA,NA,NA,NA
MSR1,0.0485433472910827,244,0.00811554670973728,0.0729425567362131
BANF1,NA,NA,NA,NA
CCDC81,0.0403156735873278,256,0.0163262929428676,0.105190245791604
MXRA8,0.00923357726561066,214,0.57933605826122,0.728661271777098
FAM133B,NA,NA,NA,NA
CCDC124,NA,NA,NA,NA
BCAP29,0.00476468208897221,218,0.793041210071388,0.87273592426071
MAMDC4,0.0196375385980098,273,0.148437783700201,0.340735272108591
CARNS1,0.00386995860366923,257,0.803499993254453,0.879347308795949
VPS52,NA,NA,NA,NA
CHRM2,0.0329153123035784,174,0.127465606761829,0.313367907304887
UGP2,NA,NA,NA,NA
STPG4,0.0179507444573525,244,0.224931932495676,0.427944903595067
INPP5D,0.0213439518455354,240,0.164534692521312,0.360712514174437
MAPKAPK3,0.0280590987116343,190,0.150896849073267,0.343229212856054
SERPINI1,0.0166999007696093,207,0.328603909350844,0.525502183512349
DCTN4,NA,NA,NA,NA
ZDHHC13,0.0448190446026233,244,0.0123299619213236,0.0923188683303808
DCT,0.0112224670035389,251,0.422576134304897,0.60847141283292
ZNF300,0.00794528649761675,170,0.719006749414447,0.823347415981154
MUSTN1,NA,NA,NA,NA
ANKUB1,0.0122875799100168,243,0.39571435329124,0.585752906034082
FNBP1,0.046783352248735,197,0.0271196906832626,0.138172133347892
DCAF11,0.0243354641699221,201,0.181791994979177,0.38111981037939
SMG1,0.013111836801699,237,0.377299290658569,0.570605643733334
CAMSAP3,0.0545014019686759,252,0.00337496068213281,0.0462557595862662
FKBP15,0.0137782477962636,274,0.288400722753252,0.488658094468916
PRRT4,0.00404036179506972,257,0.792945270304532,0.872705752039278
IFTAP,0.0336916333233153,226,0.0555228269092757,0.202618545420211
PRPSAP1,NA,NA,NA,NA
TAS2R39,0.0325897661751622,174,0.130612092081633,0.317881827775975
IL5RA,0.000636732630979315,252,0.983799154346917,0.990565738774791
MOGAT1,0.0318887710477859,203,0.0919970871613925,0.264905019689689
CNTN6,0.0307971232699226,257,0.0484695257698163,0.18808893363936
TBC1D5,0.0132575730518005,243,0.360606145531027,0.553801985949976
LRRC34,0.0564649952252541,254,0.0025410339264586,0.0397575037928461
SLC4A10,0.0227159790576113,174,0.269137782551226,0.472023368122581
CDK12,0.0219558875892017,239,0.156010207990593,0.349850383929345
HYAL2,0.00796597274811394,228,0.613135683982076,0.752084760781636
PIK3R5,0.0346515330800669,234,0.0445107084044171,0.181230301227192
TMEM176B,0.0134998916380935,242,0.35417088550441,0.548415853833941
SENP6,0.0150259917615091,243,0.303511179134221,0.503126171736748
SERPINE2,0.0228936299456857,210,0.18825310427217,0.388903736579134
C7orf25,0.0130971140032062,213,0.427368436246012,0.612267721340965
CCDC173,0.031078810623026,258,0.0462758560032396,0.184987226006673
PACS2,0.0545282933514458,207,0.0105312580864211,0.0835676654134949
PTX4,0.00411918445099474,207,0.837822198970295,0.901609751718512
GSG1L,NA,NA,NA,NA
PROM1,0.0889709204500147,275,2.08279367019029e-05,0.00330894824769239
CYB561A3,0.0243797413298231,246,0.112929446307883,0.293165395062618
CHD9,0.00644660253335845,268,0.632221391014495,0.765262130517888
SS18L2,0.0386477494875351,73,0.426365998128884,0.611616854027459
TTC39A,0.0380602195790552,221,0.0388958977044596,0.167622786512079
TECPR1,0.0278979981624539,272,0.0560277232221358,0.203724290418904
PNCK,0.00772106235988905,205,0.665049559780564,0.787812190588963
GDI1,0.108255868919973,81,0.0341629222703405,0.156905509569079
GPR141,0.0197279010897559,227,0.216021486164285,0.419142237627718
KASH5,0.0214870332920079,258,0.137318747577203,0.326874916523105
OSBPL9,NA,NA,NA,NA
OTUD4,0.044177313416723,260,0.00956121080610949,0.0792783729339912
PNPT1,0.024360323845924,243,0.116821881395812,0.298256145078368
GRIA1,0.0100099972480493,179,0.618907922632344,0.756396823975197
CALCOCO2,0.0140024635161013,248,0.326170272856488,0.52305522476709
TAF1D,0.0180008524877033,206,0.296921680341918,0.497219939661462
SHC1,0.038304909742095,212,0.0443403676840515,0.18076225981727
WWC2,0.0442164638602684,260,0.00951647972147814,0.0791651768339292
SMARCD2,NA,NA,NA,NA
LRRC69,0.0514023773517516,243,0.00602005775508354,0.0625948633539189
CDK3,0.00204319017135416,196,0.940568262288599,0.963916000272938
SLC22A14,0.00735556217933482,235,0.632230538419379,0.765262130517888
ARSG,0.00625732126905822,259,0.656131654810883,0.782150201766324
TBC1D14,0.0174093993271485,235,0.253604602932446,0.456691069924293
KAT8,0.0350051253935641,195,0.0788664261380887,0.244005905905742
CHTF8,NA,NA,NA,NA
WDR27,0.0358729759039275,221,0.0482960919000038,0.187822643679559
MOGS,0.0195753037548774,244,0.190496647200992,0.391632816586252
IFNE,0.0442897090414114,198,0.0331785802457366,0.154332504751534
CLMP,0.00823349161994186,198,0.654412304838575,0.780704491465759
BBIP1,NA,NA,NA,NA
WBP1L,0.00536982683683751,196,0.789853268244704,0.870431013616384
CHCHD3,0.0251097770369641,181,0.210534509870077,0.413868708475344
TESPA1,0.0411776882903466,242,0.019224892243322,0.114042024970167
ASCL5,0.0135288959889425,197,0.44850414938694,0.628399213046432
SKIDA1,0.0433759318645087,196,0.037431240299218,0.163913892045601
BBC3,NA,NA,NA,NA
C3orf18,0.0219129476633833,192,0.242130410930127,0.44468427473993
PMEL,0.0224063006075207,259,0.122774311970257,0.306538646785569
TNF,0.067734183116358,197,0.00407640207020845,0.050650787088951
NAPRT,0.0131557438309705,249,0.352878591057617,0.547679958044092
CFAP97D1,0.0186157062845099,185,0.330581811198849,0.527737521613004
FAM200A,NA,NA,NA,NA
CLEC18A,0.0297698730039535,238,0.0701509281869651,0.230090708573059
C11orf94,NA,NA,NA,NA
B3GNT9,0.00478890028490352,235,0.772102989734293,0.859421751202234
LPIN1,0.0550101447285173,246,0.00370997522799863,0.0479211404703757
PTH1R,0.0230991941700041,203,0.19794973649908,0.400172673659092
TMEM120B,0.00753710302478611,187,0.705089148659322,0.814883429884313
EOMES,0.0232628540410704,193,0.215300839907903,0.418572965511686
MST1,0.0253139050095487,261,0.0864987753241155,0.256674837494859
PLEKHA8,0.000736991508499035,213,0.98432343647019,0.990780311932691
IMPA1,0.00858323082849335,183,0.668002626486858,0.790015920785275
TRIM10,0.0135786722210775,240,0.355328335859696,0.549673470850126
ACOD1,0.0454605593193649,246,0.0110034166252594,0.0858698003304556
QPRT,0.0192570246898826,203,0.273598861950042,0.476461363564569
RAPGEF3,0.00303929909434651,245,0.86338089428064,0.91725000036809
NBEAL1,0.0314243438431995,270,0.0375185068014841,0.164035599939479
CHID1,0.0576802795017339,212,0.00682122322110444,0.0673450379410745
KDM1B,0.00451696690977173,225,0.798396593065122,0.876282231064925
ILF3,0.0792560587439822,172,0.0035816340836712,0.0474143798542187
ZBTB43,NA,NA,NA,NA
ITIH3,0.0421695605320743,272,0.00962319209782572,0.0796885400246478
ARL13A,0.0390596868593186,196,0.0546360348353662,0.200901521942116
NBEAL2,0.0268526210301812,284,0.0550613644871483,0.201627814292214
WEE1,0.0693903015207212,201,0.00307592088774502,0.0441656464783773
TRIM32,0.0577866758184815,171,0.020125437531443,0.117461089990699
CDH17,0.0155522747464815,280,0.227100554092874,0.429706233386843
LSM5,0.352282051282052,25,0.0374910658711796,0.163996971961855
BTBD19,0.00350736838653006,201,0.872857270629383,0.923703817128664
COMMD5,0.0188238063267601,178,0.343239255720631,0.539424378190764
LANCL1,0.00602149408843067,214,0.7332741443541,0.831356396916503
MINDY2,0.0225855915728659,220,0.175775967166839,0.373799084627961
RAB11FIP3,0.0253715317341532,188,0.191492953932558,0.392690744608895
TCEA3,0.00407040373792943,197,0.849993379147723,0.909248754982816
GJE1,NA,NA,NA,NA
CDK15,0.00852034651504194,229,0.584397130363078,0.732350866112778
FETUB,0.0175673810122079,245,0.232148743688215,0.43499284972975
REPS1,0.0198506987707848,200,0.266882288677382,0.46990822109498
ADCYAP1,0.0148791132960563,182,0.441397828780254,0.62315498049411
EFCAB3,0.0155139625870159,254,0.269673879736243,0.472625090452841
ELAPOR2,0.024746204803352,241,0.114611569688501,0.295305068086739
ATCAY,0.00230672465339996,178,0.938524645973638,0.962953351360394
STRC,0.00896199452435209,265,0.500001378007546,0.669190579056757
SMIM34A,0.0389905084210488,212,0.0415460725955633,0.174573005799107
USP40,0.0150907458009872,253,0.283552717207014,0.484087772134676
SEMA5B,0.00385132635657646,248,0.81303895859007,0.886015587969807
POLDIP3,0.019174745360418,210,0.260653058228131,0.463447905848594
LRRN3,0.00395671134672521,241,0.813442040342011,0.886379006313813
TK2,0.00340900718755934,211,0.869459892740518,0.921561926722939
ZNF219,0.00851401342649675,223,0.595524740380791,0.740096204496721
TEX22,0.0227479558597119,178,0.258628744778073,0.461498360029033
EIF2B4,0.0108434873001487,227,0.484279795982491,0.658599837867913
CCN1,0.020548083979196,194,0.265183036791041,0.468298829252731
TMEM151B,NA,NA,NA,NA
B3GALT4,0.0174664807031859,206,0.310454444685802,0.509131230170497
ZNF692,0.053621450248928,246,0.00434899181085212,0.0525477068906079
PPM1N,NA,NA,NA,NA
DCUN1D4,NA,NA,NA,NA
NOL7,0.068932900054117,206,0.00273184179604231,0.0414978131920014
ARFIP1,NA,NA,NA,NA
INTS12,0.012425738194067,212,0.453675180413629,0.632181010639604
PPP6C,NA,NA,NA,NA
MTFR2,0.0305476227936827,241,0.0620516728454171,0.21561059370534
ASB15,0.000219587625608263,235,0.996949510382802,0.997889733121296
TMEM159,0.0186916489634033,200,0.293372953116849,0.493579647410329
SOX5,NA,NA,NA,NA
PENK,0.0731519542422056,204,0.00194956669418812,0.0345817289932868
NEURL3,0.019745353028715,220,0.228514474220502,0.431355063345408
OSGIN2,0.0441098882616468,210,0.0265169125221492,0.136429277135885
PPP1R3E,NA,NA,NA,NA
SRSF12,0.0945202587112961,98,0.0271329103530356,0.138172133347892
DSE,0.0176572544405159,233,0.251232414149407,0.454539455507498
MAPK9,0.0212941191842545,84,0.622052016990742,0.758419920390015
ZBED9,NA,NA,NA,NA
FAM25G,NA,NA,NA,NA
GLI2,0.05242785371569,258,0.00371609707329644,0.0479515829032456
DYTN,0.059662837862239,245,0.00223639487925473,0.0372419537158017
TMPRSS7,0.0172516142437583,258,0.218284100501504,0.421349849043217
NCOA2,0.0204303210964863,225,0.20557668063955,0.408778236475458
TGM7,0.0334361147474651,262,0.0331522564271012,0.154288951369018
MYBPC1,0.0153756405476857,255,0.271860657278503,0.474695663622986
DDX46,NA,NA,NA,NA
SLC35A2,0.0108557683645621,196,0.548506421206263,0.70649310654317
KCNMB2,NA,NA,NA,NA
ZC3H18,0.0555561813182414,234,0.00475797736851346,0.0549189274456661
SLFN12,0.045482894143419,84,0.286798056141577,0.487151246068168
BZW1,0.00593231067339197,88,0.91533789735302,0.950087919734605
WT1,0.0475027946928116,189,0.0302289932599726,0.146275250060415
CCM2L,0.0154913599530987,195,0.390805074377918,0.581945521107746
RAPH1,0.0143885618159874,210,0.390514960658473,0.581849314175041
PIGG,0.0789223203431713,239,0.000303072868908021,0.0130161752197574
SLC4A8,0.018825650760189,203,0.283562766780759,0.484087772134676
CLDN25,0.0313023855529473,212,0.0856196978832939,0.255268431065464
FASTKD1,0.020869902467817,262,0.141840471859198,0.33311455828854
TRIM26,0.0608613992548165,188,0.00983399923877297,0.0804921685764862
URGCP,0.0548949639586056,227,0.00611347952847706,0.0629625644513751
UNC5C,0.0283763416633185,193,0.141766348875037,0.333063312907669
TMEM67,0.0520859647112952,250,0.00470323772408745,0.0547208805538166
RAB34,0.0167959437169119,184,0.380407443483967,0.573723272231787
TRA2B,NA,NA,NA,NA
MARCHF8,0.0585210328217323,232,0.00363975678100075,0.047628970805839
CEP170B,0.051927019902291,252,0.00456432947555661,0.0539251393327356
TENT2,0.0296327852291115,174,0.16276707168373,0.358588725992732
HEPACAM2,0.0260497967708466,208,0.14522357316813,0.337471949018
TCF3,0.0184662209194127,243,0.215087897791137,0.418286679839353
MECP2,NA,NA,NA,NA
SLC12A5,0.0364053076030503,191,0.0745905686846658,0.237006313758438
ATXN7L3,0.0157569331043717,82,0.734765663423028,0.83251870124965
C2CD4D,0.0536138354150804,220,0.00832349643610409,0.0738089984141062
BTNL2,0.023634659111219,206,0.183497082407884,0.383369232537207
FGF12,NA,NA,NA,NA
DGKZ,0.00282153499549292,263,0.86393724226496,0.917613603326372
TNRC6B,0.0147324230804459,222,0.353832733131675,0.548225509630781
SLC39A5,0.0289437382667299,252,0.0639176762362998,0.218190677778535
GTSE1,0.00916732002587825,244,0.526521023705154,0.689352228666952
PRMT1,NA,NA,NA,NA
SLC4A7,0.0123707559532783,233,0.412103447943278,0.599194527255042
RFC5,0.0466607106119937,173,0.0454847201605351,0.183158664777871
CNOT10,0.0265094575065741,219,0.122868333518711,0.306616621072548
TMEM169,0.00482704897043344,192,0.820123846035513,0.890648521226724
GAS2,NA,NA,NA,NA
USP41,0.0187470496612626,204,0.283229499125337,0.48392955471697
HS3ST6,0.0282490037954215,176,0.175975744593129,0.374041464496096
MALRD1,0.0773511224450162,244,0.000301230990636038,0.0130161752197574
LTA,0.0553138606301093,202,0.0111041801337428,0.0864442776181836
GABRR1,0.0781097848743282,196,0.00162920200144508,0.0315929890374339
NAALADL2,0.0182529243488042,265,0.185558814169944,0.385781078483539
GPR42,NA,NA,NA,NA
EPS15L1,0.0453851930949297,191,0.034743923854077,0.157768643378335
COG6,0.0206957727766771,213,0.222546873367041,0.425619381965164
CHTF18,0.0178082030103865,269,0.189226268603986,0.390028444236991
TARS1,0.00848525217028148,229,0.586083141372625,0.734030375506121
SACS,0.0632817113258945,246,0.00143286923334146,0.0296209062031858
ANAPC7,NA,NA,NA,NA
SLC23A3,0.0194177981598385,259,0.171081534008972,0.368221120609229
PPP2R2D,NA,NA,NA,NA
RUSC2,0.00740735042302755,262,0.586361390602072,0.734051196315983
PRSS48,0.0211457626513112,201,0.237759323410199,0.440510625574881
CLEC2A,0.0372411556101268,94,0.325536524360067,0.522565310593625
IFFO2,NA,NA,NA,NA
GTF2IRD1,0.0324654662598733,230,0.0592631020547595,0.210243695757498
GLRA1,0.0216366779288123,90,0.587977769644389,0.734885659881348
TMEM232,0.0390328839657604,251,0.0207372072016153,0.119344361012098
NDUFS1,0.00679227872905636,211,0.699363272343371,0.811755175529913
SLC30A8,0.0118974518452892,231,0.434074556058716,0.618178860110009
TANGO2,0.0322420676246023,190,0.107137072797107,0.285675716032472
TRRAP,0.0187679008563448,210,0.2699562218538,0.472794615171891
DEPDC1,0.0293083149613768,253,0.06056932034095,0.212959511678436
CATSPER4,0.0448340743559265,264,0.00813313622504012,0.073049099409105
TM2D2,NA,NA,NA,NA
CAND2,0.072356324779345,236,0.000705493013597274,0.0213424204778501
GH2,NA,NA,NA,NA
CAPN5,0.00992849992932319,234,0.509970043179417,0.677053942451064
SYTL5,0.0261565040948956,252,0.0871231728858717,0.257437615184071
PAPSS2,0.0261243157934318,228,0.11505498606855,0.295729627158235
GOLGA3,0.0345067503308398,261,0.0296687847279229,0.145052453855979
STK11IP,0.00307205145884841,272,0.841672472313437,0.904557696686742
TMED7,NA,NA,NA,NA
TSGA13,0.019158253087189,256,0.180387127162045,0.379805266851537
BHMG1,0.0230545511117234,250,0.124936604636989,0.30999271316125
PDCD6IP,0.00770160469211767,193,0.687193135985457,0.802613495269392
GRID2IP,0.0377747223925172,228,0.0355113868080751,0.15913899450656
SATB2,NA,NA,NA,NA
MUC1,NA,NA,NA,NA
DHX57,0.0125698012391743,252,0.368336135343643,0.56140845138064
CAPNS2,0.0320193892234806,201,0.093531388720964,0.267148635736757
TMX1,0.0235374631727966,200,0.19645719218956,0.398610610120477
TMED4,0.0364791484792756,176,0.0943574187632997,0.268244661912809
FGFR2,0.00486694568158098,183,0.828857003784658,0.895952935250397
CEP44,0.0404137952409862,242,0.0209132077093412,0.119770463189241
MYO16,0.0258857786462268,272,0.0714197479561195,0.231880619218075
MAPKBP1,0.0222455121634273,276,0.106030717466919,0.283961133398127
SAMD3,0.0268742912045364,246,0.086400307511775,0.256502171671321
TEX264,0.025588975136854,220,0.132549738712004,0.32039352291442
DHX30,0.0308159575379846,203,0.101169941765686,0.27828337891789
IGF2BP2,NA,NA,NA,NA
NLGN1,NA,NA,NA,NA
PLS1,0.0104990429618397,207,0.539312161817713,0.69960070206869
SMARCAD1,0.0323732611851059,214,0.075304035480619,0.238205344247496
BCKDHA,0.0434597080392545,216,0.0250520371181689,0.131496091800558
MID1IP1,NA,NA,NA,NA
OSR2,0.00908009088754625,226,0.563525831564996,0.716202473886018
TBL1XR1,0.00161498198269275,57,0.992959561471273,0.996009527833199
SNX27,0.0108305725509061,94,0.799499310755086,0.876812470660189
CNEP1R1,NA,NA,NA,NA
SULF1,0.0237175531693187,238,0.131574535203391,0.319039278601251
LMNTD1,0.0446598954322088,250,0.0110927683440239,0.08640825543088
CDKN2AIPNL,0.00386675324851835,80,0.958995795946985,0.975132339471869
JAK3,0.0489208494586005,209,0.0171314561586156,0.107593939384886
NOSTRIN,0.00260592044240442,256,0.88151813795251,0.930158658240527
CFAP97,0.031857416080562,251,0.0467541737970273,0.185617567792687
CLSTN2,0.0118233595297644,242,0.415427423857438,0.601852311483146
LRRD1,0.00370490290503572,246,0.82356894281323,0.892602676850421
TRAPPC2,0.0167140824165719,88,0.692897954309495,0.806748241215369
TMEM64,0.0484853159582224,186,0.0296953413828013,0.145126580142501
LMOD2,0.0208071079517468,232,0.18653161201176,0.387100364696146
UBE2L3,0.0359176751115259,179,0.09396490936754,0.267666536726681
EXD1,0.0211557884923147,252,0.150448170216191,0.342763200936256
BCAP31,0.0667973733497822,216,0.002452265042378,0.0391379042352459
SCFD1,NA,NA,NA,NA
CD28,0.0229417331491745,208,0.191131599534294,0.392368157909216
MYO7A,0.00622767991976844,240,0.684946596192014,0.800899251658907
DDX39B,0.0555750555750551,36,0.583873558691412,0.731838760308417
ARMH1,0.0332868473313536,242,0.0455565482834996,0.18323976912194
TSC22D1,0.0023910897483508,269,0.887029064304602,0.93380741965477
PRICKLE4,0.0078372334632233,246,0.589150002569198,0.735989645190908
ZNF575,0.00189735840762117,189,0.949033898401151,0.96888943727752
CDS2,NA,NA,NA,NA
SHROOM4,0.0563305498467506,246,0.00318895153333356,0.0451273086040258
BAP1,0.000494875096774529,205,0.991722632153755,0.995084788975417
DRD3,0.065139924707047,218,0.00272657154093748,0.0414881901378492
EHMT1,0.0776384414082818,245,0.000280815023884356,0.0126376683540323
KCNIP2,0.0626730072279695,97,0.110804966081675,0.290134055924386
RNF112,0.0879526353964765,202,0.000512373123213336,0.0183342813484033
HTD2,0.0349405075703939,208,0.0648397328703759,0.219859084689758
POR,0.0168453862613589,240,0.258665192156608,0.461498360029033
C3orf14,0.0411527028073113,188,0.0527410685621469,0.197098077819103
TFR2,0.0199156689829351,251,0.173347452608762,0.370578749279477
TKT,0.0705752535805263,225,0.00124102994278693,0.0276601403439483
RPS27L,NA,NA,NA,NA
YIPF6,NA,NA,NA,NA
BORCS8,NA,NA,NA,NA
ADCY5,0.00805312731346896,210,0.640696760719023,0.770698677444861
CGGBP1,0.320785494698538,22,0.0344499513286548,0.157485491788136
CYP2E1,0.00137752766525899,220,0.95971248019634,0.975490674204356
PRAP1,NA,NA,NA,NA
ARL6,0.0112175633922311,89,0.80436230747488,0.879948320563483
PLCD1,0.021059409909931,250,0.154791436137079,0.348123561829745
LYRM4,0.0161274283896233,85,0.716185850785206,0.821446595425106
ROBO1,0.0207100141937877,231,0.189972691288496,0.390926836722507
PIGP,0.00860010024764446,191,0.651701063348859,0.779129086334248
GPR156,0.0395959452370369,274,0.0128007297907904,0.093503259850341
PARP15,NA,NA,NA,NA
B3GNT10,0.0234029558867174,220,0.162852320405412,0.358673300021592
RAB9A,0.11308782899875,97,0.0125280837755283,0.0929281741206343
ZC3HAV1,0.0272604484076437,262,0.0683219681012797,0.227074265589222
NAA10,NA,NA,NA,NA
TTC26,NA,NA,NA,NA
PGAP2,0.0426632066402659,183,0.051133299739382,0.193396386063095
MRPS22,0.0365141264830739,249,0.0285619688085609,0.142043579941336
ANP32A,NA,NA,NA,NA
CCNJ,NA,NA,NA,NA
CNIH4,0.0296305868293422,93,0.435824576369898,0.619236423572531
RTL9,0.00195990161305008,251,0.92108818742482,0.952576464071661
MINDY4B,0.0434771759031548,260,0.0103970880996647,0.0833337407409245
STIM2,0.00861208351621485,201,0.631961603295107,0.765154765620923
RAB42,0.0249121262876203,204,0.167659022172922,0.363484049035232
CDNF,0.00828896089363156,204,0.640795940138636,0.770722173350238
SSBP1,NA,NA,NA,NA
TBC1D2,0.0241139480174194,244,0.118639805135838,0.301055301496319
WWTR1,0.0121166099660246,174,0.552687273294037,0.708599411608085
RASA4B,0.00218876767967876,255,0.906438969258802,0.944327747442135
DNAJC24,0.0101085707040158,179,0.615081706981573,0.753613104941551
PCCB,0.0324336983428331,208,0.0816024392325407,0.249306933616775
MLF1,0.0332576752953218,230,0.0546514572178935,0.200901521942116
CPA5,0.017343835918753,246,0.235778052570629,0.438503107117339
RWDD1,NA,NA,NA,NA
SRPRB,0.00578943313095025,200,0.764514784743454,0.854335377598722
CREG1,0.0151178234056862,204,0.381120929820116,0.57402509013588
MALSU1,0.00710045205263611,215,0.67777785885985,0.796693937280946
CMC1,NA,NA,NA,NA
HELZ2,0.0542166823083251,229,0.00624232607142626,0.0638572408399075
PEX5L,NA,NA,NA,NA
GPR143,0.0990323425283738,225,5.97476157474155e-05,0.00574772587486511
SSR3,NA,NA,NA,NA
CALML4,0.00819429260572754,212,0.630506736081668,0.764133301468296
BRD9,0.035832479727615,187,0.0833834099987669,0.251782655382024
RAB23,NA,NA,NA,NA
HBP1,0.00329122552274948,172,0.904893191508016,0.943411893176661
KIF12,0.04653337394546,264,0.00660993910718354,0.0663913126727836
KLF8,0.0758934037786148,174,0.00436464153712061,0.0526402221749698
DBNL,0.0561563111413439,222,0.00610131609325907,0.0629201309827915
ZBTB8OS,NA,NA,NA,NA
PPIA,0.0104523132963803,91,0.815594506416233,0.887478047045756
ARMC8,0.0736310866098306,82,0.113369071734466,0.293562955583652
EIF1,NA,NA,NA,NA
PUS7,0.0250519739563257,230,0.125136201944909,0.310125446189991
BPNT1,NA,NA,NA,NA
SLC12A8,0.0859451877684699,250,8.6926999734105e-05,0.00691938917883475
KLHL13,NA,NA,NA,NA
HFE,0.00326612060365219,239,0.854879757465355,0.912959956972585
KLC3,0.00355415149984214,248,0.830763428103148,0.897193506344585
GOLIM4,0.00748878230291651,270,0.569406267923457,0.720440912802816
LRRC75A,0.0257252183239771,174,0.216751685366858,0.420111012757921
C1orf52,NA,NA,NA,NA
SELENOT,0.0404939406549894,89,0.312623501188237,0.510785492127439
ABI3BP,0.00766461321414331,253,0.586748826108768,0.73407004413765
MFN1,0.0173824678018996,227,0.269295970611556,0.472222701598345
SLC45A1,0.0316129856774805,231,0.0637441633767376,0.218076796773613
MYSM1,0.042980162487187,251,0.0131875338310323,0.0949442797467653
TAF6,0.0775426747549788,226,0.000571806572992175,0.0193270492925283
C16orf89,0.0540538789940891,231,0.00603964088627796,0.0626167641074086
NMD3,0.00254310008678212,208,0.913049492105621,0.948576419892095
TMEM44,0.0295355892936897,238,0.071899855050595,0.23241536901634
COMMD2,NA,NA,NA,NA
U2SURP,NA,NA,NA,NA
UBN2,0.0113621677693591,246,0.426185074134803,0.611455796347961
WNT5A,0.030520473015747,91,0.432325493375659,0.616722388399686
IDH3B,NA,NA,NA,NA
MED12L,0.0204191899211841,235,0.188786531712969,0.389563394020799
FAM107A,NA,NA,NA,NA
SSR1,NA,NA,NA,NA
ATPAF2,0.0162584846947326,227,0.2988352706992,0.498881374705073
PARP14,0.00724294723008213,261,0.597006335446628,0.740862582894695
NSUN4,0.00961357460262655,209,0.572484848534172,0.723330062592383
LMF2,0.0190481184295117,253,0.187031770837284,0.387575111191611
PTPRG,0.0445410575815827,243,0.012983329901016,0.0940827875078168
SPATA6L,0.0143874857484833,252,0.306616301510918,0.506045386315347
ZNF398,0.0295899838086588,219,0.0916305464363671,0.26454244373469
VAPB,NA,NA,NA,NA
PURG,NA,NA,NA,NA
SUPT20H,0.000492523404573192,209,0.991542424708386,0.995083511944809
TMEM14B,NA,NA,NA,NA
NSFL1C,NA,NA,NA,NA
NDUFB2,0.0128894846601674,187,0.494110571317088,0.664873575206855
SMIM29,0.0299057218482021,87,0.46243855022699,0.63982806905931
MRPS14,NA,NA,NA,NA
CCDC39,0.0558176277347999,270,0.00180392453272933,0.0330652443146251
MRPL47,0.0226247735516242,218,0.178539458815808,0.377657955070276
ALG2,0.00657225860649271,213,0.70710158064975,0.815591953569159
TRPC1,NA,NA,NA,NA
CAMKV,0.0180225322495066,214,0.279405254430677,0.481361901364009
ST6GALNAC5,0.0303983347707775,192,0.121435500808329,0.304869414211487
FAM162A,0.0214543880760933,219,0.197030590968076,0.399074682978596
TAFA1,0.0503713340922643,43,0.548764029434667,0.706512794768295
DCUN1D2,NA,NA,NA,NA
AL353579,0.0319950286494399,241,0.0531378227816749,0.198115723345261
SYNPR,NA,NA,NA,NA
ADPRH,0.00913335420617854,219,0.574261973670047,0.724928188785977
SEPHS2,NA,NA,NA,NA
DUSP13,0.0100465975432676,232,0.50855474469944,0.675808976261694
GLT8D1,0.0165873508690963,217,0.31017241670258,0.508869753848262
RPL23,NA,NA,NA,NA
NISCH,0.0148223745789357,262,0.276002490689188,0.478710026068023
GPBAR1,0.0541313714774207,246,0.00410259323569976,0.050679561057102
CALU,NA,NA,NA,NA
GSTK1,0.0507336758498724,237,0.00747571416365573,0.0702599495302907
C21orf62,0.020295209256329,203,0.250904679086672,0.454102883735662
AZI2,0.0163018034390507,212,0.328670030856152,0.525541935089008
TCAF1,0.0105061610537646,185,0.586400386683009,0.734051196315983
OARD1,NA,NA,NA,NA
JAM2,0.0516944697173739,190,0.0206234825297907,0.119012538966658
LIMS3,NA,NA,NA,NA
ASB11,0.0272842592110435,196,0.149782164066659,0.342113637294291
CST7,0.0469096239379613,215,0.0182403577130022,0.110834539996563
RSRC1,0.0181510731544578,186,0.339658381411276,0.535979326682445
DDI2,NA,NA,NA,NA
TIGIT,0.0261981226115788,229,0.112922788060867,0.293165395062618
STK26,NA,NA,NA,NA
PPP2CA,NA,NA,NA,NA
BTBD9,0.014959019482184,174,0.459612958237209,0.637466074638457
RAMP3,NA,NA,NA,NA
FSBP,0.0302623870761562,170,0.163613294764106,0.359520172897801
RBM48,0.0436860171380864,245,0.0137177549187298,0.0964711908586103
RXRA,NA,NA,NA,NA
NCK1,NA,NA,NA,NA
KNCN,0.0328968605284763,176,0.124052816676027,0.308460888946873
CFAP20DC,0.0896848459258136,259,3.77822110383649e-05,0.00441424655329051
PLSCR5,0.0274075792931343,206,0.131717255665427,0.3190791572898
SCHIP1,0.0693987438577997,93,0.0943229028325209,0.268206405553692
POLE4,NA,NA,NA,NA
URM1,NA,NA,NA,NA
ABHD14B,0.000444958459501307,200,0.993175509390802,0.996069240696216
TTC12,0.0146207251392145,261,0.283724662015297,0.484099672637363
TREML2,0.0879682935305798,231,0.000151897935635529,0.00960445016095676
KIAA0408,0.0606490963249611,271,0.000949785691461364,0.0244373142756605
DNAJC12,0.0249528891735695,212,0.153385755275497,0.346676305091167
HAX1,0.0310929643190213,230,0.0681609981274684,0.226775985410511
FXN,0.0266840988873791,219,0.120854054300859,0.304189176991252
HOXB6,0.0139314983511284,82,0.770210627147283,0.857915213166678
FBXL2,NA,NA,NA,NA
TMEM176A,NA,NA,NA,NA
QTRT2,0.0160279517969497,233,0.293511149030343,0.493670490320461
NECTIN3,0.0291687199055098,171,0.174847745043921,0.372745786204695
PPP2R5D,NA,NA,NA,NA
EFCAB10,0.00358034972573457,225,0.848988997667336,0.90864779796712
SLC4A2,0.00840658207773276,251,0.551579935290032,0.707994514963486
NDUFA3,NA,NA,NA,NA
CDK5,0.0774809429700734,23,0.635915871711726,0.767534547206268
GRM7,NA,NA,NA,NA
KLHL29,0.0604338025092265,188,0.0102042094618317,0.0824634764282917
TSPAN33,NA,NA,NA,NA
RAB11FIP5,0.00269710734647182,245,0.883013482091874,0.930628989562783
FEZF2,NA,NA,NA,NA
NR6A1,NA,NA,NA,NA
ADAM9,0.0579035953918631,247,0.00259081082906093,0.0402888482526495
ASB14,0.0150786552178987,238,0.311335939126973,0.509693792590297
IVD,0.0479460340065539,224,0.0135136590098695,0.0959887836440868
TFAM,0.0436456306545221,220,0.0227182014175428,0.124984454969255
KCNT1,0.0301931273899147,229,0.0756873383146009,0.238602460587811
RAD51B,0.0113403788176627,215,0.48865772480506,0.661164855318947
CUTA,0.0233244446372044,185,0.231640048822605,0.434387739725327
C1orf94,0.0122924663814529,262,0.360605995104121,0.553801985949976
CIAO1,NA,NA,NA,NA
CCDC14,0.013170419358579,263,0.327219296473114,0.524143498916058
VAMP2,0.0405400696864113,41,0.654501512917924,0.780704491465759
UHMK1,0.00605071460022172,69,0.937867460795327,0.96258199538152
OPN5,0.0237708867095004,203,0.186905484891234,0.387446422343571
REPIN1,0.00586369638872875,223,0.728719795492069,0.829382371651382
TFDP2,NA,NA,NA,NA
IRF5,0.00731276323261779,220,0.659050852466576,0.78423541595948
SLC15A2,0.00324576488684919,242,0.853712647953715,0.912453105918857
LNP1,0.0206640434926257,196,0.258297462151798,0.461182437607593
LSAMP,0.0327691946296597,44,0.703408799885534,0.81408556302573
THOC5,0.0564086170257989,180,0.0177581835405265,0.109207255225565
SMYD3,0.00115991773022735,203,0.971870326255497,0.982584183061983
KCNAB1,0.00545185400238844,177,0.811044041882691,0.884901646313541
TUBA4B,NA,NA,NA,NA
FAM178B,0.0290992725448027,227,0.0866963261865524,0.256820091570437
SLC26A8,0.0359811132646915,264,0.0237278989141942,0.128104502149715
SPATA1,0.00985827440924872,231,0.518794351111334,0.683546076093099
FLNB,0.0323807760145287,253,0.0428190291880736,0.177405060422676
ONECUT2,0.0257052944174814,90,0.514867667113262,0.680364661584821
CPB1,0.160579179715176,260,4.901945773405e-09,3.1215590685043e-05
RPL37A,NA,NA,NA,NA
ERICH6,0.0612431847265337,248,0.00171121918230001,0.0322921406868323
SNX21,0.008187828422741,215,0.6253926063638,0.760451571507714
UTP25,0.00776037121155043,247,0.591496296105057,0.737357192910612
NUDT5,NA,NA,NA,NA
ADRM1,NA,NA,NA,NA
SRSF10,0.353942581634889,26,0.0313735553290334,0.149396744845368
SLC35A5,0.00653882389932921,213,0.708765490103747,0.816964019787595
HADHA,0.0472749084994357,256,0.00719676935680239,0.0692804644960206
FHIT,NA,NA,NA,NA
SEC22A,NA,NA,NA,NA
FNDC3A,0.0238091402750712,244,0.12251902964581,0.306261503742696
MME,0.0278654077307227,242,0.0815380747046165,0.249212603656827
ATP6V1F,NA,NA,NA,NA
PSMD6,0.00928530577176003,218,0.569317573105079,0.720400259420397
POPDC2,0.0208066114983759,240,0.173801200855079,0.371142572488634
SUCLG2,0.0205814904561019,216,0.219076594210895,0.42236746955343
RWDD2B,0.0013166902307174,221,0.96195907727831,0.97688944787027
FAM199X,NA,NA,NA,NA
PARK7,NA,NA,NA,NA
RPL7L1,0.0808011207410935,199,0.00113472225024382,0.0266699204921313
CFAP74,0.00604890240037526,263,0.662838381623988,0.786537746050788
TBRG4,0.0404634723298151,264,0.0138286097768027,0.096876333397887
SMIM40,NA,NA,NA,NA
CLIC3,0.0407063644913424,195,0.0481883150416992,0.187683908370361
TIMMDC1,0.0431977643164508,235,0.0176678142581525,0.109072846530214
SUSD4,0.0735588642889958,218,0.00115435966815327,0.0267884198080077
EBP,0.0141537814979673,190,0.444481432171827,0.624894085455391
SELENOK,0.0209103823981782,88,0.610765032076582,0.750477901449816
HACD4,0.00506206150117653,188,0.814168709079416,0.886791471721153
DUSP7,NA,NA,NA,NA
PHC3,0.0162514695691967,221,0.311123537193188,0.509576822234111
PIK3CG,0.00856172503698316,226,0.587824792322256,0.734885659881348
KRBA1,0.038378886065656,233,0.0305962327732953,0.147450883821251
PRKRIP1,NA,NA,NA,NA
GMPS,NA,NA,NA,NA
DENND2A,0.0139335780795939,259,0.308665497977524,0.507902297447255
DHX36,0.0680737289560471,229,0.00142157524093762,0.0296209062031858
ZNF639,NA,NA,NA,NA
EVX1,0.0187002199160848,184,0.331001550279055,0.528178575465329
IL18BP,0.00254284641517697,201,0.917004784357975,0.950359909966894
KRTCAP2,NA,NA,NA,NA
RGL2,0.0266245902788294,233,0.103313549961188,0.280644396109532
IAH1,0.0389998243631595,217,0.0380160364919155,0.165246498553255
RRP1,0.0112834386030397,194,0.536353398495692,0.697609975821195
KLF6,NA,NA,NA,NA
LCN10,0.0138505455759903,203,0.423860522954919,0.609245587126083
PPM1L,0.0086821418189627,52,0.801400372167477,0.878065652092652
PROX1,NA,NA,NA,NA
CASR,0.0300338256133833,216,0.0913628871757669,0.264273843077576
HOXB3,0.0357796905885396,172,0.105993144572144,0.283961133398127
KIAA2012,0.0740647500107399,267,0.000195744027187133,0.0107595410765568
ADAMTS9,0.0147589234824545,267,0.269580488227817,0.472591479431448
KIF1A,0.0945138925712029,209,0.000199735638626088,0.0107789537861943
PGAM5,NA,NA,NA,NA
PLRG1,NA,NA,NA,NA
TMEM267,0.00481522042403981,201,0.810193169618927,0.884269425179062
GNPDA1,NA,NA,NA,NA
USP45,0.0784090744841262,265,0.000121510655222147,0.00850307530169923
ZCCHC3,0.0102282075345901,183,0.601636901455636,0.743676712022759
DOK3,0.054843593581663,247,0.00368570756454137,0.0479211404703757
ZNF623,NA,NA,NA,NA
AREG,0.0121977510131348,249,0.387780245937479,0.580185441241556
TMEM167A,0.0961753358104761,76,0.0654055052660875,0.221249539194925
MLIP,0.0353090126948065,271,0.022978331985306,0.125715064019561
BEND4,0.010589832138512,187,0.578717504944507,0.728085356145714
CAGE1,0.0239863926643769,271,0.09060083750007,0.262905506129162
ACTN3,0.0109258185147242,236,0.463203799408957,0.640124348165197
PDGFC,0.00918154668801802,173,0.664109297068323,0.787185624451228
SV2C,0.0117893993594072,204,0.494892729936081,0.665334533390253
XPNPEP1,0.00981299192392112,216,0.549934061642625,0.707042217754944
GUCY1B1,NA,NA,NA,NA
IDO2,0.07579851991034,250,0.000290322028658812,0.0128386852673563
RANBP3L,0.00948288615491795,250,0.500890816583966,0.66981684230604
LIMCH1,0.0439034664154078,274,0.00743249219653526,0.0702599495302907
MGAT4D,0.00888492580668668,247,0.534772146569821,0.696406754469657
SAMD14,0.0112593825806756,208,0.506666610249338,0.674317300780199
PDK2,NA,NA,NA,NA
RPL9,0.0485134576054858,174,0.0385538647064567,0.166561065434679
MEGF10,0.0103783149165645,232,0.494120519396169,0.664873575206855
SPCS3,0.208164274237689,30,0.109835214239325,0.288901546582412
ZNF827,0.0455927340891978,226,0.0164929098722871,0.105660814956463
PACRGL,0.0535193193819889,215,0.00951177070791154,0.0791651768339292
TUSC3,0.0941729650292097,66,0.105858211905257,0.283961133398127
PRIMPOL,0.0352500774245017,266,0.0250813332350879,0.131509205468127
TMEM158,NA,NA,NA,NA
GPX8,NA,NA,NA,NA
ROPN1L,0.0228721026163906,223,0.166201803467795,0.361651489657583
CXCL11,0.0258475231972911,195,0.170744317541941,0.367828083256794
ANKRD50,0.0292065519064699,193,0.132339413030365,0.320128160371269
PCDHA1,NA,NA,NA,NA
CNOT6L,0.00667953012965178,87,0.902258090072498,0.942413317406615
CDKN2AIP,0.0386558575081917,244,0.0244931661316982,0.13000899286055
GC,0.0208178847330023,249,0.160254544734049,0.355823201138921
DLEU7,0.0155634941535044,185,0.41312357996335,0.599879365455845
TIGD5,0.0399583273145289,175,0.0734191707890827,0.23505946686017
NR3C1,0.00543960594414811,239,0.730409528802589,0.830061190223055
FBXL7,NA,NA,NA,NA
ADAMTS12,0.0154691616022649,278,0.232292455931557,0.435134096005929
DCK,0.00954648069736155,208,0.577377538685262,0.727175830570824
TMEM33,NA,NA,NA,NA
ZGRF1,0.0241039935883267,258,0.102511283407502,0.279631159466021
CRISP1,0.0280161646569061,230,0.0930469670579281,0.266182877908754
MAEA,NA,NA,NA,NA
DDX4,0.0274856806632,229,0.0993300561493304,0.275433076106767
PLAC8,NA,NA,NA,NA
SRP19,0.0418712502788437,88,0.302708364250663,0.502449332346728
SEC31A,0.0119492226657256,244,0.406718479018263,0.595877895867548
ALYREF,0.109792538171168,96,0.0152413058448039,0.101250475656635
RHOH,NA,NA,NA,NA
PALLD,0.0290645199888358,269,0.0505731769447394,0.192153932448747
THUMPD2,0.042260743184875,240,0.0177323669082059,0.109207255225565
MIB2,0.0165524964425122,241,0.264438168902995,0.467592271411341
HADH,0.0194018129075678,225,0.226444398433231,0.429070663682272
LRP2BP,0.0157187931231586,227,0.314023324447547,0.512480914936437
ERBIN,0.0226615316768557,249,0.131631475178847,0.319039278601251
SUB1,NA,NA,NA,NA
FOXL3,0.0130093738832471,223,0.409204700842133,0.597732660847047
CEP192,0.0771680586739587,279,8.47754336252636e-05,0.00683126274049666
GUCY1A1,0.016648025744864,239,0.265571582965671,0.46872501117666
AHRR,0.0394139944095192,230,0.0289497588454351,0.143130484726499
YIPF3,0.0308847500011544,184,0.129829866516213,0.316438279517042
WDR36,0.0158511508533192,250,0.267251325628527,0.470126088840459
PGM3,0.0140567784626659,248,0.324408644849394,0.521513900275038
PRPS1L1,NA,NA,NA,NA
WNT8A,0.0593714964116397,213,0.00562108773855827,0.0604259994615011
ADGRL3,0.0250809550767296,211,0.153258063684997,0.346505890549057
SLCO6A1,0.0644062714187847,219,0.00285045072244691,0.0423609572941469
CDK18,0.00674477379105698,242,0.653623934257202,0.780266942111425
GALNTL6,0.00422294680997497,179,0.860985024797442,0.915863810944628
SLC10A7,0.0395238760827495,208,0.0424069619452389,0.17655935512735
GABRA2,NA,NA,NA,NA
MRPS30,0.0499806092074196,226,0.0104691406272895,0.0834614040012132
NEK1,0.0201095729251116,270,0.144154385383274,0.336358012733989
SMIM31,0.0336206352677886,175,0.119141021135591,0.302015479941227
SMG7,0.0019016906549162,245,0.926723504603452,0.956305804032184
ATP2C1,0.0138134309034846,197,0.4389657034786,0.621782479057684
TLL1,0.0365502052691357,234,0.0364653373472853,0.161482105860579
SLC4A9,0.0590361021170607,263,0.00145776973744977,0.0298971906218363
COX18,0.028599374663225,257,0.0623283592778956,0.215768954542886
DEK,0.052424717169416,196,0.016764018411874,0.106471559220616
SERINC5,0.0337556564795172,221,0.0594841419404547,0.210734362101149
LRAT,0.0726795233765282,209,0.00171906967538256,0.0322921406868323
SORCS2,0.065388774592794,244,0.0011947114283128,0.0270263672308913
CDH18,0.0106632668699406,191,0.567023613072011,0.718665343588497
FBN2,0.0456194224570047,230,0.0151258285547715,0.10116652857544
HOXC9,NA,NA,NA,NA
CPLANE1,0.00776898711298364,281,0.536826622478174,0.698082894004699
NEDD4,0.0883450925893861,263,3.76423755606156e-05,0.00441424655329051
SMUG1,0.000345939340542662,188,0.995707915129925,0.997343151373186
RNF213,0.00881063794745953,234,0.561504394245838,0.7151319965115
OCIAD2,NA,NA,NA,NA
CFAP299,0.00264286736257436,204,0.910801919927272,0.947323254568701
GLRX,0.0161361022476662,185,0.396422833892727,0.586528951261358
NSD2,0.0994822796442423,248,1.89712534203977e-05,0.00330894824769239
LYRM9,NA,NA,NA,NA
PKD2L2,0.0133952957833013,252,0.339076342407921,0.535575264717551
BTN3A2,0.0481499831822154,73,0.325093804835212,0.522134351017322
LARP7,0.00488398292494917,244,0.756170041845825,0.848121756878914
ZNF131,0.0223239625884322,200,0.217479726224445,0.420881597507146
AADAT,0.0240328664785325,230,0.138427850281062,0.328308584949648
CCSER1,0.0372346094395636,211,0.049898362491104,0.190957194917879
C1QB,0.0136676690672325,221,0.390564524723808,0.581849314175041
AC010255,NA,NA,NA,NA
MAML3,0.00246305094336691,254,0.891112421872006,0.93617155860446
SIL1,0.00958742489912113,235,0.523439411948986,0.686878517836124
UNC5A,0.0035171766840476,211,0.864087754907468,0.917653747463479
RAD17,0.0206678932266843,257,0.151688713819952,0.344346035711471
INPP4B,0.00729830799000509,231,0.641699518833285,0.771352908364347
TNIP3,0.0482609197563718,233,0.0107092575611375,0.0845586511460926
ATG12,NA,NA,NA,NA
HSD17B4,0.0668935290484428,261,0.000586853799451595,0.0194134285449754
ANAPC4,0.0102248078153206,209,0.546518027327301,0.704829315603586
RPS6KA2,0.0534914591073872,198,0.0145065418637121,0.098958571070821
LRBA,0.0337448764016946,272,0.0274256048255969,0.138883699029345
FNIP1,0.020957868123523,239,0.172679970120992,0.369808659737843
DIO3,0.0149986418172615,176,0.453164921257031,0.63187086020687
SEPTIN11,NA,NA,NA,NA
SHLD3,0.0156528730326623,229,0.311941039565915,0.510238226418437
CCDC110,0.0236957744375446,264,0.100853095128782,0.277887629370346
CDHR2,0.0104748617581918,286,0.393891668558672,0.58420918723224
DTWD2,0.025369283297664,222,0.13239930749805,0.320212225654227
GTF2H2C,NA,NA,NA,NA
MTTP,0.0611857645877786,267,0.000995673268788052,0.0250154929597439
CLRN2,0.0165614458503389,178,0.402327126158806,0.592100563757632
GAK,0.0711292794043292,234,0.00086496267423355,0.023388884541483
USP26,0.0396257261101425,187,0.0609840301844723,0.213402252484981
UVSSA,0.0419542749933324,256,0.0134740741039103,0.0959544436626253
SH3RF2,0.0344301481646572,259,0.0308879026343866,0.148340211826901
UIMC1,0.0327490396945943,240,0.0497252737638497,0.190581127492142
DROSHA,0.00654685248965355,190,0.744059651447868,0.839475724120964
ATPSCKMT,0.00891767440184615,225,0.572913484018391,0.723639648592316
ANKRD13D,0.00294740822342758,217,0.887995562061377,0.934284060199812
SPOCK3,0.00829861842771662,207,0.634820381432054,0.766763780636716
HGFAC,0.0221090225218245,234,0.161040551648019,0.356573794469605
FHDC1,0.0488094884526189,274,0.00398399728401184,0.0501881200882045
COPS4,NA,NA,NA,NA
CAMK2D,0.0489583323416601,97,0.195129580181598,0.396928658871239
TENM3,0.107414570456962,224,2.5545254840692e-05,0.00361493739612281
SH3BP2,0.0559852285282143,233,0.00466138221664485,0.0544155489561768
ANAPC13,0.119551971326165,31,0.309707995390361,0.508591343550973
C4orf54,0.00894900088835822,269,0.493945151576495,0.664873575206855
ZNF346,0.0948086818542987,183,0.000626268460997849,0.0197288162307637
POLN,0.010113584029702,273,0.431647418326325,0.616031098140304
ETFDH,0.00986595524304722,214,0.551619784232308,0.707994514963486
SH3TC2,0.0511761287160771,250,0.00522701784509353,0.0576874343805123
KCNN2,NA,NA,NA,NA
FRAS1,0.0394651653283895,275,0.0127785683106574,0.093503259850341
CPNE4,NA,NA,NA,NA
DAPP1,0.00873267430626447,178,0.671767471973479,0.792780068288535
KCTD16,NA,NA,NA,NA
MTX3,0.0193823167197909,175,0.337675656934613,0.53467188297797
PAICS,0.00557229498505213,182,0.799174556013203,0.876682785993467
PRRC1,0.0328406326895493,237,0.0514621612497381,0.193832677290842
ABL2,0.00580227717842846,242,0.705921827306489,0.815081739831063
TTC39B,0.0387646656063483,244,0.0241998875381057,0.129293660628898
TRIML2,0.0290798321279682,227,0.0868642332831662,0.257040630830484
PAQR3,NA,NA,NA,NA
PCBD2,0.0621868153135093,172,0.0138792611200555,0.0970709882619585
UCHL1,0.0199505799971454,197,0.271312908980141,0.474062451470858
RACK1,NA,NA,NA,NA
EXOC3,0.0885616894586926,218,0.000246452762606446,0.0119346858728354
SPINK13,0.0286979865130953,184,0.154265301731859,0.347554021379261
GRAMD2B,0.0142834713213112,233,0.345731355469039,0.541536655178167
MXD3,0.00664892257309622,202,0.720500310980719,0.824538769040384
TRPC7,NA,NA,NA,NA
KIAA0825,0.0383697738648891,276,0.0144143371706013,0.0987170366372005
TET2,0.0354766544800761,267,0.0240134031950926,0.128664157800883
DDR1,0.0029228019084547,217,0.889225210354461,0.934651504421426
MCIDAS,0.0423303516933546,238,0.0182936153037139,0.110999277993378
ACSL1,0.00876237978315138,262,0.51501956522353,0.680494779820196
TTC29,0.0237271647257682,265,0.0994503851047902,0.275527540721037
TNFAIP8,NA,NA,NA,NA
CLOCK,0.0229046354357449,210,0.188069704259049,0.388714013866155
SREK1IP1,NA,NA,NA,NA
IGSF22,0.065247117454313,192,0.00595648804206931,0.0625909781187261
MRPS27,0.0176333676093151,261,0.204860636340273,0.408055218084097
CDC25C,0.0287867076948866,238,0.0777774549096186,0.242134848625984
ASTE1,0.0267838309515414,251,0.082246634255929,0.249955049041515
TTC23L,0.0188672736475757,205,0.278246525527029,0.480638512018479
CNGA1,0.0143238242403154,244,0.323275305042673,0.520773372757841
CSRNP1,0.00264706871877515,238,0.89014243429909,0.935461180232132
ZBTB38,0.0174168826124103,255,0.219180593357043,0.422478713195652
NME2,NA,NA,NA,NA
YJEFN3,0.0853114319420089,187,0.00120692008692677,0.0272059012869015
AMOTL2,0.00567820817965062,267,0.679871326570459,0.798123441349559
MARCHF1,0.0148895421987514,241,0.311355033476171,0.509693792590297
FAM193B,0.0305212694590775,245,0.0589310127657469,0.209708124779143
CCDC192,0.0242099401631751,210,0.167464761339137,0.363468166396599
KLHL2,NA,NA,NA,NA
RMND5B,NA,NA,NA,NA
GSTCD,0.0280782191779276,247,0.0749137955088771,0.237397884946768
DAG1,0.00338487259399248,225,0.859433917167341,0.91534958764369
MCTP1,0.00142924351041796,242,0.951463323771524,0.97004778190475
RNF150,NA,NA,NA,NA
TMEM150C,NA,NA,NA,NA
CCDC160,0.00759793869723884,245,0.603277148162558,0.744331395902663
PTDSS1,NA,NA,NA,NA
GFRA2,0.00894147499847654,200,0.619438113498501,0.756648370627269
SMIM18,0.0290699530694579,82,0.50212927739276,0.670980849530395
VASH2,NA,NA,NA,NA
PCDHGA1,0.0248819163752746,219,0.143239683658101,0.335411033474825
PCDHGA6,0.00678650597971536,194,0.726808325977891,0.828574570704042
CPNE3,0.0359680293486014,203,0.0638988034700518,0.218190677778535
C8orf88,NA,NA,NA,NA
UBE2W,0.0251314347103817,75,0.602024884181494,0.743676712022759
RALYL,NA,NA,NA,NA
NAIP,NA,NA,NA,NA
NPM1,NA,NA,NA,NA
RBPMS,NA,NA,NA,NA
SHISAL2A,0.00366665076711215,193,0.872263426415186,0.923453615862328
CNOT8,NA,NA,NA,NA
SLC45A4,0.00341922825629611,259,0.829730522628038,0.896306016640432
ADGRB1,0.0924969960413073,223,0.000131519876808484,0.00890977207996195
ADAM19,0.0251289734428964,265,0.0845232353190835,0.253948555089372
FBXO32,NA,NA,NA,NA
WWP1,0.0253381967307765,242,0.106541928969881,0.284854099822057
PCDHGA5,0.0188085632930253,226,0.23748478861596,0.440317262869003
STMN2,NA,NA,NA,NA
ELOC,0.872222222222222,9,0.0726094532638004,0.233804554266769
ENDOV,0.00294776262608763,234,0.876297514190686,0.926338408095333
DLX6,0.0292037387978991,83,0.494620751570778,0.665189604045238
SBSN,0.0139022077680086,192,0.447873377391259,0.627713297647016
LEPROTL1,NA,NA,NA,NA
PAK3,0.0377199276075684,90,0.339777736494927,0.536101245292293
POU6F2,0.000596168174384011,215,0.988333753011038,0.993431998998222
CIBAR1,NA,NA,NA,NA
PCDHGA7,0.0141061793543058,211,0.397474737603906,0.587266619271851
FAM83A,0.0231345142412697,246,0.128931063653324,0.315296856123028
CNBD1,0.0186504859992048,240,0.216115731838333,0.419197374458271
TFF3,0.0125386530580104,180,0.523252306380943,0.686741691474412
GABRP,0.0184036833332496,209,0.280649915441045,0.482086489016682
SLC10A5,0.0540460628197162,188,0.0176812835883858,0.109103114235311
TRHR,0.0234478800033072,178,0.245687717088956,0.448420573924469
TENM2,0.0053971899407601,216,0.762517839170462,0.852917797677902
C8orf34,0.00581327925200521,242,0.705300272127127,0.814905585213743
NKX6-3,NA,NA,NA,NA
ASAP1,0.0551384798099203,215,0.00810201346456229,0.0729425567362131
MPP2,0.0066981482085538,202,0.718162572615523,0.822682846416915
HDAC2,0.0614509564232725,47,0.419116280946325,0.605131499164765
CLDN23,0.0418310723360649,215,0.0299379716032072,0.145752125640333
CYRIB,0.086396198254161,41,0.326533805537659,0.523440471658607
ERI1,0.0152010481307008,198,0.392457498436297,0.583304784698876
SPSB2,0.0410642461928679,203,0.0402930035427135,0.171571946880642
HEPH,0.0137911915567898,241,0.346269069717468,0.541845788416473
PTK2,0.0809965165993833,219,0.000517562471091017,0.0184125017648469
PCDHGB4,NA,NA,NA,NA
LRRC6,0.042648581094632,249,0.0142485517952885,0.098357482745146
ANKRD46,NA,NA,NA,NA
ERLIN2,NA,NA,NA,NA
SLC25A30,NA,NA,NA,NA
HMGB4,0.0272594348633918,202,0.139891227018082,0.330364299518319
RHOBTB2,0.00681712032266277,191,0.730260639001991,0.830040115870536
LYN,NA,NA,NA,NA
DENND3,0.0175401790456826,260,0.208494918064737,0.411752407578305
CLVS1,NA,NA,NA,NA
ATXN7L3B,0.0323843087166491,54,0.633300886564001,0.765975317310457
SLC25A37,0.0314314127285097,173,0.144357599965302,0.33648213637593
RPL26L1,0.0237429352803447,62,0.694248576466714,0.807779085499732
AMPD1,0.00819968202833525,251,0.56211042877968,0.715431421487902
EBF2,0.0147904676051124,56,0.846241178479553,0.906987094935251
ANKAR,0.0194372408448537,270,0.155801917179476,0.349716816566409
TSPAN18,NA,NA,NA,NA
CCNE2,0.0309026807195117,192,0.116455833564767,0.297648303488035
TPD52,0.028333767369625,176,0.174868076348399,0.372745786204695
MCF2,0.00213749134616914,270,0.902134296715437,0.942387008117438
TRIQK,NA,NA,NA,NA
SLC36A1,0.0735078641231487,217,0.00120136747715392,0.0271287521082133
PCDHGB6,NA,NA,NA,NA
IKBKB,0.0717659186374233,214,0.00158775175773636,0.031128922653115
GOLGA7,0.514805575656016,32,0.00115615951893203,0.0267884198080077
DOCK2,0.0216687714841634,252,0.142341442902246,0.334044705510042
INTS9,NA,NA,NA,NA
PPIL6,0.0420980636520477,230,0.0218831414205062,0.122478041436006
WWC1,0.00363846618805344,250,0.823984926048384,0.892977537283204
VDAC3,NA,NA,NA,NA
SGK3,NA,NA,NA,NA
SERPINE3,0.00816208103648044,199,0.655746585835379,0.781837532035142
ATOX1,NA,NA,NA,NA
NUDT16,0.01684102350635,173,0.407834755300807,0.596689654625052
HSF4,0.0634643603446754,210,0.00409902106676661,0.050679561057102
PIK3R1,0.0179474074615318,194,0.325481056367691,0.522542132093648
RNF130,NA,NA,NA,NA
EPHX2,0.011992858746682,252,0.390054049473768,0.581701214765563
TMEM200B,0.0184061623713793,177,0.356154461492373,0.55048340067559
HS6ST2,0.0259435563391738,196,0.167527969742424,0.363484049035232
ALG11,0.0057603582852994,228,0.727328861287874,0.828684328324389
LAPTM4B,NA,NA,NA,NA
PTP4A3,0.0416689244240265,99,0.252581944856443,0.455649242165957
SMIM12,0.0157515945682177,63,0.806914085464513,0.881755280349725
TCEA1,NA,NA,NA,NA
RNF217,0.0228934304501359,213,0.18285152461652,0.382711095729827
ENY2,NA,NA,NA,NA
FBXO41,0.0158007620338914,195,0.381659154573596,0.574532909217817
DPYSL2,NA,NA,NA,NA
RIMS1,0.00210177441961349,252,0.912799451247373,0.948509467849374
CETN3,NA,NA,NA,NA
TRNP1,0.0480859667479233,177,0.0373498170465453,0.163747769330396
ATXN7,0.0270559925735383,261,0.0708044082210961,0.231490620053351
PCDHA3,NA,NA,NA,NA
PNMA2,0.0576779280604674,174,0.0187516552328728,0.112439303693911
LACTB2,0.0387096836084483,232,0.0300729112183442,0.14596364225489
IDO1,0.0280087461330469,255,0.0683448933310891,0.227091197877577
FZD6,0.0252724107199172,249,0.0992942649982191,0.275419406026561
ATP6V1E2,0.0143596730575113,202,0.409490630127681,0.597868759213417
PCDHGB2,NA,NA,NA,NA
MYBL1,0.0177125714432767,218,0.278852083077548,0.48122765990185
INSYN2A,0.0639915589375968,242,0.00148935441884944,0.0301958032432725
STMN4,0.0115712196631875,196,0.520927285320494,0.684912285965991
PPP1R42,0.0236791939751066,219,0.160307444320563,0.355878614409393
FER1L6,0.0148153395793225,273,0.258267146895262,0.461182437607593
PBK,0.0559201059561049,210,0.00853482517098387,0.0746562729242106
NCALD,NA,NA,NA,NA
SMIM23,0.00189610665451468,210,0.941008587411481,0.964045049444685
UBE2V2,0.0637698994553835,31,0.590638163670836,0.737053463894941
RANBP17,0.0713792659492545,234,0.000841458355406387,0.0231464656899692
KCNB2,0.0246852576515448,245,0.110486795918563,0.2899566933482
DNPEP,0.0115714293061107,206,0.498841257596021,0.668266202534376
ZNF674,NA,NA,NA,NA
LYRM2,NA,NA,NA,NA
PCDHGB1,NA,NA,NA,NA
TDRP,0.0583846457024191,179,0.0155083830256064,0.101969180073081
C1orf210,0.0591310631885908,198,0.00868828446567784,0.0753773780346546
INTS8,0.0336818138830562,205,0.0761220683999597,0.239439531524299
TMEM71,0.0325321227910417,253,0.0420902656041393,0.176220125816673
CLINT1,0.0107418225021969,195,0.55517400782197,0.710130364895427
CASP3,0.0355955996814091,210,0.0591340219920283,0.209981592881834
UQCRB,0.0248026556004292,99,0.487952747125809,0.660632102412491
CA1,NA,NA,NA,NA
MYC,0.0600707985070793,188,0.0105292597789634,0.0835676654134949
SLC6A7,0.0370524176527744,223,0.0415715354911787,0.174615092607027
KIF13B,0.0134812319013644,271,0.303061653384463,0.502577241862568
TXNRD3,0.0666543381753836,251,0.000828732099102453,0.0229494700642564
HMBOX1,0.0213998898792257,69,0.692649801670892,0.806748241215369
FANCD2OS,NA,NA,NA,NA
STAU2,NA,NA,NA,NA
NTRK1,0.0162233209031934,241,0.273185325600179,0.476027952776561
KCNV1,NA,NA,NA,NA
DNAAF3,0.0173669373994431,215,0.293746162796121,0.493816146960322
TRMT9B,0.0524769628060583,237,0.00617547287206446,0.0633259440407512
GNLY,NA,NA,NA,NA
MAML2,0.0176287646060731,245,0.230702088070335,0.433302137393274
FUT6,NA,NA,NA,NA
EMSY,0.0461512715651513,198,0.0280949229683911,0.140872810600563
ARFGAP2,0.0450667582681292,219,0.0201179084095373,0.117461089990699
NFRKB,0.0242186432890192,248,0.112489015983902,0.292678265080894
C8orf82,0.0163113712281815,203,0.348353520729836,0.543894233922359
CNTN5,0.00603750678555684,234,0.703955816198845,0.814312559047093
ZC2HC1C,0.0130762445147096,262,0.332235656920111,0.529647431034489
C11orf98,0.00375118254517262,170,0.888618220685066,0.934630577144685
CFAP54,0.035625699054896,283,0.0181754159842849,0.110651098458821
DBX1,0.0278419485733089,203,0.131403129503372,0.31883220753571
AAMDC,NA,NA,NA,NA
TRIM3,NA,NA,NA,NA
CRACR2B,0.059216653050946,229,0.00366873510239122,0.0478399568347026
KIRREL3,NA,NA,NA,NA
ZIC4,0.0221129913514798,205,0.211306746862974,0.414605257748703
WDR74,0.0377504071459265,221,0.0401097927018923,0.171192466438103
CLNS1A,NA,NA,NA,NA
DKK3,0.025777320849628,233,0.112570731013983,0.29277125386851
TXNRD1,0.0761244804664285,259,0.000201531619476954,0.0108299860998249
TYK2,0.0211060908694941,234,0.177922255432419,0.376790463117273
RPS13,NA,NA,NA,NA
C11orf65,0.014754618183687,228,0.340839962928003,0.53711125654589
SLC6A5,0.00110082965821428,214,0.971840549971501,0.982584183061983
SOGA3,0.0302437599855928,217,0.0883836400394287,0.259339991892492
SLC35F2,0.021377626226007,224,0.189658584777305,0.390619835398527
GJB7,0.00502087451018426,175,0.831785855670681,0.897764801510321
FDFT1,0.00870052482755778,233,0.568571357592709,0.719708290913368
PCDHA2,NA,NA,NA,NA
DICER1,0.0392630211283677,249,0.0209370646463359,0.119790860438335
LGALS8,0.0408956988799068,236,0.0221845305488766,0.12343476674115
PUF60,0.0235331165653825,81,0.597116720114444,0.740927372113948
KBTBD3,0.0222690790765486,212,0.195230582411731,0.397070695879241
CHMP1B,0.0927454362346183,42,0.283588164878833,0.484087772134676
TRAF6,0.0025002090656111,218,0.9094497481716,0.946303267378554
VAV3,0.0188787895194711,216,0.255169633845654,0.45865178097794
IQANK1,0.107122947103094,202,8.16299737682014e-05,0.0067509048435832
MYO18A,0.00610582209550218,256,0.669182105371753,0.790970143296022
CREBZF,0.0538246895676275,195,0.01515962181487,0.101191270143703
ZBTB44,NA,NA,NA,NA
NAV2,0.0114302317939523,260,0.397766409612968,0.587356868734001
RAB30,NA,NA,NA,NA
TEAD1,0.0849514961264005,50,0.244430743581914,0.446989708199463
RPS25,NA,NA,NA,NA
GPR61,0.0168720709015163,190,0.363418774798649,0.556884111433386
FLI1,NA,NA,NA,NA
EID3,0.0337144466581499,217,0.0634234289632276,0.217607971787626
E2F8,0.0148705803643271,260,0.277954624767672,0.480342944458815
RAE1,0.0302847255389925,187,0.130898974081786,0.318215181123426
CRYAB,NA,NA,NA,NA
PAFAH1B2,0.0625282274661158,55,0.337133112578585,0.534475370755512
LTB4R2,0.0056097498117864,231,0.731451395678662,0.830504143297088
TMEM41B,NA,NA,NA,NA
MANF,NA,NA,NA,NA
CCDC17,0.030986479937427,260,0.0454876614865269,0.183158664777871
CMTM1,NA,NA,NA,NA
C1QTNF5,NA,NA,NA,NA
SOX6,NA,NA,NA,NA
GPT,0.0121678603142171,231,0.423729137342821,0.609216208206126
ATG13,0.0373623270288335,179,0.0839126336283689,0.252829737849753
RDX,NA,NA,NA,NA
ZC3H12C,0.0398620031625283,237,0.0243367871693976,0.12963334227915
DGAT1,0.0074261146659198,221,0.651762750323096,0.779129086334248
AMPD3,0.00713018177871356,225,0.660033779023598,0.784745165202067
TMEM218,0.00413971326399961,182,0.861554113982619,0.916133580309917
FAM111A,0.0232467640085261,209,0.184260148603961,0.384553449582611
CYB561D1,0.0169603896414064,173,0.404570330427121,0.594067207029845
GRK6,0.0507070170798645,186,0.0246338718176949,0.130320263646449
HSF1,0.055149049761797,222,0.00676631873845408,0.0673248035754473
BRSK2,NA,NA,NA,NA
KIAA0100,0.0262520102550554,257,0.0813600613950975,0.248847680578281
MROH1,0.031758224120711,278,0.0321148502633041,0.151498356643618
AMBRA1,0.000326934951137229,228,0.99474102755494,0.997251603130788
KDM2A,NA,NA,NA,NA
PC,0.0224831516016157,232,0.158156906567509,0.353197678773242
CKAP5,0.000182274085908318,241,0.997598234369169,0.998318181522479
C11orf1,0.0085053297111128,214,0.612406258788048,0.751479536749646
EML3,0.0348125446094458,247,0.0356879961083252,0.159404916928697
SAAL1,0.00573134667119512,238,0.715331004825001,0.820761772743352
GRP,0.00306657695202724,216,0.882729345845458,0.930628989562783
FXYD6,0.00247256453597263,181,0.930784287542385,0.958560565227552
LRRC24,0.0111509500970907,230,0.46568795759768,0.642300392891927
RASSF10,0.0388007636033738,235,0.0282539099298836,0.141280642664703
CLP1,NA,NA,NA,NA
CCDC180,0.034340055703492,251,0.0353487975694943,0.158577768878154
AP002495,NA,NA,NA,NA
MUC15,0.0131548010539071,239,0.371888438392728,0.565671939731253
CCDC90B,0.0369722508852196,200,0.0613357831439279,0.213902665421978
KCNJ5,0.0280537055735352,194,0.14385119433342,0.336039767246961
OMP,0.0763758272573124,180,0.0033885344241726,0.0462557595862662
PTH,0.0859888709588447,189,0.00104853683859616,0.0256810868776167
PCDHA5,NA,NA,NA,NA
GALNT4,0.0153554670946985,228,0.322622693598533,0.520182633962642
EID1,NA,NA,NA,NA
CDCP2,0.0117949270956409,223,0.454260049351928,0.632595805389175
ALDH3B2,0.0342204345628868,179,0.107254726597856,0.285694147272425
H2AX,0.122333480473015,43,0.161966122662264,0.357504426035806
WNK1,0.0268011727282941,270,0.0655113009708668,0.221446913896689
PCDHA4,NA,NA,NA,NA
FAM89B,NA,NA,NA,NA
CYHR1,NA,NA,NA,NA
ZNF202,0.0181031484654067,237,0.233518043940461,0.436402906474793
RGS5,0.00730991931299527,171,0.742785622690376,0.838737271973103
PRR5L,0.00996711912757444,212,0.551293520838464,0.70779951891908
TMEM262,0.00588417301048825,198,0.762809840825648,0.853060709411951
LRRC4C,0.0188377516202955,85,0.663393619329011,0.786976633361987
OR52B2,0.00673253556684449,185,0.743717508687427,0.839343038603728
BTBD10,NA,NA,NA,NA
CAVIN3,0.0117907095289133,219,0.462706935326362,0.639921330037631
NIN,0.0710187325538958,265,0.000308098936740903,0.0131235721014453
PLEKHA7,0.00896614053805905,257,0.513415765946982,0.67936678427222
SAC3D1,0.0289202841580431,214,0.104079183296113,0.281553202731372
PDZD3,0.0160118080052637,264,0.239552362950442,0.442162949637261
EIF3M,0.160136299984781,61,0.0222079437636623,0.123434798231928
CELF1,NA,NA,NA,NA
SIGIRR,0.0255663963948368,243,0.102855308597596,0.280189904227427
CDC27,NA,NA,NA,NA
BCLAF1,NA,NA,NA,NA
API5,NA,NA,NA,NA
UQCC3,0.0105436124105912,202,0.548024945332327,0.706227431321715
FZD4,NA,NA,NA,NA
RPS6KA1,NA,NA,NA,NA
C4orf50,0.00941973913286649,234,0.532973489457553,0.694861909455365
GPR68,0.0445923538301774,206,0.0274683820353633,0.13898979483607
LARGE2,0.0238286989218759,260,0.103552027005457,0.280962636544845
ASCL3,0.0593717318960206,217,0.00503240540098003,0.0565690337042203
EHF,0.0281094026332372,194,0.143186828017993,0.335348922699
DPP3,0.0112524733229551,248,0.426908757768839,0.611780561995157
EYA4,NA,NA,NA,NA
RAB3IL1,0.0134820649576176,239,0.36054885613538,0.553801985949976
OR10S1,NA,NA,NA,NA
ATXN3,0.0198742325009477,225,0.216627570633938,0.419934359146702
AP5B1,0.0252950859508425,250,0.0979580503920029,0.273171707003516
IMMP1L,NA,NA,NA,NA
TATDN3,0.0286597357396435,220,0.0989067979199877,0.274876886091978
SLC24A4,0.0146488682130257,244,0.313104552310799,0.511440243456502
MEX3A,0.0382093405969809,89,0.33904873465958,0.535575264717551
ACER3,NA,NA,NA,NA
TSPAN19,0.0118740954478085,181,0.544396205396343,0.702901156424602
PCDHA9,NA,NA,NA,NA
TSGA10IP,0.0277053696583944,242,0.082937640468331,0.25102038712088
ATP6V0B,0.0456752677465647,200,0.0281258560159089,0.140916956026206
SPA17,0.0148073536642938,209,0.379465036409209,0.572682391717939
EEF1D,0.0333966409289499,243,0.0443473226409932,0.18076225981727
CD3G,0.0157859241313119,238,0.290792427904809,0.49077599723786
CSKMT,0.0465676824365752,214,0.0192681009642792,0.114245127505149
FAM118B,NA,NA,NA,NA
TRAPPC4,0.0618522453865623,205,0.0055402983620013,0.0597056354715215
TRPM5,0.130402679189668,243,6.48692224434373e-07,0.000647601344165177
GSDMD,0.0212571338510135,243,0.16153573000334,0.357111448936389
TMEM25,0.0617874291988258,239,0.00208651470380919,0.0360079285470377
SPTBN2,0.0159666962999419,263,0.242341775635596,0.444863772628272
CCS,0.0195530026066886,219,0.234473134371681,0.437609882672587
KBTBD4,NA,NA,NA,NA
C11orf24,0.0137765957957911,196,0.44253724692285,0.623882238330284
ANKRD42,0.0113873249553993,241,0.434655454048622,0.618383809513321
ZAR1L,0.025656205756,229,0.119160473202313,0.302015479941227
SLC43A3,0.0294940042543543,237,0.0731647297884633,0.234657768467859
PRKY,NA,NA,NA,NA
CYB5R2,0.0149457553820244,213,0.366368257599284,0.559701978776911
SERPINH1,NA,NA,NA,NA
EIF3F,0.0186720896318606,176,0.352175431017491,0.547322304995578
DDIAS,0.00742563950356779,256,0.594794489898039,0.739646076937013
OVCH2,0.0449405303919513,231,0.0159133358259865,0.103615667218693
SAMD1,NA,NA,NA,NA
CSRP3,0.042834460206357,94,0.263239966442626,0.466484515460316
CAPN1,0.0225958250165843,223,0.170609414900003,0.36772406636765
FAM86B1,0.0250256645073669,248,0.103113375636577,0.280609391475951
CACNG5,NA,NA,NA,NA
IGSF9B,0.0278403790180766,218,0.109615111342316,0.288620644625953
TMEM9B,NA,NA,NA,NA
NAALAD2,0.0355171241066626,232,0.041969908083739,0.175947580432686
INTS4,0.0588047741874795,196,0.00945126980023126,0.0789320473283576
DENND2B,0.00931723743802963,239,0.528509155491482,0.691077269439375
SIPA1,0.00420645964646909,240,0.799958903381588,0.877014426570363
CYB5RL,0.0349888063696165,230,0.0457553754824763,0.183661269250791
ZSCAN5C,NA,NA,NA,NA
SELENOH,0.0311817934989887,175,0.143154926350812,0.335335873092503
KMT2A,0.0155418912831012,266,0.248938856620167,0.452319783595245
FGD4,0.00931199022936215,250,0.508950702819301,0.676182290703732
PNLIPRP1,0.0410309212969941,236,0.0218650677809506,0.122459763965781
MAF1,0.0179197862789173,191,0.333326197836029,0.530793577943493
HSPA8,0.227176502932552,31,0.0780238628525347,0.242529074711844
MS4A1,0.0162568533201761,239,0.275946777995692,0.478710026068023
NLRP6,0.0476451406262478,220,0.0152133650815617,0.101250475656635
CFL1,NA,NA,NA,NA
YPEL4,0.0438199556682175,33,0.705010079243333,0.814883429884313
MFSD5,0.0168533631416139,244,0.251348625472385,0.454647932682332
PRORP,0.0508524598482497,240,0.00687465237046681,0.067574398216098
RNF170,NA,NA,NA,NA
DDX6,NA,NA,NA,NA
ADGRD1,0.0363848965620941,256,0.0258124628104291,0.1340732162943
TPBG,0.0516903780884839,232,0.00758986634718063,0.07043526685398
PACC1,0.000319795731691927,224,0.995041930547798,0.997312821866432
TDRD3,0.0344946692473322,238,0.0425255749506236,0.176696729972123
FYCO1,0.0397786373962866,259,0.016458721094125,0.105547971729495
CEP112,0.0309319196381863,256,0.048391841154674,0.187926709243857
NNMT,0.0182354140172196,199,0.306696929210857,0.506101592437091
IST1,0.0287938047848598,187,0.147531980659019,0.339777089633502
CUL7,0.0134561963625813,269,0.307239719004788,0.506669048458498
WSB2,NA,NA,NA,NA
HTATSF1,0.0339141422987655,186,0.099009372968336,0.275023636668425
ARMC6,0.0335517929325487,244,0.0429515992492134,0.177550005854587
GPRC5B,0.0532473727793412,200,0.0141221410685208,0.09801012204381
SULT6B1,0.00563221740558316,189,0.787014310245246,0.868580091445707
ZNF185,0.00627763247206093,217,0.715887594727275,0.821258984966827
MANSC1,0.0470392233006654,256,0.00740030136672011,0.0702599495302907
RAB40C,0.069775021969628,62,0.235087606132561,0.437861842385778
CHMP1A,NA,NA,NA,NA
BEAN1,0.0733832756708363,211,0.00149742988610506,0.0301958032432725
C1R,0.0329478283786872,246,0.0445425202623142,0.181301865791254
MYL6,0.0196210452844244,183,0.311665911586591,0.510100118991594
DENND11,NA,NA,NA,NA
SH2B2,0.0439707626320933,226,0.0194941585215448,0.115210024561668
SLC5A8,0.0675732992349762,250,0.0007675172765009,0.0222213750903763
KIAA1958,0.0415148744379278,189,0.050223036647269,0.191376091480216
MYT1,0.0315122878039723,252,0.0479177568998622,0.187552700601202
NXPE1,NA,NA,NA,NA
SP7,0.0101295569182295,170,0.63429248449509,0.766519506834564
ZMYND8,0.0725731597894057,237,0.000665399500096501,0.0205948466913684
TDO2,0.00952774475167445,223,0.548852019939444,0.706512794768295
BTBD6,NA,NA,NA,NA
FKBP5,0.00217882830059222,190,0.937794550191393,0.96258199538152
SESN3,NA,NA,NA,NA
ZNF324,0.0286694768370722,186,0.150852557149366,0.343229212856054
MYLK3,0.00645467399988956,251,0.656294565637518,0.782244163967711
SEBOX,0.0317074750044188,188,0.115101166975808,0.295739757174344
PLD5,0.0182726142128212,183,0.344093287575182,0.539900469453926
TMEM269,0.0141521190837204,214,0.389410094294648,0.58143005634632
ASB8,0.0215215215215214,73,0.670882427566299,0.792244654379637
STMND1,0.0147185165732372,253,0.294641908309289,0.494278101189029
GCSAML,NA,NA,NA,NA
GLOD4,0.0246041474610488,247,0.109078011556089,0.287741199411564
PIK3CD,0.00557813807684,239,0.722590592689473,0.826008837839659
FAR2,0.0880996345208989,230,0.00015615452011669,0.00970138521076174
CDK5RAP3,0.00564474316624377,244,0.712188058408461,0.819437192260647
RRP12,0.0110841152018935,271,0.392750346348629,0.583429667748289
SEMA6D,0.00605908757373684,212,0.734252426333428,0.83220066759656
CLEC18C,0.0241384356153341,245,0.117097639112649,0.298533579234045
NUTM1,0.0266823537642983,258,0.0765857014755249,0.239974518888951
WNT5B,NA,NA,NA,NA
RHBG,0.0179722687748465,228,0.252985056914399,0.455924392933604
ZNF835,NA,NA,NA,NA
KCNS1,0.0217824813319984,216,0.196517104738862,0.398668659756952
CMIP,NA,NA,NA,NA
ANKRD65,0.0321910716567016,191,0.106086885746675,0.283961133398127
GPR161,0.0132904931669507,223,0.399321885326855,0.588708123753145
ZNF891,NA,NA,NA,NA
NUP153,0.0321979216412738,267,0.0356757206650391,0.159404916928697
TMEM258,NA,NA,NA,NA
CITED2,NA,NA,NA,NA
PHKG1,0.0278017820920008,183,0.167461412332557,0.363468166396599
PLA2G7,0.0359631227934274,262,0.0245713737354035,0.130212340122016
PRKAR1B,NA,NA,NA,NA
PMFBP1,0.0324602577613346,278,0.0294042271735238,0.144193412972213
IQCC,0.0334304684659729,197,0.0876198138252806,0.258136930113064
RABEP1,0.142955022205107,191,5.44589340668786e-06,0.0020919959970226
SALL3,0.0453817053632165,258,0.0086310288423247,0.0750339817992132
ASIC5,0.0540307308763696,225,0.00703890691903184,0.0684069004613899
RNF182,NA,NA,NA,NA
GGA3,0.0237321018224684,252,0.113733122138649,0.294172429642127
CPNE6,0.00819606556325053,215,0.625005058808936,0.760346205844933
RAB19,0.0464008709731972,172,0.0473839271404234,0.186952198283901
ILK,0.0126758760328111,181,0.516043911928627,0.681281622871265
TIFAB,0.000652080891280682,197,0.988303277912988,0.993431998998222
GDAP1L1,0.0149983233893295,171,0.466373432394407,0.642689032133214
FAM216B,0.0243491738090542,200,0.183467451270287,0.383369232537207
CDH22,0.0155657512373668,209,0.356411568488232,0.550567769593648
FZD3,NA,NA,NA,NA
OR52E8,0.0157582317575693,175,0.43314830391465,0.617342972096798
BACH2,0.00769784968324431,229,0.624751932620876,0.760183492295737
BCL7A,0.0177851773329164,199,0.317988820267574,0.516625480816734
NLGN4X,NA,NA,NA,NA
ST8SIA5,NA,NA,NA,NA
SOD2,0.0317774375942752,192,0.10827787061178,0.286640399108633
LRIT2,0.0265961099061826,224,0.115019288998868,0.295729627158235
CPEB2,0.05060657455124,188,0.0237236092289843,0.128104502149715
BANP,NA,NA,NA,NA
SLAMF1,0.00549725482509938,237,0.729761933057349,0.829735746140479
PTHLH,0.0246689171571428,206,0.167661428223412,0.363484049035232
TENT5D,0.0215732439590766,212,0.207702619570983,0.411131764692699
MAFF,NA,NA,NA,NA
FKBP9,0.0227362686509495,185,0.242321725330983,0.444863772628272
ZNF438,0.0206857090006086,282,0.121087822056069,0.304535580485365
SLC34A3,0.0249288312454249,250,0.10194978888412,0.278900910710817
GRM4,NA,NA,NA,NA
FAM180B,0.031376424398628,177,0.137313819991627,0.326874916523105
ACTN1,0.015274402779598,184,0.42428810228535,0.609602529405971
LTO1,NA,NA,NA,NA
IL22,0.0348044127508995,244,0.0374453434406596,0.163913892045601
TMUB2,0.0180355586431355,210,0.287461807750468,0.487433575224332
PCYT2,0.00985371035531052,215,0.550155908116783,0.707100756151869
SAP25,0.0483801618161111,173,0.0398162032233045,0.170312393037045
PAFAH1B3,NA,NA,NA,NA
NCEH1,0.0243427240183009,216,0.155463770859919,0.349265582231773
FAM222A,0.00408902100706786,220,0.826514686178393,0.894501278311354
AUNIP,0.0139684423701693,248,0.327277987474594,0.524171585572992
CDCA3,0.0501360543985103,225,0.0105427050995244,0.0836064085601137
IQSEC3,0.00932683693853761,255,0.499428233884156,0.668704582290644
EVI5L,NA,NA,NA,NA
REEP1,NA,NA,NA,NA
SYT7,0.0179143075133579,173,0.379265247952624,0.572584423651567
HIF1A,0.0361186647529474,218,0.0494866757736243,0.190067039400748
POLG2,0.0385035254439469,243,0.0253501720246661,0.132536859977893
DRAM2,0.022221796263692,190,0.24066994552588,0.44345665888565
MLF2,0.00908506579355416,86,0.856096918510532,0.91347606854475
KLHDC8A,0.0518694324071783,171,0.031813979675241,0.150681608458114
MGP,0.0312917810768758,173,0.145857466995257,0.338067918482414
ATP2A2,NA,NA,NA,NA
BCAT1,0.0454985725112915,239,0.0126893881720282,0.0934922364492593
ACTR3C,0.0446848089429828,74,0.352967913642618,0.547751839667648
ITGA10,0.0181698162672484,249,0.211745541780505,0.415210349517553
NOVA1,NA,NA,NA,NA
DMXL1,0.00658513016741936,258,0.638629567408751,0.769424479284632
PIGB,0.0355634933429211,245,0.0339008130084801,0.156215575403873
ZNF664,0.0491987179487179,25,0.757620242795745,0.849413445863846
TRIL,0.0376128569556627,242,0.0284429377832835,0.141905806295702
ZNF362,0.0749650524128361,59,0.226258249477331,0.428932457922921
H4-16,NA,NA,NA,NA
KLHL35,0.0290925537614938,202,0.119264697753296,0.302050803261166
ZNF668,0.0376693425344598,203,0.0548178589837489,0.201198919889633
PDE10A,0.00510325693115683,203,0.793785831931384,0.873027319125915
PTAFR,0.0334064322387226,243,0.044300103434851,0.18076225981727
PDYN,0.0157780919333158,241,0.285432021917395,0.48560809927063
ADK,0.00299564011002181,195,0.900732811870997,0.941540798751561
CACNB4,NA,NA,NA,NA
MDH1,0.0133912764405096,172,0.514456970710355,0.680173639338134
TRAF1,0.00407002447034447,236,0.81178668867414,0.88525689416507
EVI5,0.00449311467892434,225,0.799689390850674,0.876869916648659
ATP6V0D1,0.0115631257780976,172,0.577132663928617,0.727038734697811
POLDIP2,NA,NA,NA,NA
PLD4,0.00755633614574625,248,0.600590002544279,0.742920966628199
LDHA,0.0202159325511779,193,0.274552195172816,0.477495119175335
LMO3,NA,NA,NA,NA
TRAPPC1,0.0147921362420037,46,0.881253004453004,0.929955942059281
CACFD1,NA,NA,NA,NA
MYPN,0.0783012958926579,259,0.000154160738036513,0.00967187763366027
ARF1,NA,NA,NA,NA
SSH2,0.00925231878820668,270,0.477305201373356,0.652458843478702
FHL5,0.00743677550205713,216,0.659637736096714,0.784660187643551
TRERF1,0.0533029562359229,243,0.00485947886025851,0.0556067589975313
ACVR1B,0.0227285003296617,189,0.233458153619847,0.436385210517947
TIMM8B,NA,NA,NA,NA
KIFC3,0.0252343418162172,237,0.113805114299166,0.294239126210754
CCDC189,0.0194045339741052,224,0.228230252814854,0.431139201994953
CNOT4,NA,NA,NA,NA
SFSWAP,0.0618056527235116,245,0.00174906722090361,0.0326151099933065
PDGFRL,0.00743533504675456,221,0.651305846262851,0.778876174460439
TUBA1C,NA,NA,NA,NA
PARPBP,0.0299899155028072,252,0.0568568459882719,0.205310119225016
HNF1A,0.0310761294024421,224,0.0741634557863384,0.236540084617646
TMEM14C,NA,NA,NA,NA
COA4,NA,NA,NA,NA
ENO2,NA,NA,NA,NA
MMAA,0.00255318445631874,234,0.897600736264774,0.939655020308085
STOML1,0.00426523913307724,219,0.818225724961497,0.889453220170413
PRKAB1,NA,NA,NA,NA
AKAP7,0.00602494374867987,243,0.691988814399328,0.806389793099125
LDHC,0.0364478484610576,230,0.0393669273725691,0.169039043958879
HES7,NA,NA,NA,NA
CLDN2,NA,NA,NA,NA
CLDN24,NA,NA,NA,NA
GABRB3,0.0699963101121392,214,0.00189589849186304,0.0341529889566729
OPCML,NA,NA,NA,NA
POLR1B,0.00932033333958913,240,0.526540395765712,0.689352228666952
PDCD2,0.0402355351652599,209,0.0389706525370447,0.167813492336181
SENP8,NA,NA,NA,NA
CYB561,0.00409906613116829,180,0.865242405798831,0.918157580424422
NKRF,0.00861642309232728,203,0.627963720985038,0.76245576464535
TBC1D30,0.0166772446640522,264,0.222676275406352,0.425619381965164
GTDC1,0.00400767947277602,243,0.808544773234255,0.882855472557568
TRPM1,0.0545564371938002,272,0.00201010542220549,0.035051432729451
TMEM50B,0.112099755290799,61,0.0811638126525702,0.24860565607098
BBS12,0.0137727650470414,231,0.366479573810043,0.559784582878953
FBXL17,NA,NA,NA,NA
SLC39A11,0.0170265042655776,214,0.304704266483117,0.504119711344372
OR10G2,NA,NA,NA,NA
C17orf100,NA,NA,NA,NA
YTHDF2,0.0449518861620504,91,0.256574663007951,0.460179539229582
MOSMO,NA,NA,NA,NA
MAP3K8,0.0203003833432831,189,0.281975957830771,0.482629458262693
LPAR2,0.0379375921557927,172,0.0901635879620045,0.262473932864935
TBC1D10C,0.0235828049640452,219,0.161755275554754,0.357286713400163
HTR2A,0.0119903702835443,205,0.485122654283741,0.658894521204683
DND1,0.0235392972227822,203,0.190646786636832,0.391814987027061
NELFA,0.0597455464220745,188,0.010829166341654,0.0850085921008319
USP36,0.0332018291067924,270,0.0302184828395595,0.146275250060415
PTK6,0.0339493859873301,171,0.123277778341689,0.30724723879352
OTUB1,NA,NA,NA,NA
NLRP2,NA,NA,NA,NA
ANAPC15,NA,NA,NA,NA
LRP6,NA,NA,NA,NA
FAM186A,0.0108353337561924,217,0.504819472613049,0.673374612819417
RPH3A,0.0052401233634333,254,0.723027468722184,0.826242964705764
COPS7A,0.0425234793159325,53,0.529741582165329,0.692120310879937
HDAC4,0.0495994295645894,226,0.0108920667967678,0.0854195583273616
GPN3,0.00196913309311122,202,0.941109618384561,0.964045049444685
RGS13,0.0147723653505398,195,0.412776028776176,0.599579779025249
GPHN,0.0534178999295275,44,0.513101681160596,0.67936678427222
ACADVL,0.0505277009920437,248,0.00590643081283123,0.0621688453158831
ME3,0.0132212656150942,210,0.429586319228363,0.614072812152461
SHD,0.00422101267730313,179,0.86106679509127,0.915863810944628
GTF2H3,0.0073246743432859,170,0.743936586753975,0.839441514033723
DYRK4,0.0173952752749102,239,0.246730361958966,0.449743507930354
POU2F3,0.00864883721517668,219,0.596519599829603,0.740547190118903
SUDS3,0.012100998068836,74,0.829438353618958,0.896142422097986
PCDH7,0.00595715339699327,199,0.757921206754563,0.849426653398989
LATS1,0.00217768035787795,237,0.915819997848795,0.950087919734605
FGD5,0.095022053278333,238,5.08346721923107e-05,0.0053068064347645
PRRG1,NA,NA,NA,NA
GNS,0.00408282112927527,234,0.81303419153404,0.886015587969807
KRTCAP3,0.00630864028501131,218,0.712823016133368,0.81985551558682
RAN,NA,NA,NA,NA
LRTM2,0.0524617982205084,197,0.0163112004480346,0.105184531091731
HSD3B2,0.0216963073733669,229,0.175737551973689,0.373779803262676
SMG8,0.0523084011805772,188,0.0205161601784075,0.118769916378272
SYCP2L,0.0278097604230885,263,0.0633152074409907,0.217573117305966
IZUMO3,0.0174591569152068,232,0.257915745305524,0.461182437607593
IL4R,0.00885925331996589,241,0.546626358471398,0.704853022323755
SCO2,0.00330641392161296,226,0.862822576896578,0.916964981588352
C12orf56,0.0229671542223388,214,0.179878125188851,0.379252166357719
TIMM50,0.0266199740386325,233,0.103361952874092,0.280686104862354
ZNF641,0.0573967498019219,175,0.0186766693847255,0.112291164629072
GPR17,0.0342754493461441,224,0.0539855347443584,0.19975090656885
MYCBP2,0.00589383386396639,242,0.700756639401292,0.812013152526144
CHD4,0.0201580696332109,192,0.278101770263817,0.480454788708046
DRD2,0.031653510700527,175,0.138178149185456,0.327875330064582
ZNRF3,0.0153949650286565,252,0.276513632774572,0.479270226866759
ANKRD49,NA,NA,NA,NA
ITGAM,0.00883518064472371,254,0.525028743805387,0.688080477578248
SSUH2,0.0488054946093354,230,0.0108089816282041,0.084951407984895
H2AJ,NA,NA,NA,NA
PAAF1,0.0101799868319932,187,0.59480738104679,0.739646076937013
PHC1,0.000590914289738987,227,0.987528027210971,0.993008081616873
ZHX3,0.046132433678252,261,0.00740225588164741,0.0702599495302907
TCEANC,0.00153294261310807,234,0.948939737791024,0.968870971661575
EGR4,0.0260652290292904,244,0.0964504360463315,0.271150519835784
CCR3,0.0062946172708003,231,0.694378228652547,0.807805612469216
CEPT1,NA,NA,NA,NA
PCSK5,0.0240751231712659,285,0.0772672064078804,0.241194887453619
RBM19,0.0242016084671723,264,0.0951403864397513,0.269747987911102
ABLIM2,0.0673731184972333,215,0.00238819593952955,0.0385990653373709
SMAD5,0.107220986767465,59,0.101436269788767,0.278424873643734
AK4,NA,NA,NA,NA
CCDC91,0.0212851523121799,211,0.214992529591777,0.418286679839353
ARHGEF28,0.0116393450327535,284,0.348487721878295,0.543894233922359
MOV10L1,0.0986394157488729,264,9.80705708163082e-06,0.00244907213709118
TRMT2B,NA,NA,NA,NA
ATP1A3,0.118585777564105,90,0.0143981345048515,0.0987170366372005
BANF2,NA,NA,NA,NA
C2CD5,0.0157302449906337,186,0.405695425063088,0.594926532366551
SLCO1C1,0.0175167242476907,259,0.210573903181551,0.413868708475344
CAND1,0.0212284711632965,59,0.74551912101924,0.84037428687551
RNF24,0.138329318712174,60,0.0427906321961789,0.177383543087719
DDX11,0.0154862382179252,247,0.282769770278506,0.483468357399255
MMAB,0.0161314502978834,216,0.32490184636117,0.522074113375761
NR4A1,0.00529994109741277,244,0.732011730730758,0.830844078298453
DAPK3,NA,NA,NA,NA
SLC25A14,0.00853755042749071,87,0.865124837791869,0.91814793302448
RAI2,0.045483388421597,240,0.0124469716838928,0.0925961631811091
MTHFD1,0.00808062610697136,252,0.566566711393789,0.718611736513903
ANHX,0.0889433777228041,192,0.000710707616007504,0.0213822936396961
AKAP3,0.0381437693342491,268,0.0170620876079514,0.10736301767533
SLC29A2,0.0156208321147769,235,0.301174826446466,0.501194878611888
TSPAN11,0.00516362127934542,201,0.793334340232819,0.872876106648991
ANO2,0.0242073608424133,261,0.0981541418033708,0.273363470371251
MPDZ,0.0123042499066205,276,0.33616625095403,0.533942711088514
SKP2,0.0195323461545977,209,0.254769819968011,0.458233078253437
ERC1,0.00570286030916974,175,0.803115680264447,0.879264274378749
FAM214A,0.014161276212922,253,0.311968048768873,0.510238226418437
ERFE,0.00206593772932588,218,0.930091852640927,0.958308375959457
RFLNA,0.0371332211953317,202,0.0584965048804421,0.208920775703116
CPM,0.0395034667867302,236,0.0257518483267873,0.133922229599822
C17orf49,NA,NA,NA,NA
RASAL1,0.0276620909736204,264,0.0636267325472136,0.217894612993093
VPS29,NA,NA,NA,NA
CLEC5A,0.00176983622866958,207,0.947456946305269,0.967589741652146
TRIAP1,0.00623117692473554,47,0.866479291380588,0.919010680798065
PRSS58,0.0595320941541944,210,0.00601213276244454,0.0625948633539189
OTOGL,0.0045425325745438,277,0.740146397746235,0.836830812670047
TAS2R38,0.0295690081705317,208,0.105879398430581,0.283961133398127
CLBA1,0.0285882840143197,187,0.149975965968341,0.342303207298285
SLC16A7,0.0327865932693778,249,0.0433790440255154,0.178505817353462
MAP3K12,0.00431968453845775,198,0.837238887506571,0.901130268848449
RAB5C,NA,NA,NA,NA
BRF1,0.042663061870809,216,0.0270824652134955,0.1381346723905
AGAP2,0.00603949858703094,224,0.718049144908555,0.822682846416915
GAS2L3,0.0314027670247882,265,0.0403774778657326,0.171753415648604
ANKS1B,0.00351004579495537,241,0.839298269819394,0.902812733481403
TMEM263,0.0693930719226883,58,0.266320012640525,0.469460440275395
TWF1,NA,NA,NA,NA
C12orf54,0.0461887001619042,177,0.0434154308504372,0.178519126722002
TEX49,0.00179200030627967,207,0.946538578171475,0.96711715456012
C19orf67,0.0194095817492812,228,0.220831999697777,0.424082682169917
METTL7A,0.00447733586000239,194,0.834075286258804,0.899321270385381
OR6C68,NA,NA,NA,NA
GLT8D2,0.00318382326786018,172,0.909026509866305,0.945940160932859
PRPF40B,0.0108538457953232,210,0.518591250452122,0.683546076093099
BLOC1S1,NA,NA,NA,NA
COPZ1,NA,NA,NA,NA
CD63,0.0388487016424427,217,0.0385801133159819,0.166617946148642
PPHLN1,0.0297019145147747,200,0.116037581331865,0.297056208209575
KRT74,0.0176693345337271,217,0.281963912311215,0.482629458262693
RNASEK,NA,NA,NA,NA
PPFIA2,NA,NA,NA,NA
DNAJC22,0.0204522373149259,214,0.225469255447517,0.428210026450876
KCNC2,0.0491227380783562,174,0.0367624306698649,0.162202776541545
SENP1,0.0023644532130306,228,0.9107507891582,0.947323254568701
DAZAP2,NA,NA,NA,NA
BEST2,0.0397569437290269,225,0.0305732938222921,0.147437133707199
WSCD2,0.0331949615440307,215,0.0686642669774052,0.227795807299878
RPL18,0.0166380494505496,64,0.78959187030669,0.870293557786759
ZBED6,0.0326375560245601,226,0.061720308779462,0.214890610337678
ATXN2,0.0302838738704845,236,0.0682694005807774,0.227018038067045
FRS2,NA,NA,NA,NA
FMNL3,0.00222038678875982,184,0.938931620735069,0.963286057812296
RAB3IP,0.0369573806853603,202,0.0594260969686529,0.210621568143122
UBE2N,NA,NA,NA,NA
ACVRL1,0.00283557609319377,239,0.879098925221889,0.92845210312845
OR11H12,NA,NA,NA,NA
TROAP,0.00541028136667798,221,0.755340845279613,0.847354972736822
TBC1D15,0.00396458100715537,218,0.834992802556515,0.899663979462836
FKBP11,NA,NA,NA,NA
TPCN1,0.00273432681273847,259,0.871919823799987,0.92316658707429
NACA,0.0375944898500034,227,0.0367936417578928,0.162202776541545
PFDN5,0.00964270287432347,82,0.853991914459231,0.912453105918857
DDIT3,0.0267275384252693,196,0.156924329073501,0.351184019518556
RDH12,0.0391989460830229,206,0.0452779194794031,0.182855581644606
ASPG,0.0238448489622602,262,0.101228320449582,0.278334172980542
CNTN1,0.0716398773455606,205,0.00217752112191932,0.0368298924419182
SPIC,0.0341510965438664,205,0.0729627654767323,0.23436413142791
NR1H4,0.0124414003537718,215,0.446644621497265,0.626762897910917
MAPKAPK5,NA,NA,NA,NA
NPAS3,0.0127720330369344,181,0.512719033094139,0.679075458141322
TAFA2,0.0494264507422405,39,0.598066235531123,0.741352545157811
DTX3,0.0591964113447808,72,0.24036717969112,0.443026975477004
UNC13A,0.0766449746982509,198,0.00173392253263086,0.0324753490817451
TMTC1,0.0053359984780034,198,0.78886770151837,0.869796471867195
APPL2,0.0190764518822459,233,0.219010817038504,0.42236746955343
ARL1,NA,NA,NA,NA
MARF1,0.0209037357860741,280,0.120068665016154,0.302965706308793
GATC,0.0186977464649725,205,0.282222516283254,0.482986558369192
BAZ2A,0.0387190217959184,263,0.0173778624429762,0.108280066572282
KRT4,0.00350527488473818,256,0.826912869612562,0.894622437700635
APAF1,0.0191136532955651,263,0.171228547169819,0.368287442483517
MYRFL,0.0842032058987846,256,8.40040926017441e-05,0.00683126274049666
SARNP,NA,NA,NA,NA
SLC38A1,0.0498277977506087,233,0.00905274326418526,0.0775482570660429
NUP37,0.0799422205721532,186,0.00200584288104231,0.0350430931864949
CSRP2,0.0147714177296273,184,0.439688949150697,0.621965250865008
INAFM1,NA,NA,NA,NA
TMEM116,0.0186409667319822,216,0.260622256843469,0.463447905848594
RITA1,0.0407058097961284,257,0.0153086866728183,0.101494759742329
TGFBR1,NA,NA,NA,NA
FICD,0.0196064577324819,221,0.229548812023733,0.432028028658825
TMBIM6,0.0622919807200171,219,0.00353691692189213,0.0471555470847668
NWD1,0.0389987463340935,224,0.0336071135733769,0.15541726808822
LIN7A,0.123253245012827,41,0.17698546319949,0.375771082037003
IFT81,0.00109463271088425,202,0.974294259941435,0.984037213284214
SPATS2,0.0233778273124111,230,0.147666860381701,0.339903331614195
C12orf45,0.0106844520245592,203,0.540216709400248,0.70006105117232
MYL6B,NA,NA,NA,NA
PAH,0.0035990093517413,217,0.854867997387073,0.912959956972585
CDK2,0.0296881660849271,77,0.520944198661476,0.684912285965991
ZFP37,0.0255364090706821,234,0.114069164880899,0.294563034047674
ATP5MPL,NA,NA,NA,NA
TTC6,0.0251632917041082,266,0.0832573241495126,0.25162916003042
EMX2,NA,NA,NA,NA
ALDH6A1,0.0255944947646358,198,0.168739091445325,0.365051990597531
UNC79,0.0153817558814391,269,0.248556085507681,0.451971773989981
G2E3,0.0419978516989608,250,0.015052229569036,0.100866222286763
SRSF5,NA,NA,NA,NA
TIMELESS,0.0235939266111382,266,0.0999561299097607,0.276627829320016
STAT6,0.00406631397570002,258,0.790354746164731,0.870764788981963
HEATR4,0.0867816607445388,274,2.89737835115523e-05,0.00392407522420294
GSTZ1,0.055282871705555,211,0.0088482905580575,0.0762536734381589
GTF2A1,NA,NA,NA,NA
DNAL1,NA,NA,NA,NA
RNASE9,0.0230718750537452,178,0.252564440127543,0.455649242165957
SERPINA5,0.00575119501024896,240,0.711514430485882,0.818890998253044
C14orf132,NA,NA,NA,NA
OR13A1,NA,NA,NA,NA
PRAF2,NA,NA,NA,NA
ZFYVE1,0.00689739656490182,199,0.713597810343734,0.820008127389006
TCL1A,0.04996319679112,180,0.0300527901716242,0.14596364225489
ZBTB1,0.0318118256394585,197,0.10071502326653,0.27764210742912
DUXA,NA,NA,NA,NA
DMAC2L,0.0350159402618887,219,0.0542262910342029,0.20029757616346
JKAMP,NA,NA,NA,NA
BDKRB2,0.0107567533626148,233,0.476092798244148,0.651290856975024
SAMD4A,0.0182242570506504,186,0.337816198781441,0.534794311520152
HNRNPC,0.0681085023617671,60,0.25948392901198,0.462121313386601
VTI1B,NA,NA,NA,NA
PPP4R3A,NA,NA,NA,NA
SERPINA10,0.0293422680457231,187,0.141192951386056,0.332324728029298
MAP3K9,0.0197795125032331,223,0.222216531061942,0.425586427008254
IL11RA,0.021218836093572,233,0.177540446390548,0.376294745420207
ASB2,0.0176746183490209,242,0.234763785828485,0.43770837852212
SERPINA4,0.0521622885508153,195,0.0175773113448498,0.10886756865931
HSD17B6,NA,NA,NA,NA
NUMB,0.00344730556888064,214,0.865113767272282,0.91814793302448
CEP128,0.0085590883408862,274,0.505539702152899,0.673629801906186
APEX1,0.022613351786394,171,0.278778632363988,0.481166101339985
MC1R,0.00925506886844626,186,0.634227589929004,0.766519506834564
ACYP1,0.0201422786399559,190,0.283085647803254,0.483813581645496
RAX2,NA,NA,NA,NA
PTGR2,0.0419578236422353,219,0.0274013813504393,0.1388448383804
SLC7A7,0.0492123598449866,233,0.00967084785614045,0.0799791677245486
ITGA7,0.008950481955408,260,0.509048037316849,0.676182290703732
SNW1,0.00806748622732863,198,0.661819583770544,0.785694837705224
SIPA1L1,0.0230706945242512,243,0.133751476530754,0.321954036117119
RNASE4,0.00490239820711689,188,0.821384253148313,0.891662433199023
TMEM30B,0.0524915370826961,213,0.011052438640957,0.0861467922467742
FBLN5,0.0262670748553779,172,0.213034526784168,0.416839412063782
VIPAS39,0.0288621226625848,208,0.112859464702308,0.293162990505526
CEP95,0.0395368802046898,269,0.0141243707194196,0.09801012204381
PROX2,0.0175380937394168,264,0.202470794914081,0.405013395480555
NAA30,0.0211096570275255,187,0.26952248126502,0.472554834993295
DPF3,0.0535797427981446,87,0.202869028349356,0.405483356098149
RNASE12,0.0160589079194692,211,0.337696343174842,0.53467188297797
PTPN21,0.0226867849809364,245,0.136526222638144,0.326106146196436
TMEM179,0.0172155069933774,178,0.38441334793,0.576733231150486
TGFB3,NA,NA,NA,NA
ISCA2,0.0170392467407272,192,0.354026315567362,0.548376517112351
SRP54,NA,NA,NA,NA
TMEM229B,0.103690363302608,99,0.0172408220844715,0.10779534122132
DIO2,0.0198304880407462,178,0.319467935895116,0.517543150623935
ERH,NA,NA,NA,NA
FOXP3,0.0534520511888938,235,0.00583151670014919,0.0617498800648246
RGMA,0.00630601943734593,218,0.712956908812859,0.81985551558682
GNG2,NA,NA,NA,NA
RPS6KL1,0.0103240837302652,257,0.450006890478153,0.629736719220605
SLIRP,NA,NA,NA,NA
ETFRF1,NA,NA,NA,NA
RD3L,0.0149693237583019,216,0.359161607392587,0.552794095583903
NEDD1,0.0118066051217917,252,0.397293634044919,0.587135266093768
CNIH1,NA,NA,NA,NA
LDLR,0.0116522295152391,219,0.468072323166395,0.644039460658239
MEF2A,0.0205696103752021,191,0.271546115414156,0.474404845804485
ETFA,0.00863881488427084,183,0.665694923344673,0.788091703264338
PSTPIP1,0.00519793037150284,237,0.746605160348942,0.841036911569443
GDPGP1,0.0341550893361979,233,0.0476092007760494,0.187355608246868
SEC11A,NA,NA,NA,NA
SHISA9,NA,NA,NA,NA
TTC23,0.0276374646838,252,0.0739330177396227,0.236170281899131
RPL28,0.00433704888177104,74,0.956875951468368,0.973928883393362
SRP14,NA,NA,NA,NA
CCDC9B,0.0214419637871825,260,0.135475348826074,0.324337950250604
TRIM69,0.0157667231897897,234,0.298929189228247,0.498970067652764
WDR72,0.0333989844824905,275,0.0273451890074962,0.1388448383804
CERS4,0.0607657644453727,220,0.00401629999481952,0.0504376910339993
SECISBP2L,0.0363393714669296,238,0.0349133233635037,0.158240600127254
ITGB3,0.0119789436958425,221,0.451322857076811,0.63061414237304
MAN2A2,0.0154128323449677,248,0.283076490773116,0.483813581645496
CCDC32,0.0275824927227291,183,0.170337496976417,0.367324477055817
TLE3,NA,NA,NA,NA
GALK2,0.00537892272121369,236,0.737687690646636,0.83497458621316
ZNF592,0.0236508330049419,240,0.129793914439029,0.316438279517042
LRRC49,0.0119176887243686,223,0.449529365824291,0.629260153189476
AP4E1,0.0578603703682461,261,0.00177968564914286,0.032992833227778
PEAK1,0.0145089435203118,270,0.272141221366034,0.474869226232744
ISG20,0.0334217380142441,218,0.0642702035789352,0.218570176977655
DMXL2,0.0215648091528652,271,0.120572753780781,0.303661180967378
NRL,0.0496099126400981,189,0.0252486956882786,0.132169086841725
APBA2,0.025630572864837,233,0.114252629924332,0.294797709626477
GPR176,0.0295085766393644,235,0.0749879531428979,0.237514690680912
RASGRP1,0.00832304425455577,228,0.595691012549015,0.740144638259772
RNF111,0.00890729939098542,226,0.571547386842022,0.722288898473903
MEIS2,0.0178652236474688,59,0.792497675254348,0.872439311266262
MEIS3,0.0743663978458466,216,0.00114000881430523,0.0267315148840143
TLN2,0.0302761574386867,193,0.121070048464641,0.304535580485365
CDIPT,0.0181322010895193,209,0.287218863533001,0.487433575224332
TSNAXIP1,0.0206475996988985,268,0.137868544623825,0.327501116466388
ZNF423,0.0245872631808557,200,0.179812274382067,0.379252166357719
TLE7,0.0107686642152308,228,0.485407149767653,0.658894521204683
TMEM170A,0.0934875330261754,82,0.0557248336566404,0.202890646498277
AL845331,0.0356278778494971,225,0.0464134209264668,0.185130388011112
ARPP19,0.0536757929339653,91,0.184612747473869,0.384942362774591
FRRS1L,NA,NA,NA,NA
ZNF598,0.0242293334702428,250,0.110010702694657,0.289243664227735
ADAL,0.0074200912118954,221,0.652061331917443,0.779267441428221
TPBGL,0.0207612904603338,189,0.272116947452542,0.474869226232744
SCAMP5,NA,NA,NA,NA
FBXL19,NA,NA,NA,NA
NETO2,0.0203645558797214,174,0.317782558279546,0.516625480816734
XKR7,0.00720777044229154,222,0.660996846037967,0.785378772034591
CENPT,0.0541850832835858,251,0.00359256254391654,0.0474143798542187
SLC22A31,NA,NA,NA,NA
HAPLN3,0.0208102858915137,218,0.210882445547987,0.41415556306849
CNN2,0.00458913893760202,190,0.833299646035912,0.8988654435431
DYNLRB2,NA,NA,NA,NA
INO80E,NA,NA,NA,NA
DDX19B,NA,NA,NA,NA
EARS2,0.0312325153548136,255,0.0474156260279193,0.186961428201728
RBM15B,0.0605960245096687,170,0.0166268862213489,0.105993934241695
SCAPER,0.0161091911549871,242,0.274455595954041,0.477392306756441
SULT1A3,0.0383335917096818,236,0.029179490968224,0.143595335912119
SNAPC5,NA,NA,NA,NA
TCF24,0.0311234954575256,197,0.106835510783619,0.285133500699952
PDXDC1,0.00215371521722795,258,0.906988851339957,0.944528902334099
C13orf42,0.00654557945463133,237,0.671979677986033,0.792780068288535
PECAM1,0.0137305904875285,253,0.325972848854843,0.522936163624547
STRA6,0.0441246717562655,272,0.00752917552528515,0.0702599495302907
PLCG2,0.0218058168797494,231,0.1706774682814,0.367768958233225
MKRN2OS,0.0374548837501487,213,0.0472589016809643,0.186574510790069
KCTD5,NA,NA,NA,NA
EIF3C,NA,NA,NA,NA
DET1,NA,NA,NA,NA
MINAR2,0.0134671585970675,222,0.395302708136693,0.585551906353678
ZNF106,0.0274715863964281,267,0.0627180808818582,0.216747398308477
DOC2A,0.0335265669554751,178,0.114855676091463,0.295535610295752
KLHL36,0.00311532439762321,185,0.902534797573985,0.942413317406615
SULT1A4,0.0456718318483945,235,0.0135432734216135,0.0959887836440868
BLOC1S6,NA,NA,NA,NA
AARS1,0.00116083581927615,233,0.965692460963239,0.978679015105261
TMEM249,0.00819571087115846,232,0.594864538792857,0.739646076937013
ANKRD66,0.0234543862397317,203,0.192035929865827,0.393210547069321
TMEM178B,0.0471605521166076,60,0.426393376798823,0.611616854027459
ARMH2,0.023707560743138,233,0.138629401240813,0.328419652939544
SLC25A24,0.0309599582233504,206,0.0959044978525672,0.270829198370354
HSPB9,0.0065352940109901,204,0.722811232060717,0.826069979497963
MAN2C1,0.0526357371785615,261,0.00336638157569338,0.0462557595862662
ESRP2,0.0118187785939076,223,0.453337790114108,0.631973521770281
CMC2,NA,NA,NA,NA
SPNS1,0.0313412861491736,230,0.0664605644249465,0.223412143107959
OGFOD1,0.00971500126897014,248,0.493708097720687,0.664873575206855
SNX29,0.0105554965440664,237,0.476902170299097,0.652041934327401
HEXA,0.0417519604269931,228,0.0235698357246288,0.127560643193992
SPSB3,0.0148943656987818,202,0.392587102843742,0.583361257941653
NPW,NA,NA,NA,NA
WWOX,0.00296837012096489,201,0.897879021844815,0.93986909034401
SNUPN,0.0351692751319064,193,0.080219078307959,0.246661077095646
SCX,NA,NA,NA,NA
MDFIC2,0.0379576326264715,196,0.0601376994588107,0.212115733751982
CDIP1,NA,NA,NA,NA
INTS14,0.0161844187176442,174,0.423515648478658,0.609204348206933
TAF1C,0.0382480314694974,264,0.0180692918369584,0.110510693532792
ABAT,0.0287046572917539,222,0.0960334144835948,0.270878295287155
MACF1,0.027714711740936,280,0.0518782653038265,0.194730794845132
CTU2,0.0142204733057831,264,0.290944542063996,0.490850249730868
KCTD13,NA,NA,NA,NA
ZNF747,0.0295213247340606,184,0.144593973281715,0.336971426114532
METRN,0.0885658103251933,174,0.00156124827348482,0.0308758664768675
ASIP,0.0130955981180047,191,0.477433976552255,0.652564834231543
SYT16,0.0119924858837447,247,0.399374857822485,0.588708123753145
TMEM231,0.0453203391171648,178,0.0455653540208216,0.18323976912194
EME2,0.0682552457856803,211,0.00248450152577903,0.0393448531418319
PDK3,NA,NA,NA,NA
TBL3,0.00310612304771512,262,0.84690651127473,0.907471085949433
TUBB8,NA,NA,NA,NA
SQOR,0.0164312057924051,239,0.271277927680544,0.474062451470858
WFDC1,0.0309129400142665,211,0.0899897220699032,0.262207526946302
ULK3,0.0123284154715947,226,0.427815565350249,0.612538800671421
FUS,0.0256626815708143,179,0.20630815874663,0.409722806023496
NUB1,0.0446105045884912,229,0.0171655894420601,0.107642022222589
COX5A,NA,NA,NA,NA
ADGRG1,0.0215243420582831,250,0.147283913194188,0.339577730750785
PHLPP2,0.0306209864056812,254,0.0515378005725426,0.193910023069986
ZNF865,0.0297168741318364,208,0.104472501027053,0.282135039194717
HAS3,NA,NA,NA,NA
CNOT1,NA,NA,NA,NA
SERTM2,0.0563676105379351,66,0.300119314546522,0.500238135069297
C15orf41,NA,NA,NA,NA
CLN3,0.02636782483673,233,0.106039078273826,0.283961133398127
SCRT1,NA,NA,NA,NA
ANTKMT,0.00381933166609555,210,0.849887879647148,0.909248754982816
TMC7,0.00848583120554581,221,0.600489726200024,0.74286907750204
MRC1,0.0279835096386888,273,0.0547613428653728,0.201107399865452
BOP1,0.00725034505373722,258,0.60124965911982,0.743583707190942
INSYN1,0.017201315512941,204,0.321818470185948,0.519770697423177
C15orf65,NA,NA,NA,NA
PARP6,0.0614176952289815,62,0.290173149468478,0.490331418831452
NUP93,0.0200614087758063,209,0.243401997704813,0.446166931889537
CDYL2,0.0232391575162196,183,0.237722281925938,0.440510625574881
OBSCN,0.0455138526550621,197,0.0303638079671579,0.14670465032994
ZFP90,0.0566454515331499,213,0.00735295425040089,0.0702529822453907
ANKFY1,0.0317974300390107,244,0.0520091733618845,0.19491359112122
GPR139,NA,NA,NA,NA
PRSS33,0.0198483382929316,175,0.326828662348546,0.523781281448481
ALOX15,0.0257104178022502,189,0.184398463760519,0.384684493768053
GCGR,NA,NA,NA,NA
RSL1D1,0.0897881178837838,220,0.0001992877374612,0.0107789537861943
PDE6G,0.044269075827295,73,0.363628253615557,0.557013267279158
MMP12,0.00117545362166382,243,0.962924180197046,0.977351160263754
PCDHGA4,0.0129830925285348,203,0.453543908894672,0.632128028543308
MRTFB,0.0183749666879773,262,0.187369781974621,0.387959932243339
SLC43A2,0.00726562051986516,213,0.672998179718546,0.793565856577669
RNF167,0.0825166660169424,205,0.000764743834046796,0.0222213750903763
TOM1L1,0.0325630387162284,252,0.0425622212726648,0.176696729972123
OVCA2,0.0403836203905599,212,0.0363872386262374,0.161192303006525
NLRP1,NA,NA,NA,NA
MYL4,NA,NA,NA,NA
OR1R1P,NA,NA,NA,NA
PIMREG,0.0814618527115521,206,0.000814700269571723,0.0229494700642564
MCRIP1,NA,NA,NA,NA
CIC,0.00407670572762883,254,0.793653106448367,0.872956728882149
KANSL1,0.0173244512029769,239,0.248462387479248,0.451874328840313
DNAH2,0.0469888725016006,281,0.00430932986429703,0.0523793932183251
SRGAP2,0.0570556457015419,179,0.0172863311811801,0.108026846871202
SPATA22,0.0368173959591555,225,0.0411716787938407,0.173745030191635
ACTG1,NA,NA,NA,NA
MYMX,NA,NA,NA,NA
PCDHGA9,0.0305357713088711,191,0.12166168005929,0.305026216188784
NUP88,0.0400751548118656,231,0.026537194895811,0.136429277135885
CTDNEP1,0.147646471175883,34,0.181387784499,0.380711078342002
MIS12,0.0405601267975536,181,0.0629031888298556,0.216869485316649
ACSM2A,0.0155515558560351,176,0.436582191181877,0.61983667930104
ZP2,0.00564748481612411,253,0.70011354913349,0.812013152526144
SCIMP,0.0376656856142904,203,0.0548359639590508,0.201207386050842
GGT6,0.0706299902114044,248,0.000572211852188906,0.0193270492925283
PLSCR3,0.0385385530218224,193,0.0602003660294634,0.212150487479592
ABR,NA,NA,NA,NA
CTRL,0.0387823305380465,204,0.048714725284173,0.188523470440361
METTL4,0.0267860181428168,251,0.0822267923246057,0.249955049041515
NMRAL1,0.00142395832024799,220,0.957785221351226,0.974309311432045
USP6,0.047858566181502,197,0.0246396980889328,0.130320263646449
TSPAN10,0.0486268007047957,223,0.0128867534976332,0.0936256089822342
ZNF213,0.0113248292083232,242,0.43527372958104,0.618938721284182
WSCD1,0.0297835752941076,215,0.0947793983957932,0.26908390948926
HCFC1R1,0.0208469008086755,185,0.279745946829553,0.481527451532537
NAA38,NA,NA,NA,NA
BAIAP2,0.00590445654836122,212,0.742032187017554,0.837974723433317
NLGN2,NA,NA,NA,NA
TMEM100,NA,NA,NA,NA
LITAF,NA,NA,NA,NA
NPY4R2,0.0593135303927712,216,0.00520380913513951,0.0574924711929785
PAM16,NA,NA,NA,NA
PCDHGB3,0.0397697764637651,172,0.0785312283829009,0.243410495177568
RUNX2,0.0394940309710072,213,0.0389049118192295,0.167622786512079
ATPAF1,0.0326182413095624,215,0.0725282191930259,0.233730054968875
SPON1,0.00111252596903801,190,0.975915011640206,0.985332837714937
GFY,0.0090173500648532,249,0.524833289513552,0.688041276348344
AIPL1,NA,NA,NA,NA
TNK1,0.0266235489442207,249,0.0857013418113857,0.255379571668182
INCA1,0.0667375455694096,232,0.00149328385614876,0.0301958032432725
CCNQ,NA,NA,NA,NA
GOSR2,NA,NA,NA,NA
ZSCAN10,0.0230660865804054,223,0.163171276823698,0.358887477172397
GRAPL,0.0375536226569334,59,0.536272856009455,0.697576457372731
CDH8,NA,NA,NA,NA
FBXL20,NA,NA,NA,NA
RNF43,0.0127273867340022,259,0.349922542425387,0.544937232567929
SLC25A35,0.00811739355510545,203,0.650418946964894,0.778473424353434
MIEN1,0.036614456532613,190,0.0744874686990341,0.236907789508053
CUEDC1,0.0628504302665554,209,0.00448160005126763,0.0534143942539299
HEXD,0.0259199511626043,234,0.109711444018625,0.288814312651331
YES1,NA,NA,NA,NA
SEC22B,0.266386554621849,35,0.0285407099936913,0.142043579941336
TAF4B,0.0218898344177741,245,0.148456346178594,0.340735272108591
H4C14,NA,NA,NA,NA
NCOA4,0.00842660417826018,255,0.543791418378079,0.70240644061493
DDX42,0.0213677015395888,196,0.24401688265042,0.446819334779911
RAB31,NA,NA,NA,NA
MRPS7,0.00998646629091527,228,0.518886243549601,0.683546076093099
ENGASE,0.0403123438525156,262,0.0146156112034801,0.0992518763183423
SPATA33,0.0179330172517159,175,0.373439947887493,0.566813392479455
RASSF5,0.0084527493576464,211,0.620373339436896,0.757170565507265
C18orf63,0.00110761992632835,260,0.962478004274021,0.977169807270568
DNAI2,0.0119427163687192,241,0.412709470680645,0.59955147925045
H4C15,NA,NA,NA,NA
POLI,0.028313993365809,259,0.0627860229167551,0.216764106226021
RPL36,0.308173076923077,25,0.0602876057659976,0.212399155473235
YTHDC1,NA,NA,NA,NA
ORMDL3,0.00384490061909399,31,0.943958090681733,0.965811330728011
ICAM2,0.00428071827692097,259,0.776005903684299,0.861507251510044
FOXN1,0.00715736501958062,234,0.64414613402401,0.77343689666539
TMEM98,0.0751427057252339,94,0.0722725364403052,0.233146662640255
DYNLL2,NA,NA,NA,NA
TIMM23,NA,NA,NA,NA
KCTD1,NA,NA,NA,NA
SLC16A5,0.0785924016617401,253,0.000186266400583393,0.0106655307766555
PTPRM,0.00338827064509186,198,0.880822816734775,0.929733084198085
TSHZ1,0.0666793316200048,249,0.000880084255103633,0.023597374890526
PIRT,0.0554246520943242,174,0.0224086296857452,0.124085351164196
RPL17,NA,NA,NA,NA
GDF10,0.0143359576665433,228,0.354059367165112,0.548376517112351
ZNF18,0.0438045366953698,235,0.0165543348263805,0.105842514381309
ADAP2,0.00126703455707946,209,0.966732556629122,0.97926555644862
STARD3,0.031269662671851,241,0.0574373235179909,0.206558434948907
NAT9,0.00227871974602749,191,0.933353330579009,0.959912488162372
SLC16A6,0.0289717693150299,240,0.0743516825535796,0.236694635557134
C17orf58,0.113100433723954,181,0.0001430716143627,0.00939257773465644
MYL12A,0.0105218807904229,55,0.903676246804954,0.942915015509413
VEZF1,0.0337036612077593,81,0.440857645399047,0.622717299649917
TEFM,0.0727490581110439,244,0.000512484623118057,0.0183342813484033
STARD6,0.00830675170099154,197,0.65302998752846,0.780042034440938
OTUD7B,0.0274757121196076,225,0.104327977042524,0.281867016464486
PITPNC1,NA,NA,NA,NA
TMEM200C,0.00839457991546857,235,0.579842699768777,0.72908249819875
FAM222B,0.00817136662014684,192,0.668326202278618,0.790251834761905
GDF2,0.0165164560720941,234,0.278313880771163,0.480689664429282
CLUL1,0.0677390101212383,249,0.000777195755636716,0.0224452724348962
IKBKE,0.0180872118856278,256,0.202494666404242,0.405013395480555
TXNIP,0.0673061651984881,176,0.0081814556665544,0.0732381010730894
RNF115,NA,NA,NA,NA
C19orf47,0.0223137514389478,200,0.217665143900107,0.421024222161887
RPL26,NA,NA,NA,NA
KCNH6,0.00579830706023084,260,0.681863830165383,0.799136628415048
KCNJ12,NA,NA,NA,NA
NETO1,0.0619312237172461,184,0.0100530699733773,0.0817522976454037
KLF14,0.0707273788608642,193,0.0035369087433343,0.0471555470847668
RBFOX3,NA,NA,NA,NA
ACP6,0.00416770099033236,237,0.805225647113053,0.880590231979378
MYH3,0.0120794149731186,224,0.441297351005821,0.623100117783829
MARCHF10,0.02575314160246,274,0.0709285745759047,0.231490620053351
CCDC178,0.059884802769201,264,0.00127614731651251,0.0279417766594666
ANP32E,NA,NA,NA,NA
SCRN2,0.00550627079868855,251,0.711036467058791,0.818749971454509
BAHCC1,0.00572566822491239,255,0.69285271706259,0.806748241215369
FAM72C,NA,NA,NA,NA
SAP30BP,NA,NA,NA,NA
RBP3,0.0249885162943056,218,0.143347663973419,0.335540497769797
SRSF1,NA,NA,NA,NA
ANXA8L1,0.0195516707674918,177,0.328482769576854,0.525374425886074
IFT20,NA,NA,NA,NA
ZNF488,0.0323707675282822,226,0.0633923209325294,0.217601624003165
OVOL3,0.0108424593685425,210,0.519051363707694,0.683588675928474
SARM1,0.0336655046096637,214,0.0666499313273811,0.223559000628266
LINGO3,NA,NA,NA,NA
KCNJ16,0.00886738912361821,233,0.560612889708785,0.714353753209714
TSSK6,0.0648222447842014,79,0.167732504253315,0.363553637537477
POP4,0.0267275046123569,205,0.141512839350339,0.332713221703141
C19orf25,0.0468740159609337,207,0.0217279349242095,0.1219969287832
WDR18,0.018274975342394,209,0.283747177782499,0.484099672637363
TYROBP,0.0292345658372248,205,0.113382237634735,0.293562955583652
PIAS2,NA,NA,NA,NA
CILP2,0.0664737822442148,225,0.00191299121592117,0.0341709062075344
SLC44A2,0.0350461581173717,210,0.0622393994049303,0.215768954542886
MBTD1,NA,NA,NA,NA
CACNA2D4,0.0306102988778415,278,0.0370822567989692,0.163125747565325
SLC14A2,0.0674608542859969,267,0.000451577003973805,0.0173231467548505
ABCA8,0.0524306438414441,208,0.0125470773282687,0.0930148875744062
TNFRSF11A,0.00456149164264955,253,0.76514097642315,0.854781996127006
BCL2L14,0.0409547123505752,238,0.0212353072473145,0.120828913451331
SEMA6B,0.0180149038446268,203,0.303175383702079,0.502700388859482
CCDC130,0.0710702456542127,230,0.000995827177339051,0.0250154929597439
MFSD11,0.0140485233724092,172,0.493207087720308,0.664637125087911
EVPL,0.0403747248993284,270,0.0125028894921075,0.0928494463973649
ZSCAN5B,NA,NA,NA,NA
DPY19L3,0.00510216252860619,251,0.73494922628092,0.832580223390509
SPRED3,0.0174025652645952,187,0.356525238334564,0.550588751719293
SLC16A2,NA,NA,NA,NA
RAMP2,0.0282602263233532,210,0.116254580702224,0.297399812088783
EML2,0.00453878817069695,211,0.812587246612008,0.885826514837844
SSC5D,0.0129814533369371,252,0.353482480558551,0.548070028691558
STX10,NA,NA,NA,NA
RND2,0.0688287407986453,85,0.122732293583474,0.306493821780221
ZNF581,NA,NA,NA,NA
PTPRS,0.0493929269594145,230,0.0101578295356858,0.0822441938757114
C17orf113,0.0122670433760438,192,0.504332334491734,0.673077293522658
CEACAM16,0.00340583093619486,216,0.865592605201726,0.918376159600899
GHDC,0.0234659688572781,276,0.0915289213520133,0.26448796003399
PSENEN,0.10099668223247,50,0.175582083387572,0.373628101317766
CAPNS1,0.0115233578262198,192,0.531759041084957,0.693688737811944
RASGRP4,0.0209333429156111,246,0.162614212434258,0.35850001896533
SEC11C,0.029417222463679,73,0.548271775431389,0.706367456702898
NLRP4,NA,NA,NA,NA
CIRBP,NA,NA,NA,NA
TMEM205,0.016979014889743,195,0.348488524654025,0.543894233922359
MICOS13,NA,NA,NA,NA
FBXW9,0.00110341810079498,209,0.97269022644799,0.983136493417192
PLEKHJ1,0.0670304196839691,194,0.00477513355435198,0.0549189274456661
FARSA,0.0285843808305276,238,0.0794433779322553,0.245223185008532
MPPE1,0.0244868666174604,255,0.101398676186674,0.278424873643734
C10orf82,0.005461913771628,213,0.763112118935801,0.853217096546955
CCDC43,0.0230406060879465,179,0.250738775604037,0.453996168054168
C19orf53,0.00964714724727527,174,0.643857390721565,0.773334345692887
FAAP24,0.000931372063217557,214,0.977850034603687,0.986304019529863
CNTD1,0.0233348724907763,226,0.154356987787664,0.347637594423287
BCAS3,0.02098021495849,189,0.267544038432658,0.470251293607278
POLRMT,0.0270831776442742,252,0.0786268805268223,0.243529170814594
CAPS,0.0191634755658296,217,0.246808707669719,0.449781948136484
CCDC159,0.0271208677495138,226,0.106742690852568,0.285074363383656
PODNL1,0.0112715596960243,241,0.439348687753572,0.621965250865008
TNNT1,0.0277549570066944,173,0.18912576317348,0.389947501987607
RPL27,0.0861257309941522,19,0.460643166068324,0.638245361515033
TMEM101,NA,NA,NA,NA
CYGB,0.0218270124256116,194,0.239402075124404,0.442079864982515
KANK2,0.0266936908464205,244,0.09019378126659,0.26250182774481
TJP3,0.0246312938482876,253,0.10195839654803,0.278900910710817
PIP5K1C,0.00829883660634351,204,0.640348742514659,0.770562463879804
RAB3D,NA,NA,NA,NA
UNK,0.0190211959304864,198,0.290090573052488,0.490324291757995
SMIM22,0.051953468731877,200,0.0158956811371193,0.103553654712201
NKPD1,NA,NA,NA,NA
KCTD15,NA,NA,NA,NA
RAD51D,0.022384564836545,231,0.161244107694989,0.356714426889593
WTIP,NA,NA,NA,NA
CBARP,0.0502275549758298,231,0.00908510690041363,0.0776563231434013
BECN1,NA,NA,NA,NA
ACLY,0.022042553699016,185,0.255498277274382,0.458765833831458
C16orf71,0.0180402698693059,239,0.231457753890293,0.434228596744969
MBD1,0.10853384708645,225,2.15043651023698e-05,0.00330894824769239
ARHGAP45,0.0195971977245095,248,0.183855473784202,0.3839920160898
WBP2,NA,NA,NA,NA
ELANE,0.0137471815639064,235,0.359385608623957,0.552794095583903
TSPAN16,NA,NA,NA,NA
BRSK1,NA,NA,NA,NA
APC2,0.104808906950099,245,1.1714645616882e-05,0.0027629208625298
MAP2K6,0.060439629527783,95,0.128186756522077,0.314079748184911
FHOD3,0.0332509438077162,266,0.0319049731694445,0.150916423830087
GJC1,NA,NA,NA,NA
ZBTB7C,0.0347222258325785,197,0.0783604820621588,0.243229374989411
GIPR,0.00213418875293573,221,0.925534523015308,0.955622836248315
AP1M2,NA,NA,NA,NA
TXNL1,0.0415714217546951,70,0.412358954534171,0.599315718925847
COASY,0.0108082805840414,242,0.456649432836427,0.634922180852045
PLEKHH3,0.00177680812143368,232,0.938076934031283,0.962641836421112
GET3,NA,NA,NA,NA
LSM12,NA,NA,NA,NA
ACSBG2,0.00621984001017508,210,0.72914576566385,0.829442511266278
CCDC68,0.0510005725067934,263,0.00391543211964799,0.0496682703942598
HIGD1B,NA,NA,NA,NA
PLPPR2,NA,NA,NA,NA
ELOF1,NA,NA,NA,NA
GPATCH8,0.0461231407730661,258,0.00790169385287942,0.07167363957492
PWWP3A,0.0103847628516966,247,0.465495215302043,0.642300392891927
PTGES3L,NA,NA,NA,NA
TRMT1,0.0331288535315119,255,0.0381747694861963,0.165653786772128
INO80C,NA,NA,NA,NA
ANKRD29,NA,NA,NA,NA
NFIX,0.0693230641538913,55,0.290533257832991,0.490551713079806
ZSCAN5A,NA,NA,NA,NA
SPC24,0.0570545813386729,192,0.0122936669094305,0.0921554689573319
FAM20A,0.029577090604219,252,0.059547701281307,0.210842236174236
RPS15,NA,NA,NA,NA
PRKCSH,0.0474026659483963,237,0.0107563566000543,0.0847092875208667
RNMT,0.0313477156848655,243,0.0553857915947759,0.202353946127096
NMT1,NA,NA,NA,NA
C19orf38,0.0164723690584471,235,0.277606274967689,0.480214496586205
C18orf21,0.0158906370465434,210,0.344710737455429,0.540736045354396
APOC4,0.0187771595605151,211,0.267662798056927,0.470395114675455
KIF18B,0.025619936333723,267,0.0780373860057427,0.242529074711844
KLK5,0.0530566246393782,231,0.00671907957666151,0.0671696997553854
NOTCH2NLB,NA,NA,NA,NA
NTF4,NA,NA,NA,NA
GRIK5,NA,NA,NA,NA
ZIM2,0.100853846494657,89,0.0309978872871963,0.148696456681632
FGF21,0.0278790601792423,218,0.109214418804758,0.287922756757897
MED25,0.0120969918120842,218,0.45311535611084,0.63187086020687
LSM4,0.0445014103202258,41,0.619284470686932,0.756648370627269
C5orf58,0.0160906374176156,185,0.39772778562257,0.587356868734001
TEAD2,NA,NA,NA,NA
SYNM,0.0464674492074133,257,0.00774924212972983,0.071074545306201
ZBTB45,0.100155718348379,198,0.000193013867812118,0.0107072905444173
USF2,0.0115270549302929,189,0.538460400099053,0.699065408324315
SLC25A53,NA,NA,NA,NA
KLK9,0.0272226529011966,225,0.106944320411538,0.285304328605226
ZNF446,0.0980149861322399,221,8.04050569970778e-05,0.0067370974073341
MIA,0.0345883629931492,180,0.102664300091475,0.279901713444456
ZFP36,0.0120919376644687,190,0.515328222869369,0.680831975774303
PDE4C,0.0458057854718063,241,0.0117616801611502,0.0894843240934341
KLK11,0.0174526855316025,214,0.293638549113615,0.493700404159868
LRIT3,0.0120483628212755,263,0.368094634744982,0.561174678969606
MYO9B,0.0553164344546396,245,0.00367592331192608,0.0478696925364934
RUVBL2,0.0184846361465793,39,0.872635493987519,0.923617190345304
MAGIX,0.0125617812120098,228,0.415088177601075,0.601566116286675
SCGB1C2,0.0222052272104777,180,0.264205175947988,0.467440369727813
OPN1MW,0.0350081758679601,176,0.105618520840426,0.283961133398127
DEDD2,NA,NA,NA,NA
CCDC61,0.00809754972232264,225,0.611925421650601,0.751143710500101
LRRC63,0.0574953465119309,225,0.00490581434994031,0.055905807396342
C5AR2,0.0249689529633318,225,0.133178181265998,0.321485465618604
SLC35E1,NA,NA,NA,NA
KLK13,0.0450693209151813,216,0.0213946014439254,0.121156800351194
KLK7,0.0567345749483392,216,0.0067349840993815,0.0672607866468003
SPIB,0.00710538966631987,201,0.700601469668872,0.812013152526144
MBD3L1,0.0327689607526509,191,0.101113309336626,0.278198122210254
POLD1,0.0158719830820671,244,0.277337640299616,0.480045146351714
PIH1D1,0.00742534960930535,202,0.684003497873411,0.800405161878753
TECR,0.00878094719552411,178,0.669812333840829,0.791452641350015
TRAPPC5,0.0938574217565809,50,0.203626710727434,0.406360041965621
CALM3,0.0924419723286282,58,0.15311398608635,0.346246400354359
ADAMTS10,0.00229979155522446,202,0.927101362256927,0.95646520451229
ZNF358,0.0291594401905006,222,0.0918878205105487,0.264832170395538
DCDC1,0.0322139020758733,239,0.053421438179393,0.198838872219725
FCHO1,0.042848678002485,225,0.0223102798768869,0.123755977574927
GMFG,NA,NA,NA,NA
ERFL,0.043498751870971,200,0.0342281728287342,0.157096491621426
BCAT2,0.0749290924357685,238,0.00049335358373293,0.0179524321212074
AC099489,NA,NA,NA,NA
ZNF329,0.0656244389632015,210,0.00331911933897078,0.0458484857929846
SMIM17,NA,NA,NA,NA
JOSD2,NA,NA,NA,NA
SNRNP70,0.0035685607358872,98,0.951127457533498,0.969782987682862
RPS5,0.00725766763828607,80,0.902503942919438,0.942413317406615
GABRQ,0.0391996594703707,226,0.0317834351004228,0.150592942499623
SLC6A14,0.0211941268147578,244,0.161125288428174,0.356575442818633
RPS19,NA,NA,NA,NA
RINL,0.0201402648241889,244,0.179719139898309,0.379252166357719
SPHK2,0.0132506357787919,236,0.374395326409163,0.567789816283294
CCDC177,0.0350902041348133,212,0.0600762069434081,0.212006254261913
FFAR2,0.0370629135735773,245,0.0287200306503902,0.142339604147473
PRICKLE3,0.0301502011969537,212,0.0952795375962185,0.269904206407928
CCNP,0.0206034534541352,197,0.25736047211453,0.460976685518132
SCN8A,0.0462895228277426,190,0.032825253789921,0.153576843433787
MZF1,0.0312336035341137,211,0.087362323248459,0.257711163003567
OPN1MW3,NA,NA,NA,NA
VRK3,0.00495831433388164,236,0.761361378428431,0.852007811352862
GRAMD1A,0.00789306294949781,245,0.587926402648681,0.734885659881348
ZNF71,NA,NA,NA,NA
MPV17L2,0.0226750786674805,188,0.236663879879036,0.439444696623326
EMG1,0.00605270410906359,184,0.775228913863639,0.860949200833027
MPND,0.00630712933127392,223,0.705491903157879,0.815053055027099
ARHGEF1,0.0105726217331476,243,0.464798304759663,0.641768344473013
UPF1,NA,NA,NA,NA
AP2S1,NA,NA,NA,NA
SARS2,0.0772690762243925,252,0.000226559253615205,0.0115564999221551
SYT3,NA,NA,NA,NA
ANKRD24,0.0244297300911819,216,0.154221606291385,0.347554021379261
ZNF574,0.0173558923828823,213,0.298223023264092,0.498381895327578
STAP2,0.0492368657625393,221,0.0126692375107525,0.0934922364492593
SUGP2,0.0282335328200588,221,0.10176710872789,0.278900910710817
MRPL34,0.00491676826800963,170,0.84205465048322,0.904707949093495
TMEM185A,0.00326460367737178,79,0.968320948825979,0.98048462428428
TMEM59L,0.0779091173916796,194,0.00178575525926424,0.0330265606486387
ETHE1,0.00830384959259838,187,0.672034813902251,0.792780068288535
IL12RB1,0.0245519285634944,226,0.137199284823527,0.326874916523105
TAZ,0.0298464561883727,188,0.133856771684054,0.322085744222202
SELENOW,NA,NA,NA,NA
CXCL17,NA,NA,NA,NA
IRF3,0.0184809865569723,238,0.22324761003728,0.426106869330934
ARL14EPL,0.00717959406889721,182,0.729250259793968,0.829442511266278
ANKDD1B,0.00477343139082443,228,0.781042017754844,0.864836649115432
RNF225,0.0258939557643932,193,0.173885657195327,0.371142572488634
SHANK2,0.0673664627305522,242,0.00101471500677337,0.0253400202475797
KXD1,NA,NA,NA,NA
HAS1,0.0277325719964906,213,0.117632236598028,0.299572918478801
VAV1,0.0630534372865925,191,0.00745145779948334,0.0702599495302907
TEX101,0.0291395547038175,218,0.096898454165706,0.271657045850297
NPAS1,0.0497844278650744,225,0.0109331714672817,0.0855838179516283
EPHX3,0.0244500902683554,219,0.149159867462921,0.341333670331538
SDR42E2,0.0221257836576555,241,0.150442666608851,0.342763200936256
LAMTOR5,0.169118077044906,40,0.0859673802516621,0.255932808528557
SBNO1,0.00938097116670159,193,0.614685484136985,0.753367051308149
DNAJC3,0.0475321555294723,189,0.0301533963942494,0.146242824248728
MEI4,0.0278331263177149,246,0.0778921776291543,0.242314307348537
H6PD,0.0127719122663225,250,0.364666707110116,0.5582205747301
CSMD1,0.0119138332176153,233,0.429458945553222,0.614008658572725
OAZ1,NA,NA,NA,NA
RANBP10,0.0117902276415299,191,0.524084743858509,0.687479997711604
C16orf74,NA,NA,NA,NA
NELFCD,NA,NA,NA,NA
NCBP2AS2,NA,NA,NA,NA
RASL10B,0.127037286181049,43,0.148811143120205,0.341024432067105
CCL5,NA,NA,NA,NA
DUOX2,0.0646517917282785,277,0.000473688613316366,0.0177961598206408
TIGD2,0.0268184607259192,202,0.145335945230358,0.337538148478947
ADAM21,0.0157634673105639,213,0.341859553837255,0.538052802480386
FAM205C,0.117814730177777,210,1.85100017627256e-05,0.00330894824769239
SMAGP,NA,NA,NA,NA
COLQ,0.00802730896188391,231,0.604915813990414,0.745809081024387
CCDC120,0.00686258079123209,211,0.695919790945018,0.80891069247748
LIX1L,NA,NA,NA,NA
SH3D19,0.0859104815127705,270,3.83076467385922e-05,0.00441424655329051
KANTR,0.218117286440268,22,0.205224483321125,0.408396721809039
SETD1B,0.0664617706972806,212,0.00287342851121808,0.042517434271495
GAS2L2,0.0235836490852789,274,0.0921263526859393,0.265097430593792
FNBP1L,NA,NA,NA,NA
CCN6,0.0288704672601237,244,0.0714046268127807,0.231880619218075
HEATR9,0.0297117993970035,248,0.06184789274503,0.215158361650014
FAM214B,0.00223688344572764,214,0.924032591748296,0.954744125130981
PPP1R26,0.0440843593483469,239,0.0148147362736171,0.0998309424236967
MRPL37,0.0606252335933089,261,0.00126843126612193,0.0279011063995318
MMP28,0.023863411005158,253,0.110951415204139,0.290232113738791
TAF15,0.011085957682329,182,0.571046612829417,0.721868427272795
UPP2,NA,NA,NA,NA
RER1,0.0287822459019993,79,0.523136292711624,0.686730965159271
FRK,0.0532885295587339,248,0.00429851677778239,0.0523793932183251
SIRT5,0.0202648783792752,233,0.195009858346244,0.396875288574268
PRXL2A,0.0672072633170213,184,0.00642625479274795,0.0652213554757915
POU5F2,0.0502388262065743,184,0.0268233088430126,0.137133676401829
NFKBID,0.0104042546941547,233,0.491073320692736,0.662673215971889
MPHOSPH9,0.00385053059547397,269,0.793523526544557,0.872889586635989
TRABD2B,0.0173971618971802,217,0.288834542810939,0.48898002621828
APLNR,0.0195586260598214,206,0.260438153574499,0.463195129719986
ANKRD34A,0.0235113585320157,182,0.235158213090352,0.437861842385778
NUDT3,NA,NA,NA,NA
H2BC11,NA,NA,NA,NA
HEBP2,0.00700469737304429,200,0.706957067146591,0.815562065867661
SORBS1,0.00716657468633363,268,0.590557930781291,0.737053463894941
UQCC2,NA,NA,NA,NA
CSNK1G1,NA,NA,NA,NA
SMIM32,0.146555587566823,90,0.00454358404360701,0.0537798200551849
CHURC1,NA,NA,NA,NA
CNKSR3,0.0138035170860856,216,0.396623303505587,0.58655299505889
ASDURF,0.0212265848115214,172,0.304320251934663,0.503831155160008
SCOC,0.0070536472965829,186,0.727963979121673,0.828889369213226
ZBTB25,0.0331450755488879,216,0.0679825603891651,0.226478129509915
HNRNPLL,NA,NA,NA,NA
FBXW2,0.0752960475651526,80,0.114148451811917,0.294693640331747
PPM1K,0.00741250730272024,194,0.69837461104721,0.811171823647722
ZBTB8B,0.0687995304677367,232,0.00119289781238562,0.0270263672308913
CTCFL,0.0257996753885959,244,0.0992175938391962,0.275419406026561
BHLHA15,0.0240667263492159,181,0.227772972441675,0.430588532392064
JMJD8,0.0498641327025474,231,0.00944331908641232,0.0789320473283576
GPRIN3,0.0198219260588818,262,0.159523084346042,0.354693785305724
EBF4,NA,NA,NA,NA
ATP6V1FNB,0.00859137707817867,220,0.59735970852248,0.741012296458782
GRIN2B,0.00782393016185867,187,0.692636202242725,0.806748241215369
LYPD4,0.102128826579945,212,8.09501695247288e-05,0.00673844025533951
H3-2,NA,NA,NA,NA
SLC25A16,NA,NA,NA,NA
RPAP2,0.0267551982749441,265,0.0699050768945793,0.229800501619943
NT5C3A,0.0237470091413255,187,0.219819445789066,0.423021859462834
TMEM271,NA,NA,NA,NA
DCP1A,0.0059682911352042,234,0.707736837673868,0.816092020336296
RCC1L,0.0132450696091775,202,0.446679130525864,0.626762897910917
ZMYM2,0.0455292093224401,229,0.0155926932422969,0.102322543112668
LENG8,0.008626395095342,171,0.690026389727293,0.804791827753429
AP2B1,0.0334696963386776,57,0.598900751335633,0.741776427837265
NSA2,0.237318234008667,57,0.00404998423651219,0.0505776519986778
POLD2,0.0868100091636079,234,0.000152331888545325,0.00960445016095676
CNTFR,0.00563007731450499,180,0.79936850513985,0.876774206018651
PAN2,0.0046668732417361,202,0.816239145902424,0.888059265523089
SPRY1,0.0444592844053029,170,0.0572095506119425,0.205941446182504
GBA3,0.00343227621174504,210,0.869116673130974,0.921500994754919
U2AF1L5,NA,NA,NA,NA
ZNF282,NA,NA,NA,NA
CFAP57,0.0154125810312447,260,0.262344609344104,0.465473726369554
MCM8,0.00526096094703724,240,0.739280084298953,0.836131423525597
CSDE1,NA,NA,NA,NA
CYP1B1,0.00249438558506188,245,0.894453902366919,0.937825380797323
MROH2A,0.0610425670966525,243,0.00202194348988696,0.0350837497100822
KCP,0.0281935719266108,274,0.052710636456835,0.197071123203668
NEK3,0.0333629726486606,246,0.0425506225662835,0.176696729972123
NEFL,0.0469057570740934,170,0.0475431788483988,0.187257952406482
GNB1,NA,NA,NA,NA
SSTR3,0.00683006985639726,225,0.675378631608844,0.794876575270445
ZNF787,NA,NA,NA,NA
PRODH,0.0250004071832183,240,0.112828100489956,0.293141307188919
SVOP,NA,NA,NA,NA
HOXA4,NA,NA,NA,NA
GPR107,0.0172578225352476,245,0.23957198455611,0.442162949637261
FOLR3,NA,NA,NA,NA
RPL15,NA,NA,NA,NA
SEMA3B,0.0386459947911776,249,0.0224522116060244,0.124218665080073
RTN1,0.00844494454282228,267,0.522875637144885,0.686530321100747
RAVER1,0.0114497012462876,228,0.457650474789711,0.635712873001725
SELENOO,0.0140547636607982,222,0.375553756086949,0.569117469808494
UBE2U,0.0694004017743263,205,0.00269819107212269,0.0413527815818949
JADE3,0.0458904118934704,235,0.0132281752129745,0.095129327787941
LRMDA,0.0070588444921023,180,0.737810154459476,0.83497458621316
SRRT,0.0324836652404363,184,0.114341329419029,0.294966816180019
H4C7,NA,NA,NA,NA
TMEM222,NA,NA,NA,NA
ZNF74,0.0303351304344345,204,0.104169734815448,0.281621533591382
ADORA2A,0.032140318039401,203,0.0899649175319712,0.262207526946302
NATD1,0.0659891618672692,87,0.128534608540398,0.314689883577569
ARMC9,0.00468671739350537,246,0.765441949456293,0.85492139509562
TRIM52,NA,NA,NA,NA
NUDT18,0.0228046571151586,212,0.186109666388424,0.38667091535448
CDH1,0.0236444261673092,259,0.106832858622674,0.285133500699952
ALG1L,0.0145523871107747,210,0.385278614825898,0.577623124005019
KDM4B,0.0256978393616382,258,0.0856370014379853,0.255268431065464
ERGIC2,NA,NA,NA,NA
GPAT3,0.0447901868059528,193,0.035114626359443,0.158532393234267
PCSK6,0.0436684935474601,250,0.0124302077328989,0.0925796056644445
IFIT2,0.0247119287937294,217,0.148669820399932,0.340918046923574
MEP1A,0.0573735024298996,257,0.00210403028503229,0.0360752814956956
SRRM3,0.0545071945995226,186,0.0178668187644986,0.109716395267432
ORAI2,NA,NA,NA,NA
HECTD1,0.0411563471206375,189,0.0517625178585476,0.194525649880927
ANXA8,0.0155652164191049,176,0.436178836217206,0.619443985064934
PNLIPRP2,0.044169010256294,259,0.00976819562787851,0.0802113085213802
CCDC28A,0.0264411918279586,223,0.118112024258332,0.300344661297174
NPRL3,NA,NA,NA,NA
SLC2A11,0.104335663542235,185,0.000248826596215765,0.0119536601720829
ZP4,0.00349105005703842,219,0.858759097269169,0.915013457945297
CCL16,NA,NA,NA,NA
CARHSP1,0.0396160429198089,93,0.3024771786907,0.502261974941951
CDC42EP3,NA,NA,NA,NA
DGKK,0.0633291181423966,216,0.00347768521862291,0.0468200834507202
PINLYP,0.0224606799534968,201,0.21299281254956,0.416821828615733
PCDHGB7,NA,NA,NA,NA
FAM71D,0.0114673708028385,238,0.437216438154564,0.620571554255714
BNIP2,0.0278225076968812,224,0.102077449764814,0.279102275698726
SRGAP2B,NA,NA,NA,NA
SBK3,0.0183483231330276,224,0.251733418762005,0.454869720274071
SYNRG,0.00566843731668238,264,0.684395535493419,0.800777357835938
TMCO1,0.00197470378554372,177,0.950851395341964,0.969656767641545
IQCN,NA,NA,NA,NA
TMEM106A,0.0138203682506412,227,0.372987383320856,0.56653158186934
TWIST2,0.0482700187513026,34,0.660998355640608,0.785378772034591
PSMC6,NA,NA,NA,NA
PLP1,0.0941105011906865,58,0.1469841474217,0.33908872843545
R3HCC1L,0.0189393049041122,261,0.177431030038449,0.376294745420207
NCOA6,0.0202904231954869,214,0.228741050140233,0.431355063345408
PPP1R9B,0.0160023136501225,192,0.383004545930091,0.575772650727766
PCDHGA10,0.0184986832995459,170,0.372562471784982,0.566237831016776
TTF1,0.00793091167730171,222,0.625274705409964,0.760383715086537
NDFIP2,0.0126493990853124,203,0.46540155015834,0.642300392891927
METTL8,0.0436260099230629,245,0.0138104707867501,0.0968025073968348
CIB1,0.0189111807547791,197,0.294939661340989,0.494593480355002
SLC46A1,0.0347858255405399,232,0.0452831740347901,0.182855581644606
DAPK2,0.00440538180353527,244,0.784197965104839,0.867200250375552
GPR1,0.00318399293834894,219,0.874588346413139,0.925222790922647
H2BC15,0.12532688682114,28,0.336145001635365,0.533942711088514
TNFAIP3,0.0179136445693608,253,0.211023762552349,0.414195580668133
JRK,0.0025995617303272,244,0.889140065717407,0.934651504421426
BHLHE23,0.0231155389333773,178,0.251756961228952,0.454869720274071
TSKU,0.00806377587196143,219,0.62413824206714,0.759654496460922
SOCS7,NA,NA,NA,NA
MTUS2,0.0118157684076529,252,0.396934825947434,0.586699425686989
TMEM191B,NA,NA,NA,NA
CD99L2,NA,NA,NA,NA
SLC4A1AP,0.0143090613234234,258,0.298468732635723,0.498530856242435
SLC6A6,0.07186695529231,226,0.001046479975213,0.0256800943435699
GGNBP2,NA,NA,NA,NA
CTDP1,0.0634284648986077,238,0.00178904617276722,0.0330265606486387
ASXL1,0.0173394896704544,269,0.199548480056366,0.401990517690972
ST3GAL6,0.0390259778957019,221,0.0353375941641419,0.158577768878154
ZFAND6,NA,NA,NA,NA
PGRMC2,NA,NA,NA,NA
ZNF302,0.0501894801467803,174,0.0338197968281821,0.155956785429492
HPS1,0.00249961826009742,274,0.877336618111366,0.926898313419026
HMGXB3,0.0231830109013848,273,0.0976449817842142,0.272660926990518
ANAPC10,NA,NA,NA,NA
CISD3,0.0270949238150669,184,0.174870922783688,0.372745786204695
SIK1B,0.00891832820551127,237,0.550957363033933,0.707714873988923
SPPL2B,0.013652024354839,223,0.386908477690284,0.579316526200736
RIPOR2,0.0543084499616484,251,0.00354111974409769,0.0471555470847668
PER3,0.0933641392593955,204,0.000279595789302991,0.0126317939463129
HMOX2,0.0218967971204229,222,0.183958160520652,0.384103713738503
DOC2B,NA,NA,NA,NA
TOX4,NA,NA,NA,NA
DNASE1L2,0.02523098438097,217,0.141666499637099,0.332951566594962
FIGNL1,0.0189682780483756,260,0.178296065288111,0.377205762044747
HOXA10,0.0473540383555623,191,0.0293272415093092,0.144046181204228
PPIP5K2,0.046493013300675,229,0.0140950208049103,0.09801012204381
MRPL45,0.00721353167503165,219,0.665629835310619,0.788087903924518
IRAK4,0.0251442639974495,237,0.11486347919001,0.295535610295752
WDR38,0.0243012978128633,213,0.161007969657639,0.356563641377098
FAM170A,0.00595955685507508,226,0.719444562935943,0.82370064307373
CD48,0.00838369378412231,236,0.57862146989947,0.728085356145714
BORA,0.0361580014531222,254,0.0273868276495829,0.1388448383804
NAGK,0.0381450896195891,230,0.0330264270511498,0.153905808607188
H3C1,0.099206349206349,8,0.706648277857717,0.815353548359837
FAM243B,0.00715104691751391,223,0.662220053399698,0.786023727874982
TTI2,0.0104206947862453,257,0.445744643661632,0.626048057088062
MR1,NA,NA,NA,NA
SLC38A3,0.0327366418128836,237,0.0520307861968016,0.19491359112122
DHPS,0.0343614505907424,185,0.0969314522742637,0.271657045850297
MRPS21,NA,NA,NA,NA
EBAG9,0.0244777276142436,199,0.183381459392841,0.383316308358317
C17orf98,0.00721430207354685,200,0.697200766186936,0.81003000895428
RIBC2,0.0108715025091553,239,0.459699675792597,0.637466074638457
PCGF5,0.0168936426558586,80,0.720934346223511,0.824961350719015
FAM13C,0.0559382557442286,251,0.00292623936666756,0.0430353170599054
FADS6,0.0158453516267762,232,0.300561990825256,0.50068633806455
GRIFIN,0.110003086547054,172,0.000299201626082914,0.0130161752197574
LHX1,0.129874992511279,52,0.0849125002610686,0.254471693509469
IGSF8,0.0373761971497824,242,0.0291891692790997,0.143595335912119
BICRA,0.0085824619143084,200,0.635176673316346,0.766935733235724
CACNA1A,0.0242858108708258,239,0.122817084938166,0.30658533786211
ACSF3,0.0279987212288891,242,0.0803896299615985,0.246939635682724
ARFIP2,NA,NA,NA,NA
USH1G,0.0447743479305393,175,0.0505404412192359,0.192144196826325
SALL2,0.0243963813334194,247,0.111536792753634,0.291212093585545
H3C8,NA,NA,NA,NA
PIGW,0.0310862413948612,242,0.0577699278232158,0.207197353071382
ALG9,0.00590689102304342,205,0.751803973613756,0.845024746972447
PHB,0.102884995284023,58,0.118394793051294,0.300733164001054
BICRAL,0.0311977286681618,235,0.0629187145292885,0.216869485316649
DCAF7,NA,NA,NA,NA
CDH4,0.0276652761702598,216,0.114166019267968,0.294693640331747
CHD1,0.0701187084755963,208,0.00228218121323043,0.0375527906094351
MYO19,0.0478516863531013,266,0.00538055228426129,0.0586199434494027
DNAI1,0.00635768881690927,248,0.666131482612757,0.788315421162987
ZSWIM9,0.00954447352607209,203,0.587487667498638,0.734635121578311
INSIG2,NA,NA,NA,NA
METTL7B,NA,NA,NA,NA
ZBTB14,0.0714911847186499,86,0.1079352617311,0.286324478404482
CYSLTR2,0.0341180743198735,217,0.061007977488836,0.213402252484981
MRM1,0.021378666715048,248,0.152370726429524,0.345362799751987
CWC25,0.0635244659965392,214,0.00361879551989109,0.0475955348149671
CYSLTR1,0.00390705006469936,182,0.871514782981351,0.922863261196514
CCNI2,NA,NA,NA,NA
ALDH3B1,0.0267829574480581,236,0.0981506494928829,0.273363470371251
C1orf158,0.0220632934181723,229,0.169582358115594,0.366268102278348
MAL2,NA,NA,NA,NA
CEACAM20,0.0169163376063402,179,0.38991569543566,0.581562981270472
RPS6KA5,0.0276615623596491,198,0.141700986327368,0.332971173775896
C18orf25,NA,NA,NA,NA
BIN2,0.0077702702254352,228,0.622832700992425,0.75871805641698
IQCA1L,0.00208338111370435,242,0.918430942144848,0.95119924735706
C17orf78,0.020714049033803,199,0.250722786979628,0.453996168054168
TADA2A,NA,NA,NA,NA
SEC14L2,0.0376757605234904,208,0.0503563088582774,0.191558527365299
NBL1,0.0166675052246623,177,0.401995225609481,0.591849469412453
TNFRSF9,0.0227533963657408,236,0.148078476481363,0.340487108162415
POLR2E,0.00287267080745321,23,0.995853683595443,0.997343151373186
PDE7B,0.0336857796696262,215,0.0655334028326491,0.221446913896689
PSME2,0.0468752521590652,171,0.0466610851675572,0.185475891556904
PLCL2,0.0098070992445852,215,0.55217191360219,0.708334035354116
ITPRID1,0.0105588447395198,251,0.450570156666112,0.63011546231466
NCAM1,0.0125987981396081,215,0.440883182804678,0.622717299649917
BIRC3,0.0806485972979693,242,0.000222093561758373,0.0115008019884199
HCRTR2,NA,NA,NA,NA
ADAM29,NA,NA,NA,NA
TUBGCP5,0.0178879369388324,223,0.264599364012369,0.467592271411341
PTPRJ,0.00270832267401572,274,0.863906448414987,0.917613603326372
CDKN1A,0.0200847072871737,190,0.284350613522227,0.484609850638175
PPP1R18,0.00992431810067551,247,0.485977819086183,0.659149467932016
PDLIM5,0.0191694624724546,257,0.178706050035043,0.377822087192282
TMEM265,NA,NA,NA,NA
PRIM2,0.0110784471923036,215,0.499095647278476,0.668399806912584
FAM228B,0.0155116816153977,217,0.340672428573972,0.53711125654589
FOXP1,NA,NA,NA,NA
GNAZ,0.00819173280101297,47,0.944988254504733,0.966308342783804
FOXD1,NA,NA,NA,NA
SSBP2,0.0321369927281252,28,0.64800983723318,0.776611770678628
YAP1,0.022315138603475,185,0.25024469728062,0.453488398486906
PRAG1,0.0133500637947973,242,0.359310424758062,0.552794095583903
MED6,NA,NA,NA,NA
SDK1,0.0522560212765068,261,0.00352549897572022,0.0471151678434131
GABRG3,NA,NA,NA,NA
MYO15A,0.0114175395308585,232,0.450961589475843,0.630455192487853
H2AC4,0.0683240568954851,21,0.713410199641293,0.819961402637984
CADPS2,0.0117384305920734,219,0.464726683605892,0.641739753423141
AP5S1,0.0616307174305158,181,0.0112307308257651,0.0870758204367559
SPTBN1,0.0204833856762242,214,0.224844419736202,0.427944903595067
LYZL6,0.00892146497950214,182,0.656042049630982,0.782116591229073
MED29,NA,NA,NA,NA
ZCCHC17,0.0357633611201804,198,0.0704652702544185,0.23058727696821
GON4L,0.0489099505417726,244,0.007787239591053,0.0711952340371771
METTL23,0.00908390017245527,194,0.625173294595227,0.760359342107019
GPR21,0.00707673790002978,189,0.721920941571057,0.825719363435023
CPSF1,0.0407632714863175,216,0.032597377019643,0.1528792799245
NMRK2,NA,NA,NA,NA
SH3GLB1,NA,NA,NA,NA
CYFIP2,0.0304441738816733,49,0.691225908056813,0.805793105374302
RBM45,NA,NA,NA,NA
PCGF2,NA,NA,NA,NA
NEXMIF,0.0309154580748502,252,0.0512461856921244,0.193556174666339
MGST2,0.0296596246350823,204,0.110597626997949,0.290058352401587
CASTOR2,0.0369975033277647,97,0.314110769157437,0.512557944393224
ACACA,0.0136109121565652,214,0.407441141185282,0.596387814519682
THOC1,NA,NA,NA,NA
USP50,0.0287665490464707,222,0.0954588568424655,0.270169777943476
RNF146,0.00861303992588416,176,0.680590674253219,0.798526285332934
SERPINI2,0.0333662518847089,246,0.0425352395426294,0.176696729972123
H3C11,NA,NA,NA,NA
TRAPPC3,0.0198173140782321,95,0.601359310934886,0.743583707190942
PPP4R3B,0.0517895836999623,197,0.01732715945048,0.108175834686919
FMN1,0.00545822024500069,241,0.726766295527089,0.828574570704042
GAS2L1,0.0177657723084293,236,0.243181206026414,0.445915503661276
ANGPTL8,0.0250536268268219,232,0.122425109220462,0.306146905759239
OSCAR,0.0219827400275527,188,0.249748476508737,0.45310447289823
ZNF630,0.0264234368181826,98,0.464000068272555,0.64108319261437
MCM3,0.00969625493831951,238,0.512901781406106,0.679246863677671
SYTL1,0.0214091895268985,268,0.126261416539066,0.31176141935664
PHF19,0.0444204885004188,178,0.0489421695702266,0.188944368489362
TPT1,NA,NA,NA,NA
HDGFL2,0.0365428039735804,243,0.0314476708170354,0.149670230017101
CRY2,0.0225968716184135,224,0.168956166784857,0.365335439757544
RPP38,0.083775244656762,233,0.000222141746949693,0.0115008019884199
HSH2D,0.0240590845396257,239,0.125725716109688,0.311105762367005
DHRS3,NA,NA,NA,NA
STIM1,0.00878400685814707,215,0.597730187791913,0.741352545157811
FCGBP,NA,NA,NA,NA
JAKMIP2,NA,NA,NA,NA
CPEB1,0.0153398102347104,210,0.360938493912427,0.554245558050238
SEPTIN2,NA,NA,NA,NA
NR1H3,0.00896505742426868,215,0.589488693799138,0.736219588059865
GPR179,0.0450320091712856,260,0.00863026111150985,0.0750339817992132
NT5M,NA,NA,NA,NA
TP53I11,NA,NA,NA,NA
GPER1,NA,NA,NA,NA
PCDH15,0.0688289694323827,257,0.000526733889788181,0.0185830549039952
PNMA8C,NA,NA,NA,NA
RAB7B,0.0247812858858718,172,0.236924281072104,0.439671811705422
AL049569,NA,NA,NA,NA
MDK,NA,NA,NA,NA
LRRC41,NA,NA,NA,NA
MAP7,0.00645244028580305,266,0.634735784144025,0.766763780636716
FAM25C,NA,NA,NA,NA
IL13,0.00548139286780123,209,0.767396493632817,0.855889573640849
AOAH,0.0127069113382831,249,0.368878759442736,0.56189928002185
RFX3,NA,NA,NA,NA
PLEKHA2,0.0307976717029095,215,0.0861532705035222,0.256096937162082
HYOU1,0.00535926708620783,255,0.714641639561739,0.820414270908446
ORAI1,0.0131897660780876,179,0.503429681450714,0.67222483835037
ICA1L,0.0182752897526374,231,0.240330036078791,0.443022628383194
SPON2,0.0677916326878203,211,0.00260060072190648,0.0403917692612206
ARHGEF18,0.0089204547230076,231,0.56174486859228,0.715366727966331
ZNHIT3,0.00873487019944545,197,0.634261560461228,0.766519506834564
SLC35E2B,0.00149753250096969,208,0.958138958263776,0.974435660181063
TMC4,0.041400299580491,260,0.0133239898188389,0.0955591412112664
DUSP14,0.0206892502104392,78,0.660961655152247,0.785378772034591
SEZ6L2,0.0423505219764963,222,0.0248743823913326,0.131180179766464
H4C1,NA,NA,NA,NA
NR2E3,0.0155749831206628,225,0.322218123419888,0.520122942950025
C11orf96,0.00673562260891063,73,0.92218193737602,0.953425511891357
GCNT7,0.00686572644338769,239,0.65169569131106,0.779129086334248
DDX52,0.0330190611611895,224,0.0611782191497801,0.21381726099075
EIF5B,0.00951728297084346,238,0.521080851500214,0.684950534080578
HPCAL4,NA,NA,NA,NA
SLC39A1,0.00816589420870857,188,0.676047806274903,0.795320973648361
PRSS56,0.0303571215708289,249,0.0568289905091848,0.205267732026369
FP565260,0.0385862469335322,241,0.0260182352247133,0.134821372106648
PHOSPHO2,0.00701281479303093,184,0.733091693893871,0.831328983477191
GCSAML-AS1,NA,NA,NA,NA
NDUFA6,0.0153393513494376,199,0.385926438092344,0.578185991712044
CHAC1,0.0236650268904321,174,0.251485918240194,0.454702534739794
ALOX5AP,NA,NA,NA,NA
THSD7A,0.0275762876691215,264,0.0642688736984179,0.218570176977655
HNF1B,NA,NA,NA,NA
RECQL4,0.00896094509791443,280,0.475272345917826,0.650587768444694
NAPB,0.0428441577310713,88,0.292439428911394,0.492529564482348
KLRF1,NA,NA,NA,NA
CYFIP1,NA,NA,NA,NA
GALE,0.0338411935645378,191,0.0924714254102593,0.265627094384605
UPK1A,0.00390250959757294,181,0.872627126990727,0.923617190345304
RPH3AL,0.0322032623062712,231,0.0600034700737603,0.211878067786781
TPTE,0.0141491007135694,206,0.407211433426085,0.596164101725708
KCNN3,0.0456675402840388,178,0.0443240501307284,0.18076225981727
NDUFS7,0.012714817375719,191,0.490697399542208,0.662672877696165
LRRC8E,0.0240495579283973,228,0.14109635735015,0.332224663932615
NR4A3,0.00679296820251167,192,0.729737042688827,0.829735746140479
ECSCR,0.0649458174564057,210,0.00354681562949947,0.0471555470847668
PPP1R2,0.0246094985340855,172,0.239839770775005,0.442439067292941
MYH7B,0.0341124411697451,260,0.0315652778220147,0.149949786774032
LAMA2,0.00283948853765278,282,0.849970149289664,0.909248754982816
OR4F17,NA,NA,NA,NA
CLDN5,NA,NA,NA,NA
RHNO1,0.0353739252315551,250,0.0319540546304862,0.151008103812198
CD177,0.0442935267918286,192,0.0374015623716724,0.163913892045601
H4C13,NA,NA,NA,NA
DHRS11,0.0150188352153613,191,0.414755687448431,0.601357973058199
PRLR,0.00560136533561951,265,0.687181011876989,0.802613495269392
P2RY6,0.00938986716967862,195,0.610238439156661,0.7500479406581
BCL2L13,0.00989239948458917,233,0.513472414054993,0.67936678427222
BPIFA1,0.045094540833864,220,0.0196527859144155,0.115932321169984
VEGFC,0.00497116945980895,214,0.787013772867515,0.868580091445707
NUDT2,0.00559502824464756,182,0.798178942575397,0.876194364130344
ENC1,NA,NA,NA,NA
FIGNL2,0.0242733918392523,200,0.184645365308563,0.38494735186935
IKBKG,NA,NA,NA,NA
NAP1L1,0.0438768593025227,88,0.281881783562249,0.482629458262693
KCNE1B,0.0169226039649879,202,0.333771328435738,0.531231147082925
RAG2,0.0135971278321294,236,0.362479152850801,0.555904034433547
XKR5,0.0161636638892373,194,0.373552172565602,0.566848620254439
NOS1,0.0194715218919573,252,0.18023408117158,0.379728909479114
SIT1,0.00455319483941641,216,0.80634842234067,0.881288381269267
PTPN9,NA,NA,NA,NA
CHST9,0.0183862161481236,243,0.21684249305483,0.420159134572693
WASF2,0.032960686490466,188,0.103914219418472,0.281278502412859
OPLAH,0.0338560995775634,256,0.0345852896784192,0.157556104081322
NEB,0.0582764533040636,283,0.000923792615957804,0.024014675968388
EPHB6,0.0401485713587885,245,0.0203798895153928,0.118207779343515
PIP4K2B,0.0570499211139028,88,0.174501103073622,0.372269019890394
GTPBP8,0.0176037299405587,234,0.250692920404029,0.453996168054168
CSMD2,0.00178045048918324,272,0.922718463698545,0.95372036630942
CAMK1D,NA,NA,NA,NA
KIZ,0.0563954419031516,263,0.00201880553709486,0.0350770904780903
PDZD7,0.0186154927875155,264,0.179582440025898,0.379209618422644
GRIP2,0.045722908782261,257,0.0084648983887682,0.0744029716692507
DACH1,0.028672524048122,189,0.145340704008994,0.337538148478947
MILR1,NA,NA,NA,NA
FAM83D,0.0289399755632856,256,0.0607315585115433,0.213096419859596
AATF,0.0221858274944924,254,0.132033211212352,0.319569551121344
PSMB3,0.0998985361544854,61,0.111906787235369,0.291793282640381
H2BC9,0.115912630579297,26,0.407649773552039,0.596556074452346
HHLA2,0.0176922928933149,191,0.339169447940373,0.535605962674345
CRYAA2,0.1226587677905,86,0.0152714096665316,0.10135313888116
IFFO1,0.036387475321612,194,0.0711751434597441,0.231722947537001
RBIS,NA,NA,NA,NA
PADI6,0.0916481578710455,241,6.53700955190417e-05,0.00603726453854649
SMTN,0.00791269006041993,255,0.570370352413642,0.721230818937663
ABCG4,0.03184289444525,179,0.128926641011178,0.315296856123028
C9orf72,NA,NA,NA,NA
MFRP,0.00233909223887727,252,0.899376309396811,0.940658946101196
PDIK1L,NA,NA,NA,NA
PIK3R6,0.0334594212595322,236,0.0489303735077596,0.188944368489362
PAMR1,0.00417808190455673,245,0.796545293049658,0.875079863044979
SPCS1,0.0176911513391713,80,0.7060971767908,0.815081739831063
TEX28,NA,NA,NA,NA
RIMBP3,0.0962983433549544,194,0.000332997401438788,0.0139508385023829
PSMC3,0.0107017072770497,74,0.853952380478779,0.912453105918857
PLCD3,0.00669445164193902,250,0.644313447884237,0.773564863523157
SPATS2L,0.013629158976583,238,0.357488986356816,0.551274940094493
NOP16,0.0128828389447826,198,0.468477181985704,0.644402785373142
GGTLC3,0.0859089383742832,201,0.000648431735702852,0.0203409521820481
DENND1B,0.0218100566234934,258,0.132481035061428,0.320349053074301
HSP90AB1,0.0168153744663574,89,0.686951160145287,0.802514215337587
OAS2,0.0393907183143505,219,0.0353142553196466,0.158577768878154
C18orf54,0.032338395083775,277,0.0302993948694223,0.146448991672471
TAP2,0.0251690638568296,243,0.107269897319153,0.285694147272425
NAP1L4,0.0161849229176228,180,0.407763741733172,0.596654298565449
GHR,0.0306341699191521,254,0.0514608781817722,0.193832677290842
DNAH11,0.0440702647773439,286,0.00569145806742965,0.060665313375381
RNASET2,0.0378866951266293,202,0.0546705652510368,0.200901521942116
RAPGEFL1,0.0181045311359533,187,0.338365630336088,0.53514871825771
PKD1L3,0.141473106091606,180,1.32119816708927e-05,0.00298765486559754
ACD,0.0264482521646019,251,0.0853462500491074,0.254977677838478
RPS6KA6,0.0408666928262529,191,0.0511340319822094,0.193396386063095
SLC1A7,0.0171765110008333,231,0.266848355477173,0.46990822109498
COL19A1,0.0448446596880899,271,0.00702201840826908,0.0683734147153785
WASHC4,0.012547187506871,192,0.494284091441905,0.664892499852566
H2BU1,NA,NA,NA,NA
GRIA3,0.0239488765786709,88,0.555247412866161,0.710130364895427
REC8,0.0208009673226541,266,0.137907387532133,0.327501116466388
TMEM114,0.0112476760865005,200,0.524446344191267,0.687883485027804
HMGN3,NA,NA,NA,NA
GATD3B,0.0340584292342175,188,0.0949775577447976,0.269466289917073
UHRF1,0.102784453461917,218,5.63815093490894e-05,0.00563286627663381
RYK,NA,NA,NA,NA
VPS13D,0.0125497611175097,286,0.310952068146661,0.509558098290771
PACSIN1,0.0275392876834073,170,0.198946613649151,0.401423331976486
ARL15,NA,NA,NA,NA
NOMO1,0.0341842932436298,236,0.0453283034607984,0.182911892597946
WNK3,0.0069539624855656,248,0.633021662876137,0.765762843120749
CLIP1,0.00316623967076574,261,0.843904877317943,0.905855248000112
ADRA2B,0.0424517431630383,216,0.0276475812065046,0.139563850275879
RIMBP3B,0.0809134987662499,196,0.00125914853955308,0.0278411732634515
LRRC39,0.0133368744373209,229,0.385376175505992,0.577701385504274
PRSS45P,0.0801993143563792,227,0.000414486601101019,0.016143429209855
SLC38A5,NA,NA,NA,NA
MCL1,NA,NA,NA,NA
SAMD9,NA,NA,NA,NA
TYW1B,0.0192010459303189,253,0.18399943133783,0.384103713738503
ARR3,NA,NA,NA,NA
SHISA8,0.0060103943983823,211,0.738132116339872,0.835185735048383
POLR2J3,NA,NA,NA,NA
EHD1,NA,NA,NA,NA
DHX29,0.00503627059644655,249,0.741278812015176,0.83756435809796
GSTT2,NA,NA,NA,NA
CREB3L1,0.0216790003732857,207,0.215354515100477,0.418603391516076
RAB11FIP4,0.0207627790052974,203,0.241255121784105,0.443957418928637
KRTAP7-1,NA,NA,NA,NA
GABRR3,0.0119014555342817,183,0.538663418444578,0.699257700266043
GSTT4,0.00858282199039956,202,0.631357541212978,0.764568759616667
SYN2,0.0380301634581579,195,0.0607814383737169,0.213096419859596
HNRNPDL,NA,NA,NA,NA
CTNNBL1,NA,NA,NA,NA
MLLT6,0.0489223847869257,231,0.0104377011432987,0.083444138236426
SMOX,0.0263076143877272,179,0.196556806918634,0.398685697231362
LSR,0.0534762249144328,243,0.00476540157119367,0.0549189274456661
LYNX1,NA,NA,NA,NA
H3C2,NA,NA,NA,NA
YTHDF3,NA,NA,NA,NA
SAP18,0.00277581068720295,79,0.97488047757804,0.98454347493727
NOL4L,NA,NA,NA,NA
EXOC5,NA,NA,NA,NA
COPZ2,NA,NA,NA,NA
SRCIN1,0.0166052043641213,206,0.333419113945538,0.530869588099809
GPHB5,NA,NA,NA,NA
GJA5,0.0561563872764897,214,0.00751687637244786,0.0702599495302907
FGF1,NA,NA,NA,NA
RPGRIP1L,0.0173810718824332,274,0.191447879583482,0.392690744608895
DDX24,0.00844395002797503,252,0.547991661175929,0.706227431321715
BTK,0.0146793544058745,193,0.420474001002422,0.606061212852744
EPOP,0.011452601773729,207,0.501267938698575,0.670044675763077
ANAPC16,NA,NA,NA,NA
VPS11,0.0145100264517444,199,0.411625740980898,0.598933558452269
DHRS4L2,NA,NA,NA,NA
USP27X,NA,NA,NA,NA
POLQ,0.0388602295877317,254,0.020052846375502,0.117377772518902
CRABP2,NA,NA,NA,NA
RAB18,NA,NA,NA,NA
MGAT4C,0.0600959274000474,189,0.0102187729712404,0.0824754705714306
CLTC,0.00572021025226756,76,0.934185397408804,0.960350732213942
GUCD1,0.03131579335303,187,0.120455535337453,0.303468986066159
MROH5,0.0043510129889308,256,0.774779249293435,0.86082077283444
SCN7A,0.0101706792066,277,0.422331238504631,0.608187545634891
PDPN,NA,NA,NA,NA
SCAMP1,NA,NA,NA,NA
SRD5A2,0.038538029639162,212,0.0433702807572086,0.178505817353462
RYR3,0.0236706188189387,269,0.096033558473389,0.270878295287155
TGM5,0.0113044208387655,250,0.421069235773922,0.606781826976315
PRDM11,0.0209574912480336,226,0.193860257098379,0.395749832629785
NRN1,NA,NA,NA,NA
SNX12,NA,NA,NA,NA
TTBK2,0.041143135652694,261,0.0134810509629095,0.0959544436626253
GPX4,0.0720760499293334,190,0.00346694428596896,0.0467865761369412
B4GALT3,NA,NA,NA,NA
ARID3B,0.00651983573529556,223,0.694461656008593,0.807805612469216
JPH4,0.00819223656224028,194,0.663682443239905,0.78717262032999
SAMD11,0.0303915268172165,225,0.0782861949855423,0.243124354873413
DDX27,0.0183119248197476,249,0.208630838536116,0.411812770218792
C3orf85,0.0313691525966439,195,0.107518328832727,0.285900617251469
RBM26,NA,NA,NA,NA
MFSD1,0.0339834299807944,236,0.046299726266144,0.18500174712122
ARHGAP23,0.0248384928961528,246,0.1075270066453,0.285900617251469
BID,0.0467540730993649,223,0.0156016846967771,0.102322543112668
ENO4,0.0407697085759162,265,0.0130777230189516,0.0944741238623749
FTCDNL1,NA,NA,NA,NA
ARFRP1,NA,NA,NA,NA
IRX4,0.0487623522633479,218,0.0142185608098912,0.0982861566614337
B3GNT6,NA,NA,NA,NA
TEX46,0.0207728595268157,192,0.264982298285677,0.468009229089777
TST,0.0207566935796521,195,0.258584872716588,0.461498360029033
AL096814,0.0467152265587537,195,0.0284680696518153,0.141905806295702
LDB3,0.0125656800038113,244,0.383455878876343,0.576247088303139
ADSL,0.0219963980906694,196,0.231872182950004,0.43473047579144
C11orf71,0.0586700694435941,192,0.0106626294561284,0.0842427101446966
DOCK1,0.058401221609772,246,0.0025141705962272,0.039551144872448
CLEC20A,0.0296586111809865,216,0.0946581597296055,0.268826484650944
OR5R1,NA,NA,NA,NA
SCARF2,0.0197030487834951,201,0.267949029525822,0.4707032882815
AC135068,0.0568937393305825,175,0.0194399322693753,0.114942886435823
CDHR1,0.00478349704405266,270,0.732279253456668,0.830925567714195
OR1B1,NA,NA,NA,NA
NKAIN3,NA,NA,NA,NA
FO681492,0.0182744788694331,196,0.312616325293893,0.510785492127439
SEM1,0.0125259268861809,57,0.872862393148828,0.923703817128664
CERS1,0.025807320794417,227,0.120052378938363,0.302965706308793
OR51B2,NA,NA,NA,NA
NOTCH2NLR,0.0287494977054502,201,0.124432819599006,0.308923272984978
C8orf89,0.00416843897889272,211,0.831366628732318,0.897570046201479
HMCN2,0.0376093474149188,276,0.0158677577703539,0.103500185549404
OR5AR1,0.0224175121165311,171,0.282611893819374,0.48326330285762
ZNF518A,0.0213406387013348,250,0.150208203951124,0.342519484641585
CBSL,0.0524901674721703,219,0.00955708929496041,0.0792783729339912
SMIM34B,0.0423289010606357,211,0.0308027149672221,0.148094895365248
TREX1,0.00409276605953677,247,0.799601613892734,0.876849160886676
NR3C2,0.0275946680880855,233,0.0936100673873774,0.267253489855557
MTRES1,0.0304109186705478,237,0.0664658142459217,0.223412143107959
PHF6,0.052043176470226,86,0.219200638881664,0.422478713195652
UBAP1,0.0139616288241826,217,0.38920905972487,0.58143005634632
MAP4K4,0.0146425277743113,180,0.453817691899618,0.632296480038675
TRPC4,0.0142789917341514,200,0.416710619922166,0.603231013335838
NTRK3,NA,NA,NA,NA
PPIL2,0.026623465312922,206,0.141183912687445,0.332324728029298
AC093512,NA,NA,NA,NA
DBI,NA,NA,NA,NA
C2orf92,NA,NA,NA,NA
TNPO3,NA,NA,NA,NA
SLC25A22,0.0149097872707383,175,0.458489182659404,0.636576717578782
SUGCT,0.0115351454367287,209,0.493763032216675,0.664873575206855
GLIS1,0.00820812343002949,231,0.596002914622837,0.740266541899401
SIDT2,0.0484241358039715,232,0.0107615913323463,0.0847092875208667
PKP4,0.00149859599848112,219,0.954932324917406,0.972494649779952
ADH4,0.0322919336500895,187,0.111304134922649,0.290843139592708
CIBAR2,0.0174708588545098,224,0.272915281999924,0.475948107839385
COBLL1,0.00171507679774383,260,0.93096676196535,0.958652346894348
SHPRH,0.0238116307804085,264,0.0995163010891716,0.27559026107234
LRRC29,0.0296893948202526,233,0.0755565966454481,0.238437675749802
THEMIS,0.00311290368328184,244,0.85985610938559,0.915646104442716
FAM120B,NA,NA,NA,NA
MICAL1,0.0128846022116339,272,0.321836661422674,0.519770697423177
SPTAN1,0.0161198915236387,222,0.312746594107802,0.510921064976522
HSPH1,0.0149720791825943,223,0.344343623211008,0.54022670426403
MLLT10,0.0246725219462833,208,0.164112794844685,0.360369061231363
TMEM132E,0.0134887939998955,227,0.38421264929314,0.576606278602493
CELF2,NA,NA,NA,NA
LIMS4,NA,NA,NA,NA
PON2,0.0382663046459544,203,0.0519389468926036,0.194878507157286
KCNA2,0.085555781345255,75,0.0965656847390032,0.271312720237358
DAAM2,0.0196594908040348,232,0.208632153337539,0.411812770218792
NHSL2,0.0012412035479656,236,0.961585049419142,0.976614608405279
DNAJB6,0.0101849890459107,186,0.596780742597455,0.740741902529908
SZT2,0.00738442475731724,276,0.56605585582694,0.718137657609989
DIP2C,NA,NA,NA,NA
NRXN3,0.00155390256562572,189,0.961501069227792,0.976614608405279
PHF14,0.021950628886448,192,0.241406810823662,0.443979370779806
EXOC6B,NA,NA,NA,NA
SYTL2,0.0550819929092165,259,0.0026313801064223,0.0407208469445862
TMEM275,0.00618049732874394,187,0.765122533330246,0.854781996127006
EIF4G3,0.024277501058965,253,0.10601152189725,0.283961133398127
CIZ1,NA,NA,NA,NA
H2BC6,0.048674257581821,35,0.647001099295549,0.775724177679391
AC004706,0.0596001400190891,239,0.0026640592682207,0.0411266167758289
SPTY2D1OS,NA,NA,NA,NA
ENAH,0.0175970732662958,210,0.298424993255515,0.498529333243487
SCYL2,0.00994543020594691,234,0.509217604556692,0.676336991514655
CCDC149,0.0454982965375406,252,0.00965831327516174,0.0799274060249902
DOCK7,0.0227810061762044,204,0.201446635028068,0.4038372719525
ATP6V1C2,0.00645268477324333,204,0.726784760297029,0.828574570704042
DENND4A,0.00947215096071408,259,0.485530600080857,0.658894521204683
PTPN11,0.0459056644951256,92,0.242932774262883,0.445691704553742
PTBP1,0.00411402538986806,203,0.842030817830406,0.904707949093495
GRAMD1B,0.0192631065632052,200,0.280029782117921,0.4816539278257
HSPA12A,0.0144858488023058,206,0.396336201028714,0.58646890395047
LCORL,0.00390947546475472,275,0.784031568064588,0.867166830297056
GSDMA,0.0455191497230285,223,0.0176923259564424,0.109118384203996
NEDD4L,0.0279112054704889,250,0.0735122100383144,0.235298192271418
EPB41L1,0.0195195244613912,276,0.146758590117882,0.339038165017475
DCX,0.0898999437603351,61,0.145118067874115,0.337471949018
CCDC194,0.0478526275256937,207,0.0198158167779419,0.116462502299893
NYAP2,0.0397544169790633,217,0.0353178079810185,0.158577768878154
EXOC1L,NA,NA,NA,NA
DCLK3,0.0509766027632729,236,0.00745371006730235,0.0702599495302907
ASAH1,0.00156861150357266,223,0.95071616558437,0.969656767641545
FBF1,0.0537963069019499,274,0.0021052414765738,0.0360752814956956
CLN5,0.0200164524468363,241,0.186728906015637,0.387388719174972
KAZN,0.0206283577086056,193,0.265745272262727,0.468966577184161
ZNF654,0.0413994874620657,253,0.0152246548358088,0.101250475656635
TNRC6C,0.0239170883201112,256,0.106898406208831,0.285241588408899
CCDC196,0.0130209053788287,197,0.465949434228864,0.642403416922821
CLEC19A,NA,NA,NA,NA
FRMPD2,0.0012152734129885,223,0.96560615834084,0.978669428030315
GFI1B,0.0510752243105184,221,0.0105131755629987,0.0835676654134949
ERAS,0.0839319699302145,185,0.00147433211089708,0.0300433500230164
TSTD3,0.0177100150225459,204,0.308631666070609,0.507902297447255
TJP2,0.0107816006214176,263,0.419437020736996,0.605288491206734
CNPY1,0.0700134710253591,171,0.00772547949845725,0.0709385053297415
IRAG2,0.0659331381997436,249,0.000960546866906981,0.0246147382231938
ZEB2,0.0138543405425386,206,0.416934744698827,0.60341828505503
REELD1,0.010862986624549,190,0.561458147160042,0.7151319965115
CCDC201,NA,NA,NA,NA
HRH2,0.0367268863031725,228,0.0395368828913266,0.169490291011385
RBMS3,NA,NA,NA,NA
UNC13B,0.0136269682328659,273,0.294946410434692,0.494593480355002
SMIM36,NA,NA,NA,NA
IQCM,0.0315197054068451,249,0.0499516411233694,0.191049191078948
AC013470,0.0246115031029861,87,0.548563939274922,0.70649310654317
BTBD8,0.0675375136999562,275,0.000345959918345328,0.0140346060009129
KIF13A,0.00877805752990438,257,0.522714733193636,0.68638981770844
UMAD1,0.0164474822561359,174,0.416078355093598,0.602589712357523
KLHL33,0.0201296544522845,267,0.147605561487862,0.339823649875164
ARID1B,0.0248422291719024,192,0.191461400459297,0.392690744608895
PLCXD2,0.038077398086344,183,0.0741598563786186,0.236540084617646
KIAA1671,0.0625516014287198,226,0.00280599194564531,0.0420667766811772
RASSF3,0.0220046350870302,205,0.213278440361479,0.4169323432761
C10orf143,NA,NA,NA,NA
RAP1GAP2,0.00445646128181979,219,0.808145578322977,0.882570921413259
TAB2,0.0279915178410562,183,0.165009824051527,0.360900098764181
LMLN2,0.0346560047655744,249,0.0351945198844371,0.158555856118922
CPT2,0.106740437464205,236,1.48284774990515e-05,0.00318967603378311
SYT14,0.0102236252059545,262,0.445629926072739,0.625955965419919
EFHC1,0.00600167676234523,252,0.680789192378582,0.798643054914848
SMIM33,0.00298044609118298,213,0.889102824836594,0.934651504421426
PLEKHA6,0.00788935925313468,258,0.566705175221865,0.718611736513903
SPEF2,0.00794907517522754,288,0.516096505768056,0.681281622871265
PXN,0.0108501737524547,271,0.402615695856525,0.592319914800589
FAM237B,0.022399448521912,187,0.244057887601357,0.446819334779911
TEX52,0.00566630479658221,240,0.716293676583134,0.821488968307287
AC008687,NA,NA,NA,NA
LIN28B,0.00348145007154828,177,0.893510848883884,0.937763013711178
SPACA6,0.0214350700109092,243,0.158585664654435,0.35353527481864
FAM193A,0.082500777884674,248,0.000141737717644723,0.00939257773465644
PVALEF,NA,NA,NA,NA
PLEKHG4B,NA,NA,NA,NA
TEPSIN,0.00786674856269076,256,0.57115798850722,0.721868427272795
FTO,0.0283361805638471,227,0.0935273241960031,0.267148635736757
CSNKA2IP,0.0412178197372,253,0.0155481453773749,0.102125414918126
RALGAPA1,0.0290336556062616,271,0.0494570283124715,0.190046623956153
RASGEF1B,0.0360233161730141,195,0.0722644737555581,0.233146662640255
CCDC195,0.0220890784049198,243,0.148173434078444,0.340576945754028
TCF4,NA,NA,NA,NA
GABRA1,NA,NA,NA,NA
INAFM2,NA,NA,NA,NA
LEUTX,NA,NA,NA,NA
COLCA2,0.0474026421907742,237,0.010756384445262,0.0847092875208667
VSIG10L2,0.0596838939336408,191,0.010022796246543,0.0816178599718492
FBXL22,0.00956269495377814,191,0.611261619683773,0.750649095799948
SPIN3,0.039665460701165,79,0.377372121322697,0.570605643733334
GIMD1,0.0325213112251396,213,0.0753369289124462,0.238205344247496
PAX6,0.011949109641239,202,0.493305029712839,0.664698778927499
SCN3A,0.0263968538339587,226,0.114601442125746,0.295305068086739
GFAP,0.0162015071023468,239,0.277443947942301,0.480163897403607
KCNC1,NA,NA,NA,NA
FAM217A,0.0419366329518562,248,0.0157532424704545,0.102994505186708
PAX4,0.0212089926907874,233,0.177712982399263,0.376533736429844
MED17,0.0215518852892932,222,0.189999773815352,0.390926836722507
NCBP2L,NA,NA,NA,NA
THSD8,0.0264531803493952,203,0.148301811321704,0.340693336241029
ZC3H11A,0.0456006759875858,248,0.010383752689934,0.0833317418141146
DTHD1,0.0221644653494782,253,0.133616431724365,0.321811436165188
UNC45A,0.00595009469848401,251,0.685152839007357,0.801001152707701
RBMX2,0.0130004939282552,200,0.459755873726068,0.637466074638457
INTS6L,0.0402104994429775,237,0.0234414244961397,0.127259157025932
NECAP1,NA,NA,NA,NA
GABRD,0.0401233006346126,201,0.045504795006482,0.183169743742906
TMEM211,0.0195554620979351,191,0.293864536464452,0.493819598418164
HNRNPU,NA,NA,NA,NA
PIGN,0.0177231485263865,257,0.209002540717694,0.412228070544866
LRRC8B,0.0154945925827583,219,0.33695742162048,0.534418432276571
PERCC1,0.0228292716671209,230,0.155849651907523,0.349762320122328
KCTD7,NA,NA,NA,NA
ST3GAL5,0.0748901355226675,232,0.000613215678421343,0.0197037574511581
CNTN2,0.0341752619524511,258,0.0323189583510311,0.152224206197756
MIA2,0.0129065437940361,268,0.327827329244618,0.524760586351649
PFKFB3,0.0551615150524024,213,0.00850744016715803,0.0745703771293356
RTTN,0.0444561637977637,283,0.00575373812896092,0.0612193891482425
LPP,0.0238207796610474,236,0.1328999329379,0.321057197628433
RAI1,0.0069203059625579,261,0.615091726277279,0.753613104941551
LIAS,0.00841617064354384,197,0.648203229031681,0.776626198634098
OR10Z1,0.00779147901584603,192,0.685002791168379,0.800899251658907
GABRG2,NA,NA,NA,NA
OR10K2,0.0141356377200003,184,0.459804557982599,0.637466074638457
FOXO6,NA,NA,NA,NA
MAPK10,0.0414288133685931,200,0.0412229466086873,0.17386339207431
OR2Z1,NA,NA,NA,NA
OR6N2,0.0481549142978255,182,0.0333145301929508,0.154795277831967
OR2I1P,NA,NA,NA,NA
NFIC,NA,NA,NA,NA
OR10G3,0.0216932484114819,185,0.262377189196532,0.465473726369554
OR2T11,NA,NA,NA,NA
ZFHX3,0.0134997762419339,251,0.33734729366659,0.53451793134333
RBFOX1,0.0859595530960238,208,0.000485126540630292,0.0178571434146456
OR6Y1,0.0396948278894927,180,0.0686139092383666,0.227688053168274
OR10D3,NA,NA,NA,NA
OR5A2,NA,NA,NA,NA
OR1I1,NA,NA,NA,NA
OR4D1,NA,NA,NA,NA
RGPD1,0.0320823038794741,238,0.0549577414709696,0.201364152869468
OR4F5,NA,NA,NA,NA
OR11H2,NA,NA,NA,NA
OR4E2,0.032233208368602,205,0.0867292096297463,0.256820091570437
OR2B11,NA,NA,NA,NA
OR52K1,NA,NA,NA,NA
OR13D1,NA,NA,NA,NA
PHGDH,0.0534942631755258,218,0.00885299384739406,0.0762536734381589
FAM71F2,0.0395511098830089,218,0.0353875383989802,0.158695665158244
OR10J1,0.0200038358777857,99,0.580671426940134,0.729386811690345
OR8S1,NA,NA,NA,NA
MON2,0.00548261416816402,217,0.756785520126009,0.848676620967232
OR2A25,0.0148003348197532,194,0.414288984669324,0.600768310234007
OR51F2,0.0918385409970456,170,0.00142164007934328,0.0296209062031858
OR8D4,0.0548149846138131,174,0.0235129834239187,0.127449892674073
OR2A5,0.00810458829522409,187,0.680551155734572,0.798526285332934
OR6B1,0.0917336756282192,210,0.000251858080790143,0.0119536601720829
FER1L5,0.0247064635724919,279,0.0762128288213857,0.239547529089133
OR4E1,0.0123857490220828,187,0.511803017717059,0.678258837469629
OR2C3,NA,NA,NA,NA
OR51D1,0.0111081491040664,200,0.529878904556739,0.692228713553659
OR51L1,0.0262376101308921,204,0.149409080961745,0.341681801607346
OR5AU1,NA,NA,NA,NA
OR2H2,NA,NA,NA,NA
PNPO,0.00811754422677049,215,0.628705343317265,0.763025657755735
MICU1,0.0149791603827983,205,0.383109433147166,0.575862355784528
OR5K1,0.0105958529803616,192,0.567480015821925,0.718860700368812
OR13G1,NA,NA,NA,NA
POLR1C,0.00386996998058389,172,0.882158213470216,0.930448613395998
CCDC88A,0.0236586730828601,235,0.136493572098459,0.326089314246104
PATJ,0.0138774985417768,274,0.285219940307232,0.485500722802642
MANBA,0.0785413931332851,262,0.000133739267053333,0.00899483520016772
C11orf80,0.0255430172077321,267,0.0787463350725623,0.243780584220747
MYH14,0.0340051315180115,248,0.0384420216591319,0.166360036646518
ST3GAL3,0.0262599253980982,223,0.120195955015947,0.303191856423668
GLUL,0.0592083717629894,211,0.00603580548505277,0.0626167641074086
BCL11A,0.0379820247687093,65,0.487917818384036,0.660632102412491
A4GALT,0.00797088341262082,224,0.619841853830885,0.756884549414204
BICDL2,0.0112188146285606,257,0.411781506189828,0.59902333099185
TM9SF2,0.0294503027755641,174,0.164978372839784,0.360900098764181
TLR5,0.0110183098379703,244,0.44407316409907,0.624595893756572
NDP,0.00879671845080102,66,0.902859678788325,0.942526300741648
MYL10,NA,NA,NA,NA
MBD5,0.000856659635376976,226,0.978751373897637,0.986836982632169
TLR2,0.020557547828684,240,0.178260440155386,0.377193049645953
MACROD2,0.0383437502638095,220,0.0384764852861859,0.16645262112937
SNTG1,NA,NA,NA,NA
PFKM,0.0193096545629495,242,0.198989690724845,0.401430660231424
MEA1,NA,NA,NA,NA
ALDOA,0.00636416164781812,190,0.75232646798584,0.845041137295167
IQSEC2,NA,NA,NA,NA
SRP72,0.0108012035242972,186,0.572775681656831,0.723553965639893
MYO3A,0.0315541623012129,276,0.0339023123756521,0.156215575403873
CD59,0.0276517615051391,185,0.165470968263897,0.361075274019183
EPS8,0.0240464583219766,245,0.118246070034404,0.300535212124959
LOXHD1,0.0497916627023756,271,0.00376894255190419,0.04838835921477
COL25A1,0.00280301155081832,225,0.890022514461787,0.935412340665565
ANKRD40CL,NA,NA,NA,NA
AP3D1,0.0231847227888363,242,0.133496764955949,0.32174765707627
SLC33A1,0.0180687088780291,210,0.286647841278982,0.48696103861933
TEX15,0.0493401895641652,244,0.0074186441673501,0.0702599495302907
GSS,0.0346147167411755,230,0.0475496402388946,0.187257952406482
KRBA2,NA,NA,NA,NA
CD8B2,0.00261385161766284,233,0.894962575038867,0.938127025160084
SEMA3E,0.00332366117664032,238,0.852404874057007,0.911369079582777
TCOF1,0.0364332167366591,197,0.0675395457736735,0.225474090425558
GAB4,0.0118874878991371,199,0.502307273233215,0.671077880194926
TEX51,0.0422945243942966,227,0.0227164458393909,0.124984454969255
HOXA1,NA,NA,NA,NA
CEP78,0.00512597159752296,248,0.737194696945595,0.834644115948004
BLVRB,0.0283655211753659,171,0.185294029141995,0.385518657874791
TMIE,NA,NA,NA,NA
KIF25,NA,NA,NA,NA
CCDC9,0.0170389422915352,218,0.29604180289743,0.49597424675087
EYA1,NA,NA,NA,NA
TRIM8,NA,NA,NA,NA
SPTA1,0.078647679383747,287,5.14968928457098e-05,0.00533223111612162
AC138647,0.0599873112420118,200,0.00760044296106229,0.0704506852635293
SLITRK6,0.0190495826586611,245,0.199454600426267,0.401875303121174
PRPS1,0.00167644394195699,172,0.962515329162161,0.977169807270568
TECTB,0.0182520289763832,193,0.320193255244161,0.518167890570475
ASAH2B,0.0132341591762091,211,0.426939826869736,0.611780561995157
PRKCB,NA,NA,NA,NA
TMEM8B,0.073592189466632,236,0.000614803706546444,0.0197037574511581
RIMBP2,0.0783733310527076,271,9.74834658953262e-05,0.00739791027219501
POU3F4,NA,NA,NA,NA
HECW2,0.00815669124902344,245,0.574436424584051,0.725076541476955
MYO1F,0.00977892818171494,237,0.511023110415998,0.677850039070615
SMARCB1,0.138245614035088,19,0.288168319656243,0.488371486246429
ANO4,0.048190763869763,205,0.0200594696336752,0.117377772518902
SEPTIN3,0.00636960316889843,249,0.664010160509541,0.787185624451228
CYSTM1,NA,NA,NA,NA
PAPLN,0.00512625928251071,281,0.697269208546214,0.810035632586389
SLC9A3,0.0286806518568573,222,0.0962571558067458,0.271150519835784
TBCE,0.0104128223127092,244,0.469837240290584,0.645715667674639
XG,NA,NA,NA,NA
SLC26A4,0.0449240672443334,240,0.0132373386935674,0.095141504289658
GJB6,NA,NA,NA,NA
ABHD5,0.0356785160953104,185,0.0871398837200479,0.257437615184071
SGCE,NA,NA,NA,NA
RPS10,NA,NA,NA,NA
GIPC3,NA,NA,NA,NA
RAPGEF2,0.0683187991492872,231,0.00129823246888431,0.0282637414080522
VPS45,0.0101926934686074,210,0.545812662130083,0.704088935975766
OOSP1,NA,NA,NA,NA
SMIM27,NA,NA,NA,NA
UPK3BL2,0.0171352332190165,216,0.297661128408231,0.498084295056246
PJVK,NA,NA,NA,NA
MORN2,0.0328126234861444,172,0.132150649358061,0.319760597310711
ZNF746,0.021060551124474,195,0.252352635511187,0.455558209194964
SLC18A2,0.0250339708082823,229,0.126727861218696,0.312610118241586
CDC14A,0.0255733241104627,248,0.0971823665871096,0.271740759814871
MTAP,NA,NA,NA,NA
CYP21A2,0.0423916531268965,248,0.0149607154469166,0.100389711239162
PITX2,NA,NA,NA,NA
KITLG,0.0441656407438385,207,0.028014350868661,0.140579500655345
ABCC8,0.0135106927144861,252,0.335151843849915,0.532962152986955
TUG1,0.0899915453065887,45,0.265856706729917,0.468968284890889
CXorf56,0.0991898967427333,30,0.411059857012703,0.598702616989241
SLC6A1,NA,NA,NA,NA
MYT1L,0.0294901477456806,219,0.0925110251541211,0.265627094384605
KNG1,NA,NA,NA,NA
VPS13C,0.0275000922571276,282,0.0519917031784798,0.19491359112122
GRB10,0.0141312021667024,240,0.337020252203243,0.534418432276571
KCNJ10,NA,NA,NA,NA
SPTB,0.0292276995025849,278,0.0440673435892497,0.180289652410114
SLC35B3,0.0381170632581785,216,0.042145750788965,0.176274847119547
DYRK1A,NA,NA,NA,NA
PLEKHG1,0.0367535466507213,279,0.0168050770016891,0.106471559220616
BRAF,NA,NA,NA,NA
KSR1,0.0341414136389281,232,0.0484129658471338,0.187926709243857
PTPRQ,0.0341260257548134,278,0.0238376413085972,0.128291180282176
DOCK10,0.012714388511988,271,0.329571612016369,0.52645479125053
HARS2,0.00591396763200595,238,0.705157304606879,0.814888252560857
KCNJ6,0.0494372012476534,87,0.235546323560315,0.438324199993492
GPR174,0.0406683100293646,183,0.0601405397753147,0.212115733751982
TRMU,0.00992520874371512,236,0.506337792918161,0.674058548197523
KDSR,NA,NA,NA,NA
BX255925,0.0080983969381077,190,0.675226770266873,0.794876575270445
CTNNB1,0.0770788652585724,62,0.194980266051542,0.396875288574268
ESPN,0.0417336418169304,254,0.0143685281810179,0.0987170366372005
CFAP92,0.0104409811948882,231,0.493369288968003,0.664715039066592
SLC1A2,0.00144535469446545,198,0.962873397711298,0.977351160263754
ATP13A3,0.0870224171695984,243,0.000102326562429505,0.00762123449767352
ARPC1B,NA,NA,NA,NA
COL13A1,0.0022664999740644,243,0.908115613054696,0.945301221729842
FAM122C,NA,NA,NA,NA
FOXF2,NA,NA,NA,NA
NOBOX,0.0342012522439084,247,0.0381958042061838,0.16568861116143
THPO,0.0491725994288846,242,0.00791287675248394,0.07167363957492
GRIA2,NA,NA,NA,NA
RPS7,NA,NA,NA,NA
LRGUK,0.00280867839240733,237,0.881905665562465,0.930259280818582
SIX1,0.0770121351516703,43,0.356862180242625,0.550720649121834
SPG7,0.0243614967756751,249,0.109601294332767,0.288620644625953
FOXC1,0.0132911139247754,171,0.520326059837459,0.684452871110296
ABHD18,0.0180726090945493,194,0.322320053238099,0.520182633962642
TRANK1,0.0643446827100812,256,0.000935245705999709,0.0242099376252282
ACOT6,0.0376008168024688,179,0.0823560276036775,0.250063179130517
CASK,0.177711671085081,72,0.00554114801565157,0.0597056354715215
SLC12A1,0.0139171755435746,239,0.345936073070439,0.541652568590068
TRIM66,0.0173499620660262,268,0.200776824739793,0.403009241904808
FYB1,0.0108465188961952,259,0.42376306442353,0.609216208206126
MICAL2,0.0168873966732726,281,0.192794296535175,0.39438293618246
CTCF,NA,NA,NA,NA
ARHGEF7,0.0202438824919074,188,0.285564836563562,0.485704294667938
LZTR1,0.0231140802196002,195,0.213710090614538,0.417148097610689
TBC1D24,0.01220587863503,213,0.459659432524328,0.637466074638457
TINCR,0.12343597027972,65,0.0481263656334362,0.187683908370361
RHAG,0.0539121065394573,256,0.00326966177962097,0.0455606262858344
AVPR2,0.00515456184217768,215,0.776331520799396,0.861634800213086
EFNB2,NA,NA,NA,NA
RFX8,0.0767289381240906,207,0.00124260912407119,0.0276601403439483
CSNK2A1,0.0628309826159043,47,0.408861784122388,0.597440864059145
SLC19A3,0.0184690246202543,253,0.198942029367581,0.401423331976486
GIGYF1,0.0235433474625579,228,0.14825098148618,0.340693336241029
NMNAT3,0.0449928248561075,228,0.0168368184885616,0.106471559220616
HDDC3,NA,NA,NA,NA
TSC1,0.0520128407811469,264,0.00337571047019951,0.0462557595862662
SYNGAP1,NA,NA,NA,NA
S1PR2,0.0409146710034097,177,0.0657603330730108,0.221933411571413
CHD8,0.0459520019387142,225,0.0162310454885138,0.104900942191257
UBE2T,0.00386953482582919,219,0.839022492143835,0.902668563941872
TRPM7,0.0153179487157924,237,0.306145961483087,0.5055854467646
SAMHD1,0.0122945761327833,251,0.380409499259496,0.573723272231787
TMF1,0.0338577166096269,255,0.0351123378395445,0.158532393234267
GRHL2,0.00912655972084682,191,0.62939122864832,0.763567030678701
RAB15,NA,NA,NA,NA
SH2D4B,0.00215814545199422,215,0.927190681424557,0.956479873531764
CC2D2B,0.00814685200148554,277,0.52245261016137,0.686257883974341
SUCLA2,0.0299407908707109,202,0.110732983676688,0.290062998327781
RNASEH2B,0.00754255684734176,250,0.598089423491116,0.741352545157811
TPM4,0.0518593484809389,84,0.230422234217364,0.433036858256895
POU4F3,0.0508967037627411,60,0.391177418828786,0.581945521107746
C3orf49,0.0530472242601804,205,0.0127305235910414,0.093503259850341
SAMSN1,0.022249525058659,256,0.128614733718408,0.314825533084306
ERCC3,0.0511731794288588,210,0.0134935936400567,0.0959544436626253
RPL35A,0.0352173913043479,24,0.666976810858474,0.789169143728495
CDKN1C,NA,NA,NA,NA
CBLC,0.0133982941606344,223,0.395585744432247,0.585752906034082
ANKRD44,0.0141365837900164,208,0.403132694203752,0.592738165940774
LRRC9,0.00455594764469149,273,0.743614447744182,0.839301099474469
TSEN15,NA,NA,NA,NA
PTP4A2,0.0463479377765091,34,0.675482818322239,0.794876575270445
SERAC1,0.00449799104669499,255,0.766828042346277,0.855443352733842
FRY,0.0696666399232691,252,0.000561269165868126,0.0191836929502975
TDRD12,0.0666745277392427,283,0.000300387294042235,0.0130161752197574
NDUFV1,NA,NA,NA,NA
ALX3,0.0330975627141095,201,0.0850665270508873,0.254559983204911
EPHB1,0.0329775499927745,221,0.0641975020327756,0.218570176977655
TNXB,NA,NA,NA,NA
CRYBB1,0.0324838956255936,188,0.108041905626678,0.28637288450809
C8orf33,0.00496456547058074,201,0.80296677344986,0.879217557294292
PRSS51,0.0248170468955741,187,0.202176305706862,0.404797583631913
ZNF23,0.0393940239004185,230,0.0290099303187518,0.143372321513241
ITM2B,NA,NA,NA,NA
WDR49,0.00957762954891674,255,0.487573255315511,0.660419647106193
EIF4E1B,0.0691371607192815,201,0.003149710357624,0.0447792435615493
RPS17,NA,NA,NA,NA
CA14,0.0295853445082999,223,0.0870210353941268,0.25738206860394
ALOX12B,0.00257186071349325,226,0.901297855501294,0.94182224217792
PNRC2,NA,NA,NA,NA
ENPP1,0.0339785928294643,266,0.0292334106699846,0.143696147546478
JAGN1,0.0230588404368888,81,0.605254798012946,0.745938175681525
CPOX,0.021242711253039,218,0.20271424960782,0.405237589547197
NEK5,0.121169942530334,248,1.42835570588799e-06,0.00113697114188684
HESX1,0.0366761135005854,206,0.0570823762186647,0.205658032113413
B2M,0.0167937160220006,210,0.319482117635473,0.517543150623935
HLA-DOB,0.0719775488085847,198,0.00267063324199958,0.0411296781286377
ALDOB,0.0188725571077816,198,0.293581995421417,0.493670490320461
COL17A1,0.00407685709724183,278,0.770008618165483,0.857765220060841
IMPACT,0.00536037442104284,197,0.789002712418174,0.869870026433333
IQSEC1,0.0771362424670265,231,0.000497316641050416,0.0180450847305359
DLG4,NA,NA,NA,NA
VKORC1L1,NA,NA,NA,NA
IL17A,0.00247331234805473,216,0.911860002232939,0.948036652117446
PLCZ1,0.0222618242224817,257,0.127207524047117,0.313367907304887
KCNN4,0.0409100922935634,199,0.043985667919717,0.180103287959384
FOXL2,NA,NA,NA,NA
FAM50B,NA,NA,NA,NA
UBE3A,NA,NA,NA,NA
MRPL28,0.0134877059046279,224,0.39043052711615,0.581849314175041
CXorf58,0.00176578979022939,198,0.950789569356222,0.969656767641545
DLX5,NA,NA,NA,NA
CTLA4,0.0223550366744923,225,0.171246720664839,0.368287442483517
BCL10,NA,NA,NA,NA
IL21,0.00393821727471876,206,0.847711915486916,0.90787579512625
TMPRSS9,0.0257173939017815,258,0.0854475807234071,0.255041103373169
EPB42,0.0432134645243437,274,0.0081108752981818,0.0729425567362131
CD53,0.00145674340048684,213,0.958359406979481,0.974582035075907
MYO1C,0.0451744440767586,219,0.0199031158590021,0.116813863401037
CES4A,NA,NA,NA,NA
KAT6B,0.0240246288677626,264,0.0971028721066763,0.271740759814871
PRDM1,0.0050200392797763,239,0.754259109443189,0.846663495317156
CABCOCO1,0.00845395779347635,236,0.575175901359303,0.725520772978736
PTP4A1,0.0269656873854777,62,0.649250876774361,0.777586906770572
ATP8B1,0.0423532429704566,266,0.0105761920686129,0.0837155886798343
FEZ1,NA,NA,NA,NA
EIF2B5,0.026478765605912,244,0.0922882498086181,0.265383416022253
TPRA1,0.0539603880378374,203,0.0122790965250733,0.0921017435827248
MYL12B,NA,NA,NA,NA
GAN,NA,NA,NA,NA
GJA1,NA,NA,NA,NA
LMBRD1,0.00696290741330793,208,0.695877885319286,0.80891069247748
ITPR1,0.0976896144733459,214,0.000115403530963215,0.00816544094637507
NDN,0.0358390400242452,184,0.0873820348079095,0.257711163003567
HOXA13,NA,NA,NA,NA
AP5Z1,0.0259103746424351,271,0.0720317244972782,0.23266447963412
ANKS1A,0.0401590779960824,256,0.0166281313296881,0.105993934241695
RAB12,NA,NA,NA,NA
GET1,NA,NA,NA,NA
RCC1,0.02010359777654,201,0.259235466678502,0.461959270129761
TRIM16,0.0141686235317235,236,0.34354042380438,0.539465287675674
C9orf153,0.0435619562595154,242,0.0147715412398791,0.0996981182994702
MALT1,0.00298357369669941,243,0.868011663020908,0.920559292217028
GNAI1,0.120651467435004,41,0.184986153478639,0.385244097066466
LHB,0.0109418627982997,186,0.56738992344295,0.718853431420309
EDDM13,NA,NA,NA,NA
TBX1,NA,NA,NA,NA
SETBP1,0.020623808691488,250,0.162151739922226,0.357852115690429
AGK,0.0203716186840932,214,0.227093897398336,0.429706233386843
PCMT1,NA,NA,NA,NA
NNAT,NA,NA,NA,NA
ABLIM1,0.00049644032641168,239,0.989573394416782,0.994229271201638
COL9A3,0.0261294212292061,243,0.0968969004171222,0.271657045850297
MMD,NA,NA,NA,NA
STON2,0.0176384274834813,257,0.210917429742818,0.414160404749389
CHRNE,0.0550095644592303,256,0.00286804059612174,0.042517434271495
CALCR,0.0428135258871108,214,0.0277463069114208,0.139854313955762
ISG15,0.0382403449067037,232,0.0315882113323197,0.149997405455392
CCBE1,0.0220988205957791,214,0.19454896980228,0.396317287172399
TTC37,0.0425183234668582,266,0.0103646375559157,0.0832832958436231
TTR,0.0134533686493673,204,0.434979155334981,0.618637020920862
DHH,NA,NA,NA,NA
DARS2,0.0392625608732452,256,0.0184648031707803,0.111665590305346
STON1,0.0222776483195374,253,0.131978801713029,0.319498577954216
EIF4A3,0.0549196174196173,27,0.69900569814682,0.811666173393516
SH3BP1,0.0022925800573928,259,0.898378742087294,0.940237625049205
MPIG6B,0.034125379010407,229,0.0507707946410003,0.192732292264614
SCUBE2,0.044211842958782,258,0.00991908916298931,0.081084415648159
CA5A,0.0150084794397757,228,0.333035796084073,0.530524565219106
MIF4GD,NA,NA,NA,NA
ECE1,0.00403055129465222,228,0.821822200994822,0.891771964886262
COX6B1,NA,NA,NA,NA
THBS2,0.0060664224229296,248,0.682638195414401,0.799602690775113
FOXC2,NA,NA,NA,NA
IGF1R,0.000919125014646914,205,0.979581308589503,0.987333613975618
SLC35B1,0.00646093557187604,176,0.769677366620267,0.857471215996826
IFIH1,0.00159497540155502,261,0.937190690931974,0.962352708192342
LARP1B,0.0149286175529451,248,0.297261670837122,0.497558764592139
APLP2,0.0135033730587148,217,0.404642982175244,0.594067207029845
GRM6,0.0400298305819131,219,0.033157102692918,0.154288951369018
C2orf15,NA,NA,NA,NA
IDE,0.0196588940782664,201,0.268925640806109,0.47189817598603
BBS10,0.0216369549360673,276,0.114060258630136,0.294563034047674
CTPS1,NA,NA,NA,NA
WDR37,0.0462039518687074,185,0.0367077866257435,0.162170138782894
FBRSL1,0.0160381873578046,187,0.39423772827888,0.584531936032017
EPS8L2,NA,NA,NA,NA
QSER1,0.0829011667888268,258,9.09590328259847e-05,0.00706639702873488
LRPAP1,0.0362015529414497,225,0.043808993540582,0.179578803261298
MED13L,0.0238716693442876,244,0.12171350743337,0.305026216188784
ALAS2,0.00996990842789889,207,0.561315496346331,0.715034423031293
SLC25A48,0.0284459862083443,189,0.148027730619973,0.340487108162415
KCNK9,0.094325749678695,170,0.00116598053790427,0.026841072302414
LPL,0.00551208553640013,211,0.763205417585739,0.853246506177315
GSK3B,NA,NA,NA,NA
ABCB11,0.0782292407467475,281,6.8295001680282e-05,0.00604031348194494
DYNC2H1,0.106845941804283,275,1.95964600771912e-06,0.00131358166075319
LMTK3,0.033204446336917,196,0.0906589731428143,0.263014278347809
ZMYM1,0.065194185422556,225,0.00218883944166914,0.0369328654860956
DCLRE1B,0.0118744490374519,248,0.402072780851536,0.591863030157785
GCLC,0.0257130735728814,210,0.146370036162667,0.338447491025367
MDGA1,0.0291442483969629,228,0.0852079078698215,0.254743641931936
TFPI2,0.0467731421225297,224,0.0152404687991118,0.101250475656635
SLC25A38,0.0344710473518705,189,0.0904324535503456,0.262905506129162
INPP5F,0.015744220544426,257,0.258187275483883,0.461182437607593
DLG2,0.0223592176211039,180,0.261215883527505,0.464124650196192
MAP1LC3B,0.0799895476634199,64,0.168938929210057,0.365335439757544
DIABLO,0.0175836453645122,202,0.316339068291749,0.515053295673909
FAM83H,0.0596373538353377,245,0.0022429347967813,0.0372419537158017
LARS2,0.0550435800602073,237,0.00465766208194816,0.0544155489561768
GTF2I,NA,NA,NA,NA
FANCB,0.0287305867267541,259,0.0598500718270687,0.211551253192534
CHST8,0.0139727397312102,243,0.336472607488014,0.534062204507395
NOTCH2NLC,0.0226075334475836,211,0.191241399358075,0.392530292058733
ALPK1,0.0107286393257521,262,0.423471132133044,0.609204348206933
SELL,0.0317341397134607,247,0.0501824970820692,0.191376091480216
PARN,0.0101907973897233,244,0.479577828547652,0.654511704284494
CLUH,0.000964078887427398,234,0.973518457858369,0.983687389086484
GTF2IRD2B,0.0641893269130329,234,0.00185453994788979,0.0337173359357876
TMEM217,0.0356789147777497,227,0.0447187323828331,0.181372253873071
GTF2IRD2,0.0584651658833989,233,0.00356303696922812,0.0472696237917597
GREM1,0.00568374520319608,75,0.935955499079064,0.961549506838022
SPEGNB,NA,NA,NA,NA
MPRIP,0.0451426255611453,246,0.0114061164832267,0.0878455752915938
BIVM,0.000954605194133128,232,0.974211642609429,0.984037213284214
CACHD1,0.0173666736303253,205,0.315253201171171,0.513961184090633
TIMM23B,NA,NA,NA,NA
CTC1,0.0346204801023848,270,0.0254072910096806,0.1325727289591
ACSL6,0.0349794903245473,225,0.0495387133654483,0.190099395225209
ZFHX4,0.0684164756354192,232,0.00124375592863848,0.0276601403439483
SLC29A1,0.0269991155439996,237,0.0948582108640948,0.269187650081353
DIP2A,0.0498657771557991,232,0.00922636186330563,0.0780777041136614
CLEC3A,0.045326639580051,180,0.0437239475080555,0.179421260840717
GPR19,0.00962341990005726,217,0.55624230510929,0.710992384607427
TMEM167B,0.00658836589095121,182,0.754805063533559,0.846977734728053
NIF3L1,0.0331803588397982,235,0.0511447441390734,0.193396386063095
CHRNG,0.00370011483467897,253,0.817595737790244,0.889003612780376
MECOM,0.0242449782057066,207,0.172202855690909,0.369408046164632
RDH8,0.0250490298133529,234,0.11984550427922,0.302844679237794
DEPDC5,0.0543395375263706,221,0.00753996723449204,0.0702599495302907
SCLY,0.0525334580321347,217,0.00998909767069971,0.081495517822182
BSND,0.0231526375964575,225,0.158660125803706,0.353619100850893
CPAMD8,NA,NA,NA,NA
CRYBB2,NA,NA,NA,NA
RPS27,NA,NA,NA,NA
NOTCH1,0.0351665560278602,243,0.0365625085456975,0.161856137934655
CARD14,0.0289889451378013,252,0.063595723532591,0.217894612993093
LHFPL5,NA,NA,NA,NA
POLR3G,0.0122414055563654,188,0.514604041164421,0.680173639338134
GPR101,0.00594709956172048,218,0.731385274197745,0.830504143297088
ZMAT1,0.030459172964183,213,0.0913599894664197,0.264273843077576
PQBP1,NA,NA,NA,NA
FAM161B,0.0225383458851287,270,0.108593810715396,0.287160065223387
PTPRZ1,0.0256572844414583,269,0.0759517528822219,0.239140055552034
BOLA2B,NA,NA,NA,NA
GSG1,0.0124207831572822,234,0.408251890808713,0.596995384868015
CYP26C1,0.0706260841173407,232,0.000977394597044527,0.0247477089223839
COL10A1,0.0459982725031604,249,0.00971430009286467,0.0800062764103972
LRRC7,0.0177673633462266,217,0.279525546150726,0.481361901364009
ADAM20,NA,NA,NA,NA
KRI1,0.0169495752427529,256,0.228714147699266,0.431355063345408
FAS,0.00961574493944651,229,0.533448889324858,0.695181116795395
FKBP2,NA,NA,NA,NA
RGR,0.041061784122219,211,0.0347472553922919,0.157768643378335
ESYT2,0.00831464219949639,247,0.563037027930744,0.715762082520519
BICD1,0.0118955226528065,183,0.538878098127682,0.699393810022843
LRRC55,0.00822739677505945,217,0.619926994135496,0.756915942604705
NR1H2,NA,NA,NA,NA
ERCC5,0.046740572897413,261,0.00687844898544985,0.067574398216098
GPRC5C,0.0148588973398926,240,0.314172376165937,0.512592798212833
LRRC4B,NA,NA,NA,NA
RAB33B,0.0216475118376758,179,0.277751912733906,0.480214496586205
ELMO3,0.00330757811893476,247,0.846196018676122,0.906987094935251
ALX4,0.0394609914425202,181,0.0686869311163446,0.227796753892574
SUMF2,0.0545168702337162,174,0.0240722563429535,0.128816914615066
MIP,NA,NA,NA,NA
IL31RA,0.0340894055718035,246,0.0392721211976687,0.168862165959996
GCNT4,0.0175315727293647,207,0.306585765200681,0.506045386315347
SNX6,0.0403610058201306,90,0.309008336843753,0.508269427617467
AC023490,0.00278860358889387,190,0.912910572934801,0.948509467849374
HMBS,0.0114141756798925,203,0.511436801507345,0.678003516976398
MYCBPAP,0.0206141778522167,280,0.124354256262165,0.30888555355573
AP000552,0.00203253410546512,190,0.943497131784832,0.965481236574934
AP000471,0.0362722361273989,96,0.327851757663322,0.524760586351649
PREP,0.00745082165967681,192,0.700127387785112,0.812013152526144
GPRASP1,NA,NA,NA,NA
EEF1AKMT2,0.0133842443297144,189,0.472363671389207,0.648058930889001
FBXW8,0.00414585476479333,237,0.8064730630562,0.881348972977841
SNX25,0.0264078261660487,255,0.081825599818977,0.249552404045616
NRG1,0.0388708968863585,226,0.0328664214892347,0.153576843433787
FECH,0.00369199006397753,239,0.830566241264337,0.897056618787533
AP001453,0.0469043702284762,226,0.0144024437350689,0.0987170366372005
TACC3,0.00332629228235148,186,0.892906288246083,0.937337490845702
AP3B2,0.00891907611526173,236,0.552725880065459,0.708599411608085
TMUB1,0.0224715507751986,219,0.179359419411278,0.378951819114473
ERCC6L2,0.0475147522568818,277,0.00439630188872909,0.0527673963414162
ANKFN1,0.0165522440795133,267,0.221116925215341,0.424489995856992
GUCA1A,NA,NA,NA,NA
MYL3,NA,NA,NA,NA
SCN10A,0.0587154750037461,255,0.00189187598607827,0.0341287996582052
FRMPD4,0.0663745727231093,259,0.000666227766711979,0.0205948466913684
FAN1,0.0242252770261458,259,0.100055510228213,0.276782575644334
IL19,NA,NA,NA,NA
TNNT2,0.0256092699844757,206,0.15438651649552,0.347642622716927
SCN3B,NA,NA,NA,NA
CCDC30,0.0567996779641985,264,0.00187012876044775,0.0338323293935547
KIAA1549L,0.0691591149921475,280,0.000237518960130383,0.0117705894016364
PLA2G6,0.0168679787591031,254,0.233980523517604,0.436882560844481
GVQW3,NA,NA,NA,NA
STRA8,NA,NA,NA,NA
CUL1,NA,NA,NA,NA
NINJ2,0.0333378518795507,202,0.082067161435556,0.249840183697903
UCP2,0.00889790611844068,178,0.665087678487165,0.787812190588963
PIN4,NA,NA,NA,NA
CYP27C1,NA,NA,NA,NA
MYO6,0.0160879807583129,228,0.301580164352424,0.501360784909603
TNNI3,0.00923485658088644,195,0.616772819982676,0.754946529101333
KCNJ8,NA,NA,NA,NA
RAPGEF5,0.00153355194641978,229,0.950435481308768,0.969544997037967
CCDC57,0.0172751132004507,253,0.225752128471949,0.428499655120046
JAKMIP3,0.00775007401817973,257,0.57573024864455,0.725728507944215
RIMS2,0.00352117981610938,249,0.831877299394325,0.89778741505687
KANSL3,0.088334164736185,224,0.000195996665339289,0.0107595410765568
ETS2,0.0050260814279829,234,0.759949274675339,0.851100418771115
IQCF6,0.00379381586888914,181,0.877221559983246,0.926853640944634
AMPD2,0.0483255635493715,213,0.0165941897261022,0.105959172509007
KCNC3,NA,NA,NA,NA
SLMAP,0.0254046890018622,198,0.171451575935883,0.368436939536523
ZCCHC14,0.0168317210839077,240,0.259014641427968,0.461734224630873
SBK1,0.0437049843302829,181,0.0488441444201612,0.188852162518268
RAD54L,0.0225620915136283,235,0.152436225192196,0.34544978007968
SAMD8,0.0289146289126004,198,0.12736442857464,0.313367907304887
ETNK1,0.0379992185964866,194,0.0619848318795588,0.215458192908859
BRI3BP,0.0347933674978652,199,0.0755182455690749,0.238437675749802
GCK,0.0455181978261928,191,0.0343490668627284,0.157223463083431
MFSD4B,0.0518266625301998,82,0.240866240824331,0.443738617461894
AC119396,0.0252935555185486,221,0.13482650944779,0.323563298346909
NFILZ,0.0111816591613128,204,0.518316260512099,0.68343264249737
SLC25A52,0.0288409024639734,187,0.14697723872092,0.33908872843545
ZCCHC8,0.0223027534875687,248,0.138114411619577,0.327857339426316
YPEL1,NA,NA,NA,NA
ETV3L,0.0606073347406394,203,0.00659642781341343,0.0663575207695522
BTD,0.0123174964817324,265,0.354405024836404,0.548644997728995
OPRL1,0.0788257713126099,175,0.0033188452621088,0.0458484857929846
ANK2,0.0200431342279894,268,0.147794255284596,0.340073646848169
OTX2,0.0851597850678734,33,0.256005446052578,0.459546914859144
MEN1,0.00904763270971062,208,0.599209551040488,0.741933972589117
ACAT1,0.0357096164273251,229,0.0431703964358789,0.178049925196682
UFSP1,0.00894373785487725,188,0.643069580776795,0.772654167997477
CAMK2A,0.0155964381609403,217,0.338177019638745,0.53514871825771
JAK1,0.0244138329707625,209,0.166168410982353,0.361640615562415
CFL2,0.0113384379070597,67,0.861779935527295,0.916162709422006
MPZ,0.0149161883660021,176,0.455680923865478,0.634060116502866
ANO3,0.00602332454383577,227,0.714637513852792,0.820414270908446
ATP8B2,0.124993492994449,210,8.9854782231395e-06,0.00243487341808308
ACP2,0.017672418144716,227,0.262116376337896,0.465270267461944
IFT46,0.0350229127376811,197,0.0763446473135817,0.239666114908991
PLPPR5,0.001517484887377,179,0.965547912312572,0.978669428030315
AK2,NA,NA,NA,NA
UBE4B,0.0112341658143982,242,0.438965448455734,0.621782479057684
EFCAB14,0.0367450760966716,247,0.0287730566484017,0.142478090775289
ASCC1,0.0120997271243468,183,0.531524946154289,0.693525429179493
SACM1L,0.0169893465758502,204,0.327458618831233,0.524394941460403
YPEL2,0.14747030684856,61,0.0313784777372299,0.149396744845368
AMD1,NA,NA,NA,NA
DPEP3,0.0289329384030253,212,0.106618992921776,0.284854099822057
AQP4,NA,NA,NA,NA
LDHB,NA,NA,NA,NA
TMEM145,0.0128731506103708,194,0.478095513852029,0.653188635960034
EED,0.0402112363841634,84,0.34245287261014,0.538653795919815
OPRK1,0.0421704949167575,176,0.0607276922521677,0.213096419859596
AKT3,0.0723990800031503,46,0.353537018055103,0.548070028691558
PLEKHG5,0.018802970435105,272,0.164928852271059,0.360873003913946
ARHGEF2,0.0429614898654085,246,0.0145884739670008,0.0992514981002793
ATAD3B,NA,NA,NA,NA
ATP5MC2,0.0150705856622065,181,0.438072457830141,0.621301873376912
HHLA1,0.00337185929467226,249,0.840785231613056,0.903877834880044
TRAK1,0.00385536214753602,228,0.831416017253902,0.897570046201479
GBF1,0.0206182976174479,252,0.159409070543949,0.3545021691021
WIZ,0.0351582513744193,256,0.0297550868344747,0.145195703419107
APOA5,0.0158592917688413,243,0.279502820544349,0.481361901364009
MAPK8IP3,0.0375870003007671,226,0.0374520591906955,0.163913892045601
USP7,0.0320111238990455,201,0.0935993072919991,0.267253489855557
ADNP,0.0113390090938353,214,0.490809763383981,0.662672877696165
PLK5,0.0313960203337165,219,0.077028460187912,0.240840425330775
ADCY7,0.0133312831260832,270,0.309763821158363,0.508592500486388
ARNTL,NA,NA,NA,NA
ELF5,0.0228848493002854,179,0.253635720330755,0.456691069924293
DDHD1,0.0122571740068133,248,0.387401262625708,0.579894385865946
RFX7,0.0139012436689609,244,0.336932904074496,0.534418432276571
GKN1,0.0275258241976583,251,0.0757737028778751,0.238756526435581
ZBTB3,0.00559852829209859,241,0.718795721180881,0.823253804402851
AHDC1,0.0166453536559508,226,0.290324415004385,0.490408496717652
DNAH10,0.00581839274607158,278,0.656741021156875,0.782510398115255
STAT1,0.00694122629996902,233,0.657042028580626,0.782795816277162
LDB1,NA,NA,NA,NA
FAM163B,0.0523098768458375,187,0.0210098124220266,0.120045298791804
WFS1,0.0383409611366992,236,0.0291565601117133,0.143595335912119
SPATS1,0.0104340880070436,216,0.523464423219018,0.686878517836124
CDKL5,0.00250230595177811,201,0.91879007846631,0.951281232367037
POU3F3,0.107373955499273,82,0.0335984457346223,0.15541726808822
PIK3CB,0.0530783415446669,202,0.0136588157773786,0.0964383075154503
MAS1,0.0315299235188681,209,0.0873943556071298,0.257711163003567
USH2A,0.00133296365248413,274,0.947594853031463,0.967652986546561
TSGA10,0.00543267796826152,213,0.764603716540574,0.8543597941622
SNCA,NA,NA,NA,NA
COA8,0.0366331195769239,217,0.0478496572363853,0.18754884903271
NIPA2,NA,NA,NA,NA
SLFN14,0.0318902087332527,260,0.0409411038937712,0.173346376060861
IL12RB2,0.0164587025459161,260,0.234448756074712,0.437609882672587
LIN52,NA,NA,NA,NA
DNAJC7,NA,NA,NA,NA
LGALS12,0.0341875553748303,237,0.0446217807391868,0.181372253873071
MSANTD2,0.0130252210203379,202,0.45433054584601,0.632595805389175
SVOPL,0.0255752712461828,228,0.121461625413472,0.30487490367875
CCDC114,0.00617747730888932,238,0.690589260680776,0.805287019230027
THNSL2,0.0161440345859726,239,0.279006385280925,0.481361901364009
RTBDN,0.0520410211846323,203,0.0146777834361997,0.0995317020629024
SLITRK1,NA,NA,NA,NA
AGO1,NA,NA,NA,NA
PRRG3,NA,NA,NA,NA
SWSAP1,0.015679266886949,252,0.268514167641582,0.471409044124405
GNL3L,0.019930427324244,220,0.22467494517104,0.427866918044324
STS,0.00282266300354646,190,0.911476046009645,0.947792204603106
CELSR1,0.0144393795861718,227,0.352783381586561,0.547679958044092
ZNF711,0.00944659833562456,181,0.636847604409466,0.768052060771093
KIF5A,0.0156737024661681,173,0.440928439717568,0.622717299649917
LCOR,NA,NA,NA,NA
AMZ2,0.0431376740975157,221,0.0234349013503826,0.127259157025932
MTR,0.0215346463526141,269,0.123283684002856,0.30724723879352
FANCI,0.00153684228695803,271,0.937137690789846,0.962352708192342
GJB1,0.0967462649198636,78,0.0588712970448777,0.209566414969061
PIEZO2,0.0276135952349022,274,0.0565771400284702,0.204648240671002
NT5C2,0.00614197723786732,74,0.930079929551737,0.958308375959457
FIG4,0.0186941466272858,205,0.282307496577663,0.483057047207866
ATF4,0.0172919892054847,225,0.275462509751962,0.478294549993318
NPBWR1,0.0370513935367775,189,0.0730003324930165,0.23440141626509
POLR2A,0.051764847254645,61,0.375585288127069,0.569117469808494
CSPP1,0.0197591002414958,271,0.148850095623511,0.341024432067105
AC093246,0.010678287093399,83,0.831307028464312,0.897570046201479
AC013477,0.0304875111534108,180,0.141217134743605,0.332324728029298
AIFM1,0.0301766580424882,219,0.0866171021300488,0.256786641696532
CEP41,0.00421858261225326,234,0.805382356824072,0.880597778123982
CAST,0.0144806787820461,272,0.269759243895185,0.472709649181216
PHACTR1,0.019695367329063,178,0.322571988572705,0.520182633962642
HARS1,0.042233997845409,219,0.0266614862866969,0.136731578280158
TNFSF14,0.0762420758489433,198,0.00179990047322375,0.0330652443146251
INF2,NA,NA,NA,NA
TCTEX1D4,0.0450361560354039,230,0.0160825262728166,0.104184666638145
SBF2,0.00903194276944299,252,0.518868882329352,0.683546076093099
MFN2,0.000739493764645349,228,0.982602227166981,0.989673544104284
NALCN,0.0227699004989262,201,0.207525628246302,0.410989816222793
SPRY3,NA,NA,NA,NA
CHRNA7,0.0538800410155688,210,0.0103954552462885,0.0833337407409245
TRIP12,0.0549351783624064,195,0.013730153190183,0.0965050943875111
GDAP1,0.0380050557372135,190,0.0662894257178058,0.223113669646399
CEP290,0.030677463780498,265,0.0440123357411624,0.180122464010104
ZBTB20,NA,NA,NA,NA
ZBBX,0.017443022793917,275,0.188682758377039,0.389475463645051
DYM,0.00994085512633312,207,0.562541827819386,0.71558246040303
ACTB,NA,NA,NA,NA
CEP63,0.0177108801969124,261,0.203128229534792,0.405874040061988
IFRD1,0.00191360577456674,197,0.945343568430247,0.966488814785721
GARS1,0.0247414980246279,212,0.15634795309052,0.350448351031478
CEP104,0.0263823770729409,262,0.0756281621917069,0.23853399546151
LMNA,0.00607978644274832,226,0.713063862963488,0.81985551558682
TFG,0.00841688336228491,182,0.676867400459256,0.795966785482343
MACROD1,0.00275320275042493,206,0.90453009042107,0.943287822704566
AC063943,NA,NA,NA,NA
ELP1,0.0157878377897131,276,0.226856642813835,0.429499955831277
PAQR7,0.026108734977776,213,0.136557097306507,0.326118730788612
DISP1,0.0442496411576743,274,0.0071135765843836,0.0687193696806863
CCND2,NA,NA,NA,NA
SLC52A2,0.00872455351029843,242,0.551383427823142,0.70783382086035
NGF,0.0395610926931382,190,0.0581511674318926,0.208127056539667
TMPRSS6,0.0511973988998522,239,0.00677562437906659,0.0673248035754473
RUBCNL,0.0108571502488983,257,0.426897232191396,0.611780561995157
CHRM3,0.0231818031899659,204,0.194642986858899,0.396335525672358
LRSAM1,0.0237143024406412,261,0.103820193729187,0.281151177404832
PIK3C2G,0.0263002845002833,255,0.082817790116452,0.250776836643636
KIF1B,0.0362613487440033,228,0.0414651584376573,0.174348054758007
NOVA2,NA,NA,NA,NA
POMK,0.0467903499367874,210,0.0205395015496189,0.118851018507926
SIPA1L2,0.0427310254621648,264,0.0105048740693422,0.0835676654134949
RAB7A,NA,NA,NA,NA
HSPB1,NA,NA,NA,NA
AC084756,NA,NA,NA,NA
NHS,0.0333548080184323,257,0.0360943668013149,0.160509027786853
PHF21A,NA,NA,NA,NA
CLCC1,0.0214461704585446,247,0.15268317934987,0.34561861424519
