	Herbivore...Insectivore.Rho	Herbivore...Insectivore.P	Herbivore...Insectivore.p.adj														
M6PR	0.003695055	1	1														
FKBP4	0.546850545	1	1														
NDUFAF7	1.897237101	0.346779914	1														
FUCA2	1.043002907	1	1														
DBNDD1	-2.00730914	0.268300539	1														
HS3ST1	-0.048484763	1	1														
SEMA3F	2.491535874	0.076315273	0.712930809														
CFTR	1.477455448	0.837321554	1														
CYP51A1	-0.035280503	1	1														
USP28	-0.847404787	1	1														
SLC7A2	0.10561464	1	1														
PDK4	-1.66154568	0.579623415	1														
USH1C	-0.294944468	1	1														
RALA	-0.015058465	1	1														
BAIAP2L1	0.3330011	1	1														
CACNG3	-2.679640187	0.044220801	0.543540233														
TMEM132A	-0.959277377	1	1														
DVL2	-0.075907642	1	1														
RPAP3	0.84651154	1	1														
TRAPPC6A	0.094254084	1	1														
SPATA20	1.388992929	0.989009401	1														
CD79B	1.182252298	1	1														
RHBDD2	1.700631012	0.534073782	1														
RPUSD1	-0.721651333	1	1														
TSR3	0.801023245	1	1														
NDUFAB1	1.872869322	0.366518594	1														
YBX2	-2.221052701	0.158084353	1														
ITGA3	-1.722284533	0.510107929	1														
KRT33A	1.82400453	0.408908325	1														
LRRC23	1.039859764	1	1														
TFAP2D	-1.150789983	1	1														
CRY1	-0.114950273	1	1														
PGLYRP1	0.054536566	1	1														
CD74	0.891862331	1	1														
MGST1	2.768956475	0.033741688	0.469508141														
CPA1	2.259648557	0.143058428	0.974695574														
SYPL1	1.096192274	1	1														
RANBP9	0.535245707	1	1														
CD4	-0.124080492	1	1														
PLEKHG6	-2.140270221	0.193997611	1														
QPCTL	0.759629761	1	1														
UBR7	-0.985245542	1	1														
MAP4K5	-0.631919301	1	1														
GPRC5A	3.174520799	0.009005048	0.244259669														
HEBP1	-0.624492246	1	1														
COX15	0.109931359	1	1														
MS4A12	-0.686900915	1	1														
XYLT2	-0.615274689	1	1														
SCTR	0.738963267	1	1														
RALBP1	3.185883361	0.008658766	0.23969723														
SYT13	1.501061423	0.800038053	1														
SNAI2	0.971851135	1	1														
SLC7A9	1.916687644	0.331665756	1														
RTF2	1.222198378	1	1														
RB1CC1	1.118875889	1	1														
AKAP11	-1.05338569	1	1														
B4GALT7	0.239529211	1	1														
FAM13B	3.002377274	0.016072798	0.328141977														
CHPF2	0.058392149	1	1														
MYOC	-0.561822285	1	1														
NSMAF	0.902389997	1	1														
OTC	0.815622529	1	1														
TTC17	0.38860384	1	1														
HOXC8	-1.039550395	1	1														
MRI1	1.573103025	0.694169788	1														
TARBP1	4.077619237	0.000272995	0.04138477														
RTN4R	-0.831890855	1	1														
PSMA4	-0.694259631	1	1														
ZPBP	0.033909361	1	1														
LCP2	1.238824301	1	1														
DCN	0.134101687	1	1														
TNFRSF17	-0.29109201	1	1														
MRPS10	2.645069691	0.049004456	0.5688448														
GRN	3.480034121	0.0030081	0.13979978														
THAP3	0.584078322	1	1														
RCN1	0.228088988	1	1														
RFC2	2.3955987	0.099559477	0.808859535														
PPP1R3F	1.264069319	1	1														
NFE2L3	2.48776188	0.077129863	0.714443495														
FAM168A	-1.477106735	0.418941086	1														
RELT	0.161506075	1	1														
PKP2	0.141438414	1	1														
YIPF1	2.016453647	0.262515363	1														
ADCK2	0.507272885	1	1														
INPP4A	0.19119907	1	1														
SLC2A3	1.671327173	0.567942432	1														
STYK1	1.591528872	0.668943619	1														
GNA11	0.761834515	1	1														
CREB3L3	1.782113011	0.448384827	1														
HDAC7	0.746313751	1	1														
MRPS35	2.231886847	0.153734655	1														
APPBP2	-0.49254051	1	1														
ISOC2	1.083824669	1	1														
CD22	2.594058973	0.05691013	0.616236046														
GSC2	1.550715775	0.725818874	1														
KCNQ1	-1.823158866	0.409675999	1														
TRIB2	-0.068611681	1	1														
GPKOW	2.451085491	0.085455673	0.74914902														
AQR	-0.443471654	1	1														
LMCD1	0.088796923	1	1														
PSMC4	-0.600740469	1	1														
FNDC8	0.101263203	1	1														
ACAP1	-0.35221643	1	1														
DERL2	-0.994937317	1	1														
NOX3	2.720588121	0.03909954	0.508573592														
ANO8	1.355915772	1	1														
ICAM3	2.0730581	0.229001237	1														
CTTNBP2	0.165797068	1	1														
ACTL6B	-1.283933564	1	1														
KIF22	1.390906698	0.985522329	1														
PRSS22	1.98203402	0.284852599	1														
YTHDC2	-2.471277269	0.080778833	0.727981359														
TMEM161A	-0.148717586	1	1														
FOXJ2	2.604503298	0.055204521	0.607583728														
GOLGA5	2.154570883	0.187172577	1														
PYGM	-1.437718466	0.90308371	1														
BCL3	2.140543014	0.193865451	1														
PRLH	-1.263269752	1	1														
EPHA8	0.769747931	1	1														
TRIP13	-1.470533957	0.848503176	1														
VASH1	0.057544215	1	1														
KRT14	-1.298506753	1	1														
KRT20	-3.444704702	0.003430101	0.152576148														
HSD17B10	1.726200383	0.505868215	1														
FGF4	0.340926993	1	1														
ST6GAL1	1.668285502	0.571554387	1														
TIMM21	1.406146981	0.958082904	1														
BPIFB2	2.293435936	0.130937518	0.942689242														
REXO1	-0.057853701	1	1														
MKRN2	2.276416209	0.136926663	0.960674448														
GPATCH1	0.615921138	1	1														
P2RY10	-0.808436159	1	1														
TNS1	0.12290957	1	1														
NGFR	0.938552081	1	1														
NTN1	1.096594637	1	1														
MNT	-0.515789509	1	1														
AP3M2	2.297687154	0.129477607	0.935736578														
LAPTM4A	0.250426547	1	1														
PTPN18	0.039586825	1	1														
STK10	2.176364989	0.177167877	1														
TBX21	1.385104509	0.99612308	1														
MRPS34	-0.002564051	1	1														
TIGAR	2.63038091	0.051173548	0.583387605														
FGF20	0.752362759	1	1														
MTMR7	0.67976843	1	1														
CPB2	-0.065473641	1	1														
FAM107B	1.866983694	0.37142319	1														
CDK13	0.452704489	1	1														
TSPAN32	0.515068326	1	1														
CLDN18	2.222155242	0.157636896	1														
NDUFB4	2.976536934	0.017491438	0.343483609														
HEATR6	3.000143313	0.016191156	0.328688742														
TMEM131	0.071033772	1	1														
ACTR6	-1.162529842	1	1														
FAP	-0.82487881	1	1														
DMRT3	-0.247693755	1	1														
GAL3ST2	-0.129525939	1	1														
UHRF1BP1	2.955749993	0.018714588	0.356753846														
OSTM1	0.303915672	1	1														
SLC13A1	1.854742721	0.38179785	1														
HSPB11	1.969016465	0.293707203	1														
STRADB	1.366934506	1	1														
PLOD1	1.167853464	1	1														
OXCT1	1.164862498	1	1														
FAM234B	1.387758812	0.991263004	1														
RRN3	2.799616064	0.030698052	0.449837737														
MOGAT2	1.195508663	1	1														
AQP2	1.345431453	1	1														
EIF2AK1	1.370520746	1	1														
NME8	3.388158403	0.004221817	0.171769232														
EPDR1	-0.879962129	1	1														
HBQ1	1.033122139	1	1														
HSD17B2	2.300550347	0.128502362	0.931728389														
ZW10	0.742930927	1	1														
ITGB4	-2.15172593	0.18851368	1														
TRIP6	-0.935712193	1	1														
ADAM11	0.065345776	1	1														
SLC22A4	2.101271021	0.213703092	1														
TFAP2C	-1.581098292	0.683133391	1														
SULT2B1	1.599940568	0.657670612	1														
EPS8L1	0.535341944	1	1														
REM1	-0.187494854	1	1														
PPP1R13B	-1.186651866	1	1														
TGM6	0.459223747	1	1														
RALGAPA2	-0.207446855	1	1														
ESF1	0.824766215	1	1														
SLC8B1	1.801436766	0.429804394	1														
SIRT4	0.985976919	1	1														
TRMT6	1.496008027	0.807909381	1														
HAUS5	2.568690971	0.061250068	0.639310138														
UQCRC1	1.158194318	1	1														
GMIP	2.958690035	0.018536981	0.354962283														
LAG3	0.680275525	1	1														
PDCD7	0.83949422	1	1														
CHRD	3.419371917	0.003765952	0.159852127														
GNPTG	0.980106763	1	1														
GLG1	2.939654547	0.019714702	0.366861671														
DLL3	0.313087434	1	1														
AASDH	3.359616361	0.004683046	0.177776434														
DLD	1.584335837	0.678703888	1														
ABCC6	1.666852107	0.573262896	1														
CMTM6	-1.827643641	0.405618309	1														
APOH	1.099319204	1	1														
CCDC80	0.413924729	1	1														
HAUS4	-0.600585666	1	1														
TGM1	-2.111106042	0.20857919	1														
TEKT2	3.033730481	0.014493007	0.311746545														
XYLB	0.224550374	1	1														
KRT23	-0.239233224	1	1														
CDC6	2.968966102	0.017928213	0.348580328														
AAAS	0.364086227	1	1														
FMO2	2.04452103	0.245412612	1														
RAB26	-0.01538204	1	1														
PSMD5	1.202677378	1	1														
NANS	-1.805830341	0.425669068	1														
SEMA4G	0.803844106	1	1														
MAPK13	1.973869214	0.290379697	1														
ZNF184	1.248119097	1	1														
SIRT1	1.65753378	0.584469632	1														
TGFBR3	0.685405773	1	1														
OCEL1	2.190539516	0.170910793	1														
PSMD8	0.929314269	1	1														
FGF22	0.254535258	1	1														
NDUFB7	1.963133352	0.297784086	1														
CDC34	-1.105660311	1	1														
GADD45B	-0.766520544	1	1														
MAPK12	0.414549914	1	1														
SERPIND1	0.776175888	1	1														
SNAP29	-0.941208952	1	1														
MMP11	2.263933771	0.141469131	0.973240365														
USP18	-1.301832831	1	1														
MAPK1	2.017864913	0.261631993	1														
TCN2	2.046438055	0.244279747	1														
PLA2G3	2.44785553	0.086225559	0.752052239														
LGALS2	1.777078793	0.453331661	1														
PDXP	1.404036338	0.961848175	1														
ASPHD2	2.766709451	0.033975118	0.469879468														
LGALS1	1.160138171	1	1														
PIK3IP1	0.469446127	1	1														
SRRD	1.656073843	0.586241194	1														
MICALL1	2.347454888	0.113412972	0.874418455														
CENPM	0.627492468	1	1														
HSCB	3.319081429	0.005418845	0.190824003														
RSPH14	2.086541144	0.221577794	1														
RTCB	0.159978141	1	1														
GTPBP1	-0.18251515	1	1														
PPP6R2	-1.063076789	1	1														
DNAL4	-0.607718438	1	1														
C22orf31	2.520224491	0.070368006	0.683210274														
MIOX	2.438481341	0.088494721	0.761413359														
RHBDD3	1.789042038	0.441648274	1														
HMGXB4	1.703084927	0.531313057	1														
BIK	0.547487088	1	1														
HMOX1	0.734547969	1	1														
MCM5	-0.13625534	1	1														
ARSA	-0.358468107	1	1														
TTLL12	-2.62078916	0.052635899	0.589766269														
CABP7	0.196019502	1	1														
RPL3	1.002115947	1	1														
TAB1	0.764260765	1	1														
PNPLA5	-1.530042371	0.756037449	1														
MYH9	-0.411469035	1	1														
TXN2	0.663730087	1	1														
EIF3D	-1.812089551	0.419834164	1														
UPK3A	1.372739802	1	1														
FAM118A	-3.122412539	0.010762524	0.264603853														
IL2RB	1.097413842	1	1														
L3MBTL2	0.399154312	1	1														
CHADL	-2.056244016	0.238554009	1														
CERK	-0.329723572	1	1														
ZBED4	-0.143883257	1	1														
HDAC10	0.272679941	1	1														
RIPK3	-1.295350337	1	1														
SNAPC1	2.60631833	0.054912816	0.605944364														
SUPT16H	1.458092893	0.86888964	1														
COCH	1.682604912	0.554709601	1														
POLE2	0.472419521	1	1														
SOS2	2.777255242	0.032892066	0.462814998														
PYGL	1.382539076	1	1														
GNPNAT1	0.717502167	1	1														
CGRRF1	0.929752999	1	1														
ATP6V1D	-0.406359699	1	1														
CCDC198	2.271939143	0.138541118	0.961446734														
PLEK2	-0.616045442	1	1														
PSMA3	-2.295655286	0.065086797	0.660410575														
TMED8	-0.312599503	1	1														
AHSA1	-1.20167333	1	1														
SPTLC2	-0.16590269	1	1														
RIN3	0.68424047	1	1														
ALKBH1	0.418448627	1	1														
DHRS7	1.926659508	0.324132464	1														
SIX4	2.250260065	0.146594648	0.988214003														
SLC10A1	1.155982793	1	1														
ZFYVE21	-0.463633688	1	1														
BDKRB1	-1.6817131	0.555746919	1														
VRK1	-1.931086342	0.320834254	1														
PABPN1	-1.443932744	0.892547369	1														
EFS	1.362628633	1	1														
CINP	0.384743623	1	1														
PCK2	1.482367561	0.829455123	1														
BRMS1L	-1.24852154	1	1														
PNN	0.689069474	1	1														
RABGGTA	-0.086086486	1	1														
CYP24A1	2.888504497	0.02322471	0.391569496														
ZFP64	0.061283985	1	1														
PYGB	-2.09647628	0.216239772	1														
PROCR	-0.515971752	1	1														
MYBL2	-0.297180253	1	1														
R3HDML	1.075712409	1	1														
PABPC1L	0.270075449	1	1														
SALL4	0.519274088	1	1														
TPD52L2	-0.868806142	1	1														
CTSZ	0.704866177	1	1														
TUBB1	0.383382205	1	1														
SLCO4A1	0.018666251	1	1														
UBOX5	3.602775628	0.001889024	0.11136494														
EEF1A2	-0.2757138	1	1														
SRMS	0.182632584	1	1														
C20orf27	1.314536297	1	1														
SLC52A3	2.646813231	0.04875253	0.568728551														
RSPO4	0.991440862	1	1														
PROKR2	1.853297381	0.383038478	1														
FERMT1	0.662165968	1	1														
TLDC2	-0.041014044	1	1														
SNTA1	0.170031093	1	1														
CHMP4B	-1.466915422	0.854394388	1														
LBP	1.942201868	0.312676002	1														
SLC32A1	-2.507573715	0.072937934	0.693128094														
ACOT8	1.856220972	0.380532408	1														
APMAP	-1.21840127	1	1														
IDH3G	0.646591155	1	1														
SLC25A43	-0.255398975	1	1														
MXRA5	-1.917700367	0.330894091	1														
VSIG1	0.412619164	1	1														
NXT2	0.813562382	1	1														
ATP1B4	-0.664567659	1	1														
TLR8	-1.189013658	1	1														
F9	1.024423113	1	1														
ABCD1	0.706562219	1	1														
BCORL1	-0.970349488	1	1														
KCND1	1.823092867	0.40973596	1														
PCSK1N	-1.005781714	1	1														
RP2	1.309234994	1	1														
USP11	-2.933789977	0.020091042	0.370781641														
TIMP1	-0.683920542	1	1														
GLA	0.560603089	1	1														
ATP12A	1.241368951	1	1														
MLNR	0.239087117	1	1														
ACP5	2.425368592	0.091757106	0.777416303														
SGCG	2.520104436	0.070392012	0.683210274														
OLFM4	0.920777629	1	1														
NTHL1	-0.12659462	1	1														
ZNF263	0.967202138	1	1														
MMP2	-2.315593846	0.123482731	0.909600421														
ORC6	0.611308911	1	1														
CORO1A	-0.162544255	1	1														
NUTF2	-1.491628451	0.814779452	1														
CBLN1	-0.538962995	1	1														
CCL22	1.168171821	1	1														
DHODH	0.158443185	1	1														
POLR2C	0.451163111	1	1														
PARD6A	-0.390257044	1	1														
MMP15	1.149379992	1	1														
USB1	1.983679141	0.283749722	1														
CCDC113	-0.094102008	1	1														
PRSS54	2.14514141	0.191649254	1														
PSMD7	0.01065525	1	1														
SETD6	0.841454184	1	1														
SLC38A7	-0.036185172	1	1														
SMPD3	-3.673735715	0.00143418	0.101358677														
SLC7A6	1.510295863	0.785807681	1														
PLA2G15	-1.365800663	1	1														
FA2H	0.153649597	1	1														
MPG	-0.397498871	1	1														
HSDL1	1.944785559	0.310804757	1														
USP10	2.209004266	0.163046065	1														
TSC2	-0.976558558	1	1														
NME4	-0.336473308	1	1														
DECR2	0.75296831	1	1														
RHBDL1	-1.423300667	0.927894082	1														
MEFV	2.635575418	0.050396855	0.577635956														
CRYM	-0.598102585	1	1														
CAPN15	-1.175724778	1	1														
AQP8	0.817734122	1	1														
USP31	-2.490494897	0.076539197	0.713795404														
TOX3	-1.445702086	0.889564674	1														
MAZ	-1.82981628	0.403664493	1														
SLC6A2	-1.206783303	1	1														
KNOP1	0.372893154	1	1														
MGA	2.876984774	0.024089698	0.399315383														
AQP9	3.506481397	0.002724439	0.133949833														
MTFMT	1.953479089	0.304577116	1														
RASL12	1.083113836	1	1														
CTSH	-1.633348437	0.61437441	1														
CEMIP	-0.645429511	1	1														
EHD4	0.527514197	1	1														
GABPB1	0.16550961	1	1														
SCG3	2.292998394	0.131088585	0.942689242														
DNAJC17	1.578139272	0.687201707	1														
RHOV	-0.659907673	1	1														
VPS18	0.249109126	1	1														
OIP5	-0.01797357	1	1														
EXTL3	-0.042567274	1	1														
AGO2	-0.261369106	1	1														
PAG1	1.189607921	1	1														
TG	1.230711579	1	1														
BRF2	0.729971163	1	1														
ZFAND1	-0.024078511	1	1														
RP1	1.369983747	1	1														
RIPK2	1.618484237	0.633349688	1														
CPQ	2.839874815	0.027078745	0.417040247														
DECR1	2.509991383	0.072440465	0.691496908														
PLAT	1.342813806	1	1														
DKK4	3.189996746	0.008536464	0.236920461														
UBR5	1.658740907	0.583008075	1														
PYCR3	-1.182824985	1	1														
MTMR9	-0.472639743	1	1														
GSR	-0.559727251	1	1														
PPP2CB	-0.305788315	1	1														
KCTD9	-1.104350379	1	1														
CNOT3	-1.075127632	1	1														
EXOSC5	-0.483437131	1	1														
MAN2B1	2.935530311	0.019978685	0.370318152														
TULP2	1.683564625	0.55359504	1														
DHDH	5.075970946	2.31E-06	0.002677767														
ECH1	4.179029336	0.000175654	0.032893711														
HNRNPL	-1.299278379	1	1														
KCNA7	0.532841084	1	1														
RELB	0.73805483	1	1														
CLASRP	0.04915578	1	1														
LIN7B	-0.662962174	1	1														
PPP1R37	1.445926129	0.889187535	1														
FCGRT	0.229300887	1	1														
PEX11G	0.117419009	1	1														
RNASEH2A	1.703258013	0.531118767	1														
AMH	1.062599207	1	1														
DKKL1	0.096332979	1	1														
RSPH6A	0.289572202	1	1														
TBC1D17	1.247326373	1	1														
C19orf44	2.40196038	0.097844847	0.804528893														
FBL	-1.504662552	0.794465133	1														
EBI3	0.02241873	1	1														
TBCB	1.126516541	1	1														
FSD1	1.311754862	1	1														
APLP1	0.047270172	1	1														
TGFB1	-1.744616366	0.486310021	1														
DMAC2	3.276335371	0.006309816	0.204862396														
PLIN3	2.272477463	0.138346126	0.961446734														
CD79A	1.038513529	1	1														
NKG7	-3.806434197	0.000845909	0.074288284														
ICAM5	0.291584057	1	1														
CNFN	-1.995457104	0.275958289	1														
EPOR	1.327692711	1	1														
RASIP1	-0.255904423	1	1														
GCDH	3.372877217	0.004463227	0.17541584														
DNASE2	2.97220013	0.017740433	0.345952028														
LENG1	0.43503118	1	1														
RPL18A	-0.870153008	1	1														
SLC5A5	1.538230155	0.743954101	1														
KCNN1	0.299265012	1	1														
ARRDC2	2.246244821	0.148129985	0.99444253														
PIK3R2	0.037585795	1	1														
COMP	-0.341118931	1	1														
TMEM147	-1.275325459	1	1														
ERF	0.027861722	1	1														
SIPA1L3	1.831192157	0.402431201	1														
PON1	1.32030065	1	1														
HGF	-0.808659119	1	1														
WNT16	0.483610907	1	1														
CPA2	0.795240004	1	1														
CPA4	0.93010405	1	1														
GTPBP10	-1.619522535	0.632009292	1														
ITGB8	1.746735514	0.484099362	1														
NPVF	0.593749916	1	1														
CAV2	-0.540022905	1	1														
LFNG	-1.735448329	0.495968556	1														
HOXA5	0.327351049	1	1														
HOXA6	-0.82436895	1	1														
TSPAN12	0.089558899	1	1														
ABHD11	3.555138597	0.002266679	0.120769436														
STX1A	-0.212639662	1	1														
NOD1	-0.711462423	1	1														
SNX8	-1.059039665	1	1														
HYAL4	-1.10774545	1	1														
AIMP2	0.058224576	1	1														
MOSPD3	0.064424793	1	1														
PCOLCE	1.913829212	0.33385189	1														
RBM28	0.922991749	1	1														
SERPINE1	2.623154676	0.052271827	0.588011872														
PLOD3	0.381478289	1	1														
GLCCI1	-2.110090658	0.209103287	1														
ZNF862	3.289335164	0.006025462	0.200173897														
MEST	-0.583797435	1	1														
RARRES2	1.359632851	1	1														
YAE1	-0.102509309	1	1														
MRPL32	2.072137951	0.229515468	1														
AEBP1	-0.668358012	1	1														
CLIP2	2.060113723	0.236326021	1														
ZNF688	0.772966189	1	1														
CHMP5	-0.890764037	1	1														
FKTN	3.363755567	0.004613377	0.177776434														
SEC61B	-1.311220136	1	1														
C5	0.48667471	1	1														
TNFSF8	0.314439064	1	1														
AK1	0.120962405	1	1														
PLGRKT	3.613128233	0.00181515	0.109028866														
SETX	-1.139064332	1	1														
BLNK	0.548894347	1	1														
CYP26A1	1.796049388	0.434919976	1														
ATE1	-1.156879904	1	1														
CDH23	-0.155000611	1	1														
ACTA2	-1.549193338	0.12133525	0.903029268														
SFXN3	-0.182954059	1	1														
PITRM1	0.92564091	1	1														
TBC1D12	1.388232886	0.990396849	1														
MPO	1.292367519	1	1														
ST6GALNAC2	1.588986367	0.672380823	1														
DHX33	1.565830688	0.704329559	1														
UTP18	1.896137174	0.347651448	1														
P2RX5	0.223869153	1	1														
NUFIP2	-0.430966632	1	1														
CSF3	2.239625276	0.150691562	1														
WNT3	-0.087338088	1	1														
SHPK	-0.141487787	1	1														
P2RX1	0.563948882	1	1														
RPS6KB1	-1.08557981	1	1														
CBX1	-1.158432651	1	1														
PIGL	1.057550862	1	1														
GALK1	-0.897382734	1	1														
PFN1	-0.447691855	1	1														
C1QBP	2.23063526	0.154231795	1														
CPD	1.831965015	0.401739798	1														
MED31	-0.794561603	1	1														
DRG2	0.638284739	1	1														
AKAP10	0.047341969	1	1														
ALDH3A1	-0.762816502	1	1														
SYNGR2	-0.113689968	1	1														
DDX5	-1.362201007	1	1														
C17orf75	0.571193775	1	1														
CCL1	-0.991602307	1	1														
PEX12	0.303268126	1	1														
KRT32	1.925628803	0.324904438	1														
NAGLU	5.085044031	2.21E-06	0.002677767														
HSD17B1	1.227002456	1	1														
ABI3	-0.483753669	1	1														
COL1A1	1.306121669	1	1														
MRPL27	0.017644012	1	1														
LRRC59	-1.864492283	0.373515626	1														
HDAC5	0.545541095	1	1														
PPY	0.927797998	1	1														
CACNG1	-1.463362766	0.860208848	1														
RANGRF	0.996508939	1	1														
MYH1	-2.006377944	0.268895638	1														
VTN	1.612808758	0.640716376	1														
TMEM97	1.31137102	1	1														
CD38	-0.538621015	1	1														
IBSP	2.301465688	0.128191936	0.930140236														
LAP3	-0.429899195	1	1														
CXCL6	-0.37245911	1	1														
JADE1	-0.776136568	1	1														
AFM	0.431868471	1	1														
AFP	3.281887894	0.006186875	0.202365837														
PHOX2B	-1.302247401	1	1														
GNRHR	1.144876828	1	1														
CWH43	1.125078458	1	1														
SULT1E1	1.998190472	0.274176085	1														
PF4V1	-1.023743975	1	1														
NFKB1	0.995593375	1	1														
IL2	0.196511356	1	1														
FRG1	1.432435691	0.912115022	1														
CD82	-0.573843912	1	1														
CTSC	0.65811122	1	1														
ZPR1	0.079046008	1	1														
CRTAM	-1.227130927	1	1														
JHY	3.084064555	0.012251597	0.280596827														
DTX4	1.496806258	0.806662066	1														
UNC93B1	-0.046989976	1	1														
PUS3	1.600788306	0.656542887	1														
PRPF19	-0.977124171	1	1														
TMEM109	-1.4597788	0.866105261	1														
PANX1	0.173661992	1	1														
IL10RA	3.163812494	0.009343025	0.248899749														
BIRC2	0.156318778	1	1														
PDHX	0.566066634	1	1														
SLC15A3	1.622204214	0.628557778	1														
DGAT2	0.6031765	1	1														
YBX3	-0.296723991	1	1														
SART3	2.071664696	0.229780331	1														
RPLP0	-0.223769407	1	1														
CD69	0.952628329	1	1														
PRDM4	-0.871920028	1	1														
ASIC1	0.680848528	1	1														
DAO	2.227095062	0.155645527	1														
KCTD10	1.118716489	1	1														
MVK	0.231008328	1	1														
CSRNP2	1.863022666	0.374754464	1														
IL23A	2.514631787	0.071494056	0.687333421														
SYT10	1.03876201	1	1														
CYP27B1	2.322988311	0.121078682	0.902174337														
MYF5	1.793891146	0.436983269	1														
GLI1	1.219671929	1	1														
LTA4H	-0.234553511	1	1														
ITFG2	-0.923395094	1	1														
ARPC3	1.366131929	1	1														
MYL2	0.38131498	1	1														
RAD51AP1	2.542187212	0.066096691	0.661223698														
CREBL2	0.95176257	1	1														
GPRC5D	0.976437731	1	1														
LTBR	0.094170082	1	1														
OGFOD2	1.437257807	0.903868518	1														
OAS3	1.925719663	0.324836324	1														
ART4	2.995145261	0.01645885	0.331101105														
VDR	3.259287985	0.006701534	0.210190467														
FZD10	-2.56642585	0.061651555	0.64053673														
IL26	-0.08846323	1	1														
IFNG	1.095139167	1	1														
NUP107	1.017548486	1	1														
CNOT2	-0.763242133	1	1														
KRR1	-0.105913188	1	1														
MRPL51	1.641704411	0.603907663	1														
ACRBP	1.837830577	0.396524247	1														
CHPT1	0.674163355	1	1														
USP5	1.472772559	0.844874243	1														
TPI1	0.702045897	1	1														
C12orf57	-0.596311801	1	1														
APOBEC1	0.532614824	1	1														
GOLT1B	-0.799512107	1	1														
HCFC2	2.093984611	0.217568107	1														
RAB35	-1.362010449	1	1														
COX6A1	-0.461676433	1	1														
SRSF9	0.304905033	1	1														
RSPH4A	1.439721356	0.899677492	1														
ADTRP	1.866079032	0.372181855	1														
HINT3	2.189618221	0.171311619	1														
SLC44A4	3.012021883	0.015570833	0.322929953														
FBXO5	1.365776251	1	1														
FANCE	3.822196252	0.00079361	0.071167827														
TULP1	1.723966782	0.50828304	1														
MAPK14	0.571784582	1	1														
STK38	-0.653011111	1	1														
HLA-DOA	1.931142497	0.320792597	1														
SAYSD1	1.169489108	1	1														
CAP2	-0.441430399	1	1														
GPR63	-1.670470434	0.568957946	1														
GPLD1	1.899773129	0.344777392	1														
ACOT13	2.274492	0.137618529	0.961446734														
B3GAT2	0.814791799	1	1														
ZBTB24	-1.323770206	1	1														
UNC93A	1.679609731	0.558199639	1														
C6orf118	1.095220926	1	1														
BYSL	0.457749293	1	1														
PRPH2	-0.209462725	1	1														
PTK7	0.918290531	1	1														
EXOC2	-0.45751772	1	1														
TMEM30A	2.102641393	0.212982772	1														
LAMA4	0.28173315	1	1														
PRSS16	1.020841491	1	1														
MTREX	-1.326577047	1	1														
NUDT12	2.759807229	0.034701286	0.475118862														
TENT4A	-1.435194923	0.907389359	1														
HBEGF	1.569234553	0.699559774	1														
LOX	1.402032813	0.965432691	1														
GZMK	0.258231768	1	1														
CDH9	-0.677519565	1	1														
THG1L	2.251083417	0.146281527	0.987148366														
IL12B	0.519929849	1	1														
TTC1	1.739722206	0.491446849	1														
LNPEP	-0.171698653	1	1														
AGXT2	2.25496257	0.14481407	0.982451979														
IL4	1.025286127	1	1														
IL5	1.433499571	0.910290728	1														
ST8SIA4	2.302245056	0.127928138	0.92935139														
PCDH12	0.917926455	1	1														
NUP155	-0.648111824	1	1														
C5orf15	1.923207849	0.326723712	1														
RARS1	2.766619156	0.033984529	0.469879468														
CDX1	2.598413465	0.056193389	0.61176517														
BNIP1	-0.32373029	1	1														
SLC7A14	-0.870098893	1	1														
SEMA3G	0.615849257	1	1														
ZMYND10	0.963212099	1	1														
MLH1	2.593206585	0.057051382	0.616814426														
EHHADH	4.056046942	0.000299461	0.043831511														
RBP2	0.796186687	1	1														
RBP1	0.217816721	1	1														
HES1	0.023720107	1	1														
GNAT1	-0.487992863	1	1														
TUSC2	1.074725933	1	1														
GNB4	-1.137410042	1	1														
MORC1	2.309674915	0.125436952	0.919320772														
UMPS	0.862087612	1	1														
ABTB1	-0.170786497	1	1														
RRP9	0.286787099	1	1														
ZBTB47	1.020045674	1	1														
TNNC1	-0.269990926	1	1														
NEK4	0.934880409	1	1														
EIF2AK2	1.715922517	0.517057349	1														
DAZAP1	-1.313305688	1	1														
HEATR5B	1.699841188	0.53496481	1														
MAPRE3	-1.890635076	0.352038448	1														
MSH2	0.212546009	1	1														
TFPI	0.576742525	1	1														
SLC11A1	-0.198998973	1	1														
APOB	0.926132013	1	1														
TTL	0.265332816	1	1														
FAHD2A	2.528655894	0.068700135	0.67242699														
SLC30A3	1.533369587	0.751108907	1														
TTC31	1.279041231	1	1														
PCGF1	0.440436796	1	1														
DOK1	1.02191616	1	1														
ACADL	0.30309844	1	1														
FANCL	1.076371552	1	1														
IGFBP2	0.417870006	1	1														
GGCX	2.965148338	0.018152221	0.3507593														
NEU2	1.616320626	0.636150057	1														
HSPE1	0.618044116	1	1														
IL1RL1	1.245438111	1	1														
SLC9A2	0.437418654	1	1														
AZU1	-1.07341535	1	1														
PROC	2.5176643	0.070881514	0.685870215														
ID2	0.009467243	1	1														
ODC1	1.00342989	1	1														
GORASP2	2.039878278	0.248174704	1														
CEBPZ	2.151033769	0.188841206	1														
PRKD3	0.619949123	1	1														
RMDN2	0.855933354	1	1														
SLC1A4	-0.636355304	1	1														
ORC2	2.262267373	0.142085334	0.974508992														
PLEK	0.249255511	1	1														
KISS1R	0.721648613	1	1														
GRIN3B	1.413932192	0.944290876	1														
VAX2	-4.120365584	0.000226963	0.037534378														
ATP6V1B1	0.965594488	1	1														
MSH6	2.529736498	0.06848893	0.671643814														
PLEKHA3	1.946486648	0.309577862	1														
SPR	0.572186844	1	1														
ENO1	-0.244237698	1	1														
CDC7	0.655956428	1	1														
CLCA1	2.528885438	0.068655222	0.67242699														
BCL9	-0.527539009	1	1														
ANGPTL1	0.683697487	1	1														
TMEM59	0.847863918	1	1														
OPRD1	0.42470731	1	1														
WDR77	1.861820532	0.375770349	1														
C1orf21	1.263615403	1	1														
MIIP	1.742256332	0.488781605	1														
PRDM2	0.035963292	1	1														
WARS2	1.031395976	1	1														
NT5C1A	-0.247992194	1	1														
P3H1	0.642219554	1	1														
SLC19A2	2.083342954	0.223319844	1														
VAMP4	0.13638632	1	1														
SLC5A9	2.0086377	0.267453421	1														
CTSD	-0.744439896	1	1														
A4GNT	1.539620773	0.741916914	1														
MMP8	1.338515581	1	1														
APOA1	-1.608004844	0.647004707	1														
SLC8A2	-1.088048037	1	1														
ATIC	0.257972432	1	1														
DOP1A	0.372789223	1	1														
FILIP1	2.853618378	0.025934652	0.407718349														
SGIP1	2.148643486	0.18997603	1														
TBPL1	0	1	1														
ZC2HC1B	-1.022413771	1	1														
FBXO30	0.468379414	1	1														
ADAT2	0.06023586	1	1														
TCF21	-1.156568744	1	1														
RNF103	0.117978804	1	1														
RPN2	2.13417359	0.196971442	1														
SOGA1	2.01810755	0.26148037	1														
PKD2	2.915434701	0.021311606	0.377360719														
STBD1	0.632130631	1	1														
CCNI	1.724982077	0.507184216	1														
RARRES1	1.392322582	0.982948418	1														
FGF23	0.971208641	1	1														
ELL2	-0.087607951	1	1														
GDA	1.095823857	1	1														
ECRG4	-0.528070701	1	1														
DDX55	0.568397304	1	1														
CCDC92	-0.638829517	1	1														
VPS4B	0.171760716	1	1														
SERPINB10	0.176579655	1	1														
ADCK1	0.930846952	1	1														
PGF	3.556463376	0.002255285	0.12066723														
NEK9	0.634233348	1	1														
IFT43	0.549838823	1	1														
FLVCR2	-0.475993782	1	1														
PAPOLG	-0.220581824	1	1														
RHOQ	-0.963891038	1	1														
TMEM214	1.197592214	1	1														
ATAD2B	1.354048111	1	1														
YIPF4	0.489329624	1	1														
AFTPH	0.527070106	1	1														
LGALSL	-2.488795138	0.07690608	0.713895643														
MFSD13A	0.388171675	1	1														
PPP1R3C	1.097777182	1	1														
PRLHR	-0.022198256	1	1														
HOXB8	-1.681532461	0.555957221	1														
HOXB5	-0.283269461	1	1														
HOXB1	1.117847274	1	1														
PANK3	0.167032433	1	1														
LRP11	0.742545927	1	1														
CCDC170	2.521612729	0.070090943	0.682368556														
ARAP3	1.410541568	0.950278988	1														
SLC25A2	1.088773213	1	1														
PRRX1	-1.021881781	1	1														
TNN	-0.532982354	1	1														
PDZD11	-1.519601557	0.771666878	1														
NUDCD1	1.792448032	0.43836736	1														
CCDC77	2.727977592	0.038234362	0.501449419														
CCDC169	-1.115145969	1	1														
UFM1	-1.179129633	0.715039682	1														
ELF1	0.1187556	1	1														
ALG5	0.589555165	1	1														
MYOT	1.626235046	0.623397981	1														
EGR1	0.660064307	1	1														
MTERF2	0.751495577	1	1														
NFYB	0.2579797	1	1														
SORBS3	2.247858306	0.147511359	0.992392807														
TARDBP	-0.185411272	1	1														
RDH10	0.238763919	1	1														
DLX4	2.708593503	0.040541442	0.521469414														
COIL	2.34109912	0.115362371	0.879459549														
TBX2	-0.658436393	1	1														
TBX4	0.929491612	1	1														
TEX14	1.030947236	1	1														
FAM117A	0.046631884	1	1														
NCAPH	0.859272864	1	1														
TSHZ3	-1.742508695	0.488516828	1														
PLBD1	2.160838061	0.184247105	1														
KLRK1	0.00802232	1	1														
TAS2R10	1.031533895	1	1														
PYROXD1	1.111657564	1	1														
TAS2R7	0.083964074	1	1														
MAPK8IP1	-1.267767319	1	1														
PEX16	2.187705508	0.172146364	1														
DEPDC7	1.939776665	0.314441026	1														
CAT	2.244898555	0.148647875	0.99444253														
GJA3	-1.23825312	1	1														
TNFSF10	0.56780083	1	1														
SLITRK3	-0.702808567	1	1														
CPXM2	-0.099414704	1	1														
ADORA3	2.040915768	0.247555202	1														
ACVR2A	-0.057837431	1	1														
POLK	2.136059082	0.19604759	1														
FLT3	-0.200223381	1	1														
RASL11A	1.374933514	1	1														
FYTTD1	-0.190719793	1	1														
AHR	2.587890577	0.05793939	0.620000166														
BBS9	2.329426489	0.119018899	0.896266504														
EEPD1	-0.594439745	1	1														
HOXA7	0.655417678	1	1														
MRM2	-1.318612304	1	1														
SLC25A51	-0.195395156	1	1														
CLTA	-0.37427443	1	1														
PHF24	0.901598001	1	1														
AKR1D1	-0.866407774	1	1														
NEUROG3	1.700688156	0.534009362	1														
SRGN	0.165697454	1	1														
FAM149B1	1.238588853	1	1														
UNG	0.443399174	1	1														
ACADS	0.825071068	1	1														
HVCN1	1.523702503	0.765498264	1														
BHLHE41	1.965332981	0.296254265	1														
SSPN	0.359679086	1	1														
DDX39A	0.861189839	1	1														
TRIR	-0.741167054	1	1														
KLHL24	-0.805647401	1	1														
CCDC70	-0.743496086	1	1														
EBPL	1.425075669	0.924811974	1														
ATP7B	0.933472539	1	1														
ZC3H13	1.389537192	0.988016757	1														
NEUROD4	0.617392513	1	1														
ORMDL2	-0.459933106	1	1														
PDE1B	-1.49830332	0.804326772	1														
LRP1	-2.179979612	0.175553837	1														
HOXC11	1.644363744	0.600606537	1														
HOXC6	-1.257369511	1	1														
FAAH	1.462062646	0.862344263	1														
RSRP1	-0.85176841	1	1														
RAB9B	-0.066798923	1	1														
NRK	2.399615524	0.098473801	0.805890347														
TTC21B	1.626266291	0.623358116	1														
NMI	1.158560506	1	1														
TNFAIP6	-1.765427654	0.464951515	1														
ACVR1C	0.985398807	1	1														
KCNJ2	-0.788200567	1	1														
EXOSC9	-0.157352758	1	1														
SNRPA	-2.672725765	0.045142637	0.550619101														
GPR83	-1.335390208	1	1														
HAUS3	-1.420519419	0.932739116	1														
CHPF	1.059521126	1	1														
INHA	0.463277656	1	1														
ENKD1	2.658113938	0.047147593	0.561625307														
ACTR5	1.737847467	0.493426166	1														
MC3R	-1.905171104	0.340546998	1														
SYS1	-1.087065563	1	1														
PLCG1	1.054996044	1	1														
SRSF6	-1.288023723	1	1														
RAB22A	1.425706289	0.923718843	1														
PTGIS	2.315881211	0.123388533	0.909600421														
MOCS3	0.784984502	1	1														
PEPD	0.664904378	1	1														
IL9R	2.320432721	0.121904883	0.906209448														
MCEE	0.907813478	1	1														
PAIP2B	-0.712984965	1	1														
MPHOSPH10	0.170784134	1	1														
IL17C	0.315788618	1	1														
LIPE	2.007077807	0.268448274	1														
IRGC	-1.724343414	0.507875198	1														
LYPD3	1.312980019	1	1														
RNF39	0.478206783	1	1														
FBXO9	1.616264595	0.636222708	1														
RRP36	3.081934203	0.012339617	0.282105365														
BTN1A1	0.874669028	1	1														
SLC17A1	0.15147183	1	1														
UNC5CL	1.070860358	1	1														
AARS2	0.345213947	1	1														
H1-1	-0.242658688	1	1														
APOBEC2	0.690154596	1	1														
TREM1	0.37967175	1	1														
COL21A1	2.455356707	0.084446911	0.746250497														
SOX4	0.654492696	1	1														
EREG	-0.908418101	1	1														
EMC3	-0.983611812	1	1														
SH3TC1	-0.606310491	1	1														
BBS2	2.21971978	0.158626772	1														
GOT2	2.984906338	0.01701991	0.337299125														
PIWIL1	-1.283015214	1	1														
SLC10A2	2.684554543	0.043575919	0.540242398														
IRF1	1.34354754	1	1														
PTGER2	-0.207502788	1	1														
MYH2	-2.816822325	0.029100809	0.43545206														
ARMC7	0.724910854	1	1														
NUP85	0.083729626	1	1														
NT5C	0.192593215	1	1														
MSTO1	0.611481683	1	1														
MBOAT7	-0.950526833	1	1														
ZBTB46	-2.56105224	0.062613398	0.646125615														
SLC35F5	1.503169807	0.796771567	1														
PSD4	0.765595104	1	1														
PSPN	0.805380832	1	1														
ALKBH7	-0.920411165	1	1														
CLPP	1.818481956	0.413943013	1														
THOC2	-1.35013226	1	1														
CD70	0.9019752	1	1														
C3	-1.245347709	1	1														
SH2D3A	0.47154138	1	1														
RTN2	1.277100574	1	1														
VASP	2.467830697	0.081560757	0.731404706														
SYMPK	-2.362861295	0.108806733	0.853693736														
CFAP61	3.202599276	0.008171601	0.23227046														
CDC25B	-0.034145745	1	1														
CD93	0.9415849	1	1														
CST8	3.231146521	0.007397683	0.220266128														
TMX4	1.47268993	0.845007979	1														
DSTN	-0.542892661	1	1														
LAMP5	2.518831904	0.070646912	0.685162056														
OTOR	-0.395089938	1	1														
DEFB129	1.402746853	0.964154042	1														
TLE6	3.840465284	0.000736808	0.067542721														
S1PR4	2.410677977	0.095537402	0.793756265														
PITHD1	-1.753892506	0.476693568	1														
ARMCX5	2.107096499	0.210655294	1														
NECAB3	1.004769575	1	1														
RALY	2.3778714	0.104477385	0.832653356														
UROD	0.681605934	1	1														
LRFN3	-1.057537267	1	1														
IGFLR1	0.590872738	1	1														
PDCD2L	0.562456874	1	1														
FFAR1	2.032178609	0.252813466	1														
KRT13	-1.8623496	0.37532297	1														
CCR7	-0.011847077	1	1														
NR1D1	-1.005115836	1	1														
ARL2	0.561990884	1	1														
PRRG2	3.501242958	0.002778561	0.134836257														
TSKS	-1.715952502	0.517024418	1														
NOP53	1.431139087	0.914342142	1														
FLRT1	-1.77800235	0.452420813	1														
MLX	-1.264691651	1	1														
WNK4	2.500229827	0.074467656	0.703987478														
TRAP1	-0.013335778	1	1														
SUGP1	0.792965258	1	1														
DDX49	1.369694659	1	1														
GDF1	1.068524992	1	1														
NSRP1	1.455974695	0.872397691	1														
ATG14	1.15996748	1	1														
DLGAP5	2.135739829	0.196203756	1														
L3HYPDH	1.934108639	0.318598632	1														
TBPL2	2.0206946	0.259868335	1														
SGPP1	2.413955328	0.094682382	0.789577897														
PLEKHG3	1.795899069	0.435063423	1														
EVI2A	3.043740616	0.01401939	0.306294621														
OMG	-0.300927555	1	1														
AIF1L	0.192004862	1	1														
CANX	-1.231268353	1	1														
PYCARD	-0.767641976	1	1														
TRAF2	-3.196988856	0.008332217	0.235352675														
ABHD8	1.377016009	1	1														
HELB	1.352472136	1	1														
TAS2R3	-1.715589798	0.517422882	1														
TAS2R4	0.322821233	1	1														
ZNF777	1.763639288	0.466756372	1														
IDUA	2.100478034	0.214120865	1														
ZNF317	1.287250947	1	1														
PIN1	-0.978643243	1	1														
KIF17	1.021001774	1	1														
F2RL3	0.788008531	1	1														
JPT2	-1.00159152	1	1														
GFER	0.635454982	1	1														
WDR24	-0.061188588	1	1														
MON1B	0.708132822	1	1														
METTL25	1.365970786	1	1														
EIF3K	0.243367873	1	1														
EMC6	-0.870030546	1	1														
CACTIN	2.168486134	0.180730311	1														
TUBA4A	-1.51775719	0.774453725	1														
VIL1	-0.064316812	1	1														
FGL2	1.183005015	1	1														
STYXL1	2.407469298	0.096381077	0.798980076														
PEX1	2.067307217	0.232231288	1														
LRFN1	0.408752835	1	1														
TUBGCP6	0.823068423	1	1														
CYTH4	2.479982871	0.078833217	0.723243646														
SGSM3	0.81037604	1	1														
SEZ6L	1.830211544	0.403309874	1														
VPREB3	2.062977426	0.234688638	1														
SDF2L1	-1.102865828	1	1														
YWHAH	-0.804110013	1	1														
MCHR1	-1.693866151	0.541744322	1														
GALR3	1.423308168	0.927881041	1														
CCDC117	0.685769463	1	1														
RAC2	-0.453669552	1	1														
PMPCB	0.683233495	1	1														
VGF	-0.235208657	1	1														
STRIP2	2.559023243	0.062980034	0.647570006														
SMO	1.574844174	0.691754503	1														
OPN1SW	0.684353291	1	1														
SIRT2	1.348345576	1	1														
HOXD9	-0.469115147	1	1														
HOXD10	-0.449781217	1	1														
DLL4	0.420635037	1	1														
KNSTRN	2.254642101	0.144934815	0.982747571														
CLN6	1.633852153	0.613739391	1														
ISLR	-1.492618833	0.813221944	1														
ACKR4	0.820633618	1	1														
MBD4	3.481835558	0.002987936	0.13979978														
MYOD1	1.694983064	0.540471801	1														
TPH1	0.918357346	1	1														
SOX15	2.488379702	0.076995986	0.714105524														
MPDU1	2.184617011	0.173501638	1														
CCN4	0.48756605	1	1														
QTRT1	2.541612536	0.066205451	0.661223698														
CLEC11A	0.653631702	1	1														
PARP2	2.496863634	0.075178278	0.706509367														
FOXA1	0.357647923	1	1														
EAPP	0.318342129	1	1														
EGLN3	1.072286826	1	1														
DAD1	1.505892076	0.396284643	1														
AANAT	-0.609796469	1	1														
ARHGEF6	1.88879818	0.35351326	1														
ART1	0.320309406	1	1														
CHRNA10	0.905842844	1	1														
DAZL	-1.690460312	0.54563955	1														
INS	-0.236649794	1	1														
SALL1	-0.417821461	1	1														
ZC3H14	-0.359911634	1	1														
LMAN1	1.360167264	1	1														
ANGEL1	-0.146976007	1	1														
CDADC1	2.319205498	0.122303379	0.907582302														
VPS35L	-0.645487657	1	1														
CORO7	0.622609806	1	1														
SEC14L5	-1.639535746	0.606610395	1														
CLSPN	3.147829174	0.009869267	0.25464902														
PBX4	-0.008550718	1	1														
IGSF21	-0.137914387	1	1														
SLX1A	1.990036333	0.2795216	1														
TUBG2	1.27942431	1	1														
TUBG1	0.234119692	1	1														
MAST1	0.238244092	1	1														
NCAPG	1.145893045	1	1														
RABGAP1L	0.223634948	1	1														
ADAMTS2	-0.537715606	1	1														
CIAO3	0.03008012	1	1														
TRNT1	-1.399171956	0.970568544	1														
DHX58	0.727986505	1	1														
KRT12	0.299294266	1	1														
KRT31	-0.638093287	1	1														
KRT33B	0.0839988	1	1														
ARFGEF3	-0.725499651	1	1														
SNX4	2.206311168	0.16417332	1														
SPAG1	2.654158132	0.047703935	0.564267797														
RRM2B	0.041510797	1	1														
TDRD1	0.084527108	1	1														
SCML2	-1.841104614	0.393637378	1														
KIAA0930	-0.329607429	1	1														
DHX35	1.048533109	1	1														
C20orf194	2.541711081	0.06618679	0.661223698														
FKBP6	-1.442715672	0.894603495	1														
CUL9	1.637957051	0.608583921	1														
PCDHGA12	0.618692351	1	1														
PCDHGC5	0.652458406	1	1														
TMCO6	0.193384034	1	1														
ESS2	-0.256572619	1	1														
KRT5	-1.225611029	1	1														
KRT75	0.014184147	1	1														
DPF2	-0.252593476	1	1														
GAMT	-0.17775411	1	1														
GALNT8	2.286329356	0.133409986	0.949074171														
FAM155B	1.95541497	0.303204664	1														
CNN1	-2.131778547	0.198150336	1														
NECTIN2	-0.10192763	1	1														
APOE	0.519331642	1	1														
APOC2	-0.226067632	1	1														
ALLC	-1.23325148	1	1														
GADD45G	-1.432966179	0.911205018	1														
XPO7	-1.189872294	1	1														
FAM98C	0.350781461	1	1														
SAFB2	1.49144071	0.815074959	1														
NCAN	3.51960897	0.002593101	0.130515988														
PLVAP	1.89349163	0.349755122	1														
SLC27A1	0.297667924	1	1														
USHBP1	3.290762054	0.005994983	0.200173897														
COLGALT1	2.34492635	0.114185031	0.876695511														
LSM7	0.489937873	1	1														
RSPH3	-1.369755929	1	1														
MLLT1	0.92933319	1	1														
BMP15	1.370818473	1	1														
EPO	2.241156017	0.150095824	1														
CACNG6	0.842720805	1	1														
ZSWIM6	-0.043799953	1	1														
PXDN	0.953210811	1	1														
GDF15	1.41909437	0.935229031	1														
TRPM4	1.519155544	0.77234009	1														
NUMBL	-0.905865554	1	1														
ATXN10	-1.457859973	0.869274861	1														
MNX1	-0.478801382	1	1														
CEP85	-0.566620057	1	1														
GATA5	-1.219765575	1	1														
RBBP8NL	1.223298947	1	1														
LAMA5	-1.446089442	0.8889127	1														
PRDM12	-0.191877919	1	1														
TRIM28	-1.386390716	0.993765778	1														
YIPF2	-1.008093371	1	1														
ZC3H4	0.55706831	1	1														
MAP3K10	-0.737866435	1	1														
SESN2	-0.293489987	1	1														
HIP1R	-1.053629417	1	1														
PPAN	1.708915875	0.5247992	1														
EIF3G	0.35640569	1	1														
ANGPTL6	2.534857993	0.067495751	0.66627201														
SLC7A10	1.638704119	0.607649375	1														
LRP3	0.110235212	1	1														
C12orf65	1.184426942	1	1														
GRWD1	0.879284916	1	1														
NOL11	1.367862012	1	1														
SLC35D2	2.592860275	0.057108859	0.616814426														
BPIFB1	6.559790363	3.23E-10	4.12E-06														
ACSS2	-0.006739665	1	1														
C1QL1	-0.016112197	1	1														
CCL25	0.965699324	1	1														
COX4I1	-0.10691925	1	1														
GSE1	0.71065931	1	1														
F12	1.157673339	1	1														
ABCB7	-0.697218076	1	1														
HAUS8	1.782546747	0.447960691	1														
ADGRE3	1.389520367	0.988047432	1														
CAPN7	0.702072001	1	1														
C3orf20	1.422799903	0.928765018	1														
RBSN	1.641147232	0.604601138	1														
PDLIM4	1.712229168	0.521126665	1														
PSMC3IP	1.102298448	1	1														
VPS25	-0.43921765	1	1														
AOC2	1.388503131	0.989903352	1														
G6PC	0.477432283	1	1														
PCDHAC1	1.309169139	1	1														
PCDHGA3	-0.082052552	1	1														
NDFIP1	-0.376809692	1	1														
EXOC4	-1.874554486	0.365124238	1														
FLYWCH1	1.899611081	0.344905062	1														
WDR44	0.712927731	1	1														
CKMT2	-1.588083803	0.673604343	1														
TNS4	1.53609028	0.747097439	1														
PPP1R1B	-0.885421682	1	1														
FMO5	0.879448584	1	1														
CHSY1	-0.220853134	1	1														
SNRPA1	-1.405456968	0.959312622	1														
NR0B2	-0.592136666	1	1														
RHPN2	1.870956345	0.368106793	1														
ZSWIM4	1.977953559	0.287603676	1														
RFX1	1.445312184	0.890221302	1														
DCAF15	0.488154731	1	1														
TRIM21	0.881670866	1	1														
WDR7	-0.489678532	1	1														
SMARCC1	1.570404253	0.697926562	1														
SLC6A11	0.210875459	1	1														
NUP210	-0.770327921	1	1														
HSD17B7	-0.95276942	1	1														
EMILIN2	3.48891865	0.002909872	0.138262366														
DNHD1	1.810898456	0.42093943	1														
RRP8	2.73842616	0.037040413	0.49480161														
EFR3A	-0.753705208	1	1														
OC90	-0.238022474	1	1														
PTCD3	4.135990232	0.000212056	0.036490883														
PER2	-2.133233647	0.197433385	1														
RAMP1	0.102044554	1	1														
PTPRE	-3.140296781	0.010126606	0.256876882														
RPA1	1.109068679	1	1														
SERPINF1	2.434887506	0.08937852	0.767461955														
EEFSEC	1.152588259	1	1														
COQ3	-0.745317149	1	1														
LANCL2	0.740846364	1	1														
GRSF1	2.044944867	0.245161764	1														
JCHAIN	1.025047485	1	1														
UTP3	1.364801772	1	1														
TRIM47	-0.562182513	1	1														
KDM6B	-0.05891588	1	1														
GUCY2D	-0.628535117	1	1														
RIDA	0.57328896	1	1														
MATN2	0.07852888	1	1														
BRD8	1.960777919	0.29942961	1														
ERAL1	3.35628575	0.004739814	0.177916349														
NIP7	-1.131205713	1	1														
TERF2	1.191105107	1	1														
JAG1	-0.217853158	1	1														
HSPA12B	0.760256006	1	1														
NXT1	0.208451556	1	1														
RIN2	0.523087866	1	1														
HAPLN2	-0.675210944	1	1														
APCS	0.432454504	1	1														
IGHMBP2	-1.149141966	1	1														
TESMIN	-1.932154483	0.320042648	1														
DPH2	0.219933238	1	1														
ZSWIM3	0.738048733	1	1														
OSER1	-0.312048278	1	1														
SERINC3	0.324122711	1	1														
DMGDH	3.004490536	0.015961562	0.32782989														
BHMT2	0.635143563	1	1														
AP3B1	2.246114101	0.148180202	0.99444253														
SYT4	1.999568738	0.273281115	1														
NMUR2	0.301025937	1	1														
PDE6A	0.781598774	1	1														
ATP8A2	0.192531569	1	1														
USPL1	1.554670624	0.720147206	1														
RNF17	1.499057108	0.803152905	1														
MYH4	-1.060390236	1	1														
PEMT	0.794295537	1	1														
SCO1	1.847461237	0.388081927	1														
CHI3L1	-1.122956888	1	1														
MYBPH	-0.836781586	1	1														
CCNA1	-0.419116003	1	1														
RNF128	-0.097236898	1	1														
KMT5C	-0.138462462	1	1														
PDE6B	-3.0418934	0.014105708	0.307046304														
CEP20	2.651543808	0.048074831	0.566837866														
MED10	-1.874487455	0.365179618	1														
CCDC134	0.537187062	1	1														
SEC14L4	0.738936377	1	1														
PI4KA	0.067648425	1	1														
MKRN1	-0.149870368	1	1														
NTS	0.966874637	1	1														
BTG1	-0.019568346	1	1														
IPO8	0.56534796	1	1														
CCDC59	2.083724799	0.223111243	1														
LYVE1	2.103478353	0.212543853	1														
RRAS2	-1.537139213	0.745555333	1														
SARAF	1.829900706	0.403588728	1														
RNF122	-0.487099439	1	1														
DGLUCY	0.501217025	1	1														
CATSPERB	1.616026146	0.636531963	1														
VRTN	2.648405353	0.048523495	0.568443589														
EIF2S1	-0.145048134	1	1														
ADAMDEC1	3.354358794	0.004772949	0.178236735														
CCNB1	-0.05063182	1	1														
CD180	1.328844592	1	1														
IRAK2	1.841779828	0.393044172	1														
VHL	1.079354806	1	1														
BHLHE40	-0.904442105	1	1														
EDEM1	0.154709369	1	1														
CHL1	-1.241446488	1	1														
DPH6	-0.120217396	1	1														
KATNBL1	-0.525650352	1	1														
TSHB	1.331794853	1	1														
SORT1	-0.192070149	1	1														
NOTCH2	-1.301716316	1	1														
TRIM45	-0.700762899	1	1														
SLC38A2	1.419903375	0.93381488	1														
KIDINS220	1.709451105	0.524204528	1														
CMPK2	-0.031572266	1	1														
ERN2	0.394686222	1	1														
NARS1	4.201258248	0.000159261	0.032105125														
RELCH	0.688363281	1	1														
HRH4	0.576934443	1	1														
CABLES1	2.425361847	0.091758811	0.777416303														
EMP1	2.293369911	0.130960305	0.942689242														
RERG	-0.471535738	1	1														
SLCO1B1	2.35915859	0.109898557	0.859084241														
SPX	1.193573163	1	1														
MYBPC3	1.570753118	0.697440034	1														
DDB2	1.24965315	1	1														
FOLH1	3.121461095	0.010797361	0.264603853														
RAB33A	2.218182788	0.159254231	1														
MTNR1B	-1.447134356	0.887155785	1														
PHC2	0.299774207	1	1														
TUT4	3.073140776	0.012709112	0.287774151														
DSG3	-1.925438308	0.325047282	1														
DSG1	0.065530153	1	1														
DSC1	-0.661315685	1	1														
DAGLA	-1.792603771	0.438217818	1														
TIMM10	-0.050996623	1	1														
AHNAK	0.518446387	1	1														
CBLIF	2.816862395	0.029097179	0.43545206														
TCN1	2.580423224	0.059207577	0.627245667														
CEP135	0.913278536	1	1														
PDGFRA	0.607847263	1	1														
CARS2	1.996383605	0.275353104	1														
ADAMTS8	0.421233936	1	1														
KLB	1.375803834	1	1														
SEMA6A	0.799039516	1	1														
APC	1.451613224	0.879655078	1														
ANXA1	-0.919246111	1	1														
CCNJL	1.942221435	0.312661796	1														
USP30	-0.449948617	1	1														
SDS	2.9213096	0.020913795	0.377005595														
MSI1	-2.191184685	0.170630583	1														
TBX3	1.323814219	1	1														
OASL	0.162266344	1	1														
HRK	0.499808833	1	1														
DTX1	-0.457278914	1	1														
TRAFD1	1.802412724	0.428882968	1														
GSAP	2.136775682	0.195697446	1														
OCM2	-0.045589974	1	1														
TMEM60	-0.222250256	1	1														
PNPLA8	0.52141708	1	1														
RINT1	0.154688338	1	1														
NT5E	-1.394749106	0.978549066	1														
MRAP2	-0.085927268	1	1														
AKIRIN2	-0.463906006	1	1														
ORC3	1.637068148	0.609697387	1														
NAT10	-0.130537891	1	1														
PRRG4	1.644387471	0.600577148	1														
AVIL	1.239344927	1	1														
AMHR2	1.710210897	0.523361288	1														
GDF11	-2.064985653	0.233546147	1														
FAM186B	2.808224525	0.029889289	0.442055991														
RDH5	1.140398764	1	1														
KRT85	-0.813857062	1	1														
PPP1R1A	2.730405886	0.037953835	0.501197731														
TFCP2	0.900267623	1	1														
ESPL1	3.40928389	0.00390802	0.163476627														
KRT84	0.102802204	1	1														
KRT82	-0.168860903	1	1														
KCNH3	-0.532881438	1	1														
TAAR5	1.110080238	1	1														
NMBR	0.111685927	1	1														
SMPD2	1.716315941	0.516625394	1														
HTRA2	-0.87894205	1	1														
CCT7	0.528216063	1	1														
KCNMB4	-0.561287634	1	1														
MDM2	0.18255836	1	1														
BCO1	-1.668807299	0.570933454	1														
KIAA0513	0.904143821	1	1														
FBXL8	0.864906228	1	1														
FHOD1	2.220709017	0.158224058	1														
CCDC102A	1.1194399	1	1														
PCNX2	1.623980179	0.626280233	1														
URB2	0.197782579	1	1														
LAMC1	-0.537457833	1	1														
MRPL44	-1.69131662	0.544658084	1														
CHRND	-0.406369366	1	1														
USP37	1.955195959	0.303359672	1														
HTR2B	1.389627296	0.987852495	1														
TMBIM1	-1.05257319	1	1														
CYP27A1	2.798348294	0.030818815	0.451088268														
EIF4E2	0.158170061	1	1														
CAB39	0.429505083	1	1														
COX5B	1.226848443	1	1														
REV1	1.663985342	0.576692152	1														
MFSD9	-0.012861961	1	1														
TMEM127	-0.305630761	1	1														
MRPS9	3.470729018	0.003114285	0.143143135														
GPR45	-1.39271559	0.982234873	1														
C2orf49	1.004349863	1	1														
ALDH1L2	2.040360844	0.247886393	1														
USP44	2.383327026	0.102941672	0.827040537														
PLXNC1	-2.252208649	0.145854538	0.986357776														
SLC41A2	2.53585768	0.067303387	0.665643309														
CKAP2	1.853863527	0.382552123	1														
THSD1	0.821454807	1	1														
NUDT15	1.216321055	1	1														
CHST12	-0.354780426	1	1														
NUP42	0.527023547	1	1														
DDX56	-2.70175265	0.041385033	0.526997004														
HUS1	0.665315461	1	1														
MYO1G	-0.58420015	1	1														
TTYH3	-2.421401692	0.092764694	0.781260322														
CIDEB	-0.898734071	1	1														
TTC5	1.057484396	1	1														
NKX2-8	2.23937362	0.150789698	1														
ACSBG1	-0.308791989	1	1														
MTHFS	-0.33382317	1	1														
IREB2	-1.88263884	0.358495974	1														
ALPK3	-0.274377559	1	1														
CIB2	-1.777071254	0.453339102	1														
RSAD1	0.150843899	1	1														
CHAD	-0.59459464	1	1														
TACO1	0.583006162	1	1														
TEX2	0.215655469	1	1														
BRIP1	2.650997261	0.048152695	0.567230733														
KAT7	-1.712136621	0.521228964	1														
NDUFB5	2.848870171	0.026324868	0.409305094														
MARCHF7	1.642997399	0.602300829	1														
CD302	1.679424188	0.558416416	1														
GALNT5	3.443309478	0.003447848	0.152576148														
TANK	1.061087149	1	1														
BLK	0.43599349	1	1														
SKIL	0.916516123	1	1														
KCTD3	-0.520581556	1	1														
CBWD2	1.786451382	0.444157215	1														
IL36G	-1.691492088	0.544457146	1														
CCDC115	-0.586457501	1	1														
HS6ST1	-1.309630142	1	1														
UGGT1	-0.06638476	1	1														
GAD2	0.667288663	1	1														
ECPAS	1.868890859	0.369828002	1														
TOR1B	0.845428232	1	1														
OR1J1	0.602036124	1	1														
OR13C9	1.035266022	1	1														
DAB2IP	-1.376028403	1	1														
SLC31A2	0.854751683	1	1														
ORM1	-0.289111754	1	1														
STX17	-0.928320219	1	1														
ENPP2	1.842256633	0.39262572	1														
DERL1	-0.812239164	1	1														
CCN3	0.865377601	1	1														
RANBP6	-0.568187499	1	1														
CCL21	0.021521197	1	1														
CCL27	-1.969556511	0.29333532	1														
HINT2	1.109132177	1	1														
KLC4	-1.797730323	0.433318523	1														
TTBK1	1.991112249	0.278811289	1														
TINAG	2.919447192	0.021039168	0.377360719														
GCM1	1.395284123	0.977581068	1														
RIPK1	-0.618110562	1	1														
PSORS1C2	-0.431719969	1	1														
MRPS18B	1.189845976	1	1														
IER3	2.22270397	0.157414608	1														
PGBD1	-3.035411437	0.014412465	0.311601255														
POU5F1	1.705668925	0.528418431	1														
CLPS	3.22696382	0.007506677	0.220266128														
RNF144B	1.435132827	0.907495504	1														
NRM	0.846750379	1	1														
FAM8A1	2.51259932	0.071907219	0.689317252														
LRRC32	-0.539814187	1	1														
MRPL15	-0.535492163	1	1														
TTPA	-0.107660454	1	1														
GGH	0.885402169	1	1														
SLCO5A1	1.893709043	0.349581842	1														
TGS1	2.178542186	0.17619417	1														
USP2	-2.963891395	0.018226529	0.351647043														
HTR3B	0.809394401	1	1														
SORL1	-1.012884978	1	1														
MMP7	1.798982644	0.432128557	1														
MMP20	2.854852491	0.025834093	0.407718349														
MMP27	2.13535139	0.196393909	1														
DCUN1D5	0.52509248	1	1														
FDXACB1	2.451648827	0.08532202	0.74914902														
FDX1	1.243172713	1	1														
MMP13	0.566809463	1	1														
UNC13C	2.284264629	0.1341359	0.950532461														
THBS1	1.357715583	1	1														
NDUFAF1	2.341726705	0.115168587	0.879459549														
KIF23	0.526232532	1	1														
HAUS2	2.245441842	0.148438691	0.99444253														
RPLP1	0.554513899	1	1														
RMDN3	-0.327977293	1	1														
ITPKA	0.45317709	1	1														
PLCB2	0.914822776	1	1														
TMEM62	1.809817941	0.421944149	1														
ADAM10	0.268153702	1	1														
GCHFR	0.190378811	1	1														
MNS1	2.144864157	0.191782259	1														
TTLL7	2.000987533	0.2723624	1														
KYAT3	2.619205663	0.052880876	0.591080082														
ARHGAP29	2.939205835	0.019743268	0.366861671														
RTCA	-0.713176565	1	1														
IFT172	-1.914525542	0.333318232	1														
SELENOI	-1.397051914	0.974387762	1														
CGREF1	1.269623266	1	1														
KHK	0.65587077	1	1														
DYNC2LI1	0.316144734	1	1														
PREB	0.610114023	1	1														
SLC3A1	1.231233647	1	1														
LRPPRC	2.670683336	0.045418213	0.552921147														
LOXL4	-0.195273188	1	1														
BTBD16	-1.654642645	0.587982046	1														
KIF11	2.123382962	0.202330643	1														
ARL3	-0.112940869	1	1														
EXOC6	1.77856605	0.451865605	1														
DBR1	1.426426754	0.922471174	1														
TOPBP1	1.486072897	0.823559042	1														
DNAJC13	-1.318758233	1	1														
GPR87	1.863310922	0.374511207	1														
BARD1	1.635262874	0.611963716	1														
ASNSD1	1.409766037	0.951652669	1														
SSB	1.761917524	0.468499401	1														
PPIG	-1.042938527	1	1														
CHRNA1	-1.469590409	0.850036316	1														
WDR12	1.5849188	0.677908707	1														
ITGAV	0.576927442	1	1														
SLC40A1	0.477509261	1	1														
COL8A1	-0.312626894	1	1														
SLC49A4	-0.044307964	1	1														
CCDC54	0.32700228	1	1														
EPYC	0.55816059	1	1														
TRHDE	-0.000879811	1	1														
OSBPL8	-0.299350712	1	1														
GYS2	1.755096811	0.475456498	1														
ABCC9	1.497691785	0.805280083	1														
SYT1	-2.566325525	0.061669391	0.64053673														
ACSS3	3.988984161	0.000398141	0.049686285														
PPP1R12A	0.507275089	1	1														
HAL	0.996495716	1	1														
CDK17	-0.058170105	1	1														
TMCC3	-0.95842724	1	1														
IRAK3	2.694674292	0.04227448	0.533511188														
RXYLT1	3.300767102	0.005785253	0.197243897														
TRMT5	3.009999111	0.015674907	0.324032904														
C12orf4	1.289342531	1	1														
RAB21	-0.536273111	1	1														
FAM189A1	-1.772042546	0.45832497	1														
LIPG	1.29713819	1	1														
TGDS	1.325848175	1	1														
PSMC1	0.428286239	1	1														
GALC	3.545191893	0.002353964	0.122603241														
PPWD1	-0.459896123	1	1														
PEBP1	0.842930855	1	1														
MOCOS	2.136823485	0.195674107	1														
SNCAIP	0.739011748	1	1														
SNX24	0.846266477	1	1														
REXO5	-0.050910748	1	1														
XYLT1	-0.402817398	1	1														
DNAH3	0.253654612	1	1														
NUP133	0.34054815	1	1														
NUAK1	1.281707414	1	1														
VWF	0.572204343	1	1														
LPCAT3	2.849813639	0.026246911	0.409117577														
HEXB	2.903808204	0.022119235	0.383741612														
N4BP2	0.78760922	1	1														
TBC1D1	0.085274708	1	1														
RSBN1	0.395820541	1	1														
CASQ2	-1.251782837	1	1														
MAN2A1	4.575039583	2.86E-05	0.019146439														
EPB41L4A	3.422699937	0.003720149	0.158733179														
MSMO1	1.303520271	1	1														
ICE2	1.951026211	0.306323567	1														
GPATCH2L	-0.286182803	1	1														
POMT2	1.45402309	0.875639427	1														
TMEM260	1.882128303	0.358911584	1														
IPO5	0.700091109	1	1														
PALB2	1.122138559	1	1														
KIAA0556	1.217877621	1	1														
DSG2	0.524446154	1	1														
NOL4	-0.367877176	1	1														
LPIN2	-0.194139226	1	1														
NDC80	0.967263497	1	1														
HERC2	-2.835745419	0.027431324	0.420856002														
SLC7A5	0.186313105	1	1														
CYBA	-0.536620994	1	1														
UTP20	2.575923353	0.059983683	0.631266294														
COX10	2.208854648	0.163108515	1														
TTC19	1.451480694	0.879876325	1														
TNFRSF13B	1.823845339	0.409052744	1														
BFAR	1.824341785	0.408602502	1														
KPNA3	-1.57475358	0.345940005	1														
CDK2AP1	0.808007614	1	1														
UTP6	-0.130479322	1	1														
BLMH	-0.113148402	1	1														
TAOK1	-1.167298829	1	1														
CUX2	2.722152337	0.038914942	0.507208675														
LHX5	-1.872871357	0.366516908	1														
ALDH2	-0.642115182	1	1														
ERP29	0.092895997	1	1														
ANKRD13A	1.459885835	0.865928717	1														
TRPV4	0.252538241	1	1														
NAA25	1.294646578	1	1														
CHRNB4	0.223078169	1	1														
VAC14	1.320533442	1	1														
TANGO6	2.250433843	0.146528512	0.988214003														
ARG2	2.31522408	0.123604032	0.909600421														
TM9SF1	0.081749684	1	1														
NDST1	-0.00394771	1	1														
PDGFRB	-0.636058539	1	1														
FAT2	0.478056182	1	1														
PFDN1	-1.083636283	1	1														
PSMD9	1.750504944	0.480187331	1														
ANAPC5	1.749805865	0.48091091	1														
GNB5	0.482177695	1	1														
MYO5C	1.583541862	0.679788078	1														
SPPL2A	2.131211433	0.198430365	1														
GLCE	1.65495832	0.587597717	1														
CORO2B	0.349563736	1	1														
SPG11	4.341605899	8.49E-05	0.024576648														
SLC30A4	-0.491787489	1	1														
HACD3	1.112516773	1	1														
APH1B	1.225572229	1	1														
AAGAB	2.030141313	0.254053063	1														
TIPIN	1.151145315	1	1														
CILP	-1.470668644	0.8482845	1														
TRIP4	1.674317046	0.564409837	1														
PARP16	0.038706565	1	1														
SNX1	1.3430787	1	1														
LACTB	1.220512987	1	1														
CCNT1	1.292202831	1	1														
HCN4	-0.407828146	1	1														
SEMA7A	-0.574377863	1	1														
LOXL1	-1.175738353	1	1														
FLT4	0.583398239	1	1														
TUBGCP3	2.522818418	0.069851099	0.681074958														
RBM25	-0.241231605	1	1														
LTBP2	0.271260604	1	1														
VSX2	-0.034551627	1	1														
SPAG9	-0.226929714	1	1														
SGCA	-0.350560033	1	1														
RBMS2	1.065194456	1	1														
PTGES3	0.018189336	1	1														
PHF3	2.551690147	0.064321086	0.656301849														
CALCOCO1	-0.047124812	1	1														
MTUS1	2.513156864	0.07179367	0.688937904														
EFCAB1	1.948116337	0.308406266	1														
MCM4	-0.479831597	1	1														
MYOM2	-1.667552086	0.57242806	1														
ANKRD12	2.886929929	0.023341251	0.391569496														
RBL2	-0.496337057	1	1														
LPCAT2	1.117098428	1	1														
WIPI1	-1.717374374	0.515464745	1														
WDR59	0.781123409	1	1														
MTFR1	0.431251884	1	1														
CDH19	-0.517148268	1	1														
SMAD2	0.166429756	1	1														
VIPR2	-2.095502977	0.216757825	1														
KCNH2	0.217628184	1	1														
RHEB	0.135526185	1	1														
SMARCD3	-0.300490999	1	1														
KMT2C	-0.917489091	1	1														
ADNP2	-1.904428117	0.341126701	1														
CRISPLD1	-0.627071353	1	1														
TRPA1	-0.055147777	1	1														
ARFGEF1	-0.227033431	1	1														
ANXA13	1.927668709	0.323378079	1														
TMED2	-2.858527468	0.012768368	0.287774151														
YY1	-0.941879771	1	1														
RCOR1	0.163918546	1	1														
MOB3B	0.071611487	1	1														
SCPEP1	-0.280972015	1	1														
LPO	1.921867095	0.327734899	1														
VMP1	-0.700383268	1	1														
PRR11	1.878238327	0.362091415	1														
TRIM37	0.707023159	1	1														
LMF1	0.967187936	1	1														
NUBP2	-0.509983582	1	1														
PKD1	1.339386254	1	1														
RHBDF1	-1.69146896	0.544483628	1														
TELO2	0.136692073	1	1														
AXIN1	0.457029594	1	1														
SLC1A1	3.944632885	0.000479534	0.056021883														
FAM86B2	1.178015512	1	1														
GLIS2	-0.653254463	1	1														
CREBBP	-0.450425558	1	1														
MGRN1	-1.427426493	0.920741994	1														
ALG1	1.552609851	0.723098225	1														
DNAJA3	0.305095491	1	1														
UBN1	0.659677419	1	1														
N4BP1	0.347385848	1	1														
WSB1	0.838742765	1	1														
RGS9	-1.531629347	0.753683557	1														
ITGA2B	3.179276058	0.008858604	0.242592403														
MAPT	2.097165781	0.215873415	1														
DHX8	0.843305137	1	1														
SLC4A1	3.520143338	0.002587882	0.130515988														
CRISPLD2	2.628596942	0.051442748	0.585408364														
ATP2C2	2.890084063	0.023108329	0.391569496														
MLYCD	1.058845256	1	1														
METTL2B	2.539870892	0.066536038	0.662771298														
SMURF2	1.461622144	0.863068698	1														
GLP2R	-0.786011637	1	1														
DNAH9	1.104101759	1	1														
CHD5	-0.43254006	1	1														
INVS	2.856729063	0.025681862	0.406757251														
SLC27A6	1.820617513	0.411990113	1														
ISM1	0.574984448	1	1														
COQ9	1.985018165	0.282854703	1														
NLRC5	2.288152256	0.132771936	0.947180857														
SRCAP	1.3549444	1	1														
SETD1A	-2.161696677	0.183849384	1														
DZANK1	1.953182664	0.304787727	1														
SPTLC1	0.116518004	1	1														
ZC3H3	-2.116704684	0.205709514	1														
RPL8	-0.707106781	0.479500122	1														
TTPAL	0.238437674	1	1														
SLC9A3R1	0.399291672	1	1														
ATP4A	-0.860016049	1	1														
CCNE1	0.058580579	1	1														
ANOS1	-1.926592412	0.32418267	1														
ACIN1	1.95753414	0.301708212	1														
AJUBA	1.035188578	1	1														
TEP1	2.682392577	0.043858574	0.542228238														
CDH20	-1.69713125	0.538031096	1														
PHLPP1	0.926193555	1	1														
EFCAB6	-1.084597598	1	1														
PPARA	-0.798756089	1	1														
PRDX1	0.284317124	1	1														
PGS1	-2.834708435	0.027520515	0.421716299														
LGALS3BP	-0.061140493	1	1														
ELL	1.037849894	1	1														
MAST3	0.956040853	1	1														
COPE	0.520613552	1	1														
MAU2	1.148481265	1	1														
TRPC5	-0.152436723	1	1														
RRAGB	-1.874793593	0.36492675	1														
HUWE1	0.667281982	1	1														
BPI	3.255313244	0.006796042	0.211621411														
SLA2	1.712596306	0.520721	1														
RALGAPB	0.61644121	1	1														
XRCC1	2.515357144	0.071347114	0.687333421														
ATRN	0.497440047	1	1														
CNPY4	0.139446053	1	1														
RASA4	0.941048615	1	1														
ARPC1A	-0.017425376	1	1														
MYDGF	1.011649426	1	1														
TLE2	1.138079728	1	1														
GNA15	-0.118329146	1	1														
DPP9	0.334641185	1	1														
ZFR2	1.840230341	0.394406563	1														
YJU2	1.083474549	1	1														
PIAS4	2.602763909	0.055485367	0.609191204														
GAB1	2.326613547	0.119915057	0.900526595														
UCP1	-1.092677464	1	1														
NOMO3	2.678459141	0.044377053	0.544826507														
EEF2K	0.216501721	1	1														
DHTKD1	3.491976465	0.002876763	0.137201121														
PHYH	2.784515581	0.032164647	0.459581745														
SORCS1	-3.993386951	0.000390817	0.049686285														
EPC1	2.260204886	0.142851226	0.974508992														
MTPAP	3.123250896	0.010731912	0.264603853														
SCARF1	3.097793511	0.011698033	0.272398491														
SMG6	3.090764827	0.011978501	0.276569318														
ASPA	-0.690014683	1	1														
DPH1	1.525384083	0.76297996	1														
ITGAE	-0.838049034	1	1														
PLD2	0.522368938	1	1														
METTL16	1.108960238	1	1														
SLC27A5	1.670457334	0.568973486	1														
A1BG	0.227097626	1	1														
RAB36	0.537392275	1	1														
CABIN1	-0.355738768	1	1														
PRKCQ	1.638178918	0.608306256	1														
PALMD	-0.253167246	1	1														
KIF18A	2.253584539	0.145333901	0.984929163														
BBOX1	2.289588627	0.132271049	0.946260211														
MSH4	3.622610882	0.001749866	0.108363028														
DGCR2	-0.195704146	1	1														
UFD1	1.812831195	0.419147166	1														
MED15	1.111849123	1	1														
ARVCF	-0.768537204	1	1														
HIRA	0.410173746	1	1														
PPM1F	0.374795423	1	1														
DDX18	1.158963913	1	1														
ARFGAP3	-0.478902861	1	1														
PACSIN2	-0.081572041	1	1														
EP300	-0.082835833	1	1														
DESI1	-1.482064914	0.829938141	1														
PLEKHA4	1.764303469	0.466085401	1														
FAM83E	0.465601782	1	1														
MREG	-1.83341273	0.400447296	1														
GRIN2D	0.128362852	1	1														
LIG1	0.557548323	1	1														
OPA3	-2.002873987	0.271144895	1														
HSD17B14	0.823829312	1	1														
P2RX3	-1.213133555	1	1														
NOX4	1.157077781	1	1														
TYR	0.243630716	1	1														
IL37	-2.012932388	0.264730456	1														
IL1A	1.061606912	1	1														
IL1B	0.198143296	1	1														
TCF25	-2.448179112	0.086148156	0.752030194														
ITPKC	2.60097265	0.055775919	0.611231111														
KCNK6	-0.494169144	1	1														
BRD4	-0.625974734	1	1														
IL27RA	2.79414103	0.031222667	0.453795838														
ILVBL	0.563383406	1	1														
FAM32A	-0.816510088	1	1														
NOTCH3	0.405604392	1	1														
MED26	1.246158491	1	1														
COMMD9	-1.441525579	0.896617537	1														
LIFR	1.615296322	0.637479239	1														
C6	-0.584785731	1	1														
PPP1R12C	-0.484551257	1	1														
ALG6	3.012499218	0.015546366	0.322929953														
WDR11	-0.881200163	1	1														
CEP126	2.466329288	0.081903468	0.732929554														
PARP12	-0.349215837	1	1														
P4HA1	-0.509200016	1	1														
VPS26A	-1.984670821	0.283086644	1														
PALD1	1.735676938	0.495725841	1														
DDX25	-1.489168025	0.818658771	1														
FOXRED1	3.930276725	0.000509089	0.058403047														
DCPS	-0.700712507	1	1														
SIAE	0.033153551	1	1														
ARID3A	1.13961853	1	1														
TANC1	0.148149345	1	1														
LY75	2.669916969	0.045522003	0.553000768														
OSBPL5	-2.611711502	0.054054146	0.599064832														
CNRIP1	0.850053674	1	1														
PNO1	-0.798240085	1	1														
TAF1B	2.921230673	0.020919095	0.377005595														
CNTN3	-2.968936161	0.01792996	0.348580328														
PDZRN3	-2.499777799	0.074562734	0.704005175														
CHRDL2	2.875976421	0.024166788	0.399457787														
ARHGEF17	2.034109743	0.251643191	1														
POLD3	0.558621075	1	1														
SELP	2.40271099	0.097644261	0.804528893														
SNRNP40	0.048816724	1	1														
MECR	1.77649846	0.453904774	1														
TFCP2L1	0.574263214	1	1														
PTPN4	0.92059434	1	1														
CLASP1	-0.861762149	1	1														
EPB41L5	-0.024022696	1	1														
EPAS1	0.881420055	1	1														
SRBD1	0.395393979	1	1														
KAT2B	0.281667011	1	1														
FNBP4	0.104699561	1	1														
NDUFS3	2.873794518	0.024334364	0.40035374														
ACCS	2.14580503	0.191331223	1														
CHMP2B	-1.200167703	0.690222647	1														
WDR76	1.740399538	0.490733319	1														
TYRO3	1.204254377	1	1														
OSBP	-0.300515964	1	1														
ZC2HC1A	0.775577429	1	1														
IL7	-0.072660535	1	1														
POLR1A	1.18920467	1	1														
MAP4K3	1.447905155	0.885861467	1														
RND3	-1.545619647	0.733178721	1														
STAM2	0.762418239	1	1														
GRB14	2.763067619	0.034356541	0.472458099														
STRN	-0.383826479	1	1														
KDR	1.087255972	1	1														
LNX1	0.865494814	1	1														
TNFRSF8	0.271487562	1	1														
PKP1	-2.023320478	0.258240702	1														
GTF3C3	-1.429388792	0.917355108	1														
COQ10B	1.789577326	0.441131317	1														
USP13	0.519632293	1	1														
PIK3CA	-1.026088945	1	1														
SLC9A1	-1.178708846	1	1														
GATB	2.090330931	0.219528496	1														
EHBP1	3.904402625	0.00056675	0.060647064														
SLC7A6OS	-0.444699954	1	1														
CKLF	0.208002917	1	1														
LCAT	-1.052032542	1	1														
CDH3	1.97379682	0.290429104	1														
NECTIN1	0.000295148	1	1														
SC5D	0.334864731	1	1														
TREH	-0.551731807	1	1														
UPK2	-0.002197581	1	1														
CBL	-0.441512271	1	1														
MCAM	0.028546006	1	1														
GPC1	-2.625273095	0.051947696	0.586437912														
FARP2	0.97693919	1	1														
SLC5A7	1.745544932	0.48534035	1														
NGEF	-0.758618221	1	1														
DGKD	-1.624441611	0.625689554	1														
DNAJC10	1.290891688	1	1														
TUBB4A	-2.023025353	0.258423202	1														
MCOLN1	-0.427691218	1	1														
GPR108	1.754932256	0.475625376	1														
DGUOK	0.363441941	1	1														
LOXL3	0.973406702	1	1														
LAMC2	0.686076631	1	1														
OSGEPL1	1.353457055	1	1														
MCM6	-1.646338004	0.598165135	1														
CCNT2	0.939560822	1	1														
RAB3GAP1	2.218329198	0.159194368	1														
ZRANB3	1.10168488	1	1														
LCT	3.763266301	0.001006251	0.083683578														
AGPS	1.881384249	0.359518008	1														
ORC4	0.83272574	1	1														
KYNU	2.602709981	0.055494094	0.609191204														
ARID4B	2.754919444	0.035223953	0.479723864														
NID1	-0.220877022	1	1														
CYTIP	-0.182648363	1	1														
MUL1	-1.703698811	0.530624222	1														
NMU	-1.150055184	1	1														
PPAT	-0.446691213	1	1														
SRD5A3	-0.459352732	1	1														
NOA1	3.660082078	0.001512807	0.103052048														
UPK1B	0.613848845	1	1														
ARHGAP31	2.776339993	0.032984812	0.463607724														
CD80	-0.490897943	1	1														
CHST10	2.623792613	0.052174029	0.587950516														
PDCL3	2.052879265	0.240505731	1														
IL1RL2	2.213301658	0.161261132	1														
IL18RAP	2.201259538	0.166305933	1														
GFM1	3.127766221	0.010568413	0.262335624														
LXN	2.482203762	0.078343552	0.720828604														
ALS2	0.766173383	1	1														
NOP58	-0.126138514	1	1														
OCIAD1	0.326910431	1	1														
SLAIN2	1.37350146	1	1														
TXK	-0.421136445	1	1														
GABRA4	0.807298205	1	1														
TOP2B	0.231636421	1	1														
YWHAE	-0.210818511	1	1														
FAM13A	1.659189376	0.582465827	1														
HERC6	-0.993274097	1	1														
HERC5	-0.533511723	1	1														
NDST4	-2.44602103	0.086665545	0.753977074														
PIKFYVE	0.763985321	1	1														
BCHE	1.011166718	1	1														
SI	2.45276749	0.085057162	0.748863491														
PRKG2	-2.110109535	0.209093533	1														
FNIP2	1.795633103	0.435317326	1														
C2orf42	0.739524232	1	1														
ADD2	-1.004287044	1	1														
SLC30A9	-0.068822275	1	1														
SEC22C	1.10667055	1	1														
CDH10	1.327718075	1	1														
CSTA	-0.441927628	1	1														
BBS7	3.025033969	0.014916312	0.314477351														
KIAA1109	-1.028436208	1	1														
RBBP5	-1.75854778	0.471926096	1														
IFT57	-0.179878466	1	1														
SHC2	2.099833691	0.214460841	1														
PHRF1	-3.495000519	0.002844365	0.136308283														
AGA	1.842576949	0.392344812	1														
NEIL3	1.379601257	1	1														
RAB17	-0.920366586	1	1														
MLPH	-1.537026011	0.74572164	1														
CP	2.336350283	0.116837957	0.88402528														
CNTNAP1	-1.520203093	0.770759641	1														
CASC3	0.758160626	1	1														
KRT24	1.40800771	0.954772723	1														
STAT3	-1.65659574	0.585607405	1														
KCNH4	0.266605691	1	1														
NNT	-0.064613953	1	1														
MTRR	-0.876181175	1	1														
FASTKD3	0.023472711	1	1														
NSUN2	-0.725327607	1	1														
UFSP2	-0.292080886	1	1														
KLKB1	0.813070715	1	1														
CAD	0.835857592	1	1														
DNMT3A	0.585160422	1	1														
KIF3C	-0.478555796	1	1														
GPN1	0.32124788	1	1														
GTF3C2	-0.522838551	1	1														
TMEM40	0.072787802	1	1														
CLDN16	4.136974458	0.000211149	0.036490883														
PLAAT1	-0.276507103	1	1														
ITGA9	1.794843013	0.436072293	1														
ADD1	-0.491198719	1	1														
TMEM175	-0.893029895	1	1														
PLPP1	-0.912434637	1	1														
SLC2A9	2.05339606	0.240205087	1														
PRDM5	0.583809469	1	1														
MIER2	0.11639748	1	1														
LYL1	0.741375598	1	1														
COL5A3	2.232212367	0.153605583	1														
ICAM1	0.180939109	1	1														
KLF1	1.58129762	0.682860021	1														
C3orf52	0.342992551	1	1														
PI4K2B	1.351025388	1	1														
PPARGC1A	0.593776654	1	1														
F13A1	0.084447442	1	1														
CXCL9	-0.463933236	1	1														
SCARB2	-2.283225559	0.134502512	0.950708218														
USO1	0.382534067	1	1														
ANXA3	2.523405993	0.069734479	0.680458889														
ARSB	3.895443979	0.000588114	0.062408708														
RAD18	1.038052346	1	1														
SLC12A7	-0.643245464	1	1														
SDHA	0.360100072	1	1														
PDCD6	-0.772223313	1	1														
CEP72	-1.012759655	1	1														
XRN1	0.197049558	1	1														
GRK7	-0.062768104	1	1														
GRPEL1	-2.271667087	0.138639753	0.961567874														
EVC	0.947581377	1	1														
ZAP70	0.046092712	1	1														
PPP2R3A	1.819611426	0.412909203	1														
CEP70	0.609988809	1	1														
ACAD11	3.891139801	0.000598647	0.063001363														
MRPL3	2.196772395	0.168220233	1														
GALNT7	1.498755821	0.803621937	1														
SOX30	-1.049690014	1	1														
GCNT2	2.784228837	0.032193099	0.459581745														
FAM184B	0.031930516	1	1														
DGKG	1.316376869	1	1														
DEPDC1B	0.264719011	1	1														
ERCC8	0.673046102	1	1														
MGLL	1.732545149	0.499059274	1														
MCM2	2.58415524	0.058570707	0.623395416														
GOLPH3	-0.934710382	1	1														
CDH6	-2.257411004	0.143894429	0.978820327														
NPR3	-0.860285468	1	1														
VCAN	3.100331291	0.011598258	0.271424247														
RASGRF2	0.606029151	1	1														
MSH3	3.633871388	0.0016752	0.105823967														
STC2	1.537429444	0.745129084	1														
THOC3	-0.183256887	1	1														
DNAH5	2.561697096	0.062497272	0.645518257														
WDR70	0.390608584	1	1														
RAI14	0.008571699	1	1														
SLC1A3	-0.594493568	1	1														
AMBP	1.628828967	0.620095384	1														
ARRDC3	0.61566082	1	1														
SLF1	0.666104459	1	1														
CENPE	0.97838826	1	1														
ENPEP	2.398680867	0.098725489	0.806912951														
CASP6	1.672909172	0.566071067	1														
EGF	1.7995543	0.431586255	1														
SEC24B	-1.184066623	1	1														
NME5	2.046935016	0.243986793	1														
PAIP2	-1.846761034	0.38869069	1														
IPCEF1	-0.322399444	1	1														
ANKRD7	2.651565754	0.048071707	0.566837866														
IQCG	2.18797383	0.172029052	1														
LSG1	1.032528734	1	1														
RBM27	-1.117521933	1	1														
SPDL1	4.121470381	0.000225877	0.037534378														
MINDY4	2.266999657	0.14034148	0.968622443														
TRPV5	0.247525628	1	1														
ABCB6	2.190132289	0.171087865	1														
PECR	0.278664886	1	1														
VDAC1	-1.167743008	1	1														
CDKL3	1.243778609	1	1														
FSTL4	1.236565574	1	1														
AFF4	2.273051084	0.13813861	0.961446734														
XPO5	1.019967993	1	1														
SEMA3A	0.047836179	1	1														
NRP1	1.018543142	1	1														
COL6A5	-1.481345891	0.831086554	1														
APBA1	0.619977073	1	1														
PIP5K1B	-1.603445395	0.653018134	1														
HIBADH	0.469890888	1	1														
STAP1	-0.657210127	1	1														
ADGRF5	3.307501046	0.005647942	0.19438078														
NBN	0.315154409	1	1														
TFEC	1.464627561	0.85813535	1														
NRXN2	-1.922465347	0.32728338	1														
PRDX5	2.145943343	0.191264995	1														
POLA2	0.217275082	1	1														
BLVRA	1.086686241	1	1														
KIF9	0.637917779	1	1														
USP4	1.799013198	0.432099558	1														
PTPN23	-2.224732306	0.156595285	1														
PRKAR2A	1.890992852	0.351751791	1														
SCAP	-0.360404685	1	1														
CLCN2	1.099085399	1	1														
MCCC1	2.146548026	0.190975688	1														
LAMP3	2.134815092	0.196656702	1														
ALDH8A1	0.135520982	1	1														
UBXN8	3.072510094	0.012735999	0.287774151														
PON3	1.250474773	1	1														
SLC25A13	-0.757630421	1	1														
NPTX2	-0.892440748	1	1														
CPT1A	3.074847151	0.012636628	0.287774151														
GAL	-3.358068299	0.004709353	0.177866788														
ABCA2	-2.621385729	0.052543869	0.589766269														
TCIRG1	-0.722755007	1	1														
CHKA	-1.251009991	1	1														
ADAM2	2.851186989	0.026133808	0.408840877														
ANK1	4.343149061	8.43E-05	0.024576648														
KAT6A	2.598111488	0.056242832	0.61176517														
DUS4L	0.669924513	1	1														
ABCB4	2.91509186	0.021335032	0.377360719														
ABCB1	0.880411527	1	1														
ADAM22	0.693385954	1	1														
DBF4	1.701531281	0.533059615	1														
SRI	1.162367213	1	1														
ANKIB1	1.799981013	0.431181818	1														
ANLN	-0.43490092	1	1														
EIF4H	0.869233446	1	1														
BUD23	-0.030256299	1	1														
ADAM28	4.842788565	7.68E-06	0.006987119														
SH2D4A	2.37162581	0.106260097	0.843062978														
PDLIM2	-0.139330744	1	1														
FSCN3	1.097372726	1	1														
ZNF800	0.087061405	1	1														
EXPH5	1.289003323	1	1														
ADAP1	-1.519879059	0.771248247	1														
PMS2	-0.192769285	1	1														
HNRNPH3	0	1	1														
CCAR1	1.379627265	1	1														
SQLE	1.183725781	1	1														
SNX19	0.011178402	1	1														
SERGEF	0.464601849	1	1														
PIK3C2A	2.668748881	0.045680609	0.553131009														
FAM160A2	1.58567744	0.676874996	1														
HPX	-1.831805053	0.401882821	1														
BTAF1	0.292541384	1	1														
TCTN3	3.283250316	0.00615705	0.202071848														
DAXX	2.412016342	0.095187422	0.792233096														
MLN	1.738215856	0.493036717	1														
DOCK3	0.694139242	1	1														
ITIH4	1.220810647	1	1														
SLIT1	0.956752959	1	1														
GID8	0.314784795	1	1														
DIDO1	-1.154404969	1	1														
SLC2A4RG	-0.785008529	1	1														
TIMP3	-1.556238415	0.717908459	1														
FBXO7	1.769308143	0.461054792	1														
EIF2B2	0.643823159	1	1														
TTLL8	-1.549375984	0.727748181	1														
MTFP1	2.043755614	0.245866176	1														
B4GALNT3	2.307823657	0.12605368	0.920922292														
ERP27	2.779570144	0.032658538	0.461569172														
ALG10	2.331975601	0.118211849	0.89124315														
ARNTL2	0.822130364	1	1														
ZCRB1	-0.807732914	1	1														
TMEM117	-1.60100729	0.656251827	1														
C1RL	0.619351792	1	1														
NDUFA9	3.64799527	0.001585767	0.104263811														
CLSTN3	1.415161211	0.942127407	1														
KLRG1	1.302136491	1	1														
TAPBPL	2.337276495	0.116548871	0.88241997														
CD27	1.135276318	1	1														
SLC38A4	1.668848227	0.570884773	1														
AMIGO2	-0.777419201	1	1														
INHBE	0.832308964	1	1														
GLIPR1	0.748677016	1	1														
TMEM19	1.272426164	1	1														
LGR5	1.008006901	1	1														
SLC6A15	2.026765661	0.256118303	1														
TMTC3	1.163510265	1	1														
LUM	0.71186345	1	1														
KERA	0.482881568	1	1														
TMPO	1.687832621	0.548660182	1														
AMDHD1	1.23761515	1	1														
SLC15A4	-1.12336496	1	1														
SLC46A3	1.865937698	0.372300496	1														
GPR84	1.073043956	1	1														
NPFF	-0.098003634	1	1														
SMARCC2	0.257796433	1	1														
CSAD	2.343251491	0.114698955	0.878806555														
LMBR1L	-0.122589441	1	1														
MYG1	0.186026353	1	1														
ESYT1	1.63116129	0.617137745	1														
KRT71	-2.189485638	0.171369368	1														
RB1	-0.514992474	1	1														
VPS33A	1.593722942	0.665988621	1														
VPS37B	-0.758690738	1	1														
SRRM4	0.556441587	1	1														
METTL21C	1.23210973	1	1														
ZIC5	-0.640249792	1	1														
RAB20	-0.12280674	1	1														
ANKRD10	1.408281855	0.954285758	1														
SSTR1	-0.507537145	1	1														
REM2	-0.795286411	1	1														
CBLN3	0.371950169	1	1														
TINF2	0.535259626	1	1														
NOP9	0.745477515	1	1														
FANCM	4.037274096	0.000324455	0.045458468														
L2HGDH	2.25136007	0.146176446	0.986962282														
ARMH4	1.13460978	1	1														
GPR65	0.003689847	1	1														
AK7	1.025637502	1	1														
FAM181A	-0.510796087	1	1														
ITPK1	0.002885719	1	1														
TRIP11	0.979061008	1	1														
EMC4	-0.926225915	1	1														
MFAP1	0.600646099	1	1														
SORD	3.390399121	0.004187456	0.171466308														
LYSMD2	1.484407327	0.826205353	1														
SLC27A2	2.054906343	0.23932831	1														
FGF7	-0.117025961	1	1														
HDC	1.376053628	1	1														
MYZAP	-0.356248872	1	1														
RAD51	-0.333254963	1	1														
COMMD4	1.061946446	1	1														
BCL2A1	1.281306785	1	1														
TSPAN3	-0.622397209	1	1														
WDR61	-1.767111535	0.463257306	1														
ARRDC4	-0.932080243	1	1														
CYP11A1	3.137470187	0.010224756	0.258337392														
BBS4	1.039523728	1	1														
PML	-1.590970251	0.669697625	1														
ADAMTS17	0.69119156	1	1														
SCAMP2	0.225523465	1	1														
RHCG	3.031524723	0.01459932	0.312975987														
RLBP1	-0.433995349	1	1														
WDR93	2.707916702	0.040624208	0.522006728														
TICRR	0.057349001	1	1														
MFGE8	-0.180910259	1	1														
ZNF710	0.525247024	1	1														
FURIN	-1.941696901	0.313042825	1														
IQGAP1	-1.279246872	1	1														
CRTC3	-2.472821364	0.080430678	0.727504141														
EFL1	-1.782468419	0.448037261	1														
SEPTIN12	-0.288752074	1	1														
PMM2	-1.268531041	1	1														
PRSS36	0.050907773	1	1														
ITGAX	1.148688213	1	1														
UQCRC2	1.235807341	1	1														
CDR2	-1.667537099	0.572445923	1														
IGSF6	-0.200566645	1	1														
NKD1	0.500403856	1	1														
DHX38	-1.482137107	0.829822902	1														
NUDT7	2.361899566	0.109089403	0.854858126														
CDH13	-0.388473004	1	1														
ADAD2	0.199185325	1	1														
IRF8	2.838216985	0.027219799	0.418114493														
ZNF174	0.00074597	1	1														
RPL3L	0.076157986	1	1														
NDUFB10	0.526171921	1	1														
DEF8	-0.811998029	1	1														
CBFA2T3	-0.648387083	1	1														
GALNS	0.519721744	1	1														
GAS8	-1.459355824	0.866803188	1														
NCOR1	0.211631853	1	1														
COPS3	0.400783546	1	1														
CPNE7	-1.070764628	1	1														
NEK8	2.272059822	0.138497384	0.961446734														
NOB1	0.548942823	1	1														
PRPSAP2	0.686454306	1	1														
UNC45B	-1.768657922	0.46170587	1														
KIF2B	-0.963783605	1	1														
EPN3	2.521668577	0.070079817	0.682368556														
SGSM2	0.749193305	1	1														
LRRC46	2.429264746	0.09077688	0.773000534														
SPACA3	1.065975445	1	1														
G6PC3	0.760291183	1	1														
C17orf64	-0.303034764	1	1														
CDH2	0.015860329	1	1														
AFG3L2	1.907507152	0.338729674	1														
SLC39A6	0.415227578	1	1														
ASXL3	0.885477018	1	1														
MEP1B	2.688417456	0.04307495	0.537761186														
GAREM1	3.23132677	0.007393019	0.220266128														
ESCO1	2.668859601	0.045665554	0.553131009														
GATA6	2.915033443	0.021339026	0.377360719														
RMC1	-1.979533804	0.286535626	1														
NPC1	3.386072855	0.004254033	0.171769232														
ZMYND15	0.476798602	1	1														
SAT2	2.113704905	0.207242876	1														
ASGR1	1.194924412	1	1														
TP53	-0.386131773	1	1														
ARHGDIA	-1.817688802	0.414670262	1														
TTYH2	-2.06007447	0.236348533	1														
FN3KRP	-0.309053111	1	1														
TRIM65	0.182826705	1	1														
CBX8	-1.310421622	1	1														
RNF157	-0.415797155	1	1														
CEP131	-1.720211205	0.512364342	1														
ZNF750	-0.139420043	1	1														
RNF165	-2.980202599	0.017283468	0.341221208														
ELAC1	0.88511813	1	1														
ZCCHC2	-3.245559029	0.007033216	0.21674374														
ERBB2	-0.738091405	1	1														
PNMT	-0.076918456	1	1														
AKAP8	-0.482434472	1	1														
SLC39A3	1.334837447	1	1														
CALR3	2.430247061	0.090531202	0.773000534														
CCDC97	0.532848206	1	1														
SSBP4	1.941926594	0.312875925	1														
SMG9	0.076539798	1	1														
HUNK	-0.899685346	1	1														
LRRC56	-2.799659134	0.030693957	0.449837737														
IFNAR1	2.62400953	0.052140812	0.587950516														
SOD1	-0.613617944	1	1														
SIK1	0.018652142	1	1														
DNMT3L	-0.116226076	1	1														
SCYL1	-0.315600191	1	1														
DMWD	-0.336064013	1	1														
BCAM	0.240368828	1	1														
NTN5	1.583787614	0.679452353	1														
GEMIN7	-0.122754363	1	1														
WDR62	2.153487209	0.18768245	1														
SLC6A3	0.477531132	1	1														
RNPEPL1	-1.201368517	1	1														
TIMM29	0.257703526	1	1														
ECSIT	4.045900323	0.000312734	0.045254097														
TIMM44	1.53761672	0.744854141	1														
TM4SF5	1.321931009	1	1														
SLC47A1	0.807753569	1	1														
KLHDC4	-0.1194348	1	1														
ACP4	-1.075242228	1	1														
WRAP73	-1.122230821	1	1														
PRDM16	-2.106485772	0.210973067	1														
ARHGEF19	3.235735089	0.007279796	0.220266128														
PGD	-0.275071782	1	1														
SH3BGRL3	-0.301756376	1	1														
IL22RA1	0.449268142	1	1														
C1orf216	-0.657091025	1	1														
PLK4	2.186796531	0.172544285	1														
ITGB3BP	1.054700686	1	1														
TINAGL1	-1.741849148	0.489209064	1														
MOB3C	0.495457689	1	1														
CYP4B1	1.057768108	1	1														
SLC44A3	0.834610778	1	1														
CTTNBP2NL	0.081981474	1	1														
PROK1	-0.169783411	1	1														
CELSR2	0.553870077	1	1														
ILDR2	-1.360712169	1	1														
UAP1	-1.775805116	0.454590266	1														
PRCC	-0.857357585	1	1														
TOR1AIP1	0.439364571	1	1														
HMCN1	3.07013434	0.01283775	0.288317308														
PRUNE1	-0.137736348	1	1														
SF3B4	0.254490384	1	1														
CGN	-0.440117376	1	1														
SETDB1	2.312766805	0.124412783	0.913125289														
CTSK	-1.287073605	1	1														
CERS2	0.342314648	1	1														
POGZ	0.712389334	1	1														
KCNH1	-2.084986528	0.222423141	1														
JTB	0.651665172	1	1														
SLC27A3	0.978864883	1	1														
CAPN9	1.429589887	0.917008558	1														
SDE2	1.498190819	0.804502082	1														
CNIH3	1.976807209	0.288380559	1														
LEFTY1	0.256570136	1	1														
C1orf35	-0.674132716	1	1														
EPHX1	-1.310457539	1	1														
REN	0.619473027	1	1														
ARL8A	0.149071198	1	1														
GDF7	1.763056604	0.46734566	1														
PDIA6	-0.119477067	1	1														
GALM	1.559507393	0.713258016	1														
ABCG8	2.589720974	0.057632252	0.618533686														
WDPCP	3.033960655	0.014481954	0.311746545														
VPS54	-0.384049241	1	1														
ETAA1	2.370209617	0.106668017	0.843729211														
CLEC4F	3.992339677	0.000392547	0.049686285														
MRPS5	1.857958574	0.379049384	1														
RTKN	1.00052221	1	1														
TEX261	-1.322360194	1	1														
DUSP11	1.328246345	1	1														
MALL	0.683844888	1	1														
RALB	-1.671136652	0.568168136	1														
SLC20A1	-0.720987563	1	1														
ZC3H8	1.286314519	1	1														
UBXN4	-0.36796262	1	1														
THSD7B	1.894890989	0.348641072	1														
POLR2D	-1.133166839	1	1														
AMMECR1L	-2.987914981	0.016853261	0.335851992														
SCRN3	-0.051746559	1	1														
WIPF1	3.101846879	0.011539044	0.271424247														
LNPK	-0.190173024	1	1														
TMEFF2	0.445429483	1	1														
UBR3	0.156756095	1	1														
PTH2R	0.021814791	1	1														
CPO	-0.623934904	1	1														
ABCA12	0.436987144	1	1														
SUMF1	0.531595589	1	1														
ACKR3	1.309446216	1	1														
UBE2F	-0.564090215	1	1														
HES6	-1.299336012	1	1														
SLC4A3	0.710011344	1	1														
MARCHF4	-1.581495302	0.682588994	1														
PNKD	0.333175417	1	1														
DYNC1LI1	3.678510178	0.001407602	0.101267817														
STAC	0.304471673	1	1														
LRIG1	0.76596168	1	1														
ITIH1	-0.979574525	1	1														
LRTM1	1.834118458	0.399818472	1														
LIMD1	2.044714157	0.245298283	1														
NXPE3	1.239725596	1	1														
ADGRG7	-2.618680579	0.052962335	0.591080082														
ABHD10	0.505833544	1	1														
PLA1A	0.275966863	1	1														
CFAP91	2.590915501	0.057432595	0.618213579														
BOC	-0.638509205	1	1														
EIF2A	0.036602717	1	1														
ALDH1L1	-0.913893082	1	1														
RNF7	-0.891696452	1	1														
AMT	1.495511837	0.808685478	1														
ABHD14A	3.788491853	0.000909387	0.078244181														
NICN1	1.356614422	1	1														
UCN2	1.787323183	0.443311615	1														
STXBP5L	0.558270501	1	1														
EAF2	-0.166772691	1	1														
TM4SF19	0.469079003	1	1														
SLIT2	-0.73908626	1	1														
AHSG	0.747066981	1	1														
DGKQ	-1.044997489	1	1														
CENPC	1.997462665	0.274649678	1														
EPHA5	-0.599971476	1	1														
CORIN	2.146222991	0.191131153	1														
ATP10D	2.389312233	0.101279699	0.816263094														
SLC10A6	1.865663792	0.372530511	1														
ENOPH1	1.09152181	1	1														
CABS1	1.356485908	1	1														
KLHL8	1.174224091	1	1														
PYURF	-0.791165391	1	1														
TBCK	1.656726127	0.585449149	1														
CISD2	-1.021130909	1	1														
AP1AR	-0.770797609	1	1														
SPATA5	-0.521016244	1	1														
FABP2	2.419287216	0.093305736	0.781604831														
CCNA2	0.098997632	1	1														
USP53	1.338587437	1	1														
NAF1	0.065277854	1	1														
SFRP2	0.498095457	1	1														
RPS3A	-0.224780595	1	1														
NDUFS6	2.167751182	0.181065738	1														
ADAMTS16	0.60925971	1	1														
SRD5A1	1.875220761	0.364574155	1														
MYO10	-1.499551331	0.802383976	1														
OTULINL	0.112111891	1	1														
OSMR	1.016927171	1	1														
PLK2	-0.157078643	1	1														
GZMA	-1.143474875	1	1														
HAPLN1	-0.280419021	1	1														
BHMT	1.25264719	1	1														
ANKRD31	2.872256257	0.02445314	0.401788758														
IQGAP2	2.274372912	0.137661448	0.961446734														
CRHBP	1.374577876	1	1														
RASA1	1.311594569	1	1														
GTF2H2	-0.139593726	1	1														
SPATA9	1.334170539	1	1														
FEM1C	-0.70076503	1	1														
COMMD10	1.605489251	0.650317061	1														
ADAMTS19	2.000360782	0.27276792	1														
ARHGAP26	0.175607011	1	1														
LECT2	1.075860595	1	1														
IL9	0.608633277	1	1														
RNF145	2.445017643	0.086907034	0.754101427														
GABRA6	0.176313813	1	1														
GABRB2	-0.853947383	1	1														
SPINK7	0.447703032	1	1														
PCYOX1L	-1.351495852	1	1														
N4BP3	-0.051384807	1	1														
FGF18	-0.384465443	1	1														
KCNMB1	-0.743969623	1	1														
MYLK4	-0.869112431	1	1														
CDKAL1	-1.499995462	0.801693469	1														
PSD2	1.863760909	0.374131725	1														
GFRA3	0.858359145	1	1														
TRIM7	1.013174168	1	1														
HIGD2A	1.468685734	0.851508292	1														
RNF44	1.631163909	0.61713443	1														
MMUT	2.015896316	0.262864914	1														
ABT1	1.46050179	0.864913296	1														
HMGCLL1	1.64723214	0.597062041	1														
SCUBE3	1.454340942	0.875110828	1														
FGD2	3.357377376	0.004721138	0.177866788														
ANO7	-1.332671163	1	1														
CRIP3	2.215626564	0.160302528	1														
NFKBIE	-0.105020055	1	1														
CYP39A1	2.824231245	0.028436506	0.430571307														
PHIP	1.637917297	0.608633683	1														
MMS22L	1.940091638	0.314211324	1														
PM20D2	2.103787308	0.212382027	1														
TBC1D32	1.853416207	0.382936357	1														
CLVS2	-0.679438613	1	1														
TAAR1	3.785221304	0.000921431	0.078748349														
SLC18B1	2.213655915	0.161114746	1														
SLC2A12	1.91147624	0.335660444	1														
AIG1	-0.270853789	1	1														
SLC22A3	-0.116965119	1	1														
VWDE	2.179556668	0.175742039	1														
GGCT	-0.126470335	1	1														
FERD3L	2.319285945	0.122277222	0.907582302														
EGFR	-1.10238168	1	1														
IGFBP1	-2.569085166	0.061180436	0.639107201														
SSC4D	2.213239869	0.161286677	1														
ZC3HAV1L	0.071678991	1	1														
TMEM140	0.015177942	1	1														
EPHA1	-1.25476506	1	1														
TMEM47	-0.324939181	1	1														
CDK16	0.255536776	1	1														
CHST7	2.338300121	0.116230109	0.881600366														
NDUFB11	1.134534645	1	1														
AWAT2	-0.706441759	1	1														
SYTL4	1.541892315	0.738598582	1														
TBC1D8B	0.740756271	1	1														
FRMPD3	1.017248433	1	1														
UPF3B	0.713881124	1	1														
DOCK11	0.376236238	1	1														
ARHGAP36	1.831530196	0.40212867	1														
GPR119	2.297817307	0.129433136	0.935736578														
MFHAS1	-0.558351227	1	1														
DLC1	2.186059522	0.172867505	1														
CHRNA6	3.243445313	0.007085609	0.217417208														
GNRH1	3.494721672	0.002847338	0.136308283														
DOK2	0.737907805	1	1														
STAR	1.628621894	0.62035852	1														
ST18	1.670863542	0.568491805	1														
GINS4	1.606764879	0.648635732	1														
ARMC1	-0.011685983	1	1														
DNAJC5B	2.188313044	0.171880845	1														
CRH	-1.245322548	1	1														
MRPS28	-0.157756297	1	1														
PRDM14	3.370576614	0.004500663	0.176342888														
TERF1	0.565190984	1	1														
LRP12	0.028574362	1	1														
EIF3H	1.222984423	1	1														
NDUFB9	0.896557402	1	1														
TATDN1	0.972051826	1	1														
C8orf76	0.404185251	1	1														
ZNF16	1.380159157	1	1														
UHRF2	0.884491645	1	1														
PLIN2	2.334979161	0.117267056	0.886083941														
IFNK	4.097823511	0.000250232	0.038859173														
NTRK2	0.865437698	1	1														
FAM120A	0.048294548	1	1														
OR13C4	-2.554590318	0.063787707	0.653477601														
ZNF462	0.279108146	1	1														
ASB6	-0.318367689	1	1														
LCN9	0.076151907	1	1														
DPH7	-1.000631058	1	1														
NACC2	-2.533174735	0.067820754	0.668443875														
PROSER2	1.568841371	0.700109435	1														
CCDC7	1.052957727	1	1														
NRBF2	0.708116994	1	1														
NPFFR1	-1.845727368	0.389590808	1														
PAOX	-1.947283677	0.309004407	1														
BCCIP	-0.713308785	1	1														
ADM	0.637345048	1	1														
ZNF214	1.44816521	0.88542511	1														
HSD17B12	0.081808429	1	1														
TMX2	1.777146988	0.453264353	1														
SLC43A1	2.745265786	0.036277145	0.491439534														
HIKESHI	-0.84444981	1	1														
ENDOD1	1.946082844	0.309868735	1														
C11orf52	0.051476257	1	1														
NPAT	0.56166176	1	1														
ATM	2.032868337	0.25239496	1														
AASDHPPT	1.853046466	0.383254194	1														
LAMTOR1	-1.912382238	0.334963107	1														
ST14	0.713505896	1	1														
OVOL2	1.543011301	0.736968203	1														
FADS3	1.390323251	0.986584444	1														
ROM1	-0.364698474	1	1														
MYRF	-0.365614774	1	1														
FADS2	1.520445369	0.770394475	1														
INCENP	2.03072547	0.253697107	1														
ZP1	-1.753991994	0.476591273	1														
OOSP2	-0.819799627	1	1														
NINL	-0.799398729	1	1														
MS4A2	0.176545329	1	1														
EI24	-1.158499799	1	1														
CEP164	1.147418962	1	1														
MPZL2	0.374843675	1	1														
MPZL3	-0.572474163	1	1														
MYL9	-0.987096234	0.970786392	1														
KIAA1755	2.781778391	0.032437165	0.46151381														
SLC13A3	0.889540784	1	1														
OCSTAMP	0.890454336	1	1														
PIGT	-0.794639425	1	1														
SPINT4	3.159404412	0.009485517	0.249506862														
LSM14B	0.195148892	1	1														
CABLES2	-3.524531341	0.002545396	0.129652278														
AIP	0.510141235	1	1														
GPHA2	0.088475421	1	1														
NUDT22	1.231835368	1	1														
FERMT3	2.400589481	0.098212129	0.804528893														
PLCB3	-0.202129806	1	1														
MRPL49	1.105556461	1	1														
TM7SF2	-0.294954311	1	1														
VPS51	-0.93201065	1	1														
MMP10	0.891070071	1	1														
DUSP6	-0.690764073	1	1														
CTF1	0.935262207	1	1														
CWC15	-1.171123403	1	1														
ARID5B	0.114830169	1	1														
UHRF1BP1L	1.029546678	1	1														
KIAA1328	3.113752785	0.011083452	0.267743923														
HNMT	-0.536052945	1	1														
ADRA2A	2.818763846	0.028925383	0.434871108														
GPM6A	-0.984325458	1	1														
WDR17	0.8195723	1	1														
SPATA4	-1.144770732	1	1														
CD226	0.675707826	1	1														
CCDC83	2.261062395	0.142532362	0.974508992														
PRSS23	1.603212419	0.653326588	1														
C11orf53	-1.088180244	1	1														
DLAT	0.91363592	1	1														
PIH1D2	1.549775739	0.727172112	1														
IL18	-2.424302547	0.092026929	0.778651772														
PTS	-0.971110095	1	1														
FREM2	-0.374450165	1	1														
CRIM1	-2.454271555	0.084702198	0.747987371														
SEC24D	-0.013840677	1	1														
RILPL2	0.598095877	1	1														
TKTL2	1.133847246	1	1														
PRSS53	-0.863219813	1	1														
SLC7A11	0.021536058	1	1														
NOCT	-1.937862408	0.315840068	1														
DCP1B	0.571099863	1	1														
KCNA6	0.259795062	1	1														
NGLY1	1.643052616	0.602232285	1														
OXSM	1.835459691	0.398625638	1														
TMEM86A	-0.204879209	1	1														
BTBD11	0.156667963	1	1														
ANK3	2.455470379	0.084420209	0.746250497														
PLBD2	1.874809523	0.364913595	1														
SLC2A13	1.657601371	0.584387717	1														
DSC2	-0.255391999	1	1														
AKAP6	2.232578122	0.153460669	1														
FAM177A1	3.150050304	0.009794541	0.253776025														
TMEM18	-0.21733035	1	1														
THRSP	-1.627867374	0.621318065	1														
NDUFC2	2.742720276	0.03655954	0.49176737														
NARS2	1.555188921	0.719406493	1														
MYCN	0.332873524	1	1														
MSGN1	-0.007276486	1	1														
NUBPL	1.003396798	1	1														
ATP6V1G3	2.402451764	0.097713493	0.804528893														
FER	0.871389923	1	1														
SCLT1	0.883796115	1	1														
C4orf33	2.191863972	0.170335981	1														
SLC25A31	-0.897694154	1	1														
PTPRO	0.744848814	1	1														
ACAD8	3.597025077	0.001931265	0.112149761														
VPS26B	0.270083277	1	1														
CGNL1	0.825143082	1	1														
PIGF	0.933299255	1	1														
ASAP2	1.351411821	1	1														
BARX2	-0.029232283	1	1														
TMEM45B	1.065700218	1	1														
CENPU	0.177993802	1	1														
GUF1	2.012768049	0.26483422	1														
CCDC175	1.20714829	1	1														
FBXO4	2.317814052	0.122756574	0.908826871														
PARP8	-0.912861965	1	1														
NVL	1.304594399	1	1														
KANSL1L	1.698127501	0.536902201	1														
MCHR2	0.986159392	1	1														
FARSB	0.327689167	1	1														
KCNE4	-0.47486722	1	1														
TNFSF4	-0.093302997	1	1														
OBI1	1.99478082	0.276400741	1														
ARL11	2.598590712	0.056164385	0.61176517														
ARL14EP	1.269869123	1	1														
EPG5	0.877857175	1	1														
HAUS1	-0.294391807	1	1														
SPC25	0.733147792	1	1														
PDE3B	2.896315979	0.022654321	0.387221639														
KCNK13	-0.410341618	1	1														
ATG10	-0.055702919	1	1														
FAM151B	3.651557952	0.001563926	0.104263811														
GUCY1A2	0.27814447	1	1														
CWF19L2	3.115147733	0.011031168	0.267054935														
XRCC4	1.168946178	1	1														
MARS2	0.690151957	1	1														
USP12	0.83641496	1	1														
CAMK4	2.984692149	0.017031831	0.337299125														
TRIM36	0.944963968	1	1														
ZFP36L2	0.128793198	1	1														
FLT1	0.567142959	1	1														
PLEKHH2	1.796519849	0.434471273	1														
IGSF10	2.421719646	0.092683576	0.781260322														
SPARCL1	2.079654737	0.225343275	1														
GRIA4	-0.326428647	1	1														
NIPBL	1.080004846	1	1														
GADL1	2.370184169	0.10667536	0.843729211														
GPD1L	0.391385248	1	1														
GMCL1	0.209308621	1	1														
CCNO	-0.044037285	1	1														
TIA1	1.840911147	0.393807483	1														
SLC30A6	-2.170094965	0.179997915	1														
ITGA1	-0.239931092	1	1														
JADE2	1.633925434	0.613647051	1														
CATSPER3	1.427954881	0.919829074	1														
WASHC2A	1.297163828	1	1														
TCTEX1D1	2.649398753	0.048381077	0.567818136														
BMP3	1.978409393	0.287295245	1														
ADAMTS18	0.531225596	1	1														
PLOD2	1.37500647	1	1														
STK32B	-1.219217904	1	1														
ZIC1	-1.94788171	0.308574713	1														
CENPH	0.309786875	1	1														
TEKT5	0.409315343	1	1														
NUBP1	-1.171693686	1	1														
RIOK2	0.286963022	1	1														
BMP6	-0.741652538	1	1														
PTPRR	1.628928603	0.619968805	1														
PLA2R1	4.296016768	0.000104337	0.027069793														
ITGB6	1.944878091	0.310737915	1														
CD96	0.877664682	1	1														
TRAPPC8	1.652295491	0.590845968	1														
FAM81B	0.544406639	1	1														
LPCAT1	-0.182439731	1	1														
RMND5A	-1.226051421	1	1														
VILL	2.133068326	0.19751473	1														
HGD	1.483971126	0.826899485	1														
GTF2E1	0.089611487	1	1														
CFDP1	-0.445619583	1	1														
C7orf31	1.556409834	0.71766401	1														
TMPRSS11D	1.043512875	1	1														
FBXO36	-0.603045603	1	1														
DDAH1	0.579842258	1	1														
DGKE	3.619074663	0.00177395	0.108363028														
MSI2	0.42700841	1	1														
SEMA3D	0.947144897	1	1														
ASB17	0.552510851	1	1														
THY1	-0.249583395	1	1														
JPH3	0.229803639	1	1														
UBASH3B	-1.147624573	1	1														
OTULIN	0.676534487	1	1														
PANX3	-0.859694087	1	1														
GPR15	0.812975908	1	1														
CERS3	1.278044752	1	1														
ABCA6	0.428382031	1	1														
FAM167A	0.190491033	1	1														
ATP8B4	1.278045993	1	1														
TRIM11	-0.711061643	1	1														
PPP1R3A	2.224394358	0.156731539	1														
ASZ1	-1.709369954	0.524294657	1														
SH3RF1	1.214915321	1	1														
KLHL41	-1.027685033	1	1														
DHX32	-1.704939659	0.529234073	1														
C10orf90	-2.035690426	0.250688706	1														
PDLIM3	-1.252329593	1	1														
LY96	2.069140118	0.23119764	1														
CXADR	-1.588684417	0.672789953	1														
C21orf91	0.088337063	1	1														
TMPRSS15	2.777308605	0.032886666	0.462814998														
SEL1L2	2.178883279	0.176042041	1														
ADAMTS1	-0.537712644	1	1														
ADAMTS5	1.829317023	0.40411278	1														
TSEN2	1.705868263	0.52819566	1														
WNT7A	-0.369627896	1	1														
XPC	1.82077218	0.411848969	1														
MYO5B	-0.358769735	1	1														
FLCN	-0.502042785	1	1														
ACAA2	4.029825862	0.000334909	0.045458468														
SKA1	0.683758097	1	1														
USP43	-2.226730446	0.155791766	1														
ABCC3	1.979052693	0.286860444	1														
ANKRD40	0.528882344	1	1														
CA2	3.045352214	0.013944478	0.306153417														
CA3	3.275767499	0.006322516	0.204862396														
ATP6V0D2	-2.276696867	0.136826002	0.960497417														
KLF10	2.366707823	0.10768257	0.849058725														
OTUD6B	2.607939365	0.054653453	0.6041294														
AGPAT5	1.931259743	0.320705634	1														
HSPA13	0.939715385	1	1														
C16orf87	2.274035116	0.137783252	0.961446734														
LONP2	-0.720384582	1	1														
TRIM74	-0.602749161	1	1														
OXA1L	1.929385981	0.322097776	1														
CCDC146	3.680178009	0.001398427	0.101179384														
GEMIN5	1.439764099	0.899604909	1														
AKR1B1	0.498292029	1	1														
SETD9	-0.853685467	1	1														
NUP205	-0.878793275	1	1														
PDE11A	-0.378452344	1	1														
PDIA4	0.248143854	1	1														
OTOA	2.145684141	0.191389124	1														
C2CD6	0.560793398	1	1														
SLC26A2	3.07098773	0.012801115	0.288002473														
CSF1R	1.147342822	1	1														
LSM11	0.249402866	1	1														
MED7	1.04695668	1	1														
TRIM42	-0.064526948	1	1														
PXYLP1	0.834522054	1	1														
ADCY8	-1.17560478	1	1														
RASA2	-0.962131208	1	1														
ATP1B3	1.746462086	0.484384139	1														
SMC2	2.503707282	0.0737398	0.699182883														
TMBIM4	0.52756678	1	1														
GNAQ	0.569922828	1	1														
WIF1	1.271031459	1	1														
BATF	-1.4612498	0.863681404	1														
ADAMTS3	3.385156037	0.004268268	0.171769232														
C8orf37	1.133600495	1	1														
STOM	0.81120391	1	1														
PPEF2	-0.414244048	1	1														
CFAP161	0.669587895	1	1														
NAAA	0.703084536	1	1														
ADAMTSL3	-1.683819011	0.553299911	1														
CXCL13	-0.055778486	1	1														
WHAMM	0.206011766	1	1														
NAA11	-3.109070579	0.011260613	0.271063598														
BACH1	1.5781407	0.687199739	1														
CLDN17	0.180377034	1	1														
TIAM1	-2.061433694	0.235570099	1														
SCAF4	-0.092900706	1	1														
ANKRD9	-1.455595357	0.873027074	1														
PCDH1	-1.01953332	1	1														
MTERF3	0.960341307	1	1														
TYSND1	0.877188398	1	1														
CD109	1.670832201	0.568528958	1														
NODAL	1.235777195	1	1														
PRG3	-1.638101228	0.608403473	1														
KIF6	2.879540549	0.023895305	0.397554703														
UBE2L6	1.299014982	1	1														
ZDHHC5	0.917097177	1	1														
ZFAND3	0.891849739	1	1														
BAG4	-0.309719239	1	1														
TBC1D31	1.617252766	0.634942383	1														
ATAD2	0.478698953	1	1														
NSMCE2	0.794737322	1	1														
FRRS1	1.990528374	0.27919657	1														
SASS6	1.421156637	0.931627366	1														
B3GNT7	2.391434902	0.100695959	0.814652062														
PDE6D	-0.579702338	1	1														
SST	-0.43643578	1	1														
FANCD2	0.479068742	1	1														
EXOG	0.574273474	1	1														
NTAN1	1.040084822	1	1														
NMNAT2	0.729489478	1	1														
ZFYVE9	1.205127209	1	1														
LYZL4	3.272434379	0.006397537	0.206732228														
TMEM171	2.271923508	0.138546785	0.961446734														
KLHL40	0.174003923	1	1														
TIMP4	0.786539354	1	1														
ODR4	1.844842237	0.390362948	1														
PRKAG2	-0.121811071	1	1														
HTR5A	-0.426754514	1	1														
FZD1	0.578782752	1	1														
HMGCR	0.524534922	1	1														
IPPK	-1.493574364	0.811721425	1														
THTPA	0.006692877	1	1														
PDF	0.425562245	1	1														
TMED6	4.389683114	6.81E-05	0.024576648														
PDPR	2.764853086	0.034169063	0.470865726														
ARMC12	2.957451887	0.018611589	0.355855821														
MDP1	1.717956183	0.514827647	1														
DHRS1	0.788144672	1	1														
KIT	0.623291731	1	1														
CACNA1D	0.489649808	1	1														
IL17RB	1.080471099	1	1														
CCNB2	-0.457811215	1	1														
MYO1E	1.595901982	0.663064074	1														
APPL1	-0.686299464	1	1														
TMEM268	0.77957203	1	1														
COQ5	1.469598281	0.850023517	1														
FMNL2	1.226469762	1	1														
DRC1	0.965346641	1	1														
C12orf43	0.484401327	1	1														
PEX10	-1.397189513	0.974139536	1														
WIPI2	-1.13944705	1	1														
SMAD6	0.276141378	1	1														
CFAP251	0.729435687	1	1														
DUSP2	0.213142503	1	1														
PTPDC1	-0.888594886	1	1														
HPD	1.334476909	1	1														
RHPN1	-0.288049399	1	1														
FANCC	1.775351756	0.455038948	1														
MRAS	-0.425524253	1	1														
ABHD3	2.541161892	0.066290849	0.661557736														
TENT5B	0.864144744	1	1														
ACTR1B	-1.371487618	1	1														
PCDHAC2	0.691562838	1	1														
MITD1	1.797112048	0.433907	1														
CNOT11	0.858785237	1	1														
CATIP	1.174879241	1	1														
ACSM3	0.111300951	1	1														
NRG2	1.027637326	1	1														
SPATA2	2.833984309	0.027582954	0.42216506														
NCF1	1.028673639	1	1														
LRTOMT	1.560649116	0.711639379	1														
SLCO2B1	0.998352179	1	1														
PKD1L1	-1.573799307	0.693203126	1														
SLAMF8	-0.608214323	1	1														
CDH15	-0.687701695	1	1														
HTR6	0.615124877	1	1														
SPATA2L	-3.85614036	0.000691148	0.0652194														
USP21	-0.228130359	1	1														
FAM160B2	-0.050426406	1	1														
CHRNB3	1.297451049	1	1														
ARHGAP17	-1.214619726	1	1														
C8orf58	-0.055014184	1	1														
WNT9B	-0.454227476	1	1														
TMEM141	-1.427133923	0.921247777	1														
CELA3A	2.088225111	0.220665199	1														
MIS18A	-0.432190741	1	1														
CFAP298	1.155876725	1	1														
KPNB1	-1.440755069	0.897923347	1														
WNT4	-1.681984256	0.555431357	1														
IL10RB	-0.096216031	1	1														
NCOA5	-0.20479902	1	1														
ARAF	0.928465544	1	1														
HOXB13	-2.211987466	0.161805186	1														
ATP5PO	2.867691461	0.024808713	0.404499545														
KCNE2	1.935701095	0.317425922	1														
SNF8	-2.666723627	0.045956778	0.554343908														
IGF2BP1	-0.405049695	1	1														
CBR3	-0.8436743	1	1														
GJD2	0.502091454	1	1														
SIM2	0.909780513	1	1														
GFRA4	0.786659429	1	1														
CCDC142	2.270668618	0.139002277	0.961915219														
MCAT	0.673537684	1	1														
PLA2G4D	2.684269456	0.043613098	0.540242398														
P3H3	-0.723782657	1	1														
RFX5	0.256567894	1	1														
M1AP	2.221010924	0.158101329	1														
PSMB4	0.696409959	1	1														
IRX6	-0.415318927	1	1														
CES5A	0.50679242	1	1														
HK2	-2.97434186	0.017617065	0.344073176														
CELF3	-0.773970717	1	1														
AMFR	-0.177378277	1	1														
UBR1	0.540237673	1	1														
MED8	-1.154149023	1	1														
PGLYRP3	-1.136144509	1	1														
CPNE2	0.456925514	1	1														
GPBP1L1	0.080849975	1	1														
NAE1	-0.670092649	1	1														
ACE	-1.509973182	0.786301604	1														
TEPP	-0.151077329	1	1														
KIAA0895L	0.655680918	1	1														
SHF	-0.259282489	1	1														
CHCHD6	0.933202359	1	1														
CTBP1	-1.386796065	0.993023744	1														
TPPP3	-0.277885832	1	1														
AGRP	0.318285098	1	1														
ZFYVE28	-1.528965659	0.757637745	1														
PIP	-0.267864549	1	1														
DMPK	0.655143342	1	1														
PTGIR	-1.633165045	0.614605737	1														
SSU72	0.639803705	1	1														
TRIM62	0.816442947	1	1														
NR2F6	1.230438403	1	1														
CCDC58	-0.046675073	1	1														
HAPLN4	-0.450337009	1	1														
TFF2	0.846054365	1	1														
UBASH3A	0.269028214	1	1														
RSPH1	0.606780361	1	1														
PDE9A	0.26557052	1	1														
CRYAA	-2.635021873	0.050479117	0.57805852														
HSF2BP	-0.829311483	1	1														
PDXK	0.785993207	1	1														
TRAPPC10	-0.704609652	1	1														
PWP2	-1.703492088	0.530856104	1														
GATD3A	0.140253925	1	1														
AIRE	0.707147933	1	1														
LRRC3	0.72947657	1	1														
FAM207A	-0.371003598	1	1														
SPATC1L	-2.660299137	0.046842767	0.559564537														
S100B	0.062141284	1	1														
CLDND2	1.145228829	1	1														
HIPK4	-0.664215594	1	1														
SHKBP1	-0.169874812	1	1														
NCR1	1.25265906	1	1														
PKN3	2.487079186	0.077278036	0.714443495														
TMEM190	0.062812164	1	1														
MED27	0.528189353	1	1														
TLCD1	1.539435948	0.742187422	1														
TMEM199	-0.072926773	1	1														
PHLDB3	1.779169358	0.451272002	1														
S100A1	-2.163056921	0.183220811	1														
CXCR5	-0.047366769	1	1														
FLAD1	0.593230585	1	1														
UBE2Q1	0.5718499	1	1														
ANO10	1.145975339	1	1														
PAQR6	0.157872021	1	1														
CCR2	-0.133801946	1	1														
CCR5	-1.371504103	1	1														
PPP1R35	1.084238973	1	1														
GPC2	0.821582179	1	1														
AZGP1	-1.620991987	0.630116144	1														
FGFR4	1.80690214	0.424665233	1														
HK3	2.110560834	0.208860463	1														
IER2	0.704815827	1	1														
ATP5MF	1.760666657	0.469769036	1														
CPSF4	0.894878372	1	1														
PTCD1	1.399127047	0.97064933	1														
VPS28	-0.15606894	1	1														
PTGER1	1.029680006	1	1														
LRRC14	0.629437735	1	1														
ZNF333	3.027103092	0.014814584	0.313891703														
PPP1R16A	0.663745637	1	1														
ALKBH4	0.377233786	1	1														
CCDC105	0.01679951	1	1														
MRNIP	0.1519845	1	1														
LTC4S	1.430252664	0.915867092	1														
MAML1	-0.080888575	1	1														
PGLYRP2	1.487401827	0.821452288	1														
POLR2J	-0.654653671	0.51269076	1														
LRWD1	2.313049865	0.124319386	0.913125289														
YDJC	1.402236303	0.965068166	1														
DCUN1D1	-1.274793927	0.607146572	1														
HBE1	1.30133946	1	1														
GRIN2C	1.101086791	1	1														
ACOX1	1.898705242	0.345619452	1														
TMEM143	0.499725066	1	1														
KLHL10	-2.618824499	0.052939997	0.591080082														
HCRT	-0.46602287	1	1														
ALDH16A1	2.316217396	0.123278411	0.909600421														
NCKAP1L	-0.267887471	1	1														
ITGA5	0.213784344	1	1														
NAGS	1.702097769	0.532422252	1														
IZUMO2	1.151547591	1	1														
ASB16	-1.063520437	1	1														
SHANK1	-0.312120585	1	1														
FAM171A2	-1.576238814	0.68982466	1														
SDR9C7	0.011878206	1	1														
WNT1	0.336382402	1	1														
AQP5	-0.074867385	1	1														
C6orf136	1.749140236	0.48160069	1														
CELA1	4.478495121	4.51E-05	0.022973487														
TAMALIN	0.050335421	1	1														
SYCE2	0.60958705	1	1														
KRT72	1.675969833	0.562464611	1														
IP6K3	1.971431758	0.292047069	1														
LEMD2	0.041187771	1	1														
ZNF653	1.171279888	1	1														
MED11	-1.022659732	1	1														
BCL6B	1.200702647	1	1														
TNFSF12	-0.240728422	1	1														
CCDC42	-1.448723396	0.884489065	1														
POLR3K	1.272733718	1	1														
WDR90	1.003843745	1	1														
SOX8	-1.329286277	1	1														
SSTR5	0.583259581	1	1														
NTN3	-0.347045441	1	1														
FLYWCH2	0.297326563	1	1														
SLX4	1.620268203	0.631048057	1														
ADCY9	-1.539822476	0.74162179	1														
CLPB	1.718352452	0.514394085	1														
NEU3	1.761245357	0.469181305	1														
MAP4K2	0.885461658	1	1														
UBXN1	2.142671053	0.192837128	1														
NCKIPSD	1.258185655	1	1														
TAF6L	0.075078025	1	1														
SPINDOC	-0.001053378	1	1														
SYVN1	-0.823074252	1	1														
ZFPL1	-1.176115946	1	1														
CABP2	-3.905919732	0.000563206	0.060647064														
LRP5	-1.329246764	1	1														
TPCN2	1.896526798	0.347342519	1														
FGF19	1.02826659	1	1														
ZYG11B	-0.882178441	1	1														
USP24	0.825735989	1	1														
RHCE	3.501073074	0.002780333	0.134836257														
RAVER2	3.431249288	0.003604849	0.155261077														
SLC25A34	1.461068781	0.863979401	1														
DISP3	1.350982444	1	1														
DRAXIN	2.397988017	0.098912427	0.806973164														
LAPTM5	1.640787801	0.605048829	1														
TMCO4	2.247819335	0.147526275	0.992392807														
DOCK6	0.675930789	1	1														
LRRC53	3.669492703	0.001458194	0.101358677														
WDR63	2.162239481	0.183598331	1														
ODF2L	2.062015065	0.23523781	1														
GFI1	2.22520259	0.156405847	1														
KCNT2	0.283860826	1	1														
VCAM1	1.578865093	0.686202025	1														
ZNF281	-2.307939176	0.126015118	0.920922292														
ARPC5	1.879582777	0.360989774	1														
ZNF496	1.037056854	1	1														
NCSTN	1.186457488	1	1														
C1orf74	2.656720073	0.047342959	0.562374288														
LRRC52	2.259927473	0.142954515	0.974508992														
RGSL1	0.737483556	1	1														
PPP1R21	-1.295334078	1	1														
LHCGR	1.335235991	1	1														
PKDCC	-0.626602648	1	1														
HAAO	1.588819819	0.672606465	1														
IL24	3.158303642	0.00952141	0.249506862														
CAPN2	1.817656428	0.414699968	1														
REL	1.502674539	0.797537948	1														
PEX13	0.237077317	1	1														
RFTN2	2.790277467	0.031597733	0.455168636														
SPRTN	1.755851727	0.474682377	1														
CAPN13	-1.907259177	0.338922202	1														
MAIP1	-0.301312548	1	1														
KCNF1	-0.622347969	1	1														
SLC66A3	0.720230543	1	1														
ARL5A	1.412036173	0.947635863	1														
ARHGAP15	0.375446331	1	1														
KCNJ3	-1.886568863	0.355310028	1														
FRZB	2.163935028	0.182816017	1														
CCDC138	1.77927858	0.451164605	1														
ZSWIM2	1.119708672	1	1														
WDCP	2.974380513	0.017614846	0.344073176														
SLC16A14	0.072480436	1	1														
TEKT4	0.414180013	1	1														
HPGDS	2.654016789	0.047723922	0.564267797														
PDHA2	1.649420057	0.594369651	1														
STPG2	1.090787945	1	1														
SLC9A4	3.189882016	0.008539853	0.236920461														
RNF149	0.850141512	1	1														
IWS1	-1.201192012	1	1														
BMP10	2.325614001	0.120234912	0.900526595														
MERTK	0.292927095	1	1														
GNPDA2	-0.390034341	1	1														
NIPAL1	2.346696984	0.113643908	0.874617865														
HELQ	2.112764362	0.207725648	1														
MRPS18C	0.269717942	1	1														
DCST1	0.003630839	1	1														
COL6A3	-1.208585834	1	1														
POGLUT1	3.433732952	0.003571982	0.154713007														
CCKAR	-0.005908666	1	1														
IGFN1	-1.562511108	0.709005787	1														
ATP1A1	-0.318735581	1	1														
LRRC58	-0.943697062	1	1														
RNPEP	-0.597078093	1	1														
CXCR1	0.586477281	1	1														
TMEM79	0.439564112	1	1														
RNF25	0.430506084	1	1														
STK36	0.512528226	1	1														
FEV	-0.378884276	1	1														
IHH	-1.21683221	1	1														
CIP2A	1.592068426	0.668215983	1														
RETNLB	0.524690816	1	1														
TRAT1	-0.015196125	1	1														
GLB1L	2.861127831	0.025328208	0.40675424														
TUBA1A	1.004804629	1	1														
RETSAT	2.497685488	0.075004228	0.705446899														
EIF5A2	-1.634373869	0.306541115	1														
EFHB	4.410499705	6.19E-05	0.024576648														
RPL22L1	0.278315677	1	1														
FABP1	2.855860436	0.025752225	0.407365015														
SPICE1	0.45426008	1	1														
CCDC191	3.731709335	0.001141109	0.08923959														
CDS1	1.412708556	0.946448609	1														
WDFY3	2.742219338	0.036615346	0.49176737														
ALB	4.552261087	3.18E-05	0.019309261														
C4orf36	0.931445713	1	1														
THOC7	-1.835178565	0.398875416	1														
PRICKLE2	-0.120435175	1	1														
TIPARP	0.788835384	1	1														
PTX3	2.150706217	0.188996372	1														
SMIM14	0.538239182	1	1														
ABHD6	1.331899581	1	1														
RBM47	-0.645329986	1	1														
APBB2	-0.686276612	1	1														
IL17RC	2.136180289	0.195988329	1														
SYN1	-0.531829146	1	1														
PCOLCE2	1.175334899	1	1														
MTMR14	-0.335240078	1	1														
TTC14	-0.201598022	1	1														
PF4	-1.130155606	1	1														
SHROOM3	2.845614432	0.026595498	0.412003736														
CPA3	0.195113782	1	1														
HPS3	2.23017894	0.154413395	1														
TM4SF18	2.543179109	0.065909343	0.661223698														
TCF23	-0.025340791	1	1														
DNAJC5G	0.426392725	1	1														
TRIM54	0.241622666	1	1														
UCN	1.325412028	1	1														
CDCP1	-1.800352277	0.430830187	1														
CLEC3B	0.102794158	1	1														
LZTFL1	-0.231407378	1	1														
CCR1	-0.395449837	1	1														
RTP3	1.642739401	0.602621178	1														
LRRC2	-0.446238186	1	1														
ELP6	0.870450794	1	1														
ITGB5	0.709456685	1	1														
SNIP1	1.385620064	0.995177691	1														
DNALI1	-0.841179519	1	1														
OSBPL11	1.891084218	0.351678618	1														
KLF15	1.835648781	0.398457706	1														
LIPH	-0.192371806	1	1														
RPN1	1.334238716	1	1														
SENP2	1.300132442	1	1														
IFT122	1.903552993	0.341810555	1														
RHO	1.276373124	1	1														
MASP1	0.476077997	1	1														
RFT1	0.126266729	1	1														
PBRM1	-0.499833196	1	1														
IL17RD	1.349953674	1	1														
SLC51A	3.551500124	0.002298251	0.121245187														
PIGX	0.919421461	1	1														
RUBCN	2.192448442	0.170082852	1														
MELTF	1.106567871	1	1														
OTOP1	1.215626821	1	1														
EXO5	0.268021929	1	1														
ADH5	1.224711301	1	1														
H2AZ1	-0.056591646	1	1														
EMCN	1.709135506	0.524555111	1														
SLC9B1	1.913678457	0.33396752	1														
BDH2	-0.713011021	1	1														
FBXW12	2.130986026	0.19854176	1														
PLXNB1	2.790274617	0.031598011	0.455168636														
SHISA5	-1.519155515	0.772340134	1														
IHO1	0.501075728	1	1														
BSN	1.076221774	1	1														
HSPA4L	0.893749367	1	1														
MFSD8	2.221694052	0.157823933	1														
MON1A	3.564692504	0.002185698	0.118984031														
MST1R	1.266366038	1	1														
POC1A	-0.657306346	1	1														
ETNPPL	2.202291845	0.165868199	1														
PRSS12	3.412464355	0.003862701	0.162872952														
NDST3	-2.237519639	0.151514383	1														
HMGB2	-0.73881769	1	1														
ANXA5	-2.2894977	0.132302708	0.946260211														
ADAD1	-0.785851091	1	1														
HPGD	0.054990641	1	1														
ASB5	0.103275577	1	1														
TMEM144	2.493804457	0.075829288	0.710007466														
HHIP	0.682914668	1	1														
ABCE1	-2.675823498	0.044727535	0.547128179														
TMEM184C	2.275168966	0.137374775	0.961446734														
ITGA2	0.45134399	1	1														
SLC45A2	0.340280425	1	1														
NDUFAF2	2.344196274	0.114408804	0.877639583														
ZNF474	2.92104454	0.020931597	0.377005595														
LMBRD2	-0.698482154	1	1														
STARD4	-1.859345576	0.377869025	1														
F2RL2	3.391595907	0.00416921	0.171466308														
ANKRD33B	1.867680617	0.370839612	1														
CMBL	1.606205385	0.649372743	1														
F2RL1	-0.756149986	1	1														
WDR41	2.922094034	0.020861193	0.377005595														
NDUFS4	0.535932929	1	1														
SPINK1	-0.342242725	1	1														
AFAP1L1	1.060064174	1	1														
SPZ1	1.351144816	1	1														
ENPP6	-0.800275772	1	1														
ERAP1	0.376004094	1	1														
MAP1B	1.996363677	0.275366109	1														
TMEM174	0.774222033	1	1														
RICTOR	-0.231282314	1	1														
UBLCP1	-0.413893484	1	1														
UTP15	1.235822587	1	1														
TLR3	1.336464489	1	1														
GFM2	1.184972794	1	1														
CCDC127	-0.069056528	1	1														
NKD2	1.329173806	1	1														
RAPGEF6	3.120830198	0.010820519	0.264603853														
TNFRSF21	0.917658693	1	1														
ADGRF2	0.090510608	1	1														
CSF2	-0.372284104	1	1														
TLX3	-0.326641583	1	1														
TBXT	-1.761954989	0.468461416	1														
CREBRF	0.41826047	1	1														
TMEM200A	-0.974225525	1	1														
SPATA48	1.025958114	1	1														
SCIN	-3.149736307	0.009805073	0.253776025														
DAGLB	0.869820543	1	1														
KIAA0895	1.139303309	1	1														
GALNT10	0.818153714	1	1														
SAP30L	-1.645908536	0.598695547	1														
MYOZ3	-0.48122524	1	1														
COG5	0.355377286	1	1														
NEUROD6	-1.409656369	0.951847044	1														
GPR85	-0.438060894	1	1														
SLU7	-2.16266897	0.183399896	1														
CAMLG	2.021805329	0.259178802	1														
BMPER	3.364206091	0.004605852	0.177776434														
TEX47	1.386031968	0.994422854	1														
STEAP1	2.464658489	0.082286338	0.735322263														
FABP5	-1.388540249	0.989835585	1														
SHH	1.275200013	1	1														
CHMP4C	1.36376807	1	1														
FNDC1	-1.832908152	0.400897387	1														
COL1A2	-1.246333074	1	1														
CASD1	-0.177456632	1	1														
BRI3	1.278854107	1	1														
LMTK2	1.954405953	0.303919364	1														
RGS20	1.203048468	1	1														
SOX17	0.200241094	1	1														
ADCY1	-4.491899831	4.24E-05	0.022472526														
C8orf48	1.515408942	0.778013246	1														
MED30	-0.373829445	1	1														
TNFRSF11B	0.086926625	1	1														
SBSPON	-1.146496267	1	1														
EN2	0.023265102	1	1														
CSMD3	-0.200854512	1	1														
SPIDR	1.508101863	0.78917075	1														
ORC5	-0.522917686	1	1														
DNAAF5	-0.562155761	1	1														
TMEM74	1.271443474	1	1														
TMEM184A	-1.467698764	0.8531164	1														
NOS3	-1.585292118	0.677399875	1														
ABCB8	0.64950814	1	1														
MICALL2	0.099543852	1	1														
ASIC3	-0.044370859	1	1														
FASTK	1.360929176	1	1														
PHAX	-0.570426588	1	1														
SLC25A32	1.553635563	0.721628228	1														
DCAF13	1.818812683	0.413640076	1														
DCSTAMP	1.808873641	0.422823817	1														
VIRMA	0.993972219	1	1														
C9orf24	-0.385073534	1	1														
MYORG	0.548038158	1	1														
HSD3B7	-0.351149314	1	1														
NFIL3	1.172584566	1	1														
CPA6	2.036155278	0.250408592	1														
TMC1	-1.697644904	0.537448814	1														
ALDH1A1	4.187909736	0.000168921	0.032105125														
CCDC136	0.850864225	1	1														
KIF27	2.45018318	0.085670133	0.749260627														
SSMEM1	0.970834388	1	1														
COL14A1	0.895707001	1	1														
ZHX1	-1.174155061	1	1														
METTL27	2.932017567	0.020206062	0.371826577														
RNF183	-0.094791702	1	1														
VEGFD	-1.204831779	1	1														
OR1Q1	1.753424258	0.47717526	1														
WNK2	-1.308086474	1	1														
HDX	-0.340304008	1	1														
TRMT10B	2.032949452	0.252345781	1														
ARMC3	0.191468335	1	1														
MELK	0.806221363	1	1														
DEUP1	-0.480351968	1	1														
HECTD2	2.34639433	0.113736243	0.874617865														
FBXO33	1.622780353	0.627818203	1														
LRFN5	0.60355782	1	1														
WRN	3.558430618	0.002238464	0.120272569														
PGM2L1	-0.816876542	1	1														
FOLR2	0.062673583	1	1														
INPPL1	2.104751404	0.21187772	1														
PHOX2A	-1.006700805	1	1														
CRYL1	-0.010064887	1	1														
HEPACAM	-1.17727407	1	1														
PCF11	-0.634717513	1	1														
LRR1	2.411198952	0.095401034	0.793492336														
DEPP1	-0.683830187	1	1														
NEMF	2.256544591	0.144219276	0.979460406														
RPUSD4	1.151986868	1	1														
TMEM63C	0.862911391	1	1														
AKR1E2	1.744078297	0.486872627	1														
RXFP2	1.412811484	0.946266965	1														
OXGR1	1.399662828	0.96968586	1														
ABRAXAS2	-0.490090871	1	1														
PRDX3	-0.1237976	1	1														
CLEC1B	3.172691705	0.009061969	0.244481162														
FRMD7	0.015494887	1	1														
AK8	0.635926798	1	1														
HPRT1	-0.692917576	1	1														
KIAA1191	2.420414473	0.093016954	0.781604831														
DUSP16	0.523158492	1	1														
ZMYND19	-1.022020409	1	1														
STK32C	-2.646071763	0.048859523	0.568728551														
SLC39A2	2.053007961	0.240430833	1														
RNASE7	0.686786928	1	1														
ARHGEF40	1.727907732	0.504028607	1														
C12orf50	-0.669828336	1	1														
PPP1R36	0.862656165	1	1														
GAS1	1.032669488	1	1														
TRUB1	0.527266424	1	1														
WAPL	0.946965456	1	1														
SHLD2	2.692931561	0.042496084	0.533511188														
ARHGAP42	-0.622452236	1	1														
TTLL5	-0.208692081	1	1														
PACSIN3	-0.212157926	1	1														
CPSF2	-0.746084997	1	1														
CAPRIN2	-0.677693402	1	1														
LRRK2	0.769734697	1	1														
CLMN	0.326699668	1	1														
PIWIL4	1.282278527	1	1														
TCP11L2	0.624475389	1	1														
C14orf93	0.273055682	1	1														
JAM3	-0.444993901	1	1														
VPS35	0.381131107	1	1														
SPATA19	2.493403343	0.075915017	0.710287891														
AMN	3.57186996	0.002126648	0.118566594														
IKBIP	1.209375121	1	1														
FOXN4	1.184741653	1	1														
ADAMTS15	-0.540325252	1	1														
NDUFB8	3.339248187	0.005040328	0.183906999														
PHKB	-1.126363478	1	1														
AVPR1A	-0.080272271	1	1														
C16orf78	0.54251127	1	1														
HEATR3	0.13179468	1	1														
LARP6	2.145244345	0.191599895	1														
HPS6	0.574971398	1	1														
TBATA	1.897227936	0.346787168	1														
CHODL	1.884552728	0.356941498	1														
PCBD1	1.695238095	0.540181577	1														
TMEM132B	-1.865826137	0.372394166	1														
GNPTAB	2.486918483	0.077312952	0.714443495														
COX11	0.36172842	1	1														
FAM227B	2.889016579	0.023186922	0.391569496														
C2	1.973057624	0.290933985	1														
CCDC182	-0.502268255	1	1														
TPP1	0.136928504	1	1														
MSS51	0.380694302	1	1														
RAG1	1.879606844	0.360970079	1														
DCHS1	1.452149033	0.878761024	1														
OR2D2	0.008842391	1	1														
NLRP14	2.66662396	0.045970407	0.554343908														
PPFIBP2	0.561854365	1	1														
SERPINB2	1.206568275	1	1														
CRABP1	-3.169813273	0.009152216	0.245356452														
RNF169	2.846703555	0.026504686	0.411097048														
CHRNA5	0.55280412	1	1														
ATMIN	1.165583842	1	1														
C16orf46	1.884627517	0.356880867	1														
LEO1	0.716500861	1	1														
TMX3	-0.046819406	1	1														
ALG8	2.044874511	0.245203388	1														
HDGFL3	-1.934046882	0.318644184	1														
POLR2M	1.32212967	1	1														
CLEC4E	-0.668943211	1	1														
CLEC4D	2.019725596	0.260471152	1														
ZNF407	-2.433177663	0.08980173	0.769539188														
A2ML1	1.691639262	0.544288654	1														
SLC38A8	0.352184173	1	1														
GALR1	1.087511789	1	1														
CDH16	1.227937183	1	1														
MC4R	-2.928029081	0.020467088	0.374673222														
HSP90B1	-1.195446202	1	1														
SLC9A5	-1.650307716	0.593280089	1														
NCAPH2	0.676063519	1	1														
PPP1R16B	-1.87389067	0.365672974	1														
CHRFAM7A	-2.738878194	0.036989526	0.49480161														
POLR3E	-0.328832561	1	1														
MMP3	-0.091490957	1	1														
TVP23A	1.234912963	1	1														
TMPRSS5	1.636026292	0.61100451	1														
COG1	0.268252459	1	1														
GOLM2	0.931860189	1	1														
CIAO2A	-0.424324518	1	1														
LDHD	1.594108174	0.665470851	1														
PEX11A	0.845761814	1	1														
ANPEP	-0.209093105	1	1														
SCNN1G	0.633594617	1	1														
TERF2IP	-0.880104982	1	1														
DCTN5	0.460132168	1	1														
PLK1	0.233120219	1	1														
GPR182	2.281939865	0.134957345	0.951810936														
ZBTB39	0.661563326	1	1														
CACNG2	-1.464062246	0.859061649	1														
CHP2	0.231539782	1	1														
NEMP1	-0.550393188	1	1														
ATP23	2.075831001	0.227457504	1														
PATL1	-0.315859349	1	1														
MRPL16	1.322035259	1	1														
AGFG2	2.888050844	0.023258232	0.391569496														
NYAP1	-1.47032637	0.848840295	1														
TSC22D4	-0.683802656	1	1														
MS4A5	0.287260179	1	1														
EEF1AKMT3	1.466602908	0.854904651	1														
CCNDBP1	1.610463283	0.64378053	1														
MAPRE2	-1.120106555	1	1														
EVA1C	-0.801763537	1	1														
PDIA3	0.95048633	1	1														
TPX2	2.657278632	0.047264584	0.562094664														
B4GALNT2	1.807589986	0.424022027	1														
COQ4	1.639057987	0.607207103	1														
SLC27A4	1.496565944	0.807037423	1														
TRPM2	-1.593274091	0.666592297	1														
TBC1D21	1.842246089	0.39263497	1														
COL6A2	-3.688587616	0.001353014	0.098904081														
CRK	-1.502215063	0.798249455	1														
TBC1D2B	-1.105140133	1	1														
NOD2	1.305522802	1	1														
HDHD2	0.515175088	1	1														
GCN1	0.183224285	1	1														
RNF214	1.09214809	1	1														
MED1	0.326958053	1	1														
PGAP3	-0.947121165	1	1														
CD3D	0.201759326	1	1														
RRM1	0.150161945	1	1														
TRIM68	0.578371277	1	1														
FN3K	-0.543558219	1	1														
PRR14	2.085440595	0.222175951	1														
USP32	2.165683842	0.182012127	1														
CA4	2.192013282	0.170271286	1														
RAB8A	0.410924094	1	1														
MIDN	-1.263608194	1	1														
PCSK4	0.890492382	1	1														
MVD	1.377719544	1	1														
PIEZO1	-0.742142713	1	1														
TRAPPC2L	0.818285758	1	1														
ANKRD11	1.626057941	0.62362398	1														
RSKR	1.208979269	1	1														
LALBA	0.240353721	1	1														
CACNB3	0.019973448	1	1														
TP53I13	0.900271593	1	1														
KMT2D	0.270246379	1	1														
GPD1	0.408960462	1	1														
PRODH2	1.032851349	1	1														
AXL	0.508774349	1	1														
DIP2B	-0.438882469	1	1														
ANKRD33	1.56140866	0.710564159	1														
CDC42EP5	0.43619004	1	1														
SPINT2	1.623590547	0.626779346	1														
LY6D	0.442926676	1	1														
CHAF1A	2.45607933	0.084277288	0.746022323														
UBXN6	0.267022441	1	1														
SLC39A4	0.781354173	1	1														
ZFP28	0.901602825	1	1														
MFSD3	-0.460971722	1	1														
KIFC2	0.452725844	1	1														
RILP	0.278842327	1	1														
TSR1	3.731446561	0.0011423	0.08923959														
TRPV3	-1.057640764	1	1														
CYB5D2	0.99637648	1	1														
PELP1	-0.117347426	1	1														
CGB5	-0.613713875	1	1														
ACER1	1.725611307	0.506504182	1														
SLC25A23	1.103181432	1	1														
ANGPTL4	0.217675582	1	1														
NDUFA7	0.831788523	1	1														
SPRYD3	-0.251167678	1	1														
IGFBP6	1.26673833	1	1														
SOAT2	2.907914943	0.021830837	0.380986644														
CDK2AP2	-0.438292172	1	1														
MRPL58	0.667504846	1	1														
ATP5PD	-0.188011136	1	1														
TK1	-0.129666497	1	1														
CYP7A1	2.874527627	0.024277942	0.40035374														
KRT16	1.305119668	1	1														
KRT27	-0.1364944	1	1														
METTL26	1.917757419	0.330850664	1														
E4F1	-1.013362809	1	1														
ECI1	0.81878719	1	1														
ABCA3	-0.698115468	1	1														
SRRM2	-0.294092243	1	1														
SDHAF2	1.564264078	0.706533386	1														
VPS37C	-0.833006557	1	1														
HNRNPUL2	0.822956291	1	1														
PLAAT5	-2.071885185	0.2296569	1														
ENTPD3	-0.32244355	1	1														
ULK4	2.570573611	0.060918148	0.637684886														
FADD	-0.503925021	1	1														
LTBP3	0.537932681	1	1														
BATF2	0.687844305	1	1														
MAJIN	-1.801800273	0.429461009	1														
SCARA3	-1.182314653	1	1														
PNOC	0.268510254	1	1														
TADA3	-1.504327749	0.794981986	1														
B3GNT2	2.811026732	0.02963021	0.439756515														
PYGO1	3.142597435	0.010047358	0.255375368														
HSPB3	-2.117914761	0.205093724	1														
IRX1	1.414952473	0.942494589	1														
OGG1	0.510035906	1	1														
DNAJC18	0.199302203	1	1														
FGB	1.976438015	0.288631138	1														
SMAD1	-0.405454947	1	1														
LKAAEAR1	1.495488202	0.808722461	1														
MZB1	2.781071885	0.032507843	0.461569172														
NUDT9	-2.526738563	0.069076301	0.674553388														
DCLK2	1.901272226	0.34359819	1														
FOXA3	0.69562884	1	1														
UBB	-0.291287633	1	1														
RBKS	0.998687519	1	1														
SDC2	2.044024173	0.245706955	1														
FAM151A	0.466465613	1	1														
DDI1	0.250130433	1	1														
ZNF804A	1.836741506	0.397488389	1														
FNTA	1.716747051	0.516152396	1														
LUZP1	1.019379637	1	1														
AHSP	-0.011414496	1	1														
WDR48	-0.116910339	1	1														
MN1	3.568635804	0.002153069	0.118753888														
ING2	-0.367850584	1	1														
SCN11A	1.516788971	0.775919835	1														
BFSP2	-1.583087462	0.680409185	1														
CANT1	-1.955857917	0.302891364	1														
ITGB2	-0.067699963	1	1														
COPRS	1.745040896	0.485866503	1														
CKAP2L	2.954121441	0.018813635	0.35801366														
PDILT	1.83098664	0.402615223	1														
PTGER4	-1.845915859	0.389426542	1														
HTRA4	2.655592151	0.04750158	0.563732635														
CDC25A	2.662496378	0.046538043	0.558564648														
C1QTNF4	-0.431325775	1	1														
SF3B3	-0.783836859	1	1														
CXXC5	0.778521545	1	1														
MYRIP	0.443443282	1	1														
GPR82	-0.146051426	1	1														
DESI2	-1.914119644	0.33362922	1														
RGPD8	-0.773193045	1	1														
OR1S2	-1.145892909	1	1														
OR6Q1	0.441970173	1	1														
SCAMP3	0.010134538	1	1														
P2RY12	3.29202254	0.005968178	0.200173897														
PRSS27	0.020331307	1	1														
TRH	1.64181405	0.603771279	1														
SLC25A33	1.500637555	0.800695994	1														
ALKBH3	0.793214231	1	1														
PDHB	-0.807372326	1	1														
BUB1	2.03218747	0.252808086	1														
CTNNA1	-0.427497337	1	1														
NUDCD2	-1.584269908	0.678793864	1														
TTC36	1.907536059	0.338707238	1														
LETM1	-0.675127846	1	1														
PALM2AKAP2	1.339714805	1	1														
AURKC	0.925006442	1	1														
ACOX2	3.633334708	0.00167869	0.105823967														
STARD5	-1.847384055	0.388148991	1														
INSR	1.011804746	1	1														
ZCCHC4	1.363128605	1	1														
ACHE	-0.059365266	1	1														
POLR1D	-0.295063718	1	1														
IL16	-2.379205269	0.104100068	0.832653356														
CEBPB	0.232437005	1	1														
FAM189A2	0.072664877	1	1														
DONSON	1.838924415	0.395557825	1														
SIX2	0.627901146	1	1														
IL7R	1.425731549	0.923675077	1														
SHLD1	2.666297789	0.046015036	0.554357116														
MDM1	3.753633036	0.00104574	0.085361861														
NSG2	-1.165153569	1	1														
PRELID1	-0.313076359	1	1														
EMB	0.977699316	1	1														
GLOD5	1.211912411	1	1														
HCN1	0.578239214	1	1														
EIF2AK3	0.523268451	1	1														
RAB24	-1.353497663	0.527690089	1														
TEX37	0.03443494	1	1														
HIPK3	2.738363893	0.037047428	0.49480161														
PA2G4	-1.26001391	1	1														
MMADHC	-1.096513314	1	1														
TCTN2	3.61682748	0.001789416	0.108363028														
MRC2	0.280689562	1	1														
SHCBP1	1.052337775	1	1														
SCN1A	-2.242809222	0.149454717	0.997778471														
BRD3	-1.32246629	1	1														
TRABD	-1.072313645	1	1														
ARF4	-1.380424517	1	1														
PDS5A	0.001470072	1	1														
RNF139	-1.3551423	1	1														
FOS	-0.136791401	1	1														
CAMTA1	-0.314095845	1	1														
RFX2	0.80628673	1	1														
FGGY	2.095872824	0.216560844	1														
KREMEN2	0.476544902	1	1														
SDR16C5	1.327175522	1	1														
CHCHD7	0.310578569	1	1														
N6AMT1	-0.968473265	1	1														
PROKR1	0.047799373	1	1														
KCNAB3	2.001647832	0.271935725	1														
APLF	2.473716439	0.080229469	0.727504141														
REPS2	-3.349336024	0.004860329	0.179042154														
MCM7	1.58267644	0.680971386	1														
ATP6V1G2	-0.663144818	1	1														
COPS6	-0.043736498	1	1														
GPR37	0.089814866	1	1														
HAS2	-2.691866603	0.042632015	0.534326854														
EGLN2	-0.711259028	1	1														
ARAP2	2.146340187	0.191075085	1														
GPRIN1	3.913232737	0.000546412	0.05998286														
HS1BP3	-0.184205826	1	1														
HINT1	-0.475747315	1	1														
KBTBD2	-0.718714742	1	1														
RIOX1	3.567867555	0.00215939	0.118753888														
CPLX1	-2.218609589	0.15907978	1														
CLEC7A	0.15289494	1	1														
AFAP1L2	0.648720154	1	1														
CAVIN2	-0.35619276	1	1														
C15orf40	0.493453614	1	1														
FRMD3	0.268005106	1	1														
ADORA2B	0.408634678	1	1														
HOMER2	-2.260309803	0.14281218	0.974508992														
GPR25	1.091404803	1	1														
ANKS3	-0.051362261	1	1														
NUDT16L1	0.983332166	1	1														
RPAP1	3.080285599	0.012408131	0.283163338														
MACROH2A1	-1.795436925	0.435504683	1														
TIGD4	4.251929045	0.000127162	0.029297589														
PPP4R4	1.451381435	0.880042059	1														
SPACA5	0.858441037	1	1														
KMT5B	0.2681331	1	1														
KCTD19	-0.49102204	1	1														
DRD5	-0.81184987	1	1														
TMEM154	1.484319654	0.826344832	1														
NUDT6	1.360514976	1	1														
ELOVL5	1.817325688	0.415003553	1														
SLC6A19	1.134332619	1	1														
UTF1	0.146330628	1	1														
MRM3	0.737975587	1	1														
CDKN2A	-1.076572057	1	1														
SOX7	0.402896914	1	1														
TMEM126A	2.598820081	0.056126873	0.61176517														
RGPD3	1.671141848	0.568161979	1														
C8orf74	0.75973079	1	1														
LDB2	-0.675913372	1	1														
ECEL1	-1.412657089	0.946539446	1														
TM4SF20	0.660975273	1	1														
PEX6	2.786171923	0.032000746	0.458893577														
KNDC1	-1.366914813	1	1														
KRT78	1.437144107	0.904062304	1														
CTNND2	-1.364518596	1	1														
COL3A1	-1.163435548	1	1														
XPO6	0.246744798	1	1														
C1GALT1C1	0.534833999	1	1														
RGL1	0.65477845	1	1														
FAM171B	0.367292176	1	1														
VASN	-1.331511946	1	1														
PCNX1	2.129249829	0.199401578	1														
SHE	-0.290933746	1	1														
TMEM208	-0.263485524	1	1														
PGK2	0.27784595	1	1														
HSPA4	0.253386865	1	1														
UQCRFS1	0.042863128	1	1														
ASL	0.702477917	1	1														
TACR3	-0.661331916	1	1														
GUSB	2.124540165	0.201750007	1														
LRATD2	-1.899549799	0.344953353	1														
SIK2	-1.759226769	0.471233995	1														
CHSY3	1.076169212	1	1														
P2RY1	0.783878491	1	1														
IRS1	0.021864748	1	1														
NMUR1	-0.375136779	1	1														
ESCO2	3.241598575	0.007131679	0.2177813														
NECAB2	-0.59542171	1	1														
UGT1A1	1.682990958	0.554261051	1														
PWWP2B	-2.785736756	0.032043734	0.458993148														
ARMC4	1.93961378	0.314559869	1														
TACR1	-1.189606359	1	1														
TUB	-0.345264898	1	1														
HDAC3	0.696950619	1	1														
S1PR1	-0.520813657	1	1														
TM4SF4	1.429103427	0.917847052	1														
TMPRSS11E	1.5625634	0.708931935	1														
TRIM35	-1.756605098	0.473910861	1														
TM4SF1	1.586835927	0.675298858	1														
MGAT2	1.034042793	1	1														
SCG2	1.441202699	0.897164556	1														
MINAR1	-1.771605388	0.458760508	1														
GRM5	-2.022664406	0.258646554	1														
VXN	0.340936175	1	1														
SEMA4C	1.565219592	0.705188576	1														
WFDC13	-1.686055715	0.550710412	1														
TMEM135	2.060291314	0.236224199	1														
CNNM3	-0.576077595	1	1														
SMYD4	3.105291922	0.011405479	0.271424247														
SPATA5L1	1.411567848	0.948463469	1														
IL12A	2.79382533	0.031253163	0.453795838														
CD2BP2	-1.35339913	1	1														
DEGS2	2.124520738	0.201759743	1														
TBL2	0.098204978	1	1														
LCMT2	3.10105469	0.01156996	0.271424247														
PATE1	-0.706407993	1	1														
KRT73	1.996549714	0.275244721	1														
CEP89	3.553613985	0.002279859	0.120965517														
RNFT1	-0.842632123	1	1														
DTYMK	0.33849861	1	1														
CYCS	-1.746215085	0.484641508	1														
TSPAN5	-2.703690352	0.020572248	0.375728834														
SLC9C1	0.84597799	1	1														
PRND	-0.03762324	1	1														
CENPN	1.133258381	1	1														
BCR	-0.409150705	1	1														
KLF11	0.961417866	1	1														
ONECUT1	0.428140346	1	1														
PPM1D	0.784752772	1	1														
MTBP	2.260278777	0.142823726	0.974508992														
MMGT1	1.002309458	1	1														
ADRB2	0.12667523	1	1														
MBOAT2	1.109484658	1	1														
MGMT	-0.883708684	1	1														
ATOH1	1.800086294	0.431082081	1														
LSM3	-0.9258201	1	1														
PTGDR	1.622661323	0.627970942	1														
LRP8	2.038889754	0.24876619	1														
ANKRD27	2.615231556	0.053500189	0.595516969														
CHRNB1	-0.790306403	1	1														
TMEM43	2.172280284	0.179007169	1														
TRIM56	0.347788135	1	1														
FSTL5	2.583456314	0.058689512	0.623833264														
HSPBAP1	2.477563701	0.079369676	0.725672943														
ALCAM	-1.103046496	1	1														
TRMT61B	2.352248154	0.111961928	0.868906367														
SNX7	0.759776829	1	1														
QARS1	1.221169982	1	1														
CSDC2	0.25485705	1	1														
ZPLD1	1.878714988	0.361700521	1														
USP42	0.810342777	1	1														
CBR4	1.716594573	0.516319649	1														
STX18	-2.071911039	0.22964243	1														
CHST14	0.850767163	1	1														
FOXI1	-1.078345646	1	1														
IBTK	0.354898057	1	1														
ATOH8	1.304191732	1	1														
REEP4	-1.758705724	0.471765028	1														
ZNF608	1.274124445	1	1														
LGI3	-0.152889203	1	1														
RETREG1	0.640854381	1	1														
MTCL1	-0.305044362	1	1														
ETV5	0.323150047	1	1														
VAMP5	1.141609526	1	1														
BMP1	1.611565811	0.642338733	1														
LRG1	2.64516425	0.048990763	0.5688448														
TMEM37	1.431063345	0.914472367	1														
OTP	-1.774128173	0.45625171	1														
POLR3D	-0.361498463	1	1														
MAT2A	-0.240726784	1	1														
PPIC	1.056880436	1	1														
TMEM192	2.790299488	0.031595584	0.455168636														
SOCS5	0.389184194	1	1														
ROBO4	0.638293278	1	1														
PCDHB1	1.001547037	1	1														
ZNF672	0.165255941	1	1														
PCDHGC4	-0.150259512	1	1														
CXCL10	1.018573184	1	1														
UBE2E1	-0.191273014	1	1														
CYBC1	-1.947613267	0.30876753	1														
KRT28	1.215206969	1	1														
ADRA1B	-0.672609154	1	1														
LRRC45	-0.488827148	1	1														
CDCA7	0.504436329	1	1														
ASPSCR1	-0.33922803	1	1														
AVEN	-0.046707894	1	1														
RBFA	-1.218027027	1	1														
FASN	-0.253579404	1	1														
DUS1L	-0.877724195	1	1														
RPTOR	-3.646047232	0.00159783	0.104263811														
FAM83B	0.784027314	1	1														
C5orf34	1.776639853	0.453765085	1														
DCXR	1.430825414	0.914881545	1														
COG8	0.770849879	1	1														
RAC3	-0.390555281	1	1														
RBMXL2	1.016172535	1	1														
FEM1B	0.487426389	1	1														
NTSR2	-0.563784186	1	1														
GON7	0.033013501	1	1														
ANKMY2	-0.309723635	1	1														
OR10G6	0.382898718	1	1														
USP38	0.606181309	1	1														
IGF1	-0.323317099	1	1														
OTUD7A	-2.820216869	0.028794722	0.433997941														
PWWP2A	1.565858485	0.704290504	1														
AXIN2	-1.259412756	1	1														
MAP2K1	0.418555327	1	1														
MYOZ2	2.423202197	0.092306167	0.779460697														
SYNPO2	-1.365357232	1	1														
MTNR1A	0.363504999	1	1														
INSM2	2.201236616	0.166315664	1														
AP000812	0.090493998	1	1														
ABHD15	1.473111418	0.844325971	1														
DNAJB7	0.69831838	1	1														
HEXIM2	0.522030455	1	1														
NDUFA10	-0.47762684	1	1														
MRPL39	-0.361647685	1	1														
SCNN1B	2.793333649	0.031300712	0.453967273														
ANTXR2	1.321079835	1	1														
HTRA3	-2.440540166	0.08799189	0.759138705														
GLB1	3.54980004	0.002313143	0.121245187														
TMEM223	2.442169708	0.087595691	0.757119597														
SLCO1A2	2.999791402	0.016209874	0.328688742														
GP9	2.728048159	0.038226184	0.501449419														
CXCL8	1.49755436	0.805494432	1														
MRPL4	1.309352616	1	1														
MORN4	-2.110829389	0.208721874	1														
CDKL2	1.309012554	1	1														
AGXT	2.912959564	0.021481258	0.378343476														
ANKRD2	-0.50811714	1	1														
PANK1	0.045180531	1	1														
MAGI3	0.604067027	1	1														
OR10V1	1.172215174	1	1														
CAVIN4	-2.376887878	0.104756366	0.834251131														
GOT1L1	1.20962475	1	1														
ACOT12	3.881007028	0.000624149	0.063859416														
C3AR1	2.849793757	0.026248552	0.409117577														
NKIRAS2	-0.10298573	1	1														
SEC23A	-1.211842248	1	1														
PPID	0.848290014	1	1														
THOP1	0.91371676	1	1														
CYTL1	1.260477725	1	1														
ZBTB5	0.368620841	1	1														
LGALS4	2.549578631	0.064711912	0.658706224														
ASCC2	0.19765668	1	1														
HPCAL1	0.057735027	1	1														
HAVCR2	0.253797239	1	1														
SRP68	-1.254374119	1	1														
ADCY6	0.481748632	1	1														
CTSW	0.199828494	1	1														
CYB5B	1.164030034	1	1														
ZWILCH	3.183127344	0.008741611	0.240943027														
ADAT1	2.672287107	0.045201696	0.550811869														
RPL4	2.540056242	0.066500786	0.662771298														
RAD9A	-0.632388888	1	1														
SLC16A11	-1.033878577	1	1														
MRPS12	2.256847966	0.144105458	0.979237925														
PTDSS2	0.12275657	1	1														
SLC16A13	1.210119219	1	1														
ZNF471	2.419292413	0.093304403	0.781604831														
SLC37A2	0.033081002	1	1														
C1orf100	-0.070065427	1	1														
MUS81	1.428713175	0.918520137	1														
SSH3	1.288841971	1	1														
FAM53A	-1.017365209	1	1														
H2AZ2	-0.587944736	1	1														
PHYKPL	1.187228494	1	1														
ELF4	-0.334843939	1	1														
PCDHGC3	1.291088638	1	1														
PLG	2.229129037	0.154831923	1														
COQ10A	1.164557878	1	1														
CCDC63	2.639896806	0.049758765	0.574428656														
RGMB	1.129108284	1	1														
PPM1E	0.519062264	1	1														
KCNG4	-0.096312418	1	1														
USP48	2.345159574	0.114113627	0.876695511														
FBXO22	-1.866174256	0.372101938	1														
TLCD3A	0.40370739	1	1														
SEC16B	3.067482096	0.012952224	0.289865754														
GOLT1A	0.78763067	1	1														
PROP1	0.99578072	1	1														
LEMD3	0.856003023	1	1														
PIGS	1.444571093	0.891470384	1														
PLA2G1B	3.714930885	0.001219555	0.092992929														
LTBP4	-0.739558202	1	1														
GMPPB	1.807031821	0.424543907	1														
MAPK7	-0.948873588	1	1														
RNASEH2C	0.496068445	1	1														
AOC3	0.8032515	1	1														
TUT1	1.676612751	0.56170939	1														
ATAD1	-0.011425177	1	1														
RSF1	1.676479059	0.561866368	1														
STOX2	-0.322645442	1	1														
CSPG4	-1.319976352	1	1														
CCAR2	1.700674359	0.534024915	1														
SNX33	0.504363573	1	1														
TMOD3	1.833019932	0.400797642	1														
SNTG2	0.458711517	1	1														
APOBEC4	3.263295873	0.006607469	0.209910264														
MARCHF3	-0.760181453	1	1														
ABCD2	3.260903181	0.006663477	0.209910264														
PRKACA	0.484131651	1	1														
ZNF622	-1.420585121	0.932624439	1														
ISX	0.948579367	1	1														
AP1G2	1.212382982	1	1														
NFYC	2.407256408	0.096437284	0.798980076														
DHX37	1.284598584	1	1														
ALG10B	2.341671965	0.115185479	0.879459549														
NPFFR2	0.052060258	1	1														
ASPHD1	2.536649574	0.067151353	0.665451615														
FBXW10	1.222340393	1	1														
RHOD	-1.306052466	1	1														
ADCK5	0.557769809	1	1														
LEP	-0.004557219	1	1														
TAOK2	0.151839329	1	1														
CYP2W1	-0.481213586	1	1														
U2AF2	-2.580297148	0.0296146	0.439756515														
PHYHD1	1.771841551	0.458525179	1														
NDUFA11	1.02878015	1	1														
C11orf86	1.292204427	1	1														
CCDC106	0.021601208	1	1														
TLR10	2.089762022	0.219835095	1														
TLR1	1.233965821	1	1														
ACAD9	1.19257046	1	1														
BAD	2.145939287	0.191266937	1														
CTBP2	-1.473133599	0.844290092	1														
CENPS	0.358055974	1	1														
LCLAT1	2.049356411	0.242563658	1														
DUS3L	0.824935375	1	1														
MAP3K11	-0.231077858	1	1														
RORA	4.001889945	0.000377031	0.04949603														
P2RY14	0.453506178	1	1														
GPR171	0.119172287	1	1														
PPARGC1B	2.028778808	0.254884949	1														
ETFB	1.500171085	0.801420547	1														
EEF1A1	-0.340184415	1	1														
PPM1J	1.103850251	1	1														
XCR1	-0.205141226	1	1														
EEF2	0.764376249	1	1														
ZMIZ2	-2.588369434	0.057858898	0.619909814														
PPP1R14B	-1.389642232	0.987825269	1														
MRPL38	0.509168305	1	1														
AKIP1	3.859647499	0.000681304	0.0652194														
MOB1B	-1.064897416	1	1														
SH3RF3	-0.320343235	1	1														
RETREG3	-0.960306091	1	1														
KLF7	-2.432596443	0.089945992	0.770257068														
NWD2	1.017246965	1	1														
ADORA1	-0.695133543	1	1														
B4GALT2	1.116441113	1	1														
SLC26A7	2.401498891	0.097968351	0.804528893														
OLR1	2.32981821	0.118894568	0.895860015														
SUSD5	3.387946861	0.004225074	0.171769232														
CHST2	0.556813879	1	1														
MRPL57	0.555169826	1	1														
PTPN2	3.310385719	0.005590049	0.194205896														
LMAN1L	1.523688894	0.765518671	1														
INHBC	2.580040876	0.059273173	0.627418604														
TMEM255A	-1.34217592	1	1														
GRAMD2A	2.205760452	0.16440466	1														
RIC3	-0.25590625	1	1														
RND1	-1.296621369	1	1														
TOPAZ1	1.65322844	0.589706282	1														
TMEM234	-0.072365327	1	1														
TRIM59	-1.752504658	0.478122417	1														
NARF	1.372531511	1	1														
UTP23	-0.660069095	1	1														
GGA2	-1.269056209	1	1														
GCC2	1.13841111	1	1														
TIGD3	0.379443753	1	1														
TCAP	-1.824257956	0.408678501	1														
TRMT10C	1.446693544	0.88789664	1														
DAW1	0.690319731	1	1														
ACO1	2.814731187	0.02929083	0.437267795														
CFLAR	2.596112467	0.056571119	0.614655825														
GLE1	-0.480427914	1	1														
NDST2	0.62201393	1	1														
BAALC	0.517804223	1	1														
TPMT	0.128016728	1	1														
ATP6V0A4	1.408660514	0.953613456	1														
TSPAN17	0.390201883	1	1														
DSEL	-0.817213296	1	1														
HLTF	1.253493181	1	1														
CYP2S1	1.786812429	0.443806859	1														
LIPT2	0.172253573	1	1														
LGI4	2.425833066	0.091639763	0.777416303														
ATP8B3	1.439405498	0.900214005	1														
MATK	1.791538023	0.439241991	1														
KLK6	0.008618056	1	1														
FUT1	-0.31358648	1	1														
CHRNA9	0.169198972	1	1														
CYP7B1	1.410712609	0.949976229	1														
INSM1	-0.188558832	1	1														
CCDC13	1.712894187	0.520392048	1														
ARV1	0.970316204	1	1														
PDE8A	1.281299797	1	1														
LRCH4	0.982194913	1	1														
VPS41	-0.428711505	1	1														
CTSF	1.259506315	1	1														
NBEA	-3.225937199	0.007533654	0.220266128														
ARHGAP32	0.355904276	1	1														
TBX5	1.869187613	0.369580302	1														
GPRC6A	-0.306133352	1	1														
XXYLT1	0.806893639	1	1														
ARL10	-0.483150523	1	1														
METTL18	1.544862586	0.734277029	1														
CPED1	2.166594519	0.181594714	1														
SNED1	-1.386510338	0.993546754	1														
VCPIP1	0.467028392	1	1														
ZDHHC24	-0.122288817	1	1														
CASP2	-2.287114839	0.133134726	0.948404869														
GPD2	0.302907863	1	1														
PPP1R3B	0.538342156	1	1														
RFNG	-1.461786024	0.862799131	1														
MEPCE	-0.111200045	1	1														
SUGT1	2.389527676	0.101220317	0.816263094														
SLC5A6	3.019421296	0.015195485	0.319305788														
ZNHIT2	0.983739209	1	1														
DCAKD	-1.583350146	0.680050075	1														
SULT1B1	2.910852271	0.021626664	0.379330489														
MRPL48	1.494341398	0.81051846	1														
ADCY4	4.270551612	0.000116994	0.027860769														
CFAP70	0.964306052	1	1														
TRAM1L1	-0.513605967	1	1														
ELMO1	-1.908982003	0.33758648	1														
CD164	0.647203049	1	1														
REP15	-0.23685208	1	1														
MIS18BP1	2.294230926	0.130663427	0.942689242														
ADAM17	-0.619931818	1	1														
ZBTB21	0.070853749	1	1														
CD34	0.344060829	1	1														
UGT8	-1.904573331	0.341013336	1														
POMZP3	1.928832059	0.322510287	1														
IQCB1	-0.32784063	1	1														
MYO1H	-0.376760693	1	1														
TBC1D16	-2.126363387	0.200838083	1														
SLCO2A1	1.819226926	0.413260899	1														
HDLBP	-0.17072125	1	1														
CBX2	-0.251733614	1	1														
SLCO4C1	-0.930807849	1	1														
DPY19L1	1.542892845	0.737140663	1														
SFT2D3	-0.862726305	1	1														
MRPL11	-0.953000168	1	1														
NPAS4	-0.088856206	1	1														
PCP2	0.448849677	1	1														
GPR151	-0.03635767	1	1														
PCSK1	0.258398371	1	1														
KMT2E	0.960130278	1	1														
SLC19A1	-0.456240454	1	1														
HEG1	1.835881266	0.398251314	1														
DENND6A	-1.3703066	1	1														
PPP2R1B	-0.562077328	1	1														
TNS3	-2.242686507	0.149502224	0.997778471														
HOXB9	-0.215369174	1	1														
PDE12	1.081964165	1	1														
KRT17	-1.048937185	1	1														
CD84	0.097499319	1	1														
INTS6	-1.103571056	1	1														
GPR162	-1.052057444	1	1														
MAP9	1.554846182	0.719896245	1														
ABCC12	-0.179019449	1	1														
RIN1	-0.00747813	1	1														
HERPUD2	1.131525465	1	1														
LSM1	-1.073334967	1	1														
OR52W1	1.731061202	0.500645096	1														
RFESD	1.740832426	0.490277738	1														
WFIKKN2	0.131100492	1	1														
ZBTB4	3.169136029	0.009173569	0.245412248														
RNF26	2.29852936	0.129190073	0.934719538														
ZMAT3	-0.067635623	1	1														
PLAC8L1	0.37816284	1	1														
COQ2	0.614846146	1	1														
METTL2A	1.772140574	0.458227352	1														
ADGRF3	2.479691203	0.078897725	0.723314344														
RPL13	-0.966092929	1	1														
RPL21	-0.790911579	1	1														
FGFBP3	-0.321794005	1	1														
EDN3	0.891043316	1	1														
MLC1	-1.662806532	0.578107012	1														
SH3PXD2B	2.015628524	0.263033009	1														
LSP1	-1.719162424	0.513508805	1														
ANKS4B	-0.653537158	1	1														
FBXO45	-0.723897629	1	1														
FBXO31	-1.25214235	1	1														
UBQLN3	-0.724318721	1	1														
ADPGK	0.51893643	1	1														
ZNF408	2.791477201	0.031480832	0.455168636														
PDP2	1.817768137	0.414597472	1														
PPP1R8	-1.040135516	0.894830836	1														
SNX31	2.255591085	0.144577512	0.981369957														
AQP1	-1.268664743	1	1														
MMP14	0.439946142	1	1														
SLC22A13	3.564602195	0.002186451	0.118984031														
PRG2	-0.817848179	1	1														
ERCC4	0.367019069	1	1														
F2	1.198816594	1	1														
TWNK	1.651040114	0.592382305	1														
ZNF507	0.730329762	1	1														
MOS	2.171272924	0.179463287	1														
NIPAL4	2.128011587	0.200016738	1														
ABRA	2.024969225	0.257223146	1														
ARHGAP1	0.331941518	1	1														
GLS2	2.691085498	0.042731964	0.535052929														
GAL3ST3	-1.796218659	0.43475849	1														
ADGRE1	2.137935912	0.195131671	1														
MED16	2.275275078	0.137336601	0.961446734														
CPT1B	-0.198670827	1	1														
CST6	1.505995316	0.792410256	1														
CMKLR1	0.523404248	1	1														
KRT25	0.438634247	1	1														
TMEM70	1.712719659	0.52058476	1														
MSL3	-0.860534968	1	1														
HP1BP3	1.251290136	1	1														
NAGPA	1.101550474	1	1														
C9orf131	2.961863157	0.018347019	0.352384529														
FOLR1	-0.100220585	1	1														
FNDC9	-0.124255842	1	1														
KCNK10	-2.279747464	0.135736023	0.956052793														
SPEG	0.259583565	1	1														
AMZ1	-1.421329851	0.931325336	1														
RACGAP1	1.287874027	1	1														
SART1	-0.030330414	1	1														
PGA5	2.686726115	0.043293655	0.53890655														
DNAH7	0.419864642	1	1														
FGF5	0.100227814	1	1														
MRPL46	0.784295337	1	1														
HOXC5	-0.424619086	1	1														
RMI2	1.486747096	0.822489713	1														
VWC2L	0.143573992	1	1														
NR1D2	1.446474107	0.888265616	1														
CHMP2A	-1	1	1														
FOSL1	-1.006555685	1	1														
CCDC85B	0.022165995	1	1														
RPS6KB2	-0.003143628	1	1														
FAM174A	1.131802777	1	1														
TMEM168	-0.483351729	1	1														
LSMEM1	0.000200631	1	1														
GJC3	1.75235687	0.478274777	1														
AGGF1	3.853160463	0.000699618	0.0652194														
ZBTB11	1.439624618	0.899841786	1														
SIAH2	-0.626982332	1	1														
PPP1CA	0.030950974	1	1														
EXD2	1.412450361	0.946904382	1														
SEC16A	-0.579206156	1	1														
OGFOD3	1.304035027	1	1														
RHBDF2	-1.560462471	0.711903792	1														
UTS2R	-1.551421099	0.724804812	1														
FBXL13	2.324504782	0.120590733	0.900646568														
PHF21B	-0.761485746	1	1														
TRIP10	1.039118987	1	1														
DHRS4	3.582936845	0.002038517	0.116930049														
SERTAD2	1.251170786	1	1														
OSBPL3	0.48968958	1	1														
MLXIPL	-0.373233232	1	1														
ASTN2	-1.736824872	0.494508524	1														
CDK5R1	0.275806115	1	1														
CD6	1.417073175	0.938769207	1														
RPA2	1.747414018	0.483393286	1														
NDUFS8	0.226544792	1	1														
PITPNA	-0.152598012	1	1														
TUFM	0.607056089	1	1														
DNAJC25	0.215044192	1	1														
POC1B	1.934145738	0.318571271	1														
AQP11	2.583986532	0.058599365	0.623395416														
NFKBIB	1.977010345	0.288242765	1														
GNAI2	-0.101348108	1	1														
MRPS23	2.230056086	0.154462318	1														
EPSTI1	1.401565675	0.966269898	1														
LAMA3	1.436339401	0.905434725	1														
DSCC1	0.171176104	1	1														
COL26A1	3.376465978	0.004405407	0.174218802														
PNMA8A	0.520968252	1	1														
ACAD10	1.700847874	0.533829342	1														
EBF1	-2.431578073	0.090199248	0.771418714														
OSBPL2	-1.847980342	0.38763112	1														
NOS2	2.240699424	0.150273309	1														
FAM20C	-2.079447234	0.225457577	1														
FUZ	1.400020021	0.96904394	1														
FBXO34	2.517395284	0.070935664	0.685873007														
DRC3	-0.26037053	1	1														
HNRNPD	0.389804041	1	1														
UCP3	0.638023498	1	1														
DDX54	0.256819618	1	1														
CHAF1B	-0.048227212	1	1														
RELL1	0.963401258	1	1														
ZNF541	-0.647627076	1	1														
STAT2	2.882654393	0.02366039	0.394877336														
SLC35C1	0.086452501	1	1														
CCT6B	1.200051848	1	1														
PRKDC	2.875728212	0.024185798	0.399457787														
SLC2A2	0.393925796	1	1														
TNS2	-0.036429627	1	1														
AGTRAP	0.685827546	1	1														
KDM3B	2.013215836	0.264551568	1														
ZHX2	0.143405395	1	1														
NEPRO	3.573786383	0.002111136	0.118566594														
FUT7	-0.361001836	1	1														
UTP4	2.219384047	0.158763648	1														
ZMYM3	1.045964266	1	1														
SAMD4B	0.123166948	1	1														
TLCD5	1.306480607	1	1														
BORCS5	0.910104427	1	1														
CDPF1	0.513098651	1	1														
HCLS1	2.09806036	0.215398882	1														
EXOC3L1	3.328056461	0.005247248	0.18970003														
ZMYM4	1.638837278	0.607482919	1														
NSUN3	1.588495075	0.673046603	1														
BVES	0.67652505	1	1														
PFAS	1.224267784	1	1														
SNX14	-1.164208472	1	1														
SAMD12	0.925558174	1	1														
EPN2	-2.539410778	0.066623618	0.662771298														
ARHGAP33	-0.82959099	1	1														
LINS1	2.620971561	0.052607745	0.589766269														
NEUROG1	1.209654233	1	1														
SKA3	2.236955384	0.151735537	1														
WDR75	0.506815291	1	1														
PINX1	2.489584665	0.076735472	0.713795404														
SH2D3C	2.63709075	0.050172275	0.576098958														
TLN1	-2.926089101	0.020595157	0.375728834														
LPCAT4	-0.951237621	1	1														
HNRNPA0	1.714985851	0.518086926	1														
DBF4B	1.896384321	0.347455462	1														
TNIP1	0.456861497	1	1														
RHOT2	0.096166878	1	1														
STX19	1.18158251	1	1														
PRSS50	-0.296776259	1	1														
FAM71F1	1.023302065	1	1														
SERTM1	-1.698841725	0.536094057	1														
RNASEH1	1.148552068	1	1														
RFFL	0.942301981	1	1														
CHDH	4.354732487	7.99E-05	0.024576648														
SPAST	0.366391543	1	1														
FZD2	-0.403476501	1	1														
CLEC1A	0.207810656	1	1														
ARSJ	-1.313400583	1	1														
PLEKHF2	-0.930078853	1	1														
PLXDC1	1.64208641	0.603432586	1														
OR11H4	0.693476242	1	1														
TNIP2	-1.037337825	1	1														
ZNF354C	1.005139903	1	1														
ODF3L2	-0.128617077	1	1														
TUBB3	-0.084773164	1	1														
AQP6	-0.328678649	1	1														
MRPL1	1.665770277	0.57455507	1														
LDLRAD3	0.701089295	1	1														
NCAPD2	3.361332445	0.004654044	0.177776434														
PDS5B	-1.542009095	0.7384283	1														
RPUSD2	1.197823241	1	1														
ELMOD3	2.071908373	0.229643922	1														
DIPK2A	-1.275189722	1	1														
CD200	-2.520806012	0.070251829	0.682890676														
ARPC2	-0.42236891	1	1														
ITGA11	0.291119916	1	1														
HEPHL1	1.272824789	1	1														
SNAP47	0.680884307	1	1														
METAP1D	2.718596938	0.039335665	0.510601797														
TFE3	-0.558927213	1	1														
ROCK2	-1.945487573	0.310297944	1														
SLC41A3	1.999889975	0.273072875	1														
YOD1	-1.450377284	0.881720028	1														
LYSMD3	1.559358051	0.713469954	1														
TRIM55	0.832016072	1	1														
OS9	0.387532667	1	1														
SMCO3	0.626180637	1	1														
ZFP91	2.405852228	0.096808738	0.801251054														
TDRD6	0.417553516	1	1														
RPS4X	-1.483446616	0.82773474	1														
SCAMP4	0.732242106	1	1														
LCN15	0.258942913	1	1														
NDUFAF4	1.531278494	0.754203471	1														
LARP4B	-0.079765876	1	1														
CYP8B1	1.878501003	0.36187596	1														
CSH1	0.513422546	1	1														
AURKB	0.915042851	1	1														
PDIA5	0.647507622	1	1														
MCM9	2.134981019	0.196575364	1														
UNCX	0.127369097	1	1														
LNX2	-0.283701105	1	1														
SLC12A4	0.925729655	1	1														
CCNG2	2.831000941	0.027841551	0.424676528														
C11orf42	0.691761651	1	1														
ICOS	-0.390329976	1	1														
CCDC89	-0.043961351	1	1														
SIGLECL1	0.146140954	1	1														
CLU	-0.040907085	1	1														
USF3	2.514455682	0.071529771	0.687333421														
PDCD6-AHRR	0.61269359	1	1														
LRRC31	2.575045405	0.060136157	0.632348327														
CALR	0.764640623	1	1														
ABHD1	0.349839538	1	1														
AACS	-0.764318191	1	1														
SLC9A9	0.607692549	1	1														
PANK2	0.652270851	1	1														
HNRNPH2	1.092009585	1	1														
FBN1	-0.061572084	1	1														
DEF6	2.789239896	0.031699149	0.455174305														
IL20RA	1.639179042	0.607055864	1														
SHMT1	0.722527846	1	1														
GPM6B	-1.295342175	1	1														
BIN1	-2.225105358	0.156444997	1														
EFCAB11	0.443951163	1	1														
PUS10	2.240945622	0.150177585	1														
APBA3	1.751970009	0.47867379	1														
OXTR	-0.820614575	1	1														
LLGL1	-0.434783058	1	1														
TRIM25	1.16448763	1	1														
TRIT1	1.973772106	0.290445972	1														
SLC7A8	-0.306033582	1	1														
GADD45GIP1	2.489999639	0.076645935	0.713795404														
RBM44	-1.23040056	1	1														
FOXR1	1.39483015	0.978402388	1														
NSD3	4.147236117	0.000201908	0.035829824														
MVB12A	1.864463324	0.373540004	1														
SGF29	-1.231109853	1	1														
DAND5	1.174991222	1	1														
DNAJA2	-1.411180216	0.949148894	1														
PARL	2.150789363	0.188956975	1														
LRCH2	-0.217977349	1	1														
MSRA	0.561944106	1	1														
HOXA3	2.09167929	0.218803286	1														
EGR3	-0.200265449	1	1														
PVRIG	3.485893612	0.002942976	0.138799477														
PER1	-0.701320967	1	1														
SLC2A4	0.145968655	1	1														
SPOCK2	0.844788675	1	1														
LRRN4CL	1.100530551	1	1														
PXMP2	0.912837906	1	1														
MTG1	0.638358048	1	1														
PRSS8	2.155724516	0.186631096	1														
MRPS24	-0.295691122	1	1														
CERS5	1.160697384	1	1														
FRMD8	0.273403592	1	1														
TTC39C	0.633253557	1	1														
SIX5	2.515727351	0.071272222	0.687333421														
PSMG2	1.558182107	0.715140512	1														
TMEM11	0.950462374	1	1														
CAPZA3	0.96831663	1	1														
PROM2	1.02360589	1	1														
CPNE1	1.820196076	0.412374903	1														
FBXO46	1.66295819	0.57792483	1														
TUBB6	0.603768638	1	1														
CDHR3	2.025980177	0.256600896	1														
SLC35C2	-0.59254276	1	1														
RRH	0.523126587	1	1														
IL1RAP	2.054526427	0.23954861	1														
HADHB	1.6094981	0.645044821	1														
FJX1	0.059689089	1	1														
TACC1	3.120680377	0.010826025	0.264603853														
ATG4C	1.44511096	0.890560326	1														
SLC25A5	-0.959410199	1	1														
MAGEF1	-1.153267245	1	1														
RECQL5	0.979250581	1	1														
TTC27	0.283161499	1	1														
L3MBTL4	0.267250639	1	1														
CA8	-0.604335833	1	1														
CC2D1A	2.181098673	0.175056714	1														
GANC	-0.574469294	1	1														
RNF168	3.025320656	0.014902179	0.314477351														
MICU3	-1.204559454	1	1														
CRAT	0.523303051	1	1														
MAMSTR	0.432877003	1	1														
EDEM3	1.704588651	0.529627017	1														
GRHPR	3.224100189	0.007582151	0.220436319														
MYO1D	-0.134539187	1	1														
PKD2L1	1.535944721	0.747311632	1														
ALOXE3	0.19831131	1	1														
SAMD9L	-0.893861282	1	1														
RORC	-0.579335501	1	1														
PPFIBP1	0.44471906	1	1														
BBS1	2.340783998	0.11545978	0.879459549														
GLTP	-1.408006298	0.95477523	1														
ANKRD23	0.581800475	1	1														
SLBP	-3.052180788	0.013631114	0.299790327														
WASHC5	0.551144537	1	1														
TMC8	2.095817133	0.216590496	1														
SYCN	1.460412942	0.865059708	1														
ZNF366	1.249963016	1	1														
CD276	0.488022945	1	1														
PEX7	0.13929235	1	1														
MBIP	1.404994859	0.960136842	1														
MET	1.122640988	1	1														
CXCR2	-0.782834225	1	1														
EML4	1.278456941	1	1														
SFTPC	1.777266383	0.453146532	1														
MEOX1	0.793755438	1	1														
FKRP	-0.322529366	1	1														
SLC25A42	-0.621126616	1	1														
A2M	2.998655185	0.016270441	0.329392363														
PABPC1	-0.381913621	1	1														
MAP6D1	-0.009621182	1	1														
CA5B	0.705584671	1	1														
ORAI3	-0.517251452	1	1														
B3GNT3	0.898714007	1	1														
AVL9	-0.270402701	1	1														
SHOC1	1.938189698	0.315600499	1														
LRRC75B	1.324998438	1	1														
C3orf38	-0.502960464	1	1														
CYC1	0.35015979	1	1														
SWAP70	-1.037268353	1	1														
ALS2CL	0.618952336	1	1														
CTXN1	-0.333027604	1	1														
GEMIN4	0.852358563	1	1														
TALDO1	-2.281845954	0.13499062	0.951810936														
SLC25A20	1.205564069	1	1														
NADSYN1	0.109453968	1	1														
WFIKKN1	-1.067948866	1	1														
MLXIP	-0.465649696	1	1														
DNAJB8	0.411709453	1	1														
F2R	1.433211482	0.910784456	1														
DIS3L	0.188665359	1	1														
LURAP1L	1.375878928	1	1														
DCTPP1	0.468178795	1	1														
ZNF771	0.675183258	1	1														
SERINC4	1.411367691	0.948817347	1														
LRRN1	-1.476322641	0.839143793	1														
P3H2	1.952436642	0.305318318	1														
CHST13	1.476046428	0.839588573	1														
ETV4	0.85975958	1	1														
ELL3	3.007527364	0.015802945	0.325622487														
IL17RA	-0.63710228	1	1														
UBE2O	-0.243373528	1	1														
KARS1	-0.169482625	1	1														
CCDC93	-0.240694939	1	1														
PCK1	1.171787597	1	1														
RUFY1	0.937974217	1	1														
OSBPL1A	1.19277105	1	1														
NT5DC1	1.835147085	0.398903394	1														
FARP1	2.494407261	0.075700615	0.709324228														
ANKDD1A	1.283611467	1	1														
HTR1F	-1.258580311	1	1														
TMCO5A	1.374494445	1	1														
RBBP6	1.001649618	1	1														
FUBP3	1.129796366	1	1														
C2orf69	1.332808554	1	1														
HROB	1.55912394	0.713802291	1														
IFT88	1.416468847	0.939829674	1														
CNGB3	0.711785868	1	1														
CLIP4	0.007815136	1	1														
METRNL	-0.756759179	1	1														
ZNF48	0.922608953	1	1														
FGF8	-1.150870929	1	1														
PITPNM2	0.501326154	1	1														
ATRIP	2.377825658	0.104490346	0.832653356														
RNPS1	-0.462634918	1	1														
ASPRV1	0.309162289	1	1														
RRS1	0.389486363	1	1														
AGPAT4	0.598375691	1	1														
HYAL1	2.73642963	0.037265926	0.496385259														
PHF23	0.921623336	1	1														
PAGR1	-0.93523994	1	1														
OLFML3	-1.98833505	0.280647881	1														
IQCK	-0.860704055	1	1														
AMIGO3	-0.399323316	1	1														
SLC26A10	0.439273111	1	1														
GLIPR1L2	-0.243004391	1	1														
CIDEA	0.006836438	1	1														
CCDC65	1.910891051	0.3361115	1														
SLC16A8	-0.43969816	1	1														
TMEM270	-0.029885262	1	1														
MBOAT4	2.914140625	0.021400152	0.377437031														
KDF1	3.196875785	0.008335484	0.235352675														
POLE	-2.86776698	0.024802792	0.404499545														
RAB39A	-0.993381309	1	1														
PACS1	-0.567117608	1	1														
ZNF236	-2.939637045	0.019715815	0.366861671														
NQO1	1.97686023	0.288344588	1														
ITFG1	0.045036023	1	1														
IL15	-0.786644216	1	1														
RBMX	-0.985811367	1	1														
OR6S1	0.876972823	1	1														
GLS	1.560675141	0.711602518	1														
MUC20	4.780381377	1.05E-05	0.008354919														
LRIG3	0.367414512	1	1														
MAGOHB	0.629940788	1	1														
ARL14	1.001729051	1	1														
BLOC1S4	0.456203148	1	1														
KIF1C	2.052521487	0.240714054	1														
NFATC2IP	1.015576728	1	1														
DAB2	1.398108049	0.972483739	1														
AAR2	0.132511532	1	1														
B3GNTL1	-0.601949589	1	1														
SMCHD1	1.850268029	0.385649569	1														
CLPTM1L	-0.885997123	1	1														
PCSK7	0.2644412	1	1														
CRTAP	-0.999178186	1	1														
SPTBN5	2.042169886	0.246808095	1														
RCN2	-0.675110845	1	1														
ZEB1	2.544212311	0.065714695	0.660988967														
IRX5	2.111794784	0.208224329	1														
PITPNB	0.656822217	1	1														
GCFC2	3.375284811	0.00442436	0.174426629														
PRPF31	-1.170459335	1	1														
ENPP4	1.463194267	0.860485374	1														
TOP3A	-0.232261482	1	1														
HCCS	0.604804265	1	1														
DNAAF4	0.972780679	1	1														
RPLP2	-0.025770914	1	1														
HACL1	1.834798003	0.399213748	1														
TMTC2	0.092247271	1	1														
D2HGDH	-0.824379779	1	1														
SGPP2	0.465267729	1	1														
ATG16L2	0.964724329	1	1														
DSCAML1	-0.643529117	1	1														
SENP3	-0.972603366	1	1														
FTMT	2.326148029	0.12006393	0.900526595														
ME2	0.40838129	1	1														
CYBRD1	4.327610621	9.04E-05	0.024576648														
YBX1	-0.517987101	1	1														
SEPTIN1	0.066123854	1	1														
RNF151	0.040658282	1	1														
GCC1	-0.975440226	1	1														
AMER3	0.110751031	1	1														
DUOX1	1.005456035	1	1														
RAB8B	-0.611088947	1	1														
SFXN1	0.52142367	1	1														
DNAJC4	0.154428316	1	1														
SLC25A41	0.916359813	1	1														
FBXO39	-0.885728571	1	1														
PINK1	0.645734712	1	1														
FKBP10	0.532748217	1	1														
TTLL11	2.115765793	0.206188391	1														
GLDC	0.785132788	1	1														
PHYHIP	-2.339339156	0.115907327	0.881461571														
CASKIN2	2.100157838	0.214289753	1														
GJD4	1.447312737	0.88685612	1														
GPR137C	0.267922949	1	1														
STXBP5	0.664641845	1	1														
B3GNT8	2.180577561	0.175288058	1														
STAB1	3.233372654	0.007340272	0.220266128														
C14orf39	2.110475467	0.208904533	1														
PHETA2	0.122509621	1	1														
TPPP2	1.58562116	0.67695164	1														
SPACA4	0.175129157	1	1														
CA13	0.827008946	1	1														
SPAG5	2.949521875	0.019095963	0.360783363														
P2RY11	1.405126555	0.959901894	1														
ULK1	-0.22312708	1	1														
BHLHE22	0.846810856	1	1														
TMEM108	-1.088106356	1	1														
BPTF	2.440550446	0.087989386	0.759138705														
VARS2	1.372128578	1	1														
GLYR1	-0.367225157	1	1														
ABRAXAS1	2.307063709	0.126307612	0.921932699														
ATAD5	3.856051603	0.000691399	0.0652194														
COQ7	1.284250022	1	1														
CD151	-0.223267385	1	1														
TM6SF1	-2.905527081	0.021998107	0.38268292														
TRIM72	-1.71023689	0.52333246	1														
TSPYL5	-0.972253932	1	1														
SMC1A	-2.159855538	0.184703128	1														
MYPOP	-1.018750057	1	1														
GPR62	-1.798854213	0.43225047	1														
UBA6	0.57776555	1	1														
SSNA1	0.087121614	1	1														
WDR33	-1.532699651	0.752099251	1														
ZADH2	0.367441324	1	1														
PNKP	2.465508963	0.082091251	0.734094097														
EEA1	-0.048106815	1	1														
ZBTB7A	0.254066882	1	1														
PRMT9	1.269004044	1	1														
FAM124A	0.151030135	1	1														
COL12A1	-1.185654248	1	1														
INPP1	1.307602269	1	1														
DDX10	1.999751443	0.273162662	1														
PLEKHD1	0.1659587	1	1														
MMP19	1.842773498	0.392172526	1														
MFAP3	0.993527712	1	1														
SH2B1	-0.623787845	1	1														
RUVBL1	0.067032922	1	1														
EPM2AIP1	-0.033974628	1	1														
NCL	0.377326612	1	1														
ZYX	-1.254183634	1	1														
PLEC	-2.733753184	0.037570177	0.498352747														
MYLPF	-1.958148197	0.301275754	1														
E2F7	0.982036095	1	1														
ZNF335	3.043731121	0.014019833	0.306294621														
AMBN	1.824480015	0.40847721	1														
ABITRAM	1.764062381	0.466328863	1														
HIC1	0.285484495	1	1														
BANK1	3.416485	0.003806109	0.161019928														
UACA	0.715555997	1	1														
FOXJ1	-1.491981017	0.814224731	1														
RRP7A	2.288324554	0.132711766	0.947180857														
LRRC61	-0.421504201	1	1														
TSPEAR	-0.172186367	1	1														
ATP11B	1.434550906	0.908490678	1														
SLC35A4	1.726696094	0.505333546	1														
GCAT	2.130592783	0.198736228	1														
TMEM102	1.085715923	1	1														
TYMS	2.561660546	0.062503849	0.645518257														
CLDN22	-1.881845078	0.35914232	1														
RPL7A	-2.112201191	0.208015179	1														
SLC17A8	-0.835560575	1	1														
ANKZF1	1.972424614	0.291366926	1														
PIPOX	3.027620995	0.014789221	0.313876566														
SPHK1	0.431265847	1	1														
CPT1C	3.93718569	0.000494657	0.057263277														
MTMR4	2.826482096	0.028237425	0.429087553														
SENP5	1.864703478	0.373337874	1														
POGLUT3	1.180504055	1	1														
DIRAS1	2.224170331	0.156821918	1														
ACSS1	0.771663402	1	1														
RAP2B	-1.636775871	0.305031928	1														
PLEKHO2	-0.506233373	1	1														
MRPS31	2.344822336	0.114216888	0.876695511														
ELMOD2	0.528314889	1	1														
WIPF2	-1.043214739	1	1														
PPM1M	1.104895858	1	1														
WDR97	1.421353019	0.931284944	1														
SPEM1	-1.172182089	1	1														
NUCB2	1.657437111	0.584586802	1														
DEGS1	-0.707340169	1	1														
ZNF513	-0.049978737	1	1														
ARMC10	0.839305867	1	1														
HSF5	-0.387311816	1	1														
COG4	-0.154671508	1	1														
GYS1	-3.100989417	0.011572511	0.271424247														
TRIM73	-0.435739962	1	1														
CPN2	1.656320722	0.585941317	1														
TSFM	1.259748605	1	1														
HTR1A	-0.466926214	1	1														
CD37	1.617082225	0.635163199	1														
ANAPC2	-1.428548499	0.918804274	1														
MRE11	-0.623841472	1	1														
STXBP6	-0.661731213	1	1														
CSTF3	-0.56288469	1	1														
ST8SIA3	-0.225839638	1	1														
SERPINF2	0.579429218	1	1														
ZNF687	2.358057306	0.110225141	0.860580588														
PLXND1	1.505298818	0.793483614	1														
MAP1S	2.086074773	0.221831103	1														
RNF31	0.563662318	1	1														
DNMBP	2.730536332	0.037938818	0.501197731														
NLRP12	2.24483001	0.148674285	0.99444253														
B3GNT4	3.460306783	0.003237362	0.1461864														
GRK3	1.247673319	1	1														
CRLF3	0.094466281	1	1														
CNDP2	0.364586243	1	1														
CIITA	2.188974725	0.171592063	1														
LGALS9B	-0.254762679	1	1														
EDNRA	1.625274815	0.624624092	1														
FARS2	-0.170530519	1	1														
RNF227	1.860615621	0.376790864	1														
SLC34A1	0.051014502	1	1														
DTX2	0.833857298	1	1														
ACTL9	-1.244422778	1	1														
SYNE4	1.208478241	1	1														
MTURN	-0.039093755	1	1														
COQ8B	1.654804354	0.587785143	1														
PSEN1	-0.614425994	1	1														
EEF1AKMT4	0.622976459	1	1														
ANO5	2.951164642	0.018994687	0.359403188														
MBOAT1	2.112288401	0.207970321	1														
C12orf40	3.514264876	0.002645837	0.131675242														
CACNB2	-0.620189057	1	1														
SLC6A18	0.199461379	1	1														
NLRC3	0.60990237	1	1														
CD19	1.616131158	0.636395753	1														
FAM187B	4.418668242	5.96E-05	0.024576648														
RNF40	-0.362998714	1	1														
TRPM8	-1.975056758	0.289570244	1														
IQUB	3.443081461	0.003450756	0.152576148														
SCN4B	-0.759741858	1	1														
MC5R	1.109752421	1	1														
TAF7L	1.551145637	0.725200719	1														
CREG2	0.333272489	1	1														
CAMKK2	-0.958546894	1	1														
MED14	-1.117070937	1	1														
VPS37A	1.003633918	1	1														
ARID1A	0.674882295	1	1														
YARS2	-0.063807492	1	1														
METTL1	1.133972768	1	1														
NUPR1	-0.217242961	1	1														
GRHL1	2.703031088	0.041226192	0.526026379														
AQP10	2.815334201	0.029235919	0.436960327														
CRMP1	-1.354685094	1	1														
NKX2-6	1.157808838	1	1														
MTSS1	-2.912149082	0.021537076	0.37856326														
PCM1	-0.010533085	1	1														
SLITRK5	-1.475536353	0.840410413	1														
HMGCS1	0.01404632	1	1														
VIPR1	-2.866871697	0.024873062	0.405030147														
ZBTB2	0.434786601	1	1														
ENTHD1	1.570682197	0.697538919	1														
ANGPT2	1.475923257	0.839786971	1														
RIC8A	-1.776606419	0.453798113	1														
CEP295	1.017607373	1	1														
CFAP410	0.306413656	1	1														
WDFY4	0.626135819	1	1														
FBXW5	-1.848480712	0.387196993	1														
HMGB3	0.961495344	1	1														
TCTEX1D2	0.625385712	1	1														
LMNB2	-0.858333225	1	1														
ZNF580	-0.094957079	1	1														
ZNF784	1.697245276	0.537901791	1														
C5orf22	1.152878484	1	1														
DIS3L2	-1.560581026	0.71173583	1														
HASPIN	0.696153581	1	1														
ZNF579	1.420051225	0.933556612	1														
PGR	1.552855101	0.722746533	1														
MSC	0.760398294	1	1														
CEP57	1.065835451	1	1														
CTNNAL1	0.836632093	1	1														
PGA3	3.072116568	0.012752802	0.287774151														
SHQ1	0.839439646	1	1														
P2RY13	2.703304152	0.041192336	0.526026379														
MARVELD2	2.008482628	0.267552182	1														
PPM1A	2.58966776	0.05764116	0.618533686														
CABP4	-2.03982015	0.248209452	1														
YLPM1	1.5306054	0.755201678	1														
KIAA0319L	2.818118731	0.028983566	0.435231993														
TUBD1	1.564825242	0.705743349	1														
BBX	0.863634548	1	1														
MRPS11	0.667710766	1	1														
DMRTA1	1.621778634	0.629104528	1														
RMI1	1.792653721	0.438169864	1														
SNX22	1.518223087	0.773749016	1														
FLNC	0.40200197	1	1														
RPRM	-1.428232631	0.919349467	1														
NEU4	0.536998123	1	1														
MEIOB	-0.51921851	1	1														
KLHL38	0.705246967	1	1														
OAZ2	-1.516173952	0.776852237	1														
UPB1	0.970452997	1	1														
NIM1K	1.750653203	0.48003399	1														
KIF15	2.33459229	0.117388378	0.886083941														
C11orf16	2.439234878	0.08831039	0.761370686														
FAXDC2	0.863107243	1	1														
EFCAB12	3.215665166	0.007808555	0.225474234														
RNF185	-1.4674326	0.85355047	1														
GHRHR	1.350138335	1	1														
HSD11B2	-0.12183803	1	1														
NFKBIZ	2.859952444	0.025422272	0.40675424														
ABCF1	-0.108608437	1	1														
SCMH1	1.096420191	1	1														
AHCTF1	1.880446583	0.36028344	1														
SLC37A3	1.67555801	0.562948797	1														
VGLL2	1.723960731	0.508289595	1														
PIBF1	1.643114975	0.602154882	1														
PTPRCAP	-0.369919296	1	1														
ACOT4	0.528823442	1	1														
CCR8	1.59140812	0.669106549	1														
SGSH	-0.353482295	1	1														
SLC36A4	1.494075108	0.810935935	1														
RIIAD1	0.421029552	1	1														
ARL6IP6	0.095871169	1	1														
IFT80	0.937516475	1	1														
SSH1	0.068088301	1	1														
B3GNT5	1.074078886	1	1														
C4orf17	2.100954969	0.213869516	1														
VSIG2	1.465406573	0.856860151	1														
ZBTB33	0.75464482	1	1														
TNNI3K	2.886794817	0.023351276	0.391569496														
ZNF609	0.785900273	1	1														
TMEM150B	1.431533534	0.91366418	1														
ERICH3	1.065599989	1	1														
PTPMT1	1.430344794	0.915708507	1														
AATK	-1.612590263	0.641001332	1														
ATP13A2	2.666755114	0.045952473	0.554343908														
HARBI1	0.226946501	1	1														
ZNF518B	0.258277386	1	1														
APOLD1	0.154505525	1	1														
YME1L1	0.551072045	1	1														
CHRNA3	0.435284585	1	1														
KLK15	-1.468583798	0.851674272	1														
DCBLD2	0.74217228	1	1														
STK11	1.562342424	0.709244057	1														
GSX2	-1.429857528	0.916547483	1														
NDUFAF3	1.512897428	0.781834292	1														
FLII	-1.208636052	1	1														
TMEM86B	1.196392539	1	1														
NOC2L	1.030850284	1	1														
CLRN1	0.864344485	1	1														
MARCO	0.286199867	1	1														
NR2F1	-1.631576856	0.616611942	1														
PAK2	0.371077362	1	1														
ZSCAN2	0.849287795	1	1														
RUSF1	0.268730995	1	1														
ATP10B	0.421319478	1	1														
GBA	2.662484079	0.046539743	0.558564648														
KHDRBS1	-0.276591745	1	1														
EXOSC3	-0.497351976	1	1														
CDCA8	1.621050843	0.630040411	1														
XKR4	-0.028761293	1	1														
IL36B	-1.027207532	1	1														
C11orf87	-1.098098503	1	1														
PRR14L	4.759827079	1.16E-05	0.008708208														
MIPOL1	1.440035129	0.899144764	1														
KPNA7	1.310385619	1	1														
SLC25A18	0.261301618	1	1														
FANCF	1.529506959	0.756832891	1														
DNAH8	0.013052736	1	1														
TOB2	0.525967379	1	1														
DZIP1L	-0.337136676	1	1														
IFNLR1	1.089691701	1	1														
TNFAIP8L3	1.710683011	0.522837874	1														
CCDC60	0.878772971	1	1														
ATP11C	0.304056714	1	1														
MC2R	2.812424136	0.029501772	0.439655673														
EYA2	3.173570585	0.009034577	0.244259669														
FUT10	2.28185234	0.134988357	0.951810936														
SERHL2	0.17654966	1	1														
RNF123	2.351076688	0.112315053	0.868906367														
BTNL9	2.072418228	0.229358729	1														
SIX6	-0.979972364	1	1														
CFD	1.373228653	1	1														
PLB1	2.586808148	0.058121707	0.621047497														
GAS6	0.626373523	1	1														
GRIK1	-1.598002347	0.660254728	1														
FAAP100	-2.28642323	0.133377064	0.949074171														
YAF2	0.871969877	1	1														
FFAR3	-1.182199375	1	1														
C16orf72	-3.033809124	0.01448923	0.311746545														
ZNF704	-2.978542258	0.017377385	0.342037304														
FBLN1	-0.03614983	1	1														
CXorf38	0.145359485	1	1														
AFMID	0.539690878	1	1														
PHF7	1.182746716	1	1														
OTOL1	2.050745963	0.241750154	1														
ZAR1	2.015587181	0.263058968	1														
GRID1	-2.641335819	0.049547892	0.573063453														
RIPOR3	3.567360656	0.00216357	0.118753888														
IGDCC3	2.700659455	0.041521293	0.528203946														
KLHL15	0.696403594	1	1														
ZKSCAN2	-1.043423892	1	1														
SPSB1	-0.128085684	1	1														
TASOR2	3.882768057	0.000619644	0.063859416														
DNMT3B	1.737855277	0.493417906	1														
LGALS9C	-0.25581891	1	1														
KRT36	0.339136229	1	1														
DENND5A	1.659588471	0.581983615	1														
PLPBP	1.231360519	1	1														
OR5BS1P	-0.543508187	1	1														
KCNA4	-0.139009098	1	1														
CEP120	0.372804222	1	1														
ODF4	1.268672211	1	1														
PAPPA	2.207316284	0.163751823	1														
PHKG2	0.302001691	1	1														
LRRC14B	-1.353029291	1	1														
COL4A5	1.53491536	0.74882772	1														
SLC9A7	0.211019339	1	1														
ENPP7	-0.199177542	1	1														
COL7A1	0.072447677	1	1														
POU3F2	0.800223993	1	1														
PTRHD1	-1.0334112	1	1														
RNF135	2.179043488	0.175970626	1														
CATSPERZ	0.300148785	1	1														
KCNH8	0.196259499	1	1														
COA3	-0.144445366	1	1														
IZUMO1R	1.504501506	0.794713715	1														
TTC7B	0.196422224	1	1														
BRICD5	-0.723608183	1	1														
HSD17B13	-0.077096032	1	1														
NRROS	2.997325218	0.016341599	0.32978435														
TRMT12	1.250516535	1	1														
ZNF26	0.929925216	1	1														
PRSS55	3.605839045	0.001866876	0.110774759														
KCNJ15	1.620765216	0.630408007	1														
RHD	3.325453753	0.005296485	0.190523828														
SIRT7	-1.463178013	0.860512053	1														
ARSI	0.964737563	1	1														
CCDC34	2.39522472	0.09966109	0.808859535														
PPP2R5C	-1.695638075	0.539726655	1														
VMO1	2.371241153	0.106370758	0.843415464														
DHX34	2.489571421	0.076738331	0.713795404														
OTOP3	1.173104384	1	1														
PAWR	1.705975031	0.528076371	1														
SH2D7	-1.277517986	1	1														
FES	-0.62543522	1	1														
CLEC4G	-0.756919802	1	1														
CAPN12	-0.84093297	1	1														
KLHL22	-1.175161724	1	1														
HCAR2	-1.177217154	1	1														
TMIGD1	3.262276676	0.006631273	0.209910264														
GKN2	2.74224816	0.036612133	0.49176737														
GIMAP6	-1.159513215	1	1														
CDYL	2.382859345	0.10307254	0.827569811														
MCF2L2	0.123824851	1	1														
FOXK1	-0.414723153	1	1														
SHMT2	0.855316669	1	1														
SDR42E1	2.248295553	0.147344101	0.992215641														
GALNT9	-2.41722274	0.093836662	0.784580467														
P2RX7	-0.122228757	1	1														
OAF	0.259527286	1	1														
ZGPAT	-1.310413326	1	1														
GALR2	0.621347237	1	1														
NFAM1	0.481202485	1	1														
NFXL1	2.4606995	0.083199873	0.73881951														
TPO	0.997380572	1	1														
SPNS2	-1.936006111	0.317201715	1														
BCAN	1.399918129	0.969227019	1														
HGS	-0.570561124	1	1														
PLEKHH1	0.58701376	1	1														
SPPL2C	-0.268421993	1	1														
FAM181B	-0.338646546	1	1														
CCDC137	-0.940524864	1	1														
RBM10	0.820853235	1	1														
PRSS57	2.143311884	0.192528379	1														
NOP56	0.017067471	1	1														
BLZF1	0.952177973	1	1														
OLFML1	-0.682496695	1	1														
GPR39	-1.337594148	1	1														
PDLIM1	-0.94021018	1	1														
GAST	-0.43609397	1	1														
PMCH	-0.945463522	1	1														
HNRNPH1	0.420931685	1	1														
C10orf120	1.227565138	1	1														
LMNTD2	-0.099068109	1	1														
CARMIL1	0.038044843	1	1														
NPY2R	-0.732985696	1	1														
ADAT3	-0.459390591	1	1														
MAPK8IP2	-2.849004199	0.026313781	0.409305094														
C19orf71	1.188154794	1	1														
RGPD6	1.845196119	0.390054089	1														
GNB1L	1.594693587	0.664684637	1														
SNN	-1.748421571	0.482346333	1														
IL20RB	1.608731596	0.646050262	1														
CSF1	-0.578349729	1	1														
FAM166C	1.948296311	0.30827711	1														
PEX26	-0.627797758	1	1														
PDE4B	-0.432955353	1	1														
ACSM2B	0.405804108	1	1														
IRX3	-1.367018996	1	1														
FAM43A	1.379580201	1	1														
MFSD6L	1.609894186	0.64452575	1														
ALDH1A3	0.255522496	1	1														
LPAR5	-0.759328048	1	1														
CNGA2	-0.152068973	1	1														
CALHM1	-0.514291054	1	1														
GDF3	1.882209817	0.3588452	1														
LRRC36	2.474759704	0.079995508	0.727504141														
MOB2	-3.116627394	0.010975957	0.266732521														
B4GALNT4	-1.099241403	1	1														
SIVA1	0.409056873	1	1														
GTF3C6	0.203550854	1	1														
IDH2	-0.174845327	1	1														
HOXB2	0.346268869	1	1														
CEND1	-0.312733804	1	1														
RXFP3	-2.212151217	0.16173731	1														
EIF4ENIF1	1.327551889	1	1														
MRPL54	0.578591439	1	1														
TRAPPC6B	0.366973095	1	1														
SLX1B	2.094208263	0.217448592	1														
ZDHHC23	0.395979913	1	1														
IRF7	-1.02906963	1	1														
DHRS7C	-1.213588715	1	1														
MRTO4	0.644901156	1	1														
ACTL10	1.947621028	0.308761955	1														
SMIM10	-1.093127014	1	1														
CTHRC1	1.040669857	1	1														
WDR4	0.046280545	1	1														
BACE2	1.225799532	1	1														
ATP6V0A2	1.870341483	0.368618475	1														
ACTRT3	2.627196797	0.051654917	0.586437912														
CREB3L2	-0.690405786	1	1														
C1QTNF12	0.976979398	1	1														
EPHB3	0.415179311	1	1														
ATP6V0C	0.859289201	1	1														
TUBA8	-0.930343094	1	1														
ADAMTSL5	-1.160650673	1	1														
SLC5A2	2.045602582	0.244772924	1														
ZNF397	2.364939757	0.108198024	0.851734467														
NOMO2	1.384256546	0.997679487	1														
CD86	1.811994091	0.419922657	1														
KRT79	0.742630705	1	1														
CDCA2	2.655129818	0.047566736	0.563980272														
INTS5	1.194075661	1	1														
NOC4L	-1.867396859	0.371077129	1														
ZNF470	1.607203788	0.648058028	1														
TLCD2	1.859026354	0.378140417	1														
CMTM4	-1.07445231	1	1														
RARB	1.042843908	1	1														
WDR5B	1.183708324	1	1														
ZFP41	-0.4723035	1	1														
HHIPL1	-0.681879157	1	1														
KDELR1	-1.099721982	1	1														
FLRT2	-1.134846961	1	1														
STING1	-0.187837632	1	1														
ALG12	0.333564455	1	1														
RAB11FIP1	4.213893228	0.000150604	0.032105125														
TMEM89	0.090616901	1	1														
ADSS1	-0.800409984	1	1														
SULT4A1	-1.340544238	1	1														
BEST3	0.935681385	1	1														
DNAJA1	-2.139763935	0.194243095	1														
KANK3	2.397281603	0.099103345	0.806973164														
PTTG1IP	-0.634159892	1	1														
SNX20	1.317755621	1	1														
SOX1	0.349129554	1	1														
CCR4	-1.127582762	1	1														
INPP5J	2.191742342	0.170388699	1														
PRMT3	1.539387655	0.742258116	1														
REC114	0.277887088	1	1														
CYP2F1	0.344580067	1	1														
NPLOC4	0.500006511	1	1														
PDGFB	1.054884496	1	1														
FBLN7	2.270385388	0.139105262	0.961915219														
CLN8	1.001437502	1	1														
RTN4RL1	1.026510751	1	1														
DMTF1	0.037841316	1	1														
ACP7	0.161759395	1	1														
GLTPD2	1.299432268	1	1														
MORF4L1	-0.87487143	1	1														
FBXW4	1.965179618	0.296360712	1														
SLC25A21	1.323368993	1	1														
DDX59	0.544554206	1	1														
PURA	-0.57461167	1	1														
FILIP1L	0.743047018	1	1														
IKZF1	1.008527296	1	1														
RBM43	2.125266229	0.201386427	1														
OTOP2	0.194299847	1	1														
CLCNKA	2.325243181	0.120353764	0.900526595														
TRAIP	1.443925974	0.892558797	1														
DRG1	-0.208242893	1	1														
HOXD1	2.818956233	0.028908052	0.434871108														
SMDT1	-0.069697536	1	1														
P4HB	-2.617019726	0.053220729	0.593443752														
EFCAB13	1.782050083	0.448446389	1														
FMNL1	0.370318592	1	1														
RIMBP3C	2.539665254	0.066575167	0.662771298														
SLC25A10	1.096819076	1	1														
CROT	1.916882358	0.331517273	1														
PKP3	-2.129484279	0.199285285	1														
SLC6A17	0.42194228	1	1														
ZNF703	1.683069145	0.55417024	1														
PSMG1	0.618319286	1	1														
SYNDIG1L	1.195228415	1	1														
PCARE	-0.07644876	1	1														
SPAG16	-0.531937893	1	1														
TBK1	-0.513558432	1	1														
LIMK2	-0.661431187	1	1														
FAM187A	0.820250412	1	1														
SS18L1	-0.414889626	1	1														
SETD3	0.771627199	1	1														
RNLS	0.644651285	1	1														
JAG2	-1.183758089	1	1														
UPP1	-3.986759254	0.000401892	0.049686285														
ACSM5	-0.430248403	1	1														
SLC35D3	-0.420178795	1	1														
DGKA	1.432327054	0.912301465	1														
FBXL6	1.072777079	1	1														
PTCH1	-0.251809884	1	1														
PAXBP1	-1.1184508	1	1														
SRPRA	-2.987196571	0.016892918	0.33611627														
SETD4	-0.252949136	1	1														
KCNH7	-0.320367385	1	1														
ODF3L1	0.511668746	1	1														
ROBO2	0.330167544	1	1														
OR10J3	-0.278388452	1	1														
AP2A2	-3.012915773	0.015525043	0.322929953														
C2CD4C	-0.996047352	1	1														
CSGALNACT1	2.761881551	0.034481594	0.473666256														
GPRASP2	-2.123546723	0.202248388	1														
CHST6	2.898783529	0.022476806	0.386353556														
SNAI3	1.860268468	0.377085314	1														
C6orf120	-2.43455662	0.089460282	0.767646379														
RGS19	-2.136948051	0.195613303	1														
NSMCE3	1.259287619	1	1														
EMILIN3	0.294992817	1	1														
MRGPRG	-0.254768395	1	1														
JRKL	0.644986733	1	1														
FIGLA	1.467577841	0.853313585	1														
DDX28	-0.229447106	1	1														
SHC4	3.029757512	0.014685009	0.313580111														
MARCHF11	1.856672075	0.380146937	1														
CCR10	-1.469873166	0.849576651	1														
CYB5D1	1.651277586	0.592091442	1														
SEMA4B	-2.410601506	0.095557433	0.793756265														
HEXIM1	-1.02026936	1	1														
HOXB4	-1.027750301	1	1														
TRIML1	-0.330852483	1	1														
PTGDR2	-0.75050277	1	1														
IL1R2	3.136687915	0.010252074	0.258357687														
LAMP1	2.050071463	0.242144746	1														
GPR173	-0.555577637	1	1														
OSBP2	1.129998558	1	1														
TRAK2	-1.27805513	1	1														
WDR53	1.973433831	0.290676938	1														
RLIM	3.631210599	0.001692569	0.106173282														
DBX2	3.003362612	0.016020845	0.327989447														
URAD	2.516794135	0.071056802	0.686523003														
SIMC1	0.771827228	1	1														
STAC3	-0.95479877	1	1														
ASB7	0.259007307	1	1														
AEN	0.428954085	1	1														
C11orf88	0.39452381	1	1														
NOG	-0.262584571	1	1														
ANO9	0.135609558	1	1														
PHF12	1.173103756	1	1														
COLEC10	-0.480998515	1	1														
VSTM4	-0.52799922	1	1														
CYP2U1	-0.454233115	1	1														
CRADD	-0.449330388	1	1														
SPATA45	2.473637198	0.080247264	0.727504141														
RFX6	1.238964772	1	1														
SLIT3	1.242581377	1	1														
YIPF7	1.911464462	0.335669517	1														
NR2C1	1.487277022	0.821649964	1														
TNFAIP2	-0.904634323	1	1														
LYG2	0.17583319	1	1														
DGAT2L6	1.985233768	0.282710814	1														
NPTXR	0.913684748	1	1														
TMEM186	1.020822996	1	1														
MGAT1	-0.261277621	1	1														
LCK	-0.180335621	1	1														
PSMF1	-0.7458064	1	1														
IQCF2	0.235485457	1	1														
MRPL40	2.55920069	0.062947893	0.647570006														
TRIM50	-0.044018326	1	1														
H2AC14	0.621059003	1	1														
ACAA1	0.965205017	1	1														
TAS1R1	1.407073056	0.956434361	1														
ZNF804B	2.419083478	0.093358014	0.781604831														
TM2D3	0.749970504	1	1														
TSEN54	3.072283179	0.012745686	0.287774151														
CCDC172	-0.123295317	1	1														
TSSC4	0.17277392	1	1														
EFNA5	-0.23639376	1	1														
ANKRD45	2.363958077	0.108485151	0.852220797														
INKA1	-0.070455988	1	1														
SELE	1.566733532	0.703061936	1														
VPS33B	-0.952608155	1	1														
NPB	1.874815432	0.364908716	1														
RIOX2	-0.38936104	1	1														
FAM83F	0.180030912	1	1														
PIF1	0.684294042	1	1														
TMEM179B	0.545135546	1	1														
STAC2	2.014405372	0.263801945	1														
KNTC1	1.61269516	0.640864516	1														
UBA7	2.508564883	0.072733622	0.692903259														
ADGRG3	1.274127857	1	1														
PGP	-0.72784618	1	1														
BSG	-0.961221186	1	1														
SCN5A	0.071498153	1	1														
PIGA	-0.193358343	1	1														
TTC32	0.627247014	1	1														
POU6F1	0.909955917	1	1														
MRPL12	0.728421841	1	1														
ARHGEF37	0.571277868	1	1														
KCTD11	1.648251644	0.595806259	1														
TRARG1	0.841353637	1	1														
EGFL8	2.343446533	0.114639003	0.878806555														
TPH2	2.135471955	0.196334872	1														
CCDC87	0.327351447	1	1														
CASP9	-0.656066431	1	1														
PCLO	1.063629314	1	1														
NME9	0.775281485	1	1														
CAAP1	1.22002366	1	1														
BCDIN3D	0.632736995	1	1														
ARHGEF25	1.162872948	1	1														
ACTL7A	-2.857391475	0.02562832	0.40675424														
OIT3	2.669673407	0.045555034	0.553000768														
F3	1.597585414	0.660811648	1														
GNAL	0.067408394	1	1														
RASA3	1.582248977	0.681556461	1														
SREK1	-0.449771807	1	1														
TEX38	-0.23673383	1	1														
C2CD3	2.555742872	0.063576832	0.651841686														
RFTN1	1.174248976	1	1														
POLR3C	-0.117635945	1	1														
RGS9BP	-2.538341899	0.066827469	0.662771298														
EML1	0.605697748	1	1														
RPS6KA4	0.297890717	1	1														
DLST	0.693039377	1	1														
C1QL4	0.425514511	1	1														
EDARADD	0.347981703	1	1														
SYNE3	-0.732746254	1	1														
TRDN	1.584390135	0.678629793	1														
TCP11L1	1.685762453	0.551049375	1														
SLC51B	3.293053589	0.005946335	0.200173897														
ANGPTL5	0.356495878	1	1														
TPGS2	1.818348153	0.414065624	1														
ADGRA3	0.517797067	1	1														
PTBP3	-0.711616206	1	1														
ARID2	-0.519209603	1	1														
USP16	0.268284912	1	1														
MEGF8	1.481987121	0.83006233	1														
TRMT11	1.64590614	0.598698508	1														
DEFB128	2.161842489	0.183781915	1														
PDCD1	-2.396923227	0.099200325	0.807167372														
PTPRB	2.042723474	0.246478918	1														
CCDC84	-0.232660356	1	1														
ABCC5	-1.640497946	0.605410051	1														
PDE2A	-0.623104997	1	1														
ERCC6L	1.470674419	0.848275125	1														
PDZD8	0.687703205	1	1														
WDR86	-0.31857958	1	1														
NUDT17	0.252842628	1	1														
NDEL1	-0.448824515	1	1														
BTLA	-1.553813815	0.721373005	1														
SLX4IP	2.065117814	0.233471126	1														
KCNK18	-0.33630291	1	1														
TMEM212	1.225427174	1	1														
COQ6	2.291655218	0.131553279	0.944306343														
FSD2	-2.789724531	0.031651742	0.455174305														
CARMIL2	1.642830509	0.602508036	1														
ZACN	2.570425934	0.060944126	0.637684886														
CCKBR	-0.875418906	1	1														
TRIM46	0.103459905	1	1														
CYP2R1	4.493380225	4.21E-05	0.022472526														
RPS19BP1	-0.212247136	1	1														
TRAPPC11	-0.323869168	1	1														
ENTPD5	1.019734285	1	1														
FAM91A1	-0.232171719	1	1														
SERPINA11	1.174621651	1	1														
C9orf85	1.393213671	0.981331122	1														
PRELID2	0.171914618	1	1														
BTBD7	-1.690100967	0.54605184	1														
DEFB105A	-0.427290604	1	1														
NEXN	2.90075846	0.022335642	0.385806758														
BCL9L	-1.51094228	0.784818945	1														
HPDL	-0.055798281	1	1														
PGAM1	-0.597364971	1	1														
TMPRSS11A	2.306976503	0.12633678	0.921932699														
FSCN2	-0.262360432	1	1														
RAX	-0.519632069	1	1														
RSBN1L	2.05425474	0.239706257	1														
PARVA	-1.596647726	0.662065524	1														
EMC10	0.106766623	1	1														
CMTM7	-0.844355672	1	1														
BMP2K	0.737017414	1	1														
OR13C8	1.335665756	1	1														
MARK3	-1.50336194	0.796474413	1														
CCIN	0.707370626	1	1														
GATA4	0.902935715	1	1														
EXOC7	-0.852488882	1	1														
ANKRD37	0.47787811	1	1														
CCDC73	3.20938682	0.007981104	0.229309248														
PES1	0.263616927	1	1														
SLC36A3	1.320274622	1	1														
SLC36A2	0.397629068	1	1														
INTU	2.509306026	0.07258118	0.69232116														
FOXK2	-1.726288378	0.505773271	1														
ATP4B	2.434086088	0.089576663	0.768127427														
WASF3	-1.576628607	0.689286039	1														
UNC5B	0.92465997	1	1														
TCFL5	-3.309161445	0.005614552	0.194205896														
TBX10	1.4015127	0.966364874	1														
TMEM17	2.138747302	0.194736837	1														
NIBAN3	2.204369519	0.164990205	1														
KLHDC10	-0.874307504	1	1														
GLDN	1.432896382	0.911324708	1														
TMEM104	-1.275899272	1	1														
MYO18B	3.085111698	0.012208543	0.280114578														
SPATA21	1.287813394	1	1														
ATP5IF1	0.010087556	1	1														
VSTM2B	0.104362674	1	1														
PRR30	0.740845824	1	1														
GHRL	1.358066403	1	1														
KRT26	1.647723601	0.596456417	1														
SLITRK2	-1.317303675	1	1														
AMACR	0.864491041	1	1														
VWCE	2.65720237	0.047275278	0.562094664														
CFAP73	1.337140649	1	1														
VSIG10L	1.187835826	1	1														
DPPA4	1.41559523	0.941364292	1														
GRK1	0.327391921	1	1														
NPAS2	-0.215610183	1	1														
GGTLC1	1.891769182	0.351130447	1														
SULT1A2	2.566774886	0.061589537	0.64053673														
TDP1	0.737106662	1	1														
CENPQ	0.780165448	1	1														
ST6GALNAC4	0.976764401	1	1														
CDC42EP4	-0.024416185	1	1														
DACT1	2.931441411	0.02024358	0.371979435														
ZNF212	0.831166569	1	1														
SLC6A16	-0.741812141	1	1														
IQCH	2.466526779	0.081858316	0.732929554														
TP53I3	1.427453347	0.92069558	1														
ZBTB16	-0.43284964	1	1														
SEZ6	0.391969006	1	1														
TARS3	-0.122208907	1	1														
OVOL1	-0.511919704	1	1														
NCKAP5L	0.509190142	1	1														
TUBA1B	-1.221517607	1	1														
PNRC1	0.839387279	1	1														
ZNF532	1.789355704	0.44134529	1														
TNNI1	-0.569571025	1	1														
IL17F	-0.496278745	1	1														
THEM6	0.486664691	1	1														
RAD54B	2.743118449	0.036515237	0.49176737														
HTR7	0.096571528	1	1														
STRADA	1.070876096	1	1														
TRAF5	-1.458258205	0.868616315	1														
CDCA4	-0.301532676	1	1														
SLC22A8	0.722521545	1	1														
LIPA	2.654105883	0.047711322	0.564267797														
MTDH	1.17316661	1	1														
SRA1	0.855495854	1	1														
HYAL3	1.744998838	0.485910428	1														
LARP1	0.869539523	1	1														
SPAG17	0.341684929	1	1														
WASHC2C	0.91601133	1	1														
TESK1	-0.640806291	1	1														
AP3S2	-0.671071167	1	1														
SERPINB7	-1.311158476	1	1														
GGT7	-2.026481642	0.256292713	1														
ZFP36L1	-1.362507256	1	1														
ARHGAP10	0.223198229	1	1														
SCAI	-1.520863164	0.769765078	1														
DNAJB2	0.10954848	1	1														
MMP25	0.951230708	1	1														
EPHA3	-0.414586922	1	1														
PNPLA2	0.483433992	1	1														
HLCS	0.696582547	1	1														
LRRFIP2	2.239293831	0.150820824	1														
ASAP3	2.245382582	0.148461496	0.99444253														
C2CD2L	-0.598445012	1	1														
SEC23B	1.854370426	0.382117097	1														
HORMAD2	0.984152918	1	1														
SEL1L	1.524768972	0.76390039	1														
HDHD5	0.522005898	1	1														
HJV	1.063230603	1	1														
ZCCHC7	1.734969411	0.49647734	1														
BRIX1	0.507624962	1	1														
DHX15	-0.362348198	1	1														
ATG101	-0.760301617	1	1														
GDPD5	-0.680513404	1	1														
SKAP1	3.208096361	0.008017003	0.229309248														
HIP1	4.100136537	0.000247744	0.038859173														
LUZP2	-0.174139628	1	1														
STARD13	-2.038356187	0.249085947	1														
PRR5	-1.382872008	1	1														
AGTPBP1	1.305130698	1	1														
CELA3B	2.882116078	0.023700851	0.395034866														
MRPL35	2.468160145	0.081485727	0.731404706														
PKD1L2	0.277677513	1	1														
TBC1D22A	-1.178257459	1	1														
AZIN1	0.202913624	1	1														
CDR2L	-2.802450618	0.030429588	0.44796575														
P2RX4	1.493684567	0.811548505	1														
TNPO1	-0.296398627	1	1														
STARD7	-0.831565124	1	1														
FAM53B	0.622985156	1	1														
BAG5	-2.123358518	0.202342923	1														
NPHP3	3.441129709	0.003475745	0.152730566														
ABHD12B	-0.239871808	1	1														
LRRC8D	1.132025811	1	1														
DGKH	1.242739583	1	1														
NAB1	0.12045134	1	1														
CLPTM1	-0.106169349	1	1														
ZNF644	2.759475057	0.034736584	0.475118862														
ARHGAP6	-0.893150788	1	1														
SERPINA9	0.002174502	1	1														
LRRC71	1.548040626	0.729675094	1														
RAD51C	0.032905563	1	1														
NIPA1	0.125917218	1	1														
ITPRIP	2.027371211	0.255746783	1														
SIRT6	2.503857859	0.073708426	0.699182883														
NRIP2	-0.398860641	1	1														
RTN4	-0.055631407	1	1														
TSPO	1.158445164	1	1														
AP1S1	-0.820782682	1	1														
CHAT	1.028106513	1	1														
PRPF4B	0.886708581	1	1														
SINHCAF	-0.720290266	1	1														
TTC33	1.21349598	1	1														
AKAP1	0.352719238	1	1														
PTPA	2.85376282	0.025922864	0.407718349														
MGAT4B	1.407345308	0.955950122	1														
GALNT16	-0.289574146	1	1														
ZBTB49	0.153175858	1	1														
IL21R	-0.438851897	1	1														
NR1I2	2.921425731	0.020906	0.377005595														
CCDC183	-1.121114266	1	1														
MAPK15	0.248443208	1	1														
ELAC2	1.203340567	1	1														
PLCB1	-0.370027708	1	1														
FBXO40	1.911683778	0.335500597	1														
CMTR2	1.56243728	0.709110063	1														
TTC8	1.571765697	0.696029398	1														
GZF1	1.904908273	0.340751974	1														
ISYNA1	0.489347579	1	1														
KPTN	2.342703166	0.114867645	0.879041223														
ENOX2	-0.121499838	1	1														
SPRYD4	-0.737313653	1	1														
MRPL30	1.568611722	0.700430636	1														
LBR	0.651374906	1	1														
PRIM1	-0.920041212	1	1														
PEAR1	0.284581709	1	1														
LRFN2	-0.126349179	1	1														
MFSD2B	1.375757675	1	1														
ADCY2	-2.390794411	0.100871784	0.815038895														
AURKAIP1	0.656781819	1	1														
OTUD6A	-0.499985615	1	1														
TAF13	1.076392442	1	1														
VSTM1	1.77897839	0.451459829	1														
H1-6	0.262195315	1	1														
QPCT	0.226531838	1	1														
ACACB	2.515349937	0.071348573	0.687333421														
FAIM	-1.12155838	1	1														
PALM	0.612598315	1	1														
ARHGEF3	2.466693349	0.081820251	0.732929554														
CHST4	-0.431617296	1	1														
DUPD1	-1.438994441	0.900912587	1														
DPYSL4	-1.244515259	1	1														
GJB5	2.077538113	0.226511528	1														
TRPV2	-1.346787365	1	1														
GSTO2	0.121571959	1	1														
PPP1R32	0.416897748	1	1														
SLC25A15	0.484552523	1	1														
ZFP92	1.79094475	0.439812969	1														
ANKRD34B	0.997513927	1	1														
TEKT1	1.013965093	1	1														
MAOA	1.657357091	0.584683807	1														
DCBLD1	0.497766949	1	1														
PARVB	0.727929902	1	1														
MTSS2	-1.613657051	0.639611009	1														
TNFSF13	1.130754723	1	1														
IMPDH1	-0.00779321	1	1														
CRTC1	0.873338935	1	1														
DNAJB12	0.310185419	1	1														
HELT	0.272430403	1	1														
METTL24	3.294182972	0.005922493	0.200173897														
MAP3K15	-1.43673071	0.904767152	1														
FAM184A	0.64331561	1	1														
DFFB	0.983282214	1	1														
CLEC12B	3.487084072	0.002929907	0.138696785														
KRTDAP	1.231018425	1	1														
ZC3H12B	-0.177807976	1	1														
PTGES2	1.970041768	0.293001503	1														
TRIM9	-1.084529305	1	1														
LRRC25	3.352224445	0.0048099	0.178802959														
CFAP36	2.387893189	0.101671595	0.818903283														
OSTN	1.644429433	0.600525178	1														
KLHL7	-1.516633388	0.776155624	1														
CERKL	3.775573201	0.000957841	0.080775793														
ABHD12	-0.576348916	1	1														
PHF10	-1.861115189	0.37636747	1														
DLGAP4	-0.701892385	1	1														
AMTN	2.924307213	0.020713431	0.376806899														
NEO1	0.904030093	1	1														
RPGR	-1.332425749	1	1														
PIK3AP1	1.491376074	0.815176717	1														
TAS1R3	1.680884407	0.556712215	1														
SDC3	2.028950363	0.254780078	1														
SRFBP1	2.50848032	0.072751033	0.692903259														
YIF1B	-0.203472698	1	1														
LRRC17	0.469153767	1	1														
ERMP1	2.119997211	0.204037683	1														
SAXO2	-2.991927301	0.016633336	0.333032869														
GJB4	-2.583115927	0.05874745	0.623928298														
VMAC	2.225516387	0.156279554	1														
RIOK3	-2.194995327	0.168983598	1														
PTCHD4	1.014439177	1	1														
GRM8	-1.770259979	0.46010305	1														
ALDH3A2	1.549313673	0.727838007	1														
ZNF189	3.225896597	0.007534723	0.220266128														
GALNT15	2.341559134	0.115220302	0.879459549														
ANKRD6	1.076514162	1	1														
SLC35F4	2.007188979	0.268377268	1														
DNAJB13	1.310955934	1	1														
KSR2	-1.90707114	0.339068255	1														
BORCS7	0.237278003	1	1														
NCCRP1	-1.159957504	1	1														
USP54	1.659580808	0.581992872	1														
NFASC	-0.427230609	1	1														
ZNF292	4.069753127	0.000282378	0.04230353														
TSSK4	1.938516296	0.315361588	1														
ZNF648	1.916249134	0.332000352	1														
CLEC18B	2.139605001	0.194320213	1														
KCNJ11	-0.764387109	1	1														
MYMK	1.665127655	0.575323743	1														
ABCA9	0.687076894	1	1														
SLC26A3	2.727210366	0.038323382	0.501449419														
AIDA	0.64628783	1	1														
FPR2	-2.154347911	0.187277389	1														
TRAF3IP2	2.227545604	0.155464989	1														
GLI4	-0.836916974	1	1														
PLCH1	1.134301794	1	1														
KCTD21	-1.68149118	0.55600529	1														
DOK7	-0.407569207	1	1														
PLAUR	1.646785686	0.597612627	1														
FGFR3	-0.709825763	1	1														
RNF133	-0.065660708	1	1														
ENOSF1	2.612724712	0.053894173	0.597930835														
GPT2	-1.303239913	1	1														
C3orf33	3.314231806	0.005513717	0.193420597														
HRH3	-2.259962183	0.142941588	0.974508992														
ETV7	0.155417517	1	1														
MEF2C	0.99367075	1	1														
NAALADL1	3.231925482	0.007377547	0.220266128														
FBXO38	0.70696539	1	1														
RASSF4	-1.218311496	1	1														
ZNF326	-0.996051426	1	1														
KCNK7	1.260950545	1	1														
KRTAP24-1	-0.957459922	1	1														
SOX18	-0.459823829	1	1														
XRRA1	1.254188382	1	1														
INSIG1	-0.426115898	1	1														
XIRP1	2.233883694	0.15294436	1														
TMEM201	0.043172379	1	1														
NUP43	-1.597245095	0.661266506	1														
RTL4	-0.057258095	1	1														
PTAR1	0.836741484	1	1														
GSPT2	-0.86518113	1	1														
UPK3BL1	2.461090722	0.083109201	0.73881951														
GFRAL	4.331316576	8.89E-05	0.024576648														
GTF2F2	-1.497402805	0.805730873	1														
VAPA	2.613002884	0.053850327	0.597930835														
FOXN2	0.830345873	1	1														
RANBP3	2.035922538	0.250548806	1														
BRAT1	0.516281976	1	1														
IFT27	0.077441957	1	1														
PAQR9	0.399832073	1	1														
PDE4D	0.102115677	1	1														
RRP1B	1.047421114	1	1														
NHLRC1	0.826634124	1	1														
VWC2	-0.877972672	1	1														
MOCS1	1.656131057	0.586171687	1														
DNMT1	4.029365319	0.000335566	0.045458468														
OR1J4	1.548863079	0.728487828	1														
PPP1CC	0.028096983	1	1														
ACSL4	-1.355776942	1	1														
LRRIQ4	0.961048413	1	1														
GPR18	0.626267052	1	1														
TERB2	-0.573198849	1	1														
IDS	0.278776486	1	1														
BROX	0.784676406	1	1														
KLRG2	1.967304089	0.294888983	1														
MCCC2	2.221008816	0.158102186	1														
IL1F10	-0.246387002	1	1														
ANKRD55	-0.901160268	1	1														
ANAPC1	0.450903579	1	1														
BSDC1	1.386409428	0.993731515	1														
RNF19A	0.994566798	1	1														
ESR2	0.31389522	1	1														
IL4I1	0.518463868	1	1														
SLC25A40	1.704024245	0.530259347	1														
TMEM221	2.692704448	0.04252504	0.533511188														
B4GALNT1	0.844850443	1	1														
FCF1	-0.677385571	1	1														
ZNF606	0.156208146	1	1														
NBR1	1.34220585	1	1														
TSTD2	1.817340337	0.414990103	1														
MGAT3	-0.878778044	1	1														
TOX2	0.688890088	1	1														
LCN6	1.166911868	1	1														
SERPINA12	-0.296026625	1	1														
LIMA1	3.147032573	0.009896195	0.25464902														
SH2B3	1.595297738	0.663874028	1														
DLK1	0.341355963	1	1														
FBXL5	0.66798195	1	1														
C2orf80	2.463116308	0.082641137	0.737457767														
KAT5	-1.037342319	1	1														
KLHL6	0.094614862	1	1														
RHBDD1	-0.282424179	1	1														
NOXA1	-0.475794101	1	1														
CORO1B	0.368205941	1	1														
PTMA	0.082599247	1	1														
NFYA	0.304980688	1	1														
FLRT3	-0.625480022	1	1														
SGK2	1.966032401	0.295769208	1														
SLC24A5	0.723457862	1	1														
SYDE2	3.44043022	0.003484741	0.152730566														
LCTL	2.703045883	0.041224357	0.526026379														
ATP7A	1.190595266	1	1														
DCAF5	1.713494736	0.519729366	1														
CDH5	0.902514935	1	1														
NAPEPLD	2.73472999	0.037458879	0.497394536														
ING4	-0.201002387	1	1														
CFAP65	1.564607677	0.706049567	1														
SERPINA6	2.227047132	0.155664744	1														
CLUAP1	-0.482103367	1	1														
TMEM202	3.228790987	0.007458883	0.220266128														
PPA2	1.396839623	0.974770825	1														
MESP2	-0.19254004	1	1														
PRR19	1.912274241	0.335046168	1														
DNER	-1.462726665	0.861253121	1														
JARID2	1.264105652	1	1														
FAM163A	0.05620197	1	1														
TRIM29	-2.993401273	0.016553205	0.332473996														
DPP8	0.844148397	1	1														
TMEM220	1.132011581	1	1														
CEP97	0.857125293	1	1														
MYB	1.440289214	0.89871355	1														
EPB41L3	2.429439826	0.090733049	0.773000534														
DALRD3	2.114546572	0.206811669	1														
NADK	-0.437234876	1	1														
SLC24A2	-1.086838423	1	1														
PPP1R17	-0.294598029	1	1														
KCNQ5	1.145889289	1	1														
RASSF6	0.608517261	1	1														
PDPK1	-1.8267118	0.406458679	1														
CLDN14	-0.222868355	1	1														
IFNAR2	1.124977139	1	1														
DPH5	-0.373913304	1	1														
SSX2IP	0.780866687	1	1														
CLEC14A	-0.114208968	1	1														
PKN1	2.238345622	0.151191151	1														
JPH1	-0.670222281	1	1														
SMPD1	1.362966406	1	1														
CECR2	1.160773487	1	1														
GJA4	-1.857420403	0.379508196	1														
KCNJ14	-1.344026423	1	1														
ASCL4	1.376596055	1	1														
PDE8B	-1.539591801	0.741959311	1														
ATP13A5	2.860232061	0.025399867	0.40675424														
ASTL	1.845819243	0.389510734	1														
BIRC7	-0.189665323	1	1														
SNRNP48	-0.71019012	1	1														
BRWD1	2.16791971	0.180988775	1														
TMPPE	1.64975162	0.593962485	1														
PODXL2	3.41021886	0.003894646	0.163476627														
C2orf66	-0.57776086	1	1														
AGMO	2.10137506	0.213648333	1														
ZBTB42	1.325181928	1	1														
TMTC4	0.552444602	1	1														
FOXM1	0.810056142	1	1														
THEG	0.822682656	1	1														
TCAIM	2.401139981	0.098064498	0.804528893														
ATP13A4	0.306218639	1	1														
TP53INP1	0.09169882	1	1														
CBFA2T2	1.20821159	1	1														
CDC42BPG	0.73774095	1	1														
CARMIL3	-1.089374995	1	1														
PKLR	0.972909305	1	1														
TMEM215	0.264899278	1	1														
SUSD6	-0.070278291	1	1														
AUTS2	1.397807328	0.9730256	1														
SYDE1	-0.143556058	1	1														
ERBB4	0.29956811	1	1														
FOXD4L3	1.083601294	1	1														
PRSS3	3.440004239	0.00349023	0.152730566														
SCGB1C1	0.812910931	1	1														
PPCDC	-0.002920215	1	1														
GSDME	1.12304431	1	1														
FAM122B	0.940335583	1	1														
C3orf62	-1.275186691	1	1														
SNX18	-0.448275182	1	1														
TM7SF3	1.740188854	0.490955173	1														
CFAP77	1.118322586	1	1														
NELFB	-1.786868551	0.443752419	1														
ESPNL	1.373379328	1	1														
EPB41	1.52856264	0.758237422	1														
PRELP	-1.926640205	0.324146907	1														
SLC6A13	0.955123607	1	1														
SLC12A2	-0.515385039	1	1														
MAFK	-0.264545204	1	1														
CCDC18	0.289418051	1	1														
CLCN1	-1.418900376	0.935568377	1														
APOD	1.897808815	0.34632763	1														
B3GLCT	1.095174372	1	1														
E2F1	0.611407979	1	1														
HHIPL2	0.593092287	1	1														
MBTPS1	-0.260214224	1	1														
FYB2	2.541858033	0.06615897	0.661223698														
LYAR	-0.618691749	1	1														
TCEA2	-2.049949134	0.242216369	1														
CASKIN1	-0.627533144	1	1														
TP53BP2	-0.550982735	1	1														
P4HTM	1.413620088	0.94484088	1														
SLC35E4	-0.684525671	1	1														
RASAL3	1.043982733	1	1														
MEAK7	1.785768261	0.444820726	1														
TMEM203	0.414958657	1	1														
NKAPL	0.350613984	1	1														
RBPJL	3.502689895	0.002763512	0.134836257														
NTN4	-0.184482349	1	1														
TSPOAP1	-0.58775013	1	1														
ACOT11	0.275897943	1	1														
TGIF1	1.740842912	0.490266706	1														
ASH2L	0.93821572	1	1														
SNTN	1.143792947	1	1														
CAV3	0.316637277	1	1														
FOXO3	-0.004456835	1	1														
CYP1A2	2.515023563	0.071414657	0.687333421														
ZC3H6	0.891387347	1	1														
CPTP	1.127185321	1	1														
P2RX2	-1.408193998	0.954441799	1														
FGD6	3.225710679	0.007539619	0.220266128														
SEPTIN6	1.214334448	1	1														
DIPK1C	-1.386937955	0.992764098	1														
SPINT1	2.258077828	0.143644846	0.977811724														
SPRY4	0.349608463	1	1														
GRAP2	1.325331776	1	1														
TRIO	-3.016353504	0.015350088	0.320524133														
ILDR1	2.468059897	0.081508552	0.731404706														
CCDC38	0.752311471	1	1														
TAF3	0.954975256	1	1														
C15orf62	0.318086862	1	1														
TRPC6	-1.307338953	1	1														
KPNA1	-1.767569356	0.462797549	1														
XBP1	1.703221889	0.531159311	1														
CA12	1.953056238	0.304877591	1														
EVC2	-0.954474834	1	1														
IYD	2.381722541	0.103391252	0.828561489														
SLC35F6	0.80709345	1	1														
ZNF395	0.662733567	1	1														
ABCB10	1.625028698	0.624938665	1														
DTNBP1	0.207926902	1	1														
TPD52L3	-1.379460137	1	1														
LIPI	0.999169784	1	1														
NKX2-3	-0.237835356	1	1														
SRR	2.514517707	0.07151719	0.687333421														
ECM2	-0.495648338	1	1														
PLEKHG7	2.451203915	0.085427561	0.74914902														
MRRF	0.542861781	1	1														
LDLRAD2	0.690810479	1	1														
ZFAND4	2.664185265	0.046305028	0.556797191														
UNC119B	0.128448516	1	1														
MCPH1	0.355231787	1	1														
MAP3K14	2.012660418	0.264902197	1														
POMGNT2	1.236062081	1	1														
RGS12	-1.51069883	0.785191204	1														
SIGLEC1	2.304879112	0.127040069	0.924921271														
BABAM2	0.216651211	1	1														
FAM166A	-0.378547413	1	1														
LYSMD4	-0.365181257	1	1														
MRPL20	-1.097186809	1	1														
SYNGR4	0.775412017	1	1														
PUS7L	3.002244065	0.016079833	0.328141977														
PCDH18	-1.418943455	0.935493012	1														
MIA3	2.050835256	0.241697957	1														
CPSF4L	-0.31365212	1	1														
ARHGAP12	1.442598431	0.894801754	1														
SLC15A5	1.565681511	0.70453918	1														
FAM221A	2.487094397	0.077274732	0.714443495														
GYG1	0.730930276	1	1														
RSC1A1	1.639345664	0.606847746	1														
TRADD	1.942659319	0.312344008	1														
ADRB3	-0.34129992	1	1														
CORO6	0.101058657	1	1														
RNF41	-1.959181733	0.150274523	1														
THUMPD3	1.743786635	0.487177811	1														
ARHGAP5	-0.071704969	1	1														
PRICKLE1	0.34552603	1	1														
IDH1	0.543522448	1	1														
CCDC78	1.049832873	1	1														
SEC24C	-0.534205454	1	1														
RSU1	-1.538826552	0.743079876	1														
SKAP2	1.418718729	0.935886207	1														
NPTN	0.264313401	1	1														
LTB4R	-0.255399811	1	1														
BNC1	-2.92016181	0.020990981	0.377360719														
UBE2G2	-1.64465625	0.600244319	1														
STAT5A	0.08118961	1	1														
WDR35	1.246410759	1	1														
PPL	-0.93763999	1	1														
MUC4	3.291436147	0.005980635	0.200173897														
GANAB	2.481564273	0.078484271	0.721601951														
NFATC3	3.517597962	0.002612829	0.130991223														
DLEC1	2.448112962	0.086163975	0.752030194														
CTTN	-2.201018756	0.166408176	1														
F7	1.853589186	0.382787735	1														
CLCN6	-0.704306305	1	1														
FBXO16	2.375551021	0.105136618	0.836057643														
E2F3	1.195896222	1	1														
APP	0.82703539	1	1														
IL36RN	-1.28294095	1	1														
IKZF3	1.063389592	1	1														
DLG1	-0.191139884	1	1														
KCNQ4	0.653420955	1	1														
ZFYVE26	2.193807902	0.169495335	1														
IL23R	2.534206473	0.067621382	0.666995103														
MKKS	2.114975927	0.206591995	1														
CSTL1	1.940093107	0.314210253	1														
CACNA1C	0.483661545	1	1														
NUP50	-0.334813601	1	1														
SLC28A2	1.84716101	0.38834285	1														
HGH1	2.357741662	0.110318901	0.860784854														
PIDD1	-0.649695772	1	1														
CD5	0.708770671	1	1														
SLC5A11	0.080978968	1	1														
SLC22A18	0.988497013	1	1														
UBE3C	1.2066407	1	1														
WDR54	2.934545237	0.020042211	0.370781641														
CACNA1H	-0.553794391	1	1														
GPAM	-0.72070989	1	1														
CRHR2	-2.606422832	0.054896063	0.605944364														
HELLS	-0.029986634	1	1														
VPS39	1.341242344	1	1														
ZDHHC1	1.159104159	1	1														
CDH26	-2.211649337	0.161945422	1														
ADARB1	-1.265925888	1	1														
C7orf57	-0.54592946	1	1														
ALDH5A1	2.147317847	0.190607916	1														
ZPBP2	0.973589899	1	1														
PFKL	0.016280002	1	1														
WDR3	0.433043176	1	1														
IL22RA2	1.765473228	0.464905595	1														
HPS5	2.888824422	0.023201095	0.391569496														
MADD	-1.615160227	0.637656007	1														
CNBD2	-0.253573844	1	1														
NXPH4	0.160256995	1	1														
ADGRG5	-1.864484383	0.373522276	1														
ATP2B3	-1.775976503	0.454420741	1														
POFUT2	1.448762437	0.884423624	1														
LEPR	2.943578616	0.019466485	0.364082784														
BPIFB6	0.432449934	1	1														
KCNMB3	1.317469271	1	1														
SMARCA2	0.579240959	1	1														
GALNT14	-0.867433301	1	1														
CDK5RAP2	2.464263729	0.082377029	0.735616472														
MYNN	1.128420899	1	1														
SCEL	-0.540956356	1	1														
NFAT5	2.628643499	0.051435707	0.585408364														
COG3	-0.147191554	1	1														
TAF1A	0.984423144	1	1														
NASP	3.674984257	0.001427184	0.101358677														
CILK1	-0.058612222	1	1														
FSIP1	3.793204035	0.000892295	0.077295827														
SEPTIN7	-0.074808548	1	1														
PDAP1	2.091346254	0.218982218	1														
GRHL3	2.364073744	0.108451285	0.852220797														
PRSS37	0.633861091	1	1														
ATR	2.861592467	0.025291112	0.40675424														
TNC	0.251259375	1	1														
HINFP	0.431919476	1	1														
THBS4	-0.026523532	1	1														
FADS1	0.579290402	1	1														
SPATA16	-0.288620919	1	1														
RHOG	-1.358393136	1	1														
MRPL10	0.40300279	1	1														
HABP2	2.502848681	0.073918923	0.700041917														
ACP3	-0.95756521	1	1														
PLD1	-0.373808891	1	1														
DPYS	2.315462643	0.12352576	0.909600421														
FAM114A2	-0.62163157	1	1														
MTERF1	1.962118909	0.298491852	1														
DGCR8	0.347737727	1	1														
RGN	0.82794958	1	1														
XRCC3	-0.310960909	1	1														
CBS	1.890749413	0.351946818	1														
PPOX	0.427800265	1	1														
MITF	-0.011415423	1	1														
PROSER1	0.36691597	1	1														
CFAP100	2.922288598	0.020848165	0.377005595														
IGDCC4	1.638299543	0.608155338	1														
MPI	0.096591248	1	1														
PTTG1	0.185946595	1	1														
RIPK4	0.047687935	1	1														
ACVR2B	-0.914387917	1	1														
SPTBN4	0.083008702	1	1														
ZC3H7B	0.549674278	1	1														
CFAP52	-0.568351494	1	1														
EIF4G1	-0.516337217	1	1														
TEX9	2.807795942	0.029929094	0.442131188														
CTSB	-1.217604808	1	1														
KCTD14	1.6600743	0.581397038	1														
ARPC5L	-0.09177049	1	1														
ANKS6	1.178700737	1	1														
GDE1	1.038170901	1	1														
PARD6G	-2.779701226	0.032645359	0.461569172														
MFF	-1.035798185	1	1														
CDK10	-1.681379288	0.556135596	1														
LMBR1	-0.376798926	1	1														
SPPL3	0.302494137	1	1														
ARFGAP1	-1.716042783	0.516925274	1														
CREB3	1.427751885	0.920179717	1														
SLC23A1	4.124559583	0.000222867	0.037534378														
RASGRP2	1.56697934	0.702717125	1														
SLC13A4	0.212790356	1	1														
CWF19L1	-0.415755251	1	1														
C1QTNF1	-1.939875175	0.31436917	1														
SLC12A9	1.530056276	0.756016799	1														
SLC12A6	1.303248194	1	1														
DDX21	0.802167335	1	1														
TBC1D20	-0.917138076	1	1														
MAGI2	1.754938454	0.475619014	1														
UCKL1	-2.181081984	0.175064119	1														
REG4	1.408756374	0.953443314	1														
DUSP19	2.027144148	0.255886039	1														
SETDB2	1.408425186	0.954031235	1														
NDUFV3	1.320386296	1	1														
TAP1	3.245016077	0.00704664	0.21674374														
EPPIN	1.451645774	0.879600746	1														
FBXO2	0.600138827	1	1														
PPTC7	-0.305053316	1	1														
SYT5	-0.944040742	1	1														
CRKL	0.388082754	1	1														
SLC26A5	-2.04913865	0.242691355	1														
GNAS	-1.675422433	0.56310827	1														
NRDE2	-0.427498266	1	1														
KIAA0586	2.918057938	0.021133134	0.377360719														
ARNT	-1.318865884	1	1														
APBB3	2.041803011	0.247026453	1														
C11orf54	0.932544676	1	1														
FAM78B	-1.63337814	0.61433695	1														
ELP5	2.315704429	0.123446475	0.909600421														
LRRIQ3	2.917869786	0.021145889	0.377360719														
ATG7	0.975125436	1	1														
IPO4	0.335427314	1	1														
WDR91	-1.050009826	1	1														
DDRGK1	-0.210811767	1	1														
MAK	1.375876654	1	1														
SMOC2	-1.008972063	1	1														
ANXA6	-1.437502578	0.903451445	1														
AK5	0.455897836	1	1														
TYW5	1.024586072	1	1														
THRAP3	0.207703399	1	1														
ERO1B	0.085485947	1	1														
HKDC1	-1.852629662	0.383612748	1														
OCA2	0.045643904	1	1														
FYN	1.522661548	0.767060416	1														
ELOVL2	-0.515956494	1	1														
ACAP3	-0.001205683	1	1														
SND1	-2.832705085	0.027693569	0.423349222														
GPSM1	-1.371558017	1	1														
PGAP1	-0.716262796	1	1														
ALDH9A1	2.986058614	0.016955908	0.336843269														
FN1	-0.859466433	1	1														
GABPA	-0.22676971	1	1														
NRDC	1.156794805	1	1														
SLC25A26	2.220363079	0.158364787	1														
SLC38A6	3.359158167	0.004690818	0.177776434														
EGFLAM	-2.558870916	0.063007636	0.647570006														
TMEM207	1.702966684	0.53144582	1														
SCARA5	1.195122214	1	1														
OR5K4	-0.308342887	1	1														
LUC7L2	0.631946271	1	1														
PLSCR4	0.233934146	1	1														
FMOD	-0.15831685	1	1														
PDE5A	0.375890878	1	1														
SEMA4A	-1.196853909	1	1														
NET1	2.262141546	0.142131957	0.974508992														
ASGR2	1.010976202	1	1														
ATRNL1	-0.063483484	1	1														
NEIL1	-0.456674232	1	1														
C5AR1	0.723174094	1	1														
SRGAP1	-0.744226114	1	1														
GPAA1	-1.488690891	0.819412709	1														
ENTPD2	-2.409485166	0.095850273	0.795151384														
BLM	1.381536017	1	1														
ITSN2	-0.132223602	1	1														
MRPL52	0.131016414	1	1														
SPART	-0.412735376	1	1														
C6orf89	1.313567443	1	1														
MSRB3	0.017217486	1	1														
OCLN	2.948733764	0.019144723	0.361168753														
AP3M1	-0.11865125	1	1														
KEL	0.863523024	1	1														
MINK1	1.355584109	1	1														
APCDD1	0.575484218	1	1														
TDRD7	-1.609191891	0.645446334	1														
ANO1	-1.07968775	1	1														
GIT2	1.469835662	0.849637608	1														
THSD4	1.471165985	0.847477402	1														
MORN3	1.286105121	1	1														
WARS1	-0.4659774	1	1														
ZFYVE19	2.50758455	0.072935697	0.693128094														
MYH7	-1.762487032	0.467922273	1														
CD47	0.007362079	1	1														
SHTN1	0.633421497	1	1														
MFSD12	0.748766718	1	1														
CCDC69	1.312155277	1	1														
GFRA1	1.63174943	0.616393695	1														
MFSD10	-0.99780979	1	1														
NUDCD3	-1.972399062	0.291384413	1														
ZNF512	0.500014126	1	1														
P3H4	1.5106999	0.785189568	1														
VANGL1	-0.293867173	1	1														
OPHN1	-1.719051894	0.513629539	1														
DPF1	-0.444032974	1	1														
DHCR7	-0.971498123	1	1														
TBCD	-0.553104461	1	1														
SPNS3	0.688844531	1	1														
ZNF536	-2.065421971	0.233298549	1														
HTR3A	0.364186096	1	1														
SYNJ2	-0.314042813	1	1														
COX7B2	0.403304875	1	1														
ANKRD35	-0.897418329	1	1														
MORC4	1.705361202	0.528762478	1														
KRT39	1.161094375	1	1														
TLR4	0.76502196	1	1														
TASOR	1.815191149	0.416967237	1														
MRTFA	0.883961748	1	1														
SORBS2	-0.575628163	1	1														
VAT1	1.419505998	0.934509296	1														
TTC3	-1.862491313	0.375203213	1														
DNM2	-1.37770736	1	1														
MBD6	-0.580692362	1	1														
PRMT2	-1.3058179	1	1														
SFXN4	0.467670497	1	1														
PCNX3	0.579056568	1	1														
RET	-0.361658358	1	1														
ZC3H7A	1.287832789	1	1														
PRPF39	2.096399424	0.216280641	1														
SLC17A5	0.312318882	1	1														
MLH3	2.843715173	0.026754534	0.41396383														
ART3	1.951079098	0.306285823	1														
SREBF1	-0.401249979	1	1														
CLEC9A	2.891629769	0.022994957	0.391467622														
FAM227A	1.345563071	1	1														
ERCC6	1.748065004	0.482716632	1														
PDLIM7	0.79971283	1	1														
SVIL	2.645756238	0.048905117	0.568728551														
WDR88	2.151392942	0.188671187	1														
STK31	-1.095764692	1	1														
GPR160	1.165752526	1	1														
SLC25A46	0.980745843	1	1														
TAT	3.605361312	0.001870314	0.110774759														
MBP	-2.544448381	0.065670292	0.660988967														
TRIM13	1.007776987	1	1														
BTG4	1.737506298	0.49378706	1														
MMP23B	0.040668971	1	1														
JPT1	-1.435354342	0.907116899	1														
HNRNPF	-2.05704661	0.238090456	1														
MYO9A	2.065925121	0.233013302	1														
ADD3	1.077183802	1	1														
LAMB3	-0.248683402	1	1														
COL27A1	3.393686839	0.00413751	0.171061859														
NPEPL1	0.108375864	1	1														
ARHGAP8	-1.399478175	0.970017831	1														
TJP1	-1.228554362	1	1														
LIPC	2.693612542	0.042409367	0.533511188														
ACSL5	1.61839582	0.633463934	1														
SUOX	2.079698369	0.225319247	1														
PSMD12	-1.250688937	1	1														
ST3GAL4	-0.00649122	1	1														
UVRAG	2.230051136	0.15446429	1														
ACMSD	2.764906993	0.034163417	0.470865726														
RAC1	0.015832842	1	1														
RNF14	-0.578379994	1	1														
SH3YL1	0.720798999	1	1														
PXK	1.663452305	0.577331583	1														
KATNAL2	1.592511941	0.667618334	1														
FBRS	-2.24547771	0.14842489	0.99444253														
SUN5	0.642504674	1	1														
GTF3C1	0.695541866	1	1														
RNH1	-2.857723859	0.025601492	0.40675424														
CENPL	2.008335908	0.267645652	1														
CDAN1	0.123192195	1	1														
UBA5	1.690033555	0.546129211	1														
AKAP9	2.297043613	0.129697691	0.936795464														
RANGAP1	-0.203146184	1	1														
CACNA2D1	-0.571227256	1	1														
SDAD1	0.668801678	1	1														
AMPH	-0.325546281	1	1														
RBCK1	-1.137587301	1	1														
JAML	0.642866652	1	1														
TMPRSS11F	-2.909326909	0.021732474	0.380662064														
NCAPG2	0.734714029	1	1														
GALNT6	1.790148217	0.440580523	1														
ZNF770	2.019490608	0.260617515	1														
AREL1	-0.55817138	1	1														
FAM149A	1.848787332	0.386931164	1														
CCDC151	1.683700193	0.553437744	1														
LSS	-0.326910869	1	1														
PITPNM1	-0.348162915	1	1														
ACOX3	0.10950755	1	1														
IGBP1	-2.060539739	0.236081826	1														
RAP1A	0	1	1														
HYLS1	1.293566814	1	1														
MYOM1	0.362733313	1	1														
ARHGEF26	2.599879726	0.055953863	0.61176517														
UBE2C	-2.024132337	0.257739224	1														
EML6	-0.028538951	1	1														
H3C4	-1.654374814	0.588308283	1														
BCKDHB	1.426624249	0.922129385	1														
STOML2	-0.476975232	1	1														
PIGR	0.387714682	1	1														
GMNN	0.410504372	1	1														
ADAM33	2.276993602	0.136719646	0.960497417														
LEKR1	2.381447609	0.103468462	0.828658735														
RSPO1	1.254092104	1	1														
MEGF6	0.436751102	1	1														
PTGER3	2.087630162	0.220987254	1														
PEX14	-1.339281427	1	1														
ABCC11	1.354281212	1	1														
NRARP	-1.373366103	1	1														
OSCP1	2.351826957	0.112088781	0.868906367														
ATN1	0.104033878	1	1														
TMEM259	0.077195529	1	1														
PPP4R2	1.949711928	0.307262783	1														
ATP5F1C	0.792466856	1	1														
BTN2A2	0.736275116	1	1														
CNNM1	-1.095868255	1	1														
SLC39A8	1.23269794	1	1														
CRB3	3.804483201	0.000852603	0.074363362														
PIK3R4	0.954190849	1	1														
PIWIL2	-0.60377893	1	1														
CCDC88B	1.190509446	1	1														
EDRF1	-0.066752985	1	1														
ITGAL	2.160984602	0.184179173	1														
TBC1D9B	-1.302726189	1	1														
MYLIP	-0.585771021	1	1														
GOLGA4	3.366004798	0.004575923	0.177776434														
ATP10A	-0.361573855	1	1														
BICD2	-1.971973257	0.291675957	1														
C12orf29	1.620348848	0.630944168	1														
SASH3	-0.056259416	1	1														
IL27	1.495768439	0.808284051	1														
ABCD4	1.698516541	0.53646188	1														
SLITRK4	-2.92238103	0.020841978	0.377005595														
ADAM15	0.244294394	1	1														
IGF2R	0.061500484	1	1														
TXNDC11	1.292522568	1	1														
ARG1	2.24519335	0.148534337	0.99444253														
SPINK14	0.098038732	1	1														
SCRIB	-1.675942588	0.562496632	1														
MFNG	1.11642386	1	1														
GUCA2A	1.732307206	0.499313278	1														
DMD	-0.923537161	1	1														
CAVIN1	-0.882427135	1	1														
PEX2	-0.849445146	1	1														
RASSF1	0.313098806	1	1														
RAB4B	-0.94458886	1	1														
CFAP43	3.856952647	0.000688856	0.0652194														
LMO7	0.336781706	1	1														
ELAVL4	-0.265576677	1	1														
ATP2A1	1.931113107	0.320814399	1														
TRIM38	-0.987768041	1	1														
ADIPOR2	0.509547453	1	1														
NELL1	1.448061848	0.885598525	1														
XPNPEP3	2.816935537	0.029090554	0.43545206														
TEX43	1.356683139	1	1														
MYBPHL	-0.998132402	1	1														
GM2A	-0.371450323	1	1														
PWWP3B	2.547164018	0.065161425	0.660641394														
TOP3B	-0.189988082	1	1														
ZMYM6	3.520210931	0.002587222	0.130515988														
WFDC8	-0.18325533	1	1														
DCHS2	3.336897015	0.00508316	0.184939885														
RC3H2	0.088822918	1	1														
COL9A1	0.666151823	1	1														
INKA2	-0.849912501	1	1														
SMARCAL1	-0.085403787	1	1														
PRRC2B	0.999679619	1	1														
NUDT13	2.980934932	0.017242191	0.340934871														
ATP13A1	1.036956046	1	1														
DLK2	1.254219429	1	1														
ENTR1	-1.636693283	0.610167438	1														
SMC4	3.288386131	0.006045812	0.200173897														
CCRL2	1.308188546	1	1														
ERGIC3	0.528187626	1	1														
GIP	1.599226007	0.658622361	1														
C7orf50	0.758511143	1	1														
ACSL3	0.450365899	1	1														
FRMD4A	-0.846972104	1	1														
SMC1B	0.101638261	1	1														
HOMEZ	2.47175494	0.080670988	0.727552864														
ECE2	0.600567431	1	1														
STRN3	0.316103387	1	1														
ARPIN	-0.608008395	1	1														
ARID5A	1.536857168	0.745969742	1														
POP5	0.680880779	1	1														
TOR4A	-0.645565312	1	1														
TRPM3	-1.439452084	0.900134859	1														
SYCP2	-1.824275979	0.40866216	1														
FXR1	-1.225831963	1	1														
CACNA1E	-0.860443627	1	1														
MAP3K6	-1.112394707	1	1														
AP1B1	1.095708658	1	1														
SLC37A4	0.607162782	1	1														
DNAJC14	0.850434114	1	1														
BMX	-0.906389253	1	1														
AGBL2	2.220708406	0.158224306	1														
POT1	0.509832586	1	1														
CCR9	-0.609177696	1	1														
FAM219B	-0.0238494	1	1														
DENND2D	0.550765175	1	1														
BRPF3	0.858905658	1	1														
BRCA1	2.639607482	0.049801259	0.574428656														
ATP2B4	3.313204911	0.005534003	0.193598875														
BCO2	1.722630084	0.509732646	1														
MYBPC2	-2.308100093	0.12596142	0.920922292														
SAP130	-2.105686588	0.211389514	1														
MAFG	-2.445288782	0.086841719	0.754101427														
MCTP2	0.545175245	1	1														
CHM	1.131413895	1	1														
APOA4	2.024125935	0.257743174	1														
COPS5	-1.7643501	0.466038323	1														
LVRN	4.029744237	0.000335025	0.045458468														
SEMA4F	0.374211703	1	1														
RFX4	-1.283072469	1	1														
CDK5RAP1	0.648099944	1	1														
SLC8A3	0.541094505	1	1														
RHOBTB1	0.756759557	1	1														
TLL2	1.460048519	0.865660438	1														
SERTAD1	0.932365592	1	1														
ERI2	-0.181111066	1	1														
PHF8	1.377418306	1	1														
ELK4	-0.870417762	1	1														
ANKLE2	-2.136316785	0.19592161	1														
DDX47	0.137830698	1	1														
C1orf109	1.139336594	1	1														
RAD23B	1.126462647	1	1														
TMCC2	-1.139718575	1	1														
SYNE2	3.581489362	0.002049846	0.117052659														
ST7L	0.594357291	1	1														
GMFB	-0.825778008	1	1														
MAGT1	-1.013667913	1	1														
DAPK1	-1.081612386	1	1														
ASIC4	-1.497230875	0.805999166	1														
PAX5	0.258183105	1	1														
METTL9	-1.174615432	1	1														
S1PR3	-1.250122207	1	1														
GRAMD1C	1.471596508	0.846779214	1														
EPHB4	0.202315521	1	1														
CTSE	0.867923704	1	1														
BDH1	-0.069112228	1	1														
RABEP2	1.517138067	0.775390974	1														
TES	0.21688546	1	1														
DMAC1	0.161088586	1	1														
NF1	0.961149883	1	1														
HSD17B11	0.380098837	1	1														
FAM217B	-0.913366854	1	1														
PAK4	-0.035070544	1	1														
ZC3HC1	0.313470338	1	1														
CX3CR1	1.03063339	1	1														
SUSD2	-0.120492559	1	1														
WDR55	-0.177336565	1	1														
FRYL	0.942133278	1	1														
MIGA2	0.309184531	1	1														
DCAF4	-0.192212002	1	1														
TXNDC15	1.532632726	0.75219824	1														
COL11A1	-0.205959973	1	1														
DNA2	2.733306475	0.037621175	0.498509931														
ITIH2	2.001167995	0.272245732	1														
EPHA2	-0.907809917	1	1														
TRIM33	-1.227167485	1	1														
STAT4	-1.097789643	1	1														
CASP8	0.376893914	1	1														
COL6A6	0.98655495	1	1														
PSMB10	0.136938964	1	1														
PATE2	0.715546784	1	1														
SLC6A20	2.897441503	0.022573193	0.386353556														
AKAP4	-0.005671516	1	1														
ARHGAP19	-1.242720141	1	1														
PTPN5	0.234078098	1	1														
VPS13B	1.375547875	1	1														
TMA16	2.639239081	0.049855415	0.5745329														
ANKRD17	0.220638393	1	1														
REX1BD	0.435739725	1	1														
PASK	-1.385390999	0.995597651	1														
FCGR2B	-0.424231675	1	1														
EXT2	0.960808187	1	1														
ENTPD4	0.088188312	1	1														
HELZ	1.32074276	1	1														
QSOX2	-0.735353129	1	1														
HMMR	1.800693526	0.430507191	1														
BDP1	2.869321979	0.024681169	0.403971732														
H2AC13	-2.303696496	0.12743812	0.926782994														
FUT4	0.863674255	1	1														
PRRT2	-0.764538748	1	1														
SYN3	-0.914212839	1	1														
PBLD	4.248991066	0.000128841	0.029297589														
ACADSB	3.361138469	0.004657314	0.177776434														
FAM76B	-0.619920374	1	1														
FAM3D	1.861194997	0.376299868	1														
GTPBP3	1.450424739	0.881640675	1														
STIP1	-0.180812479	1	1														
MANEA	1.158180194	1	1														
CCL20	-0.493030805	1	1														
CNDP1	-0.680054537	1	1														
CAMSAP2	-0.509243873	1	1														
PRDM10	0.066291733	1	1														
REV3L	2.680623955	0.044091026	0.543518996														
GK2	-0.099644708	1	1														
TMC2	1.585145575	0.677599576	1														
TMEM126B	3.065908471	0.013020584	0.290884417														
FAM114A1	1.088383805	1	1														
TFEB	1.089308899	1	1														
DUS2	1.554440072	0.720476886	1														
FHAD1	2.35164726	0.112142939	0.868906367														
EDC4	-0.88655167	1	1														
RAB3GAP2	-1.499185349	0.802953328	1														
TGFBR2	-1.915754583	0.332378047	1														
MAP3K5	-1.42671934	0.921964852	1														
ZNF511	-0.156127455	1	1														
KLHL9	-0.32801738	1	1														
C17orf80	1.678405347	0.559607967	1														
PDE3A	1.163943594	1	1														
SFTA2	2.171209053	0.17949224	1														
CACNA1G	0.07357282	1	1														
NOL12	0.86880397	1	1														
KCNQ2	-1.38156864	1	1														
WWP2	2.438542962	0.088479634	0.761413359														
CD163	-0.306948346	1	1														
NUP98	2.101643244	0.213507233	1														
FRA10AC1	0.614397927	1	1														
KIRREL1	-0.407291909	1	1														
B4GALT4	1.747158599	0.483658986	1														
LYPD2	-0.890022198	1	1														
SLC25A29	1.069570569	1	1														
VSIG10	1.749626674	0.481096524	1														
PLAC1	0.171481229	1	1														
SNX11	0.717366456	1	1														
PHF2	-0.177351799	1	1														
MYOF	-1.206907029	1	1														
SLC2A10	3.578057622	0.002076943	0.118070494														
CTPS2	-0.119328505	1	1														
ANXA10	1.158647495	1	1														
CD2AP	1.150383226	1	1														
TPGS1	-1.352473894	1	1														
AADACL3	0.725648489	1	1														
XRCC2	0.455340764	1	1														
MYOZ1	0.331891885	1	1														
C1orf112	2.116511288	0.205808077	1														
KLHDC1	1.526963566	0.760620428	1														
CGB2	-0.60985554	1	1														
SLFNL1	-1.787414108	0.443223499	1														
KLHL14	-1.841805753	0.393021409	1														
TRPV6	-1.077420149	1	1														
ARCN1	0.463127961	1	1														
RPE	-1.915162017	0.332831069	1														
TMC3	-1.636097141	0.610915551	1														
FGF17	0.816494421	1	1														
PCBP2	-1.097971368	1	1														
MFAP5	1.302501093	1	1														
PLGLB2	2.02174825	0.259214199	1														
TCF20	-0.551144613	1	1														
TECPR2	-1.264682062	1	1														
MPZL1	0.533843189	1	1														
ATP6V1H	0.108886235	1	1														
KCNK5	1.620836861	0.630315785	1														
EMP2	-0.044374814	1	1														
HAND2	-1.630170797	0.618392424	1														
PCNT	-0.345833927	1	1														
CLASP2	0.086034548	1	1														
LRP10	0.046467867	1	1														
RYR1	0.428958373	1	1														
ZSWIM5	-2.470541574	0.080945182	0.728800915														
CELA2A	3.508999753	0.002698772	0.133202178														
TYW1	2.378637436	0.104260547	0.832653356														
PGLYRP4	-2.285078525	0.133849343	0.950532461														
ELF3	-0.116021216	1	1														
SUPV3L1	2.859606122	0.025450048	0.40675424														
SLC6A12	3.287938105	0.006055442	0.200173897														
HIBCH	3.525597812	0.002535169	0.129649951														
SLC39A14	1.021549493	1	1														
GRIP1	1.103233128	1	1														
DSG4	1.128623411	1	1														
COL18A1	0.78407224	1	1														
WDSUB1	3.292650766	0.00595486	0.200173897														
PTPN22	1.610451852	0.643795492	1														
MB	0.585172206	1	1														
PLXNA4	-1.734493568	0.496983276	1														
DDA1	-0.467935212	1	1														
CSNK1E	-1.196753005	1	1														
SPINK5	0.221408833	1	1														
KCTD18	0.393197508	1	1														
PLPPR3	-0.715883552	1	1														
ART5	2.251517543	0.146116662	0.986962282														
SULF2	-0.706393889	1	1														
ATG2B	-0.054738233	1	1														
PTPRF	-1.931564525	0.320479668	1														
CCT8L2	0.478668364	1	1														
ATP2A3	-1.073972607	1	1														
NRAP	-0.226624215	1	1														
SDF4	-0.065083522	1	1														
MCMBP	0.014223674	1	1														
DHDDS	0.471589908	1	1														
KALRN	-0.86183568	1	1														
KCTD8	-2.218271948	0.159217774	1														
ENTPD6	-1.351546034	1	1														
GAL3ST4	-0.051015906	1	1														
TPK1	-0.945070162	1	1														
RYR2	-1.243929332	1	1														
XRCC6	0.600970766	1	1														
TFRC	0.267984086	1	1														
MAK16	0.328766197	1	1														
AGBL5	1.72022316	0.512351308	1														
SCNN1A	3.139440047	0.010156263	0.257117														
CBWD3	1.808691443	0.422993719	1														
DYNC1H1	-3.224835996	0.007562691	0.220373706														
KIRREL2	0.563172215	1	1														
RTEL1	-2.027468963	0.255686853	1														
OR52M1	0.929561634	1	1														
CCDC102B	1.626575401	0.622963843	1														
F8	0.252665584	1	1														
CUX1	1.602686369	0.654023487	1														
ATP2B2	-1.533365023	0.75111565	1														
VPS13A	1.174766842	1	1														
RAB5B	-0.256403886	1	1														
BAZ1A	2.713191263	0.039983179	0.516375054														
CASS4	0.630906714	1	1														
GATAD2A	0.934461544	1	1														
C20orf96	2.730166112	0.037981452	0.501197731														
MAP2	1.62349345	0.626903774	1														
PARP9	2.223769098	0.156983901	1														
TIAM2	-2.863901189	0.025107512	0.40675424														
LRRCC1	0.265128122	1	1														
STIL	2.180652932	0.175254581	1														
EIF2B3	2.358243051	0.110169999	0.860580588														
NRP2	1.084590214	1	1														
MYH10	1.157383921	1	1														
DSC3	-0.742473518	1	1														
SYTL3	-0.597206748	1	1														
PLEKHG4	2.773304902	0.033294061	0.466923544														
COL4A2	-1.069101417	1	1														
SPOCD1	2.284193593	0.134160936	0.950532461														
DPP4	-0.216974438	1	1														
TOPORS	2.637515513	0.050109483	0.576094749														
KRTAP26-1	-0.647817056	1	1														
MMP17	-2.462249659	0.082841113	0.738653467														
SCAF1	-0.203910543	1	1														
RRM2	-0.478185058	1	1														
SLC6A9	-0.755111707	1	1														
WDHD1	0.166976594	1	1														
ANKRD53	1.637309434	0.609394985	1														
LONP1	1.666227578	0.574008571	1														
PCED1A	-0.13290761	1	1														
TLR9	0.440132876	1	1														
CSNK1G3	0.328786465	1	1														
HTR4	2.108809268	0.20976629	1														
DRC7	1.878753077	0.361669301	1														
MYLK	1.380904258	1	1														
TRPM6	5.85213902	2.91E-08	9.27E-05														
SDCBP2	-0.219104546	1	1														
RBBP8	2.19651391	0.168331084	1														
UBAP2	3.879953217	0.000626859	0.063859416														
GTPBP4	-1.717576726	0.515243091	1														
RRBP1	0.992453109	1	1														
FAM177B	0.619267572	1	1														
SCUBE1	-0.60678742	1	1														
ANKHD1	3.761170851	0.001014719	0.083683578														
RGS22	3.616972418	0.001788414	0.108363028														
DNAJC5	-1.379576697	1	1														
EIF3B	-2.305482933	0.126837249	0.923996299														
UBE2Z	-2.660640134	0.046795359	0.559564537														
TOMM20L	0.692939535	1	1														
NCKAP1	-1.510274314	0.785840659	1														
CPZ	-1.405501595	0.959233051	1														
TMEM239	-0.607914789	1	1														
HAO2	2.072593572	0.229260718	1														
MPEG1	3.72675634	0.001163759	0.089961092														
LAMC3	2.499497315	0.074621785	0.704005175														
RFWD3	-0.971109652	1	1														
NMRK1	1.669986488	0.569532222	1														
CCL28	0.821643828	1	1														
ITPRIPL1	-0.097942961	1	1														
LRIG2	1.387705863	0.991359781	1														
RASGEF1C	-0.645971213	1	1														
SMC5	0.873420291	1	1														
IQGAP3	-0.837160848	1	1														
CAPZA2	-1.288089344	1	1														
PJA2	3.382433941	0.004310793	0.171769232														
SLC26A11	1.825949981	0.407146779	1														
DUSP27	-0.137803908	1	1														
DST	4.433609878	5.56E-05	0.024576648														
ARHGEF10L	1.017762919	1	1														
RASSF9	2.270281457	0.139143068	0.961915219														
BTN3A3	0.591306031	1	1														
AKAP13	0.514484752	1	1														
CDC42BPB	-0.442891651	1	1														
C8A	0.119561516	1	1														
SPOUT1	-1.195454752	1	1														
HACD1	-2.495605759	0.075445359	0.707974361														
CHAMP1	4.007091693	0.000368826	0.048923235														
TAF11	0.545267756	1	1														
MAST2	1.182851186	1	1														
EGFL6	-2.347652879	0.113352711	0.874418455														
CAMK1G	0.841631317	1	1														
ZSCAN20	2.858516538	0.025537615	0.40675424														
MAP3K3	-0.512054657	1	1														
FAM189B	0.692435531	1	1														
CTR9	-0.126674811	1	1														
KIAA0753	-0.18621644	1	1														
PHLDB1	-1.547455867	0.730520151	1														
KIF21A	0.821896295	1	1														
TOX	-0.000183284	1	1														
ZNF318	1.884370671	0.357089125	1														
DENND10	-0.985693776	1	1														
RPL12	-1.590565107	0.670244895	1														
NSMCE1	1.420450278	0.932859806	1														
MTOR	-0.991477141	1	1														
TOGARAM1	2.372835411	0.105912767	0.840831158														
TGM2	-1.34688761	1	1														
PJA1	0.083396912	1	1														
MPHOSPH8	1.013687172	1	1														
LRRC10	0.652560377	1	1														
PNP	-0.413700673	1	1														
GAB2	0.965452708	1	1														
OPA1	0.780944342	1	1														
PPEF1	0.502616238	1	1														
ZNF521	2.585373465	0.058364142	0.621932205														
SLC25A47	-1.074950547	1	1														
BRINP2	-0.675054373	1	1														
SELENON	1.418020143	0.937109303	1														
OSTC	0.508740177	1	1														
IPO9	-1.215193518	1	1														
KRT19	-1.852830237	0.383440169	1														
PPT2	-0.25562603	1	1														
R3HDM4	1.09680466	1	1														
DZIP3	0.438676538	1	1														
C1orf174	0.075019457	1	1														
MFAP3L	0.288858551	1	1														
ARHGAP11A	1.726672319	0.505359179	1														
ULK2	-2.544170277	0.065722604	0.660988967														
SLC26A1	-0.990853036	1	1														
TEX45	1.395670284	0.97688284	1														
GRM3	1.567559896	0.701903266	1														
ALPK2	1.858541029	0.378553336	1														
RUNDC1	0.330738839	1	1														
COMT	3.132060837	0.010415034	0.2598237														
ST6GAL2	1.433556898	0.910192506	1														
UTS2	0.681074658	1	1														
OSGIN1	1.534392856	0.749598204	1														
TIFA	1.577279449	0.688387434	1														
GRM1	-0.316709833	1	1														
GPATCH3	2.087594172	0.221006749	1														
TBKBP1	-1.716636441	0.516273719	1														
DLX1	-0.939634705	1	1														
CNTNAP2	-1.378613827	1	1														
E2F2	-0.111357433	1	1														
SFT2D1	-0.414890817	1	1														
EEF1AKNMT	-1.088355047	1	1														
CYB5R3	-0.950009719	1	1														
ISLR2	-0.87973783	1	1														
QKI	0.562062426	1	1														
SBNO2	0.407943453	1	1														
CD3E	-0.684984993	1	1														
CIPC	0.231106601	1	1														
L3MBTL3	0.485390511	1	1														
CELF4	-1.749699423	0.48102116	1														
ABCG1	0.925126586	1	1														
SMC3	-2.320580351	0.060928511	0.637684886														
SMG5	-0.778245282	1	1														
GRIN3A	-0.665746013	1	1														
ZNF277	-1.148244777	1	1														
HORMAD1	-0.064506004	1	1														
ASTN1	0.284864602	1	1														
FCRL5	0.845012835	1	1														
TEDC2	1.919277763	0.329695145	1														
SPRYD7	0.091308007	1	1														
XAF1	0.46852061	1	1														
MOK	-1.646017293	0.598561192	1														
COL6A1	-3.287364943	0.006067781	0.200173897														
DCTN1	-0.597678794	1	1														
TSC22D2	1.320492554	1	1														
ILF2	-1.553319505	0.361040468	1														
NOS1AP	-1.758146796	0.472335211	1														
AGL	2.110530841	0.208875946	1														
DIO1	0.513184515	1	1														
ARHGEF15	-0.948601508	1	1														
COLGALT2	0.512669374	1	1														
MINDY1	-0.040615874	1	1														
ZNF830	1.460576509	0.864790181	1														
CCDC152	1.390813801	0.985691381	1														
PLXNB3	0.379634121	1	1														
KIFBP	1.014436736	1	1														
CNTF	1.319018789	1	1														
ASB12	-0.363647713	1	1														
PCGF3	-1.078207188	1	1														
BRDT	1.407371018	0.955904403	1														
GLMP	1.674036393	0.564740683	1														
VEPH1	3.646116561	0.001597399	0.104263811														
PTGS1	1.204318623	1	1														
MTCP1	-2.029118939	0.254677064	1														
SLC39A13	0.819267813	1	1														
SLC9B2	2.376327885	0.104915502	0.83499625														
SUCNR1	2.351298696	0.112248056	0.868906367														
MRPL21	-0.174810357	1	1														
NFE2L1	1.542462624	0.737767283	1														
WHRN	0.460792425	1	1														
CACNA1S	-2.092316375	0.218461343	1														
NOTCH2NLA	-0.795314481	1	1														
CD247	0.415484553	1	1														
GP1BB	3.100262354	0.011600958	0.271424247														
SH3BP5L	-1.324782593	1	1														
TRIM58	1.364465641	1	1														
SCCPDH	1.65495503	0.587601721	1														
CNST	0.998381904	1	1														
TFB2M	2.927856551	0.020478448	0.374673222														
EFCAB2	-1.2473358	1	1														
COX20	-0.375292518	1	1														
CATSPERE	3.226445132	0.007520296	0.220266128														
SDCCAG8	0.910177886	1	1														
CEP170	1.903132178	0.3421398	1														
WDR64	1.294776481	1	1														
CHML	1.737179382	0.494133078	1														
OPN3	-2.862391177	0.025227457	0.40675424														
KMO	3.149911616	0.009799192	0.253776025														
FH	-0.87639766	1	1														
HEATR1	1.894478319	0.348969297	1														
GPR137B	0.436490817	1	1														
B3GALNT2	1.771054223	0.459310112	1														
IRF2BP2	1.902477993	0.34265216	1														
COA6	-0.665793003	1	1														
SLC35F3	-2.202743029	0.165677194	1														
MAP3K21	1.645088663	0.599709169	1														
NTPCR	0.985453487	1	1														
EXOC8	0.253320379	1	1														
GNPAT	1.127074473	1	1														
C1orf131	2.068890742	0.231338043	1														
TRIM67	2.6500684	0.048285286	0.567742225														
FAM89A	0.802685498	1	1														
TTC13	1.579017112	0.685992792	1														
C1orf198	0.061353696	1	1														
AGT	2.211065797	0.162187686	1														
COG2	2.270948719	0.138900495	0.961915219														
RAB4A	0.395758171	1	1														
H3-4	-0.508231988	1	1														
TRIM17	-1.035962032	1	1														
IBA57	1.256145518	1	1														
GJC2	-1.026244524	1	1														
DLL1	-1.480751425	0.832036949	1														
PRSS38	-0.061764304	1	1														
JMJD4	1.067243511	1	1														
ERMARD	-0.134565705	1	1														
TCTE3	-0.89240951	1	1														
COQ8A	0.412842205	1	1														
PSEN2	0.537234392	1	1														
STUM	-2.455965786	0.08430392	0.746022323														
PARP1	0.611954703	1	1														
DACT2	-0.701534863	1	1														
ACBD3	1.301253564	1	1														
LEFTY2	-0.452528909	1	1														
GPR31	0.760285995	1	1														
TMEM63A	-0.389867411	1	1														
CEP43	-1.526490394	0.761326685	1														
CAPN8	-2.045855814	0.244623352	1														
PRKN	-1.681745784	0.555708876	1														
DUSP10	0.830776552	1	1														
HLX	-0.376362243	1	1														
MTARC1	2.153644254	0.187608486	1														
MTARC2	1.354939769	1	1														
MARK1	1.543824316	0.735785393	1														
IARS2	2.85756736	0.025614121	0.40675424														
SLC30A10	-0.776910903	1	1														
LYPLAL1	1.354416859	1	1														
RRP15	-0.147493767	1	1														
SPATA17	-0.115201163	1	1														
GPATCH2	0.034468321	1	1														
SLC22A2	2.112622335	0.207798633	1														
PTPN14	0.076991647	1	1														
SMYD2	-0.873181427	1	1														
RPS6KC1	1.220294087	1	1														
ANGEL2	0.75476924	1	1														
SLC22A1	1.45939453	0.866739304	1														
FLVCR1	1.232914348	1	1														
NSL1	1.187708812	1	1														
DTL	0.332021542	1	1														
INTS7	-0.363950258	1	1														
LPGAT1	0.033457667	1	1														
NEK2	-0.313851825	1	1														
SLC30A1	0.713492329	1	1														
RD3	0.520614799	1	1														
SERTAD4	0.069530596	1	1														
TRAF3IP3	0.545306443	1	1														
HSD11B1	1.411099523	0.949291624	1														
G0S2	0.106084841	1	1														
PLXNA2	-2.153055402	0.187885948	1														
MRPL18	1.60397394	0.652318782	1														
ACAT2	0.658217879	1	1														
CR2	1.545605119	0.733199784	1														
TAGAP	-0.292428378	1	1														
C4BPA	1.155304692	1	1														
EZR	1.133573126	1	1														
C4BPB	2.569134076	0.061171802	0.639107201														
PFKFB2	2.747512904	0.036029487	0.48860436														
DYNLT1	0.785673572	1	1														
TMEM181	-1.16685019	1	1														
FCMR	-1.130862686	1	1														
TULP4	-4.555768433	3.13E-05	0.019309261														
IL20	-1.025366612	1	1														
DYRK3	2.621419554	0.052538655	0.589766269														
EIF2D	2.256836876	0.144109618	0.979237925														
SRGAP2C	-0.170562727	1	1														
AVPR1B	1.139290856	1	1														
SLC26A9	2.84236578	0.026868049	0.414712411														
PM20D1	2.053495857	0.240147067	1														
SLC45A3	0.619063981	1	1														
MFSD4A	-0.202963495	1	1														
NUAK2	0.98554739	1	1														
DSTYK	0.371384512	1	1														
CLDN20	-1.843100192	0.3918863	1														
TFB1M	1.849100428	0.386659876	1														
TMEM81	0.77191334	1	1														
LRRN2	0.140595782	1	1														
MDM4	0.532660881	1	1														
PIK3C2B	0.236645257	1	1														
PPP1R15B	1.856553805	0.380247969	1														
ETNK2	0.647407944	1	1														
SOX13	1.422399389	0.929462042	1														
OPTC	0.031129676	1	1														
CHIT1	0.063533188	1	1														
MTRF1L	0.878085962	1	1														
PPFIA4	-1.690453597	0.545647252	1														
VIP	-1.268729716	1	1														
MYCT1	3.179319751	0.008857269	0.242592403														
CYB5R1	-0.201368784	1	1														
SYNE1	-1.194978722	1	1														
KLHL12	-1.586646731	0.675556063	1														
KDM5B	-0.260550083	1	1														
LGR6	0.448546447	1	1														
PTPN7	-0.995974076	1	1														
GPR37L1	-0.157716723	1	1														
TIMM17A	0.594737689	1	1														
LMOD1	-2.397783734	0.098967604	0.806973164														
ARMT1	3.286070761	0.006095729	0.200576263														
NAV1	-2.680845162	0.044061892	0.543518996														
CSRP1	1.120056791	1	1														
PHLDA3	-0.593815788	1	1														
MTHFD1L	1.53187705	0.753316666	1														
INAVA	-0.81063917	1	1														
KIF14	0.123058745	1	1														
NR5A2	0.155554015	1	1														
NEK7	-0.423195783	1	1														
C1orf53	0.755109212	1	1														
CRB1	2.570473426	0.060935771	0.637684886														
ZBTB41	-1.528794169	0.75789287	1														
ASPM	2.144564994	0.191925862	1														
F13B	0.826033763	1	1														
GINM1	-0.312417779	1	1														
CDC73	-0.066830487	1	1														
UCHL5	1.438215677	0.902237211	1														
RGS1	-0.812721343	1	1														
RGS18	2.386585627	0.10203388	0.820782961														
BRINP3	-0.333339506	1	1														
PLA2G4A	1.480239368	0.832856266	1														
SASH1	0.812424471	1	1														
PTGS2	2.042331334	0.246712056	1														
TPR	1.765235246	0.465145424	1														
RAB32	1.084647369	1	1														
IVNS1ABP	-0.023281152	1	1														
SWT1	2.943056766	0.019499329	0.364082784														
TRMT1L	3.116062938	0.010996989	0.266734586														
RNF2	1.930996208	0.320901128	1														
NIBAN1	2.32356827	0.120891868	0.901837755														
EPM2A	-0.836211539	1	1														
NCF2	2.163700854	0.182923892	1														
SHCBP1L	0.577111863	1	1														
DHX9	-1.070326775	1	1														
NPL	0.658090018	1	1														
RGS16	1.28973941	1	1														
RNASEL	0.71018527	1	1														
STX11	0.673422283	1	1														
LTV1	1.016042163	1	1														
IER5	0.943112776	1	1														
KIAA1614	2.693592313	0.042411941	0.533511188														
XPR1	0.191920494	1	1														
QSOX1	1.82077881	0.41184292	1														
HIVEP2	0.604914764	1	1														
CEP350	3.014341523	0.015452263	0.322044384														
ADGRG6	-0.307425601	1	1														
NPHS2	2.203980157	0.165154438	1														
AXDND1	2.032740659	0.252472387	1														
SOAT1	-1.135523792	1	1														
TOR3A	2.649526494	0.048362791	0.567818136														
VTA1	0.411064336	1	1														
RASAL2	0.29958199	1	1														
HECA	0.875286123	1	1														
ABRACL	-0.38960886	1	1														
PAPPA2	1.983049757	0.284171232	1														
TNR	-1.530750658	0.754986172	1														
ECT2L	2.782836981	0.032331524	0.46104102														
RC3H1	0.605283913	1	1														
SERPINC1	1.849761427	0.386087656	1														
SLC9C2	0.634472108	1	1														
FASLG	-0.340076029	1	1														
SUCO	1.208177362	1	1														
C1orf105	2.174492225	0.178009132	1														
IFNGR1	1.085494435	1	1														
PRRC2C	0.205226267	1	1														
FMO4	1.379560021	1	1														
FMO1	0.824360528	1	1														
FMO3	2.316901552	0.123054571	0.909600421														
MROH9	3.018029924	0.015265427	0.320247027														
GORAB	2.66978461	0.045539951	0.553000768														
SCYL3	0.392696626	1	1														
F5	1.250403676	1	1														
AHI1	-1.201432087	1	1														
CCDC181	0.604926738	1	1														
NME7	1.033394446	1	1														
ATP1B1	0.184152482	1	1														
TBX19	1.80164992	0.429603012	1														
HBS1L	2.475292835	0.079876182	0.727050255														
DCAF6	-0.171312585	1	1														
ADCY10	1.920926439	0.328445892	1														
SGK1	-1.058846154	1	1														
POU2F1	1.060627678	1	1														
GPA33	-0.104568033	1	1														
MAEL	-0.431970931	1	1														
POGK	1.124360257	1	1														
MGST3	3.543838834	0.002366077	0.122603241														
NUF2	0.438876511	1	1														
CCDC190	0.366605168	1	1														
DDR2	0.181206383	1	1														
VNN1	2.306165864	0.126608197	0.922855628														
SH2D1B	-0.988085982	1	1														
TAAR2	-0.117672989	1	1														
SPATA46	-0.142833417	1	1														
OLFML2B	-1.325455043	1	1														
ATF6	-1.663260596	0.577561696	1														
DUSP12	-0.79455254	1	1														
FCRLB	0.020212721	1	1														
FCRLA	0.39990711	1	1														
MOXD1	-0.424798161	1	1														
FCGR3B	-2.050441367	0.24192828	1														
FCGR3A	-1.736558457	0.494790826	1														
CFAP126	-0.670943455	1	1														
SDHC	1.690797202	0.545253251	1														
CCN2	1.286936713	1	1														
NR1I3	0.266569954	1	1														
APOA2	-1.196162777	1	1														
NDUFS2	0.882100388	1	1														
ADAMTS4	-0.861304456	1	1														
UFC1	-1.767056042	0.46331306	1														
DEDD	-0.123635946	1	1														
NIT1	1.562655231	0.708802259	1														
KLHDC9	1.440066617	0.899091316	1														
NECTIN4	-1.336661434	1	1														
ARHGAP30	1.588522142	0.67300991	1														
USF1	-1.566148601	0.703882995	1														
F11R	0.524175664	1	1														
SLAMF7	0.519305723	1	1														
SLAMF6	1.696417957	0.538840532	1														
VANGL2	-0.594993292	1	1														
COPA	0.184210765	1	1														
PEX19	0.980813104	1	1														
CASQ1	-1.35521051	1	1														
ATP1A4	1.045647294	1	1														
PIGM	-2.279729614	0.135742379	0.956052793														
SLAMF9	0.376102227	1	1														
IGSF9	-0.533436641	1	1														
TAGLN2	1.467357651	0.853672731	1														
CFAP45	-0.881153034	1	1														
VSIG8	-2.620637248	0.052659357	0.589766269														
FCRL6	0.547743096	1	1														
FCER1A	0.77269334	1	1														
ACKR1	0.746568089	1	1														
CADM3	-2.450761608	0.085532598	0.74914902														
EPB41L2	-0.317065139	1	1														
OR6K6	-1.456518781	0.87149557	1														
ARHGAP18	-1.737107418	0.494209274	1														
CD1D	-1.261719668	1	1														
CD5L	0.595347845	1	1														
FCRL1	-0.407014828	1	1														
FCRL3	1.407333317	0.955971447	1														
ETV3	1.875379285	0.364443378	1														
ARHGEF11	-0.028006573	1	1														
INSRR	1.255319934	1	1														
MRPL24	-0.521867798	1	1														
RRNAD1	-0.463351455	1	1														
ISG20L2	-0.823032648	1	1														
NAXE	0.5134418	1	1														
TTC24	0.812240648	1	1														
BGLAP	0.133780719	1	1														
PMF1	-0.131899223	1	1														
LAMTOR2	2.658462872	0.0470988	0.561569395														
UBQLN4	1.371758089	1	1														
RSPO3	0.981379045	1	1														
DAP3	0.00452383	1	1														
YY1AP1	1.774454874	0.455927641	1														
ASH1L	-0.528883236	1	1														
RUSC1	0.171115498	1	1														
FDPS	-1.503616335	0.796081096	1														
NCOA7	0.88111408	1	1														
HCN3	0.099651554	1	1														
MTX1	-0.515826743	1	1														
THBS3	-0.348452829	1	1														
SLC50A1	0.876957454	1	1														
EFNA1	2.578406265	0.059554335	0.628826616														
NKAIN2	-2.379696569	0.103961394	0.832083212														
DCST2	1.621206244	0.629840484	1														
SMPDL3A	0.02145731	1	1														
PBXIP1	0.905376102	1	1														
PMVK	-0.528786067	1	1														
MAN1A1	1.285194522	1	1														
CHRNB2	-0.345142203	1	1														
TDRD10	-1.293625826	1	1														
IL6R	0.675161009	1	1														
CEP85L	0.031719098	1	1														
ROS1	1.956294484	0.302582842	1														
C1orf189	0.517905014	1	1														
ECHS1	0.175120921	1	1														
FAM162B	2.000615363	0.27260314	1														
NUP210L	1.127269751	1	1														
TUBGCP2	-1.197070799	1	1														
ZUP1	3.711279653	0.001237285	0.09322831														
CFAP46	-0.667728115	1	1														
CALHM4	-0.468681108	1	1														
CALHM5	0.207710818	1	1														
CREB3L4	1.057102921	1	1														
LRRC27	0.648618121	1	1														
CRTC2	0.219093905	1	1														
TCERG1L	-1.692297954	0.543535067	1														
GLRX3	-1.620364546	0.630923947	1														
TUBE1	-0.029665411	1	1														
CLRN3	-0.564970534	1	1														
ADAM12	0.126848381	1	1														
NPR1	-0.860538878	1	1														
SNAPIN	0.298666834	1	1														
CHTOP	-0.419378124	1	1														
FANK1	0.385126399	1	1														
S100A8	1.198099347	1	1														
PRR9	1.309236609	1	1														
UROS	-0.459832435	1	1														
TCHHL1	0.37675448	1	1														
MMP21	-2.360695612	0.109444173	0.857110764														
S100A10	0.393189444	1	1														
THEM4	0.602715415	1	1														
THEM5	1.858408491	0.378666164	1														
LINGO4	0.522043094	1	1														
TEX36	0.445546434	1	1														
MRPL9	1.550754092	0.725763757	1														
LHPP	-0.869623842	1	1														
OAT	-1.616521999	0.635889006	1														
TUFT1	-0.126474792	1	1														
SLC16A10	0.930779175	1	1														
BUB3	0.180497051	1	1														
PI4KB	-0.389387831	1	1														
PIP5K1A	0.760063686	1	1														
SCNM1	0.36158061	1	1														
LYSMD1	0.643991376	1	1														
TNFAIP8L2	1.126130438	1	1														
SEMA6C	-0.001993014	1	1														
GABPB2	1.4484974	0.884867955	1														
SLC22A16	3.054719622	0.013516261	0.297778656														
DDO	1.634691702	0.612682157	1														
BNIPL	1.722607507	0.509757159	1														
ANXA9	-0.686023578	1	1														
CEP57L1	2.232822984	0.15336372	1														
AFG1L	0.60466865	1	1														
NR2E1	1.298208484	1	1														
HTRA1	-0.918908997	1	1														
CTSS	1.292582392	1	1														
PLEKHA1	-1.039802003	1	1														
TACC2	-0.151663961	1	1														
SCML4	1.107549677	1	1														
NSMCE4A	-0.614251908	1	1														
PDSS2	0.838993704	1	1														
ADAMTSL4	1.222102312	1	1														
BEND3	0.594235612	1	1														
QRSL1	2.453681123	0.084841386	0.748697299														
ECM1	-1.485018884	0.825232931	1														
RTN4IP1	1.116444775	1	1														
TARS2	2.101948562	0.213346692	1														
RPRD2	-0.744626514	1	1														
SEC23IP	0.188043104	1	1														
BAG3	-0.369552245	1	1														
CIART	0.387519287	1	1														
C1orf54	0.387436466	1	1														
APH1A	-0.197277179	1	1														
PLEKHO1	-0.637886895	1	1														
EIF3A	-2.27387296	0.137841755	0.961446734														
BOLA1	1.508047018	0.789254963	1														
ASCC3	-0.844991409	1	1														
FCGR1A	-1.410389349	0.950548492	1														
FAM204A	0.050397413	1	1														
RAB11FIP2	-0.996109002	1	1														
SIM1	0.54763692	1	1														
PRDM13	0.466762578	1	1														
PNLIP	3.999447869	0.000380943	0.049499213														
GJA8	-2.737825072	0.037108178	0.49480161														
PNISR	0.779097586	1	1														
FBXL4	0.462474986	1	1														
FAM160B1	1.304162643	1	1														
CHD1L	-0.072213785	1	1														
UFL1	0.239341634	1	1														
CCDC186	0.0475854	1	1														
ADRB1	0.771459499	1	1														
NHLRC2	0.473979194	1	1														
DCLRE1A	1.821325687	0.411344184	1														
PLEKHS1	1.638440996	0.607978399	1														
GJA10	0.425294985	1	1														
SCAF11	3.322116434	0.005360244	0.190766144														
FCGR1B	-1.184263061	1	1														
MDN1	3.348280631	0.004878878	0.179042154														
ZDHHC6	0.890114312	1	1														
HMGCS2	-1.812236347	0.419698111	1														
GDAP2	-1.60731335	0.647913884	1														
SHOC2	0.356108753	1	1														
VTCN1	0.997692509	1	1														
TTF2	0.328885137	1	1														
CD101	1.045933667	1	1														
CD2	1.065593978	1	1														
IGSF3	-0.444037133	1	1														
FUNDC2	-0.320818383	1	1														
MAB21L3	-0.533754883	1	1														
SLC22A15	-1.413378706	0.945266419	1														
NHLH2	1.011843649	1	1														
RBM20	1.542045979	0.738374525	1														
SYCP1	1.156335613	1	1														
SMIM9	0.562859102	1	1														
MPP1	-1.240383874	1	1														
NRAS	-0.68789549	1	1														
RARS2	2.065477149	0.233267253	1														
BCAS2	-0.856356211	1	1														
SYT6	-1.848225797	0.38741811	1														
DKC1	-0.655844429	1	1														
SLC35A1	1.279141931	1	1														
CFAP206	2.357007082	0.110537373	0.861433848														
AP4B1	-0.660916084	1	1														
GAB3	-1.177882911	1	1														
DUSP5	0.255849923	1	1														
SMNDC1	-2.244789204	0.148690009	0.99444253														
PHTF1	-0.070813299	1	1														
G6PD	1.195382209	1	1														
TAFA3	-0.810645298	1	1														
RHOC	-0.057037854	1	1														
TBX18	1.576938409	0.688858186	1														
CYB5R4	1.953597905	0.304492732	1														
SORCS3	-2.378428175	0.104319743	0.832653356														
PRSS35	4.270062482	0.000117251	0.027860769														
DDX20	-1.919700882	0.329374157	1														
CFAP58	0.898609103	1	1														
ME1	1.282667213	1	1														
GSTO1	3.101500007	0.011552572	0.271424247														
TMIGD3	2.272032594	0.13850725	0.961446734														
ATP5PB	1.922499586	0.327257554	1														
SFR1	2.216725188	0.159851259	1														
UBE3D	2.647921613	0.048592981	0.568728551														
SLK	1.58309395	0.680400315	1														
TENT5A	1.612989568	0.640480646	1														
ATP6AP1	0.86446028	1	1														
LRIF1	2.397245595	0.099113085	0.806973164														
KCNA10	-2.917908939	0.021143234	0.377360719														
SH3PXD2A	2.928530298	0.020434118	0.374673222														
SLC16A4	0.765218785	1	1														
NEURL1	0.07781231	1	1														
CALHM3	-0.889207299	1	1														
RBM15	-1.573210686	0.69402025	1														
KCNC4	-1.509814546	0.786544515	1														
CALHM2	-2.69566906	0.042148452	0.533352071														
STRIP1	-0.688284158	1	1														
PDCD11	1.726436938	0.505613011	1														
TTK	1.26099984	1	1														
AHCYL1	-1.249516035	0.634429177	1														
EPS8L3	-2.155973417	0.186514445	1														
ELOVL4	-1.836409133	0.397783019	1														
SH3BGRL2	0.515951262	1	1														
TAF5	1.628163435	0.620941414	1														
EMD	-2.128060049	0.199992631	1														
PCGF6	-0.49304692	1	1														
INA	0.240578951	1	1														
FLNA	0.243834113	1	1														
GNAI3	-1.180753589	1	1														
AMIGO1	-0.198196581	1	1														
ATXN7L2	1.454359358	0.875080209	1														
SYPL2	-0.998307718	1	1														
AS3MT	2.064975273	0.23355204	1														
CYP17A1	3.514029196	0.002648186	0.131675242														
ZNF512B	-0.711388902	1	1														
SFXN2	2.135356004	0.196391649	1														
PSRC1	2.035195208	0.25098741	1														
TKTL1	-1.228248003	1	1														
ABHD16B	-0.137181021	1	1														
SARS1	-0.04009573	1	1														
OPN1MW2	-2.684420332	0.043593418	0.540242398														
CUEDC2	0.619268579	1	1														
ELAPOR1	-0.707708719	1	1														
IRAK1BP1	0.972240081	1	1														
HTR1B	0.565457143	1	1														
C1orf194	1.357703119	1	1														
IMPG1	1.893213105	0.349977212	1														
OPN1LW	-2.470116335	0.081041471	0.728800915														
NFKB2	2.577888378	0.059643662	0.629248044														
TMEM187	0.538527263	1	1														
HCFC1	-3.113267872	0.01110168	0.267743923														
AKNAD1	0.722330481	1	1														
ELOVL3	0.042337324	1	1														
STXBP3	0.07446064	1	1														
FNDC7	-1.285483636	1	1														
PRPF38B	1.216816968	1	1														
ARHGAP4	0.929837928	1	1														
HENMT1	-0.160500627	1	1														
ARMH3	-0.454770126	1	1														
FAM102B	0.744442542	1	1														
STMN3	-1.056025834	1	1														
L1CAM	-2.325669441	0.120217152	0.900526595														
GMEB2	-2.17808702	0.176397353	1														
PRMT6	-0.561914293	1	1														
FNDC11	-1.876857117	0.363226078	1														
SRPK3	-0.718056194	1	1														
SLC30A7	1.161291888	1	1														
EXTL2	0.373291234	1	1														
DBT	0.98578314	1	1														
TRMT13	-0.455870659	1	1														
DPCD	-0.375272913	1	1														
MFSD14A	0.299749109	1	1														
SLC35A3	-0.675213349	1	1														
POLL	1.873023248	0.366391049	1														
PLPPR4	-1.648596105	0.595382443	1														
BTRC	-0.721817489	1	1														
DPYD	1.177427042	1	1														
LBX1	-0.70082166	1	1														
PTBP2	-2.665958251	0.046061536	0.55439281														
KAZALD1	0.497942276	1	1														
RWDD3	0.407705834	1	1														
TLCD4	-0.75918264	1	1														
ALG14	0.714467749	1	1														
CNN3	-1.081521916	1	1														
HAUS7	1.26792111	1	1														
ABCD3	2.078386817	0.226042476	1														
LZTS2	0.990454536	1	1														
ABCA4	-1.082740173	1	1														
TREX2	-2.781845795	0.032430429	0.46151381														
MRPL43	3.136285953	0.010266137	0.258357687														
BCAR3	1.408134002	0.954548366	1														
ZNF275	-1.596096136	0.662803988	1														
CHRNA4	-2.237241177	0.151623489	1														
SLF2	0.92424324	1	1														
DR1	-0.3759951	1	1														
NSDHL	-1.724304038	0.507917824	1														
RPL5	-1.182102028	1	1														
GABRE	-1.201010103	1	1														
DDX43	0.684381662	1	1														
YTHDF1	-1.829825034	0.403656637	1														
SEC31B	2.768651165	0.03377332	0.469508141														
FATE1	-0.131054857	1	1														
SLC17A9	0.263497466	1	1														
SCD	2.591175035	0.057389297	0.618213579														
GLMN	2.202719613	0.165687102	1														
DPPA5	0.932374077	1	1														
C1orf146	-0.003434972	1	1														
EPHX4	0.233975055	1	1														
MTM1	0.166740179	1	1														
CHUK	-0.5420695	1	1														
CPN1	0.902498447	1	1														
HFM1	2.283011815	0.134578034	0.950708218														
OGFRL1	1.253935294	1	1														
SMAP1	0.901753378	1	1														
AFF2	-1.129714149	1	1														
FMR1NB	-1.287379493	1	1														
SDHAF4	1.076802013	1	1														
CUTC	0.370160069	1	1														
ENTPD7	-1.351840778	1	1														
GTF2B	-0.47905926	1	1														
NTSR1	-1.997569088	0.274580384	1														
GOT1	1.675321457	0.563227066	1														
PKN2	0.818283162	1	1														
CLCA4	-1.086636121	1	1														
CLCA2	3.144875557	0.00996945	0.254921627														
COL24A1	2.742605217	0.036572351	0.49176737														
ZNHIT6	0.888768106	1	1														
PYROXD2	1.819619942	0.412901416	1														
MCOLN3	0.26147744	1	1														
CRTAC1	1.122673397	1	1														
ADGRB3	1.575206616	0.691252563	1														
GOLGA7B	-1.913533083	0.334079054	1														
MCOLN2	0.561021619	1	1														
LPAR3	0.056415962	1	1														
AVPI1	1.473030794	0.844456396	1														
CD40LG	1.251132157	1	1														
CTBS	1.347277085	1	1														
HOGA1	2.174359088	0.178069068	1														
BRS3	0.866780784	1	1														
RPF1	-1.36526554	1	1														
LGSN	0.011220152	1	1														
UBTD1	-1.219079114	1	1														
DNASE2B	1.392090816	0.983369394	1														
SAMD13	0.370086247	1	1														
SLC9A6	-0.962274141	1	1														
ZNF451	3.266779562	0.006526701	0.209347626														
ADGRL2	2.824941586	0.028373542	0.430129382														
ADGRL4	2.026479996	0.256293724	1														
BEND6	2.716889911	0.039539114	0.512720035														
IFI44	-0.583722999	1	1														
IFI44L	-0.38255989	1	1														
PTGFR	5.195581747	1.22E-06	0.002598763														
GIPC2	-1.222444688	1	1														
FUBP1	0.061463981	1	1														
MMS19	-0.221558097	1	1														
MIGA1	0.907443644	1	1														
USP33	0.288064531	1	1														
ZZZ3	1.899410175	0.3450634	1														
PIGK	2.325215889	0.120362515	0.900526595														
MTG2	-1.25443099	1	1														
GPC4	-0.011237874	1	1														
ACADM	3.983595275	0.000407283	0.049868626														
MBNL3	-0.109726027	1	1														
SLC44A5	3.667195055	0.001471354	0.101358677														
TYW3	2.068325441	0.231656586	1														
PSMA7	0.392375604	1	1														
LRRC1	1.237783261	1	1														
FPGT	3.304734346	0.005703988	0.195780539														
EXOSC1	-1.015093321	1	1														
IGSF1	-2.491649876	0.076290786	0.712930809														
KLHL31	1.664693276	0.575843791	1														
ZRANB2	-0.356097353	1	1														
CTH	1.837062496	0.397204019	1														
LRRC40	2.223896529	0.15693244	1														
GADD45A	0.072430113	1	1														
PPP1R3D	-0.538163529	1	1														
C1orf141	3.541611002	0.002386149	0.122603241														
PHACTR3	-1.416737033	0.939358953	1														
FRAT1	-1.687189508	0.549401509	1														
WDR78	2.548562143	0.064900808	0.659574533														
LEPROT	1.395950497	0.976376417	1														
DNAJC6	1.579019921	0.685988927	1														
ROR1	1.483519873	0.827618043	1														
PGM1	-0.241955881	1	1														
EFCAB7	3.152916391	0.009698886	0.253085273														
XPNPEP2	0.876413612	1	1														
OCRL	-0.208065477	1	1														
PKHD1	3.028946284	0.014724499	0.313580111														
SMARCA1	-0.030187975	1	1														
PRR32	-0.240414005	1	1														
ANGPTL3	3.31938968	0.005412867	0.190824003														
STX16	-0.387431257	1	1														
TM9SF3	-1.701281368	0.53334099	1														
USP1	2.777607304	0.032856453	0.462814998														
APCDD1L	0.240769516	1	1														
KANK4	2.997507081	0.016331852	0.32978435														
CRISP3	0.296398777	1	1														
C20orf85	1.098246438	1	1														
OPALIN	0.129835899	1	1														
DNTT	2.293848096	0.130795354	0.942689242														
GLYATL3	-0.566301755	1	1														
C1orf87	2.243950464	0.149013532	0.996083107														
ENTPD1	-1.358911473	1	1														
HOOK1	0.493514546	1	1														
ADGRF4	2.625322623	0.05194014	0.586437912														
ALDH18A1	0.453376206	1	1														
TACSTD2	1.444969595	0.890798557	1														
OMA1	1.645040863	0.599768307	1														
DAB1	-0.323310388	1	1														
C8B	1.234854353	1	1														
ADGRF1	5.093347009	2.11E-06	0.002677767														
SPO11	0.714087361	1	1														
TMEM61	2.625656936	0.051889159	0.586437912														
LEXM	-0.83669606	1	1														
TTC22	0.154167521	1	1														
PARS2	0.541482374	1	1														
TTC4	0.590271992	1	1														
MCTS1	-1.189505107	1	1														
SSBP3	0.322004093	1	1														
TCEANC2	0.363230942	1	1														
CACNA1B	-1.866752342	0.371617084	1														
LDLRAD1	2.092690888	0.218260543	1														
NOC3L	-0.382556945	1	1														
LRRC42	4.033614047	0.000329553	0.045458468														
PLCE1	2.640716865	0.049638496	0.573590383														
ENPP5	1.281670117	1	1														
FAM210B	2.213601078	0.161137399	1														
SLC35G1	2.065077023	0.233494279	1														
PFDN4	-0.718663382	1	1														
ARRDC1	-3.289256106	0.006027154	0.200173897														
NDC1	1.424231837	0.92627623	1														
RNF113A	0.763611794	1	1														
MRPL41	-1.130985414	1	1														
PDE6C	0.489306864	1	1														
SUPT3H	2.482689054	0.078236913	0.720367931														
RBP4	0.537805726	1	1														
ZNF217	0.880166954	1	1														
NSMF	-2.189683338	0.171283262	1														
FFAR4	0.986081847	1	1														
CEP55	1.234231966	1	1														
TSHZ2	1.196455362	1	1														
TCTE1	3.178245913	0.008890141	0.242933605														
ENTPD8	-0.790289517	1	1														
SCP2	0.226074088	1	1														
NDOR1	0.801221074	1	1														
ECHDC2	-0.227922331	1	1														
ZYG11A	3.348970881	0.004866739	0.179042154														
LRRC26	1.093259005	1	1														
GRIN1	-0.80537167	1	1														
ORC1	1.964446341	0.296870119	1														
KCNG1	-1.562892665	0.708467059	1														
DPP7	-0.054968218	1	1														
CC2D1B	1.962516978	0.298213956	1														
DPM1	2.314268288	0.123918061	0.911069624														
MAN1B1	0.496479288	1	1														
NPDC1	-0.209851661	1	1														
PARD6B	1.569144649	0.699685428	1														
KTI12	0.653935629	1	1														
PAXX	-1.406004548	0.958336646	1														
PTPN1	1.500291323	0.801233737	1														
PTGDS	-1.771745671	0.458620708	1														
LONRF3	0.123779256	1	1														
LCN12	-1.548285435	0.729321538	1														
C8G	0.858426989	1	1														
TMEM189	0.517264733	1	1														
RABL6	-1.819828864	0.412710424	1														
IL13RA1	-1.625310952	0.624577914	1														
LCN8	1.372919085	1	1														
DIPK1B	-1.955926492	0.302842884	1														
AGPAT2	-0.96660134	1	1														
ANKRD1	-0.689107532	1	1														
EGFL7	0.324645737	1	1														
INPP5E	0.118272004	1	1														
PMPCA	-1.338557378	1	1														
KIF20B	1.996208609	0.275467325	1														
CARD9	0.120995164	1	1														
EPS15	1.669033579	0.570664351	1														
DNLZ	1.144537481	1	1														
KCNB1	1.322960555	1	1														
LHX3	0.145967222	1	1														
ZNFX1	-1.445640607	0.889668186	1														
UBAC1	-0.054004865	1	1														
C1orf185	1.301492365	1	1														
MRPS2	1.123725264	1	1														
SLC16A12	1.324999137	1	1														
IFIT1	0.086726337	1	1														
IFIT3	1.826449877	0.406695149	1														
COL5A1	-1.790095687	0.440631181	1														
AGBL4	0.316324381	1	1														
SPATA6	-0.061801933	1	1														
VAV2	-0.682676691	1	1														
CH25H	0.668373948	1	1														
STAU1	3.596560956	0.001934712	0.112149761														
SARDH	1.551950507	0.724044398	1														
PDZK1IP1	-0.72706508	1	1														
SLC2A6	-1.099841362	1	1														
CYP4X1	-2.85117881	0.02613448	0.408840877														
ARFGEF2	0.318082756	1	1														
STAMBPL1	1.587307181	0.674658538	1														
ADAMTS13	-0.070580181	1	1														
ANKRD22	0.715513639	1	1														
IL13RA2	2.13306965	0.197514078	1														
PREX1	2.326259781	0.120028177	0.900526595														
REXO4	-0.704828576	1	1														
MKNK1	1.108245396	1	1														
PTEN	-2.69478493	0.042260446	0.533511188														
STKLD1	-1.163446782	1	1														
AMOT	0.502886217	1	1														
SURF2	-0.134008097	1	1														
SURF1	0.612403459	1	1														
LURAP1	0.577403151	1	1														
POMGNT1	0.470606766	1	1														
MINPP1	-0.550639532	1	1														
NCOA3	1.200622608	1	1														
TSPAN1	2.878815625	0.023950298	0.397631147														
MRPL14	1.900989349	0.343820447	1														
SURF6	-0.693687824	1	1														
TMEM69	3.025213096	0.01490748	0.314477351														
MMRN2	0.786646441	1	1														
GBGT1	-0.272450993	1	1														
VEGFA	0.758319234	1	1														
AKR1A1	0.537826026	1	1														
OPN4	1.76873119	0.461632468	1														
TESK2	1.390023889	0.98712974	1														
CCSER2	-0.22527612	1	1														
TOE1	2.03028585	0.25396495	1														
MUTYH	3.177595259	0.008910114	0.242958008														
LRIT1	-2.732765653	0.037683001	0.498810113														
GTF3C5	0.562664111	1	1														
IRS4	-0.71091635	1	1														
MRPS18A	3.062051097	0.013189555	0.292097042														
GHITM	-0.552622217	1	1														
SPACA9	0.277779673	1	1														
GTF3C4	-0.617925204	1	1														
RSPH9	1.758007649	0.472477248	1														
MAD2L1BP	0.072394486	1	1														
HECTD3	-0.533285563	1	1														
RAPGEF1	1.040940851	1	1														
PTCH2	3.360825073	0.004662601	0.177776434														
DYDC2	1.625347358	0.624531396	1														
PLK3	-0.38151987	1	1														
DYDC1	2.308668802	0.125771801	0.920447191														
BEST4	0.201311377	1	1														
UCK1	0.495931448	1	1														
MAT1A	1.19978956	1	1														
KIF2C	1.072072756	1	1														
POMT1	0.499134119	1	1														
ATG4A	0.356556835	1	1														
POLH	3.102693386	0.011506093	0.271424247														
TMEM53	2.82333555	0.028516081	0.431263385														
ERI3	-0.39264509	1	1														
PLAC9	1.37766179	1	1														
CD40	-1.615834691	0.636780354	1														
KLF17	2.48066195	0.078683206	0.722387848														
CCDC24	0.685133048	1	1														
SFTPA2	1.092127052	1	1														
MMP9	-1.170724231	1	1														
ZCCHC24	-2.413706855	0.094746969	0.789599411														
FIBCD1	0.022927275	1	1														
ABL1	2.148827049	0.189888674	1														
POLR3A	0.323190298	1	1														
DLG5	1.277542031	1	1														
KDM4A	1.228270793	1	1														
PCIF1	0.417860633	1	1														
USP20	0.381933219	1	1														
PLTP	-0.125953846	1	1														
HYI	0.374762294	1	1														
TJAP1	0.854305645	1	1														
C9orf78	0.444666922	1	1														
DNAAF6	1.179522511	1	1														
ELOVL1	1.602354031	0.654464064	1														
NUP62CL	-0.654258697	1	1														
MPL	3.952088478	0.000464833	0.055319412														
TIE1	0.091488294	1	1														
RBM41	1.712886109	0.520400966	1														
CTSA	1.309497005	1	1														
ZNF691	2.196127545	0.168496893	1														
ERMAP	1.336116112	1	1														
NEURL2	-2.188988276	0.171586153	1														
SPATA25	0.36271618	1	1														
ZSWIM1	0.404583468	1	1														
ZNF503	-0.485090205	1	1														
C1orf50	2.727840964	0.038250201	0.501449419														
ABCC10	3.150490699	0.009779787	0.253776025														
COMTD1	1.710577631	0.522954667	1														
RADX	7.78E-05	1	1														
TNNC2	-0.429045493	1	1														
PPCS	2.20538634	0.164561975	1														
SERPINA7	4.901298413	5.71E-06	0.005595436														
ZMYND12	1.53866465	0.74331712	1														
NUP188	1.079530785	1	1														
GUCA2B	3.831251605	0.000764958	0.069578419														
IL1RAPL2	0.677221186	1	1														
HIVEP3	1.377594341	1	1														
SLC22A7	2.478285838	0.079209203	0.725125798														
DOLK	-0.049484359	1	1														
EDN2	0.046802719	1	1														
GLRA4	-1.511778231	0.783541735	1														
ENDOG	0.248261354	1	1														
ZDHHC12	-1.201958597	1	1														
WDR34	0.138444821	1	1														
DBNDD2	0.871258147	1	1														
SDC4	0.858369748	1	1														
COL9A2	1.441682144	0.896352379	1														
MATN4	2.825192253	0.028351353	0.430129382														
ZMPSTE24	0.313946023	1	1														
PLAU	0.528493046	1	1														
TMCO2	0.576627285	1	1														
RLF	1.489399971	0.818292458	1														
CAP1	1.031508394	1	1														
GNMT	2.227281674	0.155570727	1														
MFSD2A	1.553066231	0.722443876	1														
TOMM34	-0.626222451	1	1														
CHCHD1	1.644958208	0.599870579	1														
CNPY3	0.958835792	1	1														
CERCAM	0.894676348	1	1														
FUT11	2.204828103	0.164796955	1														
RIMS4	-1.086177218	1	1														
HEYL	0.705767207	1	1														
KCNK15	4.386447908	6.91E-05	0.024576648														
CCN5	-0.299963905	1	1														
ADA	-0.661526589	1	1														
TBCC	3.260669152	0.006668979	0.209910264														
TRUB2	0.208204985	1	1														
UBR2	0.775996267	1	1														
TIMM8A	-0.726079844	1	1														
ANXA7	1.782589519	0.447918883	1														
CENPI	1.928141153	0.323025429	1														
MRPS16	1.241700913	1	1														
DNAJC9	1.105264944	1	1														
XKRX	0.156604361	1	1														
NOX1	0.332590326	1	1														
NDUFS5	2.092901721	0.218147572	1														
ECD	3.309101121	0.005615762	0.194205896														
JPH2	1.316628446	1	1														
RHBDL2	0.568077655	1	1														
C9orf16	-2.551889733	0.064284253	0.656301849														
RRAGC	-0.576665248	1	1														
SRPX2	-0.818918245	1	1														
POU3F1	-2.461696892	0.082968885	0.73881951														
UTP11	0.075053899	1	1														
FRS3	0.701606743	1	1														
SF3A3	-2.125502305	0.100634166	0.814652062														
TSPAN6	0.957825251	1	1														
INPP5B	0.747012762	1	1														
PGC	5.915927441	1.98E-08	8.40E-05														
PLA2G12B	-0.364044291	1	1														
PCDH19	-0.050740494	1	1														
MTF1	3.742042406	0.001095184	0.087162974														
C1orf122	0.100638546	1	1														
YRDC	1.854953225	0.381617438	1														
EPHA10	2.239860695	0.150599808	1														
MDFI	0.736098365	1	1														
FOXP4	1.040122697	1	1														
DIAPH2	0.386526883	1	1														
GNL2	2.339165899	0.115961095	0.881461571														
ZC3H12A	2.238037266	0.15131175	1														
PCDH11X	1.757096911	0.473407753	1														
CSF3R	2.898594987	0.022490325	0.386353556														
TREM2	0.811288909	1	1														
CHST3	0.559426945	1	1														
MRPS15	2.266563552	0.140501404	0.968676169														
KLHL4	0.195141587	1	1														
DACH2	-0.503571136	1	1														
ST6GALNAC6	1.181200086	1	1														
POF1B	-0.793233767	1	1														
MAP7D1	-0.126940098	1	1														
TSPO2	2.079243758	0.22556971	1														
APOOL	1.871879029	0.367340049	1														
ADPRS	0.693858962	1	1														
SLC29A3	2.63148153	0.051008093	0.58202245														
AGO3	-2.10507213	0.10585509	0.840831158														
PTPRT	-0.682890391	1	1														
SGPL1	2.028898139	0.254811998	1														
ENG	0.557637527	1	1														
ADAMTS14	1.692950369	0.542789487	1														
PRF1	-1.407331759	0.955974217	1														
AGO4	0.120222926	1	1														
SH3BGRL	-0.103335071	1	1														
EIF4EBP2	1.249619089	1	1														
KCNK16	3.653173763	0.001554113	0.104158284														
KCNK17	1.609942467	0.644462502	1														
CHD6	1.713116817	0.520146304	1														
TFAP2E	-1.640730557	0.605120154	1														
PSMB2	0.166206401	1	1														
SAR1A	-0.930963545	1	1														
FPGS	0.751585515	1	1														
AIFM2	0.010978969	1	1														
MACROH2A2	-0.522529332	1	1														
GLP1R	0.454748673	1	1														
LPIN3	2.090617071	0.219374425	1														
CDK9	-0.121683223	1	1														
BRWD3	1.371336733	1	1														
TOR2A	1.206316834	1	1														
TSPAN15	-2.389859509	0.101128913	0.816080849														
CFAP157	2.586711202	0.05813806	0.621047497														
TBX22	1.599851437	0.657789269	1														
STXBP1	-3.262321217	0.006630231	0.209910264														
TACR2	-3.783503651	0.000927816	0.078765421														
NIBAN2	-1.693043373	0.54268327	1														
MAFB	-1.089409944	1	1														
TRAF3IP1	-2.768044376	0.033836266	0.46987024														
TMEM35B	0.830631999	1	1														
ATRX	0.512382162	1	1														
DLGAP3	-0.82194694	1	1														
PBDC1	0.090886907	1	1														
GJB3	0.746298148	1	1														
SPP2	0.806860186	1	1														
SLC2A8	-0.381362646	1	1														
UPRT	-0.404639075	1	1														
GARNL3	-0.046922075	1	1														
AZIN2	-0.140398553	1	1														
TTI1	1.803253888	0.428090105	1														
CMTR1	2.57662081	0.0598628	0.631037167														
RNF19B	-0.268143597	1	1														
TMEM54	0.652539867	1	1														
S100PBP	0.186436122	1	1														
YARS1	0.577879799	1	1														
RNF8	1.392326693	0.982940951	1														
PIM1	0.608069115	1	1														
ZBTB8A	0.994129789	1	1														
CDX4	-0.953614242	1	1														
PABPC1L2A	0.628776921	1	1														
PABPC1L2B	0.551179017	1	1														
RABEPK	1.989841892	0.279650131	1														
PHKA1	-1.080450131	1	1														
HDAC1	-0.840695902	1	1														
GOLGA1	1.421848234	0.930421882	1														
HDAC8	2.829089636	0.028008374	0.426115447														
OLFML2A	1.317462226	1	1														
FAM167B	0.019825303	1	1														
DDX50	0.263113637	1	1														
EIF3I	-0.603191152	1	1														
NR5A1	0.659444952	1	1														
TXLNA	0.302807581	1	1														
GHRH	1.738232865	0.493018742	1														
LHX2	-0.115532684	1	1														
DENND1A	2.446299369	0.086598661	0.753977074														
CRB2	3.13174031	0.01042641	0.2598237														
TET1	5.148423636	1.58E-06	0.002677767														
RABGAP1	1.296061796	1	1														
ADGRB2	0.116989945	1	1														
ZBTB6	0.757799651	1	1														
RBL1	1.958777226	0.300833291	1														
COL16A1	0.118766068	1	1														
CXCR3	-1.390158584	0.986884361	1														
PPIL1	-0.580547418	1	1														
PEF1	-1.259278972	1	1														
SERINC2	1.732424302	0.499188265	1														
OGT	0.463215036	1	1														
KCTD20	2.400908153	0.098126645	0.804528893														
NKAIN1	-1.596397459	0.331200249	1														
DSN1	1.597370498	0.661098868	1														
REEP3	0.298688967	1	1														
MORN5	0.719754995	1	1														
MATN1	1.539080366	0.742708066	1														
NDUFA8	0.37567578	1	1														
ADO	0.871745342	1	1														
RTKN2	2.062125047	0.235174994	1														
SRSF4	-0.386297165	1	1														
GSN	0.753883213	1	1														
TAF12	-1.224894404	0.661845028	1														
SRPK1	2.285881773	0.133567056	0.949661024														
ITGB1BP2	0.766878522	1	1														
TRNAU1AP	-0.653641892	1	1														
PHACTR4	1.360992987	1	1														
NONO	0.321017975	1	1														
MED18	-1.04888116	1	1														
CNTRL	2.810088251	0.02971675	0.440527471														
EYA3	1.192579895	1	1														
XKR8	0.805483227	1	1														
BICC1	0.794423687	1	1														
SMPDL3B	1.649820005	0.593878535	1														
GMPPA	0.676250877	1	1														
THEMIS2	1.318260806	1	1														
MEGF9	1.105598122	1	1														
IPMK	1.1111432	1	1														
ZWINT	2.830554409	0.027880444	0.424676528														
ZNF76	0.403673827	1	1														
FAM76A	-2.589575393	0.057656627	0.618533686														
DKK1	0.713108273	1	1														
PRKG1	0.302841657	1	1														
SCAND1	0.618976001	1	1														
FGR	0.207611697	1	1														
PHF20	2.625682446	0.051885271	0.586437912														
ILRUN	-1.271951521	1	1														
GPR3	0.340152954	1	1														
CD164L2	0.588573986	1	1														
SPDEF	1.616749625	0.635594023	1														
TNFSF15	1.187712978	1	1														
ATP6V1G1	-1.211533165	1	1														
AKNA	4.462045323	4.87E-05	0.023855988														
MED12	-0.905873345	1	1														
NFS1	2.821407335	0.028688069	0.433349791														
OGDHL	0.623853007	1	1														
C10orf53	0.2961388	1	1														
RBM12	1.444246518	0.892017863	1														
SLC18A3	0.656355274	1	1														
ZNF618	-1.148705808	1	1														
RGS3	3.65803898	0.001524914	0.103288617														
C10orf71	-0.814711563	1	1														
RUFY4	1.121000741	1	1														
LRRC18	1.236471331	1	1														
POLE3	1.062740723	1	1														
HDHD3	0.83300201	1	1														
BSPRY	2.405566421	0.096884498	0.801251054														
MAPK8	-2.216011376	0.080072169	0.727504141														
WDR31	1.890711496	0.351977202	1														
IL2RG	-0.162809648	1	1														
CDC26	-0.013799155	1	1														
SLC31A1	-0.843195664	1	1														
UBXN11	-0.07165685	1	1														
SLC46A2	-0.787365593	1	1														
CXorf65	-1.045331864	1	1														
CNKSR1	1.928302445	0.322905107	1														
FOXO4	-0.326145851	1	1														
FAM110D	0.672677393	1	1														
SUSD1	2.66200288	0.046606328	0.558837085														
TRIM63	1.012314983	1	1														
SPAG4	0.39824904	1	1														
SLC30A2	3.258440931	0.006721572	0.210300969														
UGCG	0.826867304	1	1														
EXTL1	1.011437322	1	1														
PAFAH2	1.185078727	1	1														
NPY4R	2.967971923	0.017986303	0.348611231														
ITPR3	1.045990062	1	1														
GPRIN2	0.143404088	1	1														
SYT15	-0.471868123	1	1														
MAN1C1	1.073757095	1	1														
TEX11	0.574836908	1	1														
LDLRAP1	0.045353821	1	1														
PTPN20	1.332995297	1	1														
C20orf173	0.392827342	1	1														
TMEM50A	0.705138857	1	1														
GDF5	1.855553094	0.381103708	1														
CLIC4	1.512726231	0.782095282	1														
GDPD2	-0.361746891	1	1														
UQCC1	1.148883923	1	1														
SRRM1	1.060092265	1	1														
ALOX5	-0.397557736	1	1														
NCMAP	-1.211809792	1	1														
RCAN3	2.029061182	0.254712355	1														
NIPAL3	2.802038462	0.030468491	0.448020519														
KIF4A	2.544164242	0.065723739	0.660988967														
FAM83C	1.186391807	1	1														
STPG1	2.391677767	0.100629359	0.814652062														
MDH1B	4.327543406	9.05E-05	0.024576648														
ADAM23	0.591230913	1	1														
OR2K2	0.79745067	1	1														
MYOM3	-0.15484061	1	1														
MUSK	0.127261553	1	1														
EIF6	-2.214593188	0.160728	1														
CSGALNACT2	0.455858878	1	1														
BAK1	1.646400479	0.598088007	1														
CNR2	3.142996486	0.010033671	0.255375368														
HMGCL	2.074475757	0.228210888	1														
EDEM2	0.528376923	1	1														
TXNDC8	0.3404526	1	1														
LYPLA2	-1.368437842	1	1														
PHF1	0.635349468	1	1														
BMS1	2.37539816	0.105180175	0.836057643														
P2RY4	-0.320166468	1	1														
AWAT1	-2.006586207	0.268762447	1														
PTPN3	1.56506945	0.705399755	1														
EPB41L4B	-0.088795487	1	1														
BMPR2	1.607138917	0.648143388	1														
TMEM245	0.448061282	1	1														
STARD8	-0.145042456	1	1														
HNRNPR	-1.423529412	0.927496453	1														
WDR46	2.169558805	0.18024171	1														
HTR1D	-0.20372473	1	1														
C1QC	-0.541888597	1	1														
C1QA	2.362995701	0.108767279	0.853693736														
HSD17B8	1.63305712	0.614741903	1														
ACTL7B	-1.268923483	1	1														
KLF4	0.683065636	1	1														
SLC39A7	1.915867414	0.332291845	1														
TMEM38B	2.476272159	0.079657399	0.727050255														
HSPG2	1.650896547	0.592558206	1														
AOX1	1.992716922	0.27775472	1														
CCNY	-0.732945297	1	1														
COL11A2	-0.682003472	1	1														
SLC44A1	0.628735546	1	1														
VSIG4	1.763968554	0.466423642	1														
OXLD1	1.033941198	1	1														
SLC38A10	-1.325132045	1	1														
RAP1GAP	0.896271697	1	1														
OR13C3	-0.456780697	1	1														
PARD3	3.706763483	0.001259549	0.094019365														
PPP3R2	-0.912157829	1	1														
TP53INP2	-0.393060564	1	1														
LAS1L	2.312772143	0.124411021	0.913125289														
BRD2	0.516644172	1	1														
ALPL	2.771203943	0.033509661	0.467878058														
HLA-DMA	1.787997763	0.442658213	1														
PSMB9	1.467913926	0.852765629	1														
ITCH	1.007615754	1	1														
MRPL50	-1.405928992	0.958471268	1														
COL5A2	-1.425728847	0.923679757	1														
AMER1	0.33266593	1	1														
ARHGEF9	-0.2776401	1	1														
PSMB8	0.965010856	1	1														
SPIN4	0.109643724	1	1														
TEX10	1.07770463	1	1														
EIF2S2	1.432655606	0.911737693	1														
HLA-DRA	0.239447611	1	1														
APEX2	1.028413128	1	1														
COL15A1	-1.27821437	1	1														
GALNT12	0.142754763	1	1														
NOTCH4	0.937299496	1	1														
TMEM225	2.498893547	0.074749037	0.70455532														
GPSM3	-0.137748643	1	1														
PBX2	-1.989228991	0.2800556	1														
AGER	0.022336661	1	1														
CDA	-1.362711862	1	1														
CORO2A	-0.891502877	1	1														
VWA5B1	0.570852527	1	1														
TRIM14	-1.386978264	0.992690346	1														
UBXN10	0.800657123	1	1														
PLA2G2F	-0.952607327	1	1														
PLA2G2D	2.191977606	0.170286742	1														
PLA2G5	0.009791033	1	1														
PLA2G2E	0.535211301	1	1														
TRMO	1.883210346	0.358031205	1														
OTUD3	0.751616257	1	1														
RNF186	1.044031948	1	1														
XPA	1.013915253	1	1														
FGD1	-2.140548352	0.193862866	1														
TSR2	2.673239636	0.045073539	0.550619101														
SLC66A1	1.937997615	0.315741081	1														
FKBPL	1.683111604	0.554120931	1														
FAM120C	-2.107485455	0.210453127	1														
EMC1	0.232322758	1	1														
ZNF341	2.226872297	0.155734859	1														
ATF6B	0.531610223	1	1														
MAP3K20	1.273238308	1	1														
PRXL2C	1.497285191	0.805914399	1														
CDC14B	0.935214315	1	1														
TMEM94	-0.600363724	1	1														
HABP4	0.812668495	1	1														
UBR4	1.871401251	0.367736914	1														
DCAF17	-0.323862108	1	1														
HSD17B3	1.964127437	0.29709189	1														
UPF3A	2.692858388	0.042505411	0.533511188														
SIK3	-0.97805524	1	1														
AOPEP	0.515831713	1	1														
LYZL2	1.539517172	0.742068534	1														
RIBC1	0.102256274	1	1														
ALDH4A1	4.037604206	0.000323999	0.045458468														
MFSD14B	-0.767465972	1	1														
DXO	0.199390124	1	1														
TMEM255B	2.029272387	0.254583325	1														
G6PC2	0.438543862	1	1														
BTBD17	-0.153607924	1	1														
TAS1R2	2.847912331	0.026404227	0.410038329														
PAX7	-0.028195071	1	1														
JCAD	2.180862639	0.175161467	1														
SKIV2L	-2.518078914	0.070798128	0.68558431														
KDM5C	0.420762991	1	1														
ACTL8	0.805192781	1	1														
ADPRHL1	2.568114436	0.061352036	0.639849983														
NELFE	0.203274113	1	1														
GRTP1	0.81540021	1	1														
SCN2A	-1.548062375	0.729643678	1														
TSPYL2	-0.600026491	1	1														
BUD13	0.453964178	1	1														
PADI4	-0.022887104	1	1														
BPIFA3	0.413722806	1	1														
PADI3	0.475405231	1	1														
CARD19	-2.39081573	0.100865927	0.815038895														
PADI1	2.3001736	0.128630321	0.931728389														
SUSD3	-1.649268275	0.594556117	1														
NXPE4	0.462185035	1	1														
FGD3	-0.896148734	1	1														
BPIFB4	0.910942089	1	1														
PADI2	1.668925374	0.570793022	1														
RBM7	-0.63015121	1	1														
BPIFB3	2.114970899	0.206594566	1														
SDHB	1.102624114	1	1														
LYZL1	0.685698172	1	1														
CROCC	1.020712896	1	1														
ASPN	-0.478316161	1	1														
SDHD	0.511398327	1	1														
OMD	1.947921608	0.308546063	1														
F10	0.085364676	1	1														
OGN	1.152538707	1	1														
MAPRE1	0.202592436	1	1														
CENPP	0.133006319	1	1														
FBXO42	0.762309531	1	1														
CPLANE2	0.308500205	1	1														
MCF2L	2.401499768	0.097968117	0.804528893														
LAYN	1.350763741	1	1														
ATP11A	0.975150231	1	1														
NEU1	0.379185507	1	1														
IARS1	-1.498991496	0.803255029	1														
FAM131C	0.614087668	1	1														
VARS1	1.03666583	1	1														
CLCNKB	2.472098636	0.08059347	0.727552864														
VWA7	1.386091295	0.994314169	1														
MSH5	0.730523286	1	1														
ROR2	-0.801705623	1	1														
AUH	0.599520198	1	1														
MPP7	0.232395625	1	1														
ZBTB17	-0.095184861	1	1														
POFUT1	2.26033109	0.142804259	0.974508992														
SYK	0.912567369	1	1														
DIRAS2	0.551286142	1	1														
FBLIM1	1.703177928	0.531208656	1														
TMEM82	2.042722864	0.246479281	1														
MKX	1.850459141	0.385484411	1														
PLEKHM2	1.120390141	1	1														
SECISBP2	2.265386121	0.140933972	0.97060746														
COL4A1	-0.803823898	1	1														
AGMAT	2.19408614	0.169375305	1														
LY6G6F	4.221931771	0.00014533	0.031907553														
SHC3	-1.946784077	0.309363761	1														
DNAJC16	2.274966222	0.137447737	0.961446734														
HCK	1.668012402	0.571879589	1														
NXNL2	-1.925862568	0.324729219	1														
SPIN1	-1.430335761	0.915724054	1														
LY6G5B	2.350420234	0.112513359	0.869912027														
CSNK2B	0.690619681	1	1														
TNFSF13B	1.420839496	0.932180554	1														
ACBD5	2.800568437	0.030607614	0.449547119														
GPANK1	1.039103352	1	1														
C6orf47	1.69738892	0.537738936	1														
FAM155A	1.585092862	0.677671423	1														
APOM	0.646050226	1	1														
MASTL	1.28196251	1	1														
CTRC	4.916398995	5.29E-06	0.005595436														
TUT7	-0.644214438	1	1														
BAG6	1.044587537	1	1														
FOXS1	2.441991505	0.087638942	0.757119597														
ISCA1	-2.209298463	0.162923328	1														
MYLK2	0.085895446	1	1														
POGLUT2	0.188579812	1	1														
PRRC2A	0.106741626	1	1														
TPP2	-0.915351008	1	1														
COX4I2	1.668262504	0.571581767	1														
LRRC38	-0.566179606	1	1														
FGF14	0.509206052	1	1														
NFKBIL1	0.552656941	1	1														
ITGBL1	0.554316817	1	1														
PDSS1	-0.773634141	1	1														
CCDC22	1.910350202	0.336528828	1														
APBB1IP	0.181297258	1	1														
SLC28A3	1.905782061	0.340070924	1														
GGACT	-0.866986794	1	1														
TCF19	2.68561956	0.043437281	0.540166344														
TNFRSF1B	2.106268176	0.211086384	1														
CACNA1F	-1.642215453	0.603272168	1														
PCCA	1.542216391	0.738126109	1														
SHISA7	-0.103488645	1	1														
C9orf64	1.778860353	0.451575958	1														
GPR158	0.5444022	1	1														
STXBP4	1.698007717	0.537037832	1														
CLYBL	0.87481867	1	1														
THNSL1	1.128022498	1	1														
ENKUR	1.941161629	0.313432054	1														
GKAP1	1.271031749	1	1														
UBQLN1	0.253414327	1	1														
GPR183	0.042292597	1	1														
IDNK	0.421333419	1	1														
GRIPAP1	0.420632844	1	1														
DHX16	1.095519851	1	1														
RASEF	2.990610752	0.016705209	0.333423398														
KIAA1217	1.586719737	0.675456805	1														
NPPA	2.212000887	0.161799622	1														
ATAT1	0.460875955	1	1														
OTUD1	1.982321675	0.284659498	1														
TLE1	-1.982383428	0.284618058	1														
SLC15A1	-0.523728354	1	1														
PTF1A	2.864738736	0.025041205	0.406209822														
PPP1R10	1.090234483	1	1														
TTYH1	-0.623708236	1	1														
TLE4	1.170651849	1	1														
STK24	0.442228577	1	1														
KIAA2013	-0.468073641	1	1														
MTHFR	-0.547331005	1	1														
PSAT1	2.889290392	0.02316674	0.391569496														
HDAC6	1.090248077	1	1														
GNL1	-0.122145368	1	1														
SPAG6	-1.224928915	1	1														
PUS1	-1.306854372	1	1														
EDAR	-0.429761118	1	1														
BMI1	-0.178727428	1	1														
GATA1	0.829747236	1	1														
MAD2L2	1.548832326	0.728532195	1														
MBNL2	-1.597272045	0.661230476	1														
NUDT8	1.550750572	0.725768819	1														
TRIM15	-0.534611785	1	1														
WAS	1.602133739	0.654756231	1														
HS6ST3	-0.819745114	1	1														
FOXB2	0.541218704	1	1														
VSX1	-2.527610151	0.068905076	0.673914928														
PRUNE2	2.530768285	0.068287805	0.671307146														
WDR13	1.169312797	1	1														
SP2	-0.493021171	1	1														
UGGT2	2.146979708	0.190769383	1														
FBXO6	-1.566017823	0.704066668	1														
RBM3	0.447773021	1	1														
TBC1D25	1.005698781	1	1														
PPP1R11	0.480905684	1	1														
UBIAD1	-0.756737379	1	1														
ANGPTL7	0.436354115	1	1														
DZIP1	1.432586638	0.911856016	1														
C9orf40	0.752050761	1	1														
NMS	2.236452862	0.151932731	1														
RILPL1	-1.084517803	1	1														
MOG	-1.994853539	0.276353136	1														
YIF1A	0.706548389	1	1														
EXOSC10	1.377549062	1	1														
ZNF182	3.659993629	0.001513329	0.103052048														
GPR180	1.661775914	0.57934628	1														
ZFAND5	-0.835042707	1	1														
DNAJC1	-0.819437986	1	1														
ELK1	-0.399774829	1	1														
CST11	2.857126452	0.025649729	0.40675424														
CASZ1	-0.180442513	1	1														
GABBR1	-1.421830811	0.930452237	1														
DFFA	2.635846937	0.050356548	0.577635956														
CEMIP2	1.435225142	0.907337707	1														
GPC6	0.454410671	1	1														
GPC5	1.35573218	1	1														
KDM2B	0.618750219	1	1														
CNNM4	2.779667092	0.032648791	0.461569172														
SLC25A39	0.058929409	1	1														
THBD	1.102981685	1	1														
NEBL	2.650385524	0.048239981	0.567733753														
KLF9	0.203817474	1	1														
MAMDC2	0.66740826	1	1														
SPDYC	1.309054983	1	1														
XRN2	0.719647108	1	1														
C9orf135	3.573088544	0.002116772	0.118566594														
TRIM27	0.479432343	1	1														
NMNAT1	0.637726308	1	1														
POU4F1	-1.699999106	0.267393281	1														
EDNRB	-0.052426633	1	1														
LZIC	1.279807023	1	1														
SNX15	-0.09075766	1	1														
PLXDC2	1.58550079	0.677115586	1														
ARL5B	-1.546947208	0.731255857	1														
CLSTN1	-1.886720636	0.355187464	1														
NSUN6	2.88749328	0.023299494	0.391569496														
ARHGAP39	-1.456212801	0.872002812	1														
TMEM252	2.550918944	0.064463586	0.657229225														
FOXH1	0.961796573	1	1														
CRNKL1	1.198351184	1	1														
INSYN2B	0.070492935	1	1														
SLC39A12	1.909534992	0.337158673	1														
CBWD6	1.680237835	0.557466304	1														
CBWD1	2.473154959	0.080355635	0.727504141														
GPR157	-0.034308302	1	1														
FOXD4L4	1.162846431	1	1														
FOXD4L5	0.746982212	1	1														
SLC2A5	0.54545468	1	1														
SCP2D1	-0.552678178	1	1														
CA6	3.102096836	0.011529305	0.271424247														
ERRFI1	0.785290865	1	1														
TMEM236	1.327248976	1	1														
STAM	1.672265559	0.566831807	1														
AUP1	1.125962713	1	1														
TTC25	2.005393685	0.269525857	1														
HECTD4	-0.421994801	1	1														
LBX2	1.219616411	1	1														
SLC22A12	1.239028729	1	1														
UCHL3	-1.77847172	0.451958475	1														
ST8SIA6	1.979508485	0.286552712	1														
POLR3F	-0.657714954	1	1														
SLC4A5	-1.007671322	1	1														
TBC1D4	0.019617242	1	1														
PHF13	0.298689108	1	1														
KLF12	-1.059238821	1	1														
HIF3A	2.963212545	0.018266776	0.351647043														
FAM216A	2.2840042	0.134227705	0.950532461														
ZBTB48	0.517438726	1	1														
KAT14	0.74912542	1	1														
IGFBPL1	0.081511286	1	1														
ALDH1B1	3.208892337	0.007994843	0.229309248														
NOL9	1.540361356	0.740833774	1														
SHB	-1.339731167	1	1														
MGME1	2.079058466	0.225671862	1														
DCAF10	0.178184708	1	1														
GPR20	-0.884966434	1	1														
FRMPD1	2.135214127	0.196461141	1														
DIS3	1.582787605	0.680819297	1														
DPP6	-2.565338437	0.061845127	0.641838506														
TOMM5	1.892547852	0.350508146	1														
TNFRSF25	0.820775125	1	1														
POLR1E	3.090507898	0.011988869	0.276569318														
NAA40	-1.779814853	0.450637596	1														
TRDMT1	1.598927658	0.659020066	1														
MZT1	0.569575962	1	1														
RTN3	3.157677975	0.009541868	0.249506862														
CUBN	4.520981019	3.69E-05	0.021377043														
ZFAT	-1.86715219	0.371282028	1														
KLHL1	0.366205402	1	1														
SLC17A2	-1.376704605	1	1														
ACOT7	0.26860718	1	1														
SLC22A6	0.256149063	1	1														
BFSP1	-0.221021534	1	1														
SLC3A2	-0.921430032	1	1														
GPR153	-2.727153045	0.038330041	0.501449419														
HES3	-0.340409564	1	1														
SLC17A4	-3.055455495	0.013483137	0.297563722														
PCDH17	1.434363893	0.908810675	1														
LRRC3C	-0.512245771	1	1														
RNF207	0.936624921	1	1														
PCDH8	-0.881946656	1	1														
LYPD5	-0.393437176	1	1														
FBXO48	-3.225631608	0.007541702	0.220266128														
GLIPR2	-1.135370251	1	1														
SCGN	-1.763843516	0.466549973	1														
CNMD	0.191764236	1	1														
RECK	1.216762658	1	1														
GRXCR2	1.044995475	1	1														
OR13J1	-0.639888811	1	1														
CEP68	1.321401126	1	1														
PTER	2.437686712	0.088689471	0.762573747														
CKAP4	0.183184048	1	1														
FUNDC1	-1.731834931	0.499817741	1														
MAOB	1.986639638	0.281774072	1														
ITGA8	0.415427924	1	1														
FBXO47	0.383383546	1	1														
GBA2	1.631920152	0.616177849	1														
NDUFAF5	1.439982133	0.899234724	1														
C12orf42	1.645672376	0.598987376	1														
FAM171A1	1.925156327	0.325258824	1														
C6orf62	-0.593135859	1	1														
PPP1R2C	-1.394210525	0.979524243	1														
GPR34	-2.219203525	0.158837288	1														
NPHP4	-0.190050219	1	1														
TAF2	0.280076533	1	1														
MS4A13	0.469362408	1	1														
AJAP1	-0.184659284	1	1														
TDP2	-0.295118857	1	1														
KIAA0319	-0.149071184	1	1														
NYX	-1.036010395	1	1														
SPIRE2	-0.777856383	1	1														
LRRC47	-1.474877855	0.841472309	1														
DCLRE1C	0.949787425	1	1														
TP73	-0.192825023	1	1														
C19orf54	0.257807778	1	1														
PHF11	-0.676630169	1	1														
CA9	3.364172971	0.004606405	0.177776434														
APRT	0.507177857	1	1														
HSPA14	1.975595046	0.289203961	1														
ARHGEF16	-2.378701913	0.104242314	0.832653356														
MRS2	-0.453704693	1	1														
ARHGEF39	0.463018504	1	1														
ANKEF1	0.158413489	1	1														
PKHD1L1	2.780142222	0.032601058	0.461569172														
ACTRT2	-2.679920295	0.044183815	0.543540233														
CCDC107	0.647965194	1	1														
MMEL1	-0.975218849	1	1														
PAK5	2.560694631	0.062677879	0.646267297														
LPAR6	-2.143704902	0.192339235	1														
ATP6AP2	0.832513393	1	1														
BCOR	-0.444197354	1	1														
DCDC2	1.728621933	0.503260689	1														
NUP160	-0.182677637	1	1														
PANK4	-1.01447493	1	1														
NRSN1	1.070413508	1	1														
CAMKMT	1.667201468	0.572846105	1														
PLCB4	-0.113405017	1	1														
SLC35B4	-1.269964724	1	1														
LIG3	0.302349302	1	1														
MORN1	-2.093284017	0.217942851	1														
SRPX	1.412761342	0.94635545	1														
SKI	-0.599935195	1	1														
PRPF18	-1.375294205	1	1														
DYNLT3	0.195769059	1	1														
CYBB	1.211056487	1	1														
XK	1.571490142	0.696413055	1														
PIGO	1.701399068	0.533208457	1														
LRP4	1.548874453	0.728471419	1														
FANCG	1.389928411	0.987303704	1														
CFAP47	-0.652837959	1	1														
GDF9	2.476838033	0.079531223	0.726506884														
SHROOM1	2.728270911	0.038200378	0.501449419														
UCMA	-2.535435249	0.067384613	0.665690974														
GLIPR1L1	1.849180417	0.386590593	1														
ID4	-1.590352766	0.670531866	1														
MCM10	0.227218637	1	1														
ESD	0.985390528	1	1														
TMEM240	-0.986258751	1	1														
ZFC3H1	0.481981083	1	1														
OPTN	0.861341323	1	1														
ATAD3A	-0.120172786	1	1														
ATAD3C	3.207580125	0.008031406	0.229309248														
HAO1	1.68532444	0.551555957	1														
CCL19	-0.349434254	1	1														
CYP4V2	-1.317601017	1	1														
RAD50	1.453950673	0.875759895	1														
BMP2	1.312559144	1	1														
ACCSL	2.649088515	0.048425514	0.567818136														
GALT	0.605605445	1	1														
C4orf47	1.396700718	0.97502153	1														
LRRN4	1.167749256	1	1														
CRLS1	1.735466732	0.495949015	1														
ALKBH6	1.982881833	0.284283782	1														
SDHAF1	-0.575903969	1	1														
DVL1	-0.780259889	1	1														
DHRS13	1.433553712	0.910197964	1														
ARID3C	1.294937819	1	1														
NPHS1	3.247385595	0.006988229	0.215990544														
FCSK	1.894993039	0.348559943	1														
PGPEP1L	-0.318544677	1	1														
TAB3	-1.803223045	0.428119156	1														
CHGB	-0.137022901	1	1														
CXorf21	0.636970738	1	1														
NR0B1	1.157942632	1	1														
GPCPD1	1.53110982	0.754453519	1														
NRCAM	-2.049938536	0.242222575	1														
PUSL1	0.315519272	1	1														
POLA1	0.393120985	1	1														
FABP9	0.132232917	1	1														
FAM219A	-0.317788812	1	1														
NGRN	0.690948946	1	1														
KCTD4	-1.672976735	0.565991256	1														
PCYT1B	-0.483918855	1	1														
GPALPP1	0.719056575	1	1														
CD83	0.193264262	1	1														
PCNA	-0.409312712	1	1														
NUFIP1	1.189189865	1	1														
ELP4	1.579457475	0.685386978	1														
MCUR1	1.091489152	1	1														
KIF24	2.608538258	0.054557908	0.603597221														
LGR4	0.578549105	1	1														
ECHDC3	0.034749429	1	1														
DNAJC15	0.857419865	1	1														
APOO	-0.771757879	1	1														
TNFRSF4	-1.728598242	0.503286147	1														
USP6NL	0.779852367	1	1														
VIT	-0.579927486	1	1														
FEZ2	-1.822220205	0.41052948	1														
TNFRSF18	0.235099134	1	1														
SAT1	-1.432846955	0.911409474	1														
GFOD1	0.828963664	1	1														
TBC1D7	-0.273262155	1	1														
ACOT9	0.866002785	1	1														
VWA8	0.861727977	1	1														
PRDX4	0.252885177	1	1														
AGRN	0.530049563	1	1														
PHEX	-0.570632251	1	1														
EDN1	2.399129404	0.098604635	0.806442786														
E2F4	-0.905904981	1	1														
HIVEP1	2.511983516	0.072032818	0.689317252														
NAA16	3.043414785	0.014034581	0.306294621														
PLEKHN1	0.349601441	1	1														
XDH	0.258655145	1	1														
TMEM170B	0.844321549	1	1														
NEDD9	0.132192505	1	1														
ADRA1D	-0.422360885	1	1														
ASPH	0.893692557	1	1														
MTRF1	1.98317314	0.284088559	1														
WBP4	2.020562469	0.259950464	1														
GCM2	2.098866484	0.214972033	1														
SMPX	-0.175272466	1	1														
KLHL34	0.954059049	1	1														
TOM1L2	-0.776201551	1	1														
AQP7	0.133599147	1	1														
NFX1	1.847729184	0.387849179	1														
ELF2	0.53209274	1	1														
INSC	0.92063918	1	1														
TOGARAM2	0.71695092	1	1														
FOXO1	-1.488626339	0.819514751	1														
KIN	0.750813755	1	1														
PAK1IP1	0.206053679	1	1														
SPDYA	-0.728849011	1	1														
NHLRC3	0.824335405	1	1														
CCDC112	0.525533782	1	1														
TFAP2A	-0.81753633	1	1														
STOML3	-0.459897391	1	1														
MAP7D2	0.242599512	1	1														
HGSNAT	0.549730674	1	1														
TRPC3	-0.406885959	1	1														
KATNB1	-0.847518731	1	1														
ARHGAP44	0.559909522	1	1														
BCLAF3	-1.529757502	0.756460587	1														
NDNF	0.479963289	1	1														
BAG1	0.41211714	1	1														
IPO7	-0.990302247	1	1														
SPINK4	2.098413901	0.21521159	1														
B4GALT1	1.77169334	0.458672855	1														
POSTN	0.201848333	1	1														
SPEF1	1.28234066	1	1														
TXNDC5	-0.765768405	1	1														
ADPRM	0.867835962	1	1														
DSP	-1.827892701	0.40539394	1														
SIN3B	0.677605596	1	1														
APTX	0.938190088	1	1														
OR10A4	0.407325993	1	1														
RIOK1	0.185336225	1	1														
NDUFB6	3.016767758	0.015329128	0.320524133														
NRBP1	-0.841616983	1	1														
ADGRG2	-0.164383931	1	1														
SOHLH2	-0.083703122	1	1														
DDX58	0.624436361	1	1														
RBM17	-0.705138139	1	1														
ADAM32	2.386977282	0.101925246	0.820427358														
CNGA4	-0.072938691	1	1														
RREB1	-0.804287706	1	1														
PHKA2	1.642592911	0.602803131	1														
LY86	-0.77534368	1	1														
LETM2	2.538946396	0.066712115	0.662771298														
IL2RA	0.035492649	1	1														
IL15RA	1.328207859	1	1														
RHOBTB3	3.46892189	0.003135308	0.143143135														
RS1	-0.805181601	1	1														
FBH1	1.938869903	0.31510309	1														
GPR150	1.966717039	0.295295048	1														
ARSK	2.420266698	0.093054766	0.781604831														
SKOR1	1.722616775	0.509747097	1														
TEK	0.417446824	1	1														
RPP40	1.531405317	0.754015505	1														
LRRC19	2.229799223	0.15456465	1														
SLC4A11	1.621920953	0.628921647	1														
EXOC3L4	0.954226375	1	1														
STEAP4	-0.233717296	1	1														
ANKRD16	0.402850102	1	1														
KL	-0.653368175	1	1														
ITPA	0.834313921	1	1														
ECI2	3.617806682	0.001782661	0.108363028														
N4BP2L1	-1.389897884	0.98735933	1														
BRCA2	1.503134749	0.796825799	1														
SYAP1	2.315093792	0.123646798	0.909600421														
ATRAID	2.498525314	0.074826741	0.704766066														
ALOX15B	0.483274262	1	1														
UBQLNL	1.196926132	1	1														
OR51I1	-0.926267783	1	1														
OR51B6	2.018872768	0.261002672	1														
OR51B4	-1.001577655	1	1														
FOCAD	-0.177418196	1	1														
CNTROB	1.186646582	1	1														
FASTKD5	1.878854988	0.361585778	1														
GRPR	0.075371722	1	1														
AP1S2	-0.147503512	1	1														
BCL7C	-0.322912152	1	1														
EMILIN1	-0.12868937	1	1														
MRPS26	0.938577526	1	1														
CALML5	-0.272797237	1	1														
LHFPL2	0.748118684	1	1														
CHD3	0.56406205	1	1														
BPHL	-1.434226418	0.909045962	1														
PTPRA	0.125978084	1	1														
ZNF768	-0.295125897	1	1														
TUBAL3	0.023345754	1	1														
PIR	-1.98988136	0.279624037	1														
UCN3	2.812123279	0.029529382	0.439655673														
VPS16	1.311883755	1	1														
SHBG	-0.221312194	1	1														
NQO2	-0.644547279	1	1														
TEX26	0.560732495	1	1														
MEDAG	-2.737937787	0.037095462	0.49480161														
C2CD2	0.004815507	1	1														
ASB9	-1.875513483	0.364332698	1														
MOSPD2	-0.016753686	1	1														
HAUS6	2.475742108	0.079775748	0.727050255														
SLTM	-0.123142557	1	1														
COL2A1	1.078736701	1	1														
GEMIN8	-0.3308431	1	1														
CARS1	-1.851857255	0.38427794	1														
SAXO1	2.111681006	0.208282915	1														
ADAMTSL1	1.063994498	1	1														
OFD1	-0.783925853	1	1														
ADRA1A	2.059436413	0.236714703	1														
IGSF5	-0.289050312	1	1														
C20orf141	-0.302015668	1	1														
BTF3	0.353638107	1	1														
CPXM1	-1.431821585	0.913169329	1														
SH3GL2	-0.65652783	1	1														
B3GALT5	2.100322842	0.214202708	1														
PTCD2	1.81326035	0.418750054	1														
CNTLN	2.124616557	0.201711727	1														
TLR7	1.363422522	1	1														
PRPS2	-1.025400724	1	1														
BNC2	-3.228520384	0.007465943	0.220266128														
UBL3	0.026995276	1	1														
CCDC171	0.788027741	1	1														
PDE4A	2.668194197	0.045756099	0.553331592														
SMN1	2.512211241	0.071986349	0.689317252														
PSIP1	-0.681480757	1	1														
SERPINB1	-0.065342987	1	1														
SMN2	2.978522163	0.017378525	0.342037304														
SLC7A1	0.380438545	1	1														
ICAM4	2.535972445	0.067281334	0.665643309														
WRNIP1	-1.269843076	1	1														
ADAM7	1.177211565	1	1														
SBF1	-2.760392896	0.034639131	0.475118862														
CENPO	1.639354426	0.606836803	1														
NOXRED1	2.121819979	0.203117149	1														
WWC3	-1.898398678	0.345861502	1														
NKX3-1	0.02352795	1	1														
ESRRB	0.144933814	1	1														
CER1	2.778610268	0.032755189	0.462421919														
SHROOM2	-2.647512545	0.048651811	0.568728551														
ZDHHC21	-0.320640099	1	1														
CEP152	1.086504535	1	1														
IRF4	-0.506627169	1	1														
PAN3	2.535732147	0.067327515	0.665643309														
NLN	1.349860108	1	1														
RUFY3	1.060245646	1	1														
TTC38	0.798500795	1	1														
PDX1	-0.344339744	1	1														
PNPLA4	-1.132178695	1	1														
ADAMTS6	0.01927018	1	1														
CWC27	-1.402206475	0.965121591	1														
PUDP	-0.983793665	1	1														
IGFBP3	-3.952709435	0.000463627	0.055319412														
LDAH	1.226452625	1	1														
CCM2	-1.12462272	1	1														
MTIF3	1.742103229	0.488942296	1														
PFKP	0.55681203	1	1														
GTF3A	1.150619836	1	1														
SDC1	-0.50602	1	1														
SLC5A3	-1.184098961	1	1														
NPC1L1	0.20779739	1	1														
GYG2	-0.140246975	1	1														
TH	-2.009939449	0.266625587	1														
PTPRD	-0.45380539	1	1														
TECRL	2.741918374	0.036648911	0.49176737														
MTHFSD	1.526116538	0.761885064	1														
MIER3	-2.006624704	0.268737833	1														
POLR2B	0.064888568	1	1														
RDH14	0.638151534	1	1														
MANSC4	3.437392834	0.003524059	0.153682744														
IL6ST	-0.893938122	1	1														
KDM4C	1.455372098	0.87339766	1														
ADARB2	-1.032162778	1	1														
ITSN1	-0.373339235	1	1														
CYRIA	0.106013024	1	1														
TMEM165	-0.706685093	1	1														
THUMPD1	0.097161595	1	1														
ITPR2	1.345950296	1	1														
DDX1	-1.763450516	0.466947217	1														
IDI1	0.7045707	1	1														
RDH11	0.686292633	1	1														
GP2	0.062622934	1	1														
CDC20B	-0.11147279	1	1														
CCP110	2.576074727	0.059957428	0.631266294														
SLC25A6	-0.714203377	1	1														
ESM1	0.926036239	1	1														
HR	2.404592058	0.097143167	0.802218603														
IL33	-0.112103722	1	1														
ITPRIPL2	0.387462609	1	1														
TGM3	-1.316008177	1	1														
KIAA2026	1.668761287	0.570988187	1														
MLANA	0.264952942	1	1														
DENND1C	3.955658701	0.000457944	0.055319412														
STK35	0.81725408	1	1														
GREB1	-0.835272492	1	1														
TEC	-3.118912811	0.01089118	0.265178367														
MRPL23	-0.346137514	1	1														
E2F6	-2.077049375	0.226782014	1														
CDK8	-1.896250908	0.347561246	1														
NPM2	-0.234062721	1	1														
NPSR1	-0.48094439	1	1														
CRYZL1	0.281127954	1	1														
MYBBP1A	1.689266498	0.547010223	1														
LZTS1	0.51085018	1	1														
COMMD8	1.123710186	1	1														
CD274	0.574064989	1	1														
C2orf50	-0.076105905	1	1														
RNF6	-0.109337113	1	1														
CATSPERD	2.991070515	0.016680077	0.333423398														
ZZEF1	0.266779497	1	1														
INSL6	1.795570287	0.435377309	1														
C5orf51	1.768479606	0.461884552	1														
JAK2	-0.00341285	1	1														
ATP8A1	1.550925008	0.725517939	1														
BAIAP2L2	0.385633058	1	1														
NOL10	-1.34279413	1	1														
NUP58	0.18708955	1	1														
RCL1	-1.365478876	1	1														
GGA1	1.568096456	0.70115174	1														
CAMKK1	-0.336811077	1	1														
CPPED1	0.608642629	1	1														
ARRDC5	1.745231105	0.485667893	1														
NSUN7	3.23803804	0.007221286	0.219465039														
MTMR6	-0.530665737	1	1														
AK3	-0.481057888	1	1														
TEX33	1.83641307	0.397779528	1														
PLIN5	1.741442977	0.489635763	1														
CDC37L1	-0.428574992	1	1														
SNPH	-0.482796382	1	1														
CTNS	1.943744576	0.311557562	1														
PLPP6	2.163374393	0.183074373	1														
CENPJ	2.311760625	0.12474527	0.915038176														
TMEM74B	1.904869617	0.340782129	1														
RFC1	1.604229487	0.651980864	1														
TNK2	0.367418929	1	1														
METTL22	-0.335803916	1	1														
ANGPT4	3.129757583	0.010497037	0.261072787														
TMEM52B	3.882435366	0.000620493	0.063859416														
KLHL5	2.252342145	0.145803953	0.986357776														
NADK2	-0.376569752	1	1														
TMEM156	0.925917398	1	1														
FAM110A	-0.210559096	1	1														
PGM2	1.968055949	0.294369603	1														
SYT8	-0.361476973	1	1														
GLIS3	1.665832761	0.574480374	1														
C4orf19	0.697491658	1	1														
PARP4	0.855246982	1	1														
GPNMB	1.790631347	0.440114839	1														
IFNGR2	-0.46509971	1	1														
DNAJC21	0.130234933	1	1														
RSAD2	-0.98454951	1	1														
TP53BP1	2.451807779	0.085284342	0.74914902														
SLC34A2	0.219449001	1	1														
C1QTNF9	0.210385668	1	1														
KCNV2	-1.710710072	0.522807885	1														
VLDLR	-0.702366886	1	1														
SEPSECS	3.028126656	0.014764496	0.313874939														
TRAPPC12	-0.965541788	1	1														
SOD3	0.572782154	1	1														
C1QTNF9B	-0.028190945	1	1														
MTMR12	-0.856725938	1	1														
KCNIP4	-1.426198181	0.922866867	1														
MIPEP	-0.084013707	1	1														
DEFB135	0.897100611	1	1														
DEFB136	2.703886404	0.041120228	0.526026379														
DCAF16	-0.064848821	1	1														
DMRT2	0.220100259	1	1														
ZNF316	-0.670056215	1	1														
CDH12	0.152813247	1	1														
TNFRSF19	1.3176798	1	1														
DMRT1	-1.117437443	1	1														
NRSN2	3.542283673	0.002380072	0.122603241														
KANK1	0.539789332	1	1														
FGFBP1	-0.407515771	1	1														
BST1	-0.607734086	1	1														
OLIG1	0.588125458	1	1														
FGF9	-1.969340942	0.293483716	1														
RNF215	0.757997803	1	1														
FBXL18	0.204639942	1	1														
MICU2	0.225538851	1	1														
CBWD5	1.68073642	0.556884738	1														
DEAF1	-0.18797307	1	1														
NOP2	2.274707567	0.13754087	0.961446734														
NKX3-2	-0.376059606	1	1														
MLST8	-1.437523204	0.903416306	1														
WDR1	-1.888883409	0.353444719	1														
TAS2R1	1.619838016	0.631602466	1														
SEMA5A	-2.764521891	0.034203769	0.470865726														
CD9	-0.921529802	1	1														
NYNRIN	1.291638476	1	1														
DNAJC19	1.826906341	0.406283116	1														
LATS2	0.142176475	1	1														
PPP2R2C	-1.57635022	0.689670683	1														
IRX2	-0.859095876	1	1														
FAHD1	-1.021993757	1	1														
PSME1	1.443712357	0.892919424	1														
SERPINB11	2.070185595	0.230609806	1														
URB1	-1.349045549	1	1														
TMEM128	-0.051054909	1	1														
EEF1AKMT1	0.512938958	1	1														
SERPINB12	-0.881831545	1	1														
SERPINB5	0.26003084	1	1														
FBXO25	-0.425714186	1	1														
KRTAP27-1	-0.226434577	1	1														
SLC7A4	0.548017954	1	1														
TMEM129	-1.199456794	1	1														
RNASE13	1.281019069	1	1														
RNF212	-2.287283606	0.133075649	0.948404869														
METTL17	3.341980043	0.004990982	0.182629802														
CTIF	1.076480958	1	1														
SNRNP25	0.109037731	1	1														
SEPTIN5	-1.041169215	1	1														
STAG1	1.878058394	0.362239063	1														
TMEM241	2.489796206	0.076689817	0.713795404														
LY6G5C	2.687457456	0.043198964	0.538781204														
CHRM5	0.973231746	1	1														
NEK11	3.706160479	0.00126255	0.094019365														
HMCES	4.056213946	0.000299247	0.043831511														
LRRC30	-0.567133432	1	1														
ARHGAP28	2.756138263	0.035092961	0.478964372														
UROC1	-0.107632594	1	1														
EOGT	0.184214325	1	1														
CSPG5	-0.144198804	1	1														
TRIM71	0.793114337	1	1														
ZCWPW2	0.714783813	1	1														
SH3BP5	1.965169832	0.296367506	1														
CCDC174	0.752682715	1	1														
SEC13	-0.112560453	1	1														
CRELD1	0.502450623	1	1														
CIDEC	-0.14161772	1	1														
RPUSD3	2.586441509	0.058183577	0.621047497														
BRPF1	0.662723958	1	1														
FAM131A	-0.19180337	1	1														
GOLM1	3.422190544	0.003727126	0.158733179														
PIP5KL1	1.522727813	0.7669609	1														
MRPL2	2.420680311	0.092948966	0.781604831														
RUFY2	1.731390563	0.500292772	1														
ADAMTS7	-2.369355596	0.106914672	0.845097102														
METTL14	2.258012266	0.143669368	0.977811724														
GPX3	-0.471380887	1	1														
KRT18	-1.424375312	0.926027141	1														
STAB2	2.450644623	0.085560399	0.74914902														
CCDC158	0.491812624	1	1														
TYRP1	0.117165584	1	1														
C6orf163	1.934496177	0.31831291	1														
STPG3	-0.451662034	1	1														
MAB21L4	-0.80141951	1	1														
TMEM266	-2.101569197	0.213546183	1														
LRRK1	-1.651997966	0.591209793	1														
HYKK	1.144086515	1	1														
FAM83G	-0.961509486	1	1														
KCNQ3	-2.449842086	0.085751327	0.749456006														
NCBP3	-1.614118128	0.639010836	1														
BORCS6	0.643688785	1	1														
STK38L	-0.051345601	1	1														
ALK	0.659588878	1	1														
PP2D1	1.330704291	1	1														
DIAPH1	1.075276708	1	1														
SHISAL2B	1.048040023	1	1														
DENND5B	-1.554765264	0.720011909	1														
RNF180	-0.008812474	1	1														
RNF20	-1.720196183	0.51238072	1														
LOXL2	0.933957029	1	1														
FAM169A	2.383491144	0.102895782	0.827040537														
CCDC150	1.039109289	1	1														
CCDC154	0.461114771	1	1														
LTN1	0.174365497	1	1														
ITGAD	1.06400617	1	1														
ASPDH	1.356938742	1	1														
UNKL	-1.991815858	0.278347594	1														
PRTG	4.291902097	0.000106289	0.027069793														
CFAP69	1.543447826	0.736332943	1														
FANCA	1.660336272	0.581080936	1														
SMTNL2	-0.710284349	1	1														
TRAPPC9	-0.951132199	1	1														
TM6SF2	2.5385966	0.066778843	0.662771298														
VPS9D1	0.452643931	1	1														
DNAH6	-1.172191423	1	1														
VWA3A	2.567682133	0.061428594	0.640124151														
PTPRN2	0.167078383	1	1														
ADAMTS20	2.860359704	0.025389644	0.40675424														
SIGLEC15	-1.161849584	1	1														
LRP1B	1.494777808	0.809834639	1														
SMYD5	-0.730926117	1	1														
TANC2	-2.352303661	0.11194522	0.868906367														
TBR1	-1.366329707	1	1														
EP400	-4.200314194	0.000159927	0.032105125														
ESYT3	-0.318760092	1	1														
GXYLT2	-1.006207768	1	1														
CRYBG3	0.866770215	1	1														
CC2D2A	0.136735814	1	1														
LAMA1	2.959112674	0.018511576	0.354962283														
EPHA6	0.143443465	1	1														
TSN	-0.419668247	1	1														
ZXDC	1.785225374	0.445348607	1														
TRMT44	1.411280032	0.948972359	1														
GPR149	2.221869776	0.157752645	1														
TRMT61A	-1.931963069	0.320184386	1														
LYST	1.005832256	1	1														
LRCH1	-0.723037501	1	1														
SQSTM1	-0.881201752	1	1														
TMEM87A	1.085297493	1	1														
DNAH17	-1.287100149	1	1														
CCDC88C	0.627448711	1	1														
RNF216	3.101412374	0.011555992	0.271424247														
APBB1	-0.452801339	1	1														
FAM168B	-2.181901283	0.174700915	1														
KIF19	-0.061821279	1	1														
IL17REL	0.90821335	1	1														
NLRP5	3.30851104	0.005627609	0.194205896														
COL23A1	0.260961676	1	1														
KRTAP29-1	1.157930176	1	1														
BHLHA9	2.795924038	0.031050938	0.453461593														
ZNF628	0.293118022	1	1														
KLK14	1.164267804	1	1														
KLK10	-0.422712818	1	1														
KLK8	-0.261283046	1	1														
NLRP3	0.468416093	1	1														
RPL13A	-0.23440705	1	1														
PGBD5	0.808137496	1	1														
STRN4	0.54381999	1	1														
ERCC2	0.159694236	1	1														
PPP1R12B	-0.354910221	1	1														
CAPN10	-0.86836656	1	1														
PDC	0.869785965	1	1														
LRRFIP1	-0.247004702	1	1														
HNRNPUL1	-0.017556356	1	1														
SH3BP4	-2.293825339	0.1308032	0.942689242														
ATG16L1	-1.640053385	0.605964405	1														
GPR55	-3.571184244	0.002132225	0.118566594														
SPHKAP	-0.46038223	1	1														
TTLL4	1.490488227	0.816575458	1														
BCS1L	0.32557578	1	1														
XRCC5	1.455077168	0.873887395	1														
MAP3K4	-1.195232112	1	1														
PNLDC1	-1.241945276	1	1														
SNX9	0.951243149	1	1														
ZBTB32	2.424615825	0.091947564	0.778497528														
MAG	0.767414055	1	1														
HPN	2.594805	0.056786759	0.616122681														
FAM117B	0.195443031	1	1														
SUMO1	0.515602709	1	1														
URI1	-0.275595689	1	1														
C19orf12	-1.68959486	0.54663294	1														
PPIL3	-1.570803076	0.697370385	1														
SH2D2A	-0.401669837	1	1														
MYO1B	0.700376342	1	1														
ZNF84	1.645685066	0.598971692	1														
ZNF605	2.276810131	0.136785398	0.960497417														
WDR45B	0.481179041	1	1														
MFSD6	0.825923401	1	1														
SLC16A3	-2.204501771	0.164934453	1														
ORMDL1	1.382733154	1	1														
HOMER3	-0.996354756	1	1														
GPS1	-2.263318862	0.141696242	0.974276431														
CENPX	1.894807504	0.348707452	1														
CALCRL	-0.444140721	1	1														
STX2	2.382020461	0.103307644	0.828561489														
CCDC62	0.791429698	1	1														
MB21D2	0.471032739	1	1														
CCDC50	2.079886685	0.225215566	1														
RNF34	1.138497969	1	1														
SEC14L1	-1.467850932	0.852868315	1														
RFC4	0.928585724	1	1														
SRSF2	-1.605793084	0.324958142	1														
OSBPL6	-0.977478111	1	1														
CIT	-0.99039046	1	1														
TEDC1	-0.015527514	1	1														
TAOK3	2.854374815	0.025872974	0.407718349														
RNFT2	1.701742908	0.532821439	1														
LLGL2	0.48582265	1	1														
GPR155	1.717985287	0.514795794	1														
NUDT14	-0.917886917	1	1														
PDK1	0.238746882	1	1														
GPR132	-1.026826676	1	1														
THYN1	1.48250017	0.82924355	1														
ADGRA1	-1.345031586	1	1														
CD300LB	-1.079706467	1	1														
ARMC2	1.921674386	0.327880453	1														
SDK2	-1.055678161	1	1														
KCNJ1	3.252232556	0.006870138	0.213376424														
ETS1	1.433510363	0.910272237	1														
RAD9B	0.953512901	1	1														
ABCA5	0.533781256	1	1														
CERS6	-1.227927011	1	1														
B3GALT1	-0.579889238	1	1														
ECT2	1.98502254	0.282851783	1														
CDON	1.640792288	0.605043238	1														
GALNT3	2.991974682	0.016630755	0.333032869														
STT3A	-0.392837318	1	1														
TRAF3	-0.663793997	1	1														
BAZ2B	0.768422483	1	1														
CUZD1	-0.004515851	1	1														
TECTA	0.197676284	1	1														
GRK5	0.580977324	1	1														
TDG	0.943202484	1	1														
NT5DC3	-0.189488848	1	1														
MAP3K19	3.359622017	0.004682951	0.177776434														
EVL	-0.479833404	1	1														
LCA5	2.699402274	0.041678492	0.529146482														
VWA2	-1.377000853	1	1														
GK5	1.729754189	0.502045215	1														
PIAS3	1.094154576	1	1														
NKAPD1	0.17592841	1	1														
DBH	1.345039707	1	1														
ADAMTSL2	1.293885346	1	1														
POU2AF1	-0.994275768	1	1														
SLC35G2	-0.942408449	1	1														
MTPN	-0.950007846	1	1														
STEAP3	0.62721296	1	1														
CYREN	-0.238260037	1	1														
MKS1	1.093614394	1	1														
MRPL42	0.921647634	1	1														
DPP10	-0.279578963	1	1														
PDGFD	1.342612861	1	1														
PTGFRN	-1.456306666	0.871847182	1														
LGMN	0.50219829	1	1														
LUC7L3	-0.644431817	1	1														
NTNG2	-2.488971838	0.076867868	0.713895643														
NRF1	0.415437271	1	1														
EME1	1.024726743	1	1														
NPHP1	1.84621194	0.389168627	1														
DENND2C	1.486804435	0.822398818	1														
BCL2L15	0.450184355	1	1														
TSPAN8	0.504052204	1	1														
TGFBRAP1	-1.477940388	0.836542408	1														
HPF1	0.48852976	1	1														
TTLL6	2.710313862	0.04033174	0.520133395														
PRCP	2.09110081	0.219114169	1														
RGL3	2.54473796	0.065615862	0.660988967														
LIPT1	1.74139167	0.489689684	1														
MDFIC	1.136344699	1	1														
MGAT4A	1.23995484	1	1														
ANKRD39	-0.384954577	1	1														
SPATA7	2.346381498	0.113740159	0.874617865														
LAMB1	0.09881176	1	1														
DBN1	1.052273664	1	1														
HYDIN	2.748533589	0.035917501	0.487604961														
HMGA2	0.442929427	1	1														
SLC10A3	-1.891910388	0.351017529	1														
P2RY2	1.121998127	1	1														
ARAP1	0.410860378	1	1														
DNASE1L1	1.771704113	0.458662119	1														
SRPK2	1.376830019	1	1														
TFAP2B	-1.822908497	0.409903505	1														
GOLGB1	1.347373302	1	1														
SNCB	-0.456903605	1	1														
NUMA1	2.119689027	0.204193674	1														
RENBP	0.777806838	1	1														
FDX2	1.569793317	0.698779218	1														
DDX60	1.44358048	0.893142114	1														
PDZD4	-2.072540391	0.229290441	1														
CD8B	0.995222325	1	1														
LRRC74A	1.153869516	1	1														
IGSF11	0.467456998	1	1														
GAP43	1.245542867	1	1														
ERGIC1	-0.367102352	1	1														
UBTD2	0.938982764	1	1														
ARHGAP9	2.507834768	0.072884073	0.693128094														
PPP6R3	-1.117280742	1	1														
GASK1B	0.857531365	1	1														
SLC35B2	1.009473252	1	1														
SFTPB	-0.223648068	1	1														
NDUFA4L2	-0.545547646	1	1														
ATP6V0A1	1.170247401	1	1														
SIDT1	0.344440444	1	1														
CFAP44	1.548051748	0.729659028	1														
DPEP2	0.271739681	1	1														
SUCLG1	0.602424466	1	1														
CNP	0.024154587	1	1														
TAGLN3	-1.209196056	1	1														
ZNF414	1.658451737	0.583357928	1														
JUP	-1.322530732	1	1														
SYT12	-1.465521673	0.856671862	1														
WBP1	2.159193751	0.185010832	1														
C1QTNF2	-0.036061407	1	1														
KRT15	0.357375815	1	1														
KRT35	-0.975897503	1	1														
KRT34	1.547954199	0.729799944	1														
BBOF1	3.126798319	0.010603267	0.262688713														
CBLB	1.78593784	0.44465594	1														
KRT222	1.441365023	0.896889517	1														
MTHFD2	0.324499618	1	1														
RARA	1.892096107	0.350869061	1														
SENP7	3.03311517	0.014522592	0.31185614														
GAPVD1	1.256574612	1	1														
MED24	0.769372674	1	1														
NIT2	0.705988188	1	1														
ADGRG4	3.039556332	0.014215613	0.308835456														
TBC1D23	-1.534746965	0.749075968	1														
ZSCAN25	3.333849119	0.005139186	0.186445582														
CHD2	0.660915364	1	1														
ARL13B	3.382212228	0.004314274	0.171769232														
SV2B	-1.309751859	1	1														
PROS1	-0.686548609	1	1														
SYNPO	2.396190587	0.099398843	0.808266196														
PRC1	1.881084543	0.359762515	1														
USP49	0.105077316	1	1														
RCCD1	-0.003309584	1	1														
FAM122A	-0.971470832	1	1														
ANXA4	-1.414528917	0.943239979	1														
GPC3	1.767253617	0.463114584	1														
ASNS	-0.155943524	1	1														
LHX6	-1.548648454	0.728797508	1														
FAT4	-0.019406821	1	1														
CIAPIN1	2.351409952	0.112214495	0.868906367														
KIF7	-0.328111201	1	1														
PPP2R2B	-0.135254471	1	1														
UTP14A	1.965559515	0.296097087	1														
QRFPR	-0.586688971	1	1														
LARS1	1.480232966	0.832866514	1														
GTF2F1	0.031532722	1	1														
ANKLE1	3.649228331	0.001578175	0.104263811														
KRIT1	0.388905178	1	1														
TRPT1	0.682151026	1	1														
DNASE1L3	-0.233449326	1	1														
EFEMP1	-0.013394277	1	1														
SLC28A1	-0.406258002	1	1														
PCDHGA2	1.000772394	1	1														
NMB	0.580980394	1	1														
CFI	1.285984008	1	1														
MCUB	1.370230305	1	1														
CCDC66	4.114169176	0.000233146	0.037580747														
BRD7	0.065875651	1	1														
AIMP1	-0.047386245	1	1														
GPR75	2.113387982	0.207405443	1														
HSPA2	-1.669226485	0.570435019	1														
PRKCD	2.573368892	0.060428278	0.634895788														
SFMBT1	2.33253618	0.118035011	0.890437105														
CXXC4	-1.093231886	1	1														
CCDC121	1.851396551	0.38467515	1														
ALG13	1.124945577	1	1														
SYNPO2L	-0.749535234	1	1														
KRT80	-2.765155869	0.034137361	0.470865726														
TTC7A	0.366001489	1	1														
PPP3CA	-1.250454463	1	1														
DNAJA4	-3.825007644	0.000784608	0.070859578														
ZP3	2.40046976	0.098244262	0.804528893														
TGFB1I1	-0.364542486	1	1														
GIT1	0.541155516	1	1														
COL4A6	0.131398392	1	1														
TRMT10A	3.062209219	0.01318259	0.292097042														
KIF20A	3.103233316	0.01148512	0.271424247														
TKFC	0.790307406	1	1														
FLOT2	0.965286038	1	1														
FSD1L	0.427054408	1	1														
PSAP	1.614742628	0.638198652	1														
WDR89	1.003892859	1	1														
SPOCK1	-0.413842537	1	1														
VSIR	1.166293886	1	1														
SMARCD1	-0.413765238	1	1														
ALAS1	0.592552798	1	1														
SP9	0.419178422	1	1														
VKORC1	0.910506139	1	1														
ZNF646	0.769212246	1	1														
MMRN1	2.599606271	0.055998465	0.61176517														
TCF7	1.760054672	0.470391224	1														
CDKL4	1.364348754	1	1														
CYP1A1	4.104937215	0.000242655	0.038624581														
GRM2	-1.420894926	0.932083849	1														
ZBTB9	1.8106466	0.421173443	1														
CLK3	0.716072627	1	1														
GRINA	-1.185453338	1	1														
LPXN	0.285674087	1	1														
FZR1	1.9865386	0.281841307	1														
MEPE	2.865327395	0.024994698	0.405972561														
GPR135	-1.609864212	0.64456502	1														
DAAM1	-0.262785946	1	1														
PFDN6	-1.460692033	0.864599858	1														
AFF1	4.379365171	7.14E-05	0.024576648														
TIMM9	0.456955778	1	1														
ARID4A	2.487692586	0.077144891	0.714443495														
DNAJC30	1.788494775	0.442177307	1														
ARHGAP24	2.511900669	0.07204973	0.689317252														
HERC4	0.747698951	1	1														
TBX6	0.892641546	1	1														
CDC42SE2	1.818879017	0.413579339	1														
ZNF365	1.434342492	0.908847301	1														
CDK1	-1.221821756	1	1														
FAM135B	-2.589595861	0.057653199	0.618533686														
IZUMO4	0.671913934	1	1														
KTN1	1.289290662	1	1														
SLC16A9	3.165778667	0.009280106	0.247741864														
MVP	1.733965426	0.497545308	1														
PHF20L1	0.306948564	1	1														
PAQR5	0.343341117	1	1														
LAT	1.225908391	1	1														
SOCS4	1.699135551	0.535761878	1														
WDR6	0.990122011	1	1														
REEP6	0.841822157	1	1														
A1CF	1.432262165	0.912412841	1														
DHRS7B	1.257968284	1	1														
ASAH2	-0.133152864	1	1														
SPECC1	-0.385155112	1	1														
COBL	-0.440761472	1	1														
ATXN2L	1.064815219	1	1														
SLC26A6	2.22916775	0.154816473	1														
SUN3	-1.021184463	1	1														
MFAP4	1.487499729	0.821297248	1														
RABL2B	-1.086855164	1	1														
SNTB1	-0.937254479	1	1														
MEGF11	-0.36855228	1	1														
SLC5A10	-2.079679368	0.22532971	1														
CDRT1	2.420752504	0.09293051	0.781604831														
TRIM16L	-1.802649678	0.428659499	1														
KLHDC7B	3.190551695	0.008520086	0.236920461														
ERO1A	0.085845307	1	1														
CCDC51	2.907494065	0.021860235	0.380986644														
PURB	-1.748679691	0.482078415	1														
MIEF2	-0.145963358	1	1														
TRPS1	-0.603730491	1	1														
EHMT2	0.253164896	1	1														
BTC	0.742752924	1	1														
CAMK2B	-4.344556618	8.37E-05	0.024576648														
MTHFD2L	0.935039012	1	1														
APIP	-0.375996815	1	1														
TNRC6A	-2.497659038	0.075009824	0.705446899														
ZNF287	0.775959037	1	1														
CDKL1	2.405270169	0.096963081	0.801251054														
PANX2	-1.284056853	1	1														
NCOA1	0.445895708	1	1														
VCPKMT	0.588260216	1	1														
ATP6V1C1	-1.712106072	0.521262735	1														
PODN	2.581650723	0.058997426	0.626061024														
HECW1	-1.373803848	1	1														
AURKA	2.289186655	0.132411058	0.946260211														
GLI3	0.524296217	1	1														
TEKT3	1.542978656	0.737015729	1														
ABHD16A	-1.731464009	0.500214233	1														
BCAS1	0.651089506	1	1														
CASC1	3.840310321	0.000737273	0.067542721														
SLC5A12	5.381890555	4.42E-07	0.001126311														
NFATC2	0.62711814	1	1														
FOXB1	-0.662705684	1	1														
GCNT3	1.67645986	0.561888914	1														
ENAM	3.867838011	0.000658827	0.0652194														
ZNF445	2.468671455	0.0813694	0.731233551														
ODAM	2.475359663	0.079861236	0.727050255														
NDUFAF6	-0.468637067	1	1														
JMY	2.353040408	0.111723663	0.868906367														
UMOD	1.254049652	1	1														
PDE1C	1.125624329	1	1														
UEVLD	0.669176761	1	1														
TMC5	0.870859452	1	1														
CCHCR1	-0.133267906	1	1														
VAMP1	-0.741614558	1	1														
MYH11	1.08544568	1	1														
SNX16	1.314319182	1	1														
CDKN1B	-0.078336946	1	1														
NDE1	1.604168075	0.652062059	1														
MPV17L	0.586401198	1	1														
NAGA	0.26884619	1	1														
CYP19A1	-0.200723846	1	1														
HNF4G	-2.17975807	0.175652397	1														
ARHGAP21	0.964145462	1	1														
USP8	0.904293971	1	1														
CCDC125	1.779381355	0.451063567	1														
ACO2	-1.185965057	1	1														
OSBPL10	1.159731927	1	1														
ATF7IP2	3.06858059	0.012904699	0.289310618														
GRIN2A	-1.86635051	0.371954054	1														
COL4A3	0.614918867	1	1														
TRIM40	-1.132182136	1	1														
SLC30A5	0.98277308	1	1														
GNE	-1.610141916	0.64420127	1														
ADHFE1	1.235232371	1	1														
COL4A4	0.188878799	1	1														
RPS8	-1.755454795	0.237544639	1														
GATM	0.555003925	1	1														
STK33	2.137143276	0.19551804	1														
CENPK	-0.180304454	1	1														
ZDHHC4	0.781186778	1	1														
GAPT	1.679875327	0.557889451	1														
TIMM17B	1.52865898	0.758094038	1														
FITM2	-2.637578674	0.050100152	0.576094749														
MAP4K1	2.370972809	0.106448017	0.843502833														
IRF9	1.475880797	0.839855372	1														
SLC38A9	-0.266773221	1	1														
ZNF200	0.386067985	1	1														
SLC29A4	-0.292250181	1	1														
CLDN6	0.740098159	1	1														
CARD11	-0.386137313	1	1														
MOCS2	1.602999645	0.653608395	1														
ZSCAN29	2.442221503	0.087583124	0.757119597														
CFP	0.732454153	1	1														
ITGA4	1.262439659	1	1														
NUDT1	-0.254283868	1	1														
UPF2	0.416907378	1	1														
SLC17A3	-0.288050255	1	1														
NUDT19	2.008474456	0.267557387	1														
NFE2L2	1.455350377	0.87343372	1														
CCNF	-0.436359303	1	1														
RAPGEF4	-0.611065053	1	1														
C1QTNF6	0.339525912	1	1														
TULP3	1.198277799	1	1														
ITIH5	2.445948058	0.086683087	0.753977074														
NCF4	0.645854968	1	1														
CAPN3	-1.91292108	0.334548939	1														
DDHD2	3.868964726	0.000655791	0.0652194														
SFMBT2	1.092646178	1	1														
PAXIP1	-1.931749094	0.320342892	1														
PAFAH1B1	0.615992403	1	1														
FOXRED2	2.495775948	0.075409175	0.707974361														
AGAP3	-0.26805749	1	1														
IL25	0.627917972	1	1														
PLA2G4F	2.25257163	0.14571703	0.986357776														
ERMN	2.063577456	0.234346782	1														
PLAA	0.246165685	1	1														
JMJD7	2.445164289	0.086871703	0.754101427														
CLDN7	0.898486374	1	1														
MYCL	0.069411019	1	1														
DDX51	-1.932238734	0.319980278	1														
HAGH	-0.128084784	1	1														
DUSP8	-0.704195393	1	1														
AKAP8L	-0.012913188	1	1														
CRAMP1	-1.729844362	0.501948517	1														
BPIFC	2.29093299	0.131803738	0.945436587														
BLOC1S5	0.712140282	1	1														
BAIAP3	-2.626335777	0.051785778	0.586437912														
ARL16	-1.718002154	0.514777334	1														
TMEM80	-0.888221241	1	1														
CEP250	2.879287696	0.023914473	0.397554703														
SMCO1	1.315863792	1	1														
WEE2	1.711859997	0.521534833	1														
CCDC40	-1.581836289	0.682121691	1														
BICDL1	-1.016806834	1	1														
KDM7A	-0.737191946	1	1														
MYCBP	1.00532052	0.944227612	1														
NFIB	-1.415257084	0.941958797	1														
RASSF7	0.372846117	1	1														
TMEM213	1.038419241	1	1														
TMEM209	0.080301526	1	1														
TEN1	-0.944053323	1	1														
MORC2	1.427016959	0.921450038	1														
TCTN1	4.349428771	8.19E-05	0.024576648														
HOOK2	0.438170691	1	1														
ALG3	0.284138642	1	1														
YBEY	-0.386994426	1	1														
MCM3AP	-3.089405848	0.012033436	0.277095427														
PDCD1LG2	-1.261727956	1	1														
FTCD	0.401241719	1	1														
RGS11	0.359401719	1	1														
PPP3CC	4.326956938	9.07E-05	0.024576648														
SLC66A2	-1.837694197	0.396644877	1														
MED13	1.531330172	0.754126873	1														
COL8A2	-0.149036198	1	1														
ROBO3	-1.783981978	0.446559562	1														
CEP83	1.383758529	0.998594432	1														
SH3KBP1	0.586957901	1	1														
ARHGEF12	0.062536356	1	1														
C17orf67	-0.573435139	1	1														
PUM3	-0.217072784	1	1														
TTC28	3.163164323	0.009363853	0.248933825														
NAV3	0.944799365	1	1														
SOCS6	-0.980204856	1	1														
ADGB	-0.454471094	1	1														
CDH7	0.980150167	1	1														
INTS10	1.920972129	0.328411328	1														
DIPK2B	1.526843689	0.760799308	1														
SLC35E3	0.213251989	1	1														
RNASE11	1.38719168	0.99229993	1														
TM9SF4	-2.347367578	0.113439555	0.874418455														
NPS	-1.835786593	0.398335351	1														
ZCWPW1	3.541434088	0.00238775	0.122603241														
GRK4	1.0643197	1	1														
FGL1	-0.220780574	1	1														
CTDSP2	0.539607548	1	1														
MBLAC1	1.977763908	0.287732082	1														
HP	2.323310107	0.120974996	0.901929504														
HPS4	1.921294266	0.328167718	1														
RGPD2	2.082103474	0.223998116	1														
HDDC2	0.123954379	1	1														
EFCAB9	1.500967127	0.800184385	1														
APOF	-0.502646052	1	1														
SELENOS	-0.568763746	1	1														
LONRF1	2.452605582	0.085095451	0.748863491														
PLPP4	-0.81764318	1	1														
CRHR1	-2.029139036	0.254664785	1														
GGT5	0.940505739	1	1														
SLC37A1	-0.324762609	1	1														
MPP3	0.83681547	1	1														
VGLL3	-1.095423664	1	1														
TMPRSS3	1.307728664	1	1														
SMAD4	-0.850748573	1	1														
TMPRSS12	2.858077033	0.025573014	0.40675424														
NOTO	1.788799638	0.441882536	1														
FGFRL1	-0.565430155	1	1														
PAX1	-0.183108555	1	1														
KRT40	0.058082798	1	1														
MEIS1	-0.373005454	1	1														
CSNK1D	-0.62974625	1	1														
STK32A	0.494268174	1	1														
FRMD4B	0.393662723	1	1														
CFAP53	2.39746702	0.099053202	0.806973164														
ARHGEF10	0.679463238	1	1														
USP34	1.305034669	1	1														
LCP1	-0.331098384	1	1														
TMPRSS2	3.726343599	0.001165665	0.089961092														
PCDHGA11	-1.047298336	1	1														
MX1	-0.507825964	1	1														
PCDHGA8	-0.415796678	1	1														
C2orf73	1.993009341	0.277562545	1														
FAM3B	0.639740196	1	1														
DOT1L	-0.940816486	1	1														
GXYLT1	2.400654417	0.098194705	0.804528893														
ZSWIM8	1.375449177	1	1														
SHARPIN	0.373121671	1	1														
PARP3	1.764082713	0.466308327	1														
CAPN11	1.966107805	0.295716954	1														
C10orf105	1.281319429	1	1														
TNFSF11	-0.616409433	1	1														
SLC25A45	-1.113429353	1	1														
HSDL2	1.722230037	0.510167134	1														
CCDC33	0.571998803	1	1														
SEC24A	1.177639841	1	1														
ATL3	0.879322809	1	1														
MROH6	-0.19719823	1	1														
SPTLC3	3.868919245	0.000655913	0.0652194														
GIN1	0.081457854	1	1														
CTNND1	0.242444313	1	1														
LCMT1	0.795482375	1	1														
RAD51AP2	1.334932519	1	1														
EVPLL	0.745451916	1	1														
DCDC2C	-0.505491843	1	1														
DOP1B	-0.700000394	1	1														
AIFM3	-0.434182979	1	1														
STOX1	3.513096982	0.002657495	0.131675242														
MYO5A	-1.177636016	1	1														
MDGA2	1.595409478	0.663724187	1														
JMJD1C	3.035403543	0.014412843	0.311601255														
ZSWIM7	-0.628002803	1	1														
GPR33	-0.231389908	1	1														
KCNE1	0.176644695	1	1														
TMEM26	3.01627333	0.015354148	0.320524133														
RBM12B	-1.080598524	1	1														
MRPS6	0.433531103	1	1														
GSG1L2	0.486680252	1	1														
SDR39U1	1.853258078	0.383072261	1														
N4BP2L2	-0.209342963	1	1														
OTOG	2.157965953	0.185582874	1														
RNF222	-0.57282334	1	1														
ABCC1	2.97559501	0.017545245	0.343724849														
ACSM4	-0.64505419	1	1														
COL28A1	1.105606768	1	1														
PHB2	-2.068580248	0.231512958	1														
PTPN6	-1.356027647	1	1														
USP47	1.747813435	0.482978029	1														
NEURL4	-0.901849521	1	1														
CABYR	0.704236558	1	1														
MAP3K1	-0.331596179	1	1														
PLA2G4E	0.154459357	1	1														
TNRC18	0.527974703	1	1														
C22orf39	-0.520883781	1	1														
MROH2B	1.126347214	1	1														
RADIL	0.533337655	1	1														
UBXN2B	-0.046214454	1	1														
TSSK2	-0.657098545	1	1														
ST3GAL1	0.153124025	1	1														
FAM166B	1.78085944	0.449612497	1														
GRXCR1	0.159204026	1	1														
ENHO	1.622120384	0.314332723	1														
KDM5A	1.151020749	1	1														
ROCK1	-0.611530734	1	1														
C5orf49	0.240186823	1	1														
WDR19	1.254322852	1	1														
ADA2	2.290773145	0.131859226	0.945436587														
SEL1L3	2.000929059	0.272400213	1														
KCNU1	2.265528967	0.140881431	0.97060746														
CLDN8	-3.989772821	0.00039682	0.049686285														
RNF212B	1.497423356	0.805698808	1														
FAM234A	0.284632242	1	1														
RPGRIP1	1.830476842	0.403071999	1														
ATP5PF	0.331745734	1	1														
SNRPN	-2.440986009	0.043941667	0.542728596														
USP25	0.087444455	1	1														
EPHB2	0.409404585	1	1														
NRIP1	0.534891776	1	1														
TPTE2	0.555885854	1	1														
COLEC12	2.943806717	0.019452144	0.364082784														
SFI1	3.249131525	0.006945477	0.215191479														
DIAPH3	1.561197512	0.710862935	1														
MACC1	1.47036169	0.848782927	1														
SGSM1	0.610841859	1	1														
GGT1	1.658226439	0.583630621	1														
MAPK4	0.283724516	1	1														
SIAH3	-0.393228182	1	1														
DSCAM	0.936883233	1	1														
PCDH11Y	1.454691898	0.874527459	1														
MORC3	0.948322168	1	1														
TXNRD2	0.325923084	1	1														
EFCAB8	0.575996948	1	1														
NCAM2	1.338284208	1	1														
PPP4R1	2.900424419	0.022359462	0.385806758														
RBM11	0.798810922	1	1														
ZDHHC20	2.725232653	0.038553715	0.503531287														
C9orf152	0.484999346	1	1														
C20orf202	0.793534784	1	1														
KLHDC7A	1.126993812	1	1														
HMX1	0.638896018	1	1														
ZG16	2.678202902	0.044411019	0.544826507														
TMEM242	0.219903073	1	1														
WDR47	0.018497076	1	1														
CCNL2	0.354409378	1	1														
AFDN	-2.502746111	0.073940347	0.700041917														
MASP2	0.385533846	1	1														
SLC2A7	3.193561957	0.008431751	0.235977831														
RERE	-0.305187324	1	1														
CCR6	0.573192044	1	1														
RO60	0.542521758	1	1														
OAZ3	-0.559089247	1	1														
MIER1	2.100495267	0.214111779	1														
MMACHC	0.938062102	1	1														
KIAA1522	2.77262162	0.033364042	0.467390217														
SZRD1	-0.22039005	1	1														
TTC34	2.200534409	0.166614009	1														
CLHC1	2.735346153	0.037388825	0.497394536														
AGR2	1.749832291	0.480883541	1														
CLDN15	1.258671682	1	1														
GAREM2	1.608620528	0.646196057	1														
LRRC72	1.861771598	0.375811749	1														
MEI1	0.688293819	1	1														
SCFD2	2.485501895	0.077621339	0.716476754														
POP1	1.938214856	0.31558209	1														
CD14	1.547957112	0.729795737	1														
SLC6A4	2.036411759	0.250254154	1														
SVEP1	1.645987603	0.598597868	1														
ANKMY1	-2.125780439	0.201129273	1														
GP5	0.010065793	1	1														
PDE7A	-1.828609545	0.40474873	1														
P4HA2	0.003532507	1	1														
RBM33	-1.264145695	1	1														
ZFAND2A	-1.382698817	1	1														
GGT2	1.762570211	0.46783803	1														
MTMR3	0.664801828	1	1														
SNU13	0.135873244	1	1														
PARG	2.31819287	0.122633048	0.908826871														
IQCE	0.158975716	1	1														
SOS1	-1.093053084	1	1														
PYCR1	2.06674667	0.232548186	1														
AGTR1	1.062249731	1	1														
KIAA1841	0.723551588	1	1														
WDR25	-1.086586322	1	1														
TAFA5	-0.749522775	1	1														
RASGRP3	-0.523915775	1	1														
FAM210A	2.916512307	0.021238125	0.377360719														
SAR1B	-1.556293524	0.717829864	1														
PDZRN4	3.422895736	0.00371747	0.158733179														
HERC3	-0.539372799	1	1														
CTNNA2	0.108987915	1	1														
CPE	-0.644811439	1	1														
FASTKD2	2.456944188	0.084074673	0.745029145														
DRP2	-0.577533008	1	1														
KMT5A	0.200320914	1	1														
MIEF1	0.774743148	1	1														
ELFN2	-0.291182948	1	1														
GABRR2	0.967766756	1	1														
MAGI1	1.061559169	1	1														
SMC6	-0.732323182	1	1														
DTWD1	2.544097928	0.065736218	0.660988967														
SLC8A1	1.468941708	0.851091604	1														
CEP162	2.428879488	0.090873394	0.773000534														
INO80D	1.618770122	0.632980398	1														
CARD10	0.185177354	1	1														
C22orf23	1.816047623	0.416178403	1														
ZGLP1	2.859269013	0.025477112	0.40675424														
FBXO11	0.459267467	1	1														
MYH8	-2.334637446	0.117374212	0.886083941														
TBC1D10A	1.118040206	1	1														
HCRTR1	0.758497808	1	1														
SDSL	3.670631937	0.001451709	0.101358677														
ALKAL2	-1.393865468	0.980149403	1														
TRIOBP	0.82566705	1	1														
F11	0.592542305	1	1														
EFR3B	-1.298780215	1	1														
MTIF2	3.399013915	0.004057757	0.168861018														
GTF2A1L	1.988797519	0.28034134	1														
UBAC2	0.190633054	1	1														
R3HDM2	0.09491685	1	1														
TPST2	0.403662141	1	1														
KCTD17	0.168351762	1	1														
CAPN14	-1.734297524	0.497191839	1														
KCNS3	-2.194995128	0.168983683	1														
OTOF	-1.494082394	0.810924511	1														
DGKB	-0.007178394	1	1														
RSPH10B2	0.792481059	1	1														
CUL4B	1.154726027	1	1														
PSME4	0.386566665	1	1														
ZBTB40	2.953739964	0.018836905	0.35801366														
CDCA5	0.92024514	1	1														
LIPK	-0.625904108	1	1														
CHEK2	1.101075293	1	1														
ACY1	4.346016026	8.32E-05	0.024576648														
STEAP1B	2.932706073	0.020161311	0.371539983														
TNFSF18	-0.450332444	1	1														
LIPN	-1.112427481	1	1														
OBSL1	0.779911	1	1														
NRG3	-2.032148636	0.252831666	1														
DQX1	2.714244024	0.039856329	0.515259381														
KCTD6	1.49882463	0.803514799	1														
IL6	2.283808285	0.134296803	0.950532461														
VSNL1	-0.577350269	0.563702862	1														
LIPM	-0.185247982	1	1														
BRD1	-2.470288923	0.081002379	0.728800915														
INTS1	-2.084062502	0.222926894	1														
MMD2	0.893878702	1	1														
DMRTA2	-0.511835907	1	1														
LTBP1	-0.019304624	1	1														
EMID1	2.594414683	0.056851276	0.616122681														
CACNA1I	-0.427662689	1	1														
ATG4B	0.255924542	1	1														
FBLN2	-0.887060516	1	1														
UBXN2A	-0.257072711	1	1														
FAM161A	2.911915421	0.021553193	0.37856326														
ABCB5	-0.120334942	1	1														
VSTM2A	0.009783818	1	1														
NRXN1	0.388425905	1	1														
PAPOLB	0.81377184	1	1														
SUN2	0.798006956	1	1														
MYH6	0.329828453	1	1														
KBTBD12	1.109008214	1	1														
ODF3B	1.314556441	1	1														
FLACC1	1.714283614	0.518859906	1														
NCOR2	0.609662004	1	1														
SUN1	-0.057474265	1	1														
EPCAM	0.872330042	1	1														
TAPT1	1.054505019	1	1														
NUCB1	0.587669834	1	1														
ABCG5	3.740058677	0.001103864	0.087308086														
ADCY3	-0.001104526	1	1														
HPSE	1.879513325	0.361046615	1														
RSPH10B	0.806507907	1	1														
ADGRV1	3.064269116	0.013092152	0.291461242														
RPAIN	2.077274984	0.22665712	1														
PPP1R3G	1.357217056	1	1														
MS4A15	-1.604974626	0.650996333	1														
CCDC157	2.726938819	0.038354934	0.501449419														
TDRD15	2.196314148	0.168416795	1														
HMGB1	-0.170865964	1	1														
CERT1	0.979982517	1	1														
BSCL2	0.564928416	1	1														
TMEM196	-1.369846873	1	1														
NXPH1	-0.050871524	1	1														
TCHP	2.116821274	0.205650115	1														
LIG4	0.262350303	1	1														
ZDHHC8	-2.485391076	0.07764551	0.716476754														
DUSP28	0.41860307	1	1														
THADA	2.068707717	0.231441136	1														
MPV17	1.343504992	1	1														
PSTK	1.608076626	0.646910386	1														
CSF2RB	-1.069096621	1	1														
RELA	-0.311175693	1	1														
GDPD3	0.750244038	1	1														
GAL3ST1	3.271765423	0.006412693	0.206732228														
PNPLA7	1.452284065	0.878535818	1														
PSD	1.089141248	1	1														
SMCR8	0.054725756	1	1														
HDAC9	0.680150212	1	1														
RMDN1	0.946434283	1	1														
GPSM2	-2.181081961	0.175064129	1														
HOXD12	1.495838185	0.808174967	1														
PARD3B	0.377885715	1	1														
ASB3	-0.116043779	1	1														
C1S	2.795911066	0.031052184	0.453461593														
DTNB	-1.532432046	0.752495128	1														
FSHR	0.093427988	1	1														
PCNX4	2.230049011	0.154465136	1														
MAD1L1	-1.054132782	1	1														
BCL6	0.819732913	1	1														
HIPK2	-0.611846496	1	1														
CDCA7L	2.279314524	0.135890252	0.95656521														
GRAMD4	-2.092770848	0.218217692	1														
HYPK	0.617365855	1	1														
CHKB	0.100837262	1	1														
NLK	-0.606503338	1	1														
CRPPA	2.004825661	0.269890129	1														
PPP1R7	-1.261675984	1	1														
KIF26B	-1.097923106	1	1														
FAH	1.747594296	0.483205822	1														
PRR16	0.412002137	1	1														
KREMEN1	0.156588229	1	1														
CDK11B	-0.183286412	1	1														
IFI30	1.788016312	0.442640257	1														
THAP4	-1.161053031	1	1														
C1D	0.005745113	1	1														
METTL15	0.729825946	1	1														
CBX6	0.54197115	1	1														
WDR43	1.563324952	0.707857093	1														
HIC2	1.977218081	0.288101908	1														
DNASE1	1.685147491	0.551760713	1														
MATN3	-1.134561565	1	1														
WDR60	1.019025033	1	1														
MEIG1	-0.670670707	1	1														
CCDC85A	-1.895498733	0.348158157	1														
ZCCHC9	0.411370122	1	1														
TFIP11	0.292482015	1	1														
PTGR1	1.946777722	0.309368333	1														
ZFPM2	-0.083831151	1	1														
ICOSLG	0.044098845	1	1														
KIF2A	-0.351369103	1	1														
PRDM6	1.334337911	1	1														
FGG	1.594751041	0.664607515	1														
SETD5	-0.080631337	1	1														
CHRNA2	-0.586581526	1	1														
KIF16B	2.966259593	0.018086756	0.350025455														
RBM34	1.939651738	0.314532171	1														
NGDN	0.900604914	1	1														
MCC	1.571570705	0.696300869	1														
PSMB11	0.735500798	1	1														
ESRRG	-0.08263099	1	1														
ARMC5	-1.587457764	0.674454033	1														
TAS2R41	1.46004127	0.865672392	1														
RGS14	0.304965007	1	1														
XKR9	0.393262377	1	1														
TAS2R40	0.789107519	1	1														
MYO3B	2.32819358	0.119410962	0.898245865														
UMODL1	3.300387217	0.005793091	0.197243897														
RBM4	0.071312777	1	1														
RGPD4	1.860513077	0.37687782	1														
KDELR3	0.557266091	1	1														
JAKMIP1	-4.582318898	2.76E-05	0.019146439														
SMPD4	0.429171638	1	1														
SLC38A11	2.060665975	0.236009507	1														
ANKRD61	0.960549402	1	1														
AAK1	-0.612931854	1	1														
SLC39A10	0.693357582	1	1														
TMEM139	3.278669981	0.006257852	0.203804308														
SAG	-0.317594173	1	1														
MEIOC	-0.368495718	1	1														
ALDH7A1	2.401177635	0.098054407	0.804528893														
NEMP2	0.070430479	1	1														
ALAD	-0.605307805	1	1														
CCDC148	2.462033133	0.082891142	0.738653467														
ARHGAP25	0.591892934	1	1														
PCDH20	0.124498948	1	1														
MCFD2	-0.178027048	1	1														
KLHL30	-3.72003191	0.001195186	0.091683699														
STK17B	0.909127112	1	1														
CATSPERG	3.384371977	0.004280477	0.171769232														
RAD21L1	1.424947898	0.925033575	1														
PTPRN	0.251779606	1	1														
STK16	0.67249711	1	1														
NCKAP5	2.637399221	0.050126667	0.576094749														
TET3	3.056271268	0.013446504	0.297270453														
NLRX1	-0.248889434	1	1														
IPO11	1.682379536	0.554971602	1														
PXMP4	2.692980736	0.042489816	0.533511188														
PLGLB1	2.530591981	0.068322135	0.671307146														
FCHSD2	0.657693518	1	1														
TBC1D8	-1.530595136	0.755216908	1														
DCDC2B	-0.080069856	1	1														
ARHGEF4	-1.755080725	0.475473005	1														
MRPL19	1.532288316	0.752707818	1														
TONSL	-0.078517017	1	1														
CAMSAP1	-2.184792305	0.173424471	1														
SPIRE1	1.837478525	0.396835704	1														
FAT3	-1.25677985	1	1														
CSRNP3	-0.184888811	1	1														
PTRH2	1.332528148	1	1														
SCN9A	1.067803744	1	1														
CAPS2	2.602893473	0.055464403	0.609191204														
LYG1	0.820427616	1	1														
GIGYF2	0.209311948	1	1														
MPP4	0.312941753	1	1														
PGGHG	0.662825281	1	1														
ADCYAP1R1	0.543525182	1	1														
WNT7B	-0.381014473	1	1														
CD8A	0.30248313	1	1														
RAD54L2	0.180414561	1	1														
AGAP1	-0.892378352	1	1														
ZNF638	0.096215783	1	1														
KDM3A	1.729875851	0.501914753	1														
NR4A2	1.466672747	0.854790601	1														
AFF3	2.599601609	0.055999226	0.61176517														
DYSF	-0.067194748	1	1														
PLD3	0.084577608	1	1														
IL18R1	-0.940066663	1	1														
R3HDM1	-0.563104911	1	1														
LYPD6B	-0.59074221	1	1														
WDR81	2.482716239	0.078230943	0.720367931														
MGAT5	-0.763136514	1	1														
CAPG	0.065403144	1	1														
NOTUM	-2.278497393	0.136181758	0.958087572														
FAM124B	2.197687086	0.167828475	1														
SAPCD2	-0.275663941	1	1														
NHEJ1	0.45448616	1	1														
MYADML2	-0.86952999	1	1														
PSTPIP2	0.16468276	1	1														
ASB18	-0.89201611	1	1														
GPATCH11	0.281220388	1	1														
KCMF1	-1.784401869	0.446150326	1														
CNPPD1	1.170043806	1	1														
CLEC16A	-0.358846894	1	1														
CXCR4	0.523846712	1	1														
CPVL	2.427785347	0.091147988	0.774818745														
CCDC74A	-0.143074412	1	1														
UAP1L1	1.325562034	1	1														
RABL2A	-1.080095954	1	1														
TMEM237	0.635087443	1	1														
ELOB	0.784192412	1	1														
IQCA1	-0.014921941	1	1														
LRRTM4	-1.473036821	0.844446644	1														
IL1RN	-0.287152389	1	1														
PREPL	1.06110001	1	1														
CCDC74B	-0.115091747	1	1														
MAP3K2	0.261517651	1	1														
TMEM131L	4.159474232	0.000191389	0.034816321														
SERF2	0.749197024	1	1														
UNC50	0.892508692	1	1														
VSTM5	1.652903433	0.59010311	1														
ARHGEF33	0.62795824	1	1														
AGFG1	-0.87959306	1	1														
TAX1BP1	1.306728925	1	1														
DPAGT1	0.629036321	1	1														
COA5	0.625837021	1	1														
C5orf52	1.39242111	0.982769494	1														
FAM243A	-0.576297147	1	1														
CD207	-0.143412168	1	1														
HOXD3	1.525546128	0.762737624	1														
COPS7B	1.138551998	1	1														
NFU1	-1.015912843	1	1														
IL1R1	2.393928972	0.100013858	0.810739635														
MEF2B	2.714580589	0.039815851	0.515259199														
CWC22	-0.329914341	1	1														
ZNF385B	1.116536758	1	1														
PRPF40A	1.027567921	1	1														
IMMT	1.544018532	0.735503059	1														
METTL21A	2.015547607	0.263083819	1														
GPR137	0.504948571	1	1														
HJURP	1.251298516	1	1														
EPN1	-1.600912006	0.65637846	1														
NUP214	0.221432448	1	1														
SMIM26	3.10143438	0.011555133	0.271424247														
ZNF142	1.781451343	0.449032481	1														
TOM1	1.213983409	1	1														
TCAF2	0.577650431	1	1														
PRRT3	1.001469301	1	1														
UNC13D	0.379606538	1	1														
PPP4R3C	-1.15516395	1	1														
ADGRA2	2.205696809	0.164431413	1														
EIF3L	0.236256549	1	1														
ETFBKMT	2.309564997	0.125473496	0.919320772														
BUB1B	3.158235702	0.00952363	0.249506862														
U2AF1L4	-0.335024907	1	1														
ARRB2	1.110051437	1	1														
CDHR4	2.562825348	0.062294557	0.644925924														
PIGZ	1.536308681	0.746776149	1														
PPP6R1	-1.382321243	1	1														
PWP1	0.90922658	1	1														
SGO1	3.232225474	0.007369806	0.220266128														
FAM185A	3.618609643	0.00177714	0.108363028														
MOV10	-1.710065207	0.523522895	1														
SDCBP	-0.73840871	1	1														
RNF10	-1.764023351	0.466368287	1														
NUGGC	1.646207207	0.598326636	1														
SBK2	0.805481159	1	1														
P2RX6	0.686349245	1	1														
RPP30	0.159103696	1	1														
CFAP221	2.868799255	0.024721993	0.404120487														
PPRC1	2.460846421	0.083165811	0.73881951														
PHOSPHO1	1.488860887	0.819144031	1														
NFATC4	2.026475314	0.2562966	1														
HHAT	1.406726126	0.957051693	1														
SMARCA4	-0.537432703	1	1														
DENND6B	-1.213122969	1	1														
EPGN	0.104776982	1	1														
EXOC3L2	-1.355755806	1	1														
GPR6	-1.347815558	1	1														
CAMTA2	1.64636804	0.598128053	1														
SPRN	-0.066000119	1	1														
RIC1	-0.270778339	1	1														
ENPP3	3.59617755	0.001937565	0.112149761														
BLCAP	0.702500173	1	1														
DPY19L4	0.578176252	1	1														
TMEM219	-0.257577357	1	1														
CLGN	2.047621541	0.243582582	1														
ARTN	0.315604744	1	1														
FAHD2B	2.477504051	0.079382944	0.725672943														
NUSAP1	2.17397015	0.178244262	1														
PNPLA6	1.49586986	0.808125431	1														
RDH13	0.11900474	1	1														
DDOST	1.247923223	1	1														
CD44	1.941810312	0.312960408	1														
PRKD1	-0.580687854	1	1														
ASRGL1	1.410602226	0.950171609	1														
TAC3	0.393918112	1	1														
ERBB3	0.29700417	1	1														
CCDC153	0.423258323	1	1														
SCARB1	1.191412434	1	1														
MAP2K4	1.197835517	1	1														
SLC14A1	1.691101562	0.544904442	1														
FBP1	0.818670377	1	1														
PTPN12	1.25326223	1	1														
CSTF2	-1.747324396	0.483486502	1														
IGFALS	-0.272446339	1	1														
CACNA2D3	-0.64741349	1	1														
TRIM24	0.056061421	1	1														
FNDC3B	1.353260103	1	1														
IFI35	0.867701626	1	1														
THAP5	1.4374409	0.903556525	1														
GPI	0.206358817	1	1														
SCN1B	1.038922999	1	1														
MTO1	2.806655441	0.030035253	0.442672346														
BAHD1	1.559436631	0.713358432	1														
SMIM13	-0.356087726	1	1														
E2F5	-0.014018908	1	1														
PHTF2	1.532502588	0.752390756	1														
TMEM130	-0.526976301	1	1														
SMCO2	1.621556019	0.629390677	1														
OCM	-0.046313625	1	1														
NOP14	-1.889229036	0.353166874	1														
IQCD	0.939651376	1	1														
UNC5D	1.297094047	1	1														
AOC1	0.159141951	1	1														
TBXAS1	1.394317668	0.979330187	1														
SLC25A19	1.458874418	0.867598052	1														
CCL24	2.529830662	0.068470553	0.671643814														
PDZK1	-0.02610896	1	1														
RBM18	-0.128365842	1	1														
RGS21	-0.04502495	1	1														
SCAF8	-0.258645038	1	1														
KBTBD8	0.392583116	1	1														
AASS	1.120283129	1	1														
ALKBH8	1.560816008	0.711403015	1														
FSHB	0.429543591	1	1														
TEX50	0.150549993	1	1														
CLEC17A	1.426616245	0.922143234	1														
IFRD2	-1.03663714	1	1														
IK	-0.481172587	1	1														
MPPED1	-0.58450657	1	1														
CRYZ	4.115049246	0.000232258	0.037580747														
CCDC103	2.924469478	0.020702635	0.376806899														
KLC2	-0.845481855	1	1														
ARHGAP22	-0.858262335	1	1														
ARPP21	1.958451041	0.301062663	1														
ZBTB7B	-0.537207239	1	1														
SLC9A8	-0.157316586	1	1														
BPGM	1.654306473	0.588391551	1														
HLA-DMB	1.750043564	0.480664781	1														
LAMB2	-1.026352881	1	1														
PPP1R13L	-1.956337531	0.302552435	1														
LIMK1	0.680235717	1	1														
TMEM250	-1.433036281	0.911084815	1														
ELOA	1.823724874	0.409162058	1														
MYH13	-4.405850294	6.32E-05	0.024576648														
LETMD1	1.301215362	1	1														
GNL3	2.134103609	0.197005803	1														
TMEM253	1.843016141	0.391959923	1														
SLAIN1	0.39655116	1	1														
WDR83	-2.29956196	0.128838296	0.932704297														
FAM126B	0.778656917	1	1														
BCAR1	-0.132903884	1	1														
CNTN4	-3.07247352	0.01273756	0.287774151														
ZBTB22	0.601203249	1	1														
FAM135A	2.187193401	0.172370451	1														
PRR12	-0.650783117	1	1														
COLEC11	-0.549572457	1	1														
SWI5	2.368429033	0.107182843	0.846691266														
PSMA1	0.900688739	1	1														
L3MBTL1	0.709003699	1	1														
PTRH1	-0.846231339	1	1														
BRAP	1.136179526	1	1														
SEMA3C	0.722166909	1	1														
PABPN1L	-0.16053707	1	1														
FOXA2	-0.826775687	1	1														
PCYT1A	2.362576728	0.108890305	0.853823366														
PDCD5	0.348292278	1	1														
HTATIP2	3.390383927	0.004187688	0.171466308														
SFTPA1	1.572350346	0.695215938	1														
ZFHX2	-0.164946127	1	1														
SMYD1	-0.500837221	1	1														
RASGRF1	-0.321426224	1	1														
BECN2	1.407863712	0.955028581	1														
ATXN7L1	1.063245754	1	1														
FBXO15	-1.632559808	0.61536966	1														
GPX1	0.112079304	1	1														
PLCH2	0.220708313	1	1														
PRXL2B	0.069456091	1	1														
KMT2B	0.569711068	1	1														
ASB10	-0.786120641	1	1														
PTK2B	-3.122191539	0.010770606	0.264603853														
TSPYL4	0.373605003	1	1														
DNAH1	0.797677227	1	1														
EIF4B	-0.437991706	1	1														
ARHGEF38	0.042592073	1	1														
GMPR2	1.220396814	1	1														
LMOD3	1.717856556	0.514936696	1														
KANSL2	-0.271352565	1	1														
RRAD	-1.352033195	1	1														
AFAP1	-1.104876382	1	1														
PBX1	-0.39223227	1	1														
PPIP5K1	2.962972843	0.018281007	0.351647043														
MAP4	0.740572809	1	1														
ARRB1	-0.415818012	1	1														
LMLN	2.325309467	0.120332511	0.900526595														
CORO1C	2.334797404	0.117324041	0.886083941														
EFHC2	-0.742901767	1	1														
MROH7	1.472684754	0.845016357	1														
NSG1	-2.65343027	0.047806939	0.564725009														
DPEP1	2.123657731	0.202192646	1														
C1orf159	-0.855914072	1	1														
PITPNM3	0.902431108	1	1														
MYADM	-1.964800787	0.296623795	1														
PERP	-2.366188083	0.107833869	0.849725546														
ANKRD34C	0.465459304	1	1														
IL17RE	3.597023203	0.001931279	0.112149761														
PABPC4L	-0.002408187	1	1														
MYD88	2.338856183	0.116057267	0.881461571														
GRIK2	-1.027872433	1	1														
DLGAP2	0.086951533	1	1														
RGS4	-0.980694396	1	1														
BIRC6	-0.879835231	1	1														
MKLN1	0.253480355	1	1														
GABARAPL1	0.709104985	1	1														
INPP5K	5.119676237	1.84E-06	0.002677767														
ZNF697	-1.496546726	0.807067446	1														
AL162231	0.366004829	1	1														
TMEM41A	0.303422645	1	1														
DDN	0.002223443	1	1														
CMSS1	0.39535667	1	1														
TRIB3	3.322820689	0.005346731	0.190766144														
ICA1	0.545295214	1	1														
NUP62	0.516992825	1	1														
TMEM132D	-3.364497311	0.004600994	0.177776434														
COL20A1	0.654955492	1	1														
ITGB7	-1.189062385	1	1														
ACKR2	0.67285576	1	1														
NT5DC2	-0.508572298	1	1														
MCMDC2	1.272787065	1	1														
CIAO2B	-1.113496031	1	1														
KIF21B	-1.914319448	0.333476105	1														
SLC25A12	-0.907979566	1	1														
TENM1	-0.142024017	1	1														
ENDOU	-0.104649427	1	1														
BTBD18	-0.008594806	1	1														
KCNK4	1.014576405	1	1														
SEMA4D	-2.457382837	0.083972072	0.744638139														
KIAA1549	1.303731536	1	1														
NKX1-1	0.708302529	1	1														
ITK	0.328089101	1	1														
PARVG	-0.531366717	1	1														
PRDM15	0.818137124	1	1														
IRGQ	2.500635492	0.074382421	0.703704122														
TXNL4B	0.759635612	1	1														
ITGB1	2.321885024	0.121434764	0.903241991														
IRAG1	1.415614122	0.941331086	1														
KIF26A	-2.110073747	0.209112025	1														
CAMK2G	-1.382647242	1	1														
TOP2A	0.578318548	1	1														
RXFP1	0.136417164	1	1														
MIDEAS	2.107766301	0.210307255	1														
IL10	0.481870966	1	1														
DCAF1	-1.196763406	1	1														
PFN2	0.563387396	1	1														
TAF1	1.249105688	1	1														
KY	0.916209599	1	1														
ZFYVE27	-0.161713032	1	1														
RNPC3	-0.056930627	1	1														
CHD7	-0.491747919	1	1														
ANO6	1.105503126	1	1														
CACNA2D2	0.614967168	1	1														
EIF2B1	-1.275768944	1	1														
TMEM177	1.06462135	1	1														
SYBU	-0.136684971	1	1														
DGKI	-3.666988594	0.001472542	0.101358677														
MAP3K13	0.037397497	1	1														
TBCCD1	3.103894887	0.01145947	0.271424247														
AK9	1.604370821	0.651794033	1														
RPL10	-0.50589091	1	1														
ELFN1	-1.786413257	0.444194224	1														
PLPP5	1.843238049	0.391765571	1														
GREB1L	1.972892717	0.29104672	1														
SLC9A3R2	0.205554534	1	1														
FAM47E	-0.52991894	1	1														
FKBP7	0.584612025	1	1														
SPATA13	-0.157515402	1	1														
CDK6	0.618865361	1	1														
LHFPL3	1.241396069	1	1														
PDZD9	0.481120467	1	1														
WDR20	-0.370905535	1	1														
HID1	-1.130162652	1	1														
ALG1L2	0.2043442	1	1														
KIAA0232	-2.198853222	0.167330164	1														
TRPV1	1.449836555	0.882624618	1														
SLC4A4	1.961288924	0.299071972	1														
C19orf81	0.907467586	1	1														
COPG2	0.121653312	1	1														
FUT2	-0.117324217	1	1														
CFB	1.056797359	1	1														
ELOVL7	1.6348007	0.612545004	1														
TNPO2	-2.473042845	0.080380848	0.727504141														
MYOCD	0.94591154	1	1														
SKOR2	1.277264464	1	1														
PLEKHG2	2.101065066	0.21381153	1														
NANOS1	0.240748605	1	1														
TSTA3	1.097784012	1	1														
BRMS1	0.817473249	1	1														
AC092835	2.173503363	0.178454718	1														
FGFR1	0.54869371	1	1														
TREML1	1.299385857	1	1														
ZDHHC17	-0.605697227	1	1														
C1orf226	-1.327047222	1	1														
ATP9B	-2.683453282	0.043719693	0.541036511														
SLC2A1	-1.424767795	0.925346008	1														
STAG3	2.183677252	0.173915835	1														
IFT140	-1.020077109	1	1														
TAPBP	1.542447877	0.737788769	1														
SELENBP1	1.412979819	0.945969949	1														
HIPK1	-2.108937537	0.209699841	1														
TTLL3	1.128481932	1	1														
LACTBL1	0.239855876	1	1														
VWA5B2	0.977434805	1	1														
NHSL1	1.134425783	1	1														
CASP14	1.563803511	0.707182317	1														
SLA	1.343630315	1	1														
FTSJ3	0.271875152	1	1														
SEPTIN9	-1.490218993	0.816999984	1														
TICAM2	0.091946267	1	1														
PPP1R14D	1.355490872	1	1														
NPNT	0.356018004	1	1														
NFATC1	-0.39960418	1	1														
CHEK1	-2.160760831	0.184282915	1														
ACE2	-2.346605774	0.113671728	0.874617865														
CYTH2	0.372182084	1	1														
SH3GL3	-3.303545225	0.005728234	0.19608423														
AARSD1	1.331727228	1	1														
DOHH	1.628921364	0.619978001	1														
EEF2KMT	0.733817859	1	1														
EFNA4	1.292076125	1	1														
P4HA3	1.587233435	0.67475871	1														
CYLD	-0.330265304	1	1														
PLEKHM3	-0.566681254	1	1														
FBXO24	-1.329361283	1	1														
ACSF2	1.59857399	0.659491757	1														
ATXN1L	1.969862439	0.29312483	1														
GDNF	0.235257585	1	1														
RPP21	1.623647417	0.626706476	1														
DOCK4	-3.467880307	0.003147485	0.143143135														
SNX13	0.275846612	1	1														
POC5	3.230524526	0.007413798	0.220266128														
NSUN5	3.905555973	0.000564054	0.060647064														
MYO7B	-0.308961644	1	1														
FOXI3	2.6191084	0.052895957	0.591080082														
TMEM51	1.429676567	0.916859213	1														
SAMD7	0.337224023	1	1														
DERA	0.981846008	1	1														
ARHGAP27	0.565136032	1	1														
PLCL1	1.314889754	1	1														
RELN	0.373535982	1	1														
MGAT5B	-1.419613649	0.934321138	1														
LRRC15	0.271114183	1	1														
FBXO43	2.551786205	0.064303356	0.656301849														
KIFC1	2.791401297	0.031488217	0.455168636														
UBAP2L	-1.708314703	0.525467787	1														
C4A	0.11122581	1	1														
LARP4	1.355888414	1	1														
PLEKHA5	1.57877414	0.686327233	1														
AP4M1	1.455229203	0.873634913	1														
LY6E	2.883487014	0.023597932	0.394869991														
IL34	-1.215791133	1	1														
ITPKB	0.152824109	1	1														
PLA2G2C	1.002255987	1	1														
LTB	1.26154444	1	1														
MPST	2.262748383	0.141907227	0.974508992														
AQP12A	-0.006274967	1	1														
POLR2H	2.055651158	0.238896917	1														
ABCF3	-0.117966659	1	1														
GBE1	-0.211766574	1	1														
TSEN34	1.794395463	0.436500423	1														
SNRK	0.481510021	1	1														
ACTL6A	-0.045349354	1	1														
ALKBH2	0.697309134	1	1														
TMEM106C	-0.816036367	1	1														
CYP20A1	2.302218103	0.127937254	0.92935139														
NEK10	1.230087791	1	1														
IRAK1	1.291713387	1	1														
TSPAN14	-2.472572145	0.080486781	0.727504141														
BOLL	-1.119928202	1	1														
GALNT11	0.850190889	1	1														
FCHO2	0.73139218	1	1														
RNASE10	3.672304755	0.001442237	0.101358677														
DNAH14	1.327147383	1	1														
RAD52	0.631971957	1	1														
GASK1A	1.179964737	1	1														
NIPAL2	1.739756301	0.491410912	1														
CPS1	0.801309353	1	1														
ZNF652	1.084051667	1	1														
GPR35	-2.230154253	0.154423225	1														
RETREG2	-0.515619597	1	1														
PLEKHM1	1.380849683	1	1														
PRNP	-1.26876667	1	1														
ZBTB10	0.660922606	1	1														
PLIN1	-2.189244042	0.171474643	1														
RCBTB2	1.28083882	1	1														
AL354761	-0.061987139	1	1														
HOXC4	-0.392592128	1	1														
LBHD1	-0.313129425	1	1														
LCE6A	0.325029875	1	1														
SLC2A14	2.340404086	0.115577313	0.879713989														
CNTNAP5	1.659278513	0.582358097	1														
TTC21A	2.417509473	0.093762763	0.784477681														
PSMD13	0.327321472	1	1														
PGAP6	2.109928312	0.209187187	1														
RLN3	2.850298975	0.026206891	0.409117577														
GALNTL5	2.604968959	0.05512955	0.607583728														
RIMKLA	-0.146556138	1	1														
PKMYT1	0.053430786	1	1														
PIGV	2.174238528	0.178123358	1														
EBNA1BP2	1.151445977	1	1														
WRAP53	2.156727231	0.186161543	1														
PHLDB2	0.148478501	1	1														
GLB1L3	1.789533728	0.441173404	1														
UBE4A	-0.099303739	1	1														
ITPRID2	1.799223862	0.431899658	1														
AP5M1	1.351341191	1	1														
C3orf84	1.511805784	0.783499665	1														
DHRS9	1.472161533	0.845863574	1														
DELE1	2.352676716	0.111832986	0.868906367														
TMEM191C	-0.690544475	1	1														
FAM126A	1.006656403	1	1														
KBTBD13	1.43454402	0.908502458	1														
PCED1B	0.011813514	1	1														
CREB1	-1.217433418	1	1														
RNF32	1.473917966	0.843022079	1														
CHFR	-1.316871323	1	1														
HCAR1	1.269202541	1	1														
MAMLD1	-0.419130326	1	1														
PLCD4	2.976282502	0.017505957	0.343483609														
FBXO10	1.151453973	1	1														
DOCK8	-0.918780266	1	1														
AMOTL1	-1.233739428	1	1														
TMEM243	-1.437953403	0.902683655	1														
TERB1	1.024353338	1	1														
MORF4L2	1.17815691	1	1														
ERN1	0.151930996	1	1														
CTNNA3	0.247921875	1	1														
PCYOX1	2.157211065	0.185935336	1														
PPP1R9A	1.481048147	0.831562464	1														
SLC13A5	2.367195645	0.107540731	0.848465718														
PPT1	0.281901456	1	1														
CTSO	2.290092111	0.132095866	0.946067914														
C11orf95	1.91495338	0.332990696	1														
IFT74	-0.084561989	1	1														
CAPZB	0.383871552	1	1														
PRKD2	2.094216141	0.217444383	1														
BZW2	0.019927321	1	1														
SYNJ1	-0.727730455	1	1														
TPRG1	0.049818672	1	1														
NPC2	1.40767405	0.955365655	1														
USP19	-0.286277854	1	1														
ODF2	-1.47766801	0.836979966	1														
PATL2	1.941805577	0.312963849	1														
RGS6	1.683347547	0.553846986	1														
TMCO3	2.548801831	0.064856222	0.659574533														
CLEC12A	1.792194623	0.438610774	1														
PLPP2	-0.467489965	1	1														
PEX5	0.43832704	1	1														
ANKRD63	0.066783909	1	1														
HEMK1	2.598024822	0.05625703	0.61176517														
DENND4C	1.142748952	1	1														
SCRN1	-0.409353296	1	1														
TAAR9	1.274586814	1	1														
LAMP2	3.133472642	0.010365061	0.259820257														
GPAT2	-0.396090424	1	1														
WDR73	-0.215646374	1	1														
DLX3	-0.959325472	1	1														
DCTN2	0.717419399	1	1														
GSPT1	0.196870779	1	1														
UBE3B	1.091157208	1	1														
XIAP	-2.351224605	0.112270411	0.868906367														
CFAP300	0.397511345	1	1														
CLK1	2.700232872	0.041574574	0.528353915														
RNF148	0.171647367	1	1														
C4orf45	-0.194135156	1	1														
OPRM1	1.561753033	0.710077081	1														
UBE2J1	-0.701609113	1	1														
SLC22A5	1.633813703	0.613787845	1														
TMEM132C	-2.65930811	0.046980792	0.560687349														
ABTB2	-1.595429294	0.663697618	1														
C4B	-0.35225708	1	1														
ASXL2	1.75997475	0.470472528	1														
VRK2	0.829941822	1	1														
NT5C3B	1.204627452	1	1														
PDE1A	0.733944753	1	1														
NFE2	1.864510748	0.373500081	1														
MTMR10	-1.801424119	0.429816345	1														
FCHSD1	0.332557168	1	1														
CD36	-0.032952774	1	1														
OXNAD1	1.885364832	0.356283592	1														
CHST15	-2.444010176	0.087150101	0.75494516														
TC2N	1.067493507	1	1														
SLC22A23	-1.469146891	0.85075771	1														
EFCC1	1.326356823	1	1														
DNTTIP2	3.297634034	0.005850188	0.198656769														
PLEKHF1	-4.083903277	0.000265713	0.040766109														
SFRP4	-0.173656949	1	1														
FGF13	1.178030179	1	1														
KYAT1	2.561942002	0.062453219	0.645518257														
ZNF683	1.619663257	0.631827799	1														
AGBL3	-1.110631869	1	1														
MRO	-0.109812429	1	1														
ATXN1	-0.137741392	1	1														
CNGA3	0.189240458	1	1														
ZNF385C	0.774942385	1	1														
C1GALT1	1.060783007	1	1														
SESN1	0.013874546	1	1														
TLR6	-0.019948589	1	1														
NEIL2	1.835425307	0.398656181	1														
TEX48	1.294784711	1	1														
GLYCTK	1.098556888	1	1														
VPS8	0.791432153	1	1														
HK1	1.896030524	0.34773605	1														
CASP1	-0.11311281	1	1														
VEZT	2.037302348	0.249718516	1														
AJM1	-1.222842492	1	1														
TENT4B	-1.256387293	1	1														
PTPN13	2.727855724	0.03824849	0.501449419														
VPS53	0.716739597	1	1														
GCA	3.143872106	0.010003697	0.255284736														
C16orf90	-1.14509613	1	1														
TMPRSS4	2.612656884	0.053904869	0.597930835														
NKIRAS1	0.849024743	1	1														
NEFM	1.292209075	1	1														
SULT1C2	0.949958432	1	1														
SPECC1L	0.960429203	1	1														
BNIP5	1.740725496	0.490390241	1														
CDC45	1.467244423	0.853857458	1														
NELL2	1.540655428	0.740404021	1														
IGFL1	-1.240360946	1	1														
APEH	0.916183079	1	1														
TTLL13P	-1.928667757	0.322632729	1														
HRH1	0.961703424	1	1														
ANXA11	-2.395220013	0.099662369	0.808859535														
PDZD2	0.922247694	1	1														
MSANTD1	-2.401046549	0.09808954	0.804528893														
DDX31	2.159607961	0.184818189	1														
SNRPB	1.524007709	0.765040713	1														
C4orf51	2.271924272	0.138546508	0.961446734														
CXCR6	1.083436099	1	1														
PAM	0.626676195	1	1														
LRCH3	1.728344245	0.50355915	1														
CARF	1.865344972	0.372798392	1														
SLC12A3	3.001281794	0.016130739	0.328349403														
BDNF	1.606230489	0.64933966	1														
GPATCH4	2.062869735	0.234750038	1														
S1PR5	0.868227483	1	1														
EGR2	0.906479704	1	1														
ACOXL	2.563387109	0.062193843	0.644407153														
NSD1	2.543459238	0.065856518	0.661223698														
TRMT2A	1.644020663	0.601031606	1														
DHFR	0.070656737	1	1														
ATP6AP1L	1.117878131	1	1														
METTL11B	-0.484282196	1	1														
SNAP91	-0.113513095	1	1														
FGF16	-1.068426033	1	1														
UNC80	1.268131182	1	1														
PISD	2.425896593	0.091623724	0.777416303														
TMEM120A	0.874596704	1	1														
DISC1	2.042750413	0.246462909	1														
ARL6IP4	1.589808427	0.671267962	1														
MTMR11	1.32017289	1	1														
MRPL22	1.462342431	0.861884379	1														
CCDC188	1.543891974	0.735687029	1														
TMEM125	-1.644010507	0.601044192	1														
HERPUD1	1.249800331	1	1														
EIF4A2	-0.868042692	1	1														
MOGAT3	-0.521478979	1	1														
CRACR2A	0.968958764	1	1														
DIXDC1	0.048566911	1	1														
TDRKH	-0.07934764	1	1														
PSD3	2.419216094	0.093323983	0.781604831														
PHACTR2	0.472769858	1	1														
BMPR1B	1.307297766	1	1														
SLC18A1	0.712381397	1	1														
ESR1	-0.839585198	1	1														
EBF3	-0.962350842	1	1														
AGBL1	0.490378996	1	1														
RFPL4B	3.928007702	0.000513915	0.058430279														
LAMTOR4	0.767395631	1	1														
TBRG1	0.778270666	1	1														
FAM237A	0.945510851	1	1														
PRMT7	1.326337989	1	1														
PMS1	0.562129051	1	1														
PAK6	-1.412106046	0.947512432	1														
MICAL3	-2.450968591	0.085483431	0.74914902														
HHATL	1.015231306	1	1														
MRGPRF	-1.84176373	0.393058305	1														
CNBP	1.267318339	1	1														
STXBP2	0.949510495	1	1														
KDM8	1.449433918	0.883298654	1														
FAT1	0.383898455	1	1														
LACC1	0.484554411	1	1														
BCL2L12	0.32130467	1	1														
TGFBI	-0.450379145	1	1														
ABCB9	-0.954274567	1	1														
C16orf91	2.453069005	0.084985898	0.748863491														
LRRC74B	1.459324529	0.866854844	1														
GMNC	3.655970941	0.001537262	0.103574062														
FDXR	2.886543419	0.02336994	0.391569496														
GLT1D1	-1.54141267	0.739298295	1														
ZNF410	0.164301532	1	1														
DOCK9	1.647889872	0.596251633	1														
CCPG1	2.94446139	0.019411039	0.364082784														
NLE1	-0.016670822	1	1														
ITGA6	-1.710973946	0.522515535	1														
TBC1D9	0.12208253	1	1														
POLG	1.392471086	0.982678748	1														
ELP2	1.970037542	0.293004409	1														
GCNT1	2.431320591	0.09026338	0.771418714														
ZNF839	0.31750897	1	1														
MSLNL	-0.123333092	1	1														
FEZF1	-2.169625306	0.180211456	1														
CA10	-1.884242169	0.357193356	1														
PTPRC	0.712564683	1	1														
DCC	1.176848673	1	1														
LAX1	0.979312721	1	1														
NRBP2	-0.226387262	1	1														
NOL8	0.68522226	1	1														
MEIKIN	3.864387122	0.000668211	0.0652194														
DNAJB14	-1.177830161	1	1														
MYO1A	0.632137178	1	1														
CLNK	0.694030026	1	1														
WASHC1	1.215827051	1	1														
OXR1	1.508061401	0.789232878	1														
A3GALT2	0.137390262	1	1														
RPSA	0.406835532	1	1														
METTL6	2.211681071	0.161932256	1														
CISH	-0.379370691	1	1														
RBM6	2.632787716	0.050812356	0.581279299														
ZNF516	-2.870540091	0.024586274	0.402936437														
ZNF276	-0.587337181	1	1														
CCDC141	2.811851286	0.029554363	0.439655673														
CROCC2	0.387917874	1	1														
NECAP2	3.915218985	0.000541933	0.05998286														
RMND1	1.155177137	1	1														
DDC	0.906110959	1	1														
RECQL	0.836862984	1	1														
TAMM41	2.34298358	0.11478135	0.878909026														
TDRD5	-0.126573619	1	1														
ADIPOQ	-0.246589263	1	1														
SH2D5	1.007955731	1	1														
AP1M1	0.946954627	1	1														
TMEM238	1.365199589	1	1														
ZFAND2B	-1.820514926	0.412083752	1														
CCDC122	1.471781152	0.84647991	1														
KIAA0040	-0.861845441	1	1														
DTNA	0.200852675	1	1														
OGDH	0.205371158	1	1														
RIF1	2.514245136	0.071572492	0.687333421														
INTS2	1.992923162	0.277619169	1														
RELL2	1.71676168	0.516136352	1														
GPR146	-0.129014553	1	1														
SLC13A2	3.855506893	0.00069294	0.0652194														
RNF224	2.251831139	0.145997671	0.986801665														
PATE3	0.396002084	1	1														
SHANK3	-2.709846617	0.040388598	0.520133395														
CLDN34	-0.580065358	1	1														
MTMR1	-1.315123706	1	1														
GRB7	0.899537824	1	1														
ADAM8	-1.063984466	1	1														
MSR1	1.524935934	0.763650468	1														
CCDC81	-0.943629333	1	1														
MXRA8	0.859752012	1	1														
BCAP29	1.015341185	1	1														
MAMDC4	0.861041798	1	1														
CARNS1	0.479621679	1	1														
CHRM2	-1.680933783	0.556654663	1														
STPG4	1.933975445	0.318696882	1														
INPP5D	0.946659023	1	1														
MAPKAPK3	-2.264107982	0.141404845	0.973240365														
SERPINI1	1.792310348	0.4384996	1														
ZDHHC13	0.761287148	1	1														
DCT	1.264523932	1	1														
ZNF300	-0.294381883	1	1														
ANKUB1	1.3547543	1	1														
FNBP1	2.147622705	0.190462442	1														
DCAF11	0.986254505	1	1														
SMG1	-0.002466642	1	1														
CAMSAP3	-2.228257626	0.155180042	1														
FKBP15	1.848792318	0.386926842	1														
PRRT4	0.848282476	1	1														
IFTAP	1.411085796	0.949315906	1														
TAS2R39	1.444523244	0.891551077	1														
IL5RA	-0.008336495	1	1														
MOGAT1	1.236979433	1	1														
CNTN6	-1.200639679	1	1														
TBC1D5	1.343613556	1	1														
LRRC34	3.744456956	0.001084706	0.086872004														
SLC4A10	-0.996563205	1	1														
CDK12	1.928731699	0.322585073	1														
HYAL2	-0.59610332	1	1														
PIK3R5	-0.662305211	1	1														
TMEM176B	0.913237242	1	1														
SENP6	0.651758677	1	1														
SERPINE2	1.359565705	1	1														
C7orf25	-1.629808081	0.618852391	1														
CCDC173	1.473731545	0.843323316	1														
PACS2	-2.770950628	0.033535741	0.467878058														
PTX4	-0.351332838	1	1														
PROM1	3.099862403	0.011616634	0.271424247														
CYB561A3	-0.2027691	1	1														
CHD9	0.683100816	1	1														
SS18L2	1.268188388	1	1														
TTC39A	1.600341067	0.657137646	1														
TECPR1	0.146407364	1	1														
PNCK	0.4564383	1	1														
GDI1	-2.159625647	0.184809968	1														
GPR141	-0.914731828	1	1														
KASH5	0.721656866	1	1														
OTUD4	-1.279653538	1	1														
PNPT1	1.527161005	0.760325882	1														
GRIA1	0.089856105	1	1														
CALCOCO2	1.661112975	0.580144555	1														
TAF1D	1.31621606	1	1														
SHC1	0.076268667	1	1														
WWC2	0.507821095	1	1														
LRRC69	3.179979493	0.008837129	0.242592403														
CDK3	0.301752709	1	1														
SLC22A14	0.644131255	1	1														
ARSG	0.7750303	1	1														
TBC1D14	-0.084112889	1	1														
KAT8	1.531381354	0.754051017	1														
WDR27	0.025931057	1	1														
MOGS	0.978450517	1	1														
IFNE	2.214396082	0.160809265	1														
CLMP	0.793130065	1	1														
WBP1L	0.645480894	1	1														
CHCHD3	-0.955705569	1	1														
TESPA1	2.9458809	0.019322182	0.363977323														
ASCL5	0.364935603	1	1														
SKIDA1	-1.83096697	0.402632839	1														
C3orf18	0.242590326	1	1														
PMEL	1.328047691	1	1														
TNF	1.527787282	0.759392165	1														
NAPRT	-0.565184529	1	1														
CFAP97D1	1.744507069	0.486424259	1														
CLEC18A	2.542196191	0.066094993	0.661223698														
B3GNT9	0.907254478	1	1														
LPIN1	-1.159029147	1	1														
PTH1R	-0.592287939	1	1														
TMEM120B	0.107959172	1	1														
EOMES	1.091483432	1	1														
MST1	1.083401304	1	1														
PLEKHA8	0.183097717	1	1														
IMPA1	0.357162165	1	1														
TRIM10	0.874321268	1	1														
ACOD1	3.319507513	0.005410583	0.190824003														
QPRT	-0.248471678	1	1														
RAPGEF3	0.634237925	1	1														
NBEAL1	2.552955232	0.064087935	0.655498602														
CHID1	-1.963292368	0.297673271	1														
KDM1B	0.231479156	1	1														
ILF3	1.640865488	0.604952043	1														
ITIH3	0.563099071	1	1														
ARL13A	-0.224079581	1	1														
NBEAL2	0.351090841	1	1														
WEE1	3.009027788	0.015725109	0.324543813														
TRIM32	1.021267238	1	1														
CDH17	1.260264088	1	1														
LSM5	0.994783597	1	1														
BTBD19	0.83382624	1	1														
COMMD5	0.625334802	1	1														
LANCL1	-0.144907768	1	1														
MINDY2	2.133667758	0.197219923	1														
RAB11FIP3	0.341590439	1	1														
TCEA3	0.283683575	1	1														
CDK15	0.619787835	1	1														
FETUB	0.3022173	1	1														
REPS1	1.400940411	0.967391359	1														
ADCYAP1	0.873512752	1	1														
EFCAB3	1.693953118	0.541645152	1														
ELAPOR2	-0.526042971	1	1														
ATCAY	0.608615674	1	1														
STRC	1.360137473	1	1														
SMIM34A	2.138159814	0.195022648	1														
USP40	0.55337215	1	1														
SEMA5B	0.306670158	1	1														
POLDIP3	-0.520289874	1	1														
LRRN3	-0.830881973	1	1														
TK2	0.795792847	1	1														
ZNF219	-0.031329411	1	1														
TEX22	-0.513400649	1	1														
EIF2B4	1.386147738	0.994210776	1														
CCN1	1.886956369	0.354997166	1														
B3GALT4	0.76780325	1	1														
ZNF692	0.372408918	1	1														
NOL7	3.482553818	0.002979932	0.13979978														
INTS12	0.974935233	1	1														
MTFR2	1.930568487	0.321218629	1														
ASB15	-0.09008941	1	1														
TMEM159	0.818430007	1	1														
PENK	0.797569889	1	1														
NEURL3	-1.296940136	1	1														
OSGIN2	-1.35185847	1	1														
SRSF12	1.406834659	0.956858536	1														
DSE	0.231326769	1	1														
MAPK9	-0.963106196	1	1														
GLI2	0.662137891	1	1														
DYTN	3.672717773	0.001439907	0.101358677														
TMPRSS7	1.176340378	1	1														
NCOA2	0.690218301	1	1														
TGM7	1.698640822	0.53632128	1														
MYBPC1	-0.937058831	1	1														
SLC35A2	0.753350685	1	1														
ZC3H18	-0.718838573	1	1														
SLFN12	1.007290744	1	1														
BZW1	-0.484709918	1	1														
WT1	1.701485953	0.53311064	1														
CCM2L	1.02549939	1	1														
RAPH1	0.262681672	1	1														
PIGG	-3.270094336	0.006450697	0.207432275														
SLC4A8	1.43318622	0.91082776	1														
CLDN25	-1.111100366	1	1														
FASTKD1	2.24969168	0.146811144	0.989149794														
TRIM26	-2.771946592	0.033433307	0.467845857														
URGCP	-2.3240074	0.120750584	0.901311807														
UNC5C	-0.756545675	1	1														
TMEM67	3.135434351	0.01029599	0.258597899														
RAB34	1.3566015	1	1														
MARCHF8	1.536350103	0.746715224	1														
CEP170B	-1.76772617	0.462640157	1														
TENT2	1.207405681	1	1														
HEPACAM2	2.221577047	0.157871415	1														
TCF3	1.477978905	0.836480548	1														
SLC12A5	-1.284016882	1	1														
ATXN7L3	-0.841918308	1	1														
C2CD4D	-0.233797896	1	1														
BTNL2	1.430082048	0.916160832	1														
DGKZ	0.662131981	1	1														
TNRC6B	-0.063213377	1	1														
SLC39A5	1.371622687	1	1														
GTSE1	-0.692423895	1	1														
SLC4A7	0.907925715	1	1														
RFC5	0.520615998	1	1														
CNOT10	-0.182970588	1	1														
TMEM169	0.709716611	1	1														
USP41	-1.219256143	1	1														
HS3ST6	1.893041118	0.350114409	1														
MALRD1	4.201188487	0.00015931	0.032105125														
LTA	3.157669099	0.009542158	0.249506862														
GABRR1	-3.857481721	0.000687367	0.0652194														
NAALADL2	0.691535198	1	1														
EPS15L1	1.366499606	1	1														
COG6	-1.430763122	0.914988693	1														
CHTF18	-0.319493478	1	1														
TARS1	0.842330397	1	1														
SACS	-0.713570117	1	1														
SLC23A3	1.152047482	1	1														
RUSC2	0.637863246	1	1														
PRSS48	1.885300455	0.356335709	1														
CLEC2A	-1.482366465	0.829456872	1														
GTF2IRD1	2.194567918	0.169167642	1														
GLRA1	-0.8561313	1	1														
TMEM232	1.98064128	0.285789097	1														
NDUFS1	-0.148520086	1	1														
SLC30A8	1.505868144	0.792606154	1														
TANGO2	0.896239691	1	1														
TRRAP	0.729024985	1	1														
DEPDC1	1.53356154	0.750825337	1														
CATSPER4	2.337745169	0.116402829	0.88230573														
CAND2	-3.916081811	0.000539998	0.05998286														
CAPN5	0.275642057	1	1														
SYTL5	0.349686606	1	1														
PAPSS2	2.132241501	0.19792199	1														
GOLGA3	-1.917289856	0.331206707	1														
STK11IP	0.422164584	1	1														
TSGA13	1.109032002	1	1														
BHMG1	0.232583114	1	1														
PDCD6IP	0.865466786	1	1														
GRID2IP	-1.685231806	0.551663141	1														
DHX57	1.211074729	1	1														
CAPNS2	0.69152806	1	1														
TMX1	-0.130674211	1	1														
TMED4	-1.121685748	1	1														
FGFR2	0.390117427	1	1														
CEP44	2.585516907	0.058339862	0.621932205														
MYO16	1.881749035	0.359220591	1														
MAPKBP1	1.738007964	0.493256463	1														
SAMD3	0.201406454	1	1														
TEX264	0.101692077	1	1														
DHX30	-0.568852563	1	1														
PLS1	0.287769971	1	1														
SMARCAD1	1.568751828	0.700234661	1														
BCKDHA	0.924011758	1	1														
OSR2	0.586536454	1	1														
TBL1XR1	-0.21999285	1	1														
SNX27	-0.869484125	1	1														
SULF1	1.486855189	0.82231837	1														
LMNTD1	1.437650423	0.903199598	1														
CDKN2AIPNL	-0.139330185	1	1														
JAK3	2.871212708	0.024534017	0.402598153														
NOSTRIN	0.402147455	1	1														
CFAP97	2.625864174	0.051857579	0.586437912														
CLSTN2	0.975196403	1	1														
LRRD1	0.738029208	1	1														
TRAPPC2	0.699128032	1	1														
TMEM64	-2.460273123	0.083298791	0.739182442														
LMOD2	-1.210901808	1	1														
UBE2L3	1.121143218	1	1														
EXD1	2.301704937	0.128110906	0.930082253														
BCAP31	-2.604565462	0.055194508	0.607583728														
CD28	-0.400178216	1	1														
MYO7A	-0.427302508	1	1														
DDX39B	-0.101180582	1	1														
ARMH1	1.037652465	1	1														
TSC22D1	-0.002914444	1	1														
PRICKLE4	0.623429316	1	1														
ZNF575	-0.059550115	1	1														
SHROOM4	1.801164674	0.430061571	1														
BAP1	0.08806826	1	1														
DRD3	3.264598645	0.006577157	0.209908567														
EHMT1	-1.690975404	0.545049002	1														
KCNIP2	-0.811401052	1	1														
RNF112	-2.097729648	0.215574206	1														
HTD2	2.480752358	0.078663254	0.722387848														
POR	1.249144221	1	1														
C3orf14	2.626162054	0.051812217	0.586437912														
TFR2	1.134726115	1	1														
TKT	-0.9474994	1	1														
ADCY5	0.043065973	1	1														
CGGBP1	-0.355928236	1	1														
CYP2E1	-0.164521589	1	1														
ARL6	-0.1048044	1	1														
PLCD1	-0.0397656	1	1														
LYRM4	0.089454688	1	1														
ROBO1	0.407932905	1	1														
PIGP	-1.002169458	1	1														
GPR156	2.866096161	0.02493408	0.405505197														
B3GNT10	2.165277963	0.18219843	1														
RAB9A	-2.118148017	0.204975204	1														
ZC3HAV1	0.680825277	1	1														
PGAP2	0.850842651	1	1														
MRPS22	2.933816532	0.020089324	0.370781641														
CNIH4	-0.165168293	1	1														
RTL9	0.654433149	1	1														
MINDY4B	3.146955747	0.009898796	0.25464902														
STIM2	0.673153085	1	1														
RAB42	2.131648388	0.198214576	1														
CDNF	1.222538144	1	1														
TBC1D2	0.498262352	1	1														
WWTR1	-0.088452708	1	1														
RASA4B	0.611456193	1	1														
DNAJC24	0.957454439	1	1														
PCCB	1.673996869	0.564787288	1														
MLF1	2.680290122	0.044135026	0.543535218														
CPA5	1.997419123	0.274678033	1														
SRPRB	-0.942742924	1	1														
CREG1	-1.272031892	1	1														
MALSU1	1.168965616	1	1														
HELZ2	-1.112130671	1	1														
GPR143	-1.48602972	0.82362756	1														
CALML4	0.701852148	1	1														
BRD9	-0.728099933	1	1														
HBP1	0.249128364	1	1														
KIF12	3.124788703	0.010675969	0.263976296														
KLF8	-1.004634569	1	1														
DBNL	-2.322385416	0.121273151	0.903029268														
PPIA	0.416868051	1	1														
ARMC8	-0.129239775	1	1														
PUS7	2.285144276	0.133826216	0.950532461														
SLC12A8	4.285455747	0.000109419	0.027320415														
HFE	0.439770041	1	1														
KLC3	0.920438763	1	1														
GOLIM4	0.582846634	1	1														
LRRC75A	0.830643843	1	1														
SELENOT	1.365182904	1	1														
ABI3BP	-0.303517127	1	1														
MFN1	-1.718377455	0.514366739	1														
SLC45A1	-1.539126117	0.742641061	1														
MYSM1	3.159262814	0.009490127	0.249506862														
TAF6	3.749506225	0.001063099	0.086226098														
C16orf89	-0.099371943	1	1														
NMD3	0.082343266	1	1														
TMEM44	2.580858222	0.059133029	0.626977507														
UBN2	-0.691978416	1	1														
WNT5A	0.412816853	1	1														
MED12L	1.750111908	0.480594033	1														
ATPAF2	0.358238163	1	1														
PARP14	0.872374548	1	1														
NSUN4	0.766702873	1	1														
LMF2	-1.676080079	0.562335049	1														
PTPRG	2.153390426	0.187728044	1														
SPATA6L	0.976909799	1	1														
ZNF398	0.566244848	1	1														
SUPT20H	-0.312579432	1	1														
NDUFB2	0.840718306	1	1														
SMIM29	-0.521610528	1	1														
CCDC39	3.575967426	0.002093611	0.118489055														
MRPL47	1.506592373	0.791491041	1														
ALG2	-0.647386959	1	1														
CAMKV	1.573185835	0.694054766	1														
ST6GALNAC5	-0.912811175	1	1														
FAM162A	1.962456404	0.298256229	1														
TAFA1	0.611707427	1	1														
AL353579	1.960155743	0.299865537	1														
ADPRH	1.064338959	1	1														
DUSP13	1.072923765	1	1														
GLT8D1	1.232003998	1	1														
NISCH	0.346697874	1	1														
GPBAR1	3.31877924	0.005424713	0.190824003														
GSTK1	2.409573968	0.095826949	0.795151384														
C21orf62	-1.488158893	0.820253971	1														
AZI2	0.528568442	1	1														
TCAF1	0.320942181	1	1														
JAM2	-1.930106425	0.321561915	1														
ASB11	0.944825914	1	1														
CST7	1.881470239	0.35944788	1														
RSRC1	0.144703774	1	1														
TIGIT	2.423629979	0.09219752	0.779059864														
BTBD9	0.926639541	1	1														
FSBP	0.130456353	1	1														
RBM48	1.990584069	0.279159799	1														
KNCN	-1.93210539	0.320078995	1														
CFAP20DC	4.785342971	1.02E-05	0.008354919														
PLSCR5	2.275406733	0.137289251	0.961446734														
SCHIP1	2.405320278	0.096949785	0.801251054														
ABHD14B	0.036253896	1	1														
TTC12	0.311301404	1	1														
TREML2	4.204682637	0.000156869	0.032105125														
KIAA0408	3.563250224	0.002197747	0.119089848														
DNAJC12	1.529507326	0.756832346	1														
HAX1	1.256950624	1	1														
FXN	-0.556079076	1	1														
HOXB6	-0.742283252	1	1														
QTRT2	0.957819103	1	1														
NECTIN3	1.724657079	0.507535742	1														
EFCAB10	0.133349337	1	1														
SLC4A2	-0.677212655	1	1														
CDK5	-0.511104591	1	1														
KLHL29	-2.474265731	0.08010621	0.727504141														
RAB11FIP5	0.101794289	1	1														
ADAM9	3.549737346	0.002313694	0.121245187														
ASB14	1.20414095	1	1														
IVD	1.845077526	0.390157571	1														
TFAM	2.260225715	0.142843474	0.974508992														
KCNT1	0.323865776	1	1														
RAD51B	1.525944874	0.762141563	1														
CUTA	1.717463347	0.515367276	1														
C1orf94	-0.642957086	1	1														
CCDC14	-0.181403248	1	1														
VAMP2	0.237094296	1	1														
UHMK1	-0.587716863	1	1														
OPN5	0.282213251	1	1														
REPIN1	0.870792214	1	1														
IRF5	0.803092516	1	1														
SLC15A2	0.086357294	1	1														
LNP1	1.649896447	0.593784706	1														
LSAMP	-0.775424504	1	1														
THOC5	-1.293664381	1	1														
SMYD3	-0.385998743	1	1														
KCNAB1	-0.7503715	1	1														
FAM178B	1.110057977	1	1														
SLC26A8	1.343777894	1	1														
SPATA1	0.631761243	1	1														
FLNB	2.578565374	0.059526915	0.628826616														
ONECUT2	-1.375651079	1	1														
CPB1	6.383347123	1.04E-09	6.62E-06														
ERICH6	2.876660567	0.02411446	0.399315383														
SNX21	0.79462578	1	1														
UTP25	0.616974333	1	1														
SRSF10	-2.210950165	0.162235729	1														
SLC35A5	0.722988884	1	1														
HADHA	3.468191583	0.003143842	0.143143135														
FNDC3A	2.053169049	0.24033711	1														
MME	-0.956542301	1	1														
PSMD6	0.116252789	1	1														
POPDC2	-0.312784259	1	1														
SUCLG2	0.365661146	1	1														
RWDD2B	0.138942921	1	1														
RPL7L1	0.5690466	1	1														
CFAP74	-0.293676869	1	1														
TBRG4	-0.360060769	1	1														
CLIC3	-0.121213509	1	1														
TIMMDC1	2.78528704	0.032088214	0.459113844														
SUSD4	-1.229873851	1	1														
EBP	0.527499675	1	1														
SELENOK	0.195741383	1	1														
HACD4	0.482164174	1	1														
PHC3	0.750582738	1	1														
PIK3CG	0.668811424	1	1														
KRBA1	1.046794995	1	1														
DENND2A	0.361856298	1	1														
DHX36	2.078460172	0.226001973	1														
EVX1	1.445715174	0.889542639	1														
IL18BP	0.588212132	1	1														
RGL2	1.723791341	0.50847311	1														
IAH1	1.37698428	1	1														
RRP1	0.65479223	1	1														
LCN10	0.31481915	1	1														
PPM1L	-0.406731782	1	1														
CASR	1.429378165	0.917373425	1														
HOXB3	0.839062051	1	1														
KIAA2012	3.191084526	0.008504388	0.236920461														
ADAMTS9	0.815692803	1	1														
KIF1A	-3.476557006	0.003047377	0.140598929														
TMEM267	0.583830295	1	1														
USP45	2.292948243	0.131105909	0.942689242														
ZCCHC3	0.240190693	1	1														
DOK3	2.916898499	0.021211848	0.377360719														
AREG	1.580284237	0.684250728	1														
TMEM167A	2.061265215	0.235666469	1														
MLIP	2.668635175	0.045696075	0.553131009														
BEND4	-0.035103021	1	1														
CAGE1	1.214166001	1	1														
ACTN3	0.352037976	1	1														
PDGFC	1.042269333	1	1														
SV2C	-0.011504449	1	1														
XPNPEP1	-0.439169086	1	1														
IDO2	4.227728633	0.000141637	0.031642282														
RANBP3L	1.347239145	1	1														
LIMCH1	2.754919843	0.03522391	0.479723864														
MGAT4D	1.018025997	1	1														
SAMD14	1.105065836	1	1														
RPL9	1.101228054	1	1														
MEGF10	0.784664093	1	1														
SPCS3	-1.144903442	1	1														
ZNF827	1.717832968	0.514962517	1														
PACRGL	0.543625018	1	1														
TUSC3	1.897217158	0.346795699	1														
PRIMPOL	2.897772344	0.022549397	0.386353556														
ROPN1L	1.382612076	1	1														
CXCL11	1.112033468	1	1														
ANKRD50	2.347741849	0.113325641	0.874418455														
CNOT6L	0.545106568	1	1														
CDKN2AIP	-0.974569125	1	1														
GC	1.902343169	0.342757833	1														
DLEU7	1.121524371	1	1														
TIGD5	0.738752988	1	1														
NR3C1	0.306434749	1	1														
ADAMTS12	-0.105523145	1	1														
DCK	-0.634953848	1	1														
ZGRF1	-2.337252049	0.116556494	0.88241997														
CRISP1	1.076449346	1	1														
DDX4	-1.41078737	0.949843918	1														
SRP19	-1.221636553	1	1														
SEC31A	0.739351119	1	1														
ALYREF	0.336424475	1	1														
PALLD	2.364733678	0.108258244	0.851734467														
THUMPD2	2.161528719	0.183927126	1														
MIB2	-0.994680722	1	1														
HADH	0.348400099	1	1														
LRP2BP	1.475809981	0.839969464	1														
ERBIN	-0.419891432	1	1														
FOXL3	-1.080958854	1	1														
CEP192	3.638745959	0.001643813	0.105187533														
GUCY1A1	0.480907897	1	1														
AHRR	0.398885366	1	1														
YIPF3	1.620578604	0.630648264	1														
WDR36	1.792416219	0.438397912	1														
PGM3	1.673386036	0.565507951	1														
WNT8A	3.145007492	0.009964955	0.254921627														
ADGRL3	1.689928152	0.546250206	1														
SLCO6A1	2.54457489	0.065646508	0.660988967														
CDK18	0.163066703	1	1														
GALNTL6	-0.654093085	1	1														
SLC10A7	2.43899017	0.088370213	0.761370971														
MRPS30	2.272125601	0.138473551	0.961446734														
NEK1	1.556857743	0.717025585	1														
SMIM31	0.894789764	1	1														
SMG7	-0.06247469	1	1														
ATP2C1	-0.68398776	1	1														
TLL1	2.261195676	0.142482857	0.974508992														
SLC4A9	1.166879994	1	1														
COX18	2.453142972	0.084968424	0.748863491														
DEK	-0.410056418	1	1														
SERINC5	0.302294674	1	1														
LRAT	2.753863245	0.035337823	0.480385691														
SORCS2	-3.480328288	0.003004798	0.13979978														
CDH18	-0.714194771	1	1														
FBN2	2.676664123	0.044615482	0.546282258														
CPLANE1	1.282971275	1	1														
NEDD4	2.908452269	0.021793357	0.380986644														
SMUG1	0.065591717	1	1														
RNF213	-1.423848948	0.926941217	1														
CFAP299	0.551789654	1	1														
GLRX	-0.15549566	1	1														
NSD2	-1.528289032	0.758644751	1														
PKD2L2	1.821703097	0.411000287	1														
BTN3A2	-1.147984035	1	1														
LARP7	0.355317204	1	1														
ZNF131	-0.25803398	1	1														
AADAT	1.961852864	0.298677701	1														
CCSER1	1.978056224	0.287534186	1														
C1QB	1.567315897	0.702245228	1														
MAML3	-0.111310893	1	1														
SIL1	-0.17420927	1	1														
UNC5A	0.002049092	1	1														
RAD17	1.844731876	0.390459309	1														
INPP4B	1.02317305	1	1														
TNIP3	2.843273389	0.02679165	0.41403504														
HSD17B4	1.513971062	0.780199074	1														
ANAPC4	0.249933062	1	1														
RPS6KA2	-2.740756494	0.03677875	0.492990113														
LRBA	2.709779856	0.040396727	0.520133395														
FNIP1	0.731413488	1	1														
DIO3	-0.633487668	1	1														
SHLD3	1.755034867	0.475520064	1														
CCDC110	2.422768227	0.092416501	0.779875234														
CDHR2	1.223954874	1	1														
DTWD2	1.8047998	0.426636094	1														
MTTP	1.834029438	0.399897746	1														
CLRN2	1.305415258	1	1														
GAK	-1.507598268	0.789944259	1														
USP26	-0.441864972	1	1														
UVSSA	-1.348840293	1	1														
SH3RF2	2.60176098	0.055647881	0.610353239														
UIMC1	1.886506077	0.355360742	1														
DROSHA	-0.903702667	1	1														
ATPSCKMT	0.666691455	1	1														
ANKRD13D	0.346987268	1	1														
SPOCK3	0.435342629	1	1														
HGFAC	0.893288331	1	1														
FHDC1	1.413181028	0.94561502	1														
CAMK2D	-2.004006433	0.270416228	1														
TENM3	-2.753769031	0.035347997	0.480385691														
SH3BP2	-2.436986326	0.088861436	0.763536796														
ANAPC13	1.633198919	0.614563003	1														
C4orf54	0.994117086	1	1														
ZNF346	3.687424308	0.001359213	0.098904081														
POLN	-0.705437923	1	1														
ETFDH	1.079789067	1	1														
SH3TC2	1.682933697	0.554327564	1														
FRAS1	0.514399836	1	1														
DAPP1	0.667554796	1	1														
MTX3	1.235962611	1	1														
PAICS	0.257540512	1	1														
PRRC1	1.648524437	0.595470602	1														
ABL2	0.463661939	1	1														
TTC39B	1.401850474	0.965759414	1														
TRIML2	0.507930985	1	1														
PCBD2	2.32815633	0.119422825	0.898245865														
UCHL1	0.737643795	1	1														
EXOC3	-1.513844894	0.7803911	1														
SPINK13	-0.511112988	1	1														
GRAMD2B	1.819304796	0.413189652	1														
MXD3	0.079116322	1	1														
KIAA0825	2.952313965	0.018924123	0.358600875														
TET2	2.598983786	0.056100114	0.61176517														
DDR1	0.075654479	1	1														
MCIDAS	2.084092183	0.222910698	1														
ACSL1	-0.364829913	1	1														
TTC29	2.306272757	0.126572378	0.922855628														
CLOCK	1.267976935	1	1														
IGSF22	2.830580482	0.027878172	0.424676528														
MRPS27	1.76174385	0.468675513	1														
CDC25C	2.353349665	0.111630776	0.868906367														
ASTE1	1.526785248	0.760886526	1														
TTC23L	-1.647512058	0.596717039	1														
CNGA1	-0.587762479	1	1														
CSRNP1	0.431160951	1	1														
ZBTB38	1.718067818	0.514705476	1														
YJEFN3	3.81815889	0.000806708	0.071836497														
AMOTL2	0.575127295	1	1														
MARCHF1	0.277051955	1	1														
FAM193B	2.219232236	0.158825574	1														
CCDC192	2.184603751	0.173507476	1														
GSTCD	2.245733282	0.148326582	0.99444253														
DAG1	-0.253404746	1	1														
MCTP1	-0.251580392	1	1														
CCDC160	-0.019261065	1	1														
GFRA2	1.133995407	1	1														
SMIM18	0.869094839	1	1														
PCDHGA1	0.326837019	1	1														
PCDHGA6	-0.020373602	1	1														
CPNE3	1.431745961	0.913299225	1														
UBE2W	1.113167749	1	1														
SHISAL2A	-0.07290559	1	1														
SLC45A4	0.429448373	1	1														
ADGRB1	-3.642278179	0.001621415	0.104767462														
ADAM19	2.292417121	0.13128951	0.943476648														
WWP1	0.623090453	1	1														
PCDHGA5	0.864424485	1	1														
ELOC	0.912870929	1	1														
ENDOV	0.603058791	1	1														
DLX6	-1.347942688	1	1														
SBSN	-1.556407252	0.717667692	1														
PAK3	0.628102157	1	1														
POU6F2	-0.03042006	1	1														
PCDHGA7	0.797389069	1	1														
FAM83A	-1.229766771	1	1														
CNBD1	-0.124113649	1	1														
TFF3	1.249808847	1	1														
GABRP	1.516636866	0.776150354	1														
SLC10A5	2.210795343	0.162300075	1														
TRHR	1.795283336	0.435651412	1														
TENM2	-0.859004775	1	1														
C8orf34	0.944032293	1	1														
ASAP1	-1.857760329	0.379218342	1														
MPP2	1.045771439	1	1														
HDAC2	-0.601168547	1	1														
CLDN23	1.943556333	0.311693856	1														
CYRIB	-1.16879599	1	1														
ERI1	0.815815424	1	1														
SPSB2	2.555891456	0.063549691	0.651841686														
HEPH	1.347074774	1	1														
PTK2	-2.643099681	0.049290508	0.571217259														
LRRC6	-0.556952021	1	1														
HMGB4	1.563141325	0.708116144	1														
RHOBTB2	0.087899442	1	1														
DENND3	-1.290111595	1	1														
ATXN7L3B	-0.484296994	1	1														
SLC25A37	-0.18147954	1	1														
RPL26L1	-0.571699765	1	1														
AMPD1	0.716804624	1	1														
EBF2	0.096730167	1	1														
ANKAR	2.158315408	0.185419906	1														
CCNE2	0.214298961	1	1														
TPD52	-0.505266208	1	1														
MCF2	-0.682401919	1	1														
SLC36A1	2.852035217	0.026064173	0.408745288														
IKBKB	3.76021409	0.001018608	0.083683578														
GOLGA7	-3.644925691	0.001604814	0.104263811														
DOCK2	-1.592602828	0.667495912	1														
PPIL6	2.916212847	0.021258522	0.377360719														
WWC1	0.868424151	1	1														
SERPINE3	0.199498359	1	1														
NUDT16	-1.348870698	1	1														
HSF4	-3.561578917	0.002211788	0.119342812														
PIK3R1	1.4061561	0.958066661	1														
EPHX2	0.344539103	1	1														
TMEM200B	0.972844332	1	1														
HS6ST2	0.918913273	1	1														
ALG11	-0.554744121	1	1														
PTP4A3	-1.155012915	1	1														
SMIM12	0.025620361	1	1														
RNF217	0.877031994	1	1														
FBXO41	0.252335628	1	1														
RIMS1	0.586702835	1	1														
TRNP1	-0.589796984	1	1														
ATXN7	1.436893761	0.904489098	1														
PNMA2	2.544953085	0.065575453	0.660988967														
LACTB2	2.186015422	0.172886862	1														
IDO1	0.741263993	1	1														
FZD6	0.875078515	1	1														
ATP6V1E2	0.693346815	1	1														
MYBL1	-0.421774634	1	1														
INSYN2A	-1.829870246	0.403616062	1														
STMN4	1.277151157	1	1														
PPP1R42	0.985017546	1	1														
FER1L6	0.462583587	1	1														
PBK	0.053313432	1	1														
SMIM23	0.560008924	1	1														
UBE2V2	1.048773064	1	1														
RANBP17	2.052650694	0.240638803	1														
KCNB2	0.097435481	1	1														
DNPEP	-0.079246842	1	1														
TDRP	2.917315092	0.021183535	0.377360719														
C1orf210	1.619178509	0.632453163	1														
INTS8	-2.412483946	0.095065411	0.791735086														
TMEM71	1.974460167	0.289976655	1														
CLINT1	0.89442932	1	1														
CASP3	1.088369057	1	1														
UQCRB	0.904692346	1	1														
MYC	-2.26125911	0.1424593	0.974508992														
SLC6A7	-0.063235762	1	1														
KIF13B	1.290630675	1	1														
TXNRD3	3.092796983	0.011896784	0.275870798														
HMBOX1	-0.479729874	1	1														
NTRK1	0.472333841	1	1														
DNAAF3	1.479908425	0.833386122	1														
TRMT9B	3.119431537	0.010872022	0.265178367														
MAML2	1.060160145	1	1														
EMSY	-1.615855507	0.636753343	1														
ARFGAP2	2.066953716	0.232431093	1														
NFRKB	0.594345721	1	1														
C8orf82	1.174222838	1	1														
CNTN5	0.098984983	1	1														
ZC2HC1C	1.459139166	0.86716085	1														
C11orf98	0.676654964	1	1														
CFAP54	2.76698615	0.033946295	0.469879468														
DBX1	2.189513282	0.171357326	1														
CRACR2B	-0.303368619	1	1														
ZIC4	-1.98458791	0.283142032	1														
WDR74	2.74320012	0.036506156	0.49176737														
DKK3	-0.329565186	1	1														
TXNRD1	4.268364529	0.000118147	0.027860769														
TYK2	-0.969117829	1	1														
C11orf65	1.713251665	0.519997503	1														
SLC6A5	0.367577985	1	1														
SOGA3	-0.527823714	1	1														
SLC35F2	1.254422029	1	1														
GJB7	0.423991368	1	1														
FDFT1	-0.026772606	1	1														
DICER1	-1.597152008	0.661390966	1														
LGALS8	2.686781943	0.04328642	0.53890655														
PUF60	-0.173092592	1	1														
KBTBD3	-1.622764416	0.627838652	1														
CHMP1B	0.991622755	1	1														
TRAF6	0.68520203	1	1														
VAV3	-0.535942066	1	1														
IQANK1	-1.990116801	0.279468423	1														
MYO18A	1.056837974	1	1														
CREBZF	2.889089888	0.023181517	0.391569496														
NAV2	1.686737022	0.549923579	1														
TEAD1	-0.616328777	1	1														
GPR61	0.40070184	1	1														
EID3	-1.117558856	1	1														
E2F8	1.162317896	1	1														
RAE1	-2.283833647	0.134287856	0.950532461														
PAFAH1B2	-1.815578012	0.416610774	1														
LTB4R2	-0.679012969	1	1														
CCDC17	2.19656246	0.168310258	1														
GPT	1.468728789	0.851438194	1														
ATG13	2.156490501	0.186272308	1														
ZC3H12C	0.29493897	1	1														
DGAT1	0.41848234	1	1														
AMPD3	-0.78197973	1	1														
TMEM218	-0.269559526	1	1														
FAM111A	-0.999845441	1	1														
CYB561D1	0.787743209	1	1														
GRK6	-1.189442885	1	1														
HSF1	-1.598425166	0.659690325	1														
KIAA0100	1.688882819	0.547451331	1														
MROH1	-1.476344508	0.83910859	1														
AMBRA1	0.051668403	1	1														
PC	0.122034013	1	1														
CKAP5	0.185448075	1	1														
C11orf1	0.941030829	1	1														
EML3	2.086349513	0.221681848	1														
SAAL1	-0.500761985	1	1														
GRP	0.006150096	1	1														
FXYD6	0.564816785	1	1														
LRRC24	-0.536827747	1	1														
RASSF10	2.701855454	0.041372239	0.526997004														
CCDC180	2.766660365	0.033980234	0.469879468														
MUC15	-0.396133253	1	1														
CCDC90B	0.030171767	1	1														
KCNJ5	-1.082904764	1	1														
OMP	2.67742252	0.044514606	0.545571694														
PTH	2.952561659	0.018908947	0.358600875														
GALNT4	0.837128936	1	1														
CDCP2	-1.173461402	1	1														
ALDH3B2	-1.544064247	0.735436615	1														
H2AX	1.058388771	1	1														
WNK1	0.574480888	1	1														
ZNF202	1.500741139	0.800535169	1														
RGS5	-0.968373772	1	1														
PRR5L	-1.425033448	0.924885196	1														
TMEM262	-0.375055656	1	1														
LRRC4C	-0.840963897	1	1														
OR52B2	-0.178026538	1	1														
CAVIN3	-1.112846058	1	1														
NIN	3.811616839	0.000828365	0.073252744														
PLEKHA7	-1.313360028	1	1														
SAC3D1	1.250283221	1	1														
PDZD3	0.867091015	1	1														
EIF3M	-2.610824038	0.054194613	0.600099311														
SIGIRR	2.338770789	0.116083796	0.881461571														
UQCC3	0.177419624	1	1														
C4orf50	0.694835087	1	1														
GPR68	-1.13478898	1	1														
LARGE2	2.216558606	0.159919613	1														
ASCL3	3.20654113	0.008060466	0.229624101														
EHF	2.098550033	0.21513951	1														
DPP3	1.045869025	1	1														
RAB3IL1	1.048217127	1	1														
ATXN3	0.642048154	1	1														
AP5B1	2.220458491	0.158325962	1														
TATDN3	2.036364942	0.250282338	1														
SLC24A4	-0.130116323	1	1														
MEX3A	-0.977620399	1	1														
TSPAN19	0.836654631	1	1														
TSGA10IP	-0.529489403	1	1														
ATP6V0B	2.853070621	0.025979399	0.407918205														
SPA17	1.521912944	0.768185373	1														
EEF1D	-1.012411019	1	1														
CD3G	-0.486554834	1	1														
CSKMT	3.097715495	0.011701113	0.272398491														
TRAPPC4	3.499631386	0.002795412	0.134836257														
TRPM5	-4.425899973	5.76E-05	0.024576648														
GSDMD	-1.024142691	1	1														
TMEM25	0.209842182	1	1														
SPTBN2	0.338143757	1	1														
CCS	0.691720694	1	1														
C11orf24	-0.931932823	1	1														
ANKRD42	0.860894114	1	1														
ZAR1L	1.619754119	0.631710634	1														
SLC43A3	2.212292057	0.16167895	1														
CYB5R2	0.276917641	1	1														
EIF3F	0.264838606	1	1														
DDIAS	1.359920579	1	1														
OVCH2	2.758415161	0.034849428	0.476150873														
CSRP3	-1.850589502	0.385371787	1														
CAPN1	2.077987078	0.226263296	1														
FAM86B1	1.261450902	1	1														
IGSF9B	-1.405244612	0.959691315	1														
NAALAD2	1.243515823	1	1														
INTS4	-1.746320559	0.484531593	1														
DENND2B	1.077410149	1	1														
SIPA1	0.358611827	1	1														
CYB5RL	2.283625133	0.134361428	0.950532461														
SELENOH	1.878671622	0.36173607	1														
KMT2A	0.049937243	1	1														
FGD4	0.958561441	1	1														
PNLIPRP1	2.221667184	0.157834835	1														
MAF1	1.470724427	0.848193944	1														
HSPA8	-2.111476767	0.208388117	1														
MS4A1	0.107955434	1	1														
NLRP6	-1.541568173	0.739071388	1														
YPEL4	-0.411125387	1	1														
MFSD5	0.408413262	1	1														
PRORP	2.450484171	0.085598541	0.74914902														
ADGRD1	-0.409626344	1	1														
TPBG	3.21785552	0.007749171	0.224268066														
PACC1	0.242305805	1	1														
TDRD3	1.892637337	0.350436689	1														
FYCO1	0.100204851	1	1														
CEP112	1.762414329	0.467995917	1														
NNMT	-1.836611923	0.397603235	1														
IST1	-0.030724664	1	1														
CUL7	1.714809952	0.518280458	1														
HTATSF1	0.91833242	1	1														
ARMC6	1.874113586	0.365488627	1														
GPRC5B	1.094551523	1	1														
SULT6B1	0.297710675	1	1														
ZNF185	0.167766777	1	1														
MANSC1	3.03911602	0.014236407	0.308835456														
RAB40C	-1.806792417	0.424767909	1														
BEAN1	-3.195173163	0.008384818	0.235598593														
C1R	1.368518152	1	1														
MYL6	0.750440396	1	1														
SH2B2	1.42450664	0.925799187	1														
SLC5A8	0.972301353	1	1														
KIAA1958	0.843630564	1	1														
MYT1	-2.259949115	0.142946455	0.974508992														
SP7	-1.149719163	1	1														
ZMYND8	2.133289199	0.197406058	1														
TDO2	0.139431299	1	1														
FKBP5	-0.527934231	1	1														
ZNF324	0.520210376	1	1														
MYLK3	-0.205213452	1	1														
SEBOX	-0.625708737	1	1														
PLD5	0.009605531	1	1														
TMEM269	1.261316129	1	1														
ASB8	0.682423542	1	1														
STMND1	1.778904038	0.451532976	1														
GLOD4	1.923470718	0.326525763	1														
PIK3CD	-0.385749238	1	1														
FAR2	1.546041126	0.732567815	1														
CDK5RAP3	1.114539859	1	1														
RRP12	1.608913134	0.645812023	1														
SEMA6D	1.005087021	1	1														
CLEC18C	2.26675486	0.14043123	0.968676169														
NUTM1	1.825422429	0.407623843	1														
RHBG	1.178928798	1	1														
KCNS1	-1.076305179	1	1														
ANKRD65	1.790366657	0.440369921	1														
GPR161	0.811943799	1	1														
NUP153	0.244637829	1	1														
PHKG1	-0.916561958	1	1														
PLA2G7	1.265505654	1	1														
PMFBP1	1.852878927	0.383398285	1														
IQCC	1.950493706	0.306703817	1														
RABEP1	1.505006905	0.793933809	1														
SALL3	-0.700194733	1	1														
ASIC5	3.461362139	0.003224696	0.146132658														
GGA3	-0.78877037	1	1														
CPNE6	-0.92144649	1	1														
RAB19	1.123721697	1	1														
ILK	-1.030759677	1	1														
TIFAB	-0.115062718	1	1														
GDAP1L1	0.282106294	1	1														
FAM216B	0.35019631	1	1														
CDH22	-0.613685803	1	1														
OR52E8	-0.008410861	1	1														
BACH2	0.429148065	1	1														
BCL7A	-0.955828661	1	1														
SOD2	0.351954557	1	1														
LRIT2	1.732019435	0.499620613	1														
CPEB2	0.972929931	1	1														
SLAMF1	0.630658377	1	1														
PTHLH	2.188967296	0.171595303	1														
TENT5D	-1.12885903	1	1														
FKBP9	1.861011957	0.376454929	1														
ZNF438	0.983467857	1	1														
SLC34A3	-0.275502172	1	1														
FAM180B	1.950121355	0.306969939	1														
ACTN1	0.681409628	1	1														
IL22	2.623428072	0.052229894	0.588011872														
TMUB2	1.84924438	0.386535198	1														
PCYT2	-1.443592445	0.893121908	1														
SAP25	1.715467841	0.51755692	1														
NCEH1	1.535762887	0.74757927	1														
FAM222A	0.434889411	1	1														
AUNIP	1.733970159	0.497540268	1														
CDCA3	2.04856815	0.24302617	1														
IQSEC3	1.166957991	1	1														
SYT7	-1.346277534	1	1														
HIF1A	1.111344001	1	1														
POLG2	3.043146008	0.014047123	0.306294621														
DRAM2	0.216311833	1	1														
MLF2	0.293020006	1	1														
KLHDC8A	-0.522663572	1	1														
MGP	1.93514164	0.317837502	1														
BCAT1	3.030988275	0.014625283	0.313005632														
ACTR3C	0.131672715	1	1														
ITGA10	1.232846003	1	1														
DMXL1	1.063546105	1	1														
PIGB	2.308905716	0.125692882	0.920398599														
ZNF664	0.689003102	1	1														
TRIL	1.638025613	0.608498106	1														
ZNF362	0.417259465	1	1														
KLHL35	0.465501041	1	1														
ZNF668	0.837114825	1	1														
PDE10A	-0.867369719	1	1														
PTAFR	1.725876023	0.506218315	1														
PDYN	1.735268598	0.496159447	1														
ADK	-0.594216397	1	1														
MDH1	-0.174711946	1	1														
TRAF1	0.859856671	1	1														
EVI5	0.400250523	1	1														
ATP6V0D1	1.008044673	1	1														
PLD4	0.1602685	1	1														
LDHA	-0.549162754	1	1														
TRAPPC1	0.661840104	1	1														
MYPN	3.408760065	0.003915531	0.163476627														
SSH2	1.473114629	0.844320776	1														
FHL5	-0.107755334	1	1														
TRERF1	2.859250674	0.025478585	0.40675424														
ACVR1B	1.805489231	0.425988955	1														
KIFC3	-1.869224892	0.369549195	1														
CCDC189	1.950905152	0.306409978	1														
SFSWAP	-2.304672633	0.127109488	0.924921271														
PDGFRL	0.656775682	1	1														
PARPBP	1.854437807	0.382059301	1														
HNF1A	1.06603957	1	1														
MMAA	-0.274063796	1	1														
STOML1	0.40224866	1	1														
AKAP7	0.343780587	1	1														
LDHC	0.017511212	1	1														
GABRB3	-2.794665518	0.031172063	0.453795838														
POLR1B	1.062319571	1	1														
PDCD2	-0.612294882	1	1														
CYB561	-0.592702673	1	1														
NKRF	1.136412282	1	1														
TBC1D30	0.572967399	1	1														
GTDC1	0.692226238	1	1														
TRPM1	-2.209019283	0.163039798	1														
TMEM50B	-2.016713857	0.262352298	1														
BBS12	0.210679009	1	1														
SLC39A11	-0.055770724	1	1														
YTHDF2	-1.896603758	0.347281525	1														
MAP3K8	1.477803891	0.83676166	1														
LPAR2	1.110604632	1	1														
TBC1D10C	0.027034252	1	1														
HTR2A	0.906853184	1	1														
DND1	-0.695187335	1	1														
NELFA	-1.21338883	1	1														
USP36	-2.02994199	0.254174617	1														
PTK6	0.271565264	1	1														
FAM186A	1.412151389	0.947432342	1														
RPH3A	-0.875288409	1	1														
COPS7A	-0.540669077	1	1														
HDAC4	-2.807403305	0.029965603	0.442157571														
GPN3	-0.054614512	1	1														
RGS13	1.393875808	0.980130665	1														
GPHN	-1.016691095	1	1														
ACADVL	3.255272683	0.006797013	0.211621411														
ME3	-1.119328453	1	1														
SHD	0.272089399	1	1														
GTF2H3	1.092497049	1	1														
DYRK4	1.091132349	1	1														
POU2F3	-0.310233624	1	1														
SUDS3	-0.847357337	1	1														
PCDH7	-0.08937143	1	1														
LATS1	0.291232436	1	1														
FGD5	1.957317244	0.301861088	1														
GNS	0.592664277	1	1														
KRTCAP3	0.405320355	1	1														
LRTM2	-0.272608584	1	1														
HSD3B2	1.515772387	0.777461499	1														
SMG8	-1.003486136	1	1														
SYCP2L	2.324759598	0.120508911	0.900646568														
IZUMO3	1.972523752	0.291299085	1														
IL4R	1.395618816	0.97697588	1														
SCO2	0.759012461	1	1														
C12orf56	1.174661399	1	1														
TIMM50	2.13942097	0.194409541	1														
ZNF641	2.04218748	0.246797627	1														
GPR17	-0.183336068	1	1														
MYCBP2	0.912221932	1	1														
CHD4	1.161540146	1	1														
DRD2	-1.972434501	0.291360159	1														
ZNRF3	1.898639824	0.345671091	1														
ITGAM	1.287004497	1	1														
SSUH2	0.838354665	1	1														
PAAF1	0.311520738	1	1														
PHC1	-0.344307448	1	1														
ZHX3	0.562262311	1	1														
TCEANC	0.291951903	1	1														
EGR4	1.253397019	1	1														
CCR3	-0.165692453	1	1														
PCSK5	2.33826659	0.116240538	0.881600366														
RBM19	0.554931731	1	1														
ABLIM2	-2.217866409	0.159383655	1														
SMAD5	-0.497814339	1	1														
CCDC91	1.7060585	0.527983129	1														
ARHGEF28	1.37435796	1	1														
MOV10L1	-2.820167631	0.028799141	0.433997941														
ATP1A3	-2.530653819	0.068310092	0.671307146														
C2CD5	0.645035152	1	1														
SLCO1C1	1.86374581	0.374144454	1														
CAND1	-0.738881735	1	1														
RNF24	-1.828643536	0.404718157	1														
DDX11	1.276418802	1	1														
MMAB	0.029318804	1	1														
NR4A1	0.923844117	1	1														
SLC25A14	0.351825858	1	1														
RAI2	-3.162393564	0.009388676	0.249073739														
MTHFD1	1.133518692	1	1														
ANHX	0.920565212	1	1														
AKAP3	0.480338037	1	1														
SLC29A2	0.722286848	1	1														
TSPAN11	0.390918327	1	1														
ANO2	-0.190336845	1	1														
MPDZ	1.695797892	0.539544971	1														
SKP2	-1.080994113	1	1														
ERC1	0.240695332	1	1														
FAM214A	1.66869122	0.571071541	1														
ERFE	-0.222508146	1	1														
RFLNA	1.492167434	0.813931543	1														
CPM	2.341240113	0.115318811	0.879459549														
RASAL1	1.303329332	1	1														
CLEC5A	0.223830345	1	1														
TRIAP1	-0.019460917	1	1														
PRSS58	2.723908182	0.038708664	0.505037012														
OTOGL	0.581166595	1	1														
TAS2R38	0.303394865	1	1														
CLBA1	-0.497891242	1	1														
SLC16A7	2.278193413	0.136290339	0.958322021														
MAP3K12	-0.217724979	1	1														
BRF1	-1.89730755	0.346724155	1														
AGAP2	0.361653984	1	1														
GAS2L3	2.556335856	0.063468579	0.651781359														
ANKS1B	0.596060358	1	1														
TMEM263	0.780357445	1	1														
C12orf54	2.397813818	0.098959477	0.806973164														
TEX49	0.068891862	1	1														
C19orf67	0.343570406	1	1														
METTL7A	0.89180493	1	1														
GLT8D2	-0.375026184	1	1														
PRPF40B	0.328644551	1	1														
CD63	0.762476751	1	1														
PPHLN1	0.254961865	1	1														
KRT74	-1.909374252	0.33728298	1														
DNAJC22	1.191334454	1	1														
KCNC2	-1.996899283	0.275016751	1														
SENP1	0.409599004	1	1														
BEST2	-1.646634355	0.597799347	1														
WSCD2	2.421417907	0.092760555	0.781260322														
RPL18	-0.05242516	1	1														
ZBED6	2.325297713	0.120336279	0.900526595														
ATXN2	0.749532693	1	1														
FMNL3	-0.531271936	1	1														
RAB3IP	2.660306403	0.046841756	0.559564537														
ACVRL1	-0.669077284	1	1														
TROAP	-0.629472018	1	1														
TBC1D15	0.016989936	1	1														
TPCN1	0.217138132	1	1														
NACA	2.660696485	0.046787529	0.559564537														
PFDN5	-0.602611479	1	1														
DDIT3	2.050862634	0.241681955	1														
RDH12	2.1891883	0.17149894	1														
ASPG	1.819864177	0.412678149	1														
CNTN1	-0.368174233	1	1														
SPIC	1.486205386	0.82334882	1														
NR1H4	1.53527682	0.748295072	1														
NPAS3	1.468925784	0.851117521	1														
TAFA2	0.330759292	1	1														
DTX3	-1.076805704	1	1														
UNC13A	2.889061561	0.023183605	0.391569496														
TMTC1	0.490526161	1	1														
APPL2	1.449529654	0.883138352	1														
MARF1	1.190972203	1	1														
GATC	1.859475123	0.377758934	1														
BAZ2A	2.32015469	0.121995064	0.906350728														
KRT4	-0.766030922	1	1														
APAF1	0.177019832	1	1														
MYRFL	3.477333247	0.003038568	0.140598929														
SLC38A1	2.720867783	0.039066479	0.508573592														
NUP37	-1.940141575	0.31417492	1														
CSRP2	0.669230028	1	1														
TMEM116	1.847666753	0.387903399	1														
RITA1	3.175606649	0.008971413	0.244106777														
FICD	0.98208126	1	1														
TMBIM6	3.351056334	0.004830235	0.178802959														
NWD1	2.426712143	0.091418037	0.776595923														
LIN7A	-1.575512063	0.690829777	1														
IFT81	0.341321416	1	1														
SPATS2	1.899593321	0.344919056	1														
C12orf45	0.195184316	1	1														
PAH	0.679646949	1	1														
CDK2	0.290675143	1	1														
ZFP37	2.273160629	0.138099012	0.961446734														
TTC6	2.478617769	0.079135537	0.724972611														
ALDH6A1	2.198411573	0.167518739	1														
UNC79	-0.722595734	1	1														
G2E3	2.144674319	0.191873373	1														
TIMELESS	1.287084559	1	1														
STAT6	0.21679961	1	1														
HEATR4	3.454940853	0.003302481	0.14859999														
GSTZ1	3.14551182	0.00994779	0.254921627														
RNASE9	0.205536262	1	1														
SERPINA5	-0.037300922	1	1														
ZFYVE1	-0.422915093	1	1														
TCL1A	1.506532466	0.791583236	1														
ZBTB1	0.240977346	1	1														
DMAC2L	2.594502107	0.05683682	0.616122681														
BDKRB2	-1.232959364	1	1														
SAMD4A	1.719521631	0.513116594	1														
HNRNPC	1.231286146	1	1														
SERPINA10	-0.657329985	1	1														
MAP3K9	2.053708512	0.240023473	1														
IL11RA	2.004676759	0.269985688	1														
ASB2	-0.121468732	1	1														
SERPINA4	2.287022819	0.133166947	0.948404869														
NUMB	0.716976041	1	1														
CEP128	1.254133763	1	1														
APEX1	-0.495384484	1	1														
MC1R	-0.703135239	1	1														
ACYP1	0.961346136	1	1														
PTGR2	1.998531484	0.27395442	1														
SLC7A7	3.132157739	0.010411597	0.2598237														
ITGA7	1.366857818	1	1														
SNW1	0.21526076	1	1														
SIPA1L1	-0.964717721	1	1														
RNASE4	-0.685772097	1	1														
TMEM30B	1.710089534	0.523495907	1														
FBLN5	-0.673473774	1	1														
VIPAS39	-0.689938325	1	1														
CEP95	2.70336942	0.041184247	0.526026379														
PROX2	2.142723408	0.192811888	1														
NAA30	0.604350577	1	1														
DPF3	0.46686959	1	1														
RNASE12	1.534903784	0.748844783	1														
PTPN21	1.154376298	1	1														
TMEM179	-1.605220235	0.650672075	1														
ISCA2	1.470221477	0.849010679	1														
TMEM229B	1.540409207	0.740763831	1														
DIO2	0.198722733	1	1														
FOXP3	2.444552811	0.087019107	0.754323562														
RGMA	0.138250303	1	1														
RPS6KL1	1.166651597	1	1														
RD3L	0.728332383	1	1														
NEDD1	1.271843468	1	1														
LDLR	-0.091933948	1	1														
MEF2A	-1.388025624	0.990775455	1														
ETFA	-0.126671722	1	1														
PSTPIP1	-0.08676212	1	1														
GDPGP1	1.213778706	1	1														
TTC23	1.489324957	0.818410913	1														
RPL28	0.101078929	1	1														
CCDC9B	1.592574395	0.667534209	1														
TRIM69	1.141489558	1	1														
WDR72	3.021504752	0.015091302	0.317640717														
CERS4	3.355668925	0.004750397	0.177916349														
SECISBP2L	2.510430333	0.072350468	0.69148545														
ITGB3	0.138697094	1	1														
MAN2A2	1.944796634	0.310796756	1														
CCDC32	-0.089744476	1	1														
GALK2	0.212690025	1	1														
ZNF592	-1.950506007	0.306695028	1														
LRRC49	1.400699014	0.967824586	1														
AP4E1	3.587336159	0.002004441	0.115495715														
PEAK1	1.284398999	1	1														
ISG20	-1.831390501	0.402253669	1														
DMXL2	2.317823303	0.122753557	0.908826871														
NRL	-2.428963879	0.090852245	0.773000534														
APBA2	-1.436363129	0.905394235	1														
GPR176	1.044898617	1	1														
RASGRP1	0.978835554	1	1														
RNF111	0.247663261	1	1														
MEIS2	-0.84002768	1	1														
MEIS3	3.351635466	0.004820143	0.178802959														
TLN2	0.054610501	1	1														
CDIPT	1.824815129	0.408173592	1														
TSNAXIP1	1.907336388	0.338862246	1														
ZNF423	-1.203012843	1	1														
TLE7	-0.810369349	1	1														
TMEM170A	-2.742823667	0.036548031	0.49176737														
AL845331	0.621667725	1	1														
ARPP19	0.776830537	1	1														
ZNF598	-1.927982244	0.323144009	1														
ADAL	0.022276268	1	1														
TPBGL	-0.110406174	1	1														
NETO2	-1.725283217	0.50685867	1														
XKR7	0.838177261	1	1														
CENPT	3.393732114	0.004136826	0.171061859														
HAPLN3	-0.747127446	1	1														
CNN2	0.530018894	1	1														
EARS2	0.993796601	1	1														
RBM15B	3.095805508	0.011776744	0.273658854														
SCAPER	-0.139841131	1	1														
SULT1A3	2.839808626	0.027084363	0.417040247														
TCF24	0.752697611	1	1														
PDXDC1	0.252053824	1	1														
C13orf42	0.101431763	1	1														
PECAM1	1.816280896	0.415963765	1														
STRA6	3.103325509	0.011481542	0.271424247														
PLCG2	-0.365464184	1	1														
MKRN2OS	1.28614533	1	1														
MINAR2	0.365689303	1	1														
ZNF106	2.5440742	0.065740684	0.660988967														
DOC2A	-1.1442096	1	1														
KLHL36	0.713213641	1	1														
SULT1A4	2.566470557	0.061643608	0.64053673														
AARS1	0.435608755	1	1														
TMEM249	0.595606661	1	1														
ANKRD66	0.834730671	1	1														
TMEM178B	-1.186638294	1	1														
ARMH2	1.249252791	1	1														
SLC25A24	-1.24040285	1	1														
HSPB9	-0.489013529	1	1														
MAN2C1	1.646059276	0.598509334	1														
ESRP2	0.429279525	1	1														
SPNS1	1.596045499	0.662871812	1														
OGFOD1	0.026245771	1	1														
SNX29	0.447553639	1	1														
HEXA	1.198737256	1	1														
SPSB3	-0.223614622	1	1														
WWOX	0.134687964	1	1														
SNUPN	-0.753791205	1	1														
MDFIC2	2.642736467	0.04934341	0.571217259														
INTS14	1.201107908	1	1														
TAF1C	3.092336359	0.011915261	0.275870798														
ABAT	1.943612861	0.311652922	1														
MACF1	2.414969002	0.094419293	0.787899922														
CTU2	0.815268096	1	1														
ZNF747	1.928605819	0.322678897	1														
METRN	0.76939695	1	1														
ASIP	-0.173427343	1	1														
SYT16	1.448820961	0.884325532	1														
TMEM231	2.177000239	0.176883298	1														
EME2	1.386616463	0.993352474	1														
TBL3	0.48320119	1	1														
SQOR	1.570901724	0.697232868	1														
WFDC1	-1.892913932	0.350215897	1														
ULK3	1.180005086	1	1														
FUS	-2.076177236	0.227265371	1														
NUB1	-0.036906946	1	1														
ADGRG1	0.882779598	1	1														
PHLPP2	1.434495588	0.908585323	1														
ZNF865	-1.282248164	1	1														
SERTM2	-1.003717907	1	1														
CLN3	0.263397187	1	1														
ANTKMT	-0.102521776	1	1														
TMC7	-0.54145111	1	1														
MRC1	-0.776668573	1	1														
BOP1	0.510891651	1	1														
INSYN1	0.324438416	1	1														
PARP6	-0.176482285	1	1														
NUP93	-2.026088525	0.256534283	1														
CDYL2	0.933066567	1	1														
OBSCN	-2.053432546	0.240183873	1														
ZFP90	2.90050971	0.022353378	0.385806758														
ANKFY1	0.707726737	1	1														
PRSS33	1.476029035	0.839616586	1														
ALOX15	1.344216469	1	1														
RSL1D1	3.702196236	0.001282447	0.094945826														
PDE6G	-1.357818933	1	1														
MMP12	0.353021407	1	1														
PCDHGA4	1.129769291	1	1														
MRTFB	0.697196025	1	1														
SLC43A2	-0.046794495	1	1														
RNF167	-0.360263631	1	1														
TOM1L1	0.040787936	1	1														
OVCA2	0.654777202	1	1														
PIMREG	1.34519051	1	1														
CIC	0.592737465	1	1														
KANSL1	-0.453544437	1	1														
DNAH2	0.508201516	1	1														
SRGAP2	-1.777209738	0.453202427	1														
SPATA22	2.226821691	0.155755159	1														
PCDHGA9	-1.951357823	0.30608697	1														
NUP88	0.776187357	1	1														
CTDNEP1	-1.108509165	1	1														
MIS12	0.69880648	1	1														
ACSM2A	1.179445606	1	1														
ZP2	0.260805511	1	1														
SCIMP	1.397366871	0.973819657	1														
GGT6	0.394630797	1	1														
PLSCR3	-0.99666817	1	1														
CTRL	2.429070778	0.090825461	0.773000534														
METTL4	2.370647491	0.106541746	0.843720517														
NMRAL1	-0.300578103	1	1														
USP6	2.499432746	0.074635384	0.704005175														
TSPAN10	0.250695155	1	1														
ZNF213	1.184095026	1	1														
WSCD1	1.710429833	0.52311851	1														
HCFC1R1	1.794096228	0.436786866	1														
BAIAP2	-0.100944458	1	1														
NPY4R2	2.967971923	0.017986303	0.348611231														
PCDHGB3	-0.322958269	1	1														
RUNX2	2.393901471	0.100021358	0.810739635														
ATPAF1	1.407101842	0.956383152	1														
SPON1	-0.007529816	1	1														
GFY	1.46962639	0.849977813	1														
TNK1	1.245480113	1	1														
INCA1	1.681769979	0.555680714	1														
ZSCAN10	0.643381655	1	1														
GRAPL	0.253729404	1	1														
RNF43	1.678912628	0.559014438	1														
SLC25A35	0.136150324	1	1														
MIEN1	1.330085437	1	1														
CUEDC1	0.835024316	1	1														
HEXD	0.491950142	1	1														
SEC22B	-1.88864611	0.353635585	1														
TAF4B	0.95144425	1	1														
NCOA4	0.355592311	1	1														
DDX42	-0.834948974	1	1														
MRPS7	0.088068417	1	1														
ENGASE	-1.779821736	0.450630835	1														
SPATA33	-0.694318315	1	1														
RASSF5	1.014534995	1	1														
C18orf63	0.370278418	1	1														
DNAI2	1.584047703	0.679097183	1														
POLI	2.645889165	0.048885904	0.568728551														
RPL36	-1.549587597	0.727443191	1														
ORMDL3	-0.079095572	1	1														
ICAM2	0.387757711	1	1														
FOXN1	1.129945069	1	1														
TMEM98	-2.572375731	0.060601925	0.636195316														
SLC16A5	3.615940437	0.001795555	0.108363028														
PTPRM	0.07720834	1	1														
TSHZ1	-2.838516116	0.027194298	0.418114493														
PIRT	-2.578613815	0.059518569	0.628826616														
GDF10	0.005661543	1	1														
ZNF18	2.217248871	0.159636538	1														
ADAP2	-0.124444471	1	1														
STARD3	-0.904046975	1	1														
NAT9	0.218881318	1	1														
SLC16A6	0.317872445	1	1														
C17orf58	3.852443648	0.000701669	0.0652194														
MYL12A	-0.62399758	1	1														
VEZF1	0.62122474	1	1														
TEFM	3.948704619	0.000471451	0.055587614														
STARD6	-0.432197394	1	1														
OTUD7B	-0.491884969	1	1														
TMEM200C	-0.706957031	1	1														
FAM222B	0.954496927	1	1														
GDF2	1.887923182	0.354217583	1														
CLUL1	3.699659214	0.001295335	0.095345642														
IKBKE	1.683539687	0.553623979	1														
TXNIP	0.203546707	1	1														
C19orf47	1.825150811	0.407869645	1														
KCNH6	-1.152396426	1	1														
NETO1	-2.206996552	0.163885801	1														
KLF14	2.520811845	0.070250664	0.682890676														
ACP6	-0.617126201	1	1														
MYH3	-0.667197784	1	1														
MARCHF10	2.003313192	0.270862095	1														
CCDC178	3.063745894	0.013115069	0.291461242														
SCRN2	0.975157244	1	1														
BAHCC1	-1.197286892	1	1														
RBP3	-0.216237114	1	1														
ANXA8L1	0.509462244	1	1														
ZNF488	1.807422679	0.424178403	1														
OVOL3	0.668308538	1	1														
SARM1	-0.937786055	1	1														
KCNJ16	1.405010819	0.960108368	1														
TSSK6	1.288618337	1	1														
POP4	0.308044047	1	1														
C19orf25	-2.09155031	0.218872569	1														
WDR18	0.776895935	1	1														
TYROBP	1.346313152	1	1														
CILP2	2.100260741	0.214235464	1														
SLC44A2	1.937516191	0.316093657	1														
CACNA2D4	-1.155789071	1	1														
SLC14A2	4.19121934	0.000166476	0.032105125														
ABCA8	-0.614087603	1	1														
TNFRSF11A	0.238665443	1	1														
BCL2L14	0.470816988	1	1														
SEMA6B	0.778585308	1	1														
CCDC130	2.300226985	0.128612182	0.931728389														
MFSD11	0.523994641	1	1														
EVPL	-1.729575943	0.502236404	1														
DPY19L3	0.562644587	1	1														
SPRED3	-0.432164727	1	1														
RAMP2	-2.019182196	0.260809717	1														
EML2	0.301909127	1	1														
SSC5D	-0.492264025	1	1														
RND2	-1.967217153	0.294949088	1														
PTPRS	2.060606687	0.236043469	1														
C17orf113	0.016863331	1	1														
CEACAM16	0.73672956	1	1														
GHDC	2.207232973	0.163786724	1														
PSENEN	-1.120906545	1	1														
CAPNS1	0.56379908	1	1														
RASGRP4	2.253365238	0.145416777	0.984966615														
SEC11C	-0.814051706	1	1														
TMEM205	0.750701237	1	1														
FBXW9	0.417963991	1	1														
PLEKHJ1	1.03006716	1	1														
FARSA	-2.231937737	0.15371447	1														
MPPE1	2.118726002	0.204681777	1														
C10orf82	0.485308104	1	1														
CCDC43	-1.303883346	1	1														
C19orf53	-0.031123109	1	1														
FAAP24	-0.125998416	1	1														
CNTD1	0.550365314	1	1														
BCAS3	1.312229722	1	1														
POLRMT	2.082603605	0.223724222	1														
CAPS	1.825500966	0.407552793	1														
CCDC159	2.419666463	0.093208492	0.781604831														
PODNL1	-0.283172636	1	1														
TNNT1	-2.117705059	0.205200325	1														
RPL27	-0.787079365	1	1														
CYGB	-0.732566592	1	1														
KANK2	2.324543014	0.120578454	0.900646568														
TJP3	2.229741928	0.154587484	1														
PIP5K1C	0.15585731	1	1														
UNK	0.496032228	1	1														
SMIM22	-0.616912573	1	1														
RAD51D	1.995994631	0.275607043	1														
CBARP	-0.832138532	1	1														
ACLY	-1.515399495	0.778027592	1														
C16orf71	1.594112598	0.665464907	1														
MBD1	2.416715089	0.093967622	0.784645047														
ARHGAP45	-0.698460942	1	1														
ELANE	0.413151405	1	1														
APC2	-2.632340707	0.050879266	0.581279299														
MAP2K6	-0.857612002	1	1														
FHOD3	2.186010688	0.17288894	1														
ZBTB7C	-0.269317506	1	1														
GIPR	0.34054923	1	1														
TXNL1	1.316226748	1	1														
COASY	1.556842967	0.717046638	1														
PLEKHH3	0.439628972	1	1														
ACSBG2	0.59249966	1	1														
CCDC68	1.729627374	0.502181232	1														
GPATCH8	2.444904663	0.086934262	0.754101427														
PWWP3A	0.634696947	1	1														
TRMT1	2.897629354	0.022559679	0.386353556														
NFIX	-0.624400138	1	1														
SPC24	1.93343894	0.319092889	1														
FAM20A	0.114980636	1	1														
PRKCSH	2.016821188	0.262285062	1														
RNMT	-0.22227914	1	1														
C19orf38	1.564607595	0.706049681	1														
C18orf21	0.93974926	1	1														
APOC4	1.557868816	0.715586093	1														
KIF18B	1.111955326	1	1														
KLK5	-0.43043365	1	1														
ZIM2	0.93848732	1	1														
FGF21	-0.017649079	1	1														
MED25	1.170346289	1	1														
LSM4	0.382955605	1	1														
C5orf58	-0.474482601	1	1														
SYNM	-1.873527547	0.365973434	1														
ZBTB45	-1.291808871	1	1														
USF2	-1.164541856	1	1														
KLK9	0.39757218	1	1														
ZNF446	0.836915102	1	1														
MIA	2.21133031	0.162077832	1														
ZFP36	-0.150167483	1	1														
PDE4C	2.526819069	0.06906047	0.674553388														
KLK11	0.591472542	1	1														
LRIT3	1.285917699	1	1														
MYO9B	3.085382032	0.012197451	0.280114578														
RUVBL2	-0.519183284	1	1														
MAGIX	0.48984255	1	1														
SCGB1C2	0.818278833	1	1														
OPN1MW	-1.97268974	0.29118553	1														
CCDC61	-1.258364694	1	1														
LRRC63	2.89522815	0.022732983	0.38752584														
C5AR2	2.316823522	0.123080083	0.909600421														
KLK13	-0.41346278	1	1														
KLK7	-1.641292849	0.604419839	1														
SPIB	1.080586545	1	1														
MBD3L1	-1.810996323	0.420848525	1														
POLD1	0.973538238	1	1														
PIH1D1	1.151715824	1	1														
TECR	-0.994884405	1	1														
TRAPPC5	-1.634053024	0.613486305	1														
CALM3	0.730144877	1	1														
ADAMTS10	0.355909833	1	1														
ZNF358	2.315174266	0.123620382	0.909600421														
DCDC1	1.435869395	0.906237052	1														
FCHO1	2.072883209	0.2290989	1														
ERFL	2.695441247	0.042177284	0.533352071														
BCAT2	2.695830316	0.042128054	0.533352071														
ZNF329	-0.597224674	1	1														
SNRNP70	-0.192603424	1	1														
RPS5	-0.343583978	1	1														
GABRQ	-1.068968776	1	1														
SLC6A14	1.7651123	0.465269364	1														
RINL	1.727119142	0.504877611	1														
SPHK2	0.998982942	1	1														
CCDC177	-2.591665113	0.057307618	0.618213579														
FFAR2	1.568915487	0.700005796	1														
PRICKLE3	0.630083594	1	1														
CCNP	0.436412858	1	1														
SCN8A	-0.916263517	1	1														
MZF1	1.580615884	0.68379535	1														
VRK3	-0.393113317	1	1														
GRAMD1A	1.288601937	1	1														
MPV17L2	-1.501685913	0.799069463	1														
EMG1	0.369468563	1	1														
MPND	-0.378316903	1	1														
ARHGEF1	0.499111251	1	1														
SARS2	3.001077446	0.016141568	0.328349403														
ANKRD24	2.175293078	0.177648966	1														
ZNF574	1.785582569	0.445001228	1														
STAP2	0.640163495	1	1														
SUGP2	1.272620795	1	1														
MRPL34	0.598588065	1	1														
TMEM185A	-0.163979077	1	1														
TMEM59L	2.642900806	0.049319468	0.571217259														
ETHE1	1.216538676	1	1														
IL12RB1	1.842859392	0.392097255	1														
TAZ	-0.142796595	1	1														
IRF3	-0.066650083	1	1														
ARL14EPL	0.877339924	1	1														
ANKDD1B	-0.53393128	1	1														
RNF225	-0.966770377	1	1														
SHANK2	-2.593048208	0.057077661	0.616814426														
HAS1	-0.465438097	1	1														
VAV1	1.109919282	1	1														
TEX101	2.272462364	0.138351592	0.961446734														
NPAS1	-0.263217133	1	1														
EPHX3	1.467752951	0.853028051	1														
SDR42E2	1.853037161	0.383262195	1														
LAMTOR5	0.131459015	1	1														
SBNO1	0.682761197	1	1														
DNAJC3	1.310481492	1	1														
MEI4	2.270019973	0.139238227	0.96205078														
H6PD	-0.624441356	1	1														
CSMD1	-0.5250851	1	1														
RANBP10	0.644274045	1	1														
RASL10B	-1.369114599	1	1														
DUOX2	2.873959021	0.024321693	0.40035374														
TIGD2	0.591303999	1	1														
ADAM21	-0.529974379	1	1														
FAM205C	-1.502408228	0.797950277	1														
COLQ	0.7549681	1	1														
CCDC120	-0.305503993	1	1														
SH3D19	3.628093973	0.001713128	0.106936141														
KANTR	0.494288273	1	1														
SETD1B	-2.689539595	0.042930395	0.536482483														
GAS2L2	2.169781011	0.180140637	1														
CCN6	2.006360725	0.268906653	1														
HEATR9	2.212711367	0.161505307	1														
FAM214B	0.343696068	1	1														
PPP1R26	-0.639962005	1	1														
MRPL37	2.033007819	0.252310399	1														
MMP28	0.435779191	1	1														
TAF15	-0.746888458	1	1														
RER1	-1.144981229	1	1														
FRK	-1.145273948	1	1														
SIRT5	2.149349449	0.189640256	1														
PRXL2A	2.288798238	0.132546467	0.946633043														
POU5F2	0.163660718	1	1														
NFKBID	1.290425208	1	1														
MPHOSPH9	0.868597416	1	1														
TRABD2B	0.250804444	1	1														
APLNR	0.717407099	1	1														
ANKRD34A	-0.967325538	1	1														
HEBP2	0.515071219	1	1														
SORBS1	-0.389610814	1	1														
SMIM32	-0.020174251	1	1														
CNKSR3	0.044729429	1	1														
ASDURF	1.84202933	0.392825159	1														
SCOC	0.587809165	1	1														
ZBTB25	1.964178568	0.297056324	1														
FBXW2	-1.979959497	0.28624848	1														
PPM1K	1.014294437	1	1														
ZBTB8B	2.243177878	0.149312077	0.997555086														
CTCFL	-0.009367922	1	1														
BHLHA15	1.635707816	0.611404517	1														
JMJD8	1.820928511	0.411706347	1														
GPRIN3	1.437891714	0.902788687	1														
ATP6V1FNB	-0.029212746	1	1														
GRIN2B	-0.801298942	1	1														
LYPD4	3.260365835	0.006676116	0.209910264														
RPAP2	2.553644195	0.063961277	0.654729021														
NT5C3A	-0.133308171	1	1														
DCP1A	-0.098585721	1	1														
RCC1L	0.648131446	1	1														
ZMYM2	0.417926077	1	1														
LENG8	-1.113979459	1	1														
AP2B1	-0.517201303	1	1														
NSA2	-3.44589237	0.003415062	0.152576148														
POLD2	-1.710586164	0.52294521	1														
CNTFR	-0.738562968	1	1														
PAN2	0.442477294	1	1														
SPRY1	1.439133418	0.900676352	1														
GBA3	-0.142145964	1	1														
CFAP57	0.439146656	1	1														
MCM8	1.094212802	1	1														
CYP1B1	-0.583995014	1	1														
MROH2A	-1.571375023	0.696573385	1														
KCP	2.206869782	0.163938949	1														
NEK3	2.59109745	0.057402238	0.618213579														
NEFL	1.264353991	1	1														
SSTR3	0.780973445	1	1														
PRODH	1.878462398	0.361907618	1														
GPR107	1.616128496	0.636399206	1														
SEMA3B	0.040881846	1	1														
RTN1	0.325339758	1	1														
RAVER1	1.597549649	0.660859438	1														
SELENOO	-0.450691731	1	1														
UBE2U	3.242325079	0.007113522	0.217749018														
JADE3	0.225003222	1	1														
LRMDA	-0.692890679	1	1														
SRRT	1.816463723	0.415795608	1														
ZNF74	2.184452535	0.173574069	1														
ADORA2A	-0.198019633	1	1														
NATD1	0.986343532	1	1														
ARMC9	0.540218804	1	1														
NUDT18	1.08485153	1	1														
CDH1	-0.274252523	1	1														
ALG1L	0.409445874	1	1														
KDM4B	1.751927424	0.478717729	1														
GPAT3	2.106302344	0.211068587	1														
PCSK6	-1.331125372	1	1														
IFIT2	-1.502481959	0.797836102	1														
MEP1A	3.64107355	0.001629021	0.104767462														
SRRM3	0.232495367	1	1														
HECTD1	2.545504851	0.065471909	0.660988967														
ANXA8	0.502425051	1	1														
PNLIPRP2	2.898441419	0.022501342	0.386353556														
CCDC28A	1.1621662	1	1														
SLC2A11	4.165987086	0.000186005	0.034327348														
ZP4	0.407730313	1	1														
CARHSP1	-0.20531962	1	1														
DGKK	2.85455428	0.02585836	0.407718349														
PINLYP	0.974393139	1	1														
FAM71D	1.439244832	0.900487004	1														
BNIP2	-0.093849807	1	1														
SBK3	0.813124536	1	1														
SYNRG	0.955936644	1	1														
TMCO1	0.31806086	1	1														
TMEM106A	0.315206587	1	1														
TWIST2	0.5820855	1	1														
PLP1	1.72215933	0.510243959	1														
R3HCC1L	1.587658035	0.674182124	1														
NCOA6	0.591884328	1	1														
PPP1R9B	-0.430506436	1	1														
PCDHGA10	0.458626255	1	1														
TTF1	0.653317589	1	1														
NDFIP2	-0.606400931	1	1														
METTL8	2.627296212	0.051639826	0.586437912														
CIB1	1.128701189	1	1														
SLC46A1	1.575999022	0.690156171	1														
DAPK2	0.808181649	1	1														
GPR1	-0.178890055	1	1														
H2BC15	-1.781173208	0.449304955	1														
TNFAIP3	0.882548842	1	1														
JRK	-0.65819624	1	1														
BHLHE23	0.042133828	1	1														
TSKU	0.789617422	1	1														
MTUS2	0.022844361	1	1														
SLC4A1AP	1.473243268	0.844112711	1														
SLC6A6	3.435091432	0.003554124	0.15446488														
CTDP1	-1.582986364	0.680547434	1														
ASXL1	1.638956815	0.607333523	1														
ST3GAL6	1.758382652	0.472094538	1														
ZNF302	0.843531762	1	1														
HPS1	-0.668873702	1	1														
HMGXB3	1.816933422	0.41536385	1														
CISD3	1.800460897	0.430727355	1														
SIK1B	-0.239864041	1	1														
SPPL2B	0.997545767	1	1														
RIPOR2	0.069155328	1	1														
PER3	0.605861297	1	1														
HMOX2	-0.121572818	1	1														
DNASE1L2	1.189405057	1	1														
FIGNL1	-0.854172336	1	1														
HOXA10	1.453167046	0.877064276	1														
PPIP5K2	2.550299664	0.064578217	0.657871215														
MRPL45	1.00289495	1	1														
IRAK4	2.262220076	0.142102857	0.974508992														
WDR38	1.716397279	0.516536125	1														
FAM170A	-0.394182814	1	1														
CD48	0.304780179	1	1														
BORA	2.895430767	0.022718313	0.38752584														
NAGK	-0.999245624	1	1														
H3C1	-0.372677996	1	1														
FAM243B	-0.756353018	1	1														
TTI2	1.470072806	0.849252219	1														
SLC38A3	0.448283923	1	1														
DHPS	2.341069477	0.115371531	0.879459549														
EBAG9	-0.864776306	1	1														
C17orf98	0.962714726	1	1														
RIBC2	1.389014162	0.988970663	1														
PCGF5	-0.897811906	1	1														
FAM13C	3.199482869	0.008260462	0.234273329														
FADS6	1.861300856	0.376210214	1														
GRIFIN	-2.646451791	0.048804659	0.568728551														
LHX1	-1.450756147	0.881086649	1														
IGSF8	-1.720614495	0.511924809	1														
BICRA	0.350708415	1	1														
CACNA1A	1.437711891	0.903094907	1														
ACSF3	-0.366506833	1	1														
USH1G	-1.045160559	1	1														
SALL2	2.078945858	0.225733962	1														
PIGW	1.934935781	0.31798906	1														
ALG9	0.916466622	1	1														
PHB	-1.275978277	1	1														
BICRAL	2.563948762	0.062093292	0.64388924														
CDH4	-0.778901572	1	1														
CHD1	3.208566874	0.008003897	0.229309248														
MYO19	2.88282289	0.023647738	0.394877336														
DNAI1	1.081055203	1	1														
ZSWIM9	1.15180383	1	1														
ZBTB14	1.838364122	0.396052609	1														
CYSLTR2	2.236592739	0.151877819	1														
MRM1	2.017241129	0.262022135	1														
CWC25	3.384317978	0.004281319	0.171769232														
CYSLTR1	0.007883481	1	1														
ALDH3B1	-1.380606783	1	1														
C1orf158	2.182646242	0.17437123	1														
CEACAM20	1.358086162	1	1														
RPS6KA5	0.099626999	1	1														
BIN2	1.267192334	1	1														
IQCA1L	0.293957384	1	1														
C17orf78	1.459053141	0.867302892	1														
SEC14L2	-0.49776286	1	1														
NBL1	0.645604719	1	1														
TNFRSF9	0.245225451	1	1														
POLR2E	-0.126019277	1	1														
PDE7B	-1.297533249	1	1														
PSME2	2.359555088	0.109781184	0.858973927														
PLCL2	-0.971706475	1	1														
ITPRID1	0.455381018	1	1														
NCAM1	1.157736268	1	1														
BIRC3	0.350163656	1	1														
TUBGCP5	-0.046955901	1	1														
PTPRJ	-0.266785634	1	1														
CDKN1A	0.862156896	1	1														
PPP1R18	-0.033832824	1	1														
PDLIM5	1.977317227	0.288034702	1														
PRIM2	1.074975712	1	1														
FAM228B	1.345462405	1	1														
GNAZ	-0.128794484	1	1														
SSBP2	0.900386968	1	1														
YAP1	0.738862213	1	1														
PRAG1	-0.377640474	1	1														
SDK1	-2.995253905	0.016452989	0.331101105														
MYO15A	-0.951270675	1	1														
H2AC4	-0.634543122	1	1														
CADPS2	-1.125839736	1	1														
AP5S1	1.568380327	0.700754397	1														
SPTBN1	0.576090905	1	1														
LYZL6	-0.262856114	1	1														
ZCCHC17	2.293025957	0.131079064	0.942689242														
GON4L	0.526015287	1	1														
METTL23	0.292777698	1	1														
GPR21	-1.089750523	1	1														
CPSF1	-0.673977107	1	1														
CYFIP2	-0.520818893	1	1														
NEXMIF	-1.226211149	1	1														
MGST2	2.359434093	0.10981699	0.858973927														
CASTOR2	-0.701925834	1	1														
ACACA	0.677160951	1	1														
USP50	0.738013673	1	1														
RNF146	-0.221330547	1	1														
SERPINI2	2.443504685	0.087272284	0.755489646														
TRAPPC3	-0.891901744	1	1														
PPP4R3B	2.684676181	0.043560065	0.540242398														
FMN1	0.713071651	1	1														
GAS2L1	0.834318349	1	1														
ANGPTL8	0.49935562	1	1														
OSCAR	-1.480235415	0.832862593	1														
ZNF630	0.472006422	1	1														
MCM3	0.994119014	1	1														
SYTL1	2.005060016	0.269739788	1														
PHF19	2.289161126	0.132419954	0.946260211														
HDGFL2	-1.794755737	0.436155755	1														
CRY2	-0.278982546	1	1														
RPP38	3.028915448	0.014726002	0.313580111														
HSH2D	2.20232253	0.165855203	1														
STIM1	0.626617398	1	1														
CPEB1	-0.533071978	1	1														
NR1H3	1.163988139	1	1														
GPR179	-0.388636282	1	1														
PCDH15	-0.099902292	1	1														
RAB7B	1.836788021	0.39744717	1														
MAP7	0.33080744	1	1														
IL13	0.439032627	1	1														
AOAH	0.653865883	1	1														
PLEKHA2	2.262330944	0.142061784	0.974508992														
HYOU1	0.113531215	1	1														
ORAI1	-0.899546108	1	1														
ICA1L	1.87920803	0.361296562	1														
SPON2	-2.70390664	0.041117724	0.526026379														
ARHGEF18	0.045579599	1	1														
ZNHIT3	0.978022347	1	1														
SLC35E2B	-0.071537551	1	1														
TMC4	2.147073754	0.190724462	1														
DUSP14	-0.05073511	1	1														
SEZ6L2	-1.262673333	1	1														
NR2E3	-1.375929385	1	1														
C11orf96	0.234087566	1	1														
GCNT7	0.065621787	1	1														
DDX52	2.529604843	0.068514631	0.671643814														
EIF5B	1.07914812	1	1														
SLC39A1	0.208930285	1	1														
PRSS56	-0.127629862	1	1														
FP565260	-1.856744583	0.380085008	1														
PHOSPHO2	0.121448348	1	1														
NDUFA6	1.641280739	0.604434914	1														
CHAC1	-0.472081823	1	1														
THSD7A	0.217152044	1	1														
RECQL4	0.302111097	1	1														
NAPB	1.099885341	1	1														
GALE	-1.358247411	1	1														
UPK1A	-0.402333212	1	1														
RPH3AL	2.689775915	0.042900008	0.536482483														
TPTE	0.461818591	1	1														
KCNN3	-0.662613039	1	1														
NDUFS7	-0.782589913	1	1														
LRRC8E	-1.928792245	0.322539954	1														
NR4A3	-0.195306552	1	1														
ECSCR	3.265498824	0.006556288	0.209768255														
PPP1R2	1.766788398	0.463582034	1														
MYH7B	-1.362143592	1	1														
LAMA2	-0.389565553	1	1														
RHNO1	2.914636375	0.021366191	0.377360719														
CD177	0.564751894	1	1														
DHRS11	1.126242508	1	1														
PRLR	1.092089146	1	1														
P2RY6	0.035147055	1	1														
BCL2L13	0.944643717	1	1														
BPIFA1	-0.614515247	1	1														
VEGFC	-0.477895654	1	1														
NUDT2	0.047716769	1	1														
FIGNL2	2.061352497	0.23561654	1														
NAP1L1	-0.678444531	1	1														
KCNE1B	1.367500751	1	1														
RAG2	-0.362623972	1	1														
XKR5	0.078326393	1	1														
NOS1	1.093863736	1	1														
SIT1	0.023922372	1	1														
CHST9	1.966859426	0.295196516	1														
WASF2	0.09877301	1	1														
OPLAH	0.266120402	1	1														
NEB	-3.160985622	0.009434176	0.249506862														
EPHB6	-2.16803447	0.180936384	1														
PIP4K2B	-1.13222146	1	1														
GTPBP8	1.721190792	0.511297249	1														
CSMD2	0.506917855	1	1														
KIZ	3.712282459	0.001232391	0.09322831														
PDZD7	2.021983244	0.259068498	1														
GRIP2	1.671892185	0.567273505	1														
DACH1	-0.75059098	1	1														
FAM83D	-0.964317108	1	1														
AATF	1.237698583	1	1														
PSMB3	-1.83926961	0.395253244	1														
H2BC9	-0.322956092	1	1														
HHLA2	-0.757454711	1	1														
CRYAA2	-3.006542107	0.015854247	0.326151834														
IFFO1	-0.133088556	1	1														
PADI6	4.353456884	8.04E-05	0.024576648														
SMTN	0.569408345	1	1														
ABCG4	-0.185833158	1	1														
MFRP	0.596778545	1	1														
PIK3R6	0.584033714	1	1														
PAMR1	0.378738687	1	1														
SPCS1	-1.023675131	1	1														
RIMBP3	3.195358523	0.008379434	0.235598593														
PSMC3	0.16584691	1	1														
PLCD3	0.317958934	1	1														
SPATS2L	-0.692110779	1	1														
NOP16	0.097797065	1	1														
GGTLC3	1.751997637	0.478645286	1														
DENND1B	1.716395638	0.516537927	1														
HSP90AB1	0.679063544	1	1														
OAS2	0.529064792	1	1														
C18orf54	2.79045692	0.031580223	0.455168636														
TAP2	0.961257068	1	1														
NAP1L4	0.100554983	1	1														
GHR	1.671746339	0.567446113	1														
DNAH11	2.46115472	0.083094377	0.73881951														
RNASET2	-0.942209124	1	1														
RAPGEFL1	1.097635309	1	1														
PKD1L3	4.310244807	9.78E-05	0.025957291														
ACD	1.532373734	0.752581411	1														
RPS6KA6	-2.103114695	0.212734468	1														
SLC1A7	0.900776878	1	1														
COL19A1	2.547617436	0.065076804	0.660410575														
WASHC4	1.049933155	1	1														
GRIA3	-0.175066915	1	1														
REC8	2.105204251	0.211641194	1														
TMEM114	-0.886534634	1	1														
GATD3B	-0.869419487	1	1														
UHRF1	4.387157346	6.89E-05	0.024576648														
VPS13D	0.027771668	1	1														
PACSIN1	0.244689029	1	1														
NOMO1	2.588230357	0.057882266	0.619909814														
WNK3	-0.197383161	1	1														
CLIP1	0.355866104	1	1														
ADRA2B	-0.060407827	1	1														
RIMBP3B	2.632220214	0.050897316	0.581279299														
LRRC39	1.140070183	1	1														
PRSS45P	4.198142167	0.000161468	0.032105125														
TYW1B	1.194284881	1	1														
SHISA8	-0.074295388	1	1														
DHX29	-0.249475248	1	1														
CREB3L1	0.112297752	1	1														
RAB11FIP4	0.906236285	1	1														
GABRR3	-1.284740358	1	1														
GSTT4	1.068962844	1	1														
SYN2	-0.708830214	1	1														
MLLT6	0.888500214	1	1														
SMOX	0.780336599	1	1														
LSR	1.013231381	1	1														
SAP18	-0.404911346	1	1														
SRCIN1	-0.649578766	1	1														
GJA5	2.347400205	0.11342962	0.874418455														
RPGRIP1L	0.370437681	1	1														
DDX24	1.040934758	1	1														
BTK	0.950467525	1	1														
EPOP	0.149023909	1	1														
VPS11	-1.285754986	1	1														
POLQ	2.446329981	0.086591308	0.753977074														
MGAT4C	2.215439882	0.160379319	1														
CLTC	-0.250950384	1	1														
GUCD1	1.21343414	1	1														
MROH5	0.367709585	1	1														
SCN7A	0.316788641	1	1														
SRD5A2	-1.627321567	0.622012918	1														
RYR3	-2.078692309	0.225873842	1														
TGM5	-0.889694392	1	1														
PRDM11	2.087899081	0.220841635	1														
TTBK2	2.903983461	0.022106857	0.383741612														
GPX4	3.064149706	0.013097379	0.291461242														
ARID3B	-0.246222434	1	1														
JPH4	-0.066831183	1	1														
SAMD11	1.050451069	1	1														
DDX27	2.026330987	0.256385267	1														
C3orf85	2.268866409	0.139658706	0.964432736														
MFSD1	2.645762432	0.048904222	0.568728551														
ARHGAP23	-1.438738044	0.901348536	1														
BID	-0.063757819	1	1														
ENO4	2.093612558	0.217767048	1														
IRX4	-2.27094022	0.138903582	0.961915219														
TEX46	1.105074088	1	1														
TST	-1.708457575	0.525308832	1														
AL096814	-0.000991777	1	1														
LDB3	0.634486291	1	1														
ADSL	0.250718937	1	1														
C11orf71	0.07771581	1	1														
DOCK1	-3.38207133	0.004316488	0.171769232														
CLEC20A	2.141578764	0.193364364	1														
SCARF2	0.393993999	1	1														
AC135068	1.151515495	1	1														
CDHR1	-0.638292199	1	1														
FO681492	-0.226848529	1	1														
SEM1	0.303464375	1	1														
CERS1	1.344579666	1	1														
NOTCH2NLR	-1.65945608	0.582143542	1														
C8orf89	0.248582861	1	1														
HMCN2	1.802003279	0.429269338	1														
OR5AR1	1.399804558	0.969431115	1														
ZNF518A	1.487680152	0.821011586	1														
CBSL	2.862247678	0.025238883	0.40675424														
SMIM34B	2.378237748	0.104373636	0.832653356														
TREX1	0.44284678	1	1														
NR3C2	2.048093828	0.243304839	1														
MTRES1	0.688316443	1	1														
PHF6	-0.990939168	1	1														
UBAP1	1.675351805	0.56319136	1														
MAP4K4	0.789239895	1	1														
TRPC4	-1.396693298	0.975034923	1														
PPIL2	0.794006361	1	1														
SLC25A22	-1.050467284	1	1														
SUGCT	0.248563481	1	1														
GLIS1	0.142000462	1	1														
SIDT2	0.779692936	1	1														
PKP4	0.169502183	1	1														
ADH4	0.356880715	1	1														
CIBAR2	1.256770408	1	1														
COBLL1	0.334158688	1	1														
SHPRH	0.789969581	1	1														
LRRC29	1.362699018	1	1														
THEMIS	-0.762700602	1	1														
MICAL1	1.827374352	0.405861018	1														
SPTAN1	-0.282901047	1	1														
HSPH1	-1.242839059	1	1														
MLLT10	1.71150903	0.521923114	1														
TMEM132E	-1.392567089	0.982504447	1														
PON2	0.607858297	1	1														
KCNA2	1.240564388	1	1														
DAAM2	1.946145724	0.309823425	1														
NHSL2	0.450961082	1	1														
DNAJB6	0.269960163	1	1														
SZT2	0.861424872	1	1														
NRXN3	-0.04859423	1	1														
PHF14	1.341273547	1	1														
SYTL2	2.53833476	0.066828832	0.662771298														
TMEM275	-0.460923085	1	1														
EIF4G3	1.925798275	0.324777402	1														
H2BC6	-0.743485415	1	1														
AC004706	1.984899087	0.2829342	1														
ENAH	-0.431949734	1	1														
SCYL2	0.004638586	1	1														
CCDC149	2.95694085	0.018642463	0.355911728														
DOCK7	-1.005218527	1	1														
ATP6V1C2	0.219356668	1	1														
DENND4A	-0.05834375	1	1														
PTPN11	0.150490554	1	1														
PTBP1	-0.172032058	1	1														
GRAMD1B	-1.812354679	0.419588465	1														
HSPA12A	-0.748017549	1	1														
LCORL	-0.491849703	1	1														
GSDMA	-2.290508117	0.131951271	0.945564147														
NEDD4L	-1.498871915	0.803441182	1														
EPB41L1	0.959209829	1	1														
DCX	-2.218027148	0.159317888	1														
CCDC194	2.316184921	0.123289045	0.909600421														
NYAP2	-1.274548322	1	1														
DCLK3	1.885787155	0.355941855	1														
ASAH1	0.457670235	1	1														
FBF1	1.111516503	1	1														
CLN5	2.044543104	0.245399542	1														
KAZN	1.21903934	1	1														
ZNF654	-0.107726857	1	1														
TNRC6C	-0.650813452	1	1														
CCDC196	0.609323583	1	1														
FRMPD2	0.027876278	1	1														
GFI1B	3.321965522	0.005363144	0.190766144														
ERAS	1.708345345	0.525433692	1														
TSTD3	1.847250733	0.388264858	1														
TJP2	0.473590816	1	1														
CNPY1	-0.412756611	1	1														
IRAG2	3.169816385	0.009152118	0.245356452														
ZEB2	-0.873392575	1	1														
REELD1	0.830670359	1	1														
HRH2	0.419986779	1	1														
UNC13B	1.135117607	1	1														
IQCM	2.471740921	0.080674151	0.727552864														
AC013470	1.37776828	1	1														
BTBD8	4.02344506	0.000344118	0.046126275														
KIF13A	0.412846438	1	1														
UMAD1	0.186229016	1	1														
KLHL33	1.840911911	0.393806812	1														
ARID1B	-1.770279787	0.460083262	1														
PLCXD2	0.52557255	1	1														
KIAA1671	2.042367808	0.246690363	1														
RASSF3	0.726765342	1	1														
RAP1GAP2	-0.066987848	1	1														
TAB2	-1.787977212	0.442678106	1														
LMLN2	1.360748006	1	1														
CPT2	3.324481224	0.005314992	0.190651004														
SYT14	1.42463006	0.925584996	1														
EFHC1	0.758782953	1	1														
SMIM33	0.086656873	1	1														
PLEKHA6	0.216766784	1	1														
SPEF2	1.165823761	1	1														
PXN	1.625226871	0.624685361	1														
FAM237B	0.039757413	1	1														
TEX52	0.376805087	1	1														
LIN28B	0.38204151	1	1														
SPACA6	0.964192771	1	1														
FAM193A	-2.789173598	0.031705639	0.455174305														
TEPSIN	-0.732710076	1	1														
FTO	-2.431451678	0.090230725	0.771418714														
CSNKA2IP	3.010979478	0.015624387	0.323513732														
RALGAPA1	1.954686114	0.30372078	1														
RASGEF1B	0.980971627	1	1														
CCDC195	1.697937386	0.53711748	1														
COLCA2	2.944271533	0.019422951	0.364082784														
VSIG10L2	-2.704016887	0.041104085	0.526026379														
FBXL22	1.008422046	1	1														
SPIN3	-1.064531098	1	1														
GIMD1	2.074077893	0.228432464	1														
PAX6	-0.32687704	1	1														
SCN3A	-0.54311583	1	1														
GFAP	1.795088377	0.435837721	1														
FAM217A	3.104211815	0.011447201	0.271424247														
PAX4	2.093641032	0.217751817	1														
MED17	0.41513386	1	1														
THSD8	1.567688296	0.701723367	1														
ZC3H11A	0.610847953	1	1														
DTHD1	1.755994986	0.474535588	1														
UNC45A	-1.109577074	1	1														
RBMX2	-0.118187585	1	1														
INTS6L	2.770654915	0.033566209	0.467878058														
GABRD	0.956306286	1	1														
TMEM211	1.780577795	0.4498887	1														
PIGN	-0.167661727	1	1														
LRRC8B	1.418585901	0.936118672	1														
PERCC1	0.352714948	1	1														
ST3GAL5	3.309331995	0.005611132	0.194205896														
CNTN2	2.238537813	0.151116027	1														
MIA2	1.833380452	0.400476075	1														
PFKFB3	1.810317546	0.421479346	1														
RTTN	-1.047145675	1	1														
LPP	1.91159924	0.335565701	1														
RAI1	-1.162799999	1	1														
LIAS	-0.304682805	1	1														
OR10Z1	0.032774966	1	1														
OR10K2	-1.201380081	1	1														
MAPK10	2.699021817	0.04172617	0.529224156														
OR6N2	-1.406515396	0.957426817	1														
OR10G3	1.394731522	0.978580893	1														
ZFHX3	1.042219659	1	1														
RBFOX1	2.858248049	0.025559235	0.40675424														
OR6Y1	1.90061514	0.344114646	1														
RGPD1	2.318527934	0.12252388	0.908689042														
OR4E2	-0.642368065	1	1														
PHGDH	0.292253774	1	1														
FAM71F2	0.573431976	1	1														
OR10J1	1.258076135	1	1														
MON2	0.196241614	1	1														
OR2A25	-1.518294796	0.773640594	1														
OR51F2	1.26326472	1	1														
OR8D4	-1.699132314	0.535765536	1														
OR2A5	-0.220395296	1	1														
OR6B1	-1.202194348	1	1														
FER1L5	1.949720273	0.307256812	1														
OR4E1	-1.003086824	1	1														
OR51D1	1.079739838	1	1														
OR51L1	1.404221301	0.961517764	1														
PNPO	0.587780232	1	1														
MICU1	-0.946937479	1	1														
OR5K1	0.58005	1	1														
POLR1C	-0.587886649	1	1														
CCDC88A	2.149657615	0.189493845	1														
PATJ	1.891530865	0.351321089	1														
MANBA	3.764270243	0.001002217	0.083683578														
C11orf80	2.543936055	0.065766689	0.660988967														
MYH14	-2.714948795	0.039771611	0.515210271														
ST3GAL3	0.438886692	1	1														
GLUL	-2.060553781	0.23607378	1														
BCL11A	1.401368451	0.966623529	1														
A4GALT	-0.838852833	1	1														
BICDL2	-0.921755089	1	1														
TM9SF2	0.372894897	1	1														
TLR5	1.452199125	0.878677475	1														
NDP	-0.716797543	1	1														
MBD5	-0.031637226	1	1														
TLR2	2.187653464	0.172169125	1														
MACROD2	1.892431791	0.350600842	1														
PFKM	2.032491149	0.252623753	1														
ALDOA	-1.084230904	1	1														
SRP72	1.073596745	1	1														
MYO3A	2.907344663	0.02187068	0.380986644														
CD59	1.328144372	1	1														
EPS8	1.461108126	0.863914624	1														
LOXHD1	-3.636071934	0.001660962	0.105753473														
COL25A1	0.597856209	1	1														
AP3D1	-1.41599552	0.940660897	1														
SLC33A1	1.47045541	0.848630722	1														
TEX15	3.378484862	0.004373187	0.173483363														
GSS	2.718889248	0.039300922	0.510601797														
CD8B2	0.701635792	1	1														
SEMA3E	0.314579004	1	1														
TCOF1	2.504925699	0.073486272	0.697818182														
GAB4	0.482790717	1	1														
TEX51	2.351434698	0.112207031	0.868906367														
CEP78	0.903358411	1	1														
BLVRB	1.445868193	0.889285049	1														
CCDC9	0.908593867	1	1														
SPTA1	3.91720351	0.000537493	0.05998286														
AC138647	-2.795181613	0.03112234	0.453795838														
SLITRK6	-1.110648579	1	1														
PRPS1	0.384109517	1	1														
TECTB	0.990344457	1	1														
ASAH2B	-0.592764146	1	1														
TMEM8B	1.103914925	1	1														
RIMBP2	-2.773454788	0.033278728	0.466923544														
HECW2	-0.266069178	1	1														
MYO1F	0.144175749	1	1														
SMARCB1	-1.508023653	0.39464542	1														
ANO4	-2.532822333	0.067888972	0.668598738														
SEPTIN3	0.953548094	1	1														
PAPLN	1.112307525	1	1														
SLC9A3	0.420566706	1	1														
TBCE	-0.04795945	1	1														
SLC26A4	1.135784181	1	1														
ABHD5	1.834826705	0.399188222	1														
RAPGEF2	3.194661413	0.008399699	0.235598593														
VPS45	-1.098190366	1	1														
UPK3BL2	1.888332981	0.353887574	1														
MORN2	0.97587993	1	1														
ZNF746	-0.316865585	1	1														
SLC18A2	-1.378995317	1	1														
CDC14A	-0.030893147	1	1														
CYP21A2	2.483871794	0.077977553	0.719019667														
KITLG	-1.554052685	0.7210311	1														
ABCC8	0.584976133	1	1														
TUG1	1.057478857	1	1														
CXorf56	0.4944826	1	1														
MYT1L	1.397540964	0.973505743	1														
VPS13C	2.206005272	0.164301783	1														
GRB10	-0.344879557	1	1														
SPTB	2.274708219	0.137540635	0.961446734														
SLC35B3	1.659442065	0.582160476	1														
PLEKHG1	1.652159372	0.591012398	1														
KSR1	1.370854388	1	1														
PTPRQ	2.729802036	0.038023421	0.501232131														
DOCK10	0.771822894	1	1														
HARS2	1.027228707	1	1														
KCNJ6	-1.721251081	0.511231633	1														
GPR174	-2.423750317	0.092166977	0.779059864														
TRMU	0.058064896	1	1														
BX255925	1.011225748	1	1														
CTNNB1	-1.57435152	0.692437231	1														
ESPN	2.518268444	0.07076004	0.68558431														
CFAP92	1.19247137	1	1														
SLC1A2	-0.258644723	1	1														
ATP13A3	3.451633092	0.003343229	0.149903807														
COL13A1	-0.508291934	1	1														
NOBOX	1.669429093	0.570194232	1														
THPO	2.614431735	0.053625611	0.596391734														
LRGUK	0.332798615	1	1														
SIX1	-0.873009067	1	1														
SPG7	-0.079771319	1	1														
FOXC1	-0.17347163	1	1														
ABHD18	0.913147151	1	1														
TRANK1	-2.381936345	0.103331245	0.828561489														
ACOT6	-0.525963345	1	1														
CASK	-0.542193403	1	1														
SLC12A1	0.75519965	1	1														
TRIM66	2.113569123	0.207312512	1														
FYB1	0.354333287	1	1														
MICAL2	1.801592739	0.429657027	1														
ARHGEF7	1.942828579	0.312221242	1														
LZTR1	-0.016816963	1	1														
TBC1D24	0.140662782	1	1														
TINCR	1.514614124	0.77922092	1														
RHAG	3.611674528	0.001825357	0.109127236														
AVPR2	-0.322473878	1	1														
RFX8	0.397686311	1	1														
CSNK2A1	-0.727581017	1	1														
SLC19A3	-0.082193735	1	1														
GIGYF1	0.739507587	1	1														
NMNAT3	-0.879706551	1	1														
TSC1	-0.436266413	1	1														
S1PR2	1.861192106	0.376302316	1														
CHD8	1.328945989	1	1														
UBE2T	0.787330168	1	1														
TRPM7	0.928339071	1	1														
SAMHD1	0.786799502	1	1														
TMF1	2.616507986	0.053300572	0.593814069														
GRHL2	0.711983462	1	1														
SH2D4B	0.284465465	1	1														
CC2D2B	1.261841749	1	1														
SUCLA2	1.309368019	1	1														
RNASEH2B	0.927407311	1	1														
TPM4	0.953527741	1	1														
POU4F3	0.004995992	1	1														
C3orf49	3.228911245	0.007455747	0.220266128														
SAMSN1	1.557854624	0.715606282	1														
ERCC3	0.72152057	1	1														
RPL35A	0.402492236	1	1														
CBLC	-0.478624233	1	1														
ANKRD44	0.937726778	1	1														
LRRC9	0.073020455	1	1														
PTP4A2	0.225640848	1	1														
SERAC1	0.560935125	1	1														
FRY	-3.234127334	0.007320903	0.220266128														
TDRD12	2.12619108	0.200924115	1														
ALX3	1.175168905	1	1														
EPHB1	2.143607598	0.192386049	1														
CRYBB1	-1.21014918	1	1														
C8orf33	0.589842924	1	1														
PRSS51	1.359284978	1	1														
ZNF23	2.429321688	0.090762623	0.773000534														
WDR49	1.467202994	0.853925057	1														
EIF4E1B	1.017586662	1	1														
CA14	-0.388500235	1	1														
ALOX12B	-0.166580642	1	1														
ENPP1	2.224376205	0.156738861	1														
JAGN1	-0.450562822	1	1														
CPOX	2.044311943	0.245536441	1														
NEK5	3.183345289	0.008735033	0.240943027														
HESX1	2.087641604	0.220981057	1														
B2M	0.801539268	1	1														
HLA-DOB	2.759830482	0.034698817	0.475118862														
ALDOB	-0.050511045	1	1														
COL17A1	0.360827585	1	1														
IMPACT	0.442708202	1	1														
IQSEC1	-1.19359073	1	1														
IL17A	-0.282948021	1	1														
PLCZ1	1.175948765	1	1														
KCNN4	1.094481699	1	1														
MRPL28	1.27599406	1	1														
CXorf58	0.489391504	1	1														
CTLA4	0.418950322	1	1														
IL21	0.717206367	1	1														
TMPRSS9	2.472525184	0.080497356	0.727504141														
EPB42	3.239668891	0.007180114	0.218735829														
CD53	-0.164247668	1	1														
MYO1C	-0.780748552	1	1														
KAT6B	1.405734126	0.958818537	1														
PRDM1	0.604348614	1	1														
CABCOCO1	1.015941676	1	1														
PTP4A1	-0.897350094	1	1														
ATP8B1	2.542880052	0.065965778	0.661223698														
EIF2B5	2.494932906	0.075588569	0.708795906														
TPRA1	0.65518024	1	1														
LMBRD1	-0.526557187	1	1														
ITPR1	-3.221844533	0.007642094	0.221672937														
NDN	0.701706503	1	1														
AP5Z1	0.022798357	1	1														
ANKS1A	2.938889994	0.019763398	0.366861671														
RCC1	-0.61753083	1	1														
TRIM16	-1.019551228	1	1														
C9orf153	3.171579151	0.009096753	0.244900738														
MALT1	0.451288076	1	1														
GNAI1	0.39087179	1	1														
LHB	-0.711744675	1	1														
SETBP1	1.693336478	0.542348631	1														
AGK	-1.654585573	0.588051552	1														
ABLIM1	0.29227825	1	1														
COL9A3	-0.567184281	1	1														
STON2	1.812818951	0.4191585	1														
CHRNE	1.632183364	0.615845185	1														
CALCR	0.203981067	1	1														
ISG15	-1.852539933	0.383689973	1														
CCBE1	0.183225983	1	1														
TTC37	2.491302383	0.076365449	0.712930809														
TTR	0.781014539	1	1														
DARS2	1.508958706	0.787856015	1														
STON1	2.364626861	0.108289469	0.851734467														
EIF4A3	-0.377425678	1	1														
SH3BP1	0.534810837	1	1														
MPIG6B	2.367496946	0.107453207	0.848300767														
SCUBE2	2.943423279	0.019476256	0.364082784														
CA5A	1.098431623	1	1														
ECE1	0.667727369	1	1														
THBS2	-0.654244797	1	1														
IGF1R	0.297238279	1	1														
SLC35B1	0.651823308	1	1														
IFIH1	0.403673975	1	1														
LARP1B	1.537878766	0.744469561	1														
APLP2	-0.462158236	1	1														
GRM6	-1.925762007	0.324804585	1														
IDE	-0.996942914	1	1														
BBS10	2.270577815	0.139035286	0.961915219														
WDR37	1.116843423	1	1														
FBRSL1	-1.30139183	1	1														
QSER1	4.410141451	6.20E-05	0.024576648														
LRPAP1	0.020385387	1	1														
MED13L	1.385850593	0.99475518	1														
ALAS2	-1.211716948	1	1														
SLC25A48	1.35994789	1	1														
KCNK9	3.499776011	0.002793896	0.134836257														
LPL	1.036465214	1	1														
ABCB11	4.146466478	0.000202587	0.035829824														
DYNC2H1	0.236397154	1	1														
LMTK3	0.369675942	1	1														
ZMYM1	3.173908653	0.009024061	0.244259669														
DCLRE1B	-0.05132973	1	1														
GCLC	2.143476094	0.192449332	1														
MDGA1	2.47573005	0.079778442	0.727050255														
TFPI2	3.003382042	0.016019822	0.327989447														
SLC25A38	1.937881285	0.315826247	1														
INPP5F	-0.033448343	1	1														
DLG2	-1.932518283	0.319773406	1														
MAP1LC3B	1.75458918	0.475977621	1														
DIABLO	-0.767481936	1	1														
FAM83H	-1.940890961	0.313629028	1														
LARS2	2.559905421	0.062820392	0.647212679														
FANCB	1.029857462	1	1														
CHST8	0.30486641	1	1														
NOTCH2NLC	-1.48350335	0.827644363	1														
ALPK1	-1.107495605	1	1														
SELL	1.988302688	0.280669342	1														
PARN	1.161166265	1	1														
CLUH	0.025257906	1	1														
GTF2IRD2B	3.327449826	0.005258686	0.18970003														
TMEM217	1.194129964	1	1														
GTF2IRD2	3.281390772	0.006197791	0.202365837														
GREM1	-0.182549768	1	1														
MPRIP	1.14555245	1	1														
BIVM	0.260656177	1	1														
CACHD1	1.75999235	0.470454622	1														
CTC1	2.809195485	0.029799287	0.441237357														
ACSL6	2.488743297	0.076917294	0.713895643														
ZFHX4	-2.743428623	0.036480759	0.49176737														
SLC29A1	2.390242936	0.101023388	0.815746245														
DIP2A	-1.285984179	1	1														
CLEC3A	2.094790558	0.217137689	1														
GPR19	0.444261607	1	1														
TMEM167B	-0.746826607	1	1														
NIF3L1	0.620482465	1	1														
CHRNG	0.061218732	1	1														
MECOM	1.48727675	0.821650396	1														
RDH8	-0.512261284	1	1														
DEPDC5	0.13854434	1	1														
SCLY	-2.284657798	0.133997406	0.950532461														
BSND	2.183508384	0.173990354	1														
NOTCH1	-1.787335991	0.443299202	1														
CARD14	-1.265442726	1	1														
POLR3G	-0.042868453	1	1														
GPR101	1.007583378	1	1														
ZMAT1	0.376007533	1	1														
FAM161B	2.188962852	0.171597241	1														
PTPRZ1	1.148996123	1	1														
GSG1	-1.700183747	0.534578211	1														
CYP26C1	3.747632509	0.001071069	0.086322756														
COL10A1	0.488605774	1	1														
LRRC7	1.211682404	1	1														
KRI1	1.350947806	1	1														
FAS	1.387659761	0.991444046	1														
RGR	-1.110625549	1	1														
ESYT2	-0.003587097	1	1														
BICD1	0.155330134	1	1														
LRRC55	0.993855644	1	1														
ERCC5	3.430935515	0.003609021	0.155261077														
GPRC5C	-0.438941168	1	1														
RAB33B	1.310521614	1	1														
ELMO3	-0.712431906	1	1														
ALX4	1.299899507	1	1														
SUMF2	2.900580821	0.022348306	0.385806758														
IL31RA	1.718103123	0.514666844	1														
GCNT4	1.617616473	0.634471661	1														
SNX6	-0.006178283	1	1														
AC023490	0.088155888	1	1														
HMBS	0.71387703	1	1														
MYCBPAP	2.357365566	0.110430709	0.861129603														
AP000552	0.175460402	1	1														
AP000471	0.561608532	1	1														
PREP	-0.00536126	1	1														
EEF1AKMT2	0.007269225	1	1														
FBXW8	0.788731849	1	1														
SNX25	1.713948916	0.519228649	1														
NRG1	2.780989299	0.032516114	0.461569172														
FECH	0.443297592	1	1														
AP001453	1.720265356	0.512305307	1														
TACC3	-0.07769792	1	1														
AP3B2	-0.826327219	1	1														
TMUB1	-1.295609219	1	1														
ERCC6L2	2.793824379	0.031253255	0.453795838														
ANKFN1	0.658116904	1	1														
SCN10A	0.590520838	1	1														
FRMPD4	-2.235465028	0.152321011	1														
FAN1	1.140914879	1	1														
TNNT2	-1.07003894	1	1														
CCDC30	2.416870745	0.09392745	0.784645047														
KIAA1549L	4.194044197	0.000164415	0.032105125														
PLA2G6	-0.78725984	1	1														
NINJ2	1.729703869	0.502099182	1														
UCP2	-0.410524391	1	1														
MYO6	1.134522062	1	1														
TNNI3	-0.29762813	1	1														
RAPGEF5	0.296000627	1	1														
CCDC57	-1.178215787	1	1														
JAKMIP3	-1.252380734	1	1														
RIMS2	-0.344437313	1	1														
KANSL3	-0.541190476	1	1														
ETS2	0.075581631	1	1														
IQCF6	0.242996081	1	1														
AMPD2	-1.01635696	1	1														
SLMAP	2.134008161	0.197052677	1														
ZCCHC14	-0.95566529	1	1														
SBK1	1.700257971	0.534494473	1														
RAD54L	-0.853042819	1	1														
SAMD8	2.340735363	0.115474821	0.879459549														
ETNK1	1.280979653	1	1														
BRI3BP	-0.731028384	1	1														
GCK	-1.68715116	0.549445739	1														
MFSD4B	0.546722483	1	1														
AC119396	-0.949339926	1	1														
NFILZ	0.118165614	1	1														
SLC25A52	0.913362825	1	1														
ZCCHC8	2.200457156	0.166646859	1														
ETV3L	-0.016551984	1	1														
BTD	1.747215255	0.483600039	1														
OPRL1	-1.46969556	0.849865355	1														
ANK2	-1.45183008	0.879293146	1														
OTX2	-1.584797688	0.339036924	1														
MEN1	0.846743271	1	1														
ACAT1	1.353078241	1	1														
UFSP1	1.230442415	1	1														
CAMK2A	-0.193258149	1	1														
JAK1	0.004397961	1	1														
CFL2	0.440795095	1	1														
MPZ	1.224282254	1	1														
ANO3	-0.216422446	1	1														
ATP8B2	-0.245524509	1	1														
ACP2	0.06100602	1	1														
IFT46	0.546100483	1	1														
PLPPR5	0.433233279	1	1														
UBE4B	0.031042787	1	1														
EFCAB14	2.916258848	0.021255388	0.377360719														
ASCC1	0.468768655	1	1														
SACM1L	0.447382942	1	1														
YPEL2	-2.133067448	0.197515162	1														
DPEP3	1.379670775	1	1														
TMEM145	0.604089821	1	1														
EED	-1.361239252	1	1														
OPRK1	-1.76927427	0.461088691	1														
AKT3	1.607574302	0.647570665	1														
PLEKHG5	0.555085971	1	1														
ARHGEF2	-1.447842775	0.885966161	1														
ATP5MC2	0.938581978	1	1														
HHLA1	0.569477872	1	1														
TRAK1	0.855836169	1	1														
GBF1	2.097254028	0.215826564	1														
WIZ	0.794410482	1	1														
APOA5	1.581600883	0.682444274	1														
MAPK8IP3	-0.087009252	1	1														
USP7	2.245526955	0.148405943	0.99444253														
ADNP	0.592847901	1	1														
PLK5	1.234890462	1	1														
ADCY7	-0.836000144	1	1														
ELF5	0.267942408	1	1														
DDHD1	0.337722592	1	1														
RFX7	1.202496066	1	1														
GKN1	1.837054706	0.397210919	1														
ZBTB3	0.009114487	1	1														
AHDC1	-0.943588035	1	1														
DNAH10	1.241029105	1	1														
STAT1	0.873802681	1	1														
FAM163B	-1.544894382	0.734230876	1														
WFS1	-1.553806112	0.721384033	1														
SPATS1	1.447483759	0.886568891	1														
CDKL5	-0.202063814	1	1														
POU3F3	0.423206354	1	1														
PIK3CB	2.672829933	0.045128622	0.550619101														
MAS1	0.202956169	1	1														
USH2A	0.107558858	1	1														
TSGA10	-0.291888765	1	1														
COA8	-0.482801897	1	1														
SLFN14	2.2920769	0.131407237	0.943790047														
IL12RB2	1.639080944	0.607178419	1														
LGALS12	2.510262035	0.072384962	0.69148545														
MSANTD2	1.311073807	1	1														
SVOPL	-0.549629212	1	1														
CCDC114	0.617451756	1	1														
THNSL2	0.892374819	1	1														
RTBDN	1.127439352	1	1														
SWSAP1	0.136445874	1	1														
GNL3L	0.341847592	1	1														
STS	0.210179894	1	1														
CELSR1	-0.860902438	1	1														
ZNF711	-0.387203324	1	1														
KIF5A	0.285790149	1	1														
AMZ2	0.154386604	1	1														
MTR	1.597827353	0.660488432	1														
FANCI	-0.050042178	1	1														
GJB1	1.590532445	0.670289029	1														
PIEZO2	0.298717271	1	1														
NT5C2	-0.252047431	1	1														
FIG4	-1.56114799	0.710933024	1														
ATF4	-0.60735916	1	1														
NPBWR1	1.446801917	0.887714458	1														
POLR2A	-0.586872227	1	1														
CSPP1	2.282920672	0.134610249	0.950708218														
AC093246	0.701899362	1	1														
AC013477	1.977011824	0.288241762	1														
AIFM1	1.126373727	1	1														
CEP41	0.858354321	1	1														
CAST	1.613250506	0.640140568	1														
PHACTR1	-1.800542996	0.430649645	1														
HARS1	1.698209056	0.536809871	1														
TNFSF14	0.243131549	1	1														
TCTEX1D4	2.770496144	0.033582578	0.467878058														
SBF2	0.817055249	1	1														
MFN2	0.254516317	1	1														
NALCN	1.421426161	0.931157434	1														
CHRNA7	0.160435345	1	1														
TRIP12	0.429982299	1	1														
GDAP1	-0.344963404	1	1														
CEP290	2.013058997	0.264650539	1														
ZBBX	1.969309993	0.293505026	1														
DYM	-0.066465717	1	1														
CEP63	1.380591035	1	1														
IFRD1	0.498864269	1	1														
GARS1	1.341262935	1	1														
CEP104	-0.043603323	1	1														
LMNA	-0.689654865	1	1														
TFG	-0.254767173	1	1														
MACROD1	0.307049719	1	1														
ELP1	-1.51592338	0.777232367	1														
PAQR7	2.194526108	0.169185655	1														
DISP1	-0.912094035	1	1														
SLC52A2	0.361959944	1	1														
NGF	-1.179942072	1	1														
TMPRSS6	2.403639399	0.09739666	0.803790716														
RUBCNL	1.222857276	1	1														
CHRM3	-0.785642218	1	1														
LRSAM1	1.631685529	0.6164745	1														
PIK3C2G	2.123161274	0.202442039	1														
KIF1B	0.589475751	1	1														
POMK	2.73502224	0.037425637	0.497394536														
SIPA1L2	-0.270872669	1	1														
NHS	-1.41702416	0.938855184	1														
CLCC1	0.121079607	1	1														
