"X","stat","pval","p.adj","num.genes","gene.vals","Driver","DriverNumeric"
"REACTOME_INTERLEUKIN_6_SIGNALING",-0.0419087136929461,0.646374883222589,0.864550381639709,10,"CBL:878, JAK2:6282.5, TYK2:6282.5, STAT1:6282.5, IL6R:6282.5, JAK1:6282.5, PTPN11:6282.5, SOCS3:6282.5, IL6ST:12566, IL6:13554","Unclear",0
"REACTOME_TRANSLESION_SYNTHESIS_BY_Y_FAMILY_DNA_POLYMERASES_BYPASSES_LESIONS_ON_DNA_TEMPLATE",-0.0832427298516603,0.0842433377315483,0.399712468236794,36,"RPS27A:59, UBA52:103, USP43:129, POLD2:160, POLE:379, SPRTN:1305, RPA1:1675, UBB:6282.5, RFC1:6282.5, RFC2:6282.5, POLD1:6282.5, UFD1:6282.5, POLD3:6282.5, POLE2:6282.5, USP10:6282.5, RFC5:6282.5, POLE4:6282.5, MAD2L2:6282.5, RPA2:6282.5, TRIM25:6282.5, POLK:6282.5, RFC3:6282.5, POLE3:6282.5, UBE2L6:6282.5, RFC4:6282.5, POLH:6282.5, POLD4:6282.5, NPLOC4:6282.5, ISG15:6282.5, REV3L:12008, PCLAF:12023, UBA7:12375, POLI:12953, REV1:13584, RPA3:13748, RCHY1:13859","Herbivore",1
"REACTOME_RECOGNITION_OF_DNA_DAMAGE_BY_PCNA_CONTAINING_REPLICATION_COMPLEX",-0.0780543698045383,0.17702517151866,0.541479737252854,25,"RPS27A:59, UBA52:103, POLD2:160, POLE:379, RPA1:1675, UBB:6282.5, RFC1:6282.5, RFC2:6282.5, POLD1:6282.5, POLD3:6282.5, POLE2:6282.5, RFC5:6282.5, POLE4:6282.5, RPA2:6282.5, RFC3:6282.5, POLE3:6282.5, RFC4:6282.5, POLD4:6282.5, RAD18:6282.5, CUL4B:6282.5, CUL4A:11096, USP1:11974, RPA3:13748, DTL:14648, UBE2B:15086","Herbivore",1
"REACTOME_TRANSLESION_SYNTHESIS_BY_POLH",-0.122818707215801,0.0890923882579185,0.406667281086145,16,"RPS27A:59, UBA52:103, SPRTN:1305, RPA1:1675, UBB:6282.5, RFC1:6282.5, RFC2:6282.5, UFD1:6282.5, RFC5:6282.5, RPA2:6282.5, RFC3:6282.5, RFC4:6282.5, POLH:6282.5, NPLOC4:6282.5, RPA3:13748, RCHY1:13859","Herbivore",1
"REACTOME_RECOGNITION_AND_ASSOCIATION_OF_DNA_GLYCOSYLASE_WITH_SITE_CONTAINING_AN_AFFECTED_PURINE",-0.166088519433835,0.00407179195168064,0.0895297669375633,25,"H4C15:49, H4C14:85, H4C3:171, H4C2:238, H4C13:295, H2BC15:350, H2AC20:1105, H2AC4:1330, MPG:1467, NEIL3:1774, TINF2:6282.5, OGG1:6282.5, MUTYH:6282.5, TERF1:6282.5, H4C8:6282.5, TERF2IP:6282.5, H2BC4:6282.5, H2BC21:6282.5, H4C11:6282.5, H2BC9:6282.5, H2AC14:6282.5, H4C1:11869, ACD:13368, POT1:13500, TERF2:14700","Both",3
"REACTOME_DISPLACEMENT_OF_DNA_GLYCOSYLASE_BY_APEX1",-0.00594303655528144,0.95078003973707,0.991472765555776,9,"MPG:1467, OGG1:6282.5, MUTYH:6282.5, UNG:6282.5, APEX1:6282.5, SMUG1:6282.5, MBD4:11594, TDG:12060, NTHL1:12439","Unclear",0
"REACTOME_POLB_DEPENDENT_LONG_PATCH_BASE_EXCISION_REPAIR",-0.0885329072766005,0.385939563697407,0.73653104441252,8,"LIG1:198, PARP1:1379, FEN1:1640, APEX1:6282.5, ADPRS:6282.5, PARP2:6282.5, POLB:14024, PARG:14548","Vertivore",2
"REACTOME_RESOLUTION_OF_AP_SITES_VIA_THE_MULTIPLE_NUCLEOTIDE_PATCH_REPLACEMENT_PATHWAY",-0.11819985772586,0.0451657330712404,0.322588153954719,24,"POLD2:160, LIG1:198, POLE:379, PARP1:1379, FEN1:1640, RPA1:1675, RFC1:6282.5, RFC2:6282.5, POLD1:6282.5, POLD3:6282.5, POLE2:6282.5, RFC5:6282.5, POLE4:6282.5, RPA2:6282.5, RFC3:6282.5, POLE3:6282.5, RFC4:6282.5, POLD4:6282.5, APEX1:6282.5, ADPRS:6282.5, PARP2:6282.5, RPA3:13748, POLB:14024, PARG:14548","Vertivore",2
"REACTOME_FORMATION_OF_APOPTOSOME",-0.138664648503195,0.174480955867261,0.539979334175454,8,"UACA:493, XIAP:1419, MAPK3:6282.5, APAF1:6282.5, CASP9:6282.5, APIP:6282.5, AVEN:6282.5, DIABLO:11700","Unclear",0
"REACTOME_ACTIVATION_OF_CASPASES_THROUGH_APOPTOSOME_MEDIATED_CLEAVAGE",-0.049854292759471,0.699467112968729,0.893158076970693,5,"XIAP:1419, APAF1:6282.5, CASP9:6282.5, CASP7:6282.5, CASP3:14463","Unclear",0
"REACTOME_CYTOCHROME_C_MEDIATED_APOPTOTIC_RESPONSE",-0.0752719524503757,0.40990841767135,0.746437542132701,10,"UACA:493, XIAP:1419, MAPK3:6282.5, APAF1:6282.5, CASP9:6282.5, APIP:6282.5, CASP7:6282.5, AVEN:6282.5, DIABLO:11700, CASP3:14463","Unclear",0
"REACTOME_APOPTOTIC_CLEAVAGE_OF_CELLULAR_PROTEINS",-0.00871614021220318,0.854586800389849,0.95171859853955,37,"PLEC:4, DSG2:565, DBNL:627, SPTAN1:1669, VIM:6282.5, ROCK1:6282.5, PKP1:6282.5, ADD1:6282.5, DSP:6282.5, BMX:6282.5, STK24:6282.5, TJP1:6282.5, BIRC2:6282.5, LMNB1:6282.5, TJP2:6282.5, STK26:6282.5, DSG1:6282.5, APC:6282.5, GSN:6282.5, LMNA:6282.5, CASP7:6282.5, PTK2:6282.5, SATB1:6282.5, BCAP31:6282.5, MAPT:6282.5, OCLN:6282.5, CASP8:11211, CASP6:11470, ACIN1:12019, CDH1:12245, GAS2:12423, DSG3:12434, CLSPN:12481, FNTA:13346, PRKCQ:13818, PRKCD:14207, CASP3:14463","Both",3
"REACTOME_APOPTOTIC_FACTOR_MEDIATED_RESPONSE",-0.0392983391314106,0.586431093026862,0.845471507659912,16,"UACA:493, XIAP:1419, MAPK3:6282.5, GSDMD:6282.5, GSDME:6282.5, C1QBP:6282.5, APAF1:6282.5, CASP9:6282.5, CDKN2A:6282.5, APIP:6282.5, CASP7:6282.5, AVEN:6282.5, BAK1:11281, DIABLO:11700, BAX:12100, CASP3:14463","Unclear",0
"REACTOME_OPIOID_SIGNALLING",-0.0112557882745402,0.767256593971773,0.919012845729246,58,"CAMK2B:23, ADCY1:241, NBEA:606, PDE1B:830, GNAT3:831, ADCY2:835, ADCY8:981, ITPR1:1309, ADCY3:1563, PPP3R1:6282.5, PRKAR2B:6282.5, GNA15:6282.5, GNB5:6282.5, PRKAR1A:6282.5, GNB3:6282.5, PPP2R5D:6282.5, PDE1A:6282.5, ITPR2:6282.5, PRKCG:6282.5, PPP2R1B:6282.5, PRKCA:6282.5, GNA14:6282.5, PRKAR1B:6282.5, CAMKK1:6282.5, CAMK2A:6282.5, PDYN:6282.5, CAMKK2:6282.5, ADCY7:6282.5, PPP1R1B:6282.5, GNAL:6282.5, CAMK2G:6282.5, PLCB3:6282.5, PDE1C:6282.5, ADCY9:6282.5, PPP1CA:6282.5, GRK2:6282.5, ADCY5:6282.5, ADCY6:6282.5, PDE4B:6282.5, PRKACA:10858, PLCB4:11252, PDE4D:11332, CAMK4:11388, OPRM1:11680, ADCY4:11732, ITPR3:11892, PRKACB:12035, PLCB2:12405, CAMK2D:12869, PDE4A:12991, PLCB1:12992, PLA2G4A:13125, KPNA2:13181, PRKAR2A:13940, PRKCD:14207, PPP3CC:14768, PRKX:14895, PDE4C:14957","Unclear",0
"REACTOME_PKA_MEDIATED_PHOSPHORYLATION_OF_CREB",-0.0750841750841751,0.284018866286212,0.64903170584796,17,"ADCY1:241, NBEA:606, ADCY2:835, ADCY8:981, ADCY3:1563, PRKAR2B:6282.5, PRKAR1A:6282.5, PRKAR1B:6282.5, ADCY7:6282.5, ADCY9:6282.5, ADCY5:6282.5, ADCY6:6282.5, PRKACA:10858, ADCY4:11732, PRKACB:12035, PRKAR2A:13940, PRKX:14895","Both",3
"REACTOME_CA_DEPENDENT_EVENTS",-0.0416181150383984,0.408457266819863,0.746437542132701,33,"CAMK2B:23, ADCY1:241, NBEA:606, PDE1B:830, ADCY2:835, ADCY8:981, ADCY3:1563, PRKAR2B:6282.5, PRKAR1A:6282.5, PDE1A:6282.5, PRKCG:6282.5, PRKCA:6282.5, PRKAR1B:6282.5, CAMKK1:6282.5, CAMK2A:6282.5, CAMKK2:6282.5, ADCY7:6282.5, CAMK2G:6282.5, PDE1C:6282.5, ADCY9:6282.5, GRK2:6282.5, ADCY5:6282.5, ADCY6:6282.5, PRKACA:10858, CAMK4:11388, ADCY4:11732, PRKACB:12035, CAMK2D:12869, PLA2G4A:13125, KPNA2:13181, PRKAR2A:13940, PRKCD:14207, PRKX:14895","Herbivore",1
"REACTOME_G_PROTEIN_MEDIATED_EVENTS",-0.0359112912304402,0.410453154019682,0.746437542132701,44,"CAMK2B:23, ADCY1:241, NBEA:606, PDE1B:830, GNAT3:831, ADCY2:835, ADCY8:981, ITPR1:1309, ADCY3:1563, PRKAR2B:6282.5, GNA15:6282.5, PRKAR1A:6282.5, PDE1A:6282.5, ITPR2:6282.5, PRKCG:6282.5, PRKCA:6282.5, GNA14:6282.5, PRKAR1B:6282.5, CAMKK1:6282.5, CAMK2A:6282.5, CAMKK2:6282.5, ADCY7:6282.5, GNAL:6282.5, CAMK2G:6282.5, PLCB3:6282.5, PDE1C:6282.5, ADCY9:6282.5, GRK2:6282.5, ADCY5:6282.5, ADCY6:6282.5, PRKACA:10858, PLCB4:11252, CAMK4:11388, ADCY4:11732, ITPR3:11892, PRKACB:12035, PLCB2:12405, CAMK2D:12869, PLCB1:12992, PLA2G4A:13125, KPNA2:13181, PRKAR2A:13940, PRKCD:14207, PRKX:14895","Herbivore",1
"REACTOME_ELECTRIC_TRANSMISSION_ACROSS_GAP_JUNCTIONS",-0.234767989240081,0.0690803560924687,0.37392000026053,5,"GJC1:661, GJA10:1228, PANX2:6282.5, PANX1:6282.5, GJD2:6282.5","Unclear",0
"REACTOME_PRESYNAPTIC_DEPOLARIZATION_AND_CALCIUM_CHANNEL_OPENING",-0.0801727038241561,0.380102872042375,0.73296842598118,10,"CACNB2:278, CACNA1E:676, CACNA2D2:6282.5, CACNB1:6282.5, CACNG4:6282.5, CACNA1B:6282.5, CACNA2D3:6282.5, CACNB4:6282.5, CACNB3:11669, CACNA1A:14632","Unclear",0
"REACTOME_NEUROTRANSMITTER_RECEPTORS_AND_POSTSYNAPTIC_SIGNAL_TRANSMISSION",-0.0576051278519947,0.0126461666089168,0.1735153457153,159,"CAMK2B:23, GRIN3B:214, LIN7C:227, ADCY1:241, CHRNB2:262, HTR3B:460, TUBB4A:543, NBEA:606, CHRNA4:652, GRIN2A:659, RPS6KA6:686, CHRNA3:767, GRIK1:777, TUBA4A:786, GNAT3:831, ADCY2:835, GRIA4:854, HTR3A:857, GABRR3:966, ADCY8:981, GRIN2B:988, GABBR1:1096, GRIP1:1270, RASGRF1:1273, CHRNE:1281, KCNJ10:1315, PRKAA2:1324, ADCY3:1563, GRIK3:1599, MAPK3:6282.5, MAPT:6282.5, PRKAR2B:6282.5, GNB5:6282.5, ACTN2:6282.5, PICK1:6282.5, TUBB1:6282.5, PRKAR1A:6282.5, GNB3:6282.5, TUBA1B:6282.5, PRKCG:6282.5, TUBB2A:6282.5, TUBB2B:6282.5, PDPK1:6282.5, PRKCA:6282.5, TSPAN7:6282.5, TUBAL3:6282.5, TUBA8:6282.5, PRKAR1B:6282.5, TUBB4B:6282.5, SRC:6282.5, CAMKK1:6282.5, CAMK2A:6282.5, CAMKK2:6282.5, ADCY7:6282.5, GNAL:6282.5, CAMK2G:6282.5, PLCB3:6282.5, ADCY9:6282.5, ADCY5:6282.5, ADCY6:6282.5, CACNG4:6282.5, APBA1:6282.5, GABRA3:6282.5, GABRA1:6282.5, LRRC7:6282.5, RPS6KA2:6282.5, DLG3:6282.5, EPB41L1:6282.5, PPM1F:6282.5, ARHGEF7:6282.5, NCALD:6282.5, GRIN2D:6282.5, GRIK5:6282.5, PRKAG2:6282.5, PRKAB1:6282.5, GABRR2:6282.5, RASGRF2:6282.5, GABRG2:6282.5, KIF17:6282.5, CHRNB4:6282.5, KCNJ5:6282.5, CHRNA2:6282.5, KCNJ2:6282.5, ARHGEF9:6282.5, DLG4:6282.5, CAMK1:6282.5, MDM2:6282.5, CHRND:6282.5, CHRNA1:6282.5, CACNG8:6282.5, GLRA3:6282.5, GABRA6:6282.5, GABRB2:6282.5, GLRA1:6282.5, GABRR1:6282.5, CHRNB3:6282.5, CHRNA6:6282.5, DLG2:6282.5, KCNJ16:6282.5, GRIA1:6282.5, NRG1:6282.5, KCNJ6:6282.5, AP2M1:6282.5, GRIN2C:6282.5, KCNJ9:6282.5, KCNJ3:6282.5, GRIK2:6282.5, GABRB3:6282.5, KCNJ4:6282.5, CHRNA5:6282.5, CHRNA9:6282.5, PPM1E:6282.5, GRIN1:6282.5, ERBB4:6282.5, GABRG3:6282.5, AP2A2:6282.5, KCNJ12:6282.5, MYO6:6282.5, CHRNG:6282.5, GRIN3A:6282.5, GABRQ:6282.5, PRKACA:10858, GRIA3:10985, NEFL:11217, GABRB1:11222, PRKAB2:11287, CAMK4:11388, ADCY4:11732, PRKAG1:11774, GABBR2:11777, GLRA2:11804, KCNJ15:11849, PRKACB:12035, AP2A1:12312, PLCB2:12405, NSF:12441, TUBA1A:12546, RPS6KA1:12739, GLRB:12867, CAMK2D:12869, NPTN:12955, PRKAA1:12980, PLCB1:12992, KPNA2:13181, GIT1:13400, GABRA5:13573, GABRA4:13612, GABRA2:13662, PRKCB:13667, GRIA2:13701, GRIP2:13744, CHRNA7:13898, PRKAR2A:13940, HTR3C:14029, DLG1:14328, HTR3D:14617, PRKX:14895, TUBB8B:15090, TUBB8:15095","Herbivore",1
"REACTOME_TRANSMISSION_ACROSS_CHEMICAL_SYNAPSES",-0.0297459882438216,0.133802681801438,0.490203901947727,217,"SNAP25:21, CAMK2B:23, GRIN3B:214, LIN7C:227, ADCY1:241, DNAJC5:251, CHRNB2:262, TSPOAP1:272, CACNB2:278, SLC18A2:361, HTR3B:460, TUBB4A:543, NBEA:606, CHRNA4:652, GRIN2A:659, CACNA1E:676, RPS6KA6:686, CHRNA3:767, GRIK1:777, TUBA4A:786, GNAT3:831, ADCY2:835, GRIA4:854, HTR3A:857, GABRR3:966, ADCY8:981, GRIN2B:988, GABBR1:1096, GRIP1:1270, RASGRF1:1273, CHRNE:1281, KCNJ10:1315, PRKAA2:1324, ADCY3:1563, GRIK3:1599, MAPK3:6282.5, MAPT:6282.5, PRKAR2B:6282.5, GNB5:6282.5, ACTN2:6282.5, PICK1:6282.5, TUBB1:6282.5, PRKAR1A:6282.5, GNB3:6282.5, TUBA1B:6282.5, PRKCG:6282.5, TUBB2A:6282.5, TUBB2B:6282.5, PDPK1:6282.5, PRKCA:6282.5, TSPAN7:6282.5, TUBAL3:6282.5, TUBA8:6282.5, PRKAR1B:6282.5, TUBB4B:6282.5, SRC:6282.5, CAMKK1:6282.5, CAMK2A:6282.5, CAMKK2:6282.5, ADCY7:6282.5, GNAL:6282.5, CAMK2G:6282.5, PLCB3:6282.5, ADCY9:6282.5, ADCY5:6282.5, ADCY6:6282.5, CACNA2D2:6282.5, CACNB1:6282.5, CACNG4:6282.5, CACNA1B:6282.5, CACNA2D3:6282.5, CACNB4:6282.5, SYN1:6282.5, SLC6A13:6282.5, SYT1:6282.5, CHAT:6282.5, RIMS1:6282.5, SLC32A1:6282.5, SLC17A7:6282.5, STX1A:6282.5, APBA1:6282.5, SLC1A2:6282.5, ALDH5A1:6282.5, SLC22A2:6282.5, GLS:6282.5, NAAA:6282.5, PPFIA2:6282.5, PPFIA4:6282.5, SLC1A7:6282.5, SYN3:6282.5, SLC18A3:6282.5, ALDH2:6282.5, BCHE:6282.5, SLC6A3:6282.5, GABRA3:6282.5, GABRA1:6282.5, LRRC7:6282.5, RPS6KA2:6282.5, DLG3:6282.5, EPB41L1:6282.5, PPM1F:6282.5, ARHGEF7:6282.5, NCALD:6282.5, GRIN2D:6282.5, GRIK5:6282.5, PRKAG2:6282.5, PRKAB1:6282.5, GABRR2:6282.5, RASGRF2:6282.5, GABRG2:6282.5, KIF17:6282.5, CHRNB4:6282.5, KCNJ5:6282.5, CHRNA2:6282.5, KCNJ2:6282.5, ARHGEF9:6282.5, DLG4:6282.5, CAMK1:6282.5, MDM2:6282.5, CHRND:6282.5, CHRNA1:6282.5, CACNG8:6282.5, GLRA3:6282.5, GABRA6:6282.5, GABRB2:6282.5, GLRA1:6282.5, GABRR1:6282.5, CHRNB3:6282.5, CHRNA6:6282.5, DLG2:6282.5, KCNJ16:6282.5, GRIA1:6282.5, NRG1:6282.5, KCNJ6:6282.5, AP2M1:6282.5, GRIN2C:6282.5, KCNJ9:6282.5, KCNJ3:6282.5, GRIK2:6282.5, GABRB3:6282.5, KCNJ4:6282.5, CHRNA5:6282.5, CHRNA9:6282.5, PPM1E:6282.5, GRIN1:6282.5, ERBB4:6282.5, GABRG3:6282.5, AP2A2:6282.5, KCNJ12:6282.5, MYO6:6282.5, CHRNG:6282.5, GRIN3A:6282.5, GABRQ:6282.5, SLC38A1:6282.5, GLUL:6282.5, PRKACA:10858, SLC6A4:10925, LRTOMT:10946, GRIA3:10985, UNC13B:11038, SLC38A2:11071, NEFL:11217, GABRB1:11222, PRKAB2:11287, CAMK4:11388, SLC1A3:11397, CACNB3:11669, ADCY4:11732, PRKAG1:11774, GABBR2:11777, GAD2:11792, GLRA2:11804, ACHE:11848, KCNJ15:11849, PRKACB:12035, GAD1:12107, SLC6A11:12134, AP2A1:12312, SLC5A7:12368, PLCB2:12405, NSF:12441, TUBA1A:12546, RPS6KA1:12739, ARL6IP5:12743, GLRB:12867, CAMK2D:12869, NPTN:12955, PRKAA1:12980, PLCB1:12992, SLC22A1:13158, SLC6A1:13175, KPNA2:13181, MAOA:13208, GIT1:13400, GABRA5:13573, GABRA4:13612, GABRA2:13662, PRKCB:13667, ABAT:13693, GRIA2:13701, GRIP2:13744, CHRNA7:13898, PRKAR2A:13940, HTR3C:14029, SYN2:14135, DLG1:14328, SLC1A1:14424, SLC1A6:14588, HTR3D:14617, CACNA1A:14632, SLC6A12:14813, PRKX:14895, COMT:14913, PPFIA3:14931, GLS2:15030, TUBB8B:15090, TUBB8:15095","Herbivore",1
"REACTOME_NEURONAL_SYSTEM",-0.0580297508613835,0.000218871331624007,0.0140937503899316,352,"SNAP25:21, CAMK2B:23, SLITRK4:88, KCNV2:136, GRIN3B:214, LIN7C:227, ADCY1:241, DNAJC5:251, CHRNB2:262, TSPOAP1:272, CACNB2:278, SIPA1L1:357, SLC18A2:361, HOMER2:363, KCNG3:368, KCNN3:402, KCNH6:421, HTR3B:460, KCNH3:540, TUBB4A:543, KCNH2:590, NBEA:606, DBNL:627, PTPRF:636, CHRNA4:652, GRIN2A:659, GJC1:661, DLGAP3:667, CACNA1E:676, RPS6KA6:686, PPFIBP2:709, CHRNA3:767, KCNA10:770, GRIK1:777, TUBA4A:786, GNAT3:831, ADCY2:835, KCNAB2:847, GRIA4:854, HTR3A:857, KCND3:963, GABRR3:966, ADCY8:981, GRIN2B:988, KCNF1:1054, SLITRK2:1082, GABBR1:1096, SYT7:1131, KCNK7:1163, SLITRK1:1214, KCNQ3:1216, GJA10:1228, GRIP1:1270, RASGRF1:1273, CHRNE:1281, KCNJ10:1315, PRKAA2:1324, DLGAP2:1555, ADCY3:1563, GRIK3:1599, SHANK2:1628, LRFN1:1744, EPB41L2:1752, MAPK3:6282.5, MAPT:6282.5, PRKAR2B:6282.5, GNB5:6282.5, ACTN2:6282.5, PICK1:6282.5, TUBB1:6282.5, PRKAR1A:6282.5, GNB3:6282.5, TUBA1B:6282.5, PRKCG:6282.5, TUBB2A:6282.5, TUBB2B:6282.5, PDPK1:6282.5, KCNMB1:6282.5, PRKCA:6282.5, KCNMA1:6282.5, TSPAN7:6282.5, KCNMB3:6282.5, TUBAL3:6282.5, TUBA8:6282.5, PRKAR1B:6282.5, TUBB4B:6282.5, SRC:6282.5, KCNMB2:6282.5, CAMKK1:6282.5, CAMK2A:6282.5, CAMKK2:6282.5, ADCY7:6282.5, GNAL:6282.5, CAMK2G:6282.5, PLCB3:6282.5, ADCY9:6282.5, ADCY5:6282.5, ADCY6:6282.5, PANX2:6282.5, PANX1:6282.5, GJD2:6282.5, CACNA2D2:6282.5, CACNB1:6282.5, CACNG4:6282.5, CACNA1B:6282.5, CACNA2D3:6282.5, CACNB4:6282.5, SYN1:6282.5, SLC6A13:6282.5, SYT1:6282.5, CHAT:6282.5, RIMS1:6282.5, SLC32A1:6282.5, SLC17A7:6282.5, STX1A:6282.5, APBA1:6282.5, SLC1A2:6282.5, ALDH5A1:6282.5, SLC22A2:6282.5, GLS:6282.5, NAAA:6282.5, PPFIA2:6282.5, PPFIA4:6282.5, SLC1A7:6282.5, SYN3:6282.5, SLC18A3:6282.5, ALDH2:6282.5, BCHE:6282.5, SLC6A3:6282.5, GABRA3:6282.5, GABRA1:6282.5, LRRC7:6282.5, RPS6KA2:6282.5, DLG3:6282.5, EPB41L1:6282.5, PPM1F:6282.5, ARHGEF7:6282.5, NCALD:6282.5, GRIN2D:6282.5, GRIK5:6282.5, PRKAG2:6282.5, PRKAB1:6282.5, GABRR2:6282.5, RASGRF2:6282.5, GABRG2:6282.5, KIF17:6282.5, CHRNB4:6282.5, KCNJ5:6282.5, CHRNA2:6282.5, KCNJ2:6282.5, ARHGEF9:6282.5, DLG4:6282.5, CAMK1:6282.5, MDM2:6282.5, CHRND:6282.5, CHRNA1:6282.5, CACNG8:6282.5, GLRA3:6282.5, GABRA6:6282.5, GABRB2:6282.5, GLRA1:6282.5, GABRR1:6282.5, CHRNB3:6282.5, CHRNA6:6282.5, DLG2:6282.5, KCNJ16:6282.5, GRIA1:6282.5, NRG1:6282.5, KCNJ6:6282.5, AP2M1:6282.5, GRIN2C:6282.5, KCNJ9:6282.5, KCNJ3:6282.5, GRIK2:6282.5, GABRB3:6282.5, KCNJ4:6282.5, CHRNA5:6282.5, CHRNA9:6282.5, PPM1E:6282.5, GRIN1:6282.5, ERBB4:6282.5, GABRG3:6282.5, AP2A2:6282.5, KCNJ12:6282.5, MYO6:6282.5, CHRNG:6282.5, GRIN3A:6282.5, GABRQ:6282.5, SLC38A1:6282.5, GLUL:6282.5, ABCC8:6282.5, NRXN3:6282.5, KCNG1:6282.5, APBA2:6282.5, KCNQ1:6282.5, KCNQ2:6282.5, KCNN2:6282.5, DLGAP4:6282.5, EPB41L3:6282.5, KCNK2:6282.5, KCNH4:6282.5, KCNK6:6282.5, KCND1:6282.5, KCNA7:6282.5, PTPRS:6282.5, NRXN2:6282.5, PPFIBP1:6282.5, KCNA1:6282.5, EPB41L5:6282.5, KCNC4:6282.5, KCNJ8:6282.5, SLITRK3:6282.5, KCNS1:6282.5, LRFN3:6282.5, KCNC1:6282.5, LRRC4B:6282.5, FLOT2:6282.5, RTN3:6282.5, KCNK1:6282.5, FLOT1:6282.5, HCN4:6282.5, KCNH5:6282.5, NTRK3:6282.5, KCNH1:6282.5, HCN3:6282.5, SYT2:6282.5, LRRTM2:6282.5, KCNA6:6282.5, KCNK13:6282.5, PTPRD:6282.5, KCNS2:6282.5, LRFN2:6282.5, KCNB1:6282.5, EPB41:6282.5, SHANK1:6282.5, LRRTM1:6282.5, PDLIM5:6282.5, HCN1:6282.5, NLGN4Y:6282.5, SLITRK5:6282.5, KCNC2:6282.5, KCNG4:6282.5, GRM5:6282.5, KCNAB1:6282.5, IL1RAPL1:6282.5, NLGN1:6282.5, NLGN2:6282.5, KCNAB3:6282.5, DLGAP1:6282.5, SYT9:6282.5, KCNS3:6282.5, SYT12:6282.5, LRFN4:6282.5, KCNA3:6282.5, KCNG2:6282.5, SHARPIN:6282.5, NRXN1:6282.5, KCNJ14:6282.5, KCNB2:6282.5, KCNH8:6282.5, KCND2:6282.5, SLITRK6:6282.5, KCNQ5:6282.5, KCNK18:6282.5, KCNJ11:6282.5, IL1RAPL2:6282.5, NLGN3:6282.5, LRRTM3:6282.5, KCNN1:10832, KCNA4:10835, PRKACA:10858, HOMER3:10883, SLC6A4:10925, LRTOMT:10946, GRIA3:10985, UNC13B:11038, KCNQ4:11046, SLC38A2:11071, NEFL:11217, GABRB1:11222, PRKAB2:11287, CAMK4:11388, SLC1A3:11397, KCNK10:11413, CACNB3:11669, ADCY4:11732, PRKAG1:11774, GABBR2:11777, GAD2:11792, GLRA2:11804, KCNN4:11844, ACHE:11848, KCNJ15:11849, KCNV1:11992, PRKACB:12035, GRM1:12091, GAD1:12107, SLC6A11:12134, KCNH7:12141, SYT10:12174, AP2A1:12312, SLC5A7:12368, PLCB2:12405, LRRTM4:12412, NSF:12441, TUBA1A:12546, RPS6KA1:12739, ARL6IP5:12743, GLRB:12867, CAMK2D:12869, KCNK4:12925, NPTN:12955, KCNK3:12974, PRKAA1:12980, PLCB1:12992, SLC22A1:13158, SLC6A1:13175, KPNA2:13181, MAOA:13208, GIT1:13400, ABCC9:13525, GABRA5:13573, GABRA4:13612, GABRA2:13662, PRKCB:13667, ABAT:13693, GRIA2:13701, GRIP2:13744, KCNC3:13785, NLGN4X:13856, CHRNA7:13898, PRKAR2A:13940, APBA3:13965, HTR3C:14029, SYN2:14135, DLG1:14328, IL1RAP:14387, SLC1A1:14424, SLC1A6:14588, HTR3D:14617, CACNA1A:14632, KCNK9:14649, KCNJ1:14660, SLC6A12:14813, KCNK16:14823, PRKX:14895, COMT:14913, PPFIA3:14931, KCNK17:15005, GLS2:15030, TUBB8B:15090, TUBB8:15095","Herbivore",1
"REACTOME_IRS_MEDIATED_SIGNALLING",-0.025321065065634,0.589522783852424,0.845635762776753,38,"FGF8:76, FGF5:996, IRS1:1149, FGFR2:1505, PTPN11:6282.5, AKT2:6282.5, PIK3R2:6282.5, SOS1:6282.5, PIK3CA:6282.5, PDPK1:6282.5, PIK3R1:6282.5, GAB2:6282.5, FGFR3:6282.5, FGF10:6282.5, FGF22:6282.5, FGF4:6282.5, PIK3C3:6282.5, TRIB3:6282.5, FGF6:6282.5, FGF1:6282.5, KL:6282.5, KLB:6282.5, FGF2:6282.5, PDE3B:6282.5, FGF17:6282.5, FGFR4:6282.5, FGF19:6282.5, FRS2:6282.5, FGF7:10886, PIK3R4:11306, FGF20:11475, GAB1:11916, THEM4:11934, FLT3:12596, PIK3CB:12691, FGF23:13788, FGFR1:14005, TLR9:14413","Both",3
"REACTOME_RAF_INDEPENDENT_MAPK1_3_ACTIVATION",-0.0529471202425059,0.412622110460127,0.746945446947398,20,"DUSP16:293, DUSP9:1245, JAK2:6282.5, TYK2:6282.5, IL6R:6282.5, JAK1:6282.5, PTPN11:6282.5, MAPK3:6282.5, DUSP4:6282.5, MAP2K2:6282.5, DUSP5:6282.5, DUSP6:6282.5, DUSP10:6282.5, PEA15:6282.5, DUSP7:6282.5, DUSP8:6282.5, DUSP1:11002, DUSP2:12162, IL6ST:12566, IL6:13554","Unclear",0
"REACTOME_SOS_MEDIATED_SIGNALLING",-0.263081232492997,0.197532659708492,0.564423748739163,2,"IRS1:1149, SOS1:6282.5","Unclear",0
"REACTOME_INHIBITION_OF_REPLICATION_INITIATION_OF_DAMAGED_DNA_BY_RB1_E2F1",-0.00431759560390266,0.962299835575832,0.993542078100278,10,"POLA2:546, TFDP1:6282.5, PPP2R1B:6282.5, POLA1:6282.5, RB1:6282.5, PPP2R3B:6282.5, PRIM1:6282.5, PRIM2:12121, TFDP2:12914, E2F1:13388","Unclear",0
"REACTOME_EFFECTS_OF_PIP2_HYDROLYSIS",-0.000116521015397442,0.998329161698599,0.999114947262334,27,"DAGLA:503, TRPC6:597, DGKI:1185, ITPR1:1309, PRKCH:6282.5, DGKG:6282.5, RASGRP2:6282.5, TRPC7:6282.5, ABHD12:6282.5, DGKH:6282.5, ITPR2:6282.5, TRPC3:6282.5, DGKQ:6282.5, DGKZ:6282.5, ABHD6:6282.5, DAGLB:6282.5, PRKCE:6282.5, RASGRP1:6282.5, ITPR3:11892, MGLL:11983, DGKB:12084, DGKK:12791, DGKE:12898, DGKA:13505, DGKD:13705, PRKCQ:13818, PRKCD:14207","Unclear",0
"REACTOME_DOWNSTREAM_SIGNALING_EVENTS_OF_B_CELL_RECEPTOR_BCR",-0.00939421264038037,0.809877857623938,0.936031908523051,55,"RPS27A:59, SKP1:68, UBA52:103, IKBKG:445, CARD11:727, PSMB9:1148, PSMB11:1646, PSMD5:6282.5, PSMB5:6282.5, PSMD3:6282.5, PSMD9:6282.5, PSMF1:6282.5, PSMB2:6282.5, PSMA1:6282.5, PSME3:6282.5, PSMB6:6282.5, PSMA8:6282.5, PSMD4:6282.5, PSMB4:6282.5, PSMD6:6282.5, UBB:6282.5, PSMD13:6282.5, PSMD12:6282.5, PSMB8:6282.5, PSMB10:6282.5, PPP3R1:6282.5, RASGRP1:6282.5, PPIA:6282.5, NFKBIA:6282.5, NFATC2:6282.5, NFKBIB:6282.5, NFKB1:6282.5, NFATC1:6282.5, BCL10:6282.5, RASGRP3:6282.5, MALT1:6282.5, RELA:6282.5, CHUK:6282.5, PSMD10:11350, PSMD1:11428, PSMB1:11506, BTRC:11532, PSMB7:11603, MAP3K7:11639, PSME4:11744, SEM1:11957, PSMD8:12029, NFATC3:13271, PRKCB:13667, PSMD2:14237, IKBKB:14262, PSME2:14297, REL:14380, PSME1:14419, NFKBIE:14814","Herbivore",1
"REACTOME_ACTIVATION_OF_RAS_IN_B_CELLS",-0.09703081232493,0.634593051011292,0.860926464238795,2,"RASGRP1:6282.5, RASGRP3:6282.5","Unclear",0
"REACTOME_ANTIVIRAL_MECHANISM_BY_IFN_STIMULATED_GENES",-0.0082731648616125,0.820689969503358,0.939233875864161,63,"RPS27A:59, UBA52:103, NUP88:192, NUP153:528, NUP50:643, PLCG1:1240, RAE1:1313, NUP214:1425, STAT1:6282.5, JAK1:6282.5, MAPK3:6282.5, UBB:6282.5, FLNA:6282.5, TRIM25:6282.5, UBE2L6:6282.5, ISG15:6282.5, TPR:6282.5, NDC1:6282.5, NEDD4:6282.5, AAAS:6282.5, NUP188:6282.5, NUP93:6282.5, OAS3:6282.5, NUP155:6282.5, EIF4G1:6282.5, NUP43:6282.5, IRF3:6282.5, NUP210:6282.5, OASL:6282.5, FLNB:6282.5, PPM1B:6282.5, HERC5:6282.5, NUP58:6282.5, EIF4E:6282.5, SEC13:6282.5, MX1:6282.5, USP41:6282.5, NUP35:6282.5, EIF4E3:6282.5, PDE12:6282.5, MX2:6282.5, USP18:6282.5, NUP62:6282.5, KPNA5:10869, NUP205:10887, EIF4G3:11354, NUP160:11681, NUP37:11698, UBE2N:11716, NUP85:11843, NUP107:12122, UBA7:12375, NUP42:12532, NUP54:12910, KPNA7:12942, IFIT1:13180, KPNA2:13181, NUP98:13246, NUP133:13372, RNASEL:14233, SEH1L:14240, EIF2AK2:14627, OAS2:14751","Herbivore",1
"REACTOME_PROLACTIN_RECEPTOR_SIGNALING",-0.0138158163057221,0.87396438286748,0.960242402382734,11,"SKP1:68, JAK2:6282.5, PTPN11:6282.5, SH2B1:6282.5, GHR:6282.5, PRLR:6282.5, STAT5A:6282.5, STAT5B:6282.5, BTRC:11532, GH1:13531, GH2:13616","Both",3
"REACTOME_SIGNALING_BY_NODAL",-0.111624677365054,0.122287344611188,0.481406293305614,16,"LEFTY1:431, ACVR2B:1043, LEFTY2:1490, MAPK3:6282.5, FOXO3:6282.5, ACVR1C:6282.5, ACVR1B:6282.5, PCSK6:6282.5, FURIN:6282.5, SMAD4:6282.5, CER1:6282.5, NODAL:6282.5, FOXH1:6282.5, DRAP1:6282.5, DAND5:11322, GDF1:13298","Unclear",0
"REACTOME_MEIOTIC_SYNAPSIS",-0.115365918557408,0.00818799429228324,0.12949959393848,44,"UBE2I:15, H4C15:49, H4C14:85, H4C3:171, H4C2:238, SYNE1:265, H4C13:295, H2BC15:350, DIDO1:827, H2AC20:1105, H2AC4:1330, LMNB1:6282.5, LMNA:6282.5, TINF2:6282.5, TERF1:6282.5, H4C8:6282.5, TERF2IP:6282.5, H2BC4:6282.5, H2BC21:6282.5, H4C11:6282.5, H2BC9:6282.5, H2AC14:6282.5, BRCA1:6282.5, SYNE2:6282.5, FKBP6:6282.5, SMC1B:6282.5, SUN2:6282.5, REC8:6282.5, STAG2:6282.5, STAG1:6282.5, HSPA2:6282.5, TEX12:6282.5, SYCE2:6282.5, SUN1:6282.5, SYCP2:6282.5, SYCE3:6282.5, STAG3:11272, ATR:11303, H4C1:11869, RAD21:12186, SYCP1:12795, ACD:13368, POT1:13500, TERF2:14700","Both",3
"REACTOME_SIGNALING_BY_FGFR_IN_DISEASE",-0.0747889701744513,0.0939420750648769,0.418764710206001,42,"POLR2J:39, FGF8:76, LRRFIP1:779, FGF5:996, PLCG1:1240, CEP43:1267, FGFR2:1505, MYO18A:1637, STAT1:6282.5, SOS1:6282.5, PIK3CA:6282.5, PIK3R1:6282.5, GTF2F1:6282.5, NCBP1:6282.5, GTF2F2:6282.5, GAB2:6282.5, FGFR3:6282.5, FGF10:6282.5, FGF22:6282.5, FGF4:6282.5, FGF6:6282.5, FGF1:6282.5, FGF2:6282.5, FGF17:6282.5, FGFR4:6282.5, FRS2:6282.5, STAT5A:6282.5, STAT5B:6282.5, FGFR1OP2:6282.5, CNTRL:6282.5, ERLIN2:6282.5, BAG4:6282.5, BCR:6282.5, FGF7:10886, POLR2F:11153, CUX1:11170, FGF20:11475, GAB1:11916, TRIM24:13306, FGF23:13788, FGFR1:14005, ZMYM2:14858","Unclear",0
"REACTOME_SIGNALING_BY_ERBB2",-0.0831861145493417,0.0690141874854382,0.37392000026053,40,"RPS27A:59, UBA52:103, RHOA:150, PTK6:444, SHC1:997, PLCG1:1240, AKT2:6282.5, AKT1:6282.5, UBB:6282.5, SOS1:6282.5, PIK3CA:6282.5, GRB7:6282.5, PIK3R1:6282.5, PRKCA:6282.5, PRKCE:6282.5, SRC:6282.5, NRG1:6282.5, ERBB4:6282.5, MATK:6282.5, ERBB3:6282.5, PTPN18:6282.5, HSP90AA1:6282.5, STUB1:6282.5, CDC37:6282.5, ERBIN:6282.5, EREG:6282.5, PTPN12:6282.5, DIAPH1:6282.5, ERBB2:6282.5, EGFR:6282.5, NRG2:6282.5, NRG4:6282.5, BTC:6282.5, NRG3:6282.5, GAB1:11916, USP8:12271, EGF:12763, HBEGF:14150, PRKCD:14207, YES1:14402","Herbivore",1
"REACTOME_SIGNALING_BY_ERBB2_IN_CANCER",-0.0672706855188607,0.27500435722099,0.642270538950058,22,"SHC1:997, PLCG1:1240, SOS1:6282.5, PIK3CA:6282.5, PIK3R1:6282.5, NRG1:6282.5, ERBB4:6282.5, ERBB3:6282.5, HSP90AA1:6282.5, CDC37:6282.5, ERBIN:6282.5, EREG:6282.5, PTPN12:6282.5, ERBB2:6282.5, EGFR:6282.5, NRG2:6282.5, NRG4:6282.5, BTC:6282.5, NRG3:6282.5, GAB1:11916, EGF:12763, HBEGF:14150","Unclear",0
"REACTOME_CELLULAR_RESPONSE_TO_HYPOXIA",-0.00720550864824987,0.853596592908033,0.95171859853955,55,"UBE2D1:11, ELOC:51, RPS27A:59, UBA52:103, PSMB9:1148, LIMD1:1455, PSMB11:1646, HIF1AN:1745, PSMD5:6282.5, PSMB5:6282.5, PSMD3:6282.5, PSMD9:6282.5, PSMF1:6282.5, PSMB2:6282.5, PSMA1:6282.5, PSME3:6282.5, PSMB6:6282.5, PSMA8:6282.5, PSMD4:6282.5, PSMB4:6282.5, PSMD6:6282.5, UBB:6282.5, PSMD13:6282.5, PSMD12:6282.5, PSMB8:6282.5, PSMB10:6282.5, CREBBP:6282.5, EPAS1:6282.5, EPO:6282.5, ARNT:6282.5, CITED2:6282.5, AJUBA:6282.5, EGLN3:6282.5, UBE2D2:6282.5, VHL:6282.5, WTIP:6282.5, EGLN2:6282.5, PSMD10:11350, EP300:11369, PSMD1:11428, PSMB1:11506, PSMB7:11603, PSME4:11744, SEM1:11957, PSMD8:12029, EGLN1:12981, HIGD1A:13061, HIF1A:13088, VEGFA:13111, HIF3A:13595, CA9:14209, PSMD2:14237, PSME2:14297, PSME1:14419, CUL2:14511","Herbivore",1
"REACTOME_CONSTITUTIVE_SIGNALING_BY_LIGAND_RESPONSIVE_EGFR_CANCER_VARIANTS",-0.169663893830841,0.0280027914049994,0.273328350832678,14,"RPS27A:59, UBA52:103, CBL:878, SHC1:997, PLCG1:1240, UBB:6282.5, SOS1:6282.5, PIK3CA:6282.5, PIK3R1:6282.5, HSP90AA1:6282.5, CDC37:6282.5, EGFR:6282.5, GAB1:11916, EGF:12763","Herbivore",1
"REACTOME_SIGNALING_BY_ERBB4",-0.045583901503832,0.270352417018976,0.638969885679029,49,"RPS27A:59, UBA52:103, ADAM17:468, SHC1:997, YAP1:1201, UBB:6282.5, SPARC:6282.5, SOS1:6282.5, PIK3CA:6282.5, PIK3R1:6282.5, SRC:6282.5, GABRA1:6282.5, GABRG2:6282.5, DLG4:6282.5, GABRB2:6282.5, NRG1:6282.5, GABRB3:6282.5, ERBB4:6282.5, GABRG3:6282.5, GABRQ:6282.5, NEDD4:6282.5, STAT5A:6282.5, ERBB3:6282.5, EREG:6282.5, EGFR:6282.5, NRG2:6282.5, NRG4:6282.5, BTC:6282.5, NRG3:6282.5, ESR1:6282.5, ADAP1:6282.5, CXCL12:6282.5, MXD4:6282.5, APOE:6282.5, GFAP:6282.5, NCOR1:6282.5, S100B:6282.5, NCSTN:6282.5, WWOX:6282.5, GABRB1:11222, PSEN2:11958, PSEN1:12167, PGR:12760, EGF:12763, WWP1:12805, TAB2:12875, ITCH:14022, APH1B:14076, HBEGF:14150","Herbivore",1
"REACTOME_SHC1_EVENTS_IN_ERBB2_SIGNALING",-0.0333807261071825,0.6240828281448,0.859478811260311,18,"SHC1:997, SOS1:6282.5, PRKCA:6282.5, PRKCE:6282.5, NRG1:6282.5, ERBB4:6282.5, ERBB3:6282.5, EREG:6282.5, PTPN12:6282.5, ERBB2:6282.5, EGFR:6282.5, NRG2:6282.5, NRG4:6282.5, BTC:6282.5, NRG3:6282.5, EGF:12763, HBEGF:14150, PRKCD:14207","Unclear",0
"REACTOME_PI3K_EVENTS_IN_ERBB4_SIGNALING",-0.0442637658405293,0.627969720135907,0.859478811260311,10,"PIK3CA:6282.5, PIK3R1:6282.5, NRG1:6282.5, ERBB4:6282.5, EREG:6282.5, NRG2:6282.5, NRG4:6282.5, BTC:6282.5, NRG3:6282.5, HBEGF:14150","Unclear",0
"REACTOME_SHC1_EVENTS_IN_ERBB4_SIGNALING",-0.0783671638443423,0.390925454971344,0.739675678444017,10,"SHC1:997, SOS1:6282.5, NRG1:6282.5, ERBB4:6282.5, EREG:6282.5, NRG2:6282.5, NRG4:6282.5, BTC:6282.5, NRG3:6282.5, HBEGF:14150","Unclear",0
"REACTOME_NUCLEAR_SIGNALING_BY_ERBB4",-0.0266723387860594,0.625466718215029,0.859478811260311,28,"ADAM17:468, YAP1:1201, SPARC:6282.5, SRC:6282.5, NRG1:6282.5, ERBB4:6282.5, STAT5A:6282.5, EREG:6282.5, NRG2:6282.5, NRG4:6282.5, BTC:6282.5, NRG3:6282.5, ESR1:6282.5, ADAP1:6282.5, CXCL12:6282.5, MXD4:6282.5, APOE:6282.5, GFAP:6282.5, NCOR1:6282.5, S100B:6282.5, NCSTN:6282.5, WWOX:6282.5, PSEN2:11958, PSEN1:12167, PGR:12760, TAB2:12875, APH1B:14076, HBEGF:14150","Unclear",0
"REACTOME_DOWNREGULATION_OF_ERBB4_SIGNALING",-0.0778254288597376,0.445972917495477,0.772278509992157,8,"RPS27A:59, UBA52:103, UBB:6282.5, SRC:6282.5, ERBB4:6282.5, NEDD4:6282.5, WWP1:12805, ITCH:14022","Herbivore",1
"REACTOME_INTERLEUKIN_7_SIGNALING",-0.111094465251769,0.0458727646030913,0.323571288753899,27,"RAG1:319, H3C13:387, H3C11:588, IRS1:1149, H3C10:1224, H3C8:1344, H3C4:1469, BRWD1:1622, JAK1:6282.5, HGF:6282.5, PIK3R2:6282.5, PIK3R1:6282.5, H3C1:6282.5, STAT5A:6282.5, STAT5B:6282.5, JAK3:6282.5, CISH:6282.5, SOCS2:6282.5, SMARCA4:6282.5, IL2RG:6282.5, RAG2:6282.5, SOCS1:6282.5, IL7R:10871, PIK3R3:12489, H3C2:14121, IL7:14259, TSLP:14857","Both",3
"REACTOME_DEVELOPMENTAL_BIOLOGY",-0.0450076983727875,2.81004983933996e-05,0.00540103140815381,792,"MAGOH:27, ETF1:38, POLR2J:39, H4C15:49, ELOC:51, NRCAM:53, RPS27A:59, CDC42:60, RPL34:66, RPL19:69, H4C14:85, UBA52:103, EVPL:110, SEMA4D:115, KRT20:117, ARHGEF11:130, RPS26:138, PAXIP1:144, RHOA:150, SPTBN5:155, COL6A1:157, RPL31:169, H4C3:171, RPS7:178, RPS23:180, RPL8:184, RPS17:201, RPL17:206, CACNA1G:217, H4C2:238, EPHA4:248, KRT78:277, CACNB2:278, H4C13:295, HELZ2:301, ENAH:310, KMT2A:341, H2BC15:350, MYO10:351, H3C13:387, TIAM1:396, COL6A2:404, ACTG1:418, LEFTY1:431, MBP:470, KMT2C:490, ARHGEF12:502, SCN5A:523, TUBB4A:543, SLC2A4:553, DSG2:565, H3C11:588, TRPC6:597, KRT19:605, MED8:664, KRT80:672, KRT15:675, RPS6KA6:686, PKP3:741, LAMB1:774, MAML2:776, SLIT1:783, TUBA4A:786, MYH10:800, SALL1:812, ITSN1:829, SEMA4A:837, EPHA10:844, DOCK1:892, PPL:904, RPL13:905, ITGB3:935, KRT35:944, TGM1:952, LIPM:968, GRIN2B:988, SHC1:997, ACVR2B:1043, DSCAML1:1064, H2AC20:1105, CACNA1I:1110, NGEF:1140, LAMA2:1141, PSMB9:1148, KRT12:1165, EPHB6:1167, DNM3:1172, PDX1:1183, FES:1192, YAP1:1201, KCNQ3:1216, H3C10:1224, CDH4:1225, LAMC1:1230, PLCG1:1240, MMP9:1252, COL9A2:1306, H2AC4:1330, PAK6:1333, H3C8:1344, COL9A3:1351, MEF2D:1464, H3C4:1469, LEFTY2:1490, TRIO:1517, CLASP2:1578, KRT84:1579, SHC3:1588, KRT13:1591, GFRA1:1597, PLXNA2:1615, MAML3:1616, NEUROD1:1633, PSMB11:1646, PKLR:1651, MAMLD1:1665, SPTAN1:1669, SLIT3:1680, SEMA3E:1715, MAPK7:1720, KRT82:1771, IL6R:6282.5, PTPN11:6282.5, ROCK1:6282.5, PKP1:6282.5, PSMD5:6282.5, DSP:6282.5, PSMB5:6282.5, MAPK3:6282.5, AKT2:6282.5, UNC5B:6282.5, PSMD3:6282.5, PSMD9:6282.5, PSMF1:6282.5, PSMB2:6282.5, PSMA1:6282.5, PSME3:6282.5, DSG1:6282.5, AKT1:6282.5, PSMB6:6282.5, PSMA8:6282.5, PSMD4:6282.5, PSMB4:6282.5, PSMD6:6282.5, PTK2:6282.5, UBB:6282.5, PAK2:6282.5, PSMD13:6282.5, DCC:6282.5, PSMD12:6282.5, OCLN:6282.5, TFDP1:6282.5, PSMB8:6282.5, PSMB10:6282.5, ITGA2B:6282.5, GPC1:6282.5, TRPC7:6282.5, ACTB:6282.5, ABL1:6282.5, TUBB1:6282.5, PIK3R2:6282.5, MAG:6282.5, SOS1:6282.5, MYB:6282.5, PIK3CA:6282.5, CDK2:6282.5, TUBA1B:6282.5, GATA4:6282.5, TLN1:6282.5, TUBB2A:6282.5, TUBB2B:6282.5, TRPC3:6282.5, GRB7:6282.5, ITGA10:6282.5, PIK3R1:6282.5, DOK2:6282.5, PRKCA:6282.5, VAV2:6282.5, ITGA5:6282.5, ITGA2:6282.5, SDC2:6282.5, ZFPM2:6282.5, CFL1:6282.5, TUBAL3:6282.5, TUBA8:6282.5, TUBB4B:6282.5, SRC:6282.5, L1CAM:6282.5, ITGA1:6282.5, H3C1:6282.5, H4C8:6282.5, H2BC4:6282.5, H2BC21:6282.5, H4C11:6282.5, H2BC9:6282.5, H2AC14:6282.5, CACNB1:6282.5, CACNG4:6282.5, CACNB4:6282.5, STX1A:6282.5, RPS6KA2:6282.5, DLG3:6282.5, ARHGEF7:6282.5, DLG4:6282.5, CACNG8:6282.5, AP2M1:6282.5, GRIN1:6282.5, AP2A2:6282.5, KCNQ2:6282.5, NCBP1:6282.5, GAB2:6282.5, FGF10:6282.5, FGF2:6282.5, FRS2:6282.5, MAP2K2:6282.5, NFKB1:6282.5, RELA:6282.5, EIF4G1:6282.5, FOXO3:6282.5, ACVR1C:6282.5, ACVR1B:6282.5, PCSK6:6282.5, FURIN:6282.5, SMAD4:6282.5, CER1:6282.5, NODAL:6282.5, FOXH1:6282.5, DRAP1:6282.5, HSP90AA1:6282.5, ERBB2:6282.5, EGFR:6282.5, CREBBP:6282.5, EPAS1:6282.5, AJUBA:6282.5, CXCL12:6282.5, NCOR1:6282.5, NCSTN:6282.5, SMARCA4:6282.5, FARP2:6282.5, PAX6:6282.5, ADAM22:6282.5, SPAG9:6282.5, RANBP9:6282.5, WWTR1:6282.5, MED17:6282.5, CTNNA1:6282.5, PKP2:6282.5, CDON:6282.5, NTN1:6282.5, NEO1:6282.5, MEF2A:6282.5, SPTB:6282.5, EPHA8:6282.5, NCK2:6282.5, TCF3:6282.5, SREBF1:6282.5, TRPC5:6282.5, CRMP1:6282.5, ADAM11:6282.5, TEAD2:6282.5, EED:6282.5, NTN4:6282.5, SEMA3A:6282.5, RARB:6282.5, USP33:6282.5, PAK3:6282.5, DNM2:6282.5, EPHA6:6282.5, COL4A4:6282.5, TCF7:6282.5, PTPRC:6282.5, CACNA1S:6282.5, GSK3B:6282.5, RPS5:6282.5, NCOA1:6282.5, MMP2:6282.5, RPLP0:6282.5, EFNB1:6282.5, DLL3:6282.5, CEBPE:6282.5, SEMA6A:6282.5, DPYSL2:6282.5, KRT31:6282.5, TREM2:6282.5, HSP90AB1:6282.5, ABLIM1:6282.5, MED15:6282.5, RPL3:6282.5, MYH9:6282.5, SOS2:6282.5, RPS6KA5:6282.5, HNF4A:6282.5, SALL4:6282.5, DOK5:6282.5, PAK5:6282.5, TBL1X:6282.5, DRP2:6282.5, TSC22D1:6282.5, CTCF:6282.5, FOXF1:6282.5, GSPT1:6282.5, TGM5:6282.5, AMH:6282.5, MED25:6282.5, MED26:6282.5, PRX:6282.5, MYH14:6282.5, SCN1B:6282.5, HOXA1:6282.5, HOXA2:6282.5, GRB10:6282.5, PAX4:6282.5, EZH2:6282.5, GCK:6282.5, LHX2:6282.5, DNM1:6282.5, LHX3:6282.5, SH3GL2:6282.5, PTGDS:6282.5, DKK1:6282.5, KRT23:6282.5, KAT2A:6282.5, CNTNAP1:6282.5, EFNB3:6282.5, MAP2K6:6282.5, PPARGC1A:6282.5, MYF6:6282.5, MYF5:6282.5, KRT18:6282.5, CAP2:6282.5, COL9A1:6282.5, PERP:6282.5, ADGRG6:6282.5, CCND3:6282.5, SEMA5A:6282.5, ST8SIA4:6282.5, DPYSL3:6282.5, FOXP1:6282.5, ADAM23:6282.5, SPTBN1:6282.5, DOK1:6282.5, NR5A2:6282.5, ARTN:6282.5, NRP2:6282.5, MED28:6282.5, CSF3R:6282.5, HOXB3:6282.5, LHX4:6282.5, MYOG:6282.5, CLTA:6282.5, NEUROG3:6282.5, EGR2:6282.5, MED13L:6282.5, NCOA3:6282.5, SNAI1:6282.5, RPS10:6282.5, CDKN1A:6282.5, WNT1:6282.5, DOK4:6282.5, EFNB2:6282.5, UPF3B:6282.5, BMP4:6282.5, SOX9:6282.5, PSPN:6282.5, MED1:6282.5, FOXA2:6282.5, NKX2-2:6282.5, FLRT3:6282.5, KRT36:6282.5, KRT17:6282.5, HOXD3:6282.5, CDH15:6282.5, ARPC1B:6282.5, COL5A1:6282.5, PAK4:6282.5, PPARG:6282.5, PTPRA:6282.5, TRPC4:6282.5, SPINK5:6282.5, MED6:6282.5, CNTN6:6282.5, ROCK2:6282.5, DSC2:6282.5, DSC3:6282.5, DSC1:6282.5, COL4A2:6282.5, EPHA7:6282.5, AGAP2:6282.5, KRT85:6282.5, PLXNC1:6282.5, SCN7A:6282.5, KLF4:6282.5, NR5A1:6282.5, MYC:6282.5, DMRT1:6282.5, TGS1:6282.5, SDCBP:6282.5, RDX:6282.5, SEMA6D:6282.5, NAB1:6282.5, SEMA7A:6282.5, DHH:6282.5, KRT71:6282.5, NCOA2:6282.5, PML:6282.5, ST8SIA2:6282.5, RPL3L:6282.5, RPS2:6282.5, CELA2A:6282.5, EPHA2:6282.5, ABL2:6282.5, EFNA3:6282.5, PKP4:6282.5, SCN1A:6282.5, ITGA9:6282.5, RPL32:6282.5, BOC:6282.5, SLIT2:6282.5, EPHA5:6282.5, SCD5:6282.5, ANK2:6282.5, EPHA1:6282.5, SH3KBP1:6282.5, MSN:6282.5, ARHGAP39:6282.5, VLDLR:6282.5, NR6A1:6282.5, MED22:6282.5, NOTCH1:6282.5, PAK1:6282.5, NCAM1:6282.5, SCN2B:6282.5, TBX6:6282.5, FOXO1:6282.5, ANK3:6282.5, MSGN1:6282.5, UPF2:6282.5, DPYSL4:6282.5, LGI2:6282.5, SCN3A:6282.5, LGI4:6282.5, ROBO3:6282.5, WNT3A:6282.5, EPHB1:6282.5, CDK19:6282.5, RHOC:6282.5, MED7:6282.5, UNC5D:6282.5, CACNA1D:6282.5, DPYSL5:6282.5, NCK1:6282.5, MPZ:6282.5, KALRN:6282.5, PKNOX1:6282.5, SPTBN4:6282.5, MED27:6282.5, MAML1:6282.5, NTN3:6282.5, GFI1:6282.5, IHH:6282.5, EOMES:6282.5, NFASC:6282.5, SPTA1:6282.5, ABLIM2:6282.5, TBXT:6282.5, SHH:6282.5, HNF4G:6282.5, MED30:6282.5, RPL10L:6282.5, CDX2:6282.5, SCN3B:6282.5, PLIN1:6282.5, NAB2:6282.5, KMT2D:6282.5, KLK5:6282.5, ANGPTL4:6282.5, KRT24:6282.5, RBPJ:6282.5, PTF1A:6282.5, LGI3:6282.5, HJV:6282.5, COL3A1:6282.5, GFRA2:6282.5, GDNF:6282.5, COL4A3:6282.5, UPF3A:6282.5, EFNA1:6282.5, ROBO1:6282.5, WNT10B:6282.5, ALCAM:6282.5, KRT4:6282.5, KRT74:6282.5, KRT72:6282.5, CDH2:6282.5, FOXA3:6282.5, NRTN:6282.5, DSCAM:6282.5, PIK3CD:6282.5, PRNP:6282.5, RND1:6282.5, COL6A5:6282.5, RPL38:6282.5, RARG:6282.5, ABLIM3:6282.5, DAG1:6282.5, INSM1:6282.5, DAB1:6282.5, JUP:6282.5, SPTBN2:6282.5, HOXB2:6282.5, RGMB:6282.5, LEP:6282.5, RPL15:6282.5, DSG4:6282.5, MED16:6282.5, CLTB:6282.5, SCN4B:6282.5, CHD9:6282.5, RPLP2:6282.5, JUN:6282.5, SUZ12:6282.5, MED14:6282.5, ADIPOQ:6282.5, CLDN7:6282.5, UNC5C:6282.5, RGMA:6282.5, TBPL2:6282.5, LIMK2:6282.5, EPHB3:6282.5, MAFA:6282.5, FOXL2:6282.5, CNTN2:6282.5, MED12:6282.5, WT1:6282.5, RFX6:6282.5, ROBO2:6282.5, RPS27L:6282.5, MAPK11:6282.5, KRT79:6282.5, KRT73:6282.5, KRT5:6282.5, PIP5K1C:6282.5, RXRA:6282.5, KLK12:6282.5, KRT14:6282.5, FOXD3:6282.5, SHTN1:6282.5, COL4A1:6282.5, MAPK12:6282.5, COL4A5:6282.5, AGRN:6282.5, KRTAP24-1:6282.5, RPL14:6282.5, RELN:6282.5, KAZN:6282.5, GSPT2:6282.5, SRGAP3:6282.5, EVL:6282.5, NCOR2:6282.5, CACNA1H:6282.5, TCF4:6282.5, KRT39:6282.5, SCN8A:6282.5, PDLIM7:6282.5, SRGAP1:6282.5, TRIM33:6282.5, HOXA4:6282.5, KRTAP26-1:6282.5, NCOA6:6282.5, DLL1:6282.5, PLXNB3:6282.5, LIPN:6282.5, LIPK:6282.5, LIPJ:6282.5, MAFB:6282.5, COL5A2:6282.5, CSNK2B:6282.5, KRT40:6282.5, KRT25:6282.5, SPINK9:6282.5, ONECUT3:6282.5, DOK6:6282.5, KRTAP27-1:6282.5, KRTAP29-1:6282.5, MEF2B:6282.5, NOTO:6282.5, ZSWIM8:6282.5, ARHGEF28:6282.5, PLXNA4:6282.5, RPL36A:6282.5, ARPC4:6282.5, EFNA4:6282.5, INS:6282.5, SRGAP2:6282.5, HNF1B:6282.5, PCGF2:6282.5, PAGR1:6282.5, ADGRV1:10846, PRKACA:10858, SNW1:10866, MESP2:10942, MED20:10948, CDK4:10976, SPI1:11014, RAP1GAP:11035, EZR:11087, PCK1:11118, NUMB:11122, POLR2F:11153, ONECUT1:11195, MED24:11248, HOXD4:11258, TCF12:11261, CAP1:11289, TAL1:11309, DAND5:11322, PSMD10:11350, PLXNB1:11353, GFRA3:11360, EP300:11369, PRDM14:11387, PSMD1:11428, SOX10:11430, RARA:11458, HOXB1:11468, PSMB1:11506, NELL2:11509, CHL1:11526, ADAM10:11589, PSMB7:11603, RPS6KA4:11654, CACNB3:11669, PSME4:11744, SCN2A:11745, HMGCR:11799, KRT33B:11820, UNC5A:11837, H4C1:11869, LIN28A:11880, GAB1:11916, GATA6:11939, SEM1:11957, PSEN2:11958, BNIP2:11964, NKX6-1:11966, CAPNS1:11979, PITPNA:11988, RBBP7:11998, RPL7:12006, PSMD8:12029, PRKACB:12035, ITGAV:12046, RPL6:12073, KRT27:12092, MET:12112, CAPN1:12129, ITGB1:12155, TRPC1:12157, PSEN1:12167, RPL4:12176, CDH1:12245, AP2A1:12312, FLI1:12328, MYOD1:12344, GSC:12352, KRT75:12360, EFNA2:12425, DSG3:12434, KRT28:12477, PIK3R3:12489, KRT32:12490, LEF1:12491, TEAD4:12501, CNTN1:12506, TUBA1A:12546, LGI1:12565, LIMK1:12567, CSTA:12629, ZNF335:12645, CASC3:12659, ZNF638:12672, PIK3CB:12691, KRT16:12728, LPL:12737, RPS6KA1:12739, RET:12754, KLF5:12755, KLK14:12774, MAPK13:12786, RPS3:12824, RPL9:12853, TFDP2:12914, MYL6:12928, CACNA1C:12952, LHX9:12963, COL6A3:13032, FABP4:13039, THRAP3:13045, FOXA1:13060, HHEX:13110, EPHB2:13123, MED19:13136, SCN9A:13170, ZSCAN10:13176, LYN:13217, MED29:13220, SCN10A:13285, MED4:13291, GDF1:13298, TGFB1:13316, RRAS:13326, KLK13:13356, HNF1A:13357, E2F1:13388, GIT1:13400, CD36:13440, COL5A3:13477, MED9:13484, GATA2:13496, ANK1:13535, VAV3:13539, KLK8:13583, CXCR4:13593, HIF3A:13595, KRT33A:13627, PLXND1:13669, VASP:13772, KRT26:13812, PRKCQ:13818, KAT2B:13850, EPHB4:13852, ZIC3:13868, LAMA1:13901, KRT34:13938, PRKAR2A:13940, MYH11:13948, MYO9B:13949, FGFR1:14005, MED23:14011, NRP1:14054, APH1B:14076, SIAH1:14093, CLASP1:14098, RASA1:14114, H3C2:14121, GAP43:14161, ST14:14204, PSMD2:14237, HOXA3:14275, KRTAP3-1:14279, SLC2A2:14290, PSME2:14297, CNOT6:14310, DPPA4:14312, DLG1:14328, PIAS2:14335, COL6A6:14343, GFRA4:14366, POU5F1:14397, YES1:14402, PSME1:14419, WASL:14429, RUNX1:14469, KRTAP3-2:14497, CUL2:14511, KRTAP3-3:14531, ASH2L:14599, CARM1:14601, EPHA3:14614, CASP14:14682, HOXD1:14705, DEK:14716, PPARA:14728, KIF4A:14730, TYROBP:14731, RPS15:14780, PRSS8:14797, RBBP4:14816, NCAN:14905, MED13:14927, CLTCL1:14961, TNF:14980, CYP51A1:14994, RPS27:14996, COL2A1:15016, SCN11A:15028, RPS15A:15066, RPS14:15087, H3-3A:15088, TUBB8B:15090, TUBB8:15095, RPL23:15099","Both",3
"REACTOME_SPRY_REGULATION_OF_FGF_SIGNALING",-0.166490972300101,0.0683498505731146,0.37392000026053,10,"RPS27A:59, UBA52:103, CBL:878, PTPN11:6282.5, MAPK3:6282.5, UBB:6282.5, SRC:6282.5, MKNK1:6282.5, SPRY2:6282.5, BRAF:13081","Herbivore",1
"REACTOME_CA2_ACTIVATED_K_CHANNELS",-0.0618623164031842,0.544635047982385,0.819680293415894,8,"KCNN3:402, KCNMB1:6282.5, KCNMA1:6282.5, KCNMB3:6282.5, KCNMB2:6282.5, KCNN2:6282.5, KCNN1:10832, KCNN4:11844","Unclear",0
"REACTOME_INWARDLY_RECTIFYING_K_CHANNELS",-0.0415179072639497,0.52059028383487,0.804759965987825,20,"GABBR1:1096, KCNJ10:1315, GNB5:6282.5, GNB3:6282.5, KCNJ5:6282.5, KCNJ2:6282.5, KCNJ16:6282.5, KCNJ6:6282.5, KCNJ9:6282.5, KCNJ3:6282.5, KCNJ4:6282.5, KCNJ12:6282.5, ABCC8:6282.5, KCNJ8:6282.5, KCNJ14:6282.5, KCNJ11:6282.5, GABBR2:11777, KCNJ15:11849, ABCC9:13525, KCNJ1:14660","Unclear",0
"REACTOME_POTASSIUM_CHANNELS",-0.0705279397748017,0.0258466625839923,0.264781435448512,84,"KCNV2:136, KCNG3:368, KCNN3:402, KCNH6:421, KCNH3:540, KCNH2:590, KCNA10:770, KCNAB2:847, KCND3:963, KCNF1:1054, GABBR1:1096, KCNK7:1163, KCNQ3:1216, KCNJ10:1315, GNB5:6282.5, GNB3:6282.5, KCNMB1:6282.5, KCNMA1:6282.5, KCNMB3:6282.5, KCNMB2:6282.5, KCNJ5:6282.5, KCNJ2:6282.5, KCNJ16:6282.5, KCNJ6:6282.5, KCNJ9:6282.5, KCNJ3:6282.5, KCNJ4:6282.5, KCNJ12:6282.5, ABCC8:6282.5, KCNG1:6282.5, KCNQ1:6282.5, KCNQ2:6282.5, KCNN2:6282.5, KCNK2:6282.5, KCNH4:6282.5, KCNK6:6282.5, KCND1:6282.5, KCNA7:6282.5, KCNA1:6282.5, KCNC4:6282.5, KCNJ8:6282.5, KCNS1:6282.5, KCNC1:6282.5, KCNK1:6282.5, HCN4:6282.5, KCNH5:6282.5, KCNH1:6282.5, HCN3:6282.5, KCNA6:6282.5, KCNK13:6282.5, KCNS2:6282.5, KCNB1:6282.5, HCN1:6282.5, KCNC2:6282.5, KCNG4:6282.5, KCNAB1:6282.5, KCNAB3:6282.5, KCNS3:6282.5, KCNA3:6282.5, KCNG2:6282.5, KCNJ14:6282.5, KCNB2:6282.5, KCNH8:6282.5, KCND2:6282.5, KCNQ5:6282.5, KCNK18:6282.5, KCNJ11:6282.5, KCNN1:10832, KCNA4:10835, KCNQ4:11046, KCNK10:11413, GABBR2:11777, KCNN4:11844, KCNJ15:11849, KCNV1:11992, KCNH7:12141, KCNK4:12925, KCNK3:12974, ABCC9:13525, KCNC3:13785, KCNK9:14649, KCNJ1:14660, KCNK16:14823, KCNK17:15005","Herbivore",1
"REACTOME_VOLTAGE_GATED_POTASSIUM_CHANNELS",-0.139778659771743,0.00198051108768634,0.0557947107984137,41,"KCNV2:136, KCNG3:368, KCNH6:421, KCNH3:540, KCNH2:590, KCNA10:770, KCNAB2:847, KCND3:963, KCNF1:1054, KCNQ3:1216, KCNG1:6282.5, KCNQ1:6282.5, KCNQ2:6282.5, KCNH4:6282.5, KCND1:6282.5, KCNA7:6282.5, KCNA1:6282.5, KCNC4:6282.5, KCNS1:6282.5, KCNC1:6282.5, KCNH5:6282.5, KCNH1:6282.5, KCNA6:6282.5, KCNS2:6282.5, KCNB1:6282.5, KCNC2:6282.5, KCNG4:6282.5, KCNAB1:6282.5, KCNAB3:6282.5, KCNS3:6282.5, KCNA3:6282.5, KCNG2:6282.5, KCNB2:6282.5, KCNH8:6282.5, KCND2:6282.5, KCNQ5:6282.5, KCNA4:10835, KCNQ4:11046, KCNV1:11992, KCNH7:12141, KCNC3:13785","Both",3
"REACTOME_GRB7_EVENTS_IN_ERBB2_SIGNALING",-0.0970634386908765,0.452293157521604,0.772278509992157,5,"GRB7:6282.5, NRG1:6282.5, ERBB3:6282.5, ERBB2:6282.5, NRG2:6282.5","Unclear",0
"REACTOME_DOWNREGULATION_OF_ERBB2_ERBB3_SIGNALING",-0.137277111136032,0.132872899300465,0.490203901947727,10,"RPS27A:59, UBA52:103, AKT2:6282.5, AKT1:6282.5, UBB:6282.5, NRG1:6282.5, ERBB3:6282.5, ERBB2:6282.5, NRG2:6282.5, USP8:12271","Herbivore",1
"REACTOME_BMAL1_CLOCK_NPAS2_ACTIVATES_CIRCADIAN_GENE_EXPRESSION",-0.000249033165358015,0.996703401622738,0.999114947262334,23,"HELZ2:301, F7:6282.5, SERPINE1:6282.5, CREBBP:6282.5, NCOA1:6282.5, TBL1X:6282.5, MED1:6282.5, TGS1:6282.5, NCOA2:6282.5, CHD9:6282.5, RXRA:6282.5, NCOA6:6282.5, NAMPT:6282.5, BHLHE41:6282.5, CLOCK:6282.5, KLF15:6282.5, NPAS2:6282.5, AVP:11466, NOCT:11721, DBP:12088, BHLHE40:12438, CARM1:14601, PPARA:14728","Both",3
"REACTOME_ELEVATION_OF_CYTOSOLIC_CA2_LEVELS",-0.0306713612389182,0.671135559143336,0.882738140153137,16,"TRPC6:597, P2RX7:761, ITPR1:1309, P2RX2:1772, TRPC7:6282.5, P2RX5:6282.5, P2RX6:6282.5, P2RX3:6282.5, ITPR2:6282.5, TRPC3:6282.5, STIM1:6282.5, ITPR3:11892, ORAI2:13432, P2RX4:13699, ORAI1:14037, P2RX1:14301","Unclear",0
"REACTOME_ACTIVATION_OF_PUMA_AND_TRANSLOCATION_TO_MITOCHONDRIA",-0.0395828661134783,0.680979580016195,0.884901035027337,9,"TP53BP2:137, TP63:6282.5, TP73:6282.5, PPP1R13B:6282.5, BBC3:6282.5, TP53:6282.5, TFDP1:6282.5, TFDP2:12914, E2F1:13388","Both",3
"REACTOME_EXTRINSIC_PATHWAY_OF_FIBRIN_CLOT_FORMATION",-0.229074198610177,0.0760954479641328,0.388139067566166,5,"F10:775, TFPI:1574, F7:6282.5, F9:6282.5, F3:6282.5","Unclear",0
"REACTOME_SIGNALING_BY_SCF_KIT",-0.038014036155337,0.443474416464588,0.772278509992157,34,"CBL:878, FES:1192, MMP9:1252, JAK2:6282.5, STAT1:6282.5, PTPN11:6282.5, PIK3R2:6282.5, PTPN6:6282.5, SOS1:6282.5, PIK3CA:6282.5, GRB7:6282.5, PIK3R1:6282.5, PRKCA:6282.5, LCK:6282.5, SRC:6282.5, GAB2:6282.5, STAT5A:6282.5, STAT5B:6282.5, SOCS1:6282.5, GRB10:6282.5, GRAP2:6282.5, TEC:6282.5, SOCS6:6282.5, KITLG:6282.5, CHEK1:6282.5, GRAP:6282.5, KIT:6282.5, VAV1:11176, SH2B3:11515, PIK3R3:12489, SH2B2:13084, LYN:13217, FER:13621, YES1:14402","Unclear",0
"REACTOME_REGULATION_OF_SIGNALING_BY_NODAL",-0.184157416750757,0.0713164530947401,0.374879198046112,8,"LEFTY1:431, ACVR2B:1043, LEFTY2:1490, ACVR1C:6282.5, ACVR1B:6282.5, CER1:6282.5, NODAL:6282.5, DAND5:11322","Unclear",0
"REACTOME_COLLAGEN_DEGRADATION",-0.014625776127627,0.693336468043827,0.889978543208153,61,"COL6A1:157, COL10A1:283, MMP10:321, COL6A2:404, ADAM17:468, MMP7:625, COL4A6:848, MMP9:1252, COL9A2:1306, COL9A3:1351, COL16A1:1368, COL8A2:1380, COL11A2:1532, FURIN:6282.5, COL4A4:6282.5, MMP2:6282.5, COL9A1:6282.5, COL5A1:6282.5, COL4A2:6282.5, COL3A1:6282.5, COL4A3:6282.5, COL6A5:6282.5, COL4A1:6282.5, COL4A5:6282.5, COL5A2:6282.5, MMP3:6282.5, CTSK:6282.5, COL23A1:6282.5, MMP15:6282.5, COL7A1:6282.5, MMP8:6282.5, MMP19:6282.5, MMP13:6282.5, COL8A1:6282.5, PHYKPL:6282.5, COL18A1:6282.5, COL25A1:6282.5, COL13A1:6282.5, COL15A1:6282.5, MMP12:6282.5, CTSD:10817, COL12A1:10943, CTSB:11436, ADAM10:11589, MMP11:12068, MMP14:12198, COL1A2:12472, COL17A1:12669, COL26A1:12979, COL6A3:13032, TMPRSS6:13167, COL5A3:13477, COL11A1:13537, MMP20:13648, COL19A1:13826, COL14A1:14120, ELANE:14334, COL6A6:14343, COL1A1:14936, COL2A1:15016, ADAM9:15094","Both",3
"REACTOME_TRANSLOCATION_OF_SLC2A4_GLUT4_TO_THE_PLASMA_MEMBRANE",-0.0504710106615298,0.222303753296946,0.595562655563736,49,"RAB14:46, ACTG1:418, TUBB4A:543, SLC2A4:553, TUBA4A:786, ASPSCR1:1035, PRKAA2:1324, AKT2:6282.5, AKT1:6282.5, SFN:6282.5, ACTB:6282.5, KIFAP3:6282.5, TUBB1:6282.5, KIF3B:6282.5, STXBP3:6282.5, TUBA1B:6282.5, KIF3A:6282.5, TUBB2A:6282.5, TUBB2B:6282.5, TUBAL3:6282.5, TUBA8:6282.5, TUBB4B:6282.5, PRKAG2:6282.5, PRKAB1:6282.5, SNAP23:6282.5, LNPEP:6282.5, MYH9:6282.5, TBC1D1:6282.5, EXOC5:6282.5, EXOC8:6282.5, EXOC4:6282.5, EXOC6:6282.5, RAB13:6282.5, RALGAPB:6282.5, EXOC3:6282.5, EXOC7:6282.5, RALGAPA2:6282.5, MYO5A:6282.5, STX4:10950, TBC1D4:11023, PRKAB2:11287, PRKAG1:11774, C2CD5:12385, TUBA1A:12546, EXOC1:13173, MYO1C:14170, EXOC2:14221, TUBB8B:15090, TUBB8:15095","Both",3
"REACTOME_TETRAHYDROBIOPTERIN_BH4_SYNTHESIS_RECYCLING_SALVAGE_AND_REGULATION",-0.0636914106301861,0.508272633724145,0.796190754652158,9,"AKT1:6282.5, PRKG2:6282.5, NOS3:6282.5, HSP90AA1:6282.5, SPR:6282.5, GCH1:6282.5, GCHFR:6282.5, PTS:6282.5, DHFR:10912","Unclear",0
"REACTOME_REPRODUCTION",-0.0422918318046276,0.153403191270438,0.523174867471389,96,"UBE2I:15, H4C15:49, H4C14:85, H4C3:171, ZP1:209, H4C2:238, SYNE1:265, H4C13:295, H2BC15:350, H3C13:387, BLM:414, TOP3A:519, H3C11:588, DIDO1:827, MSH5:979, H2AC20:1105, H3C10:1224, MLH1:1239, ATM:1269, H2AC4:1330, H3C8:1344, H3C4:1469, RPA1:1675, MRE11:1742, LMNB1:6282.5, LMNA:6282.5, CDK2:6282.5, H3C1:6282.5, RPA2:6282.5, TINF2:6282.5, TERF1:6282.5, H4C8:6282.5, TERF2IP:6282.5, H2BC4:6282.5, H2BC21:6282.5, H4C11:6282.5, H2BC9:6282.5, H2AC14:6282.5, IZUMO4:6282.5, ZP2:6282.5, ZP4:6282.5, ADAM21:6282.5, ZP3:6282.5, IZUMO3:6282.5, BRCA1:6282.5, SYNE2:6282.5, FKBP6:6282.5, SMC1B:6282.5, SUN2:6282.5, REC8:6282.5, STAG2:6282.5, STAG1:6282.5, HSPA2:6282.5, TEX12:6282.5, SYCE2:6282.5, SUN1:6282.5, SYCP2:6282.5, SYCE3:6282.5, SPO11:6282.5, RBBP8:6282.5, NBN:6282.5, RAD50:6282.5, MLH3:6282.5, MND1:6282.5, PSMC3IP:6282.5, BRCA2:6282.5, IZUMO2:10841, CDK4:10976, DMC1:11054, STAG3:11272, ATR:11303, ADAM30:11448, TEX15:11708, H4C1:11869, RAD21:12186, SYCP1:12795, RAD51C:12796, HVCN1:12833, MSH4:12923, CATSPER3:13341, ACD:13368, POT1:13500, CD9:13650, RPA3:13748, CATSPER4:13823, ADAM20:13892, H3C2:14121, B4GALT1:14421, CATSPER2:14478, TERF2:14700, CATSPERG:14710, CATSPERB:14786, CATSPERD:14848, KCNU1:14995, ADAM2:15085, H3-3A:15088","Both",3
"REACTOME_DEGRADATION_OF_THE_EXTRACELLULAR_MATRIX",-0.0352440108717804,0.173620641824794,0.539979334175454,126,"CAPN8:7, ADAM15:93, LAMA5:104, COL6A1:157, COL10A1:283, MMP10:321, COL6A2:404, ADAM17:468, ADAMTS18:609, MMP7:625, TIMP1:683, SCUBE1:707, LAMB1:774, COL4A6:848, LAMB3:1056, CAST:1204, LAMC1:1230, BCAN:1233, LAMC2:1241, MMP9:1252, ADAMTS4:1292, COL9A2:1306, COL9A3:1351, COL16A1:1368, COL8A2:1380, MMP17:1417, ADAMTS1:1453, COL11A2:1532, KLKB1:6282.5, BSG:6282.5, FURIN:6282.5, NCSTN:6282.5, COL4A4:6282.5, MMP2:6282.5, COL9A1:6282.5, COL5A1:6282.5, COL4A2:6282.5, COL3A1:6282.5, COL4A3:6282.5, COL6A5:6282.5, COL4A1:6282.5, COL4A5:6282.5, COL5A2:6282.5, MMP3:6282.5, CTSK:6282.5, COL23A1:6282.5, MMP15:6282.5, COL7A1:6282.5, MMP8:6282.5, MMP19:6282.5, MMP13:6282.5, COL8A1:6282.5, PHYKPL:6282.5, COL18A1:6282.5, COL25A1:6282.5, COL13A1:6282.5, COL15A1:6282.5, MMP12:6282.5, MMP25:6282.5, DCN:6282.5, TIMP2:6282.5, LAMA3:6282.5, CAPN6:6282.5, CAPN3:6282.5, TLL2:6282.5, CAPN15:6282.5, NID1:6282.5, MMP24:6282.5, CAPN9:6282.5, FBN2:6282.5, CAPN10:6282.5, HSPG2:6282.5, ADAMTS16:6282.5, SCUBE3:6282.5, CAPN5:6282.5, ADAM8:6282.5, ADAMTS5:6282.5, MMP16:6282.5, CAPN2:6282.5, CAPN13:6282.5, ADAMTS9:6282.5, HTRA1:6282.5, BMP1:6282.5, CAPN12:6282.5, OPTC:6282.5, CAPNS2:6282.5, CTSD:10817, COL12A1:10943, FN1:11285, CTSB:11436, ADAM10:11589, KLK7:11813, ADAMTS8:11963, CAPNS1:11979, MMP11:12068, CAPN1:12129, PSEN1:12167, MMP14:12198, CTSS:12222, CDH1:12245, SPOCK3:12246, FBN1:12346, COL1A2:12472, SPP1:12609, COL17A1:12669, A2M:12693, CD44:12766, COL26A1:12979, COL6A3:13032, TMPRSS6:13167, TLL1:13331, CAPN7:13338, CAPN14:13392, COL5A3:13477, COL11A1:13537, MMP20:13648, COL19A1:13826, CAPN11:13869, PLG:14118, COL14A1:14120, ELANE:14334, COL6A6:14343, CASP3:14463, COL1A1:14936, COL2A1:15016, ADAM9:15094","Both",3
"REACTOME_EXTRACELLULAR_MATRIX_ORGANIZATION",-0.0321497919556172,0.0690497874609218,0.37392000026053,275,"PLEC:4, CAPN8:7, COL20A1:91, ADAM15:93, LAMA5:104, ITGB4:143, COL6A1:157, TNN:191, DMD:232, COL10A1:283, MMP10:321, COL6A2:404, ADAM17:468, ADAMTS18:609, MMP7:625, TIMP1:683, ITGA6:688, SCUBE1:707, ITGA3:715, ITGB7:716, LAMA4:754, LAMB1:774, P4HB:814, EMILIN3:834, COL4A6:848, ITGB3:935, MUSK:962, LAMB3:1056, ITGB5:1095, LAMA2:1141, CAST:1204, LAMC1:1230, BCAN:1233, LAMC2:1241, MMP9:1252, ADAMTS4:1292, LTBP1:1295, COL9A2:1306, COL9A3:1351, COL16A1:1368, COL8A2:1380, MMP17:1417, ADAMTS1:1453, EMILIN1:1454, SERPINH1:1473, SH3PXD2A:1512, COL11A2:1532, PXDN:1557, COL27A1:1725, ITGAL:6282.5, ITGA2B:6282.5, ACTN1:6282.5, TGFB2:6282.5, PDGFB:6282.5, SERPINE1:6282.5, VWF:6282.5, SPARC:6282.5, SDC1:6282.5, TGFB3:6282.5, SDC4:6282.5, THBS1:6282.5, APP:6282.5, ITGA10:6282.5, PRKCA:6282.5, JAM2:6282.5, F11R:6282.5, ITGB2:6282.5, ITGA5:6282.5, SDC3:6282.5, ITGA2:6282.5, KLKB1:6282.5, JAM3:6282.5, SDC2:6282.5, ITGAM:6282.5, BSG:6282.5, PDGFA:6282.5, ITGA1:6282.5, PTPRS:6282.5, NRXN1:6282.5, FGF2:6282.5, FURIN:6282.5, NCSTN:6282.5, NTN4:6282.5, COL4A4:6282.5, MMP2:6282.5, COL9A1:6282.5, BMP4:6282.5, COL5A1:6282.5, COL4A2:6282.5, ITGA9:6282.5, NCAM1:6282.5, COL3A1:6282.5, COL4A3:6282.5, COL6A5:6282.5, DAG1:6282.5, COL4A1:6282.5, COL4A5:6282.5, AGRN:6282.5, COL5A2:6282.5, MMP3:6282.5, ICAM3:6282.5, ICAM5:6282.5, CTSK:6282.5, COL23A1:6282.5, MMP15:6282.5, COL7A1:6282.5, MMP8:6282.5, MMP19:6282.5, MMP13:6282.5, COL8A1:6282.5, PHYKPL:6282.5, COL18A1:6282.5, COL25A1:6282.5, COL13A1:6282.5, COL15A1:6282.5, MMP12:6282.5, MMP25:6282.5, DCN:6282.5, TIMP2:6282.5, LAMA3:6282.5, CAPN6:6282.5, CAPN3:6282.5, TLL2:6282.5, CAPN15:6282.5, NID1:6282.5, MMP24:6282.5, CAPN9:6282.5, FBN2:6282.5, CAPN10:6282.5, HSPG2:6282.5, ADAMTS16:6282.5, SCUBE3:6282.5, CAPN5:6282.5, ADAM8:6282.5, ADAMTS5:6282.5, MMP16:6282.5, CAPN2:6282.5, CAPN13:6282.5, ADAMTS9:6282.5, HTRA1:6282.5, BMP1:6282.5, CAPN12:6282.5, OPTC:6282.5, CAPNS2:6282.5, IBSP:6282.5, MFAP3:6282.5, VCAN:6282.5, TNC:6282.5, LAMC3:6282.5, ITGA8:6282.5, PLOD1:6282.5, ADAMTS2:6282.5, LTBP4:6282.5, P3H2:6282.5, BMP7:6282.5, ITGB8:6282.5, PLOD3:6282.5, ASPN:6282.5, P3H3:6282.5, ITGB6:6282.5, EFEMP1:6282.5, TNR:6282.5, P3H1:6282.5, TTR:6282.5, LTBP2:6282.5, P4HA1:6282.5, COL21A1:6282.5, LOXL1:6282.5, MATN3:6282.5, ADAM19:6282.5, ITGA7:6282.5, DDR1:6282.5, ITGA11:6282.5, LOXL4:6282.5, ADAMTS14:6282.5, LUM:6282.5, FBLN5:6282.5, HAPLN1:6282.5, P4HA3:6282.5, ADAMTS3:6282.5, ITGAD:6282.5, MATN1:6282.5, DDR2:6282.5, BMP10:6282.5, FBLN2:6282.5, PCOLCE2:6282.5, PPIB:6282.5, LTBP3:6282.5, CRTAP:6282.5, COL24A1:6282.5, LAMB2:6282.5, EFEMP2:6282.5, CD151:6282.5, BGN:6282.5, COLGALT2:6282.5, ADAM12:10804, CTSD:10817, FGB:10930, COL12A1:10943, CD47:11140, PLOD2:11151, FN1:11285, VTN:11420, CTSB:11436, ADAM10:11589, MATN4:11766, KLK7:11813, ITGAE:11874, ADAMTS8:11963, P4HA2:11969, MFAP4:11978, CAPNS1:11979, ITGAV:12046, FMOD:12064, BMP2:12066, MMP11:12068, CAPN1:12129, ITGB1:12155, PSEN1:12167, COL28A1:12190, PCOLCE:12193, MMP14:12198, CTSS:12222, CDH1:12245, SPOCK3:12246, FBN1:12346, GDF5:12421, LOXL2:12454, COL1A2:12472, EMILIN2:12582, LOXL3:12583, SPP1:12609, COL17A1:12669, A2M:12693, KDR:12705, ITGA4:12724, CD44:12766, COLGALT1:12841, LOX:12973, COL26A1:12979, COL6A3:13032, FBLN1:13046, TMPRSS6:13167, COMP:13187, TGFB1:13316, TLL1:13331, CAPN7:13338, CAPN14:13392, DST:13394, MFAP5:13405, PECAM1:13469, COL5A3:13477, COL11A1:13537, ICAM2:13599, MMP20:13648, COL19A1:13826, CAPN11:13869, LRP4:13870, LAMA1:13901, TRAPPC4:14041, PLG:14118, COL14A1:14120, ELANE:14334, COL6A6:14343, CASP3:14463, MFAP2:14505, ICAM1:14774, VCAM1:14874, NCAN:14905, ITGAX:14914, COL1A1:14936, COL2A1:15016, FGG:15049, ICAM4:15059, ADAM9:15094","Both",3
"REACTOME_COLLAGEN_FORMATION",-0.0538513548655536,0.0833815038001191,0.39908515763601,87,"PLEC:4, COL20A1:91, ITGB4:143, COL6A1:157, COL10A1:283, COL6A2:404, MMP7:625, ITGA6:688, P4HB:814, COL4A6:848, LAMB3:1056, LAMC2:1241, MMP9:1252, COL9A2:1306, COL9A3:1351, COL16A1:1368, COL8A2:1380, SERPINH1:1473, COL11A2:1532, PXDN:1557, COL27A1:1725, COL4A4:6282.5, COL9A1:6282.5, COL5A1:6282.5, COL4A2:6282.5, COL3A1:6282.5, COL4A3:6282.5, COL6A5:6282.5, COL4A1:6282.5, COL4A5:6282.5, COL5A2:6282.5, MMP3:6282.5, COL23A1:6282.5, COL7A1:6282.5, MMP13:6282.5, COL8A1:6282.5, COL18A1:6282.5, COL25A1:6282.5, COL13A1:6282.5, COL15A1:6282.5, LAMA3:6282.5, TLL2:6282.5, BMP1:6282.5, PLOD1:6282.5, ADAMTS2:6282.5, P3H2:6282.5, PLOD3:6282.5, P3H3:6282.5, P3H1:6282.5, P4HA1:6282.5, COL21A1:6282.5, LOXL1:6282.5, LOXL4:6282.5, ADAMTS14:6282.5, P4HA3:6282.5, ADAMTS3:6282.5, PCOLCE2:6282.5, PPIB:6282.5, CRTAP:6282.5, COL24A1:6282.5, CD151:6282.5, COLGALT2:6282.5, COL12A1:10943, PLOD2:11151, CTSB:11436, P4HA2:11969, COL28A1:12190, PCOLCE:12193, CTSS:12222, LOXL2:12454, COL1A2:12472, LOXL3:12583, COL17A1:12669, COLGALT1:12841, LOX:12973, COL26A1:12979, COL6A3:13032, TLL1:13331, DST:13394, COL5A3:13477, COL11A1:13537, MMP20:13648, COL19A1:13826, COL14A1:14120, COL6A6:14343, COL1A1:14936, COL2A1:15016","Both",3
"REACTOME_ACYL_CHAIN_REMODELING_OF_DAG_AND_TAG",-0.0275784753363228,0.800540518710351,0.931731039299625,7,"DGAT2:1104, AWAT2:1624, DGAT1:1685, PNPLA3:6282.5, MGLL:11983, PNPLA2:13841, DGAT2L6:14316","Unclear",0
"REACTOME_SYNTHESIS_OF_PG",-0.111563100576553,0.306764573109498,0.673563415176987,7,"PLD4:1077, PLD2:1457, PLD1:6282.5, PGS1:6282.5, CDS2:6282.5, PLD3:6282.5, PTPMT1:14412","Unclear",0
"REACTOME_PI_METABOLISM",-0.0224920877133492,0.487855724528457,0.791285085325538,80,"RAB14:46, PIK3R5:237, SYNJ2:369, MTMR1:399, SBF1:456, INPP5F:618, GDPD3:1016, PLEKHA1:1189, PIK3R6:1518, INPP5E:1534, BMX:6282.5, PIK3R2:6282.5, PIK3CG:6282.5, PIK3CA:6282.5, PIK3R1:6282.5, PIK3C3:6282.5, PIK3CD:6282.5, PIP5K1C:6282.5, ARF1:6282.5, INPPL1:6282.5, PITPNB:6282.5, MTMR2:6282.5, MTMR7:6282.5, INPP4A:6282.5, MTMR9:6282.5, INPP4B:6282.5, OCRL:6282.5, SYNJ1:6282.5, INPP5J:6282.5, PIK3C2A:6282.5, PNPLA6:6282.5, PLEKHA5:6282.5, MTMR3:6282.5, VAC14:6282.5, PLEKHA8:6282.5, PIP5K1B:6282.5, MTMR4:6282.5, FIG4:6282.5, PIKFYVE:6282.5, PLEKHA3:6282.5, SBF2:6282.5, ARF3:6282.5, MTMR6:6282.5, PI4KB:6282.5, PLEKHA6:6282.5, TNFAIP8:6282.5, MTMR12:6282.5, PIP4K2A:6282.5, GDPD5:6282.5, TNFAIP8L2:6282.5, ENPP6:6282.5, PIP4P1:6282.5, PIP4K2C:6282.5, MTMR10:6282.5, MTM1:6282.5, RUFY1:6282.5, TNFAIP8L3:6282.5, TNFAIP8L1:6282.5, PIP4K2B:6282.5, PIK3C2B:10954, PIK3R4:11306, INPP5D:11828, SACM1L:12139, PIP5K1A:12382, PIK3R3:12489, PIK3CB:12691, PIK3C2G:12764, MTMR14:12770, PLEKHA2:12965, PLEKHA4:13079, PTPN13:13391, PI4KA:13451, GDPD1:13512, PNPLA7:13665, TPTE:13842, INPP5K:13987, TPTE2:14321, PI4K2B:14549, GDE1:14671, PI4K2A:14871","Vertivore",2
"REACTOME_DAG_AND_IP3_SIGNALING",-0.06758276837017,0.155309935052395,0.523408996073773,37,"CAMK2B:23, ADCY1:241, NBEA:606, PDE1B:830, ADCY2:835, ADCY8:981, PLCG1:1240, ITPR1:1309, ADCY3:1563, PRKAR2B:6282.5, PRKAR1A:6282.5, PDE1A:6282.5, ITPR2:6282.5, PRKCG:6282.5, PRKCA:6282.5, PRKCE:6282.5, PRKAR1B:6282.5, CAMKK1:6282.5, CAMK2A:6282.5, CAMKK2:6282.5, ADCY7:6282.5, CAMK2G:6282.5, PDE1C:6282.5, ADCY9:6282.5, GRK2:6282.5, ADCY5:6282.5, ADCY6:6282.5, PRKACA:10858, CAMK4:11388, ADCY4:11732, ITPR3:11892, PRKACB:12035, CAMK2D:12869, KPNA2:13181, PRKAR2A:13940, PRKCD:14207, PRKX:14895","Herbivore",1
"REACTOME_MEIOSIS",-0.116080735050459,0.00052519038345482,0.0210426280304231,75,"UBE2I:15, H4C15:49, H4C14:85, H4C3:171, H4C2:238, SYNE1:265, H4C13:295, H2BC15:350, H3C13:387, BLM:414, TOP3A:519, H3C11:588, DIDO1:827, MSH5:979, H2AC20:1105, H3C10:1224, MLH1:1239, ATM:1269, H2AC4:1330, H3C8:1344, H3C4:1469, RPA1:1675, MRE11:1742, LMNB1:6282.5, LMNA:6282.5, CDK2:6282.5, H3C1:6282.5, RPA2:6282.5, TINF2:6282.5, TERF1:6282.5, H4C8:6282.5, TERF2IP:6282.5, H2BC4:6282.5, H2BC21:6282.5, H4C11:6282.5, H2BC9:6282.5, H2AC14:6282.5, BRCA1:6282.5, SYNE2:6282.5, FKBP6:6282.5, SMC1B:6282.5, SUN2:6282.5, REC8:6282.5, STAG2:6282.5, STAG1:6282.5, HSPA2:6282.5, TEX12:6282.5, SYCE2:6282.5, SUN1:6282.5, SYCP2:6282.5, SYCE3:6282.5, SPO11:6282.5, RBBP8:6282.5, NBN:6282.5, RAD50:6282.5, MLH3:6282.5, MND1:6282.5, PSMC3IP:6282.5, BRCA2:6282.5, CDK4:10976, DMC1:11054, STAG3:11272, ATR:11303, TEX15:11708, H4C1:11869, RAD21:12186, SYCP1:12795, RAD51C:12796, MSH4:12923, ACD:13368, POT1:13500, RPA3:13748, H3C2:14121, TERF2:14700, H3-3A:15088","Both",3
"REACTOME_CELL_CELL_COMMUNICATION",-0.0513082452923543,0.056162543094022,0.352826011144675,117,"PLEC:4, ITGB4:143, AFDN:264, ACTG1:418, KIRREL1:541, IQGAP1:558, CLDN22:560, CDH6:572, ITGA6:688, SDK1:856, LAMB3:1056, CDH4:1225, LAMC2:1241, ARHGEF6:1661, SPTAN1:1669, SFTPA2:1707, CLDN14:1711, SDK2:1773, PTPN11:6282.5, PTK2:6282.5, ACTN1:6282.5, ACTB:6282.5, ACTN2:6282.5, PIK3R2:6282.5, PTPN6:6282.5, PIK3CA:6282.5, ACTN4:6282.5, PIK3R1:6282.5, F11R:6282.5, FLNA:6282.5, SRC:6282.5, CTNNA1:6282.5, NCK2:6282.5, SPTBN1:6282.5, CDH15:6282.5, NCK1:6282.5, CDH2:6282.5, JUP:6282.5, CLDN7:6282.5, KRT5:6282.5, KRT14:6282.5, PTK2B:6282.5, FYB1:6282.5, NECTIN2:6282.5, LAMA3:6282.5, CD151:6282.5, SKAP2:6282.5, CDH10:6282.5, LIMS2:6282.5, CDH17:6282.5, CDH7:6282.5, PXN:6282.5, PARD6A:6282.5, CLDN15:6282.5, TESK1:6282.5, NECTIN1:6282.5, CDH9:6282.5, NPHS2:6282.5, SFTPA1:6282.5, PARD6B:6282.5, KIRREL2:6282.5, FLNC:6282.5, PATJ:6282.5, CDH11:6282.5, CDH13:6282.5, NECTIN4:6282.5, RSU1:6282.5, KIRREL3:6282.5, CDH8:6282.5, CDH12:6282.5, CLDN17:6282.5, CLDN8:6282.5, CLDN12:6282.5, FBLIM1:6282.5, CADM3:6282.5, CLDN1:6282.5, PRKCI:6282.5, CLDN19:6282.5, ILK:6282.5, LIMS1:6282.5, CLDN20:6282.5, CADM2:6282.5, PARD6G:6282.5, CDH5:6282.5, CADM1:6282.5, CLDN5:6282.5, PARVB:6282.5, CLDN9:6282.5, ACTN3:6282.5, CLDN23:6282.5, CTNND1:11015, NECTIN3:11110, CD47:11140, CLDN3:11174, CDH18:11282, CLDN2:11385, CLDN11:11543, PARD3:11871, CLDN6:11928, ITGB1:12155, FERMT2:12229, CDH1:12245, COL17A1:12669, PIK3CB:12691, CLDN10:12939, CLDN4:13004, CLDN18:13128, MAGI2:13162, DST:13394, CDH3:13538, NPHS1:13764, VASP:13772, WASL:14429, TYROBP:14731, CD2AP:14791, CRB3:15056, CLDN16:15098","Both",3
"REACTOME_SIGNALING_BY_ACTIVIN",-0.127900811615482,0.14197372981682,0.502904980078049,11,"ACVR2B:1043, MAPK3:6282.5, ACVR1C:6282.5, ACVR1B:6282.5, SMAD4:6282.5, FOXH1:6282.5, DRAP1:6282.5, FSTL3:6282.5, INHBA:6282.5, FST:6282.5, INHBB:6282.5","Unclear",0
"REACTOME_AMINO_ACID_CONJUGATION",-0.0091010984084286,0.94381710027669,0.98895795744384,5,"GLYATL3:1155, ACSM5:1485, ACSM4:11682, ACSM2A:11703, ACSM2B:12012","Unclear",0
"REACTOME_EUKARYOTIC_TRANSLATION_ELONGATION",-0.0772796890696794,0.0872455816173337,0.402615170888804,41,"RPS27A:59, RPL34:66, RPL19:69, UBA52:103, RPS26:138, RPL31:169, RPS7:178, RPS23:180, RPL8:184, RPS17:201, RPL17:206, EEF1D:650, RPL13:905, RPS5:6282.5, RPLP0:6282.5, RPL3:6282.5, RPS10:6282.5, RPL3L:6282.5, RPS2:6282.5, RPL32:6282.5, RPL10L:6282.5, RPL38:6282.5, RPL15:6282.5, RPLP2:6282.5, RPS27L:6282.5, RPL14:6282.5, RPL36A:6282.5, EEF1A1:6282.5, EEF1G:6282.5, EEF2:11986, RPL7:12006, RPL6:12073, RPL4:12176, RPS3:12824, RPL9:12853, EEF1B2:14137, RPS15:14780, RPS27:14996, RPS15A:15066, RPS14:15087, RPL23:15099","Herbivore",1
"REACTOME_SIGNALING_BY_NOTCH",-0.0333646077216178,0.148663043212087,0.518451580099407,159,"H4C15:49, RPS27A:59, SKP1:68, H4C14:85, UBA52:103, ACTA2:121, H4C3:171, JAG2:219, H4C2:238, H4C13:295, H2BC15:350, H3C13:387, ADAM17:468, ST3GAL3:480, H3C11:588, NBEA:606, MAML2:776, DNER:993, H2AC20:1105, PSMB9:1148, H3C10:1224, LFNG:1229, H2AC4:1330, H3C8:1344, TNRC6C:1376, H3C4:1469, MAML3:1616, MAMLD1:1665, STAT1:6282.5, PSMD5:6282.5, PSMB5:6282.5, PSMD3:6282.5, PSMD9:6282.5, PSMF1:6282.5, PSMB2:6282.5, PSMA1:6282.5, PSME3:6282.5, TP53:6282.5, AKT1:6282.5, PSMB6:6282.5, PSMD4:6282.5, PSMB4:6282.5, PSMD6:6282.5, UBB:6282.5, PSMD13:6282.5, PSMD12:6282.5, TFDP1:6282.5, PSMB8:6282.5, PSMB10:6282.5, ATP2A3:6282.5, ARRB1:6282.5, ARRB2:6282.5, ATP2A2:6282.5, H3C1:6282.5, H4C8:6282.5, H2BC4:6282.5, H2BC21:6282.5, H4C11:6282.5, H2BC9:6282.5, H2AC14:6282.5, FURIN:6282.5, EGFR:6282.5, CREBBP:6282.5, NCOR1:6282.5, NCSTN:6282.5, TBL1X:6282.5, KAT2A:6282.5, MYC:6282.5, NOTCH1:6282.5, MAML1:6282.5, RBPJ:6282.5, JUN:6282.5, NCOR2:6282.5, DLL1:6282.5, FCER2:6282.5, CCND1:6282.5, MIB2:6282.5, PRKCI:6282.5, TACC3:6282.5, FLT4:6282.5, HDAC7:6282.5, TLE2:6282.5, HDAC4:6282.5, SEL1L:6282.5, TNRC6A:6282.5, HDAC6:6282.5, MFNG:6282.5, HDAC10:6282.5, POFUT1:6282.5, JAG1:6282.5, NEURL1:6282.5, DTX4:6282.5, ST3GAL4:6282.5, E2F3:6282.5, WWC1:6282.5, DLGAP5:6282.5, DLL4:6282.5, NOTCH2:6282.5, DTX1:6282.5, HEY2:6282.5, TLE3:6282.5, MOV10:6282.5, POGLUT1:6282.5, ELF3:6282.5, HEY1:6282.5, RFNG:6282.5, DLK1:6282.5, IKZF1:6282.5, TLE1:6282.5, HES5:6282.5, WWP2:6282.5, NOTCH4:6282.5, NEURL1B:6282.5, SNW1:10866, TLE4:10979, NUMB:11122, FABP7:11207, NOTCH3:11295, PSMD10:11350, EP300:11369, PSMD1:11428, PSMB1:11506, ADAM10:11589, PSMB7:11603, TNRC6B:11613, HDAC5:11643, H4C1:11869, SEM1:11957, PSEN2:11958, PSMD8:12029, PSEN1:12167, HDAC1:12354, CNTN1:12506, HEYL:12680, EGF:12763, AGO1:12768, TFDP2:12914, HIF1A:13088, ATP2A1:13148, E2F1:13388, HDAC9:13513, PLXND1:13669, DTX2:13713, KAT2B:13850, ITCH:14022, APH1B:14076, H3C2:14121, FBXW7:14228, PSMD2:14237, MIB1:14293, PSME2:14297, PSME1:14419, B4GALT1:14421, RUNX1:14469, HDAC8:14606, ST3GAL6:14615, SIRT6:14689, HDAC11:15011, H3-3A:15088","Both",3
"REACTOME_TELOMERE_MAINTENANCE",-0.0960700383617286,0.00798598793586021,0.129112281306318,64,"POLR2J:39, H4C15:49, H4C14:85, POLD2:160, H4C3:171, LIG1:198, H4C2:238, RTEL1:276, H4C13:295, WRAP53:324, H2BC15:350, BLM:414, POLA2:546, H2AC20:1105, H2AC4:1330, FEN1:1640, RPA1:1675, CDK2:6282.5, RFC1:6282.5, RFC2:6282.5, POLD1:6282.5, POLD3:6282.5, RFC5:6282.5, RPA2:6282.5, RFC3:6282.5, RFC4:6282.5, POLD4:6282.5, TINF2:6282.5, TERF1:6282.5, H4C8:6282.5, TERF2IP:6282.5, H2BC4:6282.5, H2BC21:6282.5, H4C11:6282.5, H2BC9:6282.5, H2AC14:6282.5, POLA1:6282.5, PRIM1:6282.5, CCNA1:6282.5, ATRX:6282.5, PPP6R3:6282.5, PPP6C:6282.5, CHTF18:6282.5, DKC1:6282.5, DSCC1:6282.5, DNA2:6282.5, SHQ1:6282.5, NHP2:6282.5, WRN:6282.5, TEN1:6282.5, POLR2F:11153, ANKRD28:11340, H4C1:11869, PRIM2:12121, PIF1:12518, CHTF8:12778, CCNA2:13232, ACD:13368, POT1:13500, CTC1:13688, RPA3:13748, TERF2:14700, DAXX:14999, H3-3A:15088","Both",3
"REACTOME_GAP_JUNCTION_TRAFFICKING_AND_REGULATION",-0.0231386176116994,0.608629504690483,0.854849423976206,41,"ACTG1:418, TUBB4A:543, GJC1:661, TUBA4A:786, GJA10:1228, GJA9:1366, TJP1:6282.5, ACTB:6282.5, TUBB1:6282.5, TUBA1B:6282.5, TUBB2A:6282.5, TUBB2B:6282.5, TUBAL3:6282.5, TUBA8:6282.5, TUBB4B:6282.5, SRC:6282.5, GJD2:6282.5, AP2M1:6282.5, MYO6:6282.5, DNM2:6282.5, DNM1:6282.5, CLTA:6282.5, CLTB:6282.5, GJA8:6282.5, GJA1:6282.5, GJB7:6282.5, GJD4:6282.5, GJA4:6282.5, GJB5:6282.5, GJB4:6282.5, GJC2:6282.5, GJB3:12424, TUBA1A:12546, GJA5:13083, GJA3:13614, GJB6:13752, DAB2:14296, GJB2:14673, CLTCL1:14961, TUBB8B:15090, TUBB8:15095","Both",3
"REACTOME_TRANSPORT_OF_THE_SLBP_DEPENDANT_MATURE_MRNA",-0.0225073973079601,0.664776288250142,0.878387071192497,31,"NUP88:192, NUP153:528, NUP50:643, RAE1:1313, NUP214:1425, NCBP1:6282.5, TPR:6282.5, NDC1:6282.5, AAAS:6282.5, NUP188:6282.5, NUP93:6282.5, NUP155:6282.5, NUP43:6282.5, NUP210:6282.5, NUP58:6282.5, EIF4E:6282.5, SEC13:6282.5, NUP35:6282.5, NUP62:6282.5, SLBP:6282.5, ALYREF:6282.5, NUP205:10887, NUP160:11681, NUP37:11698, NUP85:11843, NUP107:12122, NUP42:12532, NUP54:12910, NUP98:13246, NUP133:13372, SEH1L:14240","Both",3
"REACTOME_TRANSPORT_OF_MATURE_MRNAS_DERIVED_FROM_INTRONLESS_TRANSCRIPTS",-0.0155413005806707,0.743835900111044,0.906785752468028,37,"NUP88:192, NUP153:528, NUP50:643, RAE1:1313, NUP214:1425, NCBP1:6282.5, TPR:6282.5, NDC1:6282.5, AAAS:6282.5, NUP188:6282.5, NUP93:6282.5, NUP155:6282.5, NUP43:6282.5, NUP210:6282.5, NUP58:6282.5, EIF4E:6282.5, SEC13:6282.5, NUP35:6282.5, NUP62:6282.5, SLBP:6282.5, ALYREF:6282.5, CPSF1:6282.5, CPSF3:6282.5, WDR33:6282.5, CPSF2:6282.5, FIP1L1:10812, NUP205:10887, NUP160:11681, NUP37:11698, NUP85:11843, NUP107:12122, SYMPK:12515, NUP42:12532, NUP54:12910, NUP98:13246, NUP133:13372, SEH1L:14240","Both",3
"REACTOME_ACTIVATION_OF_MATRIX_METALLOPROTEINASES",-0.0761602015703738,0.206385656171727,0.577815742356559,23,"MMP10:321, MMP7:625, TIMP1:683, MMP9:1252, MMP17:1417, KLKB1:6282.5, FURIN:6282.5, MMP2:6282.5, MMP3:6282.5, CTSK:6282.5, MMP15:6282.5, MMP8:6282.5, MMP13:6282.5, COL18A1:6282.5, MMP25:6282.5, TIMP2:6282.5, MMP24:6282.5, MMP16:6282.5, MMP11:12068, MMP14:12198, SPOCK3:12246, PLG:14118, ELANE:14334","Unclear",0
"REACTOME_REMOVAL_OF_AMINOTERMINAL_PROPEPTIDES_FROM_GAMMA_CARBOXYLATED_PROTEINS",-0.0855556801614893,0.348944808909201,0.703949987072684,10,"F10:775, F7:6282.5, F9:6282.5, F2:6282.5, GAS6:6282.5, PROS1:6282.5, FURIN:6282.5, PROZ:6282.5, BGLAP:6282.5, PROC:13358","Unclear",0
"REACTOME_GAMMA_CARBOXYLATION_TRANSPORT_AND_AMINO_TERMINAL_CLEAVAGE_OF_PROTEINS",-0.0456584689424528,0.600123296437036,0.851494942848775,11,"F10:775, F7:6282.5, F9:6282.5, F2:6282.5, GAS6:6282.5, PROS1:6282.5, FURIN:6282.5, PROZ:6282.5, BGLAP:6282.5, GGCX:13077, PROC:13358","Unclear",0
"REACTOME_SULFIDE_OXIDATION_TO_SULFATE",-0.00659492583043753,0.955391310619492,0.99286485149477,6,"ETHE1:6282.5, TST:6282.5, SQOR:6282.5, SLC25A10:6282.5, TSTD1:6282.5, SUOX:14354","Unclear",0
"REACTOME_HIV_LIFE_CYCLE",-0.00492350378842998,0.854593683325308,0.95171859853955,117,"POLR2J:39, ELOC:51, RPS27A:59, RAN:71, UBA52:103, NUP88:192, LIG1:198, XRCC5:317, NUP153:528, NUP50:643, CHMP6:1221, RAE1:1313, NEDD4L:1348, NUP214:1425, FEN1:1640, LIG4:1739, NMT1:6282.5, UBB:6282.5, PPIA:6282.5, ELOA:6282.5, MNAT1:6282.5, CTDP1:6282.5, CCNT2:6282.5, NELFCD:6282.5, ERCC2:6282.5, GTF2H3:6282.5, GTF2F1:6282.5, CCNT1:6282.5, CDK9:6282.5, NCBP1:6282.5, ERCC3:6282.5, NELFA:6282.5, TCEA1:6282.5, GTF2F2:6282.5, NELFB:6282.5, NELFE:6282.5, GTF2H4:6282.5, TPR:6282.5, NDC1:6282.5, AAAS:6282.5, NUP188:6282.5, NUP93:6282.5, NUP155:6282.5, NUP43:6282.5, NUP210:6282.5, NUP58:6282.5, SEC13:6282.5, NUP35:6282.5, NUP62:6282.5, FURIN:6282.5, CD4:6282.5, CCR5:6282.5, VTA1:6282.5, TAF2:6282.5, TSG101:6282.5, RANGAP1:6282.5, CHMP4B:6282.5, TAF6:6282.5, TBP:6282.5, VPS37B:6282.5, MVB12A:6282.5, XRCC4:6282.5, NMT2:6282.5, VPS37A:6282.5, VPS28:6282.5, CHMP4C:6282.5, PSIP1:6282.5, GTF2A1:6282.5, TAF3:6282.5, VPS37C:6282.5, PDCD6IP:6282.5, VPS37D:6282.5, TAF7:6282.5, TAF9B:6282.5, XRCC6:6282.5, MVB12B:6282.5, CHMP4A:6282.5, TAF9:6282.5, NUP205:10887, TAF11:10914, POLR2F:11153, TAF1:11362, CHMP7:11424, SSRP1:11426, UBAP1:11474, TAF4B:11478, CHMP3:11536, NUP160:11681, NUP37:11698, CCNK:11699, TAF10:11814, NUP85:11843, SUPT5H:11855, VPS4A:11911, NUP107:12122, NUP42:12532, CCNH:12886, NUP54:12910, CDK7:12964, SUPT16H:13095, RANBP1:13119, RNGTT:13196, NUP98:13246, NUP133:13372, TAF5:13380, RCC1:13385, VPS4B:13459, GTF2E1:13553, GTF2H1:13587, CXCR4:13593, GTF2E2:13825, TAF15:13863, SEH1L:14240, GTF2H2:14391, RNMT:14547, TAF7L:14844, ELL:14870","Herbivore",1
"REACTOME_BUDDING_AND_MATURATION_OF_HIV_VIRION",-0.079743719345539,0.176567420473779,0.541479737252854,24,"RPS27A:59, UBA52:103, CHMP6:1221, NEDD4L:1348, UBB:6282.5, PPIA:6282.5, VTA1:6282.5, TSG101:6282.5, CHMP4B:6282.5, VPS37B:6282.5, MVB12A:6282.5, VPS37A:6282.5, VPS28:6282.5, CHMP4C:6282.5, VPS37C:6282.5, PDCD6IP:6282.5, VPS37D:6282.5, MVB12B:6282.5, CHMP4A:6282.5, CHMP7:11424, UBAP1:11474, CHMP3:11536, VPS4A:11911, VPS4B:13459","Herbivore",1
"REACTOME_INTEGRATION_OF_PROVIRUS",-0.209916676007921,0.0749935728038017,0.385223395342605,6,"XRCC5:317, LIG4:1739, PPIA:6282.5, XRCC4:6282.5, PSIP1:6282.5, XRCC6:6282.5","Unclear",0
"REACTOME_EARLY_PHASE_OF_HIV_LIFE_CYCLE",-0.177158530119499,0.0419487507264683,0.31645856719591,11,"LIG1:198, XRCC5:317, FEN1:1640, LIG4:1739, PPIA:6282.5, CD4:6282.5, CCR5:6282.5, XRCC4:6282.5, PSIP1:6282.5, XRCC6:6282.5, CXCR4:13593","Vertivore",2
"REACTOME_ATTACHMENT_OF_GPI_ANCHOR_TO_UPAR",-0.230616896461533,0.0504554985380796,0.334453175971167,6,"GPAA1:224, PIGT:665, PIGS:1106, PGAP1:1767, PIGK:6282.5, PLAUR:14811","Herbivore",1
"REACTOME_HOST_INTERACTIONS_OF_HIV_FACTORS",-0.0101915619271583,0.734859680216352,0.904799102939707,93,"ELOC:51, RPS27A:59, SKP1:68, RAN:71, UBA52:103, NUP88:192, NUP153:528, NUP50:643, PSMB9:1148, RAE1:1313, NUP214:1425, PSMB11:1646, PSMD5:6282.5, PSMB5:6282.5, PSMD3:6282.5, PSMD9:6282.5, PSMF1:6282.5, PSMB2:6282.5, PSMA1:6282.5, PSME3:6282.5, PSMB6:6282.5, PSMA8:6282.5, PSMD4:6282.5, PSMB4:6282.5, PSMD6:6282.5, UBB:6282.5, PAK2:6282.5, PSMD13:6282.5, PSMD12:6282.5, PSMB8:6282.5, PSMB10:6282.5, DOCK2:6282.5, LCK:6282.5, PPIA:6282.5, AP2M1:6282.5, AP2A2:6282.5, CCNT1:6282.5, CDK9:6282.5, TPR:6282.5, NDC1:6282.5, AAAS:6282.5, NUP188:6282.5, NUP93:6282.5, NUP155:6282.5, NUP43:6282.5, NUP210:6282.5, NUP58:6282.5, SEC13:6282.5, NUP35:6282.5, NUP62:6282.5, ATP6V1H:6282.5, B2M:6282.5, CD4:6282.5, HCK:6282.5, ARF1:6282.5, AP1S3:6282.5, AP1G1:6282.5, CD8B:6282.5, AP1S2:6282.5, CD247:6282.5, RANGAP1:6282.5, PSIP1:6282.5, ELMO1:6282.5, NPM1:6282.5, NUP205:10887, PSMD10:11350, PSMD1:11428, PSMB1:11506, BTRC:11532, PSMB7:11603, NUP160:11681, NUP37:11698, PSME4:11744, NUP85:11843, SEM1:11957, PSMD8:12029, NUP107:12122, AP2A1:12312, NUP42:12532, NUP54:12910, RANBP1:13119, NUP98:13246, NUP133:13372, RCC1:13385, PACS1:13683, AP1M2:13687, PSMD2:14237, SEH1L:14240, PSME2:14297, PSME1:14419, CD28:14438, AP1B1:14536, SLC25A4:14654","Herbivore",1
"REACTOME_GLYCOSAMINOGLYCAN_METABOLISM",-0.018236858776208,0.49365725236431,0.791549227628984,119,"CEMIP:3, CSPG4:128, DSE:349, ST3GAL3:480, OGN:501, HS3ST2:976, CHST2:1024, DSEL:1071, SGSH:1191, BCAN:1233, CSPG5:1341, PAPSS1:1409, EXT2:1589, EXT1:1682, GPC1:6282.5, SDC1:6282.5, SDC4:6282.5, SDC3:6282.5, SDC2:6282.5, AGRN:6282.5, DCN:6282.5, HSPG2:6282.5, VCAN:6282.5, LUM:6282.5, BGN:6282.5, SLC26A1:6282.5, SLC26A2:6282.5, SLC35B2:6282.5, PAPSS2:6282.5, ST3GAL4:6282.5, HS3ST1:6282.5, ST3GAL1:6282.5, IDS:6282.5, XYLT2:6282.5, B4GALT7:6282.5, CHPF2:6282.5, NDST1:6282.5, HMMR:6282.5, GPC4:6282.5, SLC9A1:6282.5, HAS3:6282.5, XYLT1:6282.5, HAS1:6282.5, B3GAT1:6282.5, B3GAT2:6282.5, ARSB:6282.5, ABCC5:6282.5, B4GALT2:6282.5, B4GALT6:6282.5, B4GALT4:6282.5, CHST3:6282.5, CHPF:6282.5, IDUA:6282.5, SLC35D2:6282.5, CHSY1:6282.5, GNS:6282.5, STAB2:6282.5, CHST12:6282.5, HS6ST1:6282.5, GLCE:6282.5, NDST4:6282.5, GALNS:6282.5, CHST7:6282.5, GPC3:6282.5, CSGALNACT1:6282.5, B3GAT3:6282.5, CHST9:6282.5, B4GALT3:6282.5, HS3ST6:6282.5, GLB1L:6282.5, NDST3:6282.5, HGSNAT:6282.5, CHST14:6282.5, HAS2:6282.5, HPSE2:6282.5, B4GAT1:6282.5, CHST1:6282.5, GPC5:6282.5, B3GNT3:6282.5, CHST15:6282.5, HS3ST4:6282.5, GPC6:6282.5, HS6ST3:6282.5, HYAL3:6282.5, PRELP:6282.5, CHSY3:6282.5, GPC2:6282.5, HEXA:6282.5, B3GNT7:10868, HS3ST5:10992, HYAL2:11432, HS6ST2:11735, NAGLU:11811, HS2ST1:11862, CHST11:11903, CHST6:11938, FMOD:12064, KERA:12251, OMD:12326, SLC35B3:12456, CD44:12766, NDST2:12826, HYAL1:12971, B4GALT5:13067, UST:13365, B3GNT2:13511, HPSE:13905, GUSB:14058, GLB1:14192, CSGALNACT2:14231, B4GALT1:14421, ST3GAL2:14528, CHST13:14537, ST3GAL6:14615, LYVE1:14674, B3GNT4:14679, B3GALT6:14843, NCAN:14905, HEXB:14977","Both",3
"REACTOME_POST_TRANSLATIONAL_MODIFICATION_SYNTHESIS_OF_GPI_ANCHORED_PROTEINS",-0.0156650813346494,0.644283126996262,0.864092505671469,73,"PIGM:116, GPAA1:224, FOLR2:348, LYPD2:614, PIGT:665, FCGR3B:978, LY6H:1080, PIGS:1106, TECTA:1179, DPM3:1272, PGAP1:1767, GPLD1:1769, PIGV:6282.5, PIGL:6282.5, PIGZ:6282.5, PIGC:6282.5, PIGO:6282.5, PIGG:6282.5, PIGP:6282.5, PIGN:6282.5, PIGK:6282.5, BST1:6282.5, MDGA1:6282.5, VNN2:6282.5, CNTN3:6282.5, XPNPEP2:6282.5, RECK:6282.5, LYPD3:6282.5, TEX101:6282.5, MDGA2:6282.5, CNTN4:6282.5, CNTN5:6282.5, LYPD1:6282.5, LYPD6B:6282.5, THY1:6282.5, ART3:6282.5, LY6E:6282.5, MELTF:6282.5, PSCA:6282.5, LY6D:6282.5, PRND:6282.5, SPACA4:6282.5, NTM:6282.5, IZUMO1R:6282.5, OPCML:6282.5, RTN4RL1:6282.5, RTN4RL2:6282.5, NTNG2:6282.5, LY6G6C:6282.5, ART4:10857, SPRN:10884, GP2:10924, OTOA:10963, TECTB:11047, DPM2:11204, NTNG1:11408, ALPL:11451, CPM:11713, NEGR1:11947, NRN1L:12238, NRN1:12453, PIGX:12468, LYPD5:12535, CD109:12902, VNN1:13131, PIGA:13985, PIGF:13993, PIGB:14086, PIGH:14350, LYPD4:14441, DPM1:14552, PIGW:14777, PLAUR:14811","Herbivore",1
"REACTOME_GLUCAGON_SIGNALING_IN_METABOLIC_REGULATION",-0.0884311744677667,0.194189811336674,0.561781985098166,18,"ADCY1:241, ADCY2:835, ADCY8:981, ADCY3:1563, PRKAR2B:6282.5, PRKAR1A:6282.5, GNB3:6282.5, PRKAR1B:6282.5, ADCY7:6282.5, ADCY9:6282.5, ADCY5:6282.5, ADCY6:6282.5, GCG:6282.5, GCGR:6282.5, PRKACA:10858, ADCY4:11732, PRKACB:12035, PRKAR2A:13940","Unclear",0
"REACTOME_AMPK_INHIBITS_CHREBP_TRANSCRIPTIONAL_ACTIVATION_ACTIVITY",-0.0331175019621034,0.745695526773642,0.907825141642726,8,"PRKAA2:1324, PRKAG2:6282.5, ADIPOQ:6282.5, MLXIPL:6282.5, ADIPOR2:6282.5, STK11:6282.5, PRKAB2:11287, ADIPOR1:13862","Unclear",0
"REACTOME_INTEGRATION_OF_ENERGY_METABOLISM",-0.0654963185757626,0.046051938249489,0.323571288753899,78,"SNAP25:21, ADCY1:241, CACNB2:278, TKT:394, IQGAP1:558, CACNA1E:676, ADCY2:835, ADCY8:981, ITPR1:1309, PRKAA2:1324, ADCY3:1563, ADRA2C:1617, PKLR:1651, PRKAR2B:6282.5, GNA15:6282.5, GNB5:6282.5, RAPGEF3:6282.5, RAPGEF4:6282.5, PRKAR1A:6282.5, GNB3:6282.5, PPP2R5D:6282.5, ITPR2:6282.5, PPP2R1B:6282.5, ADRA2A:6282.5, PRKCA:6282.5, GNA14:6282.5, PRKAR1B:6282.5, ADCY7:6282.5, PLCB3:6282.5, ADCY9:6282.5, ADCY5:6282.5, ADCY6:6282.5, CACNA2D2:6282.5, STX1A:6282.5, PRKAG2:6282.5, ABCC8:6282.5, KCNB1:6282.5, KCNC2:6282.5, KCNS3:6282.5, KCNG2:6282.5, KCNJ11:6282.5, CACNA1D:6282.5, ADIPOQ:6282.5, INS:6282.5, TALDO1:6282.5, AGPAT1:6282.5, MLXIPL:6282.5, PFKFB1:6282.5, GCG:6282.5, GCGR:6282.5, ADIPOR2:6282.5, STK11:6282.5, ACSL4:6282.5, ACACB:6282.5, MLX:6282.5, GLP1R:6282.5, SLC2A1:6282.5, ACSL3:6282.5, SYT5:6282.5, ACLY:6282.5, CHRM3:6282.5, FASN:6282.5, PRKACA:10858, PRKAB2:11287, CACNB3:11669, ADCY4:11732, ITPR3:11892, PRKACB:12035, PLCB2:12405, CACNA1C:12952, PLCB1:12992, CD36:13440, ACACA:13843, ADIPOR1:13862, PRKAR2A:13940, SLC2A2:14290, FFAR1:14592, CACNA1A:14632","Both",3
"REACTOME_CHREBP_ACTIVATES_METABOLIC_GENE_EXPRESSION",-0.0712944276264155,0.485059816798322,0.791285085325538,8,"PKLR:1651, AGPAT1:6282.5, MLXIPL:6282.5, ACACB:6282.5, MLX:6282.5, ACLY:6282.5, FASN:6282.5, ACACA:13843","Unclear",0
"REACTOME_PP2A_MEDIATED_DEPHOSPHORYLATION_OF_KEY_METABOLIC_FACTORS",-0.0970525607979379,0.501449025983459,0.791549227628984,4,"PPP2R5D:6282.5, PPP2R1B:6282.5, MLXIPL:6282.5, PFKFB1:6282.5","Unclear",0
"REACTOME_HEPARAN_SULFATE_HEPARIN_HS_GAG_METABOLISM",-0.0552982850047414,0.164423884321974,0.53365429665103,53,"CSPG4:128, HS3ST2:976, SGSH:1191, BCAN:1233, CSPG5:1341, EXT2:1589, EXT1:1682, GPC1:6282.5, SDC1:6282.5, SDC4:6282.5, SDC3:6282.5, SDC2:6282.5, AGRN:6282.5, DCN:6282.5, HSPG2:6282.5, VCAN:6282.5, BGN:6282.5, HS3ST1:6282.5, IDS:6282.5, XYLT2:6282.5, B4GALT7:6282.5, NDST1:6282.5, GPC4:6282.5, XYLT1:6282.5, B3GAT1:6282.5, B3GAT2:6282.5, IDUA:6282.5, SLC35D2:6282.5, HS6ST1:6282.5, GLCE:6282.5, NDST4:6282.5, GPC3:6282.5, B3GAT3:6282.5, HS3ST6:6282.5, GLB1L:6282.5, NDST3:6282.5, HGSNAT:6282.5, HPSE2:6282.5, GPC5:6282.5, HS3ST4:6282.5, GPC6:6282.5, HS6ST3:6282.5, GPC2:6282.5, HS3ST5:10992, HS6ST2:11735, NAGLU:11811, HS2ST1:11862, NDST2:12826, HPSE:13905, GUSB:14058, GLB1:14192, B3GALT6:14843, NCAN:14905","Both",3
"REACTOME_CELL_CYCLE",-0.0157680095738996,0.218606433808455,0.590941279378429,540,"UBE2D1:11, UBE2I:15, POLR2J:39, H4C15:49, RPS27A:59, SKP1:68, RAN:71, H4C14:85, UBA52:103, CEP164:134, POLD2:160, H4C3:171, NUP88:192, LIG1:198, H4C2:238, SYNE1:265, PMF1:273, RTEL1:276, H4C13:295, LPIN1:305, WRAP53:324, CEP131:325, H2BC15:350, POLE:379, GTSE1:382, H3C13:387, HAUS3:388, FZR1:392, BLM:414, PTK6:444, TOP3A:519, NUP153:528, TUBB4A:543, POLA2:546, H3C11:588, OFD1:598, SDCCAG8:622, NUP50:643, CDK5RAP2:704, CLIP1:724, MCPH1:747, TUBA4A:786, ANAPC15:797, DIDO1:827, CDC14A:841, PCM1:850, CEP250:884, EMD:897, MSH5:979, H2AC20:1105, PSMB9:1148, CHMP6:1221, H3C10:1224, MLH1:1239, RAD9A:1262, CEP43:1267, ATM:1269, CDC20:1297, RAE1:1313, H2AC4:1330, H3C8:1344, GMNN:1386, NUP214:1425, HUS1:1427, H3C4:1469, CLASP2:1578, HJURP:1592, ZWINT:1630, FEN1:1640, PSMB11:1646, RPA1:1675, CDKN2B:1684, MRE11:1742, IST1:1748, JAK2:6282.5, PSMD5:6282.5, PSMB5:6282.5, MAPK3:6282.5, AKT2:6282.5, PSMD3:6282.5, PSMD9:6282.5, LMNB1:6282.5, PSMF1:6282.5, PSMB2:6282.5, PSMA1:6282.5, PSME3:6282.5, TP53:6282.5, AKT1:6282.5, PSMB6:6282.5, CDKN2A:6282.5, PSMA8:6282.5, PSMD4:6282.5, PSMB4:6282.5, LMNA:6282.5, PSMD6:6282.5, UBB:6282.5, SFN:6282.5, PSMD13:6282.5, PSMD12:6282.5, TFDP1:6282.5, PSMB8:6282.5, PSMB10:6282.5, DYNLL2:6282.5, PRKAR2B:6282.5, PPP2R5A:6282.5, KIF2A:6282.5, PPP2R5B:6282.5, PPP2R5C:6282.5, ABL1:6282.5, TUBB1:6282.5, PPP2R5D:6282.5, KIF20A:6282.5, CDK2:6282.5, TUBA1B:6282.5, CABLES1:6282.5, TUBB2A:6282.5, TUBB2B:6282.5, PPP2R1B:6282.5, KIF23:6282.5, CENPE:6282.5, KIF2B:6282.5, PRKCA:6282.5, TUBAL3:6282.5, TUBA8:6282.5, TUBB4B:6282.5, SRC:6282.5, H3C1:6282.5, RFC1:6282.5, RFC2:6282.5, POLD1:6282.5, POLD3:6282.5, POLE2:6282.5, RFC5:6282.5, POLE4:6282.5, RPA2:6282.5, RFC3:6282.5, POLE3:6282.5, RFC4:6282.5, POLD4:6282.5, TINF2:6282.5, TERF1:6282.5, H4C8:6282.5, TERF2IP:6282.5, H2BC4:6282.5, H2BC21:6282.5, H4C11:6282.5, H2BC9:6282.5, H2AC14:6282.5, MDM2:6282.5, MNAT1:6282.5, POLA1:6282.5, RB1:6282.5, PPP2R3B:6282.5, PRIM1:6282.5, ORC6:6282.5, ORC5:6282.5, TPR:6282.5, NDC1:6282.5, AAAS:6282.5, NUP188:6282.5, NUP93:6282.5, NUP155:6282.5, NUP43:6282.5, NUP210:6282.5, NUP58:6282.5, SEC13:6282.5, NUP35:6282.5, NUP62:6282.5, BRCA1:6282.5, SYNE2:6282.5, FKBP6:6282.5, SMC1B:6282.5, SUN2:6282.5, REC8:6282.5, STAG2:6282.5, STAG1:6282.5, HSPA2:6282.5, TEX12:6282.5, SYCE2:6282.5, SUN1:6282.5, SYCP2:6282.5, SYCE3:6282.5, CNTRL:6282.5, HSP90AA1:6282.5, AJUBA:6282.5, GSK3B:6282.5, HSP90AB1:6282.5, CCND3:6282.5, CDKN1A:6282.5, MYC:6282.5, CSNK2B:6282.5, BIRC5:6282.5, CCND1:6282.5, CDKN1B:6282.5, CDC27:6282.5, ANAPC4:6282.5, DYNC1I2:6282.5, UBE2S:6282.5, DYNC1LI2:6282.5, SKP2:6282.5, FBXL18:6282.5, DCTN2:6282.5, ANAPC2:6282.5, FBXL7:6282.5, DYNC1H1:6282.5, DCTN1:6282.5, RBL2:6282.5, TOP2A:6282.5, CDC25A:6282.5, LIN9:6282.5, LIN54:6282.5, E2F4:6282.5, LIN37:6282.5, BUB1B:6282.5, MAD2L1:6282.5, CHEK1:6282.5, SPO11:6282.5, RBBP8:6282.5, NBN:6282.5, RAD50:6282.5, MLH3:6282.5, MND1:6282.5, PSMC3IP:6282.5, BRCA2:6282.5, LPIN3:6282.5, CCNE1:6282.5, CCNA1:6282.5, DYRK1A:6282.5, CCNE2:6282.5, FOXM1:6282.5, PKMYT1:6282.5, CCNB2:6282.5, CDC25C:6282.5, E2F3:6282.5, ATRX:6282.5, PPP6R3:6282.5, PPP6C:6282.5, CHTF18:6282.5, DKC1:6282.5, DSCC1:6282.5, DNA2:6282.5, SHQ1:6282.5, NHP2:6282.5, WRN:6282.5, TEN1:6282.5, RANGAP1:6282.5, CHMP4B:6282.5, CHMP4C:6282.5, CHMP4A:6282.5, GORASP2:6282.5, BLZF1:6282.5, USO1:6282.5, NPM1:6282.5, HMMR:6282.5, MAD1L1:6282.5, DBF4:6282.5, E2F2:6282.5, NCAPD2:6282.5, NCAPH2:6282.5, VRK2:6282.5, CENPQ:6282.5, PPP1R12A:6282.5, MCM10:6282.5, TP53BP1:6282.5, SIRT2:6282.5, MCM2:6282.5, MCM6:6282.5, ZW10:6282.5, AURKA:6282.5, PCBP4:6282.5, NUDC:6282.5, HAUS4:6282.5, MCM5:6282.5, VRK1:6282.5, GINS1:6282.5, NINL:6282.5, CDC25B:6282.5, MAPRE1:6282.5, CCP110:6282.5, CEP152:6282.5, OIP5:6282.5, MCM4:6282.5, CDK6:6282.5, CEP41:6282.5, NSD2:6282.5, NCAPG:6282.5, FBXO5:6282.5, RNF8:6282.5, CEP72:6282.5, CEP70:6282.5, NEK2:6282.5, SET:6282.5, NEK6:6282.5, NEK9:6282.5, CENPL:6282.5, MASTL:6282.5, PDS5A:6282.5, CDKN2C:6282.5, CENPK:6282.5, OPTN:6282.5, B9D2:6282.5, TUBGCP3:6282.5, TUBGCP6:6282.5, CDKN2D:6282.5, SGO1:6282.5, TUBGCP2:6282.5, GINS2:6282.5, ESPL1:6282.5, BORA:6282.5, ODF2:6282.5, HAUS2:6282.5, CENPO:6282.5, BARD1:6282.5, CSNK1D:6282.5, PLK4:6282.5, ITGB3BP:6282.5, NME7:6282.5, COP1:6282.5, NUF2:6282.5, ENSA:6282.5, LBR:6282.5, EML4:6282.5, NCAPG2:6282.5, GINS4:6282.5, CEP78:6282.5, INCENP:6282.5, DSN1:6282.5, RAD9B:6282.5, CENPU:6282.5, CENPJ:6282.5, HAUS1:6282.5, RAD17:6282.5, CENPH:6282.5, AHCTF1:6282.5, CC2D1B:6282.5, SKA1:6282.5, BABAM2:6282.5, MIS18A:6282.5, PCNT:6282.5, ZNF385A:6282.5, ATRIP:6282.5, PTTG1:6282.5, CEP57:6282.5, MCM7:6282.5, NDEL1:6282.5, MIS12:6282.5, E2F6:6282.5, BUB1:6282.5, CENPX:6282.5, RHNO1:6282.5, PHF8:6282.5, ZWILCH:6282.5, CKAP5:6282.5, CENPS:6282.5, PPP2R2D:6282.5, RMI2:6282.5, SSNA1:6282.5, ANKLE2:6282.5, RMI1:6282.5, AURKB:6282.5, GINS3:6282.5, SKA2:6282.5, CEP63:6282.5, CHEK2:6282.5, KMT5A:6282.5, KNTC1:6282.5, BRCC3:6282.5, ERCC6L:6282.5, CENPP:6282.5, CENPW:6282.5, FKBPL:6282.5, CNEP1R1:6282.5, HAUS7:6282.5, PPP2R2A:6282.5, CDK11B:6282.5, HAUS5:6282.5, TUBGCP5:6282.5, PIAS4:10793, LEMD3:10855, PRKACA:10858, NUP205:10887, ESCO1:10905, DHFR:10912, CCND2:10953, HERC2:10956, NCAPH:10964, CDK4:10976, RAD1:10997, RCC2:11021, DMC1:11054, CDCA5:11066, SMARCA5:11100, POLR2F:11153, LCMT1:11231, CDC26:11254, STAG3:11272, ATR:11303, CENPM:11327, ANKRD28:11340, PSMD10:11350, EP300:11369, TOPBP1:11392, CHMP7:11424, PSMD1:11428, PSMB1:11506, NDE1:11522, BTRC:11532, CHMP3:11536, CEP76:11560, PSMB7:11603, AKAP9:11645, UIMC1:11660, NUP160:11681, ABRAXAS1:11684, NUP37:11698, TEX15:11708, UBE2N:11716, BRIP1:11727, PSME4:11744, TK1:11770, NUP85:11843, H4C1:11869, VPS4A:11911, DCTN3:11931, CETN2:11941, RRM2:11945, SEM1:11957, PLK1:11972, ORC3:11976, RBBP7:11998, PSMD8:12029, ORC2:12077, NDC80:12099, KIF2C:12110, PRIM2:12121, NUP107:12122, CEP290:12146, CDC6:12164, RAD21:12186, CENPI:12215, HAUS6:12253, ORC4:12263, WAPL:12264, CDC7:12319, MCM8:12321, CDKN1C:12347, HDAC1:12354, SPC25:12374, ANAPC5:12378, LEMD2:12455, CLSPN:12481, PIF1:12518, NUP42:12532, ARPP19:12538, TUBA1A:12546, CEP135:12589, PHF20:12694, CENPN:12725, HAUS8:12746, MYBL2:12772, CDC16:12776, CHTF8:12778, SYCP1:12795, RAD51C:12796, NEDD1:12855, CCNH:12886, TYMS:12896, NUP54:12910, TFDP2:12914, MSH4:12923, CDK7:12964, MDM4:13090, LYN:13217, CCNA2:13232, RBL1:13237, NUP98:13246, SFI1:13279, SPAST:13305, PPP1R12B:13336, PPME1:13355, ACD:13368, ESCO2:13370, NUP133:13372, RCC1:13385, E2F1:13388, LPIN2:13409, RSF1:13473, MCM3:13485, DYNC1I1:13489, POT1:13500, RNF168:13515, MZT1:13528, NIPBL:13578, PRKCB:13667, CTC1:13688, RPA3:13748, TMPO:13756, SMC4:13797, DYNC1LI1:13804, BABAM1:13865, PDS5B:13874, MZT2B:13916, PPP1CB:13966, ANAPC7:14051, CLASP1:14098, H3C2:14121, CDCA8:14138, PSMD2:14237, SEH1L:14240, SPC24:14273, TUBGCP4:14291, PSME2:14297, CDC23:14341, PSME1:14419, MIS18BP1:14434, CCNB1:14449, E2F5:14460, KIF18A:14494, SPDL1:14555, WEE1:14561, CDC45:14565, CENPC:14581, HDAC8:14606, CENPT:14621, NSL1:14645, SMC2:14657, TERF2:14700, NUMA1:14734, TUBB:14742, RBBP4:14816, ANAPC1:14818, ORC1:14880, RPS27:14996, DAXX:14999, TPX2:15027, CEP192:15033, DYNLL1:15080, H3-3A:15088, TUBB8B:15090, TUBB8:15095","Herbivore",1
"REACTOME_SIGNALING_BY_EGFR_IN_CANCER",-0.0949477938699899,0.141780187869297,0.502904980078049,20,"RPS27A:59, UBA52:103, CBL:878, SHC1:997, PLCG1:1240, UBB:6282.5, SOS1:6282.5, PIK3CA:6282.5, PIK3R1:6282.5, HSP90AA1:6282.5, CDC37:6282.5, EREG:6282.5, EGFR:6282.5, BTC:6282.5, AREG:6282.5, TGFA:6282.5, GAB1:11916, EGF:12763, HBEGF:14150, EPGN:14199","Herbivore",1
"REACTOME_PKA_ACTIVATION_IN_GLUCAGON_SIGNALLING",-0.0866472172351885,0.245458019574076,0.613478153584784,15,"ADCY1:241, ADCY2:835, ADCY8:981, ADCY3:1563, PRKAR2B:6282.5, PRKAR1A:6282.5, PRKAR1B:6282.5, ADCY7:6282.5, ADCY9:6282.5, ADCY5:6282.5, ADCY6:6282.5, PRKACA:10858, ADCY4:11732, PRKACB:12035, PRKAR2A:13940","Unclear",0
"REACTOME_2_LTR_CIRCLE_FORMATION",-0.232459089890159,0.0718582352080974,0.375971676963695,5,"XRCC5:317, LIG4:1739, XRCC4:6282.5, PSIP1:6282.5, XRCC6:6282.5","Unclear",0
"REACTOME_NEF_AND_SIGNAL_TRANSDUCTION",-0.0970743190225311,0.410291969422781,0.746437542132701,6,"PAK2:6282.5, DOCK2:6282.5, LCK:6282.5, HCK:6282.5, CD247:6282.5, ELMO1:6282.5","Unclear",0
"REACTOME_COLLAGEN_BIOSYNTHESIS_AND_MODIFYING_ENZYMES",-0.041906481585976,0.24002697092219,0.611255125102696,66,"COL20A1:91, COL6A1:157, COL10A1:283, COL6A2:404, P4HB:814, COL4A6:848, COL9A2:1306, COL9A3:1351, COL16A1:1368, COL8A2:1380, SERPINH1:1473, COL11A2:1532, COL27A1:1725, COL4A4:6282.5, COL9A1:6282.5, COL5A1:6282.5, COL4A2:6282.5, COL3A1:6282.5, COL4A3:6282.5, COL6A5:6282.5, COL4A1:6282.5, COL4A5:6282.5, COL5A2:6282.5, COL23A1:6282.5, COL7A1:6282.5, COL8A1:6282.5, COL18A1:6282.5, COL25A1:6282.5, COL13A1:6282.5, COL15A1:6282.5, TLL2:6282.5, BMP1:6282.5, PLOD1:6282.5, ADAMTS2:6282.5, P3H2:6282.5, PLOD3:6282.5, P3H3:6282.5, P3H1:6282.5, P4HA1:6282.5, COL21A1:6282.5, ADAMTS14:6282.5, P4HA3:6282.5, ADAMTS3:6282.5, PCOLCE2:6282.5, PPIB:6282.5, CRTAP:6282.5, COL24A1:6282.5, COLGALT2:6282.5, COL12A1:10943, PLOD2:11151, P4HA2:11969, COL28A1:12190, PCOLCE:12193, COL1A2:12472, COL17A1:12669, COLGALT1:12841, COL26A1:12979, COL6A3:13032, TLL1:13331, COL5A3:13477, COL11A1:13537, COL19A1:13826, COL14A1:14120, COL6A6:14343, COL1A1:14936, COL2A1:15016","Both",3
"REACTOME_MTOR_SIGNALLING",-0.0495860027724701,0.347631431229309,0.702667567832337,30,"RRAGA:145, TSC1:428, PRKAA2:1324, TSC2:1719, AKT2:6282.5, AKT1:6282.5, PRKAG2:6282.5, PRKAB1:6282.5, EIF4G1:6282.5, EIF4E:6282.5, MTOR:6282.5, STK11:6282.5, RRAGD:6282.5, EIF4B:6282.5, RRAGB:6282.5, CAB39L:6282.5, RPS6KB1:6282.5, LAMTOR2:6282.5, RPTOR:6282.5, SLC38A9:6282.5, EIF4EBP1:6282.5, AKT1S1:6282.5, RRAGC:11048, PPM1A:11119, PRKAB2:11287, STRADB:11445, STRADA:11683, PRKAG1:11774, EEF2K:11984, PRKAA1:12980","Both",3
"REACTOME_REGULATION_OF_CHOLESTEROL_BIOSYNTHESIS_BY_SREBP_SREBF",-0.0354558508841086,0.396102750061475,0.740927498559348,48,"RAN:71, MVK:151, HELZ2:301, DHCR7:635, LSS:801, MBTPS1:1047, PMVK:1408, CREBBP:6282.5, SREBF1:6282.5, NCOA1:6282.5, TBL1X:6282.5, MED1:6282.5, TGS1:6282.5, NCOA2:6282.5, CHD9:6282.5, RXRA:6282.5, NCOA6:6282.5, SEC23A:6282.5, SEC24A:6282.5, SEC24C:6282.5, GPAM:6282.5, ACACB:6282.5, FASN:6282.5, MBTPS2:6282.5, NFYC:6282.5, IDI1:6282.5, FDFT1:6282.5, SQLE:6282.5, HMGCS1:6282.5, SCAP:6282.5, INSIG2:6282.5, TM7SF2:6282.5, GGPS1:6282.5, FDPS:6282.5, MVD:6282.5, SP1:6282.5, MTF1:6282.5, SEC24B:11145, HMGCR:11799, INSIG1:13551, ELOVL6:13732, ACACA:13843, SC5D:13980, SEC24D:14320, CARM1:14601, SCD:14723, PPARA:14728, CYP51A1:14994","Herbivore",1
"REACTOME_SYNTHESIS_OF_PIPS_AT_THE_PLASMA_MEMBRANE",-0.0238815508181195,0.563619986565992,0.834720352644959,49,"RAB14:46, PIK3R5:237, SYNJ2:369, MTMR1:399, PLEKHA1:1189, PIK3R6:1518, BMX:6282.5, PIK3R2:6282.5, PIK3CG:6282.5, PIK3CA:6282.5, PIK3R1:6282.5, PIK3CD:6282.5, PIP5K1C:6282.5, ARF1:6282.5, INPPL1:6282.5, MTMR2:6282.5, INPP4A:6282.5, MTMR9:6282.5, INPP4B:6282.5, OCRL:6282.5, SYNJ1:6282.5, INPP5J:6282.5, PIK3C2A:6282.5, PLEKHA5:6282.5, MTMR3:6282.5, PLEKHA8:6282.5, PIP5K1B:6282.5, PLEKHA3:6282.5, SBF2:6282.5, MTMR6:6282.5, PLEKHA6:6282.5, PIP4K2A:6282.5, PIP4K2C:6282.5, MTM1:6282.5, RUFY1:6282.5, PIP4K2B:6282.5, PIK3C2B:10954, INPP5D:11828, PIP5K1A:12382, PIK3R3:12489, PIK3CB:12691, PIK3C2G:12764, MTMR14:12770, PLEKHA2:12965, PLEKHA4:13079, PTPN13:13391, INPP5K:13987, PI4K2B:14549, PI4K2A:14871","Vertivore",2
"REACTOME_SYNTHESIS_OF_PIPS_AT_THE_EARLY_ENDOSOME_MEMBRANE",-0.0283708338009202,0.694509046197377,0.889978543208153,16,"INPP5F:618, PIK3C3:6282.5, MTMR2:6282.5, INPP4A:6282.5, INPP4B:6282.5, PIK3C2A:6282.5, VAC14:6282.5, MTMR4:6282.5, FIG4:6282.5, PIKFYVE:6282.5, MTMR12:6282.5, MTMR10:6282.5, MTM1:6282.5, PIK3R4:11306, PI4K2B:14549, PI4K2A:14871","Vertivore",2
"REACTOME_SYNTHESIS_OF_PIPS_AT_THE_LATE_ENDOSOME_MEMBRANE",-0.0674374974509564,0.438767010751801,0.769615051747319,11,"PIK3C3:6282.5, MTMR2:6282.5, MTMR7:6282.5, MTMR9:6282.5, PIK3C2A:6282.5, VAC14:6282.5, MTMR4:6282.5, FIG4:6282.5, PIKFYVE:6282.5, MTM1:6282.5, PIK3R4:11306","Unclear",0
"REACTOME_MYD88_INDEPENDENT_TLR4_CASCADE",-0.0783948780928117,0.0108026140828767,0.154580263424021,89,"UBE2D1:11, RPS27A:59, SKP1:68, BIRC3:75, UBA52:103, TICAM2:290, NLRX1:377, IKBKG:445, NOD1:499, MAPK7:1720, TAB1:1736, PTPN11:6282.5, MAPK3:6282.5, BIRC2:6282.5, TRAF2:6282.5, TLR4:6282.5, TP53:6282.5, LY96:6282.5, FADD:6282.5, UBB:6282.5, PPP2R5D:6282.5, PPP2R1B:6282.5, APP:6282.5, RPS6KA2:6282.5, DUSP4:6282.5, DUSP6:6282.5, DUSP7:6282.5, NFKBIA:6282.5, NFKBIB:6282.5, NFKB1:6282.5, RELA:6282.5, CHUK:6282.5, IRF3:6282.5, USP18:6282.5, UBE2D2:6282.5, S100B:6282.5, MEF2A:6282.5, RPS6KA5:6282.5, MAP2K6:6282.5, JUN:6282.5, MAPK11:6282.5, MAP2K3:6282.5, MAPK9:6282.5, ALPK1:6282.5, MAP2K7:6282.5, RIPK2:6282.5, VRK3:6282.5, MAP3K8:6282.5, DUSP3:6282.5, MAPK10:6282.5, MAPKAPK3:6282.5, ATF2:6282.5, ELK1:6282.5, TRAF3:6282.5, IRAK2:6282.5, NLRC5:6282.5, TIFA:6282.5, TAB3:6282.5, LRRC14:6282.5, MAPKAPK2:6282.5, S100A12:6282.5, IKBIP:6282.5, NOD2:6282.5, TNIP2:6282.5, FOS:6282.5, TRAF6:6282.5, IRAK1:6282.5, IRF7:6282.5, NKIRAS1:6282.5, AGER:6282.5, UBE2V1:6282.5, RIPK3:6282.5, SARM1:6282.5, TANK:6282.5, IKBKE:6282.5, CASP8:11211, BTRC:11532, N4BP1:11551, USP14:11617, MAP3K7:11639, UBE2N:11716, NFKB2:12055, CD14:12499, RPS6KA1:12739, TAB2:12875, ATF1:13857, RIPK1:13907, IKBKB:14262, TBK1:14571","Herbivore",1
"REACTOME_MITOCHONDRIAL_UNCOUPLING",-0.0970743190225311,0.410291969422781,0.746437542132701,6,"SLC25A14:6282.5, UCP1:6282.5, SLC25A27:6282.5, PM20D1:6282.5, UCP3:6282.5, UCP2:6282.5","Unclear",0
"REACTOME_MTORC1_MEDIATED_SIGNALLING",-0.0777304009575105,0.297445117558684,0.665376609129415,15,"RRAGA:145, EIF4G1:6282.5, EIF4E:6282.5, MTOR:6282.5, RRAGD:6282.5, EIF4B:6282.5, RRAGB:6282.5, RPS6KB1:6282.5, LAMTOR2:6282.5, RPTOR:6282.5, SLC38A9:6282.5, EIF4EBP1:6282.5, AKT1S1:6282.5, RRAGC:11048, EEF2K:11984","Both",3
"REACTOME_SIGNALING_BY_NTRKS",-0.0239559985910216,0.406979183110286,0.746437542132701,101,"RHOA:150, TIAM1:396, GRIN2B:988, SHC1:997, IRS1:1149, DNM3:1172, PLCG1:1240, ARC:1448, MEF2D:1464, SHC3:1588, MAPK7:1720, PTPN11:6282.5, MAPK3:6282.5, DOCK3:6282.5, PIK3R2:6282.5, PPP2R5D:6282.5, SOS1:6282.5, F3:6282.5, PIK3CA:6282.5, PPP2R1B:6282.5, PIK3R1:6282.5, SRC:6282.5, RPS6KA2:6282.5, AP2M1:6282.5, AP2A2:6282.5, PTPRS:6282.5, NTRK3:6282.5, NELFB:6282.5, FRS2:6282.5, DUSP4:6282.5, MAP2K2:6282.5, DUSP6:6282.5, DUSP7:6282.5, PCSK6:6282.5, FURIN:6282.5, MEF2A:6282.5, DNM2:6282.5, RPS6KA5:6282.5, DNM1:6282.5, SH3GL2:6282.5, CLTA:6282.5, EGR2:6282.5, NAB1:6282.5, NAB2:6282.5, MAPK11:6282.5, MAPK12:6282.5, VRK3:6282.5, RAPGEF1:6282.5, DUSP3:6282.5, MAPKAPK3:6282.5, ATF2:6282.5, EGR1:6282.5, ELK1:6282.5, MAPKAPK2:6282.5, FOS:6282.5, ADCYAP1R1:6282.5, PCSK5:6282.5, CHD4:6282.5, SRF:6282.5, FOSB:6282.5, NGF:6282.5, FRS3:6282.5, MAP2K5:6282.5, ASCL1:6282.5, SH3GL3:6282.5, ADCYAP1:6282.5, RIT1:6282.5, RALB:6282.5, PTPRO:6282.5, RIT2:6282.5, RRAD:6282.5, FOSL1:6282.5, BDNF:6282.5, NTF3:6282.5, NTRK1:6282.5, NTF4:6282.5, TCF12:11261, SGK1:11314, EP300:11369, KIDINS220:11881, GAB1:11916, SHC2:12074, BAX:12100, NTRK2:12259, AP2A1:12312, PIK3CB:12691, RPS6KA1:12739, MAPK13:12786, ID1:12947, EGR4:12997, LYL1:13058, BRAF:13081, CDK5R2:13517, TRIB1:13778, VGF:13803, ATF1:13857, ADORA2A:14198, JUNB:14430, TPH1:14490, CRKL:14514, JUND:14634","Herbivore",1
"REACTOME_TERMINAL_PATHWAY_OF_COMPLEMENT",-0.000130777566042684,0.999114947262334,0.999114947262334,6,"C8B:6282.5, C6:6282.5, C5:6282.5, C8A:6282.5, C8G:6282.5, CLU:14890","Both",3
"REACTOME_SIGNALLING_TO_RAS",-0.0844824908096167,0.291718893184524,0.65828431090325,13,"SHC1:997, SHC3:1588, SOS1:6282.5, SRC:6282.5, MAPK11:6282.5, MAPK12:6282.5, MAPKAPK3:6282.5, MAPKAPK2:6282.5, NGF:6282.5, RALB:6282.5, NTRK1:6282.5, SHC2:12074, MAPK13:12786","Unclear",0
"REACTOME_ABORTIVE_ELONGATION_OF_HIV_1_TRANSCRIPT_IN_THE_ABSENCE_OF_TAT",-0.0717096945226151,0.410321611546123,0.746437542132701,11,"POLR2J:39, CTDP1:6282.5, NELFCD:6282.5, GTF2F1:6282.5, NCBP1:6282.5, NELFA:6282.5, GTF2F2:6282.5, NELFB:6282.5, NELFE:6282.5, POLR2F:11153, SUPT5H:11855","Unclear",0
"REACTOME_HIV_ELONGATION_ARREST_AND_RECOVERY",-0.0170989109689009,0.791330355792031,0.926473137333138,20,"POLR2J:39, ELOC:51, ELOA:6282.5, CTDP1:6282.5, CCNT2:6282.5, NELFCD:6282.5, GTF2F1:6282.5, CCNT1:6282.5, CDK9:6282.5, NELFA:6282.5, TCEA1:6282.5, GTF2F2:6282.5, NELFB:6282.5, NELFE:6282.5, POLR2F:11153, SSRP1:11426, CCNK:11699, SUPT5H:11855, SUPT16H:13095, ELL:14870","Unclear",0
"REACTOME_NEF_MEDIATED_CD4_DOWN_REGULATION",-0.0403907751441384,0.711366338902622,0.899052538991965,7,"LCK:6282.5, AP2M1:6282.5, AP2A2:6282.5, ATP6V1H:6282.5, CD4:6282.5, ARF1:6282.5, AP2A1:12312","Unclear",0
"REACTOME_THE_FATTY_ACID_CYCLING_MODEL",-0.0970634386908765,0.452293157521604,0.772278509992157,5,"SLC25A14:6282.5, UCP1:6282.5, SLC25A27:6282.5, UCP3:6282.5, UCP2:6282.5","Unclear",0
"REACTOME_TOLL_LIKE_RECEPTOR_9_TLR9_CASCADE",-0.0472252561502055,0.128924674560456,0.487555584410206,87,"RPS27A:59, SKP1:68, UBA52:103, TICAM2:290, NLRX1:377, IKBKG:445, NOD1:499, MAPK7:1720, TAB1:1736, MAPK3:6282.5, TRAF2:6282.5, TLR4:6282.5, TP53:6282.5, LY96:6282.5, UBB:6282.5, PPP2R5D:6282.5, PPP2R1B:6282.5, APP:6282.5, RPS6KA2:6282.5, PIK3C3:6282.5, DUSP4:6282.5, DUSP6:6282.5, DUSP7:6282.5, NFKBIA:6282.5, NFKBIB:6282.5, NFKB1:6282.5, RELA:6282.5, CHUK:6282.5, USP18:6282.5, S100B:6282.5, MEF2A:6282.5, RPS6KA5:6282.5, MAP2K6:6282.5, JUN:6282.5, MAPK11:6282.5, MAP2K3:6282.5, MAPK9:6282.5, ALPK1:6282.5, MAP2K7:6282.5, RIPK2:6282.5, VRK3:6282.5, MAP3K8:6282.5, DUSP3:6282.5, MAPK10:6282.5, MAPKAPK3:6282.5, ATF2:6282.5, ELK1:6282.5, IRAK2:6282.5, NLRC5:6282.5, TIFA:6282.5, TAB3:6282.5, LRRC14:6282.5, MAPKAPK2:6282.5, S100A12:6282.5, IKBIP:6282.5, NOD2:6282.5, TNIP2:6282.5, FOS:6282.5, PELI3:6282.5, TRAF6:6282.5, IRAK1:6282.5, IRF7:6282.5, NKIRAS1:6282.5, IRAK4:6282.5, AGER:6282.5, UBE2V1:6282.5, MAP3K1:6282.5, EEA1:6282.5, PELI2:11126, CASP8:11211, PIK3R4:11306, BTRC:11532, N4BP1:11551, USP14:11617, MAP3K7:11639, MYD88:11646, UBE2N:11716, NFKB2:12055, CD14:12499, RBSN:12508, RPS6KA1:12739, TAB2:12875, ECSIT:13178, ATF1:13857, TLR7:13894, IKBKB:14262, TLR9:14413","Herbivore",1
"REACTOME_TOLL_LIKE_RECEPTOR_TLR1_TLR2_CASCADE",-0.0475628060333161,0.115929020444304,0.466811237021619,92,"RPS27A:59, SKP1:68, UBA52:103, NLRX1:377, IKBKG:445, NOD1:499, SFTPA2:1707, MAPK7:1720, TAB1:1736, MAPK3:6282.5, TRAF2:6282.5, TLR4:6282.5, TP53:6282.5, LY96:6282.5, UBB:6282.5, PPP2R5D:6282.5, PPP2R1B:6282.5, APP:6282.5, RPS6KA2:6282.5, DUSP4:6282.5, DUSP6:6282.5, DUSP7:6282.5, NFKBIA:6282.5, NFKBIB:6282.5, NFKB1:6282.5, RELA:6282.5, CHUK:6282.5, USP18:6282.5, S100B:6282.5, BTK:6282.5, TLR2:6282.5, TLR1:6282.5, TLR6:6282.5, SOCS1:6282.5, MEF2A:6282.5, RPS6KA5:6282.5, MAP2K6:6282.5, JUN:6282.5, MAPK11:6282.5, MAP2K3:6282.5, MAPK9:6282.5, ALPK1:6282.5, MAP2K7:6282.5, IRAK3:6282.5, RIPK2:6282.5, VRK3:6282.5, MAP3K8:6282.5, DUSP3:6282.5, MAPK10:6282.5, MAPKAPK3:6282.5, ATF2:6282.5, ELK1:6282.5, IRAK2:6282.5, NLRC5:6282.5, TIFA:6282.5, TAB3:6282.5, LRRC14:6282.5, MAPKAPK2:6282.5, S100A12:6282.5, IKBIP:6282.5, NOD2:6282.5, TNIP2:6282.5, FOS:6282.5, PELI3:6282.5, TRAF6:6282.5, IRAK1:6282.5, SIGIRR:6282.5, NKIRAS1:6282.5, IRAK4:6282.5, AGER:6282.5, UBE2V1:6282.5, SFTPA1:6282.5, MAP3K1:6282.5, FGB:10930, PELI2:11126, CASP8:11211, BTRC:11532, N4BP1:11551, USP14:11617, MAP3K7:11639, MYD88:11646, UBE2N:11716, NFKB2:12055, CD14:12499, RPS6KA1:12739, TAB2:12875, ECSIT:13178, CD36:13440, ATF1:13857, IKBKB:14262, S100A8:14577, FGG:15049","Herbivore",1
"REACTOME_INFLUENZA_INFECTION",-0.0396517255166899,0.215704620638165,0.589265804561533,82,"POLR2J:39, RPS27A:59, RPL34:66, RPL19:69, RAN:71, UBA52:103, RPS26:138, RPL31:169, RPS7:178, RPS23:180, RPL8:184, NUP88:192, RPS17:201, RPL17:206, NUP153:528, NUP50:643, RPL13:905, DNAJC3:1236, RAE1:1313, PARP1:1379, NUP214:1425, ISG15:6282.5, GTF2F1:6282.5, GTF2F2:6282.5, TPR:6282.5, NDC1:6282.5, AAAS:6282.5, NUP188:6282.5, NUP93:6282.5, NUP155:6282.5, NUP43:6282.5, NUP210:6282.5, NUP58:6282.5, SEC13:6282.5, NUP35:6282.5, NUP62:6282.5, HSP90AA1:6282.5, RPS5:6282.5, RPLP0:6282.5, RPL3:6282.5, CLTA:6282.5, RPS10:6282.5, RPL3L:6282.5, RPS2:6282.5, RPL32:6282.5, RPL10L:6282.5, RPL38:6282.5, RPL15:6282.5, RPLP2:6282.5, RPS27L:6282.5, RPL14:6282.5, RPL36A:6282.5, CANX:6282.5, IPO5:6282.5, KPNA5:10869, NUP205:10887, POLR2F:11153, NUP160:11681, NUP37:11698, NUP85:11843, RPL7:12006, RPL6:12073, NUP107:12122, RPL4:12176, NUP42:12532, RPS3:12824, RPL9:12853, NUP54:12910, KPNA7:12942, KPNA2:13181, NUP98:13246, TGFB1:13316, NUP133:13372, CALR:13753, SEH1L:14240, GRSF1:14345, EIF2AK2:14627, RPS15:14780, RPS27:14996, RPS15A:15066, RPS14:15087, RPL23:15099","Herbivore",1
"REACTOME_EXPORT_OF_VIRAL_RIBONUCLEOPROTEINS_FROM_NUCLEUS",-0.0287472107620439,0.598826671473896,0.851199860037491,28,"RAN:71, NUP88:192, NUP153:528, NUP50:643, RAE1:1313, NUP214:1425, TPR:6282.5, NDC1:6282.5, AAAS:6282.5, NUP188:6282.5, NUP93:6282.5, NUP155:6282.5, NUP43:6282.5, NUP210:6282.5, NUP58:6282.5, SEC13:6282.5, NUP35:6282.5, NUP62:6282.5, NUP205:10887, NUP160:11681, NUP37:11698, NUP85:11843, NUP107:12122, NUP42:12532, NUP54:12910, NUP98:13246, NUP133:13372, SEH1L:14240","Both",3
"REACTOME_VIRAL_MESSENGER_RNA_SYNTHESIS",-0.0252560048735205,0.626792461134814,0.859478811260311,31,"POLR2J:39, NUP88:192, NUP153:528, NUP50:643, RAE1:1313, NUP214:1425, GTF2F1:6282.5, GTF2F2:6282.5, TPR:6282.5, NDC1:6282.5, AAAS:6282.5, NUP188:6282.5, NUP93:6282.5, NUP155:6282.5, NUP43:6282.5, NUP210:6282.5, NUP58:6282.5, SEC13:6282.5, NUP35:6282.5, NUP62:6282.5, NUP205:10887, POLR2F:11153, NUP160:11681, NUP37:11698, NUP85:11843, NUP107:12122, NUP42:12532, NUP54:12910, NUP98:13246, NUP133:13372, SEH1L:14240","Unclear",0
"REACTOME_NOD1_2_SIGNALING_PATHWAY",-0.0808682734700275,0.108231911462795,0.450674679832376,33,"RPS27A:59, BIRC3:75, UBA52:103, IKBKG:445, NOD1:499, CASP2:564, CARD9:1535, TAB1:1736, BIRC2:6282.5, CASP9:6282.5, UBB:6282.5, AAMP:6282.5, CHUK:6282.5, MAP2K6:6282.5, MAPK11:6282.5, MAPK12:6282.5, RIPK2:6282.5, IRAK2:6282.5, TAB3:6282.5, NOD2:6282.5, TRAF6:6282.5, IRAK1:6282.5, UBE2V1:6282.5, CYLD:6282.5, TNFAIP3:6282.5, CASP8:11211, MAP3K7:11639, UBE2N:11716, MAPK13:12786, TAB2:12875, CASP1:13884, ITCH:14022, IKBKB:14262","Herbivore",1
"REACTOME_NUCLEOTIDE_BINDING_DOMAIN_LEUCINE_RICH_REPEAT_CONTAINING_RECEPTOR_NLR_SIGNALING_PATHWAYS",-0.0563073809965627,0.16486158803917,0.53365429665103,51,"RPS27A:59, BIRC3:75, UBA52:103, IKBKG:445, NOD1:499, CASP2:564, P2RX7:761, CARD9:1535, TAB1:1736, BIRC2:6282.5, CASP9:6282.5, UBB:6282.5, BCL2L1:6282.5, BCL2:6282.5, AAMP:6282.5, APP:6282.5, PANX1:6282.5, NFKB1:6282.5, RELA:6282.5, CHUK:6282.5, HSP90AB1:6282.5, MAP2K6:6282.5, MAPK11:6282.5, MAPK12:6282.5, HMOX1:6282.5, RIPK2:6282.5, IRAK2:6282.5, TAB3:6282.5, NOD2:6282.5, TRAF6:6282.5, IRAK1:6282.5, UBE2V1:6282.5, CYLD:6282.5, NLRC4:6282.5, PYCARD:6282.5, TNFAIP3:6282.5, PSTPIP1:6282.5, SUGT1:6282.5, TXNIP:6282.5, CASP8:11211, MAP3K7:11639, UBE2N:11716, NFKB2:12055, MAPK13:12786, TAB2:12875, TXN:13294, MEFV:13790, CASP1:13884, ITCH:14022, IKBKB:14262, NLRP3:14579","Herbivore",1
"REACTOME_NEUROTOXICITY_OF_CLOSTRIDIUM_TOXINS",-0.193127032178495,0.058584743428381,0.359279906127112,8,"SNAP25:21, SV2B:582, SYT1:6282.5, STX1A:6282.5, SYT2:6282.5, SV2C:6282.5, VAMP1:6282.5, SV2A:6282.5","Both",3
"REACTOME_TOLL_LIKE_RECEPTOR_CASCADES",-0.0374603366919573,0.129044481442815,0.487555584410206,139,"UBE2D1:11, RPS27A:59, SKP1:68, BIRC3:75, UBA52:103, TICAM2:290, NLRX1:377, IKBKG:445, NOD1:499, DNM3:1172, SFTPA2:1707, MAPK7:1720, TAB1:1736, PTPN11:6282.5, MAPK3:6282.5, GSDMD:6282.5, GSDME:6282.5, BIRC2:6282.5, TRAF2:6282.5, TLR4:6282.5, TP53:6282.5, LY96:6282.5, FADD:6282.5, UBB:6282.5, PPP2R5D:6282.5, PPP2R1B:6282.5, APP:6282.5, ITGB2:6282.5, ITGAM:6282.5, PLCG2:6282.5, RPS6KA2:6282.5, PIK3C3:6282.5, DUSP4:6282.5, DUSP6:6282.5, DUSP7:6282.5, NFKBIA:6282.5, NFKBIB:6282.5, NFKB1:6282.5, RELA:6282.5, CHUK:6282.5, IRF3:6282.5, USP18:6282.5, UBE2D2:6282.5, S100B:6282.5, BTK:6282.5, TLR2:6282.5, TLR1:6282.5, TLR6:6282.5, SOCS1:6282.5, MEF2A:6282.5, DNM2:6282.5, RPS6KA5:6282.5, DNM1:6282.5, MAP2K6:6282.5, JUN:6282.5, MAPK11:6282.5, MAP2K3:6282.5, MAPK9:6282.5, ALPK1:6282.5, MAP2K7:6282.5, PTPN4:6282.5, IRAK3:6282.5, RIPK2:6282.5, VRK3:6282.5, MAP3K8:6282.5, DUSP3:6282.5, MAPK10:6282.5, MAPKAPK3:6282.5, ATF2:6282.5, ELK1:6282.5, LBP:6282.5, TRAF3:6282.5, IRAK2:6282.5, NLRC5:6282.5, TIFA:6282.5, TAB3:6282.5, LRRC14:6282.5, MAPKAPK2:6282.5, S100A12:6282.5, IKBIP:6282.5, NOD2:6282.5, TNIP2:6282.5, FOS:6282.5, PELI3:6282.5, TRAF6:6282.5, IRAK1:6282.5, SIGIRR:6282.5, IRF7:6282.5, NKIRAS1:6282.5, IRAK4:6282.5, AGER:6282.5, UBE2V1:6282.5, CTSK:6282.5, SFTPA1:6282.5, RIPK3:6282.5, TLR3:6282.5, SARM1:6282.5, TANK:6282.5, IKBKE:6282.5, UNC93B1:6282.5, CNPY3:6282.5, MAP3K1:6282.5, EEA1:6282.5, BPI:6282.5, LY86:6282.5, CD180:6282.5, TLR10:6282.5, TLR5:6282.5, FGB:10930, PELI2:11126, CASP8:11211, PIK3R4:11306, CTSB:11436, BTRC:11532, APOB:11535, N4BP1:11551, USP14:11617, MAP3K7:11639, MYD88:11646, UBE2N:11716, NFKB2:12055, HSP90B1:12101, CTSS:12222, CD14:12499, RBSN:12508, RPS6KA1:12739, TAB2:12875, LGMN:13042, ECSIT:13178, CD36:13440, ATF1:13857, TLR7:13894, RIPK1:13907, TLR8:13970, IKBKB:14262, TLR9:14413, TBK1:14571, S100A8:14577, FGG:15049","Herbivore",1
"REACTOME_TICAM1_RIP1_MEDIATED_IKK_COMPLEX_RECRUITMENT",-0.132799349119066,0.066008047498489,0.371943292552088,16,"UBE2D1:11, RPS27A:59, BIRC3:75, UBA52:103, IKBKG:445, BIRC2:6282.5, UBB:6282.5, CHUK:6282.5, UBE2D2:6282.5, TRAF6:6282.5, UBE2V1:6282.5, RIPK3:6282.5, TLR3:6282.5, UBE2N:11716, RIPK1:13907, IKBKB:14262","Herbivore",1
"REACTOME_DDX58_IFIH1_MEDIATED_INDUCTION_OF_INTERFERON_ALPHA_BETA",-0.0138892074340802,0.712631769102365,0.899052538991965,59,"UBE2D1:11, RPS27A:59, UBA52:103, NLRX1:377, IKBKG:445, TRAF2:6282.5, FADD:6282.5, UBB:6282.5, APP:6282.5, TRIM25:6282.5, UBE2L6:6282.5, ISG15:6282.5, NFKBIA:6282.5, NFKBIB:6282.5, NFKB1:6282.5, RELA:6282.5, CHUK:6282.5, IRF3:6282.5, HERC5:6282.5, HSP90AA1:6282.5, CREBBP:6282.5, UBE2D2:6282.5, S100B:6282.5, HSP90AB1:6282.5, TRAF3:6282.5, NLRC5:6282.5, S100A12:6282.5, TRAF6:6282.5, IRF7:6282.5, NKIRAS1:6282.5, AGER:6282.5, TRIM4:6282.5, TANK:6282.5, IKBKE:6282.5, MAP3K1:6282.5, ATG5:6282.5, OTUD5:6282.5, CYLD:6282.5, TAX1BP1:6282.5, DHX58:6282.5, IFIH1:6282.5, TNFAIP3:6282.5, TKFC:6282.5, RNF135:6282.5, CASP8:11211, EP300:11369, SIKE1:11559, NFKB2:12055, UBA7:12375, TOMM70:12639, RNF125:12921, ATG12:13199, CASP10:13527, RIPK1:13907, ITCH:14022, IKBKB:14262, TBK1:14571, RNF216:14733, UBE2K:15061","Herbivore",1
"REACTOME_ADENYLATE_CYCLASE_ACTIVATING_PATHWAY",-0.200280363350903,0.0283355280013942,0.273328350832678,10,"ADCY1:241, ADCY2:835, ADCY8:981, ADCY3:1563, ADCY7:6282.5, GNAL:6282.5, ADCY9:6282.5, ADCY5:6282.5, ADCY6:6282.5, ADCY4:11732","Unclear",0
"REACTOME_ADENYLATE_CYCLASE_INHIBITORY_PATHWAY",-0.222898568457115,0.010491699768457,0.152552699052644,11,"ADCY1:241, GNAT3:831, ADCY2:835, ADCY8:981, ADCY3:1563, ADCY7:6282.5, GNAL:6282.5, ADCY9:6282.5, ADCY5:6282.5, ADCY6:6282.5, ADCY4:11732","Unclear",0
"REACTOME_REGULATION_OF_GLUCOKINASE_BY_GLUCOKINASE_REGULATORY_PROTEIN",-0.0285302392633757,0.595190282680188,0.850339207347368,29,"NUP88:192, NUP153:528, NUP50:643, GCKR:1283, RAE1:1313, NUP214:1425, TPR:6282.5, NDC1:6282.5, AAAS:6282.5, NUP188:6282.5, NUP93:6282.5, NUP155:6282.5, NUP43:6282.5, NUP210:6282.5, NUP58:6282.5, SEC13:6282.5, NUP35:6282.5, NUP62:6282.5, GCK:6282.5, NUP205:10887, NUP160:11681, NUP37:11698, NUP85:11843, NUP107:12122, NUP42:12532, NUP54:12910, NUP98:13246, NUP133:13372, SEH1L:14240","Both",3
"REACTOME_SIGNALING_BY_TGF_BETA_RECEPTOR_COMPLEX",-0.0399639536265144,0.223512742472109,0.595907511507136,78,"UBE2D1:11, RPS27A:59, UBE2M:83, UBA52:103, RHOA:150, CBL:878, ITGB3:935, ITGB5:1095, LTBP1:1295, NEDD4L:1348, PARP1:1379, CDKN2B:1684, STAT1:6282.5, MAPK3:6282.5, UBB:6282.5, TFDP1:6282.5, TGFB2:6282.5, SERPINE1:6282.5, TGFB3:6282.5, F11R:6282.5, PPP1CA:6282.5, CCNT2:6282.5, CCNT1:6282.5, CDK9:6282.5, FURIN:6282.5, SMAD4:6282.5, STUB1:6282.5, NCOR1:6282.5, WWTR1:6282.5, MYC:6282.5, NCOR2:6282.5, TRIM33:6282.5, SMAD7:6282.5, SMURF2:6282.5, RNF111:6282.5, E2F4:6282.5, ITGA8:6282.5, LTBP4:6282.5, ITGB8:6282.5, ITGB6:6282.5, LTBP2:6282.5, LTBP3:6282.5, MTMR4:6282.5, PARD6A:6282.5, SP1:6282.5, STRAP:6282.5, BAMBI:6282.5, ATP1B4:6282.5, ARHGEF18:6282.5, TGFBR1:6282.5, UCHL5:6282.5, TGIF2:6282.5, MEN1:6282.5, SKIL:6282.5, CGN:6282.5, SKI:6282.5, TGFBR2:6282.5, PMEPA1:10847, SNW1:10866, PPM1A:11119, EP300:11369, CCNK:11699, PARD3:11871, ITGAV:12046, TGIF1:12058, ITGB1:12155, USP15:12201, FBN1:12346, HDAC1:12354, COL1A2:12472, TFDP2:12914, RBL1:13237, TGFB1:13316, SMURF1:13611, PPP1CB:13966, JUNB:14430, E2F5:14460, ZFYVE9:14910","Herbivore",1
"REACTOME_P38MAPK_EVENTS",-0.0356982703395259,0.743642598330826,0.906785752468028,7,"SRC:6282.5, MAPK11:6282.5, MAPK12:6282.5, MAPKAPK3:6282.5, MAPKAPK2:6282.5, RALB:6282.5, MAPK13:12786","Unclear",0
"REACTOME_ALTERNATIVE_COMPLEMENT_ACTIVATION",-0.0316520959426138,0.806383894305526,0.934594147963033,5,"CFD:6282.5, C3:6282.5, CFP:6282.5, CFB:6282.5, GZMM:11315","Unclear",0
"REACTOME_APC_C_CDC20_MEDIATED_DEGRADATION_OF_CYCLIN_B",-0.0108140225787285,0.877373704094816,0.960894915092087,17,"UBE2D1:11, RPS27A:59, UBA52:103, ANAPC15:797, CDC20:1297, UBB:6282.5, CDC27:6282.5, ANAPC4:6282.5, UBE2S:6282.5, ANAPC2:6282.5, CDC26:11254, ANAPC5:12378, CDC16:12776, ANAPC7:14051, CDC23:14341, CCNB1:14449, ANAPC1:14818","Herbivore",1
"REACTOME_SCF_BETA_TRCP_MEDIATED_DEGRADATION_OF_EMI1",-0.0460462712431217,0.33295043495445,0.694802817387585,37,"RPS27A:59, SKP1:68, UBA52:103, FZR1:392, PSMB9:1148, CDC20:1297, PSMB11:1646, PSMD5:6282.5, PSMB5:6282.5, PSMD3:6282.5, PSMD9:6282.5, PSMF1:6282.5, PSMB2:6282.5, PSMA1:6282.5, PSME3:6282.5, PSMB6:6282.5, PSMA8:6282.5, PSMD4:6282.5, PSMB4:6282.5, PSMD6:6282.5, UBB:6282.5, PSMD13:6282.5, PSMD12:6282.5, PSMB8:6282.5, PSMB10:6282.5, FBXO5:6282.5, PSMD10:11350, PSMD1:11428, PSMB1:11506, BTRC:11532, PSMB7:11603, PSME4:11744, SEM1:11957, PSMD8:12029, PSMD2:14237, PSME2:14297, PSME1:14419","Herbivore",1
"REACTOME_APC_C_MEDIATED_DEGRADATION_OF_CELL_CYCLE_PROTEINS",-0.0184033149962753,0.614127448762771,0.854941156448105,63,"UBE2D1:11, RPS27A:59, SKP1:68, UBA52:103, FZR1:392, ANAPC15:797, CDC14A:841, PSMB9:1148, CDC20:1297, PSMB11:1646, PSMD5:6282.5, PSMB5:6282.5, PSMD3:6282.5, PSMD9:6282.5, PSMF1:6282.5, PSMB2:6282.5, PSMA1:6282.5, PSME3:6282.5, PSMB6:6282.5, PSMA8:6282.5, PSMD4:6282.5, PSMB4:6282.5, PSMD6:6282.5, UBB:6282.5, PSMD13:6282.5, PSMD12:6282.5, PSMB8:6282.5, PSMB10:6282.5, CDK2:6282.5, RB1:6282.5, CDC27:6282.5, ANAPC4:6282.5, UBE2S:6282.5, SKP2:6282.5, ANAPC2:6282.5, BUB1B:6282.5, MAD2L1:6282.5, CCNA1:6282.5, AURKA:6282.5, FBXO5:6282.5, NEK2:6282.5, PTTG1:6282.5, AURKB:6282.5, CDC26:11254, PSMD10:11350, PSMD1:11428, PSMB1:11506, BTRC:11532, PSMB7:11603, PSME4:11744, SEM1:11957, PLK1:11972, PSMD8:12029, ANAPC5:12378, CDC16:12776, CCNA2:13232, ANAPC7:14051, PSMD2:14237, PSME2:14297, CDC23:14341, PSME1:14419, CCNB1:14449, ANAPC1:14818","Herbivore",1
"REACTOME_APC_C_CDH1_MEDIATED_DEGRADATION_OF_CDC20_AND_OTHER_APC_C_CDH1_TARGETED_PROTEINS_IN_LATE_MITOSIS_EARLY_G1",-0.0133022751895991,0.740415657498463,0.904799102939707,52,"UBE2D1:11, RPS27A:59, UBA52:103, FZR1:392, ANAPC15:797, PSMB9:1148, CDC20:1297, PSMB11:1646, PSMD5:6282.5, PSMB5:6282.5, PSMD3:6282.5, PSMD9:6282.5, PSMF1:6282.5, PSMB2:6282.5, PSMA1:6282.5, PSME3:6282.5, PSMB6:6282.5, PSMA8:6282.5, PSMD4:6282.5, PSMB4:6282.5, PSMD6:6282.5, UBB:6282.5, PSMD13:6282.5, PSMD12:6282.5, PSMB8:6282.5, PSMB10:6282.5, RB1:6282.5, CDC27:6282.5, ANAPC4:6282.5, UBE2S:6282.5, SKP2:6282.5, ANAPC2:6282.5, AURKA:6282.5, PTTG1:6282.5, AURKB:6282.5, CDC26:11254, PSMD10:11350, PSMD1:11428, PSMB1:11506, PSMB7:11603, PSME4:11744, SEM1:11957, PLK1:11972, PSMD8:12029, ANAPC5:12378, CDC16:12776, ANAPC7:14051, PSMD2:14237, PSME2:14297, CDC23:14341, PSME1:14419, ANAPC1:14818","Herbivore",1
"REACTOME_TRANSPORT_AND_SYNTHESIS_OF_PAPS",-0.0817546612861039,0.488033906889276,0.791285085325538,6,"PAPSS1:1409, SLC26A1:6282.5, SLC26A2:6282.5, SLC35B2:6282.5, PAPSS2:6282.5, SLC35B3:12456","Unclear",0
"REACTOME_POLYMERASE_SWITCHING_ON_THE_C_STRAND_OF_THE_TELOMERE",-0.010984125201243,0.852330569968694,0.950960406963834,24,"POLD2:160, POLA2:546, RFC1:6282.5, RFC2:6282.5, POLD1:6282.5, POLD3:6282.5, RFC5:6282.5, RFC3:6282.5, RFC4:6282.5, POLD4:6282.5, TINF2:6282.5, TERF1:6282.5, TERF2IP:6282.5, POLA1:6282.5, PRIM1:6282.5, CHTF18:6282.5, DSCC1:6282.5, TEN1:6282.5, PRIM2:12121, CHTF8:12778, ACD:13368, POT1:13500, CTC1:13688, TERF2:14700","Both",3
"REACTOME_PROCESSIVE_SYNTHESIS_ON_THE_C_STRAND_OF_THE_TELOMERE",-0.0826754468016114,0.224830851256662,0.59659713972312,18,"POLD2:160, LIG1:198, BLM:414, FEN1:1640, RPA1:1675, POLD1:6282.5, POLD3:6282.5, RPA2:6282.5, POLD4:6282.5, TINF2:6282.5, TERF1:6282.5, TERF2IP:6282.5, DNA2:6282.5, WRN:6282.5, ACD:13368, POT1:13500, RPA3:13748, TERF2:14700","Vertivore",2
"REACTOME_TELOMERE_C_STRAND_LAGGING_STRAND_SYNTHESIS",-0.0597245643620011,0.242729044184672,0.613478153584784,32,"POLD2:160, LIG1:198, BLM:414, POLA2:546, FEN1:1640, RPA1:1675, RFC1:6282.5, RFC2:6282.5, POLD1:6282.5, POLD3:6282.5, RFC5:6282.5, RPA2:6282.5, RFC3:6282.5, RFC4:6282.5, POLD4:6282.5, TINF2:6282.5, TERF1:6282.5, TERF2IP:6282.5, POLA1:6282.5, PRIM1:6282.5, CHTF18:6282.5, DSCC1:6282.5, DNA2:6282.5, WRN:6282.5, TEN1:6282.5, PRIM2:12121, CHTF8:12778, ACD:13368, POT1:13500, CTC1:13688, RPA3:13748, TERF2:14700","Vertivore",2
"REACTOME_ACTIVATION_OF_C3_AND_C5",-0.0246796925048046,0.821130057639936,0.939233875864161,7,"C3:6282.5, C5:6282.5, CFP:6282.5, C4A:6282.5, C4B:6282.5, CFB:6282.5, C2:13847","Unclear",0
"REACTOME_ASSEMBLY_OF_THE_HIV_VIRION",-0.127707959305805,0.0869250352642477,0.402615170888804,15,"RPS27A:59, UBA52:103, UBB:6282.5, PPIA:6282.5, FURIN:6282.5, TSG101:6282.5, VPS37B:6282.5, MVB12A:6282.5, NMT2:6282.5, VPS37A:6282.5, VPS28:6282.5, VPS37C:6282.5, VPS37D:6282.5, MVB12B:6282.5, UBAP1:11474","Herbivore",1
"REACTOME_CONVERSION_FROM_APC_C_CDC20_TO_APC_C_CDH1_IN_LATE_ANAPHASE",-0.0315005984440455,0.672845460925456,0.883292543339485,15,"UBE2D1:11, FZR1:392, ANAPC15:797, CDC14A:841, CDC20:1297, CDC27:6282.5, ANAPC4:6282.5, UBE2S:6282.5, ANAPC2:6282.5, CDC26:11254, ANAPC5:12378, CDC16:12776, ANAPC7:14051, CDC23:14341, ANAPC1:14818","Both",3
"REACTOME_PHOSPHORYLATION_OF_EMI1",-0.0524321900919076,0.684741495314532,0.886280628895981,5,"FZR1:392, CDC20:1297, FBXO5:6282.5, PLK1:11972, CCNB1:14449","Unclear",0
"REACTOME_CONJUGATION_OF_BENZOATE_WITH_GLYCINE",-0.0746778711484594,0.71452634372638,0.899052538991965,2,"GLYATL3:1155, ACSM2B:12012","Unclear",0
"REACTOME_INTERACTIONS_OF_REV_WITH_HOST_CELLULAR_PROTEINS",-0.00831576728499156,0.870791139474364,0.958966750500332,32,"RAN:71, NUP88:192, NUP153:528, NUP50:643, RAE1:1313, NUP214:1425, TPR:6282.5, NDC1:6282.5, AAAS:6282.5, NUP188:6282.5, NUP93:6282.5, NUP155:6282.5, NUP43:6282.5, NUP210:6282.5, NUP58:6282.5, SEC13:6282.5, NUP35:6282.5, NUP62:6282.5, RANGAP1:6282.5, NPM1:6282.5, NUP205:10887, NUP160:11681, NUP37:11698, NUP85:11843, NUP107:12122, NUP42:12532, NUP54:12910, RANBP1:13119, NUP98:13246, NUP133:13372, RCC1:13385, SEH1L:14240","Both",3
"REACTOME_RETROGRADE_NEUROTROPHIN_SIGNALLING",-0.0904900751373781,0.321852479759346,0.686142571828483,10,"DNM3:1172, AP2M1:6282.5, AP2A2:6282.5, DNM2:6282.5, DNM1:6282.5, SH3GL2:6282.5, CLTA:6282.5, NGF:6282.5, NTRK1:6282.5, AP2A1:12312","Unclear",0
"REACTOME_SIGNALING_BY_EGFR",-0.0761139883409642,0.077703895002507,0.389668333220396,45,"RPS27A:59, CDC42:60, UBA52:103, ADAM17:468, EPN1:578, PTPRK:740, LRIG1:822, CBL:878, SHC1:997, PLCG1:1240, PTPN11:6282.5, UBB:6282.5, CSK:6282.5, SOS1:6282.5, PIK3CA:6282.5, AAMP:6282.5, PIK3R1:6282.5, SRC:6282.5, ARHGEF7:6282.5, EREG:6282.5, PTPN12:6282.5, EGFR:6282.5, BTC:6282.5, SH3GL2:6282.5, SH3KBP1:6282.5, SPRY2:6282.5, PXN:6282.5, AREG:6282.5, TGFA:6282.5, SH3GL3:6282.5, PTPN3:6282.5, EPS15:6282.5, STAM2:6282.5, HGS:6282.5, ADAM12:10804, SH3GL1:10923, PAG1:11374, ADAM10:11589, GAB1:11916, SPRY1:12621, EGF:12763, STAM:14087, HBEGF:14150, EPGN:14199, EPS15L1:14398","Herbivore",1
"REACTOME_CHONDROITIN_SULFATE_DERMATAN_SULFATE_METABOLISM",-0.0500844880027036,0.22121437899823,0.594410618977359,50,"CSPG4:128, DSE:349, DSEL:1071, BCAN:1233, CSPG5:1341, GPC1:6282.5, SDC1:6282.5, SDC4:6282.5, SDC3:6282.5, SDC2:6282.5, AGRN:6282.5, DCN:6282.5, HSPG2:6282.5, VCAN:6282.5, BGN:6282.5, IDS:6282.5, XYLT2:6282.5, B4GALT7:6282.5, CHPF2:6282.5, GPC4:6282.5, XYLT1:6282.5, B3GAT1:6282.5, B3GAT2:6282.5, ARSB:6282.5, CHST3:6282.5, CHPF:6282.5, IDUA:6282.5, CHSY1:6282.5, CHST12:6282.5, CHST7:6282.5, GPC3:6282.5, CSGALNACT1:6282.5, B3GAT3:6282.5, CHST9:6282.5, CHST14:6282.5, GPC5:6282.5, CHST15:6282.5, GPC6:6282.5, HYAL3:6282.5, CHSY3:6282.5, GPC2:6282.5, HEXA:6282.5, CHST11:11903, HYAL1:12971, UST:13365, CSGALNACT2:14231, CHST13:14537, B3GALT6:14843, NCAN:14905, HEXB:14977","Unclear",0
"REACTOME_APC_CDC20_MEDIATED_DEGRADATION_OF_NEK2A",-0.0488975019497554,0.460813093987667,0.773332632499681,19,"UBE2D1:11, RPS27A:59, UBA52:103, ANAPC15:797, CDC20:1297, UBB:6282.5, CDC27:6282.5, ANAPC4:6282.5, UBE2S:6282.5, ANAPC2:6282.5, BUB1B:6282.5, MAD2L1:6282.5, NEK2:6282.5, CDC26:11254, ANAPC5:12378, CDC16:12776, ANAPC7:14051, CDC23:14341, ANAPC1:14818","Herbivore",1
"REACTOME_SRP_DEPENDENT_COTRANSLATIONAL_PROTEIN_TARGETING_TO_MEMBRANE",-0.0639051543410685,0.108110228323687,0.450674679832376,53,"RPS27A:59, RPL34:66, RPL19:69, UBA52:103, RPS26:138, RPL31:169, RPS7:178, RPS23:180, RPL8:184, RPS17:201, RPL17:206, RPL13:905, SSR2:1460, RPS5:6282.5, RPLP0:6282.5, RPL3:6282.5, RPS10:6282.5, RPL3L:6282.5, RPS2:6282.5, RPL32:6282.5, RPL10L:6282.5, RPL38:6282.5, RPL15:6282.5, RPLP2:6282.5, RPS27L:6282.5, RPL14:6282.5, RPL36A:6282.5, DDOST:6282.5, SSR3:6282.5, SPCS1:6282.5, SPCS2:6282.5, RPN2:6282.5, SSR1:6282.5, SEC11A:6282.5, SRPRB:6282.5, SRP68:6282.5, SRP72:6282.5, SSR4:6282.5, SRPRA:6282.5, TRAM1:11072, RPL7:12006, RPL6:12073, RPL4:12176, SRP19:12476, RPS3:12824, RPL9:12853, SRP14:14212, RPN1:14492, RPS15:14780, RPS27:14996, RPS15A:15066, RPS14:15087, RPL23:15099","Herbivore",1
"REACTOME_APOBEC3G_MEDIATED_RESISTANCE_TO_HIV_1_INFECTION",-0.09703081232493,0.634593051011292,0.860926464238795,2,"PPIA:6282.5, PSIP1:6282.5","Unclear",0
"REACTOME_NUCLEAR_IMPORT_OF_REV_PROTEIN",-0.0175302536435503,0.739862663528546,0.904799102939707,30,"RAN:71, NUP88:192, NUP153:528, NUP50:643, RAE1:1313, NUP214:1425, TPR:6282.5, NDC1:6282.5, AAAS:6282.5, NUP188:6282.5, NUP93:6282.5, NUP155:6282.5, NUP43:6282.5, NUP210:6282.5, NUP58:6282.5, SEC13:6282.5, NUP35:6282.5, NUP62:6282.5, NPM1:6282.5, NUP205:10887, NUP160:11681, NUP37:11698, NUP85:11843, NUP107:12122, NUP42:12532, NUP54:12910, NUP98:13246, NUP133:13372, RCC1:13385, SEH1L:14240","Both",3
"REACTOME_EXTENSION_OF_TELOMERES",-0.0601659963362091,0.167888343167033,0.538031733074582,44,"POLD2:160, LIG1:198, RTEL1:276, WRAP53:324, BLM:414, POLA2:546, FEN1:1640, RPA1:1675, CDK2:6282.5, RFC1:6282.5, RFC2:6282.5, POLD1:6282.5, POLD3:6282.5, RFC5:6282.5, RPA2:6282.5, RFC3:6282.5, RFC4:6282.5, POLD4:6282.5, TINF2:6282.5, TERF1:6282.5, TERF2IP:6282.5, POLA1:6282.5, PRIM1:6282.5, CCNA1:6282.5, PPP6R3:6282.5, PPP6C:6282.5, CHTF18:6282.5, DKC1:6282.5, DSCC1:6282.5, DNA2:6282.5, SHQ1:6282.5, NHP2:6282.5, WRN:6282.5, TEN1:6282.5, ANKRD28:11340, PRIM2:12121, PIF1:12518, CHTF8:12778, CCNA2:13232, ACD:13368, POT1:13500, CTC1:13688, RPA3:13748, TERF2:14700","Vertivore",2
"REACTOME_SEROTONIN_NEUROTRANSMITTER_RELEASE_CYCLE",-0.0776048048877306,0.332783019766346,0.694802817387585,13,"SNAP25:21, TSPOAP1:272, SLC18A2:361, SYN1:6282.5, SYT1:6282.5, RIMS1:6282.5, STX1A:6282.5, PPFIA2:6282.5, PPFIA4:6282.5, SYN3:6282.5, UNC13B:11038, SYN2:14135, PPFIA3:14931","Both",3
"REACTOME_NOREPINEPHRINE_NEUROTRANSMITTER_RELEASE_CYCLE",-0.0476864396541309,0.55175238312575,0.825278329842569,13,"SNAP25:21, TSPOAP1:272, SLC18A2:361, SYT1:6282.5, RIMS1:6282.5, STX1A:6282.5, SLC22A2:6282.5, PPFIA2:6282.5, PPFIA4:6282.5, UNC13B:11038, SLC22A1:13158, MAOA:13208, PPFIA3:14931","Both",3
"REACTOME_ACETYLCHOLINE_BINDING_AND_DOWNSTREAM_EVENTS",-0.162643650526518,0.0351756114842881,0.293618645861904,14,"CHRNB2:262, CHRNA4:652, CHRNA3:767, CHRNE:1281, CHRNB4:6282.5, CHRNA2:6282.5, CHRND:6282.5, CHRNA1:6282.5, CHRNB3:6282.5, CHRNA6:6282.5, CHRNA5:6282.5, CHRNA9:6282.5, CHRNG:6282.5, CHRNA7:13898","Unclear",0
"REACTOME_NEF_MEDIATED_CD8_DOWN_REGULATION",-0.0177090338489128,0.890930027530611,0.966647882209417,5,"AP2M1:6282.5, AP2A2:6282.5, ATP6V1H:6282.5, CD8B:6282.5, AP2A1:12312","Unclear",0
"REACTOME_EGFR_DOWNREGULATION",-0.0623968191224684,0.245219103380161,0.613478153584784,29,"RPS27A:59, CDC42:60, UBA52:103, EPN1:578, PTPRK:740, CBL:878, UBB:6282.5, ARHGEF7:6282.5, EREG:6282.5, PTPN12:6282.5, EGFR:6282.5, BTC:6282.5, SH3GL2:6282.5, SH3KBP1:6282.5, SPRY2:6282.5, AREG:6282.5, TGFA:6282.5, SH3GL3:6282.5, PTPN3:6282.5, EPS15:6282.5, STAM2:6282.5, HGS:6282.5, SH3GL1:10923, SPRY1:12621, EGF:12763, STAM:14087, HBEGF:14150, EPGN:14199, EPS15L1:14398","Herbivore",1
"REACTOME_STING_MEDIATED_INDUCTION_OF_HOST_IMMUNE_RESPONSES",-0.0107948261768525,0.888818525683002,0.965385422774971,14,"XRCC5:317, MRE11:1742, IRF3:6282.5, TRIM21:6282.5, DTX4:6282.5, NLRP4:6282.5, XRCC6:6282.5, NLRC3:6282.5, STING1:6282.5, PRKDC:6282.5, STAT6:12113, TREX1:12703, DDX41:14013, TBK1:14571","Unclear",0
"REACTOME_CYTOSOLIC_SENSORS_OF_PATHOGEN_ASSOCIATED_DNA",-0.0144788732394366,0.718393256963695,0.900739250560182,52,"RPS27A:59, UBA52:103, XRCC5:317, IKBKG:445, LRRFIP1:779, MRE11:1742, UBB:6282.5, NFKBIA:6282.5, NFKBIB:6282.5, NFKB1:6282.5, RELA:6282.5, CHUK:6282.5, IRF3:6282.5, CREBBP:6282.5, TRIM21:6282.5, IRF7:6282.5, NKIRAS1:6282.5, DTX4:6282.5, ZBP1:6282.5, RIPK3:6282.5, NLRP4:6282.5, TLR3:6282.5, XRCC6:6282.5, POLR3B:6282.5, POLR3E:6282.5, POLR3G:6282.5, POLR3GL:6282.5, POLR3F:6282.5, NLRC3:6282.5, POLR3D:6282.5, TRIM56:6282.5, POLR1C:6282.5, STING1:6282.5, POLR3C:6282.5, CRCP:6282.5, PRKDC:6282.5, POLR3H:10829, POLR2F:11153, TRIM32:11200, DHX9:11244, EP300:11369, POLR3A:11401, POLR1D:11625, MYD88:11646, NFKB2:12055, STAT6:12113, TREX1:12703, RIPK1:13907, DDX41:14013, IKBKB:14262, TBK1:14571, DHX36:14804","Herbivore",1
"REACTOME_SIGNALING_BY_CYTOSOLIC_FGFR1_FUSION_MUTANTS",-0.0717010771992819,0.336497601986617,0.695762816951685,15,"LRRFIP1:779, CEP43:1267, MYO18A:1637, STAT1:6282.5, PIK3CA:6282.5, PIK3R1:6282.5, GAB2:6282.5, STAT5A:6282.5, STAT5B:6282.5, FGFR1OP2:6282.5, CNTRL:6282.5, BCR:6282.5, CUX1:11170, TRIM24:13306, ZMYM2:14858","Both",3
"REACTOME_FGFR1_MUTANT_RECEPTOR_ACTIVATION",-0.0601331668747399,0.279831311186254,0.645813590749729,27,"FGF8:76, LRRFIP1:779, FGF5:996, CEP43:1267, MYO18A:1637, STAT1:6282.5, PIK3CA:6282.5, PIK3R1:6282.5, GAB2:6282.5, FGF4:6282.5, FGF6:6282.5, FGF1:6282.5, FGF2:6282.5, FGF17:6282.5, STAT5A:6282.5, STAT5B:6282.5, FGFR1OP2:6282.5, CNTRL:6282.5, ERLIN2:6282.5, BAG4:6282.5, BCR:6282.5, CUX1:11170, FGF20:11475, TRIM24:13306, FGF23:13788, FGFR1:14005, ZMYM2:14858","Both",3
"REACTOME_FGFR2_MUTANT_RECEPTOR_ACTIVATION",-0.0968808071737693,0.154928912936879,0.523174867471389,18,"POLR2J:39, FGF8:76, FGF5:996, FGFR2:1505, GTF2F1:6282.5, NCBP1:6282.5, GTF2F2:6282.5, FGF10:6282.5, FGF22:6282.5, FGF4:6282.5, FGF6:6282.5, FGF1:6282.5, FGF2:6282.5, FGF17:6282.5, FGF7:10886, POLR2F:11153, FGF20:11475, FGF23:13788","Unclear",0
"REACTOME_ORGANELLE_BIOGENESIS_AND_MAINTENANCE",-0.00723943421901679,0.698122550844407,0.892705644803167,246,"DYNC2H1:17, CRTC2:101, CEP164:134, HELZ2:301, CEP131:325, LZTFL1:330, HAUS3:388, IFT140:447, TRAF3IP1:454, CRTC3:488, MTX1:524, TUBB4A:543, AHI1:592, OFD1:598, SDCCAG8:622, NPHP4:630, FBF1:644, IFT172:670, CDK5RAP2:704, TUBA4A:786, PCM1:850, CEP250:884, RPGRIP1L:1021, TRIP11:1111, HCFC1:1157, CEP43:1267, IFT20:1298, PRKAA2:1324, MEF2D:1464, INPP5E:1534, DYNLL2:6282.5, PRKAR2B:6282.5, KIFAP3:6282.5, KIF3C:6282.5, TUBB1:6282.5, KIF3B:6282.5, TUBA1B:6282.5, KIF3A:6282.5, TUBB2A:6282.5, TUBB2B:6282.5, APOOL:6282.5, TUBAL3:6282.5, TUBA8:6282.5, TUBB4B:6282.5, PRKAG2:6282.5, PRKAB1:6282.5, KIF17:6282.5, CNTRL:6282.5, HSP90AA1:6282.5, CREBBP:6282.5, NCOR1:6282.5, NCOA1:6282.5, TBL1X:6282.5, PPARGC1A:6282.5, MED1:6282.5, TGS1:6282.5, NCOA2:6282.5, CHD9:6282.5, MAPK11:6282.5, RXRA:6282.5, MAPK12:6282.5, NCOA6:6282.5, ATP5F1B:6282.5, MTX2:6282.5, ATF2:6282.5, TCP1:6282.5, SOD2:6282.5, DYNC1I2:6282.5, DCTN2:6282.5, DYNC1H1:6282.5, DCTN1:6282.5, ATP5F1D:6282.5, ATP5PB:6282.5, ATP5MC2:6282.5, ATP5MC3:6282.5, ATP5PF:6282.5, ATP5F1C:6282.5, ATP5MG:6282.5, IDH2:6282.5, EXOC5:6282.5, EXOC8:6282.5, EXOC4:6282.5, EXOC6:6282.5, EXOC3:6282.5, EXOC7:6282.5, HDAC6:6282.5, SIRT4:6282.5, SIRT5:6282.5, NR1D1:6282.5, GLUD1:6282.5, PPARGC1B:6282.5, ESRRA:6282.5, TMEM11:6282.5, APOO:6282.5, POLG2:6282.5, HAUS4:6282.5, NINL:6282.5, MAPRE1:6282.5, CCP110:6282.5, CEP152:6282.5, CEP41:6282.5, CEP72:6282.5, CEP70:6282.5, NEK2:6282.5, B9D2:6282.5, ODF2:6282.5, HAUS2:6282.5, CSNK1D:6282.5, PLK4:6282.5, CEP78:6282.5, CENPJ:6282.5, HAUS1:6282.5, PCNT:6282.5, CEP57:6282.5, CKAP5:6282.5, SSNA1:6282.5, CEP63:6282.5, HAUS7:6282.5, HAUS5:6282.5, CCT8:6282.5, PKD1:6282.5, MKS1:6282.5, IFT88:6282.5, CC2D2A:6282.5, IFT80:6282.5, RAB11FIP3:6282.5, IFT74:6282.5, IFT27:6282.5, CLUAP1:6282.5, B9D1:6282.5, NPHP3:6282.5, IFT57:6282.5, CCT4:6282.5, IFT46:6282.5, IFT43:6282.5, TCTN3:6282.5, CEP89:6282.5, BBS9:6282.5, TTC21B:6282.5, MKKS:6282.5, DYNLRB1:6282.5, MCHR1:6282.5, IFT22:6282.5, CNGA4:6282.5, CEP162:6282.5, ATAT1:6282.5, DYNC2LI1:6282.5, BBS4:6282.5, SCLT1:6282.5, ASAP1:6282.5, WDR19:6282.5, BBS5:6282.5, CCT3:6282.5, RHO:6282.5, C2CD3:6282.5, SEPTIN2:6282.5, DYNLRB2:6282.5, TCTN2:6282.5, ARL13B:6282.5, IQCB1:6282.5, CEP83:6282.5, UNC119B:6282.5, BBS10:6282.5, BBS12:6282.5, CEP97:6282.5, CNGA2:6282.5, KIF24:6282.5, TMEM216:6282.5, TTC30A:6282.5, SSTR3:6282.5, ATP5PO:10838, PRKACA:10858, TTC26:10919, IMMT:11093, IFT81:11101, SAMM50:11159, GABPA:11286, PRKAB2:11287, ARL6:11300, CAMK4:11388, BBS1:11434, NDE1:11522, CEP76:11560, TWNK:11565, SSBP1:11569, AKAP9:11645, CHCHD3:11652, PRKAG1:11774, IFT122:11857, TTC30B:11864, PKD2:11898, TFB1M:11926, DCTN3:11931, CETN2:11941, PLK1:11972, WDR35:12009, HSPB11:12114, CEP290:12146, CCT5:12181, BBS2:12199, HAUS6:12253, ACSS2:12390, TCTN1:12417, MTERF1:12443, TMEM67:12463, ALAS1:12465, RAB3IP:12530, TUBA1A:12546, CEP135:12589, ATP5MF:12597, DNAJC11:12625, HAUS8:12746, ATP5F1A:12750, CCT2:12782, DMAC2L:12807, NEDD1:12855, ATP5MC1:12982, TTBK2:13000, EXOC1:13173, MARK4:13200, SFI1:13279, NPHP1:13395, POLRMT:13428, IFT52:13603, ATP5PD:13618, PPRC1:13733, SMO:13839, BBIP1:14059, MICOS13:14078, CLASP1:14098, EXOC2:14221, RP2:14225, TTC8:14292, GBF1:14303, CHCHD6:14414, CARM1:14601, BBS7:14666, TFB2M:14707, PPARA:14728, TUBB:14742, CRTC1:14887, TFAM:14925, CEP192:15033, DYNLL1:15080, TUBB8B:15090, TUBB8:15095","Both",3
"REACTOME_SYNTHESIS_OF_IP2_IP_AND_INS_IN_THE_CYTOSOL",-0.00979307913000271,0.899078007849649,0.970681226438873,14,"INPP5B:1307, MTMR7:6282.5, INPP4A:6282.5, INPP5A:6282.5, MIOX:6282.5, MTMR9:6282.5, INPP4B:6282.5, OCRL:6282.5, INPP1:6282.5, SYNJ1:6282.5, INPP5J:6282.5, IMPA2:13858, IMPA1:13903, ISYNA1:14107","Unclear",0
"REACTOME_SYNTHESIS_OF_IP3_AND_IP4_IN_THE_CYTOSOL",-0.0219167696282152,0.710325625106004,0.899052538991965,24,"PLD4:1077, PLCG1:1240, ITPKB:1274, INPP5B:1307, PLCH2:1575, PLCG2:6282.5, PLCB3:6282.5, INPPL1:6282.5, ITPKC:6282.5, PLCH1:6282.5, OCRL:6282.5, ITPKA:6282.5, PLCE1:6282.5, SYNJ1:6282.5, INPP5J:6282.5, PLCD1:6282.5, PLCB4:11252, INPP5D:11828, PLCB2:12405, ITPK1:12471, PLCD3:12856, PLCB1:12992, PLCD4:13362, PLCZ1:14794","Vertivore",2
"REACTOME_REGULATION_OF_BETA_CELL_DEVELOPMENT",-0.073048651018948,0.114855384456318,0.46640598688005,39,"MAML2:776, PDX1:1183, MAML3:1616, NEUROD1:1633, PKLR:1651, MAMLD1:1665, AKT2:6282.5, AKT1:6282.5, FGF10:6282.5, CREBBP:6282.5, PAX6:6282.5, HNF4A:6282.5, PAX4:6282.5, GCK:6282.5, KAT2A:6282.5, NR5A2:6282.5, NEUROG3:6282.5, FOXA2:6282.5, NKX2-2:6282.5, NOTCH1:6282.5, FOXO1:6282.5, MAML1:6282.5, HNF4G:6282.5, RBPJ:6282.5, PTF1A:6282.5, FOXA3:6282.5, INSM1:6282.5, MAFA:6282.5, RFX6:6282.5, ONECUT3:6282.5, INS:6282.5, HNF1B:6282.5, SNW1:10866, ONECUT1:11195, EP300:11369, NKX6-1:11966, HNF1A:13357, KAT2B:13850, SLC2A2:14290","Unclear",0
"REACTOME_DOWNSTREAM_SIGNAL_TRANSDUCTION",-0.0292931364506426,0.626967458530854,0.859478811260311,23,"PLCG1:1240, STAT1:6282.5, PTPN11:6282.5, BCAR1:6282.5, PDGFB:6282.5, PIK3R2:6282.5, SOS1:6282.5, PIK3CA:6282.5, GRB7:6282.5, PIK3R1:6282.5, SRC:6282.5, PDGFA:6282.5, STAT5A:6282.5, STAT5B:6282.5, NCK2:6282.5, NCK1:6282.5, RAPGEF1:6282.5, PDGFRB:6282.5, PDGFRA:6282.5, STAT6:12113, PIK3CB:12691, RASA1:14114, CRKL:14514","Unclear",0
"REACTOME_SIGNALING_BY_PDGF",-0.0433326110509209,0.280484949523926,0.645813590749729,52,"THBS3:28, COL6A1:157, COL6A2:404, PLCG1:1240, COL9A2:1306, COL9A3:1351, THBS2:1590, STAT1:6282.5, PTPN11:6282.5, BCAR1:6282.5, PDGFB:6282.5, PIK3R2:6282.5, SOS1:6282.5, PIK3CA:6282.5, THBS1:6282.5, GRB7:6282.5, PIK3R1:6282.5, SRC:6282.5, PDGFA:6282.5, STAT5A:6282.5, STAT5B:6282.5, FURIN:6282.5, PTPN12:6282.5, NCK2:6282.5, COL4A4:6282.5, COL9A1:6282.5, COL5A1:6282.5, COL4A2:6282.5, NCK1:6282.5, COL3A1:6282.5, COL4A3:6282.5, COL6A5:6282.5, COL4A1:6282.5, COL4A5:6282.5, COL5A2:6282.5, RAPGEF1:6282.5, PDGFRB:6282.5, PDGFRA:6282.5, THBS4:6282.5, PDGFC:6282.5, PDGFD:6282.5, PLAT:11793, STAT6:12113, SPP1:12609, PIK3CB:12691, COL6A3:13032, COL5A3:13477, RASA1:14114, PLG:14118, COL6A6:14343, CRKL:14514, COL2A1:15016","Both",3
"REACTOME_SCF_SKP2_MEDIATED_DEGRADATION_OF_P27_P21",-0.0340793684776821,0.450767061875203,0.772278509992157,41,"RPS27A:59, SKP1:68, UBA52:103, PTK6:444, PSMB9:1148, PSMD5:6282.5, PSMB5:6282.5, PSMD3:6282.5, PSMD9:6282.5, PSMF1:6282.5, PSMB2:6282.5, PSMA1:6282.5, PSME3:6282.5, PSMB6:6282.5, PSMD4:6282.5, PSMB4:6282.5, PSMD6:6282.5, UBB:6282.5, PSMD13:6282.5, PSMD12:6282.5, PSMB8:6282.5, PSMB10:6282.5, CDK2:6282.5, CDKN1A:6282.5, CCND1:6282.5, CDKN1B:6282.5, SKP2:6282.5, CCNE1:6282.5, CCNA1:6282.5, CCNE2:6282.5, CDK4:10976, PSMD10:11350, PSMD1:11428, PSMB1:11506, PSMB7:11603, SEM1:11957, PSMD8:12029, CCNA2:13232, PSMD2:14237, PSME2:14297, PSME1:14419","Herbivore",1
"REACTOME_SIGNALLING_TO_ERKS",-0.0272778316573937,0.658025393781881,0.875586557187255,22,"SHC1:997, SHC3:1588, MAPK3:6282.5, SOS1:6282.5, SRC:6282.5, FRS2:6282.5, MAP2K2:6282.5, MAPK11:6282.5, MAPK12:6282.5, RAPGEF1:6282.5, MAPKAPK3:6282.5, MAPKAPK2:6282.5, NGF:6282.5, RIT1:6282.5, RALB:6282.5, RIT2:6282.5, NTRK1:6282.5, KIDINS220:11881, SHC2:12074, MAPK13:12786, BRAF:13081, CRKL:14514","Unclear",0
"REACTOME_SIGNALLING_TO_P38_VIA_RIT_AND_RIN",-0.00692669804976465,0.957225221363954,0.99286485149477,5,"NGF:6282.5, RIT1:6282.5, RIT2:6282.5, NTRK1:6282.5, BRAF:13081","Unclear",0
"REACTOME_CELLULAR_HEXOSE_TRANSPORT",-0.0813846173033512,0.232152949736209,0.605747855824002,18,"SLC2A4:553, FGF21:594, SLC2A7:1128, SLC5A10:1631, SLC2A1:6282.5, SLC2A3:6282.5, SLC5A9:6282.5, SLC2A11:6282.5, SLC2A8:6282.5, SLC2A12:6282.5, SLC45A3:6282.5, SLC2A6:6282.5, SLC50A1:6282.5, SLC2A10:6282.5, SLC2A9:10937, SLC2A14:11802, SLC5A2:13100, SLC2A2:14290","Unclear",0
"REACTOME_SIGNALING_BY_FGFR",-0.106482867484963,0.00511163227301968,0.102403033202828,58,"POLR2J:39, RPS27A:59, FGF8:76, UBA52:103, FLRT1:780, ANOS1:836, CBL:878, FGF5:996, SHC1:997, PLCG1:1240, FGFR2:1505, HNRNPM:1671, PTPN11:6282.5, MAPK3:6282.5, UBB:6282.5, SOS1:6282.5, PIK3CA:6282.5, PIK3R1:6282.5, SRC:6282.5, GTF2F1:6282.5, NCBP1:6282.5, GTF2F2:6282.5, FGFR3:6282.5, FGF10:6282.5, FGF22:6282.5, FGF4:6282.5, FGF6:6282.5, FGF1:6282.5, KL:6282.5, KLB:6282.5, FGF2:6282.5, FGF17:6282.5, FGFR4:6282.5, FGF19:6282.5, FRS2:6282.5, FLRT3:6282.5, MKNK1:6282.5, SPRY2:6282.5, FRS3:6282.5, PTBP1:6282.5, RBFOX2:6282.5, ESRP2:6282.5, GALNT3:6282.5, FGFRL1:6282.5, FGFBP1:6282.5, SPRED1:6282.5, FGFBP3:6282.5, FLRT2:6282.5, SPRED2:6282.5, FGF7:10886, POLR2F:11153, FGF20:11475, GAB1:11916, ESRP1:13059, BRAF:13081, FGF23:13788, HNRNPH1:13918, FGFR1:14005","Unclear",0
"REACTOME_FGFR3_LIGAND_BINDING_AND_ACTIVATION",-0.0869574969160031,0.341104766961678,0.698411037474187,10,"FGF8:76, FGF5:996, FGFR3:6282.5, FGF4:6282.5, FGF1:6282.5, FGF2:6282.5, FGF17:6282.5, GALNT3:6282.5, FGF20:11475, FGF23:13788","Both",3
"REACTOME_FGFR2_LIGAND_BINDING_AND_ACTIVATION",-0.091113105924596,0.221966870904078,0.595545042023889,15,"FGF8:76, FGF5:996, FGFR2:1505, FGF10:6282.5, FGF22:6282.5, FGF4:6282.5, FGF6:6282.5, FGF1:6282.5, FGF2:6282.5, FGF17:6282.5, FGFBP1:6282.5, FGFBP3:6282.5, FGF7:10886, FGF20:11475, FGF23:13788","Both",3
"REACTOME_FGFR1_LIGAND_BINDING_AND_ACTIVATION",-0.0779759901267811,0.312574367983183,0.679296418230108,14,"FGF8:76, ANOS1:836, FGF5:996, FGF10:6282.5, FGF22:6282.5, FGF4:6282.5, FGF6:6282.5, FGF1:6282.5, KL:6282.5, FGF2:6282.5, FGF17:6282.5, FGF20:11475, FGF23:13788, FGFR1:14005","Both",3
"REACTOME_FGFR3B_LIGAND_BINDING_AND_ACTIVATION",-0.108944182918628,0.398896092748858,0.74387659098341,5,"FGF8:76, FGFR3:6282.5, FGF1:6282.5, FGF17:6282.5, FGF20:11475","Both",3
"REACTOME_FGFR1C_LIGAND_BINDING_AND_ACTIVATION",-0.0727191157877564,0.403764236355782,0.746437542132701,11,"FGF8:76, ANOS1:836, FGF5:996, FGF4:6282.5, FGF6:6282.5, FGF1:6282.5, FGF2:6282.5, FGF17:6282.5, FGF20:11475, FGF23:13788, FGFR1:14005","Both",3
"REACTOME_FGFR2C_LIGAND_BINDING_AND_ACTIVATION",-0.11796568352585,0.196546644145585,0.562497776816651,10,"FGF8:76, FGF5:996, FGFR2:1505, FGF4:6282.5, FGF6:6282.5, FGF1:6282.5, FGF2:6282.5, FGF17:6282.5, FGF20:11475, FGF23:13788","Both",3
"REACTOME_FGFR2B_LIGAND_BINDING_AND_ACTIVATION",-0.0984415293194305,0.335025977060508,0.695762816951685,8,"FGFR2:1505, FGF10:6282.5, FGF22:6282.5, FGF1:6282.5, FGF2:6282.5, FGFBP1:6282.5, FGFBP3:6282.5, FGF7:10886","Unclear",0
"REACTOME_GAP_JUNCTION_ASSEMBLY",-0.0182877206036227,0.733420278713607,0.904799102939707,29,"TUBB4A:543, GJC1:661, TUBA4A:786, GJA10:1228, GJA9:1366, TUBB1:6282.5, TUBA1B:6282.5, TUBB2A:6282.5, TUBB2B:6282.5, TUBAL3:6282.5, TUBA8:6282.5, TUBB4B:6282.5, GJD2:6282.5, GJA8:6282.5, GJA1:6282.5, GJB7:6282.5, GJD4:6282.5, GJA4:6282.5, GJB5:6282.5, GJB4:6282.5, GJC2:6282.5, GJB3:12424, TUBA1A:12546, GJA5:13083, GJA3:13614, GJB6:13752, GJB2:14673, TUBB8B:15090, TUBB8:15095","Both",3
"REACTOME_GAP_JUNCTION_DEGRADATION",-0.0290081161548187,0.739093650957795,0.904799102939707,11,"ACTG1:418, ACTB:6282.5, AP2M1:6282.5, MYO6:6282.5, DNM2:6282.5, DNM1:6282.5, CLTA:6282.5, CLTB:6282.5, GJA1:6282.5, DAB2:14296, CLTCL1:14961","Both",3
"REACTOME_PRE_NOTCH_PROCESSING_IN_THE_ENDOPLASMIC_RETICULUM",-0.0428016291148227,0.716573912597717,0.900111413803961,6,"NOTCH1:6282.5, POFUT1:6282.5, NOTCH2:6282.5, POGLUT1:6282.5, NOTCH4:6282.5, NOTCH3:11295","Unclear",0
"REACTOME_PRE_NOTCH_PROCESSING_IN_GOLGI",-0.0226335428122545,0.754036917396843,0.912101383011578,16,"ST3GAL3:480, LFNG:1229, ATP2A3:6282.5, ATP2A2:6282.5, FURIN:6282.5, NOTCH1:6282.5, SEL1L:6282.5, MFNG:6282.5, ST3GAL4:6282.5, NOTCH2:6282.5, RFNG:6282.5, NOTCH4:6282.5, NOTCH3:11295, ATP2A1:13148, B4GALT1:14421, ST3GAL6:14615","Unclear",0
"REACTOME_PRE_NOTCH_EXPRESSION_AND_PROCESSING",-0.0880327482227688,0.0128957605800612,0.1735153457153,67,"H4C15:49, H4C14:85, H4C3:171, H4C2:238, H4C13:295, H2BC15:350, H3C13:387, ST3GAL3:480, H3C11:588, MAML2:776, H2AC20:1105, H3C10:1224, LFNG:1229, H2AC4:1330, H3C8:1344, TNRC6C:1376, H3C4:1469, MAML3:1616, MAMLD1:1665, TP53:6282.5, TFDP1:6282.5, ATP2A3:6282.5, ATP2A2:6282.5, H3C1:6282.5, H4C8:6282.5, H2BC4:6282.5, H2BC21:6282.5, H4C11:6282.5, H2BC9:6282.5, H2AC14:6282.5, FURIN:6282.5, CREBBP:6282.5, KAT2A:6282.5, NOTCH1:6282.5, MAML1:6282.5, RBPJ:6282.5, JUN:6282.5, CCND1:6282.5, PRKCI:6282.5, SEL1L:6282.5, TNRC6A:6282.5, MFNG:6282.5, POFUT1:6282.5, ST3GAL4:6282.5, E2F3:6282.5, NOTCH2:6282.5, MOV10:6282.5, POGLUT1:6282.5, ELF3:6282.5, RFNG:6282.5, NOTCH4:6282.5, SNW1:10866, NOTCH3:11295, EP300:11369, TNRC6B:11613, H4C1:11869, AGO1:12768, TFDP2:12914, ATP2A1:13148, E2F1:13388, KAT2B:13850, H3C2:14121, B4GALT1:14421, RUNX1:14469, ST3GAL6:14615, SIRT6:14689, H3-3A:15088","Both",3
"REACTOME_CHOLESTEROL_BIOSYNTHESIS",-0.0564008088070097,0.329328572249899,0.692858128082344,25,"MVK:151, DHCR7:635, HSD17B7:673, LSS:801, PMVK:1408, SREBF1:6282.5, LBR:6282.5, IDI1:6282.5, FDFT1:6282.5, SQLE:6282.5, HMGCS1:6282.5, TM7SF2:6282.5, GGPS1:6282.5, FDPS:6282.5, MVD:6282.5, ACAT2:6282.5, NSDHL:6282.5, ARV1:6282.5, PLPP6:6282.5, MSMO1:11320, HMGCR:11799, DHCR24:13091, SC5D:13980, EBP:14586, CYP51A1:14994","Vertivore",2
"REACTOME_SNRNP_ASSEMBLY",-0.030570881657471,0.473769067628787,0.781523905704211,46,"SNRPD1:5, SNRPD3:62, SNRPG:185, NUP88:192, NUP153:528, NUP50:643, DDX20:942, RAE1:1313, NUP214:1425, NCBP1:6282.5, TPR:6282.5, NDC1:6282.5, AAAS:6282.5, NUP188:6282.5, NUP93:6282.5, NUP155:6282.5, NUP43:6282.5, NUP210:6282.5, NUP58:6282.5, SEC13:6282.5, NUP35:6282.5, NUP62:6282.5, TGS1:6282.5, GEMIN8:6282.5, GEMIN2:6282.5, WDR77:6282.5, GEMIN7:6282.5, PHAX:6282.5, SNUPN:6282.5, GEMIN4:6282.5, CLNS1A:10814, NUP205:10887, GEMIN6:11505, GEMIN5:11549, NUP160:11681, NUP37:11698, NUP85:11843, NUP107:12122, SMN2:12281, NUP42:12532, SMN1:12617, NUP54:12910, NUP98:13246, NUP133:13372, PRMT5:13746, SEH1L:14240","Herbivore",1
"REACTOME_P75NTR_SIGNALS_VIA_NF_KB",-0.111781867145422,0.134038005357864,0.490203901947727,15,"RPS27A:59, UBA52:103, SQSTM1:1531, UBB:6282.5, NFKBIA:6282.5, NFKB1:6282.5, RELA:6282.5, RIPK2:6282.5, TRAF6:6282.5, IRAK1:6282.5, PRKCI:6282.5, NGF:6282.5, NGFR:6282.5, MYD88:11646, IKBKB:14262","Herbivore",1
"REACTOME_NRAGE_SIGNALS_DEATH_THROUGH_JNK",-0.143725659616565,0.000264937053594216,0.0159233400364377,54,"ARHGEF11:130, TIAM2:146, ARHGEF2:183, OBSCN:306, TIAM1:396, AKAP13:401, ARHGEF12:502, FGD1:512, ITSN1:829, AATF:915, ARHGEF15:1025, ARHGEF38:1058, NGEF:1140, GNA13:1420, TRIO:1517, PLEKHG5:1558, ARHGEF16:1601, ARHGEF6:1661, SOS1:6282.5, VAV2:6282.5, ARHGEF7:6282.5, RASGRF2:6282.5, ARHGEF9:6282.5, SOS2:6282.5, KALRN:6282.5, NGF:6282.5, ARHGEF18:6282.5, NGFR:6282.5, ARHGEF10L:6282.5, ARHGEF1:6282.5, PLEKHG2:6282.5, MCF2:6282.5, ARHGEF10:6282.5, PREX1:6282.5, MCF2L:6282.5, FGD3:6282.5, ARHGEF4:6282.5, FGD4:6282.5, FGD2:6282.5, ABR:6282.5, ARHGEF3:6282.5, ARHGEF40:6282.5, NET1:6282.5, ARHGEF37:6282.5, ARHGEF33:6282.5, VAV1:11176, ARHGEF26:11459, ARHGEF19:11779, ARHGEF39:11959, ARHGEF17:12061, VAV3:13539, BAD:13638, ECT2:14132, BCL2L11:14495","Herbivore",1
"REACTOME_P75NTR_REGULATES_AXONOGENESIS",-0.167477851295279,0.0667286364633386,0.371943292552088,10,"RHOA:150, OMG:1498, MAG:6282.5, NGF:6282.5, NGFR:6282.5, MCF2:6282.5, RTN4R:6282.5, RTN4:6282.5, ARHGDIA:6282.5, LINGO1:6282.5","Herbivore",1
"REACTOME_P75_NTR_RECEPTOR_MEDIATED_SIGNALLING",-0.116642495043708,0.000209499652947007,0.0140937503899316,85,"RPS27A:59, UBA52:103, ARHGEF11:130, TIAM2:146, RHOA:150, ARHGEF2:183, OBSCN:306, TIAM1:396, AKAP13:401, ADAM17:468, ARHGEF12:502, FGD1:512, CASP2:564, ITSN1:829, AATF:915, ARHGEF15:1025, ARHGEF38:1058, NGEF:1140, GNA13:1420, OMG:1498, TRIO:1517, SQSTM1:1531, PLEKHG5:1558, ARHGEF16:1601, ARHGEF6:1661, UBB:6282.5, MAG:6282.5, SOS1:6282.5, VAV2:6282.5, ARHGEF7:6282.5, RASGRF2:6282.5, ARHGEF9:6282.5, NFKBIA:6282.5, NFKB1:6282.5, RELA:6282.5, NCSTN:6282.5, SOS2:6282.5, KALRN:6282.5, RIPK2:6282.5, TRAF6:6282.5, IRAK1:6282.5, PRKCI:6282.5, ITGB3BP:6282.5, SMPD2:6282.5, NGF:6282.5, ARHGEF18:6282.5, NGFR:6282.5, ARHGEF10L:6282.5, ARHGEF1:6282.5, PLEKHG2:6282.5, MCF2:6282.5, ARHGEF10:6282.5, PREX1:6282.5, MCF2L:6282.5, FGD3:6282.5, ARHGEF4:6282.5, FGD4:6282.5, FGD2:6282.5, ABR:6282.5, ARHGEF3:6282.5, ARHGEF40:6282.5, NET1:6282.5, ARHGEF37:6282.5, ARHGEF33:6282.5, RTN4R:6282.5, RTN4:6282.5, ARHGDIA:6282.5, LINGO1:6282.5, VAV1:11176, PRDM4:11356, ARHGEF26:11459, MYD88:11646, ARHGEF19:11779, PSEN2:11958, ARHGEF39:11959, ARHGEF17:12061, PSEN1:12167, HDAC1:12354, VAV3:13539, BAD:13638, APH1B:14076, ECT2:14132, IKBKB:14262, CASP3:14463, BCL2L11:14495","Herbivore",1
"REACTOME_SIGNALING_BY_VEGF",-0.0241538707979588,0.432238821610288,0.765546753795039,89,"CDC42:60, RHOA:150, SH2D2A:266, ACTG1:418, DOCK1:892, ITGB3:935, PLCG1:1240, ITPR1:1309, VEGFD:1378, MAPKAP1:1655, ROCK1:6282.5, AKT2:6282.5, AKT1:6282.5, PTK2:6282.5, PAK2:6282.5, BCAR1:6282.5, ACTB:6282.5, PIK3R2:6282.5, CAV1:6282.5, PIK3CA:6282.5, ITPR2:6282.5, AAMP:6282.5, PDPK1:6282.5, PIK3R1:6282.5, VEGFC:6282.5, PRKCA:6282.5, VAV2:6282.5, NOS3:6282.5, SRC:6282.5, TRIB3:6282.5, CYBA:6282.5, NCF4:6282.5, NCF2:6282.5, NCF1:6282.5, HSP90AA1:6282.5, CTNNA1:6282.5, NCK2:6282.5, PAK3:6282.5, NRP2:6282.5, ROCK2:6282.5, PAK1:6282.5, NCK1:6282.5, JUP:6282.5, MAPK11:6282.5, MAPK12:6282.5, MAPKAPK3:6282.5, PTK2B:6282.5, MAPKAPK2:6282.5, RICTOR:6282.5, PRR5:6282.5, MTOR:6282.5, PXN:6282.5, CDH5:6282.5, FLT4:6282.5, ELMO1:6282.5, SPHK1:6282.5, ELMO2:6282.5, WASF1:6282.5, NCKAP1L:6282.5, ABI1:6282.5, ABI2:6282.5, WASF2:6282.5, BAIAP2:6282.5, CYFIP1:6282.5, AXL:6282.5, PRKACA:10858, CTNND1:11015, VAV1:11176, VEGFB:11347, SHB:11361, WASF3:11531, ITPR3:11892, THEM4:11934, PRKACB:12035, ITGAV:12046, SHC2:12074, CYBB:12396, PIK3CB:12691, KDR:12705, MAPK13:12786, VEGFA:13111, HSPB1:13412, VAV3:13539, FLT1:13559, PRKCB:13667, NRP1:14054, RASA1:14114, PRKCD:14207, PGF:14792","Herbivore",1
"REACTOME_DEGRADATION_OF_BETA_CATENIN_BY_THE_DESTRUCTION_COMPLEX",-0.0452125239818826,0.238551993664514,0.610950631501589,57,"RPS27A:59, SKP1:68, UBA52:103, CTBP2:223, ZRANB1:389, AMER1:457, PSMB9:1148, AXIN2:1168, PSMB11:1646, PSMD5:6282.5, PSMB5:6282.5, PSMD3:6282.5, PSMD9:6282.5, PSMF1:6282.5, PSMB2:6282.5, PSMA1:6282.5, PSME3:6282.5, APC:6282.5, PSMB6:6282.5, PSMA8:6282.5, PSMD4:6282.5, PSMB4:6282.5, PSMD6:6282.5, UBB:6282.5, PSMD13:6282.5, PSMD12:6282.5, PSMB8:6282.5, PSMB10:6282.5, PPP2R5A:6282.5, PPP2R5B:6282.5, PPP2R5C:6282.5, PPP2R5D:6282.5, PPP2R1B:6282.5, TCF7:6282.5, GSK3B:6282.5, MYC:6282.5, TLE2:6282.5, TLE3:6282.5, TLE1:6282.5, AXIN1:6282.5, TCF7L2:6282.5, TLE4:10979, FRAT1:11338, PSMD10:11350, PSMD1:11428, PSMB1:11506, BTRC:11532, PSMB7:11603, PSME4:11744, SEM1:11957, PSMD8:12029, HDAC1:12354, TCF7L1:12419, LEF1:12491, PSMD2:14237, PSME2:14297, PSME1:14419","Herbivore",1
"REACTOME_RHO_GTPASE_EFFECTORS",-0.0206068251442493,0.287345259525444,0.653223757019628,228,"IQGAP3:1, H4C15:49, CDC42:60, H4C14:85, RHOA:150, H4C3:171, H4C2:238, PMF1:273, H4C13:295, H2BC15:350, H3C13:387, ACTG1:418, TUBB4A:543, IQGAP1:558, H3C11:588, CLIP1:724, TUBA4A:786, MYH10:800, DVL1:806, H2AC20:1105, H3C10:1224, CDC20:1297, H2AC4:1330, H3C8:1344, RHPN1:1385, H3C4:1469, RHOD:1475, DVL2:1509, CLASP2:1578, ZWINT:1630, PPP1R14A:1672, ROCK1:6282.5, MAPK3:6282.5, PTK2:6282.5, SFN:6282.5, PAK2:6282.5, DYNLL2:6282.5, PPP2R5A:6282.5, KIF2A:6282.5, PPP2R5B:6282.5, ACTB:6282.5, PPP2R5C:6282.5, ABL1:6282.5, TUBB1:6282.5, KLC3:6282.5, PPP2R5D:6282.5, TUBA1B:6282.5, KLC4:6282.5, TUBB2A:6282.5, TUBB2B:6282.5, PPP2R1B:6282.5, CENPE:6282.5, PDPK1:6282.5, KIF2B:6282.5, PRKCA:6282.5, CFL1:6282.5, TUBAL3:6282.5, TUBA8:6282.5, TUBB4B:6282.5, FLNA:6282.5, SRC:6282.5, H3C1:6282.5, H4C8:6282.5, H2BC4:6282.5, H2BC21:6282.5, H4C11:6282.5, H2BC9:6282.5, H2AC14:6282.5, DLG4:6282.5, PIK3C3:6282.5, NUP43:6282.5, SEC13:6282.5, CYBA:6282.5, NCF4:6282.5, NCF2:6282.5, NCF1:6282.5, DIAPH1:6282.5, BTK:6282.5, CTNNA1:6282.5, PAK3:6282.5, MYH9:6282.5, MYH14:6282.5, ARPC1B:6282.5, ROCK2:6282.5, NCOA2:6282.5, PAK1:6282.5, RHOC:6282.5, NCK1:6282.5, LIMK2:6282.5, MAPK11:6282.5, EVL:6282.5, ARPC4:6282.5, SRGAP2:6282.5, BIRC5:6282.5, CDKN1B:6282.5, WAS:6282.5, DYNC1I2:6282.5, DYNC1LI2:6282.5, DYNC1H1:6282.5, BUB1B:6282.5, MAD2L1:6282.5, CDC25C:6282.5, RANGAP1:6282.5, MAD1L1:6282.5, CENPQ:6282.5, PPP1R12A:6282.5, ZW10:6282.5, NUDC:6282.5, MAPRE1:6282.5, CENPL:6282.5, CENPK:6282.5, B9D2:6282.5, SGO1:6282.5, CENPO:6282.5, ITGB3BP:6282.5, NUF2:6282.5, INCENP:6282.5, DSN1:6282.5, CENPU:6282.5, CENPH:6282.5, AHCTF1:6282.5, SKA1:6282.5, NDEL1:6282.5, MIS12:6282.5, BUB1:6282.5, ZWILCH:6282.5, CKAP5:6282.5, CENPS:6282.5, AURKB:6282.5, SKA2:6282.5, KNTC1:6282.5, ERCC6L:6282.5, CENPP:6282.5, SRF:6282.5, WASF1:6282.5, WIPF1:6282.5, WIPF3:6282.5, NCKAP1L:6282.5, ABI1:6282.5, ABI2:6282.5, WASF2:6282.5, WIPF2:6282.5, BAIAP2:6282.5, NF2:6282.5, CYFIP1:6282.5, MEN1:6282.5, CFTR:6282.5, NOX1:6282.5, GOPC:6282.5, MYLK:6282.5, NOX3:6282.5, CTTN:6282.5, KDM4C:6282.5, RTKN:6282.5, CIT:6282.5, PKN1:6282.5, DIAPH3:6282.5, FMNL2:6282.5, PKN3:6282.5, FMNL3:6282.5, SCAI:6282.5, FMNL1:6282.5, NOXA1:6282.5, MRTFA:6282.5, PRC1:6282.5, RCC2:11021, DIAPH2:11224, KIF5A:11249, PIK3R4:11306, CENPM:11327, KIF14:11427, NDE1:11522, WASF3:11531, NUP160:11681, NUP37:11698, DAAM1:11710, NUP85:11843, H4C1:11869, IQGAP2:11882, KTN1:11883, DVL3:11924, PLK1:11972, KDM1A:12051, NDC80:12099, KIF2C:12110, NUP107:12122, ITGB1:12155, CENPI:12215, CDH1:12245, SPC25:12374, CYBB:12396, TUBA1A:12546, LIMK1:12567, CENPN:12725, MYL6:12928, RHPN2:13140, NUP98:13246, KLC1:13290, PKN2:13293, PPP1R12B:13336, NUP133:13372, DYNC1I1:13489, PRKCB:13667, NCKIPSD:13774, DYNC1LI1:13804, KIF5B:13932, MYH11:13948, PPP1CB:13966, CLASP1:14098, H3C2:14121, CDCA8:14138, KLC2:14143, PRKCD:14207, SEH1L:14240, SPC24:14273, WASL:14429, ROPN1:14468, KIF18A:14494, SPDL1:14555, S100A8:14577, CENPC:14581, CENPT:14621, NSL1:14645, RPS27:14996, DYNLL1:15080, H3-3A:15088, TUBB8B:15090, TUBB8:15095","Both",3
"REACTOME_SIGNALING_BY_WNT",-0.0603313276928371,0.00289508670736736,0.0711254711050658,208,"H4C15:49, RPS27A:59, SKP1:68, H4C14:85, UBA52:103, SCRIB:111, RHOA:150, H4C3:171, CTBP2:223, H4C2:238, H4C13:295, H2BC15:350, ROR2:372, H3C13:387, ZRANB1:389, AMER1:457, H3C11:588, BCL9L:691, DVL1:806, H2AC20:1105, PSMB9:1148, AXIN2:1168, H3C10:1224, ITPR1:1309, H2AC4:1330, H3C8:1344, TNRC6C:1376, XIAP:1419, H3C4:1469, DVL2:1509, PSMB11:1646, LGR4:1732, PSMD5:6282.5, PSMB5:6282.5, AKT2:6282.5, PSMD3:6282.5, PSMD9:6282.5, PSMF1:6282.5, PSMB2:6282.5, PSMA1:6282.5, PSME3:6282.5, APC:6282.5, AKT1:6282.5, PSMB6:6282.5, PSMA8:6282.5, PSMD4:6282.5, PSMB4:6282.5, PSMD6:6282.5, UBB:6282.5, PSMD13:6282.5, PSMD12:6282.5, PSMB8:6282.5, PSMB10:6282.5, PPP3R1:6282.5, PPP2R5A:6282.5, PPP2R5B:6282.5, GNB5:6282.5, PPP2R5C:6282.5, CAV1:6282.5, GNB3:6282.5, PPP2R5D:6282.5, ITPR2:6282.5, PRKCG:6282.5, PPP2R1B:6282.5, PRKG2:6282.5, ARRB2:6282.5, PRKCA:6282.5, H3C1:6282.5, H4C8:6282.5, H2BC4:6282.5, H2BC21:6282.5, H4C11:6282.5, H2BC9:6282.5, H2AC14:6282.5, CAMK2A:6282.5, PLCB3:6282.5, AP2M1:6282.5, AP2A2:6282.5, NFATC1:6282.5, CREBBP:6282.5, SMARCA4:6282.5, TCF7:6282.5, GSK3B:6282.5, DKK1:6282.5, CLTA:6282.5, WNT1:6282.5, SOX9:6282.5, MYC:6282.5, WNT3A:6282.5, KMT2D:6282.5, WNT10B:6282.5, CLTB:6282.5, TCF4:6282.5, CSNK2B:6282.5, SMURF2:6282.5, PIP5K1B:6282.5, PARD6A:6282.5, TLE2:6282.5, TNRC6A:6282.5, TLE3:6282.5, MOV10:6282.5, TLE1:6282.5, CSNK1G2:6282.5, MEN1:6282.5, AXIN1:6282.5, TCF7L2:6282.5, WNT16:6282.5, HECW1:6282.5, CCDC88C:6282.5, RUNX3:6282.5, LRP6:6282.5, WNT8B:6282.5, WNT11:6282.5, CBY1:6282.5, RSPO4:6282.5, PORCN:6282.5, FZD3:6282.5, WNT2:6282.5, TNKS2:6282.5, RNF43:6282.5, SOX6:6282.5, WNT5B:6282.5, VPS29:6282.5, USP34:6282.5, WNT6:6282.5, BCL9:6282.5, TMED5:6282.5, RNF146:6282.5, SOX4:6282.5, KREMEN2:6282.5, PDE6A:6282.5, LGR6:6282.5, GNAT2:6282.5, WNT2B:6282.5, SOX3:6282.5, WNT10A:6282.5, PRICKLE1:6282.5, SOX13:6282.5, DKK2:6282.5, FZD7:6282.5, WIF1:6282.5, FZD1:6282.5, WNT9B:6282.5, LRP5:6282.5, FZD5:6282.5, PYGO2:6282.5, RYK:6282.5, SOX17:6282.5, FZD6:6282.5, DACT1:6282.5, SOST:6282.5, RSPO1:6282.5, PYGO1:6282.5, SOX7:6282.5, TNKS:6282.5, FZD4:6282.5, FZD8:6282.5, ZNRF3:6282.5, KREMEN1:6282.5, ROR1:6282.5, PDE6B:10827, LEO1:10900, TLE4:10979, WLS:11186, FRAT1:11338, PSMD10:11350, RSPO2:11359, EP300:11369, PSMD1:11428, PSMB1:11506, BTRC:11532, PSMB7:11603, TNRC6B:11613, MAP3K7:11639, DAAM1:11710, PSME4:11744, H4C1:11869, ITPR3:11892, DVL3:11924, DKK4:11943, SEM1:11957, PSMD8:12029, LGR5:12109, TRRAP:12233, KLHL12:12266, USP8:12271, WNT8A:12286, AP2A1:12312, VPS35:12322, HDAC1:12354, PLCB2:12405, TCF7L1:12419, RSPO3:12435, LEF1:12491, WNT9A:12607, AGO1:12768, WNT5A:12876, PLCB1:12992, SFRP1:13064, SMURF1:13611, PRKCB:13667, H3C2:14121, PSMD2:14237, PSME2:14297, PSME1:14419, ASH2L:14599, CHD8:15051, H3-3A:15088","Herbivore",1
"REACTOME_BETA_CATENIN_PHOSPHORYLATION_CASCADE",-0.101592463833128,0.266050497021044,0.63495286262924,10,"AMER1:457, APC:6282.5, PPP2R5A:6282.5, PPP2R5B:6282.5, PPP2R5C:6282.5, PPP2R5D:6282.5, PPP2R1B:6282.5, GSK3B:6282.5, AXIN1:6282.5, FRAT1:11338","Unclear",0
"REACTOME_GRB2_EVENTS_IN_ERBB2_SIGNALING",-0.0174144699943915,0.834587632064315,0.945349181242286,12,"SOS1:6282.5, NRG1:6282.5, ERBB4:6282.5, EREG:6282.5, ERBB2:6282.5, EGFR:6282.5, NRG2:6282.5, NRG4:6282.5, BTC:6282.5, NRG3:6282.5, EGF:12763, HBEGF:14150","Unclear",0
"REACTOME_PI3K_EVENTS_IN_ERBB2_SIGNALING",-0.00871484141232792,0.907005031371682,0.973851533144821,15,"PIK3CA:6282.5, PIK3R1:6282.5, NRG1:6282.5, ERBB4:6282.5, ERBB3:6282.5, EREG:6282.5, ERBB2:6282.5, EGFR:6282.5, NRG2:6282.5, NRG4:6282.5, BTC:6282.5, NRG3:6282.5, GAB1:11916, EGF:12763, HBEGF:14150","Unclear",0
"REACTOME_NICOTINATE_METABOLISM",-0.000272903857576279,0.996015158222447,0.999114947262334,28,"RNLS:197, NADSYN1:359, NAPRT:858, NADK:1114, NAMPT:6282.5, NNMT:6282.5, NT5E:6282.5, BST1:6282.5, PTGIS:6282.5, CYP8B1:6282.5, NMRK2:6282.5, QPRT:6282.5, NMRK1:6282.5, NUDT12:6282.5, PARP16:6282.5, PARP8:6282.5, NADK2:6282.5, NAXE:6282.5, NMNAT1:6282.5, NMNAT2:11276, NMNAT3:12224, SLC22A13:12915, SLC5A8:12959, PARP14:13296, PARP9:13763, CD38:13810, PARP4:14053, PTGS2:14841","Both",3
"REACTOME_VITAMIN_B1_THIAMIN_METABOLISM",-0.0921766420085183,0.475377304753737,0.783460036993591,5,"THTPA:1370, SLC19A2:6282.5, SLC25A19:6282.5, SLC19A3:6282.5, TPK1:11545","Unclear",0
"REACTOME_VITAMIN_B2_RIBOFLAVIN_METABOLISM",-0.119904345551694,0.309142403987433,0.674798734127531,6,"SLC52A2:1158, FLAD1:1161, SLC52A3:6282.5, RFK:6282.5, ENPP1:6282.5, ACP5:14117","Unclear",0
"REACTOME_A_TETRASACCHARIDE_LINKER_SEQUENCE_IS_REQUIRED_FOR_GAG_SYNTHESIS",-0.0926818939963531,0.10213054933214,0.434203781404,26,"CSPG4:128, BCAN:1233, CSPG5:1341, GPC1:6282.5, SDC1:6282.5, SDC4:6282.5, SDC3:6282.5, SDC2:6282.5, AGRN:6282.5, DCN:6282.5, HSPG2:6282.5, VCAN:6282.5, BGN:6282.5, XYLT2:6282.5, B4GALT7:6282.5, GPC4:6282.5, XYLT1:6282.5, B3GAT1:6282.5, B3GAT2:6282.5, GPC3:6282.5, B3GAT3:6282.5, GPC5:6282.5, GPC6:6282.5, GPC2:6282.5, B3GALT6:14843, NCAN:14905","Both",3
"REACTOME_SIGNALING_BY_NOTCH1",-0.00952309323247952,0.794168402830544,0.928589902920539,63,"RPS27A:59, SKP1:68, UBA52:103, JAG2:219, ADAM17:468, NBEA:606, MAML2:776, DNER:993, MAML3:1616, MAMLD1:1665, UBB:6282.5, ARRB1:6282.5, ARRB2:6282.5, CREBBP:6282.5, NCOR1:6282.5, NCSTN:6282.5, TBL1X:6282.5, KAT2A:6282.5, MYC:6282.5, NOTCH1:6282.5, MAML1:6282.5, RBPJ:6282.5, NCOR2:6282.5, DLL1:6282.5, MIB2:6282.5, HDAC7:6282.5, TLE2:6282.5, HDAC4:6282.5, HDAC6:6282.5, HDAC10:6282.5, JAG1:6282.5, NEURL1:6282.5, DTX4:6282.5, DLL4:6282.5, DTX1:6282.5, HEY2:6282.5, TLE3:6282.5, HEY1:6282.5, DLK1:6282.5, TLE1:6282.5, HES5:6282.5, NEURL1B:6282.5, SNW1:10866, TLE4:10979, NUMB:11122, EP300:11369, ADAM10:11589, HDAC5:11643, PSEN2:11958, PSEN1:12167, HDAC1:12354, CNTN1:12506, HEYL:12680, HIF1A:13088, HDAC9:13513, DTX2:13713, KAT2B:13850, ITCH:14022, APH1B:14076, FBXW7:14228, MIB1:14293, HDAC8:14606, HDAC11:15011","Herbivore",1
"REACTOME_SIGNALING_BY_NOTCH2",-0.0676630974912067,0.232728407934049,0.606371848995794,26,"RPS27A:59, UBA52:103, JAG2:219, MAML2:776, MAML3:1616, MAMLD1:1665, UBB:6282.5, NCSTN:6282.5, MAML1:6282.5, RBPJ:6282.5, DLL1:6282.5, FCER2:6282.5, MIB2:6282.5, JAG1:6282.5, NEURL1:6282.5, DLL4:6282.5, NOTCH2:6282.5, HES5:6282.5, NEURL1B:6282.5, EP300:11369, ADAM10:11589, PSEN2:11958, PSEN1:12167, CNTN1:12506, APH1B:14076, MIB1:14293","Herbivore",1
"REACTOME_PI3K_AKT_ACTIVATION",-0.134922637066936,0.186401360486349,0.558275171024729,8,"RHOA:150, IRS1:1149, PIK3R2:6282.5, PIK3CA:6282.5, PIK3R1:6282.5, NGF:6282.5, NTRK1:6282.5, PIK3CB:12691","Herbivore",1
"REACTOME_AKT_PHOSPHORYLATES_TARGETS_IN_THE_CYTOSOL",-0.0727550439239916,0.363879567100707,0.717806191994065,13,"MKRN1:1129, TSC2:1719, AKT2:6282.5, CASP9:6282.5, AKT1:6282.5, MDM2:6282.5, CHUK:6282.5, GSK3B:6282.5, CDKN1A:6282.5, CDKN1B:6282.5, AKT1S1:6282.5, GSK3A:13141, BAD:13638","Unclear",0
"REACTOME_AKT_PHOSPHORYLATES_TARGETS_IN_THE_NUCLEUS",-0.0970960870052697,0.341673495899515,0.698411037474187,8,"AKT2:6282.5, AKT1:6282.5, FOXO3:6282.5, FOXO1:6282.5, NR4A1:6282.5, RPS6KB2:6282.5, FOXO4:6282.5, FOXO6:6282.5","Unclear",0
"REACTOME_ERK_MAPK_TARGETS",-0.0884350688210652,0.23585248659335,0.608867817663037,15,"MAPK7:1720, MAPK3:6282.5, PPP2R5D:6282.5, PPP2R1B:6282.5, RPS6KA2:6282.5, DUSP4:6282.5, DUSP6:6282.5, DUSP7:6282.5, MEF2A:6282.5, RPS6KA5:6282.5, MAPK11:6282.5, VRK3:6282.5, DUSP3:6282.5, ELK1:6282.5, RPS6KA1:12739","Unclear",0
"REACTOME_ER_TO_GOLGI_ANTEROGRADE_TRANSPORT",-0.0220649852306294,0.396147592130456,0.740927498559348,125,"SPTBN5:155, COPA:263, TBC1D20:469, TRAPPC9:486, PPP6R1:505, TUBB4A:543, COG1:679, ARFGAP1:725, LMAN1L:742, TUBA4A:786, SEC16A:1290, CAPZB:1373, TRAPPC10:1600, COG8:1619, SPTAN1:1669, DYNLL2:6282.5, TUBB1:6282.5, TUBA1B:6282.5, TUBB2A:6282.5, TUBB2B:6282.5, TUBAL3:6282.5, TUBA8:6282.5, F8:6282.5, TUBB4B:6282.5, F5:6282.5, GRIA1:6282.5, SEC13:6282.5, SPTB:6282.5, SPTBN1:6282.5, ANK2:6282.5, ANK3:6282.5, SPTBN4:6282.5, SPTA1:6282.5, SPTBN2:6282.5, INS:6282.5, ARF1:6282.5, DYNC1I2:6282.5, SEC23A:6282.5, DCTN6:6282.5, CTSC:6282.5, SEC24A:6282.5, DCTN4:6282.5, DYNC1LI2:6282.5, SEC31A:6282.5, DCTN2:6282.5, SEC24C:6282.5, DYNC1H1:6282.5, DCTN1:6282.5, COL7A1:6282.5, ARF3:6282.5, PPP6R3:6282.5, PPP6C:6282.5, USO1:6282.5, CSNK1D:6282.5, AREG:6282.5, TGFA:6282.5, CD59:6282.5, CTSZ:6282.5, COPB1:6282.5, COPZ2:6282.5, TRAPPC6A:6282.5, TRAPPC3:6282.5, SEC22C:6282.5, ARCN1:6282.5, COG4:6282.5, NAPA:6282.5, YKT6:6282.5, SEC23IP:6282.5, GOSR2:6282.5, FOLR1:6282.5, LMAN2L:6282.5, SEC16B:6282.5, SEC22A:6282.5, NAPB:6282.5, TMEM115:6282.5, COG6:6282.5, TMED7:6282.5, COG2:6282.5, COG3:6282.5, STX17:6282.5, PREB:6282.5, MIA2:6282.5, MIA3:6282.5, COG5:6282.5, TMED3:6282.5, TRAPPC2L:6282.5, LMAN2:6282.5, TMED10:6282.5, GOLGB1:6282.5, BET1L:6282.5, COPB2:6282.5, ARFGAP3:6282.5, KDELR3:10865, SEC24B:11145, TFG:11175, COPG2:11266, ANKRD28:11340, TMED9:11423, STX5:11693, GOSR1:11737, CAPZA3:11771, CAPZA1:11806, COPG1:11815, DCTN3:11931, NSF:12441, TUBA1A:12546, ACTR10:12559, ARFGAP2:12606, LMAN1:12961, BET1:13381, DYNC1I1:13489, ANK1:13535, SCFD1:13604, NAPG:13625, DYNC1LI1:13804, MCFD2:13910, TRAPPC4:14041, COPE:14144, GBF1:14303, SEC24D:14320, COPZ1:14409, CNIH2:14975, DYNLL1:15080, TUBB8B:15090, TUBB8:15095","Both",3
"REACTOME_MEMBRANE_TRAFFICKING",-0.0314278913183936,0.015524217796397,0.193035618530371,525,"RAB14:46, KIF26B:50, RPS27A:59, RABEP1:65, RIC1:70, COPS2:87, UBA52:103, AP3S1:154, SPTBN5:155, COPA:263, SYT8:326, SYNJ2:369, ACTG1:418, TSC1:428, KIF26A:433, KIAA0319:455, SBF1:456, TBC1D20:469, TRAPPC9:486, PPP6R1:505, TUBB4A:543, SLC2A4:553, EPN1:578, GJC1:661, COG1:679, DTNBP1:697, KIF25:700, ARFGAP1:725, LMAN1L:742, AAK1:752, TBC1D16:769, TUBA4A:786, STX16:825, ITSN1:829, GOLGA5:849, REPS2:866, CBL:878, TBC1D14:925, KIF1C:931, GPS1:992, ASPSCR1:1035, SCARB2:1085, TRIP11:1111, DNM3:1172, CHMP6:1221, GJA10:1228, CHRM2:1264, SEC16A:1290, KIF9:1312, PRKAA2:1324, GJA9:1366, CAPZB:1373, RAB3GAP2:1389, BICD2:1456, DVL2:1509, ANKRD27:1538, AMPH:1546, TRAPPC10:1600, MADD:1609, COG8:1619, VPS45:1625, HIP1R:1639, GOLGA4:1650, SPTAN1:1669, TSC2:1719, CHM:1728, TJP1:6282.5, AKT2:6282.5, AKT1:6282.5, UBB:6282.5, SFN:6282.5, DYNLL2:6282.5, RAB27B:6282.5, KIF1B:6282.5, KIF2A:6282.5, ACTB:6282.5, KIFAP3:6282.5, KIF22:6282.5, KIF3C:6282.5, KIF16B:6282.5, TUBB1:6282.5, KIF3B:6282.5, KLC3:6282.5, KIF20A:6282.5, STXBP3:6282.5, KIF21B:6282.5, TUBA1B:6282.5, KIF1A:6282.5, KIF3A:6282.5, KIF12:6282.5, KLC4:6282.5, TUBB2A:6282.5, TUBB2B:6282.5, ARRB1:6282.5, KIF23:6282.5, KIF20B:6282.5, CENPE:6282.5, KIF2B:6282.5, ARRB2:6282.5, APP:6282.5, KIF6:6282.5, KIF27:6282.5, KIFC2:6282.5, TUBAL3:6282.5, TUBA8:6282.5, F8:6282.5, KIF18B:6282.5, TUBB4B:6282.5, KIF19:6282.5, SRC:6282.5, KIF13B:6282.5, F5:6282.5, KIFC1:6282.5, GRK2:6282.5, GJD2:6282.5, SYT1:6282.5, SLC18A3:6282.5, PRKAG2:6282.5, PRKAB1:6282.5, GRIA1:6282.5, AP2M1:6282.5, AP2A2:6282.5, MYO6:6282.5, SYT2:6282.5, SYT9:6282.5, SEC13:6282.5, EREG:6282.5, EGFR:6282.5, BTC:6282.5, VAMP3:6282.5, SNAP23:6282.5, LNPEP:6282.5, SPTB:6282.5, DNM2:6282.5, MYH9:6282.5, DNM1:6282.5, SH3GL2:6282.5, SPTBN1:6282.5, CLTA:6282.5, ANK2:6282.5, SH3KBP1:6282.5, ANK3:6282.5, SPTBN4:6282.5, SPTA1:6282.5, SPTBN2:6282.5, CLTB:6282.5, PIP5K1C:6282.5, ARPC4:6282.5, INS:6282.5, CD4:6282.5, VAMP7:6282.5, ARF1:6282.5, DYNC1I2:6282.5, SEC23A:6282.5, DCTN6:6282.5, CTSC:6282.5, SEC24A:6282.5, DCTN4:6282.5, DYNC1LI2:6282.5, SEC31A:6282.5, AP1S3:6282.5, CD3G:6282.5, AP1G1:6282.5, CD3D:6282.5, DCTN2:6282.5, SEC24C:6282.5, AP1S2:6282.5, DYNC1H1:6282.5, DCTN1:6282.5, COL7A1:6282.5, TBC1D1:6282.5, EXOC5:6282.5, EXOC8:6282.5, EXOC4:6282.5, EXOC6:6282.5, RAB13:6282.5, RALGAPB:6282.5, EXOC3:6282.5, EXOC7:6282.5, RALGAPA2:6282.5, MYO5A:6282.5, PLA2G6:6282.5, AGPAT3:6282.5, OCRL:6282.5, SYNJ1:6282.5, PIK3C2A:6282.5, SBF2:6282.5, ARF3:6282.5, PPP6R3:6282.5, PPP6C:6282.5, GJA8:6282.5, GJA1:6282.5, GJB7:6282.5, GJD4:6282.5, GJA4:6282.5, GJB5:6282.5, GJB4:6282.5, GJC2:6282.5, VTA1:6282.5, TSG101:6282.5, CHMP4B:6282.5, VPS37B:6282.5, MVB12A:6282.5, VPS37A:6282.5, VPS28:6282.5, CHMP4C:6282.5, VPS37C:6282.5, VPS37D:6282.5, MVB12B:6282.5, CHMP4A:6282.5, USO1:6282.5, GNS:6282.5, ZW10:6282.5, OPTN:6282.5, CSNK1D:6282.5, AREG:6282.5, TGFA:6282.5, SH3GL3:6282.5, CD59:6282.5, GDI2:6282.5, CTSZ:6282.5, RAB5C:6282.5, COPB1:6282.5, SURF4:6282.5, TBC1D10C:6282.5, TXNDC5:6282.5, LDLR:6282.5, LDLRAP1:6282.5, EPS15:6282.5, STAM2:6282.5, HGS:6282.5, SLC2A8:6282.5, CFTR:6282.5, CTTN:6282.5, FZD4:6282.5, COPZ2:6282.5, TRAPPC6A:6282.5, TRAPPC3:6282.5, SEC22C:6282.5, ARCN1:6282.5, COG4:6282.5, NAPA:6282.5, YKT6:6282.5, SEC23IP:6282.5, GOSR2:6282.5, FOLR1:6282.5, LMAN2L:6282.5, SEC16B:6282.5, SEC22A:6282.5, NAPB:6282.5, TMEM115:6282.5, COG6:6282.5, TMED7:6282.5, COG2:6282.5, COG3:6282.5, STX17:6282.5, PREB:6282.5, MIA2:6282.5, MIA3:6282.5, COG5:6282.5, TMED3:6282.5, TRAPPC2L:6282.5, LMAN2:6282.5, TMED10:6282.5, GOLGB1:6282.5, BET1L:6282.5, COPB2:6282.5, ARFGAP3:6282.5, M6PR:6282.5, ALS2:6282.5, CYTH3:6282.5, USE1:6282.5, SNAP91:6282.5, EPN2:6282.5, PICALM:6282.5, RAB21:6282.5, SNX5:6282.5, NECAP1:6282.5, TBC1D2:6282.5, GRK3:6282.5, GGA1:6282.5, HPS4:6282.5, RAB36:6282.5, AP4S1:6282.5, RIN3:6282.5, ARFRP1:6282.5, MON1B:6282.5, GGA2:6282.5, BLOC1S6:6282.5, STX10:6282.5, TBC1D17:6282.5, DENND3:6282.5, TBC1D13:6282.5, RGP1:6282.5, HPS1:6282.5, CYTH1:6282.5, TPD52L1:6282.5, CLINT1:6282.5, BNIP1:6282.5, TACR1:6282.5, RAB3GAP1:6282.5, VAMP4:6282.5, MAN1C1:6282.5, RAB32:6282.5, DENND1A:6282.5, ARL1:6282.5, TBC1D15:6282.5, CCZ1:6282.5, RAB9A:6282.5, RAB38:6282.5, GGA3:6282.5, TRIP10:6282.5, AVPR2:6282.5, HIP1:6282.5, ARFIP2:6282.5, SYT11:6282.5, AP3B1:6282.5, TBC1D8B:6282.5, SORT1:6282.5, AP4B1:6282.5, RAB33A:6282.5, NAA35:6282.5, RINT1:6282.5, STX6:6282.5, GCC2:6282.5, VPS36:6282.5, BIN1:6282.5, TOR1B:6282.5, RABEPK:6282.5, GOLGA1:6282.5, DENND4C:6282.5, FNBP1L:6282.5, NAA30:6282.5, STON2:6282.5, VPS53:6282.5, GALNT1:6282.5, SYTL1:6282.5, COPS7B:6282.5, TMF1:6282.5, TBC1D7:6282.5, CCZ1B:6282.5, DENND2A:6282.5, USP6NL:6282.5, VPS51:6282.5, VTI1A:6282.5, BICD1:6282.5, SCOC:6282.5, RABGEF1:6282.5, SNF8:6282.5, TBC1D24:6282.5, DENND2D:6282.5, GAPVD1:6282.5, PACSIN3:6282.5, DENND2B:6282.5, RAB3IL1:6282.5, TRAPPC11:6282.5, STX18:6282.5, ADRB2:6282.5, DENND5B:6282.5, TRAPPC12:6282.5, RAB33B:6282.5, AGFG1:6282.5, GOLIM4:6282.5, RIN1:6282.5, DENND2C:6282.5, ULK1:6282.5, CLVS1:6282.5, ALS2CL:6282.5, GAK:6282.5, SNX18:6282.5, RAB39A:6282.5, GCC1:6282.5, YIPF6:6282.5, ACBD3:6282.5, NAA38:6282.5, BLOC1S4:6282.5, RINL:6282.5, UBQLN2:6282.5, BLOC1S3:6282.5, MAN2A2:6282.5, MAN1A2:6282.5, ITSN2:6282.5, COPS8:6282.5, CHML:6282.5, SYS1:6282.5, SNX2:6282.5, DENND6B:6282.5, RAB12:6282.5, AP1G2:6282.5, AP4M1:6282.5, STON1:6282.5, DNAJC6:10792, SNX9:10850, RAB43:10853, KDELR3:10865, IL7R:10871, SH3GL1:10923, STX4:10950, SNAP29:10957, PLIN3:10962, COPS4:10987, TBC1D4:11023, DENND6A:11121, SEC24B:11145, CUX1:11170, TFG:11175, KIF5A:11249, COPG2:11266, PRKAB2:11287, KIF11:11291, VPS54:11330, ANKRD28:11340, RIN2:11395, TMED9:11423, CHMP7:11424, AVP:11466, UBAP1:11474, DENND1C:11485, RAB7B:11492, APOB:11535, CHMP3:11536, REPS1:11641, TBC1D25:11674, DENND4A:11687, STX5:11693, GOSR1:11737, CAPZA3:11771, PRKAG1:11774, CAPZA1:11806, COPG1:11815, VPS4A:11911, TBC1D10A:11918, DCTN3:11931, SH3D19:12039, RAB18:12044, FNBP1:12108, KIF2C:12110, FCHO2:12208, RHOBTB3:12210, PACSIN2:12217, TOR1A:12240, AP2A1:12312, VPS52:12332, KIF21A:12348, GALNT2:12351, C2CD5:12385, MON1A:12399, GJB3:12424, NSF:12441, TRAPPC8:12460, RAB3IP:12530, TUBA1A:12546, ACTR10:12559, BLOC1S1:12584, ARFGAP2:12606, RABGAP1:12641, PAFAH1B3:12663, EGF:12763, TPD52:12838, WNT5A:12876, LMAN1:12961, DENND1B:12993, GJA5:13083, PLA2G4A:13125, TFRC:13145, EXOC1:13173, IGF2R:13260, KLC1:13290, TRAPPC13:13332, BET1:13381, VPS4B:13459, AGTR1:13483, DYNC1I1:13489, DNASE2:13504, ANK1:13535, SGIP1:13569, SCFD1:13604, GJA3:13614, RAB27A:13615, NAPG:13625, KIF15:13674, AP4E1:13679, AP1M2:13687, VAMP8:13700, GJB6:13752, CYTH4:13796, DYNC1LI1:13804, DENND5A:13809, MAN1A1:13828, MCFD2:13910, KIF5B:13932, PACSIN1:13942, PUM1:14006, TRAPPC4:14041, STAM:14087, GDI1:14088, KLC2:14143, COPE:14144, HBEGF:14150, FCHO1:14156, MYO1C:14170, EPGN:14199, EXOC2:14221, FTH1:14294, DAB2:14296, GBF1:14303, SEC24D:14320, UBQLN1:14346, RACGAP1:14357, NECAP2:14388, EPS15L1:14398, COPZ1:14409, WASL:14429, KIF18A:14494, AP1B1:14536, GJB2:14673, KIF4A:14730, RAB31:14840, CPD:14877, CLTCL1:14961, CNIH2:14975, MAN2A1:15064, DYNLL1:15080, TUBB8B:15090, TUBB8:15095","Both",3
"REACTOME_SIGNALING_BY_BMP",-0.0630102738388219,0.295839363118621,0.663430810575713,23,"UBE2D1:11, ACVR2B:1043, ACVRL1:1060, SMAD4:6282.5, CER1:6282.5, AMH:6282.5, SMAD7:6282.5, SMURF2:6282.5, BMP10:6282.5, SKI:6282.5, CHRDL1:6282.5, BMPR1A:6282.5, SMAD9:6282.5, AMHR2:6282.5, SMAD6:6282.5, FSTL1:6282.5, SMAD1:6282.5, GREM2:6282.5, GDF2:6282.5, BMP2:12066, BMPR2:12812, SMURF1:13611, BMPR1B:14650","Both",3
"REACTOME_SIGNALING_BY_ALK",-0.0495038868705809,0.411467327953709,0.746437542132701,23,"PTPRZ1:63, SHC1:997, IRS1:1149, PLCG1:1240, ALK:1278, PIK3R2:6282.5, PTPN6:6282.5, PIK3CA:6282.5, PIK3R1:6282.5, SRC:6282.5, FRS2:6282.5, JAK3:6282.5, IL2RG:6282.5, MYC:6282.5, CD274:6282.5, PTN:6282.5, MYCN:11351, EP300:11369, HDAC1:12354, PRDM1:12531, PIK3CB:12691, HIF1A:13088, SIN3A:13376","Both",3
"REACTOME_TCF_DEPENDENT_SIGNALING_IN_RESPONSE_TO_WNT",-0.0595173773144095,0.0120099343126687,0.170503240675131,151,"H4C15:49, RPS27A:59, H4C14:85, UBA52:103, H4C3:171, H4C2:238, H4C13:295, H2BC15:350, H3C13:387, AMER1:457, H3C11:588, BCL9L:691, DVL1:806, H2AC20:1105, PSMB9:1148, AXIN2:1168, H3C10:1224, H2AC4:1330, H3C8:1344, XIAP:1419, H3C4:1469, DVL2:1509, PSMB11:1646, LGR4:1732, PSMD5:6282.5, PSMB5:6282.5, AKT2:6282.5, PSMD3:6282.5, PSMD9:6282.5, PSMF1:6282.5, PSMB2:6282.5, PSMA1:6282.5, PSME3:6282.5, APC:6282.5, AKT1:6282.5, PSMB6:6282.5, PSMA8:6282.5, PSMD4:6282.5, PSMB4:6282.5, PSMD6:6282.5, UBB:6282.5, PSMD13:6282.5, PSMD12:6282.5, PSMB8:6282.5, PSMB10:6282.5, PPP2R5A:6282.5, PPP2R5B:6282.5, PPP2R5C:6282.5, CAV1:6282.5, PPP2R5D:6282.5, PPP2R1B:6282.5, H3C1:6282.5, H4C8:6282.5, H2BC4:6282.5, H2BC21:6282.5, H4C11:6282.5, H2BC9:6282.5, H2AC14:6282.5, CREBBP:6282.5, SMARCA4:6282.5, TCF7:6282.5, GSK3B:6282.5, DKK1:6282.5, WNT1:6282.5, SOX9:6282.5, MYC:6282.5, WNT3A:6282.5, KMT2D:6282.5, TCF4:6282.5, CSNK2B:6282.5, SMURF2:6282.5, PIP5K1B:6282.5, TLE2:6282.5, TLE3:6282.5, TLE1:6282.5, CSNK1G2:6282.5, MEN1:6282.5, AXIN1:6282.5, TCF7L2:6282.5, HECW1:6282.5, CCDC88C:6282.5, RUNX3:6282.5, LRP6:6282.5, WNT8B:6282.5, CBY1:6282.5, RSPO4:6282.5, TNKS2:6282.5, RNF43:6282.5, SOX6:6282.5, USP34:6282.5, BCL9:6282.5, RNF146:6282.5, SOX4:6282.5, KREMEN2:6282.5, LGR6:6282.5, SOX3:6282.5, SOX13:6282.5, DKK2:6282.5, WIF1:6282.5, FZD1:6282.5, LRP5:6282.5, FZD5:6282.5, PYGO2:6282.5, RYK:6282.5, SOX17:6282.5, FZD6:6282.5, DACT1:6282.5, SOST:6282.5, RSPO1:6282.5, PYGO1:6282.5, SOX7:6282.5, TNKS:6282.5, FZD4:6282.5, FZD8:6282.5, ZNRF3:6282.5, KREMEN1:6282.5, LEO1:10900, TLE4:10979, FRAT1:11338, PSMD10:11350, RSPO2:11359, EP300:11369, PSMD1:11428, PSMB1:11506, BTRC:11532, PSMB7:11603, PSME4:11744, H4C1:11869, DVL3:11924, DKK4:11943, SEM1:11957, PSMD8:12029, LGR5:12109, TRRAP:12233, KLHL12:12266, USP8:12271, WNT8A:12286, HDAC1:12354, TCF7L1:12419, RSPO3:12435, LEF1:12491, WNT9A:12607, WNT5A:12876, SFRP1:13064, H3C2:14121, PSMD2:14237, PSME2:14297, PSME1:14419, ASH2L:14599, CHD8:15051, H3-3A:15088","Herbivore",1
"REACTOME_WNT_MEDIATED_ACTIVATION_OF_DVL",-0.15559291638646,0.228275693009598,0.599099089514273,5,"DVL1:806, DVL2:1509, CSNK2B:6282.5, PIP5K1B:6282.5, DVL3:11924","Unclear",0
"REACTOME_FORMATION_OF_THE_BETA_CATENIN_TCF_TRANSACTIVATING_COMPLEX",-0.114274786950482,0.00623692153454417,0.11129492227062,48,"H4C15:49, H4C14:85, H4C3:171, H4C2:238, H4C13:295, H2BC15:350, H3C13:387, H3C11:588, BCL9L:691, H2AC20:1105, AXIN2:1168, H3C10:1224, H2AC4:1330, H3C8:1344, H3C4:1469, H3C1:6282.5, H4C8:6282.5, H2BC4:6282.5, H2BC21:6282.5, H4C11:6282.5, H2BC9:6282.5, H2AC14:6282.5, CREBBP:6282.5, SMARCA4:6282.5, TCF7:6282.5, MYC:6282.5, KMT2D:6282.5, TCF4:6282.5, TLE2:6282.5, TLE3:6282.5, TLE1:6282.5, MEN1:6282.5, TCF7L2:6282.5, RUNX3:6282.5, BCL9:6282.5, PYGO2:6282.5, PYGO1:6282.5, LEO1:10900, TLE4:10979, EP300:11369, H4C1:11869, TRRAP:12233, HDAC1:12354, TCF7L1:12419, LEF1:12491, H3C2:14121, ASH2L:14599, H3-3A:15088","Both",3
"REACTOME_G_PROTEIN_ACTIVATION",-0.0383925568882412,0.744693784445459,0.907218171185921,6,"GNA15:6282.5, GNB5:6282.5, GNB3:6282.5, GNA14:6282.5, PDYN:6282.5, OPRM1:11680","Unclear",0
"REACTOME_METABOLISM_OF_NITRIC_OXIDE_NOS3_ACTIVATION_AND_REGULATION",-0.0527960763571669,0.494139197156322,0.791549227628984,14,"LYPLA1:912, AKT1:6282.5, CAV1:6282.5, NOS3:6282.5, HSP90AA1:6282.5, DNM2:6282.5, SPR:6282.5, DDAH1:6282.5, CYGB:6282.5, NOSTRIN:6282.5, ZDHHC21:6282.5, DDAH2:6282.5, NOSIP:12623, WASL:14429","Unclear",0
"REACTOME_ASSEMBLY_OF_COLLAGEN_FIBRILS_AND_OTHER_MULTIMERIC_STRUCTURES",-0.0512488245682439,0.174129898122967,0.539979334175454,59,"PLEC:4, ITGB4:143, COL6A1:157, COL10A1:283, COL6A2:404, MMP7:625, ITGA6:688, COL4A6:848, LAMB3:1056, LAMC2:1241, MMP9:1252, COL9A2:1306, COL9A3:1351, COL8A2:1380, COL11A2:1532, PXDN:1557, COL27A1:1725, COL4A4:6282.5, COL9A1:6282.5, COL5A1:6282.5, COL4A2:6282.5, COL3A1:6282.5, COL4A3:6282.5, COL6A5:6282.5, COL4A1:6282.5, COL4A5:6282.5, COL5A2:6282.5, MMP3:6282.5, COL7A1:6282.5, MMP13:6282.5, COL8A1:6282.5, COL18A1:6282.5, COL15A1:6282.5, LAMA3:6282.5, TLL2:6282.5, BMP1:6282.5, LOXL1:6282.5, LOXL4:6282.5, COL24A1:6282.5, CD151:6282.5, COL12A1:10943, CTSB:11436, PCOLCE:12193, CTSS:12222, LOXL2:12454, COL1A2:12472, LOXL3:12583, COL17A1:12669, LOX:12973, COL6A3:13032, TLL1:13331, DST:13394, COL5A3:13477, COL11A1:13537, MMP20:13648, COL14A1:14120, COL6A6:14343, COL1A1:14936, COL2A1:15016","Both",3
"REACTOME_CHONDROITIN_SULFATE_BIOSYNTHESIS",-0.0471483103177276,0.465659822057914,0.775818202679377,20,"CSPG4:128, BCAN:1233, CSPG5:1341, DCN:6282.5, VCAN:6282.5, BGN:6282.5, CHPF2:6282.5, CHST3:6282.5, CHPF:6282.5, CHSY1:6282.5, CHST12:6282.5, CHST7:6282.5, CSGALNACT1:6282.5, CHST9:6282.5, CHST15:6282.5, CHSY3:6282.5, CHST11:11903, CSGALNACT2:14231, CHST13:14537, NCAN:14905","Both",3
"REACTOME_DERMATAN_SULFATE_BIOSYNTHESIS",-0.161272890411518,0.0640777064678713,0.369298828473887,11,"CSPG4:128, DSE:349, DSEL:1071, BCAN:1233, CSPG5:1341, DCN:6282.5, VCAN:6282.5, BGN:6282.5, CHST14:6282.5, UST:13365, NCAN:14905","Both",3
"REACTOME_HS_GAG_BIOSYNTHESIS",-0.0795529409941018,0.138461289735769,0.497504956558934,29,"HS3ST2:976, EXT2:1589, EXT1:1682, GPC1:6282.5, SDC1:6282.5, SDC4:6282.5, SDC3:6282.5, SDC2:6282.5, AGRN:6282.5, HSPG2:6282.5, HS3ST1:6282.5, NDST1:6282.5, GPC4:6282.5, SLC35D2:6282.5, HS6ST1:6282.5, GLCE:6282.5, NDST4:6282.5, GPC3:6282.5, HS3ST6:6282.5, NDST3:6282.5, GPC5:6282.5, HS3ST4:6282.5, GPC6:6282.5, HS6ST3:6282.5, GPC2:6282.5, HS3ST5:10992, HS6ST2:11735, HS2ST1:11862, NDST2:12826","Unclear",0
"REACTOME_TCR_SIGNALING",-0.0542842322860172,0.0775538453392631,0.389668333220396,89,"UBE2D1:11, RPS27A:59, SKP1:68, UBA52:103, ENAH:310, PTPN22:329, IKBKG:445, CARD11:727, PSMB9:1148, PLCG1:1240, CD3E:1451, PSMB11:1646, PSMD5:6282.5, PSMB5:6282.5, PSMD3:6282.5, PSMD9:6282.5, PSMF1:6282.5, PSMB2:6282.5, PSMA1:6282.5, PSME3:6282.5, PSMB6:6282.5, PSMA8:6282.5, PSMD4:6282.5, PSMB4:6282.5, PSMD6:6282.5, UBB:6282.5, PAK2:6282.5, PSMD13:6282.5, PSMD12:6282.5, PSMB8:6282.5, PSMB10:6282.5, LCP2:6282.5, CSK:6282.5, PIK3R2:6282.5, PIK3CA:6282.5, PDPK1:6282.5, PIK3R1:6282.5, LCK:6282.5, PLCG2:6282.5, LAT:6282.5, NFKBIA:6282.5, NFKB1:6282.5, BCL10:6282.5, MALT1:6282.5, RELA:6282.5, CHUK:6282.5, UBE2D2:6282.5, PAK3:6282.5, PTPRC:6282.5, PAK1:6282.5, NCK1:6282.5, EVL:6282.5, CD4:6282.5, GRAP2:6282.5, RIPK2:6282.5, PTPRJ:6282.5, HLA-DPA1:6282.5, TRAF6:6282.5, HLA-DRA:6282.5, UBE2V1:6282.5, WAS:6282.5, FYB1:6282.5, ITK:6282.5, ZAP70:6282.5, CD101:6282.5, CD3G:6282.5, TRAT1:6282.5, CD3D:6282.5, CD247:6282.5, PSMD10:11350, PAG1:11374, PSMD1:11428, PSMB1:11506, BTRC:11532, PSMB7:11603, MAP3K7:11639, UBE2N:11716, PSME4:11744, INPP5D:11828, SEM1:11957, PSMD8:12029, PIK3CB:12691, TAB2:12875, VASP:13772, PRKCQ:13818, PSMD2:14237, IKBKB:14262, PSME2:14297, PSME1:14419","Herbivore",1
"REACTOME_HS_GAG_DEGRADATION",-0.0245776121688531,0.690022731701203,0.889620758892534,22,"SGSH:1191, GPC1:6282.5, SDC1:6282.5, SDC4:6282.5, SDC3:6282.5, SDC2:6282.5, AGRN:6282.5, HSPG2:6282.5, IDS:6282.5, GPC4:6282.5, IDUA:6282.5, GPC3:6282.5, GLB1L:6282.5, HGSNAT:6282.5, HPSE2:6282.5, GPC5:6282.5, GPC6:6282.5, GPC2:6282.5, NAGLU:11811, HPSE:13905, GUSB:14058, GLB1:14192","Unclear",0
"REACTOME_CS_DS_DEGRADATION",-0.0562901700565787,0.46600727315683,0.775818202679377,14,"CSPG4:128, BCAN:1233, CSPG5:1341, DCN:6282.5, VCAN:6282.5, BGN:6282.5, IDS:6282.5, ARSB:6282.5, IDUA:6282.5, HYAL3:6282.5, HEXA:6282.5, HYAL1:12971, NCAN:14905, HEXB:14977","Unclear",0
"REACTOME_GENERATION_OF_SECOND_MESSENGER_MOLECULES",-0.118189170972815,0.0409423304822433,0.310450780929131,25,"ENAH:310, PLCG1:1240, CD3E:1451, PAK2:6282.5, LCP2:6282.5, LCK:6282.5, PLCG2:6282.5, LAT:6282.5, PAK3:6282.5, PAK1:6282.5, NCK1:6282.5, EVL:6282.5, CD4:6282.5, GRAP2:6282.5, HLA-DPA1:6282.5, HLA-DRA:6282.5, WAS:6282.5, FYB1:6282.5, ITK:6282.5, ZAP70:6282.5, CD101:6282.5, CD3G:6282.5, CD3D:6282.5, CD247:6282.5, VASP:13772","Unclear",0
"REACTOME_CALCINEURIN_ACTIVATES_NFAT",-0.00430396772024211,0.973413674259481,0.994934724880864,5,"PPP3R1:6282.5, PPIA:6282.5, NFATC2:6282.5, NFATC1:6282.5, NFATC3:13271","Unclear",0
"REACTOME_ERKS_ARE_INACTIVATED",-0.129924497271436,0.17718970880709,0.541479737252854,9,"MAPK7:1720, MAPK3:6282.5, PPP2R5D:6282.5, PPP2R1B:6282.5, DUSP4:6282.5, DUSP6:6282.5, DUSP7:6282.5, VRK3:6282.5, DUSP3:6282.5","Unclear",0
"REACTOME_SIGNALING_BY_HIPPO",-0.0871465043205027,0.227668233546931,0.599099089514273,16,"NPHP4:630, AMOTL1:920, YAP1:1201, DVL2:1509, AMOT:1654, TJP1:6282.5, TJP2:6282.5, WWTR1:6282.5, WWC1:6282.5, STK4:6282.5, STK3:6282.5, AMOTL2:6282.5, LATS2:11344, LATS1:12244, SAV1:14252, CASP3:14463","Unclear",0
"REACTOME_FCGAMMA_RECEPTOR_FCGR_DEPENDENT_PHAGOCYTOSIS",-0.0498104808142067,0.150464379476073,0.519926491710993,70,"CDC42:60, MYO10:351, ACTG1:418, DOCK1:892, PLD4:1077, FCGR3A:1108, PLCG1:1240, ITPR1:1309, PLD2:1457, MAPK3:6282.5, PTK2:6282.5, FGR:6282.5, ACTB:6282.5, ABL1:6282.5, PIK3R2:6282.5, PIK3CA:6282.5, ITPR2:6282.5, PIK3R1:6282.5, VAV2:6282.5, PRKCE:6282.5, CFL1:6282.5, SRC:6282.5, PLCG2:6282.5, HSP90AA1:6282.5, BTK:6282.5, FCGR1A:6282.5, HSP90AB1:6282.5, MYH9:6282.5, ARPC1B:6282.5, PAK1:6282.5, NCK1:6282.5, ARPC4:6282.5, HCK:6282.5, WAS:6282.5, CD3G:6282.5, CD247:6282.5, MYO5A:6282.5, PLA2G6:6282.5, PLD1:6282.5, PLD3:6282.5, ELMO1:6282.5, ELMO2:6282.5, WASF1:6282.5, WIPF1:6282.5, WIPF3:6282.5, NCKAP1L:6282.5, MYH2:6282.5, ABI1:6282.5, ABI2:6282.5, PLPP5:6282.5, WASF2:6282.5, WIPF2:6282.5, BAIAP2:6282.5, NF2:6282.5, PLPP4:6282.5, CYFIP1:6282.5, VAV1:11176, WASF3:11531, ITPR3:11892, LIMK1:12567, PIK3CB:12691, LYN:13217, VAV3:13539, SYK:13613, NCKIPSD:13774, MYO9B:13949, MYO1C:14170, PRKCD:14207, YES1:14402, WASL:14429","Both",3
"REACTOME_ROLE_OF_PHOSPHOLIPIDS_IN_PHAGOCYTOSIS",-0.0894175553732567,0.137936839410775,0.497400242915253,23,"PLD4:1077, FCGR3A:1108, PLCG1:1240, ITPR1:1309, PLD2:1457, PIK3R2:6282.5, PIK3CA:6282.5, ITPR2:6282.5, PIK3R1:6282.5, PRKCE:6282.5, PLCG2:6282.5, FCGR1A:6282.5, CD3G:6282.5, CD247:6282.5, PLA2G6:6282.5, PLD1:6282.5, PLD3:6282.5, PLPP5:6282.5, PLPP4:6282.5, ITPR3:11892, PIK3CB:12691, SYK:13613, PRKCD:14207","Unclear",0
"REACTOME_YAP1_AND_WWTR1_TAZ_STIMULATED_GENE_EXPRESSION",-0.0538459072622654,0.48559242712281,0.791285085325538,14,"HIPK1:961, YAP1:1201, GATA4:6282.5, WWTR1:6282.5, TEAD2:6282.5, HIPK2:6282.5, TBX5:6282.5, CCN2:6282.5, RUNX2:6282.5, NPPA:6282.5, NKX2-5:6282.5, TEAD3:11807, TEAD4:12501, KAT2B:13850","Unclear",0
"REACTOME_ENOS_ACTIVATION",-0.131770774924302,0.149136846382646,0.519099872640754,10,"LYPLA1:912, AKT1:6282.5, CAV1:6282.5, NOS3:6282.5, HSP90AA1:6282.5, SPR:6282.5, DDAH1:6282.5, CYGB:6282.5, ZDHHC21:6282.5, DDAH2:6282.5","Unclear",0
"REACTOME_MICRORNA_MIRNA_BIOGENESIS",-0.0978017048003589,0.261479695169306,0.629916495803623,11,"POLR2J:39, RAN:71, DICER1:343, TARBP2:1178, DROSHA:6282.5, DGCR8:6282.5, PRKRA:6282.5, POLR2F:11153, BCDIN3D:11878, XPO5:12241, AGO1:12768","Unclear",0
"REACTOME_COPII_MEDIATED_VESICLE_TRANSPORT",-0.0292168083783096,0.458424201898617,0.772466201890847,54,"TBC1D20:469, TRAPPC9:486, PPP6R1:505, LMAN1L:742, SEC16A:1290, TRAPPC10:1600, F8:6282.5, F5:6282.5, GRIA1:6282.5, SEC13:6282.5, SEC23A:6282.5, CTSC:6282.5, SEC24A:6282.5, SEC31A:6282.5, SEC24C:6282.5, COL7A1:6282.5, PPP6R3:6282.5, PPP6C:6282.5, USO1:6282.5, CSNK1D:6282.5, AREG:6282.5, TGFA:6282.5, CD59:6282.5, CTSZ:6282.5, TRAPPC6A:6282.5, TRAPPC3:6282.5, SEC22C:6282.5, NAPA:6282.5, YKT6:6282.5, SEC23IP:6282.5, GOSR2:6282.5, FOLR1:6282.5, LMAN2L:6282.5, SEC16B:6282.5, SEC22A:6282.5, NAPB:6282.5, STX17:6282.5, PREB:6282.5, TRAPPC2L:6282.5, LMAN2:6282.5, TMED10:6282.5, SEC24B:11145, TFG:11175, ANKRD28:11340, STX5:11693, NSF:12441, LMAN1:12961, BET1:13381, SCFD1:13604, NAPG:13625, MCFD2:13910, TRAPPC4:14041, SEC24D:14320, CNIH2:14975","Both",3
"REACTOME_ALPHA_LINOLENIC_OMEGA3_AND_LINOLEIC_OMEGA6_ACID_METABOLISM",-0.009742669267013,0.903223373315343,0.972752517349384,13,"HSD17B4:1037, ABCD1:6282.5, ACOT8:6282.5, SCP2:6282.5, ELOVL5:6282.5, ELOVL1:6282.5, ELOVL3:6282.5, FADS1:6282.5, ACOX1:6282.5, ELOVL2:10904, ACAA1:11783, ACSL1:12448, FADS2:12475","Unclear",0
"REACTOME_CELL_DEATH_SIGNALLING_VIA_NRAGE_NRIF_AND_NADE",-0.129989090772298,0.000267948677428627,0.0159233400364377,66,"RPS27A:59, UBA52:103, ARHGEF11:130, TIAM2:146, ARHGEF2:183, OBSCN:306, TIAM1:396, AKAP13:401, ARHGEF12:502, FGD1:512, CASP2:564, ITSN1:829, AATF:915, ARHGEF15:1025, ARHGEF38:1058, NGEF:1140, GNA13:1420, TRIO:1517, SQSTM1:1531, PLEKHG5:1558, ARHGEF16:1601, ARHGEF6:1661, UBB:6282.5, SOS1:6282.5, VAV2:6282.5, ARHGEF7:6282.5, RASGRF2:6282.5, ARHGEF9:6282.5, NCSTN:6282.5, SOS2:6282.5, KALRN:6282.5, TRAF6:6282.5, ITGB3BP:6282.5, NGF:6282.5, ARHGEF18:6282.5, NGFR:6282.5, ARHGEF10L:6282.5, ARHGEF1:6282.5, PLEKHG2:6282.5, MCF2:6282.5, ARHGEF10:6282.5, PREX1:6282.5, MCF2L:6282.5, FGD3:6282.5, ARHGEF4:6282.5, FGD4:6282.5, FGD2:6282.5, ABR:6282.5, ARHGEF3:6282.5, ARHGEF40:6282.5, NET1:6282.5, ARHGEF37:6282.5, ARHGEF33:6282.5, VAV1:11176, ARHGEF26:11459, ARHGEF19:11779, PSEN2:11958, ARHGEF39:11959, ARHGEF17:12061, PSEN1:12167, VAV3:13539, BAD:13638, APH1B:14076, ECT2:14132, CASP3:14463, BCL2L11:14495","Herbivore",1
"REACTOME_NADE_MODULATES_DEATH_SIGNALLING",-0.0511038888266278,0.72336963150066,0.901960889070325,4,"CASP2:564, NGF:6282.5, NGFR:6282.5, CASP3:14463","Unclear",0
"REACTOME_NRIF_SIGNALS_CELL_DEATH_FROM_THE_NUCLEUS",-0.0822209758833427,0.324165932791637,0.686142571828483,12,"RPS27A:59, UBA52:103, SQSTM1:1531, UBB:6282.5, NCSTN:6282.5, TRAF6:6282.5, ITGB3BP:6282.5, NGF:6282.5, NGFR:6282.5, PSEN2:11958, PSEN1:12167, APH1B:14076","Herbivore",1
"REACTOME_P75NTR_RECRUITS_SIGNALLING_COMPLEXES",-0.115395401009534,0.166439218462791,0.535874840872166,12,"RPS27A:59, UBA52:103, SQSTM1:1531, UBB:6282.5, RIPK2:6282.5, TRAF6:6282.5, IRAK1:6282.5, PRKCI:6282.5, NGF:6282.5, NGFR:6282.5, MYD88:11646, IKBKB:14262","Herbivore",1
"REACTOME_NF_KB_IS_ACTIVATED_AND_SIGNALS_SURVIVAL",-0.144569078332399,0.0829952163218087,0.39908515763601,12,"RPS27A:59, UBA52:103, SQSTM1:1531, UBB:6282.5, NFKBIA:6282.5, NFKB1:6282.5, RELA:6282.5, TRAF6:6282.5, IRAK1:6282.5, NGF:6282.5, NGFR:6282.5, IKBKB:14262","Herbivore",1
"REACTOME_SEROTONIN_AND_MELATONIN_BIOSYNTHESIS",-0.0565672979939482,0.695206010158097,0.890238946246483,4,"AANAT:187, DDC:6282.5, TPH2:6282.5, TPH1:14490","Both",3
"REACTOME_PEPTIDE_HORMONE_BIOSYNTHESIS",-0.00167217260084018,0.984682447060782,0.998527813301794,11,"INHA:929, INHBE:1232, INHBA:6282.5, INHBB:6282.5, TSHB:6282.5, FSHB:6282.5, INHBC:6282.5, PCSK1:11636, CGB5:12392, LHB:12793, CGA:14327","Unclear",0
"REACTOME_REGULATION_OF_GENE_EXPRESSION_IN_LATE_STAGE_BRANCHING_MORPHOGENESIS_PANCREATIC_BUD_PRECURSOR_CELLS",-0.0639736684619988,0.391153478291889,0.739675678444017,15,"MAML2:776, MAML3:1616, MAMLD1:1665, CREBBP:6282.5, KAT2A:6282.5, NEUROG3:6282.5, NOTCH1:6282.5, MAML1:6282.5, RBPJ:6282.5, ONECUT3:6282.5, HNF1B:6282.5, SNW1:10866, ONECUT1:11195, EP300:11369, KAT2B:13850","Unclear",0
"REACTOME_REGULATION_OF_GENE_EXPRESSION_IN_BETA_CELLS",-0.0734939616666272,0.26764990756119,0.636639555848056,19,"PDX1:1183, NEUROD1:1633, PKLR:1651, AKT2:6282.5, AKT1:6282.5, PAX6:6282.5, HNF4A:6282.5, GCK:6282.5, FOXA2:6282.5, NKX2-2:6282.5, FOXO1:6282.5, HNF4G:6282.5, FOXA3:6282.5, MAFA:6282.5, RFX6:6282.5, INS:6282.5, NKX6-1:11966, HNF1A:13357, SLC2A2:14290","Unclear",0
"REACTOME_REGULATION_OF_GENE_EXPRESSION_IN_ENDOCRINE_COMMITTED_NEUROG3_PROGENITOR_CELLS",-0.157318986774266,0.223156303364943,0.595907511507136,5,"NEUROD1:1633, PAX4:6282.5, NEUROG3:6282.5, NKX2-2:6282.5, INSM1:6282.5","Unclear",0
"REACTOME_REGULATION_OF_GENE_EXPRESSION_IN_EARLY_PANCREATIC_PRECURSOR_CELLS",-0.0519396793362484,0.611000183921293,0.854849423976206,8,"PDX1:1183, FGF10:6282.5, NR5A2:6282.5, PTF1A:6282.5, ONECUT3:6282.5, HNF1B:6282.5, ONECUT1:11195, NKX6-1:11966","Unclear",0
"REACTOME_GENE_SILENCING_BY_RNA",-0.11388272277296,0.00037694930464137,0.0194252271121913,82,"POLR2J:39, H4C15:49, RAN:71, H4C14:85, H4C3:171, NUP88:192, H4C2:238, H4C13:295, DICER1:343, H2BC15:350, TDRD12:367, H3C13:387, MOV10L1:518, NUP153:528, H3C11:588, NUP50:643, H2AC20:1105, PIWIL1:1133, TARBP2:1178, H3C10:1224, RAE1:1313, TDRD6:1325, H2AC4:1330, H3C8:1344, TNRC6C:1376, NUP214:1425, H3C4:1469, DDX4:1548, H3C1:6282.5, H4C8:6282.5, H2BC4:6282.5, H2BC21:6282.5, H4C11:6282.5, H2BC9:6282.5, H2AC14:6282.5, TPR:6282.5, NDC1:6282.5, AAAS:6282.5, NUP188:6282.5, NUP93:6282.5, NUP155:6282.5, NUP43:6282.5, NUP210:6282.5, NUP58:6282.5, SEC13:6282.5, NUP35:6282.5, NUP62:6282.5, FKBP6:6282.5, HSP90AA1:6282.5, TNRC6A:6282.5, DROSHA:6282.5, DGCR8:6282.5, PRKRA:6282.5, ELAC2:6282.5, TDRD1:6282.5, TSNAX:6282.5, PIWIL4:6282.5, MAEL:6282.5, ASZ1:6282.5, TDRKH:6282.5, MYBL1:6282.5, NUP205:10887, POLR2F:11153, TNRC6B:11613, NUP160:11681, NUP37:11698, HENMT1:11827, NUP85:11843, H4C1:11869, BCDIN3D:11878, NUP107:12122, XPO5:12241, NUP42:12532, AGO1:12768, NUP54:12910, IPO8:12970, NUP98:13246, NUP133:13372, PIWIL2:13533, H3C2:14121, SEH1L:14240, H3-3A:15088","Both",3
"REACTOME_XENOBIOTICS",-0.00784929356357927,0.935023207050912,0.986561880583814,9,"ARNT2:529, ARNT:6282.5, CYP1A2:6282.5, CYP2W1:6282.5, AHR:6282.5, CYP2E1:6282.5, CYP2S1:6282.5, CYP1A1:14888, CYP2F1:15013","Unclear",0
"REACTOME_NOTCH1_INTRACELLULAR_DOMAIN_REGULATES_TRANSCRIPTION",-0.0275537169101526,0.552016453571901,0.825278329842569,39,"RPS27A:59, SKP1:68, UBA52:103, NBEA:606, MAML2:776, MAML3:1616, MAMLD1:1665, UBB:6282.5, CREBBP:6282.5, NCOR1:6282.5, TBL1X:6282.5, KAT2A:6282.5, MYC:6282.5, NOTCH1:6282.5, MAML1:6282.5, RBPJ:6282.5, NCOR2:6282.5, HDAC7:6282.5, TLE2:6282.5, HDAC4:6282.5, HDAC6:6282.5, HDAC10:6282.5, HEY2:6282.5, TLE3:6282.5, HEY1:6282.5, TLE1:6282.5, HES5:6282.5, SNW1:10866, TLE4:10979, EP300:11369, HDAC5:11643, HDAC1:12354, HEYL:12680, HIF1A:13088, HDAC9:13513, KAT2B:13850, FBXW7:14228, HDAC8:14606, HDAC11:15011","Herbivore",1
"REACTOME_ACTIVATED_NOTCH1_TRANSMITS_SIGNAL_TO_THE_NUCLEUS",-0.0254121650907806,0.641891685909672,0.864092505671469,28,"RPS27A:59, UBA52:103, JAG2:219, ADAM17:468, DNER:993, UBB:6282.5, ARRB1:6282.5, ARRB2:6282.5, NCSTN:6282.5, NOTCH1:6282.5, DLL1:6282.5, MIB2:6282.5, JAG1:6282.5, NEURL1:6282.5, DTX4:6282.5, DLL4:6282.5, DTX1:6282.5, DLK1:6282.5, NEURL1B:6282.5, NUMB:11122, ADAM10:11589, PSEN2:11958, PSEN1:12167, CNTN1:12506, DTX2:13713, ITCH:14022, APH1B:14076, MIB1:14293","Herbivore",1
"REACTOME_PRC2_METHYLATES_HISTONES_AND_DNA",-0.119352903685375,0.0133028214056348,0.177666570328589,36,"H4C15:49, H4C14:85, H4C3:171, H4C2:238, H4C13:295, H2BC15:350, H3C13:387, H3C11:588, H2AC20:1105, H3C10:1224, H2AC4:1330, H3C8:1344, H3C4:1469, H3C1:6282.5, H4C8:6282.5, H2BC4:6282.5, H2BC21:6282.5, H4C11:6282.5, H2BC9:6282.5, H2AC14:6282.5, EED:6282.5, EZH2:6282.5, SUZ12:6282.5, JARID2:6282.5, PHF19:6282.5, DNMT3A:6282.5, AEBP2:6282.5, MTF2:6282.5, PHF1:10833, H4C1:11869, RBBP7:11998, H3C2:14121, RBBP4:14816, DNMT1:14893, DNMT3B:15070, H3-3A:15088","Both",3
"REACTOME_DOPAMINE_NEUROTRANSMITTER_RELEASE_CYCLE",-0.106134051466188,0.154834387415498,0.523174867471389,15,"SNAP25:21, LIN7C:227, TSPOAP1:272, SLC18A2:361, SYN1:6282.5, SYT1:6282.5, RIMS1:6282.5, STX1A:6282.5, APBA1:6282.5, PPFIA2:6282.5, PPFIA4:6282.5, SYN3:6282.5, UNC13B:11038, SYN2:14135, PPFIA3:14931","Both",3
"REACTOME_SYNTHESIS_OF_12_EICOSATETRAENOIC_ACID_DERIVATIVES",-0.0342450397937451,0.771460628757795,0.919012845729246,6,"ALOX15:1568, ALOXE3:1618, GPX2:6282.5, ALOX12B:6282.5, GPX1:13458, GPX4:13853","Unclear",0
"REACTOME_HYALURONAN_BIOSYNTHESIS_AND_EXPORT",-0.177673167451244,0.168887305649331,0.538944800151758,5,"CEMIP:3, HAS3:6282.5, HAS1:6282.5, ABCC5:6282.5, HAS2:6282.5","Both",3
"REACTOME_ACTIVATION_OF_PPARGC1A_PGC_1ALPHA_BY_PHOSPHORYLATION",-0.0518415741675076,0.611673895562754,0.854849423976206,8,"PRKAA2:1324, PRKAG2:6282.5, PRKAB1:6282.5, PPARGC1A:6282.5, MAPK11:6282.5, MAPK12:6282.5, PRKAB2:11287, PRKAG1:11774","Unclear",0
"REACTOME_INTEGRIN_CELL_SURFACE_INTERACTIONS",-0.0036332575893806,0.909140299313654,0.974032368503295,83,"COL6A1:157, COL10A1:283, COL6A2:404, ITGA6:688, ITGA3:715, ITGB7:716, COL4A6:848, ITGB3:935, ITGB5:1095, COL9A2:1306, COL9A3:1351, COL16A1:1368, COL8A2:1380, ITGAL:6282.5, ITGA2B:6282.5, VWF:6282.5, THBS1:6282.5, ITGA10:6282.5, JAM2:6282.5, F11R:6282.5, ITGB2:6282.5, ITGA5:6282.5, ITGA2:6282.5, JAM3:6282.5, ITGAM:6282.5, BSG:6282.5, ITGA1:6282.5, COL4A4:6282.5, COL9A1:6282.5, COL5A1:6282.5, COL4A2:6282.5, ITGA9:6282.5, COL3A1:6282.5, COL4A3:6282.5, COL6A5:6282.5, COL4A1:6282.5, COL4A5:6282.5, AGRN:6282.5, COL5A2:6282.5, ICAM3:6282.5, ICAM5:6282.5, COL23A1:6282.5, COL7A1:6282.5, COL8A1:6282.5, COL18A1:6282.5, COL13A1:6282.5, HSPG2:6282.5, IBSP:6282.5, TNC:6282.5, ITGA8:6282.5, ITGB8:6282.5, ITGB6:6282.5, ITGA7:6282.5, ITGA11:6282.5, LUM:6282.5, ITGAD:6282.5, FGB:10930, CD47:11140, FN1:11285, VTN:11420, ITGAE:11874, ITGAV:12046, ITGB1:12155, CDH1:12245, FBN1:12346, COL1A2:12472, SPP1:12609, KDR:12705, ITGA4:12724, CD44:12766, COL6A3:13032, COMP:13187, PECAM1:13469, COL5A3:13477, ICAM2:13599, COL6A6:14343, ICAM1:14774, VCAM1:14874, ITGAX:14914, COL1A1:14936, COL2A1:15016, FGG:15049, ICAM4:15059","Both",3
"REACTOME_DAP12_INTERACTIONS",-0.0165850370703213,0.774232778207366,0.919012845729246,25,"SHC1:997, PLCG1:1240, LCP2:6282.5, PIK3R2:6282.5, SOS1:6282.5, PIK3CA:6282.5, PIK3R1:6282.5, VAV2:6282.5, LCK:6282.5, PLCG2:6282.5, LAT:6282.5, BTK:6282.5, B2M:6282.5, TREM2:6282.5, GRAP2:6282.5, CD300LB:6282.5, CD300E:6282.5, SIGLEC15:6282.5, CLEC5A:6282.5, KLRK1:11337, TREM1:12147, PIK3CB:12691, VAV3:13539, SYK:13613, TYROBP:14731","Both",3
"REACTOME_DOWNREGULATION_OF_TGF_BETA_RECEPTOR_SIGNALING",-0.015824632311665,0.806560451597604,0.934594147963033,20,"RPS27A:59, UBA52:103, NEDD4L:1348, UBB:6282.5, PPP1CA:6282.5, STUB1:6282.5, SMAD7:6282.5, SMURF2:6282.5, MTMR4:6282.5, STRAP:6282.5, BAMBI:6282.5, TGFBR1:6282.5, UCHL5:6282.5, TGFBR2:6282.5, PMEPA1:10847, USP15:12201, TGFB1:13316, SMURF1:13611, PPP1CB:13966, ZFYVE9:14910","Herbivore",1
"REACTOME_TGF_BETA_RECEPTOR_SIGNALING_ACTIVATES_SMADS",-0.0699297179837884,0.136217657887322,0.496106181560229,38,"RPS27A:59, UBE2M:83, UBA52:103, CBL:878, ITGB3:935, ITGB5:1095, LTBP1:1295, NEDD4L:1348, UBB:6282.5, TGFB2:6282.5, TGFB3:6282.5, PPP1CA:6282.5, FURIN:6282.5, SMAD4:6282.5, STUB1:6282.5, SMAD7:6282.5, SMURF2:6282.5, ITGA8:6282.5, LTBP4:6282.5, ITGB8:6282.5, ITGB6:6282.5, LTBP2:6282.5, LTBP3:6282.5, MTMR4:6282.5, STRAP:6282.5, BAMBI:6282.5, TGFBR1:6282.5, UCHL5:6282.5, TGFBR2:6282.5, PMEPA1:10847, ITGAV:12046, ITGB1:12155, USP15:12201, FBN1:12346, TGFB1:13316, SMURF1:13611, PPP1CB:13966, ZFYVE9:14910","Herbivore",1
"REACTOME_TGF_BETA_RECEPTOR_SIGNALING_IN_EMT_EPITHELIAL_TO_MESENCHYMAL_TRANSITION",-0.0869332596952072,0.277946275683244,0.645795277135166,13,"RPS27A:59, UBA52:103, RHOA:150, UBB:6282.5, F11R:6282.5, PARD6A:6282.5, ARHGEF18:6282.5, TGFBR1:6282.5, CGN:6282.5, TGFBR2:6282.5, PARD3:11871, TGFB1:13316, SMURF1:13611","Herbivore",1
"REACTOME_TRANSCRIPTIONAL_ACTIVITY_OF_SMAD2_SMAD3_SMAD4_HETEROTRIMER",-0.0412841332368625,0.355178250083709,0.710986273468936,42,"UBE2D1:11, RPS27A:59, UBA52:103, NEDD4L:1348, PARP1:1379, CDKN2B:1684, STAT1:6282.5, MAPK3:6282.5, UBB:6282.5, TFDP1:6282.5, SERPINE1:6282.5, CCNT2:6282.5, CCNT1:6282.5, CDK9:6282.5, FURIN:6282.5, SMAD4:6282.5, NCOR1:6282.5, WWTR1:6282.5, MYC:6282.5, NCOR2:6282.5, TRIM33:6282.5, SMAD7:6282.5, SMURF2:6282.5, RNF111:6282.5, E2F4:6282.5, SP1:6282.5, ATP1B4:6282.5, TGIF2:6282.5, MEN1:6282.5, SKIL:6282.5, SKI:6282.5, SNW1:10866, PPM1A:11119, EP300:11369, CCNK:11699, TGIF1:12058, HDAC1:12354, COL1A2:12472, TFDP2:12914, RBL1:13237, JUNB:14430, E2F5:14460","Herbivore",1
"REACTOME_DOWNREGULATION_OF_SMAD2_3_SMAD4_TRANSCRIPTIONAL_ACTIVITY",-0.11512019770838,0.0464770577412561,0.324740010730731,25,"UBE2D1:11, RPS27A:59, UBA52:103, NEDD4L:1348, PARP1:1379, STAT1:6282.5, MAPK3:6282.5, UBB:6282.5, SERPINE1:6282.5, SMAD4:6282.5, NCOR1:6282.5, WWTR1:6282.5, NCOR2:6282.5, TRIM33:6282.5, SMAD7:6282.5, SMURF2:6282.5, RNF111:6282.5, ATP1B4:6282.5, TGIF2:6282.5, SKIL:6282.5, SKI:6282.5, SNW1:10866, PPM1A:11119, TGIF1:12058, HDAC1:12354","Herbivore",1
"REACTOME_SMAD2_SMAD3_SMAD4_HETEROTRIMER_REGULATES_TRANSCRIPTION",-0.00126336022817991,0.981229064087655,0.998038638143526,29,"RPS27A:59, UBA52:103, CDKN2B:1684, MAPK3:6282.5, UBB:6282.5, TFDP1:6282.5, SERPINE1:6282.5, CCNT2:6282.5, CCNT1:6282.5, CDK9:6282.5, FURIN:6282.5, SMAD4:6282.5, WWTR1:6282.5, MYC:6282.5, SMAD7:6282.5, RNF111:6282.5, E2F4:6282.5, SP1:6282.5, TGIF2:6282.5, MEN1:6282.5, EP300:11369, CCNK:11699, TGIF1:12058, HDAC1:12354, COL1A2:12472, TFDP2:12914, RBL1:13237, JUNB:14430, E2F5:14460","Herbivore",1
"REACTOME_THE_RETINOID_CYCLE_IN_CONES_DAYLIGHT_VISION",-0.0716527866752082,0.511557561687384,0.798907754413294,7,"AWAT2:1624, OPN1LW:6282.5, OPN1SW:6282.5, RLBP1:6282.5, RBP3:6282.5, OPN1MW:6282.5, DHRS3:13486","Unclear",0
"REACTOME_VISUAL_PHOTOTRANSDUCTION",-0.0201719950673925,0.523874094272331,0.807246622438034,84,"GUCY2D:216, CYP4V2:738, ABCA4:792, RGS9BP:937, CNGA1:1268, STRA6:1387, LRP12:1388, MYO7A:1487, BCO1:1528, AWAT2:1624, NMT1:6282.5, GPC1:6282.5, GNB5:6282.5, SDC1:6282.5, SDC4:6282.5, PRKCA:6282.5, SDC3:6282.5, SDC2:6282.5, APOE:6282.5, AGRN:6282.5, HSPG2:6282.5, TTR:6282.5, PLB1:6282.5, NMT2:6282.5, GPC4:6282.5, GPC3:6282.5, GPC5:6282.5, GPC6:6282.5, GPC2:6282.5, LDLR:6282.5, APOA2:6282.5, APOC2:6282.5, RHO:6282.5, HSD17B1:6282.5, PDE6A:6282.5, RETSAT:6282.5, RDH11:6282.5, RBP1:6282.5, LRP1:6282.5, RBP4:6282.5, LRP10:6282.5, BCO2:6282.5, OPN1LW:6282.5, OPN1SW:6282.5, RLBP1:6282.5, RBP3:6282.5, OPN1MW:6282.5, GUCA1A:6282.5, DHRS9:6282.5, GUCY2F:6282.5, RGS9:6282.5, RCVRN:6282.5, GUCA1B:6282.5, RPE65:6282.5, GRK4:6282.5, SAG:6282.5, GUCA1C:6282.5, CAMKMT:6282.5, METAP1:6282.5, SDR9C7:6282.5, GRK1:6282.5, FNTB:6282.5, PDE6B:10827, RDH5:11376, APOB:11535, METAP2:11605, NAPEPLD:11797, RBP2:12386, PPEF1:12493, APOM:12723, LPL:12737, APOA4:12777, LRP8:13001, RDH8:13072, APOA1:13281, RDH12:13302, FNTA:13346, DHRS3:13486, GRK7:13676, PRKCQ:13818, LRAT:14282, HSD17B6:14568, PNLIP:14863, CLPS:14899","Herbivore",1
"REACTOME_NOTCH2_INTRACELLULAR_DOMAIN_REGULATES_TRANSCRIPTION",-0.16654207470534,0.083668435710711,0.39908515763601,9,"MAML2:776, MAML3:1616, MAMLD1:1665, MAML1:6282.5, RBPJ:6282.5, FCER2:6282.5, NOTCH2:6282.5, HES5:6282.5, EP300:11369","Unclear",0
"REACTOME_ANCHORING_FIBRIL_FORMATION",-0.0673099940155595,0.366924728509505,0.720280558819362,15,"COL4A6:848, LAMB3:1056, LAMC2:1241, COL4A4:6282.5, COL4A2:6282.5, COL4A3:6282.5, COL4A1:6282.5, COL4A5:6282.5, COL7A1:6282.5, LAMA3:6282.5, TLL2:6282.5, BMP1:6282.5, COL1A2:12472, TLL1:13331, COL1A1:14936","Both",3
"REACTOME_PI3K_AKT_SIGNALING_IN_CANCER",-0.0167578237964116,0.583757507622408,0.844714916728091,90,"FGF8:76, FGF5:996, IRS1:1149, FGFR2:1505, MAPKAP1:1655, TSC2:1719, PTPN11:6282.5, AKT2:6282.5, CASP9:6282.5, AKT1:6282.5, HGF:6282.5, PDGFB:6282.5, PIK3R2:6282.5, PIK3CA:6282.5, PDPK1:6282.5, PIK3R1:6282.5, LCK:6282.5, SRC:6282.5, PDGFA:6282.5, MDM2:6282.5, NRG1:6282.5, ERBB4:6282.5, GAB2:6282.5, FGFR3:6282.5, FGF10:6282.5, FGF22:6282.5, FGF4:6282.5, FGF6:6282.5, FGF1:6282.5, KL:6282.5, KLB:6282.5, FGF2:6282.5, FGF17:6282.5, FGFR4:6282.5, FGF19:6282.5, FRS2:6282.5, CHUK:6282.5, FOXO3:6282.5, ERBB3:6282.5, EREG:6282.5, ERBB2:6282.5, EGFR:6282.5, NRG2:6282.5, NRG4:6282.5, BTC:6282.5, NRG3:6282.5, ESR1:6282.5, GSK3B:6282.5, CDKN1A:6282.5, FOXO1:6282.5, PIK3CD:6282.5, CDKN1B:6282.5, PIK3AP1:6282.5, TRAT1:6282.5, RICTOR:6282.5, CD19:6282.5, PRR5:6282.5, MTOR:6282.5, KITLG:6282.5, KIT:6282.5, AREG:6282.5, TGFA:6282.5, AKT1S1:6282.5, PDGFRB:6282.5, PDGFRA:6282.5, NR4A1:6282.5, RPS6KB2:6282.5, FOXO4:6282.5, FOXO6:6282.5, STRN:10795, FGF7:10886, ESR2:11017, VAV1:11176, FGF20:11475, GAB1:11916, MET:12112, PIK3R3:12489, FLT3:12596, PIK3CB:12691, EGF:12763, GSK3A:13141, BAD:13638, FGF23:13788, FGFR1:14005, HBEGF:14150, CD80:14178, EPGN:14199, CD28:14438, ICOS:14482, CD86:14846","Vertivore",2
"REACTOME_CONDENSATION_OF_PROPHASE_CHROMOSOMES",-0.143926816200448,0.00371410235811528,0.0849840733953801,34,"H4C15:49, H4C14:85, H4C3:171, H4C2:238, H4C13:295, H2BC15:350, H3C13:387, H3C11:588, MCPH1:747, H2AC20:1105, H3C10:1224, H2AC4:1330, H3C8:1344, H3C4:1469, H3C1:6282.5, H4C8:6282.5, H2BC4:6282.5, H2BC21:6282.5, H4C11:6282.5, H2BC9:6282.5, H2AC14:6282.5, RB1:6282.5, NCAPH2:6282.5, SET:6282.5, NCAPG2:6282.5, PHF8:6282.5, KMT5A:6282.5, H4C1:11869, PLK1:11972, SMC4:13797, H3C2:14121, CCNB1:14449, SMC2:14657, H3-3A:15088","Both",3
"REACTOME_PHOSPHATE_BOND_HYDROLYSIS_BY_NUDT_PROTEINS",-0.134288917360666,0.218612220380151,0.590941279378429,7,"NUDT15:794, NUDT1:1424, ADPRM:6282.5, NUDT9:6282.5, NUDT16:6282.5, NUDT18:6282.5, NUDT5:12462","Unclear",0
"REACTOME_SIGNALING_BY_TYPE_1_INSULIN_LIKE_GROWTH_FACTOR_1_RECEPTOR_IGF1R",-0.0429574365744578,0.324822564189053,0.686142571828483,44,"FGF8:76, FGF5:996, SHC1:997, IRS1:1149, FGFR2:1505, PTPN11:6282.5, AKT2:6282.5, IGF1:6282.5, PIK3R2:6282.5, SOS1:6282.5, PIK3CA:6282.5, PDPK1:6282.5, PIK3R1:6282.5, IGF2:6282.5, GAB2:6282.5, FGFR3:6282.5, FGF10:6282.5, FGF22:6282.5, FGF4:6282.5, PIK3C3:6282.5, TRIB3:6282.5, FGF6:6282.5, FGF1:6282.5, KL:6282.5, KLB:6282.5, FGF2:6282.5, PDE3B:6282.5, FGF17:6282.5, FGFR4:6282.5, FGF19:6282.5, FRS2:6282.5, IRS4:6282.5, CILP:6282.5, IGF1R:6282.5, FGF7:10886, PIK3R4:11306, FGF20:11475, GAB1:11916, THEM4:11934, FLT3:12596, PIK3CB:12691, FGF23:13788, FGFR1:14005, TLR9:14413","Both",3
"REACTOME_SELENOAMINO_ACID_METABOLISM",-0.014923929860753,0.682637391891988,0.88515692397876,63,"RPS27A:59, RPL34:66, RPL19:69, UBA52:103, RPS26:138, RPL31:169, RPS7:178, RPS23:180, RPL8:184, RPS17:201, RPL17:206, SECISBP2:587, RPL13:905, PAPSS1:1409, RPS5:6282.5, RPLP0:6282.5, RPL3:6282.5, RPS10:6282.5, RPL3L:6282.5, RPS2:6282.5, RPL32:6282.5, RPL10L:6282.5, RPL38:6282.5, RPL15:6282.5, RPLP2:6282.5, RPS27L:6282.5, RPL14:6282.5, RPL36A:6282.5, NNMT:6282.5, PAPSS2:6282.5, TXNRD1:6282.5, SCLY:6282.5, HNMT:6282.5, SARS1:6282.5, KARS1:6282.5, AIMP2:6282.5, EEFSEC:6282.5, AIMP1:6282.5, QARS1:6282.5, PSTK:6282.5, IARS1:6282.5, DARS1:11525, SEPHS2:11670, RPL7:12006, RPL6:12073, RPL4:12176, GSR:12572, MAT1A:12656, SEPSECS:12713, EEF1E1:12801, RPS3:12824, RPL9:12853, CBS:13007, LARS1:13709, AHCY:13958, RPS15:14780, CTH:14781, RARS1:14845, GNMT:14965, RPS27:14996, RPS15A:15066, RPS14:15087, RPL23:15099","Herbivore",1
"REACTOME_DAP12_SIGNALING",-0.0157516560008982,0.807434944321918,0.935006554022106,20,"SHC1:997, PLCG1:1240, LCP2:6282.5, PIK3R2:6282.5, SOS1:6282.5, PIK3CA:6282.5, PIK3R1:6282.5, VAV2:6282.5, LCK:6282.5, PLCG2:6282.5, LAT:6282.5, BTK:6282.5, B2M:6282.5, TREM2:6282.5, GRAP2:6282.5, KLRK1:11337, PIK3CB:12691, VAV3:13539, SYK:13613, TYROBP:14731","Both",3
"REACTOME_ACTIVATION_OF_GENE_EXPRESSION_BY_SREBF_SREBP",-0.033356641230657,0.483071733032579,0.78964490902787,37,"MVK:151, HELZ2:301, DHCR7:635, LSS:801, PMVK:1408, CREBBP:6282.5, SREBF1:6282.5, NCOA1:6282.5, TBL1X:6282.5, MED1:6282.5, TGS1:6282.5, NCOA2:6282.5, CHD9:6282.5, RXRA:6282.5, NCOA6:6282.5, GPAM:6282.5, ACACB:6282.5, FASN:6282.5, NFYC:6282.5, IDI1:6282.5, FDFT1:6282.5, SQLE:6282.5, HMGCS1:6282.5, TM7SF2:6282.5, GGPS1:6282.5, FDPS:6282.5, MVD:6282.5, SP1:6282.5, MTF1:6282.5, HMGCR:11799, ELOVL6:13732, ACACA:13843, SC5D:13980, CARM1:14601, SCD:14723, PPARA:14728, CYP51A1:14994","Unclear",0
"REACTOME_SHC_RELATED_EVENTS_TRIGGERED_BY_IGF1R",-0.165232010759919,0.200738104100777,0.570868772387542,5,"SHC1:997, IGF1:6282.5, SOS1:6282.5, IGF2:6282.5, IGF1R:6282.5","Unclear",0
"REACTOME_RETINOID_CYCLE_DISEASE_EVENTS",-0.0182772130270448,0.819565963821427,0.939233875864161,13,"ABCA4:792, STRA6:1387, TTR:6282.5, RBP1:6282.5, RBP4:6282.5, OPN1LW:6282.5, OPN1SW:6282.5, RLBP1:6282.5, OPN1MW:6282.5, RDH5:11376, NAPEPLD:11797, RDH12:13302, LRAT:14282","Unclear",0
"REACTOME_THE_CANONICAL_RETINOID_CYCLE_IN_RODS_TWILIGHT_VISION",-0.0320811010233871,0.611001893351243,0.854849423976206,21,"CYP4V2:738, ABCA4:792, STRA6:1387, MYO7A:1487, TTR:6282.5, RHO:6282.5, HSD17B1:6282.5, RDH11:6282.5, RBP1:6282.5, RBP4:6282.5, RLBP1:6282.5, RBP3:6282.5, DHRS9:6282.5, RPE65:6282.5, SDR9C7:6282.5, RDH5:11376, NAPEPLD:11797, RDH8:13072, RDH12:13302, LRAT:14282, HSD17B6:14568","Unclear",0
"REACTOME_FC_EPSILON_RECEPTOR_FCERI_SIGNALING",-0.0380999638066106,0.196108076216693,0.562134914815098,97,"UBE2D1:11, RPS27A:59, SKP1:68, UBA52:103, IKBKG:445, CARD11:727, SHC1:997, PSMB9:1148, PLCG1:1240, ITPR1:1309, PSMB11:1646, TAB1:1736, PSMD5:6282.5, PSMB5:6282.5, MAPK3:6282.5, PSMD3:6282.5, PSMD9:6282.5, PSMF1:6282.5, PSMB2:6282.5, PSMA1:6282.5, PSME3:6282.5, PSMB6:6282.5, PSMA8:6282.5, PSMD4:6282.5, PSMB4:6282.5, PSMD6:6282.5, UBB:6282.5, PAK2:6282.5, PSMD13:6282.5, PSMD12:6282.5, PSMB8:6282.5, PSMB10:6282.5, PPP3R1:6282.5, LCP2:6282.5, RASGRP2:6282.5, PIK3R2:6282.5, SOS1:6282.5, PIK3CA:6282.5, ITPR2:6282.5, PDPK1:6282.5, PIK3R1:6282.5, FCER1G:6282.5, VAV2:6282.5, RASGRP1:6282.5, PLCG2:6282.5, LAT:6282.5, GAB2:6282.5, NFKBIA:6282.5, NFATC2:6282.5, NFKB1:6282.5, NFATC1:6282.5, BCL10:6282.5, MALT1:6282.5, RELA:6282.5, CHUK:6282.5, UBE2D2:6282.5, BTK:6282.5, PAK1:6282.5, JUN:6282.5, MAPK9:6282.5, MAP2K7:6282.5, GRAP2:6282.5, MAPK10:6282.5, TEC:6282.5, TAB3:6282.5, FOS:6282.5, TRAF6:6282.5, UBE2V1:6282.5, ITK:6282.5, MAP3K1:6282.5, TXK:6282.5, MS4A2:6282.5, FCER1A:6282.5, VAV1:11176, PSMD10:11350, PSMD1:11428, PSMB1:11506, BTRC:11532, PSMB7:11603, MAP3K7:11639, UBE2N:11716, PSME4:11744, ITPR3:11892, SEM1:11957, PSMD8:12029, RASGRP4:12320, PIK3CB:12691, TAB2:12875, LYN:13217, NFATC3:13271, VAV3:13539, SYK:13613, PRKCQ:13818, PSMD2:14237, IKBKB:14262, PSME2:14297, PSME1:14419","Herbivore",1
"REACTOME_ACTIVATION_OF_THE_PHOTOTRANSDUCTION_CASCADE",-0.102981394306209,0.425205775113673,0.759055457950448,5,"CNGA1:1268, RHO:6282.5, PDE6A:6282.5, SAG:6282.5, PDE6B:10827","Unclear",0
"REACTOME_THE_PHOTOTRANSDUCTION_CASCADE",-0.0430794839783604,0.438804366720047,0.769615051747319,27,"GUCY2D:216, RGS9BP:937, CNGA1:1268, NMT1:6282.5, GNB5:6282.5, PRKCA:6282.5, NMT2:6282.5, RHO:6282.5, PDE6A:6282.5, GUCA1A:6282.5, GUCY2F:6282.5, RGS9:6282.5, RCVRN:6282.5, GUCA1B:6282.5, GRK4:6282.5, SAG:6282.5, GUCA1C:6282.5, CAMKMT:6282.5, METAP1:6282.5, GRK1:6282.5, FNTB:6282.5, PDE6B:10827, METAP2:11605, PPEF1:12493, FNTA:13346, GRK7:13676, PRKCQ:13818","Unclear",0
"REACTOME_OXIDATIVE_STRESS_INDUCED_SENESCENCE",-0.110435038562399,0.000898073883630348,0.0317495531801082,76,"H4C15:49, RPS27A:59, H4C14:85, UBA52:103, MINK1:119, H4C3:171, H4C2:238, H4C13:295, H2BC15:350, H3C13:387, KDM6B:483, H3C11:588, CBX2:748, H2AC20:1105, H3C10:1224, PHC2:1286, H2AC4:1330, H3C8:1344, TNRC6C:1376, H3C4:1469, CDKN2B:1684, MAPK3:6282.5, TP53:6282.5, CDKN2A:6282.5, UBB:6282.5, TFDP1:6282.5, H3C1:6282.5, H4C8:6282.5, H2BC4:6282.5, H2BC21:6282.5, H4C11:6282.5, H2BC9:6282.5, H2AC14:6282.5, MDM2:6282.5, EED:6282.5, EZH2:6282.5, MAP2K6:6282.5, JUN:6282.5, SUZ12:6282.5, MAPK11:6282.5, MAP2K3:6282.5, MAPK9:6282.5, MAP2K7:6282.5, MAPK10:6282.5, MAPKAPK3:6282.5, MAPKAPK2:6282.5, FOS:6282.5, TNRC6A:6282.5, E2F3:6282.5, MOV10:6282.5, E2F2:6282.5, CDK6:6282.5, CDKN2C:6282.5, CDKN2D:6282.5, SCMH1:6282.5, PHC1:6282.5, CBX8:6282.5, TNIK:6282.5, PHC3:6282.5, CBX6:6282.5, MAP3K5:6282.5, CDK4:10976, RING1:11260, TNRC6B:11613, H4C1:11869, RBBP7:11998, AGO1:12768, TFDP2:12914, MAPKAPK5:13074, MDM4:13090, TXN:13294, E2F1:13388, MAP4K4:13579, H3C2:14121, RBBP4:14816, H3-3A:15088","Herbivore",1
"REACTOME_SENESCENCE_ASSOCIATED_SECRETORY_PHENOTYPE_SASP",-0.0957259170529313,0.00773142037134695,0.128234615430862,65,"UBE2D1:11, H4C15:49, RPS27A:59, H4C14:85, UBA52:103, H4C3:171, H4C2:238, H4C13:295, H2BC15:350, H3C13:387, FZR1:392, H3C11:588, ANAPC15:797, H2AC20:1105, H3C10:1224, H2AC4:1330, H3C8:1344, H3C4:1469, CDKN2B:1684, MAPK7:1720, MAPK3:6282.5, CDKN2A:6282.5, UBB:6282.5, CDK2:6282.5, H3C1:6282.5, H4C8:6282.5, H2BC4:6282.5, H2BC21:6282.5, H4C11:6282.5, H2BC9:6282.5, H2AC14:6282.5, RPS6KA2:6282.5, NFKB1:6282.5, RELA:6282.5, CDKN1A:6282.5, JUN:6282.5, CDKN1B:6282.5, FOS:6282.5, CDC27:6282.5, ANAPC4:6282.5, UBE2S:6282.5, ANAPC2:6282.5, CCNA1:6282.5, CDK6:6282.5, CDKN2C:6282.5, CDKN2D:6282.5, EHMT2:6282.5, IGFBP7:6282.5, EHMT1:6282.5, CDK4:10976, CDC26:11254, VENTX:11396, H4C1:11869, ANAPC5:12378, RPS6KA1:12739, CDC16:12776, CCNA2:13232, IL6:13554, ANAPC7:14051, H3C2:14121, CXCL8:14183, IL1A:14189, CDC23:14341, ANAPC1:14818, H3-3A:15088","Herbivore",1
"REACTOME_CELLULAR_SENESCENCE",-0.0488086812927577,0.0512367653106738,0.334709738605598,135,"UBE2D1:11, H4C15:49, RPS27A:59, H4C14:85, UBA52:103, MINK1:119, H4C3:171, H4C2:238, H4C13:295, H2BC15:350, H3C13:387, FZR1:392, KDM6B:483, H3C11:588, CBX2:748, ANAPC15:797, H2AC20:1105, H3C10:1224, ATM:1269, PHC2:1286, H2AC4:1330, H3C8:1344, TNRC6C:1376, H3C4:1469, EP400:1501, CDKN2B:1684, MAPK7:1720, MRE11:1742, MAPK3:6282.5, LMNB1:6282.5, H1-3:6282.5, TP53:6282.5, CDKN2A:6282.5, H1-4:6282.5, UBB:6282.5, H1-5:6282.5, H1-2:6282.5, H1-0:6282.5, TFDP1:6282.5, CDK2:6282.5, H3C1:6282.5, TINF2:6282.5, TERF1:6282.5, H4C8:6282.5, TERF2IP:6282.5, H2BC4:6282.5, H2BC21:6282.5, H4C11:6282.5, H2BC9:6282.5, H2AC14:6282.5, RPS6KA2:6282.5, MDM2:6282.5, RB1:6282.5, NFKB1:6282.5, RELA:6282.5, EED:6282.5, EZH2:6282.5, MAP2K6:6282.5, CDKN1A:6282.5, JUN:6282.5, SUZ12:6282.5, MAPK11:6282.5, MAP2K3:6282.5, MAPK9:6282.5, MAP2K7:6282.5, MAPK10:6282.5, CDKN1B:6282.5, MAPKAPK3:6282.5, MAPKAPK2:6282.5, FOS:6282.5, CDC27:6282.5, ANAPC4:6282.5, UBE2S:6282.5, ANAPC2:6282.5, NBN:6282.5, RAD50:6282.5, CCNE1:6282.5, CCNA1:6282.5, CCNE2:6282.5, TNRC6A:6282.5, E2F3:6282.5, MOV10:6282.5, E2F2:6282.5, CDK6:6282.5, CDKN2C:6282.5, CDKN2D:6282.5, SP1:6282.5, EHMT2:6282.5, SCMH1:6282.5, PHC1:6282.5, CBX8:6282.5, TNIK:6282.5, PHC3:6282.5, CBX6:6282.5, MAP3K5:6282.5, IGFBP7:6282.5, EHMT1:6282.5, CABIN1:6282.5, ERF:6282.5, CDK4:10976, CDC26:11254, RING1:11260, VENTX:11396, TNRC6B:11613, UBN1:11760, H4C1:11869, RBBP7:11998, ANAPC5:12378, ETS1:12661, RPS6KA1:12739, AGO1:12768, CDC16:12776, TFDP2:12914, ID1:12947, MAPKAPK5:13074, MDM4:13090, CCNA2:13232, ETS2:13270, TXN:13294, ACD:13368, E2F1:13388, POT1:13500, IL6:13554, MAP4K4:13579, ANAPC7:14051, H3C2:14121, CXCL8:14183, IL1A:14189, CDC23:14341, H1-1:14598, TERF2:14700, RBBP4:14816, ANAPC1:14818, H3-3A:15088, HIRA:15101","Herbivore",1
"REACTOME_FORMATION_OF_SENESCENCE_ASSOCIATED_HETEROCHROMATIN_FOCI_SAHF",-0.0110031895625972,0.886686832801898,0.964813735390358,14,"EP400:1501, LMNB1:6282.5, H1-3:6282.5, TP53:6282.5, H1-4:6282.5, H1-5:6282.5, H1-2:6282.5, H1-0:6282.5, RB1:6282.5, CDKN1A:6282.5, CABIN1:6282.5, UBN1:11760, H1-1:14598, HIRA:15101","Both",3
"REACTOME_ONCOGENE_INDUCED_SENESCENCE",-0.0158307562334813,0.768129597333516,0.919012845729246,29,"RPS27A:59, UBA52:103, TNRC6C:1376, CDKN2B:1684, MAPK3:6282.5, TP53:6282.5, CDKN2A:6282.5, UBB:6282.5, TFDP1:6282.5, MDM2:6282.5, RB1:6282.5, TNRC6A:6282.5, E2F3:6282.5, MOV10:6282.5, E2F2:6282.5, CDK6:6282.5, CDKN2C:6282.5, CDKN2D:6282.5, SP1:6282.5, ERF:6282.5, CDK4:10976, TNRC6B:11613, ETS1:12661, AGO1:12768, TFDP2:12914, ID1:12947, MDM4:13090, ETS2:13270, E2F1:13388","Herbivore",1
"REACTOME_DNA_DAMAGE_TELOMERE_STRESS_INDUCED_SENESCENCE",-0.0989391778628437,0.0218360259193592,0.243488321994598,45,"H4C15:49, H4C14:85, H4C3:171, H4C2:238, H4C13:295, H2BC15:350, H2AC20:1105, ATM:1269, H2AC4:1330, EP400:1501, MRE11:1742, LMNB1:6282.5, H1-3:6282.5, TP53:6282.5, H1-4:6282.5, H1-5:6282.5, H1-2:6282.5, H1-0:6282.5, CDK2:6282.5, TINF2:6282.5, TERF1:6282.5, H4C8:6282.5, TERF2IP:6282.5, H2BC4:6282.5, H2BC21:6282.5, H4C11:6282.5, H2BC9:6282.5, H2AC14:6282.5, RB1:6282.5, CDKN1A:6282.5, CDKN1B:6282.5, NBN:6282.5, RAD50:6282.5, CCNE1:6282.5, CCNA1:6282.5, CCNE2:6282.5, CABIN1:6282.5, UBN1:11760, H4C1:11869, CCNA2:13232, ACD:13368, POT1:13500, H1-1:14598, TERF2:14700, HIRA:15101","Both",3
"REACTOME_REGULATION_OF_PLK1_ACTIVITY_AT_G2_M_TRANSITION",-0.0384401683961155,0.254007399794642,0.622249105746929,74,"RPS27A:59, SKP1:68, UBA52:103, CEP164:134, CEP131:325, HAUS3:388, TUBB4A:543, OFD1:598, SDCCAG8:622, CDK5RAP2:704, TUBA4A:786, PCM1:850, CEP250:884, CEP43:1267, UBB:6282.5, PRKAR2B:6282.5, TUBB4B:6282.5, CNTRL:6282.5, HSP90AA1:6282.5, AJUBA:6282.5, DYNC1I2:6282.5, DCTN2:6282.5, DYNC1H1:6282.5, DCTN1:6282.5, CCNB2:6282.5, PPP1R12A:6282.5, AURKA:6282.5, HAUS4:6282.5, NINL:6282.5, MAPRE1:6282.5, CCP110:6282.5, CEP152:6282.5, CEP41:6282.5, CEP72:6282.5, CEP70:6282.5, NEK2:6282.5, OPTN:6282.5, BORA:6282.5, ODF2:6282.5, HAUS2:6282.5, CSNK1D:6282.5, PLK4:6282.5, CEP78:6282.5, CENPJ:6282.5, HAUS1:6282.5, PCNT:6282.5, CEP57:6282.5, CKAP5:6282.5, SSNA1:6282.5, CEP63:6282.5, HAUS7:6282.5, HAUS5:6282.5, PRKACA:10858, NDE1:11522, BTRC:11532, CEP76:11560, AKAP9:11645, DCTN3:11931, CETN2:11941, PLK1:11972, CEP290:12146, HAUS6:12253, TUBA1A:12546, CEP135:12589, HAUS8:12746, NEDD1:12855, SFI1:13279, PPP1R12B:13336, PPP1CB:13966, CLASP1:14098, CCNB1:14449, TUBB:14742, CEP192:15033, DYNLL1:15080","Herbivore",1
"REACTOME_SIGNALING_BY_LEPTIN",-0.0954374423762179,0.321558938571545,0.686142571828483,9,"IRS1:1149, JAK2:6282.5, PTPN11:6282.5, SOCS3:6282.5, SH2B1:6282.5, STAT5A:6282.5, STAT5B:6282.5, LEP:6282.5, LEPR:11607","Unclear",0
"REACTOME_SIGNALING_BY_NOTCH1_PEST_DOMAIN_MUTANTS_IN_CANCER",-0.0178191489361702,0.672994198747054,0.883292543339485,47,"RPS27A:59, SKP1:68, UBA52:103, JAG2:219, ADAM17:468, MAML2:776, MAML3:1616, MAMLD1:1665, UBB:6282.5, CREBBP:6282.5, NCOR1:6282.5, NCSTN:6282.5, TBL1X:6282.5, KAT2A:6282.5, MYC:6282.5, NOTCH1:6282.5, MAML1:6282.5, RBPJ:6282.5, NCOR2:6282.5, DLL1:6282.5, MIB2:6282.5, HDAC7:6282.5, HDAC4:6282.5, HDAC6:6282.5, HDAC10:6282.5, JAG1:6282.5, NEURL1:6282.5, DLL4:6282.5, HEY2:6282.5, HEY1:6282.5, HES5:6282.5, NEURL1B:6282.5, SNW1:10866, EP300:11369, ADAM10:11589, HDAC5:11643, PSEN2:11958, PSEN1:12167, HDAC1:12354, HEYL:12680, HDAC9:13513, KAT2B:13850, APH1B:14076, FBXW7:14228, MIB1:14293, HDAC8:14606, HDAC11:15011","Herbivore",1
"REACTOME_FBXW7_MUTANTS_AND_NOTCH1_IN_CANCER",-0.0521813835350366,0.754266867482121,0.912101383011578,3,"SKP1:68, NOTCH1:6282.5, FBXW7:14228","Both",3
"REACTOME_ACETYLCHOLINE_NEUROTRANSMITTER_RELEASE_CYCLE",-0.0549074593381941,0.510274945820645,0.798446997405163,12,"SNAP25:21, TSPOAP1:272, SYT1:6282.5, CHAT:6282.5, RIMS1:6282.5, STX1A:6282.5, PPFIA2:6282.5, PPFIA4:6282.5, SLC18A3:6282.5, UNC13B:11038, SLC5A7:12368, PPFIA3:14931","Both",3
"REACTOME_CASPASE_MEDIATED_CLEAVAGE_OF_CYTOSKELETAL_PROTEINS",-0.0514862591138531,0.536980725939448,0.815829340782279,12,"PLEC:4, DBNL:627, SPTAN1:1669, VIM:6282.5, ADD1:6282.5, GSN:6282.5, CASP7:6282.5, MAPT:6282.5, CASP8:11211, CASP6:11470, GAS2:12423, CASP3:14463","Both",3
"REACTOME_SIGNALING_BY_NOTCH1_T_7_9_NOTCH1_M1580_K2555_TRANSLOCATION_MUTANT",-0.156502242152466,0.151651051715591,0.520645604764851,7,"JAG2:219, ADAM17:468, NOTCH1:6282.5, DLL1:6282.5, JAG1:6282.5, DLL4:6282.5, ADAM10:11589","Unclear",0
"REACTOME_EPH_EPHRIN_SIGNALING",-0.0348042044077286,0.301708517546388,0.669102653303982,74,"CDC42:60, RHOA:150, EPHA4:248, TIAM1:396, ACTG1:418, MYH10:800, ITSN1:829, EPHA10:844, GRIN2B:988, NGEF:1140, EPHB6:1167, MMP9:1252, ROCK1:6282.5, PTK2:6282.5, PAK2:6282.5, ACTB:6282.5, VAV2:6282.5, SDC2:6282.5, CFL1:6282.5, SRC:6282.5, ARHGEF7:6282.5, AP2M1:6282.5, GRIN1:6282.5, AP2A2:6282.5, NCSTN:6282.5, EPHA8:6282.5, NCK2:6282.5, PAK3:6282.5, EPHA6:6282.5, MMP2:6282.5, EFNB1:6282.5, MYH9:6282.5, MYH14:6282.5, DNM1:6282.5, EFNB3:6282.5, CLTA:6282.5, EFNB2:6282.5, ARPC1B:6282.5, ROCK2:6282.5, EPHA7:6282.5, SDCBP:6282.5, EPHA2:6282.5, EFNA3:6282.5, EPHA5:6282.5, EPHA1:6282.5, PAK1:6282.5, EPHB1:6282.5, KALRN:6282.5, EFNA1:6282.5, CLTB:6282.5, LIMK2:6282.5, EPHB3:6282.5, ARHGEF28:6282.5, ARPC4:6282.5, EFNA4:6282.5, ADAM10:11589, PSEN2:11958, PSEN1:12167, AP2A1:12312, EFNA2:12425, LIMK1:12567, MYL6:12928, EPHB2:13123, LYN:13217, GIT1:13400, VAV3:13539, EPHB4:13852, MYH11:13948, APH1B:14076, RASA1:14114, YES1:14402, WASL:14429, EPHA3:14614, CLTCL1:14961","Herbivore",1
"REACTOME_SIGNALING_BY_NOTCH1_HD_DOMAIN_MUTANTS_IN_CANCER",-0.145333461556955,0.0598151292440877,0.362806541994314,14,"RPS27A:59, UBA52:103, JAG2:219, ADAM17:468, UBB:6282.5, NOTCH1:6282.5, DLL1:6282.5, MIB2:6282.5, JAG1:6282.5, NEURL1:6282.5, DLL4:6282.5, NEURL1B:6282.5, ADAM10:11589, MIB1:14293","Herbivore",1
"REACTOME_ROLE_OF_LAT2_NTAL_LAB_ON_CALCIUM_MOBILIZATION",-0.0177508154847172,0.824676886921093,0.940276238548449,13,"SHC1:997, PIK3R2:6282.5, SOS1:6282.5, PIK3CA:6282.5, PDPK1:6282.5, PIK3R1:6282.5, FCER1G:6282.5, GAB2:6282.5, MS4A2:6282.5, FCER1A:6282.5, PIK3CB:12691, LYN:13217, SYK:13613","Unclear",0
"REACTOME_FCERI_MEDIATED_MAPK_ACTIVATION",-0.0520470627878243,0.377760355126635,0.730796051816871,24,"SHC1:997, PLCG1:1240, MAPK3:6282.5, PAK2:6282.5, LCP2:6282.5, SOS1:6282.5, FCER1G:6282.5, VAV2:6282.5, PLCG2:6282.5, LAT:6282.5, PAK1:6282.5, JUN:6282.5, MAPK9:6282.5, MAP2K7:6282.5, GRAP2:6282.5, MAPK10:6282.5, FOS:6282.5, MAP3K1:6282.5, MS4A2:6282.5, FCER1A:6282.5, VAV1:11176, LYN:13217, VAV3:13539, SYK:13613","Unclear",0
"REACTOME_FCERI_MEDIATED_CA_2_MOBILIZATION",-0.0358905222403706,0.526737760052757,0.808950750745418,26,"SHC1:997, PLCG1:1240, ITPR1:1309, PPP3R1:6282.5, LCP2:6282.5, SOS1:6282.5, ITPR2:6282.5, FCER1G:6282.5, VAV2:6282.5, PLCG2:6282.5, LAT:6282.5, NFATC2:6282.5, NFATC1:6282.5, BTK:6282.5, GRAP2:6282.5, TEC:6282.5, ITK:6282.5, TXK:6282.5, MS4A2:6282.5, FCER1A:6282.5, VAV1:11176, ITPR3:11892, LYN:13217, NFATC3:13271, VAV3:13539, SYK:13613","Unclear",0
"REACTOME_FCERI_MEDIATED_NF_KB_ACTIVATION",-0.0283418326781626,0.444786638828625,0.772278509992157,61,"UBE2D1:11, RPS27A:59, SKP1:68, UBA52:103, IKBKG:445, CARD11:727, PSMB9:1148, PSMB11:1646, TAB1:1736, PSMD5:6282.5, PSMB5:6282.5, PSMD3:6282.5, PSMD9:6282.5, PSMF1:6282.5, PSMB2:6282.5, PSMA1:6282.5, PSME3:6282.5, PSMB6:6282.5, PSMA8:6282.5, PSMD4:6282.5, PSMB4:6282.5, PSMD6:6282.5, UBB:6282.5, PSMD13:6282.5, PSMD12:6282.5, PSMB8:6282.5, PSMB10:6282.5, RASGRP2:6282.5, PDPK1:6282.5, FCER1G:6282.5, RASGRP1:6282.5, NFKBIA:6282.5, NFKB1:6282.5, BCL10:6282.5, MALT1:6282.5, RELA:6282.5, CHUK:6282.5, UBE2D2:6282.5, TAB3:6282.5, TRAF6:6282.5, UBE2V1:6282.5, MS4A2:6282.5, FCER1A:6282.5, PSMD10:11350, PSMD1:11428, PSMB1:11506, BTRC:11532, PSMB7:11603, MAP3K7:11639, UBE2N:11716, PSME4:11744, SEM1:11957, PSMD8:12029, RASGRP4:12320, TAB2:12875, LYN:13217, PRKCQ:13818, PSMD2:14237, IKBKB:14262, PSME2:14297, PSME1:14419","Herbivore",1
"REACTOME_NOTCH2_ACTIVATION_AND_TRANSMISSION_OF_SIGNAL_TO_THE_NUCLEUS",-0.0196929447125878,0.772491183989811,0.919012845729246,18,"RPS27A:59, UBA52:103, JAG2:219, UBB:6282.5, NCSTN:6282.5, DLL1:6282.5, MIB2:6282.5, JAG1:6282.5, NEURL1:6282.5, DLL4:6282.5, NOTCH2:6282.5, NEURL1B:6282.5, ADAM10:11589, PSEN2:11958, PSEN1:12167, CNTN1:12506, APH1B:14076, MIB1:14293","Herbivore",1
"REACTOME_LAMININ_INTERACTIONS",-0.187690375985305,0.000473296770851896,0.0208673465767454,29,"LAMA5:104, ITGB4:143, ITGA6:688, ITGA3:715, LAMA4:754, LAMB1:774, COL4A6:848, LAMB3:1056, LAMA2:1141, LAMC1:1230, LAMC2:1241, ITGA2:6282.5, ITGA1:6282.5, COL4A4:6282.5, COL4A2:6282.5, COL4A3:6282.5, COL4A1:6282.5, COL4A5:6282.5, COL7A1:6282.5, COL18A1:6282.5, LAMA3:6282.5, NID1:6282.5, HSPG2:6282.5, LAMC3:6282.5, ITGA7:6282.5, LAMB2:6282.5, ITGAV:12046, ITGB1:12155, LAMA1:13901","Both",3
"REACTOME_SYNDECAN_INTERACTIONS",-0.00277410489746183,0.960978019545093,0.993542078100278,26,"ITGB4:143, ITGA6:688, ITGB3:935, ITGB5:1095, ACTN1:6282.5, SDC1:6282.5, SDC4:6282.5, THBS1:6282.5, PRKCA:6282.5, SDC3:6282.5, ITGA2:6282.5, SDC2:6282.5, FGF2:6282.5, COL5A1:6282.5, COL3A1:6282.5, COL5A2:6282.5, TNC:6282.5, FN1:11285, VTN:11420, ITGAV:12046, ITGB1:12155, COL1A2:12472, TGFB1:13316, COL5A3:13477, TRAPPC4:14041, COL1A1:14936","Both",3
"REACTOME_NON_INTEGRIN_MEMBRANE_ECM_INTERACTIONS",-0.094581669589154,0.0128833595900922,0.1735153457153,58,"LAMA5:104, ITGB4:143, DMD:232, COL10A1:283, ITGA6:688, LAMA4:754, LAMB1:774, COL4A6:848, ITGB3:935, LAMB3:1056, ITGB5:1095, LAMA2:1141, LAMC1:1230, LAMC2:1241, COL11A2:1532, ACTN1:6282.5, PDGFB:6282.5, SDC1:6282.5, SDC4:6282.5, THBS1:6282.5, PRKCA:6282.5, SDC3:6282.5, ITGA2:6282.5, SDC2:6282.5, PDGFA:6282.5, NRXN1:6282.5, FGF2:6282.5, NTN4:6282.5, COL4A4:6282.5, COL5A1:6282.5, COL4A2:6282.5, COL3A1:6282.5, COL4A3:6282.5, DAG1:6282.5, COL4A1:6282.5, COL4A5:6282.5, AGRN:6282.5, COL5A2:6282.5, LAMA3:6282.5, HSPG2:6282.5, TNC:6282.5, LAMC3:6282.5, TTR:6282.5, DDR1:6282.5, DDR2:6282.5, LAMB2:6282.5, FN1:11285, VTN:11420, ITGAV:12046, ITGB1:12155, COL1A2:12472, TGFB1:13316, COL5A3:13477, COL11A1:13537, LAMA1:13901, TRAPPC4:14041, COL1A1:14936, COL2A1:15016","Both",3
"REACTOME_ECM_PROTEOGLYCANS",-0.0550128615346007,0.10730689023863,0.44994028627965,72,"LAMA5:104, COL6A1:157, TNN:191, COL6A2:404, LAMA4:754, LAMB1:774, COL4A6:848, ITGB3:935, MUSK:962, ITGB5:1095, LAMA2:1141, LAMC1:1230, BCAN:1233, COL9A2:1306, COL9A3:1351, ITGA2B:6282.5, TGFB2:6282.5, SERPINE1:6282.5, SPARC:6282.5, TGFB3:6282.5, APP:6282.5, ITGA2:6282.5, PTPRS:6282.5, COL4A4:6282.5, COL9A1:6282.5, COL5A1:6282.5, COL4A2:6282.5, ITGA9:6282.5, NCAM1:6282.5, COL3A1:6282.5, COL4A3:6282.5, COL6A5:6282.5, DAG1:6282.5, COL4A1:6282.5, COL4A5:6282.5, AGRN:6282.5, COL5A2:6282.5, DCN:6282.5, LAMA3:6282.5, HSPG2:6282.5, IBSP:6282.5, VCAN:6282.5, TNC:6282.5, ITGA8:6282.5, ASPN:6282.5, ITGB6:6282.5, TNR:6282.5, MATN3:6282.5, ITGA7:6282.5, LUM:6282.5, HAPLN1:6282.5, MATN1:6282.5, LAMB2:6282.5, BGN:6282.5, FN1:11285, VTN:11420, MATN4:11766, ITGAV:12046, FMOD:12064, ITGB1:12155, COL1A2:12472, COL6A3:13032, COMP:13187, TGFB1:13316, COL5A3:13477, LRP4:13870, LAMA1:13901, COL6A6:14343, NCAN:14905, ITGAX:14914, COL1A1:14936, COL2A1:15016","Both",3
"REACTOME_SUMO_IS_TRANSFERRED_FROM_E1_TO_E2_UBE2I_UBC9",-0.115377718000448,0.371636790865032,0.725174387369754,5,"UBE2I:15, RWDD3:6282.5, SAE1:6282.5, SUMO3:6282.5, UBA2:11075","Both",3
"REACTOME_SUMOYLATION_OF_DNA_DAMAGE_RESPONSE_AND_REPAIR_PROTEINS",-0.0127389198479246,0.722993285898341,0.901960889070325,65,"UBE2I:15, NUP88:192, BLM:414, NUP153:528, NUP50:643, CBX2:748, PHC2:1286, RAE1:1313, PARP1:1379, NUP214:1425, RPA1:1675, CDKN2A:6282.5, TPR:6282.5, NDC1:6282.5, AAAS:6282.5, NUP188:6282.5, NUP93:6282.5, NUP155:6282.5, NUP43:6282.5, NUP210:6282.5, NUP58:6282.5, SEC13:6282.5, NUP35:6282.5, NUP62:6282.5, BRCA1:6282.5, STAG2:6282.5, STAG1:6282.5, PML:6282.5, PCGF2:6282.5, HDAC7:6282.5, WRN:6282.5, XRCC4:6282.5, SCMH1:6282.5, PHC1:6282.5, CBX8:6282.5, PHC3:6282.5, RAD52:6282.5, NSMCE2:6282.5, SMC6:6282.5, NSMCE1:6282.5, SUMO3:6282.5, SMC5:6282.5, PIAS4:10793, NUP205:10887, HERC2:10956, RING1:11260, PIAS1:11372, NUP160:11681, NUP37:11698, NUP85:11843, CETN2:11941, TDG:12060, EID3:12097, NUP107:12122, NSMCE4A:12169, RAD21:12186, NUP42:12532, NUP54:12910, NUP98:13246, NUP133:13372, XPC:13379, RNF168:13515, SEH1L:14240, PIAS2:14335, NSMCE3:15022","Both",3
"REACTOME_LRR_FLII_INTERACTING_PROTEIN_1_LRRFIP1_ACTIVATES_TYPE_I_IFN_PRODUCTION",-0.102796144794352,0.476469031563272,0.78454215882062,4,"LRRFIP1:779, IRF3:6282.5, CREBBP:6282.5, EP300:11369","Unclear",0
"REACTOME_REGULATION_OF_INNATE_IMMUNE_RESPONSES_TO_CYTOSOLIC_DNA",-0.024001859242519,0.755923626433545,0.913492157144559,14,"RPS27A:59, UBA52:103, UBB:6282.5, IRF3:6282.5, TRIM21:6282.5, DTX4:6282.5, ZBP1:6282.5, NLRP4:6282.5, TRIM56:6282.5, STING1:6282.5, TRIM32:11200, TREX1:12703, DDX41:14013, TBK1:14571","Herbivore",1
"REACTOME_HDACS_DEACETYLATE_HISTONES",-0.0979249746535992,0.0167659126934194,0.201526270574902,50,"H4C15:49, H4C14:85, H4C3:171, H4C2:238, H4C13:295, H2BC15:350, H3C13:387, H3C11:588, CHD3:793, GPS2:803, H2AC20:1105, MTA3:1137, H3C10:1224, H2AC4:1330, H3C8:1344, H3C4:1469, GATAD2B:1683, PHF21A:6282.5, H3C1:6282.5, H4C8:6282.5, H2BC4:6282.5, H2BC21:6282.5, H4C11:6282.5, H2BC9:6282.5, H2AC14:6282.5, NCOR1:6282.5, TBL1X:6282.5, NCOR2:6282.5, HDAC10:6282.5, CHD4:6282.5, MBD3:6282.5, SAP18:6282.5, SAP30:6282.5, MTA1:6282.5, ARID4A:6282.5, BRMS1:6282.5, H2AC13:6282.5, ARID4B:10907, MTA2:11316, H4C1:11869, RBBP7:11998, KDM1A:12051, HDAC1:12354, HMG20B:13919, H3C2:14121, RCOR1:14149, HDAC8:14606, H2BC18:14769, RBBP4:14816, GATAD2A:15062","Vertivore",2
"REACTOME_PKMTS_METHYLATE_HISTONE_LYSINES",-0.0958874983521927,0.0159146713146511,0.196535290276137,53,"H4C15:49, H4C14:85, KMT5B:165, H4C3:171, H4C2:238, H4C13:295, PRDM16:302, KMT2A:341, ASH1L:342, H3C13:387, KMT2E:423, KMT2C:490, H3C11:588, H3C10:1224, H3C8:1344, H3C4:1469, H3C1:6282.5, H4C8:6282.5, H4C11:6282.5, NFKB1:6282.5, RELA:6282.5, EED:6282.5, EZH2:6282.5, KMT2D:6282.5, SUZ12:6282.5, NSD2:6282.5, KMT5A:6282.5, SUV39H1:6282.5, AEBP2:6282.5, EHMT2:6282.5, EHMT1:6282.5, MECOM:6282.5, SETD1A:6282.5, SETD6:6282.5, DOT1L:6282.5, SETD1B:6282.5, SMYD2:6282.5, SETD7:6282.5, SETD3:6282.5, SMYD3:6282.5, KMT2B:11215, SETDB1:11733, H4C1:11869, RBBP7:11998, NFKB2:12055, NSD1:12938, NSD3:13728, H3C2:14121, SUV39H2:14141, SETDB2:14347, ASH2L:14599, KMT5C:14752, RBBP4:14816","Both",3
"REACTOME_HDMS_DEMETHYLATE_HISTONES",-0.110215569416792,0.0262915941545403,0.26502495068554,34,"H4C15:49, H4C14:85, H4C3:171, H4C2:238, H4C13:295, H3C13:387, KDM6B:483, H3C11:588, KDM2B:677, H3C10:1224, H3C8:1344, H3C4:1469, H3C1:6282.5, H4C8:6282.5, H4C11:6282.5, PHF8:6282.5, KDM4C:6282.5, KDM7A:6282.5, KDM4A:6282.5, KDM5B:6282.5, KDM5C:6282.5, ARID5B:6282.5, KDM1B:6282.5, RIOX2:6282.5, PHF2:6282.5, KDM3B:11103, KDM2A:11453, H4C1:11869, KDM1A:12051, KDM3A:12864, KDM5A:13704, H3C2:14121, JMJD6:14498, KDM4B:14539","Both",3
"REACTOME_HATS_ACETYLATE_HISTONES",-0.0490750020385992,0.116689329305594,0.466811237021619,86,"H4C15:49, H4C14:85, H4C3:171, H4C2:238, H4C13:295, H2BC15:350, H3C13:387, H3C11:588, H2AC20:1105, HCFC1:1157, H3C10:1224, H2AC4:1330, H3C8:1344, H3C4:1469, EP400:1501, ACTB:6282.5, H3C1:6282.5, H4C8:6282.5, H2BC4:6282.5, H2BC21:6282.5, H4C11:6282.5, H2BC9:6282.5, H2AC14:6282.5, CREBBP:6282.5, NCOA1:6282.5, KAT2A:6282.5, NCOA2:6282.5, ATF2:6282.5, CLOCK:6282.5, TAF9:6282.5, SAP130:6282.5, H2AC13:6282.5, MSL3:6282.5, JADE2:6282.5, ELP1:6282.5, ING3:6282.5, JADE1:6282.5, KAT6A:6282.5, ATXN7L3:6282.5, BRD1:6282.5, MRGBP:6282.5, JADE3:6282.5, SUPT20H:6282.5, KAT8:6282.5, ELP4:6282.5, BRD8:6282.5, SUPT7L:6282.5, KANSL1:6282.5, USP22:6282.5, ELP3:6282.5, ELP2:6282.5, PAX3:6282.5, KAT6B:6282.5, BRPF1:6282.5, TAF6L:6282.5, ATXN7:6282.5, ING5:6282.5, ELP5:6282.5, TADA2B:6282.5, MSL2:6282.5, DMAP1:6282.5, MCRS1:6282.5, MSL1:6282.5, TADA2A:6282.5, MBIP:10819, ELP6:11082, EP300:11369, TADA1:11588, KANSL3:11769, TAF10:11814, H4C1:11869, RBBP7:11998, HAT1:12225, TRRAP:12233, PHF20:12694, EPC1:12757, MORF4L2:13028, SUPT3H:13670, ZZZ3:13719, BRPF3:13725, KAT2B:13850, KANSL2:13890, H3C2:14121, TAF5L:14191, KAT14:14451, H2BC18:14769","Vertivore",2
"REACTOME_RMTS_METHYLATE_HISTONE_ARGININES",-0.0858295146983948,0.0545778258648618,0.348949716433851,42,"H4C15:49, H4C14:85, H4C3:171, H4C2:238, H4C13:295, H3C13:387, H3C11:588, H2AC20:1105, H3C10:1224, H2AC4:1330, H3C8:1344, H3C4:1469, JAK2:6282.5, H3C1:6282.5, H4C8:6282.5, H4C11:6282.5, H2AC14:6282.5, SMARCA4:6282.5, RPS2:6282.5, CCND1:6282.5, WDR77:6282.5, DNMT3A:6282.5, H2AC13:6282.5, ARID1B:6282.5, SMARCA2:6282.5, SMARCD2:6282.5, ARID1A:6282.5, SMARCC2:6282.5, PBRM1:6282.5, ARID2:6282.5, PRMT6:6282.5, CDK4:10976, H4C1:11869, SMARCE1:11900, RBBP7:11998, PRMT7:12689, PRMT3:12722, COPRS:13435, SMARCC1:13519, PRMT5:13746, H3C2:14121, CARM1:14601","Both",3
"REACTOME_SUMOYLATION_OF_UBIQUITINYLATION_PROTEINS",-0.0199826489300173,0.682762802303064,0.88515692397876,35,"UBE2I:15, NUP88:192, TRIM27:416, NUP153:528, NUP50:643, RAE1:1313, NUP214:1425, MDM2:6282.5, TPR:6282.5, NDC1:6282.5, AAAS:6282.5, NUP188:6282.5, NUP93:6282.5, NUP155:6282.5, NUP43:6282.5, NUP210:6282.5, NUP58:6282.5, SEC13:6282.5, NUP35:6282.5, NUP62:6282.5, VHL:6282.5, PML:6282.5, PIAS4:10793, NUP205:10887, PIAS1:11372, NUP160:11681, NUP37:11698, NUP85:11843, NUP107:12122, NUP42:12532, NUP54:12910, NUP98:13246, NUP133:13372, SEH1L:14240, PIAS2:14335","Both",3
"REACTOME_CHROMATIN_MODIFYING_ENZYMES",-0.0180789505843995,0.389490422018871,0.739211822000026,193,"H4C15:49, H4C14:85, KMT5B:165, H4C3:171, H4C2:238, H4C13:295, PRDM16:302, KMT2A:341, ASH1L:342, H2BC15:350, H3C13:387, KMT2E:423, KDM6B:483, KMT2C:490, H3C11:588, KDM2B:677, CHD3:793, GPS2:803, H2AC20:1105, MTA3:1137, HCFC1:1157, H3C10:1224, H2AC4:1330, H3C8:1344, H3C4:1469, EP400:1501, BRWD1:1622, GATAD2B:1683, JAK2:6282.5, ACTB:6282.5, PHF21A:6282.5, H3C1:6282.5, H4C8:6282.5, H2BC4:6282.5, H2BC21:6282.5, H4C11:6282.5, H2BC9:6282.5, H2AC14:6282.5, NFKB1:6282.5, RELA:6282.5, CREBBP:6282.5, NCOR1:6282.5, SMARCA4:6282.5, EED:6282.5, NCOA1:6282.5, TBL1X:6282.5, EZH2:6282.5, KAT2A:6282.5, NCOA2:6282.5, RPS2:6282.5, KMT2D:6282.5, SUZ12:6282.5, NCOR2:6282.5, CCND1:6282.5, ATF2:6282.5, CLOCK:6282.5, HDAC10:6282.5, TAF9:6282.5, NSD2:6282.5, PHF8:6282.5, KMT5A:6282.5, CHD4:6282.5, PADI2:6282.5, WDR77:6282.5, KDM4C:6282.5, MBD3:6282.5, SUV39H1:6282.5, DNMT3A:6282.5, SAP130:6282.5, AEBP2:6282.5, SAP18:6282.5, SAP30:6282.5, MTA1:6282.5, EHMT2:6282.5, EHMT1:6282.5, ARID4A:6282.5, BRMS1:6282.5, H2AC13:6282.5, MECOM:6282.5, SETD1A:6282.5, SETD6:6282.5, DOT1L:6282.5, SETD1B:6282.5, SMYD2:6282.5, SETD7:6282.5, SETD3:6282.5, SMYD3:6282.5, KDM7A:6282.5, KDM4A:6282.5, KDM5B:6282.5, KDM5C:6282.5, ARID5B:6282.5, KDM1B:6282.5, RIOX2:6282.5, PHF2:6282.5, MSL3:6282.5, JADE2:6282.5, ELP1:6282.5, ING3:6282.5, JADE1:6282.5, KAT6A:6282.5, ATXN7L3:6282.5, BRD1:6282.5, MRGBP:6282.5, JADE3:6282.5, SUPT20H:6282.5, KAT8:6282.5, ELP4:6282.5, BRD8:6282.5, SUPT7L:6282.5, KANSL1:6282.5, USP22:6282.5, ELP3:6282.5, ELP2:6282.5, PAX3:6282.5, KAT6B:6282.5, BRPF1:6282.5, TAF6L:6282.5, ATXN7:6282.5, ING5:6282.5, ELP5:6282.5, TADA2B:6282.5, MSL2:6282.5, DMAP1:6282.5, MCRS1:6282.5, MSL1:6282.5, TADA2A:6282.5, ARID1B:6282.5, SMARCA2:6282.5, SMARCD2:6282.5, ARID1A:6282.5, SMARCC2:6282.5, PBRM1:6282.5, ARID2:6282.5, PRMT6:6282.5, PADI4:6282.5, MBIP:10819, ARID4B:10907, PADI3:10941, CDK4:10976, ELP6:11082, KDM3B:11103, KMT2B:11215, MTA2:11316, EP300:11369, KDM2A:11453, TADA1:11588, SETDB1:11733, KANSL3:11769, TAF10:11814, H4C1:11869, SMARCE1:11900, RBBP7:11998, KDM1A:12051, NFKB2:12055, HAT1:12225, TRRAP:12233, PADI1:12318, HDAC1:12354, PRMT7:12689, PHF20:12694, PRMT3:12722, EPC1:12757, KDM3A:12864, NSD1:12938, MORF4L2:13028, COPRS:13435, SMARCC1:13519, SUPT3H:13670, KDM5A:13704, ZZZ3:13719, BRPF3:13725, NSD3:13728, PRMT5:13746, KAT2B:13850, PADI6:13864, KANSL2:13890, HMG20B:13919, H3C2:14121, SUV39H2:14141, RCOR1:14149, TAF5L:14191, SETDB2:14347, KAT14:14451, JMJD6:14498, KDM4B:14539, ASH2L:14599, CARM1:14601, HDAC8:14606, KMT5C:14752, H2BC18:14769, RBBP4:14816, GATAD2A:15062","Vertivore",2
"REACTOME_IRF3_MEDIATED_INDUCTION_OF_TYPE_I_IFN",-0.028388483828753,0.73354500455965,0.904799102939707,12,"XRCC5:317, MRE11:1742, IRF3:6282.5, DTX4:6282.5, NLRP4:6282.5, XRCC6:6282.5, NLRC3:6282.5, STING1:6282.5, PRKDC:6282.5, TREX1:12703, DDX41:14013, TBK1:14571","Unclear",0
"REACTOME_NUCLEAR_PORE_COMPLEX_NPC_DISASSEMBLY",-0.00471759689022977,0.927630450496854,0.984984882857906,31,"NUP88:192, NUP153:528, NUP50:643, RAE1:1313, NUP214:1425, TPR:6282.5, NDC1:6282.5, AAAS:6282.5, NUP188:6282.5, NUP93:6282.5, NUP155:6282.5, NUP43:6282.5, NUP210:6282.5, NUP58:6282.5, SEC13:6282.5, NUP35:6282.5, NUP62:6282.5, CCNB2:6282.5, NEK6:6282.5, NEK9:6282.5, NUP205:10887, NUP160:11681, NUP37:11698, NUP85:11843, NUP107:12122, NUP42:12532, NUP54:12910, NUP98:13246, NUP133:13372, SEH1L:14240, CCNB1:14449","Both",3
"REACTOME_REGULATION_OF_HSF1_MEDIATED_HEAT_SHOCK_RESPONSE",-0.00752270197906418,0.828083695687046,0.941383923911566,70,"NUP88:192, NUP153:528, NUP50:643, COL4A6:848, BAG3:899, GML:1006, BAG5:1027, HSPB2:1075, ATM:1269, RAE1:1313, NUP214:1425, SERPINH1:1473, RPA1:1675, MAPK3:6282.5, UBB:6282.5, RPA2:6282.5, TPR:6282.5, NDC1:6282.5, AAAS:6282.5, NUP188:6282.5, NUP93:6282.5, NUP155:6282.5, NUP43:6282.5, NUP210:6282.5, NUP58:6282.5, SEC13:6282.5, NUP35:6282.5, NUP62:6282.5, HSPA2:6282.5, BAG4:6282.5, GSK3B:6282.5, MAPKAPK2:6282.5, HSPH1:6282.5, FKBP4:6282.5, DNAJB6:6282.5, BAG1:6282.5, MRPL18:6282.5, HSPA13:6282.5, HSPA12A:6282.5, DNAJC7:6282.5, HSPA4:6282.5, HSF1:6282.5, RPS19BP1:6282.5, CRYBA4:6282.5, HSPA1L:6282.5, NUP205:10887, ATR:11303, NUP160:11681, NUP37:11698, ST13:11723, NUP85:11843, HSPA12B:11850, DEDD2:11866, DNAJB1:11907, NUP107:12122, TNFRSF21:12255, HSPA14:12305, SIRT1:12367, NUP42:12532, NUP54:12910, CCAR2:13219, NUP98:13246, NUP133:13372, HSPB1:13412, RPA3:13748, HSPA5:14042, DNAJC2:14182, SEH1L:14240, BAG2:14715, HSPA4L:14923","Vertivore",2
"REACTOME_HSF1_ACTIVATION",-0.0770293761475058,0.201254040785731,0.571434701632557,23,"COL4A6:848, GML:1006, HSPB2:1075, SERPINH1:1473, RPA1:1675, UBB:6282.5, RPA2:6282.5, HSP90AA1:6282.5, HSP90AB1:6282.5, EEF1A1:6282.5, HDAC6:6282.5, HSPH1:6282.5, FKBP4:6282.5, DNAJB6:6282.5, MRPL18:6282.5, HSF1:6282.5, CRYBA4:6282.5, HSPA1L:6282.5, DEDD2:11866, DNAJB1:11907, TNFRSF21:12255, HSPB1:13412, RPA3:13748","Unclear",0
"REACTOME_CELLULAR_RESPONSE_TO_HEAT_STRESS",-0.0191585614114454,0.542576623803914,0.817264538611911,85,"CAMK2B:23, NUP88:192, NUP153:528, NUP50:643, COL4A6:848, BAG3:899, GML:1006, BAG5:1027, HSPB2:1075, ATM:1269, RAE1:1313, NUP214:1425, SERPINH1:1473, RPA1:1675, MAPK3:6282.5, UBB:6282.5, RPA2:6282.5, CAMK2A:6282.5, CAMK2G:6282.5, TPR:6282.5, NDC1:6282.5, AAAS:6282.5, NUP188:6282.5, NUP93:6282.5, NUP155:6282.5, NUP43:6282.5, NUP210:6282.5, NUP58:6282.5, SEC13:6282.5, NUP35:6282.5, NUP62:6282.5, HSPA2:6282.5, BAG4:6282.5, HSP90AA1:6282.5, CREBBP:6282.5, GSK3B:6282.5, HSP90AB1:6282.5, MAPKAPK2:6282.5, MTOR:6282.5, EEF1A1:6282.5, HDAC6:6282.5, RPTOR:6282.5, AKT1S1:6282.5, HSPH1:6282.5, FKBP4:6282.5, DNAJB6:6282.5, BAG1:6282.5, MRPL18:6282.5, HSPA13:6282.5, HSPA12A:6282.5, DNAJC7:6282.5, HSPA4:6282.5, HSF1:6282.5, RPS19BP1:6282.5, CRYBA4:6282.5, HSPA1L:6282.5, CRYAB:6282.5, HSPB8:6282.5, NUP205:10887, ATR:11303, EP300:11369, NUP160:11681, NUP37:11698, ST13:11723, NUP85:11843, HSPA12B:11850, DEDD2:11866, DNAJB1:11907, NUP107:12122, TNFRSF21:12255, HSPA14:12305, SIRT1:12367, NUP42:12532, CAMK2D:12869, NUP54:12910, CCAR2:13219, NUP98:13246, NUP133:13372, HSPB1:13412, RPA3:13748, HSPA5:14042, DNAJC2:14182, SEH1L:14240, BAG2:14715, HSPA4L:14923","Unclear",0
"REACTOME_ATTENUATION_PHASE",-0.0688620833467005,0.274919258767684,0.642270538950058,21,"COL4A6:848, GML:1006, HSPB2:1075, SERPINH1:1473, UBB:6282.5, HSPA2:6282.5, HSP90AA1:6282.5, CREBBP:6282.5, HSP90AB1:6282.5, HSPH1:6282.5, FKBP4:6282.5, DNAJB6:6282.5, MRPL18:6282.5, HSF1:6282.5, CRYBA4:6282.5, HSPA1L:6282.5, EP300:11369, DEDD2:11866, DNAJB1:11907, TNFRSF21:12255, HSPB1:13412","Unclear",0
"REACTOME_HSF1_DEPENDENT_TRANSACTIVATION",-0.0763328462777715,0.148234061746508,0.518416410526504,30,"CAMK2B:23, COL4A6:848, GML:1006, HSPB2:1075, SERPINH1:1473, UBB:6282.5, CAMK2A:6282.5, CAMK2G:6282.5, HSPA2:6282.5, HSP90AA1:6282.5, CREBBP:6282.5, HSP90AB1:6282.5, MTOR:6282.5, RPTOR:6282.5, AKT1S1:6282.5, HSPH1:6282.5, FKBP4:6282.5, DNAJB6:6282.5, MRPL18:6282.5, HSF1:6282.5, CRYBA4:6282.5, HSPA1L:6282.5, CRYAB:6282.5, HSPB8:6282.5, EP300:11369, DEDD2:11866, DNAJB1:11907, TNFRSF21:12255, CAMK2D:12869, HSPB1:13412","Herbivore",1
"REACTOME_INTEGRIN_SIGNALING",-0.050691644122301,0.410746804963203,0.746437542132701,22,"ITGB3:935, SHC1:997, AKT1:6282.5, PTK2:6282.5, ITGA2B:6282.5, BCAR1:6282.5, RASGRP2:6282.5, APBB1IP:6282.5, RAPGEF3:6282.5, RAPGEF4:6282.5, CSK:6282.5, VWF:6282.5, SOS1:6282.5, TLN1:6282.5, PDPK1:6282.5, RASGRP1:6282.5, PTPN1:6282.5, SRC:6282.5, FGB:10930, FN1:11285, SYK:13613, FGG:15049","Both",3
"REACTOME_GRB2_SOS_PROVIDES_LINKAGE_TO_MAPK_SIGNALING_FOR_INTEGRINS",-0.0176087931807986,0.839780991856629,0.946920030217324,11,"ITGB3:935, PTK2:6282.5, ITGA2B:6282.5, APBB1IP:6282.5, VWF:6282.5, SOS1:6282.5, TLN1:6282.5, SRC:6282.5, FGB:10930, FN1:11285, FGG:15049","Both",3
"REACTOME_DISEASES_ASSOCIATED_WITH_GLYCOSAMINOGLYCAN_METABOLISM",-0.0610189040171036,0.182274638507469,0.550487727351704,40,"CSPG4:128, ST3GAL3:480, OGN:501, BCAN:1233, CSPG5:1341, EXT2:1589, EXT1:1682, GPC1:6282.5, SDC1:6282.5, SDC4:6282.5, SDC3:6282.5, SDC2:6282.5, AGRN:6282.5, DCN:6282.5, HSPG2:6282.5, VCAN:6282.5, LUM:6282.5, BGN:6282.5, SLC26A2:6282.5, PAPSS2:6282.5, B4GALT7:6282.5, GPC4:6282.5, CHST3:6282.5, CHSY1:6282.5, GPC3:6282.5, B3GAT3:6282.5, CHST14:6282.5, GPC5:6282.5, GPC6:6282.5, PRELP:6282.5, GPC2:6282.5, HEXA:6282.5, CHST6:11938, FMOD:12064, KERA:12251, OMD:12326, B4GALT1:14421, B3GALT6:14843, NCAN:14905, HEXB:14977","Unclear",0
"REACTOME_DEFECTIVE_B4GALT7_CAUSES_EDS_PROGEROID_TYPE",-0.12019198383294,0.0629116961674897,0.365998883444552,20,"CSPG4:128, BCAN:1233, CSPG5:1341, GPC1:6282.5, SDC1:6282.5, SDC4:6282.5, SDC3:6282.5, SDC2:6282.5, AGRN:6282.5, DCN:6282.5, HSPG2:6282.5, VCAN:6282.5, BGN:6282.5, B4GALT7:6282.5, GPC4:6282.5, GPC3:6282.5, GPC5:6282.5, GPC6:6282.5, GPC2:6282.5, NCAN:14905","Both",3
"REACTOME_DEFECTIVE_CHST3_CAUSES_SEDCJD",-0.154431550622267,0.130444556059435,0.48896368934545,8,"CSPG4:128, BCAN:1233, CSPG5:1341, DCN:6282.5, VCAN:6282.5, BGN:6282.5, CHST3:6282.5, NCAN:14905","Both",3
"REACTOME_DEFECTIVE_CHST14_CAUSES_EDS_MUSCULOCONTRACTURAL_TYPE",-0.154431550622267,0.130444556059435,0.48896368934545,8,"CSPG4:128, BCAN:1233, CSPG5:1341, DCN:6282.5, VCAN:6282.5, BGN:6282.5, CHST14:6282.5, NCAN:14905","Both",3
"REACTOME_DEFECTIVE_CHSY1_CAUSES_TPBS",-0.154431550622267,0.130444556059435,0.48896368934545,8,"CSPG4:128, BCAN:1233, CSPG5:1341, DCN:6282.5, VCAN:6282.5, BGN:6282.5, CHSY1:6282.5, NCAN:14905","Both",3
"REACTOME_DEFECTIVE_EXT2_CAUSES_EXOSTOSES_2",-0.140236572582584,0.0693479573463264,0.37392000026053,14,"EXT2:1589, EXT1:1682, GPC1:6282.5, SDC1:6282.5, SDC4:6282.5, SDC3:6282.5, SDC2:6282.5, AGRN:6282.5, HSPG2:6282.5, GPC4:6282.5, GPC3:6282.5, GPC5:6282.5, GPC6:6282.5, GPC2:6282.5","Unclear",0
"REACTOME_DEFECTIVE_ST3GAL3_CAUSES_MCT12_AND_EIEE15",-0.0360506085842409,0.741202592923986,0.904799102939707,7,"ST3GAL3:480, OGN:501, LUM:6282.5, PRELP:6282.5, FMOD:12064, KERA:12251, OMD:12326","Unclear",0
"REACTOME_TRANSCRIPTIONAL_REGULATION_BY_TP53",-0.00759976776006205,0.661920125857151,0.876650320356046,285,"POLR2J:39, ELOC:51, RPS27A:59, UBA52:103, PMS2:127, TP53BP2:137, RRAGA:145, PIDD1:296, BLM:414, TSC1:428, TOP3A:519, CASP2:564, CHD3:793, HIPK1:961, MLH1:1239, RAD9A:1262, ATM:1269, PRKAA2:1324, TNRC6C:1376, HUS1:1427, FANCI:1449, COX19:1523, PLK3:1653, MAPKAP1:1655, RPA1:1675, GATAD2B:1683, USP2:1712, TSC2:1719, CHM:1728, MRE11:1742, FAS:6282.5, TP63:6282.5, TP73:6282.5, PPP1R13B:6282.5, AKT2:6282.5, BBC3:6282.5, APAF1:6282.5, TP53:6282.5, AKT1:6282.5, CDKN2A:6282.5, UBB:6282.5, SFN:6282.5, TFDP1:6282.5, PPP2R5C:6282.5, CDK2:6282.5, PPP2R1B:6282.5, PDPK1:6282.5, RFC2:6282.5, RFC5:6282.5, RPA2:6282.5, RFC3:6282.5, RFC4:6282.5, GLS:6282.5, PRKAG2:6282.5, PRKAB1:6282.5, MDM2:6282.5, ELOA:6282.5, MNAT1:6282.5, CTDP1:6282.5, CCNT2:6282.5, NELFCD:6282.5, ERCC2:6282.5, GTF2H3:6282.5, GTF2F1:6282.5, CCNT1:6282.5, CDK9:6282.5, ERCC3:6282.5, NELFA:6282.5, TCEA1:6282.5, GTF2F2:6282.5, NELFB:6282.5, NELFE:6282.5, GTF2H4:6282.5, BRCA1:6282.5, CREBBP:6282.5, MAP2K6:6282.5, PERP:6282.5, CDKN1A:6282.5, PML:6282.5, JUN:6282.5, MAPK11:6282.5, CSNK2B:6282.5, BIRC5:6282.5, CDKN1B:6282.5, BCL6:6282.5, ATF2:6282.5, FOS:6282.5, RICTOR:6282.5, RNF34:6282.5, PRR5:6282.5, MTOR:6282.5, RBL2:6282.5, E2F4:6282.5, COX6A1:6282.5, COX7A2L:6282.5, SCO1:6282.5, COX16:6282.5, SURF1:6282.5, COX18:6282.5, COX11:6282.5, COX20:6282.5, SCO2:6282.5, CHEK1:6282.5, RBBP8:6282.5, NBN:6282.5, RAD50:6282.5, PIP4K2A:6282.5, PIP4P1:6282.5, PIP4K2C:6282.5, PIP4K2B:6282.5, CCNE1:6282.5, CCNA1:6282.5, CCNE2:6282.5, CDC25C:6282.5, TNRC6A:6282.5, MOV10:6282.5, DNA2:6282.5, WRN:6282.5, RRM2B:6282.5, TXNRD1:6282.5, TAF2:6282.5, TAF6:6282.5, TBP:6282.5, TAF3:6282.5, TAF7:6282.5, TAF9B:6282.5, TAF9:6282.5, NPM1:6282.5, STK11:6282.5, AURKA:6282.5, PCBP4:6282.5, BARD1:6282.5, RAD9B:6282.5, CENPJ:6282.5, RAD17:6282.5, ZNF385A:6282.5, ATRIP:6282.5, RHNO1:6282.5, RMI2:6282.5, RMI1:6282.5, AURKB:6282.5, CHEK2:6282.5, KMT5A:6282.5, RRAGD:6282.5, RRAGB:6282.5, LAMTOR2:6282.5, RPTOR:6282.5, SLC38A9:6282.5, CHD4:6282.5, CDK13:6282.5, NLRC4:6282.5, GPI:6282.5, HIPK2:6282.5, MBD3:6282.5, EHMT2:6282.5, GPX2:6282.5, EHMT1:6282.5, ING2:6282.5, SMYD2:6282.5, KAT6A:6282.5, BRD1:6282.5, BRPF1:6282.5, ING5:6282.5, PRDX5:6282.5, PRDX2:6282.5, AIFM2:6282.5, SESN1:6282.5, CNOT3:6282.5, RFFL:6282.5, MSH2:6282.5, RABGGTA:6282.5, NDRG1:6282.5, PPP1R13L:6282.5, CCNG1:6282.5, TP53I3:6282.5, ARID3A:6282.5, BCL2L14:6282.5, DYRK2:6282.5, E2F8:6282.5, SESN2:6282.5, TTC5:6282.5, RABGGTB:6282.5, CNOT6L:6282.5, FANCD2:6282.5, IGFBP3:6282.5, SESN3:6282.5, TMEM219:6282.5, POU4F2:6282.5, POU4F1:6282.5, SETD9:6282.5, BTG2:6282.5, G6PD:6282.5, TP53INP1:6282.5, E2F7:6282.5, BRD7:6282.5, DDIT4:6282.5, PRELID1:6282.5, CRADD:6282.5, BANP:6282.5, CNOT10:6282.5, RAD51D:6282.5, L3MBTL1:6282.5, NOC2L:6282.5, ZNF420:6282.5, PRDX1:10816, TAF11:10914, RAD1:10997, RRAGC:11048, COX4I1:11115, POLR2F:11153, BNIP3L:11257, PRKAB2:11287, ATR:11303, SGK1:11314, MTA2:11316, TAF1:11362, EP300:11369, TOPBP1:11392, SSRP1:11426, CASP6:11470, TAF4B:11478, TNRC6B:11613, CCNK:11699, BRIP1:11727, PRKAG1:11774, TAF10:11814, SUPT5H:11855, RBBP7:11998, COX5A:12057, BAX:12100, HDAC1:12354, PRDM1:12531, CNOT4:12550, GSR:12572, TACO1:12592, PHF20:12694, LRPPRC:12708, AGO1:12768, CCNH:12886, TFDP2:12914, CDK7:12964, PRKAA1:12980, GADD45A:12984, CNOT1:13019, JMY:13022, CNOT11:13023, PLK2:13063, MAPKAPK5:13074, COX6B1:13086, MDM4:13090, SUPT16H:13095, NUAK1:13210, FANCC:13215, CCNA2:13232, RBL1:13237, STEAP3:13248, TXN:13294, TAF5:13380, E2F1:13388, PRELID3A:13518, CASP10:13527, GTF2H1:13587, BRPF3:13725, PRMT5:13746, RPA3:13748, TAF15:13863, CASP1:13884, USP7:13887, CNOT6:14310, GTF2H2:14391, CCNB1:14449, RGCC:14546, CARM1:14601, COX5B:14698, RBBP4:14816, TAF7L:14844, ELL:14870, BID:14879, CDK12:14948, DDB2:14978, DAXX:14999, TPX2:15027, GLS2:15030, TIGAR:15032, GATAD2A:15062","Herbivore",1
"REACTOME_P130CAS_LINKAGE_TO_MAPK_SIGNALING_FOR_INTEGRINS",-0.0176087931807986,0.839780991856629,0.946920030217324,11,"ITGB3:935, PTK2:6282.5, ITGA2B:6282.5, BCAR1:6282.5, APBB1IP:6282.5, VWF:6282.5, TLN1:6282.5, SRC:6282.5, FGB:10930, FN1:11285, FGG:15049","Both",3
"REACTOME_SIGNALING_BY_GPCR",-0.0493194205190478,5.67541675681826e-05,0.00639548525783958,595,"CAMK2B:23, CDC42:60, TACR2:64, SSTR4:74, BDKRB1:114, ARHGEF11:130, TIAM2:146, RHOA:150, FSHR:166, ARHGEF2:183, GPR176:231, PIK3R5:237, ADCY1:241, GPR143:270, HTR1D:274, MTNR1A:281, OBSCN:306, MTNR1B:323, GPR68:339, GPR132:352, NPBWR2:354, NTSR1:373, TIAM1:396, AKAP13:401, ARHGEF12:502, DAGLA:503, VIPR1:504, FGD1:512, NPFFR1:537, TRPC6:597, RXFP3:600, NBEA:606, NPSR1:733, CCR9:743, ITSN1:829, PDE1B:830, GNAT3:831, ADCY2:835, GPR84:842, GRM8:887, TAAR6:946, ADCY8:981, GPR20:991, GALR1:994, SHC1:997, VIPR2:1003, ARHGEF15:1025, EDN2:1031, GPR35:1051, OPRK1:1053, ARHGEF38:1058, MC3R:1070, GRM6:1076, GABBR1:1096, NGEF:1140, LPAR4:1174, DGKI:1185, PDE7B:1202, AVPR1B:1217, CHRM2:1264, ITPR1:1309, GNA12:1314, GNA13:1420, OPN3:1430, GAL:1431, NPFFR2:1515, TRIO:1517, PIK3R6:1518, PLEKHG5:1558, PDE3A:1560, ADCY3:1563, ARHGEF16:1601, NTSR2:1602, HRH3:1610, ADRA2C:1617, ARHGEF6:1661, CHRM1:1674, MAPK7:1720, HTR6:1746, UTS2R:1768, ROCK1:6282.5, MAPK3:6282.5, AKT2:6282.5, AKT1:6282.5, PPP3R1:6282.5, PRKAR2B:6282.5, TBXA2R:6282.5, PRKCH:6282.5, DGKG:6282.5, GNA15:6282.5, RASGRP2:6282.5, TRPC7:6282.5, GNB5:6282.5, ABHD12:6282.5, DGKH:6282.5, PIK3R2:6282.5, PIK3CG:6282.5, PRKAR1A:6282.5, GNB3:6282.5, PDE10A:6282.5, PPP2R5D:6282.5, PDE1A:6282.5, SOS1:6282.5, PIK3CA:6282.5, ITPR2:6282.5, PRKCG:6282.5, F2RL3:6282.5, PDE11A:6282.5, ARRB1:6282.5, PPP2R1B:6282.5, TRPC3:6282.5, PDPK1:6282.5, ARRB2:6282.5, APP:6282.5, DGKQ:6282.5, PIK3R1:6282.5, DGKZ:6282.5, ADRA2A:6282.5, PRKCA:6282.5, GNA14:6282.5, PTGIR:6282.5, VAV2:6282.5, ITGA5:6282.5, ABHD6:6282.5, PF4:6282.5, DAGLB:6282.5, P2RY1:6282.5, PRKCE:6282.5, RASGRP1:6282.5, F2:6282.5, F2R:6282.5, PDE2A:6282.5, PRKAR1B:6282.5, SRC:6282.5, PSAP:6282.5, CAMKK1:6282.5, CAMK2A:6282.5, PDYN:6282.5, CAMKK2:6282.5, ADCY7:6282.5, PPP1R1B:6282.5, GNAL:6282.5, CAMK2G:6282.5, PLCB3:6282.5, PDE1C:6282.5, ADCY9:6282.5, PPP1CA:6282.5, GRK2:6282.5, ADCY5:6282.5, ADCY6:6282.5, PDE4B:6282.5, RPS6KA2:6282.5, ARHGEF7:6282.5, RASGRF2:6282.5, ARHGEF9:6282.5, GRM5:6282.5, PDE3B:6282.5, EGFR:6282.5, CXCL12:6282.5, BTK:6282.5, SOS2:6282.5, WNT1:6282.5, ROCK2:6282.5, DHH:6282.5, PAK1:6282.5, WNT3A:6282.5, RHOC:6282.5, KALRN:6282.5, IHH:6282.5, SHH:6282.5, WNT10B:6282.5, CCL22:6282.5, OPRD1:6282.5, CCR2:6282.5, ANXA1:6282.5, MMP3:6282.5, CCR5:6282.5, CCR1:6282.5, PTAFR:6282.5, S1PR1:6282.5, CCL5:6282.5, C3:6282.5, CCR6:6282.5, GCG:6282.5, GCGR:6282.5, GLP1R:6282.5, CHRM3:6282.5, ADCYAP1R1:6282.5, ADCYAP1:6282.5, C5:6282.5, C5AR2:6282.5, C3AR1:6282.5, C5AR1:6282.5, ADGRE3:6282.5, FPR2:6282.5, ARHGEF18:6282.5, MCHR1:6282.5, RHO:6282.5, SSTR3:6282.5, ARHGEF10L:6282.5, ARHGEF1:6282.5, PLEKHG2:6282.5, MCF2:6282.5, ARHGEF10:6282.5, PREX1:6282.5, MCF2L:6282.5, FGD3:6282.5, ARHGEF4:6282.5, FGD4:6282.5, FGD2:6282.5, ABR:6282.5, ARHGEF3:6282.5, ARHGEF40:6282.5, NET1:6282.5, ARHGEF37:6282.5, ARHGEF33:6282.5, WNT16:6282.5, WNT8B:6282.5, WNT11:6282.5, FZD3:6282.5, WNT2:6282.5, WNT6:6282.5, GNAT2:6282.5, WNT2B:6282.5, WNT10A:6282.5, FZD7:6282.5, FZD1:6282.5, WNT9B:6282.5, FZD5:6282.5, FZD6:6282.5, FZD4:6282.5, FZD8:6282.5, GRK3:6282.5, TACR1:6282.5, AVPR2:6282.5, ADRB2:6282.5, AGT:6282.5, TSHB:6282.5, FSHB:6282.5, OPN1LW:6282.5, OPN1SW:6282.5, OPN1MW:6282.5, RGS9:6282.5, CRHR2:6282.5, GRP:6282.5, GHRL:6282.5, GIP:6282.5, TAC1:6282.5, GIPR:6282.5, HEBP1:6282.5, ADRB1:6282.5, PTGER3:6282.5, CALCRL:6282.5, GLP2R:6282.5, PRLH:6282.5, RGS11:6282.5, EDN1:6282.5, SCTR:6282.5, PTHLH:6282.5, RGS1:6282.5, PROKR2:6282.5, OXT:6282.5, BRS3:6282.5, HTR2A:6282.5, PLPPR2:6282.5, GHRHR:6282.5, CCL1:6282.5, PPY:6282.5, GNRHR:6282.5, NMU:6282.5, CCKBR:6282.5, FZD10:6282.5, PDE8B:6282.5, KISS1R:6282.5, RGS2:6282.5, ECE1:6282.5, PLPPR5:6282.5, PLPPR4:6282.5, CNR1:6282.5, GHRH:6282.5, PRLHR:6282.5, CRHR1:6282.5, GPR31:6282.5, HCRTR1:6282.5, GPSM2:6282.5, OPN4:6282.5, NPY:6282.5, RAMP3:6282.5, NLN:6282.5, GPR83:6282.5, EDN3:6282.5, GRM4:6282.5, OPN5:6282.5, CXCL6:6282.5, GPR18:6282.5, PTGER2:6282.5, OPRL1:6282.5, S1PR4:6282.5, GRPR:6282.5, FFAR2:6282.5, CCR7:6282.5, TAS2R3:6282.5, TAS2R4:6282.5, GALR3:6282.5, ACKR4:6282.5, PLPPR3:6282.5, CCL25:6282.5, RAMP1:6282.5, RGS22:6282.5, NMUR2:6282.5, RXFP2:6282.5, HTR1B:6282.5, TAAR5:6282.5, NMBR:6282.5, RGS8:6282.5, GPR55:6282.5, HTR2B:6282.5, GPR45:6282.5, EDNRB:6282.5, LHCGR:6282.5, CXCL9:6282.5, RGS3:6282.5, NPFF:6282.5, LPAR6:6282.5, SSTR1:6282.5, PTH2:6282.5, PROK1:6282.5, RGS5:6282.5, RGS16:6282.5, GPR17:6282.5, PTH2R:6282.5, ACKR3:6282.5, ACKR2:6282.5, UCN2:6282.5, ECE2:6282.5, CRHBP:6282.5, TAAR2:6282.5, TAAR8:6282.5, VIP:6282.5, HTR2C:6282.5, GNRH1:6282.5, RGS20:6282.5, CRH:6282.5, PLPPR1:6282.5, RGR:6282.5, HTR7:6282.5, RGS10:6282.5, DRD2:6282.5, GPHA2:6282.5, EDNRA:6282.5, CCL28:6282.5, CYSLTR2:6282.5, GPR15:6282.5, HTR5A:6282.5, RGS12:6282.5, GPSM1:6282.5, CXCR5:6282.5, PTH1R:6282.5, PTGER1:6282.5, HCRT:6282.5, SSTR5:6282.5, CCKAR:6282.5, PROK2:6282.5, ADORA1:6282.5, GRM2:6282.5, HTR4:6282.5, GPER1:6282.5, OXGR1:6282.5, AVPR1A:6282.5, MC4R:6282.5, TAC3:6282.5, PTGDR:6282.5, BDKRB2:6282.5, HTR1E:6282.5, RGS14:6282.5, CXCL11:6282.5, GPR183:6282.5, PROKR1:6282.5, DRD5:6282.5, TACR3:6282.5, TAS1R3:6282.5, GPR37L1:6282.5, GPR25:6282.5, ADRA1B:6282.5, ADORA2B:6282.5, GPR37:6282.5, TRH:6282.5, RLN3:6282.5, APLN:6282.5, PTGER4:6282.5, NMUR1:6282.5, P2RY6:6282.5, RGS19:6282.5, CXCR6:6282.5, INSL5:6282.5, CYSLTR1:6282.5, XCR1:6282.5, GPRC6A:6282.5, TAS1R1:6282.5, TRHR:6282.5, CMKLR1:6282.5, ADGRE1:6282.5, P2RY14:6282.5, P2RY2:6282.5, GPR4:6282.5, GPR150:6282.5, HTR1A:6282.5, UCN3:6282.5, TAS1R2:6282.5, HTR1F:6282.5, GPBAR1:6282.5, CCR8:6282.5, RRH:6282.5, SSTR2:6282.5, CHRM4:6282.5, S1PR5:6282.5, AGTR2:6282.5, OXTR:6282.5, PENK:6282.5, RGS6:6282.5, RGS7:6282.5, PTGDR2:6282.5, PMCH:6282.5, CCR3:6282.5, CCR4:6282.5, GPR39:6282.5, NPW:6282.5, CCR10:6282.5, GAST:6282.5, LPAR5:6282.5, CHRM5:6282.5, NPY2R:6282.5, FFAR3:6282.5, TAS2R60:6282.5, PTCH1:6282.5, CXCR3:6282.5, QRFPR:6282.5, P2RY4:6282.5, ADRB3:6282.5, UTS2B:6282.5, GRM7:6282.5, NMB:6282.5, LPAR1:6282.5, SUCNR1:6282.5, GRK5:6282.5, NMS:6282.5, PDE7A:6282.5, GPSM3:6282.5, ACKR1:6282.5, S1PR3:6282.5, LTB4R:6282.5, LTB4R2:6282.5, NPS:6282.5, TAS2R41:6282.5, TAS2R40:6282.5, TAAR9:6282.5, ARHGEF25:6282.5, P2RY11:6282.5, RGS21:6282.5, MC1R:6282.5, NPBWR1:6282.5, PRKACA:10858, GRM3:10915, RGS13:10991, PNOC:11028, GPR27:11106, NPY4R:11111.5, CX3CR1:11123, VAV1:11176, UTS2:11183, FZD9:11220, PLCB4:11252, CCRL2:11259, HCRTR2:11264, FN1:11285, APLNR:11329, PDE4D:11332, MCHR2:11334, PLXNB1:11353, CCL16:11363, LPAR2:11379, PCP2:11380, CAMK4:11388, NTS:11398, ARHGEF26:11459, AVP:11466, LPAR3:11508, S1PR2:11518, RGS17:11546, MLN:11592, CXCL10:11631, GPR65:11662, OPRM1:11680, CNR2:11711, ADCY4:11732, GABBR2:11777, ARHGEF19:11779, F2RL1:11788, ITPR3:11892, FFAR4:11953, ARHGEF39:11959, CCL21:11982, MGLL:11983, ADM:12002, PRKACB:12035, ARHGEF17:12061, DGKB:12084, PDE8A:12087, GRM1:12091, CCL27:12116, CCL20:12153, ITGB1:12155, ADRA1D:12171, TAS2R1:12185, WNT8A:12286, DRD3:12296, PLCB2:12405, PIK3R3:12489, ADRA2B:12519, DRD1:12585, WNT9A:12607, NPY1R:12675, RPS6KA1:12739, DGKK:12791, LHB:12793, MLNR:12830, PTCH2:12863, CAMK2D:12869, WNT5A:12876, DGKE:12898, ADRA1A:12958, PDE4A:12991, PLCB1:12992, HRH4:13008, HCAR1:13013, RAMP2:13021, GHSR:13037, RGS18:13053, PLA2G4A:13125, NPB:13149, TAS2R7:13154, KPNA2:13181, CASR:13189, P2RY13:13317, MC5R:13335, F2RL2:13349, HRH1:13417, GRK6:13457, AGTR1:13483, HCAR2:13501, DGKA:13505, VAV3:13539, GALR2:13557, CXCR4:13593, CCK:13642, PYY:13666, PRKCB:13667, DGKD:13705, GPHB5:13731, TAS2R38:13802, TAS2R39:13811, PRKCQ:13818, SMO:13839, KNG1:13886, PRKAR2A:13940, P2RY10:13956, RGSL1:13957, RXFP1:13978, MC2R:14082, ECT2:14132, HBEGF:14150, CXCL8:14183, ADORA2A:14198, PRKCD:14207, P2RY12:14253, CGA:14327, TAAR1:14373, HRH2:14472, KEL:14530, CXCR1:14559, ADORA3:14562, TAS2R5:14576, FFAR1:14592, UCN:14642, CXCR2:14678, PTGFR:14688, CXCL13:14741, PTH:14760, PPP3CC:14768, TAS2R42:14806, CALCR:14892, PRKX:14895, PDE4C:14957, XK:14962, TAS2R10:15084","Herbivore",1
"REACTOME_CLASS_A_1_RHODOPSIN_LIKE_RECEPTORS",-0.0419470927488336,0.0142847598261098,0.182662567138127,294,"TACR2:64, SSTR4:74, BDKRB1:114, FSHR:166, GPR143:270, HTR1D:274, MTNR1A:281, MTNR1B:323, GPR68:339, GPR132:352, NPBWR2:354, NTSR1:373, NPFFR1:537, RXFP3:600, NPSR1:733, CCR9:743, TAAR6:946, GALR1:994, EDN2:1031, GPR35:1051, OPRK1:1053, MC3R:1070, LPAR4:1174, AVPR1B:1217, CHRM2:1264, OPN3:1430, GAL:1431, NPFFR2:1515, NTSR2:1602, HRH3:1610, ADRA2C:1617, CHRM1:1674, HTR6:1746, UTS2R:1768, TBXA2R:6282.5, F2RL3:6282.5, APP:6282.5, ADRA2A:6282.5, PTGIR:6282.5, PF4:6282.5, P2RY1:6282.5, F2:6282.5, F2R:6282.5, PSAP:6282.5, PDYN:6282.5, CXCL12:6282.5, CCL22:6282.5, OPRD1:6282.5, CCR2:6282.5, ANXA1:6282.5, CCR5:6282.5, CCR1:6282.5, PTAFR:6282.5, S1PR1:6282.5, CCL5:6282.5, C3:6282.5, CCR6:6282.5, CHRM3:6282.5, C5:6282.5, C5AR2:6282.5, C3AR1:6282.5, C5AR1:6282.5, FPR2:6282.5, MCHR1:6282.5, RHO:6282.5, SSTR3:6282.5, TACR1:6282.5, AVPR2:6282.5, ADRB2:6282.5, AGT:6282.5, TSHB:6282.5, FSHB:6282.5, OPN1LW:6282.5, OPN1SW:6282.5, OPN1MW:6282.5, GRP:6282.5, GHRL:6282.5, TAC1:6282.5, HEBP1:6282.5, ADRB1:6282.5, PTGER3:6282.5, PRLH:6282.5, EDN1:6282.5, PROKR2:6282.5, OXT:6282.5, BRS3:6282.5, HTR2A:6282.5, PLPPR2:6282.5, CCL1:6282.5, PPY:6282.5, GNRHR:6282.5, NMU:6282.5, CCKBR:6282.5, KISS1R:6282.5, ECE1:6282.5, PLPPR5:6282.5, PLPPR4:6282.5, CNR1:6282.5, PRLHR:6282.5, GPR31:6282.5, HCRTR1:6282.5, OPN4:6282.5, NPY:6282.5, NLN:6282.5, EDN3:6282.5, OPN5:6282.5, CXCL6:6282.5, GPR18:6282.5, PTGER2:6282.5, OPRL1:6282.5, S1PR4:6282.5, GRPR:6282.5, FFAR2:6282.5, CCR7:6282.5, GALR3:6282.5, ACKR4:6282.5, PLPPR3:6282.5, CCL25:6282.5, NMUR2:6282.5, RXFP2:6282.5, HTR1B:6282.5, TAAR5:6282.5, NMBR:6282.5, GPR55:6282.5, HTR2B:6282.5, EDNRB:6282.5, LHCGR:6282.5, CXCL9:6282.5, NPFF:6282.5, LPAR6:6282.5, SSTR1:6282.5, PROK1:6282.5, GPR17:6282.5, ACKR3:6282.5, ACKR2:6282.5, ECE2:6282.5, TAAR2:6282.5, TAAR8:6282.5, HTR2C:6282.5, GNRH1:6282.5, PLPPR1:6282.5, RGR:6282.5, HTR7:6282.5, DRD2:6282.5, GPHA2:6282.5, EDNRA:6282.5, CCL28:6282.5, CYSLTR2:6282.5, HTR5A:6282.5, CXCR5:6282.5, PTGER1:6282.5, HCRT:6282.5, SSTR5:6282.5, CCKAR:6282.5, PROK2:6282.5, ADORA1:6282.5, HTR4:6282.5, GPER1:6282.5, OXGR1:6282.5, AVPR1A:6282.5, MC4R:6282.5, TAC3:6282.5, PTGDR:6282.5, BDKRB2:6282.5, HTR1E:6282.5, CXCL11:6282.5, GPR183:6282.5, PROKR1:6282.5, DRD5:6282.5, TACR3:6282.5, GPR37L1:6282.5, ADRA1B:6282.5, ADORA2B:6282.5, GPR37:6282.5, TRH:6282.5, RLN3:6282.5, APLN:6282.5, PTGER4:6282.5, NMUR1:6282.5, P2RY6:6282.5, CXCR6:6282.5, INSL5:6282.5, CYSLTR1:6282.5, XCR1:6282.5, TRHR:6282.5, CMKLR1:6282.5, P2RY14:6282.5, P2RY2:6282.5, GPR4:6282.5, HTR1A:6282.5, HTR1F:6282.5, GPBAR1:6282.5, CCR8:6282.5, RRH:6282.5, SSTR2:6282.5, CHRM4:6282.5, S1PR5:6282.5, AGTR2:6282.5, OXTR:6282.5, PENK:6282.5, PTGDR2:6282.5, PMCH:6282.5, CCR3:6282.5, CCR4:6282.5, GPR39:6282.5, NPW:6282.5, CCR10:6282.5, LPAR5:6282.5, CHRM5:6282.5, NPY2R:6282.5, FFAR3:6282.5, CXCR3:6282.5, QRFPR:6282.5, P2RY4:6282.5, ADRB3:6282.5, UTS2B:6282.5, NMB:6282.5, LPAR1:6282.5, SUCNR1:6282.5, NMS:6282.5, ACKR1:6282.5, S1PR3:6282.5, LTB4R:6282.5, LTB4R2:6282.5, NPS:6282.5, TAAR9:6282.5, P2RY11:6282.5, MC1R:6282.5, NPBWR1:6282.5, PNOC:11028, NPY4R:11111.5, CX3CR1:11123, UTS2:11183, CCRL2:11259, HCRTR2:11264, APLNR:11329, MCHR2:11334, CCL16:11363, LPAR2:11379, NTS:11398, AVP:11466, LPAR3:11508, S1PR2:11518, MLN:11592, CXCL10:11631, GPR65:11662, OPRM1:11680, CNR2:11711, F2RL1:11788, FFAR4:11953, CCL21:11982, CCL27:12116, CCL20:12153, ADRA1D:12171, DRD3:12296, ADRA2B:12519, DRD1:12585, NPY1R:12675, LHB:12793, MLNR:12830, ADRA1A:12958, HRH4:13008, HCAR1:13013, GHSR:13037, NPB:13149, P2RY13:13317, MC5R:13335, F2RL2:13349, HRH1:13417, AGTR1:13483, HCAR2:13501, GALR2:13557, CXCR4:13593, CCK:13642, PYY:13666, GPHB5:13731, KNG1:13886, P2RY10:13956, RXFP1:13978, MC2R:14082, CXCL8:14183, ADORA2A:14198, P2RY12:14253, CGA:14327, TAAR1:14373, HRH2:14472, KEL:14530, CXCR1:14559, ADORA3:14562, FFAR1:14592, CXCR2:14678, PTGFR:14688, CXCL13:14741, XK:14962","Vertivore",2
"REACTOME_CLASS_B_2_SECRETIN_FAMILY_RECEPTORS",-0.0305557002239467,0.395206041163289,0.740927498559348,65,"VIPR1:504, VIPR2:1003, GNB5:6282.5, GNB3:6282.5, WNT1:6282.5, DHH:6282.5, WNT3A:6282.5, IHH:6282.5, SHH:6282.5, WNT10B:6282.5, GCG:6282.5, GCGR:6282.5, GLP1R:6282.5, ADCYAP1R1:6282.5, ADCYAP1:6282.5, ADGRE3:6282.5, WNT16:6282.5, WNT8B:6282.5, WNT11:6282.5, FZD3:6282.5, WNT2:6282.5, WNT6:6282.5, WNT2B:6282.5, WNT10A:6282.5, FZD7:6282.5, FZD1:6282.5, WNT9B:6282.5, FZD5:6282.5, FZD6:6282.5, FZD4:6282.5, FZD8:6282.5, CRHR2:6282.5, GIP:6282.5, GIPR:6282.5, CALCRL:6282.5, GLP2R:6282.5, SCTR:6282.5, PTHLH:6282.5, GHRHR:6282.5, FZD10:6282.5, GHRH:6282.5, CRHR1:6282.5, RAMP3:6282.5, RAMP1:6282.5, PTH2:6282.5, PTH2R:6282.5, UCN2:6282.5, CRHBP:6282.5, VIP:6282.5, CRH:6282.5, PTH1R:6282.5, ADGRE1:6282.5, UCN3:6282.5, PTCH1:6282.5, FZD9:11220, ADM:12002, WNT8A:12286, WNT9A:12607, PTCH2:12863, WNT5A:12876, RAMP2:13021, SMO:13839, UCN:14642, PTH:14760, CALCR:14892","Both",3
"REACTOME_NETRIN_1_SIGNALING",-0.0902049088043234,0.036549081457697,0.300904081590081,45,"CDC42:60, MYO10:351, TRPC6:597, SLIT1:783, DOCK1:892, DSCAML1:1064, PLCG1:1240, TRIO:1517, SLIT3:1680, PTPN11:6282.5, UNC5B:6282.5, PTK2:6282.5, DCC:6282.5, TRPC7:6282.5, TRPC3:6282.5, SRC:6282.5, NTN1:6282.5, NEO1:6282.5, TRPC5:6282.5, NTN4:6282.5, ABLIM1:6282.5, TRPC4:6282.5, AGAP2:6282.5, SLIT2:6282.5, PAK1:6282.5, UNC5D:6282.5, NCK1:6282.5, ABLIM2:6282.5, HJV:6282.5, ROBO1:6282.5, DSCAM:6282.5, ABLIM3:6282.5, RGMB:6282.5, UNC5C:6282.5, RGMA:6282.5, MAPK11:6282.5, MAPK12:6282.5, EZR:11087, UNC5A:11837, PITPNA:11988, TRPC1:12157, MAPK13:12786, PRKCQ:13818, SIAH1:14093, WASL:14429","Both",3
"REACTOME_NEPHRIN_FAMILY_INTERACTIONS",-0.0272689358698791,0.665489040071521,0.878387071192497,21,"KIRREL1:541, IQGAP1:558, SPTAN1:1669, ACTN1:6282.5, ACTN2:6282.5, PIK3R2:6282.5, PIK3CA:6282.5, ACTN4:6282.5, PIK3R1:6282.5, NCK2:6282.5, SPTBN1:6282.5, NCK1:6282.5, NPHS2:6282.5, KIRREL2:6282.5, KIRREL3:6282.5, ACTN3:6282.5, PIK3CB:12691, MAGI2:13162, NPHS1:13764, WASL:14429, CD2AP:14791","Both",3
"REACTOME_SEMAPHORIN_INTERACTIONS",-0.0722717627497757,0.0692011632782429,0.37392000026053,53,"SEMA4D:115, ARHGEF11:130, RHOA:150, ARHGEF12:502, MYH10:800, SEMA4A:837, FES:1192, PLXNA2:1615, SEMA3E:1715, ROCK1:6282.5, PAK2:6282.5, TLN1:6282.5, CFL1:6282.5, ITGA1:6282.5, HSP90AA1:6282.5, ERBB2:6282.5, FARP2:6282.5, CRMP1:6282.5, SEMA3A:6282.5, PAK3:6282.5, PTPRC:6282.5, GSK3B:6282.5, SEMA6A:6282.5, DPYSL2:6282.5, TREM2:6282.5, HSP90AB1:6282.5, MYH9:6282.5, MYH14:6282.5, SEMA5A:6282.5, DPYSL3:6282.5, ROCK2:6282.5, PLXNC1:6282.5, SEMA6D:6282.5, SEMA7A:6282.5, PAK1:6282.5, DPYSL4:6282.5, RHOC:6282.5, DPYSL5:6282.5, RND1:6282.5, LIMK2:6282.5, PIP5K1C:6282.5, PLXNB3:6282.5, PLXNA4:6282.5, PLXNB1:11353, MET:12112, ITGB1:12155, LIMK1:12567, MYL6:12928, RRAS:13326, PLXND1:13669, MYH11:13948, NRP1:14054, TYROBP:14731","Herbivore",1
"REACTOME_L1CAM_INTERACTIONS",-0.0276702228446678,0.34294430337536,0.698456049800653,99,"NRCAM:53, SPTBN5:155, ACTG1:418, SCN5A:523, TUBB4A:543, RPS6KA6:686, LAMB1:774, TUBA4A:786, ITGB3:935, DNM3:1172, KCNQ3:1216, LAMC1:1230, SPTAN1:1669, MAPK3:6282.5, ITGA2B:6282.5, ACTB:6282.5, TUBB1:6282.5, TUBA1B:6282.5, TUBB2A:6282.5, TUBB2B:6282.5, ITGA10:6282.5, VAV2:6282.5, ITGA5:6282.5, ITGA2:6282.5, TUBAL3:6282.5, TUBA8:6282.5, TUBB4B:6282.5, SRC:6282.5, L1CAM:6282.5, ITGA1:6282.5, RPS6KA2:6282.5, DLG3:6282.5, DLG4:6282.5, AP2M1:6282.5, AP2A2:6282.5, KCNQ2:6282.5, MAP2K2:6282.5, EGFR:6282.5, RANBP9:6282.5, SPTB:6282.5, DNM2:6282.5, DPYSL2:6282.5, RPS6KA5:6282.5, SCN1B:6282.5, DNM1:6282.5, SH3GL2:6282.5, CNTNAP1:6282.5, SPTBN1:6282.5, NRP2:6282.5, CLTA:6282.5, CNTN6:6282.5, SCN7A:6282.5, SDCBP:6282.5, RDX:6282.5, SCN1A:6282.5, ITGA9:6282.5, ANK2:6282.5, MSN:6282.5, PAK1:6282.5, NCAM1:6282.5, SCN2B:6282.5, ANK3:6282.5, SCN3A:6282.5, SPTBN4:6282.5, NFASC:6282.5, SPTA1:6282.5, SCN3B:6282.5, ALCAM:6282.5, SPTBN2:6282.5, SCN4B:6282.5, CNTN2:6282.5, SHTN1:6282.5, SCN8A:6282.5, CSNK2B:6282.5, EZR:11087, NUMB:11122, CHL1:11526, RPS6KA4:11654, SCN2A:11745, ITGAV:12046, ITGB1:12155, AP2A1:12312, CNTN1:12506, TUBA1A:12546, RPS6KA1:12739, EPHB2:13123, SCN9A:13170, SCN10A:13285, ANK1:13535, LAMA1:13901, FGFR1:14005, NRP1:14054, GAP43:14161, DLG1:14328, KIF4A:14730, NCAN:14905, SCN11A:15028, TUBB8B:15090, TUBB8:15095","Both",3
"REACTOME_NCAM_SIGNALING_FOR_NEURITE_OUT_GROWTH",-0.0799958130022385,0.0387249092781886,0.305477070602718,56,"SPTBN5:155, COL6A1:157, CACNA1G:217, CACNB2:278, COL6A2:404, CACNA1I:1110, COL9A2:1306, COL9A3:1351, GFRA1:1597, SPTAN1:1669, MAPK3:6282.5, PTK2:6282.5, SOS1:6282.5, SRC:6282.5, CACNB1:6282.5, CACNB4:6282.5, SPTB:6282.5, COL4A4:6282.5, CACNA1S:6282.5, RPS6KA5:6282.5, COL9A1:6282.5, ST8SIA4:6282.5, SPTBN1:6282.5, ARTN:6282.5, PSPN:6282.5, COL5A1:6282.5, PTPRA:6282.5, COL4A2:6282.5, ST8SIA2:6282.5, NCAM1:6282.5, CACNA1D:6282.5, SPTBN4:6282.5, SPTA1:6282.5, COL3A1:6282.5, GFRA2:6282.5, GDNF:6282.5, COL4A3:6282.5, NRTN:6282.5, PRNP:6282.5, COL6A5:6282.5, SPTBN2:6282.5, CNTN2:6282.5, COL4A1:6282.5, COL4A5:6282.5, AGRN:6282.5, CACNA1H:6282.5, COL5A2:6282.5, CACNB3:11669, CACNA1C:12952, COL6A3:13032, COL5A3:13477, FGFR1:14005, COL6A6:14343, GFRA4:14366, NCAN:14905, COL2A1:15016","Both",3
"REACTOME_PEPTIDE_LIGAND_BINDING_RECEPTORS",-0.0383854789091304,0.0896748412486247,0.40829226962442,166,"TACR2:64, SSTR4:74, BDKRB1:114, NPBWR2:354, NTSR1:373, NPFFR1:537, RXFP3:600, NPSR1:733, CCR9:743, GALR1:994, EDN2:1031, OPRK1:1053, MC3R:1070, AVPR1B:1217, GAL:1431, NPFFR2:1515, NTSR2:1602, UTS2R:1768, F2RL3:6282.5, APP:6282.5, PF4:6282.5, F2:6282.5, F2R:6282.5, PSAP:6282.5, PDYN:6282.5, CXCL12:6282.5, CCL22:6282.5, OPRD1:6282.5, CCR2:6282.5, ANXA1:6282.5, CCR5:6282.5, CCR1:6282.5, CCL5:6282.5, C3:6282.5, CCR6:6282.5, C5:6282.5, C5AR2:6282.5, C3AR1:6282.5, C5AR1:6282.5, FPR2:6282.5, MCHR1:6282.5, SSTR3:6282.5, TACR1:6282.5, AVPR2:6282.5, AGT:6282.5, GRP:6282.5, GHRL:6282.5, TAC1:6282.5, HEBP1:6282.5, PRLH:6282.5, EDN1:6282.5, PROKR2:6282.5, OXT:6282.5, BRS3:6282.5, CCL1:6282.5, PPY:6282.5, NMU:6282.5, CCKBR:6282.5, KISS1R:6282.5, ECE1:6282.5, PRLHR:6282.5, HCRTR1:6282.5, NPY:6282.5, NLN:6282.5, EDN3:6282.5, CXCL6:6282.5, OPRL1:6282.5, GRPR:6282.5, CCR7:6282.5, GALR3:6282.5, ACKR4:6282.5, CCL25:6282.5, NMUR2:6282.5, RXFP2:6282.5, NMBR:6282.5, EDNRB:6282.5, CXCL9:6282.5, NPFF:6282.5, SSTR1:6282.5, PROK1:6282.5, ACKR3:6282.5, ACKR2:6282.5, ECE2:6282.5, EDNRA:6282.5, CCL28:6282.5, CXCR5:6282.5, HCRT:6282.5, SSTR5:6282.5, CCKAR:6282.5, PROK2:6282.5, GPER1:6282.5, AVPR1A:6282.5, MC4R:6282.5, TAC3:6282.5, BDKRB2:6282.5, CXCL11:6282.5, PROKR1:6282.5, TACR3:6282.5, GPR37L1:6282.5, GPR37:6282.5, TRH:6282.5, RLN3:6282.5, APLN:6282.5, NMUR1:6282.5, CXCR6:6282.5, INSL5:6282.5, XCR1:6282.5, TRHR:6282.5, CCR8:6282.5, SSTR2:6282.5, AGTR2:6282.5, OXTR:6282.5, PENK:6282.5, PMCH:6282.5, CCR3:6282.5, CCR4:6282.5, NPW:6282.5, CCR10:6282.5, NPY2R:6282.5, CXCR3:6282.5, QRFPR:6282.5, UTS2B:6282.5, NMB:6282.5, NMS:6282.5, ACKR1:6282.5, NPS:6282.5, MC1R:6282.5, NPBWR1:6282.5, PNOC:11028, NPY4R:11111.5, CX3CR1:11123, UTS2:11183, CCRL2:11259, HCRTR2:11264, APLNR:11329, MCHR2:11334, CCL16:11363, NTS:11398, AVP:11466, MLN:11592, CXCL10:11631, OPRM1:11680, F2RL1:11788, CCL21:11982, CCL27:12116, CCL20:12153, NPY1R:12675, MLNR:12830, GHSR:13037, NPB:13149, MC5R:13335, F2RL2:13349, AGTR1:13483, GALR2:13557, CXCR4:13593, CCK:13642, PYY:13666, KNG1:13886, RXFP1:13978, MC2R:14082, CXCL8:14183, KEL:14530, CXCR1:14559, CXCR2:14678, CXCL13:14741, XK:14962","Both",3
"REACTOME_AMINE_LIGAND_BINDING_RECEPTORS",-0.0624083924836548,0.167271204836906,0.537593551374227,41,"GPR143:270, HTR1D:274, TAAR6:946, CHRM2:1264, HRH3:1610, ADRA2C:1617, CHRM1:1674, HTR6:1746, ADRA2A:6282.5, CHRM3:6282.5, ADRB2:6282.5, ADRB1:6282.5, HTR2A:6282.5, HTR1B:6282.5, TAAR5:6282.5, HTR2B:6282.5, TAAR2:6282.5, TAAR8:6282.5, HTR2C:6282.5, HTR7:6282.5, DRD2:6282.5, HTR5A:6282.5, HTR4:6282.5, HTR1E:6282.5, DRD5:6282.5, ADRA1B:6282.5, HTR1A:6282.5, HTR1F:6282.5, CHRM4:6282.5, CHRM5:6282.5, ADRB3:6282.5, TAAR9:6282.5, ADRA1D:12171, DRD3:12296, ADRA2B:12519, DRD1:12585, ADRA1A:12958, HRH4:13008, HRH1:13417, TAAR1:14373, HRH2:14472","Unclear",0
"REACTOME_DSCAM_INTERACTIONS",-0.0855196770938446,0.402313912593182,0.746267473668217,8,"DSCAML1:1064, DCC:6282.5, NTN1:6282.5, PAK1:6282.5, DSCAM:6282.5, MAPK11:6282.5, MAPK12:6282.5, MAPK13:12786","Unclear",0
"REACTOME_SIGNALING_BY_ROBO_RECEPTORS",-0.0531681223835857,0.0357073866063354,0.2966839541531,132,"MAGOH:27, ETF1:38, ELOC:51, RPS27A:59, CDC42:60, RPL34:66, RPL19:69, UBA52:103, RPS26:138, RHOA:150, RPL31:169, RPS7:178, RPS23:180, RPL8:184, RPS17:201, RPL17:206, ENAH:310, SLIT1:783, RPL13:905, PSMB9:1148, PAK6:1333, CLASP2:1578, PSMB11:1646, SLIT3:1680, PSMD5:6282.5, PSMB5:6282.5, PSMD3:6282.5, PSMD9:6282.5, PSMF1:6282.5, PSMB2:6282.5, PSMA1:6282.5, PSME3:6282.5, PSMB6:6282.5, PSMA8:6282.5, PSMD4:6282.5, PSMB4:6282.5, PSMD6:6282.5, UBB:6282.5, PAK2:6282.5, PSMD13:6282.5, DCC:6282.5, PSMD12:6282.5, PSMB8:6282.5, PSMB10:6282.5, GPC1:6282.5, ABL1:6282.5, SOS1:6282.5, PRKCA:6282.5, SRC:6282.5, NCBP1:6282.5, EIF4G1:6282.5, CXCL12:6282.5, NTN1:6282.5, NCK2:6282.5, USP33:6282.5, PAK3:6282.5, RPS5:6282.5, RPLP0:6282.5, RPL3:6282.5, SOS2:6282.5, PAK5:6282.5, GSPT1:6282.5, HOXA2:6282.5, LHX2:6282.5, LHX3:6282.5, CAP2:6282.5, LHX4:6282.5, RPS10:6282.5, UPF3B:6282.5, FLRT3:6282.5, PAK4:6282.5, RPL3L:6282.5, RPS2:6282.5, ABL2:6282.5, RPL32:6282.5, SLIT2:6282.5, ARHGAP39:6282.5, PAK1:6282.5, UPF2:6282.5, ROBO3:6282.5, NCK1:6282.5, RPL10L:6282.5, UPF3A:6282.5, ROBO1:6282.5, RPL38:6282.5, DAG1:6282.5, RPL15:6282.5, RPLP2:6282.5, ROBO2:6282.5, RPS27L:6282.5, COL4A5:6282.5, RPL14:6282.5, GSPT2:6282.5, SRGAP3:6282.5, EVL:6282.5, SRGAP1:6282.5, ZSWIM8:6282.5, RPL36A:6282.5, SRGAP2:6282.5, PRKACA:10858, CAP1:11289, PSMD10:11350, PSMD1:11428, PSMB1:11506, NELL2:11509, PSMB7:11603, PSME4:11744, SEM1:11957, RPL7:12006, PSMD8:12029, PRKACB:12035, RPL6:12073, RPL4:12176, CASC3:12659, RPS3:12824, RPL9:12853, LHX9:12963, CXCR4:13593, VASP:13772, PRKAR2A:13940, MYO9B:13949, NRP1:14054, CLASP1:14098, PSMD2:14237, PSME2:14297, PSME1:14419, CUL2:14511, RPS15:14780, RPS27:14996, RPS15A:15066, RPS14:15087, RPL23:15099","Herbivore",1
"REACTOME_DEACTIVATION_OF_THE_BETA_CATENIN_TRANSACTIVATING_COMPLEX",-0.0504289578946651,0.316531536367855,0.680222121658215,33,"RPS27A:59, UBA52:103, BCL9L:691, XIAP:1419, AKT2:6282.5, APC:6282.5, AKT1:6282.5, UBB:6282.5, TCF7:6282.5, SOX9:6282.5, KMT2D:6282.5, TLE2:6282.5, TLE3:6282.5, TLE1:6282.5, MEN1:6282.5, TCF7L2:6282.5, CBY1:6282.5, SOX6:6282.5, BCL9:6282.5, SOX4:6282.5, SOX3:6282.5, SOX13:6282.5, PYGO2:6282.5, SOX17:6282.5, PYGO1:6282.5, SOX7:6282.5, TLE4:10979, BTRC:11532, HDAC1:12354, TCF7L1:12419, LEF1:12491, ASH2L:14599, CHD8:15051","Herbivore",1
"REACTOME_DISEASES_OF_GLYCOSYLATION",-0.0669875641222195,0.00888774258465807,0.138143102414987,129,"ADAMTSL3:36, ADAMTS7:57, CSPG4:128, ADAMTS12:304, THSD4:436, ST3GAL3:480, OGN:501, ADAMTS18:609, MPDU1:815, THSD1:846, PMM2:1048, PGM1:1052, MPI:1193, LFNG:1229, BCAN:1233, ADAMTSL1:1258, DPM3:1272, ADAMTS4:1292, CSPG5:1341, ADAMTS1:1453, EXT2:1589, THBS2:1590, EXT1:1682, ADAMTSL5:1749, GPC1:6282.5, SDC1:6282.5, SDC4:6282.5, THBS1:6282.5, SDC3:6282.5, SDC2:6282.5, SEMA5A:6282.5, NOTCH1:6282.5, DAG1:6282.5, AGRN:6282.5, DCN:6282.5, HSPG2:6282.5, ADAMTS16:6282.5, ADAMTS5:6282.5, ADAMTS9:6282.5, VCAN:6282.5, ADAMTS2:6282.5, ADAMTS14:6282.5, LUM:6282.5, ADAMTS3:6282.5, BGN:6282.5, SLC26A2:6282.5, PAPSS2:6282.5, NOTCH2:6282.5, NOTCH4:6282.5, B4GALT7:6282.5, GPC4:6282.5, CHST3:6282.5, CHSY1:6282.5, GPC3:6282.5, B3GAT3:6282.5, CHST14:6282.5, B4GAT1:6282.5, GPC5:6282.5, GPC6:6282.5, PRELP:6282.5, GPC2:6282.5, HEXA:6282.5, NEU1:6282.5, CFP:6282.5, GALNT3:6282.5, ALG9:6282.5, ALG6:6282.5, ALG13:6282.5, ALG2:6282.5, ALG8:6282.5, RFT1:6282.5, DPAGT1:6282.5, MAN1B1:6282.5, ALG12:6282.5, ALG3:6282.5, ALG11:6282.5, THSD7A:6282.5, POMT2:6282.5, ADAMTS6:6282.5, SEMA5B:6282.5, POMGNT1:6282.5, GALK1:6282.5, GALE:6282.5, DHDDS:6282.5, POMT1:6282.5, LARGE1:6282.5, ADAMTS17:6282.5, ADAMTS10:6282.5, ADAMTSL4:6282.5, THSD7B:6282.5, ADAMTS19:6282.5, NUS1:6282.5, SPON2:6282.5, GNE:6282.5, ADAMTS13:6282.5, SBSPON:6282.5, ADAMTS15:6282.5, C1GALT1C1:6282.5, DOLK:6282.5, ADAMTSL2:6282.5, GALT:6282.5, SPON1:6282.5, ALG1:11085, DPM2:11204, NOTCH3:11295, MOGS:11348, ADAMTS20:11927, CHST6:11938, ADAMTS8:11963, FMOD:12064, CTSA:12161, KERA:12251, OMD:12326, MUC4:12747, GFPT1:12934, MUC20:12957, ALG14:13056, MUC15:13272, SRD5A3:13735, GALNT12:13988, MGAT2:14124, GLB1:14192, C1GALT1:14356, B4GALT1:14421, DPM1:14552, B3GALT6:14843, B3GLCT:14872, NCAN:14905, HEXB:14977","Both",3
"REACTOME_MYOCLONIC_EPILEPSY_OF_LAFORA",-0.0766481668348469,0.45288320376004,0.772278509992157,8,"RPS27A:59, UBA52:103, UBB:6282.5, GYS1:6282.5, EPM2A:6282.5, PPP1R3C:6282.5, NHLRC1:12616, GYG1:14338","Herbivore",1
"REACTOME_CYTOSOLIC_TRNA_AMINOACYLATION",-0.0172834464805268,0.779123988625233,0.919947970852191,22,"VARS1:1026, CARS1:1200, FARSB:1227, SARS1:6282.5, KARS1:6282.5, AIMP2:6282.5, AIMP1:6282.5, QARS1:6282.5, IARS1:6282.5, AARS1:6282.5, GARS1:6282.5, TARS1:6282.5, WARS1:6282.5, HARS1:6282.5, FARSA:6282.5, PPA1:6282.5, YARS1:11024, DARS1:11525, EEF1E1:12801, LARS1:13709, RARS1:14845, NARS1:15091","Both",3
"REACTOME_TRNA_AMINOACYLATION",-0.0282435017441206,0.53699620076456,0.815829340782279,40,"VARS1:1026, CARS1:1200, FARSB:1227, SARS1:6282.5, KARS1:6282.5, AIMP2:6282.5, AIMP1:6282.5, QARS1:6282.5, IARS1:6282.5, AARS1:6282.5, GARS1:6282.5, TARS1:6282.5, WARS1:6282.5, HARS1:6282.5, FARSA:6282.5, PPA1:6282.5, LARS2:6282.5, IARS2:6282.5, EARS2:6282.5, SARS2:6282.5, HARS2:6282.5, WARS2:6282.5, DARS2:6282.5, AARS2:6282.5, CARS2:6282.5, VARS2:6282.5, YARS2:6282.5, TARS2:6282.5, FARS2:6282.5, RARS2:6282.5, PARS2:6282.5, MARS2:6282.5, YARS1:11024, DARS1:11525, EEF1E1:12801, NARS2:13454, LARS1:13709, PPA2:14090, RARS1:14845, NARS1:15091","Both",3
"REACTOME_MITOCHONDRIAL_TRNA_AMINOACYLATION",-0.0494690577780629,0.432847203272115,0.765871940627697,21,"KARS1:6282.5, QARS1:6282.5, GARS1:6282.5, LARS2:6282.5, IARS2:6282.5, EARS2:6282.5, SARS2:6282.5, HARS2:6282.5, WARS2:6282.5, DARS2:6282.5, AARS2:6282.5, CARS2:6282.5, VARS2:6282.5, YARS2:6282.5, TARS2:6282.5, FARS2:6282.5, RARS2:6282.5, PARS2:6282.5, MARS2:6282.5, NARS2:13454, PPA2:14090","Unclear",0
"REACTOME_TACHYKININ_RECEPTORS_BIND_TACHYKININS",-0.176866173503699,0.170830833106642,0.539979334175454,5,"TACR2:64, TACR1:6282.5, TAC1:6282.5, TAC3:6282.5, TACR3:6282.5","Both",3
"REACTOME_RECRUITMENT_OF_MITOTIC_CENTROSOME_PROTEINS_AND_COMPLEXES",-0.0216835023445604,0.53427614086478,0.814974519440946,69,"CEP164:134, CEP131:325, HAUS3:388, TUBB4A:543, OFD1:598, SDCCAG8:622, CDK5RAP2:704, TUBA4A:786, PCM1:850, CEP250:884, CEP43:1267, PRKAR2B:6282.5, TUBB4B:6282.5, CNTRL:6282.5, HSP90AA1:6282.5, DYNC1I2:6282.5, DCTN2:6282.5, DYNC1H1:6282.5, DCTN1:6282.5, HAUS4:6282.5, NINL:6282.5, MAPRE1:6282.5, CCP110:6282.5, CEP152:6282.5, CEP41:6282.5, CEP72:6282.5, CEP70:6282.5, NEK2:6282.5, TUBGCP3:6282.5, TUBGCP6:6282.5, TUBGCP2:6282.5, ODF2:6282.5, HAUS2:6282.5, CSNK1D:6282.5, PLK4:6282.5, NME7:6282.5, CEP78:6282.5, CENPJ:6282.5, HAUS1:6282.5, PCNT:6282.5, CEP57:6282.5, CKAP5:6282.5, SSNA1:6282.5, CEP63:6282.5, HAUS7:6282.5, CDK11B:6282.5, HAUS5:6282.5, TUBGCP5:6282.5, PRKACA:10858, NDE1:11522, CEP76:11560, AKAP9:11645, DCTN3:11931, CETN2:11941, PLK1:11972, CEP290:12146, HAUS6:12253, TUBA1A:12546, CEP135:12589, HAUS8:12746, NEDD1:12855, SFI1:13279, MZT1:13528, MZT2B:13916, CLASP1:14098, TUBGCP4:14291, TUBB:14742, CEP192:15033, DYNLL1:15080","Vertivore",2
"REACTOME_RECRUITMENT_OF_NUMA_TO_MITOTIC_CENTROSOMES",-0.00653459534815465,0.843229003987419,0.948609921431074,77,"CEP164:134, CEP131:325, HAUS3:388, TUBB4A:543, OFD1:598, SDCCAG8:622, CDK5RAP2:704, TUBA4A:786, PCM1:850, CEP250:884, CEP43:1267, PRKAR2B:6282.5, TUBB1:6282.5, TUBA1B:6282.5, TUBB2A:6282.5, TUBB2B:6282.5, TUBAL3:6282.5, TUBA8:6282.5, TUBB4B:6282.5, CNTRL:6282.5, HSP90AA1:6282.5, DYNC1I2:6282.5, DCTN2:6282.5, DYNC1H1:6282.5, DCTN1:6282.5, HAUS4:6282.5, NINL:6282.5, MAPRE1:6282.5, CCP110:6282.5, CEP152:6282.5, CEP41:6282.5, CEP72:6282.5, CEP70:6282.5, NEK2:6282.5, TUBGCP3:6282.5, TUBGCP6:6282.5, TUBGCP2:6282.5, ODF2:6282.5, HAUS2:6282.5, CSNK1D:6282.5, PLK4:6282.5, NME7:6282.5, CEP78:6282.5, CENPJ:6282.5, HAUS1:6282.5, PCNT:6282.5, CEP57:6282.5, CKAP5:6282.5, SSNA1:6282.5, CEP63:6282.5, HAUS7:6282.5, HAUS5:6282.5, TUBGCP5:6282.5, PRKACA:10858, NDE1:11522, CEP76:11560, AKAP9:11645, DCTN3:11931, CETN2:11941, PLK1:11972, CEP290:12146, HAUS6:12253, TUBA1A:12546, CEP135:12589, HAUS8:12746, NEDD1:12855, SFI1:13279, MZT1:13528, MZT2B:13916, CLASP1:14098, TUBGCP4:14291, NUMA1:14734, TUBB:14742, CEP192:15033, DYNLL1:15080, TUBB8B:15090, TUBB8:15095","Both",3
"REACTOME_ENERGY_DEPENDENT_REGULATION_OF_MTOR_BY_LKB1_AMPK",-0.0469774255985799,0.456378045147744,0.772278509992157,21,"RRAGA:145, TSC1:428, PRKAA2:1324, TSC2:1719, PRKAG2:6282.5, PRKAB1:6282.5, MTOR:6282.5, STK11:6282.5, RRAGD:6282.5, RRAGB:6282.5, CAB39L:6282.5, LAMTOR2:6282.5, RPTOR:6282.5, SLC38A9:6282.5, RRAGC:11048, PPM1A:11119, PRKAB2:11287, STRADB:11445, STRADA:11683, PRKAG1:11774, PRKAA1:12980","Both",3
"REACTOME_ATF4_ACTIVATES_GENES_IN_RESPONSE_TO_ENDOPLASMIC_RETICULUM_STRESS",-0.0618725340833626,0.304645968747273,0.673563415176987,23,"ATF6:623, EXOSC5:1549, IGFBP1:1702, NFYC:6282.5, HERPUD1:6282.5, ASNS:6282.5, DIS3:6282.5, KHSRP:6282.5, EXOSC3:6282.5, EXOSC8:6282.5, EXOSC9:6282.5, ATF4:6282.5, EXOSC2:6282.5, PARN:6282.5, CEBPG:6282.5, ATF3:6282.5, EXOSC1:6282.5, DDIT3:6282.5, EXOSC4:6282.5, EXOSC6:11835, EXOSC7:12020, DCP2:13879, CXCL8:14183","Unclear",0
"REACTOME_ATF6_ATF6_ALPHA_ACTIVATES_CHAPERONES",-0.0270158124929909,0.76741258632774,0.919012845729246,10,"ATF6:623, MBTPS1:1047, MBTPS2:6282.5, NFYC:6282.5, ATF4:6282.5, DDIT3:6282.5, XBP1:6282.5, HSP90B1:12101, CALR:13753, HSPA5:14042","Unclear",0
"REACTOME_PERK_REGULATES_GENE_EXPRESSION",-0.0459066829137608,0.418143292187677,0.754034932998559,26,"ATF6:623, EXOSC5:1549, IGFBP1:1702, NFYC:6282.5, HERPUD1:6282.5, ASNS:6282.5, DIS3:6282.5, KHSRP:6282.5, EXOSC3:6282.5, EXOSC8:6282.5, EXOSC9:6282.5, ATF4:6282.5, EXOSC2:6282.5, PARN:6282.5, CEBPG:6282.5, ATF3:6282.5, EXOSC1:6282.5, DDIT3:6282.5, EXOSC4:6282.5, EIF2S2:6282.5, EIF2AK3:6282.5, EXOSC6:11835, EXOSC7:12020, DCP2:13879, HSPA5:14042, CXCL8:14183","Unclear",0
"REACTOME_IRE1ALPHA_ACTIVATES_CHAPERONES",-0.0316776883266245,0.453087067652578,0.772278509992157,47,"WFS1:517, ARFGAP1:725, SHC1:997, DNAJC3:1236, SYVN1:1343, ZBTB17:1693, ADD1:6282.5, LMNA:6282.5, PPP2R5B:6282.5, TLN1:6282.5, ATP6V0D1:6282.5, CUL7:6282.5, SEC31A:6282.5, DCTN1:6282.5, SSR1:6282.5, SRPRB:6282.5, SRPRA:6282.5, GOSR2:6282.5, PREB:6282.5, HYOU1:6282.5, XBP1:6282.5, DDX11:6282.5, PDIA5:6282.5, WIPI1:6282.5, ACADVL:6282.5, DNAJB11:6282.5, KLHDC3:6282.5, DNAJB9:6282.5, HDGF:6282.5, PDIA6:6282.5, TATDN2:6282.5, EXTL1:6282.5, TPP1:6282.5, YIF1A:6282.5, CTDSP2:6282.5, ERN1:6282.5, KDELR3:10865, EDEM1:12545, TSPYL2:12643, EXTL3:12932, GFPT1:12934, GSK3A:13141, FKBP14:13205, EXTL2:14010, HSPA5:14042, MYDGF:14239, SULT1A3:15054","Both",3
"REACTOME_UNFOLDED_PROTEIN_RESPONSE_UPR",-0.0376962395034684,0.236387949175888,0.608867817663037,83,"CREB3L4:398, WFS1:517, ATF6:623, ARFGAP1:725, SHC1:997, MBTPS1:1047, DNAJC3:1236, SYVN1:1343, EXOSC5:1549, ZBTB17:1693, IGFBP1:1702, ADD1:6282.5, LMNA:6282.5, PPP2R5B:6282.5, TLN1:6282.5, ATP6V0D1:6282.5, CUL7:6282.5, SEC31A:6282.5, DCTN1:6282.5, MBTPS2:6282.5, NFYC:6282.5, CREB3L3:6282.5, SSR1:6282.5, SRPRB:6282.5, SRPRA:6282.5, GOSR2:6282.5, PREB:6282.5, HYOU1:6282.5, HERPUD1:6282.5, ASNS:6282.5, DIS3:6282.5, KHSRP:6282.5, EXOSC3:6282.5, EXOSC8:6282.5, EXOSC9:6282.5, ATF4:6282.5, EXOSC2:6282.5, PARN:6282.5, CEBPG:6282.5, ATF3:6282.5, EXOSC1:6282.5, DDIT3:6282.5, EXOSC4:6282.5, XBP1:6282.5, EIF2S2:6282.5, EIF2AK3:6282.5, DDX11:6282.5, PDIA5:6282.5, WIPI1:6282.5, ACADVL:6282.5, DNAJB11:6282.5, KLHDC3:6282.5, DNAJB9:6282.5, HDGF:6282.5, PDIA6:6282.5, TATDN2:6282.5, EXTL1:6282.5, TPP1:6282.5, YIF1A:6282.5, CTDSP2:6282.5, ERN1:6282.5, CREB3:6282.5, DCSTAMP:6282.5, CREB3L2:6282.5, KDELR3:10865, EXOSC6:11835, CREBRF:11889, EXOSC7:12020, HSP90B1:12101, EDEM1:12545, TSPYL2:12643, EXTL3:12932, GFPT1:12934, GSK3A:13141, FKBP14:13205, CALR:13753, DCP2:13879, EXTL2:14010, HSPA5:14042, CREB3L1:14162, CXCL8:14183, MYDGF:14239, SULT1A3:15054","Both",3
"REACTOME_GLUCAGON_LIKE_PEPTIDE_1_GLP1_REGULATES_INSULIN_SECRETION",-0.0743827883901715,0.217173977657076,0.590595296705443,23,"IQGAP1:558, ADCY8:981, ITPR1:1309, PRKAR2B:6282.5, GNB5:6282.5, RAPGEF3:6282.5, RAPGEF4:6282.5, PRKAR1A:6282.5, GNB3:6282.5, ITPR2:6282.5, PRKAR1B:6282.5, ADCY5:6282.5, ADCY6:6282.5, KCNB1:6282.5, KCNC2:6282.5, KCNS3:6282.5, KCNG2:6282.5, GCG:6282.5, GLP1R:6282.5, PRKACA:10858, ITPR3:11892, PRKACB:12035, PRKAR2A:13940","Unclear",0
"REACTOME_OLFACTORY_SIGNALING_PATHWAY",-0.0785374226770735,0.00558495817748822,0.107152939393339,105,"OR10S1:181, OR6Y1:407, OR10D3:422, OR6B1:508, OR6K2:527, OR51I1:559, OR13D1:608, OR2B11:864, OR5AU1:943, OR6B2:985, OR10K2:1160, OR10J5:1173, OR2S2:1180, OR6K6:1477, ADCY3:1563, GNAL:6282.5, LHX2:6282.5, CNGA4:6282.5, CNGA2:6282.5, ANO2:6282.5, REEP1:6282.5, OR1I1:6282.5, OR13C9:6282.5, OR1Q1:6282.5, OR2D2:6282.5, OR51B5:6282.5, OR10G3:6282.5, OR10A4:6282.5, OR2K2:6282.5, OR1L3:6282.5, OR1N2:6282.5, OR10AD1:6282.5, OR5J2:6282.5, OR2T1:6282.5, OR10P1:6282.5, OR52W1:6282.5, OR4D11:6282.5, OR51B6:6282.5, OR4C3:6282.5, OR4X1:6282.5, OR4F17:6282.5, OR51V1:6282.5, OR52E2:6282.5, OR51L1:6282.5, OR51F2:6282.5, OR2D3:6282.5, OR10A7:6282.5, OR2A4:6282.5, OR52N2:6282.5, OR6T1:6282.5, OR8D4:6282.5, OR6S1:6282.5, OR52K2:6282.5, OR51B4:6282.5, OR52E8:6282.5, OR4F6:6282.5, OR6C76:6282.5, OR4F5:6282.5, OR10T2:6282.5, OR13F1:6282.5, OR52B6:6282.5, OR5K4:6282.5, OR6M1:6282.5, OR10J3:6282.5, OR52K1:6282.5, OR51D1:6282.5, OR13G1:6282.5, OR52M1:6282.5, OR1S2:6282.5, OR5B21:6282.5, OR10G6:6282.5, OR10Z1:6282.5, OR13C3:6282.5, OR2W1:6282.5, OR2A5:6282.5, OR6X1:6282.5, OR2A25:6282.5, OR4E2:6282.5, OR6V1:6282.5, OR2W3:6282.5, OR1J4:6282.5, OR52B2:6282.5, OR10G2:6282.5, OR13A1:6282.5, OR11H2:6282.5, OR6Q1:6282.5, OR1B1:11005, OR2C1:11108, OR1K1:11109, OR10V1:11293, OR1J1:11407, OR4K5:11562, OR13C4:11616, OR4E1:11627, OR4D1:11656, OR11H4:11796, OR5K1:11890, OR5A2:12131, OR13J1:12292, OR2Z1:12712, OR13H1:12907, OR13C8:13185, OR7G3:13345, OR5AR1:13369, OR6N2:14393","Both",3
"REACTOME_SYNTHESIS_SECRETION_AND_INACTIVATION_OF_GLUCAGON_LIKE_PEPTIDE_1_GLP_1",-0.0389757041858377,0.589508247052204,0.845635762776753,16,"GNAT3:831, GNB3:6282.5, PAX6:6282.5, CDX2:6282.5, LEP:6282.5, GCG:6282.5, SPCS1:6282.5, SPCS2:6282.5, SEC11A:6282.5, TCF7L2:6282.5, GRP:6282.5, GPR119:6282.5, DPP4:6282.5, PCSK1:11636, FFAR4:11953, FFAR1:14592","Unclear",0
"REACTOME_ABC_FAMILY_PROTEINS_MEDIATED_TRANSPORT",-0.00274426321141236,0.934235776843098,0.986561880583814,76,"RPS27A:59, UBA52:103, ABCA8:563, ABCA4:792, ABCA2:903, ABCC3:1010, ABCB8:1103, PSMB9:1148, OS9:1405, PSMB11:1646, RNF5:1670, PSMD5:6282.5, PSMB5:6282.5, PSMD3:6282.5, PSMD9:6282.5, PSMF1:6282.5, PSMB2:6282.5, PSMA1:6282.5, PSME3:6282.5, PSMB6:6282.5, PSMA8:6282.5, PSMD4:6282.5, PSMB4:6282.5, PSMD6:6282.5, UBB:6282.5, PSMD13:6282.5, PSMD12:6282.5, PSMB8:6282.5, PSMB10:6282.5, KCNJ11:6282.5, ERLIN2:6282.5, ABCD1:6282.5, ABCA12:6282.5, ABCA5:6282.5, ABCG1:6282.5, PEX19:6282.5, ABCA3:6282.5, ABCG4:6282.5, SEL1L:6282.5, ABCC5:6282.5, CFTR:6282.5, ABCB7:6282.5, EIF2S2:6282.5, ABCB5:6282.5, ABCB4:6282.5, ERLIN1:6282.5, ABCB6:6282.5, ABCC10:6282.5, DERL1:6282.5, ABCB9:6282.5, ABCF1:6282.5, PEX3:10849, ABCC6:10945, ABCB10:11128, PSMD10:11350, PSMD1:11428, ABCA9:11446, PSMB1:11506, PSMB7:11603, PSME4:11744, SEM1:11957, PSMD8:12029, ABCD2:12273, ABCG5:12511, APOA1:13281, ABCA6:13383, ABCC9:13525, PSMD2:14237, ABCG8:14288, PSME2:14297, PSME1:14419, ERLEC1:14551, ABCC11:14697, ABCD3:14757, ABCC1:14801, ABCB1:15042","Herbivore",1
"REACTOME_BETA_CATENIN_INDEPENDENT_WNT_SIGNALING",-0.033955857385399,0.261716825966041,0.629916495803623,92,"RPS27A:59, UBA52:103, SCRIB:111, RHOA:150, ROR2:372, DVL1:806, PSMB9:1148, AXIN2:1168, ITPR1:1309, TNRC6C:1376, DVL2:1509, PSMB11:1646, PSMD5:6282.5, PSMB5:6282.5, PSMD3:6282.5, PSMD9:6282.5, PSMF1:6282.5, PSMB2:6282.5, PSMA1:6282.5, PSME3:6282.5, PSMB6:6282.5, PSMA8:6282.5, PSMD4:6282.5, PSMB4:6282.5, PSMD6:6282.5, UBB:6282.5, PSMD13:6282.5, PSMD12:6282.5, PSMB8:6282.5, PSMB10:6282.5, PPP3R1:6282.5, GNB5:6282.5, GNB3:6282.5, ITPR2:6282.5, PRKCG:6282.5, PRKG2:6282.5, ARRB2:6282.5, PRKCA:6282.5, CAMK2A:6282.5, PLCB3:6282.5, AP2M1:6282.5, AP2A2:6282.5, NFATC1:6282.5, TCF7:6282.5, CLTA:6282.5, WNT1:6282.5, MYC:6282.5, CLTB:6282.5, SMURF2:6282.5, PARD6A:6282.5, TNRC6A:6282.5, MOV10:6282.5, TCF7L2:6282.5, WNT11:6282.5, FZD3:6282.5, WNT5B:6282.5, PDE6A:6282.5, GNAT2:6282.5, PRICKLE1:6282.5, FZD7:6282.5, FZD1:6282.5, FZD5:6282.5, RYK:6282.5, FZD6:6282.5, FZD4:6282.5, FZD8:6282.5, ROR1:6282.5, PDE6B:10827, PSMD10:11350, PSMD1:11428, PSMB1:11506, PSMB7:11603, TNRC6B:11613, MAP3K7:11639, DAAM1:11710, PSME4:11744, ITPR3:11892, DVL3:11924, SEM1:11957, PSMD8:12029, AP2A1:12312, PLCB2:12405, TCF7L1:12419, LEF1:12491, AGO1:12768, WNT5A:12876, PLCB1:12992, SMURF1:13611, PRKCB:13667, PSMD2:14237, PSME2:14297, PSME1:14419","Herbivore",1
"REACTOME_VASOPRESSIN_LIKE_RECEPTORS",-0.0953555281545417,0.418629488592101,0.754034932998559,6,"AVPR1B:1217, AVPR2:6282.5, OXT:6282.5, AVPR1A:6282.5, OXTR:6282.5, AVP:11466","Unclear",0
"REACTOME_COSTIMULATION_BY_THE_CD28_FAMILY",-0.0279170891066802,0.495320964269559,0.791549227628984,50,"CDC42:60, PDCD1LG2:1065, CD3E:1451, MAPKAP1:1655, PTPN11:6282.5, AKT2:6282.5, AKT1:6282.5, PAK2:6282.5, PPP2R5A:6282.5, PPP2R5B:6282.5, PPP2R5C:6282.5, CSK:6282.5, PIK3R2:6282.5, PTPN6:6282.5, PPP2R5D:6282.5, PIK3CA:6282.5, PPP2R1B:6282.5, PDPK1:6282.5, PIK3R1:6282.5, LCK:6282.5, SRC:6282.5, TRIB3:6282.5, PAK3:6282.5, PAK1:6282.5, MAP3K14:6282.5, CD4:6282.5, GRAP2:6282.5, MAP3K8:6282.5, HLA-DPA1:6282.5, HLA-DRA:6282.5, CD274:6282.5, ICOSLG:6282.5, CD3G:6282.5, RICTOR:6282.5, CD3D:6282.5, BTLA:6282.5, PRR5:6282.5, PDCD1:6282.5, MTOR:6282.5, CD247:6282.5, VAV1:11176, THEM4:11934, PIK3R3:12489, LYN:13217, CTLA4:13766, CD80:14178, YES1:14402, CD28:14438, ICOS:14482, CD86:14846","Vertivore",2
"REACTOME_RECEPTOR_TYPE_TYROSINE_PROTEIN_PHOSPHATASES",-0.1316143974665,0.0471326108767689,0.325594242953312,19,"SLITRK4:88, PTPRF:636, PPFIBP2:709, SLITRK2:1082, SLITRK1:1214, PPFIA2:6282.5, PPFIA4:6282.5, PTPRS:6282.5, PPFIBP1:6282.5, SLITRK3:6282.5, LRRC4B:6282.5, NTRK3:6282.5, PTPRD:6282.5, SLITRK5:6282.5, IL1RAPL1:6282.5, SLITRK6:6282.5, IL1RAPL2:6282.5, IL1RAP:14387, PPFIA3:14931","Both",3
"REACTOME_OREXIN_AND_NEUROPEPTIDES_FF_AND_QRFP_BIND_TO_THEIR_RESPECTIVE_RECEPTORS",-0.147757847533632,0.175858863785304,0.541479737252854,7,"NPFFR1:537, NPFFR2:1515, HCRTR1:6282.5, NPFF:6282.5, HCRT:6282.5, QRFPR:6282.5, HCRTR2:11264","Unclear",0
"REACTOME_ALPHA_OXIDATION_OF_PHYTANATE",-0.0786533647199492,0.50468638873381,0.792638988577577,6,"PECR:956, ALDH3A2:6282.5, SLC27A2:6282.5, PHYH:6282.5, HACL1:6282.5, SLC25A17:13130","Unclear",0
"REACTOME_BETA_OXIDATION_OF_PRISTANOYL_COA",-0.0604644788318258,0.529995233454418,0.811189648487535,9,"HSD17B4:1037, ACOT8:6282.5, SCP2:6282.5, ACOX2:6282.5, AMACR:6282.5, ACOX3:6282.5, CRAT:6282.5, CROT:11000, ACOXL:11822","Unclear",0
"REACTOME_PD_1_SIGNALING",-0.143618470612749,0.0628934902194012,0.365998883444552,14,"PDCD1LG2:1065, CD3E:1451, PTPN11:6282.5, CSK:6282.5, PTPN6:6282.5, LCK:6282.5, CD4:6282.5, HLA-DPA1:6282.5, HLA-DRA:6282.5, CD274:6282.5, CD3G:6282.5, CD3D:6282.5, PDCD1:6282.5, CD247:6282.5","Unclear",0
"REACTOME_COOPERATION_OF_PREFOLDIN_AND_TRIC_CCT_IN_ACTIN_AND_TUBULIN_FOLDING",-0.0552529110037815,0.349088253194503,0.703949987072684,24,"TUBB4A:543, PFDN2:593, TUBA4A:786, ACTB:6282.5, TUBB1:6282.5, TUBA1B:6282.5, TUBB2A:6282.5, TUBB2B:6282.5, TUBAL3:6282.5, TUBA8:6282.5, TUBB4B:6282.5, TCP1:6282.5, CCT8:6282.5, CCT4:6282.5, CCT3:6282.5, PFDN4:6282.5, PFDN5:6282.5, CCT6B:6282.5, VBP1:6282.5, CCT7:12163, CCT5:12181, TUBA1A:12546, CCT2:12782, CCT6A:13410","Unclear",0
"REACTOME_FORMATION_OF_TUBULIN_FOLDING_INTERMEDIATES_BY_CCT_TRIC",-0.0249214189492591,0.707003545664444,0.899052538991965,19,"TUBB4A:543, TUBA4A:786, TUBB1:6282.5, TUBA1B:6282.5, TUBB2A:6282.5, TUBB2B:6282.5, TUBAL3:6282.5, TUBA8:6282.5, TUBB4B:6282.5, TCP1:6282.5, CCT8:6282.5, CCT4:6282.5, CCT3:6282.5, CCT6B:6282.5, CCT7:12163, CCT5:12181, TUBA1A:12546, CCT2:12782, CCT6A:13410","Unclear",0
"REACTOME_POST_CHAPERONIN_TUBULIN_FOLDING_PATHWAY",-0.0901694534844574,0.211945192109927,0.586051598221008,16,"TUBB4A:543, TUBA4A:786, TUBB1:6282.5, TUBA1B:6282.5, TUBB2A:6282.5, TUBB2B:6282.5, TUBAL3:6282.5, TUBA8:6282.5, TUBB4B:6282.5, ARL2:6282.5, TBCB:6282.5, TBCD:6282.5, TBCA:6282.5, TBCE:6282.5, TUBA1A:12546, TBCC:12655","Unclear",0
"REACTOME_BETA_OXIDATION_OF_VERY_LONG_CHAIN_FATTY_ACIDS",-0.0418247073697949,0.631080737172668,0.860694832921574,11,"ACOT6:577, HSD17B4:1037, ABCD1:6282.5, ACOT8:6282.5, ACOX1:6282.5, MLYCD:6282.5, ACOT4:6282.5, DECR2:6282.5, ACAA1:11783, ECI2:12373, EHHADH:14502","Unclear",0
"REACTOME_STRIATED_MUSCLE_CONTRACTION",-0.0396336156880947,0.445430996193736,0.772278509992157,31,"ACTC1:37, DMD:232, MYH8:586, NEB:906, VIM:6282.5, ACTN2:6282.5, ACTN3:6282.5, MYBPC2:6282.5, TNNT1:6282.5, MYH3:6282.5, TNNT2:6282.5, TMOD2:6282.5, TNNI3:6282.5, TNNT3:6282.5, TNNI2:6282.5, MYBPC3:6282.5, TMOD1:6282.5, TPM1:6282.5, TNNI1:6282.5, MYL3:6282.5, TMOD4:6282.5, TCAP:6282.5, DES:6282.5, MYBPC1:6282.5, MYL1:10885, MYH6:11080, MYL2:12610, TMOD3:14215, TPM4:14631, ACTA1:14790, MYL4:14986","Both",3
"REACTOME_MUSCARINIC_ACETYLCHOLINE_RECEPTORS",-0.221676754091011,0.0860662387965545,0.40119395285502,5,"CHRM2:1264, CHRM1:1674, CHRM3:6282.5, CHRM4:6282.5, CHRM5:6282.5","Unclear",0
"REACTOME_SEROTONIN_RECEPTORS",-0.153767059263414,0.0652034253149891,0.371943292552088,12,"HTR1D:274, HTR6:1746, HTR2A:6282.5, HTR1B:6282.5, HTR2B:6282.5, HTR2C:6282.5, HTR7:6282.5, HTR5A:6282.5, HTR4:6282.5, HTR1E:6282.5, HTR1A:6282.5, HTR1F:6282.5","Unclear",0
"REACTOME_DISEASES_ASSOCIATED_WITH_O_GLYCOSYLATION_OF_PROTEINS",-0.0997622755963604,0.0106221747977434,0.153214249282651,55,"ADAMTSL3:36, ADAMTS7:57, ADAMTS12:304, THSD4:436, ADAMTS18:609, THSD1:846, LFNG:1229, ADAMTSL1:1258, ADAMTS4:1292, ADAMTS1:1453, THBS2:1590, ADAMTSL5:1749, THBS1:6282.5, SEMA5A:6282.5, NOTCH1:6282.5, DAG1:6282.5, ADAMTS16:6282.5, ADAMTS5:6282.5, ADAMTS9:6282.5, ADAMTS2:6282.5, ADAMTS14:6282.5, ADAMTS3:6282.5, NOTCH2:6282.5, NOTCH4:6282.5, B4GAT1:6282.5, CFP:6282.5, GALNT3:6282.5, THSD7A:6282.5, POMT2:6282.5, ADAMTS6:6282.5, SEMA5B:6282.5, POMGNT1:6282.5, POMT1:6282.5, LARGE1:6282.5, ADAMTS17:6282.5, ADAMTS10:6282.5, ADAMTSL4:6282.5, THSD7B:6282.5, ADAMTS19:6282.5, SPON2:6282.5, ADAMTS13:6282.5, SBSPON:6282.5, ADAMTS15:6282.5, C1GALT1C1:6282.5, ADAMTSL2:6282.5, SPON1:6282.5, NOTCH3:11295, ADAMTS20:11927, ADAMTS8:11963, MUC4:12747, MUC20:12957, MUC15:13272, GALNT12:13988, C1GALT1:14356, B3GLCT:14872","Both",3
"REACTOME_SIGNAL_REGULATORY_PROTEIN_FAMILY_INTERACTIONS",-0.0435988417145887,0.616669692391025,0.854941156448105,11,"SFTPA2:1707, PTPN11:6282.5, PTK2:6282.5, PTPN6:6282.5, SRC:6282.5, PTK2B:6282.5, FYB1:6282.5, SKAP2:6282.5, SFTPA1:6282.5, CD47:11140, TYROBP:14731","Both",3
"REACTOME_PROTEIN_FOLDING",-0.0493589924404829,0.17291779919969,0.539979334175454,64,"WRAP53:324, TUBB4A:543, PFDN2:593, FBXW10:678, TUBA4A:786, KIFC3:974, FBXW5:1107, KIF13A:1404, TP53:6282.5, GNA15:6282.5, GNB5:6282.5, ACTB:6282.5, TUBB1:6282.5, GNB3:6282.5, TUBA1B:6282.5, TUBB2A:6282.5, TUBB2B:6282.5, GNA14:6282.5, TUBAL3:6282.5, TUBA8:6282.5, TUBB4B:6282.5, CSNK2B:6282.5, TCP1:6282.5, FBXW4:6282.5, FBXO6:6282.5, FBXW9:6282.5, FBXO4:6282.5, CCNE1:6282.5, CCNE2:6282.5, SPHK1:6282.5, CCT8:6282.5, CCT4:6282.5, CCT3:6282.5, RGS9:6282.5, RGS11:6282.5, RGS6:6282.5, RGS7:6282.5, ARL2:6282.5, PFDN4:6282.5, PFDN5:6282.5, CCT6B:6282.5, VBP1:6282.5, TBCB:6282.5, TBCD:6282.5, TBCA:6282.5, TBCE:6282.5, NOP56:6282.5, USP11:6282.5, FKBP9:6282.5, PDCL:6282.5, XRN2:11268, LONP2:11417, FBXL3:12078, CCT7:12163, CCT5:12181, DCAF7:12415, FBXL5:12469, TUBA1A:12546, TBCC:12655, CCT2:12782, CCT6A:13410, FBXW2:13543, ARFGEF2:13946, FBXW7:14228","Unclear",0
"REACTOME_EICOSANOID_LIGAND_BINDING_RECEPTORS",-0.0566588129698193,0.463091993357637,0.774540690189072,14,"TBXA2R:6282.5, PTGIR:6282.5, PTGER3:6282.5, PTGER2:6282.5, GPR17:6282.5, CYSLTR2:6282.5, PTGER1:6282.5, PTGDR:6282.5, PTGER4:6282.5, CYSLTR1:6282.5, PTGDR2:6282.5, LTB4R:6282.5, LTB4R2:6282.5, PTGFR:14688","Unclear",0
"REACTOME_LEUKOTRIENE_RECEPTORS",-0.0970634386908765,0.452293157521604,0.772278509992157,5,"GPR17:6282.5, CYSLTR2:6282.5, CYSLTR1:6282.5, LTB4R:6282.5, LTB4R2:6282.5","Unclear",0
"REACTOME_PROSTANOID_LIGAND_RECEPTORS",-0.0341381974035035,0.722907399349675,0.901960889070325,9,"TBXA2R:6282.5, PTGIR:6282.5, PTGER3:6282.5, PTGER2:6282.5, PTGER1:6282.5, PTGDR:6282.5, PTGER4:6282.5, PTGDR2:6282.5, PTGFR:14688","Unclear",0
"REACTOME_NITRIC_OXIDE_STIMULATES_GUANYLATE_CYCLASE",-0.0704221398899742,0.275849160439539,0.642820613076462,20,"PDE1B:830, ITPR1:1309, GUCY1A2:1614, IRAG1:6282.5, NOS1:6282.5, PDE10A:6282.5, PDE1A:6282.5, PDE11A:6282.5, PRKG2:6282.5, KCNMB1:6282.5, KCNMA1:6282.5, PDE9A:6282.5, NOS3:6282.5, KCNMB3:6282.5, PDE2A:6282.5, KCNMB2:6282.5, GUCY1B1:10892, NOS2:12071, PDE5A:12497, GUCY1A1:12670","Unclear",0
"REACTOME_ADP_SIGNALLING_THROUGH_P2Y_PURINOCEPTOR_12",-0.0511879412753558,0.722933378004901,0.901960889070325,4,"GNAT3:831, GNB5:6282.5, GNB3:6282.5, P2RY12:14253","Unclear",0
"REACTOME_G_BETA_GAMMA_SIGNALLING_THROUGH_PI3KGAMMA",-0.218210361067504,0.0234245645863219,0.25290113741999,9,"RHOA:150, PIK3R5:237, PIK3R6:1518, AKT2:6282.5, AKT1:6282.5, GNB5:6282.5, PIK3CG:6282.5, GNB3:6282.5, PDPK1:6282.5","Herbivore",1
"REACTOME_SIGNAL_AMPLIFICATION",-0.0702280800149561,0.399719004857279,0.744517939832307,12,"GNAT3:831, GNA13:1420, TBXA2R:6282.5, GNA15:6282.5, GNB5:6282.5, GNB3:6282.5, AAMP:6282.5, GNA14:6282.5, P2RY1:6282.5, SRC:6282.5, PLA2G4A:13125, P2RY12:14253","Unclear",0
"REACTOME_PROSTACYCLIN_SIGNALLING_THROUGH_PROSTACYCLIN_RECEPTOR",-0.0970416853428956,0.560486080073582,0.832230033888205,3,"GNB5:6282.5, GNB3:6282.5, PTGIR:6282.5","Unclear",0
"REACTOME_EPHB_MEDIATED_FORWARD_SIGNALING",-0.0704220073457762,0.16190017185721,0.532505210137871,33,"CDC42:60, RHOA:150, TIAM1:396, ACTG1:418, ITSN1:829, GRIN2B:988, EPHB6:1167, ROCK1:6282.5, PTK2:6282.5, ACTB:6282.5, SDC2:6282.5, CFL1:6282.5, SRC:6282.5, GRIN1:6282.5, EFNB1:6282.5, EFNB3:6282.5, EFNB2:6282.5, ARPC1B:6282.5, ROCK2:6282.5, PAK1:6282.5, EPHB1:6282.5, KALRN:6282.5, LIMK2:6282.5, EPHB3:6282.5, ARHGEF28:6282.5, ARPC4:6282.5, LIMK1:12567, EPHB2:13123, LYN:13217, EPHB4:13852, RASA1:14114, YES1:14402, WASL:14429","Herbivore",1
"REACTOME_EPHA_MEDIATED_GROWTH_CONE_COLLAPSE",-0.0527836441249158,0.361291273792812,0.715907225781514,25,"RHOA:150, EPHA4:248, MYH10:800, EPHA10:844, NGEF:1140, ROCK1:6282.5, SRC:6282.5, EPHA8:6282.5, EPHA6:6282.5, MYH9:6282.5, MYH14:6282.5, ROCK2:6282.5, EPHA7:6282.5, EPHA2:6282.5, EFNA3:6282.5, EPHA5:6282.5, EPHA1:6282.5, EFNA1:6282.5, EFNA4:6282.5, EFNA2:12425, MYL6:12928, LYN:13217, MYH11:13948, YES1:14402, EPHA3:14614","Herbivore",1
"REACTOME_EPHRIN_SIGNALING",-0.0281253506901583,0.697020892440756,0.891929502534197,16,"EPHB6:1167, PAK2:6282.5, SRC:6282.5, ARHGEF7:6282.5, NCK2:6282.5, PAK3:6282.5, EFNB1:6282.5, EFNB3:6282.5, EFNB2:6282.5, SDCBP:6282.5, PAK1:6282.5, EPHB1:6282.5, EPHB3:6282.5, EPHB2:13123, GIT1:13400, EPHB4:13852","Unclear",0
"REACTOME_EPH_EPHRIN_MEDIATED_REPULSION_OF_CELLS",-0.00679298032522541,0.877667969362749,0.960894915092087,43,"EPHA4:248, TIAM1:396, ACTG1:418, EPHA10:844, EPHB6:1167, MMP9:1252, ACTB:6282.5, VAV2:6282.5, SRC:6282.5, AP2M1:6282.5, AP2A2:6282.5, NCSTN:6282.5, EPHA8:6282.5, EPHA6:6282.5, MMP2:6282.5, EFNB1:6282.5, DNM1:6282.5, EFNB3:6282.5, CLTA:6282.5, EFNB2:6282.5, EPHA7:6282.5, EPHA2:6282.5, EFNA3:6282.5, EPHA5:6282.5, EPHA1:6282.5, EPHB1:6282.5, EFNA1:6282.5, CLTB:6282.5, EPHB3:6282.5, EFNA4:6282.5, ADAM10:11589, PSEN2:11958, PSEN1:12167, AP2A1:12312, EFNA2:12425, EPHB2:13123, LYN:13217, VAV3:13539, EPHB4:13852, APH1B:14076, YES1:14402, EPHA3:14614, CLTCL1:14961","Both",3
"REACTOME_MUSCLE_CONTRACTION",-0.0342305035268697,0.119365484480966,0.470932097416153,176,"CAMK2B:23, ACTC1:37, ACTG2:97, ACTA2:121, CACNA1G:217, DMD:232, CACNB2:278, SLC8A3:452, SCN5A:523, MYH8:586, KCNH2:590, ATP1A4:891, NEB:906, SLC8A2:916, NPR1:933, HIPK1:961, KCND3:963, ITGB5:1095, CACNA1I:1110, KCNK7:1163, RANGRF:1284, ITPR1:1309, KCNE1:1353, RYR3:1503, GUCY1A2:1614, DYSF:1747, VIM:6282.5, PAK2:6282.5, VCL:6282.5, ATP2B3:6282.5, ATP2A3:6282.5, ACTN2:6282.5, NOS1:6282.5, ITPR2:6282.5, ATP1B2:6282.5, GATA4:6282.5, TLN1:6282.5, ATP2B2:6282.5, STIM1:6282.5, ATP2A2:6282.5, ANXA2:6282.5, SLC8A1:6282.5, ITGA1:6282.5, CAMK2A:6282.5, CAMK2G:6282.5, CACNA2D2:6282.5, CACNB1:6282.5, CACNG4:6282.5, ALDH2:6282.5, KCNJ2:6282.5, CACNG8:6282.5, KCNJ4:6282.5, KCNJ12:6282.5, KCNQ1:6282.5, KCNK2:6282.5, KCNK6:6282.5, KCND1:6282.5, KCNK1:6282.5, KCNK13:6282.5, KCNJ14:6282.5, KCND2:6282.5, KCNK18:6282.5, KCNJ11:6282.5, WWTR1:6282.5, SCN1B:6282.5, SCN7A:6282.5, SCN1A:6282.5, PAK1:6282.5, SCN2B:6282.5, SCN3A:6282.5, SCN3B:6282.5, SCN4B:6282.5, CACNA1H:6282.5, SCN8A:6282.5, ANXA1:6282.5, PXN:6282.5, ACTN3:6282.5, MME:6282.5, MYLK:6282.5, HIPK2:6282.5, TBX5:6282.5, NPPA:6282.5, NKX2-5:6282.5, CASQ2:6282.5, CASQ1:6282.5, CLIC2:6282.5, TRDN:6282.5, ASPH:6282.5, RYR2:6282.5, ATP1A3:6282.5, FXYD6:6282.5, ATP1A1:6282.5, FXYD1:6282.5, MYBPC2:6282.5, TNNT1:6282.5, MYH3:6282.5, TNNT2:6282.5, TMOD2:6282.5, TNNI3:6282.5, TNNT3:6282.5, TNNI2:6282.5, MYBPC3:6282.5, TMOD1:6282.5, TPM1:6282.5, TNNI1:6282.5, MYL3:6282.5, TMOD4:6282.5, TCAP:6282.5, DES:6282.5, MYBPC1:6282.5, SORBS1:6282.5, DMPK:6282.5, MYL10:6282.5, MYL7:6282.5, KCNIP2:6282.5, SORBS3:6282.5, CALD1:6282.5, CORIN:6282.5, KCNE4:6282.5, KCNE2:6282.5, NPR2:6282.5, FGF11:6282.5, NPPC:6282.5, LMOD1:6282.5, KCNE3:6282.5, KCNE5:6282.5, TRIM72:6282.5, CAV3:6282.5, KCNK12:6282.5, MYL6B:6282.5, ANXA6:6282.5, PRKACA:10858, MYL1:10885, GUCY1B1:10892, RYR1:10916, MYH6:11080, ATP1A2:11178, KCNK10:11413, AKAP9:11645, SCN2A:11745, ITPR3:11892, TRPC1:12157, KCNIP1:12219, ATP1B3:12329, PDE5A:12497, MYL2:12610, GUCY1A1:12670, CAMK2D:12869, KCNK4:12925, MYL6:12928, CACNA1C:12952, KCNK3:12974, ATP1B1:13005, KCNIP3:13051, ATP2B1:13115, ATP2A1:13148, SCN9A:13170, SCN10A:13285, ORAI2:13432, CACNG6:13450, ABCC9:13525, KCNK5:13716, KAT2B:13850, MYH11:13948, ORAI1:14037, TMOD3:14215, SRI:14550, TPM4:14631, KCNK9:14649, ACTA1:14790, KCNK15:14795, KCNK16:14823, ATP2B4:14942, MYL4:14986, KCNK17:15005, SCN11A:15028","Herbivore",1
"REACTOME_G_PROTEIN_BETA_GAMMA_SIGNALLING",-0.156050106609808,0.0307545524401176,0.27587631678156,16,"CDC42:60, RHOA:150, PIK3R5:237, PIK3R6:1518, ARHGEF6:1661, AKT2:6282.5, AKT1:6282.5, GNB5:6282.5, PIK3CG:6282.5, GNB3:6282.5, PDPK1:6282.5, PLCB3:6282.5, BTK:6282.5, PAK1:6282.5, PLCB2:12405, PLCB1:12992","Herbivore",1
"REACTOME_TRAFFICKING_OF_AMPA_RECEPTORS",-0.00111482720178374,0.984313023594462,0.998527813301794,26,"CAMK2B:23, GRIA4:854, GRIP1:1270, PICK1:6282.5, PRKCG:6282.5, PRKCA:6282.5, TSPAN7:6282.5, CAMK2A:6282.5, CAMK2G:6282.5, CACNG4:6282.5, EPB41L1:6282.5, DLG4:6282.5, MDM2:6282.5, CACNG8:6282.5, GRIA1:6282.5, AP2M1:6282.5, AP2A2:6282.5, MYO6:6282.5, GRIA3:10985, AP2A1:12312, NSF:12441, CAMK2D:12869, PRKCB:13667, GRIA2:13701, GRIP2:13744, DLG1:14328","Herbivore",1
"REACTOME_SEMA3A_PAK_DEPENDENT_AXON_REPULSION",-0.0717891194615816,0.389325061078693,0.739211822000026,12,"FES:1192, PLXNA2:1615, PAK2:6282.5, CFL1:6282.5, HSP90AA1:6282.5, SEMA3A:6282.5, PAK3:6282.5, HSP90AB1:6282.5, PAK1:6282.5, PLXNA4:6282.5, LIMK1:12567, NRP1:14054","Unclear",0
"REACTOME_SEMA3A_PLEXIN_REPULSION_SIGNALING_BY_INHIBITING_INTEGRIN_ADHESION",-0.0613995738477066,0.50146646542737,0.791549227628984,10,"FES:1192, PLXNA2:1615, TLN1:6282.5, FARP2:6282.5, SEMA3A:6282.5, RND1:6282.5, PIP5K1C:6282.5, PLXNA4:6282.5, RRAS:13326, NRP1:14054","Unclear",0
"REACTOME_CRMPS_IN_SEMA3A_SIGNALING",-0.107192381418492,0.218428065441756,0.590941279378429,11,"FES:1192, PLXNA2:1615, CRMP1:6282.5, SEMA3A:6282.5, GSK3B:6282.5, DPYSL2:6282.5, DPYSL3:6282.5, DPYSL4:6282.5, DPYSL5:6282.5, PLXNA4:6282.5, NRP1:14054","Unclear",0
"REACTOME_ADRENALINE_NORADRENALINE_INHIBITS_INSULIN_SECRETION",-0.0875953342305967,0.314551625591523,0.679296418230108,11,"CACNB2:278, ADRA2C:1617, GNB5:6282.5, GNB3:6282.5, ADRA2A:6282.5, ADCY5:6282.5, ADCY6:6282.5, CACNA2D2:6282.5, CACNA1D:6282.5, CACNB3:11669, CACNA1C:12952","Unclear",0
"REACTOME_CIRCADIAN_CLOCK",-0.0381000415356316,0.320610817790387,0.685719222391539,57,"RPS27A:59, SKP1:68, CRTC2:101, UBA52:103, HELZ2:301, CRTC3:488, PER1:760, MEF2D:1464, PER2:1642, UBB:6282.5, F7:6282.5, SERPINE1:6282.5, PPP1CA:6282.5, CREBBP:6282.5, NCOR1:6282.5, SREBF1:6282.5, NCOA1:6282.5, TBL1X:6282.5, PPARGC1A:6282.5, MED1:6282.5, TGS1:6282.5, NCOA2:6282.5, CHD9:6282.5, RXRA:6282.5, NCOA6:6282.5, ATF2:6282.5, NAMPT:6282.5, BHLHE41:6282.5, CLOCK:6282.5, KLF15:6282.5, NPAS2:6282.5, NR1D1:6282.5, CSNK1D:6282.5, ELOVL3:6282.5, NR3C1:6282.5, NRIP1:6282.5, CRY1:6282.5, CREM:6282.5, RAI1:6282.5, CRY2:6282.5, SIK1:6282.5, NFIL3:6282.5, EP300:11369, AVP:11466, BTRC:11532, NOCT:11721, FBXL3:12078, DBP:12088, SIRT1:12367, BHLHE40:12438, HIF1A:13088, RORA:13844, PPP1CB:13966, CARM1:14601, CPT1A:14718, PPARA:14728, CRTC1:14887","Herbivore",1
"REACTOME_INCRETIN_SYNTHESIS_SECRETION_AND_INACTIVATION",-0.045453411656128,0.504571081143355,0.792638988577577,18,"GNAT3:831, GNB3:6282.5, GATA4:6282.5, PAX6:6282.5, CDX2:6282.5, LEP:6282.5, GCG:6282.5, SPCS1:6282.5, SPCS2:6282.5, SEC11A:6282.5, TCF7L2:6282.5, GRP:6282.5, GPR119:6282.5, GIP:6282.5, DPP4:6282.5, PCSK1:11636, FFAR4:11953, FFAR1:14592","Unclear",0
"REACTOME_SYNTHESIS_SECRETION_AND_INACTIVATION_OF_GLUCOSE_DEPENDENT_INSULINOTROPIC_POLYPEPTIDE_GIP",-0.00614556465178873,0.946358955785981,0.98895795744384,10,"GATA4:6282.5, PAX6:6282.5, SPCS1:6282.5, SPCS2:6282.5, SEC11A:6282.5, GPR119:6282.5, GIP:6282.5, DPP4:6282.5, PCSK1:11636, FFAR1:14592","Unclear",0
"REACTOME_SEMA4D_IN_SEMAPHORIN_SIGNALING",-0.063337508567107,0.339424189091619,0.698411037474187,19,"SEMA4D:115, ARHGEF11:130, RHOA:150, ARHGEF12:502, MYH10:800, ROCK1:6282.5, ERBB2:6282.5, MYH9:6282.5, MYH14:6282.5, ROCK2:6282.5, RHOC:6282.5, RND1:6282.5, LIMK2:6282.5, PLXNB1:11353, MET:12112, LIMK1:12567, MYL6:12928, RRAS:13326, MYH11:13948","Herbivore",1
"REACTOME_SUMOYLATION_OF_SUMOYLATION_PROTEINS",-0.0062080851223259,0.906396127215844,0.973851533144821,30,"UBE2I:15, NUP88:192, NUP153:528, NUP50:643, RAE1:1313, NUP214:1425, TPR:6282.5, NDC1:6282.5, AAAS:6282.5, NUP188:6282.5, NUP93:6282.5, NUP155:6282.5, NUP43:6282.5, NUP210:6282.5, NUP58:6282.5, SEC13:6282.5, NUP35:6282.5, NUP62:6282.5, PIAS4:10793, NUP205:10887, NUP160:11681, NUP37:11698, NUP85:11843, NUP107:12122, NUP42:12532, NUP54:12910, NUP98:13246, NUP133:13372, TOPORS:14075, SEH1L:14240","Both",3
"REACTOME_CA2_PATHWAY",-0.0114068566817259,0.818126628488741,0.939233875864161,34,"AXIN2:1168, ITPR1:1309, TNRC6C:1376, PPP3R1:6282.5, GNB5:6282.5, GNB3:6282.5, ITPR2:6282.5, PRKG2:6282.5, PRKCA:6282.5, CAMK2A:6282.5, PLCB3:6282.5, NFATC1:6282.5, TCF7:6282.5, MYC:6282.5, TNRC6A:6282.5, MOV10:6282.5, TCF7L2:6282.5, WNT11:6282.5, FZD3:6282.5, PDE6A:6282.5, GNAT2:6282.5, FZD5:6282.5, FZD6:6282.5, FZD4:6282.5, PDE6B:10827, TNRC6B:11613, MAP3K7:11639, ITPR3:11892, PLCB2:12405, TCF7L1:12419, LEF1:12491, AGO1:12768, WNT5A:12876, PLCB1:12992","Unclear",0
"REACTOME_PCP_CE_PATHWAY",-0.0457024807735708,0.203488903480336,0.573605267577797,65,"RPS27A:59, UBA52:103, SCRIB:111, RHOA:150, ROR2:372, DVL1:806, PSMB9:1148, DVL2:1509, PSMB11:1646, PSMD5:6282.5, PSMB5:6282.5, PSMD3:6282.5, PSMD9:6282.5, PSMF1:6282.5, PSMB2:6282.5, PSMA1:6282.5, PSME3:6282.5, PSMB6:6282.5, PSMA8:6282.5, PSMD4:6282.5, PSMB4:6282.5, PSMD6:6282.5, UBB:6282.5, PSMD13:6282.5, PSMD12:6282.5, PSMB8:6282.5, PSMB10:6282.5, PRKCG:6282.5, ARRB2:6282.5, PRKCA:6282.5, AP2M1:6282.5, AP2A2:6282.5, CLTA:6282.5, WNT1:6282.5, CLTB:6282.5, SMURF2:6282.5, PARD6A:6282.5, WNT11:6282.5, FZD3:6282.5, WNT5B:6282.5, PRICKLE1:6282.5, FZD7:6282.5, FZD1:6282.5, FZD5:6282.5, RYK:6282.5, FZD6:6282.5, FZD4:6282.5, FZD8:6282.5, ROR1:6282.5, PSMD10:11350, PSMD1:11428, PSMB1:11506, PSMB7:11603, DAAM1:11710, PSME4:11744, DVL3:11924, SEM1:11957, PSMD8:12029, AP2A1:12312, WNT5A:12876, SMURF1:13611, PRKCB:13667, PSMD2:14237, PSME2:14297, PSME1:14419","Herbivore",1
"REACTOME_G_ALPHA_Q_SIGNALLING_EVENTS",-0.0368961274246106,0.0853913142627468,0.400840070746213,185,"TACR2:64, BDKRB1:114, GPR143:270, GPR68:339, GPR132:352, NTSR1:373, DAGLA:503, NPFFR1:537, TRPC6:597, NPSR1:733, EDN2:1031, LPAR4:1174, DGKI:1185, AVPR1B:1217, ITPR1:1309, NPFFR2:1515, TRIO:1517, NTSR2:1602, CHRM1:1674, MAPK7:1720, UTS2R:1768, MAPK3:6282.5, TBXA2R:6282.5, PRKCH:6282.5, DGKG:6282.5, GNA15:6282.5, RASGRP2:6282.5, TRPC7:6282.5, GNB5:6282.5, ABHD12:6282.5, DGKH:6282.5, PIK3R2:6282.5, GNB3:6282.5, SOS1:6282.5, PIK3CA:6282.5, ITPR2:6282.5, F2RL3:6282.5, TRPC3:6282.5, APP:6282.5, DGKQ:6282.5, PIK3R1:6282.5, DGKZ:6282.5, PRKCA:6282.5, GNA14:6282.5, ABHD6:6282.5, DAGLB:6282.5, P2RY1:6282.5, PRKCE:6282.5, RASGRP1:6282.5, F2:6282.5, F2R:6282.5, PLCB3:6282.5, GRK2:6282.5, RPS6KA2:6282.5, GRM5:6282.5, EGFR:6282.5, BTK:6282.5, KALRN:6282.5, ANXA1:6282.5, MMP3:6282.5, PTAFR:6282.5, GCG:6282.5, GCGR:6282.5, CHRM3:6282.5, FPR2:6282.5, MCHR1:6282.5, TACR1:6282.5, AGT:6282.5, GRP:6282.5, GHRL:6282.5, TAC1:6282.5, EDN1:6282.5, RGS1:6282.5, PROKR2:6282.5, OXT:6282.5, BRS3:6282.5, HTR2A:6282.5, GNRHR:6282.5, NMU:6282.5, CCKBR:6282.5, KISS1R:6282.5, RGS2:6282.5, HCRTR1:6282.5, OPN4:6282.5, EDN3:6282.5, GRPR:6282.5, FFAR2:6282.5, NMUR2:6282.5, NMBR:6282.5, HTR2B:6282.5, EDNRB:6282.5, RGS3:6282.5, NPFF:6282.5, LPAR6:6282.5, PROK1:6282.5, RGS5:6282.5, RGS16:6282.5, GPR17:6282.5, HTR2C:6282.5, GNRH1:6282.5, EDNRA:6282.5, CYSLTR2:6282.5, PTGER1:6282.5, HCRT:6282.5, CCKAR:6282.5, PROK2:6282.5, AVPR1A:6282.5, TAC3:6282.5, BDKRB2:6282.5, PROKR1:6282.5, TACR3:6282.5, ADRA1B:6282.5, TRH:6282.5, NMUR1:6282.5, P2RY6:6282.5, RGS19:6282.5, CYSLTR1:6282.5, XCR1:6282.5, GPRC6A:6282.5, TRHR:6282.5, P2RY2:6282.5, GPR4:6282.5, OXTR:6282.5, PMCH:6282.5, GPR39:6282.5, GAST:6282.5, LPAR5:6282.5, CHRM5:6282.5, FFAR3:6282.5, QRFPR:6282.5, UTS2B:6282.5, NMB:6282.5, LPAR1:6282.5, GRK5:6282.5, NMS:6282.5, LTB4R:6282.5, LTB4R2:6282.5, NPS:6282.5, ARHGEF25:6282.5, P2RY11:6282.5, RGS21:6282.5, RGS13:10991, UTS2:11183, PLCB4:11252, HCRTR2:11264, MCHR2:11334, LPAR2:11379, NTS:11398, AVP:11466, LPAR3:11508, RGS17:11546, MLN:11592, GPR65:11662, F2RL1:11788, ITPR3:11892, FFAR4:11953, MGLL:11983, DGKB:12084, GRM1:12091, ADRA1D:12171, PLCB2:12405, PIK3R3:12489, RPS6KA1:12739, DGKK:12791, MLNR:12830, DGKE:12898, ADRA1A:12958, PLCB1:12992, GHSR:13037, RGS18:13053, CASR:13189, F2RL2:13349, HRH1:13417, AGTR1:13483, DGKA:13505, CCK:13642, DGKD:13705, PRKCQ:13818, KNG1:13886, P2RY10:13956, RGSL1:13957, HBEGF:14150, PRKCD:14207, FFAR1:14592, PTGFR:14688","Both",3
"REACTOME_G_ALPHA_12_13_SIGNALLING_EVENTS",-0.141997343667558,0.000113627843587675,0.00975576199945608,62,"ARHGEF11:130, TIAM2:146, RHOA:150, ARHGEF2:183, OBSCN:306, TIAM1:396, AKAP13:401, ARHGEF12:502, FGD1:512, ITSN1:829, ARHGEF15:1025, ARHGEF38:1058, NGEF:1140, GNA12:1314, GNA13:1420, TRIO:1517, PLEKHG5:1558, ARHGEF16:1601, ARHGEF6:1661, ROCK1:6282.5, TBXA2R:6282.5, GNB5:6282.5, GNB3:6282.5, SOS1:6282.5, VAV2:6282.5, ARHGEF7:6282.5, RASGRF2:6282.5, ARHGEF9:6282.5, BTK:6282.5, SOS2:6282.5, ROCK2:6282.5, RHOC:6282.5, KALRN:6282.5, ARHGEF18:6282.5, ARHGEF10L:6282.5, ARHGEF1:6282.5, PLEKHG2:6282.5, MCF2:6282.5, ARHGEF10:6282.5, PREX1:6282.5, MCF2L:6282.5, FGD3:6282.5, ARHGEF4:6282.5, FGD4:6282.5, FGD2:6282.5, ABR:6282.5, ARHGEF3:6282.5, ARHGEF40:6282.5, NET1:6282.5, ARHGEF37:6282.5, ARHGEF33:6282.5, ADRA1B:6282.5, VAV1:11176, PLXNB1:11353, ARHGEF26:11459, ARHGEF19:11779, ARHGEF39:11959, ARHGEF17:12061, ADRA1D:12171, ADRA1A:12958, VAV3:13539, ECT2:14132","Herbivore",1
"REACTOME_SEMA4D_MEDIATED_INHIBITION_OF_CELL_ATTACHMENT_AND_MIGRATION",-0.0315921234540223,0.788727840252595,0.925228559515568,6,"SEMA4D:115, RHOA:150, RND1:6282.5, PLXNB1:11353, MET:12112, RRAS:13326","Herbivore",1
"REACTOME_SEMA4D_INDUCED_CELL_MIGRATION_AND_GROWTH_CONE_COLLAPSE",-0.109467221231927,0.118305012065179,0.467771791126133,17,"SEMA4D:115, ARHGEF11:130, RHOA:150, ARHGEF12:502, MYH10:800, ROCK1:6282.5, ERBB2:6282.5, MYH9:6282.5, MYH14:6282.5, ROCK2:6282.5, RHOC:6282.5, RND1:6282.5, LIMK2:6282.5, PLXNB1:11353, LIMK1:12567, MYL6:12928, MYH11:13948","Herbivore",1
"REACTOME_OTHER_SEMAPHORIN_INTERACTIONS",-0.0910477322242028,0.193906128187982,0.561781985098166,17,"SEMA4D:115, SEMA4A:837, PLXNA2:1615, SEMA3E:1715, ITGA1:6282.5, PTPRC:6282.5, SEMA6A:6282.5, TREM2:6282.5, SEMA5A:6282.5, PLXNC1:6282.5, SEMA6D:6282.5, SEMA7A:6282.5, PLXNB3:6282.5, PLXNA4:6282.5, ITGB1:12155, PLXND1:13669, TYROBP:14731","Both",3
"REACTOME_PLATELET_HOMEOSTASIS",-0.0169987082218948,0.644064010024811,0.864092505671469,62,"SLC8A3:452, TRPC6:597, P2RX7:761, PDE1B:830, SLC8A2:916, ITPR1:1309, GUCY1A2:1614, P2RX2:1772, PTPN11:6282.5, FGR:6282.5, PPP2R5A:6282.5, ATP2B3:6282.5, PPP2R5B:6282.5, TRPC7:6282.5, GNB5:6282.5, IRAG1:6282.5, ATP2A3:6282.5, PPP2R5C:6282.5, P2RX5:6282.5, NOS1:6282.5, P2RX6:6282.5, P2RX3:6282.5, GNB3:6282.5, PTPN6:6282.5, PDE10A:6282.5, PPP2R5D:6282.5, PDE1A:6282.5, ITPR2:6282.5, PDE11A:6282.5, PPP2R1B:6282.5, PRKG2:6282.5, TRPC3:6282.5, KCNMB1:6282.5, KCNMA1:6282.5, ATP2B2:6282.5, PAFAH2:6282.5, PTGIR:6282.5, PDE9A:6282.5, NOS3:6282.5, STIM1:6282.5, KCNMB3:6282.5, ATP2A2:6282.5, SLC8A1:6282.5, PDE2A:6282.5, KCNMB2:6282.5, GUCY1B1:10892, APOB:11535, ITPR3:11892, NOS2:12071, PDE5A:12497, GUCY1A1:12670, LRP8:13001, ATP2B1:13115, PLA2G4A:13125, ATP2A1:13148, ORAI2:13432, PECAM1:13469, P2RX4:13699, ORAI1:14037, P2RX1:14301, SRI:14550, ATP2B4:14942","Vertivore",2
"REACTOME_PLATELET_CALCIUM_HOMEOSTASIS",-0.00842696629213485,0.87962284142569,0.960894915092087,27,"SLC8A3:452, TRPC6:597, P2RX7:761, SLC8A2:916, ITPR1:1309, P2RX2:1772, ATP2B3:6282.5, TRPC7:6282.5, ATP2A3:6282.5, P2RX5:6282.5, P2RX6:6282.5, P2RX3:6282.5, ITPR2:6282.5, TRPC3:6282.5, ATP2B2:6282.5, STIM1:6282.5, ATP2A2:6282.5, SLC8A1:6282.5, ITPR3:11892, ATP2B1:13115, ATP2A1:13148, ORAI2:13432, P2RX4:13699, ORAI1:14037, P2RX1:14301, SRI:14550, ATP2B4:14942","Vertivore",2
"REACTOME_CGMP_EFFECTS",-0.116002308025196,0.133020125252996,0.490203901947727,14,"PDE1B:830, ITPR1:1309, IRAG1:6282.5, PDE10A:6282.5, PDE1A:6282.5, PDE11A:6282.5, PRKG2:6282.5, KCNMB1:6282.5, KCNMA1:6282.5, PDE9A:6282.5, KCNMB3:6282.5, PDE2A:6282.5, KCNMB2:6282.5, PDE5A:12497","Unclear",0
"REACTOME_G_ALPHA_S_SIGNALLING_EVENTS",-0.0538394807227894,0.0376564403567003,0.303719722021468,126,"FSHR:166, GPR176:231, ADCY1:241, VIPR1:504, NPSR1:733, PDE1B:830, GNAT3:831, ADCY2:835, GPR84:842, TAAR6:946, ADCY8:981, GPR20:991, SHC1:997, VIPR2:1003, MC3R:1070, PDE7B:1202, PDE3A:1560, ADCY3:1563, HTR6:1746, PRKAR2B:6282.5, GNB5:6282.5, PRKAR1A:6282.5, GNB3:6282.5, PDE10A:6282.5, PDE1A:6282.5, PDE11A:6282.5, ARRB1:6282.5, ARRB2:6282.5, PTGIR:6282.5, ITGA5:6282.5, PDE2A:6282.5, PRKAR1B:6282.5, SRC:6282.5, ADCY7:6282.5, ADCY9:6282.5, GRK2:6282.5, ADCY5:6282.5, ADCY6:6282.5, PDE3B:6282.5, GCG:6282.5, GCGR:6282.5, GLP1R:6282.5, ADCYAP1R1:6282.5, ADCYAP1:6282.5, GRK3:6282.5, AVPR2:6282.5, ADRB2:6282.5, TSHB:6282.5, FSHB:6282.5, CRHR2:6282.5, GIP:6282.5, GIPR:6282.5, ADRB1:6282.5, CALCRL:6282.5, GLP2R:6282.5, SCTR:6282.5, PTHLH:6282.5, GHRHR:6282.5, PDE8B:6282.5, GHRH:6282.5, CRHR1:6282.5, RAMP3:6282.5, GPR83:6282.5, PTGER2:6282.5, RAMP1:6282.5, RXFP2:6282.5, TAAR5:6282.5, GPR45:6282.5, LHCGR:6282.5, PTH2:6282.5, PTH2R:6282.5, TAAR2:6282.5, TAAR8:6282.5, VIP:6282.5, CRH:6282.5, HTR7:6282.5, GPHA2:6282.5, CYSLTR2:6282.5, GPR15:6282.5, PTH1R:6282.5, HTR4:6282.5, GPER1:6282.5, MC4R:6282.5, PTGDR:6282.5, DRD5:6282.5, GPR25:6282.5, ADORA2B:6282.5, RLN3:6282.5, PTGER4:6282.5, GPR150:6282.5, GPBAR1:6282.5, GPR39:6282.5, ADRB3:6282.5, GRK5:6282.5, PDE7A:6282.5, NPS:6282.5, TAAR9:6282.5, P2RY11:6282.5, MC1R:6282.5, PRKACA:10858, GPR27:11106, FN1:11285, PDE4D:11332, AVP:11466, ADCY4:11732, ADM:12002, PRKACB:12035, PDE8A:12087, ITGB1:12155, DRD1:12585, LHB:12793, PDE4A:12991, RAMP2:13021, MC5R:13335, GRK6:13457, GPHB5:13731, PRKAR2A:13940, RXFP1:13978, MC2R:14082, ADORA2A:14198, CGA:14327, TAAR1:14373, HRH2:14472, PTH:14760, CALCR:14892, PDE4C:14957","Unclear",0
"REACTOME_ADP_SIGNALLING_THROUGH_P2Y_PURINOCEPTOR_1",-0.0322389493914157,0.767732298481158,0.919012845729246,7,"GNA15:6282.5, GNB5:6282.5, GNB3:6282.5, GNA14:6282.5, P2RY1:6282.5, SRC:6282.5, PLA2G4A:13125","Unclear",0
"REACTOME_G_ALPHA_I_SIGNALLING_EVENTS",-0.0187699537252933,0.316523190738681,0.680222121658215,244,"CAMK2B:23, SSTR4:74, BDKRB1:114, ADCY1:241, HTR1D:274, MTNR1A:281, MTNR1B:323, NPBWR2:354, RXFP3:600, NBEA:606, CCR9:743, PDE1B:830, GNAT3:831, ADCY2:835, GRM8:887, ADCY8:981, GALR1:994, OPRK1:1053, GRM6:1076, GABBR1:1096, CHRM2:1264, ITPR1:1309, OPN3:1430, GAL:1431, ADCY3:1563, ADRA2C:1617, PPP3R1:6282.5, PRKAR2B:6282.5, GNA15:6282.5, GNB5:6282.5, PRKAR1A:6282.5, GNB3:6282.5, PPP2R5D:6282.5, PDE1A:6282.5, ITPR2:6282.5, PRKCG:6282.5, PPP2R1B:6282.5, APP:6282.5, ADRA2A:6282.5, PRKCA:6282.5, GNA14:6282.5, PF4:6282.5, PRKAR1B:6282.5, SRC:6282.5, PSAP:6282.5, CAMKK1:6282.5, CAMK2A:6282.5, PDYN:6282.5, CAMKK2:6282.5, ADCY7:6282.5, PPP1R1B:6282.5, GNAL:6282.5, CAMK2G:6282.5, PLCB3:6282.5, PDE1C:6282.5, ADCY9:6282.5, PPP1CA:6282.5, GRK2:6282.5, ADCY5:6282.5, ADCY6:6282.5, PDE4B:6282.5, CXCL12:6282.5, OPRD1:6282.5, CCR2:6282.5, ANXA1:6282.5, CCR5:6282.5, CCR1:6282.5, CCL5:6282.5, C3:6282.5, CCR6:6282.5, C5:6282.5, C3AR1:6282.5, C5AR1:6282.5, FPR2:6282.5, MCHR1:6282.5, RHO:6282.5, SSTR3:6282.5, GNAT2:6282.5, AGT:6282.5, OPN1LW:6282.5, OPN1SW:6282.5, OPN1MW:6282.5, RGS9:6282.5, HEBP1:6282.5, PTGER3:6282.5, RGS11:6282.5, RGS1:6282.5, CCL1:6282.5, PPY:6282.5, NMU:6282.5, CNR1:6282.5, GPR31:6282.5, GPSM2:6282.5, NPY:6282.5, GRM4:6282.5, OPN5:6282.5, CXCL6:6282.5, GPR18:6282.5, OPRL1:6282.5, S1PR4:6282.5, CCR7:6282.5, TAS2R3:6282.5, TAS2R4:6282.5, GALR3:6282.5, CCL25:6282.5, RGS22:6282.5, NMUR2:6282.5, HTR1B:6282.5, RGS8:6282.5, GPR55:6282.5, CXCL9:6282.5, RGS3:6282.5, SSTR1:6282.5, RGS5:6282.5, RGS16:6282.5, GPR17:6282.5, ACKR3:6282.5, RGS20:6282.5, RGR:6282.5, RGS10:6282.5, CCL28:6282.5, HTR5A:6282.5, RGS12:6282.5, GPSM1:6282.5, CXCR5:6282.5, SSTR5:6282.5, ADORA1:6282.5, GRM2:6282.5, GPER1:6282.5, OXGR1:6282.5, BDKRB2:6282.5, HTR1E:6282.5, RGS14:6282.5, CXCL11:6282.5, GPR183:6282.5, TAS1R3:6282.5, GPR37L1:6282.5, GPR37:6282.5, RLN3:6282.5, APLN:6282.5, NMUR1:6282.5, RGS19:6282.5, CXCR6:6282.5, INSL5:6282.5, TAS1R1:6282.5, P2RY14:6282.5, TAS1R2:6282.5, HTR1F:6282.5, CCR8:6282.5, RRH:6282.5, SSTR2:6282.5, CHRM4:6282.5, S1PR5:6282.5, AGTR2:6282.5, PENK:6282.5, RGS6:6282.5, RGS7:6282.5, PTGDR2:6282.5, PMCH:6282.5, CCR3:6282.5, CCR4:6282.5, NPW:6282.5, CCR10:6282.5, LPAR5:6282.5, NPY2R:6282.5, TAS2R60:6282.5, CXCR3:6282.5, P2RY4:6282.5, GRM7:6282.5, LPAR1:6282.5, SUCNR1:6282.5, NMS:6282.5, GPSM3:6282.5, S1PR3:6282.5, TAS2R41:6282.5, TAS2R40:6282.5, RGS21:6282.5, NPBWR1:6282.5, PRKACA:10858, GRM3:10915, RGS13:10991, PNOC:11028, NPY4R:11111.5, CX3CR1:11123, PLCB4:11252, APLNR:11329, PDE4D:11332, MCHR2:11334, CCL16:11363, LPAR2:11379, PCP2:11380, CAMK4:11388, LPAR3:11508, S1PR2:11518, RGS17:11546, CXCL10:11631, OPRM1:11680, CNR2:11711, ADCY4:11732, GABBR2:11777, ITPR3:11892, CCL21:11982, PRKACB:12035, CCL27:12116, CCL20:12153, TAS2R1:12185, DRD3:12296, PLCB2:12405, ADRA2B:12519, NPY1R:12675, CAMK2D:12869, PDE4A:12991, PLCB1:12992, HRH4:13008, HCAR1:13013, RGS18:13053, PLA2G4A:13125, NPB:13149, TAS2R7:13154, KPNA2:13181, CASR:13189, P2RY13:13317, HCAR2:13501, GALR2:13557, CXCR4:13593, PYY:13666, TAS2R38:13802, TAS2R39:13811, KNG1:13886, PRKAR2A:13940, RGSL1:13957, CXCL8:14183, PRKCD:14207, P2RY12:14253, CXCR1:14559, ADORA3:14562, TAS2R5:14576, CXCR2:14678, CXCL13:14741, PPP3CC:14768, TAS2R42:14806, PRKX:14895, PDE4C:14957, TAS2R10:15084","Herbivore",1
"REACTOME_G_ALPHA_Z_SIGNALLING_EVENTS",-0.0559592176446109,0.314567032831334,0.679296418230108,27,"ADCY1:241, GNAT3:831, ADCY2:835, ADCY8:981, ADCY3:1563, ADRA2C:1617, PRKCH:6282.5, GNB5:6282.5, GNB3:6282.5, PRKCG:6282.5, ADRA2A:6282.5, PRKCA:6282.5, PRKCE:6282.5, ADCY7:6282.5, ADCY9:6282.5, ADCY5:6282.5, ADCY6:6282.5, RGS16:6282.5, RGS20:6282.5, RGS19:6282.5, RGS17:11546, ADCY4:11732, ADRA2B:12519, PRKCB:13667, PRKCQ:13818, RGSL1:13957, PRKCD:14207","Unclear",0
"REACTOME_DCC_MEDIATED_ATTRACTIVE_SIGNALING",-0.139474668162273,0.0944302906123217,0.418764710206001,12,"CDC42:60, DOCK1:892, TRIO:1517, PTK2:6282.5, DCC:6282.5, SRC:6282.5, NTN1:6282.5, ABLIM1:6282.5, NCK1:6282.5, ABLIM2:6282.5, ABLIM3:6282.5, WASL:14429","Both",3
"REACTOME_NETRIN_MEDIATED_REPULSION_SIGNALS",-0.051715438950555,0.612540579149411,0.854849423976206,8,"PTPN11:6282.5, UNC5B:6282.5, DCC:6282.5, SRC:6282.5, NTN1:6282.5, UNC5D:6282.5, UNC5C:6282.5, UNC5A:11837","Unclear",0
"REACTOME_ROLE_OF_SECOND_MESSENGERS_IN_NETRIN_1_SIGNALING",-0.0900414937759336,0.324257120450138,0.686142571828483,10,"TRPC6:597, PLCG1:1240, DCC:6282.5, TRPC7:6282.5, TRPC3:6282.5, NTN1:6282.5, TRPC5:6282.5, TRPC4:6282.5, PITPNA:11988, TRPC1:12157","Unclear",0
"REACTOME_ADHERENS_JUNCTIONS_INTERACTIONS",-0.0847032653599026,0.114689276967978,0.46640598688005,29,"AFDN:264, ACTG1:418, CDH6:572, CDH4:1225, ACTB:6282.5, CTNNA1:6282.5, CDH15:6282.5, CDH2:6282.5, JUP:6282.5, NECTIN2:6282.5, CDH10:6282.5, CDH17:6282.5, CDH7:6282.5, NECTIN1:6282.5, CDH9:6282.5, CDH11:6282.5, CDH13:6282.5, NECTIN4:6282.5, CDH8:6282.5, CDH12:6282.5, CADM3:6282.5, CADM2:6282.5, CDH5:6282.5, CADM1:6282.5, CTNND1:11015, NECTIN3:11110, CDH18:11282, CDH1:12245, CDH3:13538","Unclear",0
"REACTOME_NCAM1_INTERACTIONS",-0.0698609212959241,0.117678524048815,0.466811237021619,42,"COL6A1:157, CACNA1G:217, CACNB2:278, COL6A2:404, CACNA1I:1110, COL9A2:1306, COL9A3:1351, GFRA1:1597, CACNB1:6282.5, CACNB4:6282.5, COL4A4:6282.5, CACNA1S:6282.5, COL9A1:6282.5, ST8SIA4:6282.5, ARTN:6282.5, PSPN:6282.5, COL5A1:6282.5, COL4A2:6282.5, ST8SIA2:6282.5, NCAM1:6282.5, CACNA1D:6282.5, COL3A1:6282.5, GFRA2:6282.5, GDNF:6282.5, COL4A3:6282.5, NRTN:6282.5, PRNP:6282.5, COL6A5:6282.5, CNTN2:6282.5, COL4A1:6282.5, COL4A5:6282.5, AGRN:6282.5, CACNA1H:6282.5, COL5A2:6282.5, CACNB3:11669, CACNA1C:12952, COL6A3:13032, COL5A3:13477, COL6A6:14343, GFRA4:14366, NCAN:14905, COL2A1:15016","Both",3
"REACTOME_LYSOSPHINGOLIPID_AND_LPA_RECEPTORS",-0.0246830472343768,0.749226095089635,0.909537182691399,14,"S1PR1:6282.5, PLPPR2:6282.5, PLPPR5:6282.5, PLPPR4:6282.5, S1PR4:6282.5, PLPPR3:6282.5, PLPPR1:6282.5, S1PR5:6282.5, LPAR5:6282.5, LPAR1:6282.5, S1PR3:6282.5, LPAR2:11379, LPAR3:11508, S1PR2:11518","Unclear",0
"REACTOME_OPSINS",-0.131992723829459,0.170393597684879,0.539929097760697,9,"OPN3:1430, RHO:6282.5, OPN1LW:6282.5, OPN1SW:6282.5, OPN1MW:6282.5, OPN4:6282.5, OPN5:6282.5, RGR:6282.5, RRH:6282.5","Unclear",0
"REACTOME_GLUCAGON_TYPE_LIGAND_RECEPTORS",-0.14168583772865,0.0498339504855088,0.331552076477389,16,"VIPR1:504, VIPR2:1003, GNB5:6282.5, GNB3:6282.5, GCG:6282.5, GCGR:6282.5, GLP1R:6282.5, ADCYAP1R1:6282.5, ADCYAP1:6282.5, GIP:6282.5, GIPR:6282.5, GLP2R:6282.5, SCTR:6282.5, GHRHR:6282.5, GHRH:6282.5, VIP:6282.5","Unclear",0
"REACTOME_NECTIN_NECL_TRANS_HETERODIMERIZATION",-0.0449127526809401,0.703241897480025,0.897342633514851,6,"NECTIN2:6282.5, NECTIN1:6282.5, NECTIN4:6282.5, CADM3:6282.5, CADM1:6282.5, NECTIN3:11110","Unclear",0
"REACTOME_CELL_CELL_JUNCTION_ORGANIZATION",-0.0420190970264276,0.261169034353547,0.629916495803623,60,"AFDN:264, ACTG1:418, CLDN22:560, CDH6:572, SDK1:856, CDH4:1225, CLDN14:1711, SDK2:1773, ACTB:6282.5, F11R:6282.5, CTNNA1:6282.5, CDH15:6282.5, CDH2:6282.5, JUP:6282.5, CLDN7:6282.5, NECTIN2:6282.5, CDH10:6282.5, CDH17:6282.5, CDH7:6282.5, PARD6A:6282.5, CLDN15:6282.5, NECTIN1:6282.5, CDH9:6282.5, PARD6B:6282.5, PATJ:6282.5, CDH11:6282.5, CDH13:6282.5, NECTIN4:6282.5, CDH8:6282.5, CDH12:6282.5, CLDN17:6282.5, CLDN8:6282.5, CLDN12:6282.5, CADM3:6282.5, CLDN1:6282.5, PRKCI:6282.5, CLDN19:6282.5, CLDN20:6282.5, CADM2:6282.5, PARD6G:6282.5, CDH5:6282.5, CADM1:6282.5, CLDN5:6282.5, CLDN9:6282.5, CLDN23:6282.5, CTNND1:11015, NECTIN3:11110, CLDN3:11174, CDH18:11282, CLDN2:11385, CLDN11:11543, PARD3:11871, CLDN6:11928, CDH1:12245, CLDN10:12939, CLDN4:13004, CLDN18:13128, CDH3:13538, CRB3:15056, CLDN16:15098","Herbivore",1
"REACTOME_REGULATION_OF_INSULIN_SECRETION",-0.0413430356369677,0.307829314534574,0.673563415176987,51,"SNAP25:21, CACNB2:278, IQGAP1:558, CACNA1E:676, ADCY8:981, ITPR1:1309, ADRA2C:1617, PRKAR2B:6282.5, GNA15:6282.5, GNB5:6282.5, RAPGEF3:6282.5, RAPGEF4:6282.5, PRKAR1A:6282.5, GNB3:6282.5, ITPR2:6282.5, ADRA2A:6282.5, PRKCA:6282.5, GNA14:6282.5, PRKAR1B:6282.5, PLCB3:6282.5, ADCY5:6282.5, ADCY6:6282.5, CACNA2D2:6282.5, STX1A:6282.5, ABCC8:6282.5, KCNB1:6282.5, KCNC2:6282.5, KCNS3:6282.5, KCNG2:6282.5, KCNJ11:6282.5, CACNA1D:6282.5, INS:6282.5, GCG:6282.5, ACSL4:6282.5, GLP1R:6282.5, SLC2A1:6282.5, ACSL3:6282.5, SYT5:6282.5, CHRM3:6282.5, PRKACA:10858, CACNB3:11669, ITPR3:11892, PRKACB:12035, PLCB2:12405, CACNA1C:12952, PLCB1:12992, CD36:13440, PRKAR2A:13940, SLC2A2:14290, FFAR1:14592, CACNA1A:14632","Both",3
"REACTOME_SODIUM_CALCIUM_EXCHANGERS",-0.115210186638758,0.231451323545679,0.604792371525884,9,"SLC8A3:452, SLC8A2:916, SLC8A1:6282.5, SLC8B1:6282.5, SLC24A4:6282.5, SLC24A2:6282.5, SLC24A3:6282.5, SLC24A5:6282.5, SRI:14550","Unclear",0
"REACTOME_ARACHIDONATE_PRODUCTION_FROM_DAG",-0.0962564447433311,0.456060986650172,0.772278509992157,5,"DAGLA:503, ABHD12:6282.5, ABHD6:6282.5, DAGLB:6282.5, MGLL:11983","Unclear",0
"REACTOME_SMALL_INTERFERING_RNA_SIRNA_BIOGENESIS",-0.153620264514683,0.234228207632623,0.608457606229293,5,"DICER1:343, TARBP2:1178, PRKRA:6282.5, TSNAX:6282.5, AGO1:12768","Unclear",0
"REACTOME_SIRT1_NEGATIVELY_REGULATES_RRNA_EXPRESSION",-0.177604287537712,0.000627679233600416,0.0240788437910968,31,"H4C15:49, H4C14:85, H4C3:171, H4C2:238, H4C13:295, H2BC15:350, H3C13:387, H3C11:588, H2AC20:1105, H3C10:1224, H2AC4:1330, H3C8:1344, H3C4:1469, H3C1:6282.5, H4C8:6282.5, H2BC4:6282.5, H2BC21:6282.5, H4C11:6282.5, H2BC9:6282.5, H2AC14:6282.5, TBP:6282.5, SUV39H1:6282.5, TAF1C:6282.5, RRP8:6282.5, TAF1A:6282.5, TAF1D:6282.5, TAF1B:11364, H4C1:11869, SIRT1:12367, H3C2:14121, H3-3A:15088","Both",3
"REACTOME_ERCC6_CSB_AND_EHMT2_G9A_POSITIVELY_REGULATE_RRNA_EXPRESSION",-0.141346183078467,0.00295863024563502,0.0711254711050658,37,"H4C15:49, H4C14:85, H4C3:171, H4C2:238, H4C13:295, H2BC15:350, H3C13:387, H3C11:588, CHD3:793, H2AC20:1105, MTA3:1137, H3C10:1224, H2AC4:1330, H3C8:1344, H3C4:1469, GATAD2B:1683, H3C1:6282.5, H4C8:6282.5, H2BC4:6282.5, H2BC21:6282.5, H4C11:6282.5, H2BC9:6282.5, H2AC14:6282.5, CHD4:6282.5, MBD3:6282.5, TTF1:6282.5, MTA1:6282.5, EHMT2:6282.5, ERCC6:10951, MTA2:11316, H4C1:11869, RBBP7:11998, HDAC1:12354, H3C2:14121, RBBP4:14816, GATAD2A:15062, H3-3A:15088","Both",3
"REACTOME_ACTIVATION_OF_RAC1",-0.123882968779211,0.137408003418057,0.496980000717596,12,"PAK6:1333, PAK2:6282.5, SOS1:6282.5, NCK2:6282.5, PAK3:6282.5, SOS2:6282.5, PAK5:6282.5, PAK4:6282.5, SLIT2:6282.5, PAK1:6282.5, NCK1:6282.5, ROBO1:6282.5","Unclear",0
"REACTOME_REGULATION_OF_COMMISSURAL_AXON_PATHFINDING_BY_SLIT_AND_ROBO",-0.128283054839071,0.160198434974763,0.531642114714551,10,"SLIT1:783, SLIT3:1680, DCC:6282.5, SRC:6282.5, NTN1:6282.5, SLIT2:6282.5, ROBO3:6282.5, ROBO1:6282.5, ROBO2:6282.5, NELL2:11509","Unclear",0
"REACTOME_INACTIVATION_OF_CDC42_AND_RAC1",-0.15416399743754,0.157860705328379,0.527545065724495,7,"CDC42:60, SLIT2:6282.5, ARHGAP39:6282.5, ROBO1:6282.5, SRGAP3:6282.5, SRGAP1:6282.5, SRGAP2:6282.5","Both",3
"REACTOME_ROLE_OF_ABL_IN_ROBO_SLIT_SIGNALING",-0.0290251149231976,0.776223774665353,0.919012845729246,8,"CLASP2:1578, ABL1:6282.5, CAP2:6282.5, ABL2:6282.5, SLIT2:6282.5, ROBO1:6282.5, CAP1:11289, CLASP1:14098","Unclear",0
"REACTOME_THROMBOXANE_SIGNALLING_THROUGH_TP_RECEPTOR",-0.142040358744395,0.193176999391118,0.561781985098166,7,"GNA13:1420, TBXA2R:6282.5, GNA15:6282.5, GNB5:6282.5, GNB3:6282.5, AAMP:6282.5, GNA14:6282.5","Unclear",0
"REACTOME_MRNA_DECAY_BY_3_TO_5_EXORIBONUCLEASE",-0.0274503374121952,0.73191017376302,0.904799102939707,13,"EXOSC5:1549, DIS3:6282.5, EXOSC3:6282.5, EXOSC8:6282.5, EXOSC9:6282.5, EXOSC2:6282.5, EXOSC1:6282.5, EXOSC4:6282.5, DCPS:6282.5, HBS1L:6282.5, EXOSC6:11835, EXOSC7:12020, NT5C3B:13387","Unclear",0
"REACTOME_VASOPRESSIN_REGULATES_RENAL_WATER_HOMEOSTASIS_VIA_AQUAPORINS",-0.0369085598741856,0.523250109898327,0.807031606626762,25,"ADCY1:241, ADCY2:835, ADCY8:981, ADCY3:1563, PRKAR2B:6282.5, GNB5:6282.5, PRKAR1A:6282.5, GNB3:6282.5, PRKAR1B:6282.5, ADCY7:6282.5, ADCY9:6282.5, ADCY5:6282.5, ADCY6:6282.5, AVPR2:6282.5, RAB11FIP2:6282.5, AQP3:6282.5, MYO5B:6282.5, AQP4:6282.5, PRKACA:10858, AVP:11466, ADCY4:11732, PRKACB:12035, AQP2:12967, PRKAR2A:13940, AQP1:14711","Both",3
"REACTOME_RECYCLING_PATHWAY_OF_L1",-0.0364507179544858,0.449623751274589,0.772278509992157,36,"ACTG1:418, TUBB4A:543, RPS6KA6:686, TUBA4A:786, DNM3:1172, ACTB:6282.5, TUBB1:6282.5, TUBA1B:6282.5, TUBB2A:6282.5, TUBB2B:6282.5, TUBAL3:6282.5, TUBA8:6282.5, TUBB4B:6282.5, SRC:6282.5, L1CAM:6282.5, RPS6KA2:6282.5, AP2M1:6282.5, AP2A2:6282.5, DNM2:6282.5, DPYSL2:6282.5, RPS6KA5:6282.5, DNM1:6282.5, SH3GL2:6282.5, CLTA:6282.5, RDX:6282.5, MSN:6282.5, SHTN1:6282.5, EZR:11087, NUMB:11122, RPS6KA4:11654, AP2A1:12312, TUBA1A:12546, RPS6KA1:12739, KIF4A:14730, TUBB8B:15090, TUBB8:15095","Both",3
"REACTOME_UNBLOCKING_OF_NMDA_RECEPTORS_GLUTAMATE_BINDING_AND_ACTIVATION",-0.0651004827663635,0.313768755316258,0.679296418230108,20,"CAMK2B:23, GRIN2A:659, GRIA4:854, GRIN2B:988, ACTN2:6282.5, CAMK2A:6282.5, CAMK2G:6282.5, LRRC7:6282.5, DLG3:6282.5, GRIN2D:6282.5, DLG4:6282.5, DLG2:6282.5, GRIA1:6282.5, GRIN2C:6282.5, GRIN1:6282.5, GRIA3:10985, NEFL:11217, CAMK2D:12869, GRIA2:13701, DLG1:14328","Herbivore",1
"REACTOME_BINDING_OF_TCF_LEF_CTNNB1_TO_TARGET_GENE_PROMOTERS",-0.028122998078155,0.79668782102645,0.930633905927212,7,"AXIN2:1168, TCF7:6282.5, MYC:6282.5, TCF7L2:6282.5, RUNX3:6282.5, TCF7L1:12419, LEF1:12491","Unclear",0
"REACTOME_CREB1_PHOSPHORYLATION_THROUGH_THE_ACTIVATION_OF_CAMKII_CAMKK_CAMKIV_CASCASDE",-0.0321899637559317,0.784827233043945,0.923055121446988,6,"CAMK2B:23, CAMKK1:6282.5, CAMKK2:6282.5, CAMK2G:6282.5, CAMK4:11388, KPNA2:13181","Herbivore",1
"REACTOME_CREB1_PHOSPHORYLATION_THROUGH_NMDA_RECEPTOR_MEDIATED_ACTIVATION_OF_RAS_SIGNALING",-0.0831969886539839,0.187141356898601,0.559561967642084,21,"CAMK2B:23, RPS6KA6:686, GRIN2B:988, RASGRF1:1273, MAPK3:6282.5, ACTN2:6282.5, PDPK1:6282.5, CAMK2A:6282.5, CAMK2G:6282.5, LRRC7:6282.5, RPS6KA2:6282.5, DLG3:6282.5, GRIN2D:6282.5, RASGRF2:6282.5, DLG4:6282.5, DLG2:6282.5, GRIN1:6282.5, NEFL:11217, RPS6KA1:12739, CAMK2D:12869, DLG1:14328","Herbivore",1
"REACTOME_ACTIVATION_OF_NMDA_RECEPTORS_AND_POSTSYNAPTIC_EVENTS",-0.0531065596851202,0.117516549922199,0.466811237021619,73,"CAMK2B:23, GRIN3B:214, LIN7C:227, ADCY1:241, TUBB4A:543, NBEA:606, GRIN2A:659, RPS6KA6:686, TUBA4A:786, GRIA4:854, ADCY8:981, GRIN2B:988, RASGRF1:1273, PRKAA2:1324, MAPK3:6282.5, MAPT:6282.5, PRKAR2B:6282.5, ACTN2:6282.5, TUBB1:6282.5, PRKAR1A:6282.5, TUBA1B:6282.5, TUBB2A:6282.5, TUBB2B:6282.5, PDPK1:6282.5, TUBAL3:6282.5, TUBA8:6282.5, PRKAR1B:6282.5, TUBB4B:6282.5, SRC:6282.5, CAMKK1:6282.5, CAMK2A:6282.5, CAMKK2:6282.5, CAMK2G:6282.5, APBA1:6282.5, LRRC7:6282.5, RPS6KA2:6282.5, DLG3:6282.5, PPM1F:6282.5, ARHGEF7:6282.5, GRIN2D:6282.5, PRKAG2:6282.5, PRKAB1:6282.5, RASGRF2:6282.5, KIF17:6282.5, DLG4:6282.5, CAMK1:6282.5, DLG2:6282.5, GRIA1:6282.5, NRG1:6282.5, GRIN2C:6282.5, PPM1E:6282.5, GRIN1:6282.5, ERBB4:6282.5, GRIN3A:6282.5, PRKACA:10858, GRIA3:10985, NEFL:11217, PRKAB2:11287, CAMK4:11388, PRKAG1:11774, PRKACB:12035, TUBA1A:12546, RPS6KA1:12739, CAMK2D:12869, PRKAA1:12980, KPNA2:13181, GIT1:13400, GRIA2:13701, PRKAR2A:13940, DLG1:14328, PRKX:14895, TUBB8B:15090, TUBB8:15095","Herbivore",1
"REACTOME_RAS_ACTIVATION_UPON_CA2_INFLUX_THROUGH_NMDA_RECEPTOR",-0.0829522500280552,0.250834317584119,0.615673787282348,16,"CAMK2B:23, GRIN2B:988, RASGRF1:1273, ACTN2:6282.5, CAMK2A:6282.5, CAMK2G:6282.5, LRRC7:6282.5, DLG3:6282.5, GRIN2D:6282.5, RASGRF2:6282.5, DLG4:6282.5, DLG2:6282.5, GRIN1:6282.5, NEFL:11217, CAMK2D:12869, DLG1:14328","Herbivore",1
"REACTOME_RSK_ACTIVATION",-0.0836807890607487,0.517003860511571,0.802201342945235,5,"RPS6KA6:686, MAPK3:6282.5, PDPK1:6282.5, RPS6KA2:6282.5, RPS6KA1:12739","Unclear",0
"REACTOME_FORMYL_PEPTIDE_RECEPTORS_BIND_FORMYL_PEPTIDES_AND_MANY_OTHER_LIGANDS",-0.0970525607979379,0.501449025983459,0.791549227628984,4,"APP:6282.5, ANXA1:6282.5, FPR2:6282.5, HEBP1:6282.5","Unclear",0
"REACTOME_RELAXIN_RECEPTORS",-0.0667563326608384,0.605213020649722,0.854849423976206,5,"RXFP3:600, RXFP2:6282.5, RLN3:6282.5, INSL5:6282.5, RXFP1:13978","Unclear",0
"REACTOME_INTERACTION_BETWEEN_L1_AND_ANKYRINS",-0.0910269379191488,0.0846873296106543,0.39993799662034,30,"NRCAM:53, SPTBN5:155, ACTG1:418, SCN5A:523, KCNQ3:1216, SPTAN1:1669, ACTB:6282.5, L1CAM:6282.5, KCNQ2:6282.5, SPTB:6282.5, SCN1B:6282.5, SPTBN1:6282.5, SCN7A:6282.5, SCN1A:6282.5, ANK2:6282.5, SCN2B:6282.5, ANK3:6282.5, SCN3A:6282.5, SPTBN4:6282.5, NFASC:6282.5, SPTA1:6282.5, SCN3B:6282.5, SPTBN2:6282.5, SCN4B:6282.5, SCN8A:6282.5, SCN2A:11745, SCN9A:13170, SCN10A:13285, ANK1:13535, SCN11A:15028","Both",3
"REACTOME_SIGNAL_TRANSDUCTION_BY_L1",-0.00582847042980583,0.935692681975925,0.986561880583814,16,"ITGB3:935, MAPK3:6282.5, ITGA2B:6282.5, VAV2:6282.5, ITGA5:6282.5, L1CAM:6282.5, MAP2K2:6282.5, EGFR:6282.5, ITGA9:6282.5, PAK1:6282.5, NCAM1:6282.5, CSNK2B:6282.5, ITGAV:12046, ITGB1:12155, FGFR1:14005, NRP1:14054","Unclear",0
"REACTOME_SMOOTH_MUSCLE_CONTRACTION",-0.0916457811194653,0.0608768096903753,0.363446648581943,35,"ACTG2:97, ACTA2:121, CACNA1G:217, ITGB5:1095, CACNA1I:1110, GUCY1A2:1614, DYSF:1747, PAK2:6282.5, VCL:6282.5, TLN1:6282.5, ANXA2:6282.5, ITGA1:6282.5, ALDH2:6282.5, PAK1:6282.5, CACNA1H:6282.5, ANXA1:6282.5, PXN:6282.5, MYLK:6282.5, TPM1:6282.5, SORBS1:6282.5, MYL10:6282.5, MYL7:6282.5, SORBS3:6282.5, CALD1:6282.5, LMOD1:6282.5, TRIM72:6282.5, CAV3:6282.5, MYL6B:6282.5, ANXA6:6282.5, GUCY1B1:10892, PDE5A:12497, GUCY1A1:12670, MYL6:12928, MYH11:13948, TPM4:14631","Both",3
"REACTOME_TAK1_DEPENDENT_IKK_AND_NF_KAPPA_B_ACTIVATION",-0.0761280522110949,0.0961028476593017,0.423651428679024,40,"RPS27A:59, UBA52:103, NLRX1:377, IKBKG:445, NOD1:499, TAB1:1736, TRAF2:6282.5, TP53:6282.5, UBB:6282.5, APP:6282.5, NFKBIA:6282.5, NFKBIB:6282.5, NFKB1:6282.5, RELA:6282.5, CHUK:6282.5, USP18:6282.5, S100B:6282.5, ALPK1:6282.5, RIPK2:6282.5, IRAK2:6282.5, NLRC5:6282.5, TIFA:6282.5, TAB3:6282.5, LRRC14:6282.5, S100A12:6282.5, IKBIP:6282.5, NOD2:6282.5, TRAF6:6282.5, IRAK1:6282.5, NKIRAS1:6282.5, AGER:6282.5, UBE2V1:6282.5, CASP8:11211, N4BP1:11551, USP14:11617, MAP3K7:11639, UBE2N:11716, NFKB2:12055, TAB2:12875, IKBKB:14262","Herbivore",1
"REACTOME_TYPE_I_HEMIDESMOSOME_ASSEMBLY",-0.18120641135446,0.037479368983363,0.303719722021468,11,"PLEC:4, ITGB4:143, ITGA6:688, LAMB3:1056, LAMC2:1241, KRT5:6282.5, KRT14:6282.5, LAMA3:6282.5, CD151:6282.5, COL17A1:12669, DST:13394","Both",3
"REACTOME_SYNTHESIS_OF_GDP_MANNOSE",-0.128737951132033,0.318830166432055,0.682736004193397,5,"PMM2:1048, MPI:1193, PMM1:6282.5, GMPPA:6282.5, GMPPB:13871","Unclear",0
"REACTOME_CELL_EXTRACELLULAR_MATRIX_INTERACTIONS",-0.0616359675183205,0.379157431551469,0.731928103947858,17,"ACTG1:418, ARHGEF6:1661, ACTN1:6282.5, ACTB:6282.5, FLNA:6282.5, LIMS2:6282.5, PXN:6282.5, TESK1:6282.5, FLNC:6282.5, RSU1:6282.5, FBLIM1:6282.5, ILK:6282.5, LIMS1:6282.5, PARVB:6282.5, ITGB1:12155, FERMT2:12229, VASP:13772","Unclear",0
"REACTOME_REGULATION_OF_CYTOSKELETAL_REMODELING_AND_CELL_SPREADING_BY_IPP_COMPLEX_COMPONENTS",-0.139830237027546,0.200196832738512,0.570228893250453,7,"ARHGEF6:1661, ACTN1:6282.5, PXN:6282.5, TESK1:6282.5, RSU1:6282.5, LIMS1:6282.5, PARVB:6282.5","Unclear",0
"REACTOME_CELL_JUNCTION_ORGANIZATION",-0.0583657536372556,0.0620654668383662,0.364508262897636,86,"PLEC:4, ITGB4:143, AFDN:264, ACTG1:418, CLDN22:560, CDH6:572, ITGA6:688, SDK1:856, LAMB3:1056, CDH4:1225, LAMC2:1241, ARHGEF6:1661, CLDN14:1711, SDK2:1773, ACTN1:6282.5, ACTB:6282.5, F11R:6282.5, FLNA:6282.5, CTNNA1:6282.5, CDH15:6282.5, CDH2:6282.5, JUP:6282.5, CLDN7:6282.5, KRT5:6282.5, KRT14:6282.5, NECTIN2:6282.5, LAMA3:6282.5, CD151:6282.5, CDH10:6282.5, LIMS2:6282.5, CDH17:6282.5, CDH7:6282.5, PXN:6282.5, PARD6A:6282.5, CLDN15:6282.5, TESK1:6282.5, NECTIN1:6282.5, CDH9:6282.5, PARD6B:6282.5, FLNC:6282.5, PATJ:6282.5, CDH11:6282.5, CDH13:6282.5, NECTIN4:6282.5, RSU1:6282.5, CDH8:6282.5, CDH12:6282.5, CLDN17:6282.5, CLDN8:6282.5, CLDN12:6282.5, FBLIM1:6282.5, CADM3:6282.5, CLDN1:6282.5, PRKCI:6282.5, CLDN19:6282.5, ILK:6282.5, LIMS1:6282.5, CLDN20:6282.5, CADM2:6282.5, PARD6G:6282.5, CDH5:6282.5, CADM1:6282.5, CLDN5:6282.5, PARVB:6282.5, CLDN9:6282.5, CLDN23:6282.5, CTNND1:11015, NECTIN3:11110, CLDN3:11174, CDH18:11282, CLDN2:11385, CLDN11:11543, PARD3:11871, CLDN6:11928, ITGB1:12155, FERMT2:12229, CDH1:12245, COL17A1:12669, CLDN10:12939, CLDN4:13004, CLDN18:13128, DST:13394, CDH3:13538, VASP:13772, CRB3:15056, CLDN16:15098","Herbivore",1
"REACTOME_NRCAM_INTERACTIONS",-0.0078955797565663,0.942337893811391,0.988385818814391,7,"NRCAM:53, DLG3:6282.5, DLG4:6282.5, NRP2:6282.5, CNTN2:6282.5, ANK1:13535, DLG1:14328","Both",3
"REACTOME_NEUROFASCIN_INTERACTIONS",-0.0146657699062138,0.901003015133923,0.971595954716785,6,"NRCAM:53, CNTNAP1:6282.5, SDCBP:6282.5, NFASC:6282.5, CNTN1:12506, ANK1:13535","Both",3
"REACTOME_INTERLEUKIN_17_SIGNALING",-0.0590023536857928,0.12402630075381,0.482203186196789,57,"RPS27A:59, SKP1:68, UBA52:103, IKBKG:445, NOD1:499, MAPK7:1720, TAB1:1736, MAPK3:6282.5, UBB:6282.5, PPP2R5D:6282.5, PPP2R1B:6282.5, RPS6KA2:6282.5, DUSP4:6282.5, DUSP6:6282.5, DUSP7:6282.5, NFKB1:6282.5, CHUK:6282.5, MEF2A:6282.5, RPS6KA5:6282.5, MAP2K6:6282.5, JUN:6282.5, MAPK11:6282.5, MAP2K3:6282.5, MAPK9:6282.5, IL17RB:6282.5, MAP2K7:6282.5, RIPK2:6282.5, VRK3:6282.5, MAP3K8:6282.5, DUSP3:6282.5, MAPK10:6282.5, MAPKAPK3:6282.5, ATF2:6282.5, IL17C:6282.5, ELK1:6282.5, IRAK2:6282.5, TAB3:6282.5, MAPKAPK2:6282.5, IL17RC:6282.5, NOD2:6282.5, TNIP2:6282.5, FOS:6282.5, TRAF6:6282.5, IL17RA:6282.5, IRAK1:6282.5, UBE2V1:6282.5, IL17A:11365, BTRC:11532, MAP3K7:11639, UBE2N:11716, IL17RE:12269, RPS6KA1:12739, TAB2:12875, IL25:13467, ATF1:13857, IKBKB:14262, IL17F:14664","Herbivore",1
"REACTOME_OTHER_INTERLEUKIN_SIGNALING",-0.111620074099023,0.084136082507815,0.399712468236794,20,"SNAP25:21, PTPRZ1:63, IL16:135, CSF1:1209, TYK2:6282.5, JAK1:6282.5, STXBP2:6282.5, SDC1:6282.5, STX1A:6282.5, CSF3R:6282.5, CD4:6282.5, TXLNA:6282.5, IL34:6282.5, STX3:6282.5, CSF1R:6282.5, IFNLR1:6282.5, IL10RB:6282.5, STX4:10950, CSF3:12089, CASP3:14463","Both",3
"REACTOME_MAPK_TARGETS_NUCLEAR_EVENTS_MEDIATED_BY_MAP_KINASES",-0.068179265989485,0.268573277248396,0.637984513578755,22,"MAPK7:1720, MAPK3:6282.5, PPP2R5D:6282.5, PPP2R1B:6282.5, RPS6KA2:6282.5, DUSP4:6282.5, DUSP6:6282.5, DUSP7:6282.5, MEF2A:6282.5, RPS6KA5:6282.5, JUN:6282.5, MAPK11:6282.5, MAPK9:6282.5, VRK3:6282.5, DUSP3:6282.5, MAPK10:6282.5, ATF2:6282.5, ELK1:6282.5, MAPKAPK2:6282.5, FOS:6282.5, RPS6KA1:12739, ATF1:13857","Unclear",0
"REACTOME_ACTIVATED_TAK1_MEDIATES_P38_MAPK_ACTIVATION",-0.130473837862115,0.0385785197615251,0.305477070602718,21,"RPS27A:59, UBA52:103, IKBKG:445, NOD1:499, TAB1:1736, UBB:6282.5, MAP2K6:6282.5, MAPK11:6282.5, MAP2K3:6282.5, RIPK2:6282.5, MAPKAPK3:6282.5, IRAK2:6282.5, TAB3:6282.5, MAPKAPK2:6282.5, NOD2:6282.5, TRAF6:6282.5, IRAK1:6282.5, UBE2V1:6282.5, MAP3K7:11639, UBE2N:11716, TAB2:12875","Herbivore",1
"REACTOME_JNK_C_JUN_KINASES_PHOSPHORYLATION_AND_ACTIVATION_MEDIATED_BY_ACTIVATED_HUMAN_TAK1",-0.133942287240328,0.0433608227382721,0.321396819707281,19,"RPS27A:59, UBA52:103, IKBKG:445, NOD1:499, TAB1:1736, UBB:6282.5, MAPK9:6282.5, MAP2K7:6282.5, RIPK2:6282.5, MAPK10:6282.5, IRAK2:6282.5, TAB3:6282.5, NOD2:6282.5, TRAF6:6282.5, IRAK1:6282.5, UBE2V1:6282.5, MAP3K7:11639, UBE2N:11716, TAB2:12875","Herbivore",1
"REACTOME_ACTIVATION_OF_THE_AP_1_FAMILY_OF_TRANSCRIPTION_FACTORS",-0.097085201793722,0.373787163624153,0.727009984912997,7,"MAPK3:6282.5, JUN:6282.5, MAPK11:6282.5, MAPK9:6282.5, MAPK10:6282.5, ATF2:6282.5, FOS:6282.5","Unclear",0
"REACTOME_BUTYRATE_RESPONSE_FACTOR_1_BRF1_BINDS_AND_DESTABILIZES_MRNA",-0.0162579957356077,0.821930406541053,0.939233875864161,16,"EXOSC5:1549, AKT1:6282.5, MAPKAPK2:6282.5, DIS3:6282.5, EXOSC3:6282.5, EXOSC8:6282.5, EXOSC9:6282.5, EXOSC2:6282.5, EXOSC1:6282.5, EXOSC4:6282.5, DCP1A:6282.5, ZFP36L1:6282.5, XRN1:11667, EXOSC6:11835, EXOSC7:12020, DCP2:13879","Unclear",0
"REACTOME_TRISTETRAPROLIN_TTP_ZFP36_BINDS_AND_DESTABILIZES_MRNA",-0.0108617594254937,0.884240991114916,0.96440052048891,15,"EXOSC5:1549, MAPKAPK2:6282.5, DIS3:6282.5, EXOSC3:6282.5, EXOSC8:6282.5, EXOSC9:6282.5, EXOSC2:6282.5, EXOSC1:6282.5, EXOSC4:6282.5, DCP1A:6282.5, ZFP36:6282.5, XRN1:11667, EXOSC6:11835, EXOSC7:12020, DCP2:13879","Unclear",0
"REACTOME_HUR_ELAVL1_BINDS_AND_STABILIZES_MRNA",-0.0607742031909726,0.606214838475552,0.854849423976206,6,"NUP214:1425, PRKCA:6282.5, TNFSF13:6282.5, SET:6282.5, ANP32A:6282.5, PRKCD:14207","Unclear",0
"REACTOME_REGULATION_OF_MRNA_STABILITY_BY_PROTEINS_THAT_BIND_AU_RICH_ELEMENTS",-0.0155835703165159,0.674372408280683,0.883292543339485,61,"RPS27A:59, UBA52:103, PSMB9:1148, NUP214:1425, EXOSC5:1549, PSMB11:1646, PSMD5:6282.5, PSMB5:6282.5, PSMD3:6282.5, PSMD9:6282.5, PSMF1:6282.5, PSMB2:6282.5, PSMA1:6282.5, PSME3:6282.5, AKT1:6282.5, PSMB6:6282.5, PSMA8:6282.5, PSMD4:6282.5, PSMB4:6282.5, PSMD6:6282.5, UBB:6282.5, PSMD13:6282.5, PSMD12:6282.5, PSMB8:6282.5, PSMB10:6282.5, PRKCA:6282.5, EIF4G1:6282.5, MAPK11:6282.5, TNFSF13:6282.5, MAPKAPK2:6282.5, SET:6282.5, DIS3:6282.5, KHSRP:6282.5, EXOSC3:6282.5, EXOSC8:6282.5, EXOSC9:6282.5, EXOSC2:6282.5, PARN:6282.5, EXOSC1:6282.5, EXOSC4:6282.5, DCP1A:6282.5, ZFP36L1:6282.5, ZFP36:6282.5, ANP32A:6282.5, PSMD10:11350, PSMD1:11428, HNRNPD:11498, PSMB1:11506, PSMB7:11603, XRN1:11667, PSME4:11744, EXOSC6:11835, SEM1:11957, EXOSC7:12020, PSMD8:12029, HSPB1:13412, DCP2:13879, PRKCD:14207, PSMD2:14237, PSME2:14297, PSME1:14419","Herbivore",1
"REACTOME_KSRP_KHSRP_BINDS_AND_DESTABILIZES_MRNA",-0.0343132854578097,0.645553302905973,0.864092505671469,15,"EXOSC5:1549, AKT1:6282.5, MAPK11:6282.5, DIS3:6282.5, KHSRP:6282.5, EXOSC3:6282.5, EXOSC8:6282.5, EXOSC9:6282.5, EXOSC2:6282.5, PARN:6282.5, EXOSC1:6282.5, EXOSC4:6282.5, EXOSC6:11835, EXOSC7:12020, DCP2:13879","Unclear",0
"REACTOME_IONOTROPIC_ACTIVITY_OF_KAINATE_RECEPTORS",-0.111839892364615,0.273407030720699,0.641865724465391,8,"GRIK1:777, GRIK3:1599, DLG3:6282.5, NCALD:6282.5, GRIK5:6282.5, DLG4:6282.5, GRIK2:6282.5, DLG1:14328","Unclear",0
"REACTOME_ACTIVATION_OF_KAINATE_RECEPTORS_UPON_GLUTAMATE_BINDING",-0.0409899725582921,0.60895686532278,0.854849423976206,13,"GRIK1:777, GRIK3:1599, GNB5:6282.5, GNB3:6282.5, PLCB3:6282.5, DLG3:6282.5, NCALD:6282.5, GRIK5:6282.5, DLG4:6282.5, GRIK2:6282.5, PLCB2:12405, PLCB1:12992, DLG1:14328","Unclear",0
"REACTOME_INTERLEUKIN_2_FAMILY_SIGNALING",-0.0456536038219206,0.324416080572695,0.686142571828483,39,"IL21R:762, SHC1:997, STAT4:1753, JAK2:6282.5, STAT1:6282.5, JAK1:6282.5, PIK3R2:6282.5, PTPN6:6282.5, SOS1:6282.5, PIK3CA:6282.5, PIK3R1:6282.5, LCK:6282.5, GAB2:6282.5, STAT5A:6282.5, STAT5B:6282.5, JAK3:6282.5, IL2RG:6282.5, SOS2:6282.5, PIK3CD:6282.5, IL5RA:6282.5, CSF2RB:6282.5, IL2RB:6282.5, IL5:6282.5, PTK2B:6282.5, IL9R:6282.5, IL2RA:6282.5, IL15RA:6282.5, IL21:6282.5, IL9:6282.5, IL15:6282.5, CSF2:6282.5, INPPL1:6282.5, IL2:11247, INPP5D:11828, PIK3R3:12489, PIK3CB:12691, IL3RA:13179, SYK:13613, HAVCR2:14308","Unclear",0
"REACTOME_SUMOYLATION_OF_CHROMATIN_ORGANIZATION_PROTEINS",-0.0740093750913091,0.0603593967585544,0.362806541994314,54,"UBE2I:15, H4C15:49, H4C14:85, H4C3:171, NUP88:192, H4C2:238, H4C13:295, NUP153:528, NUP50:643, CBX2:748, CHD3:793, PHC2:1286, RAE1:1313, NUP214:1425, SATB1:6282.5, H4C8:6282.5, H4C11:6282.5, TPR:6282.5, NDC1:6282.5, AAAS:6282.5, NUP188:6282.5, NUP93:6282.5, NUP155:6282.5, NUP43:6282.5, NUP210:6282.5, NUP58:6282.5, SEC13:6282.5, NUP35:6282.5, NUP62:6282.5, SUZ12:6282.5, PCGF2:6282.5, HDAC4:6282.5, SCMH1:6282.5, PHC1:6282.5, CBX8:6282.5, PHC3:6282.5, SATB2:6282.5, SUMO3:6282.5, NUP205:10887, RING1:11260, PIAS1:11372, NUP160:11681, NUP37:11698, NUP85:11843, H4C1:11869, NUP107:12122, L3MBTL2:12182, HDAC1:12354, NUP42:12532, NUP54:12910, NUP98:13246, NUP133:13372, SEH1L:14240, PIAS2:14335","Both",3
"REACTOME_THROMBIN_SIGNALLING_THROUGH_PROTEINASE_ACTIVATED_RECEPTORS_PARS",-0.109086246413746,0.15773480773333,0.527545065724495,14,"GNA12:1314, GNA13:1420, MAPK3:6282.5, GNA15:6282.5, GNB5:6282.5, GNB3:6282.5, F2RL3:6282.5, ARRB1:6282.5, ARRB2:6282.5, GNA14:6282.5, F2:6282.5, F2R:6282.5, SRC:6282.5, F2RL2:13349","Unclear",0
"REACTOME_SUMOYLATION_OF_RNA_BINDING_PROTEINS",-0.0552488371386009,0.245363403230247,0.613478153584784,37,"UBE2I:15, NUP88:192, NUP153:528, NUP50:643, CBX2:748, PHC2:1286, RAE1:1313, NUP214:1425, TPR:6282.5, NDC1:6282.5, AAAS:6282.5, NUP188:6282.5, NUP93:6282.5, NUP155:6282.5, NUP43:6282.5, NUP210:6282.5, NUP58:6282.5, SEC13:6282.5, NUP35:6282.5, NUP62:6282.5, PCGF2:6282.5, SCMH1:6282.5, PHC1:6282.5, CBX8:6282.5, PHC3:6282.5, NOP58:6282.5, NUP205:10887, RING1:11260, NUP160:11681, NUP37:11698, NUP85:11843, NUP107:12122, NUP42:12532, NUP54:12910, NUP98:13246, NUP133:13372, SEH1L:14240","Both",3
"REACTOME_ASYMMETRIC_LOCALIZATION_OF_PCP_PROTEINS",-0.0334409167104506,0.438285200082631,0.769615051747319,45,"RPS27A:59, UBA52:103, SCRIB:111, PSMB9:1148, DVL2:1509, PSMB11:1646, PSMD5:6282.5, PSMB5:6282.5, PSMD3:6282.5, PSMD9:6282.5, PSMF1:6282.5, PSMB2:6282.5, PSMA1:6282.5, PSME3:6282.5, PSMB6:6282.5, PSMA8:6282.5, PSMD4:6282.5, PSMB4:6282.5, PSMD6:6282.5, UBB:6282.5, PSMD13:6282.5, PSMD12:6282.5, PSMB8:6282.5, PSMB10:6282.5, SMURF2:6282.5, PARD6A:6282.5, FZD3:6282.5, PRICKLE1:6282.5, FZD7:6282.5, FZD1:6282.5, FZD5:6282.5, FZD4:6282.5, FZD8:6282.5, PSMD10:11350, PSMD1:11428, PSMB1:11506, PSMB7:11603, PSME4:11744, SEM1:11957, PSMD8:12029, WNT5A:12876, SMURF1:13611, PSMD2:14237, PSME2:14297, PSME1:14419","Herbivore",1
"REACTOME_DEGRADATION_OF_AXIN",-0.0361416534924892,0.441248277047545,0.772278509992157,38,"RPS27A:59, UBA52:103, PSMB9:1148, AXIN2:1168, PSMB11:1646, PSMD5:6282.5, PSMB5:6282.5, PSMD3:6282.5, PSMD9:6282.5, PSMF1:6282.5, PSMB2:6282.5, PSMA1:6282.5, PSME3:6282.5, PSMB6:6282.5, PSMA8:6282.5, PSMD4:6282.5, PSMB4:6282.5, PSMD6:6282.5, UBB:6282.5, PSMD13:6282.5, PSMD12:6282.5, PSMB8:6282.5, PSMB10:6282.5, SMURF2:6282.5, AXIN1:6282.5, TNKS2:6282.5, RNF146:6282.5, TNKS:6282.5, PSMD10:11350, PSMD1:11428, PSMB1:11506, PSMB7:11603, PSME4:11744, SEM1:11957, PSMD8:12029, PSMD2:14237, PSME2:14297, PSME1:14419","Herbivore",1
"REACTOME_DEGRADATION_OF_DVL",-0.0247260067143897,0.598298784018352,0.851199860037491,38,"RPS27A:59, UBA52:103, DVL1:806, PSMB9:1148, DVL2:1509, PSMB11:1646, PSMD5:6282.5, PSMB5:6282.5, PSMD3:6282.5, PSMD9:6282.5, PSMF1:6282.5, PSMB2:6282.5, PSMA1:6282.5, PSME3:6282.5, PSMB6:6282.5, PSMA8:6282.5, PSMD4:6282.5, PSMB4:6282.5, PSMD6:6282.5, UBB:6282.5, PSMD13:6282.5, PSMD12:6282.5, PSMB8:6282.5, PSMB10:6282.5, HECW1:6282.5, DACT1:6282.5, PSMD10:11350, PSMD1:11428, PSMB1:11506, PSMB7:11603, PSME4:11744, DVL3:11924, SEM1:11957, PSMD8:12029, KLHL12:12266, PSMD2:14237, PSME2:14297, PSME1:14419","Herbivore",1
"REACTOME_DISASSEMBLY_OF_THE_DESTRUCTION_COMPLEX_AND_RECRUITMENT_OF_AXIN_TO_THE_MEMBRANE",-0.0947351459041369,0.116010485051704,0.466811237021619,23,"AMER1:457, DVL1:806, DVL2:1509, APC:6282.5, PPP2R5A:6282.5, PPP2R5B:6282.5, PPP2R5C:6282.5, CAV1:6282.5, PPP2R5D:6282.5, PPP2R1B:6282.5, GSK3B:6282.5, WNT1:6282.5, WNT3A:6282.5, CSNK1G2:6282.5, AXIN1:6282.5, LRP6:6282.5, WNT8B:6282.5, FZD1:6282.5, LRP5:6282.5, FZD5:6282.5, FRAT1:11338, DVL3:11924, WNT8A:12286","Unclear",0
"REACTOME_REGULATION_OF_FZD_BY_UBIQUITINATION",-0.0760469293813854,0.239304248950715,0.611255125102696,20,"RPS27A:59, UBA52:103, LGR4:1732, UBB:6282.5, WNT3A:6282.5, LRP6:6282.5, RSPO4:6282.5, RNF43:6282.5, LGR6:6282.5, LRP5:6282.5, FZD5:6282.5, FZD6:6282.5, RSPO1:6282.5, FZD4:6282.5, FZD8:6282.5, ZNRF3:6282.5, RSPO2:11359, LGR5:12109, USP8:12271, RSPO3:12435","Herbivore",1
"REACTOME_REPRESSION_OF_WNT_TARGET_GENES",-0.0305010282295756,0.714554791112305,0.899052538991965,12,"CTBP2:223, AXIN2:1168, TCF7:6282.5, MYC:6282.5, TLE2:6282.5, TLE3:6282.5, TLE1:6282.5, TCF7L2:6282.5, TLE4:10979, HDAC1:12354, TCF7L1:12419, LEF1:12491","Unclear",0
"REACTOME_SUMOYLATION_OF_DNA_METHYLATION_PROTEINS",-0.0622920171994765,0.455087832962733,0.772278509992157,12,"UBE2I:15, CBX2:748, PHC2:1286, PCGF2:6282.5, DNMT3A:6282.5, SCMH1:6282.5, PHC1:6282.5, CBX8:6282.5, PHC3:6282.5, RING1:11260, DNMT1:14893, DNMT3B:15070","Both",3
"REACTOME_SUMOYLATION_OF_IMMUNE_RESPONSE_PROTEINS",-0.0186385555680161,0.838314951733656,0.94645075640312,10,"UBE2I:15, IKBKG:445, NFKBIA:6282.5, RELA:6282.5, IKBKE:6282.5, SUMO3:6282.5, PIAS4:10793, PIAS3:11877, NFKB2:12055, TOPORS:14075","Both",3
"REACTOME_SIGNALING_BY_WNT_IN_CANCER",-0.111785268414482,0.0445395597833166,0.322588153954719,27,"CTBP2:223, AMER1:457, APC:6282.5, PPP2R5A:6282.5, PPP2R5B:6282.5, PPP2R5C:6282.5, PPP2R5D:6282.5, PPP2R1B:6282.5, GSK3B:6282.5, DKK1:6282.5, WNT3A:6282.5, AXIN1:6282.5, TCF7L2:6282.5, LRP6:6282.5, PORCN:6282.5, TNKS2:6282.5, RNF43:6282.5, KREMEN2:6282.5, DKK2:6282.5, LRP5:6282.5, FZD5:6282.5, FZD6:6282.5, TNKS:6282.5, FZD4:6282.5, FZD8:6282.5, KREMEN1:6282.5, DKK4:11943","Unclear",0
"REACTOME_SIGNALING_BY_CTNNB1_PHOSPHO_SITE_MUTANTS",-0.138621016172037,0.14992827902548,0.519926491710993,9,"AMER1:457, APC:6282.5, PPP2R5A:6282.5, PPP2R5B:6282.5, PPP2R5C:6282.5, PPP2R5D:6282.5, PPP2R1B:6282.5, GSK3B:6282.5, AXIN1:6282.5","Unclear",0
"REACTOME_PRESYNAPTIC_FUNCTION_OF_KAINATE_RECEPTORS",-0.00652019579269886,0.955896273433169,0.99286485149477,6,"GRIK3:1599, GNB5:6282.5, GNB3:6282.5, PLCB3:6282.5, PLCB2:12405, PLCB1:12992","Unclear",0
"REACTOME_GPCR_LIGAND_BINDING",-0.0337312311902417,0.0247424586501696,0.256383062909516,386,"TACR2:64, SSTR4:74, BDKRB1:114, FSHR:166, GPR143:270, HTR1D:274, MTNR1A:281, MTNR1B:323, GPR68:339, GPR132:352, NPBWR2:354, NTSR1:373, VIPR1:504, NPFFR1:537, RXFP3:600, NPSR1:733, CCR9:743, GRM8:887, TAAR6:946, GALR1:994, VIPR2:1003, EDN2:1031, GPR35:1051, OPRK1:1053, MC3R:1070, GRM6:1076, GABBR1:1096, LPAR4:1174, AVPR1B:1217, CHRM2:1264, OPN3:1430, GAL:1431, NPFFR2:1515, NTSR2:1602, HRH3:1610, ADRA2C:1617, CHRM1:1674, HTR6:1746, UTS2R:1768, TBXA2R:6282.5, GNB5:6282.5, GNB3:6282.5, F2RL3:6282.5, APP:6282.5, ADRA2A:6282.5, PTGIR:6282.5, PF4:6282.5, P2RY1:6282.5, F2:6282.5, F2R:6282.5, PSAP:6282.5, PDYN:6282.5, GRM5:6282.5, CXCL12:6282.5, WNT1:6282.5, DHH:6282.5, WNT3A:6282.5, IHH:6282.5, SHH:6282.5, WNT10B:6282.5, CCL22:6282.5, OPRD1:6282.5, CCR2:6282.5, ANXA1:6282.5, CCR5:6282.5, CCR1:6282.5, PTAFR:6282.5, S1PR1:6282.5, CCL5:6282.5, C3:6282.5, CCR6:6282.5, GCG:6282.5, GCGR:6282.5, GLP1R:6282.5, CHRM3:6282.5, ADCYAP1R1:6282.5, ADCYAP1:6282.5, C5:6282.5, C5AR2:6282.5, C3AR1:6282.5, C5AR1:6282.5, ADGRE3:6282.5, FPR2:6282.5, MCHR1:6282.5, RHO:6282.5, SSTR3:6282.5, WNT16:6282.5, WNT8B:6282.5, WNT11:6282.5, FZD3:6282.5, WNT2:6282.5, WNT6:6282.5, WNT2B:6282.5, WNT10A:6282.5, FZD7:6282.5, FZD1:6282.5, WNT9B:6282.5, FZD5:6282.5, FZD6:6282.5, FZD4:6282.5, FZD8:6282.5, TACR1:6282.5, AVPR2:6282.5, ADRB2:6282.5, AGT:6282.5, TSHB:6282.5, FSHB:6282.5, OPN1LW:6282.5, OPN1SW:6282.5, OPN1MW:6282.5, CRHR2:6282.5, GRP:6282.5, GHRL:6282.5, GIP:6282.5, TAC1:6282.5, GIPR:6282.5, HEBP1:6282.5, ADRB1:6282.5, PTGER3:6282.5, CALCRL:6282.5, GLP2R:6282.5, PRLH:6282.5, EDN1:6282.5, SCTR:6282.5, PTHLH:6282.5, PROKR2:6282.5, OXT:6282.5, BRS3:6282.5, HTR2A:6282.5, PLPPR2:6282.5, GHRHR:6282.5, CCL1:6282.5, PPY:6282.5, GNRHR:6282.5, NMU:6282.5, CCKBR:6282.5, FZD10:6282.5, KISS1R:6282.5, ECE1:6282.5, PLPPR5:6282.5, PLPPR4:6282.5, CNR1:6282.5, GHRH:6282.5, PRLHR:6282.5, CRHR1:6282.5, GPR31:6282.5, HCRTR1:6282.5, OPN4:6282.5, NPY:6282.5, RAMP3:6282.5, NLN:6282.5, EDN3:6282.5, GRM4:6282.5, OPN5:6282.5, CXCL6:6282.5, GPR18:6282.5, PTGER2:6282.5, OPRL1:6282.5, S1PR4:6282.5, GRPR:6282.5, FFAR2:6282.5, CCR7:6282.5, TAS2R3:6282.5, TAS2R4:6282.5, GALR3:6282.5, ACKR4:6282.5, PLPPR3:6282.5, CCL25:6282.5, RAMP1:6282.5, NMUR2:6282.5, RXFP2:6282.5, HTR1B:6282.5, TAAR5:6282.5, NMBR:6282.5, GPR55:6282.5, HTR2B:6282.5, EDNRB:6282.5, LHCGR:6282.5, CXCL9:6282.5, NPFF:6282.5, LPAR6:6282.5, SSTR1:6282.5, PTH2:6282.5, PROK1:6282.5, GPR17:6282.5, PTH2R:6282.5, ACKR3:6282.5, ACKR2:6282.5, UCN2:6282.5, ECE2:6282.5, CRHBP:6282.5, TAAR2:6282.5, TAAR8:6282.5, VIP:6282.5, HTR2C:6282.5, GNRH1:6282.5, CRH:6282.5, PLPPR1:6282.5, RGR:6282.5, HTR7:6282.5, DRD2:6282.5, GPHA2:6282.5, EDNRA:6282.5, CCL28:6282.5, CYSLTR2:6282.5, HTR5A:6282.5, CXCR5:6282.5, PTH1R:6282.5, PTGER1:6282.5, HCRT:6282.5, SSTR5:6282.5, CCKAR:6282.5, PROK2:6282.5, ADORA1:6282.5, GRM2:6282.5, HTR4:6282.5, GPER1:6282.5, OXGR1:6282.5, AVPR1A:6282.5, MC4R:6282.5, TAC3:6282.5, PTGDR:6282.5, BDKRB2:6282.5, HTR1E:6282.5, CXCL11:6282.5, GPR183:6282.5, PROKR1:6282.5, DRD5:6282.5, TACR3:6282.5, TAS1R3:6282.5, GPR37L1:6282.5, ADRA1B:6282.5, ADORA2B:6282.5, GPR37:6282.5, TRH:6282.5, RLN3:6282.5, APLN:6282.5, PTGER4:6282.5, NMUR1:6282.5, P2RY6:6282.5, CXCR6:6282.5, INSL5:6282.5, CYSLTR1:6282.5, XCR1:6282.5, GPRC6A:6282.5, TAS1R1:6282.5, TRHR:6282.5, CMKLR1:6282.5, ADGRE1:6282.5, P2RY14:6282.5, P2RY2:6282.5, GPR4:6282.5, HTR1A:6282.5, UCN3:6282.5, TAS1R2:6282.5, HTR1F:6282.5, GPBAR1:6282.5, CCR8:6282.5, RRH:6282.5, SSTR2:6282.5, CHRM4:6282.5, S1PR5:6282.5, AGTR2:6282.5, OXTR:6282.5, PENK:6282.5, PTGDR2:6282.5, PMCH:6282.5, CCR3:6282.5, CCR4:6282.5, GPR39:6282.5, NPW:6282.5, CCR10:6282.5, LPAR5:6282.5, CHRM5:6282.5, NPY2R:6282.5, FFAR3:6282.5, TAS2R60:6282.5, PTCH1:6282.5, CXCR3:6282.5, QRFPR:6282.5, P2RY4:6282.5, ADRB3:6282.5, UTS2B:6282.5, GRM7:6282.5, NMB:6282.5, LPAR1:6282.5, SUCNR1:6282.5, NMS:6282.5, ACKR1:6282.5, S1PR3:6282.5, LTB4R:6282.5, LTB4R2:6282.5, NPS:6282.5, TAS2R41:6282.5, TAS2R40:6282.5, TAAR9:6282.5, P2RY11:6282.5, MC1R:6282.5, NPBWR1:6282.5, GRM3:10915, PNOC:11028, NPY4R:11111.5, CX3CR1:11123, UTS2:11183, FZD9:11220, CCRL2:11259, HCRTR2:11264, APLNR:11329, MCHR2:11334, CCL16:11363, LPAR2:11379, NTS:11398, AVP:11466, LPAR3:11508, S1PR2:11518, MLN:11592, CXCL10:11631, GPR65:11662, OPRM1:11680, CNR2:11711, GABBR2:11777, F2RL1:11788, FFAR4:11953, CCL21:11982, ADM:12002, GRM1:12091, CCL27:12116, CCL20:12153, ADRA1D:12171, TAS2R1:12185, WNT8A:12286, DRD3:12296, ADRA2B:12519, DRD1:12585, WNT9A:12607, NPY1R:12675, LHB:12793, MLNR:12830, PTCH2:12863, WNT5A:12876, ADRA1A:12958, HRH4:13008, HCAR1:13013, RAMP2:13021, GHSR:13037, NPB:13149, TAS2R7:13154, CASR:13189, P2RY13:13317, MC5R:13335, F2RL2:13349, HRH1:13417, AGTR1:13483, HCAR2:13501, GALR2:13557, CXCR4:13593, CCK:13642, PYY:13666, GPHB5:13731, TAS2R38:13802, TAS2R39:13811, SMO:13839, KNG1:13886, P2RY10:13956, RXFP1:13978, MC2R:14082, CXCL8:14183, ADORA2A:14198, P2RY12:14253, CGA:14327, TAAR1:14373, HRH2:14472, KEL:14530, CXCR1:14559, ADORA3:14562, TAS2R5:14576, FFAR1:14592, UCN:14642, CXCR2:14678, PTGFR:14688, CXCL13:14741, PTH:14760, TAS2R42:14806, CALCR:14892, XK:14962, TAS2R10:15084","Herbivore",1
"REACTOME_DEFECTIVE_LFNG_CAUSES_SCDO3",-0.0973548531719345,0.450936887927754,0.772278509992157,5,"LFNG:1229, NOTCH1:6282.5, NOTCH2:6282.5, NOTCH4:6282.5, NOTCH3:11295","Unclear",0
"REACTOME_WNT5A_DEPENDENT_INTERNALIZATION_OF_FZD4",-0.0124696204898112,0.881138228358228,0.961678102742061,12,"DVL2:1509, PRKCG:6282.5, ARRB2:6282.5, PRKCA:6282.5, AP2M1:6282.5, AP2A2:6282.5, CLTA:6282.5, CLTB:6282.5, FZD4:6282.5, AP2A1:12312, WNT5A:12876, PRKCB:13667","Unclear",0
"REACTOME_INTERLEUKIN_3_INTERLEUKIN_5_AND_GM_CSF_SIGNALING",-0.0202538385951044,0.654013251058132,0.871534287995426,41,"RPS27A:59, UBA52:103, CBL:878, SHC1:997, JAK2:6282.5, JAK1:6282.5, PTPN11:6282.5, UBB:6282.5, PIK3R2:6282.5, PTPN6:6282.5, SOS1:6282.5, PIK3CA:6282.5, PIK3R1:6282.5, GAB2:6282.5, STAT5A:6282.5, STAT5B:6282.5, JAK3:6282.5, IL2RG:6282.5, PIK3CD:6282.5, IL5RA:6282.5, BLNK:6282.5, CSF2RB:6282.5, IL2RB:6282.5, HCK:6282.5, RAPGEF1:6282.5, IL5:6282.5, IL2RA:6282.5, TEC:6282.5, CSF2:6282.5, INPPL1:6282.5, PRKACA:10858, VAV1:11176, IL2:11247, INPP5D:11828, PIK3R3:12489, PIK3CB:12691, IL3RA:13179, LYN:13217, SYK:13613, YES1:14402, CRKL:14514","Herbivore",1
"REACTOME_WNT5A_DEPENDENT_INTERNALIZATION_OF_FZD2_FZD5_AND_ROR2",-0.0466970671052304,0.627663363927298,0.859478811260311,9,"ROR2:372, AP2M1:6282.5, AP2A2:6282.5, CLTA:6282.5, CLTB:6282.5, FZD5:6282.5, ROR1:6282.5, AP2A1:12312, WNT5A:12876","Unclear",0
"REACTOME_O_LINKED_GLYCOSYLATION",-0.0263729684874289,0.368452363015167,0.721302508703959,98,"ADAMTSL3:36, ADAMTS7:57, B3GNT6:123, GALNT9:289, ADAMTS12:304, THSD4:436, ST3GAL3:480, ADAMTS18:609, THSD1:846, ADAMTSL1:1258, ADAMTS4:1292, ADAMTS1:1453, THBS2:1590, GALNT14:1658, ADAMTSL5:1749, THBS1:6282.5, SEMA5A:6282.5, DAG1:6282.5, ADAMTS16:6282.5, ADAMTS5:6282.5, ADAMTS9:6282.5, ADAMTS2:6282.5, ADAMTS14:6282.5, ADAMTS3:6282.5, ST3GAL4:6282.5, ST3GAL1:6282.5, B4GALT6:6282.5, B4GAT1:6282.5, B3GNT3:6282.5, CFP:6282.5, GALNT3:6282.5, GALNT1:6282.5, THSD7A:6282.5, POMT2:6282.5, ADAMTS6:6282.5, SEMA5B:6282.5, POMGNT1:6282.5, POMT1:6282.5, LARGE1:6282.5, ADAMTS17:6282.5, ADAMTS10:6282.5, ADAMTSL4:6282.5, THSD7B:6282.5, ADAMTS19:6282.5, SPON2:6282.5, ADAMTS13:6282.5, SBSPON:6282.5, ADAMTS15:6282.5, C1GALT1C1:6282.5, ADAMTSL2:6282.5, SPON1:6282.5, ST6GALNAC4:6282.5, GALNT16:6282.5, GALNT18:6282.5, GCNT7:6282.5, GALNT5:6282.5, GALNT6:6282.5, GALNT13:6282.5, POMGNT2:6282.5, B3GALNT2:6282.5, GALNT10:6282.5, LARGE2:6282.5, GALNTL6:6282.5, B3GNTL1:6282.5, B3GNT5:6282.5, B3GNT8:6282.5, GALNT11:6282.5, GALNT17:6282.5, POFUT2:6282.5, B3GNT9:6282.5, GALNT4:6282.5, B3GNT7:10868, CHST4:11343, GCNT4:11496, ST6GAL1:11539, ADAMTS20:11927, ADAMTS8:11963, GALNT2:12351, ST6GALNAC3:12397, GALNT7:12414, POMK:12428, MUC4:12747, MUC20:12957, A4GNT:12966, B4GALT5:13067, ST6GALNAC2:13126, MUC15:13272, B3GNT2:13511, GALNT8:13819, GALNT12:13988, GCNT3:14206, GCNT1:14229, GALNTL5:14263, C1GALT1:14356, GALNT15:14427, ST3GAL2:14528, B3GNT4:14679, B3GLCT:14872","Both",3
"REACTOME_O_GLYCOSYLATION_OF_TSR_DOMAIN_CONTAINING_PROTEINS",-0.163667690995968,0.000487844167744285,0.0208673465767454,38,"ADAMTSL3:36, ADAMTS7:57, ADAMTS12:304, THSD4:436, ADAMTS18:609, THSD1:846, ADAMTSL1:1258, ADAMTS4:1292, ADAMTS1:1453, THBS2:1590, ADAMTSL5:1749, THBS1:6282.5, SEMA5A:6282.5, ADAMTS16:6282.5, ADAMTS5:6282.5, ADAMTS9:6282.5, ADAMTS2:6282.5, ADAMTS14:6282.5, ADAMTS3:6282.5, CFP:6282.5, THSD7A:6282.5, ADAMTS6:6282.5, SEMA5B:6282.5, ADAMTS17:6282.5, ADAMTS10:6282.5, ADAMTSL4:6282.5, THSD7B:6282.5, ADAMTS19:6282.5, SPON2:6282.5, ADAMTS13:6282.5, SBSPON:6282.5, ADAMTS15:6282.5, ADAMTSL2:6282.5, SPON1:6282.5, POFUT2:6282.5, ADAMTS20:11927, ADAMTS8:11963, B3GLCT:14872","Both",3
"REACTOME_MITOPHAGY",-0.0639864805876704,0.347523268249533,0.702667567832337,18,"RPS27A:59, UBA52:103, SQSTM1:1531, UBB:6282.5, MFN2:6282.5, SRC:6282.5, CSNK2B:6282.5, TOMM22:6282.5, PRKN:6282.5, ATG5:6282.5, ULK1:6282.5, MTERF3:6282.5, PINK1:6282.5, PGAM5:6282.5, TOMM40:12094, TOMM70:12639, MFN1:12949, ATG12:13199","Herbivore",1
"REACTOME_PINK1_PRKN_MEDIATED_MITOPHAGY",-0.0544709974194996,0.480541764416106,0.7869362409103,14,"RPS27A:59, UBA52:103, SQSTM1:1531, UBB:6282.5, MFN2:6282.5, TOMM22:6282.5, PRKN:6282.5, ATG5:6282.5, MTERF3:6282.5, PINK1:6282.5, TOMM40:12094, TOMM70:12639, MFN1:12949, ATG12:13199","Herbivore",1
"REACTOME_UPTAKE_AND_FUNCTION_OF_ANTHRAX_TOXINS",-0.0970960870052697,0.341673495899515,0.698411037474187,8,"MAP2K2:6282.5, FURIN:6282.5, MAP2K6:6282.5, MAP2K3:6282.5, MAP2K7:6282.5, PDCD6IP:6282.5, ANTXR2:6282.5, ANTXR1:6282.5","Unclear",0
"REACTOME_RIPK1_MEDIATED_REGULATED_NECROSIS",-0.0511351360694131,0.367131355271766,0.720280558819362,26,"RPS27A:59, BIRC3:75, UBA52:103, XIAP:1419, FAS:6282.5, TRADD:6282.5, BIRC2:6282.5, FASLG:6282.5, TRAF2:6282.5, FADD:6282.5, UBB:6282.5, FLOT2:6282.5, FLOT1:6282.5, HSP90AA1:6282.5, STUB1:6282.5, CDC37:6282.5, SDCBP:6282.5, PRKN:6282.5, RIPK3:6282.5, PDCD6IP:6282.5, CASP8:11211, UBE2L3:12052, CFLAR:12261, RIPK1:13907, ITCH:14022, TNFSF10:14922","Herbivore",1
"REACTOME_VEGFR2_MEDIATED_VASCULAR_PERMEABILITY",-0.0435352968199684,0.47990639981619,0.786610217153264,22,"MAPKAP1:1655, AKT2:6282.5, AKT1:6282.5, PAK2:6282.5, CAV1:6282.5, PDPK1:6282.5, VAV2:6282.5, NOS3:6282.5, TRIB3:6282.5, HSP90AA1:6282.5, CTNNA1:6282.5, PAK3:6282.5, PAK1:6282.5, JUP:6282.5, RICTOR:6282.5, PRR5:6282.5, MTOR:6282.5, CDH5:6282.5, CTNND1:11015, VAV1:11176, THEM4:11934, VAV3:13539","Unclear",0
"REACTOME_MISCELLANEOUS_TRANSPORT_AND_BINDING_EVENTS",-0.0453787173975811,0.471847245610539,0.779328088355799,21,"LRRC8A:233, AZGP1:607, NIPAL2:1447, MAGT1:1465, LRRC8E:1605, ADD1:6282.5, NIPAL3:6282.5, CTNS:6282.5, ADD2:6282.5, MRS2:6282.5, NIPA2:6282.5, ADD3:6282.5, ANKH:6282.5, PIP:6282.5, LRRC8C:6282.5, NIPAL1:12033, SLC66A1:12695, LRRC8D:12859, NIPAL4:12929, LRRC8B:14299, DMTN:14513","Unclear",0
"REACTOME_POSITIVE_EPIGENETIC_REGULATION_OF_RRNA_EXPRESSION",-0.0511837045734659,0.178350982906998,0.543187199630604,58,"H4C15:49, H4C14:85, H4C3:171, H4C2:238, H4C13:295, H2BC15:350, H3C13:387, H3C11:588, CHD3:793, H2AC20:1105, MTA3:1137, H3C10:1224, H2AC4:1330, H3C8:1344, H3C4:1469, GATAD2B:1683, ACTB:6282.5, H3C1:6282.5, H4C8:6282.5, H2BC4:6282.5, H2BC21:6282.5, H4C11:6282.5, H2BC9:6282.5, H2AC14:6282.5, GSK3B:6282.5, KAT2A:6282.5, TBP:6282.5, CHD4:6282.5, POLR1C:6282.5, MBD3:6282.5, TAF1C:6282.5, TTF1:6282.5, POLR1B:6282.5, MYBBP1A:6282.5, POLR1E:6282.5, TAF1A:6282.5, TAF1D:6282.5, MTA1:6282.5, EHMT2:6282.5, ERCC6:10951, SMARCA5:11100, POLR2F:11153, MTA2:11316, TAF1B:11364, EP300:11369, POLR1D:11625, H4C1:11869, RBBP7:11998, HDAC1:12354, POLR1A:13359, KAT2B:13850, H3C2:14121, MYO1C:14170, DEK:14716, RBBP4:14816, DDX21:14943, GATAD2A:15062, H3-3A:15088","Both",3
"REACTOME_B_WICH_COMPLEX_POSITIVELY_REGULATES_RRNA_EXPRESSION",-0.0664765193024594,0.123367909044757,0.48145528140194,45,"H4C15:49, H4C14:85, H4C3:171, H4C2:238, H4C13:295, H2BC15:350, H3C13:387, H3C11:588, H2AC20:1105, H3C10:1224, H2AC4:1330, H3C8:1344, H3C4:1469, ACTB:6282.5, H3C1:6282.5, H4C8:6282.5, H2BC4:6282.5, H2BC21:6282.5, H4C11:6282.5, H2BC9:6282.5, H2AC14:6282.5, GSK3B:6282.5, KAT2A:6282.5, TBP:6282.5, POLR1C:6282.5, TAF1C:6282.5, POLR1B:6282.5, MYBBP1A:6282.5, POLR1E:6282.5, TAF1A:6282.5, TAF1D:6282.5, ERCC6:10951, SMARCA5:11100, POLR2F:11153, TAF1B:11364, EP300:11369, POLR1D:11625, H4C1:11869, POLR1A:13359, KAT2B:13850, H3C2:14121, MYO1C:14170, DEK:14716, DDX21:14943, H3-3A:15088","Both",3
"REACTOME_NEGATIVE_EPIGENETIC_REGULATION_OF_RRNA_EXPRESSION",-0.0382184880267659,0.306780769367388,0.673563415176987,60,"H4C15:49, H4C14:85, H4C3:171, H4C2:238, H4C13:295, H2BC15:350, H3C13:387, H3C11:588, H2AC20:1105, H3C10:1224, H2AC4:1330, H3C8:1344, H3C4:1469, H3C1:6282.5, H4C8:6282.5, H2BC4:6282.5, H2BC21:6282.5, H4C11:6282.5, H2BC9:6282.5, H2AC14:6282.5, MNAT1:6282.5, ERCC2:6282.5, GTF2H3:6282.5, ERCC3:6282.5, GTF2H4:6282.5, TBP:6282.5, POLR1C:6282.5, SUV39H1:6282.5, TAF1C:6282.5, UBTF:6282.5, TTF1:6282.5, POLR1B:6282.5, SIN3B:6282.5, RRP8:6282.5, SAP130:6282.5, POLR1E:6282.5, TAF1A:6282.5, SAP18:6282.5, SAP30BP:6282.5, SAP30:6282.5, TAF1D:6282.5, ARID4B:10907, SMARCA5:11100, POLR2F:11153, BAZ2A:11226, TAF1B:11364, POLR1D:11625, H4C1:11869, HDAC1:12354, SIRT1:12367, CCNH:12886, CDK7:12964, POLR1A:13359, SIN3A:13376, GTF2H1:13587, H3C2:14121, GTF2H2:14391, DNMT1:14893, DNMT3B:15070, H3-3A:15088","Both",3
"REACTOME_TOXICITY_OF_BOTULINUM_TOXIN_TYPE_D_BOTD",-0.188585677462737,0.191486596674134,0.561781985098166,4,"SV2B:582, SV2C:6282.5, VAMP1:6282.5, SV2A:6282.5","Unclear",0
"REACTOME_MYOGENESIS",-0.0950348236351382,0.100247924626571,0.431426097017353,25,"CDC42:60, CDH4:1225, MEF2D:1464, ABL1:6282.5, SPAG9:6282.5, CTNNA1:6282.5, CDON:6282.5, NEO1:6282.5, MEF2A:6282.5, TCF3:6282.5, MAP2K6:6282.5, MYF6:6282.5, MYF5:6282.5, MYOG:6282.5, CDH15:6282.5, BOC:6282.5, NTN3:6282.5, CDH2:6282.5, MAPK11:6282.5, MAPK12:6282.5, TCF4:6282.5, MEF2B:6282.5, TCF12:11261, BNIP2:11964, MYOD1:12344","Both",3
"REACTOME_N_GLYCAN_TRIMMING_IN_THE_ER_AND_CALNEXIN_CALRETICULIN_CYCLE",-0.0692105953317598,0.18989259491286,0.561781985098166,30,"RPS27A:59, UBA52:103, ENGASE:190, SYVN1:1343, OS9:1405, RNF5:1670, UBB:6282.5, PDIA3:6282.5, CANX:6282.5, SEL1L:6282.5, PRKCSH:6282.5, MAN1B1:6282.5, DERL1:6282.5, EDEM2:6282.5, UGGT2:6282.5, EDEM3:6282.5, UGGT1:6282.5, MARCHF6:6282.5, AMFR:6282.5, UBXN1:6282.5, RNF139:6282.5, TRIM13:6282.5, RNF103:6282.5, MLEC:11219, MOGS:11348, RAD23B:11956, EDEM1:12545, NGLY1:13261, CALR:13753, GANAB:14662","Herbivore",1
"REACTOME_DNA_METHYLATION",-0.150097121666961,0.0060169983879509,0.1095823039745,28,"H4C15:49, H4C14:85, H4C3:171, H4C2:238, H4C13:295, H2BC15:350, H3C13:387, H3C11:588, H2AC20:1105, H3C10:1224, H2AC4:1330, H3C8:1344, H3C4:1469, H3C1:6282.5, H4C8:6282.5, H2BC4:6282.5, H2BC21:6282.5, H4C11:6282.5, H2BC9:6282.5, H2AC14:6282.5, DNMT3A:6282.5, DNMT3L:6282.5, H4C1:11869, H3C2:14121, UHRF1:14603, DNMT1:14893, DNMT3B:15070, H3-3A:15088","Both",3
"REACTOME_UPTAKE_AND_ACTIONS_OF_BACTERIAL_TOXINS",-0.0699441384429079,0.24587116546863,0.613478153584784,23,"SNAP25:21, SV2B:582, SYT1:6282.5, STX1A:6282.5, SYT2:6282.5, MAP2K2:6282.5, FURIN:6282.5, HSP90AA1:6282.5, HSP90AB1:6282.5, MAP2K6:6282.5, MAP2K3:6282.5, MAP2K7:6282.5, TXNRD1:6282.5, PDCD6IP:6282.5, SV2C:6282.5, VAMP1:6282.5, SV2A:6282.5, ANTXR2:6282.5, ANTXR1:6282.5, PDZD3:6282.5, EEF2:11986, CD9:13650, HBEGF:14150","Both",3
"REACTOME_SIGNALING_BY_LRP5_MUTANTS",-0.0351044352277398,0.765890761763709,0.919012845729246,6,"DKK1:6282.5, KREMEN2:6282.5, DKK2:6282.5, LRP5:6282.5, KREMEN1:6282.5, DKK4:11943","Unclear",0
"REACTOME_SIGNALING_BY_RNF43_MUTANTS",-0.0970960870052697,0.341673495899515,0.698411037474187,8,"WNT3A:6282.5, LRP6:6282.5, RNF43:6282.5, LRP5:6282.5, FZD5:6282.5, FZD6:6282.5, FZD4:6282.5, FZD8:6282.5","Unclear",0
"REACTOME_TNFR1_INDUCED_PROAPOPTOTIC_SIGNALING",-0.0310510176178757,0.606438127328483,0.854849423976206,23,"BIRC3:75, XIAP:1419, OTUD7B:1662, USP2:1712, TRADD:6282.5, BIRC2:6282.5, TRAF2:6282.5, FADD:6282.5, SHARPIN:6282.5, RBCK1:6282.5, MIB2:6282.5, IKBKE:6282.5, CYLD:6282.5, TNFAIP3:6282.5, RNF31:6282.5, USP21:6282.5, SPATA2:6282.5, CASP8:11211, OTUD1:12117, USP4:13304, RIPK1:13907, TBK1:14571, TNF:14980","Both",3
"REACTOME_TNFR1_INDUCED_NFKAPPAB_SIGNALING_PATHWAY",-0.0942213970758877,0.0696751387581871,0.37392000026053,31,"RACK1:31, RPS27A:59, BIRC3:75, UBA52:103, IKBKG:445, XIAP:1419, OTUD7B:1662, USP2:1712, TAB1:1736, TRADD:6282.5, BIRC2:6282.5, TRAF2:6282.5, UBB:6282.5, SHARPIN:6282.5, CHUK:6282.5, TAB3:6282.5, RBCK1:6282.5, OPTN:6282.5, CYLD:6282.5, TNFAIP3:6282.5, RNF31:6282.5, USP21:6282.5, SPATA2:6282.5, TRAF1:6282.5, MAP3K7:11639, OTUD1:12117, TAB2:12875, USP4:13304, RIPK1:13907, IKBKB:14262, TNF:14980","Herbivore",1
"REACTOME_HEDGEHOG_LIGAND_BIOGENESIS",-0.0472766393955316,0.273176828200155,0.641865724465391,45,"RPS27A:59, UBA52:103, ADAM17:468, P4HB:814, PSMB9:1148, SYVN1:1343, OS9:1405, PSMB11:1646, PSMD5:6282.5, PSMB5:6282.5, PSMD3:6282.5, PSMD9:6282.5, PSMF1:6282.5, PSMB2:6282.5, PSMA1:6282.5, PSME3:6282.5, PSMB6:6282.5, PSMA8:6282.5, PSMD4:6282.5, PSMB4:6282.5, PSMD6:6282.5, UBB:6282.5, PSMD13:6282.5, PSMD12:6282.5, PSMB8:6282.5, PSMB10:6282.5, DHH:6282.5, IHH:6282.5, SHH:6282.5, SEL1L:6282.5, GPC5:6282.5, NOTUM:6282.5, SCUBE2:6282.5, PSMD10:11350, PSMD1:11428, PSMB1:11506, PSMB7:11603, PSME4:11744, SEM1:11957, PSMD8:12029, HHAT:12403, PSMD2:14237, PSME2:14297, PSME1:14419, ERLEC1:14551","Herbivore",1
"REACTOME_SIGNALING_BY_HEDGEHOG",-0.0544709294993063,0.0426120959019765,0.318851389116264,117,"DYNC2H1:17, RPS27A:59, SKP1:68, KIF7:72, UBA52:103, ADCY1:241, IFT140:447, ADAM17:468, GLI3:507, TUBB4A:543, OFD1:598, IFT172:670, TUBA4A:786, P4HB:814, ADCY2:835, ADCY8:981, RPGRIP1L:1021, PSMB9:1148, SYVN1:1343, OS9:1405, ADCY3:1563, PSMB11:1646, PSMD5:6282.5, PSMB5:6282.5, PSMD3:6282.5, PSMD9:6282.5, PSMF1:6282.5, PSMB2:6282.5, PSMA1:6282.5, PSME3:6282.5, PSMB6:6282.5, PSMA8:6282.5, PSMD4:6282.5, PSMB4:6282.5, PSMD6:6282.5, UBB:6282.5, PSMD13:6282.5, PSMD12:6282.5, PSMB8:6282.5, PSMB10:6282.5, PRKAR2B:6282.5, TUBB1:6282.5, PRKAR1A:6282.5, TUBA1B:6282.5, KIF3A:6282.5, TUBB2A:6282.5, TUBB2B:6282.5, ARRB1:6282.5, ARRB2:6282.5, PRKAR1B:6282.5, TUBB4B:6282.5, ADCY7:6282.5, ADCY9:6282.5, GRK2:6282.5, ADCY5:6282.5, ADCY6:6282.5, CDON:6282.5, GSK3B:6282.5, DHH:6282.5, BOC:6282.5, IHH:6282.5, SHH:6282.5, SMURF2:6282.5, SEL1L:6282.5, GPC5:6282.5, MKS1:6282.5, IFT88:6282.5, IFT57:6282.5, TTC21B:6282.5, WDR19:6282.5, PTCH1:6282.5, NOTUM:6282.5, SCUBE2:6282.5, EVC:6282.5, GLI2:6282.5, TULP3:6282.5, IQCE:6282.5, SUFU:6282.5, GLI1:6282.5, DZIP1:6282.5, ULK3:6282.5, GAS8:6282.5, GPR161:6282.5, INTU:6282.5, EVC2:6282.5, GAS1:6282.5, PRKACA:10858, NUMB:11122, PSMD10:11350, PSMD1:11428, PSMB1:11506, BTRC:11532, PSMB7:11603, ADCY4:11732, PSME4:11744, HHIP:11819, IFT122:11857, SEM1:11957, SPOPL:11967, WDR35:12009, PSMD8:12029, PRKACB:12035, HHAT:12403, TUBA1A:12546, PTCH2:12863, EFCAB7:13226, FUZ:13320, ADCY10:13431, IFT52:13603, SMURF1:13611, SMO:13839, PRKAR2A:13940, ITCH:14022, PSMD2:14237, PSME2:14297, PSME1:14419, ERLEC1:14551","Herbivore",1
"REACTOME_MISMATCH_REPAIR",-0.197390448904921,0.0137598582359366,0.180856834307114,13,"PMS2:127, POLD2:160, LIG1:198, MLH1:1239, RPA1:1675, POLD1:6282.5, POLD3:6282.5, RPA2:6282.5, POLD4:6282.5, MSH2:6282.5, MSH3:6282.5, MSH6:6282.5, RPA3:13748","Vertivore",2
"REACTOME_RELEASE_OF_HH_NP_FROM_THE_SECRETING_CELL",-0.150384368994234,0.168302771743796,0.538031733074582,7,"ADAM17:468, DHH:6282.5, IHH:6282.5, SHH:6282.5, GPC5:6282.5, NOTUM:6282.5, SCUBE2:6282.5","Unclear",0
"REACTOME_NEGATIVE_REGULATION_OF_TCF_DEPENDENT_SIGNALING_BY_DVL_INTERACTING_PROTEINS",-0.170206208674213,0.23844080342487,0.610950631501589,4,"DVL1:806, DVL2:1509, CCDC88C:6282.5, DVL3:11924","Unclear",0
"REACTOME_DISEASES_OF_MISMATCH_REPAIR_MMR",-0.241223940820444,0.0617781516022942,0.364508262897636,5,"PMS2:127, MLH1:1239, MSH2:6282.5, MSH3:6282.5, MSH6:6282.5","Both",3
"REACTOME_PHASE_3_RAPID_REPOLARISATION",-0.138958964009418,0.17356811186147,0.539979334175454,8,"KCNH2:590, KCNE1:1353, KCNQ1:6282.5, KCNE4:6282.5, KCNE2:6282.5, KCNE3:6282.5, KCNE5:6282.5, AKAP9:11645","Unclear",0
"REACTOME_CARDIAC_CONDUCTION",-0.010890759069943,0.690282552241073,0.889620758892534,113,"CAMK2B:23, CACNB2:278, SLC8A3:452, SCN5A:523, KCNH2:590, ATP1A4:891, SLC8A2:916, NPR1:933, HIPK1:961, KCND3:963, KCNK7:1163, RANGRF:1284, ITPR1:1309, KCNE1:1353, RYR3:1503, ATP2B3:6282.5, ATP2A3:6282.5, NOS1:6282.5, ITPR2:6282.5, ATP1B2:6282.5, GATA4:6282.5, ATP2B2:6282.5, STIM1:6282.5, ATP2A2:6282.5, SLC8A1:6282.5, CAMK2A:6282.5, CAMK2G:6282.5, CACNA2D2:6282.5, CACNB1:6282.5, CACNG4:6282.5, KCNJ2:6282.5, CACNG8:6282.5, KCNJ4:6282.5, KCNJ12:6282.5, KCNQ1:6282.5, KCNK2:6282.5, KCNK6:6282.5, KCND1:6282.5, KCNK1:6282.5, KCNK13:6282.5, KCNJ14:6282.5, KCND2:6282.5, KCNK18:6282.5, KCNJ11:6282.5, WWTR1:6282.5, SCN1B:6282.5, SCN7A:6282.5, SCN1A:6282.5, SCN2B:6282.5, SCN3A:6282.5, SCN3B:6282.5, SCN4B:6282.5, SCN8A:6282.5, MME:6282.5, HIPK2:6282.5, TBX5:6282.5, NPPA:6282.5, NKX2-5:6282.5, CASQ2:6282.5, CASQ1:6282.5, CLIC2:6282.5, TRDN:6282.5, ASPH:6282.5, RYR2:6282.5, ATP1A3:6282.5, FXYD6:6282.5, ATP1A1:6282.5, FXYD1:6282.5, TNNI3:6282.5, DMPK:6282.5, KCNIP2:6282.5, CORIN:6282.5, KCNE4:6282.5, KCNE2:6282.5, NPR2:6282.5, FGF11:6282.5, NPPC:6282.5, KCNE3:6282.5, KCNE5:6282.5, KCNK12:6282.5, PRKACA:10858, RYR1:10916, ATP1A2:11178, KCNK10:11413, AKAP9:11645, SCN2A:11745, ITPR3:11892, TRPC1:12157, KCNIP1:12219, ATP1B3:12329, CAMK2D:12869, KCNK4:12925, CACNA1C:12952, KCNK3:12974, ATP1B1:13005, KCNIP3:13051, ATP2B1:13115, ATP2A1:13148, SCN9A:13170, SCN10A:13285, ORAI2:13432, CACNG6:13450, ABCC9:13525, KCNK5:13716, KAT2B:13850, ORAI1:14037, SRI:14550, KCNK9:14649, KCNK15:14795, KCNK16:14823, ATP2B4:14942, KCNK17:15005, SCN11A:15028","Herbivore",1
"REACTOME_PHASE_0_RAPID_DEPOLARISATION",-0.0300873713411631,0.595664995204812,0.850343615482403,26,"CAMK2B:23, CACNB2:278, SCN5A:523, RANGRF:1284, CAMK2A:6282.5, CAMK2G:6282.5, CACNA2D2:6282.5, CACNB1:6282.5, CACNG4:6282.5, CACNG8:6282.5, SCN1B:6282.5, SCN7A:6282.5, SCN1A:6282.5, SCN2B:6282.5, SCN3A:6282.5, SCN3B:6282.5, SCN4B:6282.5, SCN8A:6282.5, FGF11:6282.5, SCN2A:11745, CAMK2D:12869, CACNA1C:12952, SCN9A:13170, SCN10A:13285, CACNG6:13450, SCN11A:15028","Herbivore",1
"REACTOME_PHASE_2_PLATEAU_PHASE",-0.0568591623791893,0.461511876078567,0.773332632499681,14,"CACNB2:278, KCNE1:1353, CACNA2D2:6282.5, CACNB1:6282.5, CACNG4:6282.5, CACNG8:6282.5, KCNQ1:6282.5, KCNE4:6282.5, KCNE2:6282.5, KCNE3:6282.5, KCNE5:6282.5, AKAP9:11645, CACNA1C:12952, CACNG6:13450","Unclear",0
"REACTOME_PHASE_1_INACTIVATION_OF_FAST_NA_CHANNELS",-0.0143668497552591,0.903010716322116,0.972752517349384,6,"KCND3:963, KCND1:6282.5, KCND2:6282.5, KCNIP2:6282.5, KCNIP1:12219, KCNIP3:13051","Unclear",0
"REACTOME_TRANSCRIPTIONAL_REGULATION_BY_SMALL_RNAS",-0.106804676554423,0.00578294518491771,0.107285129893897,56,"POLR2J:39, H4C15:49, RAN:71, H4C14:85, H4C3:171, NUP88:192, H4C2:238, H4C13:295, H2BC15:350, H3C13:387, NUP153:528, H3C11:588, NUP50:643, H2AC20:1105, H3C10:1224, RAE1:1313, H2AC4:1330, H3C8:1344, NUP214:1425, H3C4:1469, H3C1:6282.5, H4C8:6282.5, H2BC4:6282.5, H2BC21:6282.5, H4C11:6282.5, H2BC9:6282.5, H2AC14:6282.5, TPR:6282.5, NDC1:6282.5, AAAS:6282.5, NUP188:6282.5, NUP93:6282.5, NUP155:6282.5, NUP43:6282.5, NUP210:6282.5, NUP58:6282.5, SEC13:6282.5, NUP35:6282.5, NUP62:6282.5, TNRC6A:6282.5, NUP205:10887, POLR2F:11153, NUP160:11681, NUP37:11698, NUP85:11843, H4C1:11869, NUP107:12122, NUP42:12532, AGO1:12768, NUP54:12910, IPO8:12970, NUP98:13246, NUP133:13372, H3C2:14121, SEH1L:14240, H3-3A:15088","Both",3
"REACTOME_PHYSIOLOGICAL_FACTORS",-0.111147546642274,0.165397997139511,0.534431162800248,13,"NPR1:933, HIPK1:961, GATA4:6282.5, WWTR1:6282.5, MME:6282.5, HIPK2:6282.5, TBX5:6282.5, NPPA:6282.5, NKX2-5:6282.5, CORIN:6282.5, NPR2:6282.5, NPPC:6282.5, KAT2B:13850","Unclear",0
"REACTOME_PIWI_INTERACTING_RNA_PIRNA_BIOGENESIS",-0.153139235492177,0.0288844650294767,0.274098370779718,17,"POLR2J:39, TDRD12:367, MOV10L1:518, PIWIL1:1133, TDRD6:1325, DDX4:1548, FKBP6:6282.5, HSP90AA1:6282.5, TDRD1:6282.5, PIWIL4:6282.5, MAEL:6282.5, ASZ1:6282.5, TDRKH:6282.5, MYBL1:6282.5, POLR2F:11153, HENMT1:11827, PIWIL2:13533","Unclear",0
"REACTOME_IKBA_VARIANT_LEADS_TO_EDA_ID",-0.0198270339525945,0.855868132110176,0.952549532218918,7,"IKBKG:445, NFKBIA:6282.5, NFKB1:6282.5, RELA:6282.5, CHUK:6282.5, NFKB2:12055, IKBKB:14262","Unclear",0
"REACTOME_DECTIN_1_MEDIATED_NONCANONICAL_NF_KB_SIGNALING",-0.0226116783235523,0.612570968262484,0.854849423976206,42,"RPS27A:59, SKP1:68, UBE2M:83, UBA52:103, PSMB9:1148, PSMB11:1646, PSMD5:6282.5, PSMB5:6282.5, PSMD3:6282.5, PSMD9:6282.5, PSMF1:6282.5, PSMB2:6282.5, PSMA1:6282.5, PSME3:6282.5, PSMB6:6282.5, PSMA8:6282.5, PSMD4:6282.5, PSMB4:6282.5, PSMD6:6282.5, UBB:6282.5, PSMD13:6282.5, PSMD12:6282.5, PSMB8:6282.5, PSMB10:6282.5, RELA:6282.5, CHUK:6282.5, MAP3K14:6282.5, CCL22:6282.5, UBA3:6282.5, PSMD10:11350, PSMD1:11428, PSMB1:11506, BTRC:11532, PSMB7:11603, PSME4:11744, SEM1:11957, PSMD8:12029, NFKB2:12055, PSMD2:14237, PSME2:14297, PSME1:14419, RELB:14523","Herbivore",1
"REACTOME_CLEC7A_DECTIN_1_INDUCES_NFAT_ACTIVATION",-0.0242632927610506,0.824098179419539,0.940276238548449,7,"ITPR1:1309, PPP3R1:6282.5, ITPR2:6282.5, NFATC2:6282.5, NFATC1:6282.5, ITPR3:11892, NFATC3:13271","Unclear",0
"REACTOME_CLEC7A_DECTIN_1_SIGNALING",-0.0317291760807351,0.343223549707919,0.698456049800653,75,"UBE2D1:11, RPS27A:59, SKP1:68, UBE2M:83, UBA52:103, IKBKG:445, CARD11:727, PSMB9:1148, ITPR1:1309, CARD9:1535, PSMB11:1646, TAB1:1736, PSMD5:6282.5, PSMB5:6282.5, PSMD3:6282.5, PSMD9:6282.5, PSMF1:6282.5, PSMB2:6282.5, PSMA1:6282.5, PSME3:6282.5, PSMB6:6282.5, PSMA8:6282.5, PSMD4:6282.5, PSMB4:6282.5, PSMD6:6282.5, UBB:6282.5, PSMD13:6282.5, PSMD12:6282.5, PSMB8:6282.5, PSMB10:6282.5, PPP3R1:6282.5, ITPR2:6282.5, PDPK1:6282.5, SRC:6282.5, PLCG2:6282.5, NFKBIA:6282.5, NFATC2:6282.5, NFKB1:6282.5, NFATC1:6282.5, BCL10:6282.5, MALT1:6282.5, RELA:6282.5, CHUK:6282.5, UBE2D2:6282.5, MAP3K14:6282.5, CCL22:6282.5, IL1B:6282.5, UBA3:6282.5, TAB3:6282.5, TRAF6:6282.5, UBE2V1:6282.5, PYCARD:6282.5, CLEC7A:6282.5, CASP8:11211, PSMD10:11350, PSMD1:11428, PSMB1:11506, BTRC:11532, PSMB7:11603, MAP3K7:11639, UBE2N:11716, PSME4:11744, ITPR3:11892, SEM1:11957, PSMD8:12029, NFKB2:12055, TAB2:12875, NFATC3:13271, SYK:13613, PRKCD:14207, PSMD2:14237, IKBKB:14262, PSME2:14297, PSME1:14419, RELB:14523","Herbivore",1
"REACTOME_DISEASES_ASSOCIATED_WITH_GLYCOSYLATION_PRECURSOR_BIOSYNTHESIS",-0.0648488928785159,0.384705350726796,0.735960194656798,15,"PMM2:1048, PGM1:1052, MPI:1193, DPM3:1272, GALK1:6282.5, GALE:6282.5, DHDDS:6282.5, NUS1:6282.5, GNE:6282.5, DOLK:6282.5, GALT:6282.5, DPM2:11204, GFPT1:12934, SRD5A3:13735, DPM1:14552","Unclear",0
"REACTOME_HEDGEHOG_OFF_STATE",-0.0587037665422463,0.0605683689075366,0.362806541994314,86,"DYNC2H1:17, RPS27A:59, SKP1:68, KIF7:72, UBA52:103, ADCY1:241, IFT140:447, GLI3:507, TUBB4A:543, OFD1:598, IFT172:670, TUBA4A:786, ADCY2:835, ADCY8:981, RPGRIP1L:1021, PSMB9:1148, ADCY3:1563, PSMB11:1646, PSMD5:6282.5, PSMB5:6282.5, PSMD3:6282.5, PSMD9:6282.5, PSMF1:6282.5, PSMB2:6282.5, PSMA1:6282.5, PSME3:6282.5, PSMB6:6282.5, PSMA8:6282.5, PSMD4:6282.5, PSMB4:6282.5, PSMD6:6282.5, UBB:6282.5, PSMD13:6282.5, PSMD12:6282.5, PSMB8:6282.5, PSMB10:6282.5, PRKAR2B:6282.5, TUBB1:6282.5, PRKAR1A:6282.5, TUBA1B:6282.5, KIF3A:6282.5, TUBB2A:6282.5, TUBB2B:6282.5, PRKAR1B:6282.5, TUBB4B:6282.5, ADCY7:6282.5, ADCY9:6282.5, ADCY5:6282.5, ADCY6:6282.5, GSK3B:6282.5, MKS1:6282.5, IFT88:6282.5, IFT57:6282.5, TTC21B:6282.5, WDR19:6282.5, PTCH1:6282.5, GLI2:6282.5, TULP3:6282.5, SUFU:6282.5, GLI1:6282.5, GPR161:6282.5, INTU:6282.5, PRKACA:10858, NUMB:11122, PSMD10:11350, PSMD1:11428, PSMB1:11506, BTRC:11532, PSMB7:11603, ADCY4:11732, PSME4:11744, IFT122:11857, SEM1:11957, WDR35:12009, PSMD8:12029, PRKACB:12035, TUBA1A:12546, FUZ:13320, ADCY10:13431, IFT52:13603, SMO:13839, PRKAR2A:13940, ITCH:14022, PSMD2:14237, PSME2:14297, PSME1:14419","Herbivore",1
"REACTOME_ACTIVATION_OF_ANTERIOR_HOX_GENES_IN_HINDBRAIN_DEVELOPMENT_DURING_EARLY_EMBRYOGENESIS",-0.0762685971216777,0.0338227795477434,0.288424306644415,65,"POLR2J:39, H4C15:49, H4C14:85, PAXIP1:144, H4C3:171, H4C2:238, H4C13:295, H2BC15:350, H3C13:387, KMT2C:490, H3C11:588, H2AC20:1105, H3C10:1224, H2AC4:1330, H3C8:1344, H3C4:1469, H3C1:6282.5, H4C8:6282.5, H2BC4:6282.5, H2BC21:6282.5, H4C11:6282.5, H2BC9:6282.5, H2AC14:6282.5, CREBBP:6282.5, AJUBA:6282.5, NCOR1:6282.5, PAX6:6282.5, EED:6282.5, RARB:6282.5, CTCF:6282.5, HOXA1:6282.5, HOXA2:6282.5, EZH2:6282.5, HOXB3:6282.5, EGR2:6282.5, NCOA3:6282.5, HOXD3:6282.5, PKNOX1:6282.5, KMT2D:6282.5, RARG:6282.5, HOXB2:6282.5, JUN:6282.5, SUZ12:6282.5, RXRA:6282.5, HOXA4:6282.5, NCOA6:6282.5, MAFB:6282.5, PCGF2:6282.5, PAGR1:6282.5, POLR2F:11153, HOXD4:11258, EP300:11369, RARA:11458, HOXB1:11468, H4C1:11869, RBBP7:11998, ZNF335:12645, H3C2:14121, HOXA3:14275, CNOT6:14310, PIAS2:14335, ASH2L:14599, HOXD1:14705, RBBP4:14816, H3-3A:15088","Vertivore",2
"REACTOME_CILIUM_ASSEMBLY",-0.0270066466725038,0.223050025182792,0.595907511507136,173,"DYNC2H1:17, CEP164:134, CEP131:325, LZTFL1:330, HAUS3:388, IFT140:447, TRAF3IP1:454, TUBB4A:543, AHI1:592, OFD1:598, SDCCAG8:622, NPHP4:630, FBF1:644, IFT172:670, CDK5RAP2:704, TUBA4A:786, PCM1:850, CEP250:884, RPGRIP1L:1021, TRIP11:1111, CEP43:1267, IFT20:1298, INPP5E:1534, DYNLL2:6282.5, PRKAR2B:6282.5, KIFAP3:6282.5, KIF3C:6282.5, TUBB1:6282.5, KIF3B:6282.5, TUBA1B:6282.5, KIF3A:6282.5, TUBB2A:6282.5, TUBB2B:6282.5, TUBAL3:6282.5, TUBA8:6282.5, TUBB4B:6282.5, KIF17:6282.5, CNTRL:6282.5, HSP90AA1:6282.5, TCP1:6282.5, DYNC1I2:6282.5, DCTN2:6282.5, DYNC1H1:6282.5, DCTN1:6282.5, EXOC5:6282.5, EXOC8:6282.5, EXOC4:6282.5, EXOC6:6282.5, EXOC3:6282.5, EXOC7:6282.5, HDAC6:6282.5, HAUS4:6282.5, NINL:6282.5, MAPRE1:6282.5, CCP110:6282.5, CEP152:6282.5, CEP41:6282.5, CEP72:6282.5, CEP70:6282.5, NEK2:6282.5, B9D2:6282.5, ODF2:6282.5, HAUS2:6282.5, CSNK1D:6282.5, PLK4:6282.5, CEP78:6282.5, CENPJ:6282.5, HAUS1:6282.5, PCNT:6282.5, CEP57:6282.5, CKAP5:6282.5, SSNA1:6282.5, CEP63:6282.5, HAUS7:6282.5, HAUS5:6282.5, CCT8:6282.5, PKD1:6282.5, MKS1:6282.5, IFT88:6282.5, CC2D2A:6282.5, IFT80:6282.5, RAB11FIP3:6282.5, IFT74:6282.5, IFT27:6282.5, CLUAP1:6282.5, B9D1:6282.5, NPHP3:6282.5, IFT57:6282.5, CCT4:6282.5, IFT46:6282.5, IFT43:6282.5, TCTN3:6282.5, CEP89:6282.5, BBS9:6282.5, TTC21B:6282.5, MKKS:6282.5, DYNLRB1:6282.5, MCHR1:6282.5, IFT22:6282.5, CNGA4:6282.5, CEP162:6282.5, ATAT1:6282.5, DYNC2LI1:6282.5, BBS4:6282.5, SCLT1:6282.5, ASAP1:6282.5, WDR19:6282.5, BBS5:6282.5, CCT3:6282.5, RHO:6282.5, C2CD3:6282.5, SEPTIN2:6282.5, DYNLRB2:6282.5, TCTN2:6282.5, ARL13B:6282.5, IQCB1:6282.5, CEP83:6282.5, UNC119B:6282.5, BBS10:6282.5, BBS12:6282.5, CEP97:6282.5, CNGA2:6282.5, KIF24:6282.5, TMEM216:6282.5, TTC30A:6282.5, SSTR3:6282.5, PRKACA:10858, TTC26:10919, IFT81:11101, ARL6:11300, BBS1:11434, NDE1:11522, CEP76:11560, AKAP9:11645, IFT122:11857, TTC30B:11864, PKD2:11898, DCTN3:11931, CETN2:11941, PLK1:11972, WDR35:12009, HSPB11:12114, CEP290:12146, CCT5:12181, BBS2:12199, HAUS6:12253, TCTN1:12417, TMEM67:12463, RAB3IP:12530, TUBA1A:12546, CEP135:12589, HAUS8:12746, CCT2:12782, NEDD1:12855, TTBK2:13000, EXOC1:13173, MARK4:13200, SFI1:13279, NPHP1:13395, IFT52:13603, SMO:13839, BBIP1:14059, CLASP1:14098, EXOC2:14221, RP2:14225, TTC8:14292, GBF1:14303, BBS7:14666, TUBB:14742, CEP192:15033, DYNLL1:15080, TUBB8B:15090, TUBB8:15095","Both",3
"REACTOME_ANCHORING_OF_THE_BASAL_BODY_TO_THE_PLASMA_MEMBRANE",-0.041036344936251,0.189572845350588,0.561781985098166,86,"CEP164:134, CEP131:325, HAUS3:388, TUBB4A:543, AHI1:592, OFD1:598, SDCCAG8:622, NPHP4:630, FBF1:644, CDK5RAP2:704, TUBA4A:786, PCM1:850, CEP250:884, RPGRIP1L:1021, CEP43:1267, PRKAR2B:6282.5, TUBB4B:6282.5, CNTRL:6282.5, HSP90AA1:6282.5, DYNC1I2:6282.5, DCTN2:6282.5, DYNC1H1:6282.5, DCTN1:6282.5, HAUS4:6282.5, NINL:6282.5, MAPRE1:6282.5, CCP110:6282.5, CEP152:6282.5, CEP41:6282.5, CEP72:6282.5, CEP70:6282.5, NEK2:6282.5, B9D2:6282.5, ODF2:6282.5, HAUS2:6282.5, CSNK1D:6282.5, PLK4:6282.5, CEP78:6282.5, CENPJ:6282.5, HAUS1:6282.5, PCNT:6282.5, CEP57:6282.5, CKAP5:6282.5, SSNA1:6282.5, CEP63:6282.5, HAUS7:6282.5, HAUS5:6282.5, MKS1:6282.5, CC2D2A:6282.5, B9D1:6282.5, TCTN3:6282.5, CEP89:6282.5, CEP162:6282.5, SCLT1:6282.5, C2CD3:6282.5, SEPTIN2:6282.5, TCTN2:6282.5, IQCB1:6282.5, CEP83:6282.5, CEP97:6282.5, KIF24:6282.5, TMEM216:6282.5, PRKACA:10858, NDE1:11522, CEP76:11560, AKAP9:11645, DCTN3:11931, CETN2:11941, PLK1:11972, CEP290:12146, HAUS6:12253, TCTN1:12417, TMEM67:12463, RAB3IP:12530, TUBA1A:12546, CEP135:12589, HAUS8:12746, NEDD1:12855, TTBK2:13000, MARK4:13200, SFI1:13279, NPHP1:13395, CLASP1:14098, TUBB:14742, CEP192:15033, DYNLL1:15080","Vertivore",2
"REACTOME_INTRAFLAGELLAR_TRANSPORT",-0.0808822759494466,0.0668383953338194,0.371943292552088,43,"DYNC2H1:17, IFT140:447, TRAF3IP1:454, TUBB4A:543, IFT172:670, TUBA4A:786, TRIP11:1111, IFT20:1298, DYNLL2:6282.5, KIFAP3:6282.5, KIF3C:6282.5, TUBB1:6282.5, KIF3B:6282.5, TUBA1B:6282.5, KIF3A:6282.5, TUBB2A:6282.5, TUBB2B:6282.5, TUBB4B:6282.5, KIF17:6282.5, IFT88:6282.5, IFT80:6282.5, IFT74:6282.5, IFT27:6282.5, CLUAP1:6282.5, IFT57:6282.5, IFT46:6282.5, IFT43:6282.5, TTC21B:6282.5, DYNLRB1:6282.5, IFT22:6282.5, DYNC2LI1:6282.5, WDR19:6282.5, DYNLRB2:6282.5, TTC30A:6282.5, TTC26:10919, IFT81:11101, IFT122:11857, TTC30B:11864, WDR35:12009, HSPB11:12114, TUBA1A:12546, IFT52:13603, DYNLL1:15080","Both",3
"REACTOME_RHO_GTPASES_ACTIVATE_PKNS",-0.131157062008126,0.00264574024377882,0.0681467094219029,44,"H4C15:49, H4C14:85, RHOA:150, H4C3:171, H4C2:238, H4C13:295, H2BC15:350, H3C13:387, H3C11:588, MYH10:800, H2AC20:1105, H3C10:1224, H2AC4:1330, H3C8:1344, H3C4:1469, PPP1R14A:1672, SFN:6282.5, PDPK1:6282.5, H3C1:6282.5, H4C8:6282.5, H2BC4:6282.5, H2BC21:6282.5, H4C11:6282.5, H2BC9:6282.5, H2AC14:6282.5, MYH9:6282.5, MYH14:6282.5, NCOA2:6282.5, PAK1:6282.5, RHOC:6282.5, CDC25C:6282.5, PPP1R12A:6282.5, KDM4C:6282.5, PKN1:6282.5, PKN3:6282.5, H4C1:11869, KDM1A:12051, MYL6:12928, PKN2:13293, PPP1R12B:13336, MYH11:13948, PPP1CB:13966, H3C2:14121, H3-3A:15088","Both",3
"REACTOME_ACTIVATED_PKN1_STIMULATES_TRANSCRIPTION_OF_AR_ANDROGEN_RECEPTOR_REGULATED_GENES_KLK2_AND_KLK3",-0.202480233042031,0.000273779002290388,0.0159233400364377,27,"H4C15:49, H4C14:85, H4C3:171, H4C2:238, H4C13:295, H2BC15:350, H3C13:387, H3C11:588, H2AC20:1105, H3C10:1224, H2AC4:1330, H3C8:1344, H3C4:1469, H3C1:6282.5, H4C8:6282.5, H2BC4:6282.5, H2BC21:6282.5, H4C11:6282.5, H2BC9:6282.5, H2AC14:6282.5, NCOA2:6282.5, KDM4C:6282.5, PKN1:6282.5, H4C1:11869, KDM1A:12051, H3C2:14121, H3-3A:15088","Both",3
"REACTOME_RHO_GTPASES_ACTIVATE_IQGAPS",-0.109065387167577,0.076757347438156,0.388139067566166,22,"IQGAP3:1, CDC42:60, ACTG1:418, TUBB4A:543, IQGAP1:558, CLIP1:724, TUBA4A:786, ACTB:6282.5, TUBB1:6282.5, TUBA1B:6282.5, TUBB2A:6282.5, TUBB2B:6282.5, TUBAL3:6282.5, TUBA8:6282.5, TUBB4B:6282.5, CTNNA1:6282.5, MEN1:6282.5, IQGAP2:11882, CDH1:12245, TUBA1A:12546, TUBB8B:15090, TUBB8:15095","Both",3
"REACTOME_TNFR1_MEDIATED_CERAMIDE_PRODUCTION",-0.130105357543152,0.313717099575723,0.679296418230108,5,"RACK1:31, SMPD3:826, SMPD2:6282.5, NSMAF:6282.5, TNF:14980","Both",3
"REACTOME_RHO_GTPASES_ACTIVATE_PAKS",-0.00299729319337161,0.965887483162193,0.993542078100278,17,"CDC42:60, MYH10:800, PAK2:6282.5, FLNA:6282.5, PAK3:6282.5, MYH9:6282.5, MYH14:6282.5, PAK1:6282.5, PPP1R12A:6282.5, NF2:6282.5, MYLK:6282.5, CTTN:6282.5, LIMK1:12567, MYL6:12928, PPP1R12B:13336, MYH11:13948, PPP1CB:13966","Both",3
"REACTOME_TP53_REGULATES_METABOLIC_GENES",-0.0105349265689625,0.779958855109044,0.920331031257595,59,"RRAGA:145, TSC1:428, PRKAA2:1324, TNRC6C:1376, COX19:1523, TSC2:1719, TP63:6282.5, AKT2:6282.5, TP53:6282.5, AKT1:6282.5, SFN:6282.5, GLS:6282.5, PRKAG2:6282.5, PRKAB1:6282.5, MTOR:6282.5, COX6A1:6282.5, COX7A2L:6282.5, SCO1:6282.5, COX16:6282.5, SURF1:6282.5, COX18:6282.5, COX11:6282.5, COX20:6282.5, SCO2:6282.5, TNRC6A:6282.5, MOV10:6282.5, RRM2B:6282.5, TXNRD1:6282.5, RRAGD:6282.5, RRAGB:6282.5, LAMTOR2:6282.5, RPTOR:6282.5, SLC38A9:6282.5, GPI:6282.5, GPX2:6282.5, PRDX5:6282.5, PRDX2:6282.5, SESN1:6282.5, SESN2:6282.5, SESN3:6282.5, G6PD:6282.5, DDIT4:6282.5, PRDX1:10816, RRAGC:11048, COX4I1:11115, PRKAB2:11287, TNRC6B:11613, PRKAG1:11774, COX5A:12057, GSR:12572, TACO1:12592, LRPPRC:12708, AGO1:12768, PRKAA1:12980, COX6B1:13086, TXN:13294, COX5B:14698, GLS2:15030, TIGAR:15032","Unclear",0
"REACTOME_LIGAND_RECEPTOR_INTERACTIONS",-0.051897634263931,0.611288877204862,0.854849423976206,8,"CDON:6282.5, DHH:6282.5, BOC:6282.5, IHH:6282.5, SHH:6282.5, PTCH1:6282.5, GAS1:6282.5, HHIP:11819","Unclear",0
"REACTOME_HEDGEHOG_ON_STATE",-0.0137069135732822,0.705080111298765,0.899051938240222,64,"RPS27A:59, KIF7:72, UBA52:103, GLI3:507, PSMB9:1148, PSMB11:1646, PSMD5:6282.5, PSMB5:6282.5, PSMD3:6282.5, PSMD9:6282.5, PSMF1:6282.5, PSMB2:6282.5, PSMA1:6282.5, PSME3:6282.5, PSMB6:6282.5, PSMA8:6282.5, PSMD4:6282.5, PSMB4:6282.5, PSMD6:6282.5, UBB:6282.5, PSMD13:6282.5, PSMD12:6282.5, PSMB8:6282.5, PSMB10:6282.5, KIF3A:6282.5, ARRB1:6282.5, ARRB2:6282.5, GRK2:6282.5, CDON:6282.5, DHH:6282.5, BOC:6282.5, IHH:6282.5, SHH:6282.5, SMURF2:6282.5, PTCH1:6282.5, EVC:6282.5, GLI2:6282.5, IQCE:6282.5, SUFU:6282.5, GLI1:6282.5, DZIP1:6282.5, ULK3:6282.5, GAS8:6282.5, GPR161:6282.5, EVC2:6282.5, GAS1:6282.5, NUMB:11122, PSMD10:11350, PSMD1:11428, PSMB1:11506, PSMB7:11603, PSME4:11744, HHIP:11819, SEM1:11957, SPOPL:11967, PSMD8:12029, PTCH2:12863, EFCAB7:13226, SMURF1:13611, SMO:13839, ITCH:14022, PSMD2:14237, PSME2:14297, PSME1:14419","Herbivore",1
"REACTOME_REGULATION_OF_TP53_ACTIVITY",-0.0270795446052665,0.275952942052791,0.642820613076462,137,"RPS27A:59, UBA52:103, TP53BP2:137, BLM:414, TOP3A:519, CHD3:793, HIPK1:961, RAD9A:1262, ATM:1269, PRKAA2:1324, HUS1:1427, PLK3:1653, MAPKAP1:1655, RPA1:1675, GATAD2B:1683, USP2:1712, MRE11:1742, TP63:6282.5, TP73:6282.5, PPP1R13B:6282.5, AKT2:6282.5, TP53:6282.5, AKT1:6282.5, CDKN2A:6282.5, UBB:6282.5, PPP2R5C:6282.5, CDK2:6282.5, PPP2R1B:6282.5, PDPK1:6282.5, RFC2:6282.5, RFC5:6282.5, RPA2:6282.5, RFC3:6282.5, RFC4:6282.5, PRKAG2:6282.5, PRKAB1:6282.5, MDM2:6282.5, BRCA1:6282.5, MAP2K6:6282.5, PML:6282.5, MAPK11:6282.5, CSNK2B:6282.5, RICTOR:6282.5, RNF34:6282.5, PRR5:6282.5, MTOR:6282.5, CHEK1:6282.5, RBBP8:6282.5, NBN:6282.5, RAD50:6282.5, PIP4K2A:6282.5, PIP4P1:6282.5, PIP4K2C:6282.5, PIP4K2B:6282.5, CCNA1:6282.5, DNA2:6282.5, WRN:6282.5, TAF2:6282.5, TAF6:6282.5, TBP:6282.5, TAF3:6282.5, TAF7:6282.5, TAF9B:6282.5, TAF9:6282.5, STK11:6282.5, AURKA:6282.5, BARD1:6282.5, RAD9B:6282.5, RAD17:6282.5, ZNF385A:6282.5, ATRIP:6282.5, RHNO1:6282.5, RMI2:6282.5, RMI1:6282.5, AURKB:6282.5, CHEK2:6282.5, KMT5A:6282.5, CHD4:6282.5, HIPK2:6282.5, MBD3:6282.5, EHMT2:6282.5, EHMT1:6282.5, ING2:6282.5, SMYD2:6282.5, KAT6A:6282.5, BRD1:6282.5, BRPF1:6282.5, ING5:6282.5, RFFL:6282.5, PPP1R13L:6282.5, CCNG1:6282.5, DYRK2:6282.5, TTC5:6282.5, POU4F2:6282.5, POU4F1:6282.5, SETD9:6282.5, TP53INP1:6282.5, BRD7:6282.5, BANP:6282.5, L3MBTL1:6282.5, NOC2L:6282.5, TAF11:10914, RAD1:10997, PRKAB2:11287, ATR:11303, SGK1:11314, MTA2:11316, TAF1:11362, EP300:11369, TOPBP1:11392, SSRP1:11426, TAF4B:11478, BRIP1:11727, PRKAG1:11774, TAF10:11814, RBBP7:11998, HDAC1:12354, PRDM1:12531, PHF20:12694, PRKAA1:12980, JMY:13022, MAPKAPK5:13074, MDM4:13090, SUPT16H:13095, NUAK1:13210, CCNA2:13232, TAF5:13380, BRPF3:13725, PRMT5:13746, RPA3:13748, TAF15:13863, USP7:13887, RBBP4:14816, TAF7L:14844, DAXX:14999, TPX2:15027, GATAD2A:15062","Herbivore",1
"REACTOME_TP53_REGULATES_TRANSCRIPTION_OF_CELL_DEATH_GENES",-0.048663849451251,0.306200815728564,0.673563415176987,37,"TP53BP2:137, PIDD1:296, CASP2:564, ATM:1269, CHM:1728, FAS:6282.5, TP63:6282.5, TP73:6282.5, PPP1R13B:6282.5, BBC3:6282.5, APAF1:6282.5, TP53:6282.5, CREBBP:6282.5, PERP:6282.5, BIRC5:6282.5, BCL6:6282.5, NLRC4:6282.5, AIFM2:6282.5, RABGGTA:6282.5, NDRG1:6282.5, TP53I3:6282.5, BCL2L14:6282.5, RABGGTB:6282.5, IGFBP3:6282.5, TMEM219:6282.5, TP53INP1:6282.5, PRELID1:6282.5, CRADD:6282.5, ZNF420:6282.5, BNIP3L:11257, CASP6:11470, BAX:12100, STEAP3:13248, PRELID3A:13518, CASP10:13527, CASP1:13884, BID:14879","Both",3
"REACTOME_ACTIVATION_OF_SMO",-0.0402257872846108,0.565995074577543,0.835097479102544,17,"KIF3A:6282.5, ARRB1:6282.5, ARRB2:6282.5, GRK2:6282.5, CDON:6282.5, DHH:6282.5, BOC:6282.5, IHH:6282.5, SHH:6282.5, PTCH1:6282.5, EVC:6282.5, IQCE:6282.5, GAS8:6282.5, EVC2:6282.5, GAS1:6282.5, EFCAB7:13226, SMO:13839","Unclear",0
"REACTOME_GLI_PROTEINS_BIND_PROMOTERS_OF_HH_RESPONSIVE_GENES_TO_PROMOTE_TRANSCRIPTION",-0.0362427930813581,0.739872775175395,0.904799102939707,7,"GLI3:507, BOC:6282.5, PTCH1:6282.5, GLI2:6282.5, GLI1:6282.5, HHIP:11819, PTCH2:12863","Unclear",0
"REACTOME_CONSTITUTIVE_SIGNALING_BY_EGFRVIII",-0.116970512663649,0.179276694706758,0.545085801949891,11,"CBL:878, SHC1:997, PLCG1:1240, SOS1:6282.5, PIK3CA:6282.5, PIK3R1:6282.5, HSP90AA1:6282.5, CDC37:6282.5, EGFR:6282.5, GAB1:11916, EGF:12763","Unclear",0
"REACTOME_PCNA_DEPENDENT_LONG_PATCH_BASE_EXCISION_REPAIR",-0.134332547434602,0.0376521128431128,0.303719722021468,20,"POLD2:160, LIG1:198, POLE:379, FEN1:1640, RPA1:1675, RFC1:6282.5, RFC2:6282.5, POLD1:6282.5, POLD3:6282.5, POLE2:6282.5, RFC5:6282.5, POLE4:6282.5, RPA2:6282.5, RFC3:6282.5, POLE3:6282.5, RFC4:6282.5, POLD4:6282.5, APEX1:6282.5, RPA3:13748, POLB:14024","Vertivore",2
"REACTOME_VESICLE_MEDIATED_TRANSPORT",-0.0204655258290217,0.104931757091312,0.442037285129991,558,"RAB14:46, KIF26B:50, RPS27A:59, RABEP1:65, RIC1:70, COPS2:87, UBA52:103, AP3S1:154, SPTBN5:155, COPA:263, SYT8:326, SYNJ2:369, ACTG1:418, TSC1:428, KIF26A:433, KIAA0319:455, SBF1:456, TBC1D20:469, TRAPPC9:486, PPP6R1:505, TUBB4A:543, SLC2A4:553, EPN1:578, GJC1:661, COG1:679, DTNBP1:697, KIF25:700, ARFGAP1:725, LMAN1L:742, AAK1:752, TBC1D16:769, TUBA4A:786, STX16:825, ITSN1:829, GOLGA5:849, REPS2:866, CBL:878, TBC1D14:925, KIF1C:931, GPS1:992, ASPSCR1:1035, SCARB2:1085, TRIP11:1111, DNM3:1172, CHMP6:1221, GJA10:1228, CHRM2:1264, SEC16A:1290, KIF9:1312, PRKAA2:1324, GJA9:1366, CAPZB:1373, RAB3GAP2:1389, BICD2:1456, DVL2:1509, ANKRD27:1538, AMPH:1546, TRAPPC10:1600, MADD:1609, COG8:1619, VPS45:1625, HIP1R:1639, GOLGA4:1650, SPTAN1:1669, TSC2:1719, CHM:1728, TJP1:6282.5, AKT2:6282.5, AKT1:6282.5, UBB:6282.5, SFN:6282.5, DYNLL2:6282.5, RAB27B:6282.5, KIF1B:6282.5, KIF2A:6282.5, ACTB:6282.5, KIFAP3:6282.5, KIF22:6282.5, KIF3C:6282.5, KIF16B:6282.5, TUBB1:6282.5, KIF3B:6282.5, KLC3:6282.5, KIF20A:6282.5, SPARC:6282.5, STXBP3:6282.5, KIF21B:6282.5, TUBA1B:6282.5, KIF1A:6282.5, KIF3A:6282.5, JCHAIN:6282.5, KIF12:6282.5, KLC4:6282.5, TUBB2A:6282.5, TUBB2B:6282.5, ARRB1:6282.5, KIF23:6282.5, KIF20B:6282.5, CENPE:6282.5, KIF2B:6282.5, ARRB2:6282.5, APP:6282.5, KIF6:6282.5, KIF27:6282.5, KIFC2:6282.5, TUBAL3:6282.5, TUBA8:6282.5, F8:6282.5, KIF18B:6282.5, TUBB4B:6282.5, KIF19:6282.5, SRC:6282.5, KIF13B:6282.5, F5:6282.5, KIFC1:6282.5, GRK2:6282.5, GJD2:6282.5, SYT1:6282.5, SLC18A3:6282.5, PRKAG2:6282.5, PRKAB1:6282.5, GRIA1:6282.5, AP2M1:6282.5, AP2A2:6282.5, MYO6:6282.5, SYT2:6282.5, SYT9:6282.5, SEC13:6282.5, HSP90AA1:6282.5, EREG:6282.5, EGFR:6282.5, BTC:6282.5, APOE:6282.5, VAMP3:6282.5, SNAP23:6282.5, LNPEP:6282.5, SPTB:6282.5, DNM2:6282.5, MYH9:6282.5, DNM1:6282.5, SH3GL2:6282.5, SPTBN1:6282.5, CLTA:6282.5, COL4A2:6282.5, ANK2:6282.5, SH3KBP1:6282.5, ANK3:6282.5, SPTBN4:6282.5, SPTA1:6282.5, COL3A1:6282.5, SPTBN2:6282.5, CLTB:6282.5, PIP5K1C:6282.5, COL4A1:6282.5, ARPC4:6282.5, INS:6282.5, CD4:6282.5, VAMP7:6282.5, ARF1:6282.5, DYNC1I2:6282.5, SEC23A:6282.5, DCTN6:6282.5, CTSC:6282.5, SEC24A:6282.5, DCTN4:6282.5, DYNC1LI2:6282.5, SEC31A:6282.5, AP1S3:6282.5, CD3G:6282.5, AP1G1:6282.5, CD3D:6282.5, DCTN2:6282.5, SEC24C:6282.5, AP1S2:6282.5, DYNC1H1:6282.5, DCTN1:6282.5, COL7A1:6282.5, TBC1D1:6282.5, EXOC5:6282.5, EXOC8:6282.5, EXOC4:6282.5, EXOC6:6282.5, RAB13:6282.5, RALGAPB:6282.5, EXOC3:6282.5, EXOC7:6282.5, RALGAPA2:6282.5, MYO5A:6282.5, PLA2G6:6282.5, AGPAT3:6282.5, OCRL:6282.5, SYNJ1:6282.5, PIK3C2A:6282.5, SBF2:6282.5, ARF3:6282.5, PPP6R3:6282.5, PPP6C:6282.5, GJA8:6282.5, GJA1:6282.5, GJB7:6282.5, GJD4:6282.5, GJA4:6282.5, GJB5:6282.5, GJB4:6282.5, GJC2:6282.5, VTA1:6282.5, TSG101:6282.5, CHMP4B:6282.5, VPS37B:6282.5, MVB12A:6282.5, VPS37A:6282.5, VPS28:6282.5, CHMP4C:6282.5, VPS37C:6282.5, VPS37D:6282.5, MVB12B:6282.5, CHMP4A:6282.5, USO1:6282.5, GNS:6282.5, STAB2:6282.5, ZW10:6282.5, OPTN:6282.5, CSNK1D:6282.5, AREG:6282.5, TGFA:6282.5, SH3GL3:6282.5, CD59:6282.5, COLEC11:6282.5, GDI2:6282.5, CTSZ:6282.5, RAB5C:6282.5, COPB1:6282.5, SURF4:6282.5, TBC1D10C:6282.5, TXNDC5:6282.5, LDLR:6282.5, LDLRAP1:6282.5, EPS15:6282.5, STAM2:6282.5, HGS:6282.5, SLC2A8:6282.5, CFTR:6282.5, CTTN:6282.5, FZD4:6282.5, LRP1:6282.5, COPZ2:6282.5, TRAPPC6A:6282.5, TRAPPC3:6282.5, SEC22C:6282.5, ARCN1:6282.5, COG4:6282.5, NAPA:6282.5, YKT6:6282.5, SEC23IP:6282.5, GOSR2:6282.5, FOLR1:6282.5, LMAN2L:6282.5, SEC16B:6282.5, SEC22A:6282.5, NAPB:6282.5, TMEM115:6282.5, COG6:6282.5, TMED7:6282.5, COG2:6282.5, COG3:6282.5, STX17:6282.5, PREB:6282.5, MIA2:6282.5, MIA3:6282.5, COG5:6282.5, TMED3:6282.5, TRAPPC2L:6282.5, LMAN2:6282.5, TMED10:6282.5, GOLGB1:6282.5, BET1L:6282.5, COPB2:6282.5, ARFGAP3:6282.5, M6PR:6282.5, ALS2:6282.5, CYTH3:6282.5, USE1:6282.5, SNAP91:6282.5, EPN2:6282.5, PICALM:6282.5, RAB21:6282.5, SNX5:6282.5, NECAP1:6282.5, TBC1D2:6282.5, GRK3:6282.5, GGA1:6282.5, HPS4:6282.5, RAB36:6282.5, AP4S1:6282.5, RIN3:6282.5, ARFRP1:6282.5, MON1B:6282.5, GGA2:6282.5, BLOC1S6:6282.5, STX10:6282.5, TBC1D17:6282.5, DENND3:6282.5, TBC1D13:6282.5, RGP1:6282.5, HPS1:6282.5, CYTH1:6282.5, TPD52L1:6282.5, CLINT1:6282.5, BNIP1:6282.5, TACR1:6282.5, RAB3GAP1:6282.5, VAMP4:6282.5, MAN1C1:6282.5, RAB32:6282.5, DENND1A:6282.5, ARL1:6282.5, TBC1D15:6282.5, CCZ1:6282.5, RAB9A:6282.5, RAB38:6282.5, GGA3:6282.5, TRIP10:6282.5, AVPR2:6282.5, HIP1:6282.5, ARFIP2:6282.5, SYT11:6282.5, AP3B1:6282.5, TBC1D8B:6282.5, SORT1:6282.5, AP4B1:6282.5, RAB33A:6282.5, NAA35:6282.5, RINT1:6282.5, STX6:6282.5, GCC2:6282.5, VPS36:6282.5, BIN1:6282.5, TOR1B:6282.5, RABEPK:6282.5, GOLGA1:6282.5, DENND4C:6282.5, FNBP1L:6282.5, NAA30:6282.5, STON2:6282.5, VPS53:6282.5, GALNT1:6282.5, SYTL1:6282.5, COPS7B:6282.5, TMF1:6282.5, TBC1D7:6282.5, CCZ1B:6282.5, DENND2A:6282.5, USP6NL:6282.5, VPS51:6282.5, VTI1A:6282.5, BICD1:6282.5, SCOC:6282.5, RABGEF1:6282.5, SNF8:6282.5, TBC1D24:6282.5, DENND2D:6282.5, GAPVD1:6282.5, PACSIN3:6282.5, DENND2B:6282.5, RAB3IL1:6282.5, TRAPPC11:6282.5, STX18:6282.5, ADRB2:6282.5, DENND5B:6282.5, TRAPPC12:6282.5, RAB33B:6282.5, AGFG1:6282.5, GOLIM4:6282.5, RIN1:6282.5, DENND2C:6282.5, ULK1:6282.5, CLVS1:6282.5, ALS2CL:6282.5, GAK:6282.5, SNX18:6282.5, RAB39A:6282.5, GCC1:6282.5, YIPF6:6282.5, ACBD3:6282.5, NAA38:6282.5, BLOC1S4:6282.5, RINL:6282.5, UBQLN2:6282.5, BLOC1S3:6282.5, MAN2A2:6282.5, MAN1A2:6282.5, ITSN2:6282.5, COPS8:6282.5, CHML:6282.5, SYS1:6282.5, SNX2:6282.5, DENND6B:6282.5, RAB12:6282.5, AP1G2:6282.5, AP4M1:6282.5, STON1:6282.5, HPX:6282.5, HSPH1:6282.5, HYOU1:6282.5, SCGB3A2:6282.5, SCARA5:6282.5, SSC5D:6282.5, DNAJC6:10792, SNX9:10850, RAB43:10853, KDELR3:10865, IL7R:10871, SH3GL1:10923, STX4:10950, SNAP29:10957, PLIN3:10962, COPS4:10987, TBC1D4:11023, DENND6A:11121, SEC24B:11145, CUX1:11170, TFG:11175, AMBP:11216, KIF5A:11249, COPG2:11266, PRKAB2:11287, KIF11:11291, VPS54:11330, ANKRD28:11340, RIN2:11395, TMED9:11423, CHMP7:11424, AVP:11466, UBAP1:11474, DENND1C:11485, RAB7B:11492, APOB:11535, CHMP3:11536, REPS1:11641, TBC1D25:11674, DENND4A:11687, STX5:11693, GOSR1:11737, CAPZA3:11771, PRKAG1:11774, CAPZA1:11806, COPG1:11815, STAB1:11885, VPS4A:11911, TBC1D10A:11918, DCTN3:11931, MARCO:12021, SH3D19:12039, RAB18:12044, HSP90B1:12101, FNBP1:12108, KIF2C:12110, FCHO2:12208, RHOBTB3:12210, PACSIN2:12217, TOR1A:12240, AP2A1:12312, VPS52:12332, KIF21A:12348, GALNT2:12351, C2CD5:12385, MON1A:12399, GJB3:12424, NSF:12441, TRAPPC8:12460, COL1A2:12472, RAB3IP:12530, TUBA1A:12546, ACTR10:12559, BLOC1S1:12584, ARFGAP2:12606, RABGAP1:12641, PAFAH1B3:12663, EGF:12763, TPD52:12838, WNT5A:12876, LMAN1:12961, DENND1B:12993, GJA5:13083, PLA2G4A:13125, TFRC:13145, EXOC1:13173, COLEC12:13238, IGF2R:13260, APOA1:13281, KLC1:13290, TRAPPC13:13332, BET1:13381, CD36:13440, VPS4B:13459, AGTR1:13483, DYNC1I1:13489, DNASE2:13504, ANK1:13535, SCARB1:13550, SGIP1:13569, MASP1:13598, SCFD1:13604, GJA3:13614, RAB27A:13615, NAPG:13625, KIF15:13674, AP4E1:13679, AP1M2:13687, VAMP8:13700, HP:13706, GJB6:13752, CALR:13753, CYTH4:13796, DYNC1LI1:13804, DENND5A:13809, MAN1A1:13828, MCFD2:13910, KIF5B:13932, PACSIN1:13942, CD163:13950, PUM1:14006, TRAPPC4:14041, STAM:14087, GDI1:14088, KLC2:14143, COPE:14144, HBEGF:14150, FCHO1:14156, MYO1C:14170, EPGN:14199, EXOC2:14221, SCARF1:14243, FTH1:14294, DAB2:14296, GBF1:14303, SEC24D:14320, UBQLN1:14346, RACGAP1:14357, NECAP2:14388, EPS15L1:14398, COPZ1:14409, WASL:14429, KIF18A:14494, AP1B1:14536, GJB2:14673, KIF4A:14730, MSR1:14833, RAB31:14840, CPD:14877, COL1A1:14936, CLTCL1:14961, CNIH2:14975, ALB:15057, MAN2A1:15064, DYNLL1:15080, TUBB8B:15090, TUBB8:15095","Both",3
"REACTOME_PHOSPHOLIPASE_C_MEDIATED_CASCADE_FGFR2",-0.113998813931497,0.139849494765612,0.50128954087952,14,"FGF8:76, FGF5:996, PLCG1:1240, FGFR2:1505, FGF10:6282.5, FGF22:6282.5, FGF4:6282.5, FGF6:6282.5, FGF1:6282.5, FGF2:6282.5, FGF17:6282.5, FGF7:10886, FGF20:11475, FGF23:13788","Both",3
"REACTOME_PHOSPHOLIPASE_C_MEDIATED_CASCADE_FGFR4",-0.0874462516358198,0.294366509444475,0.660949958316798,12,"FGF8:76, PLCG1:1240, FGF4:6282.5, FGF6:6282.5, FGF1:6282.5, KLB:6282.5, FGF2:6282.5, FGF17:6282.5, FGFR4:6282.5, FGF19:6282.5, FGF20:11475, FGF23:13788","Both",3
"REACTOME_DOWNSTREAM_SIGNALING_OF_ACTIVATED_FGFR1",-0.0985800943608178,0.0882001519569561,0.404643445237639,25,"FGF8:76, FLRT1:780, FGF5:996, SHC1:997, PLCG1:1240, PTPN11:6282.5, SOS1:6282.5, PIK3CA:6282.5, PIK3R1:6282.5, FGF10:6282.5, FGF22:6282.5, FGF4:6282.5, FGF6:6282.5, FGF1:6282.5, KL:6282.5, FGF2:6282.5, FGF17:6282.5, FRS2:6282.5, FLRT3:6282.5, FRS3:6282.5, FLRT2:6282.5, FGF20:11475, GAB1:11916, FGF23:13788, FGFR1:14005","Both",3
"REACTOME_SHC_MEDIATED_CASCADE_FGFR1",-0.0785757031717534,0.292222473213604,0.658596399005159,15,"FGF8:76, FGF5:996, SHC1:997, SOS1:6282.5, FGF10:6282.5, FGF22:6282.5, FGF4:6282.5, FGF6:6282.5, FGF1:6282.5, KL:6282.5, FGF2:6282.5, FGF17:6282.5, FGF20:11475, FGF23:13788, FGFR1:14005","Both",3
"REACTOME_PI_3K_CASCADE_FGFR1",-0.0421858046170539,0.53569101663412,0.815829340782279,18,"FGF8:76, FGF5:996, PTPN11:6282.5, PIK3CA:6282.5, PIK3R1:6282.5, FGF10:6282.5, FGF22:6282.5, FGF4:6282.5, FGF6:6282.5, FGF1:6282.5, KL:6282.5, FGF2:6282.5, FGF17:6282.5, FRS2:6282.5, FGF20:11475, GAB1:11916, FGF23:13788, FGFR1:14005","Both",3
"REACTOME_FRS_MEDIATED_FGFR1_SIGNALING",-0.0607050901168548,0.386398237935842,0.73653104441252,17,"FGF8:76, FGF5:996, PTPN11:6282.5, SOS1:6282.5, FGF10:6282.5, FGF22:6282.5, FGF4:6282.5, FGF6:6282.5, FGF1:6282.5, KL:6282.5, FGF2:6282.5, FGF17:6282.5, FRS2:6282.5, FRS3:6282.5, FGF20:11475, FGF23:13788, FGFR1:14005","Both",3
"REACTOME_PI_3K_CASCADE_FGFR2",-0.0716005038600167,0.293172310952973,0.659089372379315,18,"FGF8:76, FGF5:996, FGFR2:1505, PTPN11:6282.5, PIK3CA:6282.5, PIK3R1:6282.5, FGF10:6282.5, FGF22:6282.5, FGF4:6282.5, FGF6:6282.5, FGF1:6282.5, FGF2:6282.5, FGF17:6282.5, FRS2:6282.5, FGF7:10886, FGF20:11475, GAB1:11916, FGF23:13788","Both",3
"REACTOME_DOWNSTREAM_SIGNALING_OF_ACTIVATED_FGFR2",-0.106671430759022,0.0834568211799193,0.39908515763601,22,"FGF8:76, FGF5:996, SHC1:997, PLCG1:1240, FGFR2:1505, PTPN11:6282.5, SOS1:6282.5, PIK3CA:6282.5, PIK3R1:6282.5, FGF10:6282.5, FGF22:6282.5, FGF4:6282.5, FGF6:6282.5, FGF1:6282.5, FGF2:6282.5, FGF17:6282.5, FRS2:6282.5, FRS3:6282.5, FGF7:10886, FGF20:11475, GAB1:11916, FGF23:13788","Both",3
"REACTOME_FRS_MEDIATED_FGFR2_SIGNALING",-0.0918465702779429,0.19002392532988,0.561781985098166,17,"FGF8:76, FGF5:996, FGFR2:1505, PTPN11:6282.5, SOS1:6282.5, FGF10:6282.5, FGF22:6282.5, FGF4:6282.5, FGF6:6282.5, FGF1:6282.5, FGF2:6282.5, FGF17:6282.5, FRS2:6282.5, FRS3:6282.5, FGF7:10886, FGF20:11475, FGF23:13788","Both",3
"REACTOME_SHC_MEDIATED_CASCADE_FGFR3",-0.118897589624373,0.172218176205903,0.539979334175454,11,"FGF8:76, FGF5:996, SHC1:997, SOS1:6282.5, FGFR3:6282.5, FGF4:6282.5, FGF1:6282.5, FGF2:6282.5, FGF17:6282.5, FGF20:11475, FGF23:13788","Both",3
"REACTOME_FRS_MEDIATED_FGFR3_SIGNALING",-0.0893322517733556,0.264900000065777,0.634392996559875,13,"FGF8:76, FGF5:996, PTPN11:6282.5, SOS1:6282.5, FGFR3:6282.5, FGF4:6282.5, FGF1:6282.5, FGF2:6282.5, FGF17:6282.5, FRS2:6282.5, FRS3:6282.5, FGF20:11475, FGF23:13788","Both",3
"REACTOME_DOWNSTREAM_SIGNALING_OF_ACTIVATED_FGFR3",-0.108117883289059,0.112442413002932,0.462953772991286,18,"FGF8:76, FGF5:996, SHC1:997, PLCG1:1240, PTPN11:6282.5, SOS1:6282.5, PIK3CA:6282.5, PIK3R1:6282.5, FGFR3:6282.5, FGF4:6282.5, FGF1:6282.5, FGF2:6282.5, FGF17:6282.5, FRS2:6282.5, FRS3:6282.5, FGF20:11475, GAB1:11916, FGF23:13788","Both",3
"REACTOME_PI_3K_CASCADE_FGFR3",-0.063486720841147,0.410968544206771,0.746437542132701,14,"FGF8:76, FGF5:996, PTPN11:6282.5, PIK3CA:6282.5, PIK3R1:6282.5, FGFR3:6282.5, FGF4:6282.5, FGF1:6282.5, FGF2:6282.5, FGF17:6282.5, FRS2:6282.5, FGF20:11475, GAB1:11916, FGF23:13788","Both",3
"REACTOME_FRS_MEDIATED_FGFR4_SIGNALING",-0.0676391382405745,0.36458622405677,0.718414166092192,15,"FGF8:76, PTPN11:6282.5, SOS1:6282.5, FGF4:6282.5, FGF6:6282.5, FGF1:6282.5, KLB:6282.5, FGF2:6282.5, FGF17:6282.5, FGFR4:6282.5, FGF19:6282.5, FRS2:6282.5, FRS3:6282.5, FGF20:11475, FGF23:13788","Both",3
"REACTOME_DOWNSTREAM_SIGNALING_OF_ACTIVATED_FGFR4",-0.0899741776131133,0.163851640861579,0.53365429665103,20,"FGF8:76, SHC1:997, PLCG1:1240, PTPN11:6282.5, SOS1:6282.5, PIK3CA:6282.5, PIK3R1:6282.5, FGF4:6282.5, FGF6:6282.5, FGF1:6282.5, KLB:6282.5, FGF2:6282.5, FGF17:6282.5, FGFR4:6282.5, FGF19:6282.5, FRS2:6282.5, FRS3:6282.5, FGF20:11475, GAB1:11916, FGF23:13788","Both",3
"REACTOME_SHC_MEDIATED_CASCADE_FGFR4",-0.0893236223054487,0.264946159960946,0.634392996559875,13,"FGF8:76, SHC1:997, SOS1:6282.5, FGF4:6282.5, FGF6:6282.5, FGF1:6282.5, KLB:6282.5, FGF2:6282.5, FGF17:6282.5, FGFR4:6282.5, FGF19:6282.5, FGF20:11475, FGF23:13788","Both",3
"REACTOME_PI_3K_CASCADE_FGFR4",-0.0463752665245202,0.520884570331554,0.804759965987825,16,"FGF8:76, PTPN11:6282.5, PIK3CA:6282.5, PIK3R1:6282.5, FGF4:6282.5, FGF6:6282.5, FGF1:6282.5, KLB:6282.5, FGF2:6282.5, FGF17:6282.5, FGFR4:6282.5, FGF19:6282.5, FRS2:6282.5, FGF20:11475, GAB1:11916, FGF23:13788","Both",3
"REACTOME_NEGATIVE_REGULATION_OF_FGFR1_SIGNALING",-0.114320377443271,0.0480188324486886,0.328127522097103,25,"RPS27A:59, FGF8:76, UBA52:103, ANOS1:836, CBL:878, FGF5:996, PTPN11:6282.5, MAPK3:6282.5, UBB:6282.5, SRC:6282.5, FGF10:6282.5, FGF22:6282.5, FGF4:6282.5, FGF6:6282.5, FGF1:6282.5, KL:6282.5, FGF2:6282.5, FGF17:6282.5, FRS2:6282.5, MKNK1:6282.5, SPRY2:6282.5, FGF20:11475, BRAF:13081, FGF23:13788, FGFR1:14005","Herbivore",1
"REACTOME_NEGATIVE_REGULATION_OF_FGFR2_SIGNALING",-0.122430641356846,0.0380045319734908,0.304542982880906,24,"RPS27A:59, FGF8:76, UBA52:103, CBL:878, FGF5:996, FGFR2:1505, PTPN11:6282.5, MAPK3:6282.5, UBB:6282.5, SRC:6282.5, FGF10:6282.5, FGF22:6282.5, FGF4:6282.5, FGF6:6282.5, FGF1:6282.5, FGF2:6282.5, FGF17:6282.5, FRS2:6282.5, MKNK1:6282.5, SPRY2:6282.5, FGF7:10886, FGF20:11475, BRAF:13081, FGF23:13788","Herbivore",1
"REACTOME_NEGATIVE_REGULATION_OF_FGFR3_SIGNALING",-0.12686650948692,0.0496351729422672,0.331552076477389,20,"RPS27A:59, FGF8:76, UBA52:103, CBL:878, FGF5:996, PTPN11:6282.5, MAPK3:6282.5, UBB:6282.5, SRC:6282.5, FGFR3:6282.5, FGF4:6282.5, FGF1:6282.5, FGF2:6282.5, FGF17:6282.5, FRS2:6282.5, MKNK1:6282.5, SPRY2:6282.5, FGF20:11475, BRAF:13081, FGF23:13788","Herbivore",1
"REACTOME_NEGATIVE_REGULATION_OF_FGFR4_SIGNALING",-0.108672349548262,0.0778261690443435,0.389668333220396,22,"RPS27A:59, FGF8:76, UBA52:103, CBL:878, PTPN11:6282.5, MAPK3:6282.5, UBB:6282.5, SRC:6282.5, FGF4:6282.5, FGF6:6282.5, FGF1:6282.5, KLB:6282.5, FGF2:6282.5, FGF17:6282.5, FGFR4:6282.5, FGF19:6282.5, FRS2:6282.5, MKNK1:6282.5, SPRY2:6282.5, FGF20:11475, BRAF:13081, FGF23:13788","Herbivore",1
"REACTOME_SIGNALING_BY_FGFR1",-0.125868163490062,0.0073198449114001,0.123342807245368,38,"RPS27A:59, FGF8:76, UBA52:103, FLRT1:780, ANOS1:836, CBL:878, FGF5:996, SHC1:997, PLCG1:1240, PTPN11:6282.5, MAPK3:6282.5, UBB:6282.5, SOS1:6282.5, PIK3CA:6282.5, PIK3R1:6282.5, SRC:6282.5, FGF10:6282.5, FGF22:6282.5, FGF4:6282.5, FGF6:6282.5, FGF1:6282.5, KL:6282.5, FGF2:6282.5, FGF17:6282.5, FRS2:6282.5, FLRT3:6282.5, MKNK1:6282.5, SPRY2:6282.5, FRS3:6282.5, FGFRL1:6282.5, SPRED1:6282.5, FLRT2:6282.5, SPRED2:6282.5, FGF20:11475, GAB1:11916, BRAF:13081, FGF23:13788, FGFR1:14005","Herbivore",1
"REACTOME_SIGNALING_BY_FGFR2",-0.104845312292121,0.016257509784903,0.196726779477719,44,"POLR2J:39, RPS27A:59, FGF8:76, UBA52:103, CBL:878, FGF5:996, SHC1:997, PLCG1:1240, FGFR2:1505, HNRNPM:1671, PTPN11:6282.5, MAPK3:6282.5, UBB:6282.5, SOS1:6282.5, PIK3CA:6282.5, PIK3R1:6282.5, SRC:6282.5, GTF2F1:6282.5, NCBP1:6282.5, GTF2F2:6282.5, FGF10:6282.5, FGF22:6282.5, FGF4:6282.5, FGF6:6282.5, FGF1:6282.5, FGF2:6282.5, FGF17:6282.5, FRS2:6282.5, MKNK1:6282.5, SPRY2:6282.5, FRS3:6282.5, PTBP1:6282.5, RBFOX2:6282.5, ESRP2:6282.5, FGFBP1:6282.5, FGFBP3:6282.5, FGF7:10886, POLR2F:11153, FGF20:11475, GAB1:11916, ESRP1:13059, BRAF:13081, FGF23:13788, HNRNPH1:13918","Unclear",0
"REACTOME_SIGNALING_BY_FGFR3",-0.12916379047405,0.0180903806262455,0.213103053924455,28,"RPS27A:59, FGF8:76, UBA52:103, CBL:878, FGF5:996, SHC1:997, PLCG1:1240, PTPN11:6282.5, MAPK3:6282.5, UBB:6282.5, SOS1:6282.5, PIK3CA:6282.5, PIK3R1:6282.5, SRC:6282.5, FGFR3:6282.5, FGF4:6282.5, FGF1:6282.5, FGF2:6282.5, FGF17:6282.5, FRS2:6282.5, MKNK1:6282.5, SPRY2:6282.5, FRS3:6282.5, GALNT3:6282.5, FGF20:11475, GAB1:11916, BRAF:13081, FGF23:13788","Herbivore",1
"REACTOME_SIGNALING_BY_FGFR4",-0.116291146402524,0.030331416717444,0.27587631678156,29,"RPS27A:59, FGF8:76, UBA52:103, CBL:878, SHC1:997, PLCG1:1240, PTPN11:6282.5, MAPK3:6282.5, UBB:6282.5, SOS1:6282.5, PIK3CA:6282.5, PIK3R1:6282.5, SRC:6282.5, FGF4:6282.5, FGF6:6282.5, FGF1:6282.5, KLB:6282.5, FGF2:6282.5, FGF17:6282.5, FGFR4:6282.5, FGF19:6282.5, FRS2:6282.5, MKNK1:6282.5, SPRY2:6282.5, FRS3:6282.5, FGF20:11475, GAB1:11916, BRAF:13081, FGF23:13788","Herbivore",1
"REACTOME_SIGNALING_BY_FGFR2_IN_DISEASE",-0.0952253921898986,0.106578555951383,0.447928056830637,24,"POLR2J:39, FGF8:76, FGF5:996, PLCG1:1240, FGFR2:1505, SOS1:6282.5, PIK3CA:6282.5, PIK3R1:6282.5, GTF2F1:6282.5, NCBP1:6282.5, GTF2F2:6282.5, FGF10:6282.5, FGF22:6282.5, FGF4:6282.5, FGF6:6282.5, FGF1:6282.5, FGF2:6282.5, FGF17:6282.5, FRS2:6282.5, FGF7:10886, POLR2F:11153, FGF20:11475, GAB1:11916, FGF23:13788","Unclear",0
"REACTOME_SIGNALING_BY_FGFR4_IN_DISEASE",-0.0909192825112108,0.404892349255781,0.746437542132701,7,"PLCG1:1240, SOS1:6282.5, PIK3CA:6282.5, PIK3R1:6282.5, FGFR4:6282.5, FRS2:6282.5, GAB1:11916","Unclear",0
"REACTOME_SIGNALING_BY_FGFR1_IN_DISEASE",-0.0635624564864238,0.2210468338295,0.594410618977359,31,"FGF8:76, LRRFIP1:779, FGF5:996, PLCG1:1240, CEP43:1267, MYO18A:1637, STAT1:6282.5, SOS1:6282.5, PIK3CA:6282.5, PIK3R1:6282.5, GAB2:6282.5, FGF4:6282.5, FGF6:6282.5, FGF1:6282.5, FGF2:6282.5, FGF17:6282.5, FRS2:6282.5, STAT5A:6282.5, STAT5B:6282.5, FGFR1OP2:6282.5, CNTRL:6282.5, ERLIN2:6282.5, BAG4:6282.5, BCR:6282.5, CUX1:11170, FGF20:11475, GAB1:11916, TRIM24:13306, FGF23:13788, FGFR1:14005, ZMYM2:14858","Both",3
"REACTOME_TRANSLESION_SYNTHESIS_BY_POLK",-0.0792489527229204,0.288107173006751,0.653223757019628,15,"RPS27A:59, UBA52:103, RPA1:1675, UBB:6282.5, RFC1:6282.5, RFC2:6282.5, RFC5:6282.5, MAD2L2:6282.5, RPA2:6282.5, POLK:6282.5, RFC3:6282.5, RFC4:6282.5, REV3L:12008, REV1:13584, RPA3:13748","Herbivore",1
"REACTOME_TERMINATION_OF_TRANSLESION_DNA_SYNTHESIS",-0.0991345397324941,0.0604253277624061,0.362806541994314,30,"RPS27A:59, UBA52:103, USP43:129, POLD2:160, POLE:379, RPA1:1675, UBB:6282.5, RFC1:6282.5, RFC2:6282.5, POLD1:6282.5, POLD3:6282.5, POLE2:6282.5, USP10:6282.5, RFC5:6282.5, POLE4:6282.5, RPA2:6282.5, TRIM25:6282.5, POLK:6282.5, RFC3:6282.5, POLE3:6282.5, UBE2L6:6282.5, RFC4:6282.5, POLH:6282.5, POLD4:6282.5, ISG15:6282.5, PCLAF:12023, UBA7:12375, POLI:12953, REV1:13584, RPA3:13748","Herbivore",1
"REACTOME_REGULATION_OF_RAS_BY_GAPS",-0.0108144891634804,0.799948856294364,0.931723377195567,46,"RPS27A:59, UBA52:103, PSMB9:1148, PSMB11:1646, PSMD5:6282.5, PSMB5:6282.5, PSMD3:6282.5, PSMD9:6282.5, PSMF1:6282.5, PSMB2:6282.5, PSMA1:6282.5, PSME3:6282.5, PSMB6:6282.5, PSMA8:6282.5, PSMD4:6282.5, PSMB4:6282.5, PSMD6:6282.5, UBB:6282.5, PSMD13:6282.5, PSMD12:6282.5, PSMB8:6282.5, PSMB10:6282.5, KBTBD7:6282.5, SPRED1:6282.5, SPRED2:6282.5, RASAL2:6282.5, RASA4:6282.5, RASAL1:6282.5, DAB2IP:6282.5, RASA2:6282.5, RASA3:6282.5, SPRED3:6282.5, NF1:6282.5, PSMD10:11350, PSMD1:11428, PSMB1:11506, PSMB7:11603, PSME4:11744, RASAL3:11875, SEM1:11957, PSMD8:12029, SYNGAP1:12751, RASA1:14114, PSMD2:14237, PSME2:14297, PSME1:14419","Herbivore",1
"REACTOME_FGFRL1_MODULATION_OF_FGFR1_SIGNALING",-0.11868346996207,0.17299203205887,0.539979334175454,11,"FGF8:76, FGF5:996, FGF10:6282.5, FGF22:6282.5, FGF4:6282.5, FGF2:6282.5, FGF17:6282.5, FGFRL1:6282.5, SPRED1:6282.5, SPRED2:6282.5, FGF23:13788","Both",3
"REACTOME_RESPONSE_TO_METAL_IONS",-0.09703081232493,0.634593051011292,0.860926464238795,2,"MTF1:6282.5, CSRP1:6282.5","Unclear",0
"REACTOME_CLEC7A_INFLAMMASOME_PATHWAY",-0.0439412621903374,0.709365947767617,0.899052538991965,6,"NFKB1:6282.5, MALT1:6282.5, RELA:6282.5, IL1B:6282.5, PYCARD:6282.5, CASP8:11211","Unclear",0
"REACTOME_MELANIN_BIOSYNTHESIS",-0.0103115893297467,0.936359433077203,0.986561880583814,5,"DCT:6282.5, OCA2:6282.5, TYRP1:6282.5, SLC45A2:6282.5, TYR:12846","Unclear",0
"REACTOME_DISEASES_OF_SIGNAL_TRANSDUCTION_BY_GROWTH_FACTOR_RECEPTORS_AND_SECOND_MESSENGERS",-0.0413875975100465,0.00922480913616561,0.141789987395849,343,"CAMK2B:23, POLR2J:39, RPS27A:59, SKP1:68, FGF8:76, UBA52:103, KANK1:107, JAG2:219, CTBP2:223, KIAA1549:268, DUSP16:293, ACTG1:418, AMER1:457, ADAM17:468, IQGAP1:558, MAML2:776, LRRFIP1:779, CBL:878, ITGB3:935, FGF5:996, SHC1:997, TRIP11:1111, PSMB9:1148, IRS1:1149, CARS1:1200, PLCG1:1240, DUSP9:1245, CEP43:1267, ALK:1278, SYVN1:1343, WDCP:1359, LMO7:1396, PEBP1:1403, OS9:1405, PAPSS1:1409, FGFR2:1505, SQSTM1:1531, MAML3:1616, MYO18A:1637, PSMB11:1646, GOLGA4:1650, MAPKAP1:1655, MAMLD1:1665, TSC2:1719, JAK2:6282.5, STAT1:6282.5, PTPN11:6282.5, PSMD5:6282.5, PSMB5:6282.5, MAPK3:6282.5, AKT2:6282.5, PSMD3:6282.5, PSMD9:6282.5, PSMF1:6282.5, PSMB2:6282.5, PSMA1:6282.5, PSME3:6282.5, CASP9:6282.5, APC:6282.5, AKT1:6282.5, PSMB6:6282.5, PSMA8:6282.5, PSMD4:6282.5, PSMB4:6282.5, LMNA:6282.5, PSMD6:6282.5, UBB:6282.5, BCL2L1:6282.5, PSMD13:6282.5, PSMD12:6282.5, PSMB8:6282.5, PSMB10:6282.5, ITGA2B:6282.5, HGF:6282.5, VCL:6282.5, PPP2R5A:6282.5, PPP2R5B:6282.5, ACTB:6282.5, APBB1IP:6282.5, PPP2R5C:6282.5, PDGFB:6282.5, CSK:6282.5, PIK3R2:6282.5, PRKAR1A:6282.5, VWF:6282.5, PPP2R5D:6282.5, SOS1:6282.5, PIK3CA:6282.5, TLN1:6282.5, ARRB1:6282.5, PPP2R1B:6282.5, PDPK1:6282.5, ARRB2:6282.5, PIK3R1:6282.5, LCK:6282.5, SRC:6282.5, PDGFA:6282.5, CAMK2A:6282.5, CAMK2G:6282.5, MDM2:6282.5, NRG1:6282.5, ERBB4:6282.5, PPFIBP1:6282.5, GTF2F1:6282.5, NCBP1:6282.5, GTF2F2:6282.5, GAB2:6282.5, FGFR3:6282.5, FGF10:6282.5, FGF22:6282.5, FGF4:6282.5, FGF6:6282.5, FGF1:6282.5, KL:6282.5, KLB:6282.5, FGF2:6282.5, FGF17:6282.5, FGFR4:6282.5, FGF19:6282.5, FRS2:6282.5, MAP2K2:6282.5, DUSP6:6282.5, DUSP10:6282.5, DUSP7:6282.5, DUSP8:6282.5, CHUK:6282.5, TPR:6282.5, PPM1B:6282.5, STAT5A:6282.5, STAT5B:6282.5, FOXO3:6282.5, SMAD4:6282.5, FGFR1OP2:6282.5, CNTRL:6282.5, ERLIN2:6282.5, BAG4:6282.5, BCR:6282.5, ERBB3:6282.5, HSP90AA1:6282.5, CDC37:6282.5, ERBIN:6282.5, EREG:6282.5, PTPN12:6282.5, ERBB2:6282.5, EGFR:6282.5, NRG2:6282.5, NRG4:6282.5, BTC:6282.5, NRG3:6282.5, CREBBP:6282.5, ESR1:6282.5, NCOR1:6282.5, NCSTN:6282.5, GSK3B:6282.5, MYH9:6282.5, TBL1X:6282.5, DKK1:6282.5, KAT2A:6282.5, SPTBN1:6282.5, CDKN1A:6282.5, MYC:6282.5, DHH:6282.5, MSN:6282.5, NOTCH1:6282.5, FOXO1:6282.5, WNT3A:6282.5, MAML1:6282.5, IHH:6282.5, SHH:6282.5, RBPJ:6282.5, PIK3CD:6282.5, NCOR2:6282.5, DLL1:6282.5, CDKN1B:6282.5, PIM1:6282.5, SEC31A:6282.5, PIK3AP1:6282.5, TRAT1:6282.5, RICTOR:6282.5, RNF213:6282.5, CD19:6282.5, PRR5:6282.5, MIB2:6282.5, MTOR:6282.5, DCTN1:6282.5, KITLG:6282.5, KIT:6282.5, AGK:6282.5, EEF1G:6282.5, HDAC7:6282.5, HDAC4:6282.5, SEL1L:6282.5, HDAC6:6282.5, HDAC10:6282.5, JAG1:6282.5, NEURL1:6282.5, DLL4:6282.5, HEY2:6282.5, HEY1:6282.5, HES5:6282.5, NEURL1B:6282.5, ATIC:6282.5, NPM1:6282.5, EML4:6282.5, AREG:6282.5, TGFA:6282.5, AKT1S1:6282.5, FRS3:6282.5, BIN2:6282.5, TGFBR1:6282.5, TGFBR2:6282.5, PDGFRB:6282.5, PDGFRA:6282.5, SPRED1:6282.5, SPRED2:6282.5, AXIN1:6282.5, TCF7L2:6282.5, LRP6:6282.5, PORCN:6282.5, TNKS2:6282.5, RNF43:6282.5, KREMEN2:6282.5, DKK2:6282.5, LRP5:6282.5, FZD5:6282.5, FZD6:6282.5, TNKS:6282.5, FZD4:6282.5, FZD8:6282.5, KREMEN1:6282.5, NR4A1:6282.5, RPS6KB2:6282.5, FOXO4:6282.5, FOXO6:6282.5, GOLGB1:6282.5, HIP1:6282.5, AP3B1:6282.5, GCC2:6282.5, CLCN6:6282.5, KDM7A:6282.5, NOX4:6282.5, EIF2AK3:6282.5, SPRED3:6282.5, NF1:6282.5, FAM114A2:6282.5, MARK3:6282.5, ARAF:6282.5, ZC3HC1:6282.5, ZC3HAV1:6282.5, SHOC2:6282.5, TENT4A:6282.5, BIRC6:6282.5, RRBP1:6282.5, MPRIP:6282.5, ETV6:6282.5, BCL2A1:6282.5, KSR1:6282.5, CNKSR2:6282.5, FAM131B:6282.5, MECP2:6282.5, KSR2:6282.5, MAP3K11:6282.5, TRAK1:6282.5, SND1:6282.5, STRN:10795, FIP1L1:10812, SNW1:10866, FGF7:10886, FGB:10930, ESR2:11017, POLR2F:11153, CUX1:11170, TFG:11175, VAV1:11176, FN1:11285, PSMD10:11350, EP300:11369, PSMD1:11428, FGF20:11475, PSMB1:11506, CNKSR1:11556, ADAM10:11589, PSMB7:11603, HDAC5:11643, AKAP9:11645, PSME4:11744, AGTRAP:11893, GAB1:11916, DKK4:11943, SEM1:11957, PSEN2:11958, PSMD8:12029, MET:12112, PSEN1:12167, HDAC1:12354, HHAT:12403, PIK3R3:12489, FLT3:12596, HEYL:12680, PIK3CB:12691, KDR:12705, EGF:12763, CAMK2D:12869, ATG7:12999, ESRP1:13059, BRAF:13081, GSK3A:13141, LYN:13217, KLC1:13290, TRIM24:13306, TGFB1:13316, HDAC9:13513, BAD:13638, AGGF1:13758, FGF23:13788, KAT2B:13850, RAF1:13877, KIF5B:13932, PPP1CB:13966, FGFR1:14005, APH1B:14076, BRAP:14136, HBEGF:14150, CD80:14178, EPGN:14199, FBXW7:14228, PSMD2:14237, MIB1:14293, PSME2:14297, YES1:14402, PSME1:14419, JUNB:14430, CD28:14438, ICOS:14482, BCL2L11:14495, ERLEC1:14551, HDAC8:14606, TPM4:14631, CD86:14846, ZMYM2:14858, ZFYVE9:14910, HDAC11:15011, FGG:15049","Herbivore",1
"REACTOME_INFECTIOUS_DISEASE",-0.00307521459351423,0.790732334155107,0.926374527928303,671,"SNRPD1:5, UBE2I:15, SNAP25:21, POLR2J:39, H4C15:49, ELOC:51, RPS27A:59, CDC42:60, SNRPD3:62, RPL34:66, SKP1:68, RPL19:69, RAN:71, H4C14:85, UBA52:103, RPS26:138, RPL31:169, H4C3:171, RPS7:178, RPS23:180, RPL8:184, SNRPG:185, NUP88:192, LIG1:198, RPS17:201, RPL17:206, H4C2:238, ANO7:239, ADCY1:241, DUSP16:293, H4C13:295, XRCC5:317, H2BC15:350, MYO10:351, H3C13:387, TRIM27:416, ACTG1:418, IKBKG:445, ADAM17:468, ST3GAL3:480, NOD1:499, NUP153:528, TUBB4A:543, SV2B:582, H3C11:588, NUP50:643, VPS33B:669, P2RX7:761, TUBA4A:786, CHD3:793, GPS2:803, DVL1:806, GNAT3:831, ADCY2:835, CBL:878, ATP1A4:891, DOCK1:892, RPL13:905, DDX20:942, ADCY8:981, H2AC20:1105, FCGR3A:1108, MTA3:1137, PSMB9:1148, CHMP6:1221, H3C10:1224, DNAJC3:1236, PLCG1:1240, ITPR1:1309, RAE1:1313, H2AC4:1330, H3C8:1344, NEDD4L:1348, PARP1:1379, NUP214:1425, MAGT1:1465, H3C4:1469, DVL2:1509, ADCY3:1563, VPS11:1566, CHMP1A:1621, VPS45:1625, FEN1:1640, PSMB11:1646, PKLR:1651, GATAD2B:1683, TAB1:1736, LIG4:1739, JAK2:6282.5, TYK2:6282.5, STAT1:6282.5, IL6R:6282.5, JAK1:6282.5, PTPN11:6282.5, ROCK1:6282.5, PSMD5:6282.5, PSMB5:6282.5, MAPK3:6282.5, TJP1:6282.5, GSDMD:6282.5, AKT2:6282.5, PSMD3:6282.5, PSMD9:6282.5, PSMF1:6282.5, PSMB2:6282.5, PSMA1:6282.5, PSME3:6282.5, NMT1:6282.5, AKT1:6282.5, PSMB6:6282.5, PSMA8:6282.5, PSMD4:6282.5, PSMB4:6282.5, PSMD6:6282.5, PTK2:6282.5, UBB:6282.5, BCL2L1:6282.5, SFN:6282.5, PAK2:6282.5, PSMD13:6282.5, PSMD12:6282.5, PSMB8:6282.5, PSMB10:6282.5, DYNLL2:6282.5, FGR:6282.5, PRKAR2B:6282.5, GPC1:6282.5, GNB5:6282.5, ACTB:6282.5, ABL1:6282.5, TUBB1:6282.5, CAV1:6282.5, SERPINE1:6282.5, PRKAR1A:6282.5, GNB3:6282.5, PTPN6:6282.5, SDC1:6282.5, SOS1:6282.5, ITPR2:6282.5, TUBA1B:6282.5, SDC4:6282.5, ATP1B2:6282.5, DOCK2:6282.5, PHF21A:6282.5, TUBB2A:6282.5, TUBB2B:6282.5, PDPK1:6282.5, APP:6282.5, VAV2:6282.5, SDC3:6282.5, SDC2:6282.5, TUBAL3:6282.5, LCK:6282.5, TUBA8:6282.5, PRKAR1B:6282.5, TUBB4B:6282.5, PPIA:6282.5, SRC:6282.5, PLCG2:6282.5, H3C1:6282.5, TRIM25:6282.5, ISG15:6282.5, H4C8:6282.5, H2BC4:6282.5, H2BC21:6282.5, H4C11:6282.5, H2BC9:6282.5, H2AC14:6282.5, ADCY7:6282.5, ADCY9:6282.5, ADCY5:6282.5, ADCY6:6282.5, SYT1:6282.5, STX1A:6282.5, AP2M1:6282.5, AP2A2:6282.5, SYT2:6282.5, ELOA:6282.5, MNAT1:6282.5, CTDP1:6282.5, CCNT2:6282.5, NELFCD:6282.5, ERCC2:6282.5, GTF2H3:6282.5, GTF2F1:6282.5, CCNT1:6282.5, CDK9:6282.5, NCBP1:6282.5, ERCC3:6282.5, NELFA:6282.5, TCEA1:6282.5, GTF2F2:6282.5, NELFB:6282.5, NELFE:6282.5, GTF2H4:6282.5, PIK3C3:6282.5, MAP2K2:6282.5, RB1:6282.5, NFKBIA:6282.5, NFKB1:6282.5, RELA:6282.5, CHUK:6282.5, TPR:6282.5, NDC1:6282.5, AAAS:6282.5, NUP188:6282.5, NUP93:6282.5, NUP155:6282.5, NUP43:6282.5, IRF3:6282.5, NUP210:6282.5, NUP58:6282.5, SEC13:6282.5, NUP35:6282.5, NUP62:6282.5, FURIN:6282.5, SMAD4:6282.5, ATP6V1H:6282.5, CYBA:6282.5, HSP90AA1:6282.5, EGFR:6282.5, CREBBP:6282.5, VHL:6282.5, NCOR1:6282.5, BTK:6282.5, TLR2:6282.5, FCGR1A:6282.5, B2M:6282.5, TLR1:6282.5, JAK3:6282.5, EED:6282.5, GSK3B:6282.5, RPS5:6282.5, RPLP0:6282.5, HSP90AB1:6282.5, RPL3:6282.5, MYH9:6282.5, TBL1X:6282.5, EZH2:6282.5, SH3GL2:6282.5, MAP2K6:6282.5, CLTA:6282.5, RPS10:6282.5, ARPC1B:6282.5, ROCK2:6282.5, PML:6282.5, RPL3L:6282.5, RPS2:6282.5, RPL32:6282.5, SH3KBP1:6282.5, NCK1:6282.5, RPL10L:6282.5, RPL38:6282.5, RPL15:6282.5, RPLP2:6282.5, JUN:6282.5, SUZ12:6282.5, RPS27L:6282.5, AGRN:6282.5, RPL14:6282.5, NCOR2:6282.5, RPL36A:6282.5, ARPC4:6282.5, CD4:6282.5, IFNGR1:6282.5, MAP2K3:6282.5, MAP2K7:6282.5, BLNK:6282.5, HMOX1:6282.5, HCK:6282.5, RIPK2:6282.5, IL1B:6282.5, ELK1:6282.5, CANX:6282.5, TRAF3:6282.5, IRAK2:6282.5, IL10:6282.5, ARF1:6282.5, IL18:6282.5, TAB3:6282.5, IFNAR2:6282.5, IFNGR2:6282.5, CCR5:6282.5, IL17RC:6282.5, NOD2:6282.5, S1PR1:6282.5, TRAF6:6282.5, IL17RA:6282.5, IRAK1:6282.5, IRF7:6282.5, UBE2V1:6282.5, CD79B:6282.5, WAS:6282.5, DYNC1I2:6282.5, SEC23A:6282.5, SEC24A:6282.5, C3:6282.5, ATG14:6282.5, DYNC1LI2:6282.5, TRIM4:6282.5, AP1S3:6282.5, CD3G:6282.5, AP1G1:6282.5, CD8B:6282.5, RNF213:6282.5, SEC24C:6282.5, AP1S2:6282.5, PDCD1:6282.5, DYNC1H1:6282.5, CD247:6282.5, ISCU:6282.5, MYO5A:6282.5, HSPG2:6282.5, PPIB:6282.5, PATJ:6282.5, EEF1A1:6282.5, ST3GAL4:6282.5, GJA1:6282.5, IMPDH1:6282.5, NT5E:6282.5, IMPDH2:6282.5, TXNRD1:6282.5, ZBP1:6282.5, RIPK3:6282.5, VTA1:6282.5, TAF2:6282.5, TSG101:6282.5, RANGAP1:6282.5, CHMP4B:6282.5, TAF6:6282.5, TBP:6282.5, VPS37B:6282.5, MVB12A:6282.5, XRCC4:6282.5, NMT2:6282.5, VPS37A:6282.5, VPS28:6282.5, CHMP4C:6282.5, PSIP1:6282.5, GTF2A1:6282.5, TAF3:6282.5, VPS37C:6282.5, PDCD6IP:6282.5, VPS37D:6282.5, TAF7:6282.5, TAF9B:6282.5, XRCC6:6282.5, MVB12B:6282.5, CHMP4A:6282.5, TAF9:6282.5, ELMO1:6282.5, NPM1:6282.5, ST3GAL1:6282.5, GPC4:6282.5, GPC3:6282.5, GPC5:6282.5, GPC6:6282.5, GPC2:6282.5, SP1:6282.5, IKBKE:6282.5, CHD4:6282.5, SH3GL3:6282.5, MASP2:6282.5, C3AR1:6282.5, ELMO2:6282.5, PYCARD:6282.5, WASF1:6282.5, IFIH1:6282.5, WIPF1:6282.5, WIPF3:6282.5, NCKAP1L:6282.5, MYH2:6282.5, PRKCSH:6282.5, ABI1:6282.5, ABI2:6282.5, PSTPIP1:6282.5, TKFC:6282.5, WASF2:6282.5, SUGT1:6282.5, WIPF2:6282.5, BAIAP2:6282.5, RNF135:6282.5, STING1:6282.5, DDOST:6282.5, TXNIP:6282.5, CYFIP1:6282.5, IPO5:6282.5, SV2C:6282.5, VAMP1:6282.5, SV2A:6282.5, ZDHHC8:6282.5, EPS15:6282.5, STAM2:6282.5, HGS:6282.5, RPN2:6282.5, GEMIN8:6282.5, GEMIN2:6282.5, GEMIN7:6282.5, GEMIN4:6282.5, NOX1:6282.5, NOXA1:6282.5, FZD7:6282.5, PARP16:6282.5, PARP8:6282.5, VPS36:6282.5, GALNT1:6282.5, SNF8:6282.5, ACE2:6282.5, DPEP1:6282.5, DPEP2:6282.5, MBD3:6282.5, SAP18:6282.5, SAP30:6282.5, MTA1:6282.5, FNTB:6282.5, ANO2:6282.5, ANO1:6282.5, ANO3:6282.5, ANO4:6282.5, ANO10:6282.5, ANO9:6282.5, NR3C1:6282.5, ARID4A:6282.5, BRMS1:6282.5, H2AC13:6282.5, FKBP4:6282.5, CYSLTR2:6282.5, ADORA2B:6282.5, CYSLTR1:6282.5, MAN1B1:6282.5, ATP1A3:6282.5, FXYD6:6282.5, ATP1A1:6282.5, FXYD1:6282.5, ST6GALNAC4:6282.5, EDEM2:6282.5, MGAT1:6282.5, MGAT5:6282.5, ANTXR2:6282.5, ANTXR1:6282.5, PDZD3:6282.5, TUFM:6282.5, VPS41:6282.5, ENO1:6282.5, PGK1:6282.5, CORO1A:6282.5, ZDHHC2:6282.5, CBLL1:6282.5, CRBN:6282.5, RHBDF2:6282.5, SRPK2:6282.5, G3BP2:6282.5, VPS33A:6282.5, BRD4:6282.5, NLRP12:6282.5, G3BP1:6282.5, SIGMAR1:6282.5, LARP1:6282.5, VPS39:6282.5, ZDHHC20:6282.5, UVRAG:6282.5, VPS16:6282.5, ZDHHC9:10840, VPS18:10843, PRKACA:10858, KPNA5:10869, NUP205:10887, ARID4B:10907, TAF11:10914, SH3GL1:10923, CTNND1:11015, NFE2L2:11026, DPEP3:11144, SEC24B:11145, POLR2F:11153, VAV1:11176, ATP1A2:11178, PIK3R4:11306, MTA2:11316, NMI:11325, MOGS:11348, PSMD10:11350, TAF1:11362, IL17A:11365, EP300:11369, PPIG:11409, CHMP7:11424, SSRP1:11426, PSMD1:11428, UBAP1:11474, TAF4B:11478, GEMIN6:11505, PSMB1:11506, WASF3:11531, BTRC:11532, CHMP3:11536, ST6GAL1:11539, GEMIN5:11549, SIKE1:11559, PSMB7:11603, MAP3K7:11639, NUP160:11681, NUP37:11698, CCNK:11699, UBE2N:11716, RCAN3:11724, ADCY4:11732, PSME4:11744, TAF10:11814, NUP85:11843, SUPT5H:11855, H4C1:11869, ITPR3:11892, VPS4A:11911, DVL3:11924, SEM1:11957, EEF2:11986, RBBP7:11998, RPL7:12006, PSMD8:12029, PRKACB:12035, KDM1A:12051, NFKB2:12055, MGAT4C:12070, NOS2:12071, RPL6:12073, MET:12112, NUP107:12122, ITGB1:12155, RPL4:12176, CDH1:12245, SMN2:12281, CD79A:12282, BECN1:12304, AP2A1:12312, ATP1B3:12329, HDAC1:12354, ST6GALNAC3:12397, SFPQ:12427, NUP42:12532, TUBA1A:12546, SMN1:12617, TOMM70:12639, ITGA4:12724, RPS3:12824, RPL9:12853, TAB2:12875, WNT5A:12876, CCNH:12886, NUP54:12910, KPNA7:12942, CDK7:12964, ATP1B1:13005, FUT8:13017, PLK2:13063, ZDHHC5:13085, ZDHHC3:13092, SUPT16H:13095, TRIM28:13107, VEGFA:13111, RANBP1:13119, ST6GALNAC2:13126, GSK3A:13141, KPNA2:13181, RNGTT:13196, LYN:13217, NUP98:13246, TXN:13294, PARP14:13296, TGFB1:13316, FNTA:13346, NUP133:13372, TAF5:13380, RCC1:13385, VPS4B:13459, DYNC1I1:13489, VAV3:13539, GTF2E1:13553, IL6:13554, GTF2H1:13587, CXCR4:13593, MASP1:13598, ENTPD1:13607, SYK:13613, MGAT4B:13623, CD9:13650, PACS1:13683, AP1M2:13687, P2RX4:13699, CALR:13753, PARP9:13763, NCKIPSD:13774, MEFV:13790, DYNC1LI1:13804, ZCRB1:13824, GTF2E2:13825, TAF15:13863, MGAT4A:13881, CASP1:13884, TLR7:13894, ENTPD5:13895, RIPK1:13907, HMG20B:13919, PRKAR2A:13940, MYO9B:13949, CD163:13950, TLR8:13970, ITCH:14022, PARP4:14053, NRP1:14054, STAM:14087, MRC1:14096, H3C2:14121, MGAT2:14124, IL1R1:14125, ANO6:14139, RCOR1:14149, HBEGF:14150, MYO1C:14170, IL1A:14189, PSMD2:14237, SEH1L:14240, ANO8:14241, IKBKB:14262, KEAP1:14270, PSME2:14297, GGT5:14317, SEC24D:14320, GRSF1:14345, GTF2H2:14391, YES1:14402, GGT1:14408, TLR9:14413, PSME1:14419, WASL:14429, CD28:14438, SRPK1:14465, RUNX1:14469, RPN1:14492, ST3GAL2:14528, AP1B1:14536, RNMT:14547, TBK1:14571, NLRP3:14579, STAT2:14604, TMPRSS2:14626, EIF2AK2:14627, SLC25A4:14654, GANAB:14662, IL17F:14664, TUBB:14742, H2BC18:14769, RPS15:14780, RBBP4:14816, TAF7L:14844, ELL:14870, IFNAR1:14875, PRKX:14895, COMT:14913, RPS27:14996, DAXX:14999, CRB3:15056, GATAD2A:15062, MAN2A1:15064, RPS15A:15066, DYNLL1:15080, ANO5:15082, RPS14:15087, TUBB8B:15090, TUBB8:15095, RPL23:15099","Herbivore",1
"REACTOME_RHO_GTPASES_ACTIVATE_WASPS_AND_WAVES",-0.0715723164476394,0.225160134917374,0.59659713972312,24,"CDC42:60, ACTG1:418, MAPK3:6282.5, PTK2:6282.5, ACTB:6282.5, ABL1:6282.5, BTK:6282.5, ARPC1B:6282.5, NCK1:6282.5, ARPC4:6282.5, WAS:6282.5, WASF1:6282.5, WIPF1:6282.5, WIPF3:6282.5, NCKAP1L:6282.5, ABI1:6282.5, ABI2:6282.5, WASF2:6282.5, WIPF2:6282.5, BAIAP2:6282.5, CYFIP1:6282.5, WASF3:11531, NCKIPSD:13774, WASL:14429","Both",3
"REACTOME_RHO_GTPASES_ACTIVATE_RHOTEKIN_AND_RHOPHILINS",-0.0476777640772709,0.685918148015365,0.887166729463201,6,"RHOA:150, RHPN1:1385, RHOC:6282.5, RTKN:6282.5, RHPN2:13140, ROPN1:14468","Herbivore",1
"REACTOME_RAF_ACTIVATION",-0.000101590153240738,0.9987148435089,0.999114947262334,21,"CAMK2B:23, JAK2:6282.5, PPP2R5A:6282.5, PPP2R5B:6282.5, PPP2R5C:6282.5, PPP2R5D:6282.5, PPP2R1B:6282.5, SRC:6282.5, CAMK2A:6282.5, CAMK2G:6282.5, MAP2K2:6282.5, MARK3:6282.5, ARAF:6282.5, SHOC2:6282.5, KSR1:6282.5, MAP3K11:6282.5, CAMK2D:12869, BRAF:13081, RAF1:13877, PPP1CB:13966, BRAP:14136","Herbivore",1
"REACTOME_MAP2K_AND_MAPK_ACTIVATION",-0.0599527930763178,0.256145914801553,0.624096059982702,30,"ACTG1:418, IQGAP1:558, ITGB3:935, PEBP1:1403, MAPK3:6282.5, ITGA2B:6282.5, VCL:6282.5, ACTB:6282.5, APBB1IP:6282.5, CSK:6282.5, VWF:6282.5, TLN1:6282.5, ARRB1:6282.5, ARRB2:6282.5, SRC:6282.5, MAP2K2:6282.5, LAMTOR2:6282.5, MARK3:6282.5, ARAF:6282.5, KSR1:6282.5, CNKSR2:6282.5, KSR2:6282.5, WDR83:6282.5, IL17RD:6282.5, FGB:10930, FN1:11285, CNKSR1:11556, BRAF:13081, RAF1:13877, FGG:15049","Both",3
"REACTOME_CONSTITUTIVE_SIGNALING_BY_AKT1_E17K_IN_CANCER",-0.0819807414352123,0.173787354447604,0.539979334175454,23,"MAPKAP1:1655, TSC2:1719, AKT2:6282.5, CASP9:6282.5, AKT1:6282.5, PDPK1:6282.5, MDM2:6282.5, CHUK:6282.5, FOXO3:6282.5, GSK3B:6282.5, CDKN1A:6282.5, FOXO1:6282.5, CDKN1B:6282.5, RICTOR:6282.5, PRR5:6282.5, MTOR:6282.5, AKT1S1:6282.5, NR4A1:6282.5, RPS6KB2:6282.5, FOXO4:6282.5, FOXO6:6282.5, GSK3A:13141, BAD:13638","Unclear",0
"REACTOME_NEGATIVE_REGULATION_OF_MAPK_PATHWAY",-0.0738933389544688,0.148365428636537,0.518416410526504,32,"RPS27A:59, UBA52:103, DUSP16:293, DUSP9:1245, PEBP1:1403, MAPK3:6282.5, UBB:6282.5, PPP2R5A:6282.5, PPP2R5B:6282.5, PPP2R5C:6282.5, PPP2R5D:6282.5, PPP2R1B:6282.5, DUSP4:6282.5, MAP2K2:6282.5, DUSP5:6282.5, DUSP6:6282.5, DUSP10:6282.5, DUSP7:6282.5, DUSP8:6282.5, MAPK12:6282.5, PTPN7:6282.5, PTPN3:6282.5, MARK3:6282.5, ARAF:6282.5, KSR1:6282.5, PAQR3:6282.5, DUSP1:11002, DUSP2:12162, PPP5C:12184, BRAF:13081, RAF1:13877, BRAP:14136","Herbivore",1
"REACTOME_PROTEIN_REPAIR",-0.00151328326420802,0.989758954571215,0.998892433856352,6,"MSRB2:1527, PCMT1:6282.5, MSRB3:6282.5, MSRB1:6282.5, MSRA:12598, TXN:13294","Unclear",0
"REACTOME_DEFECTIVE_CFTR_CAUSES_CYSTIC_FIBROSIS",-0.0323393721165748,0.479633965211587,0.786610217153264,40,"RPS27A:59, UBA52:103, PSMB9:1148, OS9:1405, PSMB11:1646, RNF5:1670, PSMD5:6282.5, PSMB5:6282.5, PSMD3:6282.5, PSMD9:6282.5, PSMF1:6282.5, PSMB2:6282.5, PSMA1:6282.5, PSME3:6282.5, PSMB6:6282.5, PSMA8:6282.5, PSMD4:6282.5, PSMB4:6282.5, PSMD6:6282.5, UBB:6282.5, PSMD13:6282.5, PSMD12:6282.5, PSMB8:6282.5, PSMB10:6282.5, ERLIN2:6282.5, SEL1L:6282.5, CFTR:6282.5, ERLIN1:6282.5, DERL1:6282.5, PSMD10:11350, PSMD1:11428, PSMB1:11506, PSMB7:11603, PSME4:11744, SEM1:11957, PSMD8:12029, PSMD2:14237, PSME2:14297, PSME1:14419, ERLEC1:14551","Herbivore",1
"REACTOME_LGI_ADAM_INTERACTIONS",-0.0594335005505934,0.494998772845427,0.791549227628984,11,"CACNG4:6282.5, STX1A:6282.5, DLG4:6282.5, CACNG8:6282.5, ADAM22:6282.5, ADAM11:6282.5, ADAM23:6282.5, LGI2:6282.5, LGI4:6282.5, LGI3:6282.5, LGI1:12565","Unclear",0
"REACTOME_MAPK_FAMILY_SIGNALING_CASCADES",-0.0388835836140465,0.031096389262254,0.27587631678156,264,"CAMK2B:23, RPS27A:59, CDC42:60, FGF8:76, UBA52:103, SPTBN5:155, DUSP16:293, RAG1:319, MMP10:321, ACTG1:418, IQGAP1:558, RGL1:838, CDC14A:841, ETV4:859, LYPLA1:912, ITGB3:935, GRIN2B:988, FGF5:996, SHC1:997, PSMB9:1148, IRS1:1149, ICMT:1169, DUSP9:1245, RASGRF1:1273, TNRC6C:1376, PEBP1:1403, FGFR2:1505, SHC3:1588, GFRA1:1597, PSMB11:1646, SPTAN1:1669, JAK2:6282.5, TYK2:6282.5, IL6R:6282.5, JAK1:6282.5, PTPN11:6282.5, PSMD5:6282.5, PSMB5:6282.5, MAPK3:6282.5, PSMD3:6282.5, PSMD9:6282.5, PSMF1:6282.5, PSMB2:6282.5, PSMA1:6282.5, PSME3:6282.5, PSMB6:6282.5, PSMA8:6282.5, PSMD4:6282.5, PSMB4:6282.5, PSMD6:6282.5, PTK2:6282.5, UBB:6282.5, BCL2L1:6282.5, PAK2:6282.5, PSMD13:6282.5, PSMD12:6282.5, PSMB8:6282.5, PSMB10:6282.5, ITGA2B:6282.5, HGF:6282.5, VCL:6282.5, PPP2R5A:6282.5, PPP2R5B:6282.5, ACTB:6282.5, APBB1IP:6282.5, ACTN2:6282.5, PPP2R5C:6282.5, PDGFB:6282.5, CSK:6282.5, PIK3R2:6282.5, VWF:6282.5, PPP2R5D:6282.5, SOS1:6282.5, PIK3CA:6282.5, TLN1:6282.5, ARRB1:6282.5, PPP2R1B:6282.5, PRKG2:6282.5, ARRB2:6282.5, PIK3R1:6282.5, RASGRP1:6282.5, SRC:6282.5, PDGFA:6282.5, LAT:6282.5, CAMK2A:6282.5, CAMK2G:6282.5, LRRC7:6282.5, DLG3:6282.5, GRIN2D:6282.5, RASGRF2:6282.5, DLG4:6282.5, DLG2:6282.5, NRG1:6282.5, GRIN1:6282.5, ERBB4:6282.5, FGFR3:6282.5, FGF10:6282.5, FGF22:6282.5, FGF4:6282.5, FGF6:6282.5, FGF1:6282.5, KL:6282.5, KLB:6282.5, FGF2:6282.5, FGF17:6282.5, FGFR4:6282.5, FGF19:6282.5, FRS2:6282.5, DUSP4:6282.5, MAP2K2:6282.5, DUSP5:6282.5, DUSP6:6282.5, DUSP10:6282.5, PEA15:6282.5, DUSP7:6282.5, DUSP8:6282.5, RASGRP3:6282.5, FOXO3:6282.5, ERBB3:6282.5, EREG:6282.5, ERBB2:6282.5, EGFR:6282.5, NRG2:6282.5, NRG4:6282.5, BTC:6282.5, NRG3:6282.5, JAK3:6282.5, IL2RG:6282.5, RAG2:6282.5, RANBP9:6282.5, SPTB:6282.5, PAK3:6282.5, MMP2:6282.5, CCND3:6282.5, SPTBN1:6282.5, ARTN:6282.5, NCOA3:6282.5, PSPN:6282.5, PTPRA:6282.5, MYC:6282.5, PAK1:6282.5, NCAM1:6282.5, FOXO1:6282.5, KALRN:6282.5, SPTBN4:6282.5, SPTA1:6282.5, GFRA2:6282.5, GDNF:6282.5, NRTN:6282.5, SPTBN2:6282.5, JUN:6282.5, MAPK12:6282.5, IL5RA:6282.5, CSF2RB:6282.5, IL2RB:6282.5, IL5:6282.5, IL2RA:6282.5, PTPN7:6282.5, CSF2:6282.5, KBTBD7:6282.5, KITLG:6282.5, KIT:6282.5, TNRC6A:6282.5, MOV10:6282.5, AREG:6282.5, TGFA:6282.5, LAMTOR2:6282.5, FRS3:6282.5, PTPN3:6282.5, PDGFRB:6282.5, PDGFRA:6282.5, SPRED1:6282.5, SPRED2:6282.5, FNTB:6282.5, ARL2:6282.5, RASAL2:6282.5, RASA4:6282.5, RASAL1:6282.5, DAB2IP:6282.5, RASA2:6282.5, RASA3:6282.5, SPRED3:6282.5, NF1:6282.5, MARK3:6282.5, ARAF:6282.5, SHOC2:6282.5, KSR1:6282.5, CNKSR2:6282.5, KSR2:6282.5, MAP3K11:6282.5, WDR83:6282.5, IL17RD:6282.5, PAQR3:6282.5, MAPK6:6282.5, SEPTIN7:6282.5, ABHD17A:6282.5, MAPK4:6282.5, IGF2BP1:6282.5, CDC42EP3:6282.5, RASGEF1A:6282.5, RGL3:6282.5, RCE1:10789, ZDHHC9:10840, PRKACA:10858, FGF7:10886, FGB:10930, DUSP1:11002, CDC42EP2:11124, NEFL:11217, IL2:11247, FN1:11285, PSMD10:11350, GFRA3:11360, PSMD1:11428, FGF20:11475, PSMB1:11506, CNKSR1:11556, PSMB7:11603, TNRC6B:11613, PSME4:11744, RASAL3:11875, DNAJB1:11907, SEM1:11957, PSMD8:12029, PRKACB:12035, SHC2:12074, MET:12112, DUSP2:12162, PPP5C:12184, RASGRP4:12320, IL6ST:12566, FLT3:12596, RAPGEF2:12613, PIK3CB:12691, SYNGAP1:12751, RET:12754, EGF:12763, AGO1:12768, CAMK2D:12869, MAPKAPK5:13074, BRAF:13081, RGL2:13098, IL3RA:13179, FNTA:13346, HSPB1:13412, IL6:13554, TEK:13643, FGF23:13788, PRKCQ:13818, RAF1:13877, PPP1CB:13966, CDC42EP5:13982, FGFR1:14005, RASA1:14114, BRAP:14136, HBEGF:14150, EPGN:14199, PSMD2:14237, CDC14B:14251, PSME2:14297, DLG1:14328, GFRA4:14366, PSME1:14419, FGG:15049","Herbivore",1
"REACTOME_MAP3K8_TPL2_DEPENDENT_MAPK1_3_ACTIVATION",-0.160018760960887,0.0661745256099182,0.371943292552088,11,"RPS27A:59, SKP1:68, UBA52:103, IKBKG:445, UBB:6282.5, NFKB1:6282.5, CHUK:6282.5, MAP3K8:6282.5, TNIP2:6282.5, BTRC:11532, IKBKB:14262","Herbivore",1
"REACTOME_HDR_THROUGH_SINGLE_STRAND_ANNEALING_SSA",-0.120851826618424,0.0148384666958595,0.187089198969473,34,"BLM:414, TOP3A:519, RAD9A:1262, ATM:1269, HUS1:1427, ERCC4:1445, RPA1:1675, MRE11:1742, ABL1:6282.5, RFC2:6282.5, RFC5:6282.5, RPA2:6282.5, RFC3:6282.5, RFC4:6282.5, BRCA1:6282.5, RBBP8:6282.5, NBN:6282.5, RAD50:6282.5, DNA2:6282.5, WRN:6282.5, BARD1:6282.5, RAD9B:6282.5, RAD17:6282.5, ATRIP:6282.5, RHNO1:6282.5, RMI2:6282.5, RMI1:6282.5, RAD52:6282.5, ERCC1:6282.5, RAD1:10997, ATR:11303, TOPBP1:11392, BRIP1:11727, RPA3:13748","Unclear",0
"REACTOME_HDR_THROUGH_MMEJ_ALT_NHEJ",-0.13798840904842,0.0979945151809141,0.42799955370994,12,"PARP1:1379, FEN1:1640, MRE11:1742, PARP2:6282.5, RBBP8:6282.5, NBN:6282.5, RAD50:6282.5, BRCA2:6282.5, RAD52:6282.5, LIG3:6282.5, POLQ:6282.5, XRCC1:12681","Unclear",0
"REACTOME_HDR_THROUGH_HOMOLOGOUS_RECOMBINATION_HRR",-0.126798027764132,0.00056818279900859,0.022270295361141,62,"RPS27A:59, UBA52:103, POLD2:160, RTEL1:276, EME1:291, POLE:379, BLM:414, TOP3A:519, EME2:766, MUS81:893, RAD9A:1262, ATM:1269, HUS1:1427, RPA1:1675, MRE11:1742, UBB:6282.5, RAD51B:6282.5, RFC1:6282.5, RFC2:6282.5, POLD1:6282.5, POLD3:6282.5, POLE2:6282.5, RFC5:6282.5, POLE4:6282.5, RPA2:6282.5, POLK:6282.5, RFC3:6282.5, POLE3:6282.5, RFC4:6282.5, POLH:6282.5, POLD4:6282.5, BRCA1:6282.5, CHEK1:6282.5, RBBP8:6282.5, NBN:6282.5, RAD50:6282.5, BRCA2:6282.5, DNA2:6282.5, WRN:6282.5, BARD1:6282.5, RAD9B:6282.5, RAD17:6282.5, ATRIP:6282.5, RHNO1:6282.5, RMI2:6282.5, RMI1:6282.5, RAD51D:6282.5, PALB2:6282.5, RAD51AP1:6282.5, XRCC3:6282.5, SPIDR:6282.5, SLX4:6282.5, XRCC2:6282.5, RAD1:10997, ATR:11303, TOPBP1:11392, BRIP1:11727, SEM1:11957, RAD51C:12796, SLX1A:13174, SLX1B:13313, RPA3:13748","Herbivore",1
"REACTOME_MAPK6_MAPK4_SIGNALING",-0.0289259121997237,0.41389316375425,0.748494858825389,67,"RPS27A:59, CDC42:60, UBA52:103, RAG1:319, MMP10:321, CDC14A:841, ETV4:859, PSMB9:1148, TNRC6C:1376, PSMB11:1646, PSMD5:6282.5, PSMB5:6282.5, PSMD3:6282.5, PSMD9:6282.5, PSMF1:6282.5, PSMB2:6282.5, PSMA1:6282.5, PSME3:6282.5, PSMB6:6282.5, PSMA8:6282.5, PSMD4:6282.5, PSMB4:6282.5, PSMD6:6282.5, UBB:6282.5, PAK2:6282.5, PSMD13:6282.5, PSMD12:6282.5, PSMB8:6282.5, PSMB10:6282.5, FOXO3:6282.5, RAG2:6282.5, PAK3:6282.5, MMP2:6282.5, CCND3:6282.5, NCOA3:6282.5, MYC:6282.5, PAK1:6282.5, FOXO1:6282.5, KALRN:6282.5, JUN:6282.5, TNRC6A:6282.5, MOV10:6282.5, MAPK6:6282.5, SEPTIN7:6282.5, MAPK4:6282.5, IGF2BP1:6282.5, CDC42EP3:6282.5, PRKACA:10858, CDC42EP2:11124, PSMD10:11350, PSMD1:11428, PSMB1:11506, PSMB7:11603, TNRC6B:11613, PSME4:11744, DNAJB1:11907, SEM1:11957, PSMD8:12029, PRKACB:12035, AGO1:12768, MAPKAPK5:13074, HSPB1:13412, CDC42EP5:13982, PSMD2:14237, CDC14B:14251, PSME2:14297, PSME1:14419","Herbivore",1
"REACTOME_DISEASES_ASSOCIATED_WITH_SURFACTANT_METABOLISM",-0.189461883408072,0.0826224323843871,0.39908515763601,7,"SFTPB:845, SFTPA2:1707, CSF2RB:6282.5, ABCA3:6282.5, SFTPA1:6282.5, SLC34A2:6282.5, SFTPC:6282.5","Unclear",0
"REACTOME_DEUBIQUITINATION",-0.0189517587585026,0.349437181602913,0.703949987072684,208,"UBE2D1:11, RPS27A:59, BIRC3:75, STAMBPL1:84, UBA52:103, RHOA:150, H2BC15:350, ZRANB1:389, IKBKG:445, NOD1:499, ASXL2:506, USP20:719, USP42:1005, H2AC20:1105, PSMB9:1148, HCFC1:1157, AXIN2:1168, CDC20:1297, H2AC4:1330, USP28:1513, PSMB11:1646, OTUD7B:1662, USP2:1712, TAB1:1736, PSMD5:6282.5, PSMB5:6282.5, PSMD3:6282.5, BIRC2:6282.5, PSMD9:6282.5, PSMF1:6282.5, PSMB2:6282.5, TRAF2:6282.5, PSMA1:6282.5, PSME3:6282.5, APC:6282.5, TP53:6282.5, PSMB6:6282.5, PSMA8:6282.5, PSMD4:6282.5, PSMB4:6282.5, PSMD6:6282.5, UBB:6282.5, PSMD13:6282.5, PSMD12:6282.5, PSMB8:6282.5, PSMB10:6282.5, ACTB:6282.5, ARRB1:6282.5, ARRB2:6282.5, UFD1:6282.5, USP10:6282.5, TRIM25:6282.5, H2BC4:6282.5, H2BC21:6282.5, H2BC9:6282.5, H2AC14:6282.5, MDM2:6282.5, NFKBIA:6282.5, USP18:6282.5, SMAD4:6282.5, BRCA1:6282.5, ESR1:6282.5, USP33:6282.5, KAT2A:6282.5, MYC:6282.5, SMAD7:6282.5, RIPK2:6282.5, TRAF3:6282.5, NOD2:6282.5, TNIP2:6282.5, TRAF6:6282.5, SMURF2:6282.5, SKP2:6282.5, TRIM4:6282.5, PRKN:6282.5, CDC25A:6282.5, CCNA1:6282.5, TAF9B:6282.5, CCP110:6282.5, BARD1:6282.5, BABAM2:6282.5, BRCC3:6282.5, OTUD5:6282.5, CYLD:6282.5, IFIH1:6282.5, TNFAIP3:6282.5, RNF135:6282.5, TGFBR1:6282.5, UCHL5:6282.5, TGFBR2:6282.5, STAM2:6282.5, HGS:6282.5, AXIN1:6282.5, CFTR:6282.5, TNKS2:6282.5, USP34:6282.5, RNF146:6282.5, TNKS:6282.5, FOXO4:6282.5, ADRB2:6282.5, SMAD1:6282.5, H2AC13:6282.5, KDM1B:6282.5, USP22:6282.5, ATXN7:6282.5, TADA2B:6282.5, MCRS1:6282.5, VDAC3:6282.5, USP11:6282.5, USP21:6282.5, USP13:6282.5, ATXN3:6282.5, OTUB2:6282.5, MUL1:6282.5, JOSD1:6282.5, ACTR5:6282.5, TFPT:6282.5, USP5:6282.5, INO80D:6282.5, INO80B:6282.5, UCHL3:6282.5, IDE:6282.5, STAMBP:6282.5, RHOT1:6282.5, ADRM1:6282.5, RNF128:6282.5, USP26:6282.5, USP30:6282.5, WDR20:6282.5, FOXK2:6282.5, TNIP1:6282.5, INO80C:6282.5, USP25:6282.5, USP16:6282.5, JOSD2:6282.5, USP24:6282.5, MYSM1:6282.5, BAP1:6282.5, USP49:6282.5, FOXK1:6282.5, ABRAXAS2:6282.5, MBD6:6282.5, OTUB1:6282.5, OTUD3:6282.5, OTUD7A:6282.5, ASXL1:6282.5, USP19:6282.5, VCPIP1:6282.5, YOD1:6282.5, MBD5:6282.5, RCE1:10789, ACTR8:10971, UCHL1:11194, PTRH2:11251, USP48:11346, PSMD10:11350, EP300:11369, NFRKB:11422, PSMD1:11428, PSMB1:11506, PSMB7:11603, RAD23A:11614, USP14:11617, MAP3K7:11639, UIMC1:11660, ABRAXAS1:11684, PSME4:11744, TAF10:11814, TNIP3:11876, GATA3:11922, RAD23B:11956, SEM1:11957, SENP8:12005, USP3:12028, PSMD8:12029, USP15:12201, TRRAP:12233, USP8:12271, BECN1:12304, CLSPN:12481, INO80E:12504, MAT2B:12547, TOMM70:12639, USP44:12699, HIF1A:13088, MDM4:13090, CCNA2:13232, RNF123:13301, USP4:13304, TGFB1:13316, VDAC2:13461, KAT2B:13850, BABAM1:13865, USP7:13887, RIPK1:13907, POLB:14024, USP37:14084, STAM:14087, PSMD2:14237, KEAP1:14270, PSME2:14297, PSME1:14419, NLRP3:14579, FKBP8:14686, H2BC18:14769, USP47:14916, DDB2:14978, IL33:14988","Herbivore",1
"REACTOME_DEFECTIVE_CSF2RB_CAUSES_SMDP5",-0.226361802286483,0.0796360504251167,0.394460986034301,5,"SFTPB:845, SFTPA2:1707, CSF2RB:6282.5, SFTPA1:6282.5, SFTPC:6282.5","Unclear",0
"REACTOME_UCH_PROTEINASES",-0.0383259294217425,0.282584077457459,0.648050957951042,66,"RPS27A:59, UBA52:103, ASXL2:506, H2AC20:1105, PSMB9:1148, HCFC1:1157, H2AC4:1330, PSMB11:1646, PSMD5:6282.5, PSMB5:6282.5, PSMD3:6282.5, PSMD9:6282.5, PSMF1:6282.5, PSMB2:6282.5, PSMA1:6282.5, PSME3:6282.5, PSMB6:6282.5, PSMA8:6282.5, PSMD4:6282.5, PSMB4:6282.5, PSMD6:6282.5, UBB:6282.5, PSMD13:6282.5, PSMD12:6282.5, PSMB8:6282.5, PSMB10:6282.5, ACTB:6282.5, H2AC14:6282.5, SMAD7:6282.5, BARD1:6282.5, TGFBR1:6282.5, UCHL5:6282.5, TGFBR2:6282.5, H2AC13:6282.5, KDM1B:6282.5, MCRS1:6282.5, ACTR5:6282.5, TFPT:6282.5, INO80D:6282.5, INO80B:6282.5, UCHL3:6282.5, ADRM1:6282.5, FOXK2:6282.5, INO80C:6282.5, BAP1:6282.5, FOXK1:6282.5, MBD6:6282.5, ASXL1:6282.5, MBD5:6282.5, ACTR8:10971, UCHL1:11194, PSMD10:11350, NFRKB:11422, PSMD1:11428, PSMB1:11506, PSMB7:11603, PSME4:11744, SEM1:11957, SENP8:12005, PSMD8:12029, USP15:12201, INO80E:12504, TGFB1:13316, PSMD2:14237, PSME2:14297, PSME1:14419","Herbivore",1
"REACTOME_JOSEPHIN_DOMAIN_DUBS",-0.105529391243677,0.273044096983193,0.641865724465391,9,"RPS27A:59, UBA52:103, UBB:6282.5, PRKN:6282.5, ATXN3:6282.5, JOSD1:6282.5, JOSD2:6282.5, RAD23A:11614, RAD23B:11956","Herbivore",1
"REACTOME_UB_SPECIFIC_PROCESSING_PROTEASES",-0.00468510034939729,0.849435493901399,0.948904706012529,139,"RPS27A:59, BIRC3:75, UBA52:103, H2BC15:350, IKBKG:445, USP20:719, USP42:1005, H2AC20:1105, PSMB9:1148, AXIN2:1168, CDC20:1297, H2AC4:1330, USP28:1513, PSMB11:1646, USP2:1712, TAB1:1736, PSMD5:6282.5, PSMB5:6282.5, PSMD3:6282.5, BIRC2:6282.5, PSMD9:6282.5, PSMF1:6282.5, PSMB2:6282.5, TRAF2:6282.5, PSMA1:6282.5, PSME3:6282.5, TP53:6282.5, PSMB6:6282.5, PSMA8:6282.5, PSMD4:6282.5, PSMB4:6282.5, PSMD6:6282.5, UBB:6282.5, PSMD13:6282.5, PSMD12:6282.5, PSMB8:6282.5, PSMB10:6282.5, ARRB1:6282.5, ARRB2:6282.5, UFD1:6282.5, USP10:6282.5, H2BC4:6282.5, H2BC21:6282.5, H2BC9:6282.5, H2AC14:6282.5, MDM2:6282.5, NFKBIA:6282.5, USP18:6282.5, SMAD4:6282.5, USP33:6282.5, KAT2A:6282.5, MYC:6282.5, SMAD7:6282.5, TRAF6:6282.5, SMURF2:6282.5, SKP2:6282.5, CDC25A:6282.5, CCNA1:6282.5, TAF9B:6282.5, CCP110:6282.5, CYLD:6282.5, IFIH1:6282.5, TGFBR1:6282.5, STAM2:6282.5, HGS:6282.5, AXIN1:6282.5, CFTR:6282.5, TNKS2:6282.5, USP34:6282.5, RNF146:6282.5, TNKS:6282.5, FOXO4:6282.5, ADRB2:6282.5, SMAD1:6282.5, H2AC13:6282.5, USP22:6282.5, ATXN7:6282.5, TADA2B:6282.5, VDAC3:6282.5, USP11:6282.5, USP21:6282.5, USP13:6282.5, MUL1:6282.5, USP5:6282.5, IDE:6282.5, RHOT1:6282.5, ADRM1:6282.5, RNF128:6282.5, USP26:6282.5, USP30:6282.5, WDR20:6282.5, USP25:6282.5, USP16:6282.5, USP24:6282.5, USP49:6282.5, OTUB1:6282.5, USP19:6282.5, RCE1:10789, PTRH2:11251, USP48:11346, PSMD10:11350, PSMD1:11428, PSMB1:11506, PSMB7:11603, USP14:11617, MAP3K7:11639, PSME4:11744, TAF10:11814, GATA3:11922, SEM1:11957, USP3:12028, PSMD8:12029, USP15:12201, TRRAP:12233, USP8:12271, BECN1:12304, CLSPN:12481, MAT2B:12547, TOMM70:12639, USP44:12699, HIF1A:13088, MDM4:13090, CCNA2:13232, RNF123:13301, USP4:13304, VDAC2:13461, USP7:13887, RIPK1:13907, POLB:14024, USP37:14084, PSMD2:14237, KEAP1:14270, PSME2:14297, PSME1:14419, FKBP8:14686, H2BC18:14769, USP47:14916, DDB2:14978, IL33:14988","Herbivore",1
"REACTOME_OVARIAN_TUMOR_DOMAIN_PROTEASES",-0.162295316556616,0.00126642905339958,0.041264253197988,33,"UBE2D1:11, RPS27A:59, UBA52:103, RHOA:150, ZRANB1:389, IKBKG:445, NOD1:499, OTUD7B:1662, APC:6282.5, TP53:6282.5, UBB:6282.5, TRIM25:6282.5, ESR1:6282.5, RIPK2:6282.5, TRAF3:6282.5, NOD2:6282.5, TNIP2:6282.5, TRAF6:6282.5, TRIM4:6282.5, OTUD5:6282.5, IFIH1:6282.5, TNFAIP3:6282.5, RNF135:6282.5, OTUB2:6282.5, RNF128:6282.5, TNIP1:6282.5, OTUB1:6282.5, OTUD3:6282.5, OTUD7A:6282.5, VCPIP1:6282.5, YOD1:6282.5, TNIP3:11876, RIPK1:13907","Herbivore",1
"REACTOME_METALLOPROTEASE_DUBS",-0.0388035322341891,0.528910426278552,0.810217076108946,22,"RPS27A:59, STAMBPL1:84, UBA52:103, H2AC20:1105, H2AC4:1330, UBB:6282.5, H2AC14:6282.5, BRCA1:6282.5, BARD1:6282.5, BABAM2:6282.5, BRCC3:6282.5, H2AC13:6282.5, STAMBP:6282.5, MYSM1:6282.5, ABRAXAS2:6282.5, EP300:11369, UIMC1:11660, ABRAXAS1:11684, KAT2B:13850, BABAM1:13865, STAM:14087, NLRP3:14579","Herbivore",1
"REACTOME_DNA_DOUBLE_STRAND_BREAK_REPAIR",-0.0843945205292057,0.000819388032660376,0.0295471324577332,133,"UBE2I:15, H4C15:49, RPS27A:59, H4C14:85, UBA52:103, PAXIP1:144, POLD2:160, H4C3:171, H4C2:238, RTEL1:276, EME1:291, H4C13:295, XRCC5:317, H2BC15:350, POLE:379, BLM:414, TOP3A:519, EME2:766, MUS81:893, NHEJ1:1117, APBB1:1156, RAD9A:1262, ATM:1269, PARP1:1379, HUS1:1427, ERCC4:1445, FEN1:1640, RPA1:1675, LIG4:1739, MRE11:1742, TP53:6282.5, UBB:6282.5, ABL1:6282.5, CDK2:6282.5, RAD51B:6282.5, RFC1:6282.5, RFC2:6282.5, POLD1:6282.5, POLD3:6282.5, POLE2:6282.5, RFC5:6282.5, POLE4:6282.5, RPA2:6282.5, POLK:6282.5, RFC3:6282.5, POLE3:6282.5, RFC4:6282.5, POLH:6282.5, POLD4:6282.5, H4C8:6282.5, H2BC4:6282.5, H2BC21:6282.5, H4C11:6282.5, H2BC9:6282.5, PARP2:6282.5, BRCA1:6282.5, CHEK1:6282.5, RBBP8:6282.5, NBN:6282.5, RAD50:6282.5, BRCA2:6282.5, CCNA1:6282.5, DNA2:6282.5, WRN:6282.5, XRCC4:6282.5, XRCC6:6282.5, TP53BP1:6282.5, NSD2:6282.5, RNF8:6282.5, BARD1:6282.5, RAD9B:6282.5, RAD17:6282.5, BABAM2:6282.5, ATRIP:6282.5, RHNO1:6282.5, RMI2:6282.5, RMI1:6282.5, CHEK2:6282.5, BRCC3:6282.5, PRKDC:6282.5, RAD52:6282.5, KDM4A:6282.5, RAD51D:6282.5, UBXN1:6282.5, LIG3:6282.5, ERCC1:6282.5, POLQ:6282.5, PALB2:6282.5, RAD51AP1:6282.5, XRCC3:6282.5, SPIDR:6282.5, SLX4:6282.5, XRCC2:6282.5, BAP1:6282.5, TDP1:6282.5, EYA2:6282.5, TIPIN:6282.5, EYA1:6282.5, TIMELESS:6282.5, TDP2:6282.5, DCLRE1C:6282.5, EYA3:6282.5, POLL:6282.5, PIAS4:10793, HERC2:10956, RAD1:10997, SMARCA5:11100, ATR:11303, TOPBP1:11392, UIMC1:11660, ABRAXAS1:11684, UBE2N:11716, BRIP1:11727, H4C1:11869, SEM1:11957, PPP5C:12184, RIF1:12449, CLSPN:12481, XRCC1:12681, RAD51C:12796, RNF4:13163, SLX1A:13174, KPNA2:13181, CCNA2:13232, SLX1B:13313, RNF168:13515, EYA4:13540, RPA3:13748, BABAM1:13865, PPP4R2:14073, KDM4B:14539, SIRT6:14689, PPP4C:15096","Both",3
"REACTOME_RESOLUTION_OF_D_LOOP_STRUCTURES",-0.121736481782316,0.0190906240087897,0.219238185272916,31,"RTEL1:276, EME1:291, BLM:414, TOP3A:519, EME2:766, MUS81:893, ATM:1269, MRE11:1742, RAD51B:6282.5, BRCA1:6282.5, RBBP8:6282.5, NBN:6282.5, RAD50:6282.5, BRCA2:6282.5, DNA2:6282.5, WRN:6282.5, BARD1:6282.5, RMI2:6282.5, RMI1:6282.5, RAD51D:6282.5, PALB2:6282.5, RAD51AP1:6282.5, XRCC3:6282.5, SPIDR:6282.5, SLX4:6282.5, XRCC2:6282.5, BRIP1:11727, SEM1:11957, RAD51C:12796, SLX1A:13174, SLX1B:13313","Unclear",0
"REACTOME_HOMOLOGY_DIRECTED_REPAIR",-0.0889556445631212,0.00153383518084193,0.0476811177768622,107,"UBE2I:15, H4C15:49, RPS27A:59, H4C14:85, UBA52:103, POLD2:160, H4C3:171, H4C2:238, RTEL1:276, EME1:291, H4C13:295, H2BC15:350, POLE:379, BLM:414, TOP3A:519, EME2:766, MUS81:893, RAD9A:1262, ATM:1269, PARP1:1379, HUS1:1427, ERCC4:1445, FEN1:1640, RPA1:1675, MRE11:1742, UBB:6282.5, ABL1:6282.5, CDK2:6282.5, RAD51B:6282.5, RFC1:6282.5, RFC2:6282.5, POLD1:6282.5, POLD3:6282.5, POLE2:6282.5, RFC5:6282.5, POLE4:6282.5, RPA2:6282.5, POLK:6282.5, RFC3:6282.5, POLE3:6282.5, RFC4:6282.5, POLH:6282.5, POLD4:6282.5, H4C8:6282.5, H2BC4:6282.5, H2BC21:6282.5, H4C11:6282.5, H2BC9:6282.5, PARP2:6282.5, BRCA1:6282.5, CHEK1:6282.5, RBBP8:6282.5, NBN:6282.5, RAD50:6282.5, BRCA2:6282.5, CCNA1:6282.5, DNA2:6282.5, WRN:6282.5, TP53BP1:6282.5, NSD2:6282.5, RNF8:6282.5, BARD1:6282.5, RAD9B:6282.5, RAD17:6282.5, BABAM2:6282.5, ATRIP:6282.5, RHNO1:6282.5, RMI2:6282.5, RMI1:6282.5, BRCC3:6282.5, RAD52:6282.5, RAD51D:6282.5, LIG3:6282.5, ERCC1:6282.5, POLQ:6282.5, PALB2:6282.5, RAD51AP1:6282.5, XRCC3:6282.5, SPIDR:6282.5, SLX4:6282.5, XRCC2:6282.5, TIPIN:6282.5, TIMELESS:6282.5, PIAS4:10793, HERC2:10956, RAD1:10997, ATR:11303, TOPBP1:11392, UIMC1:11660, ABRAXAS1:11684, UBE2N:11716, BRIP1:11727, H4C1:11869, SEM1:11957, CLSPN:12481, XRCC1:12681, RAD51C:12796, RNF4:13163, SLX1A:13174, CCNA2:13232, SLX1B:13313, RNF168:13515, RPA3:13748, BABAM1:13865, PPP4R2:14073, SIRT6:14689, PPP4C:15096","Herbivore",1
"REACTOME_SENSING_OF_DNA_DOUBLE_STRAND_BREAKS",-0.129231114099978,0.31697985432628,0.680374615893193,5,"ATM:1269, MRE11:1742, NBN:6282.5, RAD50:6282.5, KPNA2:13181","Unclear",0
"REACTOME_RESOLUTION_OF_D_LOOP_STRUCTURES_THROUGH_SYNTHESIS_DEPENDENT_STRAND_ANNEALING_SDSA",-0.121953274177244,0.0387609213887371,0.305477070602718,24,"RTEL1:276, BLM:414, TOP3A:519, ATM:1269, MRE11:1742, RAD51B:6282.5, BRCA1:6282.5, RBBP8:6282.5, NBN:6282.5, RAD50:6282.5, BRCA2:6282.5, DNA2:6282.5, WRN:6282.5, BARD1:6282.5, RMI2:6282.5, RMI1:6282.5, RAD51D:6282.5, PALB2:6282.5, RAD51AP1:6282.5, XRCC3:6282.5, XRCC2:6282.5, BRIP1:11727, SEM1:11957, RAD51C:12796","Unclear",0
"REACTOME_NONHOMOLOGOUS_END_JOINING_NHEJ",-0.120135595037114,0.00713376160077399,0.122496877773291,42,"H4C15:49, H4C14:85, PAXIP1:144, H4C3:171, H4C2:238, H4C13:295, XRCC5:317, H2BC15:350, NHEJ1:1117, ATM:1269, LIG4:1739, MRE11:1742, H4C8:6282.5, H2BC4:6282.5, H2BC21:6282.5, H4C11:6282.5, H2BC9:6282.5, BRCA1:6282.5, NBN:6282.5, RAD50:6282.5, XRCC4:6282.5, XRCC6:6282.5, TP53BP1:6282.5, NSD2:6282.5, RNF8:6282.5, BARD1:6282.5, BABAM2:6282.5, BRCC3:6282.5, PRKDC:6282.5, TDP1:6282.5, TDP2:6282.5, DCLRE1C:6282.5, POLL:6282.5, PIAS4:10793, HERC2:10956, UIMC1:11660, ABRAXAS1:11684, UBE2N:11716, H4C1:11869, RIF1:12449, RNF168:13515, BABAM1:13865","Both",3
"REACTOME_HOMOLOGOUS_DNA_PAIRING_AND_STRAND_EXCHANGE",-0.0893889951614718,0.0507115330253472,0.334709738605598,40,"BLM:414, TOP3A:519, RAD9A:1262, ATM:1269, HUS1:1427, RPA1:1675, MRE11:1742, RAD51B:6282.5, RFC2:6282.5, RFC5:6282.5, RPA2:6282.5, RFC3:6282.5, RFC4:6282.5, BRCA1:6282.5, CHEK1:6282.5, RBBP8:6282.5, NBN:6282.5, RAD50:6282.5, BRCA2:6282.5, DNA2:6282.5, WRN:6282.5, BARD1:6282.5, RAD9B:6282.5, RAD17:6282.5, ATRIP:6282.5, RHNO1:6282.5, RMI2:6282.5, RMI1:6282.5, RAD51D:6282.5, PALB2:6282.5, RAD51AP1:6282.5, XRCC3:6282.5, XRCC2:6282.5, RAD1:10997, ATR:11303, TOPBP1:11392, BRIP1:11727, SEM1:11957, RAD51C:12796, RPA3:13748","Unclear",0
"REACTOME_DNA_DOUBLE_STRAND_BREAK_RESPONSE",-0.0828004100942021,0.04526611367196,0.322588153954719,49,"UBE2I:15, H4C15:49, RPS27A:59, H4C14:85, UBA52:103, H4C3:171, H4C2:238, H4C13:295, H2BC15:350, APBB1:1156, ATM:1269, MRE11:1742, TP53:6282.5, UBB:6282.5, ABL1:6282.5, H4C8:6282.5, H2BC4:6282.5, H2BC21:6282.5, H4C11:6282.5, H2BC9:6282.5, BRCA1:6282.5, NBN:6282.5, RAD50:6282.5, TP53BP1:6282.5, NSD2:6282.5, RNF8:6282.5, BARD1:6282.5, BABAM2:6282.5, CHEK2:6282.5, BRCC3:6282.5, KDM4A:6282.5, UBXN1:6282.5, BAP1:6282.5, EYA2:6282.5, EYA1:6282.5, EYA3:6282.5, PIAS4:10793, HERC2:10956, SMARCA5:11100, UIMC1:11660, ABRAXAS1:11684, UBE2N:11716, H4C1:11869, PPP5C:12184, KPNA2:13181, RNF168:13515, EYA4:13540, BABAM1:13865, KDM4B:14539","Herbivore",1
"REACTOME_PROCESSING_OF_DNA_DOUBLE_STRAND_BREAK_ENDS",-0.0685616211988835,0.0494014403339261,0.331552076477389,69,"UBE2I:15, H4C15:49, RPS27A:59, H4C14:85, UBA52:103, H4C3:171, H4C2:238, H4C13:295, H2BC15:350, BLM:414, TOP3A:519, RAD9A:1262, ATM:1269, HUS1:1427, RPA1:1675, MRE11:1742, UBB:6282.5, CDK2:6282.5, RFC2:6282.5, RFC5:6282.5, RPA2:6282.5, RFC3:6282.5, RFC4:6282.5, H4C8:6282.5, H2BC4:6282.5, H2BC21:6282.5, H4C11:6282.5, H2BC9:6282.5, BRCA1:6282.5, CHEK1:6282.5, RBBP8:6282.5, NBN:6282.5, RAD50:6282.5, CCNA1:6282.5, DNA2:6282.5, WRN:6282.5, TP53BP1:6282.5, NSD2:6282.5, RNF8:6282.5, BARD1:6282.5, RAD9B:6282.5, RAD17:6282.5, BABAM2:6282.5, ATRIP:6282.5, RHNO1:6282.5, RMI2:6282.5, RMI1:6282.5, BRCC3:6282.5, TIPIN:6282.5, TIMELESS:6282.5, PIAS4:10793, HERC2:10956, RAD1:10997, ATR:11303, TOPBP1:11392, UIMC1:11660, ABRAXAS1:11684, UBE2N:11716, BRIP1:11727, H4C1:11869, CLSPN:12481, RNF4:13163, CCNA2:13232, RNF168:13515, RPA3:13748, BABAM1:13865, PPP4R2:14073, SIRT6:14689, PPP4C:15096","Herbivore",1
"REACTOME_CARGO_CONCENTRATION_IN_THE_ER",-0.0084644194756554,0.879091936817211,0.960894915092087,27,"LMAN1L:742, F8:6282.5, F5:6282.5, GRIA1:6282.5, SEC23A:6282.5, CTSC:6282.5, SEC24A:6282.5, SEC24C:6282.5, COL7A1:6282.5, AREG:6282.5, TGFA:6282.5, CD59:6282.5, CTSZ:6282.5, GOSR2:6282.5, FOLR1:6282.5, LMAN2L:6282.5, PREB:6282.5, MIA2:6282.5, MIA3:6282.5, LMAN2:6282.5, TMED10:6282.5, SEC24B:11145, STX5:11693, LMAN1:12961, MCFD2:13910, SEC24D:14320, CNIH2:14975","Both",3
"REACTOME_DNA_DAMAGE_RECOGNITION_IN_GG_NER",-0.0242696629213483,0.66271457939284,0.876650320356046,27,"RPS27A:59, COPS2:87, UBA52:103, GPS1:992, PARP1:1379, UBB:6282.5, ACTB:6282.5, CUL4B:6282.5, PARP2:6282.5, COPS7B:6282.5, COPS8:6282.5, MCRS1:6282.5, ACTR5:6282.5, TFPT:6282.5, INO80D:6282.5, INO80B:6282.5, INO80C:6282.5, ACTR8:10971, COPS4:10987, CUL4A:11096, NFRKB:11422, RAD23A:11614, CETN2:11941, RAD23B:11956, INO80E:12504, XPC:13379, DDB2:14978","Herbivore",1
"REACTOME_FORMATION_OF_INCISION_COMPLEX_IN_GG_NER",-0.0108130568989865,0.822540229657101,0.939233875864161,36,"UBE2I:15, RPS27A:59, UBA52:103, USP45:441, CHD1L:1377, PARP1:1379, ERCC4:1445, RPA1:1675, UBB:6282.5, RPA2:6282.5, CUL4B:6282.5, PARP2:6282.5, MNAT1:6282.5, ERCC2:6282.5, GTF2H3:6282.5, ERCC3:6282.5, GTF2H4:6282.5, RNF111:6282.5, SUMO3:6282.5, ERCC1:6282.5, ERCC5:6282.5, XPA:6282.5, CUL4A:11096, PIAS1:11372, RAD23A:11614, UBE2N:11716, PIAS3:11877, CETN2:11941, RAD23B:11956, CCNH:12886, CDK7:12964, XPC:13379, GTF2H1:13587, RPA3:13748, GTF2H2:14391, DDB2:14978","Herbivore",1
"REACTOME_GAP_FILLING_DNA_REPAIR_SYNTHESIS_AND_LIGATION_IN_GG_NER",-0.15534298214774,0.00995811457240057,0.148384136975523,23,"RPS27A:59, UBA52:103, POLD2:160, LIG1:198, POLE:379, RPA1:1675, UBB:6282.5, RFC1:6282.5, RFC2:6282.5, POLD1:6282.5, POLD3:6282.5, POLE2:6282.5, RFC5:6282.5, POLE4:6282.5, RPA2:6282.5, POLK:6282.5, RFC3:6282.5, POLE3:6282.5, RFC4:6282.5, POLD4:6282.5, LIG3:6282.5, XRCC1:12681, RPA3:13748","Unclear",0
"REACTOME_NUCLEOTIDE_EXCISION_REPAIR",-0.0351705328777798,0.269276880107284,0.637984513578755,83,"UBE2I:15, POLR2J:39, RPS27A:59, COPS2:87, UBA52:103, POLD2:160, LIG1:198, POLE:379, USP45:441, UVSSA:579, GPS1:992, CHD1L:1377, PARP1:1379, ERCC4:1445, RPA1:1675, UBB:6282.5, ACTB:6282.5, RFC1:6282.5, RFC2:6282.5, POLD1:6282.5, POLD3:6282.5, POLE2:6282.5, RFC5:6282.5, POLE4:6282.5, RPA2:6282.5, POLK:6282.5, RFC3:6282.5, POLE3:6282.5, RFC4:6282.5, POLD4:6282.5, CUL4B:6282.5, PARP2:6282.5, MNAT1:6282.5, ERCC2:6282.5, GTF2H3:6282.5, ERCC3:6282.5, TCEA1:6282.5, GTF2H4:6282.5, RNF111:6282.5, PPIE:6282.5, COPS7B:6282.5, COPS8:6282.5, SUMO3:6282.5, MCRS1:6282.5, LIG3:6282.5, ERCC1:6282.5, ACTR5:6282.5, TFPT:6282.5, INO80D:6282.5, INO80B:6282.5, INO80C:6282.5, ERCC5:6282.5, XPA:6282.5, AQR:6282.5, ERCC8:6282.5, XAB2:6282.5, HMGN1:6282.5, ERCC6:10951, ACTR8:10971, COPS4:10987, CUL4A:11096, POLR2F:11153, EP300:11369, PIAS1:11372, NFRKB:11422, RAD23A:11614, UBE2N:11716, PIAS3:11877, CETN2:11941, RAD23B:11956, ZNF830:12487, INO80E:12504, XRCC1:12681, CCNH:12886, CDK7:12964, XPC:13379, GTF2H1:13587, ISY1:13698, RPA3:13748, USP7:13887, GTF2H2:14391, ELL:14870, DDB2:14978","Herbivore",1
"REACTOME_GLOBAL_GENOME_NUCLEOTIDE_EXCISION_REPAIR_GG_NER",-0.0535414301175939,0.12762677819329,0.487555584410206,68,"UBE2I:15, RPS27A:59, COPS2:87, UBA52:103, POLD2:160, LIG1:198, POLE:379, USP45:441, GPS1:992, CHD1L:1377, PARP1:1379, ERCC4:1445, RPA1:1675, UBB:6282.5, ACTB:6282.5, RFC1:6282.5, RFC2:6282.5, POLD1:6282.5, POLD3:6282.5, POLE2:6282.5, RFC5:6282.5, POLE4:6282.5, RPA2:6282.5, POLK:6282.5, RFC3:6282.5, POLE3:6282.5, RFC4:6282.5, POLD4:6282.5, CUL4B:6282.5, PARP2:6282.5, MNAT1:6282.5, ERCC2:6282.5, GTF2H3:6282.5, ERCC3:6282.5, GTF2H4:6282.5, RNF111:6282.5, COPS7B:6282.5, COPS8:6282.5, SUMO3:6282.5, MCRS1:6282.5, LIG3:6282.5, ERCC1:6282.5, ACTR5:6282.5, TFPT:6282.5, INO80D:6282.5, INO80B:6282.5, INO80C:6282.5, ERCC5:6282.5, XPA:6282.5, ACTR8:10971, COPS4:10987, CUL4A:11096, PIAS1:11372, NFRKB:11422, RAD23A:11614, UBE2N:11716, PIAS3:11877, CETN2:11941, RAD23B:11956, INO80E:12504, XRCC1:12681, CCNH:12886, CDK7:12964, XPC:13379, GTF2H1:13587, RPA3:13748, GTF2H2:14391, DDB2:14978","Herbivore",1
"REACTOME_DUAL_INCISION_IN_GG_NER",-0.108033716992214,0.0250402666122882,0.257986289725461,36,"RPS27A:59, UBA52:103, POLD2:160, POLE:379, CHD1L:1377, PARP1:1379, ERCC4:1445, RPA1:1675, UBB:6282.5, RFC1:6282.5, RFC2:6282.5, POLD1:6282.5, POLD3:6282.5, POLE2:6282.5, RFC5:6282.5, POLE4:6282.5, RPA2:6282.5, POLK:6282.5, RFC3:6282.5, POLE3:6282.5, RFC4:6282.5, POLD4:6282.5, CUL4B:6282.5, PARP2:6282.5, ERCC2:6282.5, GTF2H3:6282.5, ERCC3:6282.5, GTF2H4:6282.5, ERCC1:6282.5, ERCC5:6282.5, XPA:6282.5, CUL4A:11096, GTF2H1:13587, RPA3:13748, GTF2H2:14391, DDB2:14978","Herbivore",1
"REACTOME_POST_TRANSLATIONAL_PROTEIN_MODIFICATION",-0.00291821316895757,0.748198157918067,0.909537182691399,1159,"UBE2H:9, UBE2D1:11, UBE2I:15, UBE2G1:18, ADAMTSL3:36, RAB14:46, H4C15:49, ELOC:51, ADAMTS7:57, RPS27A:59, SKP1:68, BIRC3:75, UBE2M:83, STAMBPL1:84, H4C14:85, COPS2:87, UBA52:103, PIGM:116, ZBTB16:118, B3GNT6:123, RRAGA:145, RHOA:150, SPTBN5:155, H4C3:171, ENGASE:190, NUP88:192, GPAA1:224, H4C2:238, COPA:263, NAGK:288, GALNT9:289, H4C13:295, ADAMTS12:304, FOLR2:348, H2BC15:350, TTLL5:356, ZRANB1:389, BLM:414, TRIM27:416, THSD4:436, IKBKG:445, AMER1:457, TBC1D20:469, ST3GAL3:480, TRAPPC9:486, NOD1:499, PPP6R1:505, ASXL2:506, WFS1:517, NUP153:528, TUBB4A:543, ADAMTS18:609, LYPD2:614, NUP50:643, PIGT:665, FBXW10:678, COG1:679, TIMP1:683, USP20:719, ARFGAP1:725, LMAN1L:742, CBX2:748, LAMB1:774, F10:775, TUBA4A:786, CHD3:793, P4HB:814, MPDU1:815, THSD1:846, DCUN1D2:971, FCGR3B:978, GPS1:992, USP42:1005, AGBL5:1029, MBTPS1:1047, PMM2:1048, LY6H:1080, ASB16:1091, H2AC20:1105, PIGS:1106, FBXW5:1107, DCAF6:1136, PSMB9:1148, HCFC1:1157, AXIN2:1168, ICMT:1169, TECTA:1179, MPI:1193, CSF1:1209, LAMC1:1230, DNAJC3:1236, AGBL3:1243, RAB22A:1250, ADAMTSL1:1258, DPM3:1272, PHC2:1286, SEC16A:1290, ADAMTS4:1292, LTBP1:1295, CDC20:1297, RAE1:1313, H2AC4:1330, TTLL4:1339, SYVN1:1343, DPP3:1346, DCAF16:1358, CAPZB:1373, PARP1:1379, LMO7:1396, OS9:1405, NUP214:1425, PEX14:1429, ADAMTS1:1453, MAGT1:1465, USP28:1513, SQSTM1:1531, OBSL1:1551, DPH1:1562, THBS2:1590, TRAPPC10:1600, BTBD6:1604, NPL:1608, COG8:1619, PSMB11:1646, GALNT14:1658, OTUD7B:1662, SPTAN1:1669, RNF5:1670, RPA1:1675, COMMD10:1695, IGFBP1:1702, USP2:1712, ASB12:1713, CHM:1728, TAB1:1736, ADAMTSL5:1749, PGAP1:1767, GPLD1:1769, SOCS3:6282.5, PSMD5:6282.5, PSMB5:6282.5, PSMD3:6282.5, BIRC2:6282.5, PSMD9:6282.5, PSMF1:6282.5, PSMB2:6282.5, TRAF2:6282.5, PSMA1:6282.5, PSME3:6282.5, APC:6282.5, TP53:6282.5, PSMB6:6282.5, CDKN2A:6282.5, PSMA8:6282.5, PSMD4:6282.5, PSMB4:6282.5, PSMD6:6282.5, UBB:6282.5, SATB1:6282.5, PSMD13:6282.5, PSMD12:6282.5, PSMB8:6282.5, PSMB10:6282.5, DYNLL2:6282.5, RAB27B:6282.5, F7:6282.5, SPP2:6282.5, ACTB:6282.5, APLP2:6282.5, TUBB1:6282.5, F9:6282.5, QSOX1:6282.5, TUBA1B:6282.5, TUBB2A:6282.5, TUBB2B:6282.5, ARRB1:6282.5, THBS1:6282.5, ARRB2:6282.5, APP:6282.5, AHSG:6282.5, SDC2:6282.5, TUBAL3:6282.5, F2:6282.5, GAS6:6282.5, TUBA8:6282.5, PROS1:6282.5, F8:6282.5, TUBB4B:6282.5, F5:6282.5, UFD1:6282.5, USP10:6282.5, TRIM25:6282.5, NPLOC4:6282.5, RAD18:6282.5, CUL4B:6282.5, H4C8:6282.5, H2BC4:6282.5, H2BC21:6282.5, H4C11:6282.5, H2BC9:6282.5, H2AC14:6282.5, MDM2:6282.5, GRIA1:6282.5, CTR9:6282.5, NFKBIA:6282.5, BCL10:6282.5, RELA:6282.5, TPR:6282.5, NDC1:6282.5, AAAS:6282.5, NUP188:6282.5, NUP93:6282.5, NUP155:6282.5, NUP43:6282.5, NUP210:6282.5, NUP58:6282.5, SEC13:6282.5, NUP35:6282.5, USP18:6282.5, NUP62:6282.5, FURIN:6282.5, SMAD4:6282.5, BRCA1:6282.5, STAG2:6282.5, STAG1:6282.5, CREBBP:6282.5, EPAS1:6282.5, UBE2D2:6282.5, VHL:6282.5, ESR1:6282.5, APOE:6282.5, PDIA3:6282.5, CISH:6282.5, SOCS2:6282.5, SPTB:6282.5, USP33:6282.5, NCOA1:6282.5, KAT2A:6282.5, PPARGC1A:6282.5, SEMA5A:6282.5, ST8SIA4:6282.5, SPTBN1:6282.5, NR5A2:6282.5, CDKN1A:6282.5, BMP4:6282.5, PPARG:6282.5, NR5A1:6282.5, MYC:6282.5, NCOA2:6282.5, PML:6282.5, ST8SIA2:6282.5, RPS2:6282.5, ANK2:6282.5, ANK3:6282.5, SPTBN4:6282.5, SPTA1:6282.5, CDH2:6282.5, DAG1:6282.5, SPTBN2:6282.5, SUZ12:6282.5, FOXL2:6282.5, RXRA:6282.5, NCOR2:6282.5, INS:6282.5, PCGF2:6282.5, BIRC5:6282.5, SMAD7:6282.5, RIPK2:6282.5, CANX:6282.5, TRAF3:6282.5, ARF1:6282.5, UBA3:6282.5, NOD2:6282.5, TNIP2:6282.5, SOCS6:6282.5, SOCS5:6282.5, TRAF6:6282.5, KLHL13:6282.5, CUL7:6282.5, BTBD1:6282.5, ASB1:6282.5, DYNC1I2:6282.5, KLHL42:6282.5, FBXO7:6282.5, ASB2:6282.5, SEC23A:6282.5, ASB9:6282.5, FBXO31:6282.5, DCTN6:6282.5, FBXW4:6282.5, UBE2S:6282.5, SMURF2:6282.5, CTSC:6282.5, FBXO9:6282.5, FBXL4:6282.5, SEC24A:6282.5, ASB3:6282.5, FBXO6:6282.5, FBXO30:6282.5, KBTBD7:6282.5, C3:6282.5, FBXL12:6282.5, FBXW9:6282.5, LRRC41:6282.5, FBXO44:6282.5, DCTN4:6282.5, FBXO21:6282.5, DYNC1LI2:6282.5, SEC31A:6282.5, UBE2Q2:6282.5, FBXO15:6282.5, SKP2:6282.5, ASB15:6282.5, TRIM4:6282.5, ASB10:6282.5, ASB6:6282.5, FBXO4:6282.5, ASB17:6282.5, FBXL18:6282.5, FBXO32:6282.5, UBE2J2:6282.5, CCNF:6282.5, KLHL21:6282.5, FBXO41:6282.5, KBTBD8:6282.5, FBXO40:6282.5, ASB5:6282.5, ASB11:6282.5, LRR1:6282.5, KBTBD6:6282.5, FBXO22:6282.5, SPSB1:6282.5, FBXW8:6282.5, SPSB4:6282.5, DCTN2:6282.5, SEC24C:6282.5, KLHL11:6282.5, ASB18:6282.5, FBXL7:6282.5, KLHL25:6282.5, PRKN:6282.5, ASB13:6282.5, DYNC1H1:6282.5, FBXL22:6282.5, KLHL9:6282.5, DCTN1:6282.5, KBTBD13:6282.5, ASB14:6282.5, KLHL41:6282.5, GAN:6282.5, FBXO17:6282.5, TOP2A:6282.5, CDC25A:6282.5, ETFB:6282.5, COL7A1:6282.5, RAB13:6282.5, ADAMTS16:6282.5, ADAMTS5:6282.5, ADAMTS9:6282.5, VCAN:6282.5, TNC:6282.5, ADAMTS2:6282.5, MATN3:6282.5, ADAMTS14:6282.5, ADAMTS3:6282.5, LAMB2:6282.5, ARF3:6282.5, FSTL3:6282.5, CCNA1:6282.5, TPST2:6282.5, EEF1A1:6282.5, HDAC7:6282.5, HDAC4:6282.5, SEL1L:6282.5, ST3GAL4:6282.5, PPP6R3:6282.5, PPP6C:6282.5, WRN:6282.5, PROZ:6282.5, BGLAP:6282.5, RANGAP1:6282.5, XRCC4:6282.5, TAF9B:6282.5, USO1:6282.5, PIGV:6282.5, PIGL:6282.5, PIGZ:6282.5, PIGC:6282.5, PIGO:6282.5, PIGG:6282.5, PIGP:6282.5, PIGN:6282.5, PIGK:6282.5, NPM1:6282.5, ST3GAL1:6282.5, ARSB:6282.5, B4GALT2:6282.5, B4GALT6:6282.5, B4GALT4:6282.5, GPC3:6282.5, B4GALT3:6282.5, B4GAT1:6282.5, B3GNT3:6282.5, BST1:6282.5, MDGA1:6282.5, VNN2:6282.5, CNTN3:6282.5, XPNPEP2:6282.5, RECK:6282.5, LYPD3:6282.5, TEX101:6282.5, MDGA2:6282.5, CNTN4:6282.5, CNTN5:6282.5, LYPD1:6282.5, LYPD6B:6282.5, THY1:6282.5, ART3:6282.5, LY6E:6282.5, MELTF:6282.5, PSCA:6282.5, LY6D:6282.5, PRND:6282.5, SPACA4:6282.5, NTM:6282.5, IZUMO1R:6282.5, OPCML:6282.5, RTN4RL1:6282.5, RTN4RL2:6282.5, NTNG2:6282.5, LY6G6C:6282.5, ARSD:6282.5, STS:6282.5, DPH5:6282.5, EIF5A:6282.5, DPH2:6282.5, ARSG:6282.5, SUMF1:6282.5, DPH7:6282.5, ARSK:6282.5, FN3K:6282.5, ARSJ:6282.5, ARSI:6282.5, TP53BP1:6282.5, AURKA:6282.5, CCP110:6282.5, BARD1:6282.5, CSNK1D:6282.5, COP1:6282.5, INCENP:6282.5, BABAM2:6282.5, AURKB:6282.5, BRCC3:6282.5, AREG:6282.5, TGFA:6282.5, MVD:6282.5, NEU2:6282.5, NEU1:6282.5, NEU4:6282.5, IKBKE:6282.5, CD59:6282.5, CFP:6282.5, C4A:6282.5, FUCA2:6282.5, OTUD5:6282.5, BPIFB2:6282.5, CYLD:6282.5, CTSZ:6282.5, RAB3D:6282.5, RAB5C:6282.5, COMMD9:6282.5, IFIH1:6282.5, TNFAIP3:6282.5, COPB1:6282.5, PRKCSH:6282.5, CKAP4:6282.5, RAB37:6282.5, RNF135:6282.5, DDOST:6282.5, PRKDC:6282.5, TGFBR1:6282.5, UCHL5:6282.5, MEN1:6282.5, TGFBR2:6282.5, NR1H3:6282.5, APOA5:6282.5, APOA2:6282.5, PCSK9:6282.5, STAM2:6282.5, HGS:6282.5, RPN2:6282.5, GALNT3:6282.5, AXIN1:6282.5, CFTR:6282.5, MRTFA:6282.5, TNKS2:6282.5, USP34:6282.5, RNF146:6282.5, TNKS:6282.5, FOXO4:6282.5, COPZ2:6282.5, TRAPPC6A:6282.5, TRAPPC3:6282.5, SEC22C:6282.5, ARCN1:6282.5, COG4:6282.5, NAPA:6282.5, YKT6:6282.5, SEC23IP:6282.5, GOSR2:6282.5, FOLR1:6282.5, LMAN2L:6282.5, SEC16B:6282.5, SEC22A:6282.5, NAPB:6282.5, TMEM115:6282.5, COG6:6282.5, TMED7:6282.5, COG2:6282.5, COG3:6282.5, STX17:6282.5, PREB:6282.5, MIA2:6282.5, MIA3:6282.5, COG5:6282.5, TMED3:6282.5, TRAPPC2L:6282.5, LMAN2:6282.5, TMED10:6282.5, GOLGB1:6282.5, BET1L:6282.5, COPB2:6282.5, ARFGAP3:6282.5, RAB21:6282.5, RAB36:6282.5, MAN1C1:6282.5, RAB32:6282.5, RAB9A:6282.5, RAB38:6282.5, RAB33A:6282.5, GALNT1:6282.5, COPS7B:6282.5, ADRB2:6282.5, RAB33B:6282.5, RAB39A:6282.5, MAN2A2:6282.5, MAN1A2:6282.5, COPS8:6282.5, CHML:6282.5, RAB12:6282.5, CHRDL1:6282.5, FSTL1:6282.5, SMAD1:6282.5, HIPK2:6282.5, DNMT3A:6282.5, MTA1:6282.5, CAMKMT:6282.5, SCMH1:6282.5, PHC1:6282.5, CBX8:6282.5, PHC3:6282.5, IGFBP7:6282.5, RAD52:6282.5, NOP58:6282.5, TFAP2C:6282.5, DDX17:6282.5, NR3C1:6282.5, PARK7:6282.5, SATB2:6282.5, RWDD3:6282.5, THRA:6282.5, SAE1:6282.5, NR1I2:6282.5, NSMCE2:6282.5, SMC6:6282.5, ING2:6282.5, NSMCE1:6282.5, ZNF131:6282.5, HIC1:6282.5, NRIP1:6282.5, SUMO3:6282.5, MITF:6282.5, SMC5:6282.5, H2AC13:6282.5, KDM1B:6282.5, USP22:6282.5, ATXN7:6282.5, TADA2B:6282.5, MCRS1:6282.5, RABGGTA:6282.5, RABGGTB:6282.5, IGFBP3:6282.5, PENK:6282.5, ALG9:6282.5, ALG6:6282.5, ALG13:6282.5, ALG2:6282.5, ALG8:6282.5, RFT1:6282.5, DPAGT1:6282.5, MAN1B1:6282.5, ALG12:6282.5, ALG3:6282.5, ALG11:6282.5, THSD7A:6282.5, POMT2:6282.5, ADAMTS6:6282.5, SEMA5B:6282.5, POMGNT1:6282.5, DHDDS:6282.5, POMT1:6282.5, LARGE1:6282.5, ADAMTS17:6282.5, ADAMTS10:6282.5, ADAMTSL4:6282.5, THSD7B:6282.5, ADAMTS19:6282.5, NUS1:6282.5, SPON2:6282.5, GNE:6282.5, ADAMTS13:6282.5, SBSPON:6282.5, ADAMTS15:6282.5, C1GALT1C1:6282.5, DOLK:6282.5, ADAMTSL2:6282.5, SPON1:6282.5, PDIA6:6282.5, TMEM132A:6282.5, CP:6282.5, LGALS1:6282.5, NUCB1:6282.5, FAM20A:6282.5, STC2:6282.5, EVA1A:6282.5, IGFBP5:6282.5, BMP15:6282.5, SERPINA10:6282.5, CCN1:6282.5, PRSS23:6282.5, ITIH2:6282.5, MXRA8:6282.5, SCG2:6282.5, FAM20C:6282.5, NOTUM:6282.5, AMTN:6282.5, VDAC3:6282.5, DERL1:6282.5, SLC35A1:6282.5, USP11:6282.5, NANS:6282.5, ST6GALNAC5:6282.5, ST6GALNAC4:6282.5, ST8SIA6:6282.5, ST6GALNAC6:6282.5, NANP:6282.5, PGM3:6282.5, PMM1:6282.5, UAP1:6282.5, ALG5:6282.5, GMPPA:6282.5, FUOM:6282.5, FCSK:6282.5, NUDT14:6282.5, FPGT:6282.5, EDEM2:6282.5, UGGT2:6282.5, EDEM3:6282.5, CHST8:6282.5, MGAT3:6282.5, MGAT1:6282.5, UGGT1:6282.5, ASGR1:6282.5, MARCHF6:6282.5, MGAT5:6282.5, AMFR:6282.5, ASGR2:6282.5, UBXN1:6282.5, B4GALNT2:6282.5, UMOD:6282.5, RNF139:6282.5, TRIM13:6282.5, RNF103:6282.5, GALNT16:6282.5, GALNT18:6282.5, GCNT7:6282.5, GALNT5:6282.5, GALNT6:6282.5, GALNT13:6282.5, POMGNT2:6282.5, B3GALNT2:6282.5, GALNT10:6282.5, LARGE2:6282.5, GALNTL6:6282.5, B3GNTL1:6282.5, B3GNT5:6282.5, B3GNT8:6282.5, GALNT11:6282.5, GALNT17:6282.5, POFUT2:6282.5, B3GNT9:6282.5, GALNT4:6282.5, USP21:6282.5, PALB2:6282.5, USP13:6282.5, ATXN3:6282.5, OTUB2:6282.5, MUL1:6282.5, JOSD1:6282.5, ACTR5:6282.5, TFPT:6282.5, USP5:6282.5, INO80D:6282.5, INO80B:6282.5, UCHL3:6282.5, IDE:6282.5, STAMBP:6282.5, RHOT1:6282.5, ADRM1:6282.5, RNF128:6282.5, USP26:6282.5, USP30:6282.5, WDR20:6282.5, FOXK2:6282.5, TNIP1:6282.5, INO80C:6282.5, USP25:6282.5, USP16:6282.5, JOSD2:6282.5, USP24:6282.5, MYSM1:6282.5, BAP1:6282.5, USP49:6282.5, FOXK1:6282.5, ABRAXAS2:6282.5, MBD6:6282.5, OTUB1:6282.5, OTUD3:6282.5, OTUD7A:6282.5, ASXL1:6282.5, USP19:6282.5, VCPIP1:6282.5, YOD1:6282.5, MBD5:6282.5, ERCC8:6282.5, PUM2:6282.5, METTL22:6282.5, VASH1:6282.5, UBE2T:6282.5, TTLL1:6282.5, TTLL12:6282.5, RNF40:6282.5, PEX12:6282.5, DCUN1D4:6282.5, CUL9:6282.5, TTL:6282.5, RAB29:6282.5, NEURL2:6282.5, RAB17:6282.5, RAB2B:6282.5, TULP4:6282.5, SELENOS:6282.5, RAB25:6282.5, DCAF8:6282.5, TPGS2:6282.5, AGTPBP1:6282.5, LRRC49:6282.5, TTLL8:6282.5, ETFBKMT:6282.5, PEX5:6282.5, RAB20:6282.5, TPGS1:6282.5, FEM1A:6282.5, METTL21A:6282.5, RAB19:6282.5, KIN:6282.5, RNF144A:6282.5, RAB3C:6282.5, RNF20:6282.5, ANKRD9:6282.5, PEX10:6282.5, NAE1:6282.5, SPSB3:6282.5, PEX2:6282.5, DCAF13:6282.5, AGBL2:6282.5, RAB26:6282.5, RNF181:6282.5, FEM1B:6282.5, COMMD8:6282.5, RAB3B:6282.5, COMMD5:6282.5, TTLL6:6282.5, TTLL11:6282.5, RNF152:6282.5, WSB2:6282.5, AGBL4:6282.5, RAB42:6282.5, DCUN1D3:6282.5, EEF1AKMT2:6282.5, TTLL3:6282.5, AGBL1:6282.5, RCE1:10789, PIAS4:10793, VDR:10813, SHPRH:10822, RAB43:10853, ART4:10857, KDELR3:10865, B3GNT7:10868, SPRN:10884, NUP205:10887, FBXO11:10896, LEO1:10900, GP2:10924, HERC2:10956, OTOA:10963, ACTR8:10971, COPS4:10987, NFE2L2:11026, COMMD4:11039, TECTB:11047, FBXO2:11060, UBA2:11075, CCDC22:11083, ALG1:11085, CUL4A:11096, SEC24B:11145, TFG:11175, UCHL1:11194, DPM2:11204, MLEC:11219, RCN1:11242, PTRH2:11251, FBXL13:11255, RING1:11260, COPG2:11266, DOLPP1:11267, OTULIN:11270, VCPKMT:11277, FN1:11285, ANKRD28:11340, CHST4:11343, USP48:11346, MOGS:11348, PSMD10:11350, EP300:11369, PIAS1:11372, NTNG1:11408, NFRKB:11422, TMED9:11423, PSMD1:11428, ST8SIA3:11439, ALPL:11451, RARA:11458, SENP1:11481, DNAJC24:11486, RAB7B:11492, GCNT4:11496, PSMB1:11506, BTRC:11532, APOB:11535, ST6GAL1:11539, DPH6:11561, DCAF5:11571, UBXN7:11577, ADAM10:11589, PSMB7:11603, RAD23A:11614, USP14:11617, KCTD7:11635, MAP3K7:11639, MFGE8:11658, UIMC1:11660, NUP160:11681, ABRAXAS1:11684, STX5:11693, NUP37:11698, CPM:11713, UBE2N:11716, GOSR1:11737, KLHL3:11740, PSME4:11744, DOHH:11756, CAPZA3:11771, CAPZA1:11806, TAF10:11814, COPG1:11815, THRB:11839, NUP85:11843, RAB15:11863, H4C1:11869, PEX13:11873, TNIP3:11876, PIAS3:11877, KTN1:11883, ST6GAL2:11888, COMMD7:11910, GATA3:11922, ADAMTS20:11927, DCTN3:11931, CETN2:11941, NEGR1:11947, RAD23B:11956, SEM1:11957, ADAMTS8:11963, EEF2:11986, RBBP7:11998, CMAS:12004, SENP8:12005, USP3:12028, PSMD8:12029, TMEM129:12041, RAB18:12044, UBE2L3:12052, NFKB2:12055, TDG:12060, MGAT4C:12070, FBXL3:12078, EID3:12097, HSP90B1:12101, FBXO10:12103, NUP107:12122, UBE2A:12135, CTSA:12161, NSMCE4A:12169, L3MBTL2:12182, RAD21:12186, EEF1AKMT1:12200, USP15:12201, TRRAP:12233, NRN1L:12238, USP8:12271, BECN1:12304, FBN1:12346, GALNT2:12351, HDAC1:12354, ST6GALNAC3:12397, GALNT7:12414, DCAF7:12415, POMK:12428, NSF:12441, NRN1:12453, PIGX:12468, FBXL5:12469, CLSPN:12481, RENBP:12484, INO80E:12504, FBXL8:12523, NICN1:12527, NUP42:12532, LYPD5:12535, EDEM1:12545, TUBA1A:12546, MAT2B:12547, ACTR10:12559, FN3KRP:12561, SCG3:12579, ARFGAP2:12606, SPP1:12609, RAB23:12637, TOMM70:12639, USP44:12699, VASH2:12702, DCAF11:12718, PRMT3:12722, ASB4:12732, MUC4:12747, PGR:12760, WDTC1:12789, LHB:12793, SERPINC1:12817, GFPT2:12822, COMMD6:12828, MANEA:12848, SUMF2:12868, CD109:12902, NUP54:12910, GFPT1:12934, MUC20:12957, LMAN1:12961, A4GNT:12966, PAF1:12969, KLHL22:12990, FUT8:13017, COMMD3:13020, AMBN:13047, ALG14:13056, B4GALT5:13067, WSB1:13068, GGCX:13077, HIF1A:13088, MDM4:13090, TRIM28:13107, SP3:13124, ST6GALNAC2:13126, VNN1:13131, KLHL2:13142, FBXL19:13224, NUB1:13230, CCNA2:13232, TOP1:13245, NUP98:13246, DCAF10:13250, NGLY1:13261, MUC15:13272, APOA1:13281, GOLM1:13287, SPARCL1:13299, RNF123:13301, USP4:13304, TGFB1:13316, PROC:13358, NUP133:13372, SIN3A:13376, XPC:13379, BET1:13381, KLHL5:13382, SHISA5:13386, CALU:13389, UHRF2:13421, NR2C1:13427, VDAC2:13461, RTF1:13482, DYNC1I1:13489, B3GNT2:13511, RNF168:13515, ANK1:13535, FBXW2:13543, IL6:13554, HIF3A:13595, SCFD1:13604, DHPS:13608, RAB27A:13615, MGAT4B:13623, NAPG:13625, NR1H2:13645, CHGB:13672, IGFBP4:13685, GNPNAT1:13690, WAC:13712, FBXL15:13726, SRD5A3:13735, SLC17A5:13739, CALR:13753, SENP5:13754, DCAF17:13777, UBA6:13779, FGF23:13788, VGF:13803, DYNC1LI1:13804, SPSB2:13816, GALNT8:13819, MAN1A1:13828, PNPLA2:13841, RORA:13844, KAT2B:13850, BABAM1:13865, GMPPB:13871, MGAT4A:13881, KNG1:13886, USP7:13887, RIPK1:13907, MCFD2:13910, GMDS:13961, PIGA:13985, GALNT12:13988, SENP2:13992, PIGF:13993, EEF2KMT:13996, POLB:14024, NR3C2:14035, TRAPPC4:14041, TOP2B:14056, TOPORS:14075, USP37:14084, PIGB:14086, STAM:14087, NEU3:14111, MGAT2:14124, COMMD2:14127, CDCA8:14138, COPE:14144, TTLL7:14155, RAB34:14179, GLB1:14192, GCNT3:14206, FBXW7:14228, GCNT1:14229, PSMD2:14237, SEH1L:14240, ANO8:14241, GALNTL5:14263, KEAP1:14270, COMMD1:14277, PSME2:14297, GBF1:14303, SEC24D:14320, ALG10:14322, CGA:14327, PIAS2:14335, ST8SIA5:14340, SLC35C1:14342, PIGH:14350, C1GALT1:14356, ALG10B:14368, ST8SIA1:14375, COPZ1:14409, PSME1:14419, B4GALT1:14421, GALNT15:14427, LYPD4:14441, TPST1:14473, NR1H4:14477, RPN1:14492, CUL2:14511, ST3GAL2:14528, DPM1:14552, NLRP3:14579, ARSA:14602, ST3GAL6:14615, HLTF:14623, DTL:14648, GANAB:14662, ARSL:14672, B3GNT4:14679, MEPE:14685, FKBP8:14686, FBXL16:14712, SERPIND1:14714, PPARA:14728, CHST10:14755, H2BC18:14769, PIGW:14777, PLAUR:14811, ST3GAL5:14832, RAB31:14840, B3GLCT:14872, DNMT1:14893, USP47:14916, FBXW12:14917, DCAF4:14928, MBD1:14949, ENAM:14964, CNIH2:14975, DDB2:14978, IL33:14988, DAXX:14999, NSMCE3:15022, FGG:15049, ALB:15057, UBE2K:15061, MAN2A1:15064, DNMT3B:15070, DYNLL1:15080, UBE2B:15086, TUBB8B:15090, TUBB8:15095, AFP:15097","Both",3
"REACTOME_DEPOSITION_OF_NEW_CENPA_CONTAINING_NUCLEOSOMES_AT_THE_CENTROMERE",-0.0567542477776528,0.214766524540544,0.589265804561533,40,"H4C15:49, H4C14:85, H4C3:171, H4C2:238, H4C13:295, H2BC15:350, H2AC20:1105, H2AC4:1330, HJURP:1592, H4C8:6282.5, H2BC4:6282.5, H2BC21:6282.5, H4C11:6282.5, H2BC9:6282.5, H2AC14:6282.5, NPM1:6282.5, CENPQ:6282.5, OIP5:6282.5, CENPL:6282.5, CENPK:6282.5, CENPO:6282.5, ITGB3BP:6282.5, CENPU:6282.5, CENPH:6282.5, MIS18A:6282.5, CENPX:6282.5, CENPS:6282.5, CENPP:6282.5, CENPW:6282.5, SMARCA5:11100, CENPM:11327, H4C1:11869, RBBP7:11998, CENPI:12215, CENPN:12725, RSF1:13473, MIS18BP1:14434, CENPC:14581, CENPT:14621, RBBP4:14816","Vertivore",2
"REACTOME_HIGHLY_SODIUM_PERMEABLE_POSTSYNAPTIC_ACETYLCHOLINE_NICOTINIC_RECEPTORS",-0.300960922485586,0.00583136036028948,0.107285129893897,7,"CHRNB2:262, CHRNA4:652, CHRNA3:767, CHRNE:1281, CHRNB4:6282.5, CHRND:6282.5, CHRNG:6282.5","Unclear",0
"REACTOME_HIGHLY_CALCIUM_PERMEABLE_POSTSYNAPTIC_NICOTINIC_ACETYLCHOLINE_RECEPTORS",-0.150995146620988,0.0829827056608551,0.39908515763601,11,"CHRNB2:262, CHRNA4:652, CHRNA3:767, CHRNB4:6282.5, CHRNA2:6282.5, CHRNA1:6282.5, CHRNB3:6282.5, CHRNA6:6282.5, CHRNA5:6282.5, CHRNA9:6282.5, CHRNA7:13898","Unclear",0
"REACTOME_HIGHLY_CALCIUM_PERMEABLE_NICOTINIC_ACETYLCHOLINE_RECEPTORS",-0.219730382995689,0.0224760055018303,0.248614956563191,9,"CHRNB2:262, CHRNA4:652, CHRNA3:767, CHRNB4:6282.5, CHRNA2:6282.5, CHRNA1:6282.5, CHRNB3:6282.5, CHRNA6:6282.5, CHRNA5:6282.5","Unclear",0
"REACTOME_FORMATION_OF_TC_NER_PRE_INCISION_COMPLEX",-0.0209219412492311,0.673190473744342,0.883292543339485,34,"POLR2J:39, RPS27A:59, COPS2:87, UBA52:103, UVSSA:579, GPS1:992, UBB:6282.5, CUL4B:6282.5, MNAT1:6282.5, ERCC2:6282.5, GTF2H3:6282.5, ERCC3:6282.5, TCEA1:6282.5, GTF2H4:6282.5, PPIE:6282.5, COPS7B:6282.5, COPS8:6282.5, XPA:6282.5, AQR:6282.5, ERCC8:6282.5, XAB2:6282.5, HMGN1:6282.5, ERCC6:10951, COPS4:10987, CUL4A:11096, POLR2F:11153, EP300:11369, ZNF830:12487, CCNH:12886, CDK7:12964, GTF2H1:13587, ISY1:13698, USP7:13887, GTF2H2:14391","Unclear",0
"REACTOME_TRANSCRIPTION_COUPLED_NUCLEOTIDE_EXCISION_REPAIR_TC_NER",-0.0573948001757381,0.131256018340245,0.490203901947727,58,"POLR2J:39, RPS27A:59, COPS2:87, UBA52:103, POLD2:160, LIG1:198, POLE:379, UVSSA:579, GPS1:992, ERCC4:1445, RPA1:1675, UBB:6282.5, RFC1:6282.5, RFC2:6282.5, POLD1:6282.5, POLD3:6282.5, POLE2:6282.5, RFC5:6282.5, POLE4:6282.5, RPA2:6282.5, POLK:6282.5, RFC3:6282.5, POLE3:6282.5, RFC4:6282.5, POLD4:6282.5, CUL4B:6282.5, MNAT1:6282.5, ERCC2:6282.5, GTF2H3:6282.5, ERCC3:6282.5, TCEA1:6282.5, GTF2H4:6282.5, PPIE:6282.5, COPS7B:6282.5, COPS8:6282.5, LIG3:6282.5, ERCC1:6282.5, ERCC5:6282.5, XPA:6282.5, AQR:6282.5, ERCC8:6282.5, XAB2:6282.5, HMGN1:6282.5, ERCC6:10951, COPS4:10987, CUL4A:11096, POLR2F:11153, EP300:11369, ZNF830:12487, XRCC1:12681, CCNH:12886, CDK7:12964, GTF2H1:13587, ISY1:13698, RPA3:13748, USP7:13887, GTF2H2:14391, ELL:14870","Unclear",0
"REACTOME_DUAL_INCISION_IN_TC_NER",-0.0536248741442962,0.194738624895371,0.561781985098166,49,"POLR2J:39, RPS27A:59, UBA52:103, POLD2:160, POLE:379, UVSSA:579, ERCC4:1445, RPA1:1675, UBB:6282.5, RFC1:6282.5, RFC2:6282.5, POLD1:6282.5, POLD3:6282.5, POLE2:6282.5, RFC5:6282.5, POLE4:6282.5, RPA2:6282.5, POLK:6282.5, RFC3:6282.5, POLE3:6282.5, RFC4:6282.5, POLD4:6282.5, CUL4B:6282.5, MNAT1:6282.5, ERCC2:6282.5, GTF2H3:6282.5, ERCC3:6282.5, TCEA1:6282.5, GTF2H4:6282.5, PPIE:6282.5, ERCC1:6282.5, ERCC5:6282.5, XPA:6282.5, AQR:6282.5, ERCC8:6282.5, XAB2:6282.5, HMGN1:6282.5, ERCC6:10951, CUL4A:11096, POLR2F:11153, EP300:11369, ZNF830:12487, CCNH:12886, CDK7:12964, GTF2H1:13587, ISY1:13698, RPA3:13748, USP7:13887, GTF2H2:14391","Unclear",0
"REACTOME_FANCONI_ANEMIA_PATHWAY",-0.0993951436533823,0.0392454505187521,0.305477070602718,36,"RPS27A:59, UBA52:103, FAAP100:156, EME1:291, EME2:766, MUS81:893, ERCC4:1445, FANCI:1449, RPA1:1675, UBB:6282.5, RPA2:6282.5, ATRIP:6282.5, CENPX:6282.5, CENPS:6282.5, FANCD2:6282.5, ERCC1:6282.5, SLX4:6282.5, UBE2T:6282.5, FANCE:6282.5, FANCL:6282.5, DCLRE1B:6282.5, POLN:6282.5, FAAP24:6282.5, FANCB:6282.5, FANCF:6282.5, FANCA:6282.5, FAN1:6282.5, DCLRE1A:6282.5, FANCG:6282.5, ATR:11303, USP1:11974, SLX1A:13174, FANCC:13215, SLX1B:13313, RPA3:13748, FANCM:14383","Herbivore",1
"REACTOME_TRNA_PROCESSING_IN_THE_NUCLEUS",-0.0301288553289004,0.444516070389687,0.772278509992157,54,"RAN:71, NUP88:192, NUP153:528, NUP50:643, RAE1:1313, POP1:1352, NUP214:1425, TPR:6282.5, NDC1:6282.5, AAAS:6282.5, NUP188:6282.5, NUP93:6282.5, NUP155:6282.5, NUP43:6282.5, NUP210:6282.5, NUP58:6282.5, SEC13:6282.5, NUP35:6282.5, NUP62:6282.5, CPSF1:6282.5, ELAC2:6282.5, TRNT1:6282.5, DDX1:6282.5, RTRAF:6282.5, RTCB:6282.5, CSTF2:6282.5, POP4:6282.5, C2orf49:6282.5, RPP30:6282.5, RPP38:6282.5, TSEN34:6282.5, POP7:6282.5, CLP1:6282.5, ZBTB8OS:6282.5, RPP25:6282.5, TSEN54:6282.5, TSEN15:6282.5, RPP21:6282.5, NUP205:10887, POP5:11008, XPOT:11173, RPP14:11188, TSEN2:11342, RPP40:11463, NUP160:11681, NUP37:11698, NUP85:11843, NUP107:12122, NUP42:12532, FAM98B:12652, NUP54:12910, NUP98:13246, NUP133:13372, SEH1L:14240","Both",3
"REACTOME_TRNA_PROCESSING_IN_THE_MITOCHONDRION",-0.0268549652544273,0.835269760036821,0.945349181242286,5,"ELAC2:6282.5, TRNT1:6282.5, HSD17B10:6282.5, TRMT10C:6282.5, PRORP:11664","Unclear",0
"REACTOME_ERBB2_REGULATES_CELL_MOTILITY",-0.0568992322610633,0.461196214395869,0.773332632499681,14,"RHOA:150, NRG1:6282.5, ERBB4:6282.5, ERBB3:6282.5, EREG:6282.5, DIAPH1:6282.5, ERBB2:6282.5, EGFR:6282.5, NRG2:6282.5, NRG4:6282.5, BTC:6282.5, NRG3:6282.5, EGF:12763, HBEGF:14150","Herbivore",1
"REACTOME_RRNA_MODIFICATION_IN_THE_NUCLEUS_AND_CYTOSOL",-0.0563076923076923,0.160800449144136,0.531642114714551,52,"RPS7:178, PWP2:186, NOC4L:259, NOP14:315, DHX37:639, TBL3:1441, PNO1:1689, RPS2:6282.5, DKC1:6282.5, NHP2:6282.5, NOP58:6282.5, NOP56:6282.5, DCAF13:6282.5, TSR3:6282.5, WDR3:6282.5, THUMPD1:6282.5, BUD23:6282.5, FBL:6282.5, DDX49:6282.5, KRR1:6282.5, NOP2:6282.5, RRP9:6282.5, WDR75:6282.5, UTP25:6282.5, HEATR1:6282.5, RCL1:6282.5, UTP20:6282.5, MPHOSPH10:6282.5, RRP36:6282.5, EMG1:6282.5, NOL11:6282.5, UTP3:6282.5, WDR36:6282.5, NAT10:6282.5, IMP4:6282.5, PDCD11:6282.5, IMP3:6282.5, UTP11:6282.5, RRP7A:6282.5, WDR46:6282.5, DDX47:6282.5, UTP15:10959, UTP6:10965, UTP14A:11491, UTP18:11731, BMS1:12054, DIMT1:12447, TRMT112:12551, DDX52:13817, UTP4:13976, WDR43:14315, RPS14:15087","Both",3
"REACTOME_NEUREXINS_AND_NEUROLIGINS",-0.1239833277008,0.00245956302646031,0.0645317799469124,50,"LIN7C:227, SIPA1L1:357, HOMER2:363, DBNL:627, GRIN2A:659, DLGAP3:667, GRIN2B:988, SYT7:1131, DLGAP2:1555, SHANK2:1628, EPB41L2:1752, SYT1:6282.5, STX1A:6282.5, APBA1:6282.5, DLG3:6282.5, EPB41L1:6282.5, GRIN2D:6282.5, DLG4:6282.5, DLG2:6282.5, GRIN2C:6282.5, GRIN1:6282.5, NRXN3:6282.5, APBA2:6282.5, DLGAP4:6282.5, EPB41L3:6282.5, NRXN2:6282.5, EPB41L5:6282.5, SYT2:6282.5, LRRTM2:6282.5, EPB41:6282.5, SHANK1:6282.5, LRRTM1:6282.5, PDLIM5:6282.5, NLGN4Y:6282.5, GRM5:6282.5, NLGN1:6282.5, NLGN2:6282.5, DLGAP1:6282.5, SYT9:6282.5, SYT12:6282.5, SHARPIN:6282.5, NRXN1:6282.5, NLGN3:6282.5, LRRTM3:6282.5, HOMER3:10883, GRM1:12091, SYT10:12174, LRRTM4:12412, NLGN4X:13856, APBA3:13965","Unclear",0
"REACTOME_PROTEIN_PROTEIN_INTERACTIONS_AT_SYNAPSES",-0.120133943709732,0.000211148517407448,0.0140937503899316,80,"SLITRK4:88, LIN7C:227, SIPA1L1:357, HOMER2:363, DBNL:627, PTPRF:636, GRIN2A:659, DLGAP3:667, PPFIBP2:709, GRIA4:854, GRIN2B:988, SLITRK2:1082, SYT7:1131, SLITRK1:1214, DLGAP2:1555, SHANK2:1628, LRFN1:1744, EPB41L2:1752, SYT1:6282.5, STX1A:6282.5, APBA1:6282.5, PPFIA2:6282.5, PPFIA4:6282.5, DLG3:6282.5, EPB41L1:6282.5, GRIN2D:6282.5, DLG4:6282.5, DLG2:6282.5, GRIA1:6282.5, GRIN2C:6282.5, GRIN1:6282.5, NRXN3:6282.5, APBA2:6282.5, DLGAP4:6282.5, EPB41L3:6282.5, PTPRS:6282.5, NRXN2:6282.5, PPFIBP1:6282.5, EPB41L5:6282.5, SLITRK3:6282.5, LRFN3:6282.5, LRRC4B:6282.5, FLOT2:6282.5, RTN3:6282.5, FLOT1:6282.5, NTRK3:6282.5, SYT2:6282.5, LRRTM2:6282.5, PTPRD:6282.5, LRFN2:6282.5, EPB41:6282.5, SHANK1:6282.5, LRRTM1:6282.5, PDLIM5:6282.5, NLGN4Y:6282.5, SLITRK5:6282.5, GRM5:6282.5, IL1RAPL1:6282.5, NLGN1:6282.5, NLGN2:6282.5, DLGAP1:6282.5, SYT9:6282.5, SYT12:6282.5, LRFN4:6282.5, SHARPIN:6282.5, NRXN1:6282.5, SLITRK6:6282.5, IL1RAPL2:6282.5, NLGN3:6282.5, LRRTM3:6282.5, HOMER3:10883, GRIA3:10985, GRM1:12091, SYT10:12174, LRRTM4:12412, NLGN4X:13856, APBA3:13965, DLG1:14328, IL1RAP:14387, PPFIA3:14931","Both",3
"REACTOME_TP53_REGULATES_TRANSCRIPTION_OF_DNA_REPAIR_GENES",-0.00961280429365535,0.819897401306751,0.939233875864161,47,"POLR2J:39, ELOC:51, PMS2:127, MLH1:1239, ATM:1269, FANCI:1449, TP53:6282.5, ELOA:6282.5, MNAT1:6282.5, CTDP1:6282.5, CCNT2:6282.5, NELFCD:6282.5, ERCC2:6282.5, GTF2H3:6282.5, GTF2F1:6282.5, CCNT1:6282.5, CDK9:6282.5, ERCC3:6282.5, NELFA:6282.5, TCEA1:6282.5, GTF2F2:6282.5, NELFB:6282.5, NELFE:6282.5, GTF2H4:6282.5, BRCA1:6282.5, JUN:6282.5, ATF2:6282.5, FOS:6282.5, CHEK1:6282.5, CDK13:6282.5, MSH2:6282.5, FANCD2:6282.5, RAD51D:6282.5, POLR2F:11153, ATR:11303, SSRP1:11426, CCNK:11699, SUPT5H:11855, CCNH:12886, CDK7:12964, SUPT16H:13095, FANCC:13215, GTF2H1:13587, GTF2H2:14391, ELL:14870, CDK12:14948, DDB2:14978","Both",3
"REACTOME_SIGNALING_BY_MODERATE_KINASE_ACTIVITY_BRAF_MUTANTS",-0.0478300844682863,0.334933247401943,0.695762816951685,34,"CAMK2B:23, ACTG1:418, IQGAP1:558, ITGB3:935, PEBP1:1403, JAK2:6282.5, MAPK3:6282.5, ITGA2B:6282.5, VCL:6282.5, ACTB:6282.5, APBB1IP:6282.5, CSK:6282.5, VWF:6282.5, TLN1:6282.5, ARRB1:6282.5, ARRB2:6282.5, SRC:6282.5, CAMK2A:6282.5, CAMK2G:6282.5, MAP2K2:6282.5, MARK3:6282.5, ARAF:6282.5, KSR1:6282.5, CNKSR2:6282.5, KSR2:6282.5, MAP3K11:6282.5, FGB:10930, FN1:11285, CNKSR1:11556, CAMK2D:12869, BRAF:13081, RAF1:13877, BRAP:14136, FGG:15049","Herbivore",1
"REACTOME_SIGNALING_BY_BRAF_AND_RAF1_FUSIONS",-0.0296541518364015,0.455918640628885,0.772278509992157,53,"CAMK2B:23, KIAA1549:268, ACTG1:418, IQGAP1:558, ITGB3:935, PEBP1:1403, PAPSS1:1409, JAK2:6282.5, MAPK3:6282.5, LMNA:6282.5, ITGA2B:6282.5, VCL:6282.5, ACTB:6282.5, APBB1IP:6282.5, CSK:6282.5, VWF:6282.5, TLN1:6282.5, ARRB1:6282.5, ARRB2:6282.5, SRC:6282.5, CAMK2A:6282.5, CAMK2G:6282.5, MAP2K2:6282.5, AGK:6282.5, AP3B1:6282.5, CLCN6:6282.5, KDM7A:6282.5, FAM114A2:6282.5, MARK3:6282.5, ARAF:6282.5, ZC3HAV1:6282.5, TENT4A:6282.5, MPRIP:6282.5, KSR1:6282.5, CNKSR2:6282.5, FAM131B:6282.5, KSR2:6282.5, TRAK1:6282.5, SND1:6282.5, FGB:10930, FN1:11285, CNKSR1:11556, AKAP9:11645, AGTRAP:11893, CAMK2D:12869, ATG7:12999, ESRP1:13059, BRAF:13081, TRIM24:13306, AGGF1:13758, RAF1:13877, BCL2L11:14495, FGG:15049","Herbivore",1
"REACTOME_RAS_SIGNALING_DOWNSTREAM_OF_NF1_LOSS_OF_FUNCTION_VARIANTS",-0.0970525607979379,0.501449025983459,0.791549227628984,4,"SPRED1:6282.5, SPRED2:6282.5, SPRED3:6282.5, NF1:6282.5","Unclear",0
"REACTOME_ONCOGENIC_MAPK_SIGNALING",-0.0389087294902463,0.271749134087406,0.640534860617572,67,"CAMK2B:23, KIAA1549:268, DUSP16:293, ACTG1:418, IQGAP1:558, ITGB3:935, DUSP9:1245, PEBP1:1403, PAPSS1:1409, JAK2:6282.5, MAPK3:6282.5, LMNA:6282.5, ITGA2B:6282.5, VCL:6282.5, ACTB:6282.5, APBB1IP:6282.5, CSK:6282.5, VWF:6282.5, TLN1:6282.5, ARRB1:6282.5, ARRB2:6282.5, SRC:6282.5, CAMK2A:6282.5, CAMK2G:6282.5, MAP2K2:6282.5, DUSP6:6282.5, DUSP10:6282.5, DUSP7:6282.5, DUSP8:6282.5, AGK:6282.5, SPRED1:6282.5, SPRED2:6282.5, AP3B1:6282.5, CLCN6:6282.5, KDM7A:6282.5, SPRED3:6282.5, NF1:6282.5, FAM114A2:6282.5, MARK3:6282.5, ARAF:6282.5, ZC3HAV1:6282.5, SHOC2:6282.5, TENT4A:6282.5, MPRIP:6282.5, KSR1:6282.5, CNKSR2:6282.5, FAM131B:6282.5, KSR2:6282.5, MAP3K11:6282.5, TRAK1:6282.5, SND1:6282.5, FGB:10930, FN1:11285, CNKSR1:11556, AKAP9:11645, AGTRAP:11893, CAMK2D:12869, ATG7:12999, ESRP1:13059, BRAF:13081, TRIM24:13306, AGGF1:13758, RAF1:13877, PPP1CB:13966, BRAP:14136, BCL2L11:14495, FGG:15049","Herbivore",1
"REACTOME_TP53_REGULATES_TRANSCRIPTION_OF_GENES_INVOLVED_IN_CYTOCHROME_C_RELEASE",-0.00813362381989835,0.907609572766316,0.973851533144821,17,"TP53BP2:137, ATM:1269, TP63:6282.5, TP73:6282.5, PPP1R13B:6282.5, BBC3:6282.5, TP53:6282.5, CREBBP:6282.5, AIFM2:6282.5, TP53INP1:6282.5, PRELID1:6282.5, ZNF420:6282.5, BNIP3L:11257, BAX:12100, STEAP3:13248, PRELID3A:13518, BID:14879","Both",3
"REACTOME_TP53_REGULATES_TRANSCRIPTION_OF_SEVERAL_ADDITIONAL_CELL_DEATH_GENES_WHOSE_SPECIFIC_ROLES_IN_P53_DEPENDENT_APOPTOSIS_REMAIN_UNCERTAIN",-0.146391306438429,0.0579794103706144,0.358469990358728,14,"TP53BP2:137, CHM:1728, TP63:6282.5, TP73:6282.5, PPP1R13B:6282.5, TP53:6282.5, PERP:6282.5, BIRC5:6282.5, BCL6:6282.5, RABGGTA:6282.5, NDRG1:6282.5, TP53I3:6282.5, BCL2L14:6282.5, RABGGTB:6282.5","Both",3
"REACTOME_TP53_REGULATES_TRANSCRIPTION_OF_CASPASE_ACTIVATORS_AND_CASPASES",-0.0758272574312956,0.363210588799289,0.717806191994065,12,"PIDD1:296, CASP2:564, ATM:1269, TP63:6282.5, TP73:6282.5, APAF1:6282.5, TP53:6282.5, NLRC4:6282.5, CRADD:6282.5, CASP6:11470, CASP10:13527, CASP1:13884","Unclear",0
"REACTOME_TP53_REGULATES_TRANSCRIPTION_OF_DEATH_RECEPTORS_AND_LIGANDS",-0.146316851664985,0.151891063841548,0.520645604764851,8,"TP53BP2:137, FAS:6282.5, TP63:6282.5, TP73:6282.5, PPP1R13B:6282.5, TP53:6282.5, IGFBP3:6282.5, TMEM219:6282.5","Both",3
"REACTOME_FGFR2_ALTERNATIVE_SPLICING",-0.0747803327724809,0.369873452322605,0.72329916978054,12,"POLR2J:39, FGFR2:1505, HNRNPM:1671, GTF2F1:6282.5, NCBP1:6282.5, GTF2F2:6282.5, PTBP1:6282.5, RBFOX2:6282.5, ESRP2:6282.5, POLR2F:11153, ESRP1:13059, HNRNPH1:13918","Unclear",0
"REACTOME_TP53_REGULATES_TRANSCRIPTION_OF_GENES_INVOLVED_IN_G1_CELL_CYCLE_ARREST",-0.0303569425077335,0.694215882678928,0.889978543208153,14,"TP53:6282.5, CDK2:6282.5, CDKN1A:6282.5, CDKN1B:6282.5, CCNE1:6282.5, CCNA1:6282.5, CCNE2:6282.5, PCBP4:6282.5, ZNF385A:6282.5, ARID3A:6282.5, E2F8:6282.5, E2F7:6282.5, CCNA2:13232, E2F1:13388","Unclear",0
"REACTOME_REGULATION_OF_TP53_ACTIVITY_THROUGH_PHOSPHORYLATION",-0.0327214028908944,0.322032335169797,0.686142571828483,77,"RPS27A:59, UBA52:103, BLM:414, TOP3A:519, HIPK1:961, RAD9A:1262, ATM:1269, PRKAA2:1324, HUS1:1427, PLK3:1653, RPA1:1675, MRE11:1742, TP53:6282.5, UBB:6282.5, CDK2:6282.5, RFC2:6282.5, RFC5:6282.5, RPA2:6282.5, RFC3:6282.5, RFC4:6282.5, PRKAG2:6282.5, PRKAB1:6282.5, MDM2:6282.5, BRCA1:6282.5, MAPK11:6282.5, CSNK2B:6282.5, CHEK1:6282.5, RBBP8:6282.5, NBN:6282.5, RAD50:6282.5, CCNA1:6282.5, DNA2:6282.5, WRN:6282.5, TAF2:6282.5, TAF6:6282.5, TBP:6282.5, TAF3:6282.5, TAF7:6282.5, TAF9B:6282.5, TAF9:6282.5, STK11:6282.5, AURKA:6282.5, BARD1:6282.5, RAD9B:6282.5, RAD17:6282.5, ATRIP:6282.5, RHNO1:6282.5, RMI2:6282.5, RMI1:6282.5, AURKB:6282.5, CHEK2:6282.5, HIPK2:6282.5, DYRK2:6282.5, TP53INP1:6282.5, NOC2L:6282.5, TAF11:10914, RAD1:10997, PRKAB2:11287, ATR:11303, TAF1:11362, TOPBP1:11392, SSRP1:11426, TAF4B:11478, BRIP1:11727, PRKAG1:11774, TAF10:11814, PRKAA1:12980, MAPKAPK5:13074, MDM4:13090, SUPT16H:13095, NUAK1:13210, CCNA2:13232, TAF5:13380, RPA3:13748, TAF15:13863, TAF7L:14844, TPX2:15027","Herbivore",1
"REACTOME_REGULATION_OF_TP53_ACTIVITY_THROUGH_ACETYLATION",-0.00282595732545177,0.960249234948041,0.993542078100278,26,"CHD3:793, GATAD2B:1683, AKT2:6282.5, TP53:6282.5, AKT1:6282.5, MAP2K6:6282.5, PML:6282.5, PIP4K2A:6282.5, PIP4P1:6282.5, PIP4K2C:6282.5, PIP4K2B:6282.5, CHD4:6282.5, MBD3:6282.5, ING2:6282.5, KAT6A:6282.5, BRD1:6282.5, BRPF1:6282.5, ING5:6282.5, BRD7:6282.5, MTA2:11316, EP300:11369, RBBP7:11998, HDAC1:12354, BRPF3:13725, RBBP4:14816, GATAD2A:15062","Vertivore",2
"REACTOME_REGULATION_OF_TP53_ACTIVITY_THROUGH_ASSOCIATION_WITH_CO_FACTORS",-0.0948982585733764,0.236274865648516,0.608867817663037,13,"TP53BP2:137, TP63:6282.5, TP73:6282.5, PPP1R13B:6282.5, AKT2:6282.5, TP53:6282.5, AKT1:6282.5, ZNF385A:6282.5, PPP1R13L:6282.5, POU4F2:6282.5, POU4F1:6282.5, BANP:6282.5, PHF20:12694","Both",3
"REACTOME_REGULATION_OF_TP53_ACTIVITY_THROUGH_METHYLATION",-0.0634003068058517,0.351957862297608,0.706659271405999,18,"RPS27A:59, UBA52:103, ATM:1269, TP53:6282.5, UBB:6282.5, MDM2:6282.5, CHEK2:6282.5, KMT5A:6282.5, EHMT2:6282.5, EHMT1:6282.5, SMYD2:6282.5, TTC5:6282.5, SETD9:6282.5, L3MBTL1:6282.5, EP300:11369, JMY:13022, MDM4:13090, PRMT5:13746","Herbivore",1
"REACTOME_KERATINIZATION",-0.0421891092184205,0.185109000127733,0.55718118068498,83,"EVPL:110, KRT20:117, KRT78:277, DSG2:565, KRT19:605, KRT80:672, KRT15:675, PKP3:741, PPL:904, KRT35:944, TGM1:952, LIPM:968, KRT12:1165, KRT84:1579, KRT13:1591, KRT82:1771, PKP1:6282.5, DSP:6282.5, DSG1:6282.5, PCSK6:6282.5, FURIN:6282.5, PKP2:6282.5, KRT31:6282.5, TGM5:6282.5, KRT23:6282.5, KRT18:6282.5, PERP:6282.5, KRT36:6282.5, KRT17:6282.5, SPINK5:6282.5, DSC2:6282.5, DSC3:6282.5, DSC1:6282.5, KRT85:6282.5, KRT71:6282.5, CELA2A:6282.5, PKP4:6282.5, KLK5:6282.5, KRT24:6282.5, KRT4:6282.5, KRT74:6282.5, KRT72:6282.5, JUP:6282.5, DSG4:6282.5, KRT79:6282.5, KRT73:6282.5, KRT5:6282.5, KLK12:6282.5, KRT14:6282.5, KRTAP24-1:6282.5, KAZN:6282.5, KRT39:6282.5, KRTAP26-1:6282.5, LIPN:6282.5, LIPK:6282.5, LIPJ:6282.5, KRT40:6282.5, KRT25:6282.5, SPINK9:6282.5, KRTAP27-1:6282.5, KRTAP29-1:6282.5, KRT33B:11820, CAPNS1:11979, KRT27:12092, CAPN1:12129, KRT75:12360, DSG3:12434, KRT28:12477, KRT32:12490, CSTA:12629, KRT16:12728, KLK14:12774, KLK13:13356, KLK8:13583, KRT33A:13627, KRT26:13812, KRT34:13938, ST14:14204, KRTAP3-1:14279, KRTAP3-2:14497, KRTAP3-3:14531, CASP14:14682, PRSS8:14797","Both",3
"REACTOME_REGULATION_OF_TP53_EXPRESSION_AND_DEGRADATION",-0.0485931587426474,0.35736988451968,0.711189737073932,30,"RPS27A:59, UBA52:103, ATM:1269, MAPKAP1:1655, USP2:1712, AKT2:6282.5, TP53:6282.5, AKT1:6282.5, CDKN2A:6282.5, UBB:6282.5, PPP2R5C:6282.5, CDK2:6282.5, PPP2R1B:6282.5, PDPK1:6282.5, MDM2:6282.5, RICTOR:6282.5, RNF34:6282.5, PRR5:6282.5, MTOR:6282.5, CCNA1:6282.5, CHEK2:6282.5, RFFL:6282.5, CCNG1:6282.5, SGK1:11314, PRDM1:12531, PHF20:12694, MDM4:13090, CCNA2:13232, USP7:13887, DAXX:14999","Herbivore",1
"REACTOME_SIGNALING_BY_MET",-0.0624442141765243,0.0799924993329051,0.395141030951309,66,"TNS3:44, RPS27A:59, UBA52:103, LAMA5:104, ITGA3:715, LAMA4:754, LAMB1:774, LRIG1:822, CBL:878, SHC1:997, LAMB3:1056, LAMA2:1141, LAMC1:1230, LAMC2:1241, COL11A2:1532, COL27A1:1725, PTPN11:6282.5, PTK2:6282.5, UBB:6282.5, HGF:6282.5, SOS1:6282.5, DOCK7:6282.5, PIK3CA:6282.5, PIK3R1:6282.5, ITGA2:6282.5, PTPN1:6282.5, SRC:6282.5, RANBP9:6282.5, SH3GL2:6282.5, COL5A1:6282.5, SH3KBP1:6282.5, COL3A1:6282.5, COL5A2:6282.5, RAPGEF1:6282.5, PTPRJ:6282.5, LAMA3:6282.5, LAMC3:6282.5, COL24A1:6282.5, LAMB2:6282.5, SH3GL3:6282.5, EPS15:6282.5, STAM2:6282.5, HGS:6282.5, GGA3:6282.5, HGFAC:6282.5, RANBP10:6282.5, SPINT1:6282.5, SPINT2:6282.5, SH3GL1:10923, FN1:11285, TNS4:11581, GAB1:11916, PTPN2:12075, MET:12112, ITGB1:12155, USP8:12271, COL1A2:12472, MUC20:12957, HPN:13464, COL5A3:13477, COL11A1:13537, LAMA1:13901, STAM:14087, CRKL:14514, COL1A1:14936, COL2A1:15016","Herbivore",1
"REACTOME_NEGATIVE_REGULATION_OF_MET_ACTIVITY",-0.0715205728735849,0.280709587128868,0.645813590749729,19,"RPS27A:59, UBA52:103, LRIG1:822, CBL:878, UBB:6282.5, HGF:6282.5, PTPN1:6282.5, SH3GL2:6282.5, SH3KBP1:6282.5, PTPRJ:6282.5, SH3GL3:6282.5, EPS15:6282.5, STAM2:6282.5, HGS:6282.5, SH3GL1:10923, PTPN2:12075, MET:12112, USP8:12271, STAM:14087","Herbivore",1
"REACTOME_PTEN_REGULATION",-0.0548985557971161,0.0573966698571436,0.356848950870448,101,"RPS27A:59, UBA52:103, RRAGA:145, FRK:337, TRIM27:416, CBX2:748, CHD3:793, MKRN1:1129, MTA3:1137, PSMB9:1148, PHC2:1286, TNRC6C:1376, XIAP:1419, PSMB11:1646, GATAD2B:1683, PSMD5:6282.5, PSMB5:6282.5, MAPK3:6282.5, AKT2:6282.5, PSMD3:6282.5, PSMD9:6282.5, PSMF1:6282.5, PSMB2:6282.5, PSMA1:6282.5, PSME3:6282.5, TP53:6282.5, AKT1:6282.5, PSMB6:6282.5, PSMA8:6282.5, PSMD4:6282.5, PSMB4:6282.5, PSMD6:6282.5, UBB:6282.5, PSMD13:6282.5, PSMD12:6282.5, PSMB8:6282.5, PSMB10:6282.5, NEDD4:6282.5, STUB1:6282.5, EED:6282.5, SALL4:6282.5, EZH2:6282.5, SNAI1:6282.5, PPARG:6282.5, PML:6282.5, JUN:6282.5, SUZ12:6282.5, CSNK2B:6282.5, ATF2:6282.5, EGR1:6282.5, MTOR:6282.5, HDAC7:6282.5, TNRC6A:6282.5, MOV10:6282.5, WWP2:6282.5, RRAGD:6282.5, RRAGB:6282.5, LAMTOR2:6282.5, RPTOR:6282.5, SLC38A9:6282.5, CHD4:6282.5, TNKS2:6282.5, RNF146:6282.5, TNKS:6282.5, MBD3:6282.5, MTA1:6282.5, SCMH1:6282.5, PHC1:6282.5, CBX8:6282.5, PHC3:6282.5, CBX6:6282.5, MECOM:6282.5, NR2E1:6282.5, USP13:6282.5, OTUD3:6282.5, SNAI2:6282.5, ATN1:6282.5, MAF1:6282.5, RRAGC:11048, RING1:11260, MTA2:11316, PSMD10:11350, PSMD1:11428, PSMB1:11506, PSMB7:11603, TNRC6B:11613, HDAC5:11643, PSME4:11744, SEM1:11957, RBBP7:11998, PSMD8:12029, KDM1A:12051, HDAC1:12354, AGO1:12768, USP7:13887, RCOR1:14149, PSMD2:14237, PSME2:14297, PSME1:14419, RBBP4:14816, GATAD2A:15062","Herbivore",1
"REACTOME_COPI_MEDIATED_ANTEROGRADE_TRANSPORT",-0.00499772513488694,0.87674527548632,0.960894915092087,81,"SPTBN5:155, COPA:263, TUBB4A:543, COG1:679, ARFGAP1:725, TUBA4A:786, CAPZB:1373, COG8:1619, SPTAN1:1669, DYNLL2:6282.5, TUBB1:6282.5, TUBA1B:6282.5, TUBB2A:6282.5, TUBB2B:6282.5, TUBAL3:6282.5, TUBA8:6282.5, TUBB4B:6282.5, SPTB:6282.5, SPTBN1:6282.5, ANK2:6282.5, ANK3:6282.5, SPTBN4:6282.5, SPTA1:6282.5, SPTBN2:6282.5, INS:6282.5, ARF1:6282.5, DYNC1I2:6282.5, DCTN6:6282.5, DCTN4:6282.5, DYNC1LI2:6282.5, DCTN2:6282.5, DYNC1H1:6282.5, DCTN1:6282.5, ARF3:6282.5, USO1:6282.5, CD59:6282.5, COPB1:6282.5, COPZ2:6282.5, ARCN1:6282.5, COG4:6282.5, NAPA:6282.5, YKT6:6282.5, GOSR2:6282.5, FOLR1:6282.5, NAPB:6282.5, TMEM115:6282.5, COG6:6282.5, TMED7:6282.5, COG2:6282.5, COG3:6282.5, COG5:6282.5, TMED3:6282.5, TMED10:6282.5, GOLGB1:6282.5, BET1L:6282.5, COPB2:6282.5, ARFGAP3:6282.5, KDELR3:10865, COPG2:11266, TMED9:11423, STX5:11693, GOSR1:11737, CAPZA3:11771, CAPZA1:11806, COPG1:11815, DCTN3:11931, NSF:12441, TUBA1A:12546, ACTR10:12559, ARFGAP2:12606, BET1:13381, DYNC1I1:13489, ANK1:13535, NAPG:13625, DYNC1LI1:13804, COPE:14144, GBF1:14303, COPZ1:14409, DYNLL1:15080, TUBB8B:15090, TUBB8:15095","Both",3
"REACTOME_FORMATION_OF_THE_CORNIFIED_ENVELOPE",-0.0588544856662048,0.0767795637218528,0.388139067566166,76,"EVPL:110, KRT20:117, KRT78:277, DSG2:565, KRT19:605, KRT80:672, KRT15:675, PKP3:741, PPL:904, KRT35:944, TGM1:952, LIPM:968, KRT12:1165, KRT84:1579, KRT13:1591, KRT82:1771, PKP1:6282.5, DSP:6282.5, DSG1:6282.5, PCSK6:6282.5, FURIN:6282.5, PKP2:6282.5, KRT31:6282.5, TGM5:6282.5, KRT23:6282.5, KRT18:6282.5, PERP:6282.5, KRT36:6282.5, KRT17:6282.5, SPINK5:6282.5, DSC2:6282.5, DSC3:6282.5, DSC1:6282.5, KRT85:6282.5, KRT71:6282.5, CELA2A:6282.5, PKP4:6282.5, KLK5:6282.5, KRT24:6282.5, KRT4:6282.5, KRT74:6282.5, KRT72:6282.5, JUP:6282.5, DSG4:6282.5, KRT79:6282.5, KRT73:6282.5, KRT5:6282.5, KLK12:6282.5, KRT14:6282.5, KAZN:6282.5, KRT39:6282.5, LIPN:6282.5, LIPK:6282.5, LIPJ:6282.5, KRT40:6282.5, KRT25:6282.5, SPINK9:6282.5, KRT33B:11820, CAPNS1:11979, KRT27:12092, CAPN1:12129, KRT75:12360, DSG3:12434, KRT28:12477, KRT32:12490, CSTA:12629, KRT16:12728, KLK14:12774, KLK13:13356, KLK8:13583, KRT33A:13627, KRT26:13812, KRT34:13938, ST14:14204, CASP14:14682, PRSS8:14797","Both",3
"REACTOME_COPI_DEPENDENT_GOLGI_TO_ER_RETROGRADE_TRAFFIC",-0.00459504231307861,0.885237305274069,0.96440052048891,83,"KIF26B:50, COPA:263, KIF26A:433, TUBB4A:543, KIF25:700, ARFGAP1:725, TUBA4A:786, KIF1C:931, KIF9:1312, KIF1B:6282.5, KIF2A:6282.5, KIFAP3:6282.5, KIF22:6282.5, KIF3C:6282.5, KIF16B:6282.5, TUBB1:6282.5, KIF3B:6282.5, KLC3:6282.5, KIF20A:6282.5, KIF21B:6282.5, TUBA1B:6282.5, KIF1A:6282.5, KIF3A:6282.5, KIF12:6282.5, KLC4:6282.5, TUBB2A:6282.5, TUBB2B:6282.5, KIF23:6282.5, KIF20B:6282.5, CENPE:6282.5, KIF2B:6282.5, KIF6:6282.5, KIF27:6282.5, KIFC2:6282.5, TUBAL3:6282.5, TUBA8:6282.5, KIF18B:6282.5, TUBB4B:6282.5, KIF19:6282.5, KIF13B:6282.5, KIFC1:6282.5, ARF1:6282.5, ARF3:6282.5, ZW10:6282.5, COPB1:6282.5, SURF4:6282.5, COPZ2:6282.5, ARCN1:6282.5, NAPA:6282.5, NAPB:6282.5, TMED7:6282.5, TMED3:6282.5, TMED10:6282.5, COPB2:6282.5, ARFGAP3:6282.5, USE1:6282.5, BNIP1:6282.5, RINT1:6282.5, STX18:6282.5, KDELR3:10865, KIF5A:11249, COPG2:11266, KIF11:11291, TMED9:11423, COPG1:11815, KIF2C:12110, KIF21A:12348, NSF:12441, TUBA1A:12546, ARFGAP2:12606, KLC1:13290, NAPG:13625, KIF15:13674, KIF5B:13932, KLC2:14143, COPE:14144, GBF1:14303, RACGAP1:14357, COPZ1:14409, KIF18A:14494, KIF4A:14730, TUBB8B:15090, TUBB8:15095","Both",3
"REACTOME_INTRA_GOLGI_TRAFFIC",-0.0606435643564356,0.190541567674075,0.561781985098166,39,"RIC1:70, COG1:679, STX16:825, GOLGA5:849, TRIP11:1111, COG8:1619, VPS45:1625, ARF1:6282.5, COG4:6282.5, NAPA:6282.5, YKT6:6282.5, GOSR2:6282.5, NAPB:6282.5, COG6:6282.5, COG2:6282.5, COG3:6282.5, COG5:6282.5, BET1L:6282.5, CYTH3:6282.5, RAB36:6282.5, RGP1:6282.5, CYTH1:6282.5, MAN1C1:6282.5, STX6:6282.5, VTI1A:6282.5, RAB33B:6282.5, GOLIM4:6282.5, RAB39A:6282.5, MAN2A2:6282.5, MAN1A2:6282.5, SNAP29:10957, CUX1:11170, STX5:11693, GOSR1:11737, NSF:12441, NAPG:13625, CYTH4:13796, MAN1A1:13828, MAN2A1:15064","Herbivore",1
"REACTOME_RETROGRADE_TRANSPORT_AT_THE_TRANS_GOLGI_NETWORK",-0.0663371301669174,0.128394189706208,0.487555584410206,44,"RIC1:70, COG1:679, STX16:825, COG8:1619, GOLGA4:1650, VAMP3:6282.5, COG4:6282.5, NAPA:6282.5, NAPB:6282.5, COG6:6282.5, COG2:6282.5, COG3:6282.5, COG5:6282.5, M6PR:6282.5, ARFRP1:6282.5, STX10:6282.5, RGP1:6282.5, VAMP4:6282.5, ARL1:6282.5, RAB9A:6282.5, ARFIP2:6282.5, NAA35:6282.5, STX6:6282.5, GCC2:6282.5, RABEPK:6282.5, GOLGA1:6282.5, NAA30:6282.5, VPS53:6282.5, TMF1:6282.5, USP6NL:6282.5, VPS51:6282.5, VTI1A:6282.5, SCOC:6282.5, GCC1:6282.5, NAA38:6282.5, SYS1:6282.5, RAB43:10853, PLIN3:10962, VPS54:11330, RHOBTB3:12210, VPS52:12332, NSF:12441, IGF2R:13260, NAPG:13625","Both",3
"REACTOME_INTRA_GOLGI_AND_RETROGRADE_GOLGI_TO_ER_TRAFFIC",-0.0166695443135484,0.4532876799102,0.772278509992157,172,"KIF26B:50, RIC1:70, COPA:263, KIF26A:433, TUBB4A:543, COG1:679, KIF25:700, ARFGAP1:725, TUBA4A:786, STX16:825, GOLGA5:849, KIF1C:931, TRIP11:1111, KIF9:1312, CAPZB:1373, RAB3GAP2:1389, BICD2:1456, COG8:1619, VPS45:1625, GOLGA4:1650, DYNLL2:6282.5, KIF1B:6282.5, KIF2A:6282.5, KIFAP3:6282.5, KIF22:6282.5, KIF3C:6282.5, KIF16B:6282.5, TUBB1:6282.5, KIF3B:6282.5, KLC3:6282.5, KIF20A:6282.5, KIF21B:6282.5, TUBA1B:6282.5, KIF1A:6282.5, KIF3A:6282.5, KIF12:6282.5, KLC4:6282.5, TUBB2A:6282.5, TUBB2B:6282.5, KIF23:6282.5, KIF20B:6282.5, CENPE:6282.5, KIF2B:6282.5, KIF6:6282.5, KIF27:6282.5, KIFC2:6282.5, TUBAL3:6282.5, TUBA8:6282.5, KIF18B:6282.5, TUBB4B:6282.5, KIF19:6282.5, KIF13B:6282.5, KIFC1:6282.5, VAMP3:6282.5, ARF1:6282.5, DYNC1I2:6282.5, DCTN6:6282.5, DCTN4:6282.5, DYNC1LI2:6282.5, DCTN2:6282.5, DYNC1H1:6282.5, DCTN1:6282.5, PLA2G6:6282.5, AGPAT3:6282.5, ARF3:6282.5, ZW10:6282.5, COPB1:6282.5, SURF4:6282.5, COPZ2:6282.5, ARCN1:6282.5, COG4:6282.5, NAPA:6282.5, YKT6:6282.5, GOSR2:6282.5, NAPB:6282.5, COG6:6282.5, TMED7:6282.5, COG2:6282.5, COG3:6282.5, COG5:6282.5, TMED3:6282.5, TMED10:6282.5, BET1L:6282.5, COPB2:6282.5, ARFGAP3:6282.5, M6PR:6282.5, CYTH3:6282.5, USE1:6282.5, RAB36:6282.5, ARFRP1:6282.5, STX10:6282.5, RGP1:6282.5, CYTH1:6282.5, BNIP1:6282.5, RAB3GAP1:6282.5, VAMP4:6282.5, MAN1C1:6282.5, ARL1:6282.5, RAB9A:6282.5, ARFIP2:6282.5, NAA35:6282.5, RINT1:6282.5, STX6:6282.5, GCC2:6282.5, RABEPK:6282.5, GOLGA1:6282.5, NAA30:6282.5, VPS53:6282.5, GALNT1:6282.5, TMF1:6282.5, USP6NL:6282.5, VPS51:6282.5, VTI1A:6282.5, BICD1:6282.5, SCOC:6282.5, STX18:6282.5, RAB33B:6282.5, GOLIM4:6282.5, RAB39A:6282.5, GCC1:6282.5, NAA38:6282.5, MAN2A2:6282.5, MAN1A2:6282.5, SYS1:6282.5, RAB43:10853, KDELR3:10865, SNAP29:10957, PLIN3:10962, CUX1:11170, KIF5A:11249, COPG2:11266, KIF11:11291, VPS54:11330, TMED9:11423, STX5:11693, GOSR1:11737, CAPZA3:11771, CAPZA1:11806, COPG1:11815, DCTN3:11931, RAB18:12044, KIF2C:12110, RHOBTB3:12210, VPS52:12332, KIF21A:12348, GALNT2:12351, NSF:12441, TUBA1A:12546, ACTR10:12559, ARFGAP2:12606, PAFAH1B3:12663, PLA2G4A:13125, IGF2R:13260, KLC1:13290, DYNC1I1:13489, NAPG:13625, KIF15:13674, CYTH4:13796, DYNC1LI1:13804, MAN1A1:13828, KIF5B:13932, KLC2:14143, COPE:14144, GBF1:14303, RACGAP1:14357, COPZ1:14409, KIF18A:14494, KIF4A:14730, MAN2A1:15064, DYNLL1:15080, TUBB8B:15090, TUBB8:15095","Both",3
"REACTOME_PI5P_REGULATES_TP53_ACETYLATION",-0.0556676757484023,0.585647179716242,0.845413823081173,8,"TP53:6282.5, MAP2K6:6282.5, PIP4K2A:6282.5, PIP4P1:6282.5, PIP4K2C:6282.5, PIP4K2B:6282.5, ING2:6282.5, EP300:11369","Unclear",0
"REACTOME_COOPERATION_OF_PDCL_PHLP1_AND_TRIC_CCT_IN_G_PROTEIN_BETA_FOLDING",-0.00866164063053909,0.89605904514607,0.969162842470524,19,"GNA15:6282.5, GNB5:6282.5, GNB3:6282.5, GNA14:6282.5, CSNK2B:6282.5, TCP1:6282.5, CCT8:6282.5, CCT4:6282.5, CCT3:6282.5, RGS9:6282.5, RGS11:6282.5, RGS6:6282.5, RGS7:6282.5, CCT6B:6282.5, PDCL:6282.5, CCT7:12163, CCT5:12181, CCT2:12782, CCT6A:13410","Unclear",0
"REACTOME_ASSEMBLY_OF_THE_ORC_COMPLEX_AT_THE_ORIGIN_OF_REPLICATION",-0.14856496229296,0.00566123908964394,0.107285129893897,29,"H4C15:49, H4C14:85, H4C3:171, H4C2:238, H4C13:295, H2BC15:350, H3C13:387, H3C11:588, H2AC20:1105, H3C10:1224, H2AC4:1330, H3C8:1344, H3C4:1469, H3C1:6282.5, H4C8:6282.5, H2BC4:6282.5, H2BC21:6282.5, H4C11:6282.5, H2BC9:6282.5, H2AC14:6282.5, ORC6:6282.5, ORC5:6282.5, H4C1:11869, ORC3:11976, ORC2:12077, ORC4:12263, H3C2:14121, ORC1:14880, H3-3A:15088","Both",3
"REACTOME_MITOTIC_PROPHASE",-0.0617421242633371,0.0458951798603915,0.323571288753899,88,"H4C15:49, H4C14:85, H4C3:171, NUP88:192, H4C2:238, H4C13:295, LPIN1:305, H2BC15:350, H3C13:387, NUP153:528, H3C11:588, NUP50:643, MCPH1:747, EMD:897, H2AC20:1105, H3C10:1224, RAE1:1313, H2AC4:1330, H3C8:1344, NUP214:1425, H3C4:1469, MAPK3:6282.5, LMNB1:6282.5, LMNA:6282.5, PPP2R1B:6282.5, PRKCA:6282.5, H3C1:6282.5, H4C8:6282.5, H2BC4:6282.5, H2BC21:6282.5, H4C11:6282.5, H2BC9:6282.5, H2AC14:6282.5, RB1:6282.5, TPR:6282.5, NDC1:6282.5, AAAS:6282.5, NUP188:6282.5, NUP93:6282.5, NUP155:6282.5, NUP43:6282.5, NUP210:6282.5, NUP58:6282.5, SEC13:6282.5, NUP35:6282.5, NUP62:6282.5, LPIN3:6282.5, CCNB2:6282.5, GORASP2:6282.5, BLZF1:6282.5, USO1:6282.5, NCAPH2:6282.5, VRK2:6282.5, VRK1:6282.5, SET:6282.5, NEK6:6282.5, NEK9:6282.5, MASTL:6282.5, ENSA:6282.5, NCAPG2:6282.5, PHF8:6282.5, PPP2R2D:6282.5, KMT5A:6282.5, CNEP1R1:6282.5, LEMD3:10855, NUP205:10887, NUP160:11681, NUP37:11698, NUP85:11843, H4C1:11869, PLK1:11972, NUP107:12122, LEMD2:12455, NUP42:12532, ARPP19:12538, NUP54:12910, NUP98:13246, NUP133:13372, LPIN2:13409, PRKCB:13667, TMPO:13756, SMC4:13797, H3C2:14121, SEH1L:14240, CCNB1:14449, SMC2:14657, NUMA1:14734, H3-3A:15088","Both",3
"REACTOME_M_PHASE",-0.019789254328424,0.239389766618282,0.611255125102696,305,"UBE2D1:11, UBE2I:15, H4C15:49, RPS27A:59, RAN:71, H4C14:85, UBA52:103, CEP164:134, H4C3:171, NUP88:192, H4C2:238, PMF1:273, H4C13:295, LPIN1:305, CEP131:325, H2BC15:350, H3C13:387, HAUS3:388, NUP153:528, TUBB4A:543, H3C11:588, OFD1:598, SDCCAG8:622, NUP50:643, CDK5RAP2:704, CLIP1:724, MCPH1:747, TUBA4A:786, ANAPC15:797, PCM1:850, CEP250:884, EMD:897, H2AC20:1105, PSMB9:1148, CHMP6:1221, H3C10:1224, CEP43:1267, CDC20:1297, RAE1:1313, H2AC4:1330, H3C8:1344, NUP214:1425, H3C4:1469, CLASP2:1578, ZWINT:1630, PSMB11:1646, IST1:1748, PSMD5:6282.5, PSMB5:6282.5, MAPK3:6282.5, PSMD3:6282.5, PSMD9:6282.5, LMNB1:6282.5, PSMF1:6282.5, PSMB2:6282.5, PSMA1:6282.5, PSME3:6282.5, PSMB6:6282.5, PSMA8:6282.5, PSMD4:6282.5, PSMB4:6282.5, LMNA:6282.5, PSMD6:6282.5, UBB:6282.5, PSMD13:6282.5, PSMD12:6282.5, PSMB8:6282.5, PSMB10:6282.5, DYNLL2:6282.5, PRKAR2B:6282.5, PPP2R5A:6282.5, KIF2A:6282.5, PPP2R5B:6282.5, PPP2R5C:6282.5, TUBB1:6282.5, PPP2R5D:6282.5, KIF20A:6282.5, TUBA1B:6282.5, TUBB2A:6282.5, TUBB2B:6282.5, PPP2R1B:6282.5, KIF23:6282.5, CENPE:6282.5, KIF2B:6282.5, PRKCA:6282.5, TUBAL3:6282.5, TUBA8:6282.5, TUBB4B:6282.5, H3C1:6282.5, H4C8:6282.5, H2BC4:6282.5, H2BC21:6282.5, H4C11:6282.5, H2BC9:6282.5, H2AC14:6282.5, RB1:6282.5, TPR:6282.5, NDC1:6282.5, AAAS:6282.5, NUP188:6282.5, NUP93:6282.5, NUP155:6282.5, NUP43:6282.5, NUP210:6282.5, NUP58:6282.5, SEC13:6282.5, NUP35:6282.5, NUP62:6282.5, STAG2:6282.5, STAG1:6282.5, CNTRL:6282.5, HSP90AA1:6282.5, CSNK2B:6282.5, BIRC5:6282.5, CDC27:6282.5, ANAPC4:6282.5, DYNC1I2:6282.5, UBE2S:6282.5, DYNC1LI2:6282.5, DCTN2:6282.5, ANAPC2:6282.5, DYNC1H1:6282.5, DCTN1:6282.5, BUB1B:6282.5, MAD2L1:6282.5, LPIN3:6282.5, CCNB2:6282.5, RANGAP1:6282.5, CHMP4B:6282.5, CHMP4C:6282.5, CHMP4A:6282.5, GORASP2:6282.5, BLZF1:6282.5, USO1:6282.5, MAD1L1:6282.5, NCAPD2:6282.5, NCAPH2:6282.5, VRK2:6282.5, CENPQ:6282.5, SIRT2:6282.5, ZW10:6282.5, NUDC:6282.5, HAUS4:6282.5, VRK1:6282.5, NINL:6282.5, MAPRE1:6282.5, CCP110:6282.5, CEP152:6282.5, CEP41:6282.5, NCAPG:6282.5, FBXO5:6282.5, CEP72:6282.5, CEP70:6282.5, NEK2:6282.5, SET:6282.5, NEK6:6282.5, NEK9:6282.5, CENPL:6282.5, MASTL:6282.5, PDS5A:6282.5, CENPK:6282.5, B9D2:6282.5, TUBGCP3:6282.5, TUBGCP6:6282.5, SGO1:6282.5, TUBGCP2:6282.5, ESPL1:6282.5, ODF2:6282.5, HAUS2:6282.5, CENPO:6282.5, CSNK1D:6282.5, PLK4:6282.5, ITGB3BP:6282.5, NME7:6282.5, NUF2:6282.5, ENSA:6282.5, LBR:6282.5, EML4:6282.5, NCAPG2:6282.5, CEP78:6282.5, INCENP:6282.5, DSN1:6282.5, CENPU:6282.5, CENPJ:6282.5, HAUS1:6282.5, CENPH:6282.5, AHCTF1:6282.5, CC2D1B:6282.5, SKA1:6282.5, PCNT:6282.5, PTTG1:6282.5, CEP57:6282.5, NDEL1:6282.5, MIS12:6282.5, BUB1:6282.5, PHF8:6282.5, ZWILCH:6282.5, CKAP5:6282.5, CENPS:6282.5, PPP2R2D:6282.5, SSNA1:6282.5, ANKLE2:6282.5, AURKB:6282.5, SKA2:6282.5, CEP63:6282.5, KMT5A:6282.5, KNTC1:6282.5, ERCC6L:6282.5, CENPP:6282.5, CNEP1R1:6282.5, HAUS7:6282.5, PPP2R2A:6282.5, HAUS5:6282.5, TUBGCP5:6282.5, LEMD3:10855, PRKACA:10858, NUP205:10887, NCAPH:10964, RCC2:11021, CDCA5:11066, CDC26:11254, CENPM:11327, PSMD10:11350, CHMP7:11424, PSMD1:11428, PSMB1:11506, NDE1:11522, CHMP3:11536, CEP76:11560, PSMB7:11603, AKAP9:11645, NUP160:11681, NUP37:11698, PSME4:11744, NUP85:11843, H4C1:11869, VPS4A:11911, DCTN3:11931, CETN2:11941, SEM1:11957, PLK1:11972, PSMD8:12029, NDC80:12099, KIF2C:12110, NUP107:12122, CEP290:12146, RAD21:12186, CENPI:12215, HAUS6:12253, WAPL:12264, SPC25:12374, ANAPC5:12378, LEMD2:12455, NUP42:12532, ARPP19:12538, TUBA1A:12546, CEP135:12589, CENPN:12725, HAUS8:12746, CDC16:12776, NEDD1:12855, NUP54:12910, NUP98:13246, SFI1:13279, SPAST:13305, NUP133:13372, RCC1:13385, LPIN2:13409, DYNC1I1:13489, MZT1:13528, NIPBL:13578, PRKCB:13667, TMPO:13756, SMC4:13797, DYNC1LI1:13804, PDS5B:13874, MZT2B:13916, ANAPC7:14051, CLASP1:14098, H3C2:14121, CDCA8:14138, PSMD2:14237, SEH1L:14240, SPC24:14273, TUBGCP4:14291, PSME2:14297, CDC23:14341, PSME1:14419, CCNB1:14449, KIF18A:14494, SPDL1:14555, CENPC:14581, HDAC8:14606, CENPT:14621, NSL1:14645, SMC2:14657, NUMA1:14734, TUBB:14742, ANAPC1:14818, RPS27:14996, CEP192:15033, DYNLL1:15080, H3-3A:15088, TUBB8B:15090, TUBB8:15095","Both",3
"REACTOME_DNA_REPLICATION_INITIATION",-0.142364614867138,0.16326343330421,0.53365429665103,8,"POLE:379, POLA2:546, POLE2:6282.5, POLE4:6282.5, POLE3:6282.5, POLA1:6282.5, PRIM1:6282.5, PRIM2:12121","Unclear",0
"REACTOME_DNA_REPLICATION_PRE_INITIATION",-0.0505793983316348,0.0877532269693785,0.403620072004565,96,"UBE2D1:11, H4C15:49, RPS27A:59, H4C14:85, UBA52:103, H4C3:171, H4C2:238, H4C13:295, H2BC15:350, POLE:379, H3C13:387, FZR1:392, POLA2:546, H3C11:588, ANAPC15:797, H2AC20:1105, PSMB9:1148, H3C10:1224, H2AC4:1330, H3C8:1344, GMNN:1386, H3C4:1469, RPA1:1675, PSMD5:6282.5, PSMB5:6282.5, PSMD3:6282.5, PSMD9:6282.5, PSMF1:6282.5, PSMB2:6282.5, PSMA1:6282.5, PSME3:6282.5, PSMB6:6282.5, PSMD4:6282.5, PSMB4:6282.5, PSMD6:6282.5, UBB:6282.5, PSMD13:6282.5, PSMD12:6282.5, PSMB8:6282.5, PSMB10:6282.5, CDK2:6282.5, H3C1:6282.5, POLE2:6282.5, POLE4:6282.5, RPA2:6282.5, POLE3:6282.5, H4C8:6282.5, H2BC4:6282.5, H2BC21:6282.5, H4C11:6282.5, H2BC9:6282.5, H2AC14:6282.5, POLA1:6282.5, PRIM1:6282.5, ORC6:6282.5, ORC5:6282.5, CDC27:6282.5, ANAPC4:6282.5, UBE2S:6282.5, ANAPC2:6282.5, DBF4:6282.5, MCM10:6282.5, MCM2:6282.5, MCM6:6282.5, MCM5:6282.5, MCM4:6282.5, MCM7:6282.5, CDC26:11254, PSMD10:11350, PSMD1:11428, PSMB1:11506, PSMB7:11603, H4C1:11869, SEM1:11957, ORC3:11976, PSMD8:12029, ORC2:12077, PRIM2:12121, CDC6:12164, ORC4:12263, CDC7:12319, MCM8:12321, ANAPC5:12378, CDC16:12776, MCM3:13485, RPA3:13748, ANAPC7:14051, H3C2:14121, PSMD2:14237, PSME2:14297, CDC23:14341, PSME1:14419, CDC45:14565, ANAPC1:14818, ORC1:14880, H3-3A:15088","Herbivore",1
"REACTOME_POLYMERASE_SWITCHING",-0.126085155589306,0.115587383961492,0.466811237021619,13,"POLD2:160, POLA2:546, RFC1:6282.5, RFC2:6282.5, POLD1:6282.5, POLD3:6282.5, RFC5:6282.5, RFC3:6282.5, RFC4:6282.5, POLD4:6282.5, POLA1:6282.5, PRIM1:6282.5, PRIM2:12121","Both",3
"REACTOME_PROCESSIVE_SYNTHESIS_ON_THE_LAGGING_STRAND",-0.159037361157859,0.0394341731048626,0.305477070602718,14,"POLD2:160, LIG1:198, POLA2:546, FEN1:1640, RPA1:1675, POLD1:6282.5, POLD3:6282.5, RPA2:6282.5, POLD4:6282.5, POLA1:6282.5, PRIM1:6282.5, DNA2:6282.5, PRIM2:12121, RPA3:13748","Vertivore",2
"REACTOME_LAGGING_STRAND_SYNTHESIS",-0.142834353508378,0.0312139593030717,0.27587631678156,19,"POLD2:160, LIG1:198, POLA2:546, FEN1:1640, RPA1:1675, RFC1:6282.5, RFC2:6282.5, POLD1:6282.5, POLD3:6282.5, RFC5:6282.5, RPA2:6282.5, RFC3:6282.5, RFC4:6282.5, POLD4:6282.5, POLA1:6282.5, PRIM1:6282.5, DNA2:6282.5, PRIM2:12121, RPA3:13748","Vertivore",2
"REACTOME_DNA_STRAND_ELONGATION",-0.0789009921095382,0.128748008144034,0.487555584410206,31,"POLD2:160, LIG1:198, POLA2:546, FEN1:1640, RPA1:1675, RFC1:6282.5, RFC2:6282.5, POLD1:6282.5, POLD3:6282.5, RFC5:6282.5, RPA2:6282.5, RFC3:6282.5, RFC4:6282.5, POLD4:6282.5, POLA1:6282.5, PRIM1:6282.5, DNA2:6282.5, MCM2:6282.5, MCM6:6282.5, MCM5:6282.5, GINS1:6282.5, MCM4:6282.5, GINS2:6282.5, GINS4:6282.5, MCM7:6282.5, GINS3:6282.5, PRIM2:12121, MCM8:12321, MCM3:13485, RPA3:13748, CDC45:14565","Vertivore",2
"REACTOME_CYCLIN_D_ASSOCIATED_EVENTS_IN_G1",-0.0386000450146298,0.393008501646669,0.740927498559348,41,"RPS27A:59, SKP1:68, UBA52:103, PTK6:444, CDKN2B:1684, JAK2:6282.5, CDKN2A:6282.5, UBB:6282.5, TFDP1:6282.5, ABL1:6282.5, CDK2:6282.5, PPP2R1B:6282.5, SRC:6282.5, MNAT1:6282.5, RB1:6282.5, PPP2R3B:6282.5, CCND3:6282.5, CDKN1A:6282.5, CCND1:6282.5, CDKN1B:6282.5, SKP2:6282.5, RBL2:6282.5, E2F4:6282.5, CCNE1:6282.5, CCNE2:6282.5, E2F3:6282.5, E2F2:6282.5, CDK6:6282.5, CDKN2C:6282.5, CDKN2D:6282.5, PPP2R2A:6282.5, CCND2:10953, CDK4:10976, CDKN1C:12347, CCNH:12886, TFDP2:12914, CDK7:12964, LYN:13217, RBL1:13237, E2F1:13388, E2F5:14460","Herbivore",1
"REACTOME_SYNTHESIS_OF_DNA",-0.0303894927536232,0.307474339414057,0.673563415176987,95,"UBE2D1:11, RPS27A:59, SKP1:68, UBA52:103, POLD2:160, LIG1:198, POLE:379, FZR1:392, POLA2:546, ANAPC15:797, PSMB9:1148, GMNN:1386, FEN1:1640, PSMB11:1646, RPA1:1675, PSMD5:6282.5, PSMB5:6282.5, PSMD3:6282.5, PSMD9:6282.5, PSMF1:6282.5, PSMB2:6282.5, PSMA1:6282.5, PSME3:6282.5, PSMB6:6282.5, PSMA8:6282.5, PSMD4:6282.5, PSMB4:6282.5, PSMD6:6282.5, UBB:6282.5, PSMD13:6282.5, PSMD12:6282.5, PSMB8:6282.5, PSMB10:6282.5, CDK2:6282.5, RFC1:6282.5, RFC2:6282.5, POLD1:6282.5, POLD3:6282.5, POLE2:6282.5, RFC5:6282.5, POLE4:6282.5, RPA2:6282.5, RFC3:6282.5, POLE3:6282.5, RFC4:6282.5, POLD4:6282.5, POLA1:6282.5, PRIM1:6282.5, ORC6:6282.5, ORC5:6282.5, CDC27:6282.5, ANAPC4:6282.5, UBE2S:6282.5, SKP2:6282.5, ANAPC2:6282.5, CCNE1:6282.5, CCNA1:6282.5, CCNE2:6282.5, DNA2:6282.5, MCM2:6282.5, MCM6:6282.5, MCM5:6282.5, GINS1:6282.5, MCM4:6282.5, GINS2:6282.5, GINS4:6282.5, MCM7:6282.5, GINS3:6282.5, CDC26:11254, PSMD10:11350, PSMD1:11428, PSMB1:11506, PSMB7:11603, PSME4:11744, SEM1:11957, ORC3:11976, PSMD8:12029, ORC2:12077, PRIM2:12121, CDC6:12164, ORC4:12263, MCM8:12321, ANAPC5:12378, CDC16:12776, CCNA2:13232, MCM3:13485, RPA3:13748, ANAPC7:14051, PSMD2:14237, PSME2:14297, CDC23:14341, PSME1:14419, CDC45:14565, ANAPC1:14818, ORC1:14880","Unclear",0
"REACTOME_S_PHASE",-0.00443904064651179,0.861319158645481,0.955552180154972,131,"UBE2D1:11, RPS27A:59, SKP1:68, UBA52:103, POLD2:160, LIG1:198, POLE:379, FZR1:392, PTK6:444, POLA2:546, ANAPC15:797, PSMB9:1148, GMNN:1386, FEN1:1640, PSMB11:1646, RPA1:1675, PSMD5:6282.5, PSMB5:6282.5, AKT2:6282.5, PSMD3:6282.5, PSMD9:6282.5, PSMF1:6282.5, PSMB2:6282.5, PSMA1:6282.5, PSME3:6282.5, AKT1:6282.5, PSMB6:6282.5, PSMA8:6282.5, PSMD4:6282.5, PSMB4:6282.5, PSMD6:6282.5, UBB:6282.5, PSMD13:6282.5, PSMD12:6282.5, TFDP1:6282.5, PSMB8:6282.5, PSMB10:6282.5, CDK2:6282.5, CABLES1:6282.5, RFC1:6282.5, RFC2:6282.5, POLD1:6282.5, POLD3:6282.5, POLE2:6282.5, RFC5:6282.5, POLE4:6282.5, RPA2:6282.5, RFC3:6282.5, POLE3:6282.5, RFC4:6282.5, POLD4:6282.5, MNAT1:6282.5, POLA1:6282.5, RB1:6282.5, PRIM1:6282.5, ORC6:6282.5, ORC5:6282.5, STAG2:6282.5, STAG1:6282.5, GSK3B:6282.5, CDKN1A:6282.5, MYC:6282.5, CCND1:6282.5, CDKN1B:6282.5, CDC27:6282.5, ANAPC4:6282.5, UBE2S:6282.5, SKP2:6282.5, ANAPC2:6282.5, RBL2:6282.5, CDC25A:6282.5, LIN9:6282.5, LIN54:6282.5, E2F4:6282.5, LIN37:6282.5, CCNE1:6282.5, CCNA1:6282.5, CCNE2:6282.5, DNA2:6282.5, MCM2:6282.5, MCM6:6282.5, MCM5:6282.5, GINS1:6282.5, CDC25B:6282.5, MCM4:6282.5, PDS5A:6282.5, GINS2:6282.5, GINS4:6282.5, MCM7:6282.5, GINS3:6282.5, ESCO1:10905, CDK4:10976, CDCA5:11066, CDC26:11254, PSMD10:11350, PSMD1:11428, PSMB1:11506, PSMB7:11603, PSME4:11744, SEM1:11957, ORC3:11976, PSMD8:12029, ORC2:12077, PRIM2:12121, CDC6:12164, RAD21:12186, ORC4:12263, WAPL:12264, MCM8:12321, ANAPC5:12378, CDC16:12776, CCNH:12886, TFDP2:12914, CDK7:12964, CCNA2:13232, ESCO2:13370, E2F1:13388, MCM3:13485, RPA3:13748, PDS5B:13874, ANAPC7:14051, PSMD2:14237, PSME2:14297, CDC23:14341, PSME1:14419, E2F5:14460, WEE1:14561, CDC45:14565, RBBP4:14816, ANAPC1:14818, ORC1:14880","Vertivore",2
"REACTOME_CELL_CYCLE_MITOTIC",-0.0153392312853653,0.27923865418162,0.645813590749729,436,"UBE2D1:11, UBE2I:15, H4C15:49, RPS27A:59, SKP1:68, RAN:71, H4C14:85, UBA52:103, CEP164:134, POLD2:160, H4C3:171, NUP88:192, LIG1:198, H4C2:238, PMF1:273, H4C13:295, LPIN1:305, CEP131:325, H2BC15:350, POLE:379, GTSE1:382, H3C13:387, HAUS3:388, FZR1:392, PTK6:444, NUP153:528, TUBB4A:543, POLA2:546, H3C11:588, OFD1:598, SDCCAG8:622, NUP50:643, CDK5RAP2:704, CLIP1:724, MCPH1:747, TUBA4A:786, ANAPC15:797, CDC14A:841, PCM1:850, CEP250:884, EMD:897, H2AC20:1105, PSMB9:1148, CHMP6:1221, H3C10:1224, CEP43:1267, CDC20:1297, RAE1:1313, H2AC4:1330, H3C8:1344, GMNN:1386, NUP214:1425, H3C4:1469, CLASP2:1578, ZWINT:1630, FEN1:1640, PSMB11:1646, RPA1:1675, CDKN2B:1684, IST1:1748, JAK2:6282.5, PSMD5:6282.5, PSMB5:6282.5, MAPK3:6282.5, AKT2:6282.5, PSMD3:6282.5, PSMD9:6282.5, LMNB1:6282.5, PSMF1:6282.5, PSMB2:6282.5, PSMA1:6282.5, PSME3:6282.5, TP53:6282.5, AKT1:6282.5, PSMB6:6282.5, CDKN2A:6282.5, PSMA8:6282.5, PSMD4:6282.5, PSMB4:6282.5, LMNA:6282.5, PSMD6:6282.5, UBB:6282.5, PSMD13:6282.5, PSMD12:6282.5, TFDP1:6282.5, PSMB8:6282.5, PSMB10:6282.5, DYNLL2:6282.5, PRKAR2B:6282.5, PPP2R5A:6282.5, KIF2A:6282.5, PPP2R5B:6282.5, PPP2R5C:6282.5, ABL1:6282.5, TUBB1:6282.5, PPP2R5D:6282.5, KIF20A:6282.5, CDK2:6282.5, TUBA1B:6282.5, CABLES1:6282.5, TUBB2A:6282.5, TUBB2B:6282.5, PPP2R1B:6282.5, KIF23:6282.5, CENPE:6282.5, KIF2B:6282.5, PRKCA:6282.5, TUBAL3:6282.5, TUBA8:6282.5, TUBB4B:6282.5, SRC:6282.5, H3C1:6282.5, RFC1:6282.5, RFC2:6282.5, POLD1:6282.5, POLD3:6282.5, POLE2:6282.5, RFC5:6282.5, POLE4:6282.5, RPA2:6282.5, RFC3:6282.5, POLE3:6282.5, RFC4:6282.5, POLD4:6282.5, H4C8:6282.5, H2BC4:6282.5, H2BC21:6282.5, H4C11:6282.5, H2BC9:6282.5, H2AC14:6282.5, MNAT1:6282.5, POLA1:6282.5, RB1:6282.5, PPP2R3B:6282.5, PRIM1:6282.5, ORC6:6282.5, ORC5:6282.5, TPR:6282.5, NDC1:6282.5, AAAS:6282.5, NUP188:6282.5, NUP93:6282.5, NUP155:6282.5, NUP43:6282.5, NUP210:6282.5, NUP58:6282.5, SEC13:6282.5, NUP35:6282.5, NUP62:6282.5, STAG2:6282.5, STAG1:6282.5, CNTRL:6282.5, HSP90AA1:6282.5, AJUBA:6282.5, GSK3B:6282.5, HSP90AB1:6282.5, CCND3:6282.5, CDKN1A:6282.5, MYC:6282.5, CSNK2B:6282.5, BIRC5:6282.5, CCND1:6282.5, CDKN1B:6282.5, CDC27:6282.5, ANAPC4:6282.5, DYNC1I2:6282.5, UBE2S:6282.5, DYNC1LI2:6282.5, SKP2:6282.5, FBXL18:6282.5, DCTN2:6282.5, ANAPC2:6282.5, FBXL7:6282.5, DYNC1H1:6282.5, DCTN1:6282.5, RBL2:6282.5, TOP2A:6282.5, CDC25A:6282.5, LIN9:6282.5, LIN54:6282.5, E2F4:6282.5, LIN37:6282.5, BUB1B:6282.5, MAD2L1:6282.5, LPIN3:6282.5, CCNE1:6282.5, CCNA1:6282.5, DYRK1A:6282.5, CCNE2:6282.5, FOXM1:6282.5, PKMYT1:6282.5, CCNB2:6282.5, CDC25C:6282.5, E2F3:6282.5, DNA2:6282.5, RANGAP1:6282.5, CHMP4B:6282.5, CHMP4C:6282.5, CHMP4A:6282.5, GORASP2:6282.5, BLZF1:6282.5, USO1:6282.5, HMMR:6282.5, MAD1L1:6282.5, DBF4:6282.5, E2F2:6282.5, NCAPD2:6282.5, NCAPH2:6282.5, VRK2:6282.5, CENPQ:6282.5, PPP1R12A:6282.5, MCM10:6282.5, SIRT2:6282.5, MCM2:6282.5, MCM6:6282.5, ZW10:6282.5, AURKA:6282.5, NUDC:6282.5, HAUS4:6282.5, MCM5:6282.5, VRK1:6282.5, GINS1:6282.5, NINL:6282.5, CDC25B:6282.5, MAPRE1:6282.5, CCP110:6282.5, CEP152:6282.5, MCM4:6282.5, CDK6:6282.5, CEP41:6282.5, NCAPG:6282.5, FBXO5:6282.5, CEP72:6282.5, CEP70:6282.5, NEK2:6282.5, SET:6282.5, NEK6:6282.5, NEK9:6282.5, CENPL:6282.5, MASTL:6282.5, PDS5A:6282.5, CDKN2C:6282.5, CENPK:6282.5, OPTN:6282.5, B9D2:6282.5, TUBGCP3:6282.5, TUBGCP6:6282.5, CDKN2D:6282.5, SGO1:6282.5, TUBGCP2:6282.5, GINS2:6282.5, ESPL1:6282.5, BORA:6282.5, ODF2:6282.5, HAUS2:6282.5, CENPO:6282.5, CSNK1D:6282.5, PLK4:6282.5, ITGB3BP:6282.5, NME7:6282.5, NUF2:6282.5, ENSA:6282.5, LBR:6282.5, EML4:6282.5, NCAPG2:6282.5, GINS4:6282.5, CEP78:6282.5, INCENP:6282.5, DSN1:6282.5, CENPU:6282.5, CENPJ:6282.5, HAUS1:6282.5, CENPH:6282.5, AHCTF1:6282.5, CC2D1B:6282.5, SKA1:6282.5, PCNT:6282.5, PTTG1:6282.5, CEP57:6282.5, MCM7:6282.5, NDEL1:6282.5, MIS12:6282.5, E2F6:6282.5, BUB1:6282.5, PHF8:6282.5, ZWILCH:6282.5, CKAP5:6282.5, CENPS:6282.5, PPP2R2D:6282.5, SSNA1:6282.5, ANKLE2:6282.5, AURKB:6282.5, GINS3:6282.5, SKA2:6282.5, CEP63:6282.5, KMT5A:6282.5, KNTC1:6282.5, ERCC6L:6282.5, CENPP:6282.5, FKBPL:6282.5, CNEP1R1:6282.5, HAUS7:6282.5, PPP2R2A:6282.5, CDK11B:6282.5, HAUS5:6282.5, TUBGCP5:6282.5, LEMD3:10855, PRKACA:10858, NUP205:10887, ESCO1:10905, DHFR:10912, CCND2:10953, NCAPH:10964, CDK4:10976, RCC2:11021, CDCA5:11066, LCMT1:11231, CDC26:11254, CENPM:11327, PSMD10:11350, EP300:11369, CHMP7:11424, PSMD1:11428, PSMB1:11506, NDE1:11522, BTRC:11532, CHMP3:11536, CEP76:11560, PSMB7:11603, AKAP9:11645, NUP160:11681, NUP37:11698, PSME4:11744, TK1:11770, NUP85:11843, H4C1:11869, VPS4A:11911, DCTN3:11931, CETN2:11941, RRM2:11945, SEM1:11957, PLK1:11972, ORC3:11976, PSMD8:12029, ORC2:12077, NDC80:12099, KIF2C:12110, PRIM2:12121, NUP107:12122, CEP290:12146, CDC6:12164, RAD21:12186, CENPI:12215, HAUS6:12253, ORC4:12263, WAPL:12264, CDC7:12319, MCM8:12321, CDKN1C:12347, HDAC1:12354, SPC25:12374, ANAPC5:12378, LEMD2:12455, NUP42:12532, ARPP19:12538, TUBA1A:12546, CEP135:12589, CENPN:12725, HAUS8:12746, MYBL2:12772, CDC16:12776, NEDD1:12855, CCNH:12886, TYMS:12896, NUP54:12910, TFDP2:12914, CDK7:12964, LYN:13217, CCNA2:13232, RBL1:13237, NUP98:13246, SFI1:13279, SPAST:13305, PPP1R12B:13336, PPME1:13355, ESCO2:13370, NUP133:13372, RCC1:13385, E2F1:13388, LPIN2:13409, MCM3:13485, DYNC1I1:13489, MZT1:13528, NIPBL:13578, PRKCB:13667, RPA3:13748, TMPO:13756, SMC4:13797, DYNC1LI1:13804, PDS5B:13874, MZT2B:13916, PPP1CB:13966, ANAPC7:14051, CLASP1:14098, H3C2:14121, CDCA8:14138, PSMD2:14237, SEH1L:14240, SPC24:14273, TUBGCP4:14291, PSME2:14297, CDC23:14341, PSME1:14419, CCNB1:14449, E2F5:14460, KIF18A:14494, SPDL1:14555, WEE1:14561, CDC45:14565, CENPC:14581, HDAC8:14606, CENPT:14621, NSL1:14645, SMC2:14657, NUMA1:14734, TUBB:14742, RBBP4:14816, ANAPC1:14818, ORC1:14880, RPS27:14996, TPX2:15027, CEP192:15033, DYNLL1:15080, H3-3A:15088, TUBB8B:15090, TUBB8:15095","Both",3
"REACTOME_DNA_REPLICATION",-0.0686308921603039,0.00939711314700826,0.141789987395849,121,"UBE2D1:11, H4C15:49, RPS27A:59, SKP1:68, H4C14:85, UBA52:103, POLD2:160, H4C3:171, LIG1:198, H4C2:238, H4C13:295, H2BC15:350, POLE:379, H3C13:387, FZR1:392, POLA2:546, H3C11:588, ANAPC15:797, H2AC20:1105, PSMB9:1148, H3C10:1224, H2AC4:1330, H3C8:1344, GMNN:1386, H3C4:1469, FEN1:1640, PSMB11:1646, RPA1:1675, PSMD5:6282.5, PSMB5:6282.5, PSMD3:6282.5, PSMD9:6282.5, PSMF1:6282.5, PSMB2:6282.5, PSMA1:6282.5, PSME3:6282.5, PSMB6:6282.5, PSMA8:6282.5, PSMD4:6282.5, PSMB4:6282.5, PSMD6:6282.5, UBB:6282.5, PSMD13:6282.5, PSMD12:6282.5, PSMB8:6282.5, PSMB10:6282.5, CDK2:6282.5, H3C1:6282.5, RFC1:6282.5, RFC2:6282.5, POLD1:6282.5, POLD3:6282.5, POLE2:6282.5, RFC5:6282.5, POLE4:6282.5, RPA2:6282.5, RFC3:6282.5, POLE3:6282.5, RFC4:6282.5, POLD4:6282.5, H4C8:6282.5, H2BC4:6282.5, H2BC21:6282.5, H4C11:6282.5, H2BC9:6282.5, H2AC14:6282.5, POLA1:6282.5, PRIM1:6282.5, ORC6:6282.5, ORC5:6282.5, CDC27:6282.5, ANAPC4:6282.5, UBE2S:6282.5, SKP2:6282.5, ANAPC2:6282.5, CCNE1:6282.5, CCNA1:6282.5, CCNE2:6282.5, DNA2:6282.5, DBF4:6282.5, MCM10:6282.5, MCM2:6282.5, MCM6:6282.5, MCM5:6282.5, GINS1:6282.5, MCM4:6282.5, GINS2:6282.5, GINS4:6282.5, MCM7:6282.5, GINS3:6282.5, CDC26:11254, PSMD10:11350, PSMD1:11428, PSMB1:11506, PSMB7:11603, PSME4:11744, H4C1:11869, SEM1:11957, ORC3:11976, PSMD8:12029, ORC2:12077, PRIM2:12121, CDC6:12164, ORC4:12263, CDC7:12319, MCM8:12321, ANAPC5:12378, CDC16:12776, CCNA2:13232, MCM3:13485, RPA3:13748, ANAPC7:14051, H3C2:14121, PSMD2:14237, PSME2:14297, CDC23:14341, PSME1:14419, CDC45:14565, ANAPC1:14818, ORC1:14880, H3-3A:15088","Herbivore",1
"REACTOME_G2_M_DNA_DAMAGE_CHECKPOINT",-0.0763239932991387,0.0396092291187307,0.305477070602718,61,"H4C15:49, H4C14:85, H4C3:171, H4C2:238, H4C13:295, H2BC15:350, BLM:414, TOP3A:519, RAD9A:1262, ATM:1269, HUS1:1427, RPA1:1675, MRE11:1742, TP53:6282.5, SFN:6282.5, RFC2:6282.5, RFC5:6282.5, RPA2:6282.5, RFC3:6282.5, RFC4:6282.5, H4C8:6282.5, H2BC4:6282.5, H2BC21:6282.5, H4C11:6282.5, H2BC9:6282.5, BRCA1:6282.5, CHEK1:6282.5, RBBP8:6282.5, NBN:6282.5, RAD50:6282.5, CDC25C:6282.5, DNA2:6282.5, WRN:6282.5, TP53BP1:6282.5, NSD2:6282.5, RNF8:6282.5, BARD1:6282.5, RAD9B:6282.5, RAD17:6282.5, BABAM2:6282.5, ATRIP:6282.5, RHNO1:6282.5, RMI2:6282.5, RMI1:6282.5, CHEK2:6282.5, BRCC3:6282.5, PIAS4:10793, HERC2:10956, RAD1:10997, ATR:11303, TOPBP1:11392, UIMC1:11660, ABRAXAS1:11684, UBE2N:11716, BRIP1:11727, H4C1:11869, RNF168:13515, RPA3:13748, BABAM1:13865, CCNB1:14449, WEE1:14561","Both",3
"REACTOME_G2_M_CHECKPOINTS",-0.0296962464953384,0.26901219224931,0.637984513578755,117,"H4C15:49, RPS27A:59, H4C14:85, UBA52:103, H4C3:171, H4C2:238, H4C13:295, H2BC15:350, GTSE1:382, BLM:414, TOP3A:519, PSMB9:1148, RAD9A:1262, ATM:1269, HUS1:1427, PSMB11:1646, RPA1:1675, MRE11:1742, PSMD5:6282.5, PSMB5:6282.5, PSMD3:6282.5, PSMD9:6282.5, PSMF1:6282.5, PSMB2:6282.5, PSMA1:6282.5, PSME3:6282.5, TP53:6282.5, PSMB6:6282.5, PSMA8:6282.5, PSMD4:6282.5, PSMB4:6282.5, PSMD6:6282.5, UBB:6282.5, SFN:6282.5, PSMD13:6282.5, PSMD12:6282.5, PSMB8:6282.5, PSMB10:6282.5, CDK2:6282.5, RFC2:6282.5, RFC5:6282.5, RPA2:6282.5, RFC3:6282.5, RFC4:6282.5, H4C8:6282.5, H2BC4:6282.5, H2BC21:6282.5, H4C11:6282.5, H2BC9:6282.5, ORC6:6282.5, ORC5:6282.5, BRCA1:6282.5, CDC25A:6282.5, CHEK1:6282.5, RBBP8:6282.5, NBN:6282.5, RAD50:6282.5, PKMYT1:6282.5, CCNB2:6282.5, CDC25C:6282.5, DNA2:6282.5, WRN:6282.5, DBF4:6282.5, MCM10:6282.5, TP53BP1:6282.5, MCM2:6282.5, MCM6:6282.5, MCM5:6282.5, MCM4:6282.5, NSD2:6282.5, RNF8:6282.5, BARD1:6282.5, RAD9B:6282.5, RAD17:6282.5, BABAM2:6282.5, ATRIP:6282.5, MCM7:6282.5, RHNO1:6282.5, RMI2:6282.5, RMI1:6282.5, CHEK2:6282.5, BRCC3:6282.5, PIAS4:10793, HERC2:10956, RAD1:10997, ATR:11303, PSMD10:11350, TOPBP1:11392, PSMD1:11428, PSMB1:11506, PSMB7:11603, UIMC1:11660, ABRAXAS1:11684, UBE2N:11716, BRIP1:11727, PSME4:11744, H4C1:11869, SEM1:11957, ORC3:11976, PSMD8:12029, ORC2:12077, CDC6:12164, ORC4:12263, CDC7:12319, MCM8:12321, CLSPN:12481, MCM3:13485, RNF168:13515, RPA3:13748, BABAM1:13865, PSMD2:14237, PSME2:14297, PSME1:14419, CCNB1:14449, WEE1:14561, CDC45:14565, ORC1:14880","Herbivore",1
"REACTOME_STABILIZATION_OF_P53",-0.0171177000112524,0.708279402747695,0.899052538991965,40,"RPS27A:59, UBA52:103, PSMB9:1148, ATM:1269, PSMB11:1646, PSMD5:6282.5, PSMB5:6282.5, PSMD3:6282.5, PSMD9:6282.5, PSMF1:6282.5, PSMB2:6282.5, PSMA1:6282.5, PSME3:6282.5, TP53:6282.5, PSMB6:6282.5, CDKN2A:6282.5, PSMA8:6282.5, PSMD4:6282.5, PSMB4:6282.5, PSMD6:6282.5, UBB:6282.5, PSMD13:6282.5, PSMD12:6282.5, PSMB8:6282.5, PSMB10:6282.5, MDM2:6282.5, COP1:6282.5, CHEK2:6282.5, PSMD10:11350, PSMD1:11428, PSMB1:11506, PSMB7:11603, PSME4:11744, SEM1:11957, PSMD8:12029, PHF20:12694, MDM4:13090, PSMD2:14237, PSME2:14297, PSME1:14419","Herbivore",1
"REACTOME_G1_S_DNA_DAMAGE_CHECKPOINTS",-0.0253912290468238,0.531110073457663,0.811577370706382,51,"RPS27A:59, UBA52:103, PSMB9:1148, ATM:1269, PSMB11:1646, PSMD5:6282.5, PSMB5:6282.5, PSMD3:6282.5, PSMD9:6282.5, PSMF1:6282.5, PSMB2:6282.5, PSMA1:6282.5, PSME3:6282.5, TP53:6282.5, PSMB6:6282.5, CDKN2A:6282.5, PSMA8:6282.5, PSMD4:6282.5, PSMB4:6282.5, PSMD6:6282.5, UBB:6282.5, PSMD13:6282.5, PSMD12:6282.5, PSMB8:6282.5, PSMB10:6282.5, CDK2:6282.5, MDM2:6282.5, CDKN1A:6282.5, CDKN1B:6282.5, CDC25A:6282.5, CHEK1:6282.5, CCNE1:6282.5, CCNA1:6282.5, CCNE2:6282.5, PCBP4:6282.5, COP1:6282.5, ZNF385A:6282.5, CHEK2:6282.5, PSMD10:11350, PSMD1:11428, PSMB1:11506, PSMB7:11603, PSME4:11744, SEM1:11957, PSMD8:12029, PHF20:12694, MDM4:13090, CCNA2:13232, PSMD2:14237, PSME2:14297, PSME1:14419","Herbivore",1
"REACTOME_CYCLIN_A_CDK2_ASSOCIATED_EVENTS_AT_S_PHASE_ENTRY",-0.00687102458311845,0.850685708005004,0.949712898782057,63,"RPS27A:59, SKP1:68, UBA52:103, FZR1:392, PTK6:444, PSMB9:1148, PSMD5:6282.5, PSMB5:6282.5, AKT2:6282.5, PSMD3:6282.5, PSMD9:6282.5, PSMF1:6282.5, PSMB2:6282.5, PSMA1:6282.5, PSME3:6282.5, AKT1:6282.5, PSMB6:6282.5, PSMD4:6282.5, PSMB4:6282.5, PSMD6:6282.5, UBB:6282.5, PSMD13:6282.5, PSMD12:6282.5, TFDP1:6282.5, PSMB8:6282.5, PSMB10:6282.5, CDK2:6282.5, CABLES1:6282.5, MNAT1:6282.5, RB1:6282.5, CDKN1A:6282.5, MYC:6282.5, CCND1:6282.5, CDKN1B:6282.5, SKP2:6282.5, RBL2:6282.5, CDC25A:6282.5, LIN9:6282.5, LIN54:6282.5, E2F4:6282.5, LIN37:6282.5, CCNE1:6282.5, CCNA1:6282.5, CCNE2:6282.5, CDC25B:6282.5, CDK4:10976, PSMD10:11350, PSMD1:11428, PSMB1:11506, PSMB7:11603, SEM1:11957, PSMD8:12029, CCNH:12886, TFDP2:12914, CDK7:12964, CCNA2:13232, E2F1:13388, PSMD2:14237, PSME2:14297, PSME1:14419, E2F5:14460, WEE1:14561, RBBP4:14816","Unclear",0
"REACTOME_HISTIDINE_CATABOLISM",-0.0110438389954031,0.913874701357363,0.976881306100108,8,"CARNS1:999, HNMT:6282.5, HDC:6282.5, UROC1:6282.5, FTCD:6282.5, HAL:11149, CARNMT1:11653, AMDHD1:11847","Unclear",0
"REACTOME_PENTOSE_PHOSPHATE_PATHWAY",-0.0281080575808562,0.736078429137659,0.904799102939707,12,"TKT:394, PGD:1384, TALDO1:6282.5, DERA:6282.5, G6PD:6282.5, PRPS1:6282.5, RBKS:6282.5, SHPK:6282.5, PRPS1L1:6282.5, RPIA:12485, PGM2:14020, PGLS:15067","Both",3
"REACTOME_MRNA_SPLICING_MINOR_PATHWAY",-0.100498764322624,0.0821838221040887,0.39908515763601,25,"SNRPD1:5, SF3B6:16, SRSF1:25, SF3B5:34, POLR2J:39, SNRPD3:62, SNRPG:185, DDX42:696, GTF2F1:6282.5, NCBP1:6282.5, GTF2F2:6282.5, SF3B2:6282.5, ZMAT5:6282.5, PRPF6:6282.5, SRSF2:6282.5, SNRNP25:6282.5, SNRNP48:6282.5, SNRNP35:6282.5, POLR2F:11153, RNPC3:11620, PDCD7:12422, DDX23:13342, SNRNP200:13654, ZCRB1:13824, SRSF6:14355","Herbivore",1
"REACTOME_MRNA_SPLICING",-0.00728495376856264,0.776004697593579,0.919012845729246,129,"SNRPD1:5, SF3B6:16, SRSF3:22, SRSF1:25, MAGOH:27, SF3B5:34, POLR2J:39, U2AF1:55, SNRPD3:62, PNN:148, SNRPG:185, SDE2:332, NKAP:442, HNRNPA3:450, PCBP1:626, PRCC:674, DDX42:696, HNRNPM:1671, GTF2F1:6282.5, NCBP1:6282.5, GTF2F2:6282.5, UPF3B:6282.5, ALYREF:6282.5, PPIE:6282.5, PTBP1:6282.5, SAP18:6282.5, AQR:6282.5, XAB2:6282.5, SRRT:6282.5, SF3B2:6282.5, ZMAT5:6282.5, PRPF6:6282.5, SRSF2:6282.5, SNRNP25:6282.5, SNRNP48:6282.5, SNRNP35:6282.5, RBM5:6282.5, MTREX:6282.5, DHX8:6282.5, GPKOW:6282.5, FAM50A:6282.5, RBM7:6282.5, GPATCH1:6282.5, WDR70:6282.5, WBP11:6282.5, CHERP:6282.5, FUS:6282.5, SF3A1:6282.5, TFIP11:6282.5, DHX35:6282.5, PQBP1:6282.5, HTATSF1:6282.5, SNRNP70:6282.5, YJU2:6282.5, LENG1:6282.5, SRSF4:6282.5, SRSF11:6282.5, SYF2:6282.5, WBP4:6282.5, SNRNP27:6282.5, RNF113A:6282.5, SNRPB2:6282.5, RBM42:6282.5, NSRP1:6282.5, PRKRIP1:6282.5, PPIL4:6282.5, CTNNBL1:6282.5, SRRM1:6282.5, RBMX2:6282.5, C9orf78:6282.5, PRPF4:6282.5, BUD13:6282.5, DHX38:6282.5, DDX46:6282.5, CWF19L2:6282.5, CWC27:6282.5, U2SURP:6282.5, SLU7:6282.5, PRPF18:6282.5, SRRM2:6282.5, CDC40:6282.5, USP39:6282.5, SART1:6282.5, PUF60:6282.5, RBM10:6282.5, DHX16:6282.5, PPIL3:6282.5, CWC25:6282.5, SNW1:10866, TCERG1:10988, POLR2F:11153, DHX9:11244, PPIG:11409, HNRNPD:11498, RNPC3:11620, SNIP1:11935, ACIN1:12019, SRSF12:12288, CDC5L:12362, LUC7L3:12393, PDCD7:12422, ZNF830:12487, CASC3:12659, HNRNPU:12685, GCFC2:12749, PLRG1:12788, PPWD1:12924, SF3A2:13029, CWC22:13070, SNRPC:13106, DDX23:13342, SNRNP200:13654, ISY1:13698, RBM25:13781, ZCRB1:13824, PPIL2:13876, CCAR1:13888, PRPF40A:13913, HNRNPH1:13918, SF1:13953, PRPF4B:14008, DDX41:14013, SRSF6:14355, CRNKL1:14395, CCDC12:14433, SUGP1:14467, CACTIN:14596, PHF5A:14990, TRA2B:15089","Herbivore",1
"REACTOME_MRNA_EDITING_C_TO_U_CONVERSION",-0.0868415153553015,0.501300178703685,0.791549227628984,5,"A1CF:1692, APOBEC3H:6282.5, APOBEC1:6282.5, APOBEC2:6282.5, APOBEC4:11622","Unclear",0
"REACTOME_TRANSPORT_OF_MATURE_TRANSCRIPT_TO_CYTOPLASM",-0.0207276803621569,0.570122837642941,0.837077749405719,63,"SRSF3:22, SRSF1:25, MAGOH:27, U2AF1:55, NUP88:192, NUP153:528, NUP50:643, RAE1:1313, NUP214:1425, NCBP1:6282.5, TPR:6282.5, NDC1:6282.5, AAAS:6282.5, NUP188:6282.5, NUP93:6282.5, NUP155:6282.5, NUP43:6282.5, NUP210:6282.5, NUP58:6282.5, EIF4E:6282.5, SEC13:6282.5, NUP35:6282.5, NUP62:6282.5, UPF3B:6282.5, SLBP:6282.5, ALYREF:6282.5, CPSF1:6282.5, CPSF3:6282.5, WDR33:6282.5, CPSF2:6282.5, SRSF2:6282.5, SRSF4:6282.5, SRSF11:6282.5, SRRM1:6282.5, DHX38:6282.5, SLU7:6282.5, CDC40:6282.5, ZC3H11A:6282.5, POLDIP3:6282.5, GLE1:6282.5, FYTTD1:6282.5, THOC7:6282.5, SARNP:6282.5, FIP1L1:10812, NUP205:10887, THOC1:11271, NUP160:11681, NUP37:11698, NUP85:11843, NUP107:12122, THOC2:12209, THOC3:12413, SYMPK:12515, NUP42:12532, THOC5:12603, CASC3:12659, NUP54:12910, DDX39A:12968, NUP98:13246, THOC6:13254, NUP133:13372, SEH1L:14240, SRSF6:14355","Both",3
"REACTOME_PROCESSING_OF_CAPPED_INTRON_CONTAINING_PRE_MRNA",-0.00157273902619348,0.94139209644765,0.987968538937784,186,"SNRPD1:5, SF3B6:16, SRSF3:22, SRSF1:25, MAGOH:27, SF3B5:34, POLR2J:39, U2AF1:55, SNRPD3:62, NUDT21:100, PNN:148, SNRPG:185, NUP88:192, SDE2:332, NKAP:442, HNRNPA3:450, NUP153:528, PCBP1:626, NUP50:643, PRCC:674, DDX42:696, RAE1:1313, NUP214:1425, HNRNPM:1671, GTF2F1:6282.5, NCBP1:6282.5, GTF2F2:6282.5, TPR:6282.5, NDC1:6282.5, AAAS:6282.5, NUP188:6282.5, NUP93:6282.5, NUP155:6282.5, NUP43:6282.5, NUP210:6282.5, NUP58:6282.5, EIF4E:6282.5, SEC13:6282.5, NUP35:6282.5, NUP62:6282.5, UPF3B:6282.5, SLBP:6282.5, ALYREF:6282.5, CPSF1:6282.5, CPSF3:6282.5, WDR33:6282.5, CPSF2:6282.5, PPIE:6282.5, PTBP1:6282.5, SAP18:6282.5, AQR:6282.5, XAB2:6282.5, CSTF2:6282.5, CLP1:6282.5, SRRT:6282.5, PCF11:6282.5, SF3B2:6282.5, ZMAT5:6282.5, PRPF6:6282.5, SRSF2:6282.5, SNRNP25:6282.5, SNRNP48:6282.5, SNRNP35:6282.5, RBM5:6282.5, MTREX:6282.5, DHX8:6282.5, GPKOW:6282.5, FAM50A:6282.5, RBM7:6282.5, GPATCH1:6282.5, WDR70:6282.5, WBP11:6282.5, CHERP:6282.5, FUS:6282.5, SF3A1:6282.5, TFIP11:6282.5, DHX35:6282.5, PQBP1:6282.5, HTATSF1:6282.5, SNRNP70:6282.5, YJU2:6282.5, LENG1:6282.5, SRSF4:6282.5, SRSF11:6282.5, SYF2:6282.5, WBP4:6282.5, SNRNP27:6282.5, RNF113A:6282.5, SNRPB2:6282.5, RBM42:6282.5, NSRP1:6282.5, PRKRIP1:6282.5, PPIL4:6282.5, CTNNBL1:6282.5, SRRM1:6282.5, RBMX2:6282.5, C9orf78:6282.5, PRPF4:6282.5, BUD13:6282.5, DHX38:6282.5, DDX46:6282.5, CWF19L2:6282.5, CWC27:6282.5, U2SURP:6282.5, SLU7:6282.5, PRPF18:6282.5, SRRM2:6282.5, CDC40:6282.5, USP39:6282.5, SART1:6282.5, PUF60:6282.5, RBM10:6282.5, DHX16:6282.5, PPIL3:6282.5, CWC25:6282.5, ZC3H11A:6282.5, POLDIP3:6282.5, GLE1:6282.5, FYTTD1:6282.5, THOC7:6282.5, SARNP:6282.5, PAPOLA:6282.5, CPSF7:6282.5, CSTF2T:6282.5, FIP1L1:10812, SNW1:10866, NUP205:10887, WTAP:10934, TCERG1:10988, POLR2F:11153, DHX9:11244, THOC1:11271, PPIG:11409, HNRNPD:11498, RNPC3:11620, NUP160:11681, NUP37:11698, NUP85:11843, METTL3:11908, SNIP1:11935, ACIN1:12019, NUP107:12122, THOC2:12209, SRSF12:12288, CDC5L:12362, LUC7L3:12393, THOC3:12413, PDCD7:12422, ZNF830:12487, SYMPK:12515, NUP42:12532, THOC5:12603, CASC3:12659, HNRNPU:12685, GCFC2:12749, PLRG1:12788, NUP54:12910, PPWD1:12924, METTL14:12945, DDX39A:12968, SF3A2:13029, CWC22:13070, SNRPC:13106, NUP98:13246, THOC6:13254, DDX23:13342, NUP133:13372, SNRNP200:13654, ISY1:13698, RBM25:13781, ZCRB1:13824, PPIL2:13876, CCAR1:13888, PRPF40A:13913, HNRNPH1:13918, SF1:13953, PRPF4B:14008, DDX41:14013, SEH1L:14240, SRSF6:14355, CRNKL1:14395, CCDC12:14433, SUGP1:14467, CACTIN:14596, PHF5A:14990, TRA2B:15089","Herbivore",1
"REACTOME_TRNA_PROCESSING",-0.00842981760507533,0.771540081642154,0.919012845729246,100,"RAN:71, NUP88:192, CDKAL1:487, NUP153:528, NUP50:643, ALKBH8:840, TRMT12:980, RAE1:1313, CTU2:1321, POP1:1352, NUP214:1425, TPR:6282.5, NDC1:6282.5, AAAS:6282.5, NUP188:6282.5, NUP93:6282.5, NUP155:6282.5, NUP43:6282.5, NUP210:6282.5, NUP58:6282.5, SEC13:6282.5, NUP35:6282.5, NUP62:6282.5, CPSF1:6282.5, ELAC2:6282.5, NSUN2:6282.5, METTL1:6282.5, TRIT1:6282.5, ADAT1:6282.5, PUS7:6282.5, OSGEP:6282.5, TRMT1:6282.5, TRDMT1:6282.5, PUS3:6282.5, THG1L:6282.5, THADA:6282.5, TRMT5:6282.5, TRMT44:6282.5, TYW5:6282.5, TRMT61A:6282.5, URM1:6282.5, DUS2:6282.5, PUS1:6282.5, TYW1:6282.5, ADAT3:6282.5, NSUN6:6282.5, TRMT9B:6282.5, TRNT1:6282.5, DDX1:6282.5, RTRAF:6282.5, RTCB:6282.5, CSTF2:6282.5, POP4:6282.5, C2orf49:6282.5, RPP30:6282.5, RPP38:6282.5, TSEN34:6282.5, POP7:6282.5, CLP1:6282.5, ZBTB8OS:6282.5, RPP25:6282.5, TSEN54:6282.5, TSEN15:6282.5, RPP21:6282.5, HSD17B10:6282.5, TRMT10C:6282.5, TRMU:6282.5, MTO1:6282.5, TRMT61B:10815, GTPBP3:10823, NUP205:10887, WDR4:10993, POP5:11008, XPOT:11173, RPP14:11188, TSEN2:11342, RPP40:11463, TRMT13:11567, QTRT2:11657, PRORP:11664, QTRT1:11666, NUP160:11681, NUP37:11698, NUP85:11843, NUP107:12122, TRMT11:12500, NUP42:12532, TRMT112:12551, FAM98B:12652, TRMT6:12735, LCMT2:12877, NUP54:12910, NUP98:13246, ADAT2:13339, NUP133:13372, TPRKB:13995, SEH1L:14240, TYW3:14385, FTSJ1:14506, TRMT10A:14771","Both",3
"REACTOME_RRNA_PROCESSING",-0.0515296406689849,0.0342333896960094,0.288424306644415,143,"RPS27A:59, RPL34:66, RPL19:69, UBA52:103, FTSJ3:108, RPS26:138, RPL31:169, RPS7:178, RPS23:180, RPL8:184, PWP2:186, RPS17:201, RPL17:206, NOC4L:259, MRM2:282, NOP14:315, EXOSC10:539, DHX37:639, RPL13:905, PELP1:995, EBNA1BP2:1242, TBL3:1441, EXOSC5:1549, PNO1:1689, SENP3:1765, RPS5:6282.5, RPLP0:6282.5, RPL3:6282.5, RPS10:6282.5, RPL3L:6282.5, RPS2:6282.5, RPL32:6282.5, RPL10L:6282.5, RPL38:6282.5, RPL15:6282.5, RPLP2:6282.5, RPS27L:6282.5, RPL14:6282.5, RPL36A:6282.5, DKC1:6282.5, NHP2:6282.5, CSNK1D:6282.5, ELAC2:6282.5, NOP58:6282.5, DIS3:6282.5, EXOSC3:6282.5, EXOSC8:6282.5, EXOSC9:6282.5, EXOSC2:6282.5, EXOSC1:6282.5, EXOSC4:6282.5, NOP56:6282.5, DCAF13:6282.5, RPP30:6282.5, RPP38:6282.5, RPP25:6282.5, RPP21:6282.5, HSD17B10:6282.5, TRMT10C:6282.5, TSR3:6282.5, WDR3:6282.5, THUMPD1:6282.5, BUD23:6282.5, FBL:6282.5, DDX49:6282.5, KRR1:6282.5, NOP2:6282.5, RRP9:6282.5, WDR75:6282.5, UTP25:6282.5, HEATR1:6282.5, RCL1:6282.5, UTP20:6282.5, MPHOSPH10:6282.5, RRP36:6282.5, EMG1:6282.5, NOL11:6282.5, UTP3:6282.5, WDR36:6282.5, NAT10:6282.5, IMP4:6282.5, PDCD11:6282.5, IMP3:6282.5, UTP11:6282.5, RRP7A:6282.5, WDR46:6282.5, DDX47:6282.5, NSUN4:6282.5, MRM3:6282.5, MTREX:6282.5, RIOK2:6282.5, WDR18:6282.5, PES1:6282.5, RIOK3:6282.5, RBM28:6282.5, BYSL:6282.5, RIOK1:6282.5, NIP7:6282.5, MPHOSPH6:6282.5, WDR12:6282.5, NOB1:6282.5, ISG20L2:6282.5, RRP1:6282.5, GNL3:6282.5, TSR1:6282.5, BOP1:6282.5, NOL12:6282.5, UTP15:10959, UTP6:10965, RPP14:11188, XRN2:11268, C1D:11296, RPP40:11463, UTP14A:11491, PRORP:11664, UTP18:11731, LAS1L:11778, EXOSC6:11835, TFB1M:11926, RPL7:12006, EXOSC7:12020, BMS1:12054, RPL6:12073, RPL4:12176, DIMT1:12447, TRMT112:12551, ERI1:12578, RPS3:12824, RPL9:12853, DDX52:13817, MRM1:13822, UTP4:13976, LTV1:14021, NCL:14226, WDR43:14315, TEX10:14724, RPS15:14780, NOL9:14838, DDX21:14943, RPS27:14996, RPS15A:15066, RPS14:15087, RPL23:15099","Herbivore",1
"REACTOME_EUKARYOTIC_TRANSLATION_INITIATION",-0.0435669218141181,0.256075549308575,0.624096059982702,57,"RPS27A:59, RPL34:66, RPL19:69, UBA52:103, RPS26:138, RPL31:169, RPS7:178, RPS23:180, RPL8:184, RPS17:201, RPL17:206, RPL13:905, EIF4G1:6282.5, EIF4E:6282.5, RPS5:6282.5, RPLP0:6282.5, RPL3:6282.5, RPS10:6282.5, RPL3L:6282.5, RPS2:6282.5, RPL32:6282.5, RPL10L:6282.5, RPL38:6282.5, RPL15:6282.5, RPLP2:6282.5, RPS27L:6282.5, RPL14:6282.5, RPL36A:6282.5, EIF4B:6282.5, EIF4EBP1:6282.5, EIF2S2:6282.5, EIF2B3:6282.5, EIF5:6282.5, EIF3J:6282.5, EIF3A:6282.5, EIF2B1:6282.5, EIF2B4:6282.5, EIF2B2:6282.5, EIF3G:6282.5, EIF3F:6282.5, EIF3C:6282.5, EIF4H:11638, RPL7:12006, RPL6:12073, RPL4:12176, EIF3B:12387, RPS3:12824, RPL9:12853, EIF3L:13135, EIF2B5:13534, EIF5B:14165, EIF3H:14633, RPS15:14780, RPS27:14996, RPS15A:15066, RPS14:15087, RPL23:15099","Herbivore",1
"REACTOME_ACTIVATION_OF_THE_MRNA_UPON_BINDING_OF_THE_CAP_BINDING_COMPLEX_AND_EIFS_AND_SUBSEQUENT_BINDING_TO_43S",-0.00466745862295925,0.931929985808058,0.986561880583814,28,"RPS27A:59, RPS26:138, RPS7:178, RPS23:180, RPS17:201, EIF4G1:6282.5, EIF4E:6282.5, RPS5:6282.5, RPS10:6282.5, RPS2:6282.5, RPS27L:6282.5, EIF4B:6282.5, EIF4EBP1:6282.5, EIF2S2:6282.5, EIF3J:6282.5, EIF3A:6282.5, EIF3G:6282.5, EIF3F:6282.5, EIF3C:6282.5, EIF4H:11638, EIF3B:12387, RPS3:12824, EIF3L:13135, EIF3H:14633, RPS15:14780, RPS27:14996, RPS15A:15066, RPS14:15087","Herbivore",1
"REACTOME_RECYCLING_OF_EIF2_GDP",-0.0164966558308112,0.888720132983058,0.965385422774971,6,"EIF2S2:6282.5, EIF2B3:6282.5, EIF2B1:6282.5, EIF2B4:6282.5, EIF2B2:6282.5, EIF2B5:13534","Unclear",0
"REACTOME_PYRIMIDINE_SALVAGE",-0.125412134125827,0.169760271699063,0.539234665794534,10,"UPP1:928, PUDP:1721, UPP2:6282.5, UCK1:6282.5, UCK2:6282.5, DCK:6282.5, CDA:6282.5, TK2:6282.5, UCKL1:6282.5, TK1:11770","Unclear",0
"REACTOME_PYRIMIDINE_CATABOLISM",-0.0566091602430768,0.51572290580146,0.801914175413846,11,"UPP1:928, UPP2:6282.5, AGXT2:6282.5, NT5C1A:6282.5, NT5C:6282.5, NT5E:6282.5, DPYS:6282.5, DPYD:6282.5, NT5M:6282.5, NT5C3A:11746, UPB1:12854","Unclear",0
"REACTOME_RNA_POLYMERASE_I_PROMOTER_ESCAPE",-0.0938327203582777,0.0296412942397719,0.27587631678156,45,"H4C15:49, H4C14:85, H4C3:171, H4C2:238, H4C13:295, H2BC15:350, H3C13:387, H3C11:588, H2AC20:1105, H3C10:1224, H2AC4:1330, H3C8:1344, H3C4:1469, H3C1:6282.5, H4C8:6282.5, H2BC4:6282.5, H2BC21:6282.5, H4C11:6282.5, H2BC9:6282.5, H2AC14:6282.5, MNAT1:6282.5, ERCC2:6282.5, GTF2H3:6282.5, ERCC3:6282.5, GTF2H4:6282.5, TBP:6282.5, POLR1C:6282.5, TAF1C:6282.5, UBTF:6282.5, POLR1B:6282.5, POLR1E:6282.5, TAF1A:6282.5, TAF1D:6282.5, RRN3:6282.5, POLR2F:11153, TAF1B:11364, POLR1D:11625, H4C1:11869, CCNH:12886, CDK7:12964, POLR1A:13359, GTF2H1:13587, H3C2:14121, GTF2H2:14391, H3-3A:15088","Both",3
"REACTOME_RNA_POLYMERASE_II_TRANSCRIPTION_TERMINATION",-0.0561009782581501,0.193496070058782,0.561781985098166,45,"SRSF3:22, SRSF1:25, MAGOH:27, U2AF1:55, SNRPD3:62, NUDT21:100, SNRPG:185, NCBP1:6282.5, UPF3B:6282.5, SLBP:6282.5, ALYREF:6282.5, CPSF1:6282.5, CPSF3:6282.5, WDR33:6282.5, CPSF2:6282.5, CSTF2:6282.5, CLP1:6282.5, PCF11:6282.5, SRSF2:6282.5, SRSF4:6282.5, SRSF11:6282.5, SRRM1:6282.5, DHX38:6282.5, SLU7:6282.5, CDC40:6282.5, ZC3H11A:6282.5, POLDIP3:6282.5, FYTTD1:6282.5, THOC7:6282.5, SARNP:6282.5, PAPOLA:6282.5, CPSF7:6282.5, CSTF2T:6282.5, LSM10:6282.5, FIP1L1:10812, THOC1:11271, THOC2:12209, THOC3:12413, SYMPK:12515, THOC5:12603, CASC3:12659, DDX39A:12968, THOC6:13254, LSM11:14281, SRSF6:14355","Herbivore",1
"REACTOME_RNA_POLYMERASE_I_TRANSCRIPTION",-0.0615365881611369,0.0918148499370294,0.415316238199121,63,"H4C15:49, H4C14:85, H4C3:171, H4C2:238, H4C13:295, H2BC15:350, H3C13:387, H3C11:588, CHD3:793, H2AC20:1105, MTA3:1137, H3C10:1224, H2AC4:1330, H3C8:1344, H3C4:1469, GATAD2B:1683, MAPK3:6282.5, H3C1:6282.5, H4C8:6282.5, H2BC4:6282.5, H2BC21:6282.5, H4C11:6282.5, H2BC9:6282.5, H2AC14:6282.5, MNAT1:6282.5, ERCC2:6282.5, GTF2H3:6282.5, ERCC3:6282.5, GTF2H4:6282.5, KAT2A:6282.5, TBP:6282.5, CHD4:6282.5, POLR1C:6282.5, MBD3:6282.5, TAF1C:6282.5, UBTF:6282.5, TTF1:6282.5, POLR1B:6282.5, POLR1E:6282.5, TAF1A:6282.5, TAF1D:6282.5, MTA1:6282.5, EHMT2:6282.5, RRN3:6282.5, CAVIN1:6282.5, ERCC6:10951, POLR2F:11153, MTA2:11316, TAF1B:11364, POLR1D:11625, H4C1:11869, RBBP7:11998, HDAC1:12354, CCNH:12886, CDK7:12964, POLR1A:13359, GTF2H1:13587, KAT2B:13850, H3C2:14121, GTF2H2:14391, RBBP4:14816, GATAD2A:15062, H3-3A:15088","Both",3
"REACTOME_BASE_EXCISION_REPAIR",-0.10301942615995,0.00629621856439447,0.11129492227062,59,"H4C15:49, H4C14:85, POLD2:160, H4C3:171, LIG1:198, H4C2:238, H4C13:295, H2BC15:350, POLE:379, NEIL1:919, H2AC20:1105, H2AC4:1330, PARP1:1379, MPG:1467, FEN1:1640, RPA1:1675, NEIL3:1774, RFC1:6282.5, RFC2:6282.5, POLD1:6282.5, POLD3:6282.5, POLE2:6282.5, RFC5:6282.5, POLE4:6282.5, RPA2:6282.5, RFC3:6282.5, POLE3:6282.5, RFC4:6282.5, POLD4:6282.5, TINF2:6282.5, OGG1:6282.5, MUTYH:6282.5, TERF1:6282.5, H4C8:6282.5, TERF2IP:6282.5, H2BC4:6282.5, H2BC21:6282.5, H4C11:6282.5, H2BC9:6282.5, H2AC14:6282.5, UNG:6282.5, APEX1:6282.5, SMUG1:6282.5, ADPRS:6282.5, PARP2:6282.5, LIG3:6282.5, NEIL2:11381, MBD4:11594, PNKP:11829, H4C1:11869, TDG:12060, NTHL1:12439, XRCC1:12681, ACD:13368, POT1:13500, RPA3:13748, POLB:14024, PARG:14548, TERF2:14700","Both",3
"REACTOME_CHROMOSOME_MAINTENANCE",-0.0485670915429033,0.114298115073181,0.466243216011189,89,"POLR2J:39, H4C15:49, H4C14:85, POLD2:160, H4C3:171, LIG1:198, H4C2:238, RTEL1:276, H4C13:295, WRAP53:324, H2BC15:350, BLM:414, POLA2:546, H2AC20:1105, H2AC4:1330, HJURP:1592, FEN1:1640, RPA1:1675, CDK2:6282.5, RFC1:6282.5, RFC2:6282.5, POLD1:6282.5, POLD3:6282.5, RFC5:6282.5, RPA2:6282.5, RFC3:6282.5, RFC4:6282.5, POLD4:6282.5, TINF2:6282.5, TERF1:6282.5, H4C8:6282.5, TERF2IP:6282.5, H2BC4:6282.5, H2BC21:6282.5, H4C11:6282.5, H2BC9:6282.5, H2AC14:6282.5, POLA1:6282.5, PRIM1:6282.5, CCNA1:6282.5, ATRX:6282.5, PPP6R3:6282.5, PPP6C:6282.5, CHTF18:6282.5, DKC1:6282.5, DSCC1:6282.5, DNA2:6282.5, SHQ1:6282.5, NHP2:6282.5, WRN:6282.5, TEN1:6282.5, NPM1:6282.5, CENPQ:6282.5, OIP5:6282.5, CENPL:6282.5, CENPK:6282.5, CENPO:6282.5, ITGB3BP:6282.5, CENPU:6282.5, CENPH:6282.5, MIS18A:6282.5, CENPX:6282.5, CENPS:6282.5, CENPP:6282.5, CENPW:6282.5, SMARCA5:11100, POLR2F:11153, CENPM:11327, ANKRD28:11340, H4C1:11869, RBBP7:11998, PRIM2:12121, CENPI:12215, PIF1:12518, CENPN:12725, CHTF8:12778, CCNA2:13232, ACD:13368, RSF1:13473, POT1:13500, CTC1:13688, RPA3:13748, MIS18BP1:14434, CENPC:14581, CENPT:14621, TERF2:14700, RBBP4:14816, DAXX:14999, H3-3A:15088","Vertivore",2
"REACTOME_DEATH_RECEPTOR_SIGNALING",-0.087592071282064,0.000425121353538083,0.0207160486602477,137,"UBE2D1:11, RACK1:31, RPS27A:59, BIRC3:75, UBA52:103, ARHGEF11:130, TIAM2:146, RHOA:150, ARHGEF2:183, OBSCN:306, TIAM1:396, AKAP13:401, IKBKG:445, ADAM17:468, ARHGEF12:502, FGD1:512, CASP2:564, SMPD3:826, ITSN1:829, AATF:915, ARHGEF15:1025, ARHGEF38:1058, NGEF:1140, XIAP:1419, GNA13:1420, OMG:1498, CLIP3:1504, TRIO:1517, SQSTM1:1531, PLEKHG5:1558, ARHGEF16:1601, MADD:1609, ARHGEF6:1661, OTUD7B:1662, USP2:1712, TAB1:1736, FAS:6282.5, TRADD:6282.5, BIRC2:6282.5, FASLG:6282.5, TRAF2:6282.5, FADD:6282.5, UBB:6282.5, MAG:6282.5, SOS1:6282.5, VAV2:6282.5, ARHGEF7:6282.5, RASGRF2:6282.5, ARHGEF9:6282.5, SHARPIN:6282.5, NFKBIA:6282.5, NFKB1:6282.5, RELA:6282.5, CHUK:6282.5, BAG4:6282.5, STUB1:6282.5, UBE2D2:6282.5, NCSTN:6282.5, SOS2:6282.5, KALRN:6282.5, RIPK2:6282.5, TAB3:6282.5, MAPKAPK2:6282.5, TRAF6:6282.5, IRAK1:6282.5, RBCK1:6282.5, MIB2:6282.5, PRKCI:6282.5, OPTN:6282.5, ITGB3BP:6282.5, SMPD2:6282.5, IKBKE:6282.5, NGF:6282.5, CYLD:6282.5, TAX1BP1:6282.5, TNFAIP3:6282.5, ARHGEF18:6282.5, NGFR:6282.5, ARHGEF10L:6282.5, ARHGEF1:6282.5, PLEKHG2:6282.5, MCF2:6282.5, ARHGEF10:6282.5, PREX1:6282.5, MCF2L:6282.5, FGD3:6282.5, ARHGEF4:6282.5, FGD4:6282.5, FGD2:6282.5, ABR:6282.5, ARHGEF3:6282.5, ARHGEF40:6282.5, NET1:6282.5, ARHGEF37:6282.5, ARHGEF33:6282.5, RTN4R:6282.5, RTN4:6282.5, ARHGDIA:6282.5, LINGO1:6282.5, ULK1:6282.5, RNF31:6282.5, USP21:6282.5, SPATA2:6282.5, TRAF1:6282.5, NSMAF:6282.5, VAV1:11176, CASP8:11211, OTULIN:11270, PRDM4:11356, ARHGEF26:11459, MAP3K7:11639, MYD88:11646, ARHGEF19:11779, PSEN2:11958, ARHGEF39:11959, UBE2L3:12052, ARHGEF17:12061, OTUD1:12117, PSEN1:12167, CFLAR:12261, HDAC1:12354, TAB2:12875, USP4:13304, CASP10:13527, VAV3:13539, BAD:13638, SPPL2B:13782, RIPK1:13907, SPPL2A:14026, APH1B:14076, ECT2:14132, IKBKB:14262, CASP3:14463, BCL2L11:14495, TBK1:14571, TNFSF10:14922, TNF:14980","Herbivore",1
"REACTOME_DNA_DAMAGE_BYPASS",-0.0412064206661843,0.35608463945782,0.710986273468936,42,"RPS27A:59, UBA52:103, USP43:129, POLD2:160, POLE:379, SPRTN:1305, RPA1:1675, UBB:6282.5, RFC1:6282.5, RFC2:6282.5, POLD1:6282.5, UFD1:6282.5, POLD3:6282.5, POLE2:6282.5, USP10:6282.5, RFC5:6282.5, POLE4:6282.5, MAD2L2:6282.5, RPA2:6282.5, TRIM25:6282.5, POLK:6282.5, RFC3:6282.5, POLE3:6282.5, UBE2L6:6282.5, RFC4:6282.5, POLH:6282.5, POLD4:6282.5, NPLOC4:6282.5, ISG15:6282.5, RAD18:6282.5, CUL4B:6282.5, CUL4A:11096, USP1:11974, REV3L:12008, PCLAF:12023, UBA7:12375, POLI:12953, REV1:13584, RPA3:13748, RCHY1:13859, DTL:14648, UBE2B:15086","Herbivore",1
"REACTOME_DNA_REPAIR",-0.0407060329719917,0.0240155854564222,0.256213612887155,264,"UBE2I:15, POLR2J:39, H4C15:49, RPS27A:59, H4C14:85, COPS2:87, UBA52:103, PMS2:127, USP43:129, PAXIP1:144, FAAP100:156, POLD2:160, H4C3:171, LIG1:198, H4C2:238, RTEL1:276, EME1:291, H4C13:295, XRCC5:317, H2BC15:350, POLE:379, BLM:414, USP45:441, TOP3A:519, UVSSA:579, EME2:766, MUS81:893, NEIL1:919, GPS1:992, H2AC20:1105, NHEJ1:1117, APBB1:1156, MLH1:1239, RAD9A:1262, ATM:1269, SPRTN:1305, H2AC4:1330, CHD1L:1377, PARP1:1379, HUS1:1427, ERCC4:1445, FANCI:1449, MPG:1467, FEN1:1640, RPA1:1675, LIG4:1739, MRE11:1742, NEIL3:1774, TP53:6282.5, UBB:6282.5, ACTB:6282.5, ABL1:6282.5, CDK2:6282.5, RAD51B:6282.5, RFC1:6282.5, RFC2:6282.5, POLD1:6282.5, UFD1:6282.5, POLD3:6282.5, POLE2:6282.5, USP10:6282.5, RFC5:6282.5, POLE4:6282.5, MAD2L2:6282.5, RPA2:6282.5, TRIM25:6282.5, POLK:6282.5, RFC3:6282.5, POLE3:6282.5, UBE2L6:6282.5, RFC4:6282.5, POLH:6282.5, POLD4:6282.5, NPLOC4:6282.5, ISG15:6282.5, RAD18:6282.5, CUL4B:6282.5, TINF2:6282.5, OGG1:6282.5, MUTYH:6282.5, TERF1:6282.5, H4C8:6282.5, TERF2IP:6282.5, H2BC4:6282.5, H2BC21:6282.5, H4C11:6282.5, H2BC9:6282.5, H2AC14:6282.5, UNG:6282.5, APEX1:6282.5, SMUG1:6282.5, ADPRS:6282.5, PARP2:6282.5, MNAT1:6282.5, ERCC2:6282.5, GTF2H3:6282.5, ERCC3:6282.5, TCEA1:6282.5, GTF2H4:6282.5, BRCA1:6282.5, RNF111:6282.5, CHEK1:6282.5, RBBP8:6282.5, NBN:6282.5, RAD50:6282.5, BRCA2:6282.5, CCNA1:6282.5, DNA2:6282.5, WRN:6282.5, XRCC4:6282.5, XRCC6:6282.5, TP53BP1:6282.5, NSD2:6282.5, RNF8:6282.5, BARD1:6282.5, RAD9B:6282.5, RAD17:6282.5, BABAM2:6282.5, ATRIP:6282.5, CENPX:6282.5, RHNO1:6282.5, CENPS:6282.5, RMI2:6282.5, RMI1:6282.5, CHEK2:6282.5, BRCC3:6282.5, PPIE:6282.5, PRKDC:6282.5, COPS7B:6282.5, COPS8:6282.5, RAD52:6282.5, SUMO3:6282.5, KDM4A:6282.5, MCRS1:6282.5, MSH2:6282.5, FANCD2:6282.5, RAD51D:6282.5, UBXN1:6282.5, MSH3:6282.5, MSH6:6282.5, LIG3:6282.5, ERCC1:6282.5, POLQ:6282.5, PALB2:6282.5, RAD51AP1:6282.5, XRCC3:6282.5, SPIDR:6282.5, SLX4:6282.5, XRCC2:6282.5, ACTR5:6282.5, TFPT:6282.5, INO80D:6282.5, INO80B:6282.5, INO80C:6282.5, BAP1:6282.5, TDP1:6282.5, EYA2:6282.5, TIPIN:6282.5, EYA1:6282.5, TIMELESS:6282.5, TDP2:6282.5, DCLRE1C:6282.5, EYA3:6282.5, POLL:6282.5, ERCC5:6282.5, XPA:6282.5, AQR:6282.5, ERCC8:6282.5, XAB2:6282.5, HMGN1:6282.5, UBE2T:6282.5, FANCE:6282.5, FANCL:6282.5, DCLRE1B:6282.5, POLN:6282.5, FAAP24:6282.5, FANCB:6282.5, FANCF:6282.5, FANCA:6282.5, FAN1:6282.5, DCLRE1A:6282.5, FANCG:6282.5, ASCC3:6282.5, ASCC1:6282.5, FTO:6282.5, ALKBH3:6282.5, MGMT:6282.5, ALKBH2:6282.5, PIAS4:10793, ERCC6:10951, HERC2:10956, ACTR8:10971, COPS4:10987, RAD1:10997, CUL4A:11096, SMARCA5:11100, POLR2F:11153, ATR:11303, EP300:11369, PIAS1:11372, NEIL2:11381, ASCC2:11383, TOPBP1:11392, NFRKB:11422, MBD4:11594, RAD23A:11614, UIMC1:11660, ABRAXAS1:11684, UBE2N:11716, BRIP1:11727, PNKP:11829, H4C1:11869, PIAS3:11877, CETN2:11941, RAD23B:11956, SEM1:11957, USP1:11974, REV3L:12008, PCLAF:12023, TDG:12060, PPP5C:12184, UBA7:12375, NTHL1:12439, RIF1:12449, CLSPN:12481, ZNF830:12487, INO80E:12504, XRCC1:12681, ALKBH5:12730, RAD51C:12796, CCNH:12886, POLI:12953, CDK7:12964, RNF4:13163, SLX1A:13174, KPNA2:13181, FANCC:13215, CCNA2:13232, SLX1B:13313, ACD:13368, XPC:13379, POT1:13500, RNF168:13515, EYA4:13540, REV1:13584, GTF2H1:13587, ISY1:13698, RPA3:13748, RCHY1:13859, BABAM1:13865, USP7:13887, POLB:14024, PPP4R2:14073, FANCM:14383, GTF2H2:14391, KDM4B:14539, PARG:14548, DTL:14648, SIRT6:14689, TERF2:14700, ELL:14870, DDB2:14978, UBE2B:15086, PPP4C:15096","Both",3
"REACTOME_BASE_EXCISION_REPAIR_AP_SITE_FORMATION",-0.116101039910062,0.0231531598638856,0.25290113741999,32,"H4C15:49, H4C14:85, H4C3:171, H4C2:238, H4C13:295, H2BC15:350, NEIL1:919, H2AC20:1105, H2AC4:1330, MPG:1467, NEIL3:1774, TINF2:6282.5, OGG1:6282.5, MUTYH:6282.5, TERF1:6282.5, H4C8:6282.5, TERF2IP:6282.5, H2BC4:6282.5, H2BC21:6282.5, H4C11:6282.5, H2BC9:6282.5, H2AC14:6282.5, UNG:6282.5, SMUG1:6282.5, NEIL2:11381, MBD4:11594, H4C1:11869, TDG:12060, NTHL1:12439, ACD:13368, POT1:13500, TERF2:14700","Both",3
"REACTOME_RESOLUTION_OF_ABASIC_SITES_AP_SITES",-0.0678503024959718,0.153681162308557,0.523174867471389,37,"POLD2:160, LIG1:198, POLE:379, NEIL1:919, PARP1:1379, MPG:1467, FEN1:1640, RPA1:1675, RFC1:6282.5, RFC2:6282.5, POLD1:6282.5, POLD3:6282.5, POLE2:6282.5, RFC5:6282.5, POLE4:6282.5, RPA2:6282.5, RFC3:6282.5, POLE3:6282.5, RFC4:6282.5, POLD4:6282.5, OGG1:6282.5, MUTYH:6282.5, UNG:6282.5, APEX1:6282.5, SMUG1:6282.5, ADPRS:6282.5, PARP2:6282.5, LIG3:6282.5, NEIL2:11381, MBD4:11594, PNKP:11829, TDG:12060, NTHL1:12439, XRCC1:12681, RPA3:13748, POLB:14024, PARG:14548","Vertivore",2
"REACTOME_DNA_DAMAGE_REVERSAL",-0.0023264940015697,0.98182304905825,0.998038638143526,8,"ASCC3:6282.5, ASCC1:6282.5, FTO:6282.5, ALKBH3:6282.5, MGMT:6282.5, ALKBH2:6282.5, ASCC2:11383, ALKBH5:12730","Unclear",0
"REACTOME_PURINE_SALVAGE",-0.0971505496971057,0.225337022823874,0.59659713972312,13,"GMPR2:6282.5, DGUOK:6282.5, AMPD2:6282.5, AMPD1:6282.5, AMPD3:6282.5, GMPR:6282.5, ADK:6282.5, DCK:6282.5, HPRT1:6282.5, ADAL:6282.5, ADA:6282.5, PNP:6282.5, APRT:6282.5","Unclear",0
"REACTOME_PURINE_CATABOLISM",-0.115777916686702,0.133771927863936,0.490203901947727,14,"NUDT15:794, NUDT1:1424, XDH:6282.5, NT5C1A:6282.5, GDA:6282.5, NT5C:6282.5, ITPA:6282.5, NT5E:6282.5, ADPRM:6282.5, NUDT9:6282.5, NUDT16:6282.5, PNP:6282.5, NUDT18:6282.5, NUDT5:12462","Unclear",0
"REACTOME_IRS_ACTIVATION",-0.180096380141208,0.212252741895906,0.586051598221008,4,"IRS1:1149, GRB10:6282.5, INS:6282.5, INSR:6282.5","Unclear",0
"REACTOME_SIGNAL_ATTENUATION",-0.193257527226137,0.0766537459878945,0.388139067566166,7,"SHC1:997, IRS1:1149, MAPK3:6282.5, SOS1:6282.5, GRB10:6282.5, INS:6282.5, INSR:6282.5","Unclear",0
"REACTOME_INSULIN_RECEPTOR_SIGNALLING_CASCADE",-0.0416845544119033,0.344886168855113,0.700258741492982,43,"FGF8:76, FGF5:996, SHC1:997, IRS1:1149, FGFR2:1505, PTPN11:6282.5, MAPK3:6282.5, AKT2:6282.5, PIK3R2:6282.5, SOS1:6282.5, PIK3CA:6282.5, PDPK1:6282.5, PIK3R1:6282.5, GAB2:6282.5, FGFR3:6282.5, FGF10:6282.5, FGF22:6282.5, FGF4:6282.5, PIK3C3:6282.5, TRIB3:6282.5, FGF6:6282.5, FGF1:6282.5, KL:6282.5, KLB:6282.5, FGF2:6282.5, PDE3B:6282.5, FGF17:6282.5, FGFR4:6282.5, FGF19:6282.5, FRS2:6282.5, GRB10:6282.5, INS:6282.5, INSR:6282.5, FGF7:10886, PIK3R4:11306, FGF20:11475, GAB1:11916, THEM4:11934, FLT3:12596, PIK3CB:12691, FGF23:13788, FGFR1:14005, TLR9:14413","Both",3
"REACTOME_SIGNALING_BY_INSULIN_RECEPTOR",-0.0120104099338949,0.736318757422626,0.904799102939707,66,"FGF8:76, PTPRF:636, FGF5:996, SHC1:997, IRS1:1149, FGFR2:1505, PTPN11:6282.5, MAPK3:6282.5, AKT2:6282.5, PIK3R2:6282.5, SOS1:6282.5, PIK3CA:6282.5, PDPK1:6282.5, PIK3R1:6282.5, PTPN1:6282.5, GAB2:6282.5, FGFR3:6282.5, FGF10:6282.5, FGF22:6282.5, FGF4:6282.5, PIK3C3:6282.5, TRIB3:6282.5, FGF6:6282.5, FGF1:6282.5, KL:6282.5, KLB:6282.5, FGF2:6282.5, PDE3B:6282.5, FGF17:6282.5, FGFR4:6282.5, FGF19:6282.5, FRS2:6282.5, ATP6V1H:6282.5, TCIRG1:6282.5, ATP6V0B:6282.5, ATP6V1F:6282.5, ATP6V1E1:6282.5, ATP6V1C2:6282.5, ATP6V1B2:6282.5, ATP6V1C1:6282.5, ATP6V0D1:6282.5, ATP6V1E2:6282.5, GRB10:6282.5, INS:6282.5, INSR:6282.5, ATP6AP1:6282.5, IDE:6282.5, CTSD:10817, FGF7:10886, ATP6V1G3:10981, PIK3R4:11306, FGF20:11475, ATP6V1B1:11742, GAB1:11916, THEM4:11934, ATP6V0C:12036, ATP6V0A2:12160, FLT3:12596, ATP6V0A1:12662, PIK3CB:12691, ATP6V0D2:12745, ATP6V1A:13396, FGF23:13788, FGFR1:14005, TLR9:14413, ATP6V0A4:14452","Both",3
"REACTOME_PROCESSING_OF_CAPPED_INTRONLESS_PRE_MRNA",-0.0942972608890885,0.1549502935273,0.523174867471389,19,"SNRPD3:62, NUDT21:100, SNRPG:185, NCBP1:6282.5, SLBP:6282.5, CPSF1:6282.5, CPSF3:6282.5, WDR33:6282.5, CPSF2:6282.5, CSTF2:6282.5, CLP1:6282.5, PCF11:6282.5, PAPOLA:6282.5, CPSF7:6282.5, CSTF2T:6282.5, LSM10:6282.5, FIP1L1:10812, SYMPK:12515, LSM11:14281","Herbivore",1
"REACTOME_MRNA_EDITING",-0.0885550947203229,0.452580281067676,0.772278509992157,6,"A1CF:1692, APOBEC3H:6282.5, APOBEC1:6282.5, APOBEC2:6282.5, ADARB1:6282.5, APOBEC4:11622","Unclear",0
"REACTOME_TRIGLYCERIDE_BIOSYNTHESIS",-0.0122883622995806,0.878113431764632,0.960894915092087,13,"LPIN1:305, MOGAT3:823, DGAT2:1104, DGAT1:1685, GPAM:6282.5, LPIN3:6282.5, GK2:6282.5, GK:6282.5, GPAT2:12895, MOGAT2:13373, LPIN2:13409, AGMO:13745, MOGAT1:14987","Both",3
"REACTOME_APOPTOTIC_EXECUTION_PHASE",-0.0173442955287758,0.67805462858525,0.88472157817155,48,"PLEC:4, DSG2:565, DBNL:627, SPTAN1:1669, VIM:6282.5, ROCK1:6282.5, PKP1:6282.5, ADD1:6282.5, DNM1L:6282.5, DSP:6282.5, BMX:6282.5, STK24:6282.5, TJP1:6282.5, BIRC2:6282.5, LMNB1:6282.5, TJP2:6282.5, H1-3:6282.5, STK26:6282.5, DSG1:6282.5, APC:6282.5, GSN:6282.5, DFFA:6282.5, LMNA:6282.5, HMGB2:6282.5, CASP7:6282.5, H1-4:6282.5, PTK2:6282.5, DFFB:6282.5, PAK2:6282.5, SATB1:6282.5, H1-5:6282.5, BCAP31:6282.5, MAPT:6282.5, H1-2:6282.5, H1-0:6282.5, OCLN:6282.5, CASP8:11211, CASP6:11470, ACIN1:12019, CDH1:12245, GAS2:12423, DSG3:12434, CLSPN:12481, FNTA:13346, PRKCQ:13818, PRKCD:14207, CASP3:14463, H1-1:14598","Both",3
"REACTOME_TNF_SIGNALING",-0.072450338313068,0.0659747797742254,0.371943292552088,54,"UBE2D1:11, RACK1:31, RPS27A:59, BIRC3:75, UBA52:103, IKBKG:445, ADAM17:468, SMPD3:826, XIAP:1419, CLIP3:1504, MADD:1609, OTUD7B:1662, USP2:1712, TAB1:1736, TRADD:6282.5, BIRC2:6282.5, TRAF2:6282.5, FADD:6282.5, UBB:6282.5, SHARPIN:6282.5, CHUK:6282.5, BAG4:6282.5, STUB1:6282.5, UBE2D2:6282.5, TAB3:6282.5, MAPKAPK2:6282.5, RBCK1:6282.5, MIB2:6282.5, OPTN:6282.5, SMPD2:6282.5, IKBKE:6282.5, CYLD:6282.5, TAX1BP1:6282.5, TNFAIP3:6282.5, ULK1:6282.5, RNF31:6282.5, USP21:6282.5, SPATA2:6282.5, TRAF1:6282.5, NSMAF:6282.5, CASP8:11211, OTULIN:11270, MAP3K7:11639, UBE2L3:12052, OTUD1:12117, CFLAR:12261, TAB2:12875, USP4:13304, SPPL2B:13782, RIPK1:13907, SPPL2A:14026, IKBKB:14262, TBK1:14571, TNF:14980","Herbivore",1
"REACTOME_PLATELET_ACTIVATION_SIGNALING_AND_AGGREGATION",-0.000271331907979899,0.989236806978379,0.998892433856352,211,"CDC42:60, RHOA:150, PIK3R5:237, DAGLA:503, TRPC6:597, TIMP1:683, TUBA4A:786, GNAT3:831, ITGB3:935, SHC1:997, ENDOD1:1184, DGKI:1185, ITPR1:1309, GNA12:1314, VEGFD:1378, GNA13:1420, LEFTY2:1490, PIK3R6:1518, ECM1:1524, ISLR:1569, ADRA2C:1617, TOR4A:1741, PTPN11:6282.5, MAPK3:6282.5, AKT1:6282.5, PTK2:6282.5, ITGA2B:6282.5, TBXA2R:6282.5, IGF1:6282.5, HGF:6282.5, PRKCH:6282.5, VCL:6282.5, RAB27B:6282.5, LCP2:6282.5, BCAR1:6282.5, ITIH4:6282.5, DGKG:6282.5, GNA15:6282.5, RASGRP2:6282.5, TRPC7:6282.5, GNB5:6282.5, WDR1:6282.5, SPP2:6282.5, ACTN1:6282.5, STXBP2:6282.5, APBB1IP:6282.5, ACTN2:6282.5, RAPGEF3:6282.5, APLP2:6282.5, THPO:6282.5, RAPGEF4:6282.5, APOH:6282.5, TGFB2:6282.5, TIMP3:6282.5, PDGFB:6282.5, VTI1B:6282.5, ABHD12:6282.5, SYTL4:6282.5, DGKH:6282.5, CSK:6282.5, PIK3R2:6282.5, PIK3CG:6282.5, SERPINE1:6282.5, RARRES2:6282.5, CDC37L1:6282.5, LGALS3BP:6282.5, VWF:6282.5, GNB3:6282.5, PTPN6:6282.5, PHACTR2:6282.5, SPARC:6282.5, SOS1:6282.5, QSOX1:6282.5, STXBP3:6282.5, MPL:6282.5, TGFB3:6282.5, A1BG:6282.5, PIK3CA:6282.5, SRGN:6282.5, ITPR2:6282.5, F13A1:6282.5, PRKCG:6282.5, F2RL3:6282.5, AAMP:6282.5, ACTN4:6282.5, TLN1:6282.5, ARRB1:6282.5, THBS1:6282.5, MMRN1:6282.5, TRPC3:6282.5, PDPK1:6282.5, ARRB2:6282.5, SOD1:6282.5, APP:6282.5, SCCPDH:6282.5, MANF:6282.5, AHSG:6282.5, DGKQ:6282.5, PIK3R1:6282.5, LHFPL2:6282.5, DGKZ:6282.5, FERMT3:6282.5, ALDOA:6282.5, ADRA2A:6282.5, VEGFC:6282.5, PRKCA:6282.5, APOOL:6282.5, GNA14:6282.5, FCER1G:6282.5, CYB5R1:6282.5, VAV2:6282.5, ABHD6:6282.5, PF4:6282.5, CLEC3B:6282.5, TEX264:6282.5, DAGLB:6282.5, CLEC1B:6282.5, TMX3:6282.5, IGF2:6282.5, SERPINF2:6282.5, PCDH7:6282.5, P2RY1:6282.5, PRKCE:6282.5, GTPBP2:6282.5, CTSW:6282.5, RASGRP1:6282.5, CFL1:6282.5, SELP:6282.5, CHID1:6282.5, GP5:6282.5, F2:6282.5, F2R:6282.5, LCK:6282.5, GAS6:6282.5, PROS1:6282.5, F8:6282.5, PPIA:6282.5, PTPN1:6282.5, NHLRC2:6282.5, FLNA:6282.5, SRC:6282.5, PDGFA:6282.5, PSAP:6282.5, CFD:6282.5, PLCG2:6282.5, F5:6282.5, GP1BB:6282.5, LAT:6282.5, FGB:10930, STX4:10950, MPIG6B:10961, VAV1:11176, ORM2:11262, FN1:11285, CAP1:11289, VEGFB:11347, PCYOX1L:11402, PLEK:11579, GP6:11593, LAMP2:11729, ORM1:11865, ITPR3:11892, MGLL:11983, LY6G6F:11997, DGKB:12084, TAGLN2:12127, ANXA5:12216, COL1A2:12472, PIK3R3:12489, OLA1:12513, ADRA2B:12519, FAM3C:12542, SCG3:12579, PIK3CB:12691, A2M:12693, EGF:12763, DGKK:12791, DGKE:12898, CD109:12902, VEGFA:13111, PLA2G4A:13125, LYN:13217, APOA1:13281, TGFB1:13316, F2RL2:13349, CALU:13389, CD36:13440, PECAM1:13469, DGKA:13505, VAV3:13539, SYK:13613, CD9:13650, PRKCB:13667, DGKD:13705, BRPF3:13725, ITIH3:13737, PRKCQ:13818, RAF1:13877, KNG1:13886, SERPINA4:14015, HSPA5:14042, GP9:14068, PLG:14118, PRKCD:14207, P2RY12:14253, CD63:14306, HABP4:14677, CLU:14890, COL1A1:14936, FGG:15049, ALB:15057","Herbivore",1
"REACTOME_PLATELET_AGGREGATION_PLUG_FORMATION",-0.0169061880327903,0.737030980210214,0.904799102939707,33,"ITGB3:935, SHC1:997, ADRA2C:1617, AKT1:6282.5, PTK2:6282.5, ITGA2B:6282.5, BCAR1:6282.5, RASGRP2:6282.5, APBB1IP:6282.5, RAPGEF3:6282.5, THPO:6282.5, RAPGEF4:6282.5, CSK:6282.5, VWF:6282.5, SOS1:6282.5, MPL:6282.5, TLN1:6282.5, PDPK1:6282.5, ADRA2A:6282.5, RASGRP1:6282.5, GP5:6282.5, F2:6282.5, PTPN1:6282.5, SRC:6282.5, GP1BB:6282.5, FGB:10930, FN1:11285, COL1A2:12472, ADRA2B:12519, SYK:13613, GP9:14068, COL1A1:14936, FGG:15049","Both",3
"REACTOME_RNA_POLYMERASE_III_TRANSCRIPTION_INITIATION_FROM_TYPE_1_PROMOTER",-0.0148150318371811,0.805841115799464,0.934594147963033,23,"BRF1:1355, GTF3C6:1657, TBP:6282.5, POLR3B:6282.5, POLR3E:6282.5, POLR3G:6282.5, POLR3GL:6282.5, POLR3F:6282.5, POLR3D:6282.5, POLR1C:6282.5, POLR3C:6282.5, CRCP:6282.5, GTF3C1:6282.5, GTF3A:6282.5, GTF3C4:6282.5, GTF3C5:6282.5, POLR3H:10829, POLR2F:11153, POLR3A:11401, POLR1D:11625, GTF3C2:11686, GTF3C3:11897, BDP1:13722","Unclear",0
"REACTOME_SLBP_DEPENDENT_PROCESSING_OF_REPLICATION_DEPENDENT_HISTONE_PRE_MRNAS",-0.139278107835444,0.237463496589443,0.610765598217926,6,"SNRPD3:62, SNRPG:185, NCBP1:6282.5, SLBP:6282.5, LSM10:6282.5, LSM11:14281","Herbivore",1
"REACTOME_PROCESSING_OF_INTRONLESS_PRE_MRNAS",-0.0750989726082287,0.330764130541364,0.694258122661326,14,"NUDT21:100, NCBP1:6282.5, CPSF1:6282.5, CPSF3:6282.5, WDR33:6282.5, CPSF2:6282.5, CSTF2:6282.5, CLP1:6282.5, PCF11:6282.5, PAPOLA:6282.5, CPSF7:6282.5, CSTF2T:6282.5, FIP1L1:10812, SYMPK:12515","Both",3
"REACTOME_TRANSPORT_OF_FATTY_ACIDS",-0.0136290839205637,0.900637045572946,0.971595954716785,7,"LCN15:1612, SLC27A1:6282.5, LCN9:6282.5, SLC27A4:6282.5, LCN12:6282.5, SLC27A6:11090, APOD:14805","Vertivore",2
"REACTOME_ADVANCED_GLYCOSYLATION_ENDPRODUCT_RECEPTOR_SIGNALING",-0.0520097544567777,0.61051916281306,0.854849423976206,8,"MAPK3:6282.5, APP:6282.5, S100B:6282.5, S100A12:6282.5, AGER:6282.5, PRKCSH:6282.5, DDOST:6282.5, CAPZA1:11806","Unclear",0
"REACTOME_GASTRIN_CREB_SIGNALLING_PATHWAY_VIA_PKC_AND_MAPK",-0.0371650556711122,0.669592805046273,0.882511569808795,11,"MAPK7:1720, MAPK3:6282.5, SOS1:6282.5, PRKCA:6282.5, RPS6KA2:6282.5, EGFR:6282.5, MMP3:6282.5, CCKBR:6282.5, GAST:6282.5, RPS6KA1:12739, HBEGF:14150","Unclear",0
"REACTOME_ERBB2_ACTIVATES_PTK6_SIGNALING",-0.0523722407276367,0.51335922966065,0.79929766068925,13,"PTK6:444, NRG1:6282.5, ERBB4:6282.5, ERBB3:6282.5, EREG:6282.5, ERBB2:6282.5, EGFR:6282.5, NRG2:6282.5, NRG4:6282.5, BTC:6282.5, NRG3:6282.5, EGF:12763, HBEGF:14150","Unclear",0
"REACTOME_SIGNALING_BY_PTK6",-0.0827731894665211,0.0524278332777711,0.341254091696106,46,"RPS27A:59, UBA52:103, RHOA:150, PTK6:444, CBL:878, DOCK1:892, PELP1:995, STAP2:1638, SOCS3:6282.5, AKT1:6282.5, UBB:6282.5, BCAR1:6282.5, CDK2:6282.5, PTPN1:6282.5, NRG1:6282.5, ERBB4:6282.5, ERBB3:6282.5, EREG:6282.5, ERBB2:6282.5, EGFR:6282.5, NRG2:6282.5, NRG4:6282.5, BTC:6282.5, NRG3:6282.5, EPAS1:6282.5, DOK1:6282.5, CCND1:6282.5, CDKN1B:6282.5, PXN:6282.5, CCNE1:6282.5, ELMO1:6282.5, ELMO2:6282.5, NR3C1:6282.5, KHDRBS1:6282.5, SRMS:6282.5, KHDRBS3:6282.5, GPNMB:6282.5, ARAP1:6282.5, CDK4:10976, SFPQ:12427, LRRK2:12526, EGF:12763, HIF1A:13088, KHDRBS2:14052, RASA1:14114, HBEGF:14150","Herbivore",1
"REACTOME_PTK6_REGULATES_RTKS_AND_THEIR_EFFECTORS_AKT1_AND_DOK1",-0.286957618567104,0.00495135719631261,0.100306708145524,8,"RPS27A:59, UBA52:103, PTK6:444, CBL:878, AKT1:6282.5, UBB:6282.5, DOK1:6282.5, ARAP1:6282.5","Herbivore",1
"REACTOME_PTK6_REGULATES_CELL_CYCLE",-0.108657474872025,0.35672278704025,0.711189737073932,6,"PTK6:444, CDK2:6282.5, CCND1:6282.5, CDKN1B:6282.5, CCNE1:6282.5, CDK4:10976","Unclear",0
"REACTOME_PTK6_REGULATES_RHO_GTPASES_RAS_GTPASE_AND_MAP_KINASES",-0.170731023657361,0.0945298042450596,0.418764710206001,8,"RHOA:150, PTK6:444, DOCK1:892, BCAR1:6282.5, PXN:6282.5, ELMO1:6282.5, ELMO2:6282.5, RASA1:14114","Herbivore",1
"REACTOME_PTK6_EXPRESSION",-0.149899125756557,0.245754398269288,0.613478153584784,5,"PTK6:444, PELP1:995, EPAS1:6282.5, NR3C1:6282.5, HIF1A:13088","Unclear",0
"REACTOME_SYNAPTIC_ADHESION_LIKE_MOLECULES",-0.138419257215574,0.0281902484950531,0.273328350832678,21,"PTPRF:636, GRIN2A:659, GRIA4:854, GRIN2B:988, LRFN1:1744, DLG3:6282.5, GRIN2D:6282.5, DLG4:6282.5, GRIA1:6282.5, GRIN2C:6282.5, GRIN1:6282.5, PTPRS:6282.5, LRFN3:6282.5, FLOT2:6282.5, RTN3:6282.5, FLOT1:6282.5, PTPRD:6282.5, LRFN2:6282.5, LRFN4:6282.5, GRIA3:10985, DLG1:14328","Unclear",0
"REACTOME_BUTYROPHILIN_BTN_FAMILY_INTERACTIONS",-0.114749196381849,0.233323754895248,0.607045786545646,9,"BTN2A2:536, PPL:904, BTN3A3:6282.5, BTN2A1:6282.5, BTN1A1:6282.5, XDH:6282.5, BTNL9:6282.5, BTN3A2:6282.5, BTNL2:14544","Unclear",0
"REACTOME_SIGNALING_BY_FGFR2_IIIA_TM",-0.146471016930149,0.151460005305633,0.520645604764851,8,"POLR2J:39, FGFR2:1505, GTF2F1:6282.5, NCBP1:6282.5, GTF2F2:6282.5, FGF1:6282.5, FGF2:6282.5, POLR2F:11153","Unclear",0
"REACTOME_MET_ACTIVATES_RAS_SIGNALING",-0.0279628443305573,0.797820457750453,0.930639787413726,7,"SHC1:997, HGF:6282.5, SOS1:6282.5, RANBP9:6282.5, RANBP10:6282.5, MET:12112, MUC20:12957","Unclear",0
"REACTOME_PROTEIN_UBIQUITINATION",-0.0181416112288574,0.660895497044313,0.87617248615507,49,"UBE2H:9, UBE2D1:11, UBE2G1:18, RPS27A:59, UBA52:103, RRAGA:145, H2BC15:350, PEX14:1429, UBB:6282.5, RAD18:6282.5, H2BC4:6282.5, H2BC9:6282.5, CTR9:6282.5, BCL10:6282.5, UBE2D2:6282.5, UBE2S:6282.5, UBE2Q2:6282.5, UBE2J2:6282.5, PRKDC:6282.5, DERL1:6282.5, USP5:6282.5, UCHL3:6282.5, UBE2T:6282.5, RNF40:6282.5, PEX12:6282.5, SELENOS:6282.5, PEX5:6282.5, RNF144A:6282.5, RNF20:6282.5, PEX10:6282.5, PEX2:6282.5, RNF181:6282.5, RNF152:6282.5, SHPRH:10822, LEO1:10900, OTULIN:11270, UBE2N:11716, PEX13:11873, TMEM129:12041, UBE2L3:12052, UBE2A:12135, PAF1:12969, RTF1:13482, WAC:13712, UBA6:13779, USP7:13887, HLTF:14623, UBE2K:15061, UBE2B:15086","Herbivore",1
"REACTOME_THE_ROLE_OF_GTSE1_IN_G2_M_PROGRESSION_AFTER_G2_CHECKPOINT",-0.0216157214353991,0.583315028092985,0.844714916728091,54,"RPS27A:59, UBA52:103, GTSE1:382, TUBB4A:543, TUBA4A:786, PSMB9:1148, PSMB11:1646, PSMD5:6282.5, PSMB5:6282.5, PSMD3:6282.5, PSMD9:6282.5, PSMF1:6282.5, PSMB2:6282.5, PSMA1:6282.5, PSME3:6282.5, TP53:6282.5, PSMB6:6282.5, PSMA8:6282.5, PSMD4:6282.5, PSMB4:6282.5, PSMD6:6282.5, UBB:6282.5, PSMD13:6282.5, PSMD12:6282.5, PSMB8:6282.5, PSMB10:6282.5, TUBB1:6282.5, TUBA1B:6282.5, TUBB2A:6282.5, TUBB2B:6282.5, TUBAL3:6282.5, TUBA8:6282.5, TUBB4B:6282.5, HSP90AA1:6282.5, HSP90AB1:6282.5, CDKN1A:6282.5, CCNB2:6282.5, MAPRE1:6282.5, FKBPL:6282.5, PSMD10:11350, PSMD1:11428, PSMB1:11506, PSMB7:11603, PSME4:11744, SEM1:11957, PLK1:11972, PSMD8:12029, TUBA1A:12546, PSMD2:14237, PSME2:14297, PSME1:14419, CCNB1:14449, TUBB8B:15090, TUBB8:15095","Herbivore",1
"REACTOME_RET_SIGNALING",-0.0454595202626699,0.339147602100525,0.698411037474187,37,"SHC1:997, PLCG1:1240, SHC3:1588, GFRA1:1597, MAPK7:1720, PTPN11:6282.5, PIK3R2:6282.5, SOS1:6282.5, PIK3CA:6282.5, GRB7:6282.5, PIK3R1:6282.5, DOK2:6282.5, PRKCA:6282.5, SRC:6282.5, GAB2:6282.5, FRS2:6282.5, DOK5:6282.5, GRB10:6282.5, DOK1:6282.5, ARTN:6282.5, DOK4:6282.5, PSPN:6282.5, GFRA2:6282.5, GDNF:6282.5, NRTN:6282.5, PIK3CD:6282.5, PDLIM7:6282.5, DOK6:6282.5, PRKACA:10858, RAP1GAP:11035, GFRA3:11360, GAB1:11916, PRKACB:12035, PIK3R3:12489, PIK3CB:12691, RET:12754, GFRA4:14366","Unclear",0
"REACTOME_TBC_RABGAPS",-0.121901789429879,0.0284670844493472,0.273328350832678,27,"RABEP1:65, TSC1:428, TBC1D20:469, TBC1D16:769, TBC1D14:925, TSC2:1719, OPTN:6282.5, RAB5C:6282.5, TBC1D10C:6282.5, TBC1D2:6282.5, GGA1:6282.5, GGA2:6282.5, TBC1D17:6282.5, TBC1D13:6282.5, TBC1D15:6282.5, GGA3:6282.5, RAB33A:6282.5, SYTL1:6282.5, TBC1D7:6282.5, RABGEF1:6282.5, TBC1D24:6282.5, RAB33B:6282.5, ULK1:6282.5, RAB7B:11492, TBC1D25:11674, TBC1D10A:11918, RABGAP1:12641","Both",3
"REACTOME_AURKA_ACTIVATION_BY_TPX2",-0.0294718067732508,0.419418188839273,0.754088782383672,63,"CEP164:134, CEP131:325, HAUS3:388, TUBB4A:543, OFD1:598, SDCCAG8:622, CDK5RAP2:704, TUBA4A:786, PCM1:850, CEP250:884, CEP43:1267, PRKAR2B:6282.5, TUBB4B:6282.5, CNTRL:6282.5, HSP90AA1:6282.5, DYNC1I2:6282.5, DCTN2:6282.5, DYNC1H1:6282.5, DCTN1:6282.5, HMMR:6282.5, AURKA:6282.5, HAUS4:6282.5, NINL:6282.5, MAPRE1:6282.5, CCP110:6282.5, CEP152:6282.5, CEP41:6282.5, CEP72:6282.5, CEP70:6282.5, NEK2:6282.5, ODF2:6282.5, HAUS2:6282.5, CSNK1D:6282.5, PLK4:6282.5, CEP78:6282.5, CENPJ:6282.5, HAUS1:6282.5, PCNT:6282.5, CEP57:6282.5, CKAP5:6282.5, SSNA1:6282.5, CEP63:6282.5, HAUS7:6282.5, HAUS5:6282.5, PRKACA:10858, NDE1:11522, CEP76:11560, AKAP9:11645, DCTN3:11931, CETN2:11941, PLK1:11972, CEP290:12146, HAUS6:12253, TUBA1A:12546, CEP135:12589, HAUS8:12746, NEDD1:12855, SFI1:13279, CLASP1:14098, TUBB:14742, TPX2:15027, CEP192:15033, DYNLL1:15080","Both",3
"REACTOME_INTERLEUKIN_20_FAMILY_SIGNALING",-0.0492113725690368,0.424545845002397,0.758628502021132,22,"STAT4:1753, JAK2:6282.5, TYK2:6282.5, STAT1:6282.5, JAK1:6282.5, PTPN11:6282.5, SOCS3:6282.5, STAT5A:6282.5, STAT5B:6282.5, JAK3:6282.5, IL20RA:6282.5, IL26:6282.5, IL19:6282.5, IL22RA1:6282.5, IL20:6282.5, IL24:6282.5, IL22RA2:6282.5, IFNLR1:6282.5, IL10RB:6282.5, IL20RB:11064, IL22:13441, STAT2:14604","Unclear",0
"REACTOME_CARGO_RECOGNITION_FOR_CLATHRIN_MEDIATED_ENDOCYTOSIS",-0.0292708649431148,0.335913225056064,0.695762816951685,91,"RPS27A:59, COPS2:87, UBA52:103, SYT8:326, KIAA0319:455, EPN1:578, AAK1:752, ITSN1:829, REPS2:866, CBL:878, GPS1:992, SCARB2:1085, CHRM2:1264, DVL2:1509, UBB:6282.5, ARRB1:6282.5, ARRB2:6282.5, GRK2:6282.5, SYT1:6282.5, SLC18A3:6282.5, AP2M1:6282.5, AP2A2:6282.5, SYT2:6282.5, SYT9:6282.5, EREG:6282.5, EGFR:6282.5, BTC:6282.5, VAMP3:6282.5, SH3GL2:6282.5, CLTA:6282.5, SH3KBP1:6282.5, CLTB:6282.5, CD4:6282.5, VAMP7:6282.5, CD3G:6282.5, CD3D:6282.5, AREG:6282.5, TGFA:6282.5, SH3GL3:6282.5, LDLR:6282.5, LDLRAP1:6282.5, EPS15:6282.5, STAM2:6282.5, HGS:6282.5, SLC2A8:6282.5, CFTR:6282.5, FZD4:6282.5, M6PR:6282.5, SNAP91:6282.5, EPN2:6282.5, PICALM:6282.5, NECAP1:6282.5, GRK3:6282.5, TACR1:6282.5, VAMP4:6282.5, AVPR2:6282.5, SYT11:6282.5, TOR1B:6282.5, STON2:6282.5, COPS7B:6282.5, ADRB2:6282.5, AGFG1:6282.5, UBQLN2:6282.5, ITSN2:6282.5, COPS8:6282.5, STON1:6282.5, IL7R:10871, SH3GL1:10923, COPS4:10987, AVP:11466, APOB:11535, REPS1:11641, FCHO2:12208, TOR1A:12240, AP2A1:12312, EGF:12763, WNT5A:12876, TFRC:13145, IGF2R:13260, AGTR1:13483, SGIP1:13569, VAMP8:13700, STAM:14087, HBEGF:14150, FCHO1:14156, EPGN:14199, DAB2:14296, UBQLN1:14346, NECAP2:14388, EPS15L1:14398, CLTCL1:14961","Herbivore",1
"REACTOME_CLATHRIN_MEDIATED_ENDOCYTOSIS",-0.0433354042979712,0.101009436266347,0.433330775715455,121,"RPS27A:59, COPS2:87, UBA52:103, SYT8:326, SYNJ2:369, ACTG1:418, KIAA0319:455, EPN1:578, ARFGAP1:725, AAK1:752, ITSN1:829, REPS2:866, CBL:878, GPS1:992, SCARB2:1085, DNM3:1172, CHRM2:1264, DVL2:1509, AMPH:1546, HIP1R:1639, UBB:6282.5, ACTB:6282.5, ARRB1:6282.5, ARRB2:6282.5, GRK2:6282.5, SYT1:6282.5, SLC18A3:6282.5, AP2M1:6282.5, AP2A2:6282.5, SYT2:6282.5, SYT9:6282.5, EREG:6282.5, EGFR:6282.5, BTC:6282.5, VAMP3:6282.5, DNM2:6282.5, DNM1:6282.5, SH3GL2:6282.5, CLTA:6282.5, SH3KBP1:6282.5, CLTB:6282.5, PIP5K1C:6282.5, ARPC4:6282.5, CD4:6282.5, VAMP7:6282.5, CD3G:6282.5, CD3D:6282.5, OCRL:6282.5, SYNJ1:6282.5, PIK3C2A:6282.5, AREG:6282.5, TGFA:6282.5, SH3GL3:6282.5, RAB5C:6282.5, LDLR:6282.5, LDLRAP1:6282.5, EPS15:6282.5, STAM2:6282.5, HGS:6282.5, SLC2A8:6282.5, CFTR:6282.5, CTTN:6282.5, FZD4:6282.5, M6PR:6282.5, SNAP91:6282.5, EPN2:6282.5, PICALM:6282.5, NECAP1:6282.5, GRK3:6282.5, TACR1:6282.5, VAMP4:6282.5, TRIP10:6282.5, AVPR2:6282.5, HIP1:6282.5, SYT11:6282.5, BIN1:6282.5, TOR1B:6282.5, FNBP1L:6282.5, STON2:6282.5, COPS7B:6282.5, GAPVD1:6282.5, PACSIN3:6282.5, ADRB2:6282.5, AGFG1:6282.5, GAK:6282.5, SNX18:6282.5, UBQLN2:6282.5, ITSN2:6282.5, COPS8:6282.5, STON1:6282.5, DNAJC6:10792, SNX9:10850, IL7R:10871, SH3GL1:10923, COPS4:10987, AVP:11466, APOB:11535, REPS1:11641, FNBP1:12108, FCHO2:12208, PACSIN2:12217, TOR1A:12240, AP2A1:12312, EGF:12763, WNT5A:12876, TFRC:13145, IGF2R:13260, AGTR1:13483, SGIP1:13569, VAMP8:13700, PACSIN1:13942, STAM:14087, HBEGF:14150, FCHO1:14156, EPGN:14199, DAB2:14296, UBQLN1:14346, NECAP2:14388, EPS15L1:14398, WASL:14429, CLTCL1:14961","Herbivore",1
"REACTOME_DOWNREGULATION_OF_ERBB2_SIGNALING",-0.0750483037519659,0.194293990313297,0.561781985098166,25,"RPS27A:59, UBA52:103, AKT2:6282.5, AKT1:6282.5, UBB:6282.5, NRG1:6282.5, ERBB4:6282.5, MATK:6282.5, ERBB3:6282.5, PTPN18:6282.5, HSP90AA1:6282.5, STUB1:6282.5, CDC37:6282.5, ERBIN:6282.5, EREG:6282.5, PTPN12:6282.5, ERBB2:6282.5, EGFR:6282.5, NRG2:6282.5, NRG4:6282.5, BTC:6282.5, NRG3:6282.5, USP8:12271, EGF:12763, HBEGF:14150","Herbivore",1
"REACTOME_REELIN_SIGNALLING_PATHWAY",-0.0970525607979379,0.501449025983459,0.791549227628984,4,"SH3KBP1:6282.5, VLDLR:6282.5, DAB1:6282.5, RELN:6282.5","Unclear",0
"REACTOME_VLDLR_INTERNALISATION_AND_DEGRADATION",-0.0894653206206767,0.283359988562795,0.648347791089746,12,"RPS27A:59, UBA52:103, UBB:6282.5, AP2M1:6282.5, AP2A2:6282.5, CLTA:6282.5, VLDLR:6282.5, MYLIP:6282.5, NR1H3:6282.5, PCSK9:6282.5, AP2A1:12312, NR1H2:13645","Herbivore",1
"REACTOME_SYNTHESIS_OF_ACTIVE_UBIQUITIN_ROLES_OF_E1_AND_E2_ENZYMES",-0.0294531231536407,0.656873416303582,0.87469923899214,19,"UBE2H:9, UBE2D1:11, UBE2G1:18, RPS27A:59, UBA52:103, UBB:6282.5, UBE2D2:6282.5, UBE2S:6282.5, UBE2Q2:6282.5, USP5:6282.5, UCHL3:6282.5, UBE2T:6282.5, OTULIN:11270, UBE2L3:12052, UBE2A:12135, UBA6:13779, USP7:13887, UBE2K:15061, UBE2B:15086","Herbivore",1
"REACTOME_E3_UBIQUITIN_LIGASES_UBIQUITINATE_TARGET_PROTEINS",-0.024841465797467,0.596591347087619,0.850992245885267,38,"UBE2D1:11, RPS27A:59, UBA52:103, RRAGA:145, H2BC15:350, PEX14:1429, UBB:6282.5, RAD18:6282.5, H2BC4:6282.5, H2BC9:6282.5, CTR9:6282.5, BCL10:6282.5, UBE2D2:6282.5, UBE2J2:6282.5, PRKDC:6282.5, DERL1:6282.5, RNF40:6282.5, PEX12:6282.5, SELENOS:6282.5, PEX5:6282.5, RNF144A:6282.5, RNF20:6282.5, PEX10:6282.5, PEX2:6282.5, RNF181:6282.5, RNF152:6282.5, SHPRH:10822, LEO1:10900, UBE2N:11716, PEX13:11873, TMEM129:12041, UBE2L3:12052, UBE2A:12135, PAF1:12969, RTF1:13482, WAC:13712, HLTF:14623, UBE2B:15086","Herbivore",1
"REACTOME_NEGATIVE_REGULATION_OF_ACTIVITY_OF_TFAP2_AP_2_FAMILY_TRANSCRIPTION_FACTORS",-0.164125845383552,0.163889721349986,0.53365429665103,6,"UBE2I:15, WWOX:6282.5, TFAP2C:6282.5, TFAP2E:6282.5, KCTD1:6282.5, KCTD15:6282.5","Both",3
"REACTOME_TFAP2_AP_2_FAMILY_REGULATES_TRANSCRIPTION_OF_CELL_CYCLE_FACTORS",-0.0970525607979379,0.501449025983459,0.791549227628984,4,"CDKN1A:6282.5, MYC:6282.5, TFAP2C:6282.5, KDM5B:6282.5","Unclear",0
"REACTOME_RRNA_PROCESSING_IN_THE_MITOCHONDRION",-0.00353841170167701,0.970683022880844,0.993542078100278,9,"MRM2:282, ELAC2:6282.5, HSD17B10:6282.5, TRMT10C:6282.5, NSUN4:6282.5, MRM3:6282.5, PRORP:11664, TFB1M:11926, MRM1:13822","Unclear",0
"REACTOME_RAB_GERANYLGERANYLATION",-0.0346762112842011,0.459990703007437,0.773332632499681,38,"RAB14:46, RAB22A:1250, CHM:1728, RAB27B:6282.5, RAB13:6282.5, RAB3D:6282.5, RAB5C:6282.5, RAB37:6282.5, RAB21:6282.5, RAB36:6282.5, RAB32:6282.5, RAB9A:6282.5, RAB38:6282.5, RAB33A:6282.5, RAB33B:6282.5, RAB39A:6282.5, CHML:6282.5, RAB12:6282.5, RABGGTA:6282.5, RABGGTB:6282.5, RAB29:6282.5, RAB17:6282.5, RAB2B:6282.5, RAB25:6282.5, RAB20:6282.5, RAB19:6282.5, RAB3C:6282.5, RAB26:6282.5, RAB3B:6282.5, RAB42:6282.5, RAB43:10853, RAB7B:11492, RAB15:11863, RAB18:12044, RAB23:12637, RAB27A:13615, RAB34:14179, RAB31:14840","Both",3
"REACTOME_MET_ACTIVATES_PTK2_SIGNALING",-0.0718819077591697,0.173357808620674,0.539979334175454,30,"LAMA5:104, ITGA3:715, LAMA4:754, LAMB1:774, LAMB3:1056, LAMA2:1141, LAMC1:1230, LAMC2:1241, COL11A2:1532, COL27A1:1725, PTK2:6282.5, HGF:6282.5, ITGA2:6282.5, SRC:6282.5, COL5A1:6282.5, COL3A1:6282.5, COL5A2:6282.5, LAMA3:6282.5, LAMC3:6282.5, COL24A1:6282.5, LAMB2:6282.5, FN1:11285, MET:12112, ITGB1:12155, COL1A2:12472, COL5A3:13477, COL11A1:13537, LAMA1:13901, COL1A1:14936, COL2A1:15016","Both",3
"REACTOME_CREB3_FACTORS_ACTIVATE_GENES",-0.0770102912960056,0.423788384750159,0.758290994884125,9,"CREB3L4:398, MBTPS1:1047, MBTPS2:6282.5, CREB3L3:6282.5, CREB3:6282.5, DCSTAMP:6282.5, CREB3L2:6282.5, CREBRF:11889, CREB3L1:14162","Unclear",0
"REACTOME_INLB_MEDIATED_ENTRY_OF_LISTERIA_MONOCYTOGENES_INTO_HOST_CELL",-0.0921886056505756,0.249924748729464,0.615673787282348,13,"RPS27A:59, UBA52:103, CBL:878, UBB:6282.5, SH3GL2:6282.5, SH3KBP1:6282.5, SH3GL3:6282.5, EPS15:6282.5, STAM2:6282.5, HGS:6282.5, SH3GL1:10923, MET:12112, STAM:14087","Herbivore",1
"REACTOME_MET_PROMOTES_CELL_MOTILITY",-0.0519532860945525,0.281217257018239,0.645904094782019,36,"TNS3:44, LAMA5:104, ITGA3:715, LAMA4:754, LAMB1:774, LAMB3:1056, LAMA2:1141, LAMC1:1230, LAMC2:1241, COL11A2:1532, COL27A1:1725, PTK2:6282.5, HGF:6282.5, DOCK7:6282.5, ITGA2:6282.5, SRC:6282.5, COL5A1:6282.5, COL3A1:6282.5, COL5A2:6282.5, RAPGEF1:6282.5, LAMA3:6282.5, LAMC3:6282.5, COL24A1:6282.5, LAMB2:6282.5, FN1:11285, TNS4:11581, GAB1:11916, MET:12112, ITGB1:12155, COL1A2:12472, COL5A3:13477, COL11A1:13537, LAMA1:13901, CRKL:14514, COL1A1:14936, COL2A1:15016","Both",3
"REACTOME_RAB_GEFS_EXCHANGE_GTP_FOR_GDP_ON_RABS",-0.0432295705838659,0.215329089616071,0.589265804561533,69,"RAB14:46, RIC1:70, SBF1:456, TRAPPC9:486, RAB3GAP2:1389, ANKRD27:1538, TRAPPC10:1600, MADD:1609, CHM:1728, AKT2:6282.5, AKT1:6282.5, RAB27B:6282.5, RAB13:6282.5, SBF2:6282.5, GDI2:6282.5, RAB5C:6282.5, TRAPPC6A:6282.5, TRAPPC3:6282.5, TRAPPC2L:6282.5, ALS2:6282.5, RAB21:6282.5, HPS4:6282.5, RIN3:6282.5, MON1B:6282.5, DENND3:6282.5, RGP1:6282.5, HPS1:6282.5, RAB3GAP1:6282.5, RAB32:6282.5, DENND1A:6282.5, CCZ1:6282.5, RAB9A:6282.5, RAB38:6282.5, DENND4C:6282.5, CCZ1B:6282.5, DENND2A:6282.5, RABGEF1:6282.5, DENND2D:6282.5, GAPVD1:6282.5, DENND2B:6282.5, RAB3IL1:6282.5, TRAPPC11:6282.5, DENND5B:6282.5, TRAPPC12:6282.5, RIN1:6282.5, DENND2C:6282.5, ULK1:6282.5, ALS2CL:6282.5, RAB39A:6282.5, RINL:6282.5, CHML:6282.5, DENND6B:6282.5, RAB12:6282.5, DENND6A:11121, RIN2:11395, DENND1C:11485, RAB7B:11492, DENND4A:11687, RAB18:12044, MON1A:12399, TRAPPC8:12460, RAB3IP:12530, DENND1B:12993, TRAPPC13:13332, RAB27A:13615, DENND5A:13809, TRAPPC4:14041, GDI1:14088, RAB31:14840","Both",3
"REACTOME_LISTERIA_MONOCYTOGENES_ENTRY_INTO_HOST_CELLS",-0.0521687462863933,0.456654339206411,0.772278509992157,17,"RPS27A:59, UBA52:103, CBL:878, UBB:6282.5, SRC:6282.5, SH3GL2:6282.5, SH3KBP1:6282.5, SH3GL3:6282.5, EPS15:6282.5, STAM2:6282.5, HGS:6282.5, CBLL1:6282.5, SH3GL1:10923, CTNND1:11015, MET:12112, CDH1:12245, STAM:14087","Herbivore",1
"REACTOME_INLA_MEDIATED_ENTRY_OF_LISTERIA_MONOCYTOGENES_INTO_HOST_CELLS",-0.110794362588085,0.310109614819286,0.67609145770154,7,"RPS27A:59, UBA52:103, UBB:6282.5, SRC:6282.5, CBLL1:6282.5, CTNND1:11015, CDH1:12245","Herbivore",1
"REACTOME_TRANSCRIPTIONAL_REGULATION_BY_RUNX3",-0.000447131704268022,0.989485038762183,0.998892433856352,73,"RPS27A:59, UBA52:103, RORC:461, MAML2:776, PSMB9:1148, YAP1:1201, MAML3:1616, MAMLD1:1665, PSMD5:6282.5, PSMB5:6282.5, PSMD3:6282.5, PSMD9:6282.5, PSMF1:6282.5, PSMB2:6282.5, PSMA1:6282.5, PSME3:6282.5, TP53:6282.5, PSMB6:6282.5, CDKN2A:6282.5, PSMD4:6282.5, PSMB4:6282.5, PSMD6:6282.5, UBB:6282.5, PSMD13:6282.5, PSMD12:6282.5, PSMB8:6282.5, PSMB10:6282.5, ITGAL:6282.5, SRC:6282.5, MDM2:6282.5, FOXO3:6282.5, SMAD4:6282.5, CREBBP:6282.5, WWTR1:6282.5, TEAD2:6282.5, TCF7:6282.5, KAT2A:6282.5, CDKN1A:6282.5, MYC:6282.5, NOTCH1:6282.5, MAML1:6282.5, RBPJ:6282.5, CCND1:6282.5, SMURF2:6282.5, HDAC4:6282.5, JAG1:6282.5, TCF7L2:6282.5, RUNX3:6282.5, CCN2:6282.5, ZFHX3:6282.5, SNW1:10866, PSMD10:11350, EP300:11369, PSMD1:11428, PSMB1:11506, PSMB7:11603, TEAD3:11807, SEM1:11957, PSMD8:12029, TCF7L1:12419, LEF1:12491, TEAD4:12501, SPP1:12609, ITGA4:12724, TGFB1:13316, SMURF1:13611, BRD2:13680, KAT2B:13850, PSMD2:14237, PSME2:14297, PSME1:14419, RUNX1:14469, BCL2L11:14495","Herbivore",1
"REACTOME_TRANSCRIPTIONAL_REGULATION_BY_RUNX2",-0.0254283701364819,0.410965785804661,0.746437542132701,88,"RPS27A:59, SKP1:68, UBA52:103, GLI3:507, PSMB9:1148, YAP1:1201, ITGBL1:1537, PSMB11:1646, STAT1:6282.5, PSMD5:6282.5, PSMB5:6282.5, MAPK3:6282.5, AKT2:6282.5, PSMD3:6282.5, PSMD9:6282.5, PSMF1:6282.5, PSMB2:6282.5, PSMA1:6282.5, PSME3:6282.5, AKT1:6282.5, PSMB6:6282.5, PSMA8:6282.5, PSMD4:6282.5, PSMB4:6282.5, PSMD6:6282.5, UBB:6282.5, PSMD13:6282.5, PSMD12:6282.5, PSMB8:6282.5, PSMB10:6282.5, ABL1:6282.5, ITGA5:6282.5, SRC:6282.5, RB1:6282.5, SMAD4:6282.5, STUB1:6282.5, ESR1:6282.5, WWTR1:6282.5, GSK3B:6282.5, PPARGC1A:6282.5, CDKN1A:6282.5, SOX9:6282.5, IHH:6282.5, CCND1:6282.5, SKP2:6282.5, MMP13:6282.5, HDAC4:6282.5, HDAC6:6282.5, HEY2:6282.5, HEY1:6282.5, PPARGC1B:6282.5, ESRRA:6282.5, BGLAP:6282.5, SMAD6:6282.5, SMAD1:6282.5, RUNX2:6282.5, NR3C1:6282.5, SATB2:6282.5, GLI2:6282.5, DLX5:6282.5, NKX3-2:6282.5, MSX2:6282.5, HIVEP3:6282.5, UCMA:6282.5, SP7:6282.5, PPM1D:6282.5, RBM14:6282.5, CDK4:10976, ZNF521:11307, PSMD10:11350, PSMD1:11428, PSMB1:11506, PSMB7:11603, PSME4:11744, SEM1:11957, PSMD8:12029, BMP2:12066, BAX:12100, WWP1:12805, SMURF1:13611, FBXW7:14228, PSMD2:14237, PSME2:14297, YES1:14402, PSME1:14419, CCNB1:14449, RUNX1:14469, COL1A1:14936","Herbivore",1
"REACTOME_TRANSCRIPTIONAL_REGULATION_BY_RUNX1",-0.0245733993102414,0.298127642521944,0.665983316822028,152,"H4C15:49, RPS27A:59, H4C14:85, UBA52:103, H4C3:171, H4C2:238, H4C13:295, KMT2A:341, H2BC15:350, H3C13:387, KMT2E:423, KMT2C:490, H3C11:588, CBX2:748, H2AC20:1105, PSMB9:1148, YAP1:1201, H3C10:1224, PHC2:1286, H2AC4:1330, H3C8:1344, TNRC6C:1376, H3C4:1469, PSMB11:1646, PTPN11:6282.5, SOCS3:6282.5, TP73:6282.5, PSMD5:6282.5, PSMB5:6282.5, TJP1:6282.5, PSMD3:6282.5, PSMD9:6282.5, PSMF1:6282.5, PSMB2:6282.5, PSMA1:6282.5, PSME3:6282.5, PSMB6:6282.5, PSMA8:6282.5, PSMD4:6282.5, PSMB4:6282.5, PSMD6:6282.5, UBB:6282.5, PSMD13:6282.5, PSMD12:6282.5, OCLN:6282.5, PSMB8:6282.5, PSMB10:6282.5, ITGA2B:6282.5, ABL1:6282.5, MYB:6282.5, THBS1:6282.5, PF4:6282.5, SRC:6282.5, H3C1:6282.5, H4C8:6282.5, H2BC4:6282.5, H2BC21:6282.5, H4C11:6282.5, H2BC9:6282.5, H2AC14:6282.5, MNAT1:6282.5, NFATC2:6282.5, CREBBP:6282.5, ESR1:6282.5, SMARCA4:6282.5, TCF3:6282.5, CCND3:6282.5, PML:6282.5, KMT2D:6282.5, CSNK2B:6282.5, CCND1:6282.5, IL2RA:6282.5, CSF2:6282.5, BLK:6282.5, CTSK:6282.5, GPAM:6282.5, CLDN5:6282.5, TNRC6A:6282.5, MOV10:6282.5, CDK6:6282.5, AXIN1:6282.5, HIPK2:6282.5, RUNX2:6282.5, SIN3B:6282.5, SCMH1:6282.5, PHC1:6282.5, CBX8:6282.5, PHC3:6282.5, CBX6:6282.5, SETD1A:6282.5, SETD1B:6282.5, ARID1B:6282.5, SMARCA2:6282.5, SMARCD2:6282.5, ARID1A:6282.5, SMARCC2:6282.5, PBRM1:6282.5, ARID2:6282.5, PRMT6:6282.5, YAF2:6282.5, ELF2:6282.5, ELF1:6282.5, LMO2:6282.5, AUTS2:6282.5, SOCS4:6282.5, PCGF5:6282.5, CCND2:10953, SPI1:11014, KMT2B:11215, IL2:11247, RING1:11260, TCF12:11261, TAL1:11309, PSMD10:11350, EP300:11369, PSMD1:11428, PSMB1:11506, PSMB7:11603, TNRC6B:11613, PSME4:11744, NFE2:11781, H4C1:11869, FOXP3:11896, SMARCE1:11900, GATA3:11922, SEM1:11957, PSMD8:12029, HDAC1:12354, RSPO3:12435, NR4A3:12752, AGO1:12768, CCNH:12886, CDK7:12964, SIN3A:13376, TNFRSF18:13490, GATA2:13496, SMARCC1:13519, PRKCB:13667, CTLA4:13766, PRKCQ:13818, KAT2B:13850, ITCH:14022, H3C2:14121, LIFR:14202, PSMD2:14237, PSME2:14297, PSME1:14419, RUNX1:14469, IFNG:14476, GATA1:14534, ASH2L:14599, H3-3A:15088","Herbivore",1
"REACTOME_RECEPTOR_MEDIATED_MITOPHAGY",-0.0205320778686993,0.861745892918461,0.955552180154972,6,"SRC:6282.5, CSNK2B:6282.5, ATG5:6282.5, ULK1:6282.5, PGAM5:6282.5, ATG12:13199","Unclear",0
"REACTOME_RUNX1_REGULATES_GENES_INVOLVED_IN_MEGAKARYOCYTE_DIFFERENTIATION_AND_PLATELET_FUNCTION",-0.0753475273177875,0.0657167301690862,0.371943292552088,50,"H4C15:49, H4C14:85, H4C3:171, H4C2:238, H4C13:295, KMT2A:341, H2BC15:350, H3C13:387, KMT2E:423, KMT2C:490, H3C11:588, H2AC20:1105, H3C10:1224, H2AC4:1330, H3C8:1344, TNRC6C:1376, H3C4:1469, ITGA2B:6282.5, THBS1:6282.5, PF4:6282.5, H3C1:6282.5, H4C8:6282.5, H2BC4:6282.5, H2BC21:6282.5, H4C11:6282.5, H2BC9:6282.5, H2AC14:6282.5, KMT2D:6282.5, TNRC6A:6282.5, MOV10:6282.5, SIN3B:6282.5, SETD1A:6282.5, SETD1B:6282.5, PRMT6:6282.5, KMT2B:11215, EP300:11369, TNRC6B:11613, NFE2:11781, H4C1:11869, HDAC1:12354, NR4A3:12752, AGO1:12768, SIN3A:13376, PRKCQ:13818, KAT2B:13850, H3C2:14121, RUNX1:14469, GATA1:14534, ASH2L:14599, H3-3A:15088","Both",3
"REACTOME_ARYL_HYDROCARBON_RECEPTOR_SIGNALLING",-0.170836135395651,0.185886501201701,0.557745407107817,5,"ARNT2:529, ARNT:6282.5, HSP90AB1:6282.5, AIP:6282.5, AHR:6282.5","Unclear",0
"REACTOME_ESR_MEDIATED_SIGNALING",-0.055656804446157,0.0285001275410668,0.273328350832678,131,"POLR2J:39, H4C15:49, H4C14:85, KANK1:107, H4C3:171, H4C2:238, H4C13:295, H2BC15:350, H3C13:387, GREB1:530, H3C11:588, MMP7:625, GNAT3:831, SHC1:997, H2AC20:1105, H3C10:1224, MMP9:1252, H2AC4:1330, H3C8:1344, TNRC6C:1376, H3C4:1469, MAPK3:6282.5, AKT2:6282.5, AKT1:6282.5, PTK2:6282.5, BCL2:6282.5, GNB5:6282.5, PIK3R2:6282.5, CAV1:6282.5, GNB3:6282.5, MYB:6282.5, PIK3CA:6282.5, PDPK1:6282.5, PIK3R1:6282.5, NOS3:6282.5, SRC:6282.5, H3C1:6282.5, H4C8:6282.5, H2BC4:6282.5, H2BC21:6282.5, H4C11:6282.5, H2BC9:6282.5, H2AC14:6282.5, ERBB4:6282.5, GTF2F1:6282.5, CCNT1:6282.5, CDK9:6282.5, GTF2F2:6282.5, FOXO3:6282.5, STAG2:6282.5, STAG1:6282.5, HSP90AA1:6282.5, EREG:6282.5, EGFR:6282.5, BTC:6282.5, CREBBP:6282.5, ESR1:6282.5, CXCL12:6282.5, NCOA1:6282.5, MMP2:6282.5, HSP90AB1:6282.5, NR5A2:6282.5, NCOA3:6282.5, MED1:6282.5, MYC:6282.5, NCOA2:6282.5, JUN:6282.5, CCND1:6282.5, CDKN1B:6282.5, ATF2:6282.5, ELK1:6282.5, MMP3:6282.5, FOS:6282.5, GPAM:6282.5, TNRC6A:6282.5, TLE3:6282.5, MOV10:6282.5, TBP:6282.5, GTF2A1:6282.5, AREG:6282.5, TGFA:6282.5, SP1:6282.5, SPHK1:6282.5, SRF:6282.5, FOSB:6282.5, AXIN1:6282.5, ZDHHC21:6282.5, IGF1R:6282.5, NRIP1:6282.5, FKBP4:6282.5, FKBP5:6282.5, S1PR3:6282.5, USF2:6282.5, CAV2:6282.5, EBAG9:6282.5, ZDHHC7:6282.5, USF1:6282.5, TFF3:6282.5, PPID:6282.5, CXXC5:6282.5, ZNF217:6282.5, STRN:10795, CTSD:10817, ESR2:11017, POLR2F:11153, EP300:11369, TNRC6B:11613, POU2F1:11858, H4C1:11869, GATA3:11922, KDM1A:12051, PPP5C:12184, RAD21:12186, HDAC1:12354, PIK3R3:12489, PGR:12760, EGF:12763, AGO1:12768, FOXA1:13060, KPNA2:13181, HSPB1:13412, KAT2B:13850, H3C2:14121, HBEGF:14150, EPGN:14199, CHD1:14454, RUNX1:14469, KDM4B:14539, CARM1:14601, JUND:14634, H3-3A:15088","Both",3
"REACTOME_RUNX1_REGULATES_TRANSCRIPTION_OF_GENES_INVOLVED_IN_DIFFERENTIATION_OF_HSCS",-0.0558295762924272,0.0998580251598769,0.431426097017353,73,"H4C15:49, RPS27A:59, H4C14:85, UBA52:103, H4C3:171, H4C2:238, H4C13:295, KMT2A:341, H2BC15:350, H3C13:387, H3C11:588, H2AC20:1105, PSMB9:1148, YAP1:1201, H3C10:1224, H2AC4:1330, H3C8:1344, H3C4:1469, PSMB11:1646, TP73:6282.5, PSMD5:6282.5, PSMB5:6282.5, PSMD3:6282.5, PSMD9:6282.5, PSMF1:6282.5, PSMB2:6282.5, PSMA1:6282.5, PSME3:6282.5, PSMB6:6282.5, PSMA8:6282.5, PSMD4:6282.5, PSMB4:6282.5, PSMD6:6282.5, UBB:6282.5, PSMD13:6282.5, PSMD12:6282.5, PSMB8:6282.5, PSMB10:6282.5, ABL1:6282.5, MYB:6282.5, H3C1:6282.5, H4C8:6282.5, H2BC4:6282.5, H2BC21:6282.5, H4C11:6282.5, H2BC9:6282.5, H2AC14:6282.5, MNAT1:6282.5, TCF3:6282.5, LMO2:6282.5, SPI1:11014, TCF12:11261, TAL1:11309, PSMD10:11350, PSMD1:11428, PSMB1:11506, PSMB7:11603, PSME4:11744, H4C1:11869, GATA3:11922, SEM1:11957, PSMD8:12029, CCNH:12886, CDK7:12964, GATA2:13496, ITCH:14022, H3C2:14121, PSMD2:14237, PSME2:14297, PSME1:14419, RUNX1:14469, GATA1:14534, H3-3A:15088","Herbivore",1
"REACTOME_RUNX1_INTERACTS_WITH_CO_FACTORS_WHOSE_PRECISE_EFFECT_ON_RUNX1_TARGETS_IS_NOT_KNOWN",-0.0420939114805662,0.466597952380023,0.776084970609945,25,"CBX2:748, PHC2:1286, SMARCA4:6282.5, CSNK2B:6282.5, HIPK2:6282.5, SCMH1:6282.5, PHC1:6282.5, CBX8:6282.5, PHC3:6282.5, CBX6:6282.5, ARID1B:6282.5, SMARCA2:6282.5, SMARCD2:6282.5, ARID1A:6282.5, SMARCC2:6282.5, PBRM1:6282.5, ARID2:6282.5, YAF2:6282.5, AUTS2:6282.5, PCGF5:6282.5, RING1:11260, EP300:11369, SMARCE1:11900, SMARCC1:13519, RUNX1:14469","Unclear",0
"REACTOME_REGULATION_OF_RUNX2_EXPRESSION_AND_ACTIVITY",-0.0170475130115137,0.674118604645305,0.883292543339485,51,"RPS27A:59, SKP1:68, UBA52:103, PSMB9:1148, PSMB11:1646, STAT1:6282.5, PSMD5:6282.5, PSMB5:6282.5, PSMD3:6282.5, PSMD9:6282.5, PSMF1:6282.5, PSMB2:6282.5, PSMA1:6282.5, PSME3:6282.5, PSMB6:6282.5, PSMA8:6282.5, PSMD4:6282.5, PSMB4:6282.5, PSMD6:6282.5, UBB:6282.5, PSMD13:6282.5, PSMD12:6282.5, PSMB8:6282.5, PSMB10:6282.5, STUB1:6282.5, ESR1:6282.5, GSK3B:6282.5, PPARGC1A:6282.5, SKP2:6282.5, PPARGC1B:6282.5, ESRRA:6282.5, RUNX2:6282.5, NR3C1:6282.5, DLX5:6282.5, NKX3-2:6282.5, MSX2:6282.5, HIVEP3:6282.5, PSMD10:11350, PSMD1:11428, PSMB1:11506, PSMB7:11603, PSME4:11744, SEM1:11957, PSMD8:12029, BMP2:12066, WWP1:12805, SMURF1:13611, FBXW7:14228, PSMD2:14237, PSME2:14297, PSME1:14419","Herbivore",1
"REACTOME_RUNX2_REGULATES_OSTEOBLAST_DIFFERENTIATION",-0.0549880894476247,0.419495867293856,0.754088782383672,18,"GLI3:507, YAP1:1201, MAPK3:6282.5, ABL1:6282.5, SRC:6282.5, RB1:6282.5, WWTR1:6282.5, HDAC6:6282.5, HEY2:6282.5, HEY1:6282.5, BGLAP:6282.5, RUNX2:6282.5, SATB2:6282.5, UCMA:6282.5, SP7:6282.5, ZNF521:11307, YES1:14402, COL1A1:14936","Both",3
"REACTOME_RUNX2_REGULATES_CHONDROCYTE_MATURATION",-0.0970525607979379,0.501449025983459,0.791549227628984,4,"IHH:6282.5, HDAC4:6282.5, RUNX2:6282.5, GLI2:6282.5","Unclear",0
"REACTOME_RUNX2_REGULATES_BONE_DEVELOPMENT",-0.0668613794652887,0.247523480769473,0.615673787282348,25,"GLI3:507, YAP1:1201, MAPK3:6282.5, ABL1:6282.5, SRC:6282.5, RB1:6282.5, SMAD4:6282.5, WWTR1:6282.5, IHH:6282.5, HDAC4:6282.5, HDAC6:6282.5, HEY2:6282.5, HEY1:6282.5, BGLAP:6282.5, SMAD6:6282.5, SMAD1:6282.5, RUNX2:6282.5, SATB2:6282.5, GLI2:6282.5, UCMA:6282.5, SP7:6282.5, RBM14:6282.5, ZNF521:11307, YES1:14402, COL1A1:14936","Both",3
"REACTOME_RUNX2_REGULATES_GENES_INVOLVED_IN_CELL_MIGRATION",-0.148376489930127,0.208202817816679,0.580200433575691,6,"ITGBL1:1537, AKT2:6282.5, AKT1:6282.5, ITGA5:6282.5, MMP13:6282.5, RUNX2:6282.5","Unclear",0
"REACTOME_RUNX3_REGULATES_CDKN1A_TRANSCRIPTION",-0.0192429847177073,0.870346702524711,0.958966750500332,6,"TP53:6282.5, SMAD4:6282.5, CDKN1A:6282.5, RUNX3:6282.5, ZFHX3:6282.5, TGFB1:13316","Unclear",0
"REACTOME_RUNX3_REGULATES_NOTCH_SIGNALING",-0.0833002537063565,0.298524022851869,0.665983316822028,13,"MAML2:776, MAML3:1616, MAMLD1:1665, CREBBP:6282.5, KAT2A:6282.5, NOTCH1:6282.5, MAML1:6282.5, RBPJ:6282.5, JAG1:6282.5, RUNX3:6282.5, SNW1:10866, EP300:11369, KAT2B:13850","Unclear",0
"REACTOME_REGULATION_OF_PTEN_MRNA_TRANSLATION",-0.00551445864156019,0.965940314906515,0.993542078100278,5,"TNRC6C:1376, TNRC6A:6282.5, MOV10:6282.5, TNRC6B:11613, AGO1:12768","Unclear",0
"REACTOME_REGULATION_OF_PTEN_GENE_TRANSCRIPTION",-0.0525134176729922,0.213585120074707,0.58792972747282,47,"RRAGA:145, CBX2:748, CHD3:793, MTA3:1137, PHC2:1286, GATAD2B:1683, MAPK3:6282.5, TP53:6282.5, EED:6282.5, SALL4:6282.5, EZH2:6282.5, SNAI1:6282.5, PPARG:6282.5, JUN:6282.5, SUZ12:6282.5, ATF2:6282.5, EGR1:6282.5, MTOR:6282.5, HDAC7:6282.5, RRAGD:6282.5, RRAGB:6282.5, LAMTOR2:6282.5, RPTOR:6282.5, SLC38A9:6282.5, CHD4:6282.5, MBD3:6282.5, MTA1:6282.5, SCMH1:6282.5, PHC1:6282.5, CBX8:6282.5, PHC3:6282.5, CBX6:6282.5, MECOM:6282.5, NR2E1:6282.5, SNAI2:6282.5, ATN1:6282.5, MAF1:6282.5, RRAGC:11048, RING1:11260, MTA2:11316, HDAC5:11643, RBBP7:11998, KDM1A:12051, HDAC1:12354, RCOR1:14149, RBBP4:14816, GATAD2A:15062","Vertivore",2
"REACTOME_COLLAGEN_CHAIN_TRIMERIZATION",-0.0427525836884705,0.33266694973343,0.694802817387585,43,"COL20A1:91, COL6A1:157, COL10A1:283, COL6A2:404, COL4A6:848, COL9A2:1306, COL9A3:1351, COL16A1:1368, COL8A2:1380, COL11A2:1532, COL27A1:1725, COL4A4:6282.5, COL9A1:6282.5, COL5A1:6282.5, COL4A2:6282.5, COL3A1:6282.5, COL4A3:6282.5, COL6A5:6282.5, COL4A1:6282.5, COL4A5:6282.5, COL5A2:6282.5, COL23A1:6282.5, COL7A1:6282.5, COL8A1:6282.5, COL18A1:6282.5, COL25A1:6282.5, COL13A1:6282.5, COL15A1:6282.5, COL21A1:6282.5, COL24A1:6282.5, COL12A1:10943, COL28A1:12190, COL1A2:12472, COL17A1:12669, COL26A1:12979, COL6A3:13032, COL5A3:13477, COL11A1:13537, COL19A1:13826, COL14A1:14120, COL6A6:14343, COL1A1:14936, COL2A1:15016","Both",3
"REACTOME_REGULATION_OF_PTEN_LOCALIZATION",-0.182943625880846,0.0937470766012967,0.418764710206001,7,"RPS27A:59, UBA52:103, XIAP:1419, UBB:6282.5, NEDD4:6282.5, PML:6282.5, USP7:13887","Herbivore",1
"REACTOME_REGULATION_OF_PTEN_STABILITY_AND_ACTIVITY",-0.070900421698294,0.0931015192327019,0.418764710206001,47,"RPS27A:59, UBA52:103, FRK:337, TRIM27:416, MKRN1:1129, PSMB9:1148, XIAP:1419, PSMB11:1646, PSMD5:6282.5, PSMB5:6282.5, AKT2:6282.5, PSMD3:6282.5, PSMD9:6282.5, PSMF1:6282.5, PSMB2:6282.5, PSMA1:6282.5, PSME3:6282.5, AKT1:6282.5, PSMB6:6282.5, PSMA8:6282.5, PSMD4:6282.5, PSMB4:6282.5, PSMD6:6282.5, UBB:6282.5, PSMD13:6282.5, PSMD12:6282.5, PSMB8:6282.5, PSMB10:6282.5, NEDD4:6282.5, STUB1:6282.5, CSNK2B:6282.5, WWP2:6282.5, TNKS2:6282.5, RNF146:6282.5, TNKS:6282.5, USP13:6282.5, OTUD3:6282.5, PSMD10:11350, PSMD1:11428, PSMB1:11506, PSMB7:11603, PSME4:11744, SEM1:11957, PSMD8:12029, PSMD2:14237, PSME2:14297, PSME1:14419","Herbivore",1
"REACTOME_MITOCHONDRIAL_CALCIUM_ION_TRANSPORT",-0.00302631719653951,0.961730533035512,0.993542078100278,21,"SLC8A3:452, SPG7:873, AKAP1:6282.5, PMPCB:6282.5, PMPCA:6282.5, VDAC3:6282.5, SLC8B1:6282.5, MICU1:6282.5, MICU3:6282.5, MCU:6282.5, MICU2:6282.5, LETM1:6282.5, SMDT1:6282.5, PHB2:6282.5, MCUB:10805, STOML2:11142, MAIP1:11305, PARL:11596, AFG3L2:13284, YME1L1:13398, VDAC2:13461","Unclear",0
"REACTOME_RUNX3_REGULATES_IMMUNE_RESPONSE_AND_CELL_MIGRATION",-0.00322797579018158,0.980058640923291,0.998038638143526,5,"RORC:461, ITGAL:6282.5, RUNX3:6282.5, SPP1:12609, ITGA4:12724","Unclear",0
"REACTOME_NEDDYLATION",-0.0128512291412957,0.537672133909164,0.815829340782279,196,"UBE2D1:11, ELOC:51, RPS27A:59, SKP1:68, UBE2M:83, COPS2:87, UBA52:103, ZBTB16:118, AMER1:457, FBXW10:678, DCUN1D2:971, GPS1:992, ASB16:1091, FBXW5:1107, DCAF6:1136, PSMB9:1148, DPP3:1346, DCAF16:1358, LMO7:1396, SQSTM1:1531, OBSL1:1551, BTBD6:1604, PSMB11:1646, COMMD10:1695, ASB12:1713, SOCS3:6282.5, PSMD5:6282.5, PSMB5:6282.5, PSMD3:6282.5, PSMD9:6282.5, PSMF1:6282.5, PSMB2:6282.5, PSMA1:6282.5, PSME3:6282.5, PSMB6:6282.5, PSMA8:6282.5, PSMD4:6282.5, PSMB4:6282.5, PSMD6:6282.5, UBB:6282.5, PSMD13:6282.5, PSMD12:6282.5, PSMB8:6282.5, PSMB10:6282.5, UFD1:6282.5, NPLOC4:6282.5, CUL4B:6282.5, BRCA1:6282.5, EPAS1:6282.5, UBE2D2:6282.5, VHL:6282.5, CISH:6282.5, SOCS2:6282.5, CDKN1A:6282.5, BIRC5:6282.5, UBA3:6282.5, SOCS6:6282.5, SOCS5:6282.5, KLHL13:6282.5, CUL7:6282.5, BTBD1:6282.5, ASB1:6282.5, KLHL42:6282.5, FBXO7:6282.5, ASB2:6282.5, ASB9:6282.5, FBXO31:6282.5, FBXW4:6282.5, FBXO9:6282.5, FBXL4:6282.5, ASB3:6282.5, FBXO6:6282.5, FBXO30:6282.5, KBTBD7:6282.5, FBXL12:6282.5, FBXW9:6282.5, LRRC41:6282.5, FBXO44:6282.5, FBXO21:6282.5, FBXO15:6282.5, SKP2:6282.5, ASB15:6282.5, ASB10:6282.5, ASB6:6282.5, FBXO4:6282.5, ASB17:6282.5, FBXL18:6282.5, FBXO32:6282.5, CCNF:6282.5, KLHL21:6282.5, FBXO41:6282.5, KBTBD8:6282.5, FBXO40:6282.5, ASB5:6282.5, ASB11:6282.5, LRR1:6282.5, KBTBD6:6282.5, FBXO22:6282.5, SPSB1:6282.5, FBXW8:6282.5, SPSB4:6282.5, KLHL11:6282.5, ASB18:6282.5, FBXL7:6282.5, KLHL25:6282.5, ASB13:6282.5, FBXL22:6282.5, KLHL9:6282.5, KBTBD13:6282.5, ASB14:6282.5, KLHL41:6282.5, GAN:6282.5, FBXO17:6282.5, COP1:6282.5, COMMD9:6282.5, COPS7B:6282.5, COPS8:6282.5, PALB2:6282.5, MUL1:6282.5, UCHL3:6282.5, ERCC8:6282.5, PUM2:6282.5, DCUN1D4:6282.5, CUL9:6282.5, NEURL2:6282.5, TULP4:6282.5, DCAF8:6282.5, FEM1A:6282.5, ANKRD9:6282.5, NAE1:6282.5, SPSB3:6282.5, DCAF13:6282.5, FEM1B:6282.5, COMMD8:6282.5, COMMD5:6282.5, WSB2:6282.5, DCUN1D3:6282.5, FBXO11:10896, COPS4:10987, NFE2L2:11026, COMMD4:11039, FBXO2:11060, CCDC22:11083, CUL4A:11096, FBXL13:11255, PSMD10:11350, PSMD1:11428, PSMB1:11506, BTRC:11532, DCAF5:11571, UBXN7:11577, PSMB7:11603, KCTD7:11635, KLHL3:11740, PSME4:11744, COMMD7:11910, SEM1:11957, RBBP7:11998, SENP8:12005, PSMD8:12029, FBXL3:12078, FBXO10:12103, DCAF7:12415, FBXL5:12469, FBXL8:12523, DCAF11:12718, ASB4:12732, WDTC1:12789, COMMD6:12828, KLHL22:12990, COMMD3:13020, WSB1:13068, HIF1A:13088, KLHL2:13142, FBXL19:13224, NUB1:13230, DCAF10:13250, KLHL5:13382, FBXW2:13543, HIF3A:13595, FBXL15:13726, DCAF17:13777, SPSB2:13816, COMMD2:14127, FBXW7:14228, PSMD2:14237, KEAP1:14270, COMMD1:14277, PSME2:14297, PSME1:14419, CUL2:14511, DTL:14648, FBXL16:14712, FBXW12:14917, DCAF4:14928, DDB2:14978","Herbivore",1
"REACTOME_RUNX3_REGULATES_YAP1_MEDIATED_TRANSCRIPTION",-0.0338565022421525,0.756438591813496,0.913502197615361,7,"YAP1:1201, WWTR1:6282.5, TEAD2:6282.5, RUNX3:6282.5, CCN2:6282.5, TEAD3:11807, TEAD4:12501","Unclear",0
"REACTOME_METABOLISM_OF_RNA",-0.00913348099729971,0.4894366393713,0.791438798911618,506,"SNRPD1:5, SF3B6:16, SRSF3:22, SRSF1:25, MAGOH:27, SF3B5:34, ETF1:38, POLR2J:39, U2AF1:55, RPS27A:59, SNRPD3:62, RPL34:66, RPL19:69, RAN:71, SMG5:94, NUDT21:100, UBA52:103, FTSJ3:108, RPS26:138, PNN:148, RPL31:169, RPS7:178, RPS23:180, RPL8:184, SNRPG:185, PWP2:186, NUP88:192, RPS17:201, RPL17:206, NOC4L:259, MRM2:282, NOP14:315, SDE2:332, NKAP:442, HNRNPA3:450, CDKAL1:487, NUP153:528, EXOSC10:539, PCBP1:626, DHX37:639, NUP50:643, PRCC:674, DDX42:696, ALKBH8:840, RPL13:905, DDX20:942, TRMT12:980, PELP1:995, PSMB9:1148, EBNA1BP2:1242, RAE1:1313, CTU2:1321, POP1:1352, NUP214:1425, TBL3:1441, EXOSC5:1549, PSMB11:1646, HNRNPM:1671, PNO1:1689, A1CF:1692, SENP3:1765, PSMD5:6282.5, PSMB5:6282.5, PSMD3:6282.5, PSMD9:6282.5, PSMF1:6282.5, PSMB2:6282.5, PSMA1:6282.5, PSME3:6282.5, AKT1:6282.5, PSMB6:6282.5, PSMA8:6282.5, PSMD4:6282.5, PSMB4:6282.5, PSMD6:6282.5, UBB:6282.5, PSMD13:6282.5, PSMD12:6282.5, PSMB8:6282.5, PSMB10:6282.5, PRKCA:6282.5, MNAT1:6282.5, ERCC2:6282.5, GTF2H3:6282.5, GTF2F1:6282.5, NCBP1:6282.5, ERCC3:6282.5, GTF2F2:6282.5, GTF2H4:6282.5, TPR:6282.5, NDC1:6282.5, AAAS:6282.5, NUP188:6282.5, NUP93:6282.5, NUP155:6282.5, EIF4G1:6282.5, NUP43:6282.5, NUP210:6282.5, NUP58:6282.5, EIF4E:6282.5, SEC13:6282.5, NUP35:6282.5, NUP62:6282.5, RPS5:6282.5, RPLP0:6282.5, RPL3:6282.5, GSPT1:6282.5, RPS10:6282.5, UPF3B:6282.5, TGS1:6282.5, RPL3L:6282.5, RPS2:6282.5, RPL32:6282.5, UPF2:6282.5, RPL10L:6282.5, UPF3A:6282.5, RPL38:6282.5, RPL15:6282.5, RPLP2:6282.5, RPS27L:6282.5, MAPK11:6282.5, RPL14:6282.5, GSPT2:6282.5, RPL36A:6282.5, TNFSF13:6282.5, MAPKAPK2:6282.5, DKC1:6282.5, NHP2:6282.5, SLBP:6282.5, ALYREF:6282.5, CPSF1:6282.5, CPSF3:6282.5, WDR33:6282.5, CPSF2:6282.5, SET:6282.5, CSNK1D:6282.5, PPP2R2A:6282.5, EIF4B:6282.5, PPIE:6282.5, PTBP1:6282.5, GEMIN8:6282.5, GEMIN2:6282.5, WDR77:6282.5, GEMIN7:6282.5, PHAX:6282.5, SNUPN:6282.5, GEMIN4:6282.5, ELAC2:6282.5, SAP18:6282.5, NOP58:6282.5, CNOT3:6282.5, CNOT6L:6282.5, CNOT10:6282.5, DIS3:6282.5, KHSRP:6282.5, EXOSC3:6282.5, EXOSC8:6282.5, EXOSC9:6282.5, EXOSC2:6282.5, PARN:6282.5, EXOSC1:6282.5, EXOSC4:6282.5, NOP56:6282.5, EDC4:6282.5, TUT7:6282.5, DCPS:6282.5, HBS1L:6282.5, PAN2:6282.5, DCP1B:6282.5, PATL1:6282.5, PAIP1:6282.5, EDC3:6282.5, DCP1A:6282.5, ZFP36L1:6282.5, ZFP36:6282.5, ANP32A:6282.5, IGF2BP1:6282.5, AQR:6282.5, XAB2:6282.5, DCAF13:6282.5, NSUN2:6282.5, METTL1:6282.5, TRIT1:6282.5, ADAT1:6282.5, PUS7:6282.5, OSGEP:6282.5, TRMT1:6282.5, TRDMT1:6282.5, PUS3:6282.5, THG1L:6282.5, THADA:6282.5, TRMT5:6282.5, TRMT44:6282.5, TYW5:6282.5, TRMT61A:6282.5, URM1:6282.5, DUS2:6282.5, PUS1:6282.5, TYW1:6282.5, ADAT3:6282.5, NSUN6:6282.5, TRMT9B:6282.5, TRNT1:6282.5, DDX1:6282.5, RTRAF:6282.5, RTCB:6282.5, CSTF2:6282.5, POP4:6282.5, C2orf49:6282.5, RPP30:6282.5, RPP38:6282.5, TSEN34:6282.5, POP7:6282.5, CLP1:6282.5, ZBTB8OS:6282.5, RPP25:6282.5, TSEN54:6282.5, TSEN15:6282.5, RPP21:6282.5, HSD17B10:6282.5, TRMT10C:6282.5, TRMU:6282.5, MTO1:6282.5, TSR3:6282.5, WDR3:6282.5, THUMPD1:6282.5, BUD23:6282.5, FBL:6282.5, DDX49:6282.5, KRR1:6282.5, NOP2:6282.5, RRP9:6282.5, WDR75:6282.5, UTP25:6282.5, HEATR1:6282.5, RCL1:6282.5, UTP20:6282.5, MPHOSPH10:6282.5, RRP36:6282.5, EMG1:6282.5, NOL11:6282.5, UTP3:6282.5, WDR36:6282.5, NAT10:6282.5, IMP4:6282.5, PDCD11:6282.5, IMP3:6282.5, UTP11:6282.5, RRP7A:6282.5, WDR46:6282.5, DDX47:6282.5, NSUN4:6282.5, MRM3:6282.5, SRRT:6282.5, PCF11:6282.5, SF3B2:6282.5, ZMAT5:6282.5, PRPF6:6282.5, SRSF2:6282.5, SNRNP25:6282.5, SNRNP48:6282.5, SNRNP35:6282.5, RBM5:6282.5, MTREX:6282.5, DHX8:6282.5, GPKOW:6282.5, FAM50A:6282.5, RBM7:6282.5, GPATCH1:6282.5, WDR70:6282.5, WBP11:6282.5, CHERP:6282.5, FUS:6282.5, SF3A1:6282.5, TFIP11:6282.5, DHX35:6282.5, PQBP1:6282.5, HTATSF1:6282.5, SNRNP70:6282.5, YJU2:6282.5, LENG1:6282.5, SRSF4:6282.5, SRSF11:6282.5, SYF2:6282.5, WBP4:6282.5, SNRNP27:6282.5, RNF113A:6282.5, SNRPB2:6282.5, RBM42:6282.5, NSRP1:6282.5, PRKRIP1:6282.5, PPIL4:6282.5, CTNNBL1:6282.5, SRRM1:6282.5, RBMX2:6282.5, C9orf78:6282.5, PRPF4:6282.5, BUD13:6282.5, DHX38:6282.5, DDX46:6282.5, CWF19L2:6282.5, CWC27:6282.5, U2SURP:6282.5, SLU7:6282.5, PRPF18:6282.5, SRRM2:6282.5, CDC40:6282.5, USP39:6282.5, SART1:6282.5, PUF60:6282.5, RBM10:6282.5, DHX16:6282.5, PPIL3:6282.5, CWC25:6282.5, APOBEC3H:6282.5, APOBEC1:6282.5, APOBEC2:6282.5, ZC3H11A:6282.5, POLDIP3:6282.5, GLE1:6282.5, FYTTD1:6282.5, THOC7:6282.5, SARNP:6282.5, PAPOLA:6282.5, CPSF7:6282.5, CSTF2T:6282.5, RIOK2:6282.5, WDR18:6282.5, PES1:6282.5, RIOK3:6282.5, RBM28:6282.5, BYSL:6282.5, RIOK1:6282.5, NIP7:6282.5, MPHOSPH6:6282.5, WDR12:6282.5, NOB1:6282.5, ISG20L2:6282.5, RRP1:6282.5, GNL3:6282.5, TSR1:6282.5, BOP1:6282.5, NOL12:6282.5, LSM10:6282.5, ADARB1:6282.5, SMG9:6282.5, SMG7:6282.5, IGF2BP3:6282.5, SMG1:6282.5, PNRC2:6282.5, FIP1L1:10812, CLNS1A:10814, TRMT61B:10815, GTPBP3:10823, SNW1:10866, NUP205:10887, WTAP:10934, UTP15:10959, UTP6:10965, TCERG1:10988, WDR4:10993, POP5:11008, POLR2F:11153, XPOT:11173, RPP14:11188, DHX9:11244, XRN2:11268, THOC1:11271, C1D:11296, TSEN2:11342, PSMD10:11350, PAN3:11352, PPIG:11409, PSMD1:11428, RPP40:11463, UTP14A:11491, HNRNPD:11498, GEMIN6:11505, PSMB1:11506, GEMIN5:11549, TRMT13:11567, PSMB7:11603, RNPC3:11620, APOBEC4:11622, QTRT2:11657, PRORP:11664, QTRT1:11666, XRN1:11667, NUP160:11681, NUP37:11698, UTP18:11731, PSME4:11744, LAS1L:11778, EXOSC6:11835, NUP85:11843, SUPT5H:11855, METTL3:11908, TFB1M:11926, SNIP1:11935, SEM1:11957, RPL7:12006, ACIN1:12019, EXOSC7:12020, PSMD8:12029, BMS1:12054, RPL6:12073, NUP107:12122, RPL4:12176, THOC2:12209, SMN2:12281, SRSF12:12288, SMG6:12323, CDC5L:12362, LUC7L3:12393, THOC3:12413, PDCD7:12422, UPF1:12431, DIMT1:12447, ZNF830:12487, TRMT11:12500, SYMPK:12515, NUP42:12532, CNOT4:12550, TRMT112:12551, ERI1:12578, THOC5:12603, SMN1:12617, FAM98B:12652, CASC3:12659, HNRNPU:12685, TRMT6:12735, GCFC2:12749, PLRG1:12788, RPS3:12824, RPL9:12853, TUT4:12870, LCMT2:12877, CCNH:12886, NUP54:12910, PPWD1:12924, METTL14:12945, CDK7:12964, DDX39A:12968, CNOT1:13019, CNOT11:13023, SF3A2:13029, CWC22:13070, SNRPC:13106, RNGTT:13196, SMG8:13243, NUP98:13246, THOC6:13254, ADAT2:13339, DDX23:13342, NUP133:13372, NT5C3B:13387, HSPB1:13412, GTF2H1:13587, SNRNP200:13654, ISY1:13698, PRMT5:13746, RBM25:13781, DDX52:13817, MRM1:13822, ZCRB1:13824, PPIL2:13876, DCP2:13879, CCAR1:13888, PRPF40A:13913, HNRNPH1:13918, SF1:13953, UTP4:13976, TPRKB:13995, PRPF4B:14008, DDX41:14013, LTV1:14021, IGF2BP2:14203, PRKCD:14207, NCL:14226, PSMD2:14237, SEH1L:14240, LSM11:14281, PSME2:14297, CNOT6:14310, WDR43:14315, SRSF6:14355, TYW3:14385, GTF2H2:14391, CRNKL1:14395, PSME1:14419, CCDC12:14433, SUGP1:14467, FTSJ1:14506, RNMT:14547, CACTIN:14596, TEX10:14724, TRMT10A:14771, RPS15:14780, NOL9:14838, DDX21:14943, PHF5A:14990, RPS27:14996, RPS15A:15066, RPS14:15087, TRA2B:15089, RPL23:15099","Herbivore",1
"REACTOME_CELLULAR_RESPONSES_TO_STIMULI",-0.0165014552801195,0.180025131737626,0.546439920072289,589,"UBE2D1:11, CAMK2B:23, H4C15:49, ELOC:51, RPS27A:59, RPL34:66, SKP1:68, RPL19:69, H4C14:85, CRTC2:101, UBA52:103, MINK1:119, RPS26:138, RRAGA:145, RPL31:169, H4C3:171, RPS7:178, RPS23:180, RPL8:184, NUP88:192, RPS17:201, RPL17:206, H4C2:238, SH3BP4:242, H4C13:295, HELZ2:301, DNAJA4:338, H2BC15:350, H3C13:387, FZR1:392, TKT:394, CREB3L4:398, PTK6:444, AMER1:457, KDM6B:483, CRTC3:488, WFS1:517, NUP153:528, TUBB4A:543, H3C11:588, ATF6:623, NUP50:643, ARFGAP1:725, CBX2:748, TUBA4A:786, ANAPC15:797, P4HB:814, COL4A6:848, BAG3:899, RPL13:905, SHC1:997, GML:1006, BAG5:1027, MBTPS1:1047, HSPB2:1075, H2AC20:1105, PSMB9:1148, H3C10:1224, DNAJC3:1236, ATM:1269, PHC2:1286, RAE1:1313, H2AC4:1330, SYVN1:1343, H3C8:1344, DPP3:1346, CAPZB:1373, TNRC6C:1376, PGD:1384, NUP214:1425, LIMD1:1455, MEF2D:1464, H3C4:1469, SERPINH1:1473, EP400:1501, COX19:1523, SQSTM1:1531, EXOSC5:1549, STAP2:1638, PSMB11:1646, RPA1:1675, CDKN2B:1684, ZBTB17:1693, IGFBP1:1702, MAPK7:1720, MRE11:1742, HIF1AN:1745, ADD1:6282.5, PSMD5:6282.5, PSMB5:6282.5, MAPK3:6282.5, AKT2:6282.5, PSMD3:6282.5, PSMD9:6282.5, LMNB1:6282.5, H1-3:6282.5, PSMF1:6282.5, PSMB2:6282.5, PSMA1:6282.5, PSME3:6282.5, TLR4:6282.5, TP53:6282.5, AKT1:6282.5, PSMB6:6282.5, CDKN2A:6282.5, LY96:6282.5, PSMA8:6282.5, PSMD4:6282.5, PSMB4:6282.5, LMNA:6282.5, PSMD6:6282.5, H1-4:6282.5, UBB:6282.5, H1-5:6282.5, PSMD13:6282.5, H1-2:6282.5, H1-0:6282.5, PSMD12:6282.5, TFDP1:6282.5, PSMB8:6282.5, PSMB10:6282.5, DYNLL2:6282.5, PPP2R5B:6282.5, TUBB1:6282.5, CDK2:6282.5, TUBA1B:6282.5, TLN1:6282.5, TUBB2A:6282.5, TUBB2B:6282.5, SOD1:6282.5, CLEC1B:6282.5, TUBAL3:6282.5, TUBA8:6282.5, TUBB4B:6282.5, MAFK:6282.5, H3C1:6282.5, UFD1:6282.5, RPA2:6282.5, NPLOC4:6282.5, TINF2:6282.5, TERF1:6282.5, H4C8:6282.5, TERF2IP:6282.5, H2BC4:6282.5, H2BC21:6282.5, H4C11:6282.5, H2BC9:6282.5, H2AC14:6282.5, CAMK2A:6282.5, CAMK2G:6282.5, RPS6KA2:6282.5, MDM2:6282.5, TRIB3:6282.5, RB1:6282.5, NFKB1:6282.5, RELA:6282.5, TPR:6282.5, NDC1:6282.5, AAAS:6282.5, NUP188:6282.5, NUP93:6282.5, NUP155:6282.5, NUP43:6282.5, NUP210:6282.5, NUP58:6282.5, SEC13:6282.5, NUP35:6282.5, NUP62:6282.5, BRCA1:6282.5, HSPA2:6282.5, ATP6V1H:6282.5, CYBA:6282.5, NCF4:6282.5, TCIRG1:6282.5, NCF2:6282.5, ATP6V0B:6282.5, ATP6V1F:6282.5, ATP6V1E1:6282.5, ATP6V1C2:6282.5, ATP6V1B2:6282.5, ATP6V1C1:6282.5, NCF1:6282.5, ATP6V0D1:6282.5, ATP6V1E2:6282.5, BAG4:6282.5, HSP90AA1:6282.5, CREBBP:6282.5, EPAS1:6282.5, EPO:6282.5, ARNT:6282.5, CITED2:6282.5, AJUBA:6282.5, EGLN3:6282.5, UBE2D2:6282.5, VHL:6282.5, WTIP:6282.5, EGLN2:6282.5, NCOR1:6282.5, EED:6282.5, GSK3B:6282.5, RPS5:6282.5, NCOA1:6282.5, RPLP0:6282.5, HSP90AB1:6282.5, RPL3:6282.5, TBL1X:6282.5, GRB10:6282.5, EZH2:6282.5, MAP2K6:6282.5, PPARGC1A:6282.5, RPS10:6282.5, CDKN1A:6282.5, MED1:6282.5, MYC:6282.5, TGS1:6282.5, NCOA2:6282.5, RPL3L:6282.5, RPS2:6282.5, RPL32:6282.5, NOTCH1:6282.5, RPL10L:6282.5, RPL38:6282.5, RPL15:6282.5, CHD9:6282.5, RPLP2:6282.5, JUN:6282.5, SUZ12:6282.5, RPS27L:6282.5, MAPK11:6282.5, RXRA:6282.5, RPL14:6282.5, NCOR2:6282.5, NCOA6:6282.5, CSNK2B:6282.5, RPL36A:6282.5, MAP2K3:6282.5, MAPK9:6282.5, MAP2K7:6282.5, HMOX1:6282.5, MAPK10:6282.5, CDKN1B:6282.5, MAPKAPK3:6282.5, ATF2:6282.5, TRIM21:6282.5, MAPKAPK2:6282.5, FOS:6282.5, TALDO1:6282.5, SOD2:6282.5, CDC27:6282.5, CUL7:6282.5, ANAPC4:6282.5, DYNC1I2:6282.5, DCTN6:6282.5, UBE2S:6282.5, DCTN4:6282.5, DYNC1LI2:6282.5, SEC31A:6282.5, SKP2:6282.5, DCTN2:6282.5, ANAPC2:6282.5, DYNC1H1:6282.5, MTOR:6282.5, DCTN1:6282.5, CLOCK:6282.5, NPAS2:6282.5, COX6A1:6282.5, COX7A2L:6282.5, SCO1:6282.5, COX16:6282.5, SURF1:6282.5, COX18:6282.5, COX11:6282.5, COX20:6282.5, SCO2:6282.5, NBN:6282.5, RAD50:6282.5, CCNE1:6282.5, CCNA1:6282.5, CCNE2:6282.5, GCLC:6282.5, GCLM:6282.5, EEF1A1:6282.5, TNRC6A:6282.5, HDAC6:6282.5, E2F3:6282.5, MOV10:6282.5, TXNRD1:6282.5, NR1D1:6282.5, E2F2:6282.5, CDK6:6282.5, CDKN2C:6282.5, CDKN2D:6282.5, RRAGD:6282.5, RRAGB:6282.5, LAMTOR2:6282.5, RPTOR:6282.5, SLC38A9:6282.5, AKT1S1:6282.5, MBTPS2:6282.5, NFYC:6282.5, SP1:6282.5, MTF1:6282.5, HMOX2:6282.5, ATP7A:6282.5, TXNIP:6282.5, CREB3L3:6282.5, SSR1:6282.5, SRPRB:6282.5, SRPRA:6282.5, BLVRB:6282.5, BLVRA:6282.5, GOSR2:6282.5, PREB:6282.5, SIN3B:6282.5, EHMT2:6282.5, GPX2:6282.5, HSPH1:6282.5, HYOU1:6282.5, SCMH1:6282.5, PHC1:6282.5, CBX8:6282.5, TNIK:6282.5, PHC3:6282.5, CBX6:6282.5, MAP3K5:6282.5, IGFBP7:6282.5, EHMT1:6282.5, CABIN1:6282.5, ERF:6282.5, NR3C1:6282.5, NRIP1:6282.5, NOX4:6282.5, GPX7:6282.5, PRDX5:6282.5, NUDT2:6282.5, PRDX3:6282.5, PRDX2:6282.5, TXNRD2:6282.5, ERO1A:6282.5, GPX3:6282.5, NOX5:6282.5, FKBP4:6282.5, DNAJB6:6282.5, BAG1:6282.5, MRPL18:6282.5, HSPA13:6282.5, HSPA12A:6282.5, DNAJC7:6282.5, HSPA4:6282.5, HSF1:6282.5, RPS19BP1:6282.5, CRYBA4:6282.5, HSPA1L:6282.5, FKBP5:6282.5, CRYAB:6282.5, HSPB8:6282.5, SESN1:6282.5, SESN2:6282.5, G6PD:6282.5, HERPUD1:6282.5, ASNS:6282.5, DIS3:6282.5, KHSRP:6282.5, EXOSC3:6282.5, EXOSC8:6282.5, EXOSC9:6282.5, ATF4:6282.5, EXOSC2:6282.5, PARN:6282.5, CEBPG:6282.5, ATF3:6282.5, EXOSC1:6282.5, DDIT3:6282.5, EXOSC4:6282.5, XBP1:6282.5, EIF2S2:6282.5, EIF2AK3:6282.5, DDX11:6282.5, PDIA5:6282.5, WIPI1:6282.5, ACADVL:6282.5, DNAJB11:6282.5, KLHDC3:6282.5, DNAJB9:6282.5, HDGF:6282.5, PDIA6:6282.5, TATDN2:6282.5, EXTL1:6282.5, TPP1:6282.5, YIF1A:6282.5, CTDSP2:6282.5, ERN1:6282.5, CREB3:6282.5, DCSTAMP:6282.5, CREB3L2:6282.5, RAI1:6282.5, CSRP1:6282.5, PALB2:6282.5, MUL1:6282.5, FNIP2:6282.5, EIF2AK1:6282.5, GCN1:6282.5, WDR59:6282.5, NPRL3:6282.5, ITFG2:6282.5, NPRL2:6282.5, KPTN:6282.5, WDR24:6282.5, FBXL17:6282.5, ATF5:6282.5, SZT2:6282.5, SRXN1:6282.5, CASTOR2:6282.5, PRDX1:10816, KDELR3:10865, FNIP1:10875, NUP205:10887, CDK4:10976, ATP6V1G3:10981, NFE2L2:11026, RRAGC:11048, COX4I1:11115, CDC26:11254, RING1:11260, ATR:11303, STIP1:11331, PSMD10:11350, EP300:11369, VENTX:11396, PSMD1:11428, ATOX1:11503, PSMB1:11506, BTRC:11532, APOB:11535, SLC46A1:11574, UBXN7:11577, PSMB7:11603, TNRC6B:11613, NUP160:11681, TXN2:11685, NUP37:11698, PRDX6:11722, ST13:11723, ATP6V1B1:11742, PSME4:11744, UBN1:11760, CAPZA3:11771, CAPZA1:11806, EXOSC6:11835, NUP85:11843, HSPA12B:11850, DEDD2:11866, H4C1:11869, CREBRF:11889, DNAJB1:11907, DCTN3:11931, MIOS:11933, SEM1:11957, RBBP7:11998, RPL7:12006, EXOSC7:12020, PSMD8:12029, DNAJA2:12034, ATP6V0C:12036, COX5A:12057, RPL6:12073, HSP90B1:12101, NUP107:12122, FLCN:12145, SLC7A11:12172, RPL4:12176, TNFRSF21:12255, HSPA14:12305, SIRT1:12367, ANAPC5:12378, CYBB:12396, GPX8:12432, NUP42:12532, EDEM1:12545, TUBA1A:12546, ACTR10:12559, GSR:12572, TACO1:12592, TSPYL2:12643, ETS1:12661, IMPACT:12698, LRPPRC:12708, RPS6KA1:12739, ATP6V0D2:12745, PGR:12760, AGO1:12768, CDC16:12776, RPS3:12824, RPL9:12853, CAMK2D:12869, NUP54:12910, TFDP2:12914, AQP8:12926, EXTL3:12932, GFPT1:12934, ID1:12947, EGLN1:12981, CCS:13033, HIGD1A:13061, MAPKAPK5:13074, COX6B1:13086, HIF1A:13088, MDM4:13090, VEGFA:13111, GSK3A:13141, FKBP14:13205, CCAR2:13219, CCNA2:13232, NUP98:13246, ETS2:13270, APOA1:13281, TXN:13294, ACD:13368, NUP133:13372, SIN3A:13376, E2F1:13388, ATP6V1A:13396, HSPB1:13412, GPX1:13458, HM13:13468, CHAC1:13488, DYNC1I1:13489, POT1:13500, IL6:13554, MAP4K4:13579, HIF3A:13595, SOD3:13651, BACH1:13707, NQO1:13715, RPA3:13748, CALR:13753, DYNC1LI1:13804, RORA:13844, DCP2:13879, EXTL2:14010, NR3C2:14035, BMT2:14038, HSPA5:14042, ANAPC7:14051, DEPDC5:14081, ME1:14094, H3C2:14121, CREB3L1:14162, DNAJC2:14182, CXCL8:14183, IL1A:14189, PRKCD:14207, CA9:14209, PSMD2:14237, MYDGF:14239, SEH1L:14240, KEAP1:14270, PSME2:14297, IDH1:14309, CDC23:14341, PSME1:14419, CAT:14484, CUL2:14511, CASTOR1:14520, NLRP3:14579, H1-1:14598, CARM1:14601, COX5B:14698, TERF2:14700, BAG2:14715, PPARA:14728, RPS15:14780, ABCC1:14801, RBBP4:14816, ANAPC1:14818, CRTC1:14887, HSPA4L:14923, RPS27:14996, FABP1:15021, SULT1A3:15054, ALB:15057, RPS15A:15066, DYNLL1:15080, RPS14:15087, H3-3A:15088, TUBB8B:15090, TUBB8:15095, RPL23:15099, HIRA:15101","Herbivore",1
"REACTOME_CARBOXYTERMINAL_POST_TRANSLATIONAL_MODIFICATIONS_OF_TUBULIN",-0.0713151784946521,0.150527802924647,0.519926491710993,34,"TTLL5:356, TUBB4A:543, TUBA4A:786, AGBL5:1029, AGBL3:1243, TTLL4:1339, TUBB1:6282.5, TUBA1B:6282.5, TUBB2A:6282.5, TUBB2B:6282.5, TUBAL3:6282.5, TUBA8:6282.5, TUBB4B:6282.5, VASH1:6282.5, TTLL1:6282.5, TTLL12:6282.5, TTL:6282.5, TPGS2:6282.5, AGTPBP1:6282.5, LRRC49:6282.5, TTLL8:6282.5, TPGS1:6282.5, AGBL2:6282.5, TTLL6:6282.5, TTLL11:6282.5, AGBL4:6282.5, TTLL3:6282.5, AGBL1:6282.5, NICN1:12527, TUBA1A:12546, VASH2:12702, TTLL7:14155, TUBB8B:15090, TUBB8:15095","Both",3
"REACTOME_NUCLEOTIDE_CATABOLISM",-0.0318918252494778,0.539212738555324,0.815829340782279,31,"NUDT15:794, UPP1:928, ENTPD2:1020, ENTPD7:1415, NUDT1:1424, XDH:6282.5, UPP2:6282.5, AGXT2:6282.5, NT5C1A:6282.5, GDA:6282.5, NT5C:6282.5, ITPA:6282.5, NT5E:6282.5, DPYS:6282.5, ENTPD3:6282.5, ADPRM:6282.5, NUDT9:6282.5, DPYD:6282.5, ENTPD8:6282.5, NUDT16:6282.5, PNP:6282.5, NT5M:6282.5, NUDT18:6282.5, NT5C3A:11746, NUDT5:12462, UPB1:12854, ENTPD1:13607, ENTPD4:13624, ENTPD6:13786, SAMHD1:13792, ENTPD5:13895","Unclear",0
"REACTOME_NUCLEOTIDE_SALVAGE",-0.110127099178194,0.07392985291425,0.38233468690722,22,"UPP1:928, PUDP:1721, UPP2:6282.5, GMPR2:6282.5, DGUOK:6282.5, AMPD2:6282.5, AMPD1:6282.5, UCK1:6282.5, AMPD3:6282.5, GMPR:6282.5, UCK2:6282.5, ADK:6282.5, DCK:6282.5, CDA:6282.5, HPRT1:6282.5, TK2:6282.5, ADAL:6282.5, ADA:6282.5, UCKL1:6282.5, PNP:6282.5, APRT:6282.5, TK1:11770","Unclear",0
"REACTOME_INTESTINAL_ABSORPTION",-0.0535974448055587,0.71046623362498,0.899052538991965,4,"RSC1A1:619, SLC2A5:6282.5, NPC1L1:6282.5, SLC2A2:14290","Unclear",0
"REACTOME_ASSEMBLY_OF_ACTIVE_LPL_AND_LIPC_LIPASE_COMPLEXES",-0.0403649243586386,0.553442704425848,0.826149242049693,18,"LMF2:535, FGF21:594, MBTPS1:1047, PCSK6:6282.5, FURIN:6282.5, ANGPTL4:6282.5, MBTPS2:6282.5, PCSK5:6282.5, CREB3L3:6282.5, LMF1:6282.5, APOA5:6282.5, ANGPTL8:6282.5, APOC2:6282.5, CIDEC:11001, LPL:12737, APOA4:12777, ANGPTL3:13295, LIPC:13315","Unclear",0
"REACTOME_PLASMA_LIPOPROTEIN_REMODELING",-0.0219474729309505,0.67762922432849,0.88472157817155,30,"LMF2:535, FGF21:594, P4HB:814, MBTPS1:1047, APOF:1593, PCSK6:6282.5, FURIN:6282.5, APOE:6282.5, ANGPTL4:6282.5, ABCG1:6282.5, MBTPS2:6282.5, PCSK5:6282.5, CREB3L3:6282.5, PLTP:6282.5, LIPG:6282.5, LMF1:6282.5, APOA5:6282.5, ANGPTL8:6282.5, APOA2:6282.5, LCAT:6282.5, APOC2:6282.5, CIDEC:11001, APOB:11535, LPL:12737, APOA4:12777, APOA1:13281, ANGPTL3:13295, LIPC:13315, MTTP:13639, ALB:15057","Herbivore",1
"REACTOME_LDL_REMODELING",-0.0530651126302813,0.713214080895247,0.899052538991965,4,"P4HB:814, APOF:1593, APOB:11535, MTTP:13639","Unclear",0
"REACTOME_GLUTAMATE_AND_GLUTAMINE_METABOLISM",-0.0349752334271069,0.662475532521237,0.876650320356046,13,"PYCR3:500, GLS:6282.5, GLUL:6282.5, GLUD1:6282.5, KYAT1:6282.5, ALDH18A1:6282.5, OAT:6282.5, PYCR2:6282.5, RIMKLB:6282.5, RIMKLA:6282.5, PYCR1:6282.5, GOT2:14967, GLS2:15030","Unclear",0
"REACTOME_LIPID_PARTICLE_ORGANIZATION",-0.0357543151759695,0.781888638973089,0.922004719469248,5,"FITM1:6282.5, HSD17B13:6282.5, CIDEA:6282.5, FITM2:6282.5, CIDEC:11001","Unclear",0
"REACTOME_G_BETA_GAMMA_SIGNALLING_THROUGH_CDC42",-0.236785474108944,0.0667258737196006,0.371943292552088,5,"CDC42:60, ARHGEF6:1661, GNB5:6282.5, GNB3:6282.5, PAK1:6282.5","Both",3
"REACTOME_RHOA_GTPASE_CYCLE",-0.0760913962089914,0.00190312893857616,0.0544657377182985,141,"IQGAP3:1, ACTC1:37, ARHGEF11:130, RHOA:150, ARHGEF2:183, OBSCN:306, TIAM1:396, AKAP13:401, ARHGEF12:502, IQGAP1:558, STARD8:695, STBD1:703, PLEKHG6:969, ARHGEF15:1025, ARHGAP8:1087, ARHGAP32:1093, NGEF:1140, OPHN1:1144, MCAM:1194, MACO1:1294, ARHGAP21:1372, STARD13:1374, RHPN1:1385, ARHGAP45:1514, TRIO:1517, PLEKHG5:1558, DLC1:1649, ROCK1:6282.5, ARHGAP10:6282.5, C1QBP:6282.5, TJP2:6282.5, BCAP31:6282.5, PIK3R2:6282.5, CAV1:6282.5, DOCK2:6282.5, PIK3R1:6282.5, VAV2:6282.5, PCDH7:6282.5, ARHGEF7:6282.5, RASGRF2:6282.5, FLOT2:6282.5, FLOT1:6282.5, AAAS:6282.5, BCR:6282.5, ERBIN:6282.5, DIAPH1:6282.5, VAMP3:6282.5, SNAP23:6282.5, ROCK2:6282.5, ARHGAP39:6282.5, KALRN:6282.5, JUP:6282.5, SRGAP1:6282.5, ARHGEF28:6282.5, PLD1:6282.5, LBR:6282.5, VAPB:6282.5, HMOX2:6282.5, FAF2:6282.5, ARHGAP9:6282.5, ARHGEF18:6282.5, ARHGEF10L:6282.5, ARHGEF1:6282.5, MCF2:6282.5, ARHGEF10:6282.5, PREX1:6282.5, MCF2L:6282.5, ARHGEF4:6282.5, ABR:6282.5, ARHGEF3:6282.5, ARHGEF40:6282.5, NET1:6282.5, ARHGDIA:6282.5, RTKN:6282.5, CIT:6282.5, PKN1:6282.5, DIAPH3:6282.5, PKN3:6282.5, FMNL3:6282.5, YKT6:6282.5, ARHGEF25:6282.5, ATP6AP1:6282.5, ACBD5:6282.5, CAVIN1:6282.5, ARAP1:6282.5, ARHGAP44:6282.5, ANLN:6282.5, ARHGAP31:6282.5, DEPDC1B:6282.5, ARAP2:6282.5, ARHGAP6:6282.5, SLK:6282.5, ARHGAP4:6282.5, ARHGDIB:6282.5, ARAP3:6282.5, PLEKHG3:6282.5, ARHGAP22:6282.5, TEX2:6282.5, CCDC115:6282.5, FAM13A:6282.5, ARHGAP26:6282.5, ARHGAP18:6282.5, FARP1:6282.5, PGRMC2:6282.5, TAGAP:6282.5, ARHGAP42:6282.5, VANGL1:6282.5, ARHGAP1:6282.5, ARHGAP30:6282.5, PLEKHG4:6282.5, DDRGK1:6282.5, ARHGAP11A:6282.5, ARHGAP23:6282.5, ARHGAP19:10909, VAV1:11176, STX5:11693, DAAM1:11710, ARHGEF19:11779, KTN1:11883, ARHGEF17:12061, ARHGAP29:12533, STK10:12633, ARHGAP5:12804, ARHGAP28:12883, LMAN1:12961, TMEM87A:12987, RHPN2:13140, TFRC:13145, PKN2:13293, ARHGAP24:13404, DEF6:13523, VAV3:13539, MYO9A:13568, SCFD1:13604, TMPO:13756, MYO9B:13949, ECT2:14132, STOM:14175, RACGAP1:14357, GMIP:14545, ABCD3:14757","Herbivore",1
"REACTOME_INTERLEUKIN_15_SIGNALING",-0.125565526266592,0.132147053504772,0.490203901947727,12,"SHC1:997, JAK1:6282.5, SOS1:6282.5, GAB2:6282.5, STAT5A:6282.5, STAT5B:6282.5, JAK3:6282.5, IL2RG:6282.5, SOS2:6282.5, IL2RB:6282.5, IL15RA:6282.5, IL15:6282.5","Unclear",0
"REACTOME_INTERLEUKIN_9_SIGNALING",-0.0970960870052697,0.341673495899515,0.698411037474187,8,"STAT1:6282.5, JAK1:6282.5, STAT5A:6282.5, STAT5B:6282.5, JAK3:6282.5, IL2RG:6282.5, IL9R:6282.5, IL9:6282.5","Unclear",0
"REACTOME_TRANSCRIPTIONAL_REGULATION_BY_MECP2",-0.00244393329499715,0.953841053670518,0.99286485149477,47,"CAMK2B:23, GRIN2A:659, GPS2:803, GRIN2B:988, OPRK1:1053, TNRC6C:1376, TRPC3:6282.5, PTPN1:6282.5, CAMK2A:6282.5, CAMK2G:6282.5, NCOR1:6282.5, TBL1X:6282.5, PPARG:6282.5, NOTCH1:6282.5, NCOR2:6282.5, DLL1:6282.5, PTPN4:6282.5, IRAK1:6282.5, TNRC6A:6282.5, MOV10:6282.5, LBR:6282.5, AURKB:6282.5, BDNF:6282.5, SLC2A3:6282.5, HIPK2:6282.5, DGCR8:6282.5, FKBP5:6282.5, CRH:6282.5, MECP2:6282.5, GAMT:6282.5, PVALB:6282.5, PRKACA:10858, SGK1:11314, CAMK4:11388, TNRC6B:11613, OPRM1:11680, GAD2:11792, GAD1:12107, MET:12112, HDAC1:12354, AGO1:12768, CAMK2D:12869, MOBP:13354, SIN3A:13376, GRIA2:13701, GPRIN1:14289, RBFOX1:14332","Herbivore",1
"REACTOME_SIGNALING_BY_NTRK2_TRKB",-0.13390770449594,0.0560488549353452,0.352826011144675,17,"TIAM1:396, GRIN2B:988, SHC1:997, PLCG1:1240, PTPN11:6282.5, DOCK3:6282.5, SOS1:6282.5, PIK3CA:6282.5, PIK3R1:6282.5, SRC:6282.5, FRS2:6282.5, FRS3:6282.5, BDNF:6282.5, NTF3:6282.5, NTF4:6282.5, GAB1:11916, NTRK2:12259","Unclear",0
"REACTOME_SIGNALING_BY_ERYTHROPOIETIN",-0.043690355899854,0.499007890718511,0.791549227628984,20,"PIK3R5:237, SHC1:997, PLCG1:1240, JAK2:6282.5, PIK3CG:6282.5, SOS1:6282.5, PIK3CA:6282.5, PIK3R1:6282.5, PLCG2:6282.5, STAT5A:6282.5, STAT5B:6282.5, EPO:6282.5, PIK3CD:6282.5, RAPGEF1:6282.5, EPOR:6282.5, VAV1:11176, GAB1:11916, PIK3CB:12691, LYN:13217, CRKL:14514","Unclear",0
"REACTOME_INTRACELLULAR_SIGNALING_BY_SECOND_MESSENGERS",-0.036612654143137,0.0480452944168803,0.328127522097103,250,"CAMK2B:23, RPS27A:59, FGF8:76, UBA52:103, RRAGA:145, ADCY1:241, FRK:337, TRIM27:416, PHLPP1:463, NBEA:606, CBX2:748, CHD3:793, PDE1B:830, ADCY2:835, ADCY8:981, FGF5:996, MKRN1:1129, MTA3:1137, PSMB9:1148, IRS1:1149, PLCG1:1240, PHC2:1286, ITPR1:1309, TNRC6C:1376, XIAP:1419, FGFR2:1505, ADCY3:1563, PSMB11:1646, MAPKAP1:1655, GATAD2B:1683, TSC2:1719, PTPN11:6282.5, PSMD5:6282.5, PSMB5:6282.5, MAPK3:6282.5, AKT2:6282.5, PSMD3:6282.5, PSMD9:6282.5, PSMF1:6282.5, PSMB2:6282.5, PSMA1:6282.5, PSME3:6282.5, CASP9:6282.5, TP53:6282.5, AKT1:6282.5, PSMB6:6282.5, PSMA8:6282.5, PSMD4:6282.5, PSMB4:6282.5, PSMD6:6282.5, UBB:6282.5, PSMD13:6282.5, PSMD12:6282.5, PSMB8:6282.5, PSMB10:6282.5, PRKAR2B:6282.5, HGF:6282.5, PPP2R5A:6282.5, PPP2R5B:6282.5, PPP2R5C:6282.5, PDGFB:6282.5, PIK3R2:6282.5, PRKAR1A:6282.5, PPP2R5D:6282.5, PDE1A:6282.5, PIK3CA:6282.5, ITPR2:6282.5, PRKCG:6282.5, PPP2R1B:6282.5, PDPK1:6282.5, PIK3R1:6282.5, PRKCA:6282.5, PRKCE:6282.5, LCK:6282.5, PRKAR1B:6282.5, SRC:6282.5, PDGFA:6282.5, CAMKK1:6282.5, CAMK2A:6282.5, CAMKK2:6282.5, ADCY7:6282.5, CAMK2G:6282.5, PDE1C:6282.5, ADCY9:6282.5, GRK2:6282.5, ADCY5:6282.5, ADCY6:6282.5, MDM2:6282.5, NRG1:6282.5, ERBB4:6282.5, GAB2:6282.5, FGFR3:6282.5, FGF10:6282.5, FGF22:6282.5, FGF4:6282.5, TRIB3:6282.5, FGF6:6282.5, FGF1:6282.5, KL:6282.5, KLB:6282.5, FGF2:6282.5, FGF17:6282.5, FGFR4:6282.5, FGF19:6282.5, FRS2:6282.5, CHUK:6282.5, NEDD4:6282.5, FOXO3:6282.5, ERBB3:6282.5, STUB1:6282.5, EREG:6282.5, ERBB2:6282.5, EGFR:6282.5, NRG2:6282.5, NRG4:6282.5, BTC:6282.5, NRG3:6282.5, ESR1:6282.5, EED:6282.5, GSK3B:6282.5, SALL4:6282.5, EZH2:6282.5, SNAI1:6282.5, CDKN1A:6282.5, PPARG:6282.5, PML:6282.5, FOXO1:6282.5, PIK3CD:6282.5, JUN:6282.5, SUZ12:6282.5, PIP5K1C:6282.5, CSNK2B:6282.5, INS:6282.5, CDKN1B:6282.5, ATF2:6282.5, EGR1:6282.5, TRAF6:6282.5, IRAK1:6282.5, IRAK4:6282.5, PIK3AP1:6282.5, TRAT1:6282.5, RICTOR:6282.5, CD19:6282.5, PRR5:6282.5, MTOR:6282.5, KITLG:6282.5, KIT:6282.5, PIP5K1B:6282.5, PIP4K2A:6282.5, PIP4K2C:6282.5, PIP4K2B:6282.5, HDAC7:6282.5, TNRC6A:6282.5, MOV10:6282.5, WWP2:6282.5, AREG:6282.5, TGFA:6282.5, RRAGD:6282.5, RRAGB:6282.5, LAMTOR2:6282.5, RPTOR:6282.5, SLC38A9:6282.5, AKT1S1:6282.5, CHD4:6282.5, PDGFRB:6282.5, PDGFRA:6282.5, TNKS2:6282.5, RNF146:6282.5, TNKS:6282.5, NR4A1:6282.5, RPS6KB2:6282.5, FOXO4:6282.5, FOXO6:6282.5, PHLPP2:6282.5, INSR:6282.5, MBD3:6282.5, MTA1:6282.5, SCMH1:6282.5, PHC1:6282.5, CBX8:6282.5, PHC3:6282.5, CBX6:6282.5, MECOM:6282.5, NR2E1:6282.5, USP13:6282.5, OTUD3:6282.5, SNAI2:6282.5, ATN1:6282.5, MAF1:6282.5, STRN:10795, PRKACA:10858, FGF7:10886, IER3:10890, ESR2:11017, RRAGC:11048, VAV1:11176, RING1:11260, MTA2:11316, PSMD10:11350, CAMK4:11388, PSMD1:11428, FGF20:11475, PSMB1:11506, PSMB7:11603, TNRC6B:11613, HDAC5:11643, MYD88:11646, ADCY4:11732, PSME4:11744, ITPR3:11892, GAB1:11916, THEM4:11934, SEM1:11957, RBBP7:11998, PSMD8:12029, PRKACB:12035, KDM1A:12051, MET:12112, HDAC1:12354, PIP5K1A:12382, PIK3R3:12489, FLT3:12596, PIK3CB:12691, EGF:12763, AGO1:12768, CAMK2D:12869, GSK3A:13141, KPNA2:13181, BAD:13638, FGF23:13788, USP7:13887, PRKAR2A:13940, FGFR1:14005, IL1RL1:14064, RCOR1:14149, HBEGF:14150, CD80:14178, EPGN:14199, PRKCD:14207, PSMD2:14237, PSME2:14297, IL1RAP:14387, PSME1:14419, CD28:14438, ICOS:14482, RBBP4:14816, CD86:14846, PRKX:14895, IL33:14988, GATAD2A:15062","Herbivore",1
"REACTOME_SIGNALING_BY_NUCLEAR_RECEPTORS",-0.018272939652196,0.384423069831483,0.735960194656798,193,"POLR2J:39, H4C15:49, H4C14:85, KANK1:107, H4C3:171, H4C2:238, H4C13:295, H2BC15:350, H3C13:387, GREB1:530, H3C11:588, MMP7:625, GPS2:803, GNAT3:831, SHC1:997, H2AC20:1105, ALDH8A1:1123, H3C10:1224, MMP9:1252, H2AC4:1330, H3C8:1344, TNRC6C:1376, H3C4:1469, MAPK3:6282.5, AKT2:6282.5, AKT1:6282.5, PTK2:6282.5, BCL2:6282.5, GNB5:6282.5, PIK3R2:6282.5, CAV1:6282.5, GNB3:6282.5, MYB:6282.5, PIK3CA:6282.5, PDPK1:6282.5, PIK3R1:6282.5, NOS3:6282.5, SRC:6282.5, H3C1:6282.5, H4C8:6282.5, H2BC4:6282.5, H2BC21:6282.5, H4C11:6282.5, H2BC9:6282.5, H2AC14:6282.5, ERBB4:6282.5, GTF2F1:6282.5, CCNT1:6282.5, CDK9:6282.5, GTF2F2:6282.5, FOXO3:6282.5, STAG2:6282.5, STAG1:6282.5, HSP90AA1:6282.5, EREG:6282.5, EGFR:6282.5, BTC:6282.5, CREBBP:6282.5, ESR1:6282.5, CXCL12:6282.5, APOE:6282.5, NCOR1:6282.5, SREBF1:6282.5, RARB:6282.5, NCOA1:6282.5, MMP2:6282.5, HSP90AB1:6282.5, TBL1X:6282.5, NR5A2:6282.5, NCOA3:6282.5, MED1:6282.5, MYC:6282.5, NCOA2:6282.5, PLIN1:6282.5, RARG:6282.5, JUN:6282.5, RXRA:6282.5, NCOR2:6282.5, CCND1:6282.5, CDKN1B:6282.5, ATF2:6282.5, ELK1:6282.5, MMP3:6282.5, FOS:6282.5, MYLIP:6282.5, ABCG1:6282.5, PDK4:6282.5, PDK2:6282.5, DLD:6282.5, PDHX:6282.5, PDHA1:6282.5, DLAT:6282.5, PDHB:6282.5, GPAM:6282.5, TNRC6A:6282.5, TLE3:6282.5, MOV10:6282.5, TBP:6282.5, GTF2A1:6282.5, FABP5:6282.5, FASN:6282.5, AREG:6282.5, TGFA:6282.5, SP1:6282.5, SPHK1:6282.5, SRF:6282.5, FOSB:6282.5, NR1H3:6282.5, PLTP:6282.5, APOC2:6282.5, AXIN1:6282.5, RDH11:6282.5, ZDHHC21:6282.5, CYP26B1:6282.5, CYP26A1:6282.5, DHRS9:6282.5, IGF1R:6282.5, NRIP1:6282.5, KDM4A:6282.5, KDM1B:6282.5, FKBP4:6282.5, FKBP5:6282.5, S1PR3:6282.5, RXRG:6282.5, RXRB:6282.5, ALDH1A2:6282.5, RDH13:6282.5, SDR16C5:6282.5, ALDH1A3:6282.5, RDH14:6282.5, USF2:6282.5, CAV2:6282.5, EBAG9:6282.5, ZDHHC7:6282.5, USF1:6282.5, TFF3:6282.5, PPID:6282.5, CXXC5:6282.5, ZNF217:6282.5, EEPD1:6282.5, STRN:10795, CTSD:10817, APOC4:10939, ESR2:11017, PCK1:11118, POLR2F:11153, EP300:11369, RDH5:11376, RARA:11458, TNRC6B:11613, POU2F1:11858, H4C1:11869, GATA3:11922, KDM1A:12051, PDK3:12080, CPT1B:12128, PPP5C:12184, RAD21:12186, CRABP2:12232, HDAC1:12354, PIK3R3:12489, ABCG5:12511, PGR:12760, EGF:12763, AGO1:12768, PDHA2:12825, KDM3A:12864, FOXA1:13060, PPARD:13160, KPNA2:13181, ANGPTL3:13295, ADH4:13309, HSPB1:13412, DHRS4:13437, DHRS3:13486, NR1H2:13645, KAT2B:13850, PDK1:13951, H3C2:14121, HBEGF:14150, EPGN:14199, ABCG8:14288, CHD1:14454, RUNX1:14469, CYP26C1:14535, KDM4B:14539, CARM1:14601, JUND:14634, ALDH1A1:14655, CPT1A:14718, SCD:14723, APOD:14805, H3-3A:15088","Herbivore",1
"REACTOME_SIGNALING_BY_RECEPTOR_TYROSINE_KINASES",-0.0304129358770592,0.031926298772865,0.278765012611005,436,"THBS3:28, POLR2J:39, TNS3:44, RPS27A:59, CDC42:60, PTPRZ1:63, FGF8:76, UBA52:103, LAMA5:104, RHOA:150, COL6A1:157, SH2D2A:266, TIAM1:396, COL6A2:404, ACTG1:418, PTK6:444, ADAM17:468, EPN1:578, PTPRF:636, ITGA3:715, PTPRK:740, LAMA4:754, LAMB1:774, FLRT1:780, LRIG1:822, ANOS1:836, CBL:878, DOCK1:892, ITGB3:935, GRIN2B:988, FGF5:996, SHC1:997, LAMB3:1056, LAMA2:1141, IRS1:1149, DNM3:1172, FES:1192, YAP1:1201, LAMC1:1230, PLCG1:1240, LAMC2:1241, MMP9:1252, ALK:1278, COL9A2:1306, ITPR1:1309, COL9A3:1351, VEGFD:1378, ARC:1448, MEF2D:1464, FGFR2:1505, COL11A2:1532, SHC3:1588, THBS2:1590, MAPKAP1:1655, HNRNPM:1671, MAPK7:1720, COL27A1:1725, JAK2:6282.5, STAT1:6282.5, PTPN11:6282.5, ROCK1:6282.5, MAPK3:6282.5, AKT2:6282.5, AKT1:6282.5, PTK2:6282.5, UBB:6282.5, PAK2:6282.5, IGF1:6282.5, HGF:6282.5, BCAR1:6282.5, ACTB:6282.5, DOCK3:6282.5, PDGFB:6282.5, CSK:6282.5, PIK3R2:6282.5, CAV1:6282.5, PTPN6:6282.5, PPP2R5D:6282.5, SPARC:6282.5, SOS1:6282.5, DOCK7:6282.5, F3:6282.5, PIK3CA:6282.5, ITPR2:6282.5, AAMP:6282.5, PPP2R1B:6282.5, THBS1:6282.5, PDPK1:6282.5, GRB7:6282.5, PIK3R1:6282.5, VEGFC:6282.5, PRKCA:6282.5, VAV2:6282.5, ITGA2:6282.5, NOS3:6282.5, IGF2:6282.5, PRKCE:6282.5, LCK:6282.5, PTPN1:6282.5, SRC:6282.5, PDGFA:6282.5, GABRA1:6282.5, RPS6KA2:6282.5, ARHGEF7:6282.5, GABRG2:6282.5, DLG4:6282.5, GABRB2:6282.5, NRG1:6282.5, AP2M1:6282.5, GABRB3:6282.5, ERBB4:6282.5, GABRG3:6282.5, AP2A2:6282.5, GABRQ:6282.5, PTPRS:6282.5, NTRK3:6282.5, GTF2F1:6282.5, NCBP1:6282.5, GTF2F2:6282.5, NELFB:6282.5, GAB2:6282.5, FGFR3:6282.5, FGF10:6282.5, FGF22:6282.5, FGF4:6282.5, PIK3C3:6282.5, TRIB3:6282.5, FGF6:6282.5, FGF1:6282.5, KL:6282.5, KLB:6282.5, FGF2:6282.5, PDE3B:6282.5, FGF17:6282.5, FGFR4:6282.5, FGF19:6282.5, FRS2:6282.5, DUSP4:6282.5, MAP2K2:6282.5, DUSP6:6282.5, DUSP7:6282.5, NEDD4:6282.5, STAT5A:6282.5, STAT5B:6282.5, PCSK6:6282.5, FURIN:6282.5, ATP6V1H:6282.5, CYBA:6282.5, NCF4:6282.5, TCIRG1:6282.5, NCF2:6282.5, ATP6V0B:6282.5, ATP6V1F:6282.5, ATP6V1E1:6282.5, ATP6V1C2:6282.5, ATP6V1B2:6282.5, ATP6V1C1:6282.5, NCF1:6282.5, ATP6V0D1:6282.5, ATP6V1E2:6282.5, MATK:6282.5, ERBB3:6282.5, PTPN18:6282.5, HSP90AA1:6282.5, STUB1:6282.5, CDC37:6282.5, ERBIN:6282.5, EREG:6282.5, PTPN12:6282.5, DIAPH1:6282.5, ERBB2:6282.5, EGFR:6282.5, NRG2:6282.5, NRG4:6282.5, BTC:6282.5, NRG3:6282.5, ESR1:6282.5, ADAP1:6282.5, CXCL12:6282.5, MXD4:6282.5, APOE:6282.5, GFAP:6282.5, NCOR1:6282.5, S100B:6282.5, NCSTN:6282.5, WWOX:6282.5, JAK3:6282.5, IL2RG:6282.5, SOCS1:6282.5, RANBP9:6282.5, CTNNA1:6282.5, MEF2A:6282.5, NCK2:6282.5, PAK3:6282.5, DNM2:6282.5, COL4A4:6282.5, RPS6KA5:6282.5, GRB10:6282.5, DNM1:6282.5, SH3GL2:6282.5, COL9A1:6282.5, NRP2:6282.5, CLTA:6282.5, EGR2:6282.5, FLRT3:6282.5, COL5A1:6282.5, ROCK2:6282.5, COL4A2:6282.5, MYC:6282.5, NAB1:6282.5, SH3KBP1:6282.5, PAK1:6282.5, NCK1:6282.5, NAB2:6282.5, COL3A1:6282.5, COL4A3:6282.5, COL6A5:6282.5, JUP:6282.5, MAPK11:6282.5, COL4A1:6282.5, MAPK12:6282.5, COL4A5:6282.5, COL5A2:6282.5, INS:6282.5, GRAP2:6282.5, VRK3:6282.5, RAPGEF1:6282.5, DUSP3:6282.5, MAPKAPK3:6282.5, ATF2:6282.5, EGR1:6282.5, PTK2B:6282.5, ELK1:6282.5, TEC:6282.5, PTPRJ:6282.5, MAPKAPK2:6282.5, FOS:6282.5, SOCS6:6282.5, CD274:6282.5, RICTOR:6282.5, PRR5:6282.5, MTOR:6282.5, MKNK1:6282.5, SPRY2:6282.5, KITLG:6282.5, CHEK1:6282.5, GRAP:6282.5, KIT:6282.5, LAMA3:6282.5, LAMC3:6282.5, COL24A1:6282.5, LAMB2:6282.5, PXN:6282.5, CDH5:6282.5, FLT4:6282.5, ELMO1:6282.5, AREG:6282.5, TGFA:6282.5, SPHK1:6282.5, ADCYAP1R1:6282.5, PCSK5:6282.5, CHD4:6282.5, SRF:6282.5, FOSB:6282.5, NGF:6282.5, FRS3:6282.5, MAP2K5:6282.5, ASCL1:6282.5, SH3GL3:6282.5, ADCYAP1:6282.5, RIT1:6282.5, RALB:6282.5, PTPRO:6282.5, RIT2:6282.5, RRAD:6282.5, FOSL1:6282.5, BDNF:6282.5, NTF3:6282.5, NTRK1:6282.5, NTF4:6282.5, ELMO2:6282.5, WASF1:6282.5, NCKAP1L:6282.5, ABI1:6282.5, ABI2:6282.5, WASF2:6282.5, BAIAP2:6282.5, CYFIP1:6282.5, PTPN3:6282.5, EPS15:6282.5, STAM2:6282.5, HGS:6282.5, PDGFRB:6282.5, PDGFRA:6282.5, THBS4:6282.5, PDGFC:6282.5, PDGFD:6282.5, PTBP1:6282.5, RBFOX2:6282.5, ESRP2:6282.5, GALNT3:6282.5, FGFRL1:6282.5, FGFBP1:6282.5, SPRED1:6282.5, FGFBP3:6282.5, FLRT2:6282.5, SPRED2:6282.5, AXL:6282.5, INSR:6282.5, GGA3:6282.5, PTN:6282.5, IRS4:6282.5, CILP:6282.5, IGF1R:6282.5, ATP6AP1:6282.5, IDE:6282.5, HGFAC:6282.5, RANBP10:6282.5, SPINT1:6282.5, SPINT2:6282.5, MST1R:6282.5, ADAM12:10804, CTSD:10817, PRKACA:10858, FGF7:10886, SH3GL1:10923, ATP6V1G3:10981, CTNND1:11015, POLR2F:11153, VAV1:11176, GABRB1:11222, TCF12:11261, FN1:11285, PIK3R4:11306, SGK1:11314, VEGFB:11347, MYCN:11351, SHB:11361, EP300:11369, PAG1:11374, FGF20:11475, SH2B3:11515, WASF3:11531, TNS4:11581, ADAM10:11589, ATP6V1B1:11742, PLAT:11793, KIDINS220:11881, ITPR3:11892, GAB1:11916, THEM4:11934, PSEN2:11958, PRKACB:12035, ATP6V0C:12036, ITGAV:12046, SHC2:12074, PTPN2:12075, BAX:12100, MET:12112, STAT6:12113, ITGB1:12155, ATP6V0A2:12160, PSEN1:12167, NTRK2:12259, USP8:12271, AP2A1:12312, HDAC1:12354, CYBB:12396, COL1A2:12472, PIK3R3:12489, PRDM1:12531, FLT3:12596, SPP1:12609, SPRY1:12621, ATP6V0A1:12662, PIK3CB:12691, KDR:12705, RPS6KA1:12739, ATP6V0D2:12745, PGR:12760, EGF:12763, MAPK13:12786, WWP1:12805, TAB2:12875, ID1:12947, MUC20:12957, EGR4:12997, COL6A3:13032, LYL1:13058, ESRP1:13059, BRAF:13081, SH2B2:13084, HIF1A:13088, VEGFA:13111, LYN:13217, SIN3A:13376, ATP6V1A:13396, HSPB1:13412, HPN:13464, COL5A3:13477, CDK5R2:13517, COL11A1:13537, VAV3:13539, FLT1:13559, FER:13621, PRKCB:13667, TRIB1:13778, FGF23:13788, VGF:13803, ATF1:13857, LAMA1:13901, HNRNPH1:13918, FGFR1:14005, ITCH:14022, NRP1:14054, APH1B:14076, STAM:14087, RASA1:14114, PLG:14118, HBEGF:14150, ADORA2A:14198, EPGN:14199, PRKCD:14207, COL6A6:14343, EPS15L1:14398, YES1:14402, TLR9:14413, JUNB:14430, ATP6V0A4:14452, TPH1:14490, CRKL:14514, JUND:14634, PGF:14792, MST1:14856, COL1A1:14936, COL2A1:15016","Herbivore",1
"REACTOME_SIGNALING_BY_TGFB_FAMILY_MEMBERS",-0.0473003899338961,0.0982868993071558,0.428046568721744,103,"UBE2D1:11, RPS27A:59, UBE2M:83, UBA52:103, RHOA:150, CBL:878, ITGB3:935, ACVR2B:1043, ACVRL1:1060, ITGB5:1095, LTBP1:1295, NEDD4L:1348, PARP1:1379, CDKN2B:1684, STAT1:6282.5, MAPK3:6282.5, UBB:6282.5, TFDP1:6282.5, TGFB2:6282.5, SERPINE1:6282.5, TGFB3:6282.5, F11R:6282.5, PPP1CA:6282.5, CCNT2:6282.5, CCNT1:6282.5, CDK9:6282.5, ACVR1C:6282.5, ACVR1B:6282.5, FURIN:6282.5, SMAD4:6282.5, CER1:6282.5, FOXH1:6282.5, DRAP1:6282.5, STUB1:6282.5, NCOR1:6282.5, WWTR1:6282.5, AMH:6282.5, MYC:6282.5, NCOR2:6282.5, TRIM33:6282.5, SMAD7:6282.5, SMURF2:6282.5, RNF111:6282.5, E2F4:6282.5, ITGA8:6282.5, LTBP4:6282.5, ITGB8:6282.5, ITGB6:6282.5, LTBP2:6282.5, BMP10:6282.5, LTBP3:6282.5, MTMR4:6282.5, PARD6A:6282.5, FSTL3:6282.5, INHBA:6282.5, FST:6282.5, INHBB:6282.5, SP1:6282.5, STRAP:6282.5, BAMBI:6282.5, ATP1B4:6282.5, ARHGEF18:6282.5, TGFBR1:6282.5, UCHL5:6282.5, TGIF2:6282.5, MEN1:6282.5, SKIL:6282.5, CGN:6282.5, SKI:6282.5, TGFBR2:6282.5, CHRDL1:6282.5, BMPR1A:6282.5, SMAD9:6282.5, AMHR2:6282.5, SMAD6:6282.5, FSTL1:6282.5, SMAD1:6282.5, GREM2:6282.5, GDF2:6282.5, PMEPA1:10847, SNW1:10866, PPM1A:11119, EP300:11369, CCNK:11699, PARD3:11871, ITGAV:12046, TGIF1:12058, BMP2:12066, ITGB1:12155, USP15:12201, FBN1:12346, HDAC1:12354, COL1A2:12472, BMPR2:12812, TFDP2:12914, RBL1:13237, TGFB1:13316, SMURF1:13611, PPP1CB:13966, JUNB:14430, E2F5:14460, BMPR1B:14650, ZFYVE9:14910","Herbivore",1
"REACTOME_RAB_REGULATION_OF_TRAFFICKING",-0.0680101375458281,0.024580128092512,0.256383062909516,92,"RAB14:46, RABEP1:65, RIC1:70, TSC1:428, SBF1:456, TBC1D20:469, TRAPPC9:486, TBC1D16:769, TBC1D14:925, RAB3GAP2:1389, ANKRD27:1538, TRAPPC10:1600, MADD:1609, TSC2:1719, CHM:1728, AKT2:6282.5, AKT1:6282.5, RAB27B:6282.5, RAB13:6282.5, SBF2:6282.5, OPTN:6282.5, GDI2:6282.5, RAB5C:6282.5, TBC1D10C:6282.5, TRAPPC6A:6282.5, TRAPPC3:6282.5, TRAPPC2L:6282.5, ALS2:6282.5, RAB21:6282.5, TBC1D2:6282.5, GGA1:6282.5, HPS4:6282.5, RIN3:6282.5, MON1B:6282.5, GGA2:6282.5, TBC1D17:6282.5, DENND3:6282.5, TBC1D13:6282.5, RGP1:6282.5, HPS1:6282.5, RAB3GAP1:6282.5, RAB32:6282.5, DENND1A:6282.5, TBC1D15:6282.5, CCZ1:6282.5, RAB9A:6282.5, RAB38:6282.5, GGA3:6282.5, RAB33A:6282.5, DENND4C:6282.5, SYTL1:6282.5, TBC1D7:6282.5, CCZ1B:6282.5, DENND2A:6282.5, RABGEF1:6282.5, TBC1D24:6282.5, DENND2D:6282.5, GAPVD1:6282.5, DENND2B:6282.5, RAB3IL1:6282.5, TRAPPC11:6282.5, DENND5B:6282.5, TRAPPC12:6282.5, RAB33B:6282.5, RIN1:6282.5, DENND2C:6282.5, ULK1:6282.5, ALS2CL:6282.5, RAB39A:6282.5, RINL:6282.5, CHML:6282.5, DENND6B:6282.5, RAB12:6282.5, DENND6A:11121, RIN2:11395, DENND1C:11485, RAB7B:11492, TBC1D25:11674, DENND4A:11687, TBC1D10A:11918, RAB18:12044, MON1A:12399, TRAPPC8:12460, RAB3IP:12530, RABGAP1:12641, DENND1B:12993, TRAPPC13:13332, RAB27A:13615, DENND5A:13809, TRAPPC4:14041, GDI1:14088, RAB31:14840","Both",3
"REACTOME_EXTRA_NUCLEAR_ESTROGEN_SIGNALING",-0.0627720145107044,0.141312389990464,0.502904980078049,46,"MMP7:625, GNAT3:831, SHC1:997, MMP9:1252, MAPK3:6282.5, AKT2:6282.5, AKT1:6282.5, PTK2:6282.5, BCL2:6282.5, GNB5:6282.5, PIK3R2:6282.5, CAV1:6282.5, GNB3:6282.5, PIK3CA:6282.5, PDPK1:6282.5, PIK3R1:6282.5, NOS3:6282.5, SRC:6282.5, FOXO3:6282.5, HSP90AA1:6282.5, EREG:6282.5, EGFR:6282.5, BTC:6282.5, ESR1:6282.5, MMP2:6282.5, CCND1:6282.5, CDKN1B:6282.5, ELK1:6282.5, MMP3:6282.5, FOS:6282.5, AREG:6282.5, TGFA:6282.5, SPHK1:6282.5, SRF:6282.5, ZDHHC21:6282.5, IGF1R:6282.5, S1PR3:6282.5, CAV2:6282.5, ZDHHC7:6282.5, STRN:10795, ESR2:11017, PIK3R3:12489, EGF:12763, HSPB1:13412, HBEGF:14150, EPGN:14199","Unclear",0
"REACTOME_ER_QUALITY_CONTROL_COMPARTMENT_ERQC",-0.170464324465896,0.0123272096303557,0.17229425553125,18,"RPS27A:59, UBA52:103, SYVN1:1343, OS9:1405, RNF5:1670, UBB:6282.5, SEL1L:6282.5, MAN1B1:6282.5, EDEM2:6282.5, UGGT2:6282.5, EDEM3:6282.5, UGGT1:6282.5, MARCHF6:6282.5, AMFR:6282.5, RNF139:6282.5, TRIM13:6282.5, RNF103:6282.5, EDEM1:12545","Herbivore",1
"REACTOME_CALNEXIN_CALRETICULIN_CYCLE",-0.108290362904801,0.072393597871714,0.377241783129192,23,"RPS27A:59, UBA52:103, SYVN1:1343, OS9:1405, RNF5:1670, UBB:6282.5, PDIA3:6282.5, CANX:6282.5, SEL1L:6282.5, PRKCSH:6282.5, MAN1B1:6282.5, EDEM2:6282.5, UGGT2:6282.5, EDEM3:6282.5, UGGT1:6282.5, MARCHF6:6282.5, AMFR:6282.5, RNF139:6282.5, TRIM13:6282.5, RNF103:6282.5, EDEM1:12545, CALR:13753, GANAB:14662","Herbivore",1
"REACTOME_REGULATION_OF_EXPRESSION_OF_SLITS_AND_ROBOS",-0.0586058413916981,0.0527333457185464,0.342007993994745,92,"MAGOH:27, ETF1:38, ELOC:51, RPS27A:59, RPL34:66, RPL19:69, UBA52:103, RPS26:138, RPL31:169, RPS7:178, RPS23:180, RPL8:184, RPS17:201, RPL17:206, SLIT1:783, RPL13:905, PSMB9:1148, PSMB11:1646, PSMD5:6282.5, PSMB5:6282.5, PSMD3:6282.5, PSMD9:6282.5, PSMF1:6282.5, PSMB2:6282.5, PSMA1:6282.5, PSME3:6282.5, PSMB6:6282.5, PSMA8:6282.5, PSMD4:6282.5, PSMB4:6282.5, PSMD6:6282.5, UBB:6282.5, PSMD13:6282.5, PSMD12:6282.5, PSMB8:6282.5, PSMB10:6282.5, NCBP1:6282.5, EIF4G1:6282.5, USP33:6282.5, RPS5:6282.5, RPLP0:6282.5, RPL3:6282.5, GSPT1:6282.5, HOXA2:6282.5, LHX2:6282.5, LHX3:6282.5, LHX4:6282.5, RPS10:6282.5, UPF3B:6282.5, RPL3L:6282.5, RPS2:6282.5, RPL32:6282.5, SLIT2:6282.5, UPF2:6282.5, ROBO3:6282.5, RPL10L:6282.5, UPF3A:6282.5, ROBO1:6282.5, RPL38:6282.5, DAG1:6282.5, RPL15:6282.5, RPLP2:6282.5, ROBO2:6282.5, RPS27L:6282.5, COL4A5:6282.5, RPL14:6282.5, GSPT2:6282.5, ZSWIM8:6282.5, RPL36A:6282.5, PSMD10:11350, PSMD1:11428, PSMB1:11506, PSMB7:11603, PSME4:11744, SEM1:11957, RPL7:12006, PSMD8:12029, RPL6:12073, RPL4:12176, CASC3:12659, RPS3:12824, RPL9:12853, LHX9:12963, PSMD2:14237, PSME2:14297, PSME1:14419, CUL2:14511, RPS15:14780, RPS27:14996, RPS15A:15066, RPS14:15087, RPL23:15099","Herbivore",1
"REACTOME_SIGNALING_BY_NOTCH3",-0.0221829193129137,0.619326863464462,0.856323876400632,42,"RPS27A:59, UBA52:103, JAG2:219, MAML2:776, MAML3:1616, MAMLD1:1665, STAT1:6282.5, UBB:6282.5, EGFR:6282.5, CREBBP:6282.5, NCSTN:6282.5, KAT2A:6282.5, NOTCH1:6282.5, MAML1:6282.5, RBPJ:6282.5, DLL1:6282.5, MIB2:6282.5, TACC3:6282.5, JAG1:6282.5, NEURL1:6282.5, WWC1:6282.5, DLGAP5:6282.5, DLL4:6282.5, HEY2:6282.5, HEY1:6282.5, IKZF1:6282.5, HES5:6282.5, WWP2:6282.5, NEURL1B:6282.5, SNW1:10866, FABP7:11207, NOTCH3:11295, EP300:11369, ADAM10:11589, PSEN2:11958, PSEN1:12167, HEYL:12680, EGF:12763, PLXND1:13669, KAT2B:13850, APH1B:14076, MIB1:14293","Herbivore",1
"REACTOME_RHO_GTPASE_CYCLE",-0.0561327730475544,0.000155268391431278,0.0121716917282867,396,"IQGAP3:1, ACTC1:37, CDC42:60, COPS2:87, SCRIB:111, ARHGEF11:130, TIAM2:146, RHOA:150, ARHGEF2:183, NHS:249, OBSCN:306, TIAM1:396, MTMR1:399, AKAP13:401, ACTG1:418, UACA:493, ARHGEF12:502, FGD1:512, MTX1:524, IQGAP1:558, DSG2:565, WHAMM:589, STARD8:695, STBD1:703, DOCK11:784, ITSN1:829, PLEKHG1:852, DOCK1:892, EMD:897, PRAG1:939, PLEKHG6:969, AMIGO2:977, GPS1:992, ARHGEF15:1025, ARHGAP8:1087, ARHGAP32:1093, NGEF:1140, OPHN1:1144, WDR11:1177, MCAM:1194, ANKFY1:1285, MACO1:1294, PAK6:1333, GOLGA3:1349, ARHGAP21:1372, CAPZB:1373, STARD13:1374, RHPN1:1385, ARHGAP17:1414, GNA13:1420, PLD2:1457, RHOD:1475, SH3PXD2A:1512, ARHGAP45:1514, TRIO:1517, DDX4:1548, PLEKHG5:1558, ARHGEF16:1601, DLC1:1649, ARHGEF6:1661, SPTAN1:1669, DNMBP:1678, VIM:6282.5, ROCK1:6282.5, ARHGAP10:6282.5, DSP:6282.5, C1QBP:6282.5, LMNB1:6282.5, TJP2:6282.5, DSG1:6282.5, PAK2:6282.5, BCAP31:6282.5, ACTN1:6282.5, ACTB:6282.5, DOCK9:6282.5, DOCK3:6282.5, CSK:6282.5, PIK3R2:6282.5, CAV1:6282.5, DOCK8:6282.5, SOS1:6282.5, DOCK7:6282.5, PIK3CA:6282.5, TUBA1B:6282.5, DOCK4:6282.5, DOCK2:6282.5, DOCK10:6282.5, GRB7:6282.5, PIK3R1:6282.5, VAV2:6282.5, PCDH7:6282.5, LCK:6282.5, SRC:6282.5, ARHGEF7:6282.5, RASGRF2:6282.5, ARHGEF9:6282.5, MYO6:6282.5, SLITRK3:6282.5, FLOT2:6282.5, FLOT1:6282.5, SLITRK5:6282.5, FRS2:6282.5, AAAS:6282.5, CYBA:6282.5, NCF4:6282.5, NCF2:6282.5, NCF1:6282.5, BCR:6282.5, HSP90AA1:6282.5, CDC37:6282.5, ERBIN:6282.5, DIAPH1:6282.5, VAMP3:6282.5, SNAP23:6282.5, FARP2:6282.5, NCK2:6282.5, PAK3:6282.5, HSP90AB1:6282.5, SOS2:6282.5, PAK5:6282.5, SPTBN1:6282.5, PAK4:6282.5, ROCK2:6282.5, EPHA2:6282.5, ABL2:6282.5, PKP4:6282.5, ARHGAP39:6282.5, PAK1:6282.5, RHOC:6282.5, NCK1:6282.5, KALRN:6282.5, RND1:6282.5, JUP:6282.5, SRGAP3:6282.5, SRGAP1:6282.5, ARHGEF28:6282.5, SRGAP2:6282.5, RAPGEF1:6282.5, PTK2B:6282.5, WAS:6282.5, ZAP70:6282.5, RBBP6:6282.5, SH3RF1:6282.5, PLD1:6282.5, OCRL:6282.5, PARD6A:6282.5, PARD6B:6282.5, MTR:6282.5, JAG1:6282.5, WWP2:6282.5, GJA1:6282.5, VRK2:6282.5, NUDC:6282.5, CCP110:6282.5, LBR:6282.5, ANKLE2:6282.5, ALDH3A2:6282.5, VAPB:6282.5, ESYT1:6282.5, FRS3:6282.5, ELMO2:6282.5, HMOX2:6282.5, WASF1:6282.5, FAF2:6282.5, WIPF1:6282.5, WIPF3:6282.5, ARHGAP9:6282.5, NCKAP1L:6282.5, MOSPD2:6282.5, CKAP4:6282.5, ABI1:6282.5, ABI2:6282.5, RHOF:6282.5, WASF2:6282.5, WIPF2:6282.5, BAIAP2:6282.5, CYFIP1:6282.5, ARHGEF18:6282.5, STAM2:6282.5, HGS:6282.5, ARL13B:6282.5, CEP97:6282.5, ARHGEF10L:6282.5, ARHGEF1:6282.5, PLEKHG2:6282.5, MCF2:6282.5, ARHGEF10:6282.5, PREX1:6282.5, MCF2L:6282.5, FGD3:6282.5, ARHGEF4:6282.5, FGD4:6282.5, FGD2:6282.5, ABR:6282.5, ARHGEF3:6282.5, ARHGEF40:6282.5, NET1:6282.5, ARHGDIA:6282.5, CFTR:6282.5, NOX1:6282.5, GOPC:6282.5, NOX3:6282.5, RTKN:6282.5, CIT:6282.5, PKN1:6282.5, DIAPH3:6282.5, FMNL2:6282.5, PKN3:6282.5, FMNL3:6282.5, FMNL1:6282.5, NOXA1:6282.5, SHMT2:6282.5, YKT6:6282.5, ARFGAP3:6282.5, ALS2:6282.5, PICALM:6282.5, TRIP10:6282.5, FNBP1L:6282.5, ITSN2:6282.5, ARHGEF25:6282.5, SLC4A7:6282.5, ATP6AP1:6282.5, ADD3:6282.5, LETM1:6282.5, ACBD5:6282.5, RASAL2:6282.5, MAP3K11:6282.5, CDC42EP3:6282.5, RNF20:6282.5, CKB:6282.5, SRRM1:6282.5, CPSF7:6282.5, CAVIN1:6282.5, ARAP1:6282.5, ARHGAP44:6282.5, ANLN:6282.5, ARHGAP31:6282.5, DEPDC1B:6282.5, ARAP2:6282.5, ARHGAP6:6282.5, SLK:6282.5, ARHGAP4:6282.5, ARHGDIB:6282.5, ARAP3:6282.5, PLEKHG3:6282.5, ARHGAP22:6282.5, TEX2:6282.5, CCDC115:6282.5, FAM13A:6282.5, ARHGAP26:6282.5, ARHGAP18:6282.5, FARP1:6282.5, PGRMC2:6282.5, TAGAP:6282.5, ARHGAP42:6282.5, VANGL1:6282.5, ARHGAP1:6282.5, ARHGAP30:6282.5, PLEKHG4:6282.5, DDRGK1:6282.5, ARHGAP11A:6282.5, ARHGAP23:6282.5, RHOBTB2:6282.5, NISCH:6282.5, RHOBTB1:6282.5, ARHGAP15:6282.5, NSFL1C:6282.5, SH3BP1:6282.5, RHOV:6282.5, STMN2:6282.5, WDR91:6282.5, CHN2:6282.5, RND2:6282.5, TNFAIP1:6282.5, DBN1:6282.5, CCDC88A:6282.5, TMEM59:6282.5, RHOJ:6282.5, BAIAP2L2:6282.5, CHN1:6282.5, EPSTI1:6282.5, SWAP70:6282.5, SEMA4F:6282.5, KCTD3:6282.5, HINT2:6282.5, GIT2:6282.5, EFHD2:6282.5, TOR1AIP1:6282.5, OSBPL11:6282.5, GFOD1:6282.5, MPP7:6282.5, DLG5:6282.5, TWF1:6282.5, PLEKHG4B:6282.5, UBXN11:6282.5, ARHGAP27:6282.5, SHKBP1:6282.5, ARHGAP25:6282.5, WDR81:6282.5, RHOH:6282.5, PEAK1:6282.5, RALGAPA1:6282.5, KCTD13:6282.5, FAM91A1:6282.5, CDC42EP4:6282.5, SPATA13:6282.5, ZNF512B:6282.5, CDC42BPB:6282.5, LEMD3:10855, ARHGAP19:10909, COPS4:10987, DOCK6:11114, CDC42EP2:11124, SAMM50:11159, VAV1:11176, DIAPH2:11224, BAIAP2L1:11304, STIP1:11331, PLXNB1:11353, KIF14:11427, ARHGEF26:11459, SENP1:11481, WASF3:11531, STX5:11693, DAAM1:11710, ARHGEF19:11779, ARHGAP33:11785, KIDINS220:11881, IQGAP2:11882, KTN1:11883, ARHGEF39:11959, RHOU:12032, FAM83B:12038, ARHGEF17:12061, FNBP1:12108, ITGB1:12155, CCT7:12163, RALBP1:12192, FERMT2:12229, DBT:12258, CYBB:12396, PIK3R3:12489, PDE5A:12497, ARHGAP29:12533, LRRC1:12534, WDR6:12575, ARFGAP2:12606, STK10:12633, CCT2:12782, ARHGAP5:12804, ARHGAP28:12883, LMAN1:12961, FILIP1:12972, TMEM87A:12987, NIPSNAP2:13103, RHPN2:13140, TFRC:13145, STK38:13182, PHIP:13202, STEAP3:13248, PKN2:13293, CPNE8:13363, FAM135A:13384, PTPN13:13391, DST:13394, GIT1:13400, ARHGAP24:13404, CCT6A:13410, DEF6:13523, VAV3:13539, MYO9A:13568, SCFD1:13604, PLXND1:13669, FAM13B:13734, TMPO:13756, MYO9B:13949, NDUFA5:13967, CDC42EP5:13982, STAM:14087, ECT2:14132, STOM:14175, TAOK3:14208, TMOD3:14215, SYDE2:14351, RACGAP1:14357, ARHGAP12:14401, WASL:14429, GMIP:14545, TPM4:14631, NDUFS3:14726, ABCD3:14757, CPD:14877, SYDE1:14984, FGD5:15006, FAM169A:15007, TRA2B:15089","Herbivore",1
"REACTOME_RHOB_GTPASE_CYCLE",-0.0833255212402132,0.0204201279834167,0.231556545623272,65,"IQGAP3:1, ACTC1:37, ARHGEF11:130, ARHGEF2:183, AKAP13:401, ARHGEF12:502, STARD8:695, ARHGAP32:1093, OPHN1:1144, MCAM:1194, ARHGAP21:1372, STARD13:1374, DLC1:1649, ROCK1:6282.5, TJP2:6282.5, PIK3R2:6282.5, CAV1:6282.5, PIK3R1:6282.5, VAV2:6282.5, PCDH7:6282.5, FLOT2:6282.5, FLOT1:6282.5, BCR:6282.5, ERBIN:6282.5, DIAPH1:6282.5, VAMP3:6282.5, SNAP23:6282.5, ROCK2:6282.5, ARHGAP39:6282.5, JUP:6282.5, ARHGEF28:6282.5, ARHGEF10L:6282.5, ARHGEF1:6282.5, MCF2:6282.5, ARHGEF10:6282.5, PREX1:6282.5, MCF2L:6282.5, ABR:6282.5, ARHGEF3:6282.5, NET1:6282.5, RTKN:6282.5, CIT:6282.5, PKN1:6282.5, DIAPH3:6282.5, PKN3:6282.5, ARHGEF25:6282.5, CAVIN1:6282.5, ANLN:6282.5, DEPDC1B:6282.5, SLK:6282.5, ARHGAP26:6282.5, VANGL1:6282.5, ARHGAP1:6282.5, DAAM1:11710, ARHGEF17:12061, STK10:12633, ARHGAP5:12804, RHPN2:13140, TFRC:13145, PKN2:13293, MYO9A:13568, MYO9B:13949, ECT2:14132, STOM:14175, RACGAP1:14357","Both",3
"REACTOME_RHOC_GTPASE_CYCLE",-0.0779991602732929,0.0233583793531771,0.25290113741999,71,"IQGAP3:1, ARHGEF11:130, RHOA:150, AKAP13:401, ARHGEF12:502, IQGAP1:558, ARHGAP32:1093, OPHN1:1144, MCAM:1194, MACO1:1294, ARHGAP21:1372, STARD13:1374, DLC1:1649, ROCK1:6282.5, C1QBP:6282.5, TJP2:6282.5, CAV1:6282.5, PIK3R1:6282.5, VAV2:6282.5, FLOT2:6282.5, FLOT1:6282.5, BCR:6282.5, ERBIN:6282.5, DIAPH1:6282.5, VAMP3:6282.5, ROCK2:6282.5, ARHGAP39:6282.5, RHOC:6282.5, JUP:6282.5, ARHGEF28:6282.5, LBR:6282.5, VAPB:6282.5, ARHGEF10L:6282.5, ARHGEF1:6282.5, MCF2:6282.5, ARHGEF10:6282.5, PREX1:6282.5, MCF2L:6282.5, ABR:6282.5, ARHGEF40:6282.5, ARHGDIA:6282.5, RTKN:6282.5, CIT:6282.5, PKN1:6282.5, DIAPH3:6282.5, FMNL2:6282.5, PKN3:6282.5, FMNL3:6282.5, ARHGEF25:6282.5, ACBD5:6282.5, CAVIN1:6282.5, ANLN:6282.5, DEPDC1B:6282.5, SLK:6282.5, ARHGAP26:6282.5, ARHGAP18:6282.5, VANGL1:6282.5, ARHGAP1:6282.5, STX5:11693, DAAM1:11710, ARHGEF17:12061, STK10:12633, ARHGAP5:12804, LMAN1:12961, TFRC:13145, PKN2:13293, TMPO:13756, MYO9B:13949, STOM:14175, RACGAP1:14357, ABCD3:14757","Unclear",0
"REACTOME_CDC42_GTPASE_CYCLE",-0.0708385772804155,0.00372365047045758,0.0849840733953801,142,"IQGAP3:1, CDC42:60, SCRIB:111, ARHGEF11:130, TIAM1:396, ARHGEF12:502, FGD1:512, IQGAP1:558, STARD8:695, DOCK11:784, ITSN1:829, PLEKHG1:852, ARHGEF15:1025, ARHGAP32:1093, NGEF:1140, OPHN1:1144, PAK6:1333, ARHGAP21:1372, STARD13:1374, ARHGAP17:1414, GNA13:1420, SH3PXD2A:1512, ARHGAP45:1514, TRIO:1517, ARHGEF16:1601, DLC1:1649, ARHGEF6:1661, DNMBP:1678, ARHGAP10:6282.5, PAK2:6282.5, DOCK9:6282.5, PIK3R2:6282.5, CAV1:6282.5, DOCK8:6282.5, DOCK7:6282.5, DOCK10:6282.5, PIK3R1:6282.5, VAV2:6282.5, ARHGEF7:6282.5, RASGRF2:6282.5, ARHGEF9:6282.5, BCR:6282.5, VAMP3:6282.5, SNAP23:6282.5, PAK3:6282.5, PAK5:6282.5, PAK4:6282.5, ARHGAP39:6282.5, PAK1:6282.5, JUP:6282.5, SRGAP3:6282.5, SRGAP1:6282.5, SRGAP2:6282.5, WAS:6282.5, PLD1:6282.5, PARD6A:6282.5, LBR:6282.5, WIPF1:6282.5, WIPF3:6282.5, ARHGAP9:6282.5, WIPF2:6282.5, BAIAP2:6282.5, PLEKHG2:6282.5, MCF2:6282.5, ARHGEF10:6282.5, PREX1:6282.5, MCF2L:6282.5, FGD3:6282.5, ARHGEF4:6282.5, FGD4:6282.5, FGD2:6282.5, ABR:6282.5, ARHGDIA:6282.5, DIAPH3:6282.5, FMNL2:6282.5, FMNL3:6282.5, FMNL1:6282.5, YKT6:6282.5, ARFGAP3:6282.5, FNBP1L:6282.5, ARHGEF25:6282.5, MAP3K11:6282.5, CDC42EP3:6282.5, ARAP1:6282.5, ARHGAP44:6282.5, ARHGAP31:6282.5, DEPDC1B:6282.5, ARAP2:6282.5, ARHGAP4:6282.5, ARHGDIB:6282.5, ARAP3:6282.5, PLEKHG3:6282.5, ARHGAP22:6282.5, ARHGAP26:6282.5, FARP1:6282.5, TAGAP:6282.5, ARHGAP42:6282.5, VANGL1:6282.5, ARHGAP1:6282.5, ARHGAP30:6282.5, PLEKHG4:6282.5, WDR91:6282.5, CHN1:6282.5, KCTD3:6282.5, GIT2:6282.5, PLEKHG4B:6282.5, ARHGAP27:6282.5, SHKBP1:6282.5, WDR81:6282.5, CDC42EP4:6282.5, SPATA13:6282.5, CDC42BPB:6282.5, DOCK6:11114, CDC42EP2:11124, ARHGEF26:11459, DAAM1:11710, ARHGEF19:11779, ARHGAP33:11785, IQGAP2:11882, KTN1:11883, FNBP1:12108, RALBP1:12192, ARHGAP29:12533, ARFGAP2:12606, ARHGAP5:12804, TFRC:13145, STEAP3:13248, CPNE8:13363, GIT1:13400, ARHGAP24:13404, DEF6:13523, VAV3:13539, FAM13B:13734, TMPO:13756, MYO9B:13949, CDC42EP5:13982, ECT2:14132, STOM:14175, RACGAP1:14357, WASL:14429, GMIP:14545, SYDE1:14984","Both",3
"REACTOME_RAC1_GTPASE_CYCLE",-0.0643059655646709,0.0042381111362363,0.0896706171799548,168,"IQGAP3:1, CDC42:60, ARHGEF11:130, TIAM2:146, NHS:249, TIAM1:396, IQGAP1:558, DOCK11:784, PLEKHG1:852, DOCK1:892, EMD:897, PLEKHG6:969, AMIGO2:977, ARHGEF15:1025, ARHGAP32:1093, NGEF:1140, OPHN1:1144, MCAM:1194, PAK6:1333, ARHGAP21:1372, ARHGAP17:1414, GNA13:1420, PLD2:1457, ARHGAP45:1514, TRIO:1517, DLC1:1649, ARHGEF6:1661, ARHGAP10:6282.5, PAK2:6282.5, DOCK9:6282.5, DOCK3:6282.5, PIK3R2:6282.5, CAV1:6282.5, DOCK8:6282.5, SOS1:6282.5, DOCK7:6282.5, PIK3CA:6282.5, DOCK4:6282.5, DOCK2:6282.5, DOCK10:6282.5, PIK3R1:6282.5, VAV2:6282.5, ARHGEF7:6282.5, RASGRF2:6282.5, CYBA:6282.5, NCF4:6282.5, NCF2:6282.5, NCF1:6282.5, BCR:6282.5, ERBIN:6282.5, VAMP3:6282.5, SNAP23:6282.5, FARP2:6282.5, PAK3:6282.5, SOS2:6282.5, PAK5:6282.5, PAK4:6282.5, EPHA2:6282.5, ABL2:6282.5, ARHGAP39:6282.5, PAK1:6282.5, KALRN:6282.5, SRGAP3:6282.5, SRGAP1:6282.5, SRGAP2:6282.5, WAS:6282.5, PLD1:6282.5, PARD6A:6282.5, JAG1:6282.5, VRK2:6282.5, LBR:6282.5, ESYT1:6282.5, WASF1:6282.5, WIPF1:6282.5, WIPF3:6282.5, ARHGAP9:6282.5, NCKAP1L:6282.5, ABI1:6282.5, ABI2:6282.5, WASF2:6282.5, WIPF2:6282.5, BAIAP2:6282.5, CYFIP1:6282.5, ARHGEF18:6282.5, PLEKHG2:6282.5, MCF2:6282.5, ARHGEF10:6282.5, PREX1:6282.5, MCF2L:6282.5, ARHGEF4:6282.5, ABR:6282.5, ARHGDIA:6282.5, NOX1:6282.5, NOX3:6282.5, CIT:6282.5, PKN1:6282.5, DIAPH3:6282.5, FMNL1:6282.5, NOXA1:6282.5, YKT6:6282.5, ALS2:6282.5, ARHGEF25:6282.5, ARAP1:6282.5, ARHGAP44:6282.5, ARHGAP31:6282.5, DEPDC1B:6282.5, ARAP2:6282.5, ARHGAP4:6282.5, ARHGDIB:6282.5, ARAP3:6282.5, PLEKHG3:6282.5, ARHGAP22:6282.5, FAM13A:6282.5, ARHGAP26:6282.5, FARP1:6282.5, TAGAP:6282.5, ARHGAP42:6282.5, VANGL1:6282.5, ARHGAP1:6282.5, ARHGAP30:6282.5, PLEKHG4:6282.5, ARHGAP23:6282.5, NISCH:6282.5, ARHGAP15:6282.5, SH3BP1:6282.5, CHN2:6282.5, CHN1:6282.5, SWAP70:6282.5, GIT2:6282.5, MPP7:6282.5, ARHGAP27:6282.5, ARHGAP25:6282.5, CDC42EP4:6282.5, SPATA13:6282.5, LEMD3:10855, DOCK6:11114, VAV1:11176, BAIAP2L1:11304, WASF3:11531, ARHGEF19:11779, ARHGAP33:11785, IQGAP2:11882, KTN1:11883, ARHGEF39:11959, ITGB1:12155, RALBP1:12192, FERMT2:12229, CYBB:12396, PIK3R3:12489, ARHGAP29:12533, ARHGAP5:12804, TFRC:13145, PKN2:13293, GIT1:13400, ARHGAP24:13404, DEF6:13523, VAV3:13539, FAM13B:13734, TMPO:13756, MYO9B:13949, ECT2:14132, TAOK3:14208, SYDE2:14351, RACGAP1:14357, ARHGAP12:14401, WASL:14429, GMIP:14545, FGD5:15006","Herbivore",1
"REACTOME_RAC2_GTPASE_CYCLE",-0.08023840043949,0.013916347209465,0.180856834307114,79,"CDC42:60, NHS:249, TIAM1:396, MTX1:524, IQGAP1:558, DSG2:565, STBD1:703, DOCK1:892, EMD:897, ARHGAP32:1093, OPHN1:1144, MCAM:1194, ARHGAP21:1372, ARHGAP17:1414, PLD2:1457, TRIO:1517, PAK2:6282.5, DOCK3:6282.5, PIK3R2:6282.5, CAV1:6282.5, PIK3CA:6282.5, DOCK4:6282.5, DOCK2:6282.5, DOCK10:6282.5, PIK3R1:6282.5, VAV2:6282.5, SLITRK5:6282.5, CYBA:6282.5, NCF4:6282.5, NCF2:6282.5, NCF1:6282.5, BCR:6282.5, ERBIN:6282.5, VAMP3:6282.5, PAK4:6282.5, EPHA2:6282.5, ARHGAP39:6282.5, PAK1:6282.5, VRK2:6282.5, LBR:6282.5, ANKLE2:6282.5, VAPB:6282.5, ESYT1:6282.5, NCKAP1L:6282.5, ABI1:6282.5, ABI2:6282.5, WASF2:6282.5, CYFIP1:6282.5, MCF2:6282.5, PREX1:6282.5, ABR:6282.5, ARHGDIA:6282.5, DIAPH3:6282.5, DEPDC1B:6282.5, ARHGAP26:6282.5, PGRMC2:6282.5, ARHGAP42:6282.5, VANGL1:6282.5, ARHGAP1:6282.5, SWAP70:6282.5, GIT2:6282.5, MPP7:6282.5, CDC42EP4:6282.5, LEMD3:10855, SAMM50:11159, VAV1:11176, BAIAP2L1:11304, ITGB1:12155, CYBB:12396, PIK3R3:12489, LMAN1:12961, TFRC:13145, GIT1:13400, DEF6:13523, VAV3:13539, TMPO:13756, TAOK3:14208, RACGAP1:14357, SYDE1:14984","Both",3
"REACTOME_RHOD_GTPASE_CYCLE",-0.0736311333858918,0.0780201155255479,0.389668333220396,48,"WHAMM:589, STBD1:703, EMD:897, ARHGAP32:1093, MCAM:1194, ANKFY1:1285, PAK6:1333, ARHGAP21:1372, CAPZB:1373, ARHGAP17:1414, RHOD:1475, LMNB1:6282.5, ACTN1:6282.5, PIK3R2:6282.5, CAV1:6282.5, PIK3R1:6282.5, DIAPH1:6282.5, VAMP3:6282.5, PAK5:6282.5, ARHGAP39:6282.5, VRK2:6282.5, LBR:6282.5, VAPB:6282.5, ESYT1:6282.5, MOSPD2:6282.5, DIAPH3:6282.5, SLC4A7:6282.5, ADD3:6282.5, DEPDC1B:6282.5, ARHGAP26:6282.5, PGRMC2:6282.5, VANGL1:6282.5, ARHGAP1:6282.5, DBN1:6282.5, HINT2:6282.5, EFHD2:6282.5, TOR1AIP1:6282.5, LEMD3:10855, DIAPH2:11224, PLXNB1:11353, ARHGAP5:12804, LMAN1:12961, FILIP1:12972, STEAP3:13248, CPNE8:13363, TMPO:13756, RACGAP1:14357, ARHGAP12:14401","Unclear",0
"REACTOME_RHOQ_GTPASE_CYCLE",-0.0760606717226436,0.0581789623674467,0.358469990358728,52,"IQGAP3:1, CDC42:60, SCRIB:111, OBSCN:306, IQGAP1:558, ITSN1:829, ARHGAP32:1093, OPHN1:1144, ARHGAP21:1372, ARHGAP17:1414, DLC1:1649, PAK2:6282.5, CAV1:6282.5, ARHGEF7:6282.5, ARHGEF9:6282.5, VAMP3:6282.5, SNAP23:6282.5, PAK4:6282.5, PAK1:6282.5, JUP:6282.5, SRGAP2:6282.5, WWP2:6282.5, GJA1:6282.5, ARL13B:6282.5, PREX1:6282.5, CFTR:6282.5, GOPC:6282.5, DIAPH3:6282.5, TRIP10:6282.5, SLC4A7:6282.5, CDC42EP3:6282.5, DEPDC1B:6282.5, PLEKHG3:6282.5, ARHGAP26:6282.5, VANGL1:6282.5, ARHGAP1:6282.5, GIT2:6282.5, GFOD1:6282.5, MPP7:6282.5, CDC42EP4:6282.5, CDC42BPB:6282.5, CDC42EP2:11124, ARHGAP33:11785, FNBP1:12108, ARHGAP5:12804, TFRC:13145, STEAP3:13248, CPNE8:13363, GIT1:13400, STOM:14175, WASL:14429, SYDE1:14984","Both",3
"REACTOME_RHOH_GTPASE_CYCLE",-0.0720207982012366,0.158923018581687,0.529645475975566,32,"UACA:493, WDR11:1177, PAK6:1333, ROCK1:6282.5, PAK2:6282.5, CSK:6282.5, CAV1:6282.5, TUBA1B:6282.5, LCK:6282.5, VAMP3:6282.5, PAK5:6282.5, PAK4:6282.5, ROCK2:6282.5, PAK1:6282.5, JUP:6282.5, ZAP70:6282.5, MTR:6282.5, ARHGDIA:6282.5, SLC4A7:6282.5, ARHGDIB:6282.5, VANGL1:6282.5, NSFL1C:6282.5, DBN1:6282.5, TMEM59:6282.5, OSBPL11:6282.5, RHOH:6282.5, RALGAPA1:6282.5, FAM91A1:6282.5, DBT:12258, NIPSNAP2:13103, TFRC:13145, STOM:14175","Unclear",0
"REACTOME_RHOG_GTPASE_CYCLE",-0.0706289490014668,0.0511536310945353,0.334709738605598,64,"CDC42:60, DSG2:565, STBD1:703, ITSN1:829, DOCK1:892, EMD:897, ARHGAP32:1093, OPHN1:1144, MCAM:1194, ARHGAP21:1372, TRIO:1517, ARHGEF16:1601, PAK2:6282.5, DOCK3:6282.5, CAV1:6282.5, DOCK4:6282.5, DOCK2:6282.5, PIK3R1:6282.5, VAV2:6282.5, ERBIN:6282.5, VAMP3:6282.5, PAK4:6282.5, EPHA2:6282.5, ARHGAP39:6282.5, KALRN:6282.5, PLD1:6282.5, VRK2:6282.5, LBR:6282.5, ANKLE2:6282.5, VAPB:6282.5, ESYT1:6282.5, ELMO2:6282.5, CYFIP1:6282.5, MCF2:6282.5, PREX1:6282.5, MCF2L:6282.5, ARHGDIA:6282.5, DIAPH3:6282.5, SHMT2:6282.5, YKT6:6282.5, ARFGAP3:6282.5, LETM1:6282.5, MAP3K11:6282.5, DEPDC1B:6282.5, ARHGDIB:6282.5, PLEKHG3:6282.5, PGRMC2:6282.5, VANGL1:6282.5, ARHGAP1:6282.5, MPP7:6282.5, LEMD3:10855, VAV1:11176, ARHGEF26:11459, STX5:11693, IQGAP2:11882, KTN1:11883, ITGB1:12155, ARHGAP5:12804, LMAN1:12961, TFRC:13145, VAV3:13539, TMPO:13756, NDUFA5:13967, NDUFS3:14726","Both",3
"REACTOME_RHOJ_GTPASE_CYCLE",-0.0401198100325961,0.331983839289392,0.694802817387585,49,"IQGAP3:1, CDC42:60, SCRIB:111, ARHGAP32:1093, OPHN1:1144, ARHGAP21:1372, TRIO:1517, PAK2:6282.5, PIK3R2:6282.5, CAV1:6282.5, DOCK8:6282.5, PIK3R1:6282.5, ARHGEF7:6282.5, VAMP3:6282.5, SNAP23:6282.5, PAK3:6282.5, PAK4:6282.5, PAK1:6282.5, JUP:6282.5, WAS:6282.5, OCRL:6282.5, WWP2:6282.5, GJA1:6282.5, WIPF2:6282.5, ARL13B:6282.5, PREX1:6282.5, DIAPH3:6282.5, FMNL3:6282.5, FNBP1L:6282.5, SLC4A7:6282.5, DEPDC1B:6282.5, ARHGAP26:6282.5, VANGL1:6282.5, ARHGAP1:6282.5, RHOJ:6282.5, GIT2:6282.5, MPP7:6282.5, CDC42BPB:6282.5, FNBP1:12108, ARHGAP5:12804, NIPSNAP2:13103, TFRC:13145, STEAP3:13248, CPNE8:13363, GIT1:13400, TMPO:13756, STOM:14175, WASL:14429, SYDE1:14984","Both",3
"REACTOME_RHOU_GTPASE_CYCLE",-0.0723453179869781,0.133471950415277,0.490203901947727,36,"CDC42:60, IQGAP1:558, ARHGEF6:1661, SPTAN1:1669, PAK2:6282.5, PIK3R2:6282.5, PIK3R1:6282.5, SRC:6282.5, ARHGEF7:6282.5, MYO6:6282.5, NCK2:6282.5, PAK3:6282.5, SPTBN1:6282.5, PAK4:6282.5, EPHA2:6282.5, PAK1:6282.5, NCK1:6282.5, SRGAP2:6282.5, PTK2B:6282.5, PARD6A:6282.5, WWP2:6282.5, STAM2:6282.5, HGS:6282.5, ITSN2:6282.5, ARHGAP31:6282.5, DEPDC1B:6282.5, VANGL1:6282.5, ARHGAP30:6282.5, GIT2:6282.5, DLG5:6282.5, PEAK1:6282.5, RHOU:12032, WDR6:12575, DST:13394, GIT1:13400, STAM:14087","Both",3
"REACTOME_RAC3_GTPASE_CYCLE",-0.0827298338537324,0.00936053256637464,0.141789987395849,83,"CDC42:60, NHS:249, TIAM1:396, DSG2:565, STBD1:703, EMD:897, AMIGO2:977, ARHGAP32:1093, OPHN1:1144, MCAM:1194, ARHGAP21:1372, ARHGAP17:1414, TRIO:1517, PAK2:6282.5, PIK3R2:6282.5, CAV1:6282.5, DOCK10:6282.5, PIK3R1:6282.5, VAV2:6282.5, SLITRK3:6282.5, SLITRK5:6282.5, CYBA:6282.5, NCF4:6282.5, NCF2:6282.5, NCF1:6282.5, BCR:6282.5, ERBIN:6282.5, VAMP3:6282.5, SNAP23:6282.5, PAK4:6282.5, EPHA2:6282.5, ABL2:6282.5, ARHGAP39:6282.5, PAK1:6282.5, SRGAP2:6282.5, RAPGEF1:6282.5, OCRL:6282.5, JAG1:6282.5, VRK2:6282.5, LBR:6282.5, ESYT1:6282.5, WASF1:6282.5, NCKAP1L:6282.5, ABI1:6282.5, ABI2:6282.5, WASF2:6282.5, BAIAP2:6282.5, CYFIP1:6282.5, MCF2:6282.5, PREX1:6282.5, ABR:6282.5, NOX1:6282.5, NOX3:6282.5, DIAPH3:6282.5, NOXA1:6282.5, YKT6:6282.5, DEPDC1B:6282.5, ARAP2:6282.5, ARHGAP6:6282.5, ARHGDIB:6282.5, ARAP3:6282.5, ARHGAP26:6282.5, PGRMC2:6282.5, ARHGAP42:6282.5, VANGL1:6282.5, ARHGAP1:6282.5, ARHGAP15:6282.5, SWAP70:6282.5, GIT2:6282.5, MPP7:6282.5, LEMD3:10855, BAIAP2L1:11304, ITGB1:12155, FERMT2:12229, CYBB:12396, ARHGAP5:12804, LMAN1:12961, TFRC:13145, GIT1:13400, TMPO:13756, TAOK3:14208, RACGAP1:14357, SYDE1:14984","Both",3
"REACTOME_RHOV_GTPASE_CYCLE",-0.032946964586272,0.512862691358301,0.79921472127832,33,"CDC42:60, IQGAP1:558, PAK6:1333, SPTAN1:1669, PAK2:6282.5, PIK3R1:6282.5, ARHGEF7:6282.5, NCK2:6282.5, SPTBN1:6282.5, PAK4:6282.5, EPHA2:6282.5, PAK1:6282.5, NCK1:6282.5, SH3RF1:6282.5, PARD6A:6282.5, PARD6B:6282.5, CCP110:6282.5, CEP97:6282.5, MAP3K11:6282.5, DEPDC1B:6282.5, VANGL1:6282.5, RHOV:6282.5, GIT2:6282.5, DLG5:6282.5, PEAK1:6282.5, ZNF512B:6282.5, WDR6:12575, DST:13394, GIT1:13400, MYO9A:13568, ARHGAP12:14401, WASL:14429, TPM4:14631","Both",3
"REACTOME_RHOT1_GTPASE_CYCLE",-0.0970634386908765,0.452293157521604,0.772278509992157,5,"TRAK1:6282.5, RHOT1:6282.5, TRAK2:6282.5, RAP1GDS1:6282.5, MYO19:6282.5","Unclear",0
"REACTOME_NOTCH3_ACTIVATION_AND_TRANSMISSION_OF_SIGNAL_TO_THE_NUCLEUS",-0.0144364954605242,0.81895462429294,0.939233875864161,21,"RPS27A:59, UBA52:103, JAG2:219, UBB:6282.5, EGFR:6282.5, NCSTN:6282.5, DLL1:6282.5, MIB2:6282.5, TACC3:6282.5, JAG1:6282.5, NEURL1:6282.5, DLL4:6282.5, WWP2:6282.5, NEURL1B:6282.5, NOTCH3:11295, ADAM10:11589, PSEN2:11958, PSEN1:12167, EGF:12763, APH1B:14076, MIB1:14293","Herbivore",1
"REACTOME_NOTCH3_INTRACELLULAR_DOMAIN_REGULATES_TRANSCRIPTION",-0.0180644173344903,0.769419936651166,0.919012845729246,22,"MAML2:776, MAML3:1616, MAMLD1:1665, STAT1:6282.5, CREBBP:6282.5, KAT2A:6282.5, NOTCH1:6282.5, MAML1:6282.5, RBPJ:6282.5, WWC1:6282.5, DLGAP5:6282.5, HEY2:6282.5, HEY1:6282.5, IKZF1:6282.5, HES5:6282.5, SNW1:10866, FABP7:11207, NOTCH3:11295, EP300:11369, HEYL:12680, PLXND1:13669, KAT2B:13850","Unclear",0
"REACTOME_SIGNALING_BY_NOTCH4",-0.0257794487579753,0.497861972481198,0.791549227628984,58,"RPS27A:59, SKP1:68, UBA52:103, ACTA2:121, MAML2:776, PSMB9:1148, MAML3:1616, MAMLD1:1665, PSMD5:6282.5, PSMB5:6282.5, PSMD3:6282.5, PSMD9:6282.5, PSMF1:6282.5, PSMB2:6282.5, PSMA1:6282.5, PSME3:6282.5, AKT1:6282.5, PSMB6:6282.5, PSMD4:6282.5, PSMB4:6282.5, PSMD6:6282.5, UBB:6282.5, PSMD13:6282.5, PSMD12:6282.5, PSMB8:6282.5, PSMB10:6282.5, CREBBP:6282.5, NCSTN:6282.5, KAT2A:6282.5, NOTCH1:6282.5, MAML1:6282.5, RBPJ:6282.5, TACC3:6282.5, FLT4:6282.5, JAG1:6282.5, DLL4:6282.5, NOTCH2:6282.5, HEY2:6282.5, HEY1:6282.5, HES5:6282.5, NOTCH4:6282.5, SNW1:10866, PSMD10:11350, EP300:11369, PSMD1:11428, PSMB1:11506, ADAM10:11589, PSMB7:11603, SEM1:11957, PSEN2:11958, PSMD8:12029, PSEN1:12167, KAT2B:13850, APH1B:14076, FBXW7:14228, PSMD2:14237, PSME2:14297, PSME1:14419","Herbivore",1
"REACTOME_NOTCH4_INTRACELLULAR_DOMAIN_REGULATES_TRANSCRIPTION",-0.109165513026777,0.109002951663146,0.452839451264175,18,"ACTA2:121, MAML2:776, MAML3:1616, MAMLD1:1665, CREBBP:6282.5, KAT2A:6282.5, NOTCH1:6282.5, MAML1:6282.5, RBPJ:6282.5, FLT4:6282.5, NOTCH2:6282.5, HEY2:6282.5, HEY1:6282.5, HES5:6282.5, NOTCH4:6282.5, SNW1:10866, EP300:11369, KAT2B:13850","Both",3
"REACTOME_TICAM1_DEPENDENT_ACTIVATION_OF_IRF3_IRF7",-0.120825389705058,0.185915135702606,0.557745407107817,10,"RPS27A:59, UBA52:103, UBB:6282.5, IRF3:6282.5, TRAF3:6282.5, IRF7:6282.5, TLR3:6282.5, TANK:6282.5, IKBKE:6282.5, TBK1:14571","Herbivore",1
"REACTOME_TICAM1_TRAF6_DEPENDENT_INDUCTION_OF_TAK1_COMPLEX",-0.131070743315641,0.173398665705907,0.539979334175454,9,"RPS27A:59, UBA52:103, TAB1:1736, UBB:6282.5, TAB3:6282.5, TRAF6:6282.5, TLR3:6282.5, MAP3K7:11639, TAB2:12875","Herbivore",1
"REACTOME_ESTROGEN_DEPENDENT_GENE_EXPRESSION",-0.0572822923201926,0.064003877038218,0.369298828473887,88,"POLR2J:39, H4C15:49, H4C14:85, KANK1:107, H4C3:171, H4C2:238, H4C13:295, H2BC15:350, H3C13:387, GREB1:530, H3C11:588, H2AC20:1105, H3C10:1224, H2AC4:1330, H3C8:1344, TNRC6C:1376, H3C4:1469, BCL2:6282.5, MYB:6282.5, H3C1:6282.5, H4C8:6282.5, H2BC4:6282.5, H2BC21:6282.5, H4C11:6282.5, H2BC9:6282.5, H2AC14:6282.5, ERBB4:6282.5, GTF2F1:6282.5, CCNT1:6282.5, CDK9:6282.5, GTF2F2:6282.5, STAG2:6282.5, STAG1:6282.5, HSP90AA1:6282.5, CREBBP:6282.5, ESR1:6282.5, CXCL12:6282.5, NCOA1:6282.5, HSP90AB1:6282.5, NR5A2:6282.5, NCOA3:6282.5, MED1:6282.5, MYC:6282.5, NCOA2:6282.5, JUN:6282.5, CCND1:6282.5, ATF2:6282.5, FOS:6282.5, GPAM:6282.5, TNRC6A:6282.5, TLE3:6282.5, MOV10:6282.5, TBP:6282.5, GTF2A1:6282.5, TGFA:6282.5, SP1:6282.5, FOSB:6282.5, AXIN1:6282.5, NRIP1:6282.5, FKBP4:6282.5, USF2:6282.5, EBAG9:6282.5, USF1:6282.5, TFF3:6282.5, CXXC5:6282.5, ZNF217:6282.5, CTSD:10817, POLR2F:11153, EP300:11369, TNRC6B:11613, POU2F1:11858, H4C1:11869, GATA3:11922, KDM1A:12051, RAD21:12186, HDAC1:12354, PGR:12760, AGO1:12768, FOXA1:13060, KPNA2:13181, KAT2B:13850, H3C2:14121, CHD1:14454, RUNX1:14469, KDM4B:14539, CARM1:14601, JUND:14634, H3-3A:15088","Both",3
"REACTOME_BIOSYNTHESIS_OF_MARESINS",-0.0970525607979379,0.501449025983459,0.791549227628984,4,"ALOX5:6282.5, CYP1A2:6282.5, CYP2E1:6282.5, EPHX2:6282.5","Unclear",0
"REACTOME_INTERLEUKIN_2_SIGNALING",-0.0579828005234623,0.486875552568109,0.791285085325538,12,"SHC1:997, JAK1:6282.5, LCK:6282.5, STAT5A:6282.5, STAT5B:6282.5, JAK3:6282.5, IL2RG:6282.5, IL2RB:6282.5, PTK2B:6282.5, IL2RA:6282.5, IL2:11247, SYK:13613","Unclear",0
"REACTOME_INTERLEUKIN_1_SIGNALING",-0.0154712071501301,0.616904295362721,0.854941156448105,88,"RPS27A:59, SKP1:68, UBA52:103, NLRX1:377, IKBKG:445, NOD1:499, PSMB9:1148, SQSTM1:1531, PSMB11:1646, TAB1:1736, PSMD5:6282.5, PSMB5:6282.5, PSMD3:6282.5, PSMD9:6282.5, PSMF1:6282.5, PSMB2:6282.5, TRAF2:6282.5, PSMA1:6282.5, PSME3:6282.5, TP53:6282.5, PSMB6:6282.5, PSMA8:6282.5, PSMD4:6282.5, PSMB4:6282.5, PSMD6:6282.5, UBB:6282.5, PSMD13:6282.5, PSMD12:6282.5, PSMB8:6282.5, PSMB10:6282.5, APP:6282.5, NFKBIA:6282.5, NFKBIB:6282.5, NFKB1:6282.5, RELA:6282.5, CHUK:6282.5, USP18:6282.5, S100B:6282.5, MAP2K6:6282.5, ALPK1:6282.5, TOLLIP:6282.5, IRAK3:6282.5, RIPK2:6282.5, MAP3K8:6282.5, IL1B:6282.5, IRAK2:6282.5, NLRC5:6282.5, TIFA:6282.5, TAB3:6282.5, LRRC14:6282.5, S100A12:6282.5, IKBIP:6282.5, NOD2:6282.5, TNIP2:6282.5, PELI3:6282.5, TRAF6:6282.5, IRAK1:6282.5, NKIRAS1:6282.5, IRAK4:6282.5, MAP3K3:6282.5, AGER:6282.5, UBE2V1:6282.5, PELI2:11126, CASP8:11211, PSMD10:11350, PSMD1:11428, PSMB1:11506, BTRC:11532, N4BP1:11551, PSMB7:11603, USP14:11617, MAP3K7:11639, MYD88:11646, UBE2N:11716, PSME4:11744, SEM1:11957, PSMD8:12029, NFKB2:12055, IL1RN:12380, TAB2:12875, IL1R1:14125, IL1A:14189, PSMD2:14237, IKBKB:14262, PSME2:14297, IL1RAP:14387, PSME1:14419, IL1R2:15068","Herbivore",1
"REACTOME_INTERLEUKIN_23_SIGNALING",-0.00803060881264717,0.93731586325018,0.986561880583814,8,"P4HB:814, STAT4:1753, JAK2:6282.5, TYK2:6282.5, IL23A:6282.5, IL12RB1:11568, IL12B:13207, IL23R:14503","Unclear",0
"REACTOME_INTERLEUKIN_27_SIGNALING",-0.00331950207468878,0.971010525880414,0.993542078100278,10,"JAK2:6282.5, TYK2:6282.5, STAT1:6282.5, JAK1:6282.5, CRLF1:6282.5, EBI3:6282.5, CANX:6282.5, IL27:6282.5, IL6ST:12566, IL27RA:14079","Unclear",0
"REACTOME_INTERLEUKIN_21_SIGNALING",-0.169195883481598,0.0788581373016757,0.392700206381642,9,"IL21R:762, STAT4:1753, STAT1:6282.5, JAK1:6282.5, STAT5A:6282.5, STAT5B:6282.5, JAK3:6282.5, IL2RG:6282.5, IL21:6282.5","Unclear",0
"REACTOME_LOSS_OF_MECP2_BINDING_ABILITY_TO_THE_NCOR_SMRT_COMPLEX",-0.167675409101098,0.194159661902309,0.561781985098166,5,"GPS2:803, NCOR1:6282.5, TBL1X:6282.5, NCOR2:6282.5, MECP2:6282.5","Unclear",0
"REACTOME_REGULATION_OF_MECP2_EXPRESSION_AND_ACTIVITY",-0.0190133992065274,0.763066606937893,0.919008590326753,21,"CAMK2B:23, GPS2:803, TNRC6C:1376, CAMK2A:6282.5, CAMK2G:6282.5, NCOR1:6282.5, TBL1X:6282.5, NCOR2:6282.5, TNRC6A:6282.5, MOV10:6282.5, LBR:6282.5, AURKB:6282.5, HIPK2:6282.5, MECP2:6282.5, PRKACA:10858, CAMK4:11388, TNRC6B:11613, HDAC1:12354, AGO1:12768, CAMK2D:12869, SIN3A:13376","Herbivore",1
"REACTOME_ACTIVATED_NTRK2_SIGNALS_THROUGH_RAS",-0.0865276843757005,0.502848031751069,0.791820961787928,5,"SHC1:997, SOS1:6282.5, BDNF:6282.5, NTF4:6282.5, NTRK2:12259","Unclear",0
"REACTOME_ERYTHROPOIETIN_ACTIVATES_PHOSPHOINOSITIDE_3_KINASE_PI3K",-0.0184448794812186,0.832284081265394,0.944586670524788,11,"PIK3R5:237, JAK2:6282.5, PIK3CG:6282.5, PIK3CA:6282.5, PIK3R1:6282.5, EPO:6282.5, PIK3CD:6282.5, EPOR:6282.5, GAB1:11916, PIK3CB:12691, LYN:13217","Unclear",0
"REACTOME_ERYTHROPOIETIN_ACTIVATES_PHOSPHOLIPASE_C_GAMMA_PLCG",-0.0746926727197997,0.526381176082696,0.808950750745418,6,"PLCG1:1240, JAK2:6282.5, PLCG2:6282.5, EPO:6282.5, EPOR:6282.5, LYN:13217","Unclear",0
"REACTOME_ERYTHROPOIETIN_ACTIVATES_STAT5",-0.0203078877554833,0.863240538573694,0.955983366645069,6,"JAK2:6282.5, STAT5A:6282.5, STAT5B:6282.5, EPO:6282.5, EPOR:6282.5, LYN:13217","Unclear",0
"REACTOME_BIOSYNTHESIS_OF_MARESIN_LIKE_SPMS",-0.09703081232493,0.634593051011292,0.860926464238795,2,"CYP1A2:6282.5, CYP2E1:6282.5","Unclear",0
"REACTOME_ACTIVATED_NTRK2_SIGNALS_THROUGH_FRS2_AND_FRS3",-0.0408552210121717,0.708198624141905,0.899052538991965,7,"PTPN11:6282.5, SOS1:6282.5, FRS2:6282.5, FRS3:6282.5, BDNF:6282.5, NTF4:6282.5, NTRK2:12259","Unclear",0
"REACTOME_ACTIVATED_NTRK2_SIGNALS_THROUGH_FYN",-0.086684599865501,0.502073789627583,0.791549227628984,5,"GRIN2B:988, DOCK3:6282.5, SRC:6282.5, BDNF:6282.5, NTRK2:12259","Unclear",0
"REACTOME_ACTIVATED_NTRK2_SIGNALS_THROUGH_CDK5",-0.0917002838786792,0.582265576178485,0.844714916728091,3,"TIAM1:396, BDNF:6282.5, NTRK2:12259","Unclear",0
"REACTOME_TYSND1_CLEAVES_PEROXISOMAL_PROTEINS",-0.0226297245355541,0.835766275596341,0.945349181242286,7,"HSD17B4:1037, SCP2:6282.5, ACOX1:6282.5, PHYH:6282.5, TYSND1:6282.5, ACAA1:11783, AGPS:13775","Unclear",0
"REACTOME_SIGNALING_BY_NTRK3_TRKC",-0.144647141057282,0.0710394555149072,0.374515024249642,13,"SHC1:997, IRS1:1149, PLCG1:1240, SOS1:6282.5, PIK3CA:6282.5, PIK3R1:6282.5, SRC:6282.5, PTPRS:6282.5, NTRK3:6282.5, NELFB:6282.5, PTPRO:6282.5, NTF3:6282.5, BAX:12100","Unclear",0
"REACTOME_ACTIVATED_NTRK3_SIGNALS_THROUGH_RAS",-0.182253726325227,0.206827465532175,0.578154915278312,4,"SHC1:997, SOS1:6282.5, NTRK3:6282.5, NTF3:6282.5","Unclear",0
"REACTOME_RHOF_GTPASE_CYCLE",-0.0177180555133311,0.709485457757778,0.899052538991965,37,"MTMR1:399, ARHGAP32:1093, MCAM:1194, ARHGAP21:1372, CAPZB:1373, LMNB1:6282.5, ACTN1:6282.5, ACTB:6282.5, PIK3R2:6282.5, CAV1:6282.5, PIK3R1:6282.5, DIAPH1:6282.5, VAMP3:6282.5, SNAP23:6282.5, ARHGAP39:6282.5, SRGAP2:6282.5, ESYT1:6282.5, RHOF:6282.5, DIAPH3:6282.5, SLC4A7:6282.5, ADD3:6282.5, DEPDC1B:6282.5, FARP1:6282.5, VANGL1:6282.5, ARHGAP1:6282.5, BAIAP2L2:6282.5, TOR1AIP1:6282.5, DIAPH2:11224, BAIAP2L1:11304, SENP1:11481, ARHGAP5:12804, STEAP3:13248, TMPO:13756, MYO9B:13949, ARHGAP12:14401, SYDE1:14984, FAM169A:15007","Both",3
"REACTOME_MEIOTIC_RECOMBINATION",-0.16606287138202,8.38367930785605e-05,0.00795567041687603,47,"H4C15:49, H4C14:85, H4C3:171, H4C2:238, H4C13:295, H2BC15:350, H3C13:387, BLM:414, TOP3A:519, H3C11:588, MSH5:979, H2AC20:1105, H3C10:1224, MLH1:1239, ATM:1269, H2AC4:1330, H3C8:1344, H3C4:1469, RPA1:1675, MRE11:1742, CDK2:6282.5, H3C1:6282.5, RPA2:6282.5, H4C8:6282.5, H2BC4:6282.5, H2BC21:6282.5, H4C11:6282.5, H2BC9:6282.5, H2AC14:6282.5, BRCA1:6282.5, SPO11:6282.5, RBBP8:6282.5, NBN:6282.5, RAD50:6282.5, MLH3:6282.5, MND1:6282.5, PSMC3IP:6282.5, BRCA2:6282.5, CDK4:10976, DMC1:11054, TEX15:11708, H4C1:11869, RAD51C:12796, MSH4:12923, RPA3:13748, H3C2:14121, H3-3A:15088","Both",3
"REACTOME_INTERLEUKIN_RECEPTOR_SHC_SIGNALING",-0.029114717885357,0.621729355649518,0.858606632108315,24,"SHC1:997, JAK2:6282.5, JAK1:6282.5, PIK3R2:6282.5, PTPN6:6282.5, SOS1:6282.5, PIK3CA:6282.5, PIK3R1:6282.5, GAB2:6282.5, JAK3:6282.5, IL2RG:6282.5, PIK3CD:6282.5, IL5RA:6282.5, CSF2RB:6282.5, IL2RB:6282.5, IL5:6282.5, IL2RA:6282.5, CSF2:6282.5, INPPL1:6282.5, IL2:11247, INPP5D:11828, PIK3R3:12489, PIK3CB:12691, IL3RA:13179","Unclear",0
"REACTOME_REGULATION_OF_IFNA_IFNB_SIGNALING",-0.00191624602729484,0.981667658383338,0.998038638143526,12,"TYK2:6282.5, STAT1:6282.5, JAK1:6282.5, PTPN11:6282.5, SOCS3:6282.5, PTPN6:6282.5, PTPN1:6282.5, USP18:6282.5, SOCS1:6282.5, IFNAR2:6282.5, STAT2:14604, IFNAR1:14875","Both",3
"REACTOME_INTERFERON_SIGNALING",-0.00685599630644046,0.787304362671481,0.924160003838985,131,"CAMK2B:23, RPS27A:59, UBA52:103, NUP88:192, ISG20:432, NUP153:528, IFIT3:584, NUP50:643, TRIM26:881, IFIT2:970, TRIM14:1049, PLCG1:1240, TRIM17:1248, RAE1:1313, MID1:1416, NUP214:1425, IFI35:1432, TRIM45:1536, TRIM10:1636, JAK2:6282.5, TYK2:6282.5, STAT1:6282.5, JAK1:6282.5, PTPN11:6282.5, SOCS3:6282.5, MAPK3:6282.5, UBB:6282.5, PSMB8:6282.5, PTPN6:6282.5, PTPN1:6282.5, FLNA:6282.5, TRIM25:6282.5, UBE2L6:6282.5, ISG15:6282.5, CAMK2A:6282.5, CAMK2G:6282.5, TPR:6282.5, NDC1:6282.5, NEDD4:6282.5, AAAS:6282.5, NUP188:6282.5, NUP93:6282.5, OAS3:6282.5, NUP155:6282.5, EIF4G1:6282.5, NUP43:6282.5, IRF3:6282.5, NUP210:6282.5, OASL:6282.5, FLNB:6282.5, PPM1B:6282.5, HERC5:6282.5, NUP58:6282.5, EIF4E:6282.5, SEC13:6282.5, MX1:6282.5, USP41:6282.5, NUP35:6282.5, EIF4E3:6282.5, PDE12:6282.5, MX2:6282.5, USP18:6282.5, NUP62:6282.5, FCGR1A:6282.5, B2M:6282.5, SOCS1:6282.5, PML:6282.5, NCAM1:6282.5, IFNGR1:6282.5, SMAD7:6282.5, TRIM35:6282.5, TRIM3:6282.5, TRIM38:6282.5, TRIM62:6282.5, EGR1:6282.5, IRF5:6282.5, TRIM21:6282.5, XAF1:6282.5, RSAD2:6282.5, TRIM29:6282.5, IRF8:6282.5, IFIT5:6282.5, IFNAR2:6282.5, IFNGR2:6282.5, TRIM46:6282.5, HLA-DPA1:6282.5, PTAFR:6282.5, CIITA:6282.5, IRF7:6282.5, HLA-DRA:6282.5, KPNA5:10869, NUP205:10887, IRF6:10910, EIF4G3:11354, PIAS1:11372, TRIM8:11476, NUP160:11681, NUP37:11698, UBE2N:11716, NUP85:11843, PTPN2:12075, IRF1:12085, NUP107:12122, UBA7:12375, IFI30:12379, NUP42:12532, CD44:12766, IP6K2:12837, CAMK2D:12869, NUP54:12910, KPNA7:12942, IFIT1:13180, KPNA2:13181, NUP98:13246, NUP133:13372, IRF4:13620, SAMHD1:13792, IRF9:13904, PRKCD:14207, RNASEL:14233, SEH1L:14240, IRF2:14261, IFNG:14476, TRIM68:14557, STAT2:14604, TRIM2:14620, EIF2AK2:14627, OAS2:14751, ICAM1:14774, VCAM1:14874, IFNAR1:14875","Herbivore",1
"REACTOME_ENDOSOMAL_SORTING_COMPLEX_REQUIRED_FOR_TRANSPORT_ESCRT",-0.0485986881335719,0.391375816547749,0.739675678444017,26,"RPS27A:59, UBA52:103, CHMP6:1221, UBB:6282.5, VTA1:6282.5, TSG101:6282.5, CHMP4B:6282.5, VPS37B:6282.5, MVB12A:6282.5, VPS37A:6282.5, VPS28:6282.5, CHMP4C:6282.5, VPS37C:6282.5, VPS37D:6282.5, MVB12B:6282.5, CHMP4A:6282.5, STAM2:6282.5, HGS:6282.5, VPS36:6282.5, SNF8:6282.5, CHMP7:11424, UBAP1:11474, CHMP3:11536, VPS4A:11911, VPS4B:13459, STAM:14087","Herbivore",1
"REACTOME_NONSENSE_MEDIATED_DECAY_NMD",-0.0837983316424304,0.0303604710508485,0.27587631678156,56,"MAGOH:27, ETF1:38, RPS27A:59, RPL34:66, RPL19:69, SMG5:94, UBA52:103, RPS26:138, RPL31:169, RPS7:178, RPS23:180, RPL8:184, RPS17:201, RPL17:206, RPL13:905, NCBP1:6282.5, EIF4G1:6282.5, RPS5:6282.5, RPLP0:6282.5, RPL3:6282.5, GSPT1:6282.5, RPS10:6282.5, UPF3B:6282.5, RPL3L:6282.5, RPS2:6282.5, RPL32:6282.5, UPF2:6282.5, RPL10L:6282.5, UPF3A:6282.5, RPL38:6282.5, RPL15:6282.5, RPLP2:6282.5, RPS27L:6282.5, RPL14:6282.5, GSPT2:6282.5, RPL36A:6282.5, PPP2R2A:6282.5, DCP1A:6282.5, SMG9:6282.5, SMG7:6282.5, SMG1:6282.5, PNRC2:6282.5, RPL7:12006, RPL6:12073, RPL4:12176, SMG6:12323, UPF1:12431, CASC3:12659, RPS3:12824, RPL9:12853, SMG8:13243, RPS15:14780, RPS27:14996, RPS15A:15066, RPS14:15087, RPL23:15099","Herbivore",1
"REACTOME_TRAF6_MEDIATED_IRF7_ACTIVATION",-0.00892756968152458,0.907955866453934,0.973851533144821,14,"TRAF2:6282.5, TRIM25:6282.5, IRF3:6282.5, CREBBP:6282.5, TRAF6:6282.5, IRF7:6282.5, TRIM4:6282.5, TANK:6282.5, IKBKE:6282.5, IFIH1:6282.5, RNF135:6282.5, EP300:11369, SIKE1:11559, TBK1:14571","Unclear",0
"REACTOME_TRAF6_MEDIATED_NF_KB_ACTIVATION",-0.0701470753340069,0.277729034024286,0.645795277135166,20,"IKBKG:445, TRAF2:6282.5, APP:6282.5, TRIM25:6282.5, NFKBIA:6282.5, NFKBIB:6282.5, NFKB1:6282.5, RELA:6282.5, CHUK:6282.5, S100B:6282.5, S100A12:6282.5, TRAF6:6282.5, NKIRAS1:6282.5, AGER:6282.5, TRIM4:6282.5, MAP3K1:6282.5, IFIH1:6282.5, RNF135:6282.5, NFKB2:12055, IKBKB:14262","Unclear",0
"REACTOME_NEGATIVE_REGULATORS_OF_DDX58_IFIH1_SIGNALING",-0.02942931770797,0.583641330488421,0.844714916728091,29,"UBE2D1:11, RPS27A:59, UBA52:103, NLRX1:377, UBB:6282.5, TRIM25:6282.5, UBE2L6:6282.5, ISG15:6282.5, IRF3:6282.5, HERC5:6282.5, UBE2D2:6282.5, TRAF3:6282.5, NLRC5:6282.5, TRIM4:6282.5, IKBKE:6282.5, ATG5:6282.5, OTUD5:6282.5, CYLD:6282.5, TAX1BP1:6282.5, IFIH1:6282.5, TNFAIP3:6282.5, RNF135:6282.5, UBA7:12375, RNF125:12921, ATG12:13199, ITCH:14022, TBK1:14571, RNF216:14733, UBE2K:15061","Herbivore",1
"REACTOME_ACTIVATION_OF_IRF3_IRF7_MEDIATED_BY_TBK1_IKK_EPSILON",-0.111243267504488,0.135922879480329,0.496090995350268,15,"RPS27A:59, UBA52:103, TICAM2:290, PTPN11:6282.5, TLR4:6282.5, LY96:6282.5, UBB:6282.5, IRF3:6282.5, TRAF3:6282.5, IRF7:6282.5, SARM1:6282.5, TANK:6282.5, IKBKE:6282.5, CD14:12499, TBK1:14571","Herbivore",1
"REACTOME_IRAK1_RECRUITS_IKK_COMPLEX",-0.094326042250888,0.258018003271032,0.626119057735762,12,"RPS27A:59, UBA52:103, IKBKG:445, UBB:6282.5, CHUK:6282.5, PELI3:6282.5, TRAF6:6282.5, IRAK1:6282.5, UBE2V1:6282.5, PELI2:11126, UBE2N:11716, IKBKB:14262","Herbivore",1
"REACTOME_IKK_COMPLEX_RECRUITMENT_MEDIATED_BY_RIP1",-0.124424609857415,0.0541906553349543,0.348949112746152,20,"UBE2D1:11, RPS27A:59, BIRC3:75, UBA52:103, TICAM2:290, IKBKG:445, BIRC2:6282.5, TLR4:6282.5, LY96:6282.5, UBB:6282.5, CHUK:6282.5, UBE2D2:6282.5, TRAF6:6282.5, UBE2V1:6282.5, RIPK3:6282.5, SARM1:6282.5, UBE2N:11716, CD14:12499, RIPK1:13907, IKBKB:14262","Herbivore",1
"REACTOME_IRAK2_MEDIATED_ACTIVATION_OF_TAK1_COMPLEX",-0.131070743315641,0.173398665705907,0.539979334175454,9,"RPS27A:59, UBA52:103, TAB1:1736, UBB:6282.5, IRAK2:6282.5, TAB3:6282.5, TRAF6:6282.5, MAP3K7:11639, TAB2:12875","Herbivore",1
"REACTOME_TRAF6_MEDIATED_INDUCTION_OF_TAK1_COMPLEX_WITHIN_TLR4_COMPLEX",-0.117140292670417,0.129257664641197,0.487555584410206,14,"RPS27A:59, UBA52:103, TICAM2:290, TAB1:1736, TLR4:6282.5, LY96:6282.5, UBB:6282.5, IRAK2:6282.5, TAB3:6282.5, TRAF6:6282.5, SARM1:6282.5, MAP3K7:11639, CD14:12499, TAB2:12875","Herbivore",1
"REACTOME_MOLYBDENUM_COFACTOR_BIOSYNTHESIS",-0.00952701188074423,0.941192510853727,0.987968538937784,5,"MOCOS:6282.5, MOCS3:6282.5, MOCS1:6282.5, MOCS2:6282.5, NFS1:12906","Unclear",0
"REACTOME_ACTIVATED_NTRK3_SIGNALS_THROUGH_PI3K",-0.152449276986885,0.1959876116507,0.562134914815098,6,"IRS1:1149, PIK3CA:6282.5, PIK3R1:6282.5, SRC:6282.5, NTRK3:6282.5, NTF3:6282.5","Unclear",0
"REACTOME_NEGATIVE_REGULATION_OF_NOTCH4_SIGNALING",-0.0168440478631574,0.734183736725304,0.904799102939707,34,"RPS27A:59, SKP1:68, UBA52:103, PSMB9:1148, PSMD5:6282.5, PSMB5:6282.5, PSMD3:6282.5, PSMD9:6282.5, PSMF1:6282.5, PSMB2:6282.5, PSMA1:6282.5, PSME3:6282.5, AKT1:6282.5, PSMB6:6282.5, PSMD4:6282.5, PSMB4:6282.5, PSMD6:6282.5, UBB:6282.5, PSMD13:6282.5, PSMD12:6282.5, PSMB8:6282.5, PSMB10:6282.5, TACC3:6282.5, NOTCH4:6282.5, PSMD10:11350, PSMD1:11428, PSMB1:11506, PSMB7:11603, SEM1:11957, PSMD8:12029, FBXW7:14228, PSMD2:14237, PSME2:14297, PSME1:14419","Herbivore",1
"REACTOME_DISEASES_OF_BASE_EXCISION_REPAIR",-0.143577673167451,0.266235288017948,0.63495286262924,5,"NEIL1:919, NEIL3:1774, OGG1:6282.5, MUTYH:6282.5, NTHL1:12439","Unclear",0
"REACTOME_FLT3_SIGNALING",-0.0564684725188266,0.284820909966729,0.65004063375951,30,"RPS27A:59, UBA52:103, CBL:878, PTPN11:6282.5, AKT2:6282.5, AKT1:6282.5, UBB:6282.5, CSK:6282.5, SOS1:6282.5, PIK3CA:6282.5, PIK3R1:6282.5, LCK:6282.5, GAB2:6282.5, STAT5A:6282.5, STAT5B:6282.5, FOXO3:6282.5, SOCS2:6282.5, GRB10:6282.5, ABL2:6282.5, GRAP2:6282.5, SLA2:6282.5, HCK:6282.5, CDKN1B:6282.5, PTPRJ:6282.5, SOCS6:6282.5, SH2B3:11515, FLT3:12596, SYK:13613, BCL2L11:14495, SLA:14699","Herbivore",1
"REACTOME_INSERTION_OF_TAIL_ANCHORED_PROTEINS_INTO_THE_ENDOPLASMIC_RETICULUM_MEMBRANE",-0.0169670561827425,0.808707622376034,0.935705178440666,17,"OTOF:479, EMD:897, APP:6282.5, STX1A:6282.5, PRNP:6282.5, HMOX1:6282.5, UBE2J2:6282.5, ALDH3A2:6282.5, BAG6:6282.5, UBL4A:6282.5, GET1:6282.5, GET4:6282.5, CAMLG:11199, STX5:11693, SGTA:12411, VAPA:13575, CYB5A:14050","Unclear",0
"REACTOME_HCMV_INFECTION",-0.0565188759702475,0.0461219196948153,0.323571288753899,105,"H4C15:49, H4C14:85, H4C3:171, NUP88:192, H4C2:238, H4C13:295, H2BC15:350, H3C13:387, NUP153:528, TUBB4A:543, H3C11:588, NUP50:643, TUBA4A:786, GPS2:803, H2AC20:1105, CHMP6:1221, H3C10:1224, RAE1:1313, H2AC4:1330, H3C8:1344, NUP214:1425, H3C4:1469, CHMP1A:1621, DYNLL2:6282.5, TUBB1:6282.5, TUBA1B:6282.5, TUBB2A:6282.5, TUBB2B:6282.5, TUBAL3:6282.5, TUBA8:6282.5, TUBB4B:6282.5, H3C1:6282.5, H4C8:6282.5, H2BC4:6282.5, H2BC21:6282.5, H4C11:6282.5, H2BC9:6282.5, H2AC14:6282.5, NFKB1:6282.5, TPR:6282.5, NDC1:6282.5, AAAS:6282.5, NUP188:6282.5, NUP93:6282.5, NUP155:6282.5, NUP43:6282.5, NUP210:6282.5, NUP58:6282.5, SEC13:6282.5, NUP35:6282.5, NUP62:6282.5, EGFR:6282.5, NCOR1:6282.5, EED:6282.5, TBL1X:6282.5, EZH2:6282.5, PML:6282.5, SUZ12:6282.5, NCOR2:6282.5, ELK1:6282.5, DYNC1I2:6282.5, DYNC1LI2:6282.5, DYNC1H1:6282.5, TSG101:6282.5, CHMP4B:6282.5, VPS37B:6282.5, MVB12A:6282.5, VPS37A:6282.5, VPS28:6282.5, CHMP4C:6282.5, VPS37C:6282.5, VPS37D:6282.5, MVB12B:6282.5, CHMP4A:6282.5, VPS36:6282.5, SNF8:6282.5, H2AC13:6282.5, NUP205:10887, CHMP7:11424, UBAP1:11474, CHMP3:11536, NUP160:11681, NUP37:11698, NUP85:11843, H4C1:11869, VPS4A:11911, RBBP7:11998, NUP107:12122, ITGB1:12155, NUP42:12532, TUBA1A:12546, NUP54:12910, TRIM28:13107, NUP98:13246, NUP133:13372, DYNC1I1:13489, DYNC1LI1:13804, H3C2:14121, SEH1L:14240, H2BC18:14769, RBBP4:14816, DAXX:14999, DYNLL1:15080, TUBB8B:15090, TUBB8:15095","Both",3
"REACTOME_HCMV_EARLY_EVENTS",-0.0560772615956839,0.0730257721556596,0.379439386733874,86,"H4C15:49, H4C14:85, H4C3:171, NUP88:192, H4C2:238, H4C13:295, H2BC15:350, H3C13:387, NUP153:528, TUBB4A:543, H3C11:588, NUP50:643, TUBA4A:786, GPS2:803, H2AC20:1105, H3C10:1224, RAE1:1313, H2AC4:1330, H3C8:1344, NUP214:1425, H3C4:1469, DYNLL2:6282.5, TUBB1:6282.5, TUBA1B:6282.5, TUBB2A:6282.5, TUBB2B:6282.5, TUBAL3:6282.5, TUBA8:6282.5, TUBB4B:6282.5, H3C1:6282.5, H4C8:6282.5, H2BC4:6282.5, H2BC21:6282.5, H4C11:6282.5, H2BC9:6282.5, H2AC14:6282.5, NFKB1:6282.5, TPR:6282.5, NDC1:6282.5, AAAS:6282.5, NUP188:6282.5, NUP93:6282.5, NUP155:6282.5, NUP43:6282.5, NUP210:6282.5, NUP58:6282.5, SEC13:6282.5, NUP35:6282.5, NUP62:6282.5, EGFR:6282.5, NCOR1:6282.5, EED:6282.5, TBL1X:6282.5, EZH2:6282.5, PML:6282.5, SUZ12:6282.5, NCOR2:6282.5, ELK1:6282.5, DYNC1I2:6282.5, DYNC1LI2:6282.5, DYNC1H1:6282.5, H2AC13:6282.5, NUP205:10887, NUP160:11681, NUP37:11698, NUP85:11843, H4C1:11869, RBBP7:11998, NUP107:12122, ITGB1:12155, NUP42:12532, TUBA1A:12546, NUP54:12910, TRIM28:13107, NUP98:13246, NUP133:13372, DYNC1I1:13489, DYNC1LI1:13804, H3C2:14121, SEH1L:14240, H2BC18:14769, RBBP4:14816, DAXX:14999, DYNLL1:15080, TUBB8B:15090, TUBB8:15095","Both",3
"REACTOME_ASSEMBLY_AND_CELL_SURFACE_PRESENTATION_OF_NMDA_RECEPTORS",-0.0993610308173646,0.0451712116091601,0.322588153954719,34,"CAMK2B:23, GRIN3B:214, LIN7C:227, TUBB4A:543, NBEA:606, GRIN2A:659, TUBA4A:786, GRIN2B:988, ACTN2:6282.5, TUBB1:6282.5, TUBA1B:6282.5, TUBB2A:6282.5, TUBB2B:6282.5, TUBAL3:6282.5, TUBA8:6282.5, TUBB4B:6282.5, CAMK2A:6282.5, CAMK2G:6282.5, APBA1:6282.5, LRRC7:6282.5, DLG3:6282.5, GRIN2D:6282.5, KIF17:6282.5, DLG4:6282.5, DLG2:6282.5, GRIN2C:6282.5, GRIN1:6282.5, GRIN3A:6282.5, NEFL:11217, TUBA1A:12546, CAMK2D:12869, DLG1:14328, TUBB8B:15090, TUBB8:15095","Unclear",0
"REACTOME_HCMV_LATE_EVENTS",-0.100180648074969,0.00382867543043862,0.0862887725135105,70,"H4C15:49, H4C14:85, H4C3:171, NUP88:192, H4C2:238, H4C13:295, H2BC15:350, H3C13:387, NUP153:528, H3C11:588, NUP50:643, H2AC20:1105, CHMP6:1221, H3C10:1224, RAE1:1313, H2AC4:1330, H3C8:1344, NUP214:1425, H3C4:1469, CHMP1A:1621, H3C1:6282.5, H4C8:6282.5, H2BC4:6282.5, H2BC21:6282.5, H4C11:6282.5, H2BC9:6282.5, H2AC14:6282.5, TPR:6282.5, NDC1:6282.5, AAAS:6282.5, NUP188:6282.5, NUP93:6282.5, NUP155:6282.5, NUP43:6282.5, NUP210:6282.5, NUP58:6282.5, SEC13:6282.5, NUP35:6282.5, NUP62:6282.5, TSG101:6282.5, CHMP4B:6282.5, VPS37B:6282.5, MVB12A:6282.5, VPS37A:6282.5, VPS28:6282.5, CHMP4C:6282.5, VPS37C:6282.5, VPS37D:6282.5, MVB12B:6282.5, CHMP4A:6282.5, VPS36:6282.5, SNF8:6282.5, H2AC13:6282.5, NUP205:10887, CHMP7:11424, UBAP1:11474, CHMP3:11536, NUP160:11681, NUP37:11698, NUP85:11843, H4C1:11869, VPS4A:11911, NUP107:12122, NUP42:12532, NUP54:12910, NUP98:13246, NUP133:13372, H3C2:14121, SEH1L:14240, H2BC18:14769","Both",3
"REACTOME_AUTOPHAGY",-0.0315658315110112,0.24811816888279,0.615673787282348,113,"RPS27A:59, UBA52:103, RRAGA:145, TSC1:428, NBR1:510, TUBB4A:543, TUBA4A:786, CHMP6:1221, ATM:1269, PRKAA2:1324, SQSTM1:1531, TSC2:1719, VIM:6282.5, UBB:6282.5, DYNLL2:6282.5, TUBB1:6282.5, MFN2:6282.5, TUBA1B:6282.5, TUBB2A:6282.5, TUBB2B:6282.5, TUBAL3:6282.5, TUBA8:6282.5, TUBB4B:6282.5, SRC:6282.5, PRKAG2:6282.5, PRKAB1:6282.5, PIK3C3:6282.5, HSP90AA1:6282.5, EPAS1:6282.5, GFAP:6282.5, HSP90AB1:6282.5, CSNK2B:6282.5, TOMM22:6282.5, UBE2V1:6282.5, DYNC1I2:6282.5, ATG14:6282.5, DYNC1LI2:6282.5, PRKN:6282.5, DYNC1H1:6282.5, MTOR:6282.5, MTMR3:6282.5, EEF1A1:6282.5, HDAC6:6282.5, TSG101:6282.5, CHMP4B:6282.5, VPS37B:6282.5, MVB12A:6282.5, VPS37A:6282.5, VPS28:6282.5, CHMP4C:6282.5, VPS37C:6282.5, VPS37D:6282.5, MVB12B:6282.5, CHMP4A:6282.5, PCNT:6282.5, RRAGD:6282.5, RRAGB:6282.5, LAMTOR2:6282.5, RPTOR:6282.5, SLC38A9:6282.5, ATG5:6282.5, IFT88:6282.5, ARL13B:6282.5, CFTR:6282.5, ULK1:6282.5, PARK7:6282.5, HSF1:6282.5, WIPI1:6282.5, PLIN2:6282.5, MTERF3:6282.5, PINK1:6282.5, PGAM5:6282.5, UVRAG:6282.5, USP30:6282.5, PEX5:6282.5, RB1CC1:6282.5, ATG16L1:6282.5, ATG4A:6282.5, AMBRA1:6282.5, ATG3:6282.5, ATG10:6282.5, WIPI2:6282.5, ATG4B:6282.5, WDR45:6282.5, ATG9A:6282.5, PLIN3:10962, RRAGC:11048, PRKAB2:11287, PIK3R4:11306, CHMP7:11424, UBAP1:11474, CHMP3:11536, UBE2N:11716, LAMP2:11729, CETN1:11734, PRKAG1:11774, GABARAPL1:11891, TOMM40:12094, BECN1:12304, TUBA1A:12546, TOMM70:12639, MTMR14:12770, MFN1:12949, PRKAA1:12980, ATG7:12999, ATG12:13199, ATG4C:13350, DYNC1I1:13489, DYNC1LI1:13804, ATG13:14284, DYNLL1:15080, TUBB8B:15090, TUBB8:15095","Herbivore",1
"REACTOME_LIPOPHAGY",-0.00190582959641256,0.986070130622207,0.998811486242606,7,"PRKAA2:1324, PRKAG2:6282.5, PRKAB1:6282.5, PLIN2:6282.5, PLIN3:10962, PRKAB2:11287, PRKAG1:11774","Unclear",0
"REACTOME_CHAPERONE_MEDIATED_AUTOPHAGY",-0.0849951983637021,0.212089916839532,0.586051598221008,18,"RPS27A:59, UBA52:103, VIM:6282.5, UBB:6282.5, HSP90AA1:6282.5, GFAP:6282.5, HSP90AB1:6282.5, EEF1A1:6282.5, HDAC6:6282.5, PCNT:6282.5, IFT88:6282.5, ARL13B:6282.5, CFTR:6282.5, PARK7:6282.5, PLIN2:6282.5, PLIN3:10962, LAMP2:11729, CETN1:11734","Herbivore",1
"REACTOME_REGULATION_OF_LOCALIZATION_OF_FOXO_TRANSCRIPTION_FACTORS",-0.097085201793722,0.373787163624153,0.727009984912997,7,"AKT2:6282.5, AKT1:6282.5, SFN:6282.5, FOXO3:6282.5, FOXO1:6282.5, FOXO4:6282.5, FOXO6:6282.5","Unclear",0
"REACTOME_FOXO_MEDIATED_TRANSCRIPTION_OF_CELL_DEATH_GENES",-0.0339311759708932,0.660350937099154,0.87617248615507,14,"BBC3:6282.5, FASLG:6282.5, FOXO3:6282.5, CREBBP:6282.5, CITED2:6282.5, FOXO1:6282.5, BCL6:6282.5, STK11:6282.5, NFYC:6282.5, FOXO4:6282.5, DDIT3:6282.5, PINK1:6282.5, EP300:11369, BCL2L11:14495","Unclear",0
"REACTOME_LATE_ENDOSOMAL_MICROAUTOPHAGY",-0.0775408151798758,0.155888425267256,0.523598495548508,28,"RPS27A:59, UBA52:103, CHMP6:1221, VIM:6282.5, UBB:6282.5, HDAC6:6282.5, TSG101:6282.5, CHMP4B:6282.5, VPS37B:6282.5, MVB12A:6282.5, VPS37A:6282.5, VPS28:6282.5, CHMP4C:6282.5, VPS37C:6282.5, VPS37D:6282.5, MVB12B:6282.5, CHMP4A:6282.5, PCNT:6282.5, IFT88:6282.5, ARL13B:6282.5, CFTR:6282.5, PARK7:6282.5, PLIN2:6282.5, PLIN3:10962, CHMP7:11424, UBAP1:11474, CHMP3:11536, CETN1:11734","Herbivore",1
"REACTOME_TRANSCRIPTIONAL_REGULATION_OF_GRANULOPOIESIS",-0.0606651462251755,0.1465120067466,0.514991450749404,48,"H4C15:49, H4C14:85, H4C3:171, H4C2:238, H4C13:295, KMT2A:341, H2BC15:350, H3C13:387, H3C11:588, H2AC20:1105, H3C10:1224, H2AC4:1330, H3C8:1344, H3C4:1469, IL6R:6282.5, TFDP1:6282.5, MYB:6282.5, CDK2:6282.5, H3C1:6282.5, H4C8:6282.5, H2BC4:6282.5, H2BC21:6282.5, H4C11:6282.5, H2BC9:6282.5, H2AC14:6282.5, CEBPE:6282.5, CSF3R:6282.5, CDKN1A:6282.5, MYC:6282.5, PML:6282.5, GFI1:6282.5, RXRA:6282.5, CDK4:10976, SPI1:11014, TAL1:11309, EP300:11369, RARA:11458, H4C1:11869, FLI1:12328, LEF1:12491, KLF5:12755, TFDP2:12914, E2F1:13388, GATA2:13496, H3C2:14121, RUNX1:14469, DEK:14716, H3-3A:15088","Both",3
"REACTOME_NEGATIVE_REGULATION_OF_NMDA_RECEPTOR_MEDIATED_NEURONAL_TRANSMISSION",-0.0710227910632087,0.271774358498304,0.640534860617572,20,"CAMK2B:23, GRIN2A:659, GRIN2B:988, ACTN2:6282.5, CAMK2A:6282.5, CAMK2G:6282.5, LRRC7:6282.5, DLG3:6282.5, PPM1F:6282.5, GRIN2D:6282.5, DLG4:6282.5, CAMK1:6282.5, DLG2:6282.5, GRIN2C:6282.5, PPM1E:6282.5, GRIN1:6282.5, NEFL:11217, CAMK4:11388, CAMK2D:12869, DLG1:14328","Herbivore",1
"REACTOME_FOXO_MEDIATED_TRANSCRIPTION_OF_CELL_CYCLE_GENES",-0.0401529141713122,0.616289223673418,0.854941156448105,13,"CAV1:6282.5, FOXO3:6282.5, SMAD4:6282.5, CDKN1A:6282.5, KLF4:6282.5, FOXO1:6282.5, CDKN1B:6282.5, RBL2:6282.5, PCBP4:6282.5, FOXO4:6282.5, MSTN:6282.5, CCNG2:10845, GADD45A:12984","Unclear",0
"REACTOME_ACTIVATION_OF_RAC1_DOWNSTREAM_OF_NMDARS",-0.00230889934992157,0.985735663660494,0.998811486242606,5,"CAMKK1:6282.5, CAMKK2:6282.5, ARHGEF7:6282.5, CAMK1:6282.5, GIT1:13400","Unclear",0
"REACTOME_ACTIVATION_OF_AMPK_DOWNSTREAM_OF_NMDARS",-0.0125912203884585,0.845523840157519,0.948729948445798,20,"TUBB4A:543, TUBA4A:786, PRKAA2:1324, MAPT:6282.5, TUBB1:6282.5, TUBA1B:6282.5, TUBB2A:6282.5, TUBB2B:6282.5, TUBAL3:6282.5, TUBA8:6282.5, TUBB4B:6282.5, CAMKK2:6282.5, PRKAG2:6282.5, PRKAB1:6282.5, PRKAB2:11287, PRKAG1:11774, TUBA1A:12546, PRKAA1:12980, TUBB8B:15090, TUBB8:15095","Both",3
"REACTOME_EGR2_AND_SOX10_MEDIATED_INITIATION_OF_SCHWANN_CELL_MYELINATION",-0.103664731106905,0.100259309290222,0.431426097017353,21,"MBP:470, LAMB1:774, LAMA2:1141, YAP1:1201, LAMC1:1230, MAG:6282.5, SMARCA4:6282.5, WWTR1:6282.5, DRP2:6282.5, PRX:6282.5, ADGRG6:6282.5, EGR2:6282.5, NAB1:6282.5, SCD5:6282.5, MPZ:6282.5, NAB2:6282.5, DAG1:6282.5, ADGRV1:10846, SOX10:11430, HMGCR:11799, CYP51A1:14994","Both",3
"REACTOME_LONG_TERM_POTENTIATION",-0.0645311347085432,0.306243034595181,0.673563415176987,21,"CAMK2B:23, GRIN2A:659, GRIN2B:988, ACTN2:6282.5, SRC:6282.5, CAMK2A:6282.5, CAMK2G:6282.5, LRRC7:6282.5, DLG3:6282.5, GRIN2D:6282.5, DLG4:6282.5, DLG2:6282.5, GRIA1:6282.5, NRG1:6282.5, GRIN2C:6282.5, GRIN1:6282.5, ERBB4:6282.5, NEFL:11217, CAMK2D:12869, GRIA2:13701, DLG1:14328","Herbivore",1
"REACTOME_NR1H2_NR1H3_REGULATE_GENE_EXPRESSION_TO_CONTROL_BILE_ACID_HOMEOSTASIS",-0.0269058295964126,0.805306431697413,0.934594147963033,7,"NCOR1:6282.5, NCOA1:6282.5, RXRA:6282.5, NCOR2:6282.5, NR1H3:6282.5, RXRB:6282.5, NR1H2:13645","Unclear",0
"REACTOME_NR1H2_NR1H3_REGULATE_GENE_EXPRESSION_LINKED_TO_GLUCONEOGENESIS",-0.034386908764851,0.790031019984583,0.926154700281017,5,"RXRA:6282.5, NR1H3:6282.5, NRIP1:6282.5, RXRB:6282.5, PCK1:11118","Unclear",0
"REACTOME_RESPONSE_OF_EIF2AK4_GCN2_TO_AMINO_ACID_DEFICIENCY",-0.0820853507487895,0.0544190365516892,0.348949716433851,46,"RPS27A:59, RPL34:66, RPL19:69, UBA52:103, RPS26:138, RPL31:169, RPS7:178, RPS23:180, RPL8:184, RPS17:201, RPL17:206, RPL13:905, TRIB3:6282.5, RPS5:6282.5, RPLP0:6282.5, RPL3:6282.5, RPS10:6282.5, RPL3L:6282.5, RPS2:6282.5, RPL32:6282.5, RPL10L:6282.5, RPL38:6282.5, RPL15:6282.5, RPLP2:6282.5, RPS27L:6282.5, RPL14:6282.5, RPL36A:6282.5, ATF2:6282.5, ASNS:6282.5, ATF4:6282.5, CEBPG:6282.5, ATF3:6282.5, DDIT3:6282.5, EIF2S2:6282.5, GCN1:6282.5, RPL7:12006, RPL6:12073, RPL4:12176, IMPACT:12698, RPS3:12824, RPL9:12853, RPS15:14780, RPS27:14996, RPS15A:15066, RPS14:15087, RPL23:15099","Herbivore",1
"REACTOME_CONSTITUTIVE_SIGNALING_BY_OVEREXPRESSED_ERBB2",-0.145787956438181,0.181689888852581,0.549642398659738,7,"SHC1:997, SOS1:6282.5, HSP90AA1:6282.5, CDC37:6282.5, ERBIN:6282.5, PTPN12:6282.5, ERBB2:6282.5","Unclear",0
"REACTOME_GPER1_SIGNALING",-0.0898947920176719,0.127651715435853,0.487555584410206,24,"ADCY1:241, GNAT3:831, ADCY2:835, ADCY8:981, SHC1:997, ADCY3:1563, PRKAR2B:6282.5, GNB5:6282.5, PRKAR1A:6282.5, GNB3:6282.5, ITGA5:6282.5, PRKAR1B:6282.5, SRC:6282.5, ADCY7:6282.5, ADCY9:6282.5, ADCY5:6282.5, ADCY6:6282.5, GPER1:6282.5, PRKACA:10858, FN1:11285, ADCY4:11732, PRKACB:12035, ITGB1:12155, PRKAR2A:13940","Unclear",0
"REACTOME_ESTROGEN_DEPENDENT_NUCLEAR_EVENTS_DOWNSTREAM_OF_ESR_MEMBRANE_SIGNALING",-0.0188180937300593,0.77654178129861,0.919012845729246,19,"MAPK3:6282.5, AKT2:6282.5, AKT1:6282.5, PTK2:6282.5, BCL2:6282.5, FOXO3:6282.5, EREG:6282.5, EGFR:6282.5, BTC:6282.5, CCND1:6282.5, CDKN1B:6282.5, ELK1:6282.5, FOS:6282.5, AREG:6282.5, TGFA:6282.5, SRF:6282.5, EGF:12763, HBEGF:14150, EPGN:14199","Unclear",0
"REACTOME_TRANSCRIPTIONAL_REGULATION_BY_NPAS4",-0.0199698603466996,0.735042978255404,0.904799102939707,24,"ARNT2:529, TNRC6C:1376, RBFOX3:1428, MAPK3:6282.5, MDM2:6282.5, CREBBP:6282.5, ARNT:6282.5, INS:6282.5, FOS:6282.5, NAMPT:6282.5, TNRC6A:6282.5, MOV10:6282.5, SRF:6282.5, BDNF:6282.5, NR3C1:6282.5, GEM:6282.5, NPAS4:6282.5, TNRC6B:11613, IQSEC3:11841, SYT10:12174, RET:12754, AGO1:12768, KCNIP3:13051, PLK2:13063","Unclear",0
"REACTOME_SUPPRESSION_OF_APOPTOSIS",-0.000336247478143925,0.997922561143351,0.999114947262334,5,"TRIM27:416, MAPK3:6282.5, RNF213:6282.5, SFPQ:12427, GSK3A:13141","Unclear",0
"REACTOME_INFECTION_WITH_MYCOBACTERIUM_TUBERCULOSIS",-0.105233616146338,0.112464643688399,0.462953772991286,19,"RPS27A:59, UBA52:103, DUSP16:293, TRIM27:416, VPS33B:669, MAPK3:6282.5, UBB:6282.5, ATP6V1H:6282.5, TLR2:6282.5, B2M:6282.5, RNF213:6282.5, HGS:6282.5, ENO1:6282.5, PGK1:6282.5, CORO1A:6282.5, NOS2:12071, SFPQ:12427, GSK3A:13141, MRC1:14096","Herbivore",1
"REACTOME_PREVENTION_OF_PHAGOSOMAL_LYSOSOMAL_FUSION",-0.289877816388297,0.0139429284352129,0.180856834307114,6,"RPS27A:59, UBA52:103, VPS33B:669, UBB:6282.5, HGS:6282.5, CORO1A:6282.5","Herbivore",1
"REACTOME_MODULATION_BY_MTB_OF_HOST_IMMUNE_SYSTEM",-0.142323356873295,0.227362751740975,0.599099089514273,6,"RPS27A:59, UBA52:103, UBB:6282.5, TLR2:6282.5, B2M:6282.5, MRC1:14096","Herbivore",1
"REACTOME_SUPPRESSION_OF_PHAGOSOMAL_MATURATION",-0.194164143962328,0.0572426772886062,0.356848950870448,8,"RPS27A:59, UBA52:103, VPS33B:669, UBB:6282.5, ATP6V1H:6282.5, HGS:6282.5, CORO1A:6282.5, NOS2:12071","Herbivore",1
"REACTOME_RESPONSE_OF_MTB_TO_PHAGOCYTOSIS",-0.13951857255078,0.0534355052020032,0.345319770176386,16,"RPS27A:59, UBA52:103, DUSP16:293, TRIM27:416, VPS33B:669, MAPK3:6282.5, UBB:6282.5, ATP6V1H:6282.5, RNF213:6282.5, HGS:6282.5, ENO1:6282.5, PGK1:6282.5, CORO1A:6282.5, NOS2:12071, SFPQ:12427, GSK3A:13141","Herbivore",1
"REACTOME_STAT5_ACTIVATION",-0.0137637301053575,0.915124118089637,0.97689093245448,5,"PTPN11:6282.5, GAB2:6282.5, STAT5A:6282.5, STAT5B:6282.5, FLT3:12596","Unclear",0
"REACTOME_ALPHA_PROTEIN_KINASE_1_SIGNALING_PATHWAY",-0.127688684535158,0.162143849343145,0.532505210137871,10,"RPS27A:59, UBA52:103, TAB1:1736, UBB:6282.5, ALPK1:6282.5, TIFA:6282.5, TAB3:6282.5, TRAF6:6282.5, MAP3K7:11639, TAB2:12875","Herbivore",1
"REACTOME_DISEASES_OF_PROGRAMMED_CELL_DEATH",-0.0810537361755773,0.0263775862153943,0.26502495068554,63,"H4C15:49, H4C14:85, H4C3:171, H4C2:238, H4C13:295, H2BC15:350, H3C13:387, POLA2:546, H3C11:588, H2AC20:1105, CAST:1204, H3C10:1224, H2AC4:1330, H3C8:1344, H3C4:1469, TRADD:6282.5, GSDME:6282.5, C1QBP:6282.5, LMNB1:6282.5, FASLG:6282.5, TRAF2:6282.5, TP53:6282.5, CDKN2A:6282.5, LMNA:6282.5, FADD:6282.5, APP:6282.5, H3C1:6282.5, H4C8:6282.5, H2BC4:6282.5, H2BC21:6282.5, H4C11:6282.5, H2BC9:6282.5, H2AC14:6282.5, POLA1:6282.5, PRIM1:6282.5, FOXO3:6282.5, EED:6282.5, EZH2:6282.5, JUN:6282.5, SUZ12:6282.5, SOD2:6282.5, CDC25A:6282.5, CAPN2:6282.5, CAPNS2:6282.5, CDC25C:6282.5, RIPK3:6282.5, CDC25B:6282.5, DNMT3A:6282.5, PRDX2:6282.5, PRDX1:10816, CASP8:11211, H4C1:11869, CAPNS1:11979, RBBP7:11998, PRIM2:12121, CAPN1:12129, RIPK1:13907, H3C2:14121, BCL2L11:14495, RBBP4:14816, DNMT1:14893, DNMT3B:15070, H3-3A:15088","Both",3
"REACTOME_AGGREPHAGY",-0.0292365529207634,0.54986541533731,0.824112505281106,35,"RPS27A:59, UBA52:103, TUBB4A:543, TUBA4A:786, VIM:6282.5, UBB:6282.5, DYNLL2:6282.5, TUBB1:6282.5, TUBA1B:6282.5, TUBB2A:6282.5, TUBB2B:6282.5, TUBAL3:6282.5, TUBA8:6282.5, TUBB4B:6282.5, HSP90AA1:6282.5, UBE2V1:6282.5, DYNC1I2:6282.5, DYNC1LI2:6282.5, PRKN:6282.5, DYNC1H1:6282.5, HDAC6:6282.5, PCNT:6282.5, IFT88:6282.5, ARL13B:6282.5, CFTR:6282.5, PARK7:6282.5, HSF1:6282.5, UBE2N:11716, CETN1:11734, TUBA1A:12546, DYNC1I1:13489, DYNC1LI1:13804, DYNLL1:15080, TUBB8B:15090, TUBB8:15095","Herbivore",1
"REACTOME_RAS_PROCESSING",-0.090774310397333,0.239762456303414,0.611255125102696,14,"RPS27A:59, UBA52:103, LYPLA1:912, ICMT:1169, UBB:6282.5, BCL2L1:6282.5, PRKG2:6282.5, FNTB:6282.5, ARL2:6282.5, ABHD17A:6282.5, RCE1:10789, ZDHHC9:10840, FNTA:13346, PRKCQ:13818","Herbivore",1
"REACTOME_RESPONSE_OF_EIF2AK1_HRI_TO_HEME_DEFICIENCY",-0.0534585423549084,0.539361383367985,0.815829340782279,11,"TRIB3:6282.5, GRB10:6282.5, ASNS:6282.5, ATF4:6282.5, CEBPG:6282.5, ATF3:6282.5, DDIT3:6282.5, EIF2S2:6282.5, EIF2AK1:6282.5, ATF5:6282.5, CHAC1:13488","Unclear",0
"REACTOME_SIGNALING_BY_MAPK_MUTANTS",-0.21535328625341,0.0677574164836265,0.37392000026053,6,"DUSP16:293, DUSP9:1245, DUSP6:6282.5, DUSP10:6282.5, DUSP7:6282.5, DUSP8:6282.5","Unclear",0
"REACTOME_LEISHMANIA_INFECTION",-0.0156961967348247,0.555765916589369,0.827453301082272,119,"CDC42:60, ADCY1:241, MYO10:351, ACTG1:418, ADAM17:468, P2RX7:761, DVL1:806, GNAT3:831, ADCY2:835, DOCK1:892, ADCY8:981, FCGR3A:1108, PLCG1:1240, ITPR1:1309, DVL2:1509, ADCY3:1563, MAPK3:6282.5, GSDMD:6282.5, PTK2:6282.5, FGR:6282.5, PRKAR2B:6282.5, GNB5:6282.5, ACTB:6282.5, ABL1:6282.5, PRKAR1A:6282.5, GNB3:6282.5, ITPR2:6282.5, APP:6282.5, VAV2:6282.5, PRKAR1B:6282.5, SRC:6282.5, PLCG2:6282.5, ADCY7:6282.5, ADCY9:6282.5, ADCY5:6282.5, ADCY6:6282.5, NFKB1:6282.5, RELA:6282.5, FURIN:6282.5, CYBA:6282.5, BTK:6282.5, FCGR1A:6282.5, HSP90AB1:6282.5, MYH9:6282.5, ARPC1B:6282.5, NCK1:6282.5, JUN:6282.5, ARPC4:6282.5, HMOX1:6282.5, HCK:6282.5, IL1B:6282.5, IL10:6282.5, IL18:6282.5, WAS:6282.5, C3:6282.5, CD3G:6282.5, CD247:6282.5, MYO5A:6282.5, NT5E:6282.5, ELMO1:6282.5, C3AR1:6282.5, ELMO2:6282.5, PYCARD:6282.5, WASF1:6282.5, WIPF1:6282.5, WIPF3:6282.5, NCKAP1L:6282.5, MYH2:6282.5, ABI1:6282.5, ABI2:6282.5, PSTPIP1:6282.5, WASF2:6282.5, SUGT1:6282.5, WIPF2:6282.5, BAIAP2:6282.5, TXNIP:6282.5, CYFIP1:6282.5, NOX1:6282.5, NOXA1:6282.5, FZD7:6282.5, DPEP1:6282.5, DPEP2:6282.5, CYSLTR2:6282.5, ADORA2B:6282.5, CYSLTR1:6282.5, RHBDF2:6282.5, PRKACA:10858, DPEP3:11144, VAV1:11176, WASF3:11531, ADCY4:11732, ITPR3:11892, DVL3:11924, PRKACB:12035, NFKB2:12055, WNT5A:12876, PLK2:13063, LYN:13217, TXN:13294, VAV3:13539, IL6:13554, ENTPD1:13607, SYK:13613, P2RX4:13699, NCKIPSD:13774, MEFV:13790, CASP1:13884, ENTPD5:13895, PRKAR2A:13940, MYO9B:13949, CD163:13950, MYO1C:14170, IL1A:14189, GGT5:14317, YES1:14402, GGT1:14408, WASL:14429, NLRP3:14579, PRKX:14895","Both",3
"REACTOME_SENSORY_PROCESSING_OF_SOUND",-0.140047011015717,6.74648522159555e-05,0.00675772936363154,68,"SNAP25:21, PCDH15:61, RIPOR2:125, CTBP2:223, DNAJC5:251, CACNB2:278, MYO15A:406, ACTG1:418, OTOF:479, CDH23:987, PCLO:1109, FSCN2:1215, CAPZB:1373, PJVK:1397, MYO7A:1487, SPTAN1:1669, GSN:6282.5, ACTB:6282.5, KCNMB1:6282.5, KCNMA1:6282.5, ATP2B2:6282.5, CACNA2D2:6282.5, SYN1:6282.5, STX1A:6282.5, EPB41L1:6282.5, CHRNA9:6282.5, KCNN2:6282.5, EPB41L3:6282.5, MYH9:6282.5, SPTBN1:6282.5, RDX:6282.5, MSN:6282.5, CACNA1D:6282.5, SLC17A8:6282.5, TWF1:6282.5, USH1C:6282.5, MYO3B:6282.5, WHRN:6282.5, MYO3A:6282.5, TRIOBP:6282.5, SYP:6282.5, CLIC5:6282.5, PLS1:6282.5, CHRNA10:6282.5, MPP1:6282.5, ESPNL:6282.5, TMC2:6282.5, CABP1:6282.5, BSN:6282.5, TMC1:6282.5, OTOGL:6282.5, CABP2:6282.5, SLC26A5:6282.5, TMIE:6282.5, USH1G:6282.5, ESPN:6282.5, OTOG:6282.5, GRXCR2:6282.5, GRXCR1:6282.5, STRC:6282.5, TWF2:6282.5, KCNQ4:11046, EZR:11087, CAPZA1:11806, LRRC52:12715, ATP2B1:13115, EPS8:13549, MYO1C:14170","Both",3
"REACTOME_ADORA2B_MEDIATED_ANTI_INFLAMMATORY_CYTOKINES_PRODUCTION",-0.0555537732721654,0.378425222227023,0.73129761594354,21,"ADCY1:241, GNAT3:831, ADCY2:835, ADCY8:981, ADCY3:1563, PRKAR2B:6282.5, GNB5:6282.5, PRKAR1A:6282.5, GNB3:6282.5, PRKAR1B:6282.5, ADCY7:6282.5, ADCY9:6282.5, ADCY5:6282.5, ADCY6:6282.5, ADORA2B:6282.5, PRKACA:10858, ADCY4:11732, PRKACB:12035, IL6:13554, PRKAR2A:13940, PRKX:14895","Both",3
"REACTOME_DEFECTIVE_FACTOR_VIII_CAUSES_HEMOPHILIA_A",-0.0689461883408072,0.527635815767376,0.809306059200741,7,"F10:775, F9:6282.5, VWF:6282.5, F2:6282.5, F8:6282.5, TPST2:6282.5, TPST1:14473","Unclear",0
"REACTOME_SENSORY_PROCESSING_OF_SOUND_BY_OUTER_HAIR_CELLS_OF_THE_COCHLEA",-0.128448676158907,0.00189648990479826,0.0544657377182985,49,"PCDH15:61, RIPOR2:125, MYO15A:406, ACTG1:418, CDH23:987, FSCN2:1215, PJVK:1397, MYO7A:1487, SPTAN1:1669, GSN:6282.5, ACTB:6282.5, KCNMB1:6282.5, KCNMA1:6282.5, ATP2B2:6282.5, EPB41L1:6282.5, CHRNA9:6282.5, KCNN2:6282.5, EPB41L3:6282.5, MYH9:6282.5, SPTBN1:6282.5, RDX:6282.5, MSN:6282.5, TWF1:6282.5, USH1C:6282.5, MYO3B:6282.5, WHRN:6282.5, MYO3A:6282.5, TRIOBP:6282.5, CLIC5:6282.5, PLS1:6282.5, CHRNA10:6282.5, MPP1:6282.5, ESPNL:6282.5, TMC2:6282.5, TMC1:6282.5, OTOGL:6282.5, SLC26A5:6282.5, TMIE:6282.5, USH1G:6282.5, ESPN:6282.5, OTOG:6282.5, GRXCR2:6282.5, GRXCR1:6282.5, STRC:6282.5, TWF2:6282.5, KCNQ4:11046, EZR:11087, EPS8:13549, MYO1C:14170","Both",3
"REACTOME_ANTI_INFLAMMATORY_RESPONSE_FAVOURING_LEISHMANIA_PARASITE_INFECTION",-0.0222327362847809,0.58710851190503,0.845492529524576,50,"ADCY1:241, ADAM17:468, GNAT3:831, ADCY2:835, ADCY8:981, FCGR3A:1108, PLCG1:1240, ITPR1:1309, ADCY3:1563, FGR:6282.5, PRKAR2B:6282.5, GNB5:6282.5, PRKAR1A:6282.5, GNB3:6282.5, ITPR2:6282.5, PRKAR1B:6282.5, SRC:6282.5, PLCG2:6282.5, ADCY7:6282.5, ADCY9:6282.5, ADCY5:6282.5, ADCY6:6282.5, FURIN:6282.5, FCGR1A:6282.5, MYH9:6282.5, HCK:6282.5, IL10:6282.5, CD3G:6282.5, CD247:6282.5, DPEP1:6282.5, DPEP2:6282.5, CYSLTR2:6282.5, ADORA2B:6282.5, CYSLTR1:6282.5, RHBDF2:6282.5, PRKACA:10858, DPEP3:11144, ADCY4:11732, ITPR3:11892, PRKACB:12035, PLK2:13063, LYN:13217, IL6:13554, SYK:13613, PRKAR2A:13940, CD163:13950, GGT5:14317, YES1:14402, GGT1:14408, PRKX:14895","Both",3
"REACTOME_SELECTIVE_AUTOPHAGY",-0.0359487154833533,0.332431735297215,0.694802817387585,61,"RPS27A:59, UBA52:103, NBR1:510, TUBB4A:543, TUBA4A:786, ATM:1269, PRKAA2:1324, SQSTM1:1531, VIM:6282.5, UBB:6282.5, DYNLL2:6282.5, TUBB1:6282.5, MFN2:6282.5, TUBA1B:6282.5, TUBB2A:6282.5, TUBB2B:6282.5, TUBAL3:6282.5, TUBA8:6282.5, TUBB4B:6282.5, SRC:6282.5, PRKAG2:6282.5, PRKAB1:6282.5, HSP90AA1:6282.5, EPAS1:6282.5, CSNK2B:6282.5, TOMM22:6282.5, UBE2V1:6282.5, DYNC1I2:6282.5, DYNC1LI2:6282.5, PRKN:6282.5, DYNC1H1:6282.5, HDAC6:6282.5, PCNT:6282.5, ATG5:6282.5, IFT88:6282.5, ARL13B:6282.5, CFTR:6282.5, ULK1:6282.5, PARK7:6282.5, HSF1:6282.5, PLIN2:6282.5, MTERF3:6282.5, PINK1:6282.5, PGAM5:6282.5, USP30:6282.5, PEX5:6282.5, PLIN3:10962, PRKAB2:11287, UBE2N:11716, CETN1:11734, PRKAG1:11774, TOMM40:12094, TUBA1A:12546, TOMM70:12639, MFN1:12949, ATG12:13199, DYNC1I1:13489, DYNC1LI1:13804, DYNLL1:15080, TUBB8B:15090, TUBB8:15095","Herbivore",1
"REACTOME_FCGR3A_MEDIATED_IL10_SYNTHESIS",-0.0465535413153457,0.362521007453738,0.717481203555532,32,"ADCY1:241, ADCY2:835, ADCY8:981, FCGR3A:1108, PLCG1:1240, ITPR1:1309, ADCY3:1563, FGR:6282.5, PRKAR2B:6282.5, PRKAR1A:6282.5, ITPR2:6282.5, PRKAR1B:6282.5, SRC:6282.5, PLCG2:6282.5, ADCY7:6282.5, ADCY9:6282.5, ADCY5:6282.5, ADCY6:6282.5, FCGR1A:6282.5, HCK:6282.5, IL10:6282.5, CD3G:6282.5, CD247:6282.5, PRKACA:10858, ADCY4:11732, ITPR3:11892, PRKACB:12035, LYN:13217, SYK:13613, PRKAR2A:13940, YES1:14402, PRKX:14895","Both",3
"REACTOME_PARASITE_INFECTION",-0.0329230153368861,0.445410754989549,0.772278509992157,45,"CDC42:60, MYO10:351, ACTG1:418, DOCK1:892, FCGR3A:1108, MAPK3:6282.5, PTK2:6282.5, FGR:6282.5, ACTB:6282.5, ABL1:6282.5, VAV2:6282.5, SRC:6282.5, BTK:6282.5, MYH9:6282.5, ARPC1B:6282.5, NCK1:6282.5, ARPC4:6282.5, HCK:6282.5, WAS:6282.5, CD3G:6282.5, CD247:6282.5, MYO5A:6282.5, ELMO1:6282.5, ELMO2:6282.5, WASF1:6282.5, WIPF1:6282.5, WIPF3:6282.5, NCKAP1L:6282.5, MYH2:6282.5, ABI1:6282.5, ABI2:6282.5, WASF2:6282.5, WIPF2:6282.5, BAIAP2:6282.5, CYFIP1:6282.5, VAV1:11176, WASF3:11531, LYN:13217, VAV3:13539, SYK:13613, NCKIPSD:13774, MYO9B:13949, MYO1C:14170, YES1:14402, WASL:14429","Both",3
"REACTOME_KILLING_MECHANISMS",-0.0812090403927139,0.398962098436471,0.74387659098341,9,"DVL1:806, DVL2:1509, CYBA:6282.5, JUN:6282.5, NOX1:6282.5, NOXA1:6282.5, FZD7:6282.5, DVL3:11924, WNT5A:12876","Unclear",0
"REACTOME_PEXOPHAGY",-0.297077072587277,0.00203151459220488,0.0563510893806984,9,"RPS27A:59, UBA52:103, NBR1:510, ATM:1269, SQSTM1:1531, UBB:6282.5, EPAS1:6282.5, USP30:6282.5, PEX5:6282.5","Herbivore",1
"REACTOME_SIGNALING_BY_ERBB2_ECD_MUTANTS",-0.0862965040194429,0.300760529680647,0.667821717997792,12,"SHC1:997, PLCG1:1240, SOS1:6282.5, PIK3CA:6282.5, PIK3R1:6282.5, HSP90AA1:6282.5, CDC37:6282.5, ERBIN:6282.5, ERBB2:6282.5, EGFR:6282.5, GAB1:11916, EGF:12763","Unclear",0
"REACTOME_ACETYLCHOLINE_INHIBITS_CONTRACTION_OF_OUTER_HAIR_CELLS",-0.0970634386908765,0.452293157521604,0.772278509992157,5,"KCNMB1:6282.5, KCNMA1:6282.5, CHRNA9:6282.5, KCNN2:6282.5, CHRNA10:6282.5","Unclear",0
"REACTOME_SEALING_OF_THE_NUCLEAR_ENVELOPE_NE_BY_ESCRT_III",-0.00215340442986056,0.971500101880638,0.993542078100278,23,"TUBB4A:543, TUBA4A:786, CHMP6:1221, IST1:1748, TUBB1:6282.5, TUBA1B:6282.5, TUBB2A:6282.5, TUBB2B:6282.5, TUBAL3:6282.5, TUBA8:6282.5, TUBB4B:6282.5, CHMP4B:6282.5, CHMP4C:6282.5, CHMP4A:6282.5, CC2D1B:6282.5, CHMP7:11424, CHMP3:11536, VPS4A:11911, LEMD2:12455, TUBA1A:12546, SPAST:13305, TUBB8B:15090, TUBB8:15095","Both",3
"REACTOME_INHIBITION_OF_DNA_RECOMBINATION_AT_TELOMERE",-0.0977418267610381,0.0847345062168441,0.39993799662034,26,"POLR2J:39, H4C15:49, H4C14:85, H4C3:171, H4C2:238, H4C13:295, H2BC15:350, H2AC20:1105, H2AC4:1330, TINF2:6282.5, TERF1:6282.5, H4C8:6282.5, TERF2IP:6282.5, H2BC4:6282.5, H2BC21:6282.5, H4C11:6282.5, H2BC9:6282.5, H2AC14:6282.5, ATRX:6282.5, POLR2F:11153, H4C1:11869, ACD:13368, POT1:13500, TERF2:14700, DAXX:14999, H3-3A:15088","Both",3
"REACTOME_SIGNALING_BY_PDGFR_IN_DISEASE",-0.0444855828565017,0.564537806896825,0.834720352644959,14,"KANK1:107, GOLGA4:1650, STAT1:6282.5, PIK3R2:6282.5, SOS1:6282.5, PIK3CA:6282.5, PIK3R1:6282.5, BIN2:6282.5, PDGFRA:6282.5, ETV6:6282.5, STRN:10795, FIP1L1:10812, PIK3CB:12691, KDR:12705","Both",3
"REACTOME_SIGNALING_BY_PDGFRA_TRANSMEMBRANE_JUXTAMEMBRANE_AND_KINASE_DOMAIN_MUTANTS",-0.0367072389493914,0.736662264459494,0.904799102939707,7,"STAT1:6282.5, PIK3R2:6282.5, SOS1:6282.5, PIK3CA:6282.5, PIK3R1:6282.5, PDGFRA:6282.5, PIK3CB:12691","Unclear",0
"REACTOME_SIGNALING_BY_MEMBRANE_TETHERED_FUSIONS_OF_PDGFRA_OR_PDGFRB",-0.151557946648733,0.240567999250848,0.611768833073735,5,"KANK1:107, GOLGA4:1650, BIN2:6282.5, ETV6:6282.5, KDR:12705","Both",3
"REACTOME_SIGNALING_BY_CSF3_G_CSF",-0.124940023480169,0.0426196255002883,0.318851389116264,22,"UBE2D1:11, ELOC:51, RPS27A:59, UBA52:103, SHC1:997, JAK2:6282.5, TYK2:6282.5, STAT1:6282.5, JAK1:6282.5, PTPN11:6282.5, SOCS3:6282.5, UBB:6282.5, GAB2:6282.5, STAT5A:6282.5, STAT5B:6282.5, UBE2D2:6282.5, SOCS1:6282.5, CSF3R:6282.5, HCK:6282.5, CSF3:12089, LYN:13217, SYK:13613","Herbivore",1
"REACTOME_NERVOUS_SYSTEM_DEVELOPMENT",-0.0538260154572732,0.000146520630265713,0.01200803165314,436,"MAGOH:27, ETF1:38, ELOC:51, NRCAM:53, RPS27A:59, CDC42:60, RPL34:66, RPL19:69, UBA52:103, SEMA4D:115, ARHGEF11:130, RPS26:138, RHOA:150, SPTBN5:155, COL6A1:157, RPL31:169, RPS7:178, RPS23:180, RPL8:184, RPS17:201, RPL17:206, CACNA1G:217, EPHA4:248, CACNB2:278, ENAH:310, MYO10:351, TIAM1:396, COL6A2:404, ACTG1:418, MBP:470, ARHGEF12:502, SCN5A:523, TUBB4A:543, TRPC6:597, RPS6KA6:686, LAMB1:774, SLIT1:783, TUBA4A:786, MYH10:800, ITSN1:829, SEMA4A:837, EPHA10:844, DOCK1:892, RPL13:905, ITGB3:935, GRIN2B:988, SHC1:997, DSCAML1:1064, CACNA1I:1110, NGEF:1140, LAMA2:1141, PSMB9:1148, EPHB6:1167, DNM3:1172, FES:1192, YAP1:1201, KCNQ3:1216, LAMC1:1230, PLCG1:1240, MMP9:1252, COL9A2:1306, PAK6:1333, COL9A3:1351, TRIO:1517, CLASP2:1578, SHC3:1588, GFRA1:1597, PLXNA2:1615, PSMB11:1646, SPTAN1:1669, SLIT3:1680, SEMA3E:1715, MAPK7:1720, PTPN11:6282.5, ROCK1:6282.5, PSMD5:6282.5, PSMB5:6282.5, MAPK3:6282.5, UNC5B:6282.5, PSMD3:6282.5, PSMD9:6282.5, PSMF1:6282.5, PSMB2:6282.5, PSMA1:6282.5, PSME3:6282.5, PSMB6:6282.5, PSMA8:6282.5, PSMD4:6282.5, PSMB4:6282.5, PSMD6:6282.5, PTK2:6282.5, UBB:6282.5, PAK2:6282.5, PSMD13:6282.5, DCC:6282.5, PSMD12:6282.5, PSMB8:6282.5, PSMB10:6282.5, ITGA2B:6282.5, GPC1:6282.5, TRPC7:6282.5, ACTB:6282.5, ABL1:6282.5, TUBB1:6282.5, PIK3R2:6282.5, MAG:6282.5, SOS1:6282.5, PIK3CA:6282.5, TUBA1B:6282.5, TLN1:6282.5, TUBB2A:6282.5, TUBB2B:6282.5, TRPC3:6282.5, GRB7:6282.5, ITGA10:6282.5, PIK3R1:6282.5, DOK2:6282.5, PRKCA:6282.5, VAV2:6282.5, ITGA5:6282.5, ITGA2:6282.5, SDC2:6282.5, CFL1:6282.5, TUBAL3:6282.5, TUBA8:6282.5, TUBB4B:6282.5, SRC:6282.5, L1CAM:6282.5, ITGA1:6282.5, CACNB1:6282.5, CACNB4:6282.5, RPS6KA2:6282.5, DLG3:6282.5, ARHGEF7:6282.5, DLG4:6282.5, AP2M1:6282.5, GRIN1:6282.5, AP2A2:6282.5, KCNQ2:6282.5, NCBP1:6282.5, GAB2:6282.5, FRS2:6282.5, MAP2K2:6282.5, EIF4G1:6282.5, HSP90AA1:6282.5, ERBB2:6282.5, EGFR:6282.5, CXCL12:6282.5, NCSTN:6282.5, SMARCA4:6282.5, FARP2:6282.5, RANBP9:6282.5, WWTR1:6282.5, NTN1:6282.5, NEO1:6282.5, SPTB:6282.5, EPHA8:6282.5, NCK2:6282.5, TRPC5:6282.5, CRMP1:6282.5, NTN4:6282.5, SEMA3A:6282.5, USP33:6282.5, PAK3:6282.5, DNM2:6282.5, EPHA6:6282.5, COL4A4:6282.5, PTPRC:6282.5, CACNA1S:6282.5, GSK3B:6282.5, RPS5:6282.5, MMP2:6282.5, RPLP0:6282.5, EFNB1:6282.5, SEMA6A:6282.5, DPYSL2:6282.5, TREM2:6282.5, HSP90AB1:6282.5, ABLIM1:6282.5, RPL3:6282.5, MYH9:6282.5, SOS2:6282.5, RPS6KA5:6282.5, DOK5:6282.5, PAK5:6282.5, DRP2:6282.5, GSPT1:6282.5, PRX:6282.5, MYH14:6282.5, SCN1B:6282.5, HOXA2:6282.5, GRB10:6282.5, LHX2:6282.5, DNM1:6282.5, LHX3:6282.5, SH3GL2:6282.5, CNTNAP1:6282.5, EFNB3:6282.5, CAP2:6282.5, COL9A1:6282.5, ADGRG6:6282.5, SEMA5A:6282.5, ST8SIA4:6282.5, DPYSL3:6282.5, SPTBN1:6282.5, DOK1:6282.5, ARTN:6282.5, NRP2:6282.5, LHX4:6282.5, CLTA:6282.5, EGR2:6282.5, RPS10:6282.5, DOK4:6282.5, EFNB2:6282.5, UPF3B:6282.5, PSPN:6282.5, FLRT3:6282.5, ARPC1B:6282.5, COL5A1:6282.5, PAK4:6282.5, PTPRA:6282.5, TRPC4:6282.5, CNTN6:6282.5, ROCK2:6282.5, COL4A2:6282.5, EPHA7:6282.5, AGAP2:6282.5, PLXNC1:6282.5, SCN7A:6282.5, SDCBP:6282.5, RDX:6282.5, SEMA6D:6282.5, NAB1:6282.5, SEMA7A:6282.5, ST8SIA2:6282.5, RPL3L:6282.5, RPS2:6282.5, EPHA2:6282.5, ABL2:6282.5, EFNA3:6282.5, SCN1A:6282.5, ITGA9:6282.5, RPL32:6282.5, SLIT2:6282.5, EPHA5:6282.5, SCD5:6282.5, ANK2:6282.5, EPHA1:6282.5, SH3KBP1:6282.5, MSN:6282.5, ARHGAP39:6282.5, VLDLR:6282.5, PAK1:6282.5, NCAM1:6282.5, SCN2B:6282.5, ANK3:6282.5, UPF2:6282.5, DPYSL4:6282.5, SCN3A:6282.5, ROBO3:6282.5, EPHB1:6282.5, RHOC:6282.5, UNC5D:6282.5, CACNA1D:6282.5, DPYSL5:6282.5, NCK1:6282.5, MPZ:6282.5, KALRN:6282.5, SPTBN4:6282.5, NFASC:6282.5, SPTA1:6282.5, ABLIM2:6282.5, RPL10L:6282.5, SCN3B:6282.5, NAB2:6282.5, HJV:6282.5, COL3A1:6282.5, GFRA2:6282.5, GDNF:6282.5, COL4A3:6282.5, UPF3A:6282.5, EFNA1:6282.5, ROBO1:6282.5, ALCAM:6282.5, NRTN:6282.5, DSCAM:6282.5, PIK3CD:6282.5, PRNP:6282.5, RND1:6282.5, COL6A5:6282.5, RPL38:6282.5, ABLIM3:6282.5, DAG1:6282.5, DAB1:6282.5, SPTBN2:6282.5, RGMB:6282.5, RPL15:6282.5, CLTB:6282.5, SCN4B:6282.5, RPLP2:6282.5, UNC5C:6282.5, RGMA:6282.5, LIMK2:6282.5, EPHB3:6282.5, CNTN2:6282.5, ROBO2:6282.5, RPS27L:6282.5, MAPK11:6282.5, PIP5K1C:6282.5, SHTN1:6282.5, COL4A1:6282.5, MAPK12:6282.5, COL4A5:6282.5, AGRN:6282.5, RPL14:6282.5, RELN:6282.5, GSPT2:6282.5, SRGAP3:6282.5, EVL:6282.5, CACNA1H:6282.5, SCN8A:6282.5, PDLIM7:6282.5, SRGAP1:6282.5, PLXNB3:6282.5, COL5A2:6282.5, CSNK2B:6282.5, DOK6:6282.5, ZSWIM8:6282.5, ARHGEF28:6282.5, PLXNA4:6282.5, RPL36A:6282.5, ARPC4:6282.5, EFNA4:6282.5, SRGAP2:6282.5, ADGRV1:10846, PRKACA:10858, RAP1GAP:11035, EZR:11087, NUMB:11122, CAP1:11289, PSMD10:11350, PLXNB1:11353, GFRA3:11360, PSMD1:11428, SOX10:11430, PSMB1:11506, NELL2:11509, CHL1:11526, ADAM10:11589, PSMB7:11603, RPS6KA4:11654, CACNB3:11669, PSME4:11744, SCN2A:11745, HMGCR:11799, UNC5A:11837, GAB1:11916, SEM1:11957, PSEN2:11958, PITPNA:11988, RPL7:12006, PSMD8:12029, PRKACB:12035, ITGAV:12046, RPL6:12073, MET:12112, ITGB1:12155, TRPC1:12157, PSEN1:12167, RPL4:12176, AP2A1:12312, EFNA2:12425, PIK3R3:12489, CNTN1:12506, TUBA1A:12546, LIMK1:12567, CASC3:12659, PIK3CB:12691, RPS6KA1:12739, RET:12754, MAPK13:12786, RPS3:12824, RPL9:12853, MYL6:12928, CACNA1C:12952, LHX9:12963, COL6A3:13032, EPHB2:13123, SCN9A:13170, LYN:13217, SCN10A:13285, RRAS:13326, GIT1:13400, COL5A3:13477, ANK1:13535, VAV3:13539, CXCR4:13593, PLXND1:13669, VASP:13772, PRKCQ:13818, EPHB4:13852, LAMA1:13901, PRKAR2A:13940, MYH11:13948, MYO9B:13949, FGFR1:14005, NRP1:14054, APH1B:14076, SIAH1:14093, CLASP1:14098, RASA1:14114, GAP43:14161, PSMD2:14237, PSME2:14297, DLG1:14328, COL6A6:14343, GFRA4:14366, YES1:14402, PSME1:14419, WASL:14429, CUL2:14511, EPHA3:14614, KIF4A:14730, TYROBP:14731, RPS15:14780, NCAN:14905, CLTCL1:14961, CYP51A1:14994, RPS27:14996, COL2A1:15016, SCN11A:15028, RPS15A:15066, RPS14:15087, TUBB8B:15090, TUBB8:15095, RPL23:15099","Herbivore",1
"REACTOME_DISEASES_OF_DNA_REPAIR",-0.11077167098397,0.0080202859158667,0.129112281306318,48,"PMS2:127, BLM:414, TOP3A:519, NEIL1:919, MLH1:1239, RAD9A:1262, ATM:1269, HUS1:1427, RPA1:1675, MRE11:1742, NEIL3:1774, RAD51B:6282.5, RFC2:6282.5, RFC5:6282.5, RPA2:6282.5, RFC3:6282.5, RFC4:6282.5, OGG1:6282.5, MUTYH:6282.5, BRCA1:6282.5, RBBP8:6282.5, NBN:6282.5, RAD50:6282.5, BRCA2:6282.5, DNA2:6282.5, WRN:6282.5, BARD1:6282.5, RAD9B:6282.5, RAD17:6282.5, ATRIP:6282.5, RHNO1:6282.5, RMI2:6282.5, RMI1:6282.5, MSH2:6282.5, RAD51D:6282.5, MSH3:6282.5, MSH6:6282.5, PALB2:6282.5, RAD51AP1:6282.5, XRCC2:6282.5, RAD1:10997, ATR:11303, TOPBP1:11392, BRIP1:11727, SEM1:11957, NTHL1:12439, RAD51C:12796, RPA3:13748","Both",3
"REACTOME_SIGNALING_BY_CSF1_M_CSF_IN_MYELOID_CELLS",-0.0969424351628598,0.0873114430490972,0.402615170888804,26,"RPS27A:59, UBA52:103, GAB3:252, CBL:878, SHC1:997, CSF1:1209, STAT1:6282.5, PTPN11:6282.5, UBB:6282.5, PIK3CG:6282.5, SOS1:6282.5, PIK3CA:6282.5, PIK3R1:6282.5, SRC:6282.5, PLCG2:6282.5, GAB2:6282.5, GRAP2:6282.5, HCK:6282.5, IL34:6282.5, INPPL1:6282.5, CSF1R:6282.5, INPP5D:11828, THOC5:12603, PIK3CB:12691, LYN:13217, YES1:14402","Herbivore",1
"REACTOME_FLT3_SIGNALING_IN_DISEASE",-0.13292838548313,0.0310020194138181,0.27587631678156,22,"RPS27A:59, UBA52:103, CBL:878, TRIP11:1111, MYO18A:1637, PTPN11:6282.5, UBB:6282.5, BCL2L1:6282.5, SOS1:6282.5, PIK3CA:6282.5, PIK3R1:6282.5, GAB2:6282.5, STAT5A:6282.5, STAT5B:6282.5, SPTBN1:6282.5, CDKN1A:6282.5, PIM1:6282.5, GOLGB1:6282.5, NOX4:6282.5, ETV6:6282.5, FLT3:12596, ZMYM2:14858","Herbivore",1
"REACTOME_TRANSCRIPTIONAL_REGULATION_OF_TESTIS_DIFFERENTIATION",-0.0971178647527196,0.287683411663817,0.653223757019628,10,"GATA4:6282.5, ZFPM2:6282.5, AMH:6282.5, PTGDS:6282.5, SOX9:6282.5, NR5A1:6282.5, DMRT1:6282.5, DHH:6282.5, FOXL2:6282.5, WT1:6282.5","Unclear",0
"REACTOME_ATTACHMENT_AND_ENTRY",-0.029373807653462,0.684281427373985,0.886280628895981,16,"GPC1:6282.5, SDC1:6282.5, SDC4:6282.5, SDC3:6282.5, SDC2:6282.5, FURIN:6282.5, AGRN:6282.5, HSPG2:6282.5, GPC4:6282.5, GPC3:6282.5, GPC5:6282.5, GPC6:6282.5, GPC2:6282.5, ACE2:6282.5, NRP1:14054, TMPRSS2:14626","Unclear",0
"REACTOME_RND3_GTPASE_CYCLE",-0.0222736327999486,0.648711880202747,0.867033002227986,35,"SCRIB:111, ARHGAP21:1372, DDX4:1548, PLEKHG5:1558, ROCK1:6282.5, DSP:6282.5, DSG1:6282.5, PIK3R2:6282.5, CAV1:6282.5, PIK3R1:6282.5, FLOT2:6282.5, EPHA2:6282.5, PKP4:6282.5, CKAP4:6282.5, PICALM:6282.5, RASAL2:6282.5, CKB:6282.5, DEPDC1B:6282.5, VANGL1:6282.5, NISCH:6282.5, TNFAIP1:6282.5, CCDC88A:6282.5, SEMA4F:6282.5, DLG5:6282.5, UBXN11:6282.5, KCTD13:6282.5, LEMD3:10855, KTN1:11883, FAM83B:12038, WDR6:12575, ARHGAP5:12804, PTPN13:13391, DST:13394, TMOD3:14215, CPD:14877","Both",3
"REACTOME_SIGNALING_BY_ALK_IN_CANCER",-0.0968320489597085,0.026458397738989,0.26502495068554,44,"SKP1:68, SHC1:997, IRS1:1149, CARS1:1200, PLCG1:1240, ALK:1278, WDCP:1359, LMO7:1396, SQSTM1:1531, MAPK3:6282.5, VCL:6282.5, PRKAR1A:6282.5, PIK3CA:6282.5, PIK3R1:6282.5, PPFIBP1:6282.5, FRS2:6282.5, TPR:6282.5, PPM1B:6282.5, STAT5A:6282.5, MYH9:6282.5, MSN:6282.5, SEC31A:6282.5, RNF213:6282.5, DCTN1:6282.5, EEF1G:6282.5, ATIC:6282.5, NPM1:6282.5, EML4:6282.5, FRS3:6282.5, HIP1:6282.5, GCC2:6282.5, EIF2AK3:6282.5, ZC3HC1:6282.5, BIRC6:6282.5, RRBP1:6282.5, BCL2A1:6282.5, MECP2:6282.5, STRN:10795, TFG:11175, FN1:11285, KLC1:13290, KIF5B:13932, JUNB:14430, TPM4:14631","Both",3
"REACTOME_ALK_MUTANTS_BIND_TKIS",-0.0677582146461814,0.458210548359618,0.772466201890847,10,"ALK:1278, PRKAR1A:6282.5, PPM1B:6282.5, NPM1:6282.5, EML4:6282.5, HIP1:6282.5, EIF2AK3:6282.5, BIRC6:6282.5, STRN:10795, FN1:11285","Unclear",0
"REACTOME_STAT5_ACTIVATION_DOWNSTREAM_OF_FLT3_ITD_MUTANTS",-0.05080860182901,0.597691824599014,0.851199860037491,9,"PTPN11:6282.5, BCL2L1:6282.5, GAB2:6282.5, STAT5A:6282.5, STAT5B:6282.5, CDKN1A:6282.5, PIM1:6282.5, NOX4:6282.5, FLT3:12596","Unclear",0
"REACTOME_SIGNALING_BY_FLT3_FUSION_PROTEINS",-0.100905146618791,0.176192725412222,0.541479737252854,15,"TRIP11:1111, MYO18A:1637, SOS1:6282.5, PIK3CA:6282.5, PIK3R1:6282.5, GAB2:6282.5, STAT5A:6282.5, STAT5B:6282.5, SPTBN1:6282.5, CDKN1A:6282.5, PIM1:6282.5, GOLGB1:6282.5, NOX4:6282.5, ETV6:6282.5, ZMYM2:14858","Both",3
"REACTOME_SIGNALING_BY_FLT3_ITD_AND_TKD_MUTANTS",-0.0624041876986353,0.454276296215401,0.772278509992157,12,"PTPN11:6282.5, BCL2L1:6282.5, SOS1:6282.5, PIK3CA:6282.5, PIK3R1:6282.5, GAB2:6282.5, STAT5A:6282.5, STAT5B:6282.5, CDKN1A:6282.5, PIM1:6282.5, NOX4:6282.5, FLT3:12596","Unclear",0
"REACTOME_INACTIVATION_OF_CSF3_G_CSF_SIGNALING",-0.111301491267459,0.0932042479441157,0.418764710206001,19,"UBE2D1:11, ELOC:51, RPS27A:59, UBA52:103, JAK2:6282.5, TYK2:6282.5, STAT1:6282.5, JAK1:6282.5, SOCS3:6282.5, UBB:6282.5, STAT5A:6282.5, STAT5B:6282.5, UBE2D2:6282.5, SOCS1:6282.5, CSF3R:6282.5, HCK:6282.5, CSF3:12089, LYN:13217, SYK:13613","Herbivore",1
"REACTOME_SARS_COV_2_HOST_INTERACTIONS",-0.0208075241021639,0.397500683277828,0.742687805129456,140,"SNRPD1:5, RPS27A:59, SNRPD3:62, UBA52:103, RPS26:138, RPS7:178, RPS23:180, SNRPG:185, NUP88:192, RPS17:201, IKBKG:445, NOD1:499, NUP153:528, NUP50:643, VPS33B:669, DDX20:942, RAE1:1313, NUP214:1425, VPS11:1566, VPS45:1625, TAB1:1736, TYK2:6282.5, STAT1:6282.5, JAK1:6282.5, PTPN11:6282.5, TJP1:6282.5, AKT2:6282.5, AKT1:6282.5, UBB:6282.5, SFN:6282.5, CAV1:6282.5, PTPN6:6282.5, PDPK1:6282.5, TRIM25:6282.5, ISG15:6282.5, PIK3C3:6282.5, CHUK:6282.5, TPR:6282.5, NDC1:6282.5, AAAS:6282.5, NUP188:6282.5, NUP93:6282.5, NUP155:6282.5, NUP43:6282.5, IRF3:6282.5, NUP210:6282.5, NUP58:6282.5, SEC13:6282.5, NUP35:6282.5, NUP62:6282.5, HSP90AA1:6282.5, CREBBP:6282.5, TLR2:6282.5, B2M:6282.5, TLR1:6282.5, RPS5:6282.5, HSP90AB1:6282.5, RPS10:6282.5, RPS2:6282.5, RPS27L:6282.5, RIPK2:6282.5, TRAF3:6282.5, IRAK2:6282.5, TAB3:6282.5, IFNAR2:6282.5, IL17RC:6282.5, NOD2:6282.5, TRAF6:6282.5, IL17RA:6282.5, IRAK1:6282.5, IRF7:6282.5, UBE2V1:6282.5, SEC23A:6282.5, SEC24A:6282.5, ATG14:6282.5, TRIM4:6282.5, SEC24C:6282.5, PATJ:6282.5, GJA1:6282.5, IKBKE:6282.5, MASP2:6282.5, IFIH1:6282.5, TKFC:6282.5, RNF135:6282.5, STING1:6282.5, GEMIN8:6282.5, GEMIN2:6282.5, GEMIN7:6282.5, GEMIN4:6282.5, TUFM:6282.5, VPS41:6282.5, G3BP2:6282.5, VPS33A:6282.5, NLRP12:6282.5, G3BP1:6282.5, LARP1:6282.5, VPS39:6282.5, UVRAG:6282.5, VPS16:6282.5, VPS18:10843, NUP205:10887, SEC24B:11145, PIK3R4:11306, IL17A:11365, GEMIN6:11505, GEMIN5:11549, SIKE1:11559, MAP3K7:11639, NUP160:11681, NUP37:11698, UBE2N:11716, NUP85:11843, NUP107:12122, SMN2:12281, BECN1:12304, NUP42:12532, SMN1:12617, TOMM70:12639, RPS3:12824, TAB2:12875, NUP54:12910, KPNA2:13181, NUP98:13246, NUP133:13372, MASP1:13598, TLR7:13894, TLR8:13970, SEH1L:14240, IKBKB:14262, SEC24D:14320, TBK1:14571, NLRP3:14579, STAT2:14604, IL17F:14664, RPS15:14780, IFNAR1:14875, RPS27:14996, CRB3:15056, RPS15A:15066, RPS14:15087","Herbivore",1
"REACTOME_RHOBTB3_ATPASE_CYCLE",-0.0102029375490526,0.920409772308242,0.980250434243426,8,"VHL:6282.5, LRRC41:6282.5, CCNE1:6282.5, HGS:6282.5, RAB9A:6282.5, HTR7:6282.5, PLIN3:10962, RHOBTB3:12210","Unclear",0
"REACTOME_NEGATIVE_REGULATION_OF_FLT3",-0.0832484768989144,0.298824461069895,0.665983316822028,13,"RPS27A:59, UBA52:103, CBL:878, UBB:6282.5, CSK:6282.5, SOCS2:6282.5, ABL2:6282.5, SLA2:6282.5, PTPRJ:6282.5, SOCS6:6282.5, SH2B3:11515, FLT3:12596, SLA:14699","Herbivore",1
"REACTOME_FLT3_SIGNALING_BY_CBL_MUTANTS",-0.242568930733019,0.0603402198613691,0.362806541994314,5,"RPS27A:59, UBA52:103, CBL:878, UBB:6282.5, FLT3:12596","Herbivore",1
"REACTOME_HEME_SIGNALING",-0.00406773477639621,0.931840135364012,0.986561880583814,37,"CRTC2:101, HELZ2:301, CRTC3:488, MEF2D:1464, TLR4:6282.5, LY96:6282.5, CLEC1B:6282.5, MAFK:6282.5, CREBBP:6282.5, NCOR1:6282.5, NCOA1:6282.5, TBL1X:6282.5, PPARGC1A:6282.5, MED1:6282.5, TGS1:6282.5, NCOA2:6282.5, CHD9:6282.5, RXRA:6282.5, NCOA6:6282.5, HMOX1:6282.5, ATF2:6282.5, CLOCK:6282.5, NPAS2:6282.5, NR1D1:6282.5, NRIP1:6282.5, RAI1:6282.5, NFE2L2:11026, EP300:11369, APOB:11535, SLC46A1:11574, SIRT1:12367, APOA1:13281, BACH1:13707, RORA:13844, CARM1:14601, PPARA:14728, CRTC1:14887","Both",3
"REACTOME_REGULATION_OF_BACH1_ACTIVITY",-0.184451732256979,0.0708653469143393,0.374515024249642,8,"RPS27A:59, SKP1:68, UBA52:103, UBB:6282.5, MAFK:6282.5, SKP2:6282.5, FBXL17:6282.5, BACH1:13707","Herbivore",1
"REACTOME_SENSORY_PERCEPTION",-0.0614943598999791,0.000351601204630252,0.0194252271121913,291,"SNAP25:21, PCDH15:61, CALHM1:95, TRPM5:99, RIPOR2:125, OR10S1:181, GUCY2D:216, CTBP2:223, DNAJC5:251, CACNB2:278, MYO15A:406, OR6Y1:407, ACTG1:418, OR10D3:422, OTOF:479, OR6B1:508, OR6K2:527, OR51I1:559, OR13D1:608, CYP4V2:738, ABCA4:792, GNAT3:831, OR2B11:864, RGS9BP:937, OR5AU1:943, OR6B2:985, CDH23:987, CALHM3:1000, PCLO:1109, OR10K2:1160, OR10J5:1173, OR2S2:1180, FSCN2:1215, CNGA1:1268, CAPZB:1373, STRA6:1387, LRP12:1388, PJVK:1397, OR6K6:1477, MYO7A:1487, BCO1:1528, ADCY3:1563, AWAT2:1624, SPTAN1:1669, NMT1:6282.5, GSN:6282.5, GPC1:6282.5, GNB5:6282.5, ACTB:6282.5, GNB3:6282.5, SDC1:6282.5, SDC4:6282.5, KCNMB1:6282.5, PRKCA:6282.5, KCNMA1:6282.5, ATP2B2:6282.5, SDC3:6282.5, SDC2:6282.5, GNAL:6282.5, CACNA2D2:6282.5, SYN1:6282.5, STX1A:6282.5, EPB41L1:6282.5, KCNJ2:6282.5, CHRNA9:6282.5, KCNN2:6282.5, EPB41L3:6282.5, APOE:6282.5, MYH9:6282.5, SCN1B:6282.5, LHX2:6282.5, SPTBN1:6282.5, RDX:6282.5, MSN:6282.5, SCN2B:6282.5, SCN3A:6282.5, CACNA1D:6282.5, SCN4B:6282.5, AGRN:6282.5, HSPG2:6282.5, TTR:6282.5, PLB1:6282.5, NMT2:6282.5, GPC4:6282.5, GPC3:6282.5, GPC5:6282.5, GPC6:6282.5, GPC2:6282.5, LDLR:6282.5, APOA2:6282.5, APOC2:6282.5, CNGA4:6282.5, RHO:6282.5, CNGA2:6282.5, HSD17B1:6282.5, PDE6A:6282.5, RETSAT:6282.5, RDH11:6282.5, RBP1:6282.5, LRP1:6282.5, RBP4:6282.5, LRP10:6282.5, BCO2:6282.5, OPN1LW:6282.5, OPN1SW:6282.5, RLBP1:6282.5, RBP3:6282.5, OPN1MW:6282.5, GUCA1A:6282.5, DHRS9:6282.5, GUCY2F:6282.5, RGS9:6282.5, RCVRN:6282.5, GUCA1B:6282.5, RPE65:6282.5, GRK4:6282.5, SAG:6282.5, GUCA1C:6282.5, CAMKMT:6282.5, METAP1:6282.5, SDR9C7:6282.5, GRK1:6282.5, FNTB:6282.5, ANO2:6282.5, TRPM4:6282.5, SCNN1D:6282.5, GRM4:6282.5, TAS2R3:6282.5, TAS2R4:6282.5, TAS1R3:6282.5, TAS1R1:6282.5, TAS1R2:6282.5, TAS2R41:6282.5, TAS2R40:6282.5, REEP1:6282.5, OR1I1:6282.5, OR13C9:6282.5, OR1Q1:6282.5, OR2D2:6282.5, OR51B5:6282.5, OR10G3:6282.5, OR10A4:6282.5, OR2K2:6282.5, OR1L3:6282.5, OR1N2:6282.5, OR10AD1:6282.5, OR5J2:6282.5, OR2T1:6282.5, OR10P1:6282.5, OR52W1:6282.5, OR4D11:6282.5, OR51B6:6282.5, OR4C3:6282.5, OR4X1:6282.5, OR4F17:6282.5, OR51V1:6282.5, OR52E2:6282.5, OR51L1:6282.5, OR51F2:6282.5, OR2D3:6282.5, OR10A7:6282.5, OR2A4:6282.5, OR52N2:6282.5, OR6T1:6282.5, OR8D4:6282.5, OR6S1:6282.5, OR52K2:6282.5, OR51B4:6282.5, OR52E8:6282.5, OR4F6:6282.5, OR6C76:6282.5, OR4F5:6282.5, OR10T2:6282.5, OR13F1:6282.5, OR52B6:6282.5, OR5K4:6282.5, OR6M1:6282.5, OR10J3:6282.5, OR52K1:6282.5, OR51D1:6282.5, OR13G1:6282.5, OR52M1:6282.5, OR1S2:6282.5, OR5B21:6282.5, OR10G6:6282.5, OR10Z1:6282.5, OR13C3:6282.5, OR2W1:6282.5, OR2A5:6282.5, OR6X1:6282.5, OR2A25:6282.5, OR4E2:6282.5, OR6V1:6282.5, OR2W3:6282.5, OR1J4:6282.5, OR52B2:6282.5, OR10G2:6282.5, OR13A1:6282.5, OR11H2:6282.5, OR6Q1:6282.5, SLC17A8:6282.5, TWF1:6282.5, USH1C:6282.5, MYO3B:6282.5, WHRN:6282.5, MYO3A:6282.5, TRIOBP:6282.5, SYP:6282.5, CLIC5:6282.5, PLS1:6282.5, CHRNA10:6282.5, MPP1:6282.5, ESPNL:6282.5, TMC2:6282.5, CABP1:6282.5, BSN:6282.5, TMC1:6282.5, OTOGL:6282.5, CABP2:6282.5, SLC26A5:6282.5, TMIE:6282.5, USH1G:6282.5, ESPN:6282.5, OTOG:6282.5, GRXCR2:6282.5, GRXCR1:6282.5, STRC:6282.5, TWF2:6282.5, OTOP1:6282.5, PDE6B:10827, OR1B1:11005, KCNQ4:11046, EZR:11087, OR2C1:11108, OR1K1:11109, OR10V1:11293, RDH5:11376, OR1J1:11407, APOB:11535, OR4K5:11562, METAP2:11605, OR13C4:11616, OR4E1:11627, OR4D1:11656, SCN2A:11745, OR11H4:11796, NAPEPLD:11797, CAPZA1:11806, OR5K1:11890, ITPR3:11892, GRM1:12091, OR5A2:12131, TAS2R1:12185, OR13J1:12292, RBP2:12386, PLCB2:12405, PPEF1:12493, OR2Z1:12712, LRRC52:12715, APOM:12723, LPL:12737, APOA4:12777, OR13H1:12907, LRP8:13001, SCNN1G:13030, RDH8:13072, ATP2B1:13115, TAS2R7:13154, SCN9A:13170, OR13C8:13185, APOA1:13281, RDH12:13302, OR7G3:13345, FNTA:13346, OR5AR1:13369, DHRS3:13486, EPS8:13549, GRK7:13676, SCNN1B:13694, TAS2R38:13802, TAS2R39:13811, PRKCQ:13818, SCNN1A:14160, MYO1C:14170, LRAT:14282, OR6N2:14393, HSD17B6:14568, TAS2R5:14576, PNLIP:14863, CLPS:14899, TAS2R10:15084","Herbivore",1
"REACTOME_CELLULAR_RESPONSE_TO_STARVATION",-0.0371569651987968,0.226984315494335,0.599099089514273,89,"RPS27A:59, RPL34:66, RPL19:69, UBA52:103, RPS26:138, RRAGA:145, RPL31:169, RPS7:178, RPS23:180, RPL8:184, RPS17:201, RPL17:206, SH3BP4:242, RPL13:905, TRIB3:6282.5, SEC13:6282.5, ATP6V1H:6282.5, TCIRG1:6282.5, ATP6V0B:6282.5, ATP6V1F:6282.5, ATP6V1E1:6282.5, ATP6V1C2:6282.5, ATP6V1B2:6282.5, ATP6V1C1:6282.5, ATP6V0D1:6282.5, ATP6V1E2:6282.5, RPS5:6282.5, RPLP0:6282.5, RPL3:6282.5, RPS10:6282.5, RPL3L:6282.5, RPS2:6282.5, RPL32:6282.5, RPL10L:6282.5, RPL38:6282.5, RPL15:6282.5, RPLP2:6282.5, RPS27L:6282.5, RPL14:6282.5, RPL36A:6282.5, ATF2:6282.5, MTOR:6282.5, RRAGD:6282.5, RRAGB:6282.5, LAMTOR2:6282.5, RPTOR:6282.5, SLC38A9:6282.5, SESN1:6282.5, SESN2:6282.5, ASNS:6282.5, ATF4:6282.5, CEBPG:6282.5, ATF3:6282.5, DDIT3:6282.5, EIF2S2:6282.5, FNIP2:6282.5, GCN1:6282.5, WDR59:6282.5, NPRL3:6282.5, ITFG2:6282.5, NPRL2:6282.5, KPTN:6282.5, WDR24:6282.5, SZT2:6282.5, CASTOR2:6282.5, FNIP1:10875, ATP6V1G3:10981, RRAGC:11048, ATP6V1B1:11742, MIOS:11933, RPL7:12006, ATP6V0C:12036, RPL6:12073, FLCN:12145, RPL4:12176, IMPACT:12698, ATP6V0D2:12745, RPS3:12824, RPL9:12853, ATP6V1A:13396, BMT2:14038, DEPDC5:14081, SEH1L:14240, CASTOR1:14520, RPS15:14780, RPS27:14996, RPS15A:15066, RPS14:15087, RPL23:15099","Herbivore",1
"REACTOME_MIRO_GTPASE_CYCLE",-0.0420030272452069,0.680825842824663,0.884901035027337,8,"MFN2:6282.5, TRAK1:6282.5, RHOT1:6282.5, TRAK2:6282.5, RAP1GDS1:6282.5, MYO19:6282.5, RHOT2:6282.5, MFN1:12949","Unclear",0
"REACTOME_SIGNALING_BY_RHO_GTPASES_MIRO_GTPASES_AND_RHOBTB3",-0.0409205454778301,0.000963705728543468,0.0334146428569975,580,"IQGAP3:1, ACTC1:37, H4C15:49, CDC42:60, H4C14:85, COPS2:87, SCRIB:111, ARHGEF11:130, TIAM2:146, RHOA:150, H4C3:171, ARHGEF2:183, H4C2:238, NHS:249, PMF1:273, H4C13:295, OBSCN:306, H2BC15:350, H3C13:387, TIAM1:396, MTMR1:399, AKAP13:401, ACTG1:418, UACA:493, ARHGEF12:502, FGD1:512, MTX1:524, TUBB4A:543, IQGAP1:558, DSG2:565, H3C11:588, WHAMM:589, STARD8:695, STBD1:703, CLIP1:724, DOCK11:784, TUBA4A:786, MYH10:800, DVL1:806, ITSN1:829, PLEKHG1:852, DOCK1:892, EMD:897, PRAG1:939, PLEKHG6:969, AMIGO2:977, GPS1:992, ARHGEF15:1025, ARHGAP8:1087, ARHGAP32:1093, H2AC20:1105, NGEF:1140, OPHN1:1144, WDR11:1177, MCAM:1194, H3C10:1224, ANKFY1:1285, MACO1:1294, CDC20:1297, H2AC4:1330, PAK6:1333, H3C8:1344, GOLGA3:1349, ARHGAP21:1372, CAPZB:1373, STARD13:1374, RHPN1:1385, ARHGAP17:1414, GNA13:1420, PLD2:1457, H3C4:1469, RHOD:1475, DVL2:1509, SH3PXD2A:1512, ARHGAP45:1514, TRIO:1517, DDX4:1548, PLEKHG5:1558, CLASP2:1578, ARHGEF16:1601, ZWINT:1630, DLC1:1649, ARHGEF6:1661, SPTAN1:1669, PPP1R14A:1672, DNMBP:1678, VIM:6282.5, ROCK1:6282.5, ARHGAP10:6282.5, DSP:6282.5, MAPK3:6282.5, C1QBP:6282.5, LMNB1:6282.5, TJP2:6282.5, DSG1:6282.5, PTK2:6282.5, SFN:6282.5, PAK2:6282.5, BCAP31:6282.5, DYNLL2:6282.5, PPP2R5A:6282.5, KIF2A:6282.5, PPP2R5B:6282.5, ACTN1:6282.5, ACTB:6282.5, PPP2R5C:6282.5, DOCK9:6282.5, DOCK3:6282.5, ABL1:6282.5, TUBB1:6282.5, CSK:6282.5, KLC3:6282.5, PIK3R2:6282.5, CAV1:6282.5, DOCK8:6282.5, PPP2R5D:6282.5, SOS1:6282.5, DOCK7:6282.5, MFN2:6282.5, PIK3CA:6282.5, TUBA1B:6282.5, DOCK4:6282.5, DOCK2:6282.5, DOCK10:6282.5, KLC4:6282.5, TUBB2A:6282.5, TUBB2B:6282.5, PPP2R1B:6282.5, CENPE:6282.5, PDPK1:6282.5, KIF2B:6282.5, GRB7:6282.5, PIK3R1:6282.5, PRKCA:6282.5, VAV2:6282.5, PCDH7:6282.5, CFL1:6282.5, TUBAL3:6282.5, LCK:6282.5, TUBA8:6282.5, TUBB4B:6282.5, FLNA:6282.5, SRC:6282.5, H3C1:6282.5, H4C8:6282.5, H2BC4:6282.5, H2BC21:6282.5, H4C11:6282.5, H2BC9:6282.5, H2AC14:6282.5, ARHGEF7:6282.5, RASGRF2:6282.5, ARHGEF9:6282.5, DLG4:6282.5, MYO6:6282.5, SLITRK3:6282.5, FLOT2:6282.5, FLOT1:6282.5, SLITRK5:6282.5, PIK3C3:6282.5, FRS2:6282.5, AAAS:6282.5, NUP43:6282.5, SEC13:6282.5, CYBA:6282.5, NCF4:6282.5, NCF2:6282.5, NCF1:6282.5, BCR:6282.5, HSP90AA1:6282.5, CDC37:6282.5, ERBIN:6282.5, DIAPH1:6282.5, VHL:6282.5, BTK:6282.5, VAMP3:6282.5, SNAP23:6282.5, FARP2:6282.5, CTNNA1:6282.5, NCK2:6282.5, PAK3:6282.5, HSP90AB1:6282.5, MYH9:6282.5, SOS2:6282.5, PAK5:6282.5, MYH14:6282.5, SPTBN1:6282.5, ARPC1B:6282.5, PAK4:6282.5, ROCK2:6282.5, NCOA2:6282.5, EPHA2:6282.5, ABL2:6282.5, PKP4:6282.5, ARHGAP39:6282.5, PAK1:6282.5, RHOC:6282.5, NCK1:6282.5, KALRN:6282.5, RND1:6282.5, JUP:6282.5, LIMK2:6282.5, MAPK11:6282.5, SRGAP3:6282.5, EVL:6282.5, SRGAP1:6282.5, ARHGEF28:6282.5, ARPC4:6282.5, SRGAP2:6282.5, BIRC5:6282.5, RAPGEF1:6282.5, CDKN1B:6282.5, PTK2B:6282.5, WAS:6282.5, DYNC1I2:6282.5, ZAP70:6282.5, RBBP6:6282.5, LRRC41:6282.5, DYNC1LI2:6282.5, SH3RF1:6282.5, DYNC1H1:6282.5, BUB1B:6282.5, MAD2L1:6282.5, PLD1:6282.5, OCRL:6282.5, PARD6A:6282.5, PARD6B:6282.5, CCNE1:6282.5, MTR:6282.5, CDC25C:6282.5, JAG1:6282.5, WWP2:6282.5, GJA1:6282.5, RANGAP1:6282.5, MAD1L1:6282.5, VRK2:6282.5, CENPQ:6282.5, PPP1R12A:6282.5, ZW10:6282.5, NUDC:6282.5, MAPRE1:6282.5, CCP110:6282.5, CENPL:6282.5, CENPK:6282.5, B9D2:6282.5, SGO1:6282.5, CENPO:6282.5, ITGB3BP:6282.5, NUF2:6282.5, LBR:6282.5, INCENP:6282.5, DSN1:6282.5, CENPU:6282.5, CENPH:6282.5, AHCTF1:6282.5, SKA1:6282.5, NDEL1:6282.5, MIS12:6282.5, BUB1:6282.5, ZWILCH:6282.5, CKAP5:6282.5, CENPS:6282.5, ANKLE2:6282.5, AURKB:6282.5, SKA2:6282.5, KNTC1:6282.5, ERCC6L:6282.5, CENPP:6282.5, ALDH3A2:6282.5, VAPB:6282.5, ESYT1:6282.5, SRF:6282.5, FRS3:6282.5, ELMO2:6282.5, HMOX2:6282.5, WASF1:6282.5, FAF2:6282.5, WIPF1:6282.5, WIPF3:6282.5, ARHGAP9:6282.5, NCKAP1L:6282.5, MOSPD2:6282.5, CKAP4:6282.5, ABI1:6282.5, ABI2:6282.5, RHOF:6282.5, WASF2:6282.5, WIPF2:6282.5, BAIAP2:6282.5, NF2:6282.5, CYFIP1:6282.5, ARHGEF18:6282.5, MEN1:6282.5, STAM2:6282.5, HGS:6282.5, ARL13B:6282.5, CEP97:6282.5, ARHGEF10L:6282.5, ARHGEF1:6282.5, PLEKHG2:6282.5, MCF2:6282.5, ARHGEF10:6282.5, PREX1:6282.5, MCF2L:6282.5, FGD3:6282.5, ARHGEF4:6282.5, FGD4:6282.5, FGD2:6282.5, ABR:6282.5, ARHGEF3:6282.5, ARHGEF40:6282.5, NET1:6282.5, ARHGDIA:6282.5, CFTR:6282.5, NOX1:6282.5, GOPC:6282.5, MYLK:6282.5, NOX3:6282.5, CTTN:6282.5, KDM4C:6282.5, RTKN:6282.5, CIT:6282.5, PKN1:6282.5, DIAPH3:6282.5, FMNL2:6282.5, PKN3:6282.5, FMNL3:6282.5, SCAI:6282.5, FMNL1:6282.5, NOXA1:6282.5, MRTFA:6282.5, PRC1:6282.5, SHMT2:6282.5, YKT6:6282.5, ARFGAP3:6282.5, ALS2:6282.5, PICALM:6282.5, RAB9A:6282.5, TRIP10:6282.5, FNBP1L:6282.5, ITSN2:6282.5, HTR7:6282.5, ARHGEF25:6282.5, SLC4A7:6282.5, ATP6AP1:6282.5, ADD3:6282.5, LETM1:6282.5, ACBD5:6282.5, RASAL2:6282.5, MAP3K11:6282.5, TRAK1:6282.5, CDC42EP3:6282.5, RHOT1:6282.5, RNF20:6282.5, CKB:6282.5, SRRM1:6282.5, CPSF7:6282.5, CAVIN1:6282.5, ARAP1:6282.5, ARHGAP44:6282.5, ANLN:6282.5, ARHGAP31:6282.5, DEPDC1B:6282.5, ARAP2:6282.5, ARHGAP6:6282.5, SLK:6282.5, ARHGAP4:6282.5, ARHGDIB:6282.5, ARAP3:6282.5, PLEKHG3:6282.5, ARHGAP22:6282.5, TEX2:6282.5, CCDC115:6282.5, FAM13A:6282.5, ARHGAP26:6282.5, ARHGAP18:6282.5, FARP1:6282.5, PGRMC2:6282.5, TAGAP:6282.5, ARHGAP42:6282.5, VANGL1:6282.5, ARHGAP1:6282.5, ARHGAP30:6282.5, PLEKHG4:6282.5, DDRGK1:6282.5, ARHGAP11A:6282.5, ARHGAP23:6282.5, RHOBTB2:6282.5, NISCH:6282.5, RHOBTB1:6282.5, ARHGAP15:6282.5, NSFL1C:6282.5, SH3BP1:6282.5, RHOV:6282.5, STMN2:6282.5, WDR91:6282.5, CHN2:6282.5, RND2:6282.5, TNFAIP1:6282.5, DBN1:6282.5, CCDC88A:6282.5, TMEM59:6282.5, RHOJ:6282.5, BAIAP2L2:6282.5, CHN1:6282.5, EPSTI1:6282.5, SWAP70:6282.5, SEMA4F:6282.5, KCTD3:6282.5, HINT2:6282.5, GIT2:6282.5, EFHD2:6282.5, TOR1AIP1:6282.5, OSBPL11:6282.5, GFOD1:6282.5, MPP7:6282.5, DLG5:6282.5, TWF1:6282.5, PLEKHG4B:6282.5, UBXN11:6282.5, ARHGAP27:6282.5, SHKBP1:6282.5, ARHGAP25:6282.5, WDR81:6282.5, RHOH:6282.5, PEAK1:6282.5, RALGAPA1:6282.5, KCTD13:6282.5, FAM91A1:6282.5, CDC42EP4:6282.5, SPATA13:6282.5, ZNF512B:6282.5, CDC42BPB:6282.5, TRAK2:6282.5, RAP1GDS1:6282.5, MYO19:6282.5, RHOT2:6282.5, LEMD3:10855, ARHGAP19:10909, PLIN3:10962, COPS4:10987, RCC2:11021, DOCK6:11114, CDC42EP2:11124, SAMM50:11159, VAV1:11176, DIAPH2:11224, KIF5A:11249, BAIAP2L1:11304, PIK3R4:11306, CENPM:11327, STIP1:11331, PLXNB1:11353, KIF14:11427, ARHGEF26:11459, SENP1:11481, NDE1:11522, WASF3:11531, NUP160:11681, STX5:11693, NUP37:11698, DAAM1:11710, ARHGEF19:11779, ARHGAP33:11785, NUP85:11843, H4C1:11869, KIDINS220:11881, IQGAP2:11882, KTN1:11883, DVL3:11924, ARHGEF39:11959, PLK1:11972, RHOU:12032, FAM83B:12038, KDM1A:12051, ARHGEF17:12061, NDC80:12099, FNBP1:12108, KIF2C:12110, NUP107:12122, ITGB1:12155, CCT7:12163, RALBP1:12192, RHOBTB3:12210, CENPI:12215, FERMT2:12229, CDH1:12245, DBT:12258, SPC25:12374, CYBB:12396, PIK3R3:12489, PDE5A:12497, ARHGAP29:12533, LRRC1:12534, TUBA1A:12546, LIMK1:12567, WDR6:12575, ARFGAP2:12606, STK10:12633, CENPN:12725, CCT2:12782, ARHGAP5:12804, ARHGAP28:12883, MYL6:12928, MFN1:12949, LMAN1:12961, FILIP1:12972, TMEM87A:12987, NIPSNAP2:13103, RHPN2:13140, TFRC:13145, STK38:13182, PHIP:13202, NUP98:13246, STEAP3:13248, KLC1:13290, PKN2:13293, PPP1R12B:13336, CPNE8:13363, NUP133:13372, FAM135A:13384, PTPN13:13391, DST:13394, GIT1:13400, ARHGAP24:13404, CCT6A:13410, DYNC1I1:13489, DEF6:13523, VAV3:13539, MYO9A:13568, SCFD1:13604, PRKCB:13667, PLXND1:13669, FAM13B:13734, TMPO:13756, NCKIPSD:13774, DYNC1LI1:13804, KIF5B:13932, MYH11:13948, MYO9B:13949, PPP1CB:13966, NDUFA5:13967, CDC42EP5:13982, STAM:14087, CLASP1:14098, H3C2:14121, ECT2:14132, CDCA8:14138, KLC2:14143, STOM:14175, PRKCD:14207, TAOK3:14208, TMOD3:14215, SEH1L:14240, SPC24:14273, SYDE2:14351, RACGAP1:14357, ARHGAP12:14401, WASL:14429, ROPN1:14468, KIF18A:14494, GMIP:14545, SPDL1:14555, S100A8:14577, CENPC:14581, CENPT:14621, TPM4:14631, NSL1:14645, NDUFS3:14726, ABCD3:14757, CPD:14877, SYDE1:14984, RPS27:14996, FGD5:15006, FAM169A:15007, DYNLL1:15080, H3-3A:15088, TRA2B:15089, TUBB8B:15090, TUBB8:15095","Both",3
"REACTOME_NUCLEAR_EVENTS_STIMULATED_BY_ALK_SIGNALING_IN_CANCER",-0.0418115535614134,0.616108482943188,0.854941156448105,12,"SKP1:68, ALK:1278, MAPK3:6282.5, STAT5A:6282.5, NPM1:6282.5, EML4:6282.5, ZC3HC1:6282.5, BCL2A1:6282.5, MECP2:6282.5, FN1:11285, KIF5B:13932, JUNB:14430","Both",3
"REACTOME_DEFECTIVE_INTRINSIC_PATHWAY_FOR_APOPTOSIS",-0.0362676847069391,0.565276511691345,0.834720352644959,21,"CAST:1204, C1QBP:6282.5, LMNB1:6282.5, FASLG:6282.5, TP53:6282.5, CDKN2A:6282.5, LMNA:6282.5, APP:6282.5, FOXO3:6282.5, JUN:6282.5, SOD2:6282.5, CDC25A:6282.5, CAPN2:6282.5, CAPNS2:6282.5, CDC25C:6282.5, CDC25B:6282.5, PRDX2:6282.5, PRDX1:10816, CAPNS1:11979, CAPN1:12129, BCL2L11:14495","Unclear",0
"REACTOME_SARS_COV_1_MODULATES_HOST_TRANSLATION_MACHINERY",-0.0424895272292041,0.56898580213272,0.836771126627482,15,"RPS27A:59, RPS26:138, RPS7:178, RPS23:180, RPS17:201, RPS5:6282.5, RPS10:6282.5, RPS2:6282.5, RPS27L:6282.5, EEF1A1:6282.5, RPS3:12824, RPS15:14780, RPS27:14996, RPS15A:15066, RPS14:15087","Herbivore",1
"REACTOME_SARS_COV_1_TARGETS_HOST_INTRACELLULAR_SIGNALLING_AND_REGULATORY_PATHWAYS",-0.105967597264267,0.299389851089233,0.666352071316356,8,"UBE2I:15, SFN:6282.5, CAV1:6282.5, SERPINE1:6282.5, PDPK1:6282.5, SMAD4:6282.5, SP1:6282.5, EP300:11369","Both",3
"REACTOME_ASPIRIN_ADME",-0.0146735907422545,0.849284340882347,0.948904706012529,14,"ABCC3:1010, GLYATL3:1155, ACSM5:1485, BSG:6282.5, BCHE:6282.5, UGT1A6:6282.5, UGT1A1:6282.5, SLCO2B1:6282.5, CYP2E1:6282.5, ACSM4:11682, ACSM2A:11703, ACSM2B:12012, SLC22A7:13216, ALB:15057","Herbivore",1
"REACTOME_TRAF6_MEDIATED_IRF7_ACTIVATION_IN_TLR7_8_OR_9_SIGNALING",-0.0165638437091045,0.842558943019994,0.948609921431074,12,"RPS27A:59, UBA52:103, UBB:6282.5, TRAF6:6282.5, IRAK1:6282.5, IRF7:6282.5, IRAK4:6282.5, UBE2V1:6282.5, MYD88:11646, UBE2N:11716, TLR7:13894, TLR9:14413","Herbivore",1
"REACTOME_SARS_COV_2_MODULATES_AUTOPHAGY",-0.164371425367276,0.0719413358582778,0.375971676963695,10,"VPS33B:669, VPS11:1566, VPS45:1625, TUFM:6282.5, VPS41:6282.5, VPS33A:6282.5, VPS39:6282.5, UVRAG:6282.5, VPS16:6282.5, VPS18:10843","Unclear",0
"REACTOME_SARS_COV_2_MODULATES_HOST_TRANSLATION_MACHINERY",-0.0672871673882796,0.235334211552588,0.608867817663037,26,"SNRPD1:5, RPS27A:59, SNRPD3:62, RPS26:138, RPS7:178, RPS23:180, SNRPG:185, RPS17:201, DDX20:942, RPS5:6282.5, RPS10:6282.5, RPS2:6282.5, RPS27L:6282.5, GEMIN8:6282.5, GEMIN2:6282.5, GEMIN7:6282.5, GEMIN4:6282.5, GEMIN6:11505, GEMIN5:11549, SMN2:12281, SMN1:12617, RPS3:12824, RPS15:14780, RPS27:14996, RPS15A:15066, RPS14:15087","Herbivore",1
"REACTOME_KEAP1_NFE2L2_PATHWAY",-0.0199658937441344,0.540549907533881,0.816941729491692,79,"RPS27A:59, SKP1:68, UBA52:103, TKT:394, AMER1:457, PSMB9:1148, DPP3:1346, PGD:1384, SQSTM1:1531, PSMB11:1646, PSMD5:6282.5, PSMB5:6282.5, AKT2:6282.5, PSMD3:6282.5, PSMD9:6282.5, PSMF1:6282.5, PSMB2:6282.5, PSMA1:6282.5, PSME3:6282.5, AKT1:6282.5, PSMB6:6282.5, CDKN2A:6282.5, PSMA8:6282.5, PSMD4:6282.5, PSMB4:6282.5, PSMD6:6282.5, UBB:6282.5, PSMD13:6282.5, PSMD12:6282.5, PSMB8:6282.5, PSMB10:6282.5, MAFK:6282.5, UFD1:6282.5, NPLOC4:6282.5, BRCA1:6282.5, CREBBP:6282.5, GSK3B:6282.5, CDKN1A:6282.5, MYC:6282.5, NOTCH1:6282.5, CSNK2B:6282.5, HMOX1:6282.5, TRIM21:6282.5, TALDO1:6282.5, SKP2:6282.5, GCLC:6282.5, GCLM:6282.5, TXNRD1:6282.5, SESN1:6282.5, SESN2:6282.5, G6PD:6282.5, ATF4:6282.5, PALB2:6282.5, MUL1:6282.5, FBXL17:6282.5, SRXN1:6282.5, PRDX1:10816, NFE2L2:11026, PSMD10:11350, EP300:11369, PSMD1:11428, PSMB1:11506, BTRC:11532, UBXN7:11577, PSMB7:11603, PSME4:11744, SEM1:11957, PSMD8:12029, SLC7A11:12172, GSR:12572, BACH1:13707, NQO1:13715, ME1:14094, PRKCD:14207, PSMD2:14237, KEAP1:14270, PSME2:14297, IDH1:14309, PSME1:14419","Herbivore",1
"REACTOME_SARS_COV_2_TARGETS_HOST_INTRACELLULAR_SIGNALLING_AND_REGULATORY_PATHWAYS",-0.0970634386908765,0.452293157521604,0.772278509992157,5,"AKT2:6282.5, AKT1:6282.5, SFN:6282.5, CAV1:6282.5, PDPK1:6282.5","Unclear",0
"REACTOME_REGULATION_OF_NF_KAPPA_B_SIGNALING",-0.0973988248498052,0.164610755749684,0.53365429665103,17,"RPS27A:59, UBA52:103, NLRX1:377, IKBKG:445, TRAF2:6282.5, TP53:6282.5, UBB:6282.5, CHUK:6282.5, USP18:6282.5, NLRC5:6282.5, LRRC14:6282.5, IKBIP:6282.5, TRAF6:6282.5, CASP8:11211, N4BP1:11551, USP14:11617, IKBKB:14262","Herbivore",1
"REACTOME_FORMATION_OF_LATERAL_PLATE_MESODERM",-0.0970634386908765,0.452293157521604,0.772278509992157,5,"GATA4:6282.5, FOXF1:6282.5, BMP4:6282.5, IHH:6282.5, SHH:6282.5","Unclear",0
"REACTOME_GASTRULATION",-0.0208998670198842,0.635797725654486,0.861264687719788,43,"MAML2:776, YAP1:1201, MAML3:1616, MAMLD1:1665, OCLN:6282.5, GATA4:6282.5, SMAD4:6282.5, FOXH1:6282.5, CREBBP:6282.5, TEAD2:6282.5, TCF7:6282.5, DLL3:6282.5, FOXF1:6282.5, KAT2A:6282.5, SNAI1:6282.5, BMP4:6282.5, FOXA2:6282.5, NOTCH1:6282.5, TBX6:6282.5, MSGN1:6282.5, WNT3A:6282.5, MAML1:6282.5, IHH:6282.5, EOMES:6282.5, TBXT:6282.5, SHH:6282.5, RBPJ:6282.5, CLDN7:6282.5, TBPL2:6282.5, TRIM33:6282.5, DLL1:6282.5, NOTO:6282.5, SNW1:10866, MESP2:10942, EP300:11369, CDH1:12245, GSC:12352, LEF1:12491, TEAD4:12501, FOXA1:13060, KAT2B:13850, FGFR1:14005, POU5F1:14397","Unclear",0
"REACTOME_NUCLEAR_EVENTS_MEDIATED_BY_NFE2L2",-0.00361953361419332,0.924827080772939,0.982594712217801,57,"RPS27A:59, SKP1:68, UBA52:103, TKT:394, PSMB9:1148, PGD:1384, SQSTM1:1531, PSMD5:6282.5, PSMB5:6282.5, PSMD3:6282.5, PSMD9:6282.5, PSMF1:6282.5, PSMB2:6282.5, PSMA1:6282.5, PSME3:6282.5, PSMB6:6282.5, CDKN2A:6282.5, PSMD4:6282.5, PSMB4:6282.5, PSMD6:6282.5, UBB:6282.5, PSMD13:6282.5, PSMD12:6282.5, PSMB8:6282.5, PSMB10:6282.5, MAFK:6282.5, CREBBP:6282.5, GSK3B:6282.5, MYC:6282.5, NOTCH1:6282.5, HMOX1:6282.5, TALDO1:6282.5, GCLC:6282.5, GCLM:6282.5, TXNRD1:6282.5, G6PD:6282.5, ATF4:6282.5, SRXN1:6282.5, PRDX1:10816, NFE2L2:11026, PSMD10:11350, EP300:11369, PSMD1:11428, PSMB1:11506, BTRC:11532, PSMB7:11603, SEM1:11957, PSMD8:12029, SLC7A11:12172, GSR:12572, BACH1:13707, NQO1:13715, ME1:14094, PSMD2:14237, PSME2:14297, IDH1:14309, PSME1:14419","Herbivore",1
"REACTOME_COBALAMIN_CBL_METABOLISM",-0.0696828955797565,0.523234099350226,0.807031606626762,7,"MTRR:1660, MTR:6282.5, MMACHC:6282.5, MMAB:6282.5, MMUT:6282.5, MMADHC:6282.5, MMAA:13644","Unclear",0
"REACTOME_REGULATION_OF_NPAS4_MRNA_TRANSLATION",-0.02077495049135,0.860127252090826,0.955520292988145,6,"TNRC6C:1376, TNRC6A:6282.5, MOV10:6282.5, NPAS4:6282.5, TNRC6B:11613, AGO1:12768","Unclear",0
"REACTOME_NPAS4_REGULATES_EXPRESSION_OF_TARGET_GENES",-0.0380428683649422,0.598446845071948,0.851199860037491,16,"ARNT2:529, RBFOX3:1428, MAPK3:6282.5, MDM2:6282.5, CREBBP:6282.5, ARNT:6282.5, INS:6282.5, FOS:6282.5, NAMPT:6282.5, BDNF:6282.5, GEM:6282.5, NPAS4:6282.5, IQSEC3:11841, SYT10:12174, RET:12754, PLK2:13063","Unclear",0
"REACTOME_AMYLOID_FIBER_FORMATION",-0.133533695436643,0.000446086523613535,0.0208673465767454,58,"H4C15:49, RPS27A:59, H4C14:85, UBA52:103, H4C3:171, H4C2:238, H4C13:295, H2BC15:350, H3C13:387, SORL1:583, H3C11:588, H2AC20:1105, APCS:1154, H3C10:1224, H2AC4:1330, H3C8:1344, H3C4:1469, GSN:6282.5, UBB:6282.5, APP:6282.5, H3C1:6282.5, UBE2L6:6282.5, H4C8:6282.5, H2BC4:6282.5, H2BC21:6282.5, H4C11:6282.5, H2BC9:6282.5, H2AC14:6282.5, FURIN:6282.5, APOE:6282.5, NCSTN:6282.5, B2M:6282.5, INS:6282.5, PRKN:6282.5, HSPG2:6282.5, TTR:6282.5, GGA1:6282.5, GGA2:6282.5, GGA3:6282.5, NPPA:6282.5, SNCAIP:6282.5, TSPAN15:6282.5, CALB1:6282.5, ODAM:6282.5, TGFBI:6282.5, ITM2B:6282.5, SNCA:6282.5, TSPAN33:6282.5, BACE1:6282.5, ADAM10:11589, MFGE8:11658, H4C1:11869, APOA4:12777, APOA1:13281, APH1B:14076, SIAH1:14093, H3C2:14121, H3-3A:15088","Herbivore",1
"REACTOME_EARLY_SARS_COV_2_INFECTION_EVENTS",-0.00838110224420219,0.873870635700796,0.960242402382734,30,"CHMP6:1221, GPC1:6282.5, SDC1:6282.5, SDC4:6282.5, SDC3:6282.5, SDC2:6282.5, PIK3C3:6282.5, RB1:6282.5, FURIN:6282.5, VHL:6282.5, AGRN:6282.5, ISCU:6282.5, HSPG2:6282.5, CHMP4B:6282.5, CHMP4C:6282.5, CHMP4A:6282.5, GPC4:6282.5, GPC3:6282.5, GPC5:6282.5, GPC6:6282.5, GPC2:6282.5, ACE2:6282.5, UVRAG:6282.5, PIK3R4:11306, CHMP7:11424, CHMP3:11536, BECN1:12304, ZCRB1:13824, NRP1:14054, TMPRSS2:14626","Unclear",0
"REACTOME_GABA_RECEPTOR_ACTIVATION",-0.0838974194067047,0.060251159612578,0.362806541994314,42,"ADCY1:241, GNAT3:831, ADCY2:835, GABRR3:966, ADCY8:981, GABBR1:1096, KCNJ10:1315, ADCY3:1563, GNB5:6282.5, GNB3:6282.5, ADCY7:6282.5, GNAL:6282.5, ADCY9:6282.5, ADCY5:6282.5, ADCY6:6282.5, GABRA3:6282.5, GABRA1:6282.5, GABRR2:6282.5, GABRG2:6282.5, KCNJ5:6282.5, KCNJ2:6282.5, ARHGEF9:6282.5, GABRA6:6282.5, GABRB2:6282.5, GABRR1:6282.5, KCNJ16:6282.5, KCNJ6:6282.5, KCNJ9:6282.5, KCNJ3:6282.5, GABRB3:6282.5, KCNJ4:6282.5, GABRG3:6282.5, KCNJ12:6282.5, GABRQ:6282.5, GABRB1:11222, ADCY4:11732, GABBR2:11777, KCNJ15:11849, NPTN:12955, GABRA5:13573, GABRA4:13612, GABRA2:13662","Unclear",0
"REACTOME_GABA_B_RECEPTOR_ACTIVATION",-0.15008762075938,0.00943693759706147,0.141789987395849,25,"ADCY1:241, GNAT3:831, ADCY2:835, ADCY8:981, GABBR1:1096, KCNJ10:1315, ADCY3:1563, GNB5:6282.5, GNB3:6282.5, ADCY7:6282.5, GNAL:6282.5, ADCY9:6282.5, ADCY5:6282.5, ADCY6:6282.5, KCNJ5:6282.5, KCNJ2:6282.5, KCNJ16:6282.5, KCNJ6:6282.5, KCNJ9:6282.5, KCNJ3:6282.5, KCNJ4:6282.5, KCNJ12:6282.5, ADCY4:11732, GABBR2:11777, KCNJ15:11849","Unclear",0
"REACTOME_FORMATION_OF_PARAXIAL_MESODERM",-0.0299797889063553,0.634553440478927,0.860926464238795,21,"MAML2:776, MAML3:1616, MAMLD1:1665, CREBBP:6282.5, DLL3:6282.5, KAT2A:6282.5, BMP4:6282.5, NOTCH1:6282.5, TBX6:6282.5, MSGN1:6282.5, WNT3A:6282.5, MAML1:6282.5, TBXT:6282.5, RBPJ:6282.5, DLL1:6282.5, SNW1:10866, MESP2:10942, EP300:11369, LEF1:12491, KAT2B:13850, FGFR1:14005","Unclear",0
"REACTOME_FORMATION_OF_AXIAL_MESODERM",-0.0115726579387414,0.894295930193407,0.967836471871977,11,"YAP1:1201, FOXH1:6282.5, TEAD2:6282.5, TCF7:6282.5, FOXA2:6282.5, TBXT:6282.5, SHH:6282.5, NOTO:6282.5, LEF1:12491, TEAD4:12501, FOXA1:13060","Unclear",0
"REACTOME_NFE2L2_REGULATES_PENTOSE_PHOSPHATE_PATHWAY_GENES",-0.104980781550288,0.336183448820517,0.695762816951685,7,"TKT:394, PGD:1384, CREBBP:6282.5, TALDO1:6282.5, G6PD:6282.5, NFE2L2:11026, EP300:11369","Unclear",0
"REACTOME_GROWTH_HORMONE_RECEPTOR_SIGNALING",-0.0588471628104838,0.374768411214023,0.728133023080694,19,"ADAM17:468, IRS1:1149, JAK2:6282.5, STAT1:6282.5, SOCS3:6282.5, MAPK3:6282.5, PTPN6:6282.5, SH2B1:6282.5, PTPN1:6282.5, GHR:6282.5, PRLR:6282.5, STAT5A:6282.5, STAT5B:6282.5, CISH:6282.5, SOCS2:6282.5, SOCS1:6282.5, LYN:13217, GH1:13531, GH2:13616","Unclear",0
"REACTOME_ANTIGEN_PRESENTATION_FOLDING_ASSEMBLY_AND_PEPTIDE_LOADING_OF_CLASS_I_MHC",-0.0101679342555255,0.868946787075438,0.958501141268047,22,"ERAP1:375, TAP2:1559, BCAP31:6282.5, PIK3C3:6282.5, SEC13:6282.5, TAPBP:6282.5, B2M:6282.5, PDIA3:6282.5, TAP1:6282.5, CANX:6282.5, SEC23A:6282.5, SEC24A:6282.5, ATG14:6282.5, SEC31A:6282.5, ERAP2:6282.5, SEC24C:6282.5, SEC24B:11145, PIK3R4:11306, BECN1:12304, CALR:13753, HSPA5:14042, SEC24D:14320","Unclear",0
"REACTOME_KINESINS",-0.0183385000063786,0.644742196900122,0.864092505671469,53,"KIF26B:50, KIF26A:433, TUBB4A:543, KIF25:700, TUBA4A:786, KIF1C:931, KIF9:1312, KIF1B:6282.5, KIF2A:6282.5, KIFAP3:6282.5, KIF22:6282.5, KIF3C:6282.5, KIF16B:6282.5, TUBB1:6282.5, KIF3B:6282.5, KLC3:6282.5, KIF20A:6282.5, KIF21B:6282.5, TUBA1B:6282.5, KIF1A:6282.5, KIF3A:6282.5, KIF12:6282.5, KLC4:6282.5, TUBB2A:6282.5, TUBB2B:6282.5, KIF23:6282.5, KIF20B:6282.5, CENPE:6282.5, KIF2B:6282.5, KIF6:6282.5, KIF27:6282.5, KIFC2:6282.5, TUBAL3:6282.5, TUBA8:6282.5, KIF18B:6282.5, TUBB4B:6282.5, KIF19:6282.5, KIF13B:6282.5, KIFC1:6282.5, KIF5A:11249, KIF11:11291, KIF2C:12110, KIF21A:12348, TUBA1A:12546, KLC1:13290, KIF15:13674, KIF5B:13932, KLC2:14143, RACGAP1:14357, KIF18A:14494, KIF4A:14730, TUBB8B:15090, TUBB8:15095","Both",3
"KEGG_PENTOSE_PHOSPHATE_PATHWAY",-0.0287449923246846,0.626162503603863,0.859478811260311,24,"TKT:394, H6PD:671, PGM1:1052, PGD:1384, ALDOA:6282.5, TALDO1:6282.5, DERA:6282.5, GPI:6282.5, ALDOC:6282.5, PFKL:6282.5, G6PD:6282.5, FBP2:6282.5, FBP1:6282.5, PRPS1:6282.5, RBKS:6282.5, PRPS1L1:6282.5, TKTL2:6282.5, TKTL1:11221, PFKP:11772, PFKM:12336, RPIA:12485, ALDOB:12872, PGM2:14020, PGLS:15067","Both",3
"KEGG_PURINE_METABOLISM",-0.0441856668661914,0.0744174098894774,0.383355971516365,138,"POLR2J:39, POLD2:160, GUCY2D:216, POLR2J3:218, ADCY1:241, PFAS:353, POLE:379, POLA2:546, PDE1B:830, ADCY2:835, NPR1:933, ADCY8:981, ENTPD2:1020, PDE7B:1202, PAPSS1:1409, PDE3A:1560, ADCY3:1563, GUCY1A2:1614, PKLR:1651, PDE10A:6282.5, PDE1A:6282.5, PDE11A:6282.5, PDE9A:6282.5, PDE2A:6282.5, POLD1:6282.5, POLD3:6282.5, POLE2:6282.5, POLE4:6282.5, POLE3:6282.5, POLD4:6282.5, ADCY7:6282.5, PDE1C:6282.5, ADCY9:6282.5, ADCY5:6282.5, ADCY6:6282.5, PDE4B:6282.5, PDE3B:6282.5, POLA1:6282.5, PRIM1:6282.5, XDH:6282.5, PAPSS2:6282.5, AK2:6282.5, RRM2B:6282.5, GMPR2:6282.5, NME3:6282.5, NME4:6282.5, IMPDH1:6282.5, AK1:6282.5, DGUOK:6282.5, AMPD2:6282.5, AMPD1:6282.5, NT5C1A:6282.5, GDA:6282.5, NT5C:6282.5, ITPA:6282.5, PAICS:6282.5, AMPD3:6282.5, NT5E:6282.5, GMPR:6282.5, ATIC:6282.5, AK7:6282.5, GUK1:6282.5, AK5:6282.5, ADK:6282.5, DCK:6282.5, HPRT1:6282.5, ENTPD3:6282.5, ADPRM:6282.5, NUDT9:6282.5, IMPDH2:6282.5, ADSS1:6282.5, ENTPD8:6282.5, ADA:6282.5, PNP:6282.5, APRT:6282.5, NT5M:6282.5, NME2:6282.5, NME7:6282.5, POLR3B:6282.5, POLR3G:6282.5, POLR3GL:6282.5, POLR3F:6282.5, POLR3D:6282.5, CANT1:6282.5, POLR1C:6282.5, POLR3C:6282.5, PDE6A:6282.5, ENPP1:6282.5, POLR1B:6282.5, POLR1E:6282.5, GUCY2F:6282.5, NUDT2:6282.5, PDE8B:6282.5, PDE7A:6282.5, NPR2:6282.5, PRPS1:6282.5, PRPS1L1:6282.5, NME6:6282.5, PRUNE1:6282.5, PDE6C:6282.5, NME5:6282.5, PDE6H:6282.5, URAD:6282.5, ALLC:6282.5, PDE6B:10827, POLR3H:10829, GUCY1B1:10892, PKM:11084, RRM1:11127, POLR2F:11153, ADSL:11288, PDE4D:11332, POLR3A:11401, POLR1D:11625, ADCY4:11732, NT5C3A:11746, RRM2:11945, FHIT:11951, PNPT1:11973, PDE8A:12087, PRIM2:12121, NUDT5:12462, PDE5A:12497, GUCY1A1:12670, PPAT:12897, PDE4A:12991, POLR1A:13359, ADCY10:13431, NME1:13448, ADSS2:13541, ENTPD1:13607, ENTPD4:13624, ENTPD6:13786, ENTPD5:13895, ENPP3:14543, AK4:14567, GMPS:14860, PDE4C:14957","Unclear",0
"KEGG_PYRIMIDINE_METABOLISM",-0.0168941449078784,0.602320779762866,0.85343970246641,80,"POLR2J:39, POLD2:160, POLR2J3:218, POLE:379, POLA2:546, UPP1:928, UPRT:932, AK3:6282.5, POLD1:6282.5, POLD3:6282.5, POLE2:6282.5, POLE4:6282.5, POLE3:6282.5, POLD4:6282.5, POLA1:6282.5, PRIM1:6282.5, UPP2:6282.5, RRM2B:6282.5, DHODH:6282.5, NME3:6282.5, NME4:6282.5, UMPS:6282.5, NT5C1A:6282.5, NT5C:6282.5, ITPA:6282.5, DCTD:6282.5, UCK1:6282.5, NT5E:6282.5, UCK2:6282.5, DPYS:6282.5, DCK:6282.5, CDA:6282.5, TK2:6282.5, ENTPD3:6282.5, CTPS1:6282.5, DPYD:6282.5, ENTPD8:6282.5, UCKL1:6282.5, TXNRD1:6282.5, PNP:6282.5, NT5M:6282.5, NME2:6282.5, NME7:6282.5, POLR3B:6282.5, POLR3G:6282.5, POLR3GL:6282.5, POLR3F:6282.5, POLR3D:6282.5, CANT1:6282.5, POLR1C:6282.5, POLR3C:6282.5, POLR1B:6282.5, POLR1E:6282.5, NUDT2:6282.5, TXNRD2:6282.5, NME6:6282.5, NME5:6282.5, CMPK2:6282.5, POLR3H:10829, RRM1:11127, POLR2F:11153, POLR3A:11401, POLR1D:11625, NT5C3A:11746, TK1:11770, DTYMK:11937, RRM2:11945, PNPT1:11973, CMPK1:12045, PRIM2:12121, UPB1:12854, TYMS:12896, POLR1A:13359, NME1:13448, CTPS2:13478, ENTPD1:13607, ENTPD4:13624, ENTPD6:13786, ENTPD5:13895, CAD:14499","Unclear",0
"KEGG_GLYCOSAMINOGLYCAN_BIOSYNTHESIS_CHONDROITIN_SULFATE",-0.000398142003981417,0.994845140024201,0.999114947262334,22,"DSE:349, XYLT2:6282.5, B4GALT7:6282.5, CHPF2:6282.5, XYLT1:6282.5, B3GAT1:6282.5, B3GAT2:6282.5, CHST3:6282.5, CHPF:6282.5, CHSY1:6282.5, CHST12:6282.5, CHST7:6282.5, CSGALNACT1:6282.5, B3GAT3:6282.5, CHST14:6282.5, CHST15:6282.5, CHSY3:6282.5, CHST11:11903, UST:13365, CSGALNACT2:14231, CHST13:14537, B3GALT6:14843","Both",3
"KEGG_GLYCOSAMINOGLYCAN_BIOSYNTHESIS_HEPARAN_SULFATE",-0.0116580553371523,0.843384195260128,0.948609921431074,24,"HS3ST2:976, EXT2:1589, EXT1:1682, HS3ST1:6282.5, XYLT2:6282.5, B4GALT7:6282.5, NDST1:6282.5, XYLT1:6282.5, B3GAT1:6282.5, B3GAT2:6282.5, HS6ST1:6282.5, GLCE:6282.5, NDST4:6282.5, B3GAT3:6282.5, NDST3:6282.5, HS6ST3:6282.5, EXTL1:6282.5, HS3ST5:10992, HS6ST2:11735, HS2ST1:11862, NDST2:12826, EXTL3:12932, EXTL2:14010, B3GALT6:14843","Both",3
"KEGG_PORPHYRIN_AND_CHLOROPHYLL_METABOLISM",-0.00900445542700962,0.878716424371924,0.960894915092087,24,"HMOX1:6282.5, UGT1A6:6282.5, UGT1A1:6282.5, HMOX2:6282.5, ALAD:6282.5, COX10:6282.5, COX15:6282.5, FECH:6282.5, BLVRB:6282.5, BLVRA:6282.5, UROD:6282.5, PPOX:6282.5, ALAS2:6282.5, UROS:6282.5, HMBS:6282.5, MMAB:6282.5, EARS2:6282.5, CP:6282.5, HCCS:6282.5, CPOX:10921, FTMT:11573, ALAS1:12465, GUSB:14058, FTH1:14294","Unclear",0
"KEGG_TERPENOID_BACKBONE_BIOSYNTHESIS",-0.122044846211793,0.113980375767904,0.466001400248371,14,"MVK:151, PMVK:1408, IDI1:6282.5, HMGCS1:6282.5, GGPS1:6282.5, FDPS:6282.5, MVD:6282.5, ACAT2:6282.5, PDSS1:6282.5, PDSS2:6282.5, DHDDS:6282.5, HMGCS2:6282.5, ACAT1:6282.5, HMGCR:11799","Vertivore",2
"KEGG_RIBOSOME",-0.0911531328854164,0.0552857434594922,0.352226839072312,37,"RPS27A:59, RPL34:66, RPL19:69, UBA52:103, RPS26:138, RPL31:169, RPS7:178, RPS23:180, RPL8:184, RPS17:201, RPL17:206, RPL13:905, RPS5:6282.5, RPLP0:6282.5, RPL3:6282.5, RPS10:6282.5, RPL3L:6282.5, RPS2:6282.5, RPL32:6282.5, RPL10L:6282.5, RPL38:6282.5, RPL15:6282.5, RPLP2:6282.5, RPS27L:6282.5, RPL14:6282.5, RPL36A:6282.5, RSL24D1:6282.5, RPL7:12006, RPL6:12073, RPL4:12176, RPS3:12824, RPL9:12853, MRPL13:14362, RPS15:14780, RPS27:14996, RPS15A:15066, RPL23:15099","Herbivore",1
"KEGG_RNA_POLYMERASE",-0.0362473347547975,0.61582270832642,0.854941156448105,16,"POLR2J:39, POLR2J3:218, POLR3B:6282.5, POLR3G:6282.5, POLR3GL:6282.5, POLR3F:6282.5, POLR3D:6282.5, POLR1C:6282.5, POLR3C:6282.5, POLR1B:6282.5, POLR1E:6282.5, POLR3H:10829, POLR2F:11153, POLR3A:11401, POLR1D:11625, POLR1A:13359","Unclear",0
"KEGG_DNA_REPLICATION",-0.109755855563861,0.0269245571262944,0.266730640102796,34,"POLD2:160, LIG1:198, POLE:379, POLA2:546, FEN1:1640, RPA1:1675, RFC1:6282.5, RFC2:6282.5, POLD1:6282.5, POLD3:6282.5, POLE2:6282.5, RFC5:6282.5, POLE4:6282.5, RPA2:6282.5, RFC3:6282.5, POLE3:6282.5, RFC4:6282.5, POLD4:6282.5, POLA1:6282.5, PRIM1:6282.5, DNA2:6282.5, MCM2:6282.5, MCM6:6282.5, MCM5:6282.5, MCM4:6282.5, MCM7:6282.5, RNASEH2B:6282.5, RNASEH1:6282.5, RNASEH2C:6282.5, RNASEH2A:6282.5, SSBP1:11569, PRIM2:12121, MCM3:13485, RPA3:13748","Vertivore",2
"KEGG_SPLICEOSOME",-0.0232780887498921,0.507727279968839,0.796028074594624,68,"SNRPD1:5, SF3B6:16, SRSF3:22, SRSF1:25, MAGOH:27, SF3B5:34, U2AF1:55, SNRPD3:62, SNRPG:185, HNRNPA3:450, PCBP1:626, DDX42:696, HNRNPM:1671, NCBP1:6282.5, HSPA2:6282.5, ALYREF:6282.5, PPIE:6282.5, HSPA1L:6282.5, AQR:6282.5, XAB2:6282.5, SF3B2:6282.5, PRPF6:6282.5, SRSF2:6282.5, DHX8:6282.5, WBP11:6282.5, CHERP:6282.5, SF3A1:6282.5, PQBP1:6282.5, SNRNP70:6282.5, SRSF4:6282.5, SYF2:6282.5, SNRNP27:6282.5, SNRPB2:6282.5, CTNNBL1:6282.5, PRPF4:6282.5, DHX38:6282.5, DDX46:6282.5, U2SURP:6282.5, SLU7:6282.5, PRPF18:6282.5, CDC40:6282.5, USP39:6282.5, SART1:6282.5, PUF60:6282.5, DHX16:6282.5, PRPF40B:6282.5, SNW1:10866, TCERG1:10988, THOC1:11271, ACIN1:12019, THOC2:12209, CDC5L:12362, THOC3:12413, HNRNPU:12685, PLRG1:12788, SF3A2:13029, SNRPC:13106, DDX23:13342, PRPF38B:13529, SNRNP200:13654, ISY1:13698, RBM25:13781, PRPF40A:13913, SRSF6:14355, CRNKL1:14395, CCDC12:14433, PHF5A:14990, TRA2B:15089","Both",3
"KEGG_BASE_EXCISION_REPAIR",-0.0773417556277559,0.136477352220673,0.496106181560229,31,"POLD2:160, LIG1:198, POLE:379, NEIL1:919, PARP1:1379, MPG:1467, FEN1:1640, NEIL3:1774, POLD1:6282.5, POLD3:6282.5, POLE2:6282.5, POLE4:6282.5, POLE3:6282.5, POLD4:6282.5, OGG1:6282.5, MUTYH:6282.5, UNG:6282.5, APEX1:6282.5, SMUG1:6282.5, PARP2:6282.5, LIG3:6282.5, POLL:6282.5, APEX2:6282.5, NEIL2:11381, MBD4:11594, TDG:12060, NTHL1:12439, PARP3:12642, XRCC1:12681, POLB:14024, PARP4:14053","Vertivore",2
"KEGG_NUCLEOTIDE_EXCISION_REPAIR",-0.0098000184633848,0.832472667478585,0.944586670524788,39,"POLD2:160, LIG1:198, POLE:379, ERCC4:1445, RPA1:1675, RFC1:6282.5, RFC2:6282.5, POLD1:6282.5, POLD3:6282.5, POLE2:6282.5, RFC5:6282.5, POLE4:6282.5, RPA2:6282.5, RFC3:6282.5, POLE3:6282.5, RFC4:6282.5, POLD4:6282.5, CUL4B:6282.5, MNAT1:6282.5, ERCC2:6282.5, GTF2H3:6282.5, ERCC3:6282.5, GTF2H4:6282.5, ERCC1:6282.5, ERCC5:6282.5, XPA:6282.5, ERCC8:6282.5, ERCC6:10951, CUL4A:11096, RAD23A:11614, CETN2:11941, RAD23B:11956, CCNH:12886, CDK7:12964, XPC:13379, GTF2H1:13587, RPA3:13748, GTF2H2:14391, DDB2:14978","Vertivore",2
"KEGG_MISMATCH_REPAIR",-0.145172336364657,0.0246813669973141,0.256383062909516,20,"PMS2:127, POLD2:160, LIG1:198, MLH1:1239, RPA1:1675, RFC1:6282.5, RFC2:6282.5, POLD1:6282.5, POLD3:6282.5, RFC5:6282.5, RPA2:6282.5, RFC3:6282.5, RFC4:6282.5, POLD4:6282.5, MLH3:6282.5, MSH2:6282.5, MSH3:6282.5, MSH6:6282.5, SSBP1:11569, RPA3:13748","Vertivore",2
"KEGG_HOMOLOGOUS_RECOMBINATION",-0.126014363122553,0.0262502643652824,0.26502495068554,26,"POLD2:160, EME1:291, BLM:414, TOP3A:519, MUS81:893, RAD54L:1539, RPA1:1675, MRE11:1742, RAD51B:6282.5, POLD1:6282.5, POLD3:6282.5, RPA2:6282.5, POLD4:6282.5, NBN:6282.5, RAD50:6282.5, BRCA2:6282.5, RAD52:6282.5, RAD51D:6282.5, XRCC3:6282.5, XRCC2:6282.5, RAD54B:6282.5, SSBP1:11569, SEM1:11957, TOP3B:12022, RAD51C:12796, RPA3:13748","Both",3
"KEGG_MAPK_SIGNALING_PATHWAY",-0.0154532746362773,0.435018862548062,0.766931082694932,218,"CDC42:60, FGF8:76, CACNA1G:217, CACNB2:278, DUSP16:293, MAP3K6:419, IKBKG:445, MAP3K4:475, ELK4:482, FGF21:594, CACNA1E:676, RPS6KA6:686, PLA2G2C:811, CACNA1F:983, FGF5:996, CACNA1I:1110, DUSP9:1245, RASGRF1:1273, GNA12:1314, FGFR2:1505, MAPK7:1720, TAB1:1736, FAS:6282.5, MAPK3:6282.5, AKT2:6282.5, FASLG:6282.5, TRAF2:6282.5, TP53:6282.5, AKT1:6282.5, PAK2:6282.5, MAPT:6282.5, PPP3R1:6282.5, RASGRP2:6282.5, TGFB2:6282.5, PDGFB:6282.5, SOS1:6282.5, TGFB3:6282.5, PRKCG:6282.5, ARRB1:6282.5, ARRB2:6282.5, PRKCA:6282.5, RASGRP1:6282.5, FLNA:6282.5, PDGFA:6282.5, CACNA2D2:6282.5, CACNB1:6282.5, CACNG4:6282.5, CACNA1B:6282.5, CACNA2D3:6282.5, CACNB4:6282.5, RPS6KA2:6282.5, RASGRF2:6282.5, CACNG8:6282.5, FGFR3:6282.5, FGF10:6282.5, FGF22:6282.5, FGF4:6282.5, FGF6:6282.5, FGF1:6282.5, FGF2:6282.5, FGF17:6282.5, FGFR4:6282.5, FGF19:6282.5, DUSP4:6282.5, MAP2K2:6282.5, DUSP5:6282.5, DUSP6:6282.5, DUSP10:6282.5, DUSP7:6282.5, DUSP8:6282.5, NFATC2:6282.5, NFKB1:6282.5, RASGRP3:6282.5, RELA:6282.5, CHUK:6282.5, FLNB:6282.5, PPM1B:6282.5, HSPA2:6282.5, EGFR:6282.5, CACNA1S:6282.5, SOS2:6282.5, RPS6KA5:6282.5, MAP2K6:6282.5, MYC:6282.5, PAK1:6282.5, CACNA1D:6282.5, JUN:6282.5, MAPK11:6282.5, MAPK12:6282.5, CACNA1H:6282.5, MAP3K14:6282.5, MAP2K3:6282.5, MAPK9:6282.5, MAP2K7:6282.5, MAP3K8:6282.5, DUSP3:6282.5, MAPK10:6282.5, PTPN5:6282.5, MAPKAPK3:6282.5, ATF2:6282.5, IL1B:6282.5, ELK1:6282.5, PTPN7:6282.5, MAPKAPK2:6282.5, FOS:6282.5, TRAF6:6282.5, MAP3K3:6282.5, MKNK1:6282.5, PLA2G3:6282.5, PLA2G12A:6282.5, PLA2G5:6282.5, PLA2G2F:6282.5, PLA2G6:6282.5, PLA2G4E:6282.5, PLA2G2E:6282.5, FLNC:6282.5, CDC25B:6282.5, SRF:6282.5, NGF:6282.5, MAP2K5:6282.5, BDNF:6282.5, NTF3:6282.5, NTRK1:6282.5, NTF4:6282.5, MAP3K1:6282.5, TGFBR1:6282.5, TGFBR2:6282.5, PDGFRB:6282.5, PDGFRA:6282.5, NR4A1:6282.5, STK4:6282.5, STK3:6282.5, MAP3K5:6282.5, MECOM:6282.5, HSPA1L:6282.5, ATF4:6282.5, DDIT3:6282.5, FGF11:6282.5, RASA2:6282.5, NF1:6282.5, MAP3K11:6282.5, GADD45B:6282.5, MAP3K20:6282.5, NFATC4:6282.5, CACNG5:6282.5, MAP3K2:6282.5, MAPK8IP2:6282.5, MAPK8IP3:6282.5, MAP3K12:6282.5, MKNK2:6282.5, MAPK8IP1:6282.5, MOS:6282.5, TAOK2:6282.5, PPP3R2:6282.5, GADD45G:6282.5, MAP3K13:6282.5, CACNA2D1:6282.5, CACNG1:6282.5, MAP4K1:6282.5, CACNA2D4:6282.5, DUSP14:6282.5, MAP4K2:6282.5, PRKACA:10858, FGF7:10886, DUSP1:11002, PPM1A:11119, FGF20:11475, MAP3K7:11639, RPS6KA4:11654, CACNB3:11669, CHP2:11759, PTPRR:11975, PRKACB:12035, NFKB2:12055, DUSP2:12162, PPP5C:12184, NTRK2:12259, RASGRP4:12320, CD14:12499, RAPGEF2:12613, PLA2G12B:12658, RPS6KA1:12739, EGF:12763, MAPK13:12786, TAB2:12875, CACNA1C:12952, GADD45A:12984, MAPKAPK5:13074, BRAF:13081, PLA2G4A:13125, ECSIT:13178, TGFB1:13316, RRAS:13326, HSPB1:13412, CACNG6:13450, MAP4K4:13579, PRKCB:13667, PLA2G2D:13682, FGF23:13788, RAF1:13877, FGFR1:14005, MAP4K3:14091, RASA1:14114, IL1R1:14125, IL1A:14189, TAOK3:14208, IKBKB:14262, PLA2G1B:14384, CASP3:14463, CRKL:14514, RELB:14523, CACNA1A:14632, JUND:14634, PPP3CC:14768, PRKX:14895, TNF:14980, DAXX:14999, IL1R2:15068","Herbivore",1
"KEGG_ERBB_SIGNALING_PATHWAY",-0.052524763372221,0.111919399326202,0.462953772991286,77,"CAMK2B:23, PIK3R5:237, CBL:878, SHC1:997, PLCG1:1240, PAK6:1333, SHC3:1588, MAPK3:6282.5, AKT2:6282.5, AKT1:6282.5, PTK2:6282.5, PAK2:6282.5, ABL1:6282.5, PIK3R2:6282.5, PIK3CG:6282.5, SOS1:6282.5, PIK3CA:6282.5, PRKCG:6282.5, PIK3R1:6282.5, PRKCA:6282.5, SRC:6282.5, PLCG2:6282.5, CAMK2A:6282.5, CAMK2G:6282.5, NRG1:6282.5, ERBB4:6282.5, MAP2K2:6282.5, STAT5A:6282.5, STAT5B:6282.5, ERBB3:6282.5, EREG:6282.5, ERBB2:6282.5, EGFR:6282.5, NRG2:6282.5, NRG4:6282.5, BTC:6282.5, NRG3:6282.5, NCK2:6282.5, PAK3:6282.5, GSK3B:6282.5, SOS2:6282.5, PAK5:6282.5, CDKN1A:6282.5, PAK4:6282.5, MYC:6282.5, ABL2:6282.5, PAK1:6282.5, NCK1:6282.5, PIK3CD:6282.5, JUN:6282.5, MAPK9:6282.5, MAP2K7:6282.5, MAPK10:6282.5, CDKN1B:6282.5, ELK1:6282.5, CBLB:6282.5, MTOR:6282.5, AREG:6282.5, TGFA:6282.5, RPS6KB1:6282.5, EIF4EBP1:6282.5, RPS6KB2:6282.5, ARAF:6282.5, CBLC:6282.5, GAB1:11916, SHC2:12074, PIK3R3:12489, SHC4:12671, PIK3CB:12691, EGF:12763, CAMK2D:12869, BRAF:13081, BAD:13638, PRKCB:13667, RAF1:13877, HBEGF:14150, CRKL:14514","Herbivore",1
"KEGG_CALCIUM_SIGNALING_PATHWAY",-0.0321945461218741,0.16085596788832,0.531642114714551,161,"CAMK2B:23, TACR2:64, BDKRB1:114, CACNA1G:217, ADCY1:241, NTSR1:373, SLC8A3:452, GRIN2A:659, CACNA1E:676, P2RX7:761, PDE1B:830, ADCY2:835, SLC8A2:916, ADCY8:981, CACNA1F:983, CACNA1I:1110, AVPR1B:1217, PLCG1:1240, CHRM2:1264, ITPKB:1274, ITPR1:1309, RYR3:1503, ADCY3:1563, CHRM1:1674, HTR6:1746, P2RX2:1772, PPP3R1:6282.5, TBXA2R:6282.5, GNA15:6282.5, ATP2B3:6282.5, ATP2A3:6282.5, P2RX5:6282.5, NOS1:6282.5, P2RX6:6282.5, P2RX3:6282.5, PDE1A:6282.5, ITPR2:6282.5, PRKCG:6282.5, PRKCA:6282.5, GNA14:6282.5, ATP2B2:6282.5, NOS3:6282.5, ATP2A2:6282.5, F2R:6282.5, SLC8A1:6282.5, PLCG2:6282.5, CAMK2A:6282.5, ADCY7:6282.5, GNAL:6282.5, CAMK2G:6282.5, PLCB3:6282.5, PDE1C:6282.5, ADCY9:6282.5, CACNA1B:6282.5, GRIN2D:6282.5, GRIN2C:6282.5, GRIN1:6282.5, ERBB4:6282.5, GRM5:6282.5, ERBB3:6282.5, ERBB2:6282.5, EGFR:6282.5, CACNA1S:6282.5, CACNA1D:6282.5, CACNA1H:6282.5, PTK2B:6282.5, PTAFR:6282.5, ITPKA:6282.5, PLCE1:6282.5, PLCD1:6282.5, BST1:6282.5, CHRM3:6282.5, SPHK1:6282.5, PDGFRB:6282.5, PDGFRA:6282.5, MYLK:6282.5, TACR1:6282.5, ADRB2:6282.5, RYR2:6282.5, ADRB1:6282.5, PTGER3:6282.5, HTR2A:6282.5, CCKBR:6282.5, GRPR:6282.5, HTR2B:6282.5, EDNRB:6282.5, LHCGR:6282.5, HTR2C:6282.5, HTR7:6282.5, EDNRA:6282.5, CYSLTR2:6282.5, HTR5A:6282.5, PTGER1:6282.5, CCKAR:6282.5, HTR4:6282.5, AVPR1A:6282.5, BDKRB2:6282.5, DRD5:6282.5, TACR3:6282.5, ADRA1B:6282.5, ADORA2B:6282.5, CYSLTR1:6282.5, TRHR:6282.5, OXTR:6282.5, CHRM5:6282.5, ADRB3:6282.5, LTB4R2:6282.5, VDAC3:6282.5, PHKA2:6282.5, PHKA1:6282.5, PHKB:6282.5, PHKG2:6282.5, PHKG1:6282.5, PPID:6282.5, PPP3R2:6282.5, CALML3:6282.5, SLC25A31:6282.5, MYLK3:6282.5, PRKACA:10858, RYR1:10916, CALML5:11102, PLCB4:11252, CAMK4:11388, ADCY4:11732, CHP2:11759, ITPR3:11892, PRKACB:12035, NOS2:12071, GRM1:12091, TRPC1:12157, ADRA1D:12171, PLCB2:12405, DRD1:12585, MYLK2:12636, PLCD3:12856, CAMK2D:12869, CACNA1C:12952, ADRA1A:12958, PLCB1:12992, ATP2B1:13115, ATP2A1:13148, PLCD4:13362, HRH1:13417, VDAC2:13461, AGTR1:13483, PRKCB:13667, P2RX4:13699, SPHK2:13794, CD38:13810, CHRNA7:13898, ADORA2A:14198, P2RX1:14301, HRH2:14472, CACNA1A:14632, SLC25A4:14654, PTGFR:14688, PPP3CC:14768, PLCZ1:14794, PRKX:14895, ATP2B4:14942, CALM2:15002","Vertivore",2
"KEGG_CHEMOKINE_SIGNALING_PATHWAY",-0.00574214365139364,0.822545917908768,0.939233875864161,129,"CDC42:60, TIAM2:146, RHOA:150, PIK3R5:237, ADCY1:241, TIAM1:396, IKBKG:445, CCR9:743, ADCY2:835, ADCY8:981, SHC1:997, ADCY3:1563, SHC3:1588, JAK2:6282.5, STAT1:6282.5, ROCK1:6282.5, MAPK3:6282.5, AKT2:6282.5, AKT1:6282.5, PTK2:6282.5, FGR:6282.5, BCAR1:6282.5, RASGRP2:6282.5, GNB5:6282.5, CSK:6282.5, PIK3R2:6282.5, PIK3CG:6282.5, PF4V1:6282.5, GNB3:6282.5, SOS1:6282.5, PIK3CA:6282.5, DOCK2:6282.5, ARRB1:6282.5, ARRB2:6282.5, PIK3R1:6282.5, VAV2:6282.5, PF4:6282.5, ADCY7:6282.5, PLCB3:6282.5, ADCY9:6282.5, GRK2:6282.5, ADCY5:6282.5, ADCY6:6282.5, NFKBIA:6282.5, NFKBIB:6282.5, NFKB1:6282.5, RELA:6282.5, CHUK:6282.5, STAT5B:6282.5, FOXO3:6282.5, NCF1:6282.5, CXCL12:6282.5, JAK3:6282.5, GSK3B:6282.5, SOS2:6282.5, ROCK2:6282.5, PAK1:6282.5, PIK3CD:6282.5, HCK:6282.5, CCL22:6282.5, PTK2B:6282.5, CCR2:6282.5, CCR5:6282.5, CCR1:6282.5, CCL5:6282.5, WAS:6282.5, ITK:6282.5, CCR6:6282.5, PXN:6282.5, ELMO1:6282.5, PREX1:6282.5, GRK3:6282.5, GRK4:6282.5, GRK1:6282.5, CCL1:6282.5, CXCL6:6282.5, CCR7:6282.5, CCL25:6282.5, CXCL9:6282.5, CCL28:6282.5, CXCR5:6282.5, CXCL11:6282.5, CXCR6:6282.5, XCR1:6282.5, CCR8:6282.5, CCR3:6282.5, CCR4:6282.5, CCR10:6282.5, CXCR3:6282.5, GRK5:6282.5, CCL24:6282.5, CXCL14:6282.5, PRKACA:10858, CX3CR1:11123, VAV1:11176, PLCB4:11252, CCL16:11363, CXCL10:11631, ADCY4:11732, PARD3:11871, CCL21:11982, PRKACB:12035, SHC2:12074, CCL27:12116, CCL20:12153, PLCB2:12405, PIK3R3:12489, SHC4:12671, PIK3CB:12691, PLCB1:12992, BRAF:13081, GSK3A:13141, LYN:13217, GRK6:13457, VAV3:13539, CXCR4:13593, PRKCB:13667, GRK7:13676, RAF1:13877, CXCL8:14183, PRKCD:14207, IKBKB:14262, WASL:14429, CRKL:14514, CXCR1:14559, STAT2:14604, CXCR2:14678, CXCL13:14741, PRKX:14895","Herbivore",1
"KEGG_NEUROACTIVE_LIGAND_RECEPTOR_INTERACTION",-0.051898003922926,0.00428774771612482,0.0896706171799548,260,"TACR2:64, SSTR4:74, BDKRB1:114, FSHR:166, GRIN3B:214, CHRNB2:262, HTR1D:274, MTNR1A:281, MTNR1B:323, NPBWR2:354, NTSR1:373, CHRNB1:415, VIPR1:504, NPFFR1:537, CHRNA4:652, GRIN2A:659, P2RX7:761, CHRNA3:767, GRIK1:777, GRIA4:854, GRM8:887, TAAR6:946, GRIN2B:988, GALR1:994, VIPR2:1003, GPR35:1051, OPRK1:1053, MC3R:1070, GRM6:1076, GABBR1:1096, LPAR4:1174, AVPR1B:1217, CHRM2:1264, CHRNE:1281, NPFFR2:1515, GRIK3:1599, NTSR2:1602, HRH3:1610, ADRA2C:1617, CHRM1:1674, HTR6:1746, UTS2R:1768, P2RX2:1772, TBXA2R:6282.5, P2RX5:6282.5, P2RX6:6282.5, P2RX3:6282.5, F2RL3:6282.5, ADRA2A:6282.5, PTGIR:6282.5, P2RY1:6282.5, F2:6282.5, F2R:6282.5, GABRA3:6282.5, GABRA1:6282.5, GRIN2D:6282.5, GRIK5:6282.5, GABRR2:6282.5, GABRG2:6282.5, CHRNB4:6282.5, CHRNA2:6282.5, CHRND:6282.5, CHRNA1:6282.5, GLRA3:6282.5, GABRA6:6282.5, GABRB2:6282.5, GLRA1:6282.5, GABRR1:6282.5, CHRNB3:6282.5, CHRNA6:6282.5, GRIA1:6282.5, GRIN2C:6282.5, GRIK2:6282.5, GABRB3:6282.5, CHRNA5:6282.5, CHRNA9:6282.5, GRIN1:6282.5, GABRG3:6282.5, CHRNG:6282.5, GRIN3A:6282.5, GABRQ:6282.5, GRM5:6282.5, GHR:6282.5, PRLR:6282.5, LEP:6282.5, OPRD1:6282.5, PTAFR:6282.5, S1PR1:6282.5, GCGR:6282.5, GLP1R:6282.5, CHRM3:6282.5, ADCYAP1R1:6282.5, C3AR1:6282.5, C5AR1:6282.5, FPR2:6282.5, MCHR1:6282.5, SSTR3:6282.5, TACR1:6282.5, AVPR2:6282.5, ADRB2:6282.5, TSHB:6282.5, FSHB:6282.5, CRHR2:6282.5, NR3C1:6282.5, THRA:6282.5, GIPR:6282.5, ADRB1:6282.5, PTGER3:6282.5, CALCRL:6282.5, GLP2R:6282.5, SCTR:6282.5, BRS3:6282.5, HTR2A:6282.5, GHRHR:6282.5, GNRHR:6282.5, CCKBR:6282.5, KISS1R:6282.5, CNR1:6282.5, PRLHR:6282.5, CRHR1:6282.5, HCRTR1:6282.5, GPR83:6282.5, GRM4:6282.5, PTGER2:6282.5, OPRL1:6282.5, S1PR4:6282.5, GRPR:6282.5, GALR3:6282.5, NMUR2:6282.5, RXFP2:6282.5, HTR1B:6282.5, TAAR5:6282.5, NMBR:6282.5, HTR2B:6282.5, EDNRB:6282.5, LHCGR:6282.5, LPAR6:6282.5, SSTR1:6282.5, PTH2R:6282.5, TAAR2:6282.5, TAAR8:6282.5, HTR2C:6282.5, HTR7:6282.5, DRD2:6282.5, EDNRA:6282.5, CYSLTR2:6282.5, HTR5A:6282.5, PTH1R:6282.5, PTGER1:6282.5, SSTR5:6282.5, CCKAR:6282.5, ADORA1:6282.5, GRM2:6282.5, HTR4:6282.5, AVPR1A:6282.5, MC4R:6282.5, PTGDR:6282.5, BDKRB2:6282.5, HTR1E:6282.5, DRD5:6282.5, TACR3:6282.5, ADRA1B:6282.5, ADORA2B:6282.5, PTGER4:6282.5, NMUR1:6282.5, P2RY6:6282.5, CYSLTR1:6282.5, TRHR:6282.5, P2RY14:6282.5, P2RY2:6282.5, HTR1A:6282.5, HTR1F:6282.5, SSTR2:6282.5, CHRM4:6282.5, S1PR5:6282.5, AGTR2:6282.5, OXTR:6282.5, CHRM5:6282.5, NPY2R:6282.5, P2RY4:6282.5, ADRB3:6282.5, GRM7:6282.5, LPAR1:6282.5, S1PR3:6282.5, LTB4R:6282.5, LTB4R2:6282.5, TAAR9:6282.5, P2RY11:6282.5, MC1R:6282.5, NPBWR1:6282.5, CHRNA10:6282.5, GRID1:6282.5, GRID2:6282.5, GABRD:6282.5, GABRE:6282.5, GABRG1:6282.5, GABRP:6282.5, GPR50:6282.5, GRM3:10915, GRIA3:10985, MAS1:11045, NPY4R:11111.5, GABRB1:11222, HCRTR2:11264, APLNR:11329, MCHR2:11334, LPAR2:11379, LPAR3:11508, S1PR2:11518, LEPR:11607, OPRM1:11680, CNR2:11711, PRSS3:11730, GABBR2:11777, GZMA:11787, F2RL1:11788, GLRA2:11804, THRB:11839, PARD3:11871, GRM1:12091, ADRA1D:12171, DRD3:12296, ADRA2B:12519, DRD1:12585, NPY1R:12675, LHB:12793, MLNR:12830, GLRB:12867, ADRA1A:12958, HRH4:13008, GHSR:13037, P2RY13:13317, MC5R:13335, F2RL2:13349, GPR156:13414, HRH1:13417, AGTR1:13483, GH1:13531, GALR2:13557, GABRA5:13573, GABRA4:13612, GH2:13616, GABRA2:13662, P2RX4:13699, GRIA2:13701, CHRNA7:13898, P2RY10:13956, RXFP1:13978, MC2R:14082, PLG:14118, ADORA2A:14198, P2RX1:14301, CGA:14327, TAAR1:14373, TSPO:14379, HRH2:14472, ADORA3:14562, PTGFR:14688, CALCR:14892, TRPV1:15100","Vertivore",2
"KEGG_ENDOCYTOSIS",-0.0267009926833738,0.25671523389805,0.624639091387563,153,"CDC42:60, RABEP1:65, ACAP1:234, EPN1:578, ARFGAP1:725, CBL:878, DNM3:1172, CHMP6:1221, RAB22A:1250, RAB11FIP5:1279, NEDD4L:1348, PLD2:1457, FGFR2:1505, VPS45:1625, DNM1L:6282.5, ARRB1:6282.5, ARRB2:6282.5, F2R:6282.5, SRC:6282.5, GRK2:6282.5, MDM2:6282.5, AP2M1:6282.5, ERBB4:6282.5, AP2A2:6282.5, FGFR3:6282.5, FGFR4:6282.5, NEDD4:6282.5, HSPA2:6282.5, ERBB3:6282.5, EGFR:6282.5, IL2RG:6282.5, DNM2:6282.5, DNM1:6282.5, SH3GL2:6282.5, CLTA:6282.5, AGAP2:6282.5, SH3KBP1:6282.5, CLTB:6282.5, PIP5K1C:6282.5, IL2RB:6282.5, IL2RA:6282.5, CCR5:6282.5, TRAF6:6282.5, CSF1R:6282.5, SMURF2:6282.5, CBLB:6282.5, KIT:6282.5, PLD1:6282.5, PIP5K1B:6282.5, PIKFYVE:6282.5, RUFY1:6282.5, PIP4K2B:6282.5, PARD6A:6282.5, PARD6B:6282.5, PRKCI:6282.5, PARD6G:6282.5, VTA1:6282.5, TSG101:6282.5, CHMP4B:6282.5, VPS37B:6282.5, MVB12A:6282.5, VPS37A:6282.5, VPS28:6282.5, CHMP4C:6282.5, VPS37C:6282.5, PDCD6IP:6282.5, VPS37D:6282.5, MVB12B:6282.5, CHMP4A:6282.5, SH3GL3:6282.5, NTRK1:6282.5, EEA1:6282.5, RAB5C:6282.5, LDLR:6282.5, LDLRAP1:6282.5, EPS15:6282.5, STAM2:6282.5, HGS:6282.5, RAB11FIP3:6282.5, ASAP1:6282.5, PDGFRA:6282.5, ARFGAP3:6282.5, EPN2:6282.5, GRK3:6282.5, VPS36:6282.5, SNF8:6282.5, ADRB2:6282.5, GRK4:6282.5, GRK1:6282.5, IGF1R:6282.5, HSPA1L:6282.5, ADRB1:6282.5, ADRB3:6282.5, GRK5:6282.5, RAB11FIP2:6282.5, STAMBP:6282.5, ARAP1:6282.5, ARAP2:6282.5, ARAP3:6282.5, GIT2:6282.5, CBLC:6282.5, IQSEC1:6282.5, RAB11FIP1:6282.5, SH3GLB1:6282.5, ACAP3:6282.5, IQSEC2:6282.5, ASAP2:6282.5, AGAP1:6282.5, ACAP2:6282.5, SH3GLB2:6282.5, PSD2:6282.5, PSD4:6282.5, RAB11FIP4:6282.5, SMAP1:6282.5, PSD3:6282.5, ASAP3:6282.5, PSD:6282.5, EHD4:6282.5, DNAJC6:10792, SH3GL1:10923, CHMP3:11536, IQSEC3:11841, PARD3:11871, VPS4A:11911, EPN3:12025, MET:12112, EHD1:12203, USP8:12271, AP2A1:12312, PIP5K1A:12382, RBSN:12508, ARFGAP2:12606, KDR:12705, RET:12754, EGF:12763, WWP1:12805, TFRC:13145, EHD3:13161, GIT1:13400, GRK6:13457, VPS4B:13459, FLT1:13559, CXCR4:13593, SMURF1:13611, GRK7:13676, ITCH:14022, STAM:14087, DAB2:14296, CXCR1:14559, EHD2:14600, CXCR2:14678, RAB31:14840, CLTCL1:14961","Both",3
"KEGG_MTOR_SIGNALING_PATHWAY",-0.0415860735009671,0.340506997579356,0.698411037474187,44,"PIK3R5:237, TSC1:428, ULK2:477, RPS6KA6:686, PRKAA2:1324, VEGFD:1378, TSC2:1719, MAPK3:6282.5, AKT2:6282.5, AKT1:6282.5, IGF1:6282.5, PIK3R2:6282.5, PIK3CG:6282.5, PIK3CA:6282.5, PDPK1:6282.5, PIK3R1:6282.5, VEGFC:6282.5, RPS6KA2:6282.5, EIF4E:6282.5, PIK3CD:6282.5, INS:6282.5, RICTOR:6282.5, MTOR:6282.5, STK11:6282.5, EIF4B:6282.5, CAB39L:6282.5, RPS6KB1:6282.5, RPTOR:6282.5, EIF4EBP1:6282.5, RPS6KB2:6282.5, ULK1:6282.5, DDIT4:6282.5, ULK3:6282.5, VEGFB:11347, STRADA:11683, PIK3R3:12489, PIK3CB:12691, RPS6KA1:12739, PRKAA1:12980, BRAF:13081, HIF1A:13088, VEGFA:13111, EIF4E1B:14675, PGF:14792","Herbivore",1
"KEGG_VASCULAR_SMOOTH_MUSCLE_CONTRACTION",-0.0139128732117918,0.638607729445378,0.863125739272876,96,"ACTG2:97, ACTA2:121, ARHGEF11:130, RHOA:150, ADCY1:241, ARHGEF12:502, PLA2G2C:811, ADCY2:835, NPR1:933, ADCY8:981, CACNA1F:983, AVPR1B:1217, ITPR1:1309, GNA12:1314, GNA13:1420, ADCY3:1563, GUCY1A2:1614, PPP1R14A:1672, ROCK1:6282.5, MAPK3:6282.5, PRKCH:6282.5, IRAG1:6282.5, ITPR2:6282.5, PRKCG:6282.5, KCNMB1:6282.5, PRKCA:6282.5, KCNMA1:6282.5, PTGIR:6282.5, KCNMB3:6282.5, PRKCE:6282.5, KCNMB2:6282.5, ADCY7:6282.5, PLCB3:6282.5, ADCY9:6282.5, PPP1CA:6282.5, ADCY5:6282.5, ADCY6:6282.5, MAP2K2:6282.5, CACNA1S:6282.5, ROCK2:6282.5, CACNA1D:6282.5, PLA2G3:6282.5, PLA2G12A:6282.5, PLA2G5:6282.5, PLA2G2F:6282.5, PLA2G6:6282.5, PLA2G4E:6282.5, PLA2G2E:6282.5, PPP1R12A:6282.5, ARHGEF1:6282.5, MYLK:6282.5, CALCRL:6282.5, RAMP3:6282.5, RAMP1:6282.5, EDNRA:6282.5, AVPR1A:6282.5, ADRA1B:6282.5, ADORA2B:6282.5, CALD1:6282.5, NPR2:6282.5, MYL6B:6282.5, ARAF:6282.5, CALML3:6282.5, MYLK3:6282.5, PRKACA:10858, GUCY1B1:10892, CALML5:11102, PLCB4:11252, ADCY4:11732, ITPR3:11892, PRKACB:12035, ADRA1D:12171, PLCB2:12405, MYLK2:12636, PLA2G12B:12658, GUCY1A1:12670, MYL6:12928, CACNA1C:12952, ADRA1A:12958, PLCB1:12992, RAMP2:13021, BRAF:13081, PLA2G4A:13125, PPP1R12B:13336, AGTR1:13483, PRKCB:13667, PLA2G2D:13682, PRKCQ:13818, RAF1:13877, MYH11:13948, PPP1CB:13966, ADORA2A:14198, PRKCD:14207, PLA2G1B:14384, PRKX:14895, CALM2:15002","Both",3
"KEGG_WNT_SIGNALING_PATHWAY",-0.016417967392985,0.548038866385917,0.82274277776337,113,"CAMK2B:23, SKP1:68, RHOA:150, CTBP2:223, MMP7:625, NKD1:633, APC2:656, DVL1:806, AXIN2:1168, NKD2:1433, DVL2:1509, ROCK1:6282.5, APC:6282.5, TP53:6282.5, PPP3R1:6282.5, PPP2R5A:6282.5, PPP2R5B:6282.5, PPP2R5C:6282.5, PPP2R5D:6282.5, PRKCG:6282.5, PPP2R1B:6282.5, PRKCA:6282.5, CAMK2A:6282.5, CAMK2G:6282.5, PLCB3:6282.5, NFATC2:6282.5, NFATC1:6282.5, SMAD4:6282.5, CER1:6282.5, CREBBP:6282.5, TCF7:6282.5, GSK3B:6282.5, TBL1X:6282.5, DKK1:6282.5, CCND3:6282.5, WNT1:6282.5, ROCK2:6282.5, MYC:6282.5, WNT3A:6282.5, WNT10B:6282.5, JUN:6282.5, CSNK2B:6282.5, MAPK9:6282.5, MAPK10:6282.5, CCND1:6282.5, FOSL1:6282.5, AXIN1:6282.5, TCF7L2:6282.5, WNT16:6282.5, LRP6:6282.5, WNT8B:6282.5, WNT11:6282.5, PORCN:6282.5, FZD3:6282.5, WNT2:6282.5, WNT5B:6282.5, WNT6:6282.5, WNT2B:6282.5, WNT10A:6282.5, PRICKLE1:6282.5, DKK2:6282.5, FZD7:6282.5, WIF1:6282.5, FZD1:6282.5, WNT9B:6282.5, LRP5:6282.5, FZD5:6282.5, SOX17:6282.5, FZD6:6282.5, FZD4:6282.5, FZD8:6282.5, FZD10:6282.5, VANGL1:6282.5, NFATC4:6282.5, PPP3R2:6282.5, DAAM2:6282.5, TBL1Y:6282.5, CACYBP:6282.5, PRICKLE2:6282.5, SFRP5:6282.5, SFRP4:6282.5, PRKACA:10858, CCND2:10953, NFAT5:10968, FZD9:11220, PLCB4:11252, FRAT1:11338, EP300:11369, BTRC:11532, MAP3K7:11639, DAAM1:11710, CHP2:11759, DVL3:11924, DKK4:11943, PRKACB:12035, PSEN1:12167, WNT8A:12286, PLCB2:12405, TCF7L1:12419, LEF1:12491, WNT9A:12607, CAMK2D:12869, WNT5A:12876, PLCB1:12992, SFRP1:13064, PPARD:13160, NFATC3:13271, PRKCB:13667, SENP2:13992, SIAH1:14093, PPP3CC:14768, PRKX:14895, CHD8:15051","Herbivore",1
"KEGG_NOTCH_SIGNALING_PATHWAY",-0.0579202150984329,0.211228042089404,0.585914092134146,39,"JAG2:219, CTBP2:223, ADAM17:468, MAML2:776, DVL1:806, LFNG:1229, DVL2:1509, MAML3:1616, CREBBP:6282.5, NCSTN:6282.5, DLL3:6282.5, KAT2A:6282.5, NOTCH1:6282.5, MAML1:6282.5, RBPJ:6282.5, NCOR2:6282.5, DLL1:6282.5, MFNG:6282.5, JAG1:6282.5, DTX4:6282.5, DLL4:6282.5, NOTCH2:6282.5, DTX1:6282.5, RFNG:6282.5, HES5:6282.5, NOTCH4:6282.5, NUMBL:6282.5, RBPJL:6282.5, SNW1:10866, NUMB:11122, NOTCH3:11295, EP300:11369, DVL3:11924, PSEN2:11958, PSEN1:12167, HDAC1:12354, DTX2:13713, KAT2B:13850, CIR1:14188","Unclear",0
"KEGG_TGF_BETA_SIGNALING_PATHWAY",-0.0481284323304471,0.173997819550717,0.539979334175454,67,"THBS3:28, SKP1:68, RHOA:150, LEFTY1:431, ACVR2B:1043, ACVRL1:1060, INHBE:1232, LTBP1:1295, LEFTY2:1490, THBS2:1590, CDKN2B:1684, ROCK1:6282.5, MAPK3:6282.5, TFDP1:6282.5, TGFB2:6282.5, TGFB3:6282.5, PPP2R1B:6282.5, THBS1:6282.5, ACVR1C:6282.5, SMAD4:6282.5, NODAL:6282.5, CREBBP:6282.5, AMH:6282.5, BMP4:6282.5, ROCK2:6282.5, MYC:6282.5, SMAD7:6282.5, SMURF2:6282.5, RBL2:6282.5, E2F4:6282.5, DCN:6282.5, BMP7:6282.5, INHBA:6282.5, FST:6282.5, INHBB:6282.5, RPS6KB1:6282.5, SP1:6282.5, TGFBR1:6282.5, TGFBR2:6282.5, THBS4:6282.5, RPS6KB2:6282.5, BMPR1A:6282.5, SMAD9:6282.5, AMHR2:6282.5, SMAD6:6282.5, SMAD1:6282.5, INHBC:6282.5, PITX2:6282.5, ACVR1:6282.5, BMP5:6282.5, BMP6:6282.5, CHRD:6282.5, EP300:11369, BMP2:12066, GDF5:12421, GDF7:12450, BMPR2:12812, ID1:12947, COMP:13187, RBL1:13237, TGFB1:13316, SMURF1:13611, E2F5:14460, IFNG:14476, BMPR1B:14650, ZFYVE9:14910, TNF:14980","Both",3
"KEGG_AXON_GUIDANCE",-0.0652761969366246,0.0189654759776506,0.219197135818615,109,"CDC42:60, SEMA4D:115, RHOA:150, EPHA4:248, ARHGEF12:502, SLIT1:783, SEMA4A:837, NGEF:1140, EPHB6:1167, FES:1192, PAK6:1333, RHOD:1475, PLXNA2:1615, SLIT3:1680, SEMA3E:1715, ROCK1:6282.5, MAPK3:6282.5, UNC5B:6282.5, PTK2:6282.5, PAK2:6282.5, DCC:6282.5, PPP3R1:6282.5, ABL1:6282.5, CFL1:6282.5, L1CAM:6282.5, NFATC2:6282.5, NFATC1:6282.5, CXCL12:6282.5, NTN1:6282.5, EPHA8:6282.5, NCK2:6282.5, NTN4:6282.5, SEMA3A:6282.5, PAK3:6282.5, EPHA6:6282.5, GSK3B:6282.5, EFNB1:6282.5, SEMA6A:6282.5, DPYSL2:6282.5, ABLIM1:6282.5, PAK5:6282.5, EFNB3:6282.5, SEMA5A:6282.5, EFNB2:6282.5, PAK4:6282.5, ROCK2:6282.5, EPHA7:6282.5, PLXNC1:6282.5, SEMA6D:6282.5, SEMA7A:6282.5, EPHA2:6282.5, EFNA3:6282.5, SLIT2:6282.5, EPHA5:6282.5, EPHA1:6282.5, PAK1:6282.5, ROBO3:6282.5, EPHB1:6282.5, UNC5D:6282.5, DPYSL5:6282.5, NCK1:6282.5, NTN3:6282.5, ABLIM2:6282.5, EFNA1:6282.5, ROBO1:6282.5, RND1:6282.5, ABLIM3:6282.5, UNC5C:6282.5, LIMK2:6282.5, EPHB3:6282.5, ROBO2:6282.5, SRGAP3:6282.5, SRGAP1:6282.5, PLXNB3:6282.5, EFNA4:6282.5, SRGAP2:6282.5, RGS3:6282.5, SEMA5B:6282.5, SEMA4F:6282.5, NFATC4:6282.5, PPP3R2:6282.5, SEMA3G:6282.5, LRRC4C:6282.5, SEMA6C:6282.5, SEMA6B:6282.5, SEMA3D:6282.5, SEMA4B:6282.5, SEMA3B:6282.5, SEMA4G:6282.5, NFAT5:10968, PLXNB1:11353, NTNG1:11408, CHP2:11759, UNC5A:11837, MET:12112, ITGB1:12155, EFNA2:12425, LIMK1:12567, SEMA3C:12779, EPHB2:13123, SEMA3F:13150, SEMA4C:13263, NFATC3:13271, CXCR4:13593, EPHB4:13852, NRP1:14054, RASA1:14114, EPHA3:14614, PPP3CC:14768","Unclear",0
"KEGG_FOCAL_ADHESION",-0.0657718667228707,0.00292205464641946,0.0711254711050658,174,"THBS3:28, CDC42:60, BIRC3:75, LAMA5:104, ITGB4:143, RHOA:150, COL6A1:157, TNN:191, PIK3R5:237, CHAD:336, COL6A2:404, ACTG1:418, ITGA6:688, ITGA3:715, ITGB7:716, LAMA4:754, LAMB1:774, COL4A6:848, DOCK1:892, ITGB3:935, SHC1:997, LAMB3:1056, ITGB5:1095, LAMA2:1141, LAMC1:1230, LAMC2:1241, RASGRF1:1273, PAK6:1333, VEGFD:1378, XIAP:1419, COL11A2:1532, SHC3:1588, THBS2:1590, ROCK1:6282.5, MAPK3:6282.5, AKT2:6282.5, BIRC2:6282.5, AKT1:6282.5, PTK2:6282.5, BCL2:6282.5, PAK2:6282.5, ITGA2B:6282.5, IGF1:6282.5, HGF:6282.5, VCL:6282.5, BCAR1:6282.5, ACTN1:6282.5, ACTB:6282.5, ACTN2:6282.5, PDGFB:6282.5, PIK3R2:6282.5, PIK3CG:6282.5, CAV1:6282.5, VWF:6282.5, SOS1:6282.5, PIK3CA:6282.5, PRKCG:6282.5, ACTN4:6282.5, TLN1:6282.5, THBS1:6282.5, PDPK1:6282.5, ITGA10:6282.5, PIK3R1:6282.5, VEGFC:6282.5, PRKCA:6282.5, VAV2:6282.5, ITGA5:6282.5, ITGA2:6282.5, FLNA:6282.5, SRC:6282.5, PDGFA:6282.5, ITGA1:6282.5, PPP1CA:6282.5, FLNB:6282.5, DIAPH1:6282.5, ERBB2:6282.5, EGFR:6282.5, PAK3:6282.5, COL4A4:6282.5, GSK3B:6282.5, SOS2:6282.5, PAK5:6282.5, CCND3:6282.5, COL5A1:6282.5, PAK4:6282.5, ROCK2:6282.5, COL4A2:6282.5, ITGA9:6282.5, PAK1:6282.5, COL3A1:6282.5, PIK3CD:6282.5, JUN:6282.5, PIP5K1C:6282.5, COL4A1:6282.5, RELN:6282.5, COL5A2:6282.5, MAPK9:6282.5, RAPGEF1:6282.5, MAPK10:6282.5, CCND1:6282.5, ELK1:6282.5, LAMA3:6282.5, CAPN2:6282.5, IBSP:6282.5, TNC:6282.5, LAMC3:6282.5, ITGA8:6282.5, ITGB8:6282.5, ITGB6:6282.5, TNR:6282.5, ITGA7:6282.5, ITGA11:6282.5, LAMB2:6282.5, PXN:6282.5, FLNC:6282.5, ILK:6282.5, PARVB:6282.5, ACTN3:6282.5, FLT4:6282.5, PPP1R12A:6282.5, PDGFRB:6282.5, PDGFRA:6282.5, THBS4:6282.5, PDGFC:6282.5, PDGFD:6282.5, MYLK:6282.5, IGF1R:6282.5, MYL10:6282.5, MYL7:6282.5, CAV3:6282.5, CAV2:6282.5, MYLK3:6282.5, PARVG:6282.5, ZYX:6282.5, TLN2:6282.5, CCND2:10953, VAV1:11176, FN1:11285, VEGFB:11347, VTN:11420, ITGAV:12046, SHC2:12074, MET:12112, ITGB1:12155, COL1A2:12472, PIK3R3:12489, SPP1:12609, MYL2:12610, MYLK2:12636, SHC4:12671, PIK3CB:12691, KDR:12705, ITGA4:12724, EGF:12763, ARHGAP5:12804, COL6A3:13032, BRAF:13081, VEGFA:13111, COMP:13187, COL5A3:13477, COL11A1:13537, VAV3:13539, FLT1:13559, BAD:13638, PRKCB:13667, VASP:13772, RAF1:13877, LAMA1:13901, PPP1CB:13966, COL6A6:14343, CRKL:14514, PGF:14792, COL1A1:14936, COL2A1:15016","Herbivore",1
"KEGG_ECM_RECEPTOR_INTERACTION",-0.0853060461169587,0.00811283243754636,0.129446344114125,81,"THBS3:28, LAMA5:104, ITGB4:143, COL6A1:157, TNN:191, CHAD:336, COL6A2:404, SV2B:582, ITGA6:688, ITGA3:715, ITGB7:716, LAMA4:754, LAMB1:774, COL4A6:848, ITGB3:935, LAMB3:1056, ITGB5:1095, LAMA2:1141, LAMC1:1230, LAMC2:1241, COL11A2:1532, THBS2:1590, ITGA2B:6282.5, VWF:6282.5, SDC1:6282.5, SDC4:6282.5, THBS1:6282.5, ITGA10:6282.5, ITGA5:6282.5, SDC3:6282.5, ITGA2:6282.5, SDC2:6282.5, GP5:6282.5, GP1BB:6282.5, ITGA1:6282.5, COL4A4:6282.5, COL5A1:6282.5, COL4A2:6282.5, ITGA9:6282.5, COL3A1:6282.5, DAG1:6282.5, COL4A1:6282.5, AGRN:6282.5, RELN:6282.5, COL5A2:6282.5, LAMA3:6282.5, HSPG2:6282.5, IBSP:6282.5, TNC:6282.5, LAMC3:6282.5, ITGA8:6282.5, ITGB8:6282.5, ITGB6:6282.5, TNR:6282.5, ITGA7:6282.5, ITGA11:6282.5, LAMB2:6282.5, HMMR:6282.5, SV2C:6282.5, SV2A:6282.5, THBS4:6282.5, CD47:11140, FN1:11285, VTN:11420, GP6:11593, ITGAV:12046, ITGB1:12155, COL1A2:12472, SPP1:12609, ITGA4:12724, CD44:12766, COL6A3:13032, COMP:13187, CD36:13440, COL5A3:13477, COL11A1:13537, LAMA1:13901, GP9:14068, COL6A6:14343, COL1A1:14936, COL2A1:15016","Both",3
"KEGG_ADHERENS_JUNCTION",-0.0314888707273689,0.395890311134251,0.740927498559348,61,"CDC42:60, RHOA:150, AFDN:264, ACTG1:418, IQGAP1:558, PTPRF:636, LMO7:1396, CTNNA3:1734, MAPK3:6282.5, TJP1:6282.5, VCL:6282.5, ACTN1:6282.5, ACTB:6282.5, ACTN2:6282.5, PTPN6:6282.5, ACTN4:6282.5, PTPN1:6282.5, SRC:6282.5, SMAD4:6282.5, ERBB2:6282.5, EGFR:6282.5, CREBBP:6282.5, FARP2:6282.5, CTNNA1:6282.5, TCF7:6282.5, SNAI1:6282.5, CSNK2B:6282.5, PTPRJ:6282.5, WAS:6282.5, NECTIN2:6282.5, NECTIN1:6282.5, NECTIN4:6282.5, ACTN3:6282.5, WASF1:6282.5, WASF2:6282.5, BAIAP2:6282.5, TGFBR1:6282.5, TGFBR2:6282.5, TCF7L2:6282.5, INSR:6282.5, IGF1R:6282.5, SORBS1:6282.5, SNAI2:6282.5, ACP1:6282.5, CTNND1:11015, NECTIN3:11110, EP300:11369, WASF3:11531, MAP3K7:11639, PTPRM:11695, PARD3:11871, MET:12112, CDH1:12245, TCF7L1:12419, LEF1:12491, SSX2IP:12674, PTPRB:12816, FER:13621, FGFR1:14005, YES1:14402, WASL:14429","Herbivore",1
"KEGG_TIGHT_JUNCTION",-0.0602083200881599,0.03200463539128,0.278765012611005,107,"MYH13:12, CDC42:60, RHOA:150, AFDN:264, ASH1L:342, MAGI3:376, ACTG1:418, CLDN22:560, MYH8:586, MYH7B:685, MYH10:800, AMOTL1:920, MYH15:1395, SPTAN1:1669, CLDN14:1711, CTNNA3:1734, EPB41L2:1752, TJP1:6282.5, AKT2:6282.5, TJP2:6282.5, AKT1:6282.5, OCLN:6282.5, PRKCH:6282.5, ACTN1:6282.5, ACTB:6282.5, ACTN2:6282.5, PRKCG:6282.5, ACTN4:6282.5, PPP2R1B:6282.5, PRKCA:6282.5, JAM2:6282.5, F11R:6282.5, JAM3:6282.5, PRKCE:6282.5, SRC:6282.5, EPB41L1:6282.5, EPB41L3:6282.5, EPB41:6282.5, CTNNA1:6282.5, MYH9:6282.5, MYH14:6282.5, CLDN7:6282.5, CSNK2B:6282.5, EXOC4:6282.5, RAB13:6282.5, EXOC3:6282.5, PARD6A:6282.5, CLDN15:6282.5, PARD6B:6282.5, PATJ:6282.5, CLDN17:6282.5, CLDN8:6282.5, CLDN1:6282.5, PRKCI:6282.5, CLDN19:6282.5, CLDN20:6282.5, PARD6G:6282.5, CLDN5:6282.5, CLDN9:6282.5, ACTN3:6282.5, CLDN23:6282.5, PPP2R2D:6282.5, PPP2R2A:6282.5, MYH2:6282.5, CGN:6282.5, CTTN:6282.5, MYH3:6282.5, MYL10:6282.5, MYL7:6282.5, RAB3B:6282.5, MAP3K20:6282.5, YBX3:6282.5, TJP3:6282.5, MYH1:6282.5, LLGL1:6282.5, LLGL2:6282.5, MAGI1:6282.5, IGSF5:6282.5, MYH4:6282.5, MPDZ:6282.5, TJAP1:6282.5, PPP2R2B:6282.5, HCLS1:6282.5, PPP2R2C:6282.5, CDK4:10976, MYH6:11080, CLDN3:11174, MYH7:11237, CLDN2:11385, CLDN11:11543, PARD3:11871, CLDN6:11928, SYMPK:12515, MYL2:12610, CLDN10:12939, CLDN4:13004, CLDN18:13128, MAGI2:13162, RRAS:13326, VAPA:13575, PRKCB:13667, PRKCQ:13818, MYH11:13948, PRKCD:14207, YES1:14402, CRB3:15056, CLDN16:15098","Herbivore",1
"KEGG_GAP_JUNCTION",-0.0288805667881782,0.411190825719835,0.746437542132701,68,"ADCY1:241, TUBB4A:543, TUBA4A:786, ADCY2:835, ADCY8:981, ITPR1:1309, ADCY3:1563, GUCY1A2:1614, MAPK7:1720, MAPK3:6282.5, TJP1:6282.5, PDGFB:6282.5, TUBB1:6282.5, SOS1:6282.5, ITPR2:6282.5, TUBA1B:6282.5, PRKCG:6282.5, TUBB2A:6282.5, TUBB2B:6282.5, PRKG2:6282.5, PRKCA:6282.5, TUBAL3:6282.5, TUBA8:6282.5, TUBB4B:6282.5, SRC:6282.5, PDGFA:6282.5, ADCY7:6282.5, PLCB3:6282.5, ADCY9:6282.5, ADCY5:6282.5, ADCY6:6282.5, GJD2:6282.5, GRM5:6282.5, MAP2K2:6282.5, EGFR:6282.5, SOS2:6282.5, GJA1:6282.5, CSNK1D:6282.5, MAP2K5:6282.5, PDGFRB:6282.5, PDGFRA:6282.5, PDGFC:6282.5, PDGFD:6282.5, ADRB1:6282.5, HTR2A:6282.5, HTR2B:6282.5, HTR2C:6282.5, DRD2:6282.5, LPAR1:6282.5, MAP3K2:6282.5, PRKACA:10858, GUCY1B1:10892, PLCB4:11252, ADCY4:11732, ITPR3:11892, PRKACB:12035, GRM1:12091, PLCB2:12405, TUBA1A:12546, DRD1:12585, GUCY1A1:12670, EGF:12763, PLCB1:12992, PRKCB:13667, RAF1:13877, TUBB:14742, PRKX:14895, TUBB8:15095","Both",3
"KEGG_NOD_LIKE_RECEPTOR_SIGNALING_PATHWAY",-0.0145102549357868,0.731093067975879,0.904799102939707,47,"BIRC3:75, IKBKG:445, NOD1:499, XIAP:1419, CARD9:1535, TAB1:1736, MAPK3:6282.5, BIRC2:6282.5, NFKBIA:6282.5, NFKBIB:6282.5, NFKB1:6282.5, RELA:6282.5, CHUK:6282.5, HSP90AA1:6282.5, ERBIN:6282.5, HSP90AB1:6282.5, MAPK11:6282.5, MAPK12:6282.5, MAPK9:6282.5, RIPK2:6282.5, MAPK10:6282.5, IL1B:6282.5, IL18:6282.5, TAB3:6282.5, NOD2:6282.5, TRAF6:6282.5, CCL5:6282.5, NLRC4:6282.5, PYCARD:6282.5, TNFAIP3:6282.5, PSTPIP1:6282.5, SUGT1:6282.5, TRIP6:6282.5, CARD6:6282.5, NAIP:11205, CASP8:11211, MAP3K7:11639, HSP90B1:12101, MAPK13:12786, TAB2:12875, IL6:13554, MEFV:13790, CASP1:13884, CXCL8:14183, IKBKB:14262, NLRP3:14579, TNF:14980","Both",3
"KEGG_T_CELL_RECEPTOR_SIGNALING_PATHWAY",-0.0197988619635375,0.503919664999986,0.792638988577577,96,"CDC42:60, RHOA:150, PIK3R5:237, IKBKG:445, CARD11:727, CBL:878, PLCG1:1240, PAK6:1333, CD3E:1451, MAPK3:6282.5, AKT2:6282.5, AKT1:6282.5, PAK2:6282.5, PPP3R1:6282.5, LCP2:6282.5, PIK3R2:6282.5, PIK3CG:6282.5, PTPN6:6282.5, SOS1:6282.5, PIK3CA:6282.5, PDPK1:6282.5, PIK3R1:6282.5, VAV2:6282.5, RASGRP1:6282.5, LCK:6282.5, LAT:6282.5, MAP2K2:6282.5, NFKBIA:6282.5, NFATC2:6282.5, NFKBIB:6282.5, NFKB1:6282.5, NFATC1:6282.5, BCL10:6282.5, MALT1:6282.5, RELA:6282.5, CHUK:6282.5, NCK2:6282.5, PAK3:6282.5, PTPRC:6282.5, GSK3B:6282.5, SOS2:6282.5, PAK5:6282.5, PAK4:6282.5, PAK1:6282.5, NCK1:6282.5, PIK3CD:6282.5, JUN:6282.5, MAPK11:6282.5, MAPK12:6282.5, MAP3K14:6282.5, CD4:6282.5, MAPK9:6282.5, MAP2K7:6282.5, GRAP2:6282.5, CD40LG:6282.5, MAP3K8:6282.5, IL5:6282.5, TEC:6282.5, IL10:6282.5, CSF2:6282.5, FOS:6282.5, ITK:6282.5, CBLB:6282.5, ZAP70:6282.5, CD8A:6282.5, CD3G:6282.5, CD3D:6282.5, CD8B:6282.5, PDCD1:6282.5, CD247:6282.5, NFATC4:6282.5, PPP3R2:6282.5, CBLC:6282.5, NFAT5:10968, CDK4:10976, VAV1:11176, IL2:11247, MAP3K7:11639, CHP2:11759, PIK3R3:12489, PIK3CB:12691, MAPK13:12786, NFATC3:13271, VAV3:13539, CTLA4:13766, PRKCQ:13818, RAF1:13877, IL4:13943, IKBKB:14262, DLG1:14328, CD28:14438, IFNG:14476, ICOS:14482, PPP3CC:14768, NFKBIE:14814, TNF:14980","Herbivore",1
"KEGG_FC_GAMMA_R_MEDIATED_PHAGOCYTOSIS",-0.00158657037562659,0.961213741729807,0.993542078100278,79,"CDC42:60, PIK3R5:237, MYO10:351, FCGR3A:1108, DNM3:1172, PLCG1:1240, PLD2:1457, AMPH:1546, DNM1L:6282.5, MAPK3:6282.5, AKT2:6282.5, AKT1:6282.5, GSN:6282.5, PIK3R2:6282.5, PIK3CG:6282.5, PIK3CA:6282.5, PRKCG:6282.5, DOCK2:6282.5, PIK3R1:6282.5, PRKCA:6282.5, VAV2:6282.5, PRKCE:6282.5, CFL1:6282.5, PLCG2:6282.5, LAT:6282.5, GAB2:6282.5, NCF1:6282.5, FCGR1A:6282.5, DNM2:6282.5, PTPRC:6282.5, DNM1:6282.5, ARPC1B:6282.5, PAK1:6282.5, PIK3CD:6282.5, LIMK2:6282.5, PIP5K1C:6282.5, ARPC4:6282.5, HCK:6282.5, WAS:6282.5, FCGR2B:6282.5, PLA2G6:6282.5, PLA2G4E:6282.5, PLD1:6282.5, PIP5K1B:6282.5, PIKFYVE:6282.5, PIP4K2B:6282.5, RPS6KB1:6282.5, PLPP1:6282.5, SPHK1:6282.5, WASF1:6282.5, WASF2:6282.5, ASAP1:6282.5, RPS6KB2:6282.5, ASAP2:6282.5, ASAP3:6282.5, SCIN:6282.5, VAV1:11176, PLA2G4F:11370, PLA2G4D:11513, WASF3:11531, INPP5D:11828, MARCKSL1:11925, PIP5K1A:12382, PIK3R3:12489, LIMK1:12567, PIK3CB:12691, PLA2G4A:13125, LYN:13217, VAV3:13539, SYK:13613, PRKCB:13667, VASP:13772, SPHK2:13794, RAF1:13877, PLPP3:14092, PRKCD:14207, WASL:14429, CRKL:14514, PLPP2:14590","Both",3
"KEGG_LEUKOCYTE_TRANSENDOTHELIAL_MIGRATION",-0.0196754202870411,0.50223644836803,0.791549227628984,98,"CDC42:60, RHOA:150, PIK3R5:237, AFDN:264, ACTG1:418, CLDN22:560, PLCG1:1240, MMP9:1252, CLDN14:1711, CTNNA3:1734, PTPN11:6282.5, ROCK1:6282.5, PTK2:6282.5, OCLN:6282.5, ITGAL:6282.5, VCL:6282.5, BCAR1:6282.5, ACTN1:6282.5, ACTB:6282.5, ACTN2:6282.5, RAPGEF3:6282.5, RAPGEF4:6282.5, PIK3R2:6282.5, PIK3CG:6282.5, PIK3CA:6282.5, PRKCG:6282.5, ACTN4:6282.5, PIK3R1:6282.5, PRKCA:6282.5, JAM2:6282.5, F11R:6282.5, ITGB2:6282.5, VAV2:6282.5, JAM3:6282.5, ITGAM:6282.5, PLCG2:6282.5, CYBA:6282.5, NCF4:6282.5, NCF2:6282.5, NCF1:6282.5, CXCL12:6282.5, CTNNA1:6282.5, MMP2:6282.5, ROCK2:6282.5, MSN:6282.5, PIK3CD:6282.5, CLDN7:6282.5, MAPK11:6282.5, MAPK12:6282.5, PTK2B:6282.5, ITK:6282.5, SIPA1:6282.5, PXN:6282.5, CLDN15:6282.5, CLDN17:6282.5, CLDN8:6282.5, CLDN1:6282.5, CLDN19:6282.5, CLDN20:6282.5, CDH5:6282.5, CLDN5:6282.5, CLDN9:6282.5, ACTN3:6282.5, CLDN23:6282.5, THY1:6282.5, TXK:6282.5, NOX1:6282.5, NOX3:6282.5, MYL10:6282.5, MYL7:6282.5, RHOH:6282.5, RASSF5:6282.5, CTNND1:11015, EZR:11087, CLDN3:11174, VAV1:11176, CLDN2:11385, CLDN11:11543, CLDN6:11928, ITGB1:12155, CYBB:12396, PIK3R3:12489, MYL2:12610, PIK3CB:12691, ITGA4:12724, MAPK13:12786, ARHGAP5:12804, CLDN10:12939, CLDN4:13004, CLDN18:13128, PECAM1:13469, VAV3:13539, CXCR4:13593, PRKCB:13667, VASP:13772, ICAM1:14774, VCAM1:14874, CLDN16:15098","Herbivore",1
"KEGG_NEUROTROPHIN_SIGNALING_PATHWAY",-0.0201013304774066,0.490855340963534,0.791549227628984,99,"CAMK2B:23, CDC42:60, RHOA:150, PIK3R5:237, RPS6KA6:686, SHC1:997, IRS1:1149, PLCG1:1240, SHC3:1588, MAPK7:1720, PTPN11:6282.5, TP73:6282.5, MAPK3:6282.5, AKT2:6282.5, FASLG:6282.5, TP53:6282.5, AKT1:6282.5, BCL2:6282.5, ABL1:6282.5, CSK:6282.5, PIK3R2:6282.5, PIK3CG:6282.5, SOS1:6282.5, PIK3CA:6282.5, PDPK1:6282.5, PIK3R1:6282.5, SH2B1:6282.5, PLCG2:6282.5, CAMK2A:6282.5, CAMK2G:6282.5, RPS6KA2:6282.5, NTRK3:6282.5, FRS2:6282.5, MAP2K2:6282.5, NFKBIA:6282.5, NFKBIB:6282.5, NFKB1:6282.5, RELA:6282.5, FOXO3:6282.5, GSK3B:6282.5, SOS2:6282.5, RPS6KA5:6282.5, PIK3CD:6282.5, JUN:6282.5, MAPK11:6282.5, MAPK12:6282.5, MAPK9:6282.5, MAP2K7:6282.5, IRAK3:6282.5, RIPK2:6282.5, RAPGEF1:6282.5, MAPK10:6282.5, IRAK2:6282.5, MAPKAPK2:6282.5, TRAF6:6282.5, IRAK1:6282.5, IRAK4:6282.5, MAP3K3:6282.5, NGF:6282.5, MAP2K5:6282.5, BDNF:6282.5, NTF3:6282.5, NTRK1:6282.5, NTF4:6282.5, MAP3K1:6282.5, NGFR:6282.5, ARHGDIA:6282.5, SORT1:6282.5, IRS4:6282.5, MAP3K5:6282.5, ATF4:6282.5, ARHGDIB:6282.5, CALML3:6282.5, CALML5:11102, PRDM4:11356, CAMK4:11388, SH2B3:11515, RPS6KA4:11654, KIDINS220:11881, GAB1:11916, SHC2:12074, BAX:12100, PSEN1:12167, NTRK2:12259, PIK3R3:12489, SHC4:12671, PIK3CB:12691, RPS6KA1:12739, MAPK13:12786, CAMK2D:12869, BRAF:13081, SH2B2:13084, BAD:13638, RAF1:13877, PRKCD:14207, IKBKB:14262, CRKL:14514, NFKBIE:14814, CALM2:15002","Herbivore",1
"KEGG_OLFACTORY_TRANSDUCTION",-0.0534474007586686,0.0448457387586973,0.322588153954719,119,"CAMK2B:23, OR10S1:181, GUCY2D:216, OR6Y1:407, OR6B1:508, OR6K2:527, OR51I1:559, OR13D1:608, OR2B11:864, OR5AU1:943, OR6B2:985, OR10K2:1160, OR10J5:1173, OR2S2:1180, OR6K6:1477, ADCY3:1563, PRKG2:6282.5, ARRB2:6282.5, CAMK2A:6282.5, GNAL:6282.5, CAMK2G:6282.5, PDE1C:6282.5, CNGA4:6282.5, GRK3:6282.5, GUCA1A:6282.5, GUCA1B:6282.5, GUCA1C:6282.5, OR1I1:6282.5, OR13C9:6282.5, OR1Q1:6282.5, OR2D2:6282.5, OR51B5:6282.5, OR10G3:6282.5, OR10A4:6282.5, OR2K2:6282.5, OR1L3:6282.5, OR1N2:6282.5, OR10AD1:6282.5, OR5J2:6282.5, OR2T1:6282.5, OR10P1:6282.5, OR52W1:6282.5, OR4D11:6282.5, OR51B6:6282.5, OR4C3:6282.5, OR4X1:6282.5, OR4F17:6282.5, OR51V1:6282.5, OR52E2:6282.5, OR51L1:6282.5, OR51F2:6282.5, OR2D3:6282.5, OR10A7:6282.5, OR2A4:6282.5, OR52N2:6282.5, OR6T1:6282.5, OR8D4:6282.5, OR6S1:6282.5, OR52K2:6282.5, OR51B4:6282.5, OR52E8:6282.5, OR4F6:6282.5, OR6C76:6282.5, OR4F5:6282.5, OR10T2:6282.5, OR13F1:6282.5, OR52B6:6282.5, OR6M1:6282.5, OR10J3:6282.5, OR52K1:6282.5, OR51D1:6282.5, OR13G1:6282.5, OR52M1:6282.5, OR1S2:6282.5, OR5B21:6282.5, OR10Z1:6282.5, OR13C3:6282.5, OR2W1:6282.5, OR2A5:6282.5, OR6X1:6282.5, OR2A25:6282.5, OR4E2:6282.5, OR6V1:6282.5, OR2W3:6282.5, OR1J4:6282.5, OR52B2:6282.5, OR10G2:6282.5, OR13A1:6282.5, OR6Q1:6282.5, CALML3:6282.5, PDC:6282.5, CNGA3:6282.5, PRKACA:10858, OR1B1:11005, CALML5:11102, OR2C1:11108, OR1K1:11109, OR10V1:11293, OR1J1:11407, CLCA2:11511, OR4K5:11562, OR13C4:11616, OR4D1:11656, OR11H4:11796, OR5K1:11890, PRKACB:12035, OR5A2:12131, OR13J1:12292, OR2Z1:12712, CAMK2D:12869, OR13H1:12907, OR13C8:13185, OR7G3:13345, OR5AR1:13369, CLCA1:13703, OR6N2:14393, CLCA4:14694, PRKX:14895, CALM2:15002","Herbivore",1
"KEGG_REGULATION_OF_ACTIN_CYTOSKELETON",-0.085931980227701,0.000105756726585822,0.00953396890171188,173,"IQGAP3:1, CDC42:60, FGF8:76, BDKRB1:114, ITGB4:143, TIAM2:146, RHOA:150, PIK3R5:237, ENAH:310, TIAM1:396, ACTG1:418, ARHGEF12:502, FGD1:512, IQGAP1:558, FGF21:594, APC2:656, ITGA6:688, ITGA3:715, ITGB7:716, MYH10:800, DOCK1:892, ITGB3:935, FGF5:996, ITGB5:1095, CHRM2:1264, GNA12:1314, PAK6:1333, GNA13:1420, FGFR2:1505, ARHGEF6:1661, CHRM1:1674, ROCK1:6282.5, MAPK3:6282.5, APC:6282.5, GSN:6282.5, PTK2:6282.5, PAK2:6282.5, ITGAL:6282.5, ITGA2B:6282.5, VCL:6282.5, BCAR1:6282.5, ACTN1:6282.5, ACTB:6282.5, ACTN2:6282.5, PDGFB:6282.5, CSK:6282.5, PIK3R2:6282.5, PIK3CG:6282.5, SOS1:6282.5, PIK3CA:6282.5, ACTN4:6282.5, ITGA10:6282.5, PIK3R1:6282.5, ITGB2:6282.5, VAV2:6282.5, ITGA5:6282.5, ITGA2:6282.5, ITGAM:6282.5, CFL1:6282.5, F2:6282.5, F2R:6282.5, PDGFA:6282.5, ITGA1:6282.5, PPP1CA:6282.5, ARHGEF7:6282.5, FGFR3:6282.5, FGF10:6282.5, FGF22:6282.5, FGF4:6282.5, FGF6:6282.5, FGF1:6282.5, FGF2:6282.5, FGF17:6282.5, FGFR4:6282.5, FGF19:6282.5, MAP2K2:6282.5, DIAPH1:6282.5, EGFR:6282.5, PAK3:6282.5, MYH9:6282.5, SOS2:6282.5, PAK5:6282.5, MYH14:6282.5, ARPC1B:6282.5, PAK4:6282.5, ROCK2:6282.5, RDX:6282.5, ITGA9:6282.5, MSN:6282.5, PAK1:6282.5, PIK3CD:6282.5, LIMK2:6282.5, PIP5K1C:6282.5, ARPC4:6282.5, INS:6282.5, WAS:6282.5, ITGA8:6282.5, ITGB8:6282.5, ITGB6:6282.5, ITGA7:6282.5, ITGA11:6282.5, ITGAD:6282.5, PIP5K1B:6282.5, PIKFYVE:6282.5, PIP4K2A:6282.5, PIP4K2C:6282.5, PIP4K2B:6282.5, PXN:6282.5, ACTN3:6282.5, SLC9A1:6282.5, CHRM3:6282.5, PPP1R12A:6282.5, WASF1:6282.5, NCKAP1L:6282.5, ABI2:6282.5, WASF2:6282.5, BAIAP2:6282.5, CYFIP1:6282.5, PDGFRB:6282.5, PDGFRA:6282.5, PDGFC:6282.5, PDGFD:6282.5, ARHGEF1:6282.5, FGD3:6282.5, ARHGEF4:6282.5, MYLK:6282.5, DIAPH3:6282.5, BDKRB2:6282.5, CHRM4:6282.5, CHRM5:6282.5, MYL10:6282.5, MYL7:6282.5, FGF11:6282.5, ARAF:6282.5, MOS:6282.5, MYLK3:6282.5, SCIN:6282.5, SSH2:6282.5, PFN3:6282.5, SSH3:6282.5, INSRR:6282.5, SSH1:6282.5, FGF7:10886, EZR:11087, VAV1:11176, DIAPH2:11224, FN1:11285, FGF20:11475, ITGAE:11874, IQGAP2:11882, ITGAV:12046, ITGB1:12155, PIP5K1A:12382, PIK3R3:12489, CD14:12499, LIMK1:12567, MYL2:12610, MYLK2:12636, PIK3CB:12691, ITGA4:12724, EGF:12763, BRAF:13081, RRAS:13326, GIT1:13400, VAV3:13539, FGF23:13788, RAF1:13877, PPP1CB:13966, FGFR1:14005, WASL:14429, CRKL:14514, PFN4:14644, ITGAX:14914","Herbivore",1
"KEGG_INSULIN_SIGNALING_PATHWAY",-0.0117270915155223,0.665158075804114,0.878387071192497,115,"PIK3R5:237, TSC1:428, SLC2A4:553, PTPRF:636, CBL:878, PPP1R3B:938, SHC1:997, IRS1:1149, PRKAA2:1324, LIPE:1470, PDE3A:1560, SHC3:1588, PKLR:1651, TSC2:1719, SOCS3:6282.5, MAPK3:6282.5, AKT2:6282.5, AKT1:6282.5, PRKAR2B:6282.5, PIK3R2:6282.5, PIK3CG:6282.5, PRKAR1A:6282.5, SOS1:6282.5, PIK3CA:6282.5, PDPK1:6282.5, PIK3R1:6282.5, PRKAR1B:6282.5, PTPN1:6282.5, PPP1CA:6282.5, PRKAG2:6282.5, PRKAB1:6282.5, FLOT2:6282.5, FLOT1:6282.5, PDE3B:6282.5, MAP2K2:6282.5, EIF4E:6282.5, SOCS2:6282.5, SOCS1:6282.5, SREBF1:6282.5, GSK3B:6282.5, SOS2:6282.5, GCK:6282.5, PPARGC1A:6282.5, FOXO1:6282.5, PIK3CD:6282.5, INS:6282.5, MAPK9:6282.5, RAPGEF1:6282.5, MAPK10:6282.5, ELK1:6282.5, CBLB:6282.5, MTOR:6282.5, MKNK1:6282.5, EXOC7:6282.5, PRKCI:6282.5, ACACB:6282.5, FASN:6282.5, RPS6KB1:6282.5, RPTOR:6282.5, EIF4EBP1:6282.5, PYGB:6282.5, RPS6KB2:6282.5, INSR:6282.5, TRIP10:6282.5, IRS4:6282.5, GYS1:6282.5, PPP1R3C:6282.5, SORBS1:6282.5, ARAF:6282.5, PHKA2:6282.5, PHKA1:6282.5, PYGM:6282.5, PHKB:6282.5, PHKG2:6282.5, PHKG1:6282.5, PCK2:6282.5, FBP2:6282.5, FBP1:6282.5, SOCS4:6282.5, MKNK2:6282.5, CBLC:6282.5, CALML3:6282.5, PPP1R3D:6282.5, PRKACA:10858, CALML5:11102, PCK1:11118, PRKAB2:11287, PYGL:11537, PRKAG1:11774, INPP5D:11828, PRKACB:12035, SHC2:12074, PIK3R3:12489, GYS2:12498, SHC4:12671, PIK3CB:12691, G6PC2:12783, PRKAA1:12980, BRAF:13081, SH2B2:13084, BAD:13638, HK3:13806, ACACA:13843, RAF1:13877, PRKAR2A:13940, PPP1CB:13966, INPP5K:13987, PPP1R3A:14171, HK2:14236, IKBKB:14262, CRKL:14514, EIF4E1B:14675, HK1:14810, PRKX:14895, CALM2:15002","Both",3
"KEGG_GNRH_SIGNALING_PATHWAY",-0.0158401152933197,0.625155650855191,0.859478811260311,80,"CAMK2B:23, CDC42:60, ADCY1:241, MAP3K4:475, PLA2G2C:811, ADCY2:835, ADCY8:981, CACNA1F:983, ITPR1:1309, PLD2:1457, ADCY3:1563, MAPK7:1720, MAPK3:6282.5, SOS1:6282.5, ITPR2:6282.5, PRKCA:6282.5, SRC:6282.5, CAMK2A:6282.5, ADCY7:6282.5, CAMK2G:6282.5, PLCB3:6282.5, ADCY9:6282.5, ADCY5:6282.5, ADCY6:6282.5, MAP2K2:6282.5, EGFR:6282.5, CACNA1S:6282.5, MMP2:6282.5, SOS2:6282.5, MAP2K6:6282.5, CACNA1D:6282.5, JUN:6282.5, MAPK11:6282.5, MAPK12:6282.5, MAP2K3:6282.5, MAPK9:6282.5, MAP2K7:6282.5, MAPK10:6282.5, PTK2B:6282.5, ELK1:6282.5, MAP3K3:6282.5, PLA2G3:6282.5, PLA2G12A:6282.5, PLA2G5:6282.5, PLA2G2F:6282.5, PLA2G6:6282.5, PLA2G4E:6282.5, PLA2G2E:6282.5, PLD1:6282.5, MAP3K1:6282.5, FSHB:6282.5, GNRHR:6282.5, GNRH1:6282.5, ATF4:6282.5, MAP3K2:6282.5, CALML3:6282.5, PRKACA:10858, CALML5:11102, PLCB4:11252, ADCY4:11732, ITPR3:11892, PRKACB:12035, MMP14:12198, PLCB2:12405, PLA2G12B:12658, MAPK13:12786, LHB:12793, CAMK2D:12869, CACNA1C:12952, PLCB1:12992, PLA2G4A:13125, PRKCB:13667, PLA2G2D:13682, RAF1:13877, HBEGF:14150, PRKCD:14207, CGA:14327, PLA2G1B:14384, PRKX:14895, CALM2:15002","Herbivore",1
"KEGG_MELANOGENESIS",-0.0159383502699131,0.627351787358881,0.859478811260311,78,"CAMK2B:23, ADCY1:241, CREB3L4:398, DVL1:806, ADCY2:835, ADCY8:981, DVL2:1509, ADCY3:1563, MAPK3:6282.5, PRKCG:6282.5, PRKCA:6282.5, CAMK2A:6282.5, ADCY7:6282.5, CAMK2G:6282.5, PLCB3:6282.5, ADCY9:6282.5, ADCY5:6282.5, ADCY6:6282.5, MAP2K2:6282.5, CREBBP:6282.5, TCF7:6282.5, GSK3B:6282.5, WNT1:6282.5, WNT3A:6282.5, WNT10B:6282.5, KITLG:6282.5, KIT:6282.5, CREB3L3:6282.5, TCF7L2:6282.5, WNT16:6282.5, WNT8B:6282.5, WNT11:6282.5, FZD3:6282.5, WNT2:6282.5, WNT5B:6282.5, WNT6:6282.5, WNT2B:6282.5, WNT10A:6282.5, FZD7:6282.5, FZD1:6282.5, WNT9B:6282.5, FZD5:6282.5, FZD6:6282.5, FZD4:6282.5, FZD8:6282.5, MITF:6282.5, EDN1:6282.5, FZD10:6282.5, EDNRB:6282.5, MC1R:6282.5, CREB3:6282.5, CREB3L2:6282.5, DCT:6282.5, TYRP1:6282.5, CALML3:6282.5, ASIP:6282.5, PRKACA:10858, CALML5:11102, FZD9:11220, PLCB4:11252, EP300:11369, ADCY4:11732, DVL3:11924, PRKACB:12035, WNT8A:12286, PLCB2:12405, TCF7L1:12419, LEF1:12491, WNT9A:12607, TYR:12846, CAMK2D:12869, WNT5A:12876, PLCB1:12992, PRKCB:13667, RAF1:13877, CREB3L1:14162, PRKX:14895, CALM2:15002","Herbivore",1
"KEGG_TYPE_II_DIABETES_MELLITUS",-0.0160466163366596,0.716149455068521,0.900111413803961,43,"CACNA1G:217, PIK3R5:237, SLC2A4:553, CACNA1E:676, IRS1:1149, PDX1:1183, PKLR:1651, SOCS3:6282.5, MAPK3:6282.5, PIK3R2:6282.5, PIK3CG:6282.5, PIK3CA:6282.5, PIK3R1:6282.5, PRKCE:6282.5, CACNA1B:6282.5, ABCC8:6282.5, KCNJ11:6282.5, SOCS2:6282.5, SOCS1:6282.5, GCK:6282.5, CACNA1D:6282.5, PIK3CD:6282.5, ADIPOQ:6282.5, MAFA:6282.5, INS:6282.5, MAPK9:6282.5, MAPK10:6282.5, MTOR:6282.5, INSR:6282.5, IRS4:6282.5, SOCS4:6282.5, PKM:11084, PIK3R3:12489, PIK3CB:12691, CACNA1C:12952, HK3:13806, PRKCD:14207, HK2:14236, IKBKB:14262, SLC2A2:14290, CACNA1A:14632, HK1:14810, TNF:14980","Both",3
"KEGG_MATURITY_ONSET_DIABETES_OF_THE_YOUNG",-0.0440984022813391,0.464393017284592,0.775278342744555,23,"PDX1:1183, NEUROD1:1633, PKLR:1651, PAX6:6282.5, HNF4A:6282.5, PAX4:6282.5, GCK:6282.5, NR5A2:6282.5, NEUROG3:6282.5, FOXA2:6282.5, NKX2-2:6282.5, HNF4G:6282.5, FOXA3:6282.5, MAFA:6282.5, INS:6282.5, HNF1B:6282.5, MNX1:6282.5, BHLHA15:6282.5, ONECUT1:11195, NKX6-1:11966, HHEX:13110, HNF1A:13357, SLC2A2:14290","Unclear",0
"KEGG_PATHWAYS_IN_CANCER",-0.0347274923398317,0.0491465152889932,0.331552076477389,276,"ELOC:51, CDC42:60, BIRC3:75, FGF8:76, LAMA5:104, ZBTB16:118, RHOA:150, CTBP2:223, PIK3R5:237, IKBKG:445, GLI3:507, ARNT2:529, FGF21:594, APC2:656, ITGA6:688, ITGA3:715, LAMA4:754, LAMB1:774, DVL1:806, COL4A6:848, STK36:860, CBL:878, FGF5:996, LAMB3:1056, LAMA2:1141, AXIN2:1168, LAMC1:1230, MLH1:1239, PLCG1:1240, LAMC2:1241, MMP9:1252, VEGFD:1378, XIAP:1419, FGFR2:1505, DVL2:1509, CDKN2B:1684, CTNNA3:1734, STAT1:6282.5, JAK1:6282.5, FAS:6282.5, MAPK3:6282.5, AKT2:6282.5, BIRC2:6282.5, FASLG:6282.5, TRAF2:6282.5, CASP9:6282.5, APC:6282.5, TP53:6282.5, AKT1:6282.5, CDKN2A:6282.5, FADD:6282.5, PTK2:6282.5, BCL2L1:6282.5, BCL2:6282.5, DCC:6282.5, ITGA2B:6282.5, IGF1:6282.5, HGF:6282.5, TGFB2:6282.5, ABL1:6282.5, PDGFB:6282.5, PIK3R2:6282.5, PIK3CG:6282.5, SOS1:6282.5, TGFB3:6282.5, PIK3CA:6282.5, CDK2:6282.5, PRKCG:6282.5, PIK3R1:6282.5, VEGFC:6282.5, PRKCA:6282.5, ITGA2:6282.5, PDGFA:6282.5, PLCG2:6282.5, MDM2:6282.5, FGFR3:6282.5, FGF10:6282.5, FGF22:6282.5, FGF4:6282.5, FGF6:6282.5, FGF1:6282.5, FGF2:6282.5, FGF17:6282.5, FGF19:6282.5, MAP2K2:6282.5, RB1:6282.5, NFKBIA:6282.5, NFKB1:6282.5, RELA:6282.5, CHUK:6282.5, TPR:6282.5, STAT5A:6282.5, STAT5B:6282.5, SMAD4:6282.5, BCR:6282.5, HSP90AA1:6282.5, ERBB2:6282.5, EGFR:6282.5, CREBBP:6282.5, EPAS1:6282.5, ARNT:6282.5, EGLN3:6282.5, VHL:6282.5, EGLN2:6282.5, CTNNA1:6282.5, RARB:6282.5, COL4A4:6282.5, TCF7:6282.5, GSK3B:6282.5, MMP2:6282.5, HSP90AB1:6282.5, SOS2:6282.5, CSF3R:6282.5, CDKN1A:6282.5, WNT1:6282.5, BMP4:6282.5, PPARG:6282.5, COL4A2:6282.5, MYC:6282.5, PML:6282.5, FOXO1:6282.5, WNT3A:6282.5, SHH:6282.5, WNT10B:6282.5, PIK3CD:6282.5, JUP:6282.5, JUN:6282.5, RXRA:6282.5, COL4A1:6282.5, MAPK9:6282.5, BIRC5:6282.5, MAPK10:6282.5, CCND1:6282.5, CDKN1B:6282.5, TRAF3:6282.5, FOS:6282.5, TRAF6:6282.5, CSF1R:6282.5, CBLB:6282.5, SKP2:6282.5, MTOR:6282.5, FH:6282.5, KITLG:6282.5, KIT:6282.5, BRCA2:6282.5, LAMA3:6282.5, LAMC3:6282.5, LAMB2:6282.5, PLD1:6282.5, CCNE1:6282.5, CCNA1:6282.5, CCNE2:6282.5, E2F3:6282.5, SLC2A1:6282.5, E2F2:6282.5, CDK6:6282.5, TGFA:6282.5, RALB:6282.5, NTRK1:6282.5, TGFBR1:6282.5, TGFBR2:6282.5, PDGFRB:6282.5, PDGFRA:6282.5, AXIN1:6282.5, TCF7L2:6282.5, WNT16:6282.5, WNT8B:6282.5, WNT11:6282.5, FZD3:6282.5, WNT2:6282.5, WNT5B:6282.5, WNT6:6282.5, WNT2B:6282.5, WNT10A:6282.5, FZD7:6282.5, FZD1:6282.5, WNT9B:6282.5, FZD5:6282.5, FZD6:6282.5, FZD4:6282.5, FZD8:6282.5, STK4:6282.5, IGF1R:6282.5, MITF:6282.5, MECOM:6282.5, MSH2:6282.5, FZD10:6282.5, PTCH1:6282.5, RXRG:6282.5, RXRB:6282.5, FGF11:6282.5, TRAF1:6282.5, GLI2:6282.5, SUFU:6282.5, GLI1:6282.5, MSH3:6282.5, MSH6:6282.5, ARAF:6282.5, CBLC:6282.5, RASSF5:6282.5, NCOA4:6282.5, TRAF5:6282.5, TRAF4:6282.5, RASSF1:6282.5, PIAS4:10793, FGF7:10886, DAPK1:10940, CDK4:10976, SPI1:11014, TFG:11175, CCDC6:11210, CASP8:11211, FZD9:11220, FN1:11285, VEGFB:11347, EP300:11369, PIAS1:11372, RARA:11458, FGF20:11475, HHIP:11819, PIAS3:11877, DVL3:11924, ITGAV:12046, NFKB2:12055, BMP2:12066, NOS2:12071, BAX:12100, HSP90B1:12101, MET:12112, ITGB1:12155, RALBP1:12192, DAPK2:12204, CDH1:12245, WNT8A:12286, NKX3-1:12291, HDAC1:12354, TCF7L1:12419, PIK3R3:12489, LEF1:12491, DAPK3:12573, FLT3:12596, WNT9A:12607, ETS1:12661, PIK3CB:12691, RET:12754, EGF:12763, PTCH2:12863, WNT5A:12876, PAX8:12913, EGLN1:12981, BRAF:13081, HIF1A:13088, VEGFA:13111, PPARD:13160, TGFB1:13316, E2F1:13388, IL6:13554, APPL1:13566, BAD:13638, PRKCB:13667, FGF23:13788, SMO:13839, RAF1:13877, LAMA1:13901, FGFR1:14005, RUNX1T1:14102, CXCL8:14183, IKBKB:14262, PIAS2:14335, CASP3:14463, RUNX1:14469, CUL2:14511, CRKL:14514, PGF:14792, PTGS2:14841, BID:14879","Both",3
"KEGG_COLORECTAL_CANCER",-0.0322742298090671,0.435147253242882,0.766931082694932,49,"RHOA:150, PIK3R5:237, APC2:656, AXIN2:1168, MLH1:1239, MAPK3:6282.5, AKT2:6282.5, CASP9:6282.5, APC:6282.5, TP53:6282.5, AKT1:6282.5, BCL2:6282.5, DCC:6282.5, TGFB2:6282.5, PIK3R2:6282.5, PIK3CG:6282.5, TGFB3:6282.5, PIK3CA:6282.5, PIK3R1:6282.5, SMAD4:6282.5, TCF7:6282.5, GSK3B:6282.5, MYC:6282.5, PIK3CD:6282.5, JUN:6282.5, MAPK9:6282.5, BIRC5:6282.5, MAPK10:6282.5, CCND1:6282.5, FOS:6282.5, TGFBR1:6282.5, TGFBR2:6282.5, AXIN1:6282.5, TCF7L2:6282.5, MSH2:6282.5, MSH3:6282.5, MSH6:6282.5, ARAF:6282.5, BAX:12100, TCF7L1:12419, PIK3R3:12489, LEF1:12491, PIK3CB:12691, BRAF:13081, TGFB1:13316, APPL1:13566, BAD:13638, RAF1:13877, CASP3:14463","Herbivore",1
"KEGG_RENAL_CELL_CARCINOMA",-0.0038311675468265,0.920445915238003,0.980250434243426,57,"ELOC:51, CDC42:60, PIK3R5:237, ARNT2:529, PAK6:1333, VEGFD:1378, PTPN11:6282.5, MAPK3:6282.5, AKT2:6282.5, AKT1:6282.5, PAK2:6282.5, HGF:6282.5, TGFB2:6282.5, PDGFB:6282.5, PIK3R2:6282.5, PIK3CG:6282.5, SOS1:6282.5, TGFB3:6282.5, PIK3CA:6282.5, PIK3R1:6282.5, VEGFC:6282.5, MAP2K2:6282.5, CREBBP:6282.5, EPAS1:6282.5, ARNT:6282.5, EGLN3:6282.5, VHL:6282.5, EGLN2:6282.5, PAK3:6282.5, SOS2:6282.5, PAK5:6282.5, PAK4:6282.5, PAK1:6282.5, PIK3CD:6282.5, JUN:6282.5, RAPGEF1:6282.5, FH:6282.5, SLC2A1:6282.5, TGFA:6282.5, ARAF:6282.5, VEGFB:11347, EP300:11369, GAB1:11916, MET:12112, FLCN:12145, PIK3R3:12489, ETS1:12661, PIK3CB:12691, EGLN1:12981, BRAF:13081, HIF1A:13088, VEGFA:13111, TGFB1:13316, RAF1:13877, CUL2:14511, CRKL:14514, PGF:14792","Herbivore",1
"KEGG_PANCREATIC_CANCER",-0.0175551959031837,0.650096850907809,0.868240460879096,56,"CDC42:60, PIK3R5:237, IKBKG:445, VEGFD:1378, ARHGEF6:1661, STAT1:6282.5, JAK1:6282.5, MAPK3:6282.5, AKT2:6282.5, CASP9:6282.5, TP53:6282.5, AKT1:6282.5, CDKN2A:6282.5, BCL2L1:6282.5, TGFB2:6282.5, PIK3R2:6282.5, PIK3CG:6282.5, TGFB3:6282.5, PIK3CA:6282.5, PIK3R1:6282.5, VEGFC:6282.5, RB1:6282.5, NFKB1:6282.5, RELA:6282.5, CHUK:6282.5, SMAD4:6282.5, ERBB2:6282.5, EGFR:6282.5, PIK3CD:6282.5, MAPK9:6282.5, MAPK10:6282.5, CCND1:6282.5, BRCA2:6282.5, PLD1:6282.5, E2F3:6282.5, E2F2:6282.5, CDK6:6282.5, TGFA:6282.5, RALB:6282.5, TGFBR1:6282.5, TGFBR2:6282.5, ARAF:6282.5, CDK4:10976, VEGFB:11347, RALBP1:12192, PIK3R3:12489, PIK3CB:12691, EGF:12763, BRAF:13081, VEGFA:13111, TGFB1:13316, E2F1:13388, BAD:13638, RAF1:13877, IKBKB:14262, PGF:14792","Herbivore",1
"KEGG_ENDOMETRIAL_CANCER",-0.0445105447919179,0.318837335291647,0.682736004193397,42,"PIK3R5:237, APC2:656, AXIN2:1168, MLH1:1239, CTNNA3:1734, MAPK3:6282.5, AKT2:6282.5, CASP9:6282.5, APC:6282.5, TP53:6282.5, AKT1:6282.5, PIK3R2:6282.5, PIK3CG:6282.5, SOS1:6282.5, PIK3CA:6282.5, PDPK1:6282.5, PIK3R1:6282.5, MAP2K2:6282.5, FOXO3:6282.5, ERBB2:6282.5, EGFR:6282.5, CTNNA1:6282.5, TCF7:6282.5, GSK3B:6282.5, SOS2:6282.5, MYC:6282.5, PIK3CD:6282.5, CCND1:6282.5, ELK1:6282.5, ILK:6282.5, AXIN1:6282.5, TCF7L2:6282.5, ARAF:6282.5, CDH1:12245, TCF7L1:12419, PIK3R3:12489, LEF1:12491, PIK3CB:12691, EGF:12763, BRAF:13081, BAD:13638, RAF1:13877","Unclear",0
"KEGG_GLIOMA",-0.025579055895747,0.516255817808263,0.801914175413846,54,"CAMK2B:23, PIK3R5:237, SHC1:997, PLCG1:1240, SHC3:1588, MAPK3:6282.5, AKT2:6282.5, TP53:6282.5, AKT1:6282.5, CDKN2A:6282.5, IGF1:6282.5, PDGFB:6282.5, PIK3R2:6282.5, PIK3CG:6282.5, SOS1:6282.5, PIK3CA:6282.5, PRKCG:6282.5, PIK3R1:6282.5, PRKCA:6282.5, PDGFA:6282.5, PLCG2:6282.5, CAMK2A:6282.5, CAMK2G:6282.5, MDM2:6282.5, MAP2K2:6282.5, RB1:6282.5, EGFR:6282.5, SOS2:6282.5, CDKN1A:6282.5, PIK3CD:6282.5, CCND1:6282.5, MTOR:6282.5, E2F3:6282.5, E2F2:6282.5, CDK6:6282.5, TGFA:6282.5, PDGFRB:6282.5, PDGFRA:6282.5, IGF1R:6282.5, ARAF:6282.5, CALML3:6282.5, CDK4:10976, CALML5:11102, SHC2:12074, PIK3R3:12489, SHC4:12671, PIK3CB:12691, EGF:12763, CAMK2D:12869, BRAF:13081, E2F1:13388, PRKCB:13667, RAF1:13877, CALM2:15002","Herbivore",1
"KEGG_PROSTATE_CANCER",-0.0283568909846643,0.393848725755921,0.740927498559348,76,"PIK3R5:237, CREB3L4:398, IKBKG:445, FGFR2:1505, MAPK3:6282.5, AKT2:6282.5, CASP9:6282.5, TP53:6282.5, AKT1:6282.5, BCL2:6282.5, IGF1:6282.5, PDGFB:6282.5, PIK3R2:6282.5, PIK3CG:6282.5, SOS1:6282.5, PIK3CA:6282.5, CDK2:6282.5, PDPK1:6282.5, PIK3R1:6282.5, PDGFA:6282.5, MDM2:6282.5, MAP2K2:6282.5, RB1:6282.5, NFKBIA:6282.5, NFKB1:6282.5, RELA:6282.5, CHUK:6282.5, HSP90AA1:6282.5, ERBB2:6282.5, EGFR:6282.5, CREBBP:6282.5, TCF7:6282.5, GSK3B:6282.5, HSP90AB1:6282.5, SOS2:6282.5, CDKN1A:6282.5, FOXO1:6282.5, PIK3CD:6282.5, INS:6282.5, CCND1:6282.5, CDKN1B:6282.5, MTOR:6282.5, CCNE1:6282.5, CCNE2:6282.5, E2F3:6282.5, E2F2:6282.5, TGFA:6282.5, CREB3L3:6282.5, PDGFRB:6282.5, PDGFRA:6282.5, PDGFC:6282.5, PDGFD:6282.5, SRD5A2:6282.5, TCF7L2:6282.5, IGF1R:6282.5, ATF4:6282.5, CREB3:6282.5, CREB3L2:6282.5, ARAF:6282.5, INSRR:6282.5, CREB5:6282.5, EP300:11369, HSP90B1:12101, NKX3-1:12291, TCF7L1:12419, PIK3R3:12489, LEF1:12491, PIK3CB:12691, EGF:12763, BRAF:13081, E2F1:13388, BAD:13638, RAF1:13877, FGFR1:14005, CREB3L1:14162, IKBKB:14262","Unclear",0
"KEGG_BASAL_CELL_CARCINOMA",-0.0491607321009053,0.23454134017158,0.608457606229293,49,"GLI3:507, APC2:656, DVL1:806, STK36:860, AXIN2:1168, DVL2:1509, APC:6282.5, TP53:6282.5, TCF7:6282.5, GSK3B:6282.5, WNT1:6282.5, BMP4:6282.5, WNT3A:6282.5, SHH:6282.5, WNT10B:6282.5, AXIN1:6282.5, TCF7L2:6282.5, WNT16:6282.5, WNT8B:6282.5, WNT11:6282.5, FZD3:6282.5, WNT2:6282.5, WNT5B:6282.5, WNT6:6282.5, WNT2B:6282.5, WNT10A:6282.5, FZD7:6282.5, FZD1:6282.5, WNT9B:6282.5, FZD5:6282.5, FZD6:6282.5, FZD4:6282.5, FZD8:6282.5, FZD10:6282.5, PTCH1:6282.5, GLI2:6282.5, SUFU:6282.5, GLI1:6282.5, FZD9:11220, HHIP:11819, DVL3:11924, BMP2:12066, WNT8A:12286, TCF7L1:12419, LEF1:12491, WNT9A:12607, PTCH2:12863, WNT5A:12876, SMO:13839","Unclear",0
"KEGG_MELANOMA",-0.0194643881405882,0.611871674951283,0.854849423976206,57,"FGF8:76, PIK3R5:237, FGF21:594, FGF5:996, MAPK3:6282.5, AKT2:6282.5, TP53:6282.5, AKT1:6282.5, CDKN2A:6282.5, IGF1:6282.5, HGF:6282.5, PDGFB:6282.5, PIK3R2:6282.5, PIK3CG:6282.5, PIK3CA:6282.5, PIK3R1:6282.5, PDGFA:6282.5, MDM2:6282.5, FGF10:6282.5, FGF22:6282.5, FGF4:6282.5, FGF6:6282.5, FGF1:6282.5, FGF2:6282.5, FGF17:6282.5, FGF19:6282.5, MAP2K2:6282.5, RB1:6282.5, EGFR:6282.5, CDKN1A:6282.5, PIK3CD:6282.5, CCND1:6282.5, E2F3:6282.5, E2F2:6282.5, CDK6:6282.5, PDGFRB:6282.5, PDGFRA:6282.5, PDGFC:6282.5, PDGFD:6282.5, IGF1R:6282.5, MITF:6282.5, FGF11:6282.5, ARAF:6282.5, FGF7:10886, CDK4:10976, FGF20:11475, MET:12112, CDH1:12245, PIK3R3:12489, PIK3CB:12691, EGF:12763, BRAF:13081, E2F1:13388, BAD:13638, FGF23:13788, RAF1:13877, FGFR1:14005","Both",3
"KEGG_CHRONIC_MYELOID_LEUKEMIA",-0.0290868402379783,0.429189685748443,0.762393106802407,62,"CTBP2:223, PIK3R5:237, IKBKG:445, CBL:878, SHC1:997, SHC3:1588, PTPN11:6282.5, MAPK3:6282.5, AKT2:6282.5, TP53:6282.5, AKT1:6282.5, CDKN2A:6282.5, BCL2L1:6282.5, TGFB2:6282.5, ABL1:6282.5, PIK3R2:6282.5, PIK3CG:6282.5, SOS1:6282.5, TGFB3:6282.5, PIK3CA:6282.5, PIK3R1:6282.5, MDM2:6282.5, GAB2:6282.5, MAP2K2:6282.5, RB1:6282.5, NFKBIA:6282.5, NFKB1:6282.5, RELA:6282.5, CHUK:6282.5, STAT5A:6282.5, STAT5B:6282.5, SMAD4:6282.5, BCR:6282.5, SOS2:6282.5, CDKN1A:6282.5, MYC:6282.5, PIK3CD:6282.5, CCND1:6282.5, CDKN1B:6282.5, CBLB:6282.5, E2F3:6282.5, E2F2:6282.5, CDK6:6282.5, TGFBR1:6282.5, TGFBR2:6282.5, MECOM:6282.5, ARAF:6282.5, CBLC:6282.5, CDK4:10976, SHC2:12074, HDAC1:12354, PIK3R3:12489, SHC4:12671, PIK3CB:12691, BRAF:13081, TGFB1:13316, E2F1:13388, BAD:13638, RAF1:13877, IKBKB:14262, RUNX1:14469, CRKL:14514","Unclear",0
"KEGG_SMALL_CELL_LUNG_CANCER",-0.0805479976007719,0.0141525508228943,0.182264636669132,78,"BIRC3:75, LAMA5:104, PIK3R5:237, IKBKG:445, ITGA6:688, ITGA3:715, LAMA4:754, LAMB1:774, COL4A6:848, LAMB3:1056, LAMA2:1141, LAMC1:1230, LAMC2:1241, XIAP:1419, CDKN2B:1684, AKT2:6282.5, BIRC2:6282.5, APAF1:6282.5, TRAF2:6282.5, CASP9:6282.5, TP53:6282.5, AKT1:6282.5, PTK2:6282.5, BCL2L1:6282.5, BCL2:6282.5, ITGA2B:6282.5, PIK3R2:6282.5, PIK3CG:6282.5, PIK3CA:6282.5, CDK2:6282.5, PIK3R1:6282.5, ITGA2:6282.5, RB1:6282.5, NFKBIA:6282.5, NFKB1:6282.5, RELA:6282.5, CHUK:6282.5, RARB:6282.5, COL4A4:6282.5, COL4A2:6282.5, MYC:6282.5, PIK3CD:6282.5, RXRA:6282.5, COL4A1:6282.5, CCND1:6282.5, CDKN1B:6282.5, TRAF3:6282.5, TRAF6:6282.5, SKP2:6282.5, LAMA3:6282.5, LAMC3:6282.5, LAMB2:6282.5, CCNE1:6282.5, CCNE2:6282.5, E2F3:6282.5, E2F2:6282.5, CDK6:6282.5, RXRG:6282.5, RXRB:6282.5, TRAF1:6282.5, TRAF5:6282.5, TRAF4:6282.5, PIAS4:10793, CDK4:10976, FN1:11285, PIAS1:11372, PIAS3:11877, FHIT:11951, ITGAV:12046, NOS2:12071, ITGB1:12155, PIK3R3:12489, PIK3CB:12691, E2F1:13388, LAMA1:13901, IKBKB:14262, PIAS2:14335, PTGS2:14841","Both",3
"KEGG_NON_SMALL_CELL_LUNG_CANCER",-0.0197383553766532,0.640143506608517,0.863906244322722,47,"PIK3R5:237, PLCG1:1240, MAPK3:6282.5, AKT2:6282.5, CASP9:6282.5, TP53:6282.5, AKT1:6282.5, CDKN2A:6282.5, PIK3R2:6282.5, PIK3CG:6282.5, SOS1:6282.5, PIK3CA:6282.5, PRKCG:6282.5, PDPK1:6282.5, PIK3R1:6282.5, PRKCA:6282.5, PLCG2:6282.5, MAP2K2:6282.5, RB1:6282.5, FOXO3:6282.5, ERBB2:6282.5, EGFR:6282.5, RARB:6282.5, SOS2:6282.5, PIK3CD:6282.5, RXRA:6282.5, CCND1:6282.5, E2F3:6282.5, E2F2:6282.5, CDK6:6282.5, TGFA:6282.5, STK4:6282.5, RXRG:6282.5, RXRB:6282.5, ARAF:6282.5, RASSF5:6282.5, RASSF1:6282.5, CDK4:10976, FHIT:11951, PIK3R3:12489, PIK3CB:12691, EGF:12763, BRAF:13081, E2F1:13388, BAD:13638, PRKCB:13667, RAF1:13877","Unclear",0
"KEGG_ASTHMA",-0.00871154014043229,0.898230753522364,0.970347542600852,18,"PRG2:294, FCER1G:6282.5, CD40:6282.5, CD40LG:6282.5, IL5:6282.5, IL10:6282.5, IL9:6282.5, HLA-DPA1:6282.5, IL13:6282.5, HLA-DRA:6282.5, HLA-DMA:6282.5, HLA-DMB:6282.5, MS4A2:6282.5, FCER1A:6282.5, HLA-DOA:11601, IL4:13943, HLA-DOB:14119, TNF:14980","Both",3
"PID_FANCONI_PATHWAY",-0.104820859125868,0.0188974031468741,0.219197135818615,42,"FAAP100:156, BLM:414, TOP3A:519, RAD9A:1262, ATM:1269, HUS1:1427, FANCI:1449, RPA1:1675, MRE11:1742, RFC2:6282.5, RFC5:6282.5, RPA2:6282.5, RFC3:6282.5, RFC4:6282.5, BRCA1:6282.5, CHEK1:6282.5, NBN:6282.5, RAD50:6282.5, BRCA2:6282.5, RAD17:6282.5, ATRIP:6282.5, CENPS:6282.5, RMI1:6282.5, FANCD2:6282.5, PALB2:6282.5, XRCC3:6282.5, UBE2T:6282.5, FANCE:6282.5, FANCL:6282.5, FAAP24:6282.5, FANCB:6282.5, FANCF:6282.5, FANCA:6282.5, FAN1:6282.5, FANCG:6282.5, RAD1:10997, ATR:11303, TOPBP1:11392, BRIP1:11727, USP1:11974, FANCC:13215, FANCM:14383","Both",3
